run_id,method,instance,seed,generation,budget_policy,auto_population_size,auto_generations,auto_beam_width,auto_max_depth,auto_decode_budget,restart_index,batch_index,within_batch_index,decode_budget,candidate_id,parent_chromosome_id,depth,trace,status,rank,crowding_distance,selected,storage_total,pick_faces,interior_storage,retrieval_penalty,door_connectivity_index,access_anchor_connectivity_index,has_door_connected_aisle,has_access_anchor_connected_aisle,aisle_components,anchor_connected_components,unanchored_aisle_components,single_aisle_component,access_network_components,aisle_access_network_components,unreachable_aisle_components,unreachable_aisle_cells,has_access_anchor_reachable_aisle_network,exact_width_ok,exact_width_violation_count,chromosome_h_active_count,chromosome_v_active_count,active_h_count,active_v_count,chromosome_index,sorting_rule,sorting_rule_mode,bs_rule_policy,bs_weight_policy,uses_scalar_score,rho,beam_w1,beam_w2,beam_lambda,adaptive_weight_mode,mutation_operator,initialization_mode,initialization_spacing_mode,adaptive_spacing_used,feasible_h_start_count,feasible_v_start_count,adaptive_spacing_mode,adaptive_spacing_alpha,adaptive_spacing_bf,auto_params_used,parameter_source,beta_h,beta_v,h_active_starts,v_active_starts,terminal,safety_max_depth_reached,feasible,feasibility_reason,storage_block_count,chromosome_signature,layout_signature
proposed_nsga2_bs_Gyorgy-KOVACS_WH_Wide_AW_5_seed_116,proposed_nsga2_bs,Gyorgy-KOVACS_WH_Wide_AW_5,116,0,auto_from_instance,12,18,4,30,216,,,,,1,1,5,root > H:27 > BH:48 > BH:5 > BH:16 > BH:38,evaluated,4,inf,False,647,210,437,714.0,1.0,1.0,True,True,1,1,0,True,1,1,0,0,True,True,0,5,0,5,0,1,PF_RP,sampled_pool,,,False,0.05555555555555555,0.1,0.9444444444444444,0.1,adaptive,,random_feasible_start_no_adaptive_spacing,random_feasible_start_no_adaptive_spacing,False,42,11,feasible_start_adaptive_spacing,0.5,,True,auto_from_instance,0.75,0.35,27,,,,,,,"H[5,16,27,38,48]|V[]",64ddf4ef37d1976b3220332204bf4d5ada398f11
proposed_nsga2_bs_Gyorgy-KOVACS_WH_Wide_AW_5_seed_116,proposed_nsga2_bs,Gyorgy-KOVACS_WH_Wide_AW_5,116,0,auto_from_instance,12,18,4,30,216,,,,,2,1,5,root > H:27 > BH:48 > BH:5 > BH:16 > BH:36,evaluated,5,inf,False,647,210,437,756.0,1.0,1.0,True,True,1,1,0,True,1,1,0,0,True,True,0,5,0,5,0,1,PF_RP,sampled_pool,,,False,0.05555555555555555,0.1,0.9444444444444444,0.1,adaptive,,random_feasible_start_no_adaptive_spacing,random_feasible_start_no_adaptive_spacing,False,42,11,feasible_start_adaptive_spacing,0.5,,True,auto_from_instance,0.75,0.35,27,,,,,,,"H[5,16,27,36,48]|V[]",fd154ff7f7cb805c1b319c0dafa2ca17f1a9f8ee
proposed_nsga2_bs_Gyorgy-KOVACS_WH_Wide_AW_5_seed_116,proposed_nsga2_bs,Gyorgy-KOVACS_WH_Wide_AW_5,116,0,auto_from_instance,12,18,4,30,216,,,,,3,1,5,root > H:27 > BH:48 > BH:5 > BH:14 > BH:38,evaluated,5,inf,False,647,210,437,756.0,1.0,1.0,True,True,1,1,0,True,1,1,0,0,True,True,0,5,0,5,0,1,PF_RP,sampled_pool,,,False,0.05555555555555555,0.1,0.9444444444444444,0.1,adaptive,,random_feasible_start_no_adaptive_spacing,random_feasible_start_no_adaptive_spacing,False,42,11,feasible_start_adaptive_spacing,0.5,,True,auto_from_instance,0.75,0.35,27,,,,,,,"H[5,14,27,38,48]|V[]",9d1491c2e70a231cecc06528868b45c6e97d7883
proposed_nsga2_bs_Gyorgy-KOVACS_WH_Wide_AW_5_seed_116,proposed_nsga2_bs,Gyorgy-KOVACS_WH_Wide_AW_5,116,0,auto_from_instance,12,18,4,30,216,,,,,4,1,5,root > H:27 > BH:48 > BH:5 > BH:14 > BH:36,evaluated,6,inf,False,647,210,437,798.0,1.0,1.0,True,True,1,1,0,True,1,1,0,0,True,True,0,5,0,5,0,1,PF_RP,sampled_pool,,,False,0.05555555555555555,0.1,0.9444444444444444,0.1,adaptive,,random_feasible_start_no_adaptive_spacing,random_feasible_start_no_adaptive_spacing,False,42,11,feasible_start_adaptive_spacing,0.5,,True,auto_from_instance,0.75,0.35,27,,,,,,,"H[5,14,27,36,48]|V[]",a6de8c9ed9456afa13fbb0d739431ccf373dc285
proposed_nsga2_bs_Gyorgy-KOVACS_WH_Wide_AW_5_seed_116,proposed_nsga2_bs,Gyorgy-KOVACS_WH_Wide_AW_5,116,0,auto_from_instance,12,18,4,30,216,,,,,5,2,8,root > V:15 > BH:26 > BH:7 > BH:16 > BH:25 > BH:36 > BH:45 > BV:24,selected,1,inf,True,497,247,250,567.0,1.0,1.0,True,True,1,1,0,True,1,1,0,0,True,True,0,8,3,8,3,2,LS,sampled_pool,,,False,0.05555555555555555,0.1,0.9444444444444444,0.1,adaptive,,random_feasible_start_no_adaptive_spacing,random_feasible_start_no_adaptive_spacing,False,42,11,feasible_start_adaptive_spacing,0.5,,True,auto_from_instance,0.75,0.35,"9,45,50","15,20",,,,,,"H[7,9,16,25,26,36,45,50]|V[15,20,24]",bad25caaf4e753481b1b798360caa6634ad939f7
proposed_nsga2_bs_Gyorgy-KOVACS_WH_Wide_AW_5_seed_116,proposed_nsga2_bs,Gyorgy-KOVACS_WH_Wide_AW_5,116,0,auto_from_instance,12,18,4,30,216,,,,,6,2,8,root > V:15 > BH:26 > BH:5 > BH:16 > BH:25 > BH:36 > BH:45 > BV:24,selected,0,inf,True,497,247,250,385.0,1.0,1.0,True,True,1,1,0,True,1,1,0,0,True,True,0,8,3,8,3,2,LS,sampled_pool,,,False,0.05555555555555555,0.1,0.9444444444444444,0.1,adaptive,,random_feasible_start_no_adaptive_spacing,random_feasible_start_no_adaptive_spacing,False,42,11,feasible_start_adaptive_spacing,0.5,,True,auto_from_instance,0.75,0.35,"9,45,50","15,20",,,,,,"H[5,9,16,25,26,36,45,50]|V[15,20,24]",416c9c0e4f9e06143d78fee04cbc7a8d1c4800ad
proposed_nsga2_bs_Gyorgy-KOVACS_WH_Wide_AW_5_seed_116,proposed_nsga2_bs,Gyorgy-KOVACS_WH_Wide_AW_5,116,0,auto_from_instance,12,18,4,30,216,,,,,7,3,5,root > H:49 > BH:25 > BH:5 > BH:38 > BH:16,evaluated,3,1.351805848501419,False,647,210,437,651.0,1.0,1.0,True,True,1,1,0,True,1,1,0,0,True,True,0,5,2,5,2,3,RP,sampled_pool,,,False,0.05555555555555555,0.1,0.9444444444444444,0.1,adaptive,,random_feasible_start_no_adaptive_spacing,random_feasible_start_no_adaptive_spacing,False,42,11,feasible_start_adaptive_spacing,0.5,,True,auto_from_instance,0.75,0.35,49,"17,28",,,,,,"H[5,16,25,38,49]|V[17,28]",2259d31997e71221d1b0aa23cec3ba6a9d49c0c4
proposed_nsga2_bs_Gyorgy-KOVACS_WH_Wide_AW_5_seed_116,proposed_nsga2_bs,Gyorgy-KOVACS_WH_Wide_AW_5,116,0,auto_from_instance,12,18,4,30,216,,,,,8,3,5,root > H:49 > BH:25 > BH:5 > BH:36 > BH:16,evaluated,3,0.0,False,647,210,437,651.0,1.0,1.0,True,True,1,1,0,True,1,1,0,0,True,True,0,5,2,5,2,3,RP,sampled_pool,,,False,0.05555555555555555,0.1,0.9444444444444444,0.1,adaptive,,random_feasible_start_no_adaptive_spacing,random_feasible_start_no_adaptive_spacing,False,42,11,feasible_start_adaptive_spacing,0.5,,True,auto_from_instance,0.75,0.35,49,"17,28",,,,,,"H[5,16,25,36,49]|V[17,28]",0ca31280436cffc838c4aa249bfff81dd1740cc5
proposed_nsga2_bs_Gyorgy-KOVACS_WH_Wide_AW_5_seed_116,proposed_nsga2_bs,Gyorgy-KOVACS_WH_Wide_AW_5,116,0,auto_from_instance,12,18,4,30,216,,,,,9,3,5,root > H:49 > BH:25 > BH:5 > BH:38 > BH:14,evaluated,3,0.0,False,647,210,437,651.0,1.0,1.0,True,True,1,1,0,True,1,1,0,0,True,True,0,5,2,5,2,3,RP,sampled_pool,,,False,0.05555555555555555,0.1,0.9444444444444444,0.1,adaptive,,random_feasible_start_no_adaptive_spacing,random_feasible_start_no_adaptive_spacing,False,42,11,feasible_start_adaptive_spacing,0.5,,True,auto_from_instance,0.75,0.35,49,"17,28",,,,,,"H[5,14,25,38,49]|V[17,28]",d21edeb9806119af3d7982a24a05d5643a33b3fa
proposed_nsga2_bs_Gyorgy-KOVACS_WH_Wide_AW_5_seed_116,proposed_nsga2_bs,Gyorgy-KOVACS_WH_Wide_AW_5,116,0,auto_from_instance,12,18,4,30,216,,,,,10,3,5,root > H:49 > BH:25 > BH:5 > BH:36 > BH:14,selected,3,inf,True,647,210,437,651.0,1.0,1.0,True,True,1,1,0,True,1,1,0,0,True,True,0,5,2,5,2,3,RP,sampled_pool,,,False,0.05555555555555555,0.1,0.9444444444444444,0.1,adaptive,,random_feasible_start_no_adaptive_spacing,random_feasible_start_no_adaptive_spacing,False,42,11,feasible_start_adaptive_spacing,0.5,,True,auto_from_instance,0.75,0.35,49,"17,28",,,,,,"H[5,14,25,36,49]|V[17,28]",82aaee3093fb47a7e2224d923730d3887345eb05
proposed_nsga2_bs_Gyorgy-KOVACS_WH_Wide_AW_5_seed_116,proposed_nsga2_bs,Gyorgy-KOVACS_WH_Wide_AW_5,116,0,auto_from_instance,12,18,4,30,216,,,,,11,4,6,root > H:14 > BH:25 > BH:48 > BH:38 > BV:19 > BH:5,selected,3,1.6481941514985807,True,637,203,434,698.0,1.0,1.0,True,True,1,1,0,True,1,1,0,0,True,True,0,6,1,6,1,4,PF_RP,sampled_pool,,,False,0.05555555555555555,0.1,0.9444444444444444,0.1,adaptive,,random_feasible_start_no_adaptive_spacing,random_feasible_start_no_adaptive_spacing,False,42,11,feasible_start_adaptive_spacing,0.5,,True,auto_from_instance,0.75,0.35,"14,40",,,,,,,"H[5,14,25,38,40,48]|V[19]",525c67a80714178c278abcf41965dabc5b9dacb0
proposed_nsga2_bs_Gyorgy-KOVACS_WH_Wide_AW_5_seed_116,proposed_nsga2_bs,Gyorgy-KOVACS_WH_Wide_AW_5,116,0,auto_from_instance,12,18,4,30,216,,,,,12,4,6,root > H:14 > BH:25 > BH:48 > BH:38 > BV:21 > BH:5,evaluated,6,inf,False,647,197,450,743.0,1.0,1.0,True,True,1,1,0,True,1,1,0,0,True,True,0,6,1,6,1,4,PF_RP,sampled_pool,,,False,0.05555555555555555,0.1,0.9444444444444444,0.1,adaptive,,random_feasible_start_no_adaptive_spacing,random_feasible_start_no_adaptive_spacing,False,42,11,feasible_start_adaptive_spacing,0.5,,True,auto_from_instance,0.75,0.35,"14,40",,,,,,,"H[5,14,25,38,40,48]|V[21]",1775993d46709ac81d5930693360853b01c62b0d
proposed_nsga2_bs_Gyorgy-KOVACS_WH_Wide_AW_5_seed_116,proposed_nsga2_bs,Gyorgy-KOVACS_WH_Wide_AW_5,116,0,auto_from_instance,12,18,4,30,216,,,,,13,5,4,root > V:29 > BH:26 > BV:19 > BV:19,selected,1,inf,True,557,202,355,408.0,1.0,1.0,True,True,1,1,0,True,1,1,0,0,True,True,0,1,4,1,4,5,LS_SS,sampled_pool,,,True,0.05555555555555555,0.1,0.9444444444444444,0.1,adaptive,,random_feasible_start_no_adaptive_spacing,random_feasible_start_no_adaptive_spacing,False,42,11,feasible_start_adaptive_spacing,0.5,,True,auto_from_instance,0.75,0.35,,"21,28,29",,,,,,"H[26]|V[19,21,28,29]",225a083d40a70add6d49c842c1ea1b7da9e91627
proposed_nsga2_bs_Gyorgy-KOVACS_WH_Wide_AW_5_seed_116,proposed_nsga2_bs,Gyorgy-KOVACS_WH_Wide_AW_5,116,0,auto_from_instance,12,18,4,30,216,,,,,14,5,4,root > V:29 > BH:26 > BV:19 > BV:17,selected,2,inf,True,557,202,355,458.0,1.0,1.0,True,True,1,1,0,True,1,1,0,0,True,True,0,1,5,1,5,5,LS_SS,sampled_pool,,,True,0.05555555555555555,0.1,0.9444444444444444,0.1,adaptive,,random_feasible_start_no_adaptive_spacing,random_feasible_start_no_adaptive_spacing,False,42,11,feasible_start_adaptive_spacing,0.5,,True,auto_from_instance,0.75,0.35,,"21,28,29",,,,,,"H[26]|V[17,19,21,28,29]",f590e28c4ca08f01adba87c9244bc357b1edb9bd
proposed_nsga2_bs_Gyorgy-KOVACS_WH_Wide_AW_5_seed_116,proposed_nsga2_bs,Gyorgy-KOVACS_WH_Wide_AW_5,116,0,auto_from_instance,12,18,4,30,216,,,,,15,5,4,root > V:29 > BH:26 > BV:17 > BV:19,selected,3,inf,True,557,202,355,460.0,1.0,1.0,True,True,1,1,0,True,1,1,0,0,True,True,0,1,5,1,5,5,LS_SS,sampled_pool,,,True,0.05555555555555555,0.1,0.9444444444444444,0.1,adaptive,,random_feasible_start_no_adaptive_spacing,random_feasible_start_no_adaptive_spacing,False,42,11,feasible_start_adaptive_spacing,0.5,,True,auto_from_instance,0.75,0.35,,"21,28,29",,,,,,"H[26]|V[17,19,21,28,29]",0ccd7482bc13afbeac630bd0faf7012fe4b70f5c
proposed_nsga2_bs_Gyorgy-KOVACS_WH_Wide_AW_5_seed_116,proposed_nsga2_bs,Gyorgy-KOVACS_WH_Wide_AW_5,116,0,auto_from_instance,12,18,4,30,216,,,,,16,5,4,root > V:29 > BH:26 > BV:17 > BV:17,evaluated,4,inf,False,557,202,355,510.0,1.0,1.0,True,True,1,1,0,True,1,1,0,0,True,True,0,1,4,1,4,5,LS_SS,sampled_pool,,,True,0.05555555555555555,0.1,0.9444444444444444,0.1,adaptive,,random_feasible_start_no_adaptive_spacing,random_feasible_start_no_adaptive_spacing,False,42,11,feasible_start_adaptive_spacing,0.5,,True,auto_from_instance,0.75,0.35,,"21,28,29",,,,,,"H[26]|V[17,21,28,29]",01a64afdd46edf4dc6b60538f107b837ec4162f0
proposed_nsga2_bs_Gyorgy-KOVACS_WH_Wide_AW_5_seed_116,proposed_nsga2_bs,Gyorgy-KOVACS_WH_Wide_AW_5,116,0,auto_from_instance,12,18,4,30,216,,,,,17,6,7,root > V:17 > BH:26 > BH:7 > BH:16 > BH:25 > BH:36 > BH:47,selected,2,inf,True,572,220,352,663.0,1.0,1.0,True,True,1,1,0,True,1,1,0,0,True,True,0,7,3,7,3,6,PF_LS,sampled_pool,,,False,0.05555555555555555,0.1,0.9444444444444444,0.1,adaptive,,random_feasible_start_no_adaptive_spacing,random_feasible_start_no_adaptive_spacing,False,42,11,feasible_start_adaptive_spacing,0.5,,True,auto_from_instance,0.75,0.35,44,"17,20,21",,,,,,"H[7,16,25,26,36,44,47]|V[17,20,21]",61426df39d9f05da4c561d5073d32a1cf777516d
proposed_nsga2_bs_Gyorgy-KOVACS_WH_Wide_AW_5_seed_116,proposed_nsga2_bs,Gyorgy-KOVACS_WH_Wide_AW_5,116,0,auto_from_instance,12,18,4,30,216,,,,,18,6,7,root > V:17 > BH:26 > BH:7 > BH:16 > BH:25 > BH:36 > BH:45,evaluated,4,inf,False,572,220,352,867.0,1.0,1.0,True,True,1,1,0,True,1,1,0,0,True,True,0,7,3,7,3,6,PF_LS,sampled_pool,,,False,0.05555555555555555,0.1,0.9444444444444444,0.1,adaptive,,random_feasible_start_no_adaptive_spacing,random_feasible_start_no_adaptive_spacing,False,42,11,feasible_start_adaptive_spacing,0.5,,True,auto_from_instance,0.75,0.35,44,"17,20,21",,,,,,"H[7,16,25,26,36,44,45]|V[17,20,21]",90295bddff4683947eef98c9cba63e2b098e11a6
proposed_nsga2_bs_Gyorgy-KOVACS_WH_Wide_AW_5_seed_116,proposed_nsga2_bs,Gyorgy-KOVACS_WH_Wide_AW_5,116,0,auto_from_instance,12,18,4,30,216,,,,,19,6,7,root > V:17 > BH:26 > BH:5 > BH:16 > BH:25 > BH:36 > BH:47,selected,1,1.6527702905061394,True,572,220,352,507.0,1.0,1.0,True,True,1,1,0,True,1,1,0,0,True,True,0,7,3,7,3,6,PF_LS,sampled_pool,,,False,0.05555555555555555,0.1,0.9444444444444444,0.1,adaptive,,random_feasible_start_no_adaptive_spacing,random_feasible_start_no_adaptive_spacing,False,42,11,feasible_start_adaptive_spacing,0.5,,True,auto_from_instance,0.75,0.35,44,"17,20,21",,,,,,"H[5,16,25,26,36,44,47]|V[17,20,21]",173dd91401b4b71d9f20edd9e83506be465b9528
proposed_nsga2_bs_Gyorgy-KOVACS_WH_Wide_AW_5_seed_116,proposed_nsga2_bs,Gyorgy-KOVACS_WH_Wide_AW_5,116,0,auto_from_instance,12,18,4,30,216,,,,,20,6,7,root > V:17 > BH:26 > BH:5 > BH:16 > BH:25 > BH:36 > BH:45,selected,3,inf,True,572,220,352,711.0,1.0,1.0,True,True,1,1,0,True,1,1,0,0,True,True,0,7,3,7,3,6,PF_LS,sampled_pool,,,False,0.05555555555555555,0.1,0.9444444444444444,0.1,adaptive,,random_feasible_start_no_adaptive_spacing,random_feasible_start_no_adaptive_spacing,False,42,11,feasible_start_adaptive_spacing,0.5,,True,auto_from_instance,0.75,0.35,44,"17,20,21",,,,,,"H[5,16,25,26,36,44,45]|V[17,20,21]",854ec9b997ec508dda6ea9e399147d7a4b626ba8
proposed_nsga2_bs_Gyorgy-KOVACS_WH_Wide_AW_5_seed_116,proposed_nsga2_bs,Gyorgy-KOVACS_WH_Wide_AW_5,116,0,auto_from_instance,12,18,4,30,216,,,,,21,7,7,root > V:21 > BH:26 > BH:5 > BH:16 > BH:25 > BH:36 > BH:47,evaluated,7,inf,False,652,180,472,763.0,1.0,1.0,True,True,1,1,0,True,1,1,0,0,True,True,0,6,2,6,2,7,SS,sampled_pool,,,True,0.05555555555555555,0.1188411425244686,0.9444444444444444,0.1,adaptive,,random_feasible_start_no_adaptive_spacing,random_feasible_start_no_adaptive_spacing,False,42,11,feasible_start_adaptive_spacing,0.5,,True,auto_from_instance,0.75,0.35,,"18,21",,,,,,"H[5,16,25,26,36,47]|V[18,21]",01a90fb20467da592e93711ac8a849c3053fcfd6
proposed_nsga2_bs_Gyorgy-KOVACS_WH_Wide_AW_5_seed_116,proposed_nsga2_bs,Gyorgy-KOVACS_WH_Wide_AW_5,116,0,auto_from_instance,12,18,4,30,216,,,,,22,7,7,root > V:21 > BH:26 > BH:5 > BH:14 > BH:25 > BH:36 > BH:47,evaluated,7,inf,False,652,180,472,763.0,1.0,1.0,True,True,1,1,0,True,1,1,0,0,True,True,0,6,2,6,2,7,SS,sampled_pool,,,True,0.05555555555555555,0.1188411425244686,0.9444444444444444,0.1,adaptive,,random_feasible_start_no_adaptive_spacing,random_feasible_start_no_adaptive_spacing,False,42,11,feasible_start_adaptive_spacing,0.5,,True,auto_from_instance,0.75,0.35,,"18,21",,,,,,"H[5,14,25,26,36,47]|V[18,21]",1958a387e19298fbb01706dd6afdd7339df9d6ae
proposed_nsga2_bs_Gyorgy-KOVACS_WH_Wide_AW_5_seed_116,proposed_nsga2_bs,Gyorgy-KOVACS_WH_Wide_AW_5,116,0,auto_from_instance,12,18,4,30,216,,,,,23,7,7,root > V:21 > BH:26 > BH:7 > BH:16 > BH:25 > BH:36 > BH:47,evaluated,8,inf,False,652,180,472,867.0,1.0,1.0,True,True,1,1,0,True,1,1,0,0,True,True,0,6,2,6,2,7,SS,sampled_pool,,,True,0.05555555555555555,0.1188411425244686,0.9444444444444444,0.1,adaptive,,random_feasible_start_no_adaptive_spacing,random_feasible_start_no_adaptive_spacing,False,42,11,feasible_start_adaptive_spacing,0.5,,True,auto_from_instance,0.75,0.35,,"18,21",,,,,,"H[7,16,25,26,36,47]|V[18,21]",b7080d9cb61c36aedc6f73cfe3724fe27e5ce9c6
proposed_nsga2_bs_Gyorgy-KOVACS_WH_Wide_AW_5_seed_116,proposed_nsga2_bs,Gyorgy-KOVACS_WH_Wide_AW_5,116,0,auto_from_instance,12,18,4,30,216,,,,,24,7,7,root > V:21 > BH:26 > BH:5 > BH:16 > BH:25 > BH:36 > BH:45,evaluated,9,inf,False,652,180,472,899.0,1.0,1.0,True,True,1,1,0,True,1,1,0,0,True,True,0,6,2,6,2,7,SS,sampled_pool,,,True,0.05555555555555555,0.1188411425244686,0.9444444444444444,0.1,adaptive,,random_feasible_start_no_adaptive_spacing,random_feasible_start_no_adaptive_spacing,False,42,11,feasible_start_adaptive_spacing,0.5,,True,auto_from_instance,0.75,0.35,,"18,21",,,,,,"H[5,16,25,26,36,45]|V[18,21]",8e88c0c464d5e2054bb58e24df478d0e262d6485
proposed_nsga2_bs_Gyorgy-KOVACS_WH_Wide_AW_5_seed_116,proposed_nsga2_bs,Gyorgy-KOVACS_WH_Wide_AW_5,116,0,auto_from_instance,12,18,4,30,216,,,,,25,8,8,root > V:18 > BH:26 > BH:7 > BH:16 > BH:25 > BH:36 > BH:45 > BV:29,selected,2,inf,True,557,213,344,584.0,1.0,1.0,True,True,1,1,0,True,1,1,0,0,True,True,0,6,2,6,2,8,PF_LS,sampled_pool,,,False,0.05555555555555555,0.12694506497730942,0.9444444444444444,0.1,adaptive,,random_feasible_start_no_adaptive_spacing,random_feasible_start_no_adaptive_spacing,False,42,11,feasible_start_adaptive_spacing,0.5,,True,auto_from_instance,0.75,0.35,,18,,,,,,"H[7,16,25,26,36,45]|V[18,29]",ca6056164ee367eba08d7b33e7aaac0e0cb070b3
proposed_nsga2_bs_Gyorgy-KOVACS_WH_Wide_AW_5_seed_116,proposed_nsga2_bs,Gyorgy-KOVACS_WH_Wide_AW_5,116,0,auto_from_instance,12,18,4,30,216,,,,,26,8,8,root > V:18 > BH:26 > BH:5 > BH:16 > BH:25 > BH:36 > BH:45 > BV:29,selected,1,1.9940700808625338,True,557,213,344,441.0,1.0,1.0,True,True,1,1,0,True,1,1,0,0,True,True,0,6,2,6,2,8,PF_LS,sampled_pool,,,False,0.05555555555555555,0.12694506497730942,0.9444444444444444,0.1,adaptive,,random_feasible_start_no_adaptive_spacing,random_feasible_start_no_adaptive_spacing,False,42,11,feasible_start_adaptive_spacing,0.5,,True,auto_from_instance,0.75,0.35,,18,,,,,,"H[5,16,25,26,36,45]|V[18,29]",71364ffd26b39e09575fe06f8735f14e38505286
proposed_nsga2_bs_Gyorgy-KOVACS_WH_Wide_AW_5_seed_116,proposed_nsga2_bs,Gyorgy-KOVACS_WH_Wide_AW_5,116,0,auto_from_instance,12,18,4,30,216,,,,,27,9,6,root > H:4 > BH:15 > BH:26 > BH:45 > BH:35 > BV:17,evaluated,4,1.3829131652661064,False,612,213,399,796.0,1.0,1.0,True,True,1,1,0,True,1,1,0,0,True,True,0,6,2,6,2,9,PF_LS,sampled_pool,,,False,0.05555555555555555,0.1,0.9444444444444444,0.1,adaptive,,random_feasible_start_no_adaptive_spacing,random_feasible_start_no_adaptive_spacing,False,42,11,feasible_start_adaptive_spacing,0.5,,True,auto_from_instance,0.75,0.35,"4,29,45",28,,,,,,"H[4,15,26,29,35,45]|V[17,28]",a531bf3be3b802d1c7e35697e10b613e7815882a
proposed_nsga2_bs_Gyorgy-KOVACS_WH_Wide_AW_5_seed_116,proposed_nsga2_bs,Gyorgy-KOVACS_WH_Wide_AW_5,116,0,auto_from_instance,12,18,4,30,216,,,,,28,9,6,root > H:4 > BH:15 > BH:26 > BH:45 > BH:35 > BV:19,evaluated,4,0.8434173669467787,False,612,211,401,745.0,1.0,1.0,True,True,1,1,0,True,1,1,0,0,True,True,0,6,2,6,2,9,PF_LS,sampled_pool,,,False,0.05555555555555555,0.1,0.9444444444444444,0.1,adaptive,,random_feasible_start_no_adaptive_spacing,random_feasible_start_no_adaptive_spacing,False,42,11,feasible_start_adaptive_spacing,0.5,,True,auto_from_instance,0.75,0.35,"4,29,45",28,,,,,,"H[4,15,26,29,35,45]|V[19,28]",9a687be884efb8a3623ce8e2dff888815e07bebc
proposed_nsga2_bs_Gyorgy-KOVACS_WH_Wide_AW_5_seed_116,proposed_nsga2_bs,Gyorgy-KOVACS_WH_Wide_AW_5,116,0,auto_from_instance,12,18,4,30,216,,,,,29,9,6,root > H:4 > BH:15 > BH:26 > BH:45 > BH:35 > BV:25,evaluated,5,inf,False,612,206,406,852.0,1.0,1.0,True,True,1,1,0,True,1,1,0,0,True,True,0,6,2,6,2,9,PF_LS,sampled_pool,,,False,0.05555555555555555,0.1,0.9444444444444444,0.1,adaptive,,random_feasible_start_no_adaptive_spacing,random_feasible_start_no_adaptive_spacing,False,42,11,feasible_start_adaptive_spacing,0.5,,True,auto_from_instance,0.75,0.35,"4,29,45",28,,,,,,"H[4,15,26,29,35,45]|V[25,28]",37d30509e2a5354094ab01c8e49c6c363f711f52
proposed_nsga2_bs_Gyorgy-KOVACS_WH_Wide_AW_5_seed_116,proposed_nsga2_bs,Gyorgy-KOVACS_WH_Wide_AW_5,116,0,auto_from_instance,12,18,4,30,216,,,,,30,9,6,root > H:4 > BH:15 > BH:26 > BH:45 > BH:35 > BV:23,evaluated,6,inf,False,612,204,408,892.0,1.0,1.0,True,True,1,1,0,True,1,1,0,0,True,True,0,6,2,6,2,9,PF_LS,sampled_pool,,,False,0.05555555555555555,0.1,0.9444444444444444,0.1,adaptive,,random_feasible_start_no_adaptive_spacing,random_feasible_start_no_adaptive_spacing,False,42,11,feasible_start_adaptive_spacing,0.5,,True,auto_from_instance,0.75,0.35,"4,29,45",28,,,,,,"H[4,15,26,29,35,45]|V[23,28]",2ae0340b96a50f8e69abe887c370a42f14e229a5
proposed_nsga2_bs_Gyorgy-KOVACS_WH_Wide_AW_5_seed_116,proposed_nsga2_bs,Gyorgy-KOVACS_WH_Wide_AW_5,116,0,auto_from_instance,12,18,4,30,216,,,,,31,10,7,root > V:19 > BH:26 > BH:5 > BH:16 > BH:25 > BH:36 > BH:47,evaluated,5,inf,False,612,200,412,584.0,1.0,1.0,True,True,1,1,0,True,1,1,0,0,True,True,0,7,3,7,3,10,PF_LS,sampled_pool,,,False,0.05555555555555555,0.1,0.9444444444444444,0.1,adaptive,,random_feasible_start_no_adaptive_spacing,random_feasible_start_no_adaptive_spacing,False,42,11,feasible_start_adaptive_spacing,0.5,,True,auto_from_instance,0.75,0.35,"25,26,46","14,19,20",,,,,,"H[5,16,25,26,36,46,47]|V[14,19,20]",739f9ec08bf9c56e734297604911aa2f937b0b31
proposed_nsga2_bs_Gyorgy-KOVACS_WH_Wide_AW_5_seed_116,proposed_nsga2_bs,Gyorgy-KOVACS_WH_Wide_AW_5,116,0,auto_from_instance,12,18,4,30,216,,,,,32,10,7,root > V:19 > BH:26 > BH:5 > BH:16 > BH:25 > BH:36 > BH:45,evaluated,6,0.47675590628610764,False,612,200,412,754.0,1.0,1.0,True,True,1,1,0,True,1,1,0,0,True,True,0,7,3,7,3,10,PF_LS,sampled_pool,,,False,0.05555555555555555,0.1,0.9444444444444444,0.1,adaptive,,random_feasible_start_no_adaptive_spacing,random_feasible_start_no_adaptive_spacing,False,42,11,feasible_start_adaptive_spacing,0.5,,True,auto_from_instance,0.75,0.35,"25,26,46","14,19,20",,,,,,"H[5,16,25,26,36,45,46]|V[14,19,20]",16ed0ad93ee066fd151d5116addbd94cd12b2a32
proposed_nsga2_bs_Gyorgy-KOVACS_WH_Wide_AW_5_seed_116,proposed_nsga2_bs,Gyorgy-KOVACS_WH_Wide_AW_5,116,0,auto_from_instance,12,18,4,30,216,,,,,33,10,7,root > V:19 > BH:26 > BH:5 > BH:14 > BH:25 > BH:36 > BH:47,evaluated,5,1.2453802416488984,False,612,200,412,584.0,1.0,1.0,True,True,1,1,0,True,1,1,0,0,True,True,0,7,3,7,3,10,PF_LS,sampled_pool,,,False,0.05555555555555555,0.1,0.9444444444444444,0.1,adaptive,,random_feasible_start_no_adaptive_spacing,random_feasible_start_no_adaptive_spacing,False,42,11,feasible_start_adaptive_spacing,0.5,,True,auto_from_instance,0.75,0.35,"25,26,46","14,19,20",,,,,,"H[5,14,25,26,36,46,47]|V[14,19,20]",18779af2d0583f313025ada9a3c164bb18de6a6f
proposed_nsga2_bs_Gyorgy-KOVACS_WH_Wide_AW_5_seed_116,proposed_nsga2_bs,Gyorgy-KOVACS_WH_Wide_AW_5,116,0,auto_from_instance,12,18,4,30,216,,,,,34,10,7,root > V:19 > BH:26 > BH:5 > BH:14 > BH:25 > BH:36 > BH:45,evaluated,6,1.1213093394301448,False,612,200,412,754.0,1.0,1.0,True,True,1,1,0,True,1,1,0,0,True,True,0,7,3,7,3,10,PF_LS,sampled_pool,,,False,0.05555555555555555,0.1,0.9444444444444444,0.1,adaptive,,random_feasible_start_no_adaptive_spacing,random_feasible_start_no_adaptive_spacing,False,42,11,feasible_start_adaptive_spacing,0.5,,True,auto_from_instance,0.75,0.35,"25,26,46","14,19,20",,,,,,"H[5,14,25,26,36,45,46]|V[14,19,20]",e3a802ef145afaa17bc3eca719e3ef8051b94b10
proposed_nsga2_bs_Gyorgy-KOVACS_WH_Wide_AW_5_seed_116,proposed_nsga2_bs,Gyorgy-KOVACS_WH_Wide_AW_5,116,0,auto_from_instance,12,18,4,30,216,,,,,35,11,8,root > V:20 > BH:26 > BH:5 > BH:16 > BH:25 > BH:36 > BH:45 > BV:29,evaluated,5,inf,False,597,195,402,637.0,1.0,1.0,True,True,1,1,0,True,1,1,0,0,True,True,0,8,3,8,3,11,SS,sampled_pool,,,True,0.05555555555555555,0.1,0.9444444444444444,0.1,adaptive,,random_feasible_start_no_adaptive_spacing,random_feasible_start_no_adaptive_spacing,False,42,11,feasible_start_adaptive_spacing,0.5,,True,auto_from_instance,0.75,0.35,"6,49","20,21",,,,,,"H[5,6,16,25,26,36,45,49]|V[20,21,29]",981dc6fd2903ad3086847d3b1f7d62614b0319bd
proposed_nsga2_bs_Gyorgy-KOVACS_WH_Wide_AW_5_seed_116,proposed_nsga2_bs,Gyorgy-KOVACS_WH_Wide_AW_5,116,0,auto_from_instance,12,18,4,30,216,,,,,36,12,5,root > H:23 > BH:13 > BH:48 > BH:38 > BV:25,evaluated,8,inf,False,692,181,511,1101.0,1.0,1.0,True,True,1,1,0,True,1,1,0,0,True,True,0,4,2,4,2,12,PF,sampled_pool,,,False,0.05555555555555555,0.1,0.9444444444444444,0.1,adaptive,,random_feasible_start_no_adaptive_spacing,random_feasible_start_no_adaptive_spacing,False,42,11,feasible_start_adaptive_spacing,0.5,,True,auto_from_instance,0.75,0.35,23,28,,,,,,"H[13,23,38,48]|V[25,28]",d4c1205c54e518e33284b8087e47c097afd5c968
proposed_nsga2_bs_Gyorgy-KOVACS_WH_Wide_AW_5_seed_116,proposed_nsga2_bs,Gyorgy-KOVACS_WH_Wide_AW_5,116,0,auto_from_instance,12,18,4,30,216,,,,,37,12,5,root > H:23 > BH:13 > BH:48 > BH:36 > BV:25,evaluated,7,inf,False,692,181,511,1059.0,1.0,1.0,True,True,1,1,0,True,1,1,0,0,True,True,0,4,2,4,2,12,PF,sampled_pool,,,False,0.05555555555555555,0.1,0.9444444444444444,0.1,adaptive,,random_feasible_start_no_adaptive_spacing,random_feasible_start_no_adaptive_spacing,False,42,11,feasible_start_adaptive_spacing,0.5,,True,auto_from_instance,0.75,0.35,23,28,,,,,,"H[13,23,36,48]|V[25,28]",574ceb4d221f8d0c598b27df28e634829d60bd6e
proposed_nsga2_bs_Gyorgy-KOVACS_WH_Wide_AW_5_seed_116,proposed_nsga2_bs,Gyorgy-KOVACS_WH_Wide_AW_5,116,0,auto_from_instance,12,18,4,30,216,,,,,38,12,5,root > H:23 > BH:13 > BH:46 > BH:36 > BV:25,evaluated,10,inf,False,692,181,511,1290.0,1.0,1.0,True,True,1,1,0,True,1,1,0,0,True,True,0,4,2,4,2,12,PF,sampled_pool,,,False,0.05555555555555555,0.1,0.9444444444444444,0.1,adaptive,,random_feasible_start_no_adaptive_spacing,random_feasible_start_no_adaptive_spacing,False,42,11,feasible_start_adaptive_spacing,0.5,,True,auto_from_instance,0.75,0.35,23,28,,,,,,"H[13,23,36,46]|V[25,28]",fc7cd1400952cdff273e152bf48ec96e5315d84b
proposed_nsga2_bs_Gyorgy-KOVACS_WH_Wide_AW_5_seed_116,proposed_nsga2_bs,Gyorgy-KOVACS_WH_Wide_AW_5,116,0,auto_from_instance,12,18,4,30,216,,,,,39,12,5,root > H:23 > BH:13 > BH:48 > BH:38 > BV:23,evaluated,9,inf,False,692,181,511,1185.0,1.0,1.0,True,True,1,1,0,True,1,1,0,0,True,True,0,4,2,4,2,12,PF,sampled_pool,,,False,0.05555555555555555,0.1,0.9444444444444444,0.1,adaptive,,random_feasible_start_no_adaptive_spacing,random_feasible_start_no_adaptive_spacing,False,42,11,feasible_start_adaptive_spacing,0.5,,True,auto_from_instance,0.75,0.35,23,28,,,,,,"H[13,23,38,48]|V[23,28]",5dc45312be343779b2eb5135379c50523a4bb2eb
proposed_nsga2_bs_Gyorgy-KOVACS_WH_Wide_AW_5_seed_116,proposed_nsga2_bs,Gyorgy-KOVACS_WH_Wide_AW_5,116,1,auto_from_instance,12,18,4,30,216,,,,,1,1,8,root > V:20 > BH:26 > BH:5 > BH:14 > BH:23 > BH:36 > BH:45 > BV:29,selected,5,inf,True,597,194,403,655.0,1.0,1.0,True,True,1,1,0,True,1,1,0,0,True,True,0,8,4,8,4,1,SS,sampled_pool,,,True,0.1111111111111111,0.1155580048891631,0.8888888888888888,0.1,adaptive,insert_random_aisle,offspring,random_feasible_start_no_adaptive_spacing,,,,feasible_start_adaptive_spacing,0.5,,True,auto_from_instance,0.75,0.35,"25,26,42","19,20,21",,,,,,"H[5,14,23,25,26,36,42,45]|V[19,20,21,29]",2a97703055e91d85e703c45f70533db6c309d9b2
proposed_nsga2_bs_Gyorgy-KOVACS_WH_Wide_AW_5_seed_116,proposed_nsga2_bs,Gyorgy-KOVACS_WH_Wide_AW_5,116,1,auto_from_instance,12,18,4,30,216,,,,,2,2,7,root > V:17 > BH:26 > BH:5 > BH:16 > BH:25 > BH:36 > BH:47,selected,1,2.1940700808625335,True,572,220,352,507.0,1.0,1.0,True,True,1,1,0,True,1,1,0,0,True,True,0,9,4,9,4,2,PF_RP,sampled_pool,,,False,0.1111111111111111,0.16370396273445822,0.8888888888888888,0.1,adaptive,bit_flip,offspring,random_feasible_start_no_adaptive_spacing,,,,feasible_start_adaptive_spacing,0.5,,True,auto_from_instance,0.75,0.35,"4,5,16,26,36,44,45","17,21,28,29",,,,,,"H[4,5,16,25,26,36,44,45,47]|V[17,21,28,29]",173dd91401b4b71d9f20edd9e83506be465b9528
proposed_nsga2_bs_Gyorgy-KOVACS_WH_Wide_AW_5_seed_116,proposed_nsga2_bs,Gyorgy-KOVACS_WH_Wide_AW_5,116,1,auto_from_instance,12,18,4,30,216,,,,,3,2,7,root > V:17 > BH:26 > BH:5 > BH:14 > BH:25 > BH:36 > BH:47,selected,1,0.8059299191374664,True,572,220,352,507.0,1.0,1.0,True,True,1,1,0,True,1,1,0,0,True,True,0,10,4,10,4,2,PF_RP,sampled_pool,,,False,0.1111111111111111,0.16370396273445822,0.8888888888888888,0.1,adaptive,bit_flip,offspring,random_feasible_start_no_adaptive_spacing,,,,feasible_start_adaptive_spacing,0.5,,True,auto_from_instance,0.75,0.35,"4,5,16,26,36,44,45","17,21,28,29",,,,,,"H[4,5,14,16,25,26,36,44,45,47]|V[17,21,28,29]",e59e5dd5e1537a2d164e028d12bd66f538f0cb70
proposed_nsga2_bs_Gyorgy-KOVACS_WH_Wide_AW_5_seed_116,proposed_nsga2_bs,Gyorgy-KOVACS_WH_Wide_AW_5,116,1,auto_from_instance,12,18,4,30,216,,,,,4,2,7,root > V:17 > BH:26 > BH:7 > BH:16 > BH:25 > BH:36 > BH:47,selected,2,inf,True,572,220,352,663.0,1.0,1.0,True,True,1,1,0,True,1,1,0,0,True,True,0,10,4,10,4,2,PF_RP,sampled_pool,,,False,0.1111111111111111,0.16370396273445822,0.8888888888888888,0.1,adaptive,bit_flip,offspring,random_feasible_start_no_adaptive_spacing,,,,feasible_start_adaptive_spacing,0.5,,True,auto_from_instance,0.75,0.35,"4,5,16,26,36,44,45","17,21,28,29",,,,,,"H[4,5,7,16,25,26,36,44,45,47]|V[17,21,28,29]",61426df39d9f05da4c561d5073d32a1cf777516d
proposed_nsga2_bs_Gyorgy-KOVACS_WH_Wide_AW_5_seed_116,proposed_nsga2_bs,Gyorgy-KOVACS_WH_Wide_AW_5,116,1,auto_from_instance,12,18,4,30,216,,,,,5,2,7,root > V:17 > BH:26 > BH:5 > BH:16 > BH:25 > BH:36 > BH:45,selected,3,inf,True,572,220,352,711.0,1.0,1.0,True,True,1,1,0,True,1,1,0,0,True,True,0,8,4,8,4,2,PF_RP,sampled_pool,,,False,0.1111111111111111,0.16370396273445822,0.8888888888888888,0.1,adaptive,bit_flip,offspring,random_feasible_start_no_adaptive_spacing,,,,feasible_start_adaptive_spacing,0.5,,True,auto_from_instance,0.75,0.35,"4,5,16,26,36,44,45","17,21,28,29",,,,,,"H[4,5,16,25,26,36,44,45]|V[17,21,28,29]",854ec9b997ec508dda6ea9e399147d7a4b626ba8
proposed_nsga2_bs_Gyorgy-KOVACS_WH_Wide_AW_5_seed_116,proposed_nsga2_bs,Gyorgy-KOVACS_WH_Wide_AW_5,116,1,auto_from_instance,12,18,4,30,216,,,,,6,3,5,root > H:36 > BH:11 > BV:25 > BH:24 > BV:23,evaluated,6,inf,False,727,162,565,1332.0,1.0,1.0,True,True,1,1,0,True,1,1,0,0,True,True,0,7,4,7,4,3,RP_LS,sampled_pool,,,False,0.1111111111111111,0.1,0.8888888888888888,0.1,adaptive,remove_random_aisle,offspring,random_feasible_start_no_adaptive_spacing,,,,feasible_start_adaptive_spacing,0.5,,True,auto_from_instance,0.75,0.35,"5,14,25,36,49","17,28",,,,,,"H[5,11,14,24,25,36,49]|V[17,23,25,28]",52e346295d5a58478368b1ad12cdd023f8db09ff
proposed_nsga2_bs_Gyorgy-KOVACS_WH_Wide_AW_5_seed_116,proposed_nsga2_bs,Gyorgy-KOVACS_WH_Wide_AW_5,116,1,auto_from_instance,12,18,4,30,216,,,,,7,3,5,root > H:36 > BH:11 > BV:25 > BV:23 > BH:26,evaluated,7,inf,False,727,162,565,1374.0,1.0,1.0,True,True,1,1,0,True,1,1,0,0,True,True,0,7,4,7,4,3,RP_LS,sampled_pool,,,False,0.1111111111111111,0.1,0.8888888888888888,0.1,adaptive,remove_random_aisle,offspring,random_feasible_start_no_adaptive_spacing,,,,feasible_start_adaptive_spacing,0.5,,True,auto_from_instance,0.75,0.35,"5,14,25,36,49","17,28",,,,,,"H[5,11,14,25,26,36,49]|V[17,23,25,28]",cd1fd92ca6d5c7dc9d63f6f19fa03ba3dc046a20
proposed_nsga2_bs_Gyorgy-KOVACS_WH_Wide_AW_5_seed_116,proposed_nsga2_bs,Gyorgy-KOVACS_WH_Wide_AW_5,116,1,auto_from_instance,12,18,4,30,216,,,,,8,3,5,root > H:36 > BH:11 > BV:23 > BH:24 > BV:23,evaluated,8,inf,False,727,162,565,1444.0,1.0,1.0,True,True,1,1,0,True,1,1,0,0,True,True,0,7,3,7,3,3,RP_LS,sampled_pool,,,False,0.1111111111111111,0.1,0.8888888888888888,0.1,adaptive,remove_random_aisle,offspring,random_feasible_start_no_adaptive_spacing,,,,feasible_start_adaptive_spacing,0.5,,True,auto_from_instance,0.75,0.35,"5,14,25,36,49","17,28",,,,,,"H[5,11,14,24,25,36,49]|V[17,23,28]",a79dcf4a00dc3c60b7abc1c9337b6272f2bcad2c
proposed_nsga2_bs_Gyorgy-KOVACS_WH_Wide_AW_5_seed_116,proposed_nsga2_bs,Gyorgy-KOVACS_WH_Wide_AW_5,116,1,auto_from_instance,12,18,4,30,216,,,,,9,3,5,root > H:36 > BH:11 > BV:25 > BH:24 > BV:21,evaluated,9,inf,False,727,162,565,1502.0,1.0,1.0,True,True,1,1,0,True,1,1,0,0,True,True,0,7,4,7,4,3,RP_LS,sampled_pool,,,False,0.1111111111111111,0.1,0.8888888888888888,0.1,adaptive,remove_random_aisle,offspring,random_feasible_start_no_adaptive_spacing,,,,feasible_start_adaptive_spacing,0.5,,True,auto_from_instance,0.75,0.35,"5,14,25,36,49","17,28",,,,,,"H[5,11,14,24,25,36,49]|V[17,21,25,28]",81c3a7197013ba78b48cbf83b21fafae3a20e96b
proposed_nsga2_bs_Gyorgy-KOVACS_WH_Wide_AW_5_seed_116,proposed_nsga2_bs,Gyorgy-KOVACS_WH_Wide_AW_5,116,1,auto_from_instance,12,18,4,30,216,,,,,10,4,8,root > V:15 > BH:26 > BH:5 > BH:16 > BH:25 > BH:36 > BH:45 > BV:24,selected,0,inf,True,497,247,250,385.0,1.0,1.0,True,True,1,1,0,True,1,1,0,0,True,True,0,8,4,8,4,4,LS_SS,sampled_pool,,,True,0.1111111111111111,0.12358794735526651,0.8888888888888888,0.1,adaptive,bit_flip,offspring,random_feasible_start_no_adaptive_spacing,,,,feasible_start_adaptive_spacing,0.5,,True,auto_from_instance,0.75,0.35,"5,9,25,26,36,45,50","14,15,20,24",,,,,,"H[5,9,16,25,26,36,45,50]|V[14,15,20,24]",416c9c0e4f9e06143d78fee04cbc7a8d1c4800ad
proposed_nsga2_bs_Gyorgy-KOVACS_WH_Wide_AW_5_seed_116,proposed_nsga2_bs,Gyorgy-KOVACS_WH_Wide_AW_5,116,1,auto_from_instance,12,18,4,30,216,,,,,11,6,8,root > V:15 > BH:26 > BH:7 > BH:16 > BH:25 > BH:36 > BH:45 > BV:24,selected,1,inf,True,497,247,250,567.0,1.0,1.0,True,True,1,1,0,True,1,1,0,0,True,True,0,10,3,10,3,6,PF,sampled_pool,,,False,0.1111111111111111,0.1,0.8888888888888888,0.1,adaptive,insert_random_aisle,offspring,random_feasible_start_no_adaptive_spacing,,,,feasible_start_adaptive_spacing,0.5,,True,auto_from_instance,0.75,0.35,"5,9,16,25,26,36,45,50,53","15,20,24",,,,,,"H[5,7,9,16,25,26,36,45,50,53]|V[15,20,24]",bad25caaf4e753481b1b798360caa6634ad939f7
proposed_nsga2_bs_Gyorgy-KOVACS_WH_Wide_AW_5_seed_116,proposed_nsga2_bs,Gyorgy-KOVACS_WH_Wide_AW_5,116,1,auto_from_instance,12,18,4,30,216,,,,,12,8,7,root > V:17 > BH:26 > BH:7 > BH:16 > BH:25 > BH:36 > BH:45,selected,4,inf,True,572,220,352,867.0,1.0,1.0,True,True,1,1,0,True,1,1,0,0,True,True,0,8,3,8,3,8,LS,sampled_pool,,,False,0.1111111111111111,0.1,0.8888888888888888,0.1,adaptive,swap_segments,offspring,random_feasible_start_no_adaptive_spacing,,,,feasible_start_adaptive_spacing,0.5,,True,auto_from_instance,0.75,0.35,"7,26,44,47","17,20,21",,,,,,"H[7,16,25,26,36,44,45,47]|V[17,20,21]",90295bddff4683947eef98c9cba63e2b098e11a6
proposed_nsga2_bs_Gyorgy-KOVACS_WH_Wide_AW_5_seed_116,proposed_nsga2_bs,Gyorgy-KOVACS_WH_Wide_AW_5,116,1,auto_from_instance,12,18,4,30,216,,,,,13,9,4,root > V:29 > BH:26 > BV:19 > BV:19,selected,1,inf,True,557,202,355,408.0,1.0,1.0,True,True,1,1,0,True,1,1,0,0,True,True,0,7,4,7,4,9,LS_PF,sampled_pool,,,False,0.1111111111111111,0.15948338775506415,0.8888888888888888,0.1,adaptive,insert_random_aisle,offspring,random_feasible_start_no_adaptive_spacing,,,,feasible_start_adaptive_spacing,0.5,,True,auto_from_instance,0.75,0.35,"5,13,14,25,36,49","19,21,28,29",,,,,,"H[5,13,14,25,26,36,49]|V[19,21,28,29]",225a083d40a70add6d49c842c1ea1b7da9e91627
proposed_nsga2_bs_Gyorgy-KOVACS_WH_Wide_AW_5_seed_116,proposed_nsga2_bs,Gyorgy-KOVACS_WH_Wide_AW_5,116,1,auto_from_instance,12,18,4,30,216,,,,,14,9,4,root > V:29 > BH:26 > BV:17 > BV:19,selected,3,inf,True,557,202,355,460.0,1.0,1.0,True,True,1,1,0,True,1,1,0,0,True,True,0,7,5,7,5,9,LS_PF,sampled_pool,,,False,0.1111111111111111,0.15948338775506415,0.8888888888888888,0.1,adaptive,insert_random_aisle,offspring,random_feasible_start_no_adaptive_spacing,,,,feasible_start_adaptive_spacing,0.5,,True,auto_from_instance,0.75,0.35,"5,13,14,25,36,49","19,21,28,29",,,,,,"H[5,13,14,25,26,36,49]|V[17,19,21,28,29]",0ccd7482bc13afbeac630bd0faf7012fe4b70f5c
proposed_nsga2_bs_Gyorgy-KOVACS_WH_Wide_AW_5_seed_116,proposed_nsga2_bs,Gyorgy-KOVACS_WH_Wide_AW_5,116,1,auto_from_instance,12,18,4,30,216,,,,,15,9,4,root > V:29 > BH:26 > BV:19 > BV:17,selected,2,inf,True,557,202,355,458.0,1.0,1.0,True,True,1,1,0,True,1,1,0,0,True,True,0,7,5,7,5,9,LS_PF,sampled_pool,,,False,0.1111111111111111,0.15948338775506415,0.8888888888888888,0.1,adaptive,insert_random_aisle,offspring,random_feasible_start_no_adaptive_spacing,,,,feasible_start_adaptive_spacing,0.5,,True,auto_from_instance,0.75,0.35,"5,13,14,25,36,49","19,21,28,29",,,,,,"H[5,13,14,25,26,36,49]|V[17,19,21,28,29]",f590e28c4ca08f01adba87c9244bc357b1edb9bd
proposed_nsga2_bs_Gyorgy-KOVACS_WH_Wide_AW_5_seed_116,proposed_nsga2_bs,Gyorgy-KOVACS_WH_Wide_AW_5,116,1,auto_from_instance,12,18,4,30,216,,,,,16,9,4,root > V:29 > BH:26 > BV:17 > BV:17,selected,4,inf,True,557,202,355,510.0,1.0,1.0,True,True,1,1,0,True,1,1,0,0,True,True,0,7,5,7,5,9,LS_PF,sampled_pool,,,False,0.1111111111111111,0.15948338775506415,0.8888888888888888,0.1,adaptive,insert_random_aisle,offspring,random_feasible_start_no_adaptive_spacing,,,,feasible_start_adaptive_spacing,0.5,,True,auto_from_instance,0.75,0.35,"5,13,14,25,36,49","19,21,28,29",,,,,,"H[5,13,14,25,26,36,49]|V[17,19,21,28,29]",01a64afdd46edf4dc6b60538f107b837ec4162f0
proposed_nsga2_bs_Gyorgy-KOVACS_WH_Wide_AW_5_seed_116,proposed_nsga2_bs,Gyorgy-KOVACS_WH_Wide_AW_5,116,2,auto_from_instance,12,18,4,30,216,,,,,1,1,8,root > V:15 > BH:26 > BH:7 > BH:16 > BH:25 > BH:36 > BH:45 > BV:24,selected,1,inf,True,497,247,250,567.0,1.0,1.0,True,True,1,1,0,True,1,1,0,0,True,True,0,9,5,9,5,1,PF_LS,sampled_pool,,,False,0.16666666666666666,0.24365696488687838,0.8333333333333334,0.1,adaptive,insert_random_aisle,offspring,random_feasible_start_no_adaptive_spacing,,,,feasible_start_adaptive_spacing,0.5,,True,auto_from_instance,0.75,0.35,"5,7,16,25,26,36,44,45,50","1,14,15,20",,,,,,"H[5,7,16,25,26,36,44,45,50]|V[1,14,15,20,24]",bad25caaf4e753481b1b798360caa6634ad939f7
proposed_nsga2_bs_Gyorgy-KOVACS_WH_Wide_AW_5_seed_116,proposed_nsga2_bs,Gyorgy-KOVACS_WH_Wide_AW_5,116,2,auto_from_instance,12,18,4,30,216,,,,,2,1,8,root > V:15 > BH:26 > BH:5 > BH:16 > BH:25 > BH:36 > BH:45 > BV:24,selected,0,inf,True,497,247,250,385.0,1.0,1.0,True,True,1,1,0,True,1,1,0,0,True,True,0,9,5,9,5,1,PF_LS,sampled_pool,,,False,0.16666666666666666,0.24365696488687838,0.8333333333333334,0.1,adaptive,insert_random_aisle,offspring,random_feasible_start_no_adaptive_spacing,,,,feasible_start_adaptive_spacing,0.5,,True,auto_from_instance,0.75,0.35,"5,7,16,25,26,36,44,45,50","1,14,15,20",,,,,,"H[5,7,16,25,26,36,44,45,50]|V[1,14,15,20,24]",416c9c0e4f9e06143d78fee04cbc7a8d1c4800ad
proposed_nsga2_bs_Gyorgy-KOVACS_WH_Wide_AW_5_seed_116,proposed_nsga2_bs,Gyorgy-KOVACS_WH_Wide_AW_5,116,2,auto_from_instance,12,18,4,30,216,,,,,3,2,7,root > V:17 > BH:26 > BH:5 > BH:16 > BH:25 > BH:36 > BH:47,selected,1,2.1940700808625335,True,572,220,352,507.0,1.0,1.0,True,True,1,1,0,True,1,1,0,0,True,True,0,8,4,8,4,2,LS_RP,sampled_pool,,,False,0.16666666666666666,0.18553211267765435,0.8333333333333334,0.1,adaptive,break_symmetry,offspring,random_feasible_start_no_adaptive_spacing,,,,feasible_start_adaptive_spacing,0.5,,True,auto_from_instance,0.75,0.35,"9,16,25,26,36,45,47","17,20,21,23",,,,,,"H[5,9,16,25,26,36,45,47]|V[17,20,21,23]",173dd91401b4b71d9f20edd9e83506be465b9528
proposed_nsga2_bs_Gyorgy-KOVACS_WH_Wide_AW_5_seed_116,proposed_nsga2_bs,Gyorgy-KOVACS_WH_Wide_AW_5,116,2,auto_from_instance,12,18,4,30,216,,,,,4,2,7,root > V:17 > BH:26 > BH:5 > BH:14 > BH:25 > BH:36 > BH:47,selected,1,0.8059299191374664,True,572,220,352,507.0,1.0,1.0,True,True,1,1,0,True,1,1,0,0,True,True,0,9,4,9,4,2,LS_RP,sampled_pool,,,False,0.16666666666666666,0.18553211267765435,0.8333333333333334,0.1,adaptive,break_symmetry,offspring,random_feasible_start_no_adaptive_spacing,,,,feasible_start_adaptive_spacing,0.5,,True,auto_from_instance,0.75,0.35,"9,16,25,26,36,45,47","17,20,21,23",,,,,,"H[5,9,14,16,25,26,36,45,47]|V[17,20,21,23]",e59e5dd5e1537a2d164e028d12bd66f538f0cb70
proposed_nsga2_bs_Gyorgy-KOVACS_WH_Wide_AW_5_seed_116,proposed_nsga2_bs,Gyorgy-KOVACS_WH_Wide_AW_5,116,2,auto_from_instance,12,18,4,30,216,,,,,5,2,7,root > V:17 > BH:26 > BH:7 > BH:16 > BH:25 > BH:36 > BH:47,selected,2,inf,True,572,220,352,663.0,1.0,1.0,True,True,1,1,0,True,1,1,0,0,True,True,0,8,4,8,4,2,LS_RP,sampled_pool,,,False,0.16666666666666666,0.18553211267765435,0.8333333333333334,0.1,adaptive,break_symmetry,offspring,random_feasible_start_no_adaptive_spacing,,,,feasible_start_adaptive_spacing,0.5,,True,auto_from_instance,0.75,0.35,"9,16,25,26,36,45,47","17,20,21,23",,,,,,"H[7,9,16,25,26,36,45,47]|V[17,20,21,23]",61426df39d9f05da4c561d5073d32a1cf777516d
proposed_nsga2_bs_Gyorgy-KOVACS_WH_Wide_AW_5_seed_116,proposed_nsga2_bs,Gyorgy-KOVACS_WH_Wide_AW_5,116,2,auto_from_instance,12,18,4,30,216,,,,,6,2,7,root > V:17 > BH:26 > BH:5 > BH:16 > BH:25 > BH:36 > BH:45,selected,3,inf,True,572,220,352,711.0,1.0,1.0,True,True,1,1,0,True,1,1,0,0,True,True,0,8,4,8,4,2,LS_RP,sampled_pool,,,False,0.16666666666666666,0.18553211267765435,0.8333333333333334,0.1,adaptive,break_symmetry,offspring,random_feasible_start_no_adaptive_spacing,,,,feasible_start_adaptive_spacing,0.5,,True,auto_from_instance,0.75,0.35,"9,16,25,26,36,45,47","17,20,21,23",,,,,,"H[5,9,16,25,26,36,45,47]|V[17,20,21,23]",854ec9b997ec508dda6ea9e399147d7a4b626ba8
proposed_nsga2_bs_Gyorgy-KOVACS_WH_Wide_AW_5_seed_116,proposed_nsga2_bs,Gyorgy-KOVACS_WH_Wide_AW_5,116,2,auto_from_instance,12,18,4,30,216,,,,,7,3,7,root > V:17 > BH:26 > BH:7 > BH:16 > BH:25 > BH:36 > BH:45,selected,4,inf,True,572,220,352,867.0,1.0,1.0,True,True,1,1,0,True,1,1,0,0,True,True,0,12,5,12,5,3,PF_LS,sampled_pool,,,False,0.16666666666666666,0.1,0.8333333333333334,0.1,adaptive,swap_segments,offspring,random_feasible_start_no_adaptive_spacing,,,,feasible_start_adaptive_spacing,0.5,,True,auto_from_instance,0.75,0.35,"5,9,13,14,28,36,45,50","17,19,21,28,29",,,,,,"H[5,7,9,13,14,16,25,26,28,36,45,50]|V[17,19,21,28,29]",90295bddff4683947eef98c9cba63e2b098e11a6
proposed_nsga2_bs_Gyorgy-KOVACS_WH_Wide_AW_5_seed_116,proposed_nsga2_bs,Gyorgy-KOVACS_WH_Wide_AW_5,116,2,auto_from_instance,12,18,4,30,216,,,,,8,6,4,root > V:29 > BH:26 > BV:19 > BV:19,selected,1,inf,True,557,202,355,408.0,1.0,1.0,True,True,1,1,0,True,1,1,0,0,True,True,0,7,5,7,5,6,RP,sampled_pool,,,False,0.16666666666666666,0.17148509597856038,0.8333333333333334,0.1,adaptive,insert_random_aisle,offspring,random_feasible_start_no_adaptive_spacing,,,,feasible_start_adaptive_spacing,0.5,,True,auto_from_instance,0.75,0.35,"5,16,25,26,36,49,53","17,21,28,29",,,,,,"H[5,16,25,26,36,49,53]|V[17,19,21,28,29]",225a083d40a70add6d49c842c1ea1b7da9e91627
proposed_nsga2_bs_Gyorgy-KOVACS_WH_Wide_AW_5_seed_116,proposed_nsga2_bs,Gyorgy-KOVACS_WH_Wide_AW_5,116,2,auto_from_instance,12,18,4,30,216,,,,,9,6,4,root > V:29 > BH:26 > BV:19 > BV:17,selected,2,inf,True,557,202,355,458.0,1.0,1.0,True,True,1,1,0,True,1,1,0,0,True,True,0,7,5,7,5,6,RP,sampled_pool,,,False,0.16666666666666666,0.17148509597856038,0.8333333333333334,0.1,adaptive,insert_random_aisle,offspring,random_feasible_start_no_adaptive_spacing,,,,feasible_start_adaptive_spacing,0.5,,True,auto_from_instance,0.75,0.35,"5,16,25,26,36,49,53","17,21,28,29",,,,,,"H[5,16,25,26,36,49,53]|V[17,19,21,28,29]",f590e28c4ca08f01adba87c9244bc357b1edb9bd
proposed_nsga2_bs_Gyorgy-KOVACS_WH_Wide_AW_5_seed_116,proposed_nsga2_bs,Gyorgy-KOVACS_WH_Wide_AW_5,116,2,auto_from_instance,12,18,4,30,216,,,,,10,6,4,root > V:29 > BH:26 > BV:19 > BV:17,selected,3,inf,True,557,202,355,460.0,1.0,1.0,True,True,1,1,0,True,1,1,0,0,True,True,0,7,5,7,5,6,RP,sampled_pool,,,False,0.16666666666666666,0.17148509597856038,0.8333333333333334,0.1,adaptive,insert_random_aisle,offspring,random_feasible_start_no_adaptive_spacing,,,,feasible_start_adaptive_spacing,0.5,,True,auto_from_instance,0.75,0.35,"5,16,25,26,36,49,53","17,21,28,29",,,,,,"H[5,16,25,26,36,49,53]|V[17,19,21,28,29]",0ccd7482bc13afbeac630bd0faf7012fe4b70f5c
proposed_nsga2_bs_Gyorgy-KOVACS_WH_Wide_AW_5_seed_116,proposed_nsga2_bs,Gyorgy-KOVACS_WH_Wide_AW_5,116,2,auto_from_instance,12,18,4,30,216,,,,,11,6,4,root > V:29 > BH:26 > BV:17 > BV:17,selected,4,inf,True,557,202,355,510.0,1.0,1.0,True,True,1,1,0,True,1,1,0,0,True,True,0,7,4,7,4,6,RP,sampled_pool,,,False,0.16666666666666666,0.17148509597856038,0.8333333333333334,0.1,adaptive,insert_random_aisle,offspring,random_feasible_start_no_adaptive_spacing,,,,feasible_start_adaptive_spacing,0.5,,True,auto_from_instance,0.75,0.35,"5,16,25,26,36,49,53","17,21,28,29",,,,,,"H[5,16,25,26,36,49,53]|V[17,21,28,29]",01a64afdd46edf4dc6b60538f107b837ec4162f0
proposed_nsga2_bs_Gyorgy-KOVACS_WH_Wide_AW_5_seed_116,proposed_nsga2_bs,Gyorgy-KOVACS_WH_Wide_AW_5,116,2,auto_from_instance,12,18,4,30,216,,,,,12,8,7,root > V:21 > BH:26 > BH:5 > BH:16 > BH:25 > BH:36 > BH:47,selected,5,inf,True,652,180,472,763.0,1.0,1.0,True,True,1,1,0,True,1,1,0,0,True,True,0,12,5,12,5,8,SS_PF_LS,sampled_pool,,,True,0.16666666666666666,0.11302961953924551,0.8333333333333334,0.1,adaptive,break_symmetry,offspring,random_feasible_start_no_adaptive_spacing,,,,feasible_start_adaptive_spacing,0.5,,True,auto_from_instance,0.75,0.35,"4,5,13,14,25,27,36,44,45,47","17,19,21,28,29",,,,,,"H[4,5,13,14,16,25,26,27,36,44,45,47]|V[17,19,21,28,29]",01a90fb20467da592e93711ac8a849c3053fcfd6
proposed_nsga2_bs_Gyorgy-KOVACS_WH_Wide_AW_5_seed_116,proposed_nsga2_bs,Gyorgy-KOVACS_WH_Wide_AW_5,116,2,auto_from_instance,12,18,4,30,216,,,,,13,8,7,root > V:21 > BH:26 > BH:5 > BH:14 > BH:25 > BH:36 > BH:47,evaluated,5,inf,False,652,180,472,763.0,1.0,1.0,True,True,1,1,0,True,1,1,0,0,True,True,0,11,5,11,5,8,SS_PF_LS,sampled_pool,,,True,0.16666666666666666,0.11302961953924551,0.8333333333333334,0.1,adaptive,break_symmetry,offspring,random_feasible_start_no_adaptive_spacing,,,,feasible_start_adaptive_spacing,0.5,,True,auto_from_instance,0.75,0.35,"4,5,13,14,25,27,36,44,45,47","17,19,21,28,29",,,,,,"H[4,5,13,14,25,26,27,36,44,45,47]|V[17,19,21,28,29]",1958a387e19298fbb01706dd6afdd7339df9d6ae
proposed_nsga2_bs_Gyorgy-KOVACS_WH_Wide_AW_5_seed_116,proposed_nsga2_bs,Gyorgy-KOVACS_WH_Wide_AW_5,116,2,auto_from_instance,12,18,4,30,216,,,,,14,8,7,root > V:21 > BH:26 > BH:7 > BH:16 > BH:25 > BH:36 > BH:47,evaluated,6,inf,False,652,180,472,867.0,1.0,1.0,True,True,1,1,0,True,1,1,0,0,True,True,0,13,5,13,5,8,SS_PF_LS,sampled_pool,,,True,0.16666666666666666,0.11302961953924551,0.8333333333333334,0.1,adaptive,break_symmetry,offspring,random_feasible_start_no_adaptive_spacing,,,,feasible_start_adaptive_spacing,0.5,,True,auto_from_instance,0.75,0.35,"4,5,13,14,25,27,36,44,45,47","17,19,21,28,29",,,,,,"H[4,5,7,13,14,16,25,26,27,36,44,45,47]|V[17,19,21,28,29]",b7080d9cb61c36aedc6f73cfe3724fe27e5ce9c6
proposed_nsga2_bs_Gyorgy-KOVACS_WH_Wide_AW_5_seed_116,proposed_nsga2_bs,Gyorgy-KOVACS_WH_Wide_AW_5,116,2,auto_from_instance,12,18,4,30,216,,,,,15,8,7,root > V:21 > BH:26 > BH:5 > BH:16 > BH:25 > BH:36 > BH:45,evaluated,7,inf,False,652,180,472,899.0,1.0,1.0,True,True,1,1,0,True,1,1,0,0,True,True,0,12,5,12,5,8,SS_PF_LS,sampled_pool,,,True,0.16666666666666666,0.11302961953924551,0.8333333333333334,0.1,adaptive,break_symmetry,offspring,random_feasible_start_no_adaptive_spacing,,,,feasible_start_adaptive_spacing,0.5,,True,auto_from_instance,0.75,0.35,"4,5,13,14,25,27,36,44,45,47","17,19,21,28,29",,,,,,"H[4,5,13,14,16,25,26,27,36,44,45,47]|V[17,19,21,28,29]",8e88c0c464d5e2054bb58e24df478d0e262d6485
proposed_nsga2_bs_Gyorgy-KOVACS_WH_Wide_AW_5_seed_116,proposed_nsga2_bs,Gyorgy-KOVACS_WH_Wide_AW_5,116,3,auto_from_instance,12,18,4,30,216,,,,,1,1,7,root > V:17 > BH:26 > BH:5 > BH:16 > BH:25 > BH:36 > BH:47,selected,1,2.1940700808625335,True,572,220,352,507.0,1.0,1.0,True,True,1,1,0,True,1,1,0,0,True,True,0,10,3,10,3,1,LS_RP,sampled_pool,,,False,0.2222222222222222,0.18607593425932975,0.7777777777777778,0.1,adaptive,insert_random_aisle,offspring,random_feasible_start_no_adaptive_spacing,,,,feasible_start_adaptive_spacing,0.5,,True,auto_from_instance,0.75,0.35,"5,16,25,26,36,44,45,50,55","1,17,24",,,,,,"H[5,16,25,26,36,44,45,47,50,55]|V[1,17,24]",173dd91401b4b71d9f20edd9e83506be465b9528
proposed_nsga2_bs_Gyorgy-KOVACS_WH_Wide_AW_5_seed_116,proposed_nsga2_bs,Gyorgy-KOVACS_WH_Wide_AW_5,116,3,auto_from_instance,12,18,4,30,216,,,,,2,1,7,root > V:17 > BH:26 > BH:5 > BH:14 > BH:25 > BH:36 > BH:47,selected,1,0.8059299191374664,True,572,220,352,507.0,1.0,1.0,True,True,1,1,0,True,1,1,0,0,True,True,0,11,3,11,3,1,LS_RP,sampled_pool,,,False,0.2222222222222222,0.18607593425932975,0.7777777777777778,0.1,adaptive,insert_random_aisle,offspring,random_feasible_start_no_adaptive_spacing,,,,feasible_start_adaptive_spacing,0.5,,True,auto_from_instance,0.75,0.35,"5,16,25,26,36,44,45,50,55","1,17,24",,,,,,"H[5,14,16,25,26,36,44,45,47,50,55]|V[1,17,24]",e59e5dd5e1537a2d164e028d12bd66f538f0cb70
proposed_nsga2_bs_Gyorgy-KOVACS_WH_Wide_AW_5_seed_116,proposed_nsga2_bs,Gyorgy-KOVACS_WH_Wide_AW_5,116,3,auto_from_instance,12,18,4,30,216,,,,,3,1,7,root > V:17 > BH:26 > BH:7 > BH:16 > BH:25 > BH:36 > BH:47,selected,2,inf,True,572,220,352,663.0,1.0,1.0,True,True,1,1,0,True,1,1,0,0,True,True,0,11,3,11,3,1,LS_RP,sampled_pool,,,False,0.2222222222222222,0.18607593425932975,0.7777777777777778,0.1,adaptive,insert_random_aisle,offspring,random_feasible_start_no_adaptive_spacing,,,,feasible_start_adaptive_spacing,0.5,,True,auto_from_instance,0.75,0.35,"5,16,25,26,36,44,45,50,55","1,17,24",,,,,,"H[5,7,16,25,26,36,44,45,47,50,55]|V[1,17,24]",61426df39d9f05da4c561d5073d32a1cf777516d
proposed_nsga2_bs_Gyorgy-KOVACS_WH_Wide_AW_5_seed_116,proposed_nsga2_bs,Gyorgy-KOVACS_WH_Wide_AW_5,116,3,auto_from_instance,12,18,4,30,216,,,,,4,1,7,root > V:17 > BH:26 > BH:5 > BH:16 > BH:25 > BH:36 > BH:45,selected,3,inf,True,572,220,352,711.0,1.0,1.0,True,True,1,1,0,True,1,1,0,0,True,True,0,9,3,9,3,1,LS_RP,sampled_pool,,,False,0.2222222222222222,0.18607593425932975,0.7777777777777778,0.1,adaptive,insert_random_aisle,offspring,random_feasible_start_no_adaptive_spacing,,,,feasible_start_adaptive_spacing,0.5,,True,auto_from_instance,0.75,0.35,"5,16,25,26,36,44,45,50,55","1,17,24",,,,,,"H[5,16,25,26,36,44,45,50,55]|V[1,17,24]",854ec9b997ec508dda6ea9e399147d7a4b626ba8
proposed_nsga2_bs_Gyorgy-KOVACS_WH_Wide_AW_5_seed_116,proposed_nsga2_bs,Gyorgy-KOVACS_WH_Wide_AW_5,116,3,auto_from_instance,12,18,4,30,216,,,,,5,2,8,root > V:15 > BH:26 > BH:7 > BH:16 > BH:25 > BH:36 > BH:45 > BV:24,selected,1,inf,True,497,247,250,567.0,1.0,1.0,True,True,1,1,0,True,1,1,0,0,True,True,0,9,8,9,8,2,PF_LS,sampled_pool,,,False,0.2222222222222222,0.16912943974741732,0.7777777777777778,0.1,adaptive,spacing_aware_flip,offspring,random_feasible_start_no_adaptive_spacing,,,,feasible_start_adaptive_spacing,0.5,,True,auto_from_instance,0.75,0.35,"5,7,16,25,26,36,49,53","1,14,15,20,21,28,29",,,,,,"H[5,7,16,25,26,36,45,49,53]|V[1,14,15,20,21,24,28,29]",bad25caaf4e753481b1b798360caa6634ad939f7
proposed_nsga2_bs_Gyorgy-KOVACS_WH_Wide_AW_5_seed_116,proposed_nsga2_bs,Gyorgy-KOVACS_WH_Wide_AW_5,116,3,auto_from_instance,12,18,4,30,216,,,,,6,2,8,root > V:15 > BH:26 > BH:5 > BH:16 > BH:25 > BH:36 > BH:45 > BV:24,selected,0,inf,True,497,247,250,385.0,1.0,1.0,True,True,1,1,0,True,1,1,0,0,True,True,0,9,8,9,8,2,PF_LS,sampled_pool,,,False,0.2222222222222222,0.16912943974741732,0.7777777777777778,0.1,adaptive,spacing_aware_flip,offspring,random_feasible_start_no_adaptive_spacing,,,,feasible_start_adaptive_spacing,0.5,,True,auto_from_instance,0.75,0.35,"5,7,16,25,26,36,49,53","1,14,15,20,21,28,29",,,,,,"H[5,7,16,25,26,36,45,49,53]|V[1,14,15,20,21,24,28,29]",416c9c0e4f9e06143d78fee04cbc7a8d1c4800ad
proposed_nsga2_bs_Gyorgy-KOVACS_WH_Wide_AW_5_seed_116,proposed_nsga2_bs,Gyorgy-KOVACS_WH_Wide_AW_5,116,3,auto_from_instance,12,18,4,30,216,,,,,7,3,7,root > V:17 > BH:26 > BH:7 > BH:16 > BH:25 > BH:36 > BH:45,selected,4,inf,True,572,220,352,867.0,1.0,1.0,True,True,1,1,0,True,1,1,0,0,True,True,0,11,4,11,4,3,LS,sampled_pool,,,False,0.2222222222222222,0.18892780237604642,0.7777777777777778,0.1,adaptive,bit_flip,offspring,random_feasible_start_no_adaptive_spacing,,,,feasible_start_adaptive_spacing,0.5,,True,auto_from_instance,0.75,0.35,"5,7,9,13,14,16,26,28,36,45","17,20,21,23",,,,,,"H[5,7,9,13,14,16,25,26,28,36,45]|V[17,20,21,23]",90295bddff4683947eef98c9cba63e2b098e11a6
proposed_nsga2_bs_Gyorgy-KOVACS_WH_Wide_AW_5_seed_116,proposed_nsga2_bs,Gyorgy-KOVACS_WH_Wide_AW_5,116,3,auto_from_instance,12,18,4,30,216,,,,,8,5,8,root > V:20 > BH:26 > BH:5 > BH:16 > BH:25 > BH:36 > BH:45 > BV:29,selected,5,inf,True,597,195,402,637.0,1.0,1.0,True,True,1,1,0,True,1,1,0,0,True,True,0,8,4,8,4,5,PF_LS_RP,sampled_pool,,,False,0.2222222222222222,0.13337906130891802,0.7777777777777778,0.1,adaptive,break_symmetry,offspring,random_feasible_start_no_adaptive_spacing,,,,feasible_start_adaptive_spacing,0.5,,True,auto_from_instance,0.75,0.35,"5,9,16,25,26,36,45,47","14,20,24",,,,,,"H[5,9,16,25,26,36,45,47]|V[14,20,24,29]",981dc6fd2903ad3086847d3b1f7d62614b0319bd
proposed_nsga2_bs_Gyorgy-KOVACS_WH_Wide_AW_5_seed_116,proposed_nsga2_bs,Gyorgy-KOVACS_WH_Wide_AW_5,116,3,auto_from_instance,12,18,4,30,216,,,,,9,7,4,root > V:29 > BH:26 > BV:19 > BV:19,selected,1,inf,True,557,202,355,408.0,1.0,1.0,True,True,1,1,0,True,1,1,0,0,True,True,0,8,6,8,6,7,RP_LS,sampled_pool,,,False,0.2222222222222222,0.20486162558118273,0.7777777777777778,0.1,adaptive,spacing_aware_flip,offspring,random_feasible_start_no_adaptive_spacing,,,,feasible_start_adaptive_spacing,0.5,,True,auto_from_instance,0.75,0.35,"5,16,25,26,36,42,49,53","14,15,20,24,29",,,,,,"H[5,16,25,26,36,42,49,53]|V[14,15,19,20,24,29]",225a083d40a70add6d49c842c1ea1b7da9e91627
proposed_nsga2_bs_Gyorgy-KOVACS_WH_Wide_AW_5_seed_116,proposed_nsga2_bs,Gyorgy-KOVACS_WH_Wide_AW_5,116,3,auto_from_instance,12,18,4,30,216,,,,,10,7,4,root > V:29 > BH:26 > BV:19 > BV:17,selected,2,inf,True,557,202,355,458.0,1.0,1.0,True,True,1,1,0,True,1,1,0,0,True,True,0,8,7,8,7,7,RP_LS,sampled_pool,,,False,0.2222222222222222,0.20486162558118273,0.7777777777777778,0.1,adaptive,spacing_aware_flip,offspring,random_feasible_start_no_adaptive_spacing,,,,feasible_start_adaptive_spacing,0.5,,True,auto_from_instance,0.75,0.35,"5,16,25,26,36,42,49,53","14,15,20,24,29",,,,,,"H[5,16,25,26,36,42,49,53]|V[14,15,17,19,20,24,29]",f590e28c4ca08f01adba87c9244bc357b1edb9bd
proposed_nsga2_bs_Gyorgy-KOVACS_WH_Wide_AW_5_seed_116,proposed_nsga2_bs,Gyorgy-KOVACS_WH_Wide_AW_5,116,3,auto_from_instance,12,18,4,30,216,,,,,11,7,4,root > V:29 > BH:26 > BV:19 > BV:17,selected,3,inf,True,557,202,355,460.0,1.0,1.0,True,True,1,1,0,True,1,1,0,0,True,True,0,8,7,8,7,7,RP_LS,sampled_pool,,,False,0.2222222222222222,0.20486162558118273,0.7777777777777778,0.1,adaptive,spacing_aware_flip,offspring,random_feasible_start_no_adaptive_spacing,,,,feasible_start_adaptive_spacing,0.5,,True,auto_from_instance,0.75,0.35,"5,16,25,26,36,42,49,53","14,15,20,24,29",,,,,,"H[5,16,25,26,36,42,49,53]|V[14,15,17,19,20,24,29]",0ccd7482bc13afbeac630bd0faf7012fe4b70f5c
proposed_nsga2_bs_Gyorgy-KOVACS_WH_Wide_AW_5_seed_116,proposed_nsga2_bs,Gyorgy-KOVACS_WH_Wide_AW_5,116,3,auto_from_instance,12,18,4,30,216,,,,,12,7,4,root > V:29 > BH:26 > BV:17 > BV:17,selected,4,inf,True,557,202,355,510.0,1.0,1.0,True,True,1,1,0,True,1,1,0,0,True,True,0,8,6,8,6,7,RP_LS,sampled_pool,,,False,0.2222222222222222,0.20486162558118273,0.7777777777777778,0.1,adaptive,spacing_aware_flip,offspring,random_feasible_start_no_adaptive_spacing,,,,feasible_start_adaptive_spacing,0.5,,True,auto_from_instance,0.75,0.35,"5,16,25,26,36,42,49,53","14,15,20,24,29",,,,,,"H[5,16,25,26,36,42,49,53]|V[14,15,17,20,24,29]",01a64afdd46edf4dc6b60538f107b837ec4162f0
proposed_nsga2_bs_Gyorgy-KOVACS_WH_Wide_AW_5_seed_116,proposed_nsga2_bs,Gyorgy-KOVACS_WH_Wide_AW_5,116,3,auto_from_instance,12,18,4,30,216,,,,,13,10,7,root > V:21 > BH:26 > BH:5 > BH:16 > BH:25 > BH:48 > BH:38,evaluated,6,inf,False,652,180,472,747.0,1.0,1.0,True,True,1,1,0,True,1,1,0,0,True,True,0,10,5,10,5,10,SS,sampled_pool,,,True,0.2222222222222222,0.3020342212654144,0.7777777777777778,0.1,adaptive,insert_random_aisle,offspring,random_feasible_start_no_adaptive_spacing,,,,feasible_start_adaptive_spacing,0.5,,True,auto_from_instance,0.75,0.35,"5,9,16,25,26,36,45,47","5,17,20,21,23",,,,,,"H[5,9,16,25,26,36,38,45,47,48]|V[5,17,20,21,23]",f4cd3bdf1a905143d52070a5886d774a83af00ce
proposed_nsga2_bs_Gyorgy-KOVACS_WH_Wide_AW_5_seed_116,proposed_nsga2_bs,Gyorgy-KOVACS_WH_Wide_AW_5,116,3,auto_from_instance,12,18,4,30,216,,,,,14,10,7,root > V:21 > BH:26 > BH:5 > BH:16 > BH:25 > BH:48 > BH:36,evaluated,6,inf,False,652,180,472,747.0,1.0,1.0,True,True,1,1,0,True,1,1,0,0,True,True,0,9,5,9,5,10,SS,sampled_pool,,,True,0.2222222222222222,0.3020342212654144,0.7777777777777778,0.1,adaptive,insert_random_aisle,offspring,random_feasible_start_no_adaptive_spacing,,,,feasible_start_adaptive_spacing,0.5,,True,auto_from_instance,0.75,0.35,"5,9,16,25,26,36,45,47","5,17,20,21,23",,,,,,"H[5,9,16,25,26,36,45,47,48]|V[5,17,20,21,23]",d9038abdbbfcee3a4dc37a2de81a1b6c6722f762
proposed_nsga2_bs_Gyorgy-KOVACS_WH_Wide_AW_5_seed_116,proposed_nsga2_bs,Gyorgy-KOVACS_WH_Wide_AW_5,116,3,auto_from_instance,12,18,4,30,216,,,,,15,10,7,root > V:21 > BH:26 > BH:5 > BH:16 > BH:25 > BH:36 > BH:47,evaluated,7,inf,False,652,180,472,763.0,1.0,1.0,True,True,1,1,0,True,1,1,0,0,True,True,0,8,5,8,5,10,SS,sampled_pool,,,True,0.2222222222222222,0.3020342212654144,0.7777777777777778,0.1,adaptive,insert_random_aisle,offspring,random_feasible_start_no_adaptive_spacing,,,,feasible_start_adaptive_spacing,0.5,,True,auto_from_instance,0.75,0.35,"5,9,16,25,26,36,45,47","5,17,20,21,23",,,,,,"H[5,9,16,25,26,36,45,47]|V[5,17,20,21,23]",01a90fb20467da592e93711ac8a849c3053fcfd6
proposed_nsga2_bs_Gyorgy-KOVACS_WH_Wide_AW_5_seed_116,proposed_nsga2_bs,Gyorgy-KOVACS_WH_Wide_AW_5,116,3,auto_from_instance,12,18,4,30,216,,,,,16,10,7,root > V:21 > BH:26 > BH:5 > BH:16 > BH:25 > BH:38 > BH:47,evaluated,8,inf,False,652,180,472,779.0,1.0,1.0,True,True,1,1,0,True,1,1,0,0,True,True,0,9,5,9,5,10,SS,sampled_pool,,,True,0.2222222222222222,0.3020342212654144,0.7777777777777778,0.1,adaptive,insert_random_aisle,offspring,random_feasible_start_no_adaptive_spacing,,,,feasible_start_adaptive_spacing,0.5,,True,auto_from_instance,0.75,0.35,"5,9,16,25,26,36,45,47","5,17,20,21,23",,,,,,"H[5,9,16,25,26,36,38,45,47]|V[5,17,20,21,23]",a792a56432daab33caeba3cd7c76504fd95e9146
proposed_nsga2_bs_Gyorgy-KOVACS_WH_Wide_AW_5_seed_116,proposed_nsga2_bs,Gyorgy-KOVACS_WH_Wide_AW_5,116,4,auto_from_instance,12,18,4,30,216,,,,,1,1,4,root > V:29 > BH:26 > BV:19 > BV:19,selected,1,inf,True,557,202,355,408.0,1.0,1.0,True,True,1,1,0,True,1,1,0,0,True,True,0,10,6,10,6,1,LS_RP,sampled_pool,,,False,0.2777777777777778,0.31844715333128704,0.7222222222222222,0.1,adaptive,break_symmetry,offspring,random_feasible_start_no_adaptive_spacing,,,,feasible_start_adaptive_spacing,0.5,,True,auto_from_instance,0.75,0.35,"5,16,24,26,36,44,45,47,49,53","1,15,19,20,24,29",,,,,,"H[5,16,24,26,36,44,45,47,49,53]|V[1,15,19,20,24,29]",225a083d40a70add6d49c842c1ea1b7da9e91627
proposed_nsga2_bs_Gyorgy-KOVACS_WH_Wide_AW_5_seed_116,proposed_nsga2_bs,Gyorgy-KOVACS_WH_Wide_AW_5,116,4,auto_from_instance,12,18,4,30,216,,,,,2,1,4,root > V:29 > BH:26 > BV:19 > BV:17,selected,2,inf,True,557,202,355,458.0,1.0,1.0,True,True,1,1,0,True,1,1,0,0,True,True,0,10,7,10,7,1,LS_RP,sampled_pool,,,False,0.2777777777777778,0.31844715333128704,0.7222222222222222,0.1,adaptive,break_symmetry,offspring,random_feasible_start_no_adaptive_spacing,,,,feasible_start_adaptive_spacing,0.5,,True,auto_from_instance,0.75,0.35,"5,16,24,26,36,44,45,47,49,53","1,15,19,20,24,29",,,,,,"H[5,16,24,26,36,44,45,47,49,53]|V[1,15,17,19,20,24,29]",f590e28c4ca08f01adba87c9244bc357b1edb9bd
proposed_nsga2_bs_Gyorgy-KOVACS_WH_Wide_AW_5_seed_116,proposed_nsga2_bs,Gyorgy-KOVACS_WH_Wide_AW_5,116,4,auto_from_instance,12,18,4,30,216,,,,,3,1,4,root > V:29 > BH:26 > BV:17 > BV:19,selected,3,inf,True,557,202,355,460.0,1.0,1.0,True,True,1,1,0,True,1,1,0,0,True,True,0,10,7,10,7,1,LS_RP,sampled_pool,,,False,0.2777777777777778,0.31844715333128704,0.7222222222222222,0.1,adaptive,break_symmetry,offspring,random_feasible_start_no_adaptive_spacing,,,,feasible_start_adaptive_spacing,0.5,,True,auto_from_instance,0.75,0.35,"5,16,24,26,36,44,45,47,49,53","1,15,19,20,24,29",,,,,,"H[5,16,24,26,36,44,45,47,49,53]|V[1,15,17,19,20,24,29]",0ccd7482bc13afbeac630bd0faf7012fe4b70f5c
proposed_nsga2_bs_Gyorgy-KOVACS_WH_Wide_AW_5_seed_116,proposed_nsga2_bs,Gyorgy-KOVACS_WH_Wide_AW_5,116,4,auto_from_instance,12,18,4,30,216,,,,,4,1,4,root > V:29 > BH:26 > BV:17 > BV:17,selected,4,inf,True,557,202,355,510.0,1.0,1.0,True,True,1,1,0,True,1,1,0,0,True,True,0,10,7,10,7,1,LS_RP,sampled_pool,,,False,0.2777777777777778,0.31844715333128704,0.7222222222222222,0.1,adaptive,break_symmetry,offspring,random_feasible_start_no_adaptive_spacing,,,,feasible_start_adaptive_spacing,0.5,,True,auto_from_instance,0.75,0.35,"5,16,24,26,36,44,45,47,49,53","1,15,19,20,24,29",,,,,,"H[5,16,24,26,36,44,45,47,49,53]|V[1,15,17,19,20,24,29]",01a64afdd46edf4dc6b60538f107b837ec4162f0
proposed_nsga2_bs_Gyorgy-KOVACS_WH_Wide_AW_5_seed_116,proposed_nsga2_bs,Gyorgy-KOVACS_WH_Wide_AW_5,116,4,auto_from_instance,12,18,4,30,216,,,,,5,2,5,root > H:42 > BH:17 > BV:25 > BV:23 > BH:28,evaluated,8,inf,False,727,160,567,1374.0,1.0,1.0,True,True,1,1,0,True,1,1,0,0,True,True,0,11,6,11,6,2,RP_LS,sampled_pool,,,False,0.2777777777777778,0.2090579567612732,0.7222222222222222,0.1,adaptive,insert_random_aisle,offspring,random_feasible_start_no_adaptive_spacing,,,,feasible_start_adaptive_spacing,0.5,,True,auto_from_instance,0.75,0.35,"5,14,16,25,26,36,42,50,55","10,14,17,24",,,,,,"H[5,14,16,17,25,26,28,36,42,50,55]|V[10,14,17,23,24,25]",84fd7ee6a7b6d2db503c1298e03b9ac9ecff46c4
proposed_nsga2_bs_Gyorgy-KOVACS_WH_Wide_AW_5_seed_116,proposed_nsga2_bs,Gyorgy-KOVACS_WH_Wide_AW_5,116,4,auto_from_instance,12,18,4,30,216,,,,,6,2,5,root > H:42 > BH:17 > BV:23 > BV:23 > BH:28,evaluated,9,inf,False,727,160,567,1486.0,1.0,1.0,True,True,1,1,0,True,1,1,0,0,True,True,0,11,5,11,5,2,RP_LS,sampled_pool,,,False,0.2777777777777778,0.2090579567612732,0.7222222222222222,0.1,adaptive,insert_random_aisle,offspring,random_feasible_start_no_adaptive_spacing,,,,feasible_start_adaptive_spacing,0.5,,True,auto_from_instance,0.75,0.35,"5,14,16,25,26,36,42,50,55","10,14,17,24",,,,,,"H[5,14,16,17,25,26,28,36,42,50,55]|V[10,14,17,23,24]",4f545645b4b8fdfa114560d6dfde965de75272eb
proposed_nsga2_bs_Gyorgy-KOVACS_WH_Wide_AW_5_seed_116,proposed_nsga2_bs,Gyorgy-KOVACS_WH_Wide_AW_5,116,4,auto_from_instance,12,18,4,30,216,,,,,7,2,5,root > H:42 > BH:17 > BV:25 > BV:23 > BH:26,evaluated,10,inf,False,727,160,567,1500.0,1.0,1.0,True,True,1,1,0,True,1,1,0,0,True,True,0,10,6,10,6,2,RP_LS,sampled_pool,,,False,0.2777777777777778,0.2090579567612732,0.7222222222222222,0.1,adaptive,insert_random_aisle,offspring,random_feasible_start_no_adaptive_spacing,,,,feasible_start_adaptive_spacing,0.5,,True,auto_from_instance,0.75,0.35,"5,14,16,25,26,36,42,50,55","10,14,17,24",,,,,,"H[5,14,16,17,25,26,36,42,50,55]|V[10,14,17,23,24,25]",1de66d316d5c5982b714f84c987cbddedb970d18
proposed_nsga2_bs_Gyorgy-KOVACS_WH_Wide_AW_5_seed_116,proposed_nsga2_bs,Gyorgy-KOVACS_WH_Wide_AW_5,116,4,auto_from_instance,12,18,4,30,216,,,,,8,2,5,root > H:42 > BH:17 > BV:25 > BH:28 > BV:21,evaluated,11,inf,False,727,160,567,1544.0,1.0,1.0,True,True,1,1,0,True,1,1,0,0,True,True,0,11,6,11,6,2,RP_LS,sampled_pool,,,False,0.2777777777777778,0.2090579567612732,0.7222222222222222,0.1,adaptive,insert_random_aisle,offspring,random_feasible_start_no_adaptive_spacing,,,,feasible_start_adaptive_spacing,0.5,,True,auto_from_instance,0.75,0.35,"5,14,16,25,26,36,42,50,55","10,14,17,24",,,,,,"H[5,14,16,17,25,26,28,36,42,50,55]|V[10,14,17,21,24,25]",e1d434bc8ccde57885c3cb6f381408dc16f597e8
proposed_nsga2_bs_Gyorgy-KOVACS_WH_Wide_AW_5_seed_116,proposed_nsga2_bs,Gyorgy-KOVACS_WH_Wide_AW_5,116,4,auto_from_instance,12,18,4,30,216,,,,,9,4,7,root > V:17 > BH:26 > BH:7 > BH:16 > BH:25 > BH:36 > BH:47,selected,2,inf,True,572,220,352,663.0,1.0,1.0,True,True,1,1,0,True,1,1,0,0,True,True,0,13,2,13,2,4,LS_PF,sampled_pool,,,False,0.2777777777777778,0.2632299300309129,0.7222222222222222,0.1,adaptive,spacing_aware_flip,offspring,random_feasible_start_no_adaptive_spacing,,,,feasible_start_adaptive_spacing,0.5,,True,auto_from_instance,0.75,0.35,"5,14,16,25,26,31,36,44,45,47,50,55","17,24",,,,,,"H[5,7,14,16,25,26,31,36,44,45,47,50,55]|V[17,24]",61426df39d9f05da4c561d5073d32a1cf777516d
proposed_nsga2_bs_Gyorgy-KOVACS_WH_Wide_AW_5_seed_116,proposed_nsga2_bs,Gyorgy-KOVACS_WH_Wide_AW_5,116,4,auto_from_instance,12,18,4,30,216,,,,,10,4,7,root > V:17 > BH:26 > BH:7 > BH:16 > BH:25 > BH:36 > BH:45,selected,4,inf,True,572,220,352,867.0,1.0,1.0,True,True,1,1,0,True,1,1,0,0,True,True,0,13,2,13,2,4,LS_PF,sampled_pool,,,False,0.2777777777777778,0.2632299300309129,0.7222222222222222,0.1,adaptive,spacing_aware_flip,offspring,random_feasible_start_no_adaptive_spacing,,,,feasible_start_adaptive_spacing,0.5,,True,auto_from_instance,0.75,0.35,"5,14,16,25,26,31,36,44,45,47,50,55","17,24",,,,,,"H[5,7,14,16,25,26,31,36,44,45,47,50,55]|V[17,24]",90295bddff4683947eef98c9cba63e2b098e11a6
proposed_nsga2_bs_Gyorgy-KOVACS_WH_Wide_AW_5_seed_116,proposed_nsga2_bs,Gyorgy-KOVACS_WH_Wide_AW_5,116,4,auto_from_instance,12,18,4,30,216,,,,,11,4,7,root > V:17 > BH:26 > BH:5 > BH:16 > BH:25 > BH:36 > BH:47,selected,1,3.0,True,572,220,352,507.0,1.0,1.0,True,True,1,1,0,True,1,1,0,0,True,True,0,12,2,12,2,4,LS_PF,sampled_pool,,,False,0.2777777777777778,0.2632299300309129,0.7222222222222222,0.1,adaptive,spacing_aware_flip,offspring,random_feasible_start_no_adaptive_spacing,,,,feasible_start_adaptive_spacing,0.5,,True,auto_from_instance,0.75,0.35,"5,14,16,25,26,31,36,44,45,47,50,55","17,24",,,,,,"H[5,14,16,25,26,31,36,44,45,47,50,55]|V[17,24]",173dd91401b4b71d9f20edd9e83506be465b9528
proposed_nsga2_bs_Gyorgy-KOVACS_WH_Wide_AW_5_seed_116,proposed_nsga2_bs,Gyorgy-KOVACS_WH_Wide_AW_5,116,4,auto_from_instance,12,18,4,30,216,,,,,12,4,7,root > V:17 > BH:26 > BH:5 > BH:16 > BH:25 > BH:36 > BH:45,selected,3,inf,True,572,220,352,711.0,1.0,1.0,True,True,1,1,0,True,1,1,0,0,True,True,0,12,2,12,2,4,LS_PF,sampled_pool,,,False,0.2777777777777778,0.2632299300309129,0.7222222222222222,0.1,adaptive,spacing_aware_flip,offspring,random_feasible_start_no_adaptive_spacing,,,,feasible_start_adaptive_spacing,0.5,,True,auto_from_instance,0.75,0.35,"5,14,16,25,26,31,36,44,45,47,50,55","17,24",,,,,,"H[5,14,16,25,26,31,36,44,45,47,50,55]|V[17,24]",854ec9b997ec508dda6ea9e399147d7a4b626ba8
proposed_nsga2_bs_Gyorgy-KOVACS_WH_Wide_AW_5_seed_116,proposed_nsga2_bs,Gyorgy-KOVACS_WH_Wide_AW_5,116,4,auto_from_instance,12,18,4,30,216,,,,,13,5,8,root > V:15 > BH:26 > BH:5 > BH:16 > BH:25 > BH:36 > BH:45 > BV:24,selected,0,inf,True,497,247,250,385.0,1.0,1.0,True,True,1,1,0,True,1,1,0,0,True,True,0,11,6,11,6,5,PF_SS_RP,sampled_pool,,,True,0.2777777777777778,0.25045944655004954,0.7222222222222222,0.1,adaptive,spacing_aware_flip,offspring,random_feasible_start_no_adaptive_spacing,,,,feasible_start_adaptive_spacing,0.5,,True,auto_from_instance,0.75,0.35,"5,16,25,26,36,42,44,45,47,50,55","1,14,15,17,24,31",,,,,,"H[5,16,25,26,36,42,44,45,47,50,55]|V[1,14,15,17,24,31]",416c9c0e4f9e06143d78fee04cbc7a8d1c4800ad
proposed_nsga2_bs_Gyorgy-KOVACS_WH_Wide_AW_5_seed_116,proposed_nsga2_bs,Gyorgy-KOVACS_WH_Wide_AW_5,116,4,auto_from_instance,12,18,4,30,216,,,,,14,7,8,root > V:15 > BH:26 > BH:7 > BH:16 > BH:25 > BH:36 > BH:45 > BV:24,selected,1,inf,True,497,247,250,567.0,1.0,1.0,True,True,1,1,0,True,1,1,0,0,True,True,0,11,7,11,7,7,PF_LS,sampled_pool,,,False,0.2777777777777778,0.35899043316998963,0.7222222222222222,0.1,adaptive,bit_flip,offspring,random_feasible_start_no_adaptive_spacing,,,,feasible_start_adaptive_spacing,0.5,,True,auto_from_instance,0.75,0.35,"5,16,25,26,32,36,42,49,53","14,15,17,19,20,24,29",,,,,,"H[5,7,16,25,26,32,36,42,45,49,53]|V[14,15,17,19,20,24,29]",bad25caaf4e753481b1b798360caa6634ad939f7
proposed_nsga2_bs_Gyorgy-KOVACS_WH_Wide_AW_5_seed_116,proposed_nsga2_bs,Gyorgy-KOVACS_WH_Wide_AW_5,116,4,auto_from_instance,12,18,4,30,216,,,,,15,9,6,root > H:45 > BH:23 > BH:5 > BH:36 > BH:14 > BV:17,evaluated,5,inf,False,612,213,399,880.0,1.0,1.0,True,True,1,1,0,True,1,1,0,0,True,True,0,13,5,13,5,9,SS,sampled_pool,,,True,0.2777777777777778,0.187132020013061,0.7222222222222222,0.1,adaptive,swap_segments,offspring,random_feasible_start_no_adaptive_spacing,,,,feasible_start_adaptive_spacing,0.5,,True,auto_from_instance,0.75,0.35,"5,13,14,16,25,26,28,36,45,47,49,53","1,17,20,21,23",,,,,,"H[5,13,14,16,23,25,26,28,36,45,47,49,53]|V[1,17,20,21,23]",6aaaac4f4db306266a1c4c6252aafb0a957fa804
proposed_nsga2_bs_Gyorgy-KOVACS_WH_Wide_AW_5_seed_116,proposed_nsga2_bs,Gyorgy-KOVACS_WH_Wide_AW_5,116,4,auto_from_instance,12,18,4,30,216,,,,,16,9,6,root > H:45 > BH:23 > BH:5 > BH:36 > BH:14 > BV:19,selected,4,inf,True,612,211,401,829.0,1.0,1.0,True,True,1,1,0,True,1,1,0,0,True,True,0,13,6,13,6,9,SS,sampled_pool,,,True,0.2777777777777778,0.187132020013061,0.7222222222222222,0.1,adaptive,swap_segments,offspring,random_feasible_start_no_adaptive_spacing,,,,feasible_start_adaptive_spacing,0.5,,True,auto_from_instance,0.75,0.35,"5,13,14,16,25,26,28,36,45,47,49,53","1,17,20,21,23",,,,,,"H[5,13,14,16,23,25,26,28,36,45,47,49,53]|V[1,17,19,20,21,23]",cbdb2b70cd091c26a564ebcdafa10d415691975d
proposed_nsga2_bs_Gyorgy-KOVACS_WH_Wide_AW_5_seed_116,proposed_nsga2_bs,Gyorgy-KOVACS_WH_Wide_AW_5,116,4,auto_from_instance,12,18,4,30,216,,,,,17,9,6,root > H:45 > BH:23 > BH:5 > BH:36 > BH:14 > BV:25,evaluated,6,inf,False,612,206,406,936.0,1.0,1.0,True,True,1,1,0,True,1,1,0,0,True,True,0,13,6,13,6,9,SS,sampled_pool,,,True,0.2777777777777778,0.187132020013061,0.7222222222222222,0.1,adaptive,swap_segments,offspring,random_feasible_start_no_adaptive_spacing,,,,feasible_start_adaptive_spacing,0.5,,True,auto_from_instance,0.75,0.35,"5,13,14,16,25,26,28,36,45,47,49,53","1,17,20,21,23",,,,,,"H[5,13,14,16,23,25,26,28,36,45,47,49,53]|V[1,17,20,21,23,25]",3eb153e231ddf1c18f9055088b14a93470230094
proposed_nsga2_bs_Gyorgy-KOVACS_WH_Wide_AW_5_seed_116,proposed_nsga2_bs,Gyorgy-KOVACS_WH_Wide_AW_5,116,4,auto_from_instance,12,18,4,30,216,,,,,18,9,6,root > H:45 > BH:23 > BH:5 > BH:36 > BH:14 > BV:23,evaluated,7,inf,False,612,204,408,976.0,1.0,1.0,True,True,1,1,0,True,1,1,0,0,True,True,0,13,5,13,5,9,SS,sampled_pool,,,True,0.2777777777777778,0.187132020013061,0.7222222222222222,0.1,adaptive,swap_segments,offspring,random_feasible_start_no_adaptive_spacing,,,,feasible_start_adaptive_spacing,0.5,,True,auto_from_instance,0.75,0.35,"5,13,14,16,25,26,28,36,45,47,49,53","1,17,20,21,23",,,,,,"H[5,13,14,16,23,25,26,28,36,45,47,49,53]|V[1,17,20,21,23]",56a1d56587655fcd1313941a02d016800395a80a
proposed_nsga2_bs_Gyorgy-KOVACS_WH_Wide_AW_5_seed_116,proposed_nsga2_bs,Gyorgy-KOVACS_WH_Wide_AW_5,116,4,auto_from_instance,12,18,4,30,216,,,,,19,10,8,root > V:15 > BH:26 > BH:5 > BH:14 > BH:25 > BH:36 > BH:45 > BV:24,selected,0,inf,True,497,247,250,385.0,1.0,1.0,True,True,1,1,0,True,1,1,0,0,True,True,0,9,7,9,7,10,LS_SS,sampled_pool,,,True,0.2777777777777778,0.2601272008312297,0.7222222222222222,0.1,adaptive,swap_segments,offspring,random_feasible_start_no_adaptive_spacing,,,,feasible_start_adaptive_spacing,0.5,,True,auto_from_instance,0.75,0.35,"5,7,9,16,25,26,36,45","14,15,21,22,24,27,28",,,,,,"H[5,7,9,14,16,25,26,36,45]|V[14,15,21,22,24,27,28]",4f5b467192e7c6ce4bc3fd69bf3ce13c31bd8ba0
proposed_nsga2_bs_Gyorgy-KOVACS_WH_Wide_AW_5_seed_116,proposed_nsga2_bs,Gyorgy-KOVACS_WH_Wide_AW_5,116,4,auto_from_instance,12,18,4,30,216,,,,,20,12,7,root > V:21 > BH:26 > BH:5 > BH:16 > BH:27 > BH:38 > BH:47,evaluated,5,inf,False,652,180,472,763.0,1.0,1.0,True,True,1,1,0,True,1,1,0,0,True,True,0,13,9,13,9,12,SS,sampled_pool,,,True,0.2777777777777778,0.30598119523459927,0.7222222222222222,0.1,adaptive,bit_flip,offspring,random_feasible_start_no_adaptive_spacing,,,,feasible_start_adaptive_spacing,0.5,,True,auto_from_instance,0.75,0.35,"5,7,16,21,25,26,36,42,49,53","14,15,17,19,20,21,24,28,29",,,,,,"H[5,7,16,21,25,26,27,36,38,42,47,49,53]|V[14,15,17,19,20,21,24,28,29]",2f63addef0a564eaffadcb442913b04bcdb20a31
proposed_nsga2_bs_Gyorgy-KOVACS_WH_Wide_AW_5_seed_116,proposed_nsga2_bs,Gyorgy-KOVACS_WH_Wide_AW_5,116,4,auto_from_instance,12,18,4,30,216,,,,,21,12,7,root > V:21 > BH:26 > BH:5 > BH:16 > BH:27 > BH:36 > BH:47,evaluated,5,0.0,False,652,180,472,763.0,1.0,1.0,True,True,1,1,0,True,1,1,0,0,True,True,0,12,9,12,9,12,SS,sampled_pool,,,True,0.2777777777777778,0.30598119523459927,0.7222222222222222,0.1,adaptive,bit_flip,offspring,random_feasible_start_no_adaptive_spacing,,,,feasible_start_adaptive_spacing,0.5,,True,auto_from_instance,0.75,0.35,"5,7,16,21,25,26,36,42,49,53","14,15,17,19,20,21,24,28,29",,,,,,"H[5,7,16,21,25,26,27,36,42,47,49,53]|V[14,15,17,19,20,21,24,28,29]",0f96e027200fa1a1c0edb07d21a5eb62a8ebadb2
proposed_nsga2_bs_Gyorgy-KOVACS_WH_Wide_AW_5_seed_116,proposed_nsga2_bs,Gyorgy-KOVACS_WH_Wide_AW_5,116,4,auto_from_instance,12,18,4,30,216,,,,,22,12,7,root > V:21 > BH:26 > BH:5 > BH:16 > BH:25 > BH:36 > BH:47,evaluated,5,0.0,False,652,180,472,763.0,1.0,1.0,True,True,1,1,0,True,1,1,0,0,True,True,0,11,9,11,9,12,SS,sampled_pool,,,True,0.2777777777777778,0.30598119523459927,0.7222222222222222,0.1,adaptive,bit_flip,offspring,random_feasible_start_no_adaptive_spacing,,,,feasible_start_adaptive_spacing,0.5,,True,auto_from_instance,0.75,0.35,"5,7,16,21,25,26,36,42,49,53","14,15,17,19,20,21,24,28,29",,,,,,"H[5,7,16,21,25,26,36,42,47,49,53]|V[14,15,17,19,20,21,24,28,29]",01a90fb20467da592e93711ac8a849c3053fcfd6
proposed_nsga2_bs_Gyorgy-KOVACS_WH_Wide_AW_5_seed_116,proposed_nsga2_bs,Gyorgy-KOVACS_WH_Wide_AW_5,116,4,auto_from_instance,12,18,4,30,216,,,,,23,12,7,root > V:21 > BH:26 > BH:5 > BH:14 > BH:25 > BH:36 > BH:47,evaluated,5,inf,False,652,180,472,763.0,1.0,1.0,True,True,1,1,0,True,1,1,0,0,True,True,0,12,9,12,9,12,SS,sampled_pool,,,True,0.2777777777777778,0.30598119523459927,0.7222222222222222,0.1,adaptive,bit_flip,offspring,random_feasible_start_no_adaptive_spacing,,,,feasible_start_adaptive_spacing,0.5,,True,auto_from_instance,0.75,0.35,"5,7,16,21,25,26,36,42,49,53","14,15,17,19,20,21,24,28,29",,,,,,"H[5,7,14,16,21,25,26,36,42,47,49,53]|V[14,15,17,19,20,21,24,28,29]",1958a387e19298fbb01706dd6afdd7339df9d6ae
proposed_nsga2_bs_Gyorgy-KOVACS_WH_Wide_AW_5_seed_116,proposed_nsga2_bs,Gyorgy-KOVACS_WH_Wide_AW_5,116,5,auto_from_instance,12,18,4,30,216,,,,,1,1,5,root > H:14 > BH:37 > BV:25 > BV:25 > BH:27,evaluated,8,inf,False,717,168,549,1225.0,1.0,1.0,True,True,1,1,0,True,1,1,0,0,True,True,0,14,3,14,3,1,SS,sampled_pool,,,True,0.3333333333333333,0.356678125026705,0.6666666666666667,0.1,adaptive,swap_segments,offspring,random_feasible_start_no_adaptive_spacing,,,,feasible_start_adaptive_spacing,0.5,,True,auto_from_instance,0.75,0.35,"5,14,16,25,26,31,36,44,45,47,50,55","17,24",,,,,,"H[5,14,16,25,26,27,31,36,37,44,45,47,50,55]|V[17,24,25]",afe886326d4751ad49ab26d1d46274a0c4fd625a
proposed_nsga2_bs_Gyorgy-KOVACS_WH_Wide_AW_5_seed_116,proposed_nsga2_bs,Gyorgy-KOVACS_WH_Wide_AW_5,116,5,auto_from_instance,12,18,4,30,216,,,,,2,1,5,root > H:14 > BH:37 > BV:25 > BV:25 > BH:25,evaluated,8,inf,False,717,168,549,1225.0,1.0,1.0,True,True,1,1,0,True,1,1,0,0,True,True,0,13,3,13,3,1,SS,sampled_pool,,,True,0.3333333333333333,0.356678125026705,0.6666666666666667,0.1,adaptive,swap_segments,offspring,random_feasible_start_no_adaptive_spacing,,,,feasible_start_adaptive_spacing,0.5,,True,auto_from_instance,0.75,0.35,"5,14,16,25,26,31,36,44,45,47,50,55","17,24",,,,,,"H[5,14,16,25,26,31,36,37,44,45,47,50,55]|V[17,24,25]",68543fe424a3c5e9c649d01a634c606277c3b89e
proposed_nsga2_bs_Gyorgy-KOVACS_WH_Wide_AW_5_seed_116,proposed_nsga2_bs,Gyorgy-KOVACS_WH_Wide_AW_5,116,5,auto_from_instance,12,18,4,30,216,,,,,3,1,5,root > H:14 > BH:35 > BV:25 > BV:25 > BH:25,evaluated,7,inf,False,707,172,535,1188.0,1.0,1.0,True,True,1,1,0,True,1,1,0,0,True,True,0,13,3,13,3,1,SS,sampled_pool,,,True,0.3333333333333333,0.356678125026705,0.6666666666666667,0.1,adaptive,swap_segments,offspring,random_feasible_start_no_adaptive_spacing,,,,feasible_start_adaptive_spacing,0.5,,True,auto_from_instance,0.75,0.35,"5,14,16,25,26,31,36,44,45,47,50,55","17,24",,,,,,"H[5,14,16,25,26,31,35,36,44,45,47,50,55]|V[17,24,25]",d6b1987339e71b4b69afa1c4856c1566e3cf1119
proposed_nsga2_bs_Gyorgy-KOVACS_WH_Wide_AW_5_seed_116,proposed_nsga2_bs,Gyorgy-KOVACS_WH_Wide_AW_5,116,5,auto_from_instance,12,18,4,30,216,,,,,4,1,5,root > H:14 > BH:35 > BV:25 > BV:23 > BH:25,evaluated,8,inf,False,707,172,535,1279.0,1.0,1.0,True,True,1,1,0,True,1,1,0,0,True,True,0,13,4,13,4,1,SS,sampled_pool,,,True,0.3333333333333333,0.356678125026705,0.6666666666666667,0.1,adaptive,swap_segments,offspring,random_feasible_start_no_adaptive_spacing,,,,feasible_start_adaptive_spacing,0.5,,True,auto_from_instance,0.75,0.35,"5,14,16,25,26,31,36,44,45,47,50,55","17,24",,,,,,"H[5,14,16,25,26,31,35,36,44,45,47,50,55]|V[17,23,24,25]",0dd75170502df1500f51400df81018bdeca7bee9
proposed_nsga2_bs_Gyorgy-KOVACS_WH_Wide_AW_5_seed_116,proposed_nsga2_bs,Gyorgy-KOVACS_WH_Wide_AW_5,116,5,auto_from_instance,12,18,4,30,216,,,,,5,2,7,root > V:17 > BH:26 > BH:7 > BH:16 > BH:25 > BH:36 > BH:47,selected,2,inf,True,572,220,352,663.0,1.0,1.0,True,True,1,1,0,True,1,1,0,0,True,True,0,13,3,13,3,2,LS,sampled_pool,,,False,0.3333333333333333,0.36027928369447015,0.6666666666666667,0.1,adaptive,bit_flip,offspring,random_feasible_start_no_adaptive_spacing,,,,feasible_start_adaptive_spacing,0.5,,True,auto_from_instance,0.75,0.35,"5,7,14,16,25,26,31,36,44,45,47,50,55","11,17,24",,,,,,"H[5,7,14,16,25,26,31,36,44,45,47,50,55]|V[11,17,24]",61426df39d9f05da4c561d5073d32a1cf777516d
proposed_nsga2_bs_Gyorgy-KOVACS_WH_Wide_AW_5_seed_116,proposed_nsga2_bs,Gyorgy-KOVACS_WH_Wide_AW_5,116,5,auto_from_instance,12,18,4,30,216,,,,,6,2,7,root > V:17 > BH:26 > BH:7 > BH:16 > BH:25 > BH:36 > BH:45,selected,4,inf,True,572,220,352,867.0,1.0,1.0,True,True,1,1,0,True,1,1,0,0,True,True,0,13,3,13,3,2,LS,sampled_pool,,,False,0.3333333333333333,0.36027928369447015,0.6666666666666667,0.1,adaptive,bit_flip,offspring,random_feasible_start_no_adaptive_spacing,,,,feasible_start_adaptive_spacing,0.5,,True,auto_from_instance,0.75,0.35,"5,7,14,16,25,26,31,36,44,45,47,50,55","11,17,24",,,,,,"H[5,7,14,16,25,26,31,36,44,45,47,50,55]|V[11,17,24]",90295bddff4683947eef98c9cba63e2b098e11a6
proposed_nsga2_bs_Gyorgy-KOVACS_WH_Wide_AW_5_seed_116,proposed_nsga2_bs,Gyorgy-KOVACS_WH_Wide_AW_5,116,5,auto_from_instance,12,18,4,30,216,,,,,7,2,7,root > V:17 > BH:26 > BH:5 > BH:16 > BH:25 > BH:36 > BH:47,selected,1,inf,True,572,220,352,507.0,1.0,1.0,True,True,1,1,0,True,1,1,0,0,True,True,0,13,3,13,3,2,LS,sampled_pool,,,False,0.3333333333333333,0.36027928369447015,0.6666666666666667,0.1,adaptive,bit_flip,offspring,random_feasible_start_no_adaptive_spacing,,,,feasible_start_adaptive_spacing,0.5,,True,auto_from_instance,0.75,0.35,"5,7,14,16,25,26,31,36,44,45,47,50,55","11,17,24",,,,,,"H[5,7,14,16,25,26,31,36,44,45,47,50,55]|V[11,17,24]",173dd91401b4b71d9f20edd9e83506be465b9528
proposed_nsga2_bs_Gyorgy-KOVACS_WH_Wide_AW_5_seed_116,proposed_nsga2_bs,Gyorgy-KOVACS_WH_Wide_AW_5,116,5,auto_from_instance,12,18,4,30,216,,,,,8,2,7,root > V:17 > BH:26 > BH:5 > BH:16 > BH:25 > BH:36 > BH:45,selected,3,inf,True,572,220,352,711.0,1.0,1.0,True,True,1,1,0,True,1,1,0,0,True,True,0,13,3,13,3,2,LS,sampled_pool,,,False,0.3333333333333333,0.36027928369447015,0.6666666666666667,0.1,adaptive,bit_flip,offspring,random_feasible_start_no_adaptive_spacing,,,,feasible_start_adaptive_spacing,0.5,,True,auto_from_instance,0.75,0.35,"5,7,14,16,25,26,31,36,44,45,47,50,55","11,17,24",,,,,,"H[5,7,14,16,25,26,31,36,44,45,47,50,55]|V[11,17,24]",854ec9b997ec508dda6ea9e399147d7a4b626ba8
proposed_nsga2_bs_Gyorgy-KOVACS_WH_Wide_AW_5_seed_116,proposed_nsga2_bs,Gyorgy-KOVACS_WH_Wide_AW_5,116,5,auto_from_instance,12,18,4,30,216,,,,,9,3,7,root > V:17 > BH:26 > BH:5 > BH:14 > BH:25 > BH:36 > BH:47,selected,1,inf,True,572,220,352,507.0,1.0,1.0,True,True,1,1,0,True,1,1,0,0,True,True,0,9,2,9,2,3,PF_SS_RP,sampled_pool,,,True,0.3333333333333333,0.3531981079955072,0.6666666666666667,0.1,adaptive,spacing_aware_flip,offspring,random_feasible_start_no_adaptive_spacing,,,,feasible_start_adaptive_spacing,0.5,,True,auto_from_instance,0.75,0.35,"5,14,16,25,26,36,45,52","17,24",,,,,,"H[5,14,16,25,26,36,45,47,52]|V[17,24]",e59e5dd5e1537a2d164e028d12bd66f538f0cb70
proposed_nsga2_bs_Gyorgy-KOVACS_WH_Wide_AW_5_seed_116,proposed_nsga2_bs,Gyorgy-KOVACS_WH_Wide_AW_5,116,5,auto_from_instance,12,18,4,30,216,,,,,10,4,6,root > V:21 > BH:26 > BH:5 > BH:16 > BH:29 > BH:42,evaluated,7,inf,False,692,165,527,1197.0,1.0,1.0,True,True,1,1,0,True,1,1,0,0,True,True,0,17,7,17,7,4,RP_LS,sampled_pool,,,False,0.3333333333333333,0.3196670686739704,0.6666666666666667,0.1,adaptive,bit_flip,offspring,random_feasible_start_no_adaptive_spacing,,,,feasible_start_adaptive_spacing,0.5,,True,auto_from_instance,0.75,0.35,"5,6,7,9,14,16,25,26,31,36,44,45,47,50,55","14,15,21,22,24,27,28",,,,,,"H[5,6,7,9,14,16,25,26,29,31,36,42,44,45,47,50,55]|V[14,15,21,22,24,27,28]",3e80fff572b45638d4c993741f9187431fecc243
proposed_nsga2_bs_Gyorgy-KOVACS_WH_Wide_AW_5_seed_116,proposed_nsga2_bs,Gyorgy-KOVACS_WH_Wide_AW_5,116,5,auto_from_instance,12,18,4,30,216,,,,,11,4,6,root > V:21 > BH:26 > BH:5 > BH:16 > BH:27 > BH:40,evaluated,7,inf,False,692,168,524,1255.0,1.0,1.0,True,True,1,1,0,True,1,1,0,0,True,True,0,17,7,17,7,4,RP_LS,sampled_pool,,,False,0.3333333333333333,0.3196670686739704,0.6666666666666667,0.1,adaptive,bit_flip,offspring,random_feasible_start_no_adaptive_spacing,,,,feasible_start_adaptive_spacing,0.5,,True,auto_from_instance,0.75,0.35,"5,6,7,9,14,16,25,26,31,36,44,45,47,50,55","14,15,21,22,24,27,28",,,,,,"H[5,6,7,9,14,16,25,26,27,31,36,40,44,45,47,50,55]|V[14,15,21,22,24,27,28]",c29204a760792de9b5fff7fd1f22463071b8fe3a
proposed_nsga2_bs_Gyorgy-KOVACS_WH_Wide_AW_5_seed_116,proposed_nsga2_bs,Gyorgy-KOVACS_WH_Wide_AW_5,116,5,auto_from_instance,12,18,4,30,216,,,,,12,4,6,root > V:21 > BH:26 > BH:5 > BH:16 > BH:29 > BH:40,evaluated,8,inf,False,692,167,525,1255.0,1.0,1.0,True,True,1,1,0,True,1,1,0,0,True,True,0,17,7,17,7,4,RP_LS,sampled_pool,,,False,0.3333333333333333,0.3196670686739704,0.6666666666666667,0.1,adaptive,bit_flip,offspring,random_feasible_start_no_adaptive_spacing,,,,feasible_start_adaptive_spacing,0.5,,True,auto_from_instance,0.75,0.35,"5,6,7,9,14,16,25,26,31,36,44,45,47,50,55","14,15,21,22,24,27,28",,,,,,"H[5,6,7,9,14,16,25,26,29,31,36,40,44,45,47,50,55]|V[14,15,21,22,24,27,28]",4438a07913bba44771acc09fec1861ea8b6e3d46
proposed_nsga2_bs_Gyorgy-KOVACS_WH_Wide_AW_5_seed_116,proposed_nsga2_bs,Gyorgy-KOVACS_WH_Wide_AW_5,116,5,auto_from_instance,12,18,4,30,216,,,,,13,4,6,root > V:21 > BH:26 > BH:47 > BH:35 > BH:23 > BH:11,evaluated,9,inf,False,692,164,528,1293.0,1.0,1.0,True,True,1,1,0,True,1,1,0,0,True,True,0,18,7,18,7,4,RP_LS,sampled_pool,,,False,0.3333333333333333,0.3196670686739704,0.6666666666666667,0.1,adaptive,bit_flip,offspring,random_feasible_start_no_adaptive_spacing,,,,feasible_start_adaptive_spacing,0.5,,True,auto_from_instance,0.75,0.35,"5,6,7,9,14,16,25,26,31,36,44,45,47,50,55","14,15,21,22,24,27,28",,,,,,"H[5,6,7,9,11,14,16,23,25,26,31,35,36,44,45,47,50,55]|V[14,15,21,22,24,27,28]",aefb6def61337c0811fe5b11c3859df6b4d263cc
proposed_nsga2_bs_Gyorgy-KOVACS_WH_Wide_AW_5_seed_116,proposed_nsga2_bs,Gyorgy-KOVACS_WH_Wide_AW_5,116,5,auto_from_instance,12,18,4,30,216,,,,,14,5,4,root > V:29 > BH:26 > BV:19 > BV:19,selected,1,inf,True,557,202,355,408.0,1.0,1.0,True,True,1,1,0,True,1,1,0,0,True,True,0,11,9,11,9,5,SS,sampled_pool,,,True,0.3333333333333333,0.37432144249731714,0.6666666666666667,0.1,adaptive,bit_flip,offspring,random_feasible_start_no_adaptive_spacing,,,,feasible_start_adaptive_spacing,0.5,,True,auto_from_instance,0.75,0.35,"5,16,25,26,36,42,44,45,47,50,55","1,11,14,15,17,24,29,31",,,,,,"H[5,16,25,26,36,42,44,45,47,50,55]|V[1,11,14,15,17,19,24,29,31]",225a083d40a70add6d49c842c1ea1b7da9e91627
proposed_nsga2_bs_Gyorgy-KOVACS_WH_Wide_AW_5_seed_116,proposed_nsga2_bs,Gyorgy-KOVACS_WH_Wide_AW_5,116,5,auto_from_instance,12,18,4,30,216,,,,,15,5,4,root > V:29 > BH:26 > BV:19 > BV:17,selected,2,inf,True,557,202,355,458.0,1.0,1.0,True,True,1,1,0,True,1,1,0,0,True,True,0,11,9,11,9,5,SS,sampled_pool,,,True,0.3333333333333333,0.37432144249731714,0.6666666666666667,0.1,adaptive,bit_flip,offspring,random_feasible_start_no_adaptive_spacing,,,,feasible_start_adaptive_spacing,0.5,,True,auto_from_instance,0.75,0.35,"5,16,25,26,36,42,44,45,47,50,55","1,11,14,15,17,24,29,31",,,,,,"H[5,16,25,26,36,42,44,45,47,50,55]|V[1,11,14,15,17,19,24,29,31]",f590e28c4ca08f01adba87c9244bc357b1edb9bd
proposed_nsga2_bs_Gyorgy-KOVACS_WH_Wide_AW_5_seed_116,proposed_nsga2_bs,Gyorgy-KOVACS_WH_Wide_AW_5,116,5,auto_from_instance,12,18,4,30,216,,,,,16,5,4,root > V:29 > BH:26 > BV:19 > BV:17,selected,3,inf,True,557,202,355,460.0,1.0,1.0,True,True,1,1,0,True,1,1,0,0,True,True,0,11,9,11,9,5,SS,sampled_pool,,,True,0.3333333333333333,0.37432144249731714,0.6666666666666667,0.1,adaptive,bit_flip,offspring,random_feasible_start_no_adaptive_spacing,,,,feasible_start_adaptive_spacing,0.5,,True,auto_from_instance,0.75,0.35,"5,16,25,26,36,42,44,45,47,50,55","1,11,14,15,17,24,29,31",,,,,,"H[5,16,25,26,36,42,44,45,47,50,55]|V[1,11,14,15,17,19,24,29,31]",0ccd7482bc13afbeac630bd0faf7012fe4b70f5c
proposed_nsga2_bs_Gyorgy-KOVACS_WH_Wide_AW_5_seed_116,proposed_nsga2_bs,Gyorgy-KOVACS_WH_Wide_AW_5,116,5,auto_from_instance,12,18,4,30,216,,,,,17,5,4,root > V:29 > BH:26 > BV:17 > BV:17,evaluated,4,inf,False,557,202,355,510.0,1.0,1.0,True,True,1,1,0,True,1,1,0,0,True,True,0,11,8,11,8,5,SS,sampled_pool,,,True,0.3333333333333333,0.37432144249731714,0.6666666666666667,0.1,adaptive,bit_flip,offspring,random_feasible_start_no_adaptive_spacing,,,,feasible_start_adaptive_spacing,0.5,,True,auto_from_instance,0.75,0.35,"5,16,25,26,36,42,44,45,47,50,55","1,11,14,15,17,24,29,31",,,,,,"H[5,16,25,26,36,42,44,45,47,50,55]|V[1,11,14,15,17,24,29,31]",01a64afdd46edf4dc6b60538f107b837ec4162f0
proposed_nsga2_bs_Gyorgy-KOVACS_WH_Wide_AW_5_seed_116,proposed_nsga2_bs,Gyorgy-KOVACS_WH_Wide_AW_5,116,5,auto_from_instance,12,18,4,30,216,,,,,18,6,7,root > V:20 > BH:26 > BH:5 > BH:16 > BH:27 > BH:38 > BH:47,evaluated,5,inf,False,632,190,442,801.0,1.0,1.0,True,True,1,1,0,True,1,1,0,0,True,True,0,13,6,13,6,6,SS_LS_PF,sampled_pool,,,True,0.3333333333333333,0.27015574459133407,0.6666666666666667,0.1,adaptive,insert_random_aisle,offspring,random_feasible_start_no_adaptive_spacing,,,,feasible_start_adaptive_spacing,0.5,,True,auto_from_instance,0.75,0.35,"5,16,17,24,26,36,44,45,47,49,53","1,15,17,19,20,24",,,,,,"H[5,16,17,24,26,27,36,38,44,45,47,49,53]|V[1,15,17,19,20,24]",ee07310b0e9a2f7d1ae5c34b1c861964afc3124b
proposed_nsga2_bs_Gyorgy-KOVACS_WH_Wide_AW_5_seed_116,proposed_nsga2_bs,Gyorgy-KOVACS_WH_Wide_AW_5,116,5,auto_from_instance,12,18,4,30,216,,,,,19,6,7,root > V:20 > BH:26 > BH:5 > BH:16 > BH:27 > BH:36 > BH:47,evaluated,5,0.0,False,632,190,442,801.0,1.0,1.0,True,True,1,1,0,True,1,1,0,0,True,True,0,12,6,12,6,6,SS_LS_PF,sampled_pool,,,True,0.3333333333333333,0.27015574459133407,0.6666666666666667,0.1,adaptive,insert_random_aisle,offspring,random_feasible_start_no_adaptive_spacing,,,,feasible_start_adaptive_spacing,0.5,,True,auto_from_instance,0.75,0.35,"5,16,17,24,26,36,44,45,47,49,53","1,15,17,19,20,24",,,,,,"H[5,16,17,24,26,27,36,44,45,47,49,53]|V[1,15,17,19,20,24]",61b6e55fe3097ae48accecb9cc0fe6b0995cbae8
proposed_nsga2_bs_Gyorgy-KOVACS_WH_Wide_AW_5_seed_116,proposed_nsga2_bs,Gyorgy-KOVACS_WH_Wide_AW_5,116,5,auto_from_instance,12,18,4,30,216,,,,,20,6,7,root > V:20 > BH:26 > BH:5 > BH:16 > BH:25 > BH:36 > BH:47,evaluated,5,0.0,False,632,190,442,801.0,1.0,1.0,True,True,1,1,0,True,1,1,0,0,True,True,0,12,6,12,6,6,SS_LS_PF,sampled_pool,,,True,0.3333333333333333,0.27015574459133407,0.6666666666666667,0.1,adaptive,insert_random_aisle,offspring,random_feasible_start_no_adaptive_spacing,,,,feasible_start_adaptive_spacing,0.5,,True,auto_from_instance,0.75,0.35,"5,16,17,24,26,36,44,45,47,49,53","1,15,17,19,20,24",,,,,,"H[5,16,17,24,25,26,36,44,45,47,49,53]|V[1,15,17,19,20,24]",c796e624b3a2a10846ca5765606da2fbf8e1e422
proposed_nsga2_bs_Gyorgy-KOVACS_WH_Wide_AW_5_seed_116,proposed_nsga2_bs,Gyorgy-KOVACS_WH_Wide_AW_5,116,5,auto_from_instance,12,18,4,30,216,,,,,21,6,7,root > V:20 > BH:26 > BH:5 > BH:14 > BH:25 > BH:36 > BH:47,evaluated,5,inf,False,632,190,442,801.0,1.0,1.0,True,True,1,1,0,True,1,1,0,0,True,True,0,13,6,13,6,6,SS_LS_PF,sampled_pool,,,True,0.3333333333333333,0.27015574459133407,0.6666666666666667,0.1,adaptive,insert_random_aisle,offspring,random_feasible_start_no_adaptive_spacing,,,,feasible_start_adaptive_spacing,0.5,,True,auto_from_instance,0.75,0.35,"5,16,17,24,26,36,44,45,47,49,53","1,15,17,19,20,24",,,,,,"H[5,14,16,17,24,25,26,36,44,45,47,49,53]|V[1,15,17,19,20,24]",110440f3c32f366ad4654909eb6e5812bf79fcef
proposed_nsga2_bs_Gyorgy-KOVACS_WH_Wide_AW_5_seed_116,proposed_nsga2_bs,Gyorgy-KOVACS_WH_Wide_AW_5,116,5,auto_from_instance,12,18,4,30,216,,,,,22,7,7,root > V:17 > BH:26 > BH:5 > BH:14 > BH:25 > BH:36 > BH:45,selected,3,inf,True,572,220,352,711.0,1.0,1.0,True,True,1,1,0,True,1,1,0,0,True,True,0,11,6,11,6,7,PF_RP,sampled_pool,,,False,0.3333333333333333,0.307139765400025,0.6666666666666667,0.1,adaptive,insert_random_aisle,offspring,random_feasible_start_no_adaptive_spacing,,,,feasible_start_adaptive_spacing,0.5,,True,auto_from_instance,0.75,0.35,"5,7,9,14,16,19,25,26,36,45,47","17,21,22,24,27,28",,,,,,"H[5,7,9,14,16,19,25,26,36,45,47]|V[17,21,22,24,27,28]",ef95c5265d039c602cc7246bb99c122e90a60068
proposed_nsga2_bs_Gyorgy-KOVACS_WH_Wide_AW_5_seed_116,proposed_nsga2_bs,Gyorgy-KOVACS_WH_Wide_AW_5,116,5,auto_from_instance,12,18,4,30,216,,,,,23,8,8,root > V:15 > BH:26 > BH:5 > BH:16 > BH:25 > BH:36 > BH:45 > BV:24,selected,0,inf,True,497,247,250,385.0,1.0,1.0,True,True,1,1,0,True,1,1,0,0,True,True,0,12,4,12,4,8,LS_SS,sampled_pool,,,True,0.3333333333333333,0.21014532025355986,0.6666666666666667,0.1,adaptive,break_symmetry,offspring,random_feasible_start_no_adaptive_spacing,,,,feasible_start_adaptive_spacing,0.5,,True,auto_from_instance,0.75,0.35,"5,7,14,16,25,26,31,36,44,45,50,55","14,15,23",,,,,,"H[5,7,14,16,25,26,31,36,44,45,50,55]|V[14,15,23,24]",416c9c0e4f9e06143d78fee04cbc7a8d1c4800ad
proposed_nsga2_bs_Gyorgy-KOVACS_WH_Wide_AW_5_seed_116,proposed_nsga2_bs,Gyorgy-KOVACS_WH_Wide_AW_5,116,5,auto_from_instance,12,18,4,30,216,,,,,24,9,8,root > V:18 > BH:26 > BH:5 > BH:16 > BH:25 > BH:36 > BH:45 > BV:29,selected,1,inf,True,557,213,344,441.0,1.0,1.0,True,True,1,1,0,True,1,1,0,0,True,True,0,12,3,12,3,9,LS_RP,sampled_pool,,,False,0.3333333333333333,0.29628660192876255,0.6666666666666667,0.1,adaptive,break_symmetry,offspring,random_feasible_start_no_adaptive_spacing,,,,feasible_start_adaptive_spacing,0.5,,True,auto_from_instance,0.75,0.35,"5,14,16,25,26,31,36,44,45,47,50,55","18,24",,,,,,"H[5,14,16,25,26,31,36,44,45,47,50,55]|V[18,24,29]",71364ffd26b39e09575fe06f8735f14e38505286
proposed_nsga2_bs_Gyorgy-KOVACS_WH_Wide_AW_5_seed_116,proposed_nsga2_bs,Gyorgy-KOVACS_WH_Wide_AW_5,116,5,auto_from_instance,12,18,4,30,216,,,,,25,10,6,root > H:45 > BH:25 > BH:5 > BH:36 > BH:16 > BV:17,evaluated,4,1.3142519419115164,False,612,215,397,838.0,1.0,1.0,True,True,1,1,0,True,1,1,0,0,True,True,0,13,3,13,3,10,SS_LS_PF,sampled_pool,,,True,0.3333333333333333,0.3477032465832758,0.6666666666666667,0.1,adaptive,insert_random_aisle,offspring,random_feasible_start_no_adaptive_spacing,,,,feasible_start_adaptive_spacing,0.5,,True,auto_from_instance,0.75,0.35,"5,7,14,16,25,26,31,36,44,45,47,50,55","14,17,24",,,,,,"H[5,7,14,16,25,26,31,36,44,45,47,50,55]|V[14,17,24]",80928b7f91b49b7483bf405f1a756ffb458ca016
proposed_nsga2_bs_Gyorgy-KOVACS_WH_Wide_AW_5_seed_116,proposed_nsga2_bs,Gyorgy-KOVACS_WH_Wide_AW_5,116,5,auto_from_instance,12,18,4,30,216,,,,,26,10,6,root > H:45 > BH:25 > BH:5 > BH:36 > BH:14 > BV:17,evaluated,4,0.23489679559767168,False,612,215,397,838.0,1.0,1.0,True,True,1,1,0,True,1,1,0,0,True,True,0,13,3,13,3,10,SS_LS_PF,sampled_pool,,,True,0.3333333333333333,0.3477032465832758,0.6666666666666667,0.1,adaptive,insert_random_aisle,offspring,random_feasible_start_no_adaptive_spacing,,,,feasible_start_adaptive_spacing,0.5,,True,auto_from_instance,0.75,0.35,"5,7,14,16,25,26,31,36,44,45,47,50,55","14,17,24",,,,,,"H[5,7,14,16,25,26,31,36,44,45,47,50,55]|V[14,17,24]",8728a035bc7d2e25fb60113548afdca133692f2b
proposed_nsga2_bs_Gyorgy-KOVACS_WH_Wide_AW_5_seed_116,proposed_nsga2_bs,Gyorgy-KOVACS_WH_Wide_AW_5,116,5,auto_from_instance,12,18,4,30,216,,,,,27,10,6,root > H:45 > BH:25 > BH:5 > BH:36 > BH:16 > BV:19,evaluated,4,0.9295746667461311,False,612,213,399,787.0,1.0,1.0,True,True,1,1,0,True,1,1,0,0,True,True,0,13,4,13,4,10,SS_LS_PF,sampled_pool,,,True,0.3333333333333333,0.3477032465832758,0.6666666666666667,0.1,adaptive,insert_random_aisle,offspring,random_feasible_start_no_adaptive_spacing,,,,feasible_start_adaptive_spacing,0.5,,True,auto_from_instance,0.75,0.35,"5,7,14,16,25,26,31,36,44,45,47,50,55","14,17,24",,,,,,"H[5,7,14,16,25,26,31,36,44,45,47,50,55]|V[14,17,19,24]",419d431f1b5008a8837096b07021f558175463ae
proposed_nsga2_bs_Gyorgy-KOVACS_WH_Wide_AW_5_seed_116,proposed_nsga2_bs,Gyorgy-KOVACS_WH_Wide_AW_5,116,5,auto_from_instance,12,18,4,30,216,,,,,28,10,6,root > H:45 > BH:25 > BH:5 > BH:36 > BH:14 > BV:19,selected,4,inf,True,612,213,399,787.0,1.0,1.0,True,True,1,1,0,True,1,1,0,0,True,True,0,13,4,13,4,10,SS_LS_PF,sampled_pool,,,True,0.3333333333333333,0.3477032465832758,0.6666666666666667,0.1,adaptive,insert_random_aisle,offspring,random_feasible_start_no_adaptive_spacing,,,,feasible_start_adaptive_spacing,0.5,,True,auto_from_instance,0.75,0.35,"5,7,14,16,25,26,31,36,44,45,47,50,55","14,17,24",,,,,,"H[5,7,14,16,25,26,31,36,44,45,47,50,55]|V[14,17,19,24]",3f49bcb71de100f5d1e8edca4211bc9294b67ce1
proposed_nsga2_bs_Gyorgy-KOVACS_WH_Wide_AW_5_seed_116,proposed_nsga2_bs,Gyorgy-KOVACS_WH_Wide_AW_5,116,5,auto_from_instance,12,18,4,30,216,,,,,29,11,5,root > H:44 > BH:25 > BH:5 > BH:16 > BV:19,evaluated,7,1.0254730713245996,False,712,173,539,1572.0,1.0,1.0,True,True,1,1,0,True,1,1,0,0,True,True,0,12,5,12,5,11,SS_PF_LS,sampled_pool,,,True,0.3333333333333333,0.37964798152003376,0.6666666666666667,0.1,adaptive,break_symmetry,offspring,random_feasible_start_no_adaptive_spacing,,,,feasible_start_adaptive_spacing,0.5,,True,auto_from_instance,0.75,0.35,"5,7,14,16,25,26,36,44,45,46,50,55","14,15,17,24",,,,,,"H[5,7,14,16,25,26,36,44,45,46,50,55]|V[14,15,17,19,24]",6b37ffe9a5c4f115cee69916f145f5b12e6ffd0a
proposed_nsga2_bs_Gyorgy-KOVACS_WH_Wide_AW_5_seed_116,proposed_nsga2_bs,Gyorgy-KOVACS_WH_Wide_AW_5,116,5,auto_from_instance,12,18,4,30,216,,,,,30,11,5,root > H:44 > BH:25 > BH:5 > BH:14 > BV:19,evaluated,7,inf,False,712,173,539,1572.0,1.0,1.0,True,True,1,1,0,True,1,1,0,0,True,True,0,12,5,12,5,11,SS_PF_LS,sampled_pool,,,True,0.3333333333333333,0.37964798152003376,0.6666666666666667,0.1,adaptive,break_symmetry,offspring,random_feasible_start_no_adaptive_spacing,,,,feasible_start_adaptive_spacing,0.5,,True,auto_from_instance,0.75,0.35,"5,7,14,16,25,26,36,44,45,46,50,55","14,15,17,24",,,,,,"H[5,7,14,16,25,26,36,44,45,46,50,55]|V[14,15,17,19,24]",4b15085abb738a843b46bb0ed2d506dd89a59d10
proposed_nsga2_bs_Gyorgy-KOVACS_WH_Wide_AW_5_seed_116,proposed_nsga2_bs,Gyorgy-KOVACS_WH_Wide_AW_5,116,5,auto_from_instance,12,18,4,30,216,,,,,31,11,5,root > H:44 > BH:25 > BH:5 > BH:16 > BV:17,evaluated,7,inf,False,712,175,537,1646.0,1.0,1.0,True,True,1,1,0,True,1,1,0,0,True,True,0,12,4,12,4,11,SS_PF_LS,sampled_pool,,,True,0.3333333333333333,0.37964798152003376,0.6666666666666667,0.1,adaptive,break_symmetry,offspring,random_feasible_start_no_adaptive_spacing,,,,feasible_start_adaptive_spacing,0.5,,True,auto_from_instance,0.75,0.35,"5,7,14,16,25,26,36,44,45,46,50,55","14,15,17,24",,,,,,"H[5,7,14,16,25,26,36,44,45,46,50,55]|V[14,15,17,24]",fa49668480e8afd5a6de766d52ce4d789bf549ce
proposed_nsga2_bs_Gyorgy-KOVACS_WH_Wide_AW_5_seed_116,proposed_nsga2_bs,Gyorgy-KOVACS_WH_Wide_AW_5,116,5,auto_from_instance,12,18,4,30,216,,,,,32,11,5,root > H:44 > BH:25 > BH:5 > BH:14 > BV:17,evaluated,7,inf,False,712,175,537,1646.0,1.0,1.0,True,True,1,1,0,True,1,1,0,0,True,True,0,12,4,12,4,11,SS_PF_LS,sampled_pool,,,True,0.3333333333333333,0.37964798152003376,0.6666666666666667,0.1,adaptive,break_symmetry,offspring,random_feasible_start_no_adaptive_spacing,,,,feasible_start_adaptive_spacing,0.5,,True,auto_from_instance,0.75,0.35,"5,7,14,16,25,26,36,44,45,46,50,55","14,15,17,24",,,,,,"H[5,7,14,16,25,26,36,44,45,46,50,55]|V[14,15,17,24]",4d724b0bd742f2eab227e4cc1799c4f41cbaa9d9
proposed_nsga2_bs_Gyorgy-KOVACS_WH_Wide_AW_5_seed_116,proposed_nsga2_bs,Gyorgy-KOVACS_WH_Wide_AW_5,116,5,auto_from_instance,12,18,4,30,216,,,,,33,12,7,root > V:21 > BH:26 > BH:5 > BH:16 > BH:25 > BH:36 > BH:47,evaluated,5,inf,False,652,180,472,763.0,1.0,1.0,True,True,1,1,0,True,1,1,0,0,True,True,0,11,4,11,4,12,LS_RP,sampled_pool,,,False,0.3333333333333333,0.23717122803676183,0.6666666666666667,0.1,adaptive,bit_flip,offspring,random_feasible_start_no_adaptive_spacing,,,,feasible_start_adaptive_spacing,0.5,,True,auto_from_instance,0.75,0.35,"5,7,9,14,16,25,26,31,36,45","21,22,27,28",,,,,,"H[5,7,9,14,16,25,26,31,36,45,47]|V[21,22,27,28]",01a90fb20467da592e93711ac8a849c3053fcfd6
proposed_nsga2_bs_Gyorgy-KOVACS_WH_Wide_AW_5_seed_116,proposed_nsga2_bs,Gyorgy-KOVACS_WH_Wide_AW_5,116,5,auto_from_instance,12,18,4,30,216,,,,,34,12,7,root > V:21 > BH:26 > BH:5 > BH:14 > BH:25 > BH:36 > BH:47,evaluated,5,inf,False,652,180,472,763.0,1.0,1.0,True,True,1,1,0,True,1,1,0,0,True,True,0,11,4,11,4,12,LS_RP,sampled_pool,,,False,0.3333333333333333,0.23717122803676183,0.6666666666666667,0.1,adaptive,bit_flip,offspring,random_feasible_start_no_adaptive_spacing,,,,feasible_start_adaptive_spacing,0.5,,True,auto_from_instance,0.75,0.35,"5,7,9,14,16,25,26,31,36,45","21,22,27,28",,,,,,"H[5,7,9,14,16,25,26,31,36,45,47]|V[21,22,27,28]",1958a387e19298fbb01706dd6afdd7339df9d6ae
proposed_nsga2_bs_Gyorgy-KOVACS_WH_Wide_AW_5_seed_116,proposed_nsga2_bs,Gyorgy-KOVACS_WH_Wide_AW_5,116,5,auto_from_instance,12,18,4,30,216,,,,,35,12,7,root > V:21 > BH:26 > BH:5 > BH:16 > BH:25 > BH:36 > BH:45,evaluated,6,inf,False,652,180,472,899.0,1.0,1.0,True,True,1,1,0,True,1,1,0,0,True,True,0,10,4,10,4,12,LS_RP,sampled_pool,,,False,0.3333333333333333,0.23717122803676183,0.6666666666666667,0.1,adaptive,bit_flip,offspring,random_feasible_start_no_adaptive_spacing,,,,feasible_start_adaptive_spacing,0.5,,True,auto_from_instance,0.75,0.35,"5,7,9,14,16,25,26,31,36,45","21,22,27,28",,,,,,"H[5,7,9,14,16,25,26,31,36,45]|V[21,22,27,28]",8e88c0c464d5e2054bb58e24df478d0e262d6485
proposed_nsga2_bs_Gyorgy-KOVACS_WH_Wide_AW_5_seed_116,proposed_nsga2_bs,Gyorgy-KOVACS_WH_Wide_AW_5,116,5,auto_from_instance,12,18,4,30,216,,,,,36,12,7,root > V:21 > BH:26 > BH:5 > BH:14 > BH:25 > BH:36 > BH:45,evaluated,6,inf,False,652,180,472,899.0,1.0,1.0,True,True,1,1,0,True,1,1,0,0,True,True,0,10,4,10,4,12,LS_RP,sampled_pool,,,False,0.3333333333333333,0.23717122803676183,0.6666666666666667,0.1,adaptive,bit_flip,offspring,random_feasible_start_no_adaptive_spacing,,,,feasible_start_adaptive_spacing,0.5,,True,auto_from_instance,0.75,0.35,"5,7,9,14,16,25,26,31,36,45","21,22,27,28",,,,,,"H[5,7,9,14,16,25,26,31,36,45]|V[21,22,27,28]",f2b245d80a9e03cb9543fcc56f57562ad4aadb7c
proposed_nsga2_bs_Gyorgy-KOVACS_WH_Wide_AW_5_seed_116,proposed_nsga2_bs,Gyorgy-KOVACS_WH_Wide_AW_5,116,6,auto_from_instance,12,18,4,30,216,,,,,1,1,7,root > V:17 > BH:26 > BH:7 > BH:16 > BH:25 > BH:36 > BH:47,selected,2,inf,True,572,220,352,663.0,1.0,1.0,True,True,1,1,0,True,1,1,0,0,True,True,0,12,2,12,2,1,PF,sampled_pool,,,False,0.3888888888888889,0.3741762286321569,0.6111111111111112,0.1,adaptive,bit_flip,offspring,random_feasible_start_no_adaptive_spacing,,,,feasible_start_adaptive_spacing,0.5,,True,auto_from_instance,0.75,0.35,"5,7,10,14,16,25,26,36,45,47,50,55","17,24",,,,,,"H[5,7,10,14,16,25,26,36,45,47,50,55]|V[17,24]",61426df39d9f05da4c561d5073d32a1cf777516d
proposed_nsga2_bs_Gyorgy-KOVACS_WH_Wide_AW_5_seed_116,proposed_nsga2_bs,Gyorgy-KOVACS_WH_Wide_AW_5,116,6,auto_from_instance,12,18,4,30,216,,,,,2,1,7,root > V:17 > BH:26 > BH:7 > BH:16 > BH:25 > BH:36 > BH:45,selected,4,inf,True,572,220,352,867.0,1.0,1.0,True,True,1,1,0,True,1,1,0,0,True,True,0,12,2,12,2,1,PF,sampled_pool,,,False,0.3888888888888889,0.3741762286321569,0.6111111111111112,0.1,adaptive,bit_flip,offspring,random_feasible_start_no_adaptive_spacing,,,,feasible_start_adaptive_spacing,0.5,,True,auto_from_instance,0.75,0.35,"5,7,10,14,16,25,26,36,45,47,50,55","17,24",,,,,,"H[5,7,10,14,16,25,26,36,45,47,50,55]|V[17,24]",90295bddff4683947eef98c9cba63e2b098e11a6
proposed_nsga2_bs_Gyorgy-KOVACS_WH_Wide_AW_5_seed_116,proposed_nsga2_bs,Gyorgy-KOVACS_WH_Wide_AW_5,116,6,auto_from_instance,12,18,4,30,216,,,,,3,1,7,root > V:17 > BH:26 > BH:5 > BH:16 > BH:25 > BH:36 > BH:47,selected,1,inf,True,572,220,352,507.0,1.0,1.0,True,True,1,1,0,True,1,1,0,0,True,True,0,12,2,12,2,1,PF,sampled_pool,,,False,0.3888888888888889,0.3741762286321569,0.6111111111111112,0.1,adaptive,bit_flip,offspring,random_feasible_start_no_adaptive_spacing,,,,feasible_start_adaptive_spacing,0.5,,True,auto_from_instance,0.75,0.35,"5,7,10,14,16,25,26,36,45,47,50,55","17,24",,,,,,"H[5,7,10,14,16,25,26,36,45,47,50,55]|V[17,24]",173dd91401b4b71d9f20edd9e83506be465b9528
proposed_nsga2_bs_Gyorgy-KOVACS_WH_Wide_AW_5_seed_116,proposed_nsga2_bs,Gyorgy-KOVACS_WH_Wide_AW_5,116,6,auto_from_instance,12,18,4,30,216,,,,,4,1,7,root > V:17 > BH:26 > BH:5 > BH:16 > BH:25 > BH:36 > BH:45,selected,3,inf,True,572,220,352,711.0,1.0,1.0,True,True,1,1,0,True,1,1,0,0,True,True,0,12,2,12,2,1,PF,sampled_pool,,,False,0.3888888888888889,0.3741762286321569,0.6111111111111112,0.1,adaptive,bit_flip,offspring,random_feasible_start_no_adaptive_spacing,,,,feasible_start_adaptive_spacing,0.5,,True,auto_from_instance,0.75,0.35,"5,7,10,14,16,25,26,36,45,47,50,55","17,24",,,,,,"H[5,7,10,14,16,25,26,36,45,47,50,55]|V[17,24]",854ec9b997ec508dda6ea9e399147d7a4b626ba8
proposed_nsga2_bs_Gyorgy-KOVACS_WH_Wide_AW_5_seed_116,proposed_nsga2_bs,Gyorgy-KOVACS_WH_Wide_AW_5,116,6,auto_from_instance,12,18,4,30,216,,,,,5,3,7,root > V:21 > BH:26 > BH:5 > BH:16 > BH:27 > BH:38 > BH:47,selected,5,inf,True,652,180,472,763.0,1.0,1.0,True,True,1,1,0,True,1,1,0,0,True,True,0,14,7,14,7,3,SS_PF_LS,sampled_pool,,,True,0.3888888888888889,0.35942267457440047,0.6111111111111112,0.1,adaptive,bit_flip,offspring,random_feasible_start_no_adaptive_spacing,,,,feasible_start_adaptive_spacing,0.5,,True,auto_from_instance,0.75,0.35,"5,7,14,16,25,26,36,44,45,47,50,55","17,21,22,24,25,27,28",,,,,,"H[5,7,14,16,25,26,27,36,38,44,45,47,50,55]|V[17,21,22,24,25,27,28]",2f63addef0a564eaffadcb442913b04bcdb20a31
proposed_nsga2_bs_Gyorgy-KOVACS_WH_Wide_AW_5_seed_116,proposed_nsga2_bs,Gyorgy-KOVACS_WH_Wide_AW_5,116,6,auto_from_instance,12,18,4,30,216,,,,,6,3,7,root > V:21 > BH:26 > BH:5 > BH:16 > BH:27 > BH:36 > BH:47,evaluated,5,0.0,False,652,180,472,763.0,1.0,1.0,True,True,1,1,0,True,1,1,0,0,True,True,0,13,7,13,7,3,SS_PF_LS,sampled_pool,,,True,0.3888888888888889,0.35942267457440047,0.6111111111111112,0.1,adaptive,bit_flip,offspring,random_feasible_start_no_adaptive_spacing,,,,feasible_start_adaptive_spacing,0.5,,True,auto_from_instance,0.75,0.35,"5,7,14,16,25,26,36,44,45,47,50,55","17,21,22,24,25,27,28",,,,,,"H[5,7,14,16,25,26,27,36,44,45,47,50,55]|V[17,21,22,24,25,27,28]",0f96e027200fa1a1c0edb07d21a5eb62a8ebadb2
proposed_nsga2_bs_Gyorgy-KOVACS_WH_Wide_AW_5_seed_116,proposed_nsga2_bs,Gyorgy-KOVACS_WH_Wide_AW_5,116,6,auto_from_instance,12,18,4,30,216,,,,,7,3,7,root > V:21 > BH:26 > BH:5 > BH:16 > BH:25 > BH:36 > BH:47,evaluated,5,0.0,False,652,180,472,763.0,1.0,1.0,True,True,1,1,0,True,1,1,0,0,True,True,0,12,7,12,7,3,SS_PF_LS,sampled_pool,,,True,0.3888888888888889,0.35942267457440047,0.6111111111111112,0.1,adaptive,bit_flip,offspring,random_feasible_start_no_adaptive_spacing,,,,feasible_start_adaptive_spacing,0.5,,True,auto_from_instance,0.75,0.35,"5,7,14,16,25,26,36,44,45,47,50,55","17,21,22,24,25,27,28",,,,,,"H[5,7,14,16,25,26,36,44,45,47,50,55]|V[17,21,22,24,25,27,28]",01a90fb20467da592e93711ac8a849c3053fcfd6
proposed_nsga2_bs_Gyorgy-KOVACS_WH_Wide_AW_5_seed_116,proposed_nsga2_bs,Gyorgy-KOVACS_WH_Wide_AW_5,116,6,auto_from_instance,12,18,4,30,216,,,,,8,3,7,root > V:21 > BH:26 > BH:5 > BH:14 > BH:25 > BH:36 > BH:47,evaluated,5,inf,False,652,180,472,763.0,1.0,1.0,True,True,1,1,0,True,1,1,0,0,True,True,0,12,7,12,7,3,SS_PF_LS,sampled_pool,,,True,0.3888888888888889,0.35942267457440047,0.6111111111111112,0.1,adaptive,bit_flip,offspring,random_feasible_start_no_adaptive_spacing,,,,feasible_start_adaptive_spacing,0.5,,True,auto_from_instance,0.75,0.35,"5,7,14,16,25,26,36,44,45,47,50,55","17,21,22,24,25,27,28",,,,,,"H[5,7,14,16,25,26,36,44,45,47,50,55]|V[17,21,22,24,25,27,28]",1958a387e19298fbb01706dd6afdd7339df9d6ae
proposed_nsga2_bs_Gyorgy-KOVACS_WH_Wide_AW_5_seed_116,proposed_nsga2_bs,Gyorgy-KOVACS_WH_Wide_AW_5,116,6,auto_from_instance,12,18,4,30,216,,,,,9,4,5,root > H:14 > BH:37 > BV:25 > BV:25 > BH:27,evaluated,7,inf,False,717,168,549,1225.0,1.0,1.0,True,True,1,1,0,True,1,1,0,0,True,True,0,14,3,14,3,4,SS_LS_PF,sampled_pool,,,True,0.3888888888888889,0.3693491334868709,0.6111111111111112,0.1,adaptive,remove_random_aisle,offspring,random_feasible_start_no_adaptive_spacing,,,,feasible_start_adaptive_spacing,0.5,,True,auto_from_instance,0.75,0.35,"5,7,9,14,16,19,25,26,31,36,45,47","17,24",,,,,,"H[5,7,9,14,16,19,25,26,27,31,36,37,45,47]|V[17,24,25]",afe886326d4751ad49ab26d1d46274a0c4fd625a
proposed_nsga2_bs_Gyorgy-KOVACS_WH_Wide_AW_5_seed_116,proposed_nsga2_bs,Gyorgy-KOVACS_WH_Wide_AW_5,116,6,auto_from_instance,12,18,4,30,216,,,,,10,4,5,root > H:14 > BH:37 > BV:25 > BV:25 > BH:25,evaluated,7,inf,False,717,168,549,1225.0,1.0,1.0,True,True,1,1,0,True,1,1,0,0,True,True,0,13,3,13,3,4,SS_LS_PF,sampled_pool,,,True,0.3888888888888889,0.3693491334868709,0.6111111111111112,0.1,adaptive,remove_random_aisle,offspring,random_feasible_start_no_adaptive_spacing,,,,feasible_start_adaptive_spacing,0.5,,True,auto_from_instance,0.75,0.35,"5,7,9,14,16,19,25,26,31,36,45,47","17,24",,,,,,"H[5,7,9,14,16,19,25,26,31,36,37,45,47]|V[17,24,25]",68543fe424a3c5e9c649d01a634c606277c3b89e
proposed_nsga2_bs_Gyorgy-KOVACS_WH_Wide_AW_5_seed_116,proposed_nsga2_bs,Gyorgy-KOVACS_WH_Wide_AW_5,116,6,auto_from_instance,12,18,4,30,216,,,,,11,4,5,root > H:14 > BH:35 > BV:25 > BV:25 > BH:25,evaluated,6,inf,False,707,172,535,1188.0,1.0,1.0,True,True,1,1,0,True,1,1,0,0,True,True,0,13,3,13,3,4,SS_LS_PF,sampled_pool,,,True,0.3888888888888889,0.3693491334868709,0.6111111111111112,0.1,adaptive,remove_random_aisle,offspring,random_feasible_start_no_adaptive_spacing,,,,feasible_start_adaptive_spacing,0.5,,True,auto_from_instance,0.75,0.35,"5,7,9,14,16,19,25,26,31,36,45,47","17,24",,,,,,"H[5,7,9,14,16,19,25,26,31,35,36,45,47]|V[17,24,25]",d6b1987339e71b4b69afa1c4856c1566e3cf1119
proposed_nsga2_bs_Gyorgy-KOVACS_WH_Wide_AW_5_seed_116,proposed_nsga2_bs,Gyorgy-KOVACS_WH_Wide_AW_5,116,6,auto_from_instance,12,18,4,30,216,,,,,12,4,5,root > H:14 > BH:35 > BV:25 > BV:23 > BH:25,evaluated,7,inf,False,707,172,535,1279.0,1.0,1.0,True,True,1,1,0,True,1,1,0,0,True,True,0,13,4,13,4,4,SS_LS_PF,sampled_pool,,,True,0.3888888888888889,0.3693491334868709,0.6111111111111112,0.1,adaptive,remove_random_aisle,offspring,random_feasible_start_no_adaptive_spacing,,,,feasible_start_adaptive_spacing,0.5,,True,auto_from_instance,0.75,0.35,"5,7,9,14,16,19,25,26,31,36,45,47","17,24",,,,,,"H[5,7,9,14,16,19,25,26,31,35,36,45,47]|V[17,23,24,25]",0dd75170502df1500f51400df81018bdeca7bee9
proposed_nsga2_bs_Gyorgy-KOVACS_WH_Wide_AW_5_seed_116,proposed_nsga2_bs,Gyorgy-KOVACS_WH_Wide_AW_5,116,6,auto_from_instance,12,18,4,30,216,,,,,13,6,4,root > V:29 > BH:26 > BV:19 > BV:19,selected,1,inf,True,557,202,355,408.0,1.0,1.0,True,True,1,1,0,True,1,1,0,0,True,True,0,12,4,12,4,6,RP_LS,sampled_pool,,,False,0.3888888888888889,0.353011470963975,0.6111111111111112,0.1,adaptive,bit_flip,offspring,random_feasible_start_no_adaptive_spacing,,,,feasible_start_adaptive_spacing,0.5,,True,auto_from_instance,0.75,0.35,"5,14,16,25,26,31,36,44,45,47,50,55","17,24,29",,,,,,"H[5,14,16,25,26,31,36,44,45,47,50,55]|V[17,19,24,29]",225a083d40a70add6d49c842c1ea1b7da9e91627
proposed_nsga2_bs_Gyorgy-KOVACS_WH_Wide_AW_5_seed_116,proposed_nsga2_bs,Gyorgy-KOVACS_WH_Wide_AW_5,116,6,auto_from_instance,12,18,4,30,216,,,,,14,6,4,root > V:29 > BH:26 > BV:19 > BV:17,selected,2,inf,True,557,202,355,458.0,1.0,1.0,True,True,1,1,0,True,1,1,0,0,True,True,0,12,4,12,4,6,RP_LS,sampled_pool,,,False,0.3888888888888889,0.353011470963975,0.6111111111111112,0.1,adaptive,bit_flip,offspring,random_feasible_start_no_adaptive_spacing,,,,feasible_start_adaptive_spacing,0.5,,True,auto_from_instance,0.75,0.35,"5,14,16,25,26,31,36,44,45,47,50,55","17,24,29",,,,,,"H[5,14,16,25,26,31,36,44,45,47,50,55]|V[17,19,24,29]",f590e28c4ca08f01adba87c9244bc357b1edb9bd
proposed_nsga2_bs_Gyorgy-KOVACS_WH_Wide_AW_5_seed_116,proposed_nsga2_bs,Gyorgy-KOVACS_WH_Wide_AW_5,116,6,auto_from_instance,12,18,4,30,216,,,,,15,6,4,root > V:29 > BH:26 > BV:19 > BV:17,selected,3,inf,True,557,202,355,460.0,1.0,1.0,True,True,1,1,0,True,1,1,0,0,True,True,0,12,4,12,4,6,RP_LS,sampled_pool,,,False,0.3888888888888889,0.353011470963975,0.6111111111111112,0.1,adaptive,bit_flip,offspring,random_feasible_start_no_adaptive_spacing,,,,feasible_start_adaptive_spacing,0.5,,True,auto_from_instance,0.75,0.35,"5,14,16,25,26,31,36,44,45,47,50,55","17,24,29",,,,,,"H[5,14,16,25,26,31,36,44,45,47,50,55]|V[17,19,24,29]",0ccd7482bc13afbeac630bd0faf7012fe4b70f5c
proposed_nsga2_bs_Gyorgy-KOVACS_WH_Wide_AW_5_seed_116,proposed_nsga2_bs,Gyorgy-KOVACS_WH_Wide_AW_5,116,6,auto_from_instance,12,18,4,30,216,,,,,16,6,4,root > V:29 > BH:26 > BV:17 > BV:17,selected,4,inf,True,557,202,355,510.0,1.0,1.0,True,True,1,1,0,True,1,1,0,0,True,True,0,12,3,12,3,6,RP_LS,sampled_pool,,,False,0.3888888888888889,0.353011470963975,0.6111111111111112,0.1,adaptive,bit_flip,offspring,random_feasible_start_no_adaptive_spacing,,,,feasible_start_adaptive_spacing,0.5,,True,auto_from_instance,0.75,0.35,"5,14,16,25,26,31,36,44,45,47,50,55","17,24,29",,,,,,"H[5,14,16,25,26,31,36,44,45,47,50,55]|V[17,24,29]",01a64afdd46edf4dc6b60538f107b837ec4162f0
proposed_nsga2_bs_Gyorgy-KOVACS_WH_Wide_AW_5_seed_116,proposed_nsga2_bs,Gyorgy-KOVACS_WH_Wide_AW_5,116,6,auto_from_instance,12,18,4,30,216,,,,,17,8,8,root > V:15 > BH:26 > BH:5 > BH:16 > BH:25 > BH:36 > BH:45 > BV:24,selected,0,inf,True,497,247,250,385.0,1.0,1.0,True,True,1,1,0,True,1,1,0,0,True,True,0,11,5,11,5,8,LS_RP,sampled_pool,,,False,0.3888888888888889,0.3899950657348181,0.6111111111111112,0.1,adaptive,insert_random_aisle,offspring,random_feasible_start_no_adaptive_spacing,,,,feasible_start_adaptive_spacing,0.5,,True,auto_from_instance,0.75,0.35,"5,7,14,16,25,26,31,36,45,50,55","14,15,23,24,33",,,,,,"H[5,7,14,16,25,26,31,36,45,50,55]|V[14,15,23,24,33]",416c9c0e4f9e06143d78fee04cbc7a8d1c4800ad
proposed_nsga2_bs_Gyorgy-KOVACS_WH_Wide_AW_5_seed_116,proposed_nsga2_bs,Gyorgy-KOVACS_WH_Wide_AW_5,116,6,auto_from_instance,12,18,4,30,216,,,,,18,10,5,root > H:42 > BH:17 > BV:25 > BV:23 > BH:28,evaluated,9,inf,False,727,160,567,1374.0,1.0,1.0,True,True,1,1,0,True,1,1,0,0,True,True,0,16,5,16,5,10,RP,sampled_pool,,,False,0.3888888888888889,0.39433566811773324,0.6111111111111112,0.1,adaptive,remove_random_aisle,offspring,random_feasible_start_no_adaptive_spacing,,,,feasible_start_adaptive_spacing,0.5,,True,auto_from_instance,0.75,0.35,"5,7,14,16,25,26,31,36,42,44,45,47,50,55","14,15,24",,,,,,"H[5,7,14,16,17,25,26,28,31,36,42,44,45,47,50,55]|V[14,15,23,24,25]",84fd7ee6a7b6d2db503c1298e03b9ac9ecff46c4
proposed_nsga2_bs_Gyorgy-KOVACS_WH_Wide_AW_5_seed_116,proposed_nsga2_bs,Gyorgy-KOVACS_WH_Wide_AW_5,116,6,auto_from_instance,12,18,4,30,216,,,,,19,10,5,root > H:42 > BH:17 > BV:23 > BV:23 > BH:28,evaluated,10,inf,False,727,160,567,1486.0,1.0,1.0,True,True,1,1,0,True,1,1,0,0,True,True,0,16,4,16,4,10,RP,sampled_pool,,,False,0.3888888888888889,0.39433566811773324,0.6111111111111112,0.1,adaptive,remove_random_aisle,offspring,random_feasible_start_no_adaptive_spacing,,,,feasible_start_adaptive_spacing,0.5,,True,auto_from_instance,0.75,0.35,"5,7,14,16,25,26,31,36,42,44,45,47,50,55","14,15,24",,,,,,"H[5,7,14,16,17,25,26,28,31,36,42,44,45,47,50,55]|V[14,15,23,24]",4f545645b4b8fdfa114560d6dfde965de75272eb
proposed_nsga2_bs_Gyorgy-KOVACS_WH_Wide_AW_5_seed_116,proposed_nsga2_bs,Gyorgy-KOVACS_WH_Wide_AW_5,116,6,auto_from_instance,12,18,4,30,216,,,,,20,10,5,root > H:42 > BH:17 > BV:25 > BV:23 > BH:26,evaluated,11,inf,False,727,160,567,1500.0,1.0,1.0,True,True,1,1,0,True,1,1,0,0,True,True,0,15,5,15,5,10,RP,sampled_pool,,,False,0.3888888888888889,0.39433566811773324,0.6111111111111112,0.1,adaptive,remove_random_aisle,offspring,random_feasible_start_no_adaptive_spacing,,,,feasible_start_adaptive_spacing,0.5,,True,auto_from_instance,0.75,0.35,"5,7,14,16,25,26,31,36,42,44,45,47,50,55","14,15,24",,,,,,"H[5,7,14,16,17,25,26,31,36,42,44,45,47,50,55]|V[14,15,23,24,25]",1de66d316d5c5982b714f84c987cbddedb970d18
proposed_nsga2_bs_Gyorgy-KOVACS_WH_Wide_AW_5_seed_116,proposed_nsga2_bs,Gyorgy-KOVACS_WH_Wide_AW_5,116,6,auto_from_instance,12,18,4,30,216,,,,,21,10,5,root > H:42 > BH:17 > BV:25 > BH:28 > BV:21,evaluated,12,inf,False,727,160,567,1544.0,1.0,1.0,True,True,1,1,0,True,1,1,0,0,True,True,0,16,5,16,5,10,RP,sampled_pool,,,False,0.3888888888888889,0.39433566811773324,0.6111111111111112,0.1,adaptive,remove_random_aisle,offspring,random_feasible_start_no_adaptive_spacing,,,,feasible_start_adaptive_spacing,0.5,,True,auto_from_instance,0.75,0.35,"5,7,14,16,25,26,31,36,42,44,45,47,50,55","14,15,24",,,,,,"H[5,7,14,16,17,25,26,28,31,36,42,44,45,47,50,55]|V[14,15,21,24,25]",e1d434bc8ccde57885c3cb6f381408dc16f597e8
proposed_nsga2_bs_Gyorgy-KOVACS_WH_Wide_AW_5_seed_116,proposed_nsga2_bs,Gyorgy-KOVACS_WH_Wide_AW_5,116,6,auto_from_instance,12,18,4,30,216,,,,,22,11,7,root > V:17 > BH:26 > BH:5 > BH:14 > BH:25 > BH:36 > BH:47,selected,1,inf,True,572,220,352,507.0,1.0,1.0,True,True,1,1,0,True,1,1,0,0,True,True,0,10,7,10,7,11,LS_RP,sampled_pool,,,False,0.3888888888888889,0.42651800547155755,0.6111111111111112,0.1,adaptive,spacing_aware_flip,offspring,random_feasible_start_no_adaptive_spacing,,,,feasible_start_adaptive_spacing,0.5,,True,auto_from_instance,0.75,0.35,"5,14,16,19,25,26,36,45,47,52","2,17,21,22,24,27,28",,,,,,"H[5,14,16,19,25,26,36,45,47,52]|V[2,17,21,22,24,27,28]",e59e5dd5e1537a2d164e028d12bd66f538f0cb70
proposed_nsga2_bs_Gyorgy-KOVACS_WH_Wide_AW_5_seed_116,proposed_nsga2_bs,Gyorgy-KOVACS_WH_Wide_AW_5,116,6,auto_from_instance,12,18,4,30,216,,,,,23,11,7,root > V:17 > BH:26 > BH:5 > BH:14 > BH:25 > BH:36 > BH:45,selected,3,inf,True,572,220,352,711.0,1.0,1.0,True,True,1,1,0,True,1,1,0,0,True,True,0,10,7,10,7,11,LS_RP,sampled_pool,,,False,0.3888888888888889,0.42651800547155755,0.6111111111111112,0.1,adaptive,spacing_aware_flip,offspring,random_feasible_start_no_adaptive_spacing,,,,feasible_start_adaptive_spacing,0.5,,True,auto_from_instance,0.75,0.35,"5,14,16,19,25,26,36,45,47,52","2,17,21,22,24,27,28",,,,,,"H[5,14,16,19,25,26,36,45,47,52]|V[2,17,21,22,24,27,28]",ef95c5265d039c602cc7246bb99c122e90a60068
proposed_nsga2_bs_Gyorgy-KOVACS_WH_Wide_AW_5_seed_116,proposed_nsga2_bs,Gyorgy-KOVACS_WH_Wide_AW_5,116,6,auto_from_instance,12,18,4,30,216,,,,,24,12,5,root > H:14 > BH:37 > BV:25 > BV:25 > BH:23,evaluated,8,inf,False,717,166,551,1309.0,1.0,1.0,True,True,1,1,0,True,1,1,0,0,True,True,0,12,2,12,2,12,RP,sampled_pool,,,False,0.3888888888888889,0.2791805825362176,0.6111111111111112,0.1,adaptive,remove_random_aisle,offspring,random_feasible_start_no_adaptive_spacing,,,,feasible_start_adaptive_spacing,0.5,,True,auto_from_instance,0.75,0.35,"5,7,9,14,16,25,26,36,45,47",24,,,,,,"H[5,7,9,14,16,23,25,26,36,37,45,47]|V[24,25]",56d1e076b97a30ae27d99a42a3ec6e5dc49122f1
proposed_nsga2_bs_Gyorgy-KOVACS_WH_Wide_AW_5_seed_116,proposed_nsga2_bs,Gyorgy-KOVACS_WH_Wide_AW_5,116,6,auto_from_instance,12,18,4,30,216,,,,,25,12,5,root > H:14 > BH:37 > BV:25 > BV:23 > BH:27,evaluated,8,inf,False,717,168,549,1316.0,1.0,1.0,True,True,1,1,0,True,1,1,0,0,True,True,0,12,3,12,3,12,RP,sampled_pool,,,False,0.3888888888888889,0.2791805825362176,0.6111111111111112,0.1,adaptive,remove_random_aisle,offspring,random_feasible_start_no_adaptive_spacing,,,,feasible_start_adaptive_spacing,0.5,,True,auto_from_instance,0.75,0.35,"5,7,9,14,16,25,26,36,45,47",24,,,,,,"H[5,7,9,14,16,25,26,27,36,37,45,47]|V[23,24,25]",a48f0cfdbf96c217f3fead8d6ed8cab477c93503
proposed_nsga2_bs_Gyorgy-KOVACS_WH_Wide_AW_5_seed_116,proposed_nsga2_bs,Gyorgy-KOVACS_WH_Wide_AW_5,116,7,auto_from_instance,12,18,4,30,216,,,,,1,1,7,root > V:21 > BH:26 > BH:7 > BH:16 > BH:25 > BH:36 > BH:47,evaluated,6,inf,False,652,180,472,867.0,1.0,1.0,True,True,1,1,0,True,1,1,0,0,True,True,0,12,4,12,4,1,LS,sampled_pool,,,False,0.4444444444444444,0.4059088349588101,0.5555555555555556,0.1,adaptive,remove_random_aisle,offspring,random_feasible_start_no_adaptive_spacing,,,,feasible_start_adaptive_spacing,0.5,,True,auto_from_instance,0.75,0.35,"5,14,16,25,26,31,36,45,50,55","21,22,24,33",,,,,,"H[5,7,14,16,25,26,31,36,45,47,50,55]|V[21,22,24,33]",b7080d9cb61c36aedc6f73cfe3724fe27e5ce9c6
proposed_nsga2_bs_Gyorgy-KOVACS_WH_Wide_AW_5_seed_116,proposed_nsga2_bs,Gyorgy-KOVACS_WH_Wide_AW_5,116,7,auto_from_instance,12,18,4,30,216,,,,,2,1,7,root > V:21 > BH:26 > BH:7 > BH:16 > BH:25 > BH:36 > BH:45,evaluated,8,inf,False,652,180,472,1003.0,1.0,1.0,True,True,1,1,0,True,1,1,0,0,True,True,0,11,4,11,4,1,LS,sampled_pool,,,False,0.4444444444444444,0.4059088349588101,0.5555555555555556,0.1,adaptive,remove_random_aisle,offspring,random_feasible_start_no_adaptive_spacing,,,,feasible_start_adaptive_spacing,0.5,,True,auto_from_instance,0.75,0.35,"5,14,16,25,26,31,36,45,50,55","21,22,24,33",,,,,,"H[5,7,14,16,25,26,31,36,45,50,55]|V[21,22,24,33]",d9acb5a2d76831a253605873154ad9c08a716749
proposed_nsga2_bs_Gyorgy-KOVACS_WH_Wide_AW_5_seed_116,proposed_nsga2_bs,Gyorgy-KOVACS_WH_Wide_AW_5,116,7,auto_from_instance,12,18,4,30,216,,,,,3,1,7,root > V:21 > BH:26 > BH:5 > BH:16 > BH:25 > BH:36 > BH:47,evaluated,5,inf,False,652,180,472,763.0,1.0,1.0,True,True,1,1,0,True,1,1,0,0,True,True,0,11,4,11,4,1,LS,sampled_pool,,,False,0.4444444444444444,0.4059088349588101,0.5555555555555556,0.1,adaptive,remove_random_aisle,offspring,random_feasible_start_no_adaptive_spacing,,,,feasible_start_adaptive_spacing,0.5,,True,auto_from_instance,0.75,0.35,"5,14,16,25,26,31,36,45,50,55","21,22,24,33",,,,,,"H[5,14,16,25,26,31,36,45,47,50,55]|V[21,22,24,33]",01a90fb20467da592e93711ac8a849c3053fcfd6
proposed_nsga2_bs_Gyorgy-KOVACS_WH_Wide_AW_5_seed_116,proposed_nsga2_bs,Gyorgy-KOVACS_WH_Wide_AW_5,116,7,auto_from_instance,12,18,4,30,216,,,,,4,1,7,root > V:21 > BH:26 > BH:5 > BH:16 > BH:25 > BH:36 > BH:45,evaluated,7,inf,False,652,180,472,899.0,1.0,1.0,True,True,1,1,0,True,1,1,0,0,True,True,0,10,4,10,4,1,LS,sampled_pool,,,False,0.4444444444444444,0.4059088349588101,0.5555555555555556,0.1,adaptive,remove_random_aisle,offspring,random_feasible_start_no_adaptive_spacing,,,,feasible_start_adaptive_spacing,0.5,,True,auto_from_instance,0.75,0.35,"5,14,16,25,26,31,36,45,50,55","21,22,24,33",,,,,,"H[5,14,16,25,26,31,36,45,50,55]|V[21,22,24,33]",8e88c0c464d5e2054bb58e24df478d0e262d6485
proposed_nsga2_bs_Gyorgy-KOVACS_WH_Wide_AW_5_seed_116,proposed_nsga2_bs,Gyorgy-KOVACS_WH_Wide_AW_5,116,7,auto_from_instance,12,18,4,30,216,,,,,5,2,8,root > V:15 > BH:26 > BH:5 > BH:16 > BH:25 > BH:36 > BH:45 > BV:24,selected,0,inf,True,497,247,250,385.0,1.0,1.0,True,True,1,1,0,True,1,1,0,0,True,True,0,12,7,12,7,2,PF_RP,sampled_pool,,,False,0.4444444444444444,0.3898189336984614,0.5555555555555556,0.1,adaptive,spacing_aware_flip,offspring,random_feasible_start_no_adaptive_spacing,,,,feasible_start_adaptive_spacing,0.5,,True,auto_from_instance,0.75,0.35,"0,5,7,14,16,19,25,26,36,45,47,52","2,14,15,23,24,27,28",,,,,,"H[0,5,7,14,16,19,25,26,36,45,47,52]|V[2,14,15,23,24,27,28]",416c9c0e4f9e06143d78fee04cbc7a8d1c4800ad
proposed_nsga2_bs_Gyorgy-KOVACS_WH_Wide_AW_5_seed_116,proposed_nsga2_bs,Gyorgy-KOVACS_WH_Wide_AW_5,116,7,auto_from_instance,12,18,4,30,216,,,,,6,2,8,root > V:15 > BH:26 > BH:5 > BH:14 > BH:25 > BH:36 > BH:45 > BV:24,selected,0,inf,True,497,247,250,385.0,1.0,1.0,True,True,1,1,0,True,1,1,0,0,True,True,0,12,7,12,7,2,PF_RP,sampled_pool,,,False,0.4444444444444444,0.3898189336984614,0.5555555555555556,0.1,adaptive,spacing_aware_flip,offspring,random_feasible_start_no_adaptive_spacing,,,,feasible_start_adaptive_spacing,0.5,,True,auto_from_instance,0.75,0.35,"0,5,7,14,16,19,25,26,36,45,47,52","2,14,15,23,24,27,28",,,,,,"H[0,5,7,14,16,19,25,26,36,45,47,52]|V[2,14,15,23,24,27,28]",4f5b467192e7c6ce4bc3fd69bf3ce13c31bd8ba0
proposed_nsga2_bs_Gyorgy-KOVACS_WH_Wide_AW_5_seed_116,proposed_nsga2_bs,Gyorgy-KOVACS_WH_Wide_AW_5,116,7,auto_from_instance,12,18,4,30,216,,,,,7,3,7,root > V:17 > BH:26 > BH:5 > BH:16 > BH:25 > BH:36 > BH:47,selected,1,2.1940700808625335,True,572,220,352,507.0,1.0,1.0,True,True,1,1,0,True,1,1,0,0,True,True,0,12,5,12,5,3,PF_SS_RP,sampled_pool,,,True,0.4444444444444444,0.55314694273802,0.5555555555555556,0.1,adaptive,spacing_aware_flip,offspring,random_feasible_start_no_adaptive_spacing,,,,feasible_start_adaptive_spacing,0.5,,True,auto_from_instance,0.75,0.35,"5,7,10,14,16,25,26,36,45,47,50,55","3,17,19,24,29",,,,,,"H[5,7,10,14,16,25,26,36,45,47,50,55]|V[3,17,19,24,29]",173dd91401b4b71d9f20edd9e83506be465b9528
proposed_nsga2_bs_Gyorgy-KOVACS_WH_Wide_AW_5_seed_116,proposed_nsga2_bs,Gyorgy-KOVACS_WH_Wide_AW_5,116,7,auto_from_instance,12,18,4,30,216,,,,,8,3,7,root > V:17 > BH:26 > BH:5 > BH:14 > BH:25 > BH:36 > BH:47,selected,1,0.8059299191374664,True,572,220,352,507.0,1.0,1.0,True,True,1,1,0,True,1,1,0,0,True,True,0,12,5,12,5,3,PF_SS_RP,sampled_pool,,,True,0.4444444444444444,0.55314694273802,0.5555555555555556,0.1,adaptive,spacing_aware_flip,offspring,random_feasible_start_no_adaptive_spacing,,,,feasible_start_adaptive_spacing,0.5,,True,auto_from_instance,0.75,0.35,"5,7,10,14,16,25,26,36,45,47,50,55","3,17,19,24,29",,,,,,"H[5,7,10,14,16,25,26,36,45,47,50,55]|V[3,17,19,24,29]",e59e5dd5e1537a2d164e028d12bd66f538f0cb70
proposed_nsga2_bs_Gyorgy-KOVACS_WH_Wide_AW_5_seed_116,proposed_nsga2_bs,Gyorgy-KOVACS_WH_Wide_AW_5,116,7,auto_from_instance,12,18,4,30,216,,,,,9,3,7,root > V:17 > BH:26 > BH:7 > BH:16 > BH:25 > BH:36 > BH:47,selected,2,inf,True,572,220,352,663.0,1.0,1.0,True,True,1,1,0,True,1,1,0,0,True,True,0,12,5,12,5,3,PF_SS_RP,sampled_pool,,,True,0.4444444444444444,0.55314694273802,0.5555555555555556,0.1,adaptive,spacing_aware_flip,offspring,random_feasible_start_no_adaptive_spacing,,,,feasible_start_adaptive_spacing,0.5,,True,auto_from_instance,0.75,0.35,"5,7,10,14,16,25,26,36,45,47,50,55","3,17,19,24,29",,,,,,"H[5,7,10,14,16,25,26,36,45,47,50,55]|V[3,17,19,24,29]",61426df39d9f05da4c561d5073d32a1cf777516d
proposed_nsga2_bs_Gyorgy-KOVACS_WH_Wide_AW_5_seed_116,proposed_nsga2_bs,Gyorgy-KOVACS_WH_Wide_AW_5,116,7,auto_from_instance,12,18,4,30,216,,,,,10,3,7,root > V:17 > BH:26 > BH:5 > BH:16 > BH:25 > BH:36 > BH:45,selected,3,inf,True,572,220,352,711.0,1.0,1.0,True,True,1,1,0,True,1,1,0,0,True,True,0,12,5,12,5,3,PF_SS_RP,sampled_pool,,,True,0.4444444444444444,0.55314694273802,0.5555555555555556,0.1,adaptive,spacing_aware_flip,offspring,random_feasible_start_no_adaptive_spacing,,,,feasible_start_adaptive_spacing,0.5,,True,auto_from_instance,0.75,0.35,"5,7,10,14,16,25,26,36,45,47,50,55","3,17,19,24,29",,,,,,"H[5,7,10,14,16,25,26,36,45,47,50,55]|V[3,17,19,24,29]",854ec9b997ec508dda6ea9e399147d7a4b626ba8
proposed_nsga2_bs_Gyorgy-KOVACS_WH_Wide_AW_5_seed_116,proposed_nsga2_bs,Gyorgy-KOVACS_WH_Wide_AW_5,116,7,auto_from_instance,12,18,4,30,216,,,,,11,4,5,root > H:14 > BH:37 > BV:25 > BV:25 > BH:27,evaluated,10,inf,False,717,168,549,1225.0,1.0,1.0,True,True,1,1,0,True,1,1,0,0,True,True,0,14,3,14,3,4,SS,sampled_pool,,,True,0.4444444444444444,0.4645320175661529,0.5555555555555556,0.1,adaptive,swap_segments,offspring,random_feasible_start_no_adaptive_spacing,,,,feasible_start_adaptive_spacing,0.5,,True,auto_from_instance,0.75,0.35,"5,14,16,25,26,31,36,44,45,47,50,55","17,24",,,,,,"H[5,14,16,25,26,27,31,36,37,44,45,47,50,55]|V[17,24,25]",afe886326d4751ad49ab26d1d46274a0c4fd625a
proposed_nsga2_bs_Gyorgy-KOVACS_WH_Wide_AW_5_seed_116,proposed_nsga2_bs,Gyorgy-KOVACS_WH_Wide_AW_5,116,7,auto_from_instance,12,18,4,30,216,,,,,12,4,5,root > H:14 > BH:37 > BV:25 > BV:25 > BH:25,evaluated,10,inf,False,717,168,549,1225.0,1.0,1.0,True,True,1,1,0,True,1,1,0,0,True,True,0,13,3,13,3,4,SS,sampled_pool,,,True,0.4444444444444444,0.4645320175661529,0.5555555555555556,0.1,adaptive,swap_segments,offspring,random_feasible_start_no_adaptive_spacing,,,,feasible_start_adaptive_spacing,0.5,,True,auto_from_instance,0.75,0.35,"5,14,16,25,26,31,36,44,45,47,50,55","17,24",,,,,,"H[5,14,16,25,26,31,36,37,44,45,47,50,55]|V[17,24,25]",68543fe424a3c5e9c649d01a634c606277c3b89e
proposed_nsga2_bs_Gyorgy-KOVACS_WH_Wide_AW_5_seed_116,proposed_nsga2_bs,Gyorgy-KOVACS_WH_Wide_AW_5,116,7,auto_from_instance,12,18,4,30,216,,,,,13,4,5,root > H:14 > BH:35 > BV:25 > BV:25 > BH:25,evaluated,9,inf,False,707,172,535,1188.0,1.0,1.0,True,True,1,1,0,True,1,1,0,0,True,True,0,13,3,13,3,4,SS,sampled_pool,,,True,0.4444444444444444,0.4645320175661529,0.5555555555555556,0.1,adaptive,swap_segments,offspring,random_feasible_start_no_adaptive_spacing,,,,feasible_start_adaptive_spacing,0.5,,True,auto_from_instance,0.75,0.35,"5,14,16,25,26,31,36,44,45,47,50,55","17,24",,,,,,"H[5,14,16,25,26,31,35,36,44,45,47,50,55]|V[17,24,25]",d6b1987339e71b4b69afa1c4856c1566e3cf1119
proposed_nsga2_bs_Gyorgy-KOVACS_WH_Wide_AW_5_seed_116,proposed_nsga2_bs,Gyorgy-KOVACS_WH_Wide_AW_5,116,7,auto_from_instance,12,18,4,30,216,,,,,14,4,5,root > H:14 > BH:35 > BV:25 > BV:25 > BH:23,evaluated,10,inf,False,707,170,537,1230.0,1.0,1.0,True,True,1,1,0,True,1,1,0,0,True,True,0,14,3,14,3,4,SS,sampled_pool,,,True,0.4444444444444444,0.4645320175661529,0.5555555555555556,0.1,adaptive,swap_segments,offspring,random_feasible_start_no_adaptive_spacing,,,,feasible_start_adaptive_spacing,0.5,,True,auto_from_instance,0.75,0.35,"5,14,16,25,26,31,36,44,45,47,50,55","17,24",,,,,,"H[5,14,16,23,25,26,31,35,36,44,45,47,50,55]|V[17,24,25]",a824d6bfa43a0b7f1789fa52c2dd3a9f8ffa598e
proposed_nsga2_bs_Gyorgy-KOVACS_WH_Wide_AW_5_seed_116,proposed_nsga2_bs,Gyorgy-KOVACS_WH_Wide_AW_5,116,7,auto_from_instance,12,18,4,30,216,,,,,15,5,7,root > V:17 > BH:26 > BH:5 > BH:14 > BH:25 > BH:36 > BH:45,selected,3,inf,True,572,220,352,711.0,1.0,1.0,True,True,1,1,0,True,1,1,0,0,True,True,0,12,6,12,6,5,PF,sampled_pool,,,False,0.4444444444444444,0.4847483173693983,0.5555555555555556,0.1,adaptive,remove_random_aisle,offspring,random_feasible_start_no_adaptive_spacing,,,,feasible_start_adaptive_spacing,0.5,,True,auto_from_instance,0.75,0.35,"7,10,14,16,25,26,36,45,47,50,55","17,21,22,24,27,28",,,,,,"H[5,7,10,14,16,25,26,36,45,47,50,55]|V[17,21,22,24,27,28]",ef95c5265d039c602cc7246bb99c122e90a60068
proposed_nsga2_bs_Gyorgy-KOVACS_WH_Wide_AW_5_seed_116,proposed_nsga2_bs,Gyorgy-KOVACS_WH_Wide_AW_5,116,7,auto_from_instance,12,18,4,30,216,,,,,16,6,7,root > V:17 > BH:26 > BH:7 > BH:16 > BH:25 > BH:36 > BH:45,selected,4,inf,True,572,220,352,867.0,1.0,1.0,True,True,1,1,0,True,1,1,0,0,True,True,0,11,2,11,2,6,LS,sampled_pool,,,False,0.4444444444444444,0.5030206340735897,0.5555555555555556,0.1,adaptive,remove_random_aisle,offspring,random_feasible_start_no_adaptive_spacing,,,,feasible_start_adaptive_spacing,0.5,,True,auto_from_instance,0.75,0.35,"5,14,16,19,25,26,36,45,47,52","2,17",,,,,,"H[5,7,14,16,19,25,26,36,45,47,52]|V[2,17]",90295bddff4683947eef98c9cba63e2b098e11a6
proposed_nsga2_bs_Gyorgy-KOVACS_WH_Wide_AW_5_seed_116,proposed_nsga2_bs,Gyorgy-KOVACS_WH_Wide_AW_5,116,7,auto_from_instance,12,18,4,30,216,,,,,17,10,8,root > V:15 > BH:26 > BH:7 > BH:16 > BH:25 > BH:36 > BH:45 > BV:24,selected,1,inf,True,497,247,250,567.0,1.0,1.0,True,True,1,1,0,True,1,1,0,0,True,True,0,11,4,11,4,10,LS_PF,sampled_pool,,,False,0.4444444444444444,0.37319522875226685,0.5555555555555556,0.1,adaptive,break_symmetry,offspring,random_feasible_start_no_adaptive_spacing,,,,feasible_start_adaptive_spacing,0.5,,True,auto_from_instance,0.75,0.35,"5,7,14,16,25,26,31,36,45,50,55","14,15,24,32",,,,,,"H[5,7,14,16,25,26,31,36,45,50,55]|V[14,15,24,32]",bad25caaf4e753481b1b798360caa6634ad939f7
proposed_nsga2_bs_Gyorgy-KOVACS_WH_Wide_AW_5_seed_116,proposed_nsga2_bs,Gyorgy-KOVACS_WH_Wide_AW_5,116,7,auto_from_instance,12,18,4,30,216,,,,,18,12,4,root > V:29 > BH:26 > BV:19 > BV:19,selected,1,inf,True,557,202,355,408.0,1.0,1.0,True,True,1,1,0,True,1,1,0,0,True,True,0,11,6,11,6,12,LS_SS,sampled_pool,,,True,0.4444444444444444,0.5226921331896023,0.5555555555555556,0.1,adaptive,bit_flip,offspring,random_feasible_start_no_adaptive_spacing,,,,feasible_start_adaptive_spacing,0.5,,True,auto_from_instance,0.75,0.35,"5,7,14,16,25,26,31,36,45,50,55","14,17,19,24,29,33",,,,,,"H[5,7,14,16,25,26,31,36,45,50,55]|V[14,17,19,24,29,33]",225a083d40a70add6d49c842c1ea1b7da9e91627
proposed_nsga2_bs_Gyorgy-KOVACS_WH_Wide_AW_5_seed_116,proposed_nsga2_bs,Gyorgy-KOVACS_WH_Wide_AW_5,116,7,auto_from_instance,12,18,4,30,216,,,,,19,12,4,root > V:29 > BH:26 > BV:19 > BV:17,selected,2,inf,True,557,202,355,458.0,1.0,1.0,True,True,1,1,0,True,1,1,0,0,True,True,0,11,6,11,6,12,LS_SS,sampled_pool,,,True,0.4444444444444444,0.5226921331896023,0.5555555555555556,0.1,adaptive,bit_flip,offspring,random_feasible_start_no_adaptive_spacing,,,,feasible_start_adaptive_spacing,0.5,,True,auto_from_instance,0.75,0.35,"5,7,14,16,25,26,31,36,45,50,55","14,17,19,24,29,33",,,,,,"H[5,7,14,16,25,26,31,36,45,50,55]|V[14,17,19,24,29,33]",f590e28c4ca08f01adba87c9244bc357b1edb9bd
proposed_nsga2_bs_Gyorgy-KOVACS_WH_Wide_AW_5_seed_116,proposed_nsga2_bs,Gyorgy-KOVACS_WH_Wide_AW_5,116,7,auto_from_instance,12,18,4,30,216,,,,,20,12,4,root > V:29 > BH:26 > BV:17 > BV:19,selected,3,inf,True,557,202,355,460.0,1.0,1.0,True,True,1,1,0,True,1,1,0,0,True,True,0,11,6,11,6,12,LS_SS,sampled_pool,,,True,0.4444444444444444,0.5226921331896023,0.5555555555555556,0.1,adaptive,bit_flip,offspring,random_feasible_start_no_adaptive_spacing,,,,feasible_start_adaptive_spacing,0.5,,True,auto_from_instance,0.75,0.35,"5,7,14,16,25,26,31,36,45,50,55","14,17,19,24,29,33",,,,,,"H[5,7,14,16,25,26,31,36,45,50,55]|V[14,17,19,24,29,33]",0ccd7482bc13afbeac630bd0faf7012fe4b70f5c
proposed_nsga2_bs_Gyorgy-KOVACS_WH_Wide_AW_5_seed_116,proposed_nsga2_bs,Gyorgy-KOVACS_WH_Wide_AW_5,116,7,auto_from_instance,12,18,4,30,216,,,,,21,12,4,root > V:29 > BH:26 > BV:17 > BV:17,evaluated,4,inf,False,557,202,355,510.0,1.0,1.0,True,True,1,1,0,True,1,1,0,0,True,True,0,11,6,11,6,12,LS_SS,sampled_pool,,,True,0.4444444444444444,0.5226921331896023,0.5555555555555556,0.1,adaptive,bit_flip,offspring,random_feasible_start_no_adaptive_spacing,,,,feasible_start_adaptive_spacing,0.5,,True,auto_from_instance,0.75,0.35,"5,7,14,16,25,26,31,36,45,50,55","14,17,19,24,29,33",,,,,,"H[5,7,14,16,25,26,31,36,45,50,55]|V[14,17,19,24,29,33]",01a64afdd46edf4dc6b60538f107b837ec4162f0
proposed_nsga2_bs_Gyorgy-KOVACS_WH_Wide_AW_5_seed_116,proposed_nsga2_bs,Gyorgy-KOVACS_WH_Wide_AW_5,116,8,auto_from_instance,12,18,4,30,216,,,,,1,1,4,root > V:27 > BH:26 > BV:17 > BV:17,selected,0,inf,True,567,256,311,311.0,1.0,1.0,True,True,1,1,0,True,1,1,0,0,True,True,0,12,8,12,8,1,SS_PF_LS,sampled_pool,,,True,0.5,0.5048025267774522,0.5,0.1,adaptive,break_symmetry,offspring,random_feasible_start_no_adaptive_spacing,,,,feasible_start_adaptive_spacing,0.5,,True,auto_from_instance,0.75,0.35,"0,5,7,14,16,19,25,26,36,45,47,55","2,14,15,19,24,27,29",,,,,,"H[0,5,7,14,16,19,25,26,36,45,47,55]|V[2,14,15,17,19,24,27,29]",a8708aef2b1e3127a45cd25328e7b01fe876ac67
proposed_nsga2_bs_Gyorgy-KOVACS_WH_Wide_AW_5_seed_116,proposed_nsga2_bs,Gyorgy-KOVACS_WH_Wide_AW_5,116,8,auto_from_instance,12,18,4,30,216,,,,,2,1,4,root > V:29 > BH:26 > BV:19 > BV:19,selected,1,inf,True,557,202,355,408.0,1.0,1.0,True,True,1,1,0,True,1,1,0,0,True,True,0,12,7,12,7,1,SS_PF_LS,sampled_pool,,,True,0.5,0.5048025267774522,0.5,0.1,adaptive,break_symmetry,offspring,random_feasible_start_no_adaptive_spacing,,,,feasible_start_adaptive_spacing,0.5,,True,auto_from_instance,0.75,0.35,"0,5,7,14,16,19,25,26,36,45,47,55","2,14,15,19,24,27,29",,,,,,"H[0,5,7,14,16,19,25,26,36,45,47,55]|V[2,14,15,19,24,27,29]",225a083d40a70add6d49c842c1ea1b7da9e91627
proposed_nsga2_bs_Gyorgy-KOVACS_WH_Wide_AW_5_seed_116,proposed_nsga2_bs,Gyorgy-KOVACS_WH_Wide_AW_5,116,8,auto_from_instance,12,18,4,30,216,,,,,3,1,4,root > V:29 > BH:26 > BV:19 > BV:17,selected,2,inf,True,557,202,355,458.0,1.0,1.0,True,True,1,1,0,True,1,1,0,0,True,True,0,12,8,12,8,1,SS_PF_LS,sampled_pool,,,True,0.5,0.5048025267774522,0.5,0.1,adaptive,break_symmetry,offspring,random_feasible_start_no_adaptive_spacing,,,,feasible_start_adaptive_spacing,0.5,,True,auto_from_instance,0.75,0.35,"0,5,7,14,16,19,25,26,36,45,47,55","2,14,15,19,24,27,29",,,,,,"H[0,5,7,14,16,19,25,26,36,45,47,55]|V[2,14,15,17,19,24,27,29]",f590e28c4ca08f01adba87c9244bc357b1edb9bd
proposed_nsga2_bs_Gyorgy-KOVACS_WH_Wide_AW_5_seed_116,proposed_nsga2_bs,Gyorgy-KOVACS_WH_Wide_AW_5,116,8,auto_from_instance,12,18,4,30,216,,,,,4,1,4,root > V:29 > BH:26 > BV:19 > BV:17,selected,3,inf,True,557,202,355,460.0,1.0,1.0,True,True,1,1,0,True,1,1,0,0,True,True,0,12,8,12,8,1,SS_PF_LS,sampled_pool,,,True,0.5,0.5048025267774522,0.5,0.1,adaptive,break_symmetry,offspring,random_feasible_start_no_adaptive_spacing,,,,feasible_start_adaptive_spacing,0.5,,True,auto_from_instance,0.75,0.35,"0,5,7,14,16,19,25,26,36,45,47,55","2,14,15,19,24,27,29",,,,,,"H[0,5,7,14,16,19,25,26,36,45,47,55]|V[2,14,15,17,19,24,27,29]",0ccd7482bc13afbeac630bd0faf7012fe4b70f5c
proposed_nsga2_bs_Gyorgy-KOVACS_WH_Wide_AW_5_seed_116,proposed_nsga2_bs,Gyorgy-KOVACS_WH_Wide_AW_5,116,8,auto_from_instance,12,18,4,30,216,,,,,5,2,4,root > V:29 > BH:26 > BV:17 > BV:17,selected,4,inf,True,557,202,355,510.0,1.0,1.0,True,True,1,1,0,True,1,1,0,0,True,True,0,12,6,12,6,2,LS_PF,sampled_pool,,,False,0.5,0.5005258587324872,0.5,0.1,adaptive,spacing_aware_flip,offspring,random_feasible_start_no_adaptive_spacing,,,,feasible_start_adaptive_spacing,0.5,,True,auto_from_instance,0.75,0.35,"5,7,10,14,16,25,26,36,45,47,50,52","3,12,17,23,24,29",,,,,,"H[5,7,10,14,16,25,26,36,45,47,50,52]|V[3,12,17,23,24,29]",01a64afdd46edf4dc6b60538f107b837ec4162f0
proposed_nsga2_bs_Gyorgy-KOVACS_WH_Wide_AW_5_seed_116,proposed_nsga2_bs,Gyorgy-KOVACS_WH_Wide_AW_5,116,8,auto_from_instance,12,18,4,30,216,,,,,6,3,8,root > V:15 > BH:26 > BH:5 > BH:16 > BH:25 > BH:36 > BH:45 > BV:24,selected,0,inf,True,497,247,250,385.0,1.0,1.0,True,True,1,1,0,True,1,1,0,0,True,True,0,13,8,13,8,3,PF,sampled_pool,,,False,0.5,0.5121401214294294,0.5,0.1,adaptive,insert_random_aisle,offspring,random_feasible_start_no_adaptive_spacing,,,,feasible_start_adaptive_spacing,0.5,,True,auto_from_instance,0.75,0.35,"0,3,5,7,10,14,16,25,26,36,45,47,52","2,3,14,15,23,24,27,28",,,,,,"H[0,3,5,7,10,14,16,25,26,36,45,47,52]|V[2,3,14,15,23,24,27,28]",416c9c0e4f9e06143d78fee04cbc7a8d1c4800ad
proposed_nsga2_bs_Gyorgy-KOVACS_WH_Wide_AW_5_seed_116,proposed_nsga2_bs,Gyorgy-KOVACS_WH_Wide_AW_5,116,8,auto_from_instance,12,18,4,30,216,,,,,7,3,8,root > V:15 > BH:26 > BH:5 > BH:14 > BH:25 > BH:36 > BH:45 > BV:24,selected,0,inf,True,497,247,250,385.0,1.0,1.0,True,True,1,1,0,True,1,1,0,0,True,True,0,13,8,13,8,3,PF,sampled_pool,,,False,0.5,0.5121401214294294,0.5,0.1,adaptive,insert_random_aisle,offspring,random_feasible_start_no_adaptive_spacing,,,,feasible_start_adaptive_spacing,0.5,,True,auto_from_instance,0.75,0.35,"0,3,5,7,10,14,16,25,26,36,45,47,52","2,3,14,15,23,24,27,28",,,,,,"H[0,3,5,7,10,14,16,25,26,36,45,47,52]|V[2,3,14,15,23,24,27,28]",4f5b467192e7c6ce4bc3fd69bf3ce13c31bd8ba0
proposed_nsga2_bs_Gyorgy-KOVACS_WH_Wide_AW_5_seed_116,proposed_nsga2_bs,Gyorgy-KOVACS_WH_Wide_AW_5,116,8,auto_from_instance,12,18,4,30,216,,,,,8,5,7,root > V:17 > BH:26 > BH:5 > BH:16 > BH:25 > BH:36 > BH:47,selected,1,inf,True,572,220,352,507.0,1.0,1.0,True,True,1,1,0,True,1,1,0,0,True,True,0,12,7,12,7,5,PF_RP,sampled_pool,,,False,0.5,0.4768841915185779,0.5,0.1,adaptive,bit_flip,offspring,random_feasible_start_no_adaptive_spacing,,,,feasible_start_adaptive_spacing,0.5,,True,auto_from_instance,0.75,0.35,"5,7,10,14,16,25,26,36,45,50,55","3,14,17,19,21,24,29",,,,,,"H[5,7,10,14,16,25,26,36,45,47,50,55]|V[3,14,17,19,21,24,29]",173dd91401b4b71d9f20edd9e83506be465b9528
proposed_nsga2_bs_Gyorgy-KOVACS_WH_Wide_AW_5_seed_116,proposed_nsga2_bs,Gyorgy-KOVACS_WH_Wide_AW_5,116,8,auto_from_instance,12,18,4,30,216,,,,,9,5,7,root > V:17 > BH:26 > BH:5 > BH:14 > BH:25 > BH:36 > BH:47,selected,1,inf,True,572,220,352,507.0,1.0,1.0,True,True,1,1,0,True,1,1,0,0,True,True,0,12,7,12,7,5,PF_RP,sampled_pool,,,False,0.5,0.4768841915185779,0.5,0.1,adaptive,bit_flip,offspring,random_feasible_start_no_adaptive_spacing,,,,feasible_start_adaptive_spacing,0.5,,True,auto_from_instance,0.75,0.35,"5,7,10,14,16,25,26,36,45,50,55","3,14,17,19,21,24,29",,,,,,"H[5,7,10,14,16,25,26,36,45,47,50,55]|V[3,14,17,19,21,24,29]",e59e5dd5e1537a2d164e028d12bd66f538f0cb70
proposed_nsga2_bs_Gyorgy-KOVACS_WH_Wide_AW_5_seed_116,proposed_nsga2_bs,Gyorgy-KOVACS_WH_Wide_AW_5,116,8,auto_from_instance,12,18,4,30,216,,,,,10,5,7,root > V:17 > BH:26 > BH:7 > BH:16 > BH:25 > BH:36 > BH:47,selected,2,inf,True,572,220,352,663.0,1.0,1.0,True,True,1,1,0,True,1,1,0,0,True,True,0,12,7,12,7,5,PF_RP,sampled_pool,,,False,0.5,0.4768841915185779,0.5,0.1,adaptive,bit_flip,offspring,random_feasible_start_no_adaptive_spacing,,,,feasible_start_adaptive_spacing,0.5,,True,auto_from_instance,0.75,0.35,"5,7,10,14,16,25,26,36,45,50,55","3,14,17,19,21,24,29",,,,,,"H[5,7,10,14,16,25,26,36,45,47,50,55]|V[3,14,17,19,21,24,29]",61426df39d9f05da4c561d5073d32a1cf777516d
proposed_nsga2_bs_Gyorgy-KOVACS_WH_Wide_AW_5_seed_116,proposed_nsga2_bs,Gyorgy-KOVACS_WH_Wide_AW_5,116,8,auto_from_instance,12,18,4,30,216,,,,,11,5,7,root > V:17 > BH:26 > BH:5 > BH:16 > BH:25 > BH:36 > BH:45,selected,3,inf,True,572,220,352,711.0,1.0,1.0,True,True,1,1,0,True,1,1,0,0,True,True,0,11,7,11,7,5,PF_RP,sampled_pool,,,False,0.5,0.4768841915185779,0.5,0.1,adaptive,bit_flip,offspring,random_feasible_start_no_adaptive_spacing,,,,feasible_start_adaptive_spacing,0.5,,True,auto_from_instance,0.75,0.35,"5,7,10,14,16,25,26,36,45,50,55","3,14,17,19,21,24,29",,,,,,"H[5,7,10,14,16,25,26,36,45,50,55]|V[3,14,17,19,21,24,29]",854ec9b997ec508dda6ea9e399147d7a4b626ba8
proposed_nsga2_bs_Gyorgy-KOVACS_WH_Wide_AW_5_seed_116,proposed_nsga2_bs,Gyorgy-KOVACS_WH_Wide_AW_5,116,8,auto_from_instance,12,18,4,30,216,,,,,12,7,5,root > H:10 > BH:29 > BH:48 > BV:21 > BH:38,evaluated,5,2.6401689708141323,False,707,172,535,1572.0,1.0,1.0,True,True,1,1,0,True,1,1,0,0,True,True,0,14,7,14,7,7,SS,sampled_pool,,,True,0.5,0.4547224688031481,0.5,0.1,adaptive,bit_flip,offspring,random_feasible_start_no_adaptive_spacing,,,,feasible_start_adaptive_spacing,0.5,,True,auto_from_instance,0.75,0.35,"0,5,7,10,14,16,25,36,45,47,52","2,15,23,24,27,28",,,,,,"H[0,5,7,10,14,16,25,29,36,38,45,47,48,52]|V[2,15,21,23,24,27,28]",81719124cf245be045d73d7efc672e91b2ecf744
proposed_nsga2_bs_Gyorgy-KOVACS_WH_Wide_AW_5_seed_116,proposed_nsga2_bs,Gyorgy-KOVACS_WH_Wide_AW_5,116,8,auto_from_instance,12,18,4,30,216,,,,,13,7,5,root > H:10 > BH:29 > BH:48 > BV:19 > BH:38,selected,5,inf,True,707,173,534,1726.0,1.0,1.0,True,True,1,1,0,True,1,1,0,0,True,True,0,14,7,14,7,7,SS,sampled_pool,,,True,0.5,0.4547224688031481,0.5,0.1,adaptive,bit_flip,offspring,random_feasible_start_no_adaptive_spacing,,,,feasible_start_adaptive_spacing,0.5,,True,auto_from_instance,0.75,0.35,"0,5,7,10,14,16,25,36,45,47,52","2,15,23,24,27,28",,,,,,"H[0,5,7,10,14,16,25,29,36,38,45,47,48,52]|V[2,15,19,23,24,27,28]",f427a67fb3bbc0c2e8a4c7b06e28548d979a3e81
proposed_nsga2_bs_Gyorgy-KOVACS_WH_Wide_AW_5_seed_116,proposed_nsga2_bs,Gyorgy-KOVACS_WH_Wide_AW_5,116,8,auto_from_instance,12,18,4,30,216,,,,,14,11,5,root > H:10 > BH:35 > BV:25 > BH:25 > BV:21,evaluated,5,2.283794162826421,False,727,160,567,1520.0,1.0,1.0,True,True,1,1,0,True,1,1,0,0,True,True,0,13,8,13,8,11,SS_LS_PF,sampled_pool,,,True,0.5,0.45398268941848346,0.5,0.1,adaptive,break_symmetry,offspring,random_feasible_start_no_adaptive_spacing,,,,feasible_start_adaptive_spacing,0.5,,True,auto_from_instance,0.75,0.35,"5,7,10,14,16,25,26,31,36,45,50,55","3,18,19,24,29,33",,,,,,"H[5,7,10,14,16,25,26,31,35,36,45,50,55]|V[3,18,19,21,24,25,29,33]",07c54a7aeaf0587248dde9da1b3622cea7547887
proposed_nsga2_bs_Gyorgy-KOVACS_WH_Wide_AW_5_seed_116,proposed_nsga2_bs,Gyorgy-KOVACS_WH_Wide_AW_5,116,8,auto_from_instance,12,18,4,30,216,,,,,15,11,5,root > H:10 > BH:35 > BV:25 > BH:23 > BV:21,evaluated,5,inf,False,727,158,569,1478.0,1.0,1.0,True,True,1,1,0,True,1,1,0,0,True,True,0,14,8,14,8,11,SS_LS_PF,sampled_pool,,,True,0.5,0.45398268941848346,0.5,0.1,adaptive,break_symmetry,offspring,random_feasible_start_no_adaptive_spacing,,,,feasible_start_adaptive_spacing,0.5,,True,auto_from_instance,0.75,0.35,"5,7,10,14,16,25,26,31,36,45,50,55","3,18,19,24,29,33",,,,,,"H[5,7,10,14,16,23,25,26,31,35,36,45,50,55]|V[3,18,19,21,24,25,29,33]",2a696fc782a363b46eb57fdec721328a9c2f8dee
proposed_nsga2_bs_Gyorgy-KOVACS_WH_Wide_AW_5_seed_116,proposed_nsga2_bs,Gyorgy-KOVACS_WH_Wide_AW_5,116,8,auto_from_instance,12,18,4,30,216,,,,,16,11,5,root > H:10 > BH:35 > BV:23 > BH:23 > BV:21,evaluated,6,inf,False,727,158,569,1597.0,1.0,1.0,True,True,1,1,0,True,1,1,0,0,True,True,0,14,8,14,8,11,SS_LS_PF,sampled_pool,,,True,0.5,0.45398268941848346,0.5,0.1,adaptive,break_symmetry,offspring,random_feasible_start_no_adaptive_spacing,,,,feasible_start_adaptive_spacing,0.5,,True,auto_from_instance,0.75,0.35,"5,7,10,14,16,25,26,31,36,45,50,55","3,18,19,24,29,33",,,,,,"H[5,7,10,14,16,23,25,26,31,35,36,45,50,55]|V[3,18,19,21,23,24,29,33]",a934f91f90b8a8d7fa6a044ce76614d4e77b839a
proposed_nsga2_bs_Gyorgy-KOVACS_WH_Wide_AW_5_seed_116,proposed_nsga2_bs,Gyorgy-KOVACS_WH_Wide_AW_5,116,8,auto_from_instance,12,18,4,30,216,,,,,17,11,5,root > H:10 > BH:35 > BV:25 > BH:25 > BV:19,evaluated,6,inf,False,727,161,566,1674.0,1.0,1.0,True,True,1,1,0,True,1,1,0,0,True,True,0,13,7,13,7,11,SS_LS_PF,sampled_pool,,,True,0.5,0.45398268941848346,0.5,0.1,adaptive,break_symmetry,offspring,random_feasible_start_no_adaptive_spacing,,,,feasible_start_adaptive_spacing,0.5,,True,auto_from_instance,0.75,0.35,"5,7,10,14,16,25,26,31,36,45,50,55","3,18,19,24,29,33",,,,,,"H[5,7,10,14,16,25,26,31,35,36,45,50,55]|V[3,18,19,24,25,29,33]",aaf99ab08e7636fae35b6924524dcee5d4ecb87c
proposed_nsga2_bs_Gyorgy-KOVACS_WH_Wide_AW_5_seed_116,proposed_nsga2_bs,Gyorgy-KOVACS_WH_Wide_AW_5,116,9,auto_from_instance,12,18,4,30,216,,,,,1,1,7,root > V:19 > BH:26 > BH:7 > BH:16 > BH:25 > BH:36 > BH:47,evaluated,5,inf,False,612,200,412,714.0,1.0,1.0,True,True,1,1,0,True,1,1,0,0,True,True,0,11,5,11,5,1,PF,sampled_pool,,,False,0.5555555555555556,0.5062325943473461,0.4444444444444444,0.1,adaptive,bit_flip,offspring,random_feasible_start_no_adaptive_spacing,,,,feasible_start_adaptive_spacing,0.5,,True,auto_from_instance,0.75,0.35,"5,7,14,16,25,26,36,45,47,50,55","3,14,19,24,29",,,,,,"H[5,7,14,16,25,26,36,45,47,50,55]|V[3,14,19,24,29]",2ba52e7e126777fbaec8ebaebd6fa4ae9f76a172
proposed_nsga2_bs_Gyorgy-KOVACS_WH_Wide_AW_5_seed_116,proposed_nsga2_bs,Gyorgy-KOVACS_WH_Wide_AW_5,116,9,auto_from_instance,12,18,4,30,216,,,,,2,1,7,root > V:19 > BH:26 > BH:7 > BH:16 > BH:25 > BH:36 > BH:45,evaluated,7,inf,False,612,200,412,884.0,1.0,1.0,True,True,1,1,0,True,1,1,0,0,True,True,0,11,5,11,5,1,PF,sampled_pool,,,False,0.5555555555555556,0.5062325943473461,0.4444444444444444,0.1,adaptive,bit_flip,offspring,random_feasible_start_no_adaptive_spacing,,,,feasible_start_adaptive_spacing,0.5,,True,auto_from_instance,0.75,0.35,"5,7,14,16,25,26,36,45,47,50,55","3,14,19,24,29",,,,,,"H[5,7,14,16,25,26,36,45,47,50,55]|V[3,14,19,24,29]",c420dfec7e4e910184e7d9c9fe291d756d79ae6e
proposed_nsga2_bs_Gyorgy-KOVACS_WH_Wide_AW_5_seed_116,proposed_nsga2_bs,Gyorgy-KOVACS_WH_Wide_AW_5,116,9,auto_from_instance,12,18,4,30,216,,,,,3,1,7,root > V:19 > BH:26 > BH:5 > BH:16 > BH:25 > BH:36 > BH:47,selected,4,inf,True,612,200,412,584.0,1.0,1.0,True,True,1,1,0,True,1,1,0,0,True,True,0,11,5,11,5,1,PF,sampled_pool,,,False,0.5555555555555556,0.5062325943473461,0.4444444444444444,0.1,adaptive,bit_flip,offspring,random_feasible_start_no_adaptive_spacing,,,,feasible_start_adaptive_spacing,0.5,,True,auto_from_instance,0.75,0.35,"5,7,14,16,25,26,36,45,47,50,55","3,14,19,24,29",,,,,,"H[5,7,14,16,25,26,36,45,47,50,55]|V[3,14,19,24,29]",739f9ec08bf9c56e734297604911aa2f937b0b31
proposed_nsga2_bs_Gyorgy-KOVACS_WH_Wide_AW_5_seed_116,proposed_nsga2_bs,Gyorgy-KOVACS_WH_Wide_AW_5,116,9,auto_from_instance,12,18,4,30,216,,,,,4,1,7,root > V:19 > BH:26 > BH:5 > BH:16 > BH:25 > BH:36 > BH:45,evaluated,6,inf,False,612,200,412,754.0,1.0,1.0,True,True,1,1,0,True,1,1,0,0,True,True,0,11,5,11,5,1,PF,sampled_pool,,,False,0.5555555555555556,0.5062325943473461,0.4444444444444444,0.1,adaptive,bit_flip,offspring,random_feasible_start_no_adaptive_spacing,,,,feasible_start_adaptive_spacing,0.5,,True,auto_from_instance,0.75,0.35,"5,7,14,16,25,26,36,45,47,50,55","3,14,19,24,29",,,,,,"H[5,7,14,16,25,26,36,45,47,50,55]|V[3,14,19,24,29]",16ed0ad93ee066fd151d5116addbd94cd12b2a32
proposed_nsga2_bs_Gyorgy-KOVACS_WH_Wide_AW_5_seed_116,proposed_nsga2_bs,Gyorgy-KOVACS_WH_Wide_AW_5,116,9,auto_from_instance,12,18,4,30,216,,,,,5,2,8,root > V:15 > BH:26 > BH:5 > BH:16 > BH:25 > BH:36 > BH:45 > BV:24,selected,0,inf,True,497,247,250,385.0,1.0,1.0,True,True,1,1,0,True,1,1,0,0,True,True,0,14,9,14,9,2,LS_PF,sampled_pool,,,False,0.5555555555555556,0.5177001018993853,0.4444444444444444,0.1,adaptive,insert_random_aisle,offspring,random_feasible_start_no_adaptive_spacing,,,,feasible_start_adaptive_spacing,0.5,,True,auto_from_instance,0.75,0.35,"0,5,7,10,14,16,19,25,26,28,36,45,47,55","2,14,15,17,19,21,24,27,29",,,,,,"H[0,5,7,10,14,16,19,25,26,28,36,45,47,55]|V[2,14,15,17,19,21,24,27,29]",416c9c0e4f9e06143d78fee04cbc7a8d1c4800ad
proposed_nsga2_bs_Gyorgy-KOVACS_WH_Wide_AW_5_seed_116,proposed_nsga2_bs,Gyorgy-KOVACS_WH_Wide_AW_5,116,9,auto_from_instance,12,18,4,30,216,,,,,6,2,8,root > V:15 > BH:26 > BH:5 > BH:14 > BH:25 > BH:36 > BH:45 > BV:24,selected,0,inf,True,497,247,250,385.0,1.0,1.0,True,True,1,1,0,True,1,1,0,0,True,True,0,14,9,14,9,2,LS_PF,sampled_pool,,,False,0.5555555555555556,0.5177001018993853,0.4444444444444444,0.1,adaptive,insert_random_aisle,offspring,random_feasible_start_no_adaptive_spacing,,,,feasible_start_adaptive_spacing,0.5,,True,auto_from_instance,0.75,0.35,"0,5,7,10,14,16,19,25,26,28,36,45,47,55","2,14,15,17,19,21,24,27,29",,,,,,"H[0,5,7,10,14,16,19,25,26,28,36,45,47,55]|V[2,14,15,17,19,21,24,27,29]",4f5b467192e7c6ce4bc3fd69bf3ce13c31bd8ba0
proposed_nsga2_bs_Gyorgy-KOVACS_WH_Wide_AW_5_seed_116,proposed_nsga2_bs,Gyorgy-KOVACS_WH_Wide_AW_5,116,9,auto_from_instance,12,18,4,30,216,,,,,7,3,8,root > V:15 > BH:26 > BH:7 > BH:16 > BH:25 > BH:36 > BH:45 > BV:24,selected,1,inf,True,497,247,250,567.0,1.0,1.0,True,True,1,1,0,True,1,1,0,0,True,True,0,12,8,12,8,3,PF_LS,sampled_pool,,,False,0.5555555555555556,0.5485257507155182,0.4444444444444444,0.1,adaptive,insert_random_aisle,offspring,random_feasible_start_no_adaptive_spacing,,,,feasible_start_adaptive_spacing,0.5,,True,auto_from_instance,0.75,0.35,"0,5,7,14,16,25,26,33,36,45,47,55","2,14,15,17,19,24,27,28",,,,,,"H[0,5,7,14,16,25,26,33,36,45,47,55]|V[2,14,15,17,19,24,27,28]",bad25caaf4e753481b1b798360caa6634ad939f7
proposed_nsga2_bs_Gyorgy-KOVACS_WH_Wide_AW_5_seed_116,proposed_nsga2_bs,Gyorgy-KOVACS_WH_Wide_AW_5,116,9,auto_from_instance,12,18,4,30,216,,,,,8,5,6,root > V:19 > BH:26 > BH:5 > BH:16 > BH:29 > BH:44,evaluated,8,inf,False,662,179,483,1074.0,1.0,1.0,True,True,1,1,0,True,1,1,0,0,True,True,0,15,11,15,11,5,SS,sampled_pool,,,True,0.5555555555555556,0.5220123856528753,0.4444444444444444,0.1,adaptive,spacing_aware_flip,offspring,random_feasible_start_no_adaptive_spacing,,,,feasible_start_adaptive_spacing,0.5,,True,auto_from_instance,0.75,0.35,"0,3,5,7,10,14,16,25,26,36,45,47,55","2,3,14,15,17,19,23,24,27,28,33",,,,,,"H[0,3,5,7,10,14,16,25,26,29,36,44,45,47,55]|V[2,3,14,15,17,19,23,24,27,28,33]",9611f3f642c06fb0868eb707d4be9b5328b03a30
proposed_nsga2_bs_Gyorgy-KOVACS_WH_Wide_AW_5_seed_116,proposed_nsga2_bs,Gyorgy-KOVACS_WH_Wide_AW_5,116,9,auto_from_instance,12,18,4,30,216,,,,,9,5,6,root > V:19 > BH:26 > BH:47 > BH:35 > BH:23 > BH:9,evaluated,9,inf,False,662,178,484,1194.0,1.0,1.0,True,True,1,1,0,True,1,1,0,0,True,True,0,16,11,16,11,5,SS,sampled_pool,,,True,0.5555555555555556,0.5220123856528753,0.4444444444444444,0.1,adaptive,spacing_aware_flip,offspring,random_feasible_start_no_adaptive_spacing,,,,feasible_start_adaptive_spacing,0.5,,True,auto_from_instance,0.75,0.35,"0,3,5,7,10,14,16,25,26,36,45,47,55","2,3,14,15,17,19,23,24,27,28,33",,,,,,"H[0,3,5,7,9,10,14,16,23,25,26,35,36,45,47,55]|V[2,3,14,15,17,19,23,24,27,28,33]",897092111e4d642b83b355f9b7d25178527841b5
proposed_nsga2_bs_Gyorgy-KOVACS_WH_Wide_AW_5_seed_116,proposed_nsga2_bs,Gyorgy-KOVACS_WH_Wide_AW_5,116,9,auto_from_instance,12,18,4,30,216,,,,,10,5,6,root > V:19 > BH:26 > BH:47 > BH:37 > BH:23 > BH:9,evaluated,9,inf,False,662,179,483,1214.0,1.0,1.0,True,True,1,1,0,True,1,1,0,0,True,True,0,16,11,16,11,5,SS,sampled_pool,,,True,0.5555555555555556,0.5220123856528753,0.4444444444444444,0.1,adaptive,spacing_aware_flip,offspring,random_feasible_start_no_adaptive_spacing,,,,feasible_start_adaptive_spacing,0.5,,True,auto_from_instance,0.75,0.35,"0,3,5,7,10,14,16,25,26,36,45,47,55","2,3,14,15,17,19,23,24,27,28,33",,,,,,"H[0,3,5,7,9,10,14,16,23,25,26,36,37,45,47,55]|V[2,3,14,15,17,19,23,24,27,28,33]",627c2cc4912123f4d0addbc30fac72342d05eacd
proposed_nsga2_bs_Gyorgy-KOVACS_WH_Wide_AW_5_seed_116,proposed_nsga2_bs,Gyorgy-KOVACS_WH_Wide_AW_5,116,9,auto_from_instance,12,18,4,30,216,,,,,11,5,6,root > V:19 > BH:26 > BH:5 > BH:16 > BH:29 > BH:42,evaluated,10,inf,False,662,179,483,1324.0,1.0,1.0,True,True,1,1,0,True,1,1,0,0,True,True,0,15,11,15,11,5,SS,sampled_pool,,,True,0.5555555555555556,0.5220123856528753,0.4444444444444444,0.1,adaptive,spacing_aware_flip,offspring,random_feasible_start_no_adaptive_spacing,,,,feasible_start_adaptive_spacing,0.5,,True,auto_from_instance,0.75,0.35,"0,3,5,7,10,14,16,25,26,36,45,47,55","2,3,14,15,17,19,23,24,27,28,33",,,,,,"H[0,3,5,7,10,14,16,25,26,29,36,42,45,47,55]|V[2,3,14,15,17,19,23,24,27,28,33]",b1b263b53cc0e00a8016b395544d87837a0155d2
proposed_nsga2_bs_Gyorgy-KOVACS_WH_Wide_AW_5_seed_116,proposed_nsga2_bs,Gyorgy-KOVACS_WH_Wide_AW_5,116,9,auto_from_instance,12,18,4,30,216,,,,,12,7,7,root > V:19 > BH:26 > BH:5 > BH:14 > BH:25 > BH:36 > BH:47,evaluated,4,inf,False,612,200,412,584.0,1.0,1.0,True,True,1,1,0,True,1,1,0,0,True,True,0,11,8,11,8,7,PF,sampled_pool,,,False,0.5555555555555556,0.5143611067107791,0.4444444444444444,0.1,adaptive,remove_random_aisle,offspring,random_feasible_start_no_adaptive_spacing,,,,feasible_start_adaptive_spacing,0.5,,True,auto_from_instance,0.75,0.35,"5,7,10,14,16,25,26,36,45,47,52","3,14,19,21,24,27,28,29",,,,,,"H[5,7,10,14,16,25,26,36,45,47,52]|V[3,14,19,21,24,27,28,29]",18779af2d0583f313025ada9a3c164bb18de6a6f
proposed_nsga2_bs_Gyorgy-KOVACS_WH_Wide_AW_5_seed_116,proposed_nsga2_bs,Gyorgy-KOVACS_WH_Wide_AW_5,116,9,auto_from_instance,12,18,4,30,216,,,,,13,7,7,root > V:19 > BH:26 > BH:5 > BH:14 > BH:25 > BH:36 > BH:45,evaluated,6,inf,False,612,200,412,754.0,1.0,1.0,True,True,1,1,0,True,1,1,0,0,True,True,0,11,8,11,8,7,PF,sampled_pool,,,False,0.5555555555555556,0.5143611067107791,0.4444444444444444,0.1,adaptive,remove_random_aisle,offspring,random_feasible_start_no_adaptive_spacing,,,,feasible_start_adaptive_spacing,0.5,,True,auto_from_instance,0.75,0.35,"5,7,10,14,16,25,26,36,45,47,52","3,14,19,21,24,27,28,29",,,,,,"H[5,7,10,14,16,25,26,36,45,47,52]|V[3,14,19,21,24,27,28,29]",e3a802ef145afaa17bc3eca719e3ef8051b94b10
proposed_nsga2_bs_Gyorgy-KOVACS_WH_Wide_AW_5_seed_116,proposed_nsga2_bs,Gyorgy-KOVACS_WH_Wide_AW_5,116,9,auto_from_instance,12,18,4,30,216,,,,,14,10,7,root > V:17 > BH:26 > BH:5 > BH:16 > BH:25 > BH:36 > BH:47,selected,1,2.1940700808625335,True,572,220,352,507.0,1.0,1.0,True,True,1,1,0,True,1,1,0,0,True,True,0,13,7,13,7,10,PF_LS_RP,sampled_pool,,,False,0.5555555555555556,0.5639197525763697,0.4444444444444444,0.1,adaptive,swap_segments,offspring,random_feasible_start_no_adaptive_spacing,,,,feasible_start_adaptive_spacing,0.5,,True,auto_from_instance,0.75,0.35,"3,5,7,10,14,16,25,26,36,45,47,50,55","3,14,17,19,21,24,29",,,,,,"H[3,5,7,10,14,16,25,26,36,45,47,50,55]|V[3,14,17,19,21,24,29]",173dd91401b4b71d9f20edd9e83506be465b9528
proposed_nsga2_bs_Gyorgy-KOVACS_WH_Wide_AW_5_seed_116,proposed_nsga2_bs,Gyorgy-KOVACS_WH_Wide_AW_5,116,9,auto_from_instance,12,18,4,30,216,,,,,15,10,7,root > V:17 > BH:26 > BH:5 > BH:14 > BH:25 > BH:36 > BH:47,selected,1,0.8059299191374664,True,572,220,352,507.0,1.0,1.0,True,True,1,1,0,True,1,1,0,0,True,True,0,13,7,13,7,10,PF_LS_RP,sampled_pool,,,False,0.5555555555555556,0.5639197525763697,0.4444444444444444,0.1,adaptive,swap_segments,offspring,random_feasible_start_no_adaptive_spacing,,,,feasible_start_adaptive_spacing,0.5,,True,auto_from_instance,0.75,0.35,"3,5,7,10,14,16,25,26,36,45,47,50,55","3,14,17,19,21,24,29",,,,,,"H[3,5,7,10,14,16,25,26,36,45,47,50,55]|V[3,14,17,19,21,24,29]",e59e5dd5e1537a2d164e028d12bd66f538f0cb70
proposed_nsga2_bs_Gyorgy-KOVACS_WH_Wide_AW_5_seed_116,proposed_nsga2_bs,Gyorgy-KOVACS_WH_Wide_AW_5,116,9,auto_from_instance,12,18,4,30,216,,,,,16,10,7,root > V:17 > BH:26 > BH:7 > BH:16 > BH:25 > BH:36 > BH:47,selected,2,inf,True,572,220,352,663.0,1.0,1.0,True,True,1,1,0,True,1,1,0,0,True,True,0,13,7,13,7,10,PF_LS_RP,sampled_pool,,,False,0.5555555555555556,0.5639197525763697,0.4444444444444444,0.1,adaptive,swap_segments,offspring,random_feasible_start_no_adaptive_spacing,,,,feasible_start_adaptive_spacing,0.5,,True,auto_from_instance,0.75,0.35,"3,5,7,10,14,16,25,26,36,45,47,50,55","3,14,17,19,21,24,29",,,,,,"H[3,5,7,10,14,16,25,26,36,45,47,50,55]|V[3,14,17,19,21,24,29]",61426df39d9f05da4c561d5073d32a1cf777516d
proposed_nsga2_bs_Gyorgy-KOVACS_WH_Wide_AW_5_seed_116,proposed_nsga2_bs,Gyorgy-KOVACS_WH_Wide_AW_5,116,9,auto_from_instance,12,18,4,30,216,,,,,17,10,7,root > V:17 > BH:26 > BH:5 > BH:16 > BH:25 > BH:36 > BH:45,selected,3,inf,True,572,220,352,711.0,1.0,1.0,True,True,1,1,0,True,1,1,0,0,True,True,0,13,7,13,7,10,PF_LS_RP,sampled_pool,,,False,0.5555555555555556,0.5639197525763697,0.4444444444444444,0.1,adaptive,swap_segments,offspring,random_feasible_start_no_adaptive_spacing,,,,feasible_start_adaptive_spacing,0.5,,True,auto_from_instance,0.75,0.35,"3,5,7,10,14,16,25,26,36,45,47,50,55","3,14,17,19,21,24,29",,,,,,"H[3,5,7,10,14,16,25,26,36,45,47,50,55]|V[3,14,17,19,21,24,29]",854ec9b997ec508dda6ea9e399147d7a4b626ba8
proposed_nsga2_bs_Gyorgy-KOVACS_WH_Wide_AW_5_seed_116,proposed_nsga2_bs,Gyorgy-KOVACS_WH_Wide_AW_5,116,9,auto_from_instance,12,18,4,30,216,,,,,18,11,4,root > V:27 > BH:26 > BV:17 > BV:17,selected,0,inf,True,567,256,311,311.0,1.0,1.0,True,True,1,1,0,True,1,1,0,0,True,True,0,13,7,13,7,11,SS_PF_LS,sampled_pool,,,True,0.5555555555555556,0.5110800341458722,0.4444444444444444,0.1,adaptive,swap_segments,offspring,random_feasible_start_no_adaptive_spacing,,,,feasible_start_adaptive_spacing,0.5,,True,auto_from_instance,0.75,0.35,"5,7,10,14,16,22,24,27,36,48,49,55","3,14,19,24,27,29",,,,,,"H[5,7,10,14,16,22,24,26,27,36,48,49,55]|V[3,14,17,19,24,27,29]",a8708aef2b1e3127a45cd25328e7b01fe876ac67
proposed_nsga2_bs_Gyorgy-KOVACS_WH_Wide_AW_5_seed_116,proposed_nsga2_bs,Gyorgy-KOVACS_WH_Wide_AW_5,116,9,auto_from_instance,12,18,4,30,216,,,,,19,11,4,root > V:29 > BH:26 > BV:19 > BV:19,selected,1,inf,True,557,202,355,408.0,1.0,1.0,True,True,1,1,0,True,1,1,0,0,True,True,0,13,6,13,6,11,SS_PF_LS,sampled_pool,,,True,0.5555555555555556,0.5110800341458722,0.4444444444444444,0.1,adaptive,swap_segments,offspring,random_feasible_start_no_adaptive_spacing,,,,feasible_start_adaptive_spacing,0.5,,True,auto_from_instance,0.75,0.35,"5,7,10,14,16,22,24,27,36,48,49,55","3,14,19,24,27,29",,,,,,"H[5,7,10,14,16,22,24,26,27,36,48,49,55]|V[3,14,19,24,27,29]",225a083d40a70add6d49c842c1ea1b7da9e91627
proposed_nsga2_bs_Gyorgy-KOVACS_WH_Wide_AW_5_seed_116,proposed_nsga2_bs,Gyorgy-KOVACS_WH_Wide_AW_5,116,9,auto_from_instance,12,18,4,30,216,,,,,20,11,4,root > V:29 > BH:26 > BV:19 > BV:17,selected,2,inf,True,557,202,355,458.0,1.0,1.0,True,True,1,1,0,True,1,1,0,0,True,True,0,13,7,13,7,11,SS_PF_LS,sampled_pool,,,True,0.5555555555555556,0.5110800341458722,0.4444444444444444,0.1,adaptive,swap_segments,offspring,random_feasible_start_no_adaptive_spacing,,,,feasible_start_adaptive_spacing,0.5,,True,auto_from_instance,0.75,0.35,"5,7,10,14,16,22,24,27,36,48,49,55","3,14,19,24,27,29",,,,,,"H[5,7,10,14,16,22,24,26,27,36,48,49,55]|V[3,14,17,19,24,27,29]",f590e28c4ca08f01adba87c9244bc357b1edb9bd
proposed_nsga2_bs_Gyorgy-KOVACS_WH_Wide_AW_5_seed_116,proposed_nsga2_bs,Gyorgy-KOVACS_WH_Wide_AW_5,116,9,auto_from_instance,12,18,4,30,216,,,,,21,11,4,root > V:29 > BH:26 > BV:19 > BV:17,selected,3,inf,True,557,202,355,460.0,1.0,1.0,True,True,1,1,0,True,1,1,0,0,True,True,0,13,7,13,7,11,SS_PF_LS,sampled_pool,,,True,0.5555555555555556,0.5110800341458722,0.4444444444444444,0.1,adaptive,swap_segments,offspring,random_feasible_start_no_adaptive_spacing,,,,feasible_start_adaptive_spacing,0.5,,True,auto_from_instance,0.75,0.35,"5,7,10,14,16,22,24,27,36,48,49,55","3,14,19,24,27,29",,,,,,"H[5,7,10,14,16,22,24,26,27,36,48,49,55]|V[3,14,17,19,24,27,29]",0ccd7482bc13afbeac630bd0faf7012fe4b70f5c
proposed_nsga2_bs_Gyorgy-KOVACS_WH_Wide_AW_5_seed_116,proposed_nsga2_bs,Gyorgy-KOVACS_WH_Wide_AW_5,116,10,auto_from_instance,12,18,4,30,216,,,,,1,1,4,root > V:27 > BH:26 > BV:17 > BV:17,selected,0,inf,True,567,256,311,311.0,1.0,1.0,True,True,1,1,0,True,1,1,0,0,True,True,0,15,7,15,7,1,SS,sampled_pool,,,True,0.6111111111111112,0.5685541798922068,0.38888888888888884,0.1,adaptive,insert_random_aisle,offspring,random_feasible_start_no_adaptive_spacing,,,,feasible_start_adaptive_spacing,0.5,,True,auto_from_instance,0.75,0.35,"5,7,10,14,16,22,23,24,26,27,36,45,47,50,55","3,14,17,19,24,27,29",,,,,,"H[5,7,10,14,16,22,23,24,26,27,36,45,47,50,55]|V[3,14,17,19,24,27,29]",a8708aef2b1e3127a45cd25328e7b01fe876ac67
proposed_nsga2_bs_Gyorgy-KOVACS_WH_Wide_AW_5_seed_116,proposed_nsga2_bs,Gyorgy-KOVACS_WH_Wide_AW_5,116,10,auto_from_instance,12,18,4,30,216,,,,,2,1,4,root > V:29 > BH:26 > BV:19 > BV:19,selected,1,inf,True,557,202,355,408.0,1.0,1.0,True,True,1,1,0,True,1,1,0,0,True,True,0,15,7,15,7,1,SS,sampled_pool,,,True,0.6111111111111112,0.5685541798922068,0.38888888888888884,0.1,adaptive,insert_random_aisle,offspring,random_feasible_start_no_adaptive_spacing,,,,feasible_start_adaptive_spacing,0.5,,True,auto_from_instance,0.75,0.35,"5,7,10,14,16,22,23,24,26,27,36,45,47,50,55","3,14,17,19,24,27,29",,,,,,"H[5,7,10,14,16,22,23,24,26,27,36,45,47,50,55]|V[3,14,17,19,24,27,29]",225a083d40a70add6d49c842c1ea1b7da9e91627
proposed_nsga2_bs_Gyorgy-KOVACS_WH_Wide_AW_5_seed_116,proposed_nsga2_bs,Gyorgy-KOVACS_WH_Wide_AW_5,116,10,auto_from_instance,12,18,4,30,216,,,,,3,1,4,root > V:29 > BH:26 > BV:19 > BV:17,selected,2,inf,True,557,202,355,458.0,1.0,1.0,True,True,1,1,0,True,1,1,0,0,True,True,0,15,7,15,7,1,SS,sampled_pool,,,True,0.6111111111111112,0.5685541798922068,0.38888888888888884,0.1,adaptive,insert_random_aisle,offspring,random_feasible_start_no_adaptive_spacing,,,,feasible_start_adaptive_spacing,0.5,,True,auto_from_instance,0.75,0.35,"5,7,10,14,16,22,23,24,26,27,36,45,47,50,55","3,14,17,19,24,27,29",,,,,,"H[5,7,10,14,16,22,23,24,26,27,36,45,47,50,55]|V[3,14,17,19,24,27,29]",f590e28c4ca08f01adba87c9244bc357b1edb9bd
proposed_nsga2_bs_Gyorgy-KOVACS_WH_Wide_AW_5_seed_116,proposed_nsga2_bs,Gyorgy-KOVACS_WH_Wide_AW_5,116,10,auto_from_instance,12,18,4,30,216,,,,,4,1,4,root > V:29 > BH:26 > BV:19 > BV:17,selected,3,inf,True,557,202,355,460.0,1.0,1.0,True,True,1,1,0,True,1,1,0,0,True,True,0,15,7,15,7,1,SS,sampled_pool,,,True,0.6111111111111112,0.5685541798922068,0.38888888888888884,0.1,adaptive,insert_random_aisle,offspring,random_feasible_start_no_adaptive_spacing,,,,feasible_start_adaptive_spacing,0.5,,True,auto_from_instance,0.75,0.35,"5,7,10,14,16,22,23,24,26,27,36,45,47,50,55","3,14,17,19,24,27,29",,,,,,"H[5,7,10,14,16,22,23,24,26,27,36,45,47,50,55]|V[3,14,17,19,24,27,29]",0ccd7482bc13afbeac630bd0faf7012fe4b70f5c
proposed_nsga2_bs_Gyorgy-KOVACS_WH_Wide_AW_5_seed_116,proposed_nsga2_bs,Gyorgy-KOVACS_WH_Wide_AW_5,116,10,auto_from_instance,12,18,4,30,216,,,,,5,2,8,root > V:15 > BH:26 > BH:7 > BH:16 > BH:25 > BH:36 > BH:45 > BV:24,selected,1,inf,True,497,247,250,567.0,1.0,1.0,True,True,1,1,0,True,1,1,0,0,True,True,0,13,8,13,8,2,PF,sampled_pool,,,False,0.6111111111111112,0.5595559877177885,0.38888888888888884,0.1,adaptive,insert_random_aisle,offspring,random_feasible_start_no_adaptive_spacing,,,,feasible_start_adaptive_spacing,0.5,,True,auto_from_instance,0.75,0.35,"3,5,7,10,14,16,25,26,36,48,49,55","3,14,15,17,19,21,24,29",,,,,,"H[3,5,7,10,14,16,25,26,36,45,48,49,55]|V[3,14,15,17,19,21,24,29]",bad25caaf4e753481b1b798360caa6634ad939f7
proposed_nsga2_bs_Gyorgy-KOVACS_WH_Wide_AW_5_seed_116,proposed_nsga2_bs,Gyorgy-KOVACS_WH_Wide_AW_5,116,10,auto_from_instance,12,18,4,30,216,,,,,6,2,8,root > V:15 > BH:26 > BH:5 > BH:16 > BH:25 > BH:36 > BH:45 > BV:24,selected,0,inf,True,497,247,250,385.0,1.0,1.0,True,True,1,1,0,True,1,1,0,0,True,True,0,13,8,13,8,2,PF,sampled_pool,,,False,0.6111111111111112,0.5595559877177885,0.38888888888888884,0.1,adaptive,insert_random_aisle,offspring,random_feasible_start_no_adaptive_spacing,,,,feasible_start_adaptive_spacing,0.5,,True,auto_from_instance,0.75,0.35,"3,5,7,10,14,16,25,26,36,48,49,55","3,14,15,17,19,21,24,29",,,,,,"H[3,5,7,10,14,16,25,26,36,45,48,49,55]|V[3,14,15,17,19,21,24,29]",416c9c0e4f9e06143d78fee04cbc7a8d1c4800ad
proposed_nsga2_bs_Gyorgy-KOVACS_WH_Wide_AW_5_seed_116,proposed_nsga2_bs,Gyorgy-KOVACS_WH_Wide_AW_5,116,10,auto_from_instance,12,18,4,30,216,,,,,7,3,7,root > V:17 > BH:26 > BH:5 > BH:16 > BH:25 > BH:36 > BH:47,selected,1,2.1940700808625335,True,572,220,352,507.0,1.0,1.0,True,True,1,1,0,True,1,1,0,0,True,True,0,15,7,15,7,3,PF_SS,sampled_pool,,,True,0.6111111111111112,0.6176771769423196,0.38888888888888884,0.1,adaptive,bit_flip,offspring,random_feasible_start_no_adaptive_spacing,,,,feasible_start_adaptive_spacing,0.5,,True,auto_from_instance,0.75,0.35,"0,5,7,10,14,16,19,25,26,28,36,45,47,50,55","2,14,17,19,24,27,29",,,,,,"H[0,5,7,10,14,16,19,25,26,28,36,45,47,50,55]|V[2,14,17,19,24,27,29]",173dd91401b4b71d9f20edd9e83506be465b9528
proposed_nsga2_bs_Gyorgy-KOVACS_WH_Wide_AW_5_seed_116,proposed_nsga2_bs,Gyorgy-KOVACS_WH_Wide_AW_5,116,10,auto_from_instance,12,18,4,30,216,,,,,8,3,7,root > V:17 > BH:26 > BH:5 > BH:14 > BH:25 > BH:36 > BH:47,selected,1,0.8059299191374664,True,572,220,352,507.0,1.0,1.0,True,True,1,1,0,True,1,1,0,0,True,True,0,15,7,15,7,3,PF_SS,sampled_pool,,,True,0.6111111111111112,0.6176771769423196,0.38888888888888884,0.1,adaptive,bit_flip,offspring,random_feasible_start_no_adaptive_spacing,,,,feasible_start_adaptive_spacing,0.5,,True,auto_from_instance,0.75,0.35,"0,5,7,10,14,16,19,25,26,28,36,45,47,50,55","2,14,17,19,24,27,29",,,,,,"H[0,5,7,10,14,16,19,25,26,28,36,45,47,50,55]|V[2,14,17,19,24,27,29]",e59e5dd5e1537a2d164e028d12bd66f538f0cb70
proposed_nsga2_bs_Gyorgy-KOVACS_WH_Wide_AW_5_seed_116,proposed_nsga2_bs,Gyorgy-KOVACS_WH_Wide_AW_5,116,10,auto_from_instance,12,18,4,30,216,,,,,9,3,7,root > V:17 > BH:26 > BH:5 > BH:16 > BH:25 > BH:36 > BH:45,selected,3,inf,True,572,220,352,711.0,1.0,1.0,True,True,1,1,0,True,1,1,0,0,True,True,0,15,7,15,7,3,PF_SS,sampled_pool,,,True,0.6111111111111112,0.6176771769423196,0.38888888888888884,0.1,adaptive,bit_flip,offspring,random_feasible_start_no_adaptive_spacing,,,,feasible_start_adaptive_spacing,0.5,,True,auto_from_instance,0.75,0.35,"0,5,7,10,14,16,19,25,26,28,36,45,47,50,55","2,14,17,19,24,27,29",,,,,,"H[0,5,7,10,14,16,19,25,26,28,36,45,47,50,55]|V[2,14,17,19,24,27,29]",854ec9b997ec508dda6ea9e399147d7a4b626ba8
proposed_nsga2_bs_Gyorgy-KOVACS_WH_Wide_AW_5_seed_116,proposed_nsga2_bs,Gyorgy-KOVACS_WH_Wide_AW_5,116,10,auto_from_instance,12,18,4,30,216,,,,,10,3,7,root > V:17 > BH:26 > BH:5 > BH:14 > BH:25 > BH:36 > BH:45,selected,3,inf,True,572,220,352,711.0,1.0,1.0,True,True,1,1,0,True,1,1,0,0,True,True,0,15,7,15,7,3,PF_SS,sampled_pool,,,True,0.6111111111111112,0.6176771769423196,0.38888888888888884,0.1,adaptive,bit_flip,offspring,random_feasible_start_no_adaptive_spacing,,,,feasible_start_adaptive_spacing,0.5,,True,auto_from_instance,0.75,0.35,"0,5,7,10,14,16,19,25,26,28,36,45,47,50,55","2,14,17,19,24,27,29",,,,,,"H[0,5,7,10,14,16,19,25,26,28,36,45,47,50,55]|V[2,14,17,19,24,27,29]",ef95c5265d039c602cc7246bb99c122e90a60068
proposed_nsga2_bs_Gyorgy-KOVACS_WH_Wide_AW_5_seed_116,proposed_nsga2_bs,Gyorgy-KOVACS_WH_Wide_AW_5,116,10,auto_from_instance,12,18,4,30,216,,,,,11,4,6,root > V:21 > BH:26 > BH:5 > BH:16 > BH:29 > BH:42,evaluated,6,inf,False,692,165,527,1197.0,1.0,1.0,True,True,1,1,0,True,1,1,0,0,True,True,0,15,9,15,9,4,SS_LS_PF,sampled_pool,,,True,0.6111111111111112,0.503148377059057,0.38888888888888884,0.1,adaptive,break_symmetry,offspring,random_feasible_start_no_adaptive_spacing,,,,feasible_start_adaptive_spacing,0.5,,True,auto_from_instance,0.75,0.35,"5,8,10,14,16,22,24,26,27,36,48,49,55","3,14,15,17,19,21,24,27,29",,,,,,"H[5,8,10,14,16,22,24,26,27,29,36,42,48,49,55]|V[3,14,15,17,19,21,24,27,29]",3e80fff572b45638d4c993741f9187431fecc243
proposed_nsga2_bs_Gyorgy-KOVACS_WH_Wide_AW_5_seed_116,proposed_nsga2_bs,Gyorgy-KOVACS_WH_Wide_AW_5,116,10,auto_from_instance,12,18,4,30,216,,,,,12,4,6,root > V:21 > BH:26 > BH:5 > BH:16 > BH:27 > BH:40,evaluated,7,inf,False,692,168,524,1255.0,1.0,1.0,True,True,1,1,0,True,1,1,0,0,True,True,0,14,9,14,9,4,SS_LS_PF,sampled_pool,,,True,0.6111111111111112,0.503148377059057,0.38888888888888884,0.1,adaptive,break_symmetry,offspring,random_feasible_start_no_adaptive_spacing,,,,feasible_start_adaptive_spacing,0.5,,True,auto_from_instance,0.75,0.35,"5,8,10,14,16,22,24,26,27,36,48,49,55","3,14,15,17,19,21,24,27,29",,,,,,"H[5,8,10,14,16,22,24,26,27,36,40,48,49,55]|V[3,14,15,17,19,21,24,27,29]",c29204a760792de9b5fff7fd1f22463071b8fe3a
proposed_nsga2_bs_Gyorgy-KOVACS_WH_Wide_AW_5_seed_116,proposed_nsga2_bs,Gyorgy-KOVACS_WH_Wide_AW_5,116,10,auto_from_instance,12,18,4,30,216,,,,,13,4,6,root > V:21 > BH:26 > BH:5 > BH:16 > BH:29 > BH:40,evaluated,8,inf,False,692,167,525,1255.0,1.0,1.0,True,True,1,1,0,True,1,1,0,0,True,True,0,15,9,15,9,4,SS_LS_PF,sampled_pool,,,True,0.6111111111111112,0.503148377059057,0.38888888888888884,0.1,adaptive,break_symmetry,offspring,random_feasible_start_no_adaptive_spacing,,,,feasible_start_adaptive_spacing,0.5,,True,auto_from_instance,0.75,0.35,"5,8,10,14,16,22,24,26,27,36,48,49,55","3,14,15,17,19,21,24,27,29",,,,,,"H[5,8,10,14,16,22,24,26,27,29,36,40,48,49,55]|V[3,14,15,17,19,21,24,27,29]",4438a07913bba44771acc09fec1861ea8b6e3d46
proposed_nsga2_bs_Gyorgy-KOVACS_WH_Wide_AW_5_seed_116,proposed_nsga2_bs,Gyorgy-KOVACS_WH_Wide_AW_5,116,10,auto_from_instance,12,18,4,30,216,,,,,14,4,6,root > V:21 > BH:26 > BH:5 > BH:14 > BH:27 > BH:40,evaluated,8,inf,False,692,168,524,1271.0,1.0,1.0,True,True,1,1,0,True,1,1,0,0,True,True,0,14,9,14,9,4,SS_LS_PF,sampled_pool,,,True,0.6111111111111112,0.503148377059057,0.38888888888888884,0.1,adaptive,break_symmetry,offspring,random_feasible_start_no_adaptive_spacing,,,,feasible_start_adaptive_spacing,0.5,,True,auto_from_instance,0.75,0.35,"5,8,10,14,16,22,24,26,27,36,48,49,55","3,14,15,17,19,21,24,27,29",,,,,,"H[5,8,10,14,16,22,24,26,27,36,40,48,49,55]|V[3,14,15,17,19,21,24,27,29]",d6f556ce4388bf7e47d115315ffef16b2112220e
proposed_nsga2_bs_Gyorgy-KOVACS_WH_Wide_AW_5_seed_116,proposed_nsga2_bs,Gyorgy-KOVACS_WH_Wide_AW_5,116,10,auto_from_instance,12,18,4,30,216,,,,,15,6,6,root > V:19 > BH:26 > BH:47 > BH:35 > BH:23 > BH:9,evaluated,5,inf,False,662,178,484,1194.0,1.0,1.0,True,True,1,1,0,True,1,1,0,0,True,True,0,17,7,17,7,6,RP_LS,sampled_pool,,,False,0.6111111111111112,0.6234950057541503,0.38888888888888884,0.1,adaptive,remove_random_aisle,offspring,random_feasible_start_no_adaptive_spacing,,,,feasible_start_adaptive_spacing,0.5,,True,auto_from_instance,0.75,0.35,"5,7,10,14,16,22,24,26,27,33,36,45,47,55","3,14,15,19,24,27,28",,,,,,"H[5,7,9,10,14,16,22,23,24,26,27,33,35,36,45,47,55]|V[3,14,15,19,24,27,28]",897092111e4d642b83b355f9b7d25178527841b5
proposed_nsga2_bs_Gyorgy-KOVACS_WH_Wide_AW_5_seed_116,proposed_nsga2_bs,Gyorgy-KOVACS_WH_Wide_AW_5,116,10,auto_from_instance,12,18,4,30,216,,,,,16,6,6,root > V:19 > BH:26 > BH:7 > BH:16 > BH:29 > BH:44,evaluated,5,inf,False,662,179,483,1204.0,1.0,1.0,True,True,1,1,0,True,1,1,0,0,True,True,0,16,7,16,7,6,RP_LS,sampled_pool,,,False,0.6111111111111112,0.6234950057541503,0.38888888888888884,0.1,adaptive,remove_random_aisle,offspring,random_feasible_start_no_adaptive_spacing,,,,feasible_start_adaptive_spacing,0.5,,True,auto_from_instance,0.75,0.35,"5,7,10,14,16,22,24,26,27,33,36,45,47,55","3,14,15,19,24,27,28",,,,,,"H[5,7,10,14,16,22,24,26,27,29,33,36,44,45,47,55]|V[3,14,15,19,24,27,28]",40f9aa24fcb9a0d4e9a507136322c02f99c485df
proposed_nsga2_bs_Gyorgy-KOVACS_WH_Wide_AW_5_seed_116,proposed_nsga2_bs,Gyorgy-KOVACS_WH_Wide_AW_5,116,10,auto_from_instance,12,18,4,30,216,,,,,17,6,6,root > V:19 > BH:26 > BH:47 > BH:37 > BH:23 > BH:9,evaluated,6,inf,False,662,179,483,1214.0,1.0,1.0,True,True,1,1,0,True,1,1,0,0,True,True,0,17,7,17,7,6,RP_LS,sampled_pool,,,False,0.6111111111111112,0.6234950057541503,0.38888888888888884,0.1,adaptive,remove_random_aisle,offspring,random_feasible_start_no_adaptive_spacing,,,,feasible_start_adaptive_spacing,0.5,,True,auto_from_instance,0.75,0.35,"5,7,10,14,16,22,24,26,27,33,36,45,47,55","3,14,15,19,24,27,28",,,,,,"H[5,7,9,10,14,16,22,23,24,26,27,33,36,37,45,47,55]|V[3,14,15,19,24,27,28]",627c2cc4912123f4d0addbc30fac72342d05eacd
proposed_nsga2_bs_Gyorgy-KOVACS_WH_Wide_AW_5_seed_116,proposed_nsga2_bs,Gyorgy-KOVACS_WH_Wide_AW_5,116,10,auto_from_instance,12,18,4,30,216,,,,,18,6,6,root > V:19 > BH:26 > BH:47 > BH:35 > BH:23 > BH:11,evaluated,7,inf,False,662,178,484,1444.0,1.0,1.0,True,True,1,1,0,True,1,1,0,0,True,True,0,17,7,17,7,6,RP_LS,sampled_pool,,,False,0.6111111111111112,0.6234950057541503,0.38888888888888884,0.1,adaptive,remove_random_aisle,offspring,random_feasible_start_no_adaptive_spacing,,,,feasible_start_adaptive_spacing,0.5,,True,auto_from_instance,0.75,0.35,"5,7,10,14,16,22,24,26,27,33,36,45,47,55","3,14,15,19,24,27,28",,,,,,"H[5,7,10,11,14,16,22,23,24,26,27,33,35,36,45,47,55]|V[3,14,15,19,24,27,28]",9b2f707dda5433c81ce925886b10ac8c64e57967
proposed_nsga2_bs_Gyorgy-KOVACS_WH_Wide_AW_5_seed_116,proposed_nsga2_bs,Gyorgy-KOVACS_WH_Wide_AW_5,116,10,auto_from_instance,12,18,4,30,216,,,,,19,12,7,root > V:17 > BH:26 > BH:7 > BH:16 > BH:25 > BH:36 > BH:47,selected,2,inf,True,572,220,352,663.0,1.0,1.0,True,True,1,1,0,True,1,1,0,0,True,True,0,14,8,14,8,12,LS_PF,sampled_pool,,,False,0.6111111111111112,0.6372423585600531,0.38888888888888884,0.1,adaptive,bit_flip,offspring,random_feasible_start_no_adaptive_spacing,,,,feasible_start_adaptive_spacing,0.5,,True,auto_from_instance,0.75,0.35,"3,5,7,10,14,16,22,25,26,36,45,47,50,55","3,14,17,19,21,24,28,29",,,,,,"H[3,5,7,10,14,16,22,25,26,36,45,47,50,55]|V[3,14,17,19,21,24,28,29]",61426df39d9f05da4c561d5073d32a1cf777516d
proposed_nsga2_bs_Gyorgy-KOVACS_WH_Wide_AW_5_seed_116,proposed_nsga2_bs,Gyorgy-KOVACS_WH_Wide_AW_5,116,10,auto_from_instance,12,18,4,30,216,,,,,20,12,7,root > V:17 > BH:26 > BH:7 > BH:16 > BH:25 > BH:36 > BH:45,selected,4,inf,True,572,220,352,867.0,1.0,1.0,True,True,1,1,0,True,1,1,0,0,True,True,0,14,8,14,8,12,LS_PF,sampled_pool,,,False,0.6111111111111112,0.6372423585600531,0.38888888888888884,0.1,adaptive,bit_flip,offspring,random_feasible_start_no_adaptive_spacing,,,,feasible_start_adaptive_spacing,0.5,,True,auto_from_instance,0.75,0.35,"3,5,7,10,14,16,22,25,26,36,45,47,50,55","3,14,17,19,21,24,28,29",,,,,,"H[3,5,7,10,14,16,22,25,26,36,45,47,50,55]|V[3,14,17,19,21,24,28,29]",90295bddff4683947eef98c9cba63e2b098e11a6
proposed_nsga2_bs_Gyorgy-KOVACS_WH_Wide_AW_5_seed_116,proposed_nsga2_bs,Gyorgy-KOVACS_WH_Wide_AW_5,116,11,auto_from_instance,12,18,4,30,216,,,,,1,1,7,root > V:17 > BH:26 > BH:5 > BH:16 > BH:25 > BH:36 > BH:47,selected,1,2.1940700808625335,True,572,220,352,507.0,1.0,1.0,True,True,1,1,0,True,1,1,0,0,True,True,0,18,8,18,8,1,LS_PF,sampled_pool,,,False,0.6666666666666666,0.6704568447503796,0.33333333333333337,0.1,adaptive,spacing_aware_flip,offspring,random_feasible_start_no_adaptive_spacing,,,,feasible_start_adaptive_spacing,0.5,,True,auto_from_instance,0.75,0.35,"0,5,7,10,14,16,22,23,24,26,27,36,45,48,49,55","3,14,17,19,21,24,27,29",,,,,,"H[0,5,7,10,14,16,22,23,24,25,26,27,36,45,47,48,49,55]|V[3,14,17,19,21,24,27,29]",173dd91401b4b71d9f20edd9e83506be465b9528
proposed_nsga2_bs_Gyorgy-KOVACS_WH_Wide_AW_5_seed_116,proposed_nsga2_bs,Gyorgy-KOVACS_WH_Wide_AW_5,116,11,auto_from_instance,12,18,4,30,216,,,,,2,1,7,root > V:17 > BH:26 > BH:5 > BH:16 > BH:25 > BH:36 > BH:45,selected,2,inf,True,572,220,352,711.0,1.0,1.0,True,True,1,1,0,True,1,1,0,0,True,True,0,17,8,17,8,1,LS_PF,sampled_pool,,,False,0.6666666666666666,0.6704568447503796,0.33333333333333337,0.1,adaptive,spacing_aware_flip,offspring,random_feasible_start_no_adaptive_spacing,,,,feasible_start_adaptive_spacing,0.5,,True,auto_from_instance,0.75,0.35,"0,5,7,10,14,16,22,23,24,26,27,36,45,48,49,55","3,14,17,19,21,24,27,29",,,,,,"H[0,5,7,10,14,16,22,23,24,25,26,27,36,45,48,49,55]|V[3,14,17,19,21,24,27,29]",854ec9b997ec508dda6ea9e399147d7a4b626ba8
proposed_nsga2_bs_Gyorgy-KOVACS_WH_Wide_AW_5_seed_116,proposed_nsga2_bs,Gyorgy-KOVACS_WH_Wide_AW_5,116,11,auto_from_instance,12,18,4,30,216,,,,,3,1,7,root > V:17 > BH:26 > BH:5 > BH:14 > BH:25 > BH:36 > BH:47,selected,1,0.8059299191374664,True,572,220,352,507.0,1.0,1.0,True,True,1,1,0,True,1,1,0,0,True,True,0,18,8,18,8,1,LS_PF,sampled_pool,,,False,0.6666666666666666,0.6704568447503796,0.33333333333333337,0.1,adaptive,spacing_aware_flip,offspring,random_feasible_start_no_adaptive_spacing,,,,feasible_start_adaptive_spacing,0.5,,True,auto_from_instance,0.75,0.35,"0,5,7,10,14,16,22,23,24,26,27,36,45,48,49,55","3,14,17,19,21,24,27,29",,,,,,"H[0,5,7,10,14,16,22,23,24,25,26,27,36,45,47,48,49,55]|V[3,14,17,19,21,24,27,29]",e59e5dd5e1537a2d164e028d12bd66f538f0cb70
proposed_nsga2_bs_Gyorgy-KOVACS_WH_Wide_AW_5_seed_116,proposed_nsga2_bs,Gyorgy-KOVACS_WH_Wide_AW_5,116,11,auto_from_instance,12,18,4,30,216,,,,,4,1,7,root > V:17 > BH:26 > BH:5 > BH:14 > BH:25 > BH:36 > BH:45,selected,2,inf,True,572,220,352,711.0,1.0,1.0,True,True,1,1,0,True,1,1,0,0,True,True,0,17,8,17,8,1,LS_PF,sampled_pool,,,False,0.6666666666666666,0.6704568447503796,0.33333333333333337,0.1,adaptive,spacing_aware_flip,offspring,random_feasible_start_no_adaptive_spacing,,,,feasible_start_adaptive_spacing,0.5,,True,auto_from_instance,0.75,0.35,"0,5,7,10,14,16,22,23,24,26,27,36,45,48,49,55","3,14,17,19,21,24,27,29",,,,,,"H[0,5,7,10,14,16,22,23,24,25,26,27,36,45,48,49,55]|V[3,14,17,19,21,24,27,29]",ef95c5265d039c602cc7246bb99c122e90a60068
proposed_nsga2_bs_Gyorgy-KOVACS_WH_Wide_AW_5_seed_116,proposed_nsga2_bs,Gyorgy-KOVACS_WH_Wide_AW_5,116,11,auto_from_instance,12,18,4,30,216,,,,,5,2,4,root > V:29 > BH:26 > BV:19 > BV:19,selected,1,inf,True,557,202,355,408.0,1.0,1.0,True,True,1,1,0,True,1,1,0,0,True,True,0,12,7,12,7,2,LS_PF,sampled_pool,,,False,0.6666666666666666,0.6156874934246269,0.33333333333333337,0.1,adaptive,remove_random_aisle,offspring,random_feasible_start_no_adaptive_spacing,,,,feasible_start_adaptive_spacing,0.5,,True,auto_from_instance,0.75,0.35,"3,5,7,10,14,25,26,36,45,47,50,55","3,14,15,17,19,24,29",,,,,,"H[3,5,7,10,14,25,26,36,45,47,50,55]|V[3,14,15,17,19,24,29]",225a083d40a70add6d49c842c1ea1b7da9e91627
proposed_nsga2_bs_Gyorgy-KOVACS_WH_Wide_AW_5_seed_116,proposed_nsga2_bs,Gyorgy-KOVACS_WH_Wide_AW_5,116,11,auto_from_instance,12,18,4,30,216,,,,,6,2,4,root > V:29 > BH:26 > BV:17 > BV:19,selected,3,inf,True,557,202,355,460.0,1.0,1.0,True,True,1,1,0,True,1,1,0,0,True,True,0,12,7,12,7,2,LS_PF,sampled_pool,,,False,0.6666666666666666,0.6156874934246269,0.33333333333333337,0.1,adaptive,remove_random_aisle,offspring,random_feasible_start_no_adaptive_spacing,,,,feasible_start_adaptive_spacing,0.5,,True,auto_from_instance,0.75,0.35,"3,5,7,10,14,25,26,36,45,47,50,55","3,14,15,17,19,24,29",,,,,,"H[3,5,7,10,14,25,26,36,45,47,50,55]|V[3,14,15,17,19,24,29]",0ccd7482bc13afbeac630bd0faf7012fe4b70f5c
proposed_nsga2_bs_Gyorgy-KOVACS_WH_Wide_AW_5_seed_116,proposed_nsga2_bs,Gyorgy-KOVACS_WH_Wide_AW_5,116,11,auto_from_instance,12,18,4,30,216,,,,,7,2,4,root > V:29 > BH:26 > BV:19 > BV:17,selected,2,inf,True,557,202,355,458.0,1.0,1.0,True,True,1,1,0,True,1,1,0,0,True,True,0,12,7,12,7,2,LS_PF,sampled_pool,,,False,0.6666666666666666,0.6156874934246269,0.33333333333333337,0.1,adaptive,remove_random_aisle,offspring,random_feasible_start_no_adaptive_spacing,,,,feasible_start_adaptive_spacing,0.5,,True,auto_from_instance,0.75,0.35,"3,5,7,10,14,25,26,36,45,47,50,55","3,14,15,17,19,24,29",,,,,,"H[3,5,7,10,14,25,26,36,45,47,50,55]|V[3,14,15,17,19,24,29]",f590e28c4ca08f01adba87c9244bc357b1edb9bd
proposed_nsga2_bs_Gyorgy-KOVACS_WH_Wide_AW_5_seed_116,proposed_nsga2_bs,Gyorgy-KOVACS_WH_Wide_AW_5,116,11,auto_from_instance,12,18,4,30,216,,,,,8,2,4,root > V:29 > BH:26 > BV:17 > BV:17,selected,4,inf,True,557,202,355,510.0,1.0,1.0,True,True,1,1,0,True,1,1,0,0,True,True,0,12,7,12,7,2,LS_PF,sampled_pool,,,False,0.6666666666666666,0.6156874934246269,0.33333333333333337,0.1,adaptive,remove_random_aisle,offspring,random_feasible_start_no_adaptive_spacing,,,,feasible_start_adaptive_spacing,0.5,,True,auto_from_instance,0.75,0.35,"3,5,7,10,14,25,26,36,45,47,50,55","3,14,15,17,19,24,29",,,,,,"H[3,5,7,10,14,25,26,36,45,47,50,55]|V[3,14,15,17,19,24,29]",01a64afdd46edf4dc6b60538f107b837ec4162f0
proposed_nsga2_bs_Gyorgy-KOVACS_WH_Wide_AW_5_seed_116,proposed_nsga2_bs,Gyorgy-KOVACS_WH_Wide_AW_5,116,11,auto_from_instance,12,18,4,30,216,,,,,9,3,8,root > V:15 > BH:26 > BH:5 > BH:16 > BH:25 > BH:36 > BH:45 > BV:24,selected,0,inf,True,497,247,250,385.0,1.0,1.0,True,True,1,1,0,True,1,1,0,0,True,True,0,14,8,14,8,3,PF,sampled_pool,,,False,0.6666666666666666,0.5142537634350708,0.33333333333333337,0.1,adaptive,insert_random_aisle,offspring,random_feasible_start_no_adaptive_spacing,,,,feasible_start_adaptive_spacing,0.5,,True,auto_from_instance,0.75,0.35,"3,5,7,10,14,15,16,25,26,36,45,48,49,55","3,14,15,17,19,24,27,29",,,,,,"H[3,5,7,10,14,15,16,25,26,36,45,48,49,55]|V[3,14,15,17,19,24,27,29]",416c9c0e4f9e06143d78fee04cbc7a8d1c4800ad
proposed_nsga2_bs_Gyorgy-KOVACS_WH_Wide_AW_5_seed_116,proposed_nsga2_bs,Gyorgy-KOVACS_WH_Wide_AW_5,116,11,auto_from_instance,12,18,4,30,216,,,,,10,3,8,root > V:15 > BH:26 > BH:5 > BH:14 > BH:25 > BH:36 > BH:45 > BV:24,selected,0,inf,True,497,247,250,385.0,1.0,1.0,True,True,1,1,0,True,1,1,0,0,True,True,0,14,8,14,8,3,PF,sampled_pool,,,False,0.6666666666666666,0.5142537634350708,0.33333333333333337,0.1,adaptive,insert_random_aisle,offspring,random_feasible_start_no_adaptive_spacing,,,,feasible_start_adaptive_spacing,0.5,,True,auto_from_instance,0.75,0.35,"3,5,7,10,14,15,16,25,26,36,45,48,49,55","3,14,15,17,19,24,27,29",,,,,,"H[3,5,7,10,14,15,16,25,26,36,45,48,49,55]|V[3,14,15,17,19,24,27,29]",4f5b467192e7c6ce4bc3fd69bf3ce13c31bd8ba0
proposed_nsga2_bs_Gyorgy-KOVACS_WH_Wide_AW_5_seed_116,proposed_nsga2_bs,Gyorgy-KOVACS_WH_Wide_AW_5,116,11,auto_from_instance,12,18,4,30,216,,,,,11,6,6,root > V:21 > BH:26 > BH:5 > BH:16 > BH:29 > BH:42,evaluated,7,inf,False,692,165,527,1197.0,1.0,1.0,True,True,1,1,0,True,1,1,0,0,True,True,0,15,8,15,8,6,SS,sampled_pool,,,True,0.6666666666666666,0.6981339765353199,0.33333333333333337,0.1,adaptive,remove_random_aisle,offspring,random_feasible_start_no_adaptive_spacing,,,,feasible_start_adaptive_spacing,0.5,,True,auto_from_instance,0.75,0.35,"3,5,7,10,14,16,25,26,36,45,48,49,55","3,14,15,19,21,24,28,29",,,,,,"H[3,5,7,10,14,16,25,26,29,36,42,45,48,49,55]|V[3,14,15,19,21,24,28,29]",3e80fff572b45638d4c993741f9187431fecc243
proposed_nsga2_bs_Gyorgy-KOVACS_WH_Wide_AW_5_seed_116,proposed_nsga2_bs,Gyorgy-KOVACS_WH_Wide_AW_5,116,11,auto_from_instance,12,18,4,30,216,,,,,12,6,6,root > V:21 > BH:26 > BH:5 > BH:16 > BH:27 > BH:40,evaluated,7,inf,False,692,168,524,1255.0,1.0,1.0,True,True,1,1,0,True,1,1,0,0,True,True,0,15,8,15,8,6,SS,sampled_pool,,,True,0.6666666666666666,0.6981339765353199,0.33333333333333337,0.1,adaptive,remove_random_aisle,offspring,random_feasible_start_no_adaptive_spacing,,,,feasible_start_adaptive_spacing,0.5,,True,auto_from_instance,0.75,0.35,"3,5,7,10,14,16,25,26,36,45,48,49,55","3,14,15,19,21,24,28,29",,,,,,"H[3,5,7,10,14,16,25,26,27,36,40,45,48,49,55]|V[3,14,15,19,21,24,28,29]",c29204a760792de9b5fff7fd1f22463071b8fe3a
proposed_nsga2_bs_Gyorgy-KOVACS_WH_Wide_AW_5_seed_116,proposed_nsga2_bs,Gyorgy-KOVACS_WH_Wide_AW_5,116,11,auto_from_instance,12,18,4,30,216,,,,,13,6,6,root > V:21 > BH:26 > BH:5 > BH:16 > BH:29 > BH:40,evaluated,8,inf,False,692,167,525,1255.0,1.0,1.0,True,True,1,1,0,True,1,1,0,0,True,True,0,15,8,15,8,6,SS,sampled_pool,,,True,0.6666666666666666,0.6981339765353199,0.33333333333333337,0.1,adaptive,remove_random_aisle,offspring,random_feasible_start_no_adaptive_spacing,,,,feasible_start_adaptive_spacing,0.5,,True,auto_from_instance,0.75,0.35,"3,5,7,10,14,16,25,26,36,45,48,49,55","3,14,15,19,21,24,28,29",,,,,,"H[3,5,7,10,14,16,25,26,29,36,40,45,48,49,55]|V[3,14,15,19,21,24,28,29]",4438a07913bba44771acc09fec1861ea8b6e3d46
proposed_nsga2_bs_Gyorgy-KOVACS_WH_Wide_AW_5_seed_116,proposed_nsga2_bs,Gyorgy-KOVACS_WH_Wide_AW_5,116,11,auto_from_instance,12,18,4,30,216,,,,,14,6,6,root > V:21 > BH:26 > BH:5 > BH:14 > BH:27 > BH:40,evaluated,8,inf,False,692,168,524,1271.0,1.0,1.0,True,True,1,1,0,True,1,1,0,0,True,True,0,15,8,15,8,6,SS,sampled_pool,,,True,0.6666666666666666,0.6981339765353199,0.33333333333333337,0.1,adaptive,remove_random_aisle,offspring,random_feasible_start_no_adaptive_spacing,,,,feasible_start_adaptive_spacing,0.5,,True,auto_from_instance,0.75,0.35,"3,5,7,10,14,16,25,26,36,45,48,49,55","3,14,15,19,21,24,28,29",,,,,,"H[3,5,7,10,14,16,25,26,27,36,40,45,48,49,55]|V[3,14,15,19,21,24,28,29]",d6f556ce4388bf7e47d115315ffef16b2112220e
proposed_nsga2_bs_Gyorgy-KOVACS_WH_Wide_AW_5_seed_116,proposed_nsga2_bs,Gyorgy-KOVACS_WH_Wide_AW_5,116,11,auto_from_instance,12,18,4,30,216,,,,,15,7,4,root > V:27 > BH:26 > BV:17 > BV:17,selected,0,inf,True,567,256,311,311.0,1.0,1.0,True,True,1,1,0,True,1,1,0,0,True,True,0,14,7,14,7,7,SS_PF_LS,sampled_pool,,,True,0.6666666666666666,0.7534549155133082,0.33333333333333337,0.1,adaptive,remove_random_aisle,offspring,random_feasible_start_no_adaptive_spacing,,,,feasible_start_adaptive_spacing,0.5,,True,auto_from_instance,0.75,0.35,"7,10,14,16,22,23,24,26,27,36,45,47,50,55","2,14,17,19,24,27,29",,,,,,"H[7,10,14,16,22,23,24,26,27,36,45,47,50,55]|V[2,14,17,19,24,27,29]",a8708aef2b1e3127a45cd25328e7b01fe876ac67
proposed_nsga2_bs_Gyorgy-KOVACS_WH_Wide_AW_5_seed_116,proposed_nsga2_bs,Gyorgy-KOVACS_WH_Wide_AW_5,116,11,auto_from_instance,12,18,4,30,216,,,,,16,8,7,root > V:19 > BH:26 > BH:5 > BH:16 > BH:25 > BH:36 > BH:47,evaluated,5,inf,False,612,200,412,584.0,1.0,1.0,True,True,1,1,0,True,1,1,0,0,True,True,0,15,6,15,6,8,PF_SS,sampled_pool,,,True,0.6666666666666666,0.5989268811662082,0.33333333333333337,0.1,adaptive,bit_flip,offspring,random_feasible_start_no_adaptive_spacing,,,,feasible_start_adaptive_spacing,0.5,,True,auto_from_instance,0.75,0.35,"0,5,7,10,14,16,19,25,26,28,36,45,47,50,55","3,14,19,24,27,29",,,,,,"H[0,5,7,10,14,16,19,25,26,28,36,45,47,50,55]|V[3,14,19,24,27,29]",739f9ec08bf9c56e734297604911aa2f937b0b31
proposed_nsga2_bs_Gyorgy-KOVACS_WH_Wide_AW_5_seed_116,proposed_nsga2_bs,Gyorgy-KOVACS_WH_Wide_AW_5,116,11,auto_from_instance,12,18,4,30,216,,,,,17,8,7,root > V:19 > BH:26 > BH:5 > BH:14 > BH:25 > BH:36 > BH:47,evaluated,5,inf,False,612,200,412,584.0,1.0,1.0,True,True,1,1,0,True,1,1,0,0,True,True,0,15,6,15,6,8,PF_SS,sampled_pool,,,True,0.6666666666666666,0.5989268811662082,0.33333333333333337,0.1,adaptive,bit_flip,offspring,random_feasible_start_no_adaptive_spacing,,,,feasible_start_adaptive_spacing,0.5,,True,auto_from_instance,0.75,0.35,"0,5,7,10,14,16,19,25,26,28,36,45,47,50,55","3,14,19,24,27,29",,,,,,"H[0,5,7,10,14,16,19,25,26,28,36,45,47,50,55]|V[3,14,19,24,27,29]",18779af2d0583f313025ada9a3c164bb18de6a6f
proposed_nsga2_bs_Gyorgy-KOVACS_WH_Wide_AW_5_seed_116,proposed_nsga2_bs,Gyorgy-KOVACS_WH_Wide_AW_5,116,11,auto_from_instance,12,18,4,30,216,,,,,18,8,7,root > V:19 > BH:26 > BH:5 > BH:16 > BH:25 > BH:36 > BH:45,evaluated,6,inf,False,612,200,412,754.0,1.0,1.0,True,True,1,1,0,True,1,1,0,0,True,True,0,15,6,15,6,8,PF_SS,sampled_pool,,,True,0.6666666666666666,0.5989268811662082,0.33333333333333337,0.1,adaptive,bit_flip,offspring,random_feasible_start_no_adaptive_spacing,,,,feasible_start_adaptive_spacing,0.5,,True,auto_from_instance,0.75,0.35,"0,5,7,10,14,16,19,25,26,28,36,45,47,50,55","3,14,19,24,27,29",,,,,,"H[0,5,7,10,14,16,19,25,26,28,36,45,47,50,55]|V[3,14,19,24,27,29]",16ed0ad93ee066fd151d5116addbd94cd12b2a32
proposed_nsga2_bs_Gyorgy-KOVACS_WH_Wide_AW_5_seed_116,proposed_nsga2_bs,Gyorgy-KOVACS_WH_Wide_AW_5,116,11,auto_from_instance,12,18,4,30,216,,,,,19,8,7,root > V:19 > BH:26 > BH:5 > BH:14 > BH:25 > BH:36 > BH:45,evaluated,6,inf,False,612,200,412,754.0,1.0,1.0,True,True,1,1,0,True,1,1,0,0,True,True,0,15,6,15,6,8,PF_SS,sampled_pool,,,True,0.6666666666666666,0.5989268811662082,0.33333333333333337,0.1,adaptive,bit_flip,offspring,random_feasible_start_no_adaptive_spacing,,,,feasible_start_adaptive_spacing,0.5,,True,auto_from_instance,0.75,0.35,"0,5,7,10,14,16,19,25,26,28,36,45,47,50,55","3,14,19,24,27,29",,,,,,"H[0,5,7,10,14,16,19,25,26,28,36,45,47,50,55]|V[3,14,19,24,27,29]",e3a802ef145afaa17bc3eca719e3ef8051b94b10
proposed_nsga2_bs_Gyorgy-KOVACS_WH_Wide_AW_5_seed_116,proposed_nsga2_bs,Gyorgy-KOVACS_WH_Wide_AW_5,116,11,auto_from_instance,12,18,4,30,216,,,,,20,9,8,root > V:15 > BH:26 > BH:7 > BH:16 > BH:25 > BH:36 > BH:45 > BV:24,selected,1,inf,True,497,247,250,567.0,1.0,1.0,True,True,1,1,0,True,1,1,0,0,True,True,0,17,7,17,7,9,LS_PF,sampled_pool,,,False,0.6666666666666666,0.6532774718413991,0.33333333333333337,0.1,adaptive,remove_random_aisle,offspring,random_feasible_start_no_adaptive_spacing,,,,feasible_start_adaptive_spacing,0.5,,True,auto_from_instance,0.75,0.35,"3,5,7,10,14,16,22,23,24,26,27,36,45,48,49,55","3,14,15,17,19,21,24",,,,,,"H[3,5,7,10,14,16,22,23,24,25,26,27,36,45,48,49,55]|V[3,14,15,17,19,21,24]",bad25caaf4e753481b1b798360caa6634ad939f7
proposed_nsga2_bs_Gyorgy-KOVACS_WH_Wide_AW_5_seed_116,proposed_nsga2_bs,Gyorgy-KOVACS_WH_Wide_AW_5,116,12,auto_from_instance,12,18,4,30,216,,,,,1,1,7,root > V:17 > BH:26 > BH:5 > BH:16 > BH:25 > BH:36 > BH:47,selected,1,2.1940700808625335,True,572,220,352,507.0,1.0,1.0,True,True,1,1,0,True,1,1,0,0,True,True,0,18,8,18,8,1,PF_RP,sampled_pool,,,False,0.7222222222222222,0.7648710219397774,0.2777777777777778,0.1,adaptive,bit_flip,offspring,random_feasible_start_no_adaptive_spacing,,,,feasible_start_adaptive_spacing,0.5,,True,auto_from_instance,0.75,0.35,"0,5,7,10,14,16,22,23,24,25,26,27,36,45,47,48,49,55","3,14,17,19,24,27,29,32",,,,,,"H[0,5,7,10,14,16,22,23,24,25,26,27,36,45,47,48,49,55]|V[3,14,17,19,24,27,29,32]",173dd91401b4b71d9f20edd9e83506be465b9528
proposed_nsga2_bs_Gyorgy-KOVACS_WH_Wide_AW_5_seed_116,proposed_nsga2_bs,Gyorgy-KOVACS_WH_Wide_AW_5,116,12,auto_from_instance,12,18,4,30,216,,,,,2,1,7,root > V:17 > BH:26 > BH:5 > BH:14 > BH:25 > BH:36 > BH:47,selected,1,0.8059299191374664,True,572,220,352,507.0,1.0,1.0,True,True,1,1,0,True,1,1,0,0,True,True,0,18,8,18,8,1,PF_RP,sampled_pool,,,False,0.7222222222222222,0.7648710219397774,0.2777777777777778,0.1,adaptive,bit_flip,offspring,random_feasible_start_no_adaptive_spacing,,,,feasible_start_adaptive_spacing,0.5,,True,auto_from_instance,0.75,0.35,"0,5,7,10,14,16,22,23,24,25,26,27,36,45,47,48,49,55","3,14,17,19,24,27,29,32",,,,,,"H[0,5,7,10,14,16,22,23,24,25,26,27,36,45,47,48,49,55]|V[3,14,17,19,24,27,29,32]",e59e5dd5e1537a2d164e028d12bd66f538f0cb70
proposed_nsga2_bs_Gyorgy-KOVACS_WH_Wide_AW_5_seed_116,proposed_nsga2_bs,Gyorgy-KOVACS_WH_Wide_AW_5,116,12,auto_from_instance,12,18,4,30,216,,,,,3,1,7,root > V:17 > BH:26 > BH:5 > BH:16 > BH:25 > BH:36 > BH:45,selected,2,inf,True,572,220,352,711.0,1.0,1.0,True,True,1,1,0,True,1,1,0,0,True,True,0,18,8,18,8,1,PF_RP,sampled_pool,,,False,0.7222222222222222,0.7648710219397774,0.2777777777777778,0.1,adaptive,bit_flip,offspring,random_feasible_start_no_adaptive_spacing,,,,feasible_start_adaptive_spacing,0.5,,True,auto_from_instance,0.75,0.35,"0,5,7,10,14,16,22,23,24,25,26,27,36,45,47,48,49,55","3,14,17,19,24,27,29,32",,,,,,"H[0,5,7,10,14,16,22,23,24,25,26,27,36,45,47,48,49,55]|V[3,14,17,19,24,27,29,32]",854ec9b997ec508dda6ea9e399147d7a4b626ba8
proposed_nsga2_bs_Gyorgy-KOVACS_WH_Wide_AW_5_seed_116,proposed_nsga2_bs,Gyorgy-KOVACS_WH_Wide_AW_5,116,12,auto_from_instance,12,18,4,30,216,,,,,4,1,7,root > V:17 > BH:26 > BH:5 > BH:14 > BH:25 > BH:36 > BH:45,selected,2,inf,True,572,220,352,711.0,1.0,1.0,True,True,1,1,0,True,1,1,0,0,True,True,0,18,8,18,8,1,PF_RP,sampled_pool,,,False,0.7222222222222222,0.7648710219397774,0.2777777777777778,0.1,adaptive,bit_flip,offspring,random_feasible_start_no_adaptive_spacing,,,,feasible_start_adaptive_spacing,0.5,,True,auto_from_instance,0.75,0.35,"0,5,7,10,14,16,22,23,24,25,26,27,36,45,47,48,49,55","3,14,17,19,24,27,29,32",,,,,,"H[0,5,7,10,14,16,22,23,24,25,26,27,36,45,47,48,49,55]|V[3,14,17,19,24,27,29,32]",ef95c5265d039c602cc7246bb99c122e90a60068
proposed_nsga2_bs_Gyorgy-KOVACS_WH_Wide_AW_5_seed_116,proposed_nsga2_bs,Gyorgy-KOVACS_WH_Wide_AW_5,116,12,auto_from_instance,12,18,4,30,216,,,,,5,3,8,root > V:15 > BH:26 > BH:5 > BH:16 > BH:25 > BH:36 > BH:45 > BV:24,selected,0,inf,True,497,247,250,385.0,1.0,1.0,True,True,1,1,0,True,1,1,0,0,True,True,0,17,9,17,9,3,LS,sampled_pool,,,False,0.7222222222222222,0.7511669045995616,0.2777777777777778,0.1,adaptive,bit_flip,offspring,random_feasible_start_no_adaptive_spacing,,,,feasible_start_adaptive_spacing,0.5,,True,auto_from_instance,0.75,0.35,"7,10,14,15,16,22,23,24,26,27,36,45,47,50,55","2,11,14,15,17,19,24,27,29",,,,,,"H[5,7,10,14,15,16,22,23,24,25,26,27,36,45,47,50,55]|V[2,11,14,15,17,19,24,27,29]",416c9c0e4f9e06143d78fee04cbc7a8d1c4800ad
proposed_nsga2_bs_Gyorgy-KOVACS_WH_Wide_AW_5_seed_116,proposed_nsga2_bs,Gyorgy-KOVACS_WH_Wide_AW_5,116,12,auto_from_instance,12,18,4,30,216,,,,,6,3,8,root > V:15 > BH:26 > BH:5 > BH:14 > BH:25 > BH:36 > BH:45 > BV:24,selected,0,inf,True,497,247,250,385.0,1.0,1.0,True,True,1,1,0,True,1,1,0,0,True,True,0,17,9,17,9,3,LS,sampled_pool,,,False,0.7222222222222222,0.7511669045995616,0.2777777777777778,0.1,adaptive,bit_flip,offspring,random_feasible_start_no_adaptive_spacing,,,,feasible_start_adaptive_spacing,0.5,,True,auto_from_instance,0.75,0.35,"7,10,14,15,16,22,23,24,26,27,36,45,47,50,55","2,11,14,15,17,19,24,27,29",,,,,,"H[5,7,10,14,15,16,22,23,24,25,26,27,36,45,47,50,55]|V[2,11,14,15,17,19,24,27,29]",4f5b467192e7c6ce4bc3fd69bf3ce13c31bd8ba0
proposed_nsga2_bs_Gyorgy-KOVACS_WH_Wide_AW_5_seed_116,proposed_nsga2_bs,Gyorgy-KOVACS_WH_Wide_AW_5,116,12,auto_from_instance,12,18,4,30,216,,,,,7,4,4,root > V:27 > BH:26 > BV:17 > BV:17,selected,0,inf,True,567,256,311,311.0,1.0,1.0,True,True,1,1,0,True,1,1,0,0,True,True,0,14,7,14,7,4,SS_PF_LS,sampled_pool,,,True,0.7222222222222222,0.6748715709771866,0.2777777777777778,0.1,adaptive,spacing_aware_flip,offspring,random_feasible_start_no_adaptive_spacing,,,,feasible_start_adaptive_spacing,0.5,,True,auto_from_instance,0.75,0.35,"3,5,7,10,14,16,25,26,31,36,45,48,49,55","3,14,17,19,24,27,29",,,,,,"H[3,5,7,10,14,16,25,26,31,36,45,48,49,55]|V[3,14,17,19,24,27,29]",a8708aef2b1e3127a45cd25328e7b01fe876ac67
proposed_nsga2_bs_Gyorgy-KOVACS_WH_Wide_AW_5_seed_116,proposed_nsga2_bs,Gyorgy-KOVACS_WH_Wide_AW_5,116,12,auto_from_instance,12,18,4,30,216,,,,,8,4,4,root > V:29 > BH:26 > BV:19 > BV:19,selected,1,inf,True,557,202,355,408.0,1.0,1.0,True,True,1,1,0,True,1,1,0,0,True,True,0,14,7,14,7,4,SS_PF_LS,sampled_pool,,,True,0.7222222222222222,0.6748715709771866,0.2777777777777778,0.1,adaptive,spacing_aware_flip,offspring,random_feasible_start_no_adaptive_spacing,,,,feasible_start_adaptive_spacing,0.5,,True,auto_from_instance,0.75,0.35,"3,5,7,10,14,16,25,26,31,36,45,48,49,55","3,14,17,19,24,27,29",,,,,,"H[3,5,7,10,14,16,25,26,31,36,45,48,49,55]|V[3,14,17,19,24,27,29]",225a083d40a70add6d49c842c1ea1b7da9e91627
proposed_nsga2_bs_Gyorgy-KOVACS_WH_Wide_AW_5_seed_116,proposed_nsga2_bs,Gyorgy-KOVACS_WH_Wide_AW_5,116,12,auto_from_instance,12,18,4,30,216,,,,,9,4,4,root > V:29 > BH:26 > BV:19 > BV:17,selected,2,inf,True,557,202,355,458.0,1.0,1.0,True,True,1,1,0,True,1,1,0,0,True,True,0,14,7,14,7,4,SS_PF_LS,sampled_pool,,,True,0.7222222222222222,0.6748715709771866,0.2777777777777778,0.1,adaptive,spacing_aware_flip,offspring,random_feasible_start_no_adaptive_spacing,,,,feasible_start_adaptive_spacing,0.5,,True,auto_from_instance,0.75,0.35,"3,5,7,10,14,16,25,26,31,36,45,48,49,55","3,14,17,19,24,27,29",,,,,,"H[3,5,7,10,14,16,25,26,31,36,45,48,49,55]|V[3,14,17,19,24,27,29]",f590e28c4ca08f01adba87c9244bc357b1edb9bd
proposed_nsga2_bs_Gyorgy-KOVACS_WH_Wide_AW_5_seed_116,proposed_nsga2_bs,Gyorgy-KOVACS_WH_Wide_AW_5,116,12,auto_from_instance,12,18,4,30,216,,,,,10,4,4,root > V:29 > BH:26 > BV:19 > BV:17,selected,3,inf,True,557,202,355,460.0,1.0,1.0,True,True,1,1,0,True,1,1,0,0,True,True,0,14,7,14,7,4,SS_PF_LS,sampled_pool,,,True,0.7222222222222222,0.6748715709771866,0.2777777777777778,0.1,adaptive,spacing_aware_flip,offspring,random_feasible_start_no_adaptive_spacing,,,,feasible_start_adaptive_spacing,0.5,,True,auto_from_instance,0.75,0.35,"3,5,7,10,14,16,25,26,31,36,45,48,49,55","3,14,17,19,24,27,29",,,,,,"H[3,5,7,10,14,16,25,26,31,36,45,48,49,55]|V[3,14,17,19,24,27,29]",0ccd7482bc13afbeac630bd0faf7012fe4b70f5c
proposed_nsga2_bs_Gyorgy-KOVACS_WH_Wide_AW_5_seed_116,proposed_nsga2_bs,Gyorgy-KOVACS_WH_Wide_AW_5,116,12,auto_from_instance,12,18,4,30,216,,,,,11,5,4,root > V:29 > BH:26 > BV:17 > BV:17,selected,4,inf,True,557,202,355,510.0,1.0,1.0,True,True,1,1,0,True,1,1,0,0,True,True,0,12,8,12,8,5,SS,sampled_pool,,,True,0.7222222222222222,0.77472502772465,0.2777777777777778,0.1,adaptive,spacing_aware_flip,offspring,random_feasible_start_no_adaptive_spacing,,,,feasible_start_adaptive_spacing,0.5,,True,auto_from_instance,0.75,0.35,"3,5,7,10,14,25,26,36,45,47,50,55","3,8,14,15,17,19,24,29",,,,,,"H[3,5,7,10,14,25,26,36,45,47,50,55]|V[3,8,14,15,17,19,24,29]",01a64afdd46edf4dc6b60538f107b837ec4162f0
proposed_nsga2_bs_Gyorgy-KOVACS_WH_Wide_AW_5_seed_116,proposed_nsga2_bs,Gyorgy-KOVACS_WH_Wide_AW_5,116,12,auto_from_instance,12,18,4,30,216,,,,,12,10,8,root > V:15 > BH:26 > BH:7 > BH:16 > BH:25 > BH:36 > BH:45 > BV:24,selected,1,inf,True,497,247,250,567.0,1.0,1.0,True,True,1,1,0,True,1,1,0,0,True,True,0,13,7,13,7,10,PF,sampled_pool,,,False,0.7222222222222222,0.7596342223749825,0.2777777777777778,0.1,adaptive,swap_segments,offspring,random_feasible_start_no_adaptive_spacing,,,,feasible_start_adaptive_spacing,0.5,,True,auto_from_instance,0.75,0.35,"3,5,7,10,14,16,25,26,36,45,48,49,55","3,14,15,17,19,21,24",,,,,,"H[3,5,7,10,14,16,25,26,36,45,48,49,55]|V[3,14,15,17,19,21,24]",bad25caaf4e753481b1b798360caa6634ad939f7
proposed_nsga2_bs_Gyorgy-KOVACS_WH_Wide_AW_5_seed_116,proposed_nsga2_bs,Gyorgy-KOVACS_WH_Wide_AW_5,116,13,auto_from_instance,12,18,4,30,216,,,,,1,1,4,root > V:27 > BH:26 > BV:17 > BV:17,selected,0,inf,True,567,256,311,311.0,1.0,1.0,True,True,1,1,0,True,1,1,0,0,True,True,0,19,9,19,9,1,SS_PF_LS,sampled_pool,,,True,0.7777777777777778,0.7510742123181663,0.2222222222222222,0.1,adaptive,spacing_aware_flip,offspring,random_feasible_start_no_adaptive_spacing,,,,feasible_start_adaptive_spacing,0.5,,True,auto_from_instance,0.75,0.35,"5,7,10,14,15,16,22,23,24,25,26,27,31,36,45,48,49,50,55","2,11,14,17,19,24,27,29,34",,,,,,"H[5,7,10,14,15,16,22,23,24,25,26,27,31,36,45,48,49,50,55]|V[2,11,14,17,19,24,27,29,34]",a8708aef2b1e3127a45cd25328e7b01fe876ac67
proposed_nsga2_bs_Gyorgy-KOVACS_WH_Wide_AW_5_seed_116,proposed_nsga2_bs,Gyorgy-KOVACS_WH_Wide_AW_5,116,13,auto_from_instance,12,18,4,30,216,,,,,2,1,4,root > V:29 > BH:26 > BV:19 > BV:19,selected,1,inf,True,557,202,355,408.0,1.0,1.0,True,True,1,1,0,True,1,1,0,0,True,True,0,19,9,19,9,1,SS_PF_LS,sampled_pool,,,True,0.7777777777777778,0.7510742123181663,0.2222222222222222,0.1,adaptive,spacing_aware_flip,offspring,random_feasible_start_no_adaptive_spacing,,,,feasible_start_adaptive_spacing,0.5,,True,auto_from_instance,0.75,0.35,"5,7,10,14,15,16,22,23,24,25,26,27,31,36,45,48,49,50,55","2,11,14,17,19,24,27,29,34",,,,,,"H[5,7,10,14,15,16,22,23,24,25,26,27,31,36,45,48,49,50,55]|V[2,11,14,17,19,24,27,29,34]",225a083d40a70add6d49c842c1ea1b7da9e91627
proposed_nsga2_bs_Gyorgy-KOVACS_WH_Wide_AW_5_seed_116,proposed_nsga2_bs,Gyorgy-KOVACS_WH_Wide_AW_5,116,13,auto_from_instance,12,18,4,30,216,,,,,3,1,4,root > V:29 > BH:26 > BV:19 > BV:17,selected,2,inf,True,557,202,355,458.0,1.0,1.0,True,True,1,1,0,True,1,1,0,0,True,True,0,19,9,19,9,1,SS_PF_LS,sampled_pool,,,True,0.7777777777777778,0.7510742123181663,0.2222222222222222,0.1,adaptive,spacing_aware_flip,offspring,random_feasible_start_no_adaptive_spacing,,,,feasible_start_adaptive_spacing,0.5,,True,auto_from_instance,0.75,0.35,"5,7,10,14,15,16,22,23,24,25,26,27,31,36,45,48,49,50,55","2,11,14,17,19,24,27,29,34",,,,,,"H[5,7,10,14,15,16,22,23,24,25,26,27,31,36,45,48,49,50,55]|V[2,11,14,17,19,24,27,29,34]",f590e28c4ca08f01adba87c9244bc357b1edb9bd
proposed_nsga2_bs_Gyorgy-KOVACS_WH_Wide_AW_5_seed_116,proposed_nsga2_bs,Gyorgy-KOVACS_WH_Wide_AW_5,116,13,auto_from_instance,12,18,4,30,216,,,,,4,1,4,root > V:29 > BH:26 > BV:19 > BV:17,selected,3,inf,True,557,202,355,460.0,1.0,1.0,True,True,1,1,0,True,1,1,0,0,True,True,0,19,9,19,9,1,SS_PF_LS,sampled_pool,,,True,0.7777777777777778,0.7510742123181663,0.2222222222222222,0.1,adaptive,spacing_aware_flip,offspring,random_feasible_start_no_adaptive_spacing,,,,feasible_start_adaptive_spacing,0.5,,True,auto_from_instance,0.75,0.35,"5,7,10,14,15,16,22,23,24,25,26,27,31,36,45,48,49,50,55","2,11,14,17,19,24,27,29,34",,,,,,"H[5,7,10,14,15,16,22,23,24,25,26,27,31,36,45,48,49,50,55]|V[2,11,14,17,19,24,27,29,34]",0ccd7482bc13afbeac630bd0faf7012fe4b70f5c
proposed_nsga2_bs_Gyorgy-KOVACS_WH_Wide_AW_5_seed_116,proposed_nsga2_bs,Gyorgy-KOVACS_WH_Wide_AW_5,116,13,auto_from_instance,12,18,4,30,216,,,,,5,2,8,root > V:15 > BH:26 > BH:5 > BH:16 > BH:25 > BH:36 > BH:45 > BV:24,selected,0,inf,True,497,247,250,385.0,1.0,1.0,True,True,1,1,0,True,1,1,0,0,True,True,0,13,8,13,8,2,LS_PF,sampled_pool,,,False,0.7777777777777778,0.8458634028104468,0.2222222222222222,0.1,adaptive,bit_flip,offspring,random_feasible_start_no_adaptive_spacing,,,,feasible_start_adaptive_spacing,0.5,,True,auto_from_instance,0.75,0.35,"3,5,7,10,14,16,25,26,36,45,47,54,55","3,14,15,17,19,24,27,29",,,,,,"H[3,5,7,10,14,16,25,26,36,45,47,54,55]|V[3,14,15,17,19,24,27,29]",416c9c0e4f9e06143d78fee04cbc7a8d1c4800ad
proposed_nsga2_bs_Gyorgy-KOVACS_WH_Wide_AW_5_seed_116,proposed_nsga2_bs,Gyorgy-KOVACS_WH_Wide_AW_5,116,13,auto_from_instance,12,18,4,30,216,,,,,6,2,8,root > V:15 > BH:26 > BH:5 > BH:14 > BH:25 > BH:36 > BH:45 > BV:24,selected,0,inf,True,497,247,250,385.0,1.0,1.0,True,True,1,1,0,True,1,1,0,0,True,True,0,13,8,13,8,2,LS_PF,sampled_pool,,,False,0.7777777777777778,0.8458634028104468,0.2222222222222222,0.1,adaptive,bit_flip,offspring,random_feasible_start_no_adaptive_spacing,,,,feasible_start_adaptive_spacing,0.5,,True,auto_from_instance,0.75,0.35,"3,5,7,10,14,16,25,26,36,45,47,54,55","3,14,15,17,19,24,27,29",,,,,,"H[3,5,7,10,14,16,25,26,36,45,47,54,55]|V[3,14,15,17,19,24,27,29]",4f5b467192e7c6ce4bc3fd69bf3ce13c31bd8ba0
proposed_nsga2_bs_Gyorgy-KOVACS_WH_Wide_AW_5_seed_116,proposed_nsga2_bs,Gyorgy-KOVACS_WH_Wide_AW_5,116,13,auto_from_instance,12,18,4,30,216,,,,,7,3,7,root > V:17 > BH:26 > BH:5 > BH:16 > BH:25 > BH:36 > BH:47,selected,1,inf,True,572,220,352,507.0,1.0,1.0,True,True,1,1,0,True,1,1,0,0,True,True,0,15,6,15,6,3,LS_SS,sampled_pool,,,True,0.7777777777777778,0.803697410715859,0.2222222222222222,0.1,adaptive,remove_random_aisle,offspring,random_feasible_start_no_adaptive_spacing,,,,feasible_start_adaptive_spacing,0.5,,True,auto_from_instance,0.75,0.35,"3,5,7,10,14,16,25,26,31,36,45,48,49,55","3,14,17,19,24,27",,,,,,"H[3,5,7,10,14,16,25,26,31,36,45,47,48,49,55]|V[3,14,17,19,24,27]",173dd91401b4b71d9f20edd9e83506be465b9528
proposed_nsga2_bs_Gyorgy-KOVACS_WH_Wide_AW_5_seed_116,proposed_nsga2_bs,Gyorgy-KOVACS_WH_Wide_AW_5,116,13,auto_from_instance,12,18,4,30,216,,,,,8,3,7,root > V:17 > BH:26 > BH:5 > BH:14 > BH:25 > BH:36 > BH:47,selected,1,inf,True,572,220,352,507.0,1.0,1.0,True,True,1,1,0,True,1,1,0,0,True,True,0,15,6,15,6,3,LS_SS,sampled_pool,,,True,0.7777777777777778,0.803697410715859,0.2222222222222222,0.1,adaptive,remove_random_aisle,offspring,random_feasible_start_no_adaptive_spacing,,,,feasible_start_adaptive_spacing,0.5,,True,auto_from_instance,0.75,0.35,"3,5,7,10,14,16,25,26,31,36,45,48,49,55","3,14,17,19,24,27",,,,,,"H[3,5,7,10,14,16,25,26,31,36,45,47,48,49,55]|V[3,14,17,19,24,27]",e59e5dd5e1537a2d164e028d12bd66f538f0cb70
proposed_nsga2_bs_Gyorgy-KOVACS_WH_Wide_AW_5_seed_116,proposed_nsga2_bs,Gyorgy-KOVACS_WH_Wide_AW_5,116,13,auto_from_instance,12,18,4,30,216,,,,,9,3,7,root > V:17 > BH:26 > BH:5 > BH:16 > BH:25 > BH:36 > BH:45,selected,3,inf,True,572,220,352,711.0,1.0,1.0,True,True,1,1,0,True,1,1,0,0,True,True,0,14,6,14,6,3,LS_SS,sampled_pool,,,True,0.7777777777777778,0.803697410715859,0.2222222222222222,0.1,adaptive,remove_random_aisle,offspring,random_feasible_start_no_adaptive_spacing,,,,feasible_start_adaptive_spacing,0.5,,True,auto_from_instance,0.75,0.35,"3,5,7,10,14,16,25,26,31,36,45,48,49,55","3,14,17,19,24,27",,,,,,"H[3,5,7,10,14,16,25,26,31,36,45,48,49,55]|V[3,14,17,19,24,27]",854ec9b997ec508dda6ea9e399147d7a4b626ba8
proposed_nsga2_bs_Gyorgy-KOVACS_WH_Wide_AW_5_seed_116,proposed_nsga2_bs,Gyorgy-KOVACS_WH_Wide_AW_5,116,13,auto_from_instance,12,18,4,30,216,,,,,10,3,7,root > V:17 > BH:26 > BH:5 > BH:14 > BH:25 > BH:36 > BH:45,selected,3,inf,True,572,220,352,711.0,1.0,1.0,True,True,1,1,0,True,1,1,0,0,True,True,0,14,6,14,6,3,LS_SS,sampled_pool,,,True,0.7777777777777778,0.803697410715859,0.2222222222222222,0.1,adaptive,remove_random_aisle,offspring,random_feasible_start_no_adaptive_spacing,,,,feasible_start_adaptive_spacing,0.5,,True,auto_from_instance,0.75,0.35,"3,5,7,10,14,16,25,26,31,36,45,48,49,55","3,14,17,19,24,27",,,,,,"H[3,5,7,10,14,16,25,26,31,36,45,48,49,55]|V[3,14,17,19,24,27]",ef95c5265d039c602cc7246bb99c122e90a60068
proposed_nsga2_bs_Gyorgy-KOVACS_WH_Wide_AW_5_seed_116,proposed_nsga2_bs,Gyorgy-KOVACS_WH_Wide_AW_5,116,13,auto_from_instance,12,18,4,30,216,,,,,11,5,7,root > V:21 > BH:26 > BH:5 > BH:16 > BH:27 > BH:38 > BH:47,selected,4,inf,True,652,180,472,763.0,1.0,1.0,True,True,1,1,0,True,1,1,0,0,True,True,0,16,9,16,9,5,SS,sampled_pool,,,True,0.7777777777777778,0.791709004529474,0.2222222222222222,0.1,adaptive,remove_random_aisle,offspring,random_feasible_start_no_adaptive_spacing,,,,feasible_start_adaptive_spacing,0.5,,True,auto_from_instance,0.75,0.35,"3,5,7,10,14,16,25,26,31,36,45,48,55","3,14,15,17,19,21,24,27,29",,,,,,"H[3,5,7,10,14,16,25,26,27,31,36,38,45,47,48,55]|V[3,14,15,17,19,21,24,27,29]",2f63addef0a564eaffadcb442913b04bcdb20a31
proposed_nsga2_bs_Gyorgy-KOVACS_WH_Wide_AW_5_seed_116,proposed_nsga2_bs,Gyorgy-KOVACS_WH_Wide_AW_5,116,13,auto_from_instance,12,18,4,30,216,,,,,12,6,5,root > H:10 > BH:29 > BH:52 > BH:42 > BV:21,evaluated,7,inf,False,707,151,556,1551.0,1.0,1.0,True,True,1,1,0,True,1,1,0,0,True,True,0,15,6,15,6,6,RP,sampled_pool,,,False,0.7777777777777778,0.7629384693107423,0.2222222222222222,0.1,adaptive,remove_random_aisle,offspring,random_feasible_start_no_adaptive_spacing,,,,feasible_start_adaptive_spacing,0.5,,True,auto_from_instance,0.75,0.35,"3,5,7,10,14,25,26,36,45,48,49,55","3,14,17,19,24",,,,,,"H[3,5,7,10,14,25,26,29,36,42,45,48,49,52,55]|V[3,14,17,19,21,24]",fc6ef9b4b0004c62ce5453b00f239f140c647a88
proposed_nsga2_bs_Gyorgy-KOVACS_WH_Wide_AW_5_seed_116,proposed_nsga2_bs,Gyorgy-KOVACS_WH_Wide_AW_5,116,13,auto_from_instance,12,18,4,30,216,,,,,13,6,5,root > H:10 > BH:29 > BH:52 > BH:40 > BV:21,evaluated,7,inf,False,707,151,556,1551.0,1.0,1.0,True,True,1,1,0,True,1,1,0,0,True,True,0,15,6,15,6,6,RP,sampled_pool,,,False,0.7777777777777778,0.7629384693107423,0.2222222222222222,0.1,adaptive,remove_random_aisle,offspring,random_feasible_start_no_adaptive_spacing,,,,feasible_start_adaptive_spacing,0.5,,True,auto_from_instance,0.75,0.35,"3,5,7,10,14,25,26,36,45,48,49,55","3,14,17,19,24",,,,,,"H[3,5,7,10,14,25,26,29,36,40,45,48,49,52,55]|V[3,14,17,19,21,24]",e9ea0f50a8a70041111c9fca8fccec189f0a1212
proposed_nsga2_bs_Gyorgy-KOVACS_WH_Wide_AW_5_seed_116,proposed_nsga2_bs,Gyorgy-KOVACS_WH_Wide_AW_5,116,13,auto_from_instance,12,18,4,30,216,,,,,14,6,5,root > H:10 > BH:29 > BH:48 > BV:21 > BH:38,evaluated,5,inf,False,707,172,535,1572.0,1.0,1.0,True,True,1,1,0,True,1,1,0,0,True,True,0,14,6,14,6,6,RP,sampled_pool,,,False,0.7777777777777778,0.7629384693107423,0.2222222222222222,0.1,adaptive,remove_random_aisle,offspring,random_feasible_start_no_adaptive_spacing,,,,feasible_start_adaptive_spacing,0.5,,True,auto_from_instance,0.75,0.35,"3,5,7,10,14,25,26,36,45,48,49,55","3,14,17,19,24",,,,,,"H[3,5,7,10,14,25,26,29,36,38,45,48,49,55]|V[3,14,17,19,21,24]",81719124cf245be045d73d7efc672e91b2ecf744
proposed_nsga2_bs_Gyorgy-KOVACS_WH_Wide_AW_5_seed_116,proposed_nsga2_bs,Gyorgy-KOVACS_WH_Wide_AW_5,116,13,auto_from_instance,12,18,4,30,216,,,,,15,6,5,root > H:10 > BH:29 > BH:52 > BH:42 > BV:19,evaluated,7,inf,False,707,152,555,1705.0,1.0,1.0,True,True,1,1,0,True,1,1,0,0,True,True,0,15,5,15,5,6,RP,sampled_pool,,,False,0.7777777777777778,0.7629384693107423,0.2222222222222222,0.1,adaptive,remove_random_aisle,offspring,random_feasible_start_no_adaptive_spacing,,,,feasible_start_adaptive_spacing,0.5,,True,auto_from_instance,0.75,0.35,"3,5,7,10,14,25,26,36,45,48,49,55","3,14,17,19,24",,,,,,"H[3,5,7,10,14,25,26,29,36,42,45,48,49,52,55]|V[3,14,17,19,24]",27b9ab69fb75452be5847df6ff7d6b7f46198c29
proposed_nsga2_bs_Gyorgy-KOVACS_WH_Wide_AW_5_seed_116,proposed_nsga2_bs,Gyorgy-KOVACS_WH_Wide_AW_5,116,13,auto_from_instance,12,18,4,30,216,,,,,16,9,7,root > V:17 > BH:26 > BH:7 > BH:16 > BH:25 > BH:36 > BH:47,selected,2,inf,True,572,220,352,663.0,1.0,1.0,True,True,1,1,0,True,1,1,0,0,True,True,0,14,7,14,7,9,PF_SS,sampled_pool,,,True,0.7777777777777778,0.7654244517135821,0.2222222222222222,0.1,adaptive,spacing_aware_flip,offspring,random_feasible_start_no_adaptive_spacing,,,,feasible_start_adaptive_spacing,0.5,,True,auto_from_instance,0.75,0.35,"3,5,7,10,14,16,25,26,36,45,48,49,55","3,9,14,17,19,21,24",,,,,,"H[3,5,7,10,14,16,25,26,36,45,47,48,49,55]|V[3,9,14,17,19,21,24]",61426df39d9f05da4c561d5073d32a1cf777516d
proposed_nsga2_bs_Gyorgy-KOVACS_WH_Wide_AW_5_seed_116,proposed_nsga2_bs,Gyorgy-KOVACS_WH_Wide_AW_5,116,13,auto_from_instance,12,18,4,30,216,,,,,17,12,6,root > V:21 > BH:26 > BH:5 > BH:16 > BH:29 > BH:42,evaluated,5,inf,False,692,165,527,1197.0,1.0,1.0,True,True,1,1,0,True,1,1,0,0,True,True,0,19,6,19,6,12,RP_LS,sampled_pool,,,False,0.7777777777777778,0.7242753354155527,0.2222222222222222,0.1,adaptive,bit_flip,offspring,random_feasible_start_no_adaptive_spacing,,,,feasible_start_adaptive_spacing,0.5,,True,auto_from_instance,0.75,0.35,"5,7,10,14,15,16,22,23,24,25,26,27,36,45,48,49,55","2,14,15,19,21,24",,,,,,"H[5,7,10,14,15,16,22,23,24,25,26,27,29,36,42,45,48,49,55]|V[2,14,15,19,21,24]",3e80fff572b45638d4c993741f9187431fecc243
proposed_nsga2_bs_Gyorgy-KOVACS_WH_Wide_AW_5_seed_116,proposed_nsga2_bs,Gyorgy-KOVACS_WH_Wide_AW_5,116,13,auto_from_instance,12,18,4,30,216,,,,,18,12,6,root > V:21 > BH:26 > BH:5 > BH:16 > BH:27 > BH:40,evaluated,5,inf,False,692,168,524,1255.0,1.0,1.0,True,True,1,1,0,True,1,1,0,0,True,True,0,18,6,18,6,12,RP_LS,sampled_pool,,,False,0.7777777777777778,0.7242753354155527,0.2222222222222222,0.1,adaptive,bit_flip,offspring,random_feasible_start_no_adaptive_spacing,,,,feasible_start_adaptive_spacing,0.5,,True,auto_from_instance,0.75,0.35,"5,7,10,14,15,16,22,23,24,25,26,27,36,45,48,49,55","2,14,15,19,21,24",,,,,,"H[5,7,10,14,15,16,22,23,24,25,26,27,36,40,45,48,49,55]|V[2,14,15,19,21,24]",c29204a760792de9b5fff7fd1f22463071b8fe3a
proposed_nsga2_bs_Gyorgy-KOVACS_WH_Wide_AW_5_seed_116,proposed_nsga2_bs,Gyorgy-KOVACS_WH_Wide_AW_5,116,13,auto_from_instance,12,18,4,30,216,,,,,19,12,6,root > V:21 > BH:26 > BH:5 > BH:16 > BH:29 > BH:40,evaluated,6,inf,False,692,167,525,1255.0,1.0,1.0,True,True,1,1,0,True,1,1,0,0,True,True,0,19,6,19,6,12,RP_LS,sampled_pool,,,False,0.7777777777777778,0.7242753354155527,0.2222222222222222,0.1,adaptive,bit_flip,offspring,random_feasible_start_no_adaptive_spacing,,,,feasible_start_adaptive_spacing,0.5,,True,auto_from_instance,0.75,0.35,"5,7,10,14,15,16,22,23,24,25,26,27,36,45,48,49,55","2,14,15,19,21,24",,,,,,"H[5,7,10,14,15,16,22,23,24,25,26,27,29,36,40,45,48,49,55]|V[2,14,15,19,21,24]",4438a07913bba44771acc09fec1861ea8b6e3d46
proposed_nsga2_bs_Gyorgy-KOVACS_WH_Wide_AW_5_seed_116,proposed_nsga2_bs,Gyorgy-KOVACS_WH_Wide_AW_5,116,13,auto_from_instance,12,18,4,30,216,,,,,20,12,6,root > V:21 > BH:26 > BH:5 > BH:14 > BH:27 > BH:40,evaluated,6,inf,False,692,168,524,1271.0,1.0,1.0,True,True,1,1,0,True,1,1,0,0,True,True,0,18,6,18,6,12,RP_LS,sampled_pool,,,False,0.7777777777777778,0.7242753354155527,0.2222222222222222,0.1,adaptive,bit_flip,offspring,random_feasible_start_no_adaptive_spacing,,,,feasible_start_adaptive_spacing,0.5,,True,auto_from_instance,0.75,0.35,"5,7,10,14,15,16,22,23,24,25,26,27,36,45,48,49,55","2,14,15,19,21,24",,,,,,"H[5,7,10,14,15,16,22,23,24,25,26,27,36,40,45,48,49,55]|V[2,14,15,19,21,24]",d6f556ce4388bf7e47d115315ffef16b2112220e
proposed_nsga2_bs_Gyorgy-KOVACS_WH_Wide_AW_5_seed_116,proposed_nsga2_bs,Gyorgy-KOVACS_WH_Wide_AW_5,116,14,auto_from_instance,12,18,4,30,216,,,,,1,1,6,root > V:19 > BH:26 > BH:5 > BH:16 > BH:29 > BH:44,evaluated,5,inf,False,662,179,483,1074.0,1.0,1.0,True,True,1,1,0,True,1,1,0,0,True,True,0,17,6,17,6,1,SS,sampled_pool,,,True,0.8333333333333334,0.9129822875130317,0.16666666666666663,0.1,adaptive,break_symmetry,offspring,random_feasible_start_no_adaptive_spacing,,,,feasible_start_adaptive_spacing,0.5,,True,auto_from_instance,0.75,0.35,"3,5,7,10,14,16,24,26,31,36,45,47,48,49,55","3,14,17,19,24,27",,,,,,"H[3,5,7,10,14,16,24,26,29,31,36,44,45,47,48,49,55]|V[3,14,17,19,24,27]",9611f3f642c06fb0868eb707d4be9b5328b03a30
proposed_nsga2_bs_Gyorgy-KOVACS_WH_Wide_AW_5_seed_116,proposed_nsga2_bs,Gyorgy-KOVACS_WH_Wide_AW_5,116,14,auto_from_instance,12,18,4,30,216,,,,,2,1,6,root > V:19 > BH:26 > BH:47 > BH:35 > BH:23 > BH:9,evaluated,6,inf,False,662,178,484,1194.0,1.0,1.0,True,True,1,1,0,True,1,1,0,0,True,True,0,18,6,18,6,1,SS,sampled_pool,,,True,0.8333333333333334,0.9129822875130317,0.16666666666666663,0.1,adaptive,break_symmetry,offspring,random_feasible_start_no_adaptive_spacing,,,,feasible_start_adaptive_spacing,0.5,,True,auto_from_instance,0.75,0.35,"3,5,7,10,14,16,24,26,31,36,45,47,48,49,55","3,14,17,19,24,27",,,,,,"H[3,5,7,9,10,14,16,23,24,26,31,35,36,45,47,48,49,55]|V[3,14,17,19,24,27]",897092111e4d642b83b355f9b7d25178527841b5
proposed_nsga2_bs_Gyorgy-KOVACS_WH_Wide_AW_5_seed_116,proposed_nsga2_bs,Gyorgy-KOVACS_WH_Wide_AW_5,116,14,auto_from_instance,12,18,4,30,216,,,,,3,1,6,root > V:19 > BH:26 > BH:47 > BH:37 > BH:23 > BH:9,evaluated,6,inf,False,662,179,483,1214.0,1.0,1.0,True,True,1,1,0,True,1,1,0,0,True,True,0,18,6,18,6,1,SS,sampled_pool,,,True,0.8333333333333334,0.9129822875130317,0.16666666666666663,0.1,adaptive,break_symmetry,offspring,random_feasible_start_no_adaptive_spacing,,,,feasible_start_adaptive_spacing,0.5,,True,auto_from_instance,0.75,0.35,"3,5,7,10,14,16,24,26,31,36,45,47,48,49,55","3,14,17,19,24,27",,,,,,"H[3,5,7,9,10,14,16,23,24,26,31,36,37,45,47,48,49,55]|V[3,14,17,19,24,27]",627c2cc4912123f4d0addbc30fac72342d05eacd
proposed_nsga2_bs_Gyorgy-KOVACS_WH_Wide_AW_5_seed_116,proposed_nsga2_bs,Gyorgy-KOVACS_WH_Wide_AW_5,116,14,auto_from_instance,12,18,4,30,216,,,,,4,1,6,root > V:19 > BH:26 > BH:5 > BH:16 > BH:29 > BH:42,evaluated,7,inf,False,662,179,483,1324.0,1.0,1.0,True,True,1,1,0,True,1,1,0,0,True,True,0,17,6,17,6,1,SS,sampled_pool,,,True,0.8333333333333334,0.9129822875130317,0.16666666666666663,0.1,adaptive,break_symmetry,offspring,random_feasible_start_no_adaptive_spacing,,,,feasible_start_adaptive_spacing,0.5,,True,auto_from_instance,0.75,0.35,"3,5,7,10,14,16,24,26,31,36,45,47,48,49,55","3,14,17,19,24,27",,,,,,"H[3,5,7,10,14,16,24,26,29,31,36,42,45,47,48,49,55]|V[3,14,17,19,24,27]",b1b263b53cc0e00a8016b395544d87837a0155d2
proposed_nsga2_bs_Gyorgy-KOVACS_WH_Wide_AW_5_seed_116,proposed_nsga2_bs,Gyorgy-KOVACS_WH_Wide_AW_5,116,14,auto_from_instance,12,18,4,30,216,,,,,5,2,7,root > V:17 > BH:26 > BH:5 > BH:16 > BH:25 > BH:36 > BH:47,selected,1,inf,True,572,220,352,507.0,1.0,1.0,True,True,1,1,0,True,1,1,0,0,True,True,0,14,8,14,8,2,PF_SS_RP,sampled_pool,,,True,0.8333333333333334,0.8833588251611936,0.16666666666666663,0.1,adaptive,bit_flip,offspring,random_feasible_start_no_adaptive_spacing,,,,feasible_start_adaptive_spacing,0.5,,True,auto_from_instance,0.75,0.35,"3,5,7,10,14,16,25,26,36,45,47,48,49,55","3,9,14,17,19,21,24,28",,,,,,"H[3,5,7,10,14,16,25,26,36,45,47,48,49,55]|V[3,9,14,17,19,21,24,28]",173dd91401b4b71d9f20edd9e83506be465b9528
proposed_nsga2_bs_Gyorgy-KOVACS_WH_Wide_AW_5_seed_116,proposed_nsga2_bs,Gyorgy-KOVACS_WH_Wide_AW_5,116,14,auto_from_instance,12,18,4,30,216,,,,,6,2,7,root > V:17 > BH:26 > BH:5 > BH:14 > BH:25 > BH:36 > BH:47,selected,1,inf,True,572,220,352,507.0,1.0,1.0,True,True,1,1,0,True,1,1,0,0,True,True,0,14,8,14,8,2,PF_SS_RP,sampled_pool,,,True,0.8333333333333334,0.8833588251611936,0.16666666666666663,0.1,adaptive,bit_flip,offspring,random_feasible_start_no_adaptive_spacing,,,,feasible_start_adaptive_spacing,0.5,,True,auto_from_instance,0.75,0.35,"3,5,7,10,14,16,25,26,36,45,47,48,49,55","3,9,14,17,19,21,24,28",,,,,,"H[3,5,7,10,14,16,25,26,36,45,47,48,49,55]|V[3,9,14,17,19,21,24,28]",e59e5dd5e1537a2d164e028d12bd66f538f0cb70
proposed_nsga2_bs_Gyorgy-KOVACS_WH_Wide_AW_5_seed_116,proposed_nsga2_bs,Gyorgy-KOVACS_WH_Wide_AW_5,116,14,auto_from_instance,12,18,4,30,216,,,,,7,2,7,root > V:17 > BH:26 > BH:7 > BH:16 > BH:25 > BH:36 > BH:47,selected,2,inf,True,572,220,352,663.0,1.0,1.0,True,True,1,1,0,True,1,1,0,0,True,True,0,14,8,14,8,2,PF_SS_RP,sampled_pool,,,True,0.8333333333333334,0.8833588251611936,0.16666666666666663,0.1,adaptive,bit_flip,offspring,random_feasible_start_no_adaptive_spacing,,,,feasible_start_adaptive_spacing,0.5,,True,auto_from_instance,0.75,0.35,"3,5,7,10,14,16,25,26,36,45,47,48,49,55","3,9,14,17,19,21,24,28",,,,,,"H[3,5,7,10,14,16,25,26,36,45,47,48,49,55]|V[3,9,14,17,19,21,24,28]",61426df39d9f05da4c561d5073d32a1cf777516d
proposed_nsga2_bs_Gyorgy-KOVACS_WH_Wide_AW_5_seed_116,proposed_nsga2_bs,Gyorgy-KOVACS_WH_Wide_AW_5,116,14,auto_from_instance,12,18,4,30,216,,,,,8,2,7,root > V:17 > BH:26 > BH:5 > BH:16 > BH:25 > BH:36 > BH:45,selected,3,inf,True,572,220,352,711.0,1.0,1.0,True,True,1,1,0,True,1,1,0,0,True,True,0,14,8,14,8,2,PF_SS_RP,sampled_pool,,,True,0.8333333333333334,0.8833588251611936,0.16666666666666663,0.1,adaptive,bit_flip,offspring,random_feasible_start_no_adaptive_spacing,,,,feasible_start_adaptive_spacing,0.5,,True,auto_from_instance,0.75,0.35,"3,5,7,10,14,16,25,26,36,45,47,48,49,55","3,9,14,17,19,21,24,28",,,,,,"H[3,5,7,10,14,16,25,26,36,45,47,48,49,55]|V[3,9,14,17,19,21,24,28]",854ec9b997ec508dda6ea9e399147d7a4b626ba8
proposed_nsga2_bs_Gyorgy-KOVACS_WH_Wide_AW_5_seed_116,proposed_nsga2_bs,Gyorgy-KOVACS_WH_Wide_AW_5,116,14,auto_from_instance,12,18,4,30,216,,,,,9,3,8,root > V:15 > BH:26 > BH:5 > BH:16 > BH:25 > BH:36 > BH:45 > BV:24,selected,0,inf,True,497,247,250,385.0,1.0,1.0,True,True,1,1,0,True,1,1,0,0,True,True,0,14,8,14,8,3,PF_LS,sampled_pool,,,False,0.8333333333333334,0.8612757145799765,0.16666666666666663,0.1,adaptive,spacing_aware_flip,offspring,random_feasible_start_no_adaptive_spacing,,,,feasible_start_adaptive_spacing,0.5,,True,auto_from_instance,0.75,0.35,"3,5,7,10,14,16,25,26,31,36,45,47,54,55","3,14,15,17,19,24,27,29",,,,,,"H[3,5,7,10,14,16,25,26,31,36,45,47,54,55]|V[3,14,15,17,19,24,27,29]",416c9c0e4f9e06143d78fee04cbc7a8d1c4800ad
proposed_nsga2_bs_Gyorgy-KOVACS_WH_Wide_AW_5_seed_116,proposed_nsga2_bs,Gyorgy-KOVACS_WH_Wide_AW_5,116,14,auto_from_instance,12,18,4,30,216,,,,,10,3,8,root > V:15 > BH:26 > BH:5 > BH:14 > BH:25 > BH:36 > BH:45 > BV:24,selected,0,inf,True,497,247,250,385.0,1.0,1.0,True,True,1,1,0,True,1,1,0,0,True,True,0,14,8,14,8,3,PF_LS,sampled_pool,,,False,0.8333333333333334,0.8612757145799765,0.16666666666666663,0.1,adaptive,spacing_aware_flip,offspring,random_feasible_start_no_adaptive_spacing,,,,feasible_start_adaptive_spacing,0.5,,True,auto_from_instance,0.75,0.35,"3,5,7,10,14,16,25,26,31,36,45,47,54,55","3,14,15,17,19,24,27,29",,,,,,"H[3,5,7,10,14,16,25,26,31,36,45,47,54,55]|V[3,14,15,17,19,24,27,29]",4f5b467192e7c6ce4bc3fd69bf3ce13c31bd8ba0
proposed_nsga2_bs_Gyorgy-KOVACS_WH_Wide_AW_5_seed_116,proposed_nsga2_bs,Gyorgy-KOVACS_WH_Wide_AW_5,116,14,auto_from_instance,12,18,4,30,216,,,,,11,4,4,root > V:27 > BH:26 > BV:17 > BV:17,selected,0,inf,True,567,256,311,311.0,1.0,1.0,True,True,1,1,0,True,1,1,0,0,True,True,0,19,10,19,10,4,SS_PF_LS,sampled_pool,,,True,0.8333333333333334,0.8265021596221093,0.16666666666666663,0.1,adaptive,bit_flip,offspring,random_feasible_start_no_adaptive_spacing,,,,feasible_start_adaptive_spacing,0.5,,True,auto_from_instance,0.75,0.35,"5,7,10,14,15,16,22,23,24,25,26,27,31,36,45,48,49,50,55","2,11,14,16,17,19,24,27,29,34",,,,,,"H[5,7,10,14,15,16,22,23,24,25,26,27,31,36,45,48,49,50,55]|V[2,11,14,16,17,19,24,27,29,34]",a8708aef2b1e3127a45cd25328e7b01fe876ac67
proposed_nsga2_bs_Gyorgy-KOVACS_WH_Wide_AW_5_seed_116,proposed_nsga2_bs,Gyorgy-KOVACS_WH_Wide_AW_5,116,14,auto_from_instance,12,18,4,30,216,,,,,12,4,4,root > V:29 > BH:26 > BV:19 > BV:19,selected,1,inf,True,557,202,355,408.0,1.0,1.0,True,True,1,1,0,True,1,1,0,0,True,True,0,19,10,19,10,4,SS_PF_LS,sampled_pool,,,True,0.8333333333333334,0.8265021596221093,0.16666666666666663,0.1,adaptive,bit_flip,offspring,random_feasible_start_no_adaptive_spacing,,,,feasible_start_adaptive_spacing,0.5,,True,auto_from_instance,0.75,0.35,"5,7,10,14,15,16,22,23,24,25,26,27,31,36,45,48,49,50,55","2,11,14,16,17,19,24,27,29,34",,,,,,"H[5,7,10,14,15,16,22,23,24,25,26,27,31,36,45,48,49,50,55]|V[2,11,14,16,17,19,24,27,29,34]",225a083d40a70add6d49c842c1ea1b7da9e91627
proposed_nsga2_bs_Gyorgy-KOVACS_WH_Wide_AW_5_seed_116,proposed_nsga2_bs,Gyorgy-KOVACS_WH_Wide_AW_5,116,14,auto_from_instance,12,18,4,30,216,,,,,13,4,4,root > V:29 > BH:26 > BV:19 > BV:17,selected,2,inf,True,557,202,355,458.0,1.0,1.0,True,True,1,1,0,True,1,1,0,0,True,True,0,19,10,19,10,4,SS_PF_LS,sampled_pool,,,True,0.8333333333333334,0.8265021596221093,0.16666666666666663,0.1,adaptive,bit_flip,offspring,random_feasible_start_no_adaptive_spacing,,,,feasible_start_adaptive_spacing,0.5,,True,auto_from_instance,0.75,0.35,"5,7,10,14,15,16,22,23,24,25,26,27,31,36,45,48,49,50,55","2,11,14,16,17,19,24,27,29,34",,,,,,"H[5,7,10,14,15,16,22,23,24,25,26,27,31,36,45,48,49,50,55]|V[2,11,14,16,17,19,24,27,29,34]",f590e28c4ca08f01adba87c9244bc357b1edb9bd
proposed_nsga2_bs_Gyorgy-KOVACS_WH_Wide_AW_5_seed_116,proposed_nsga2_bs,Gyorgy-KOVACS_WH_Wide_AW_5,116,14,auto_from_instance,12,18,4,30,216,,,,,14,4,4,root > V:29 > BH:26 > BV:19 > BV:17,selected,3,inf,True,557,202,355,460.0,1.0,1.0,True,True,1,1,0,True,1,1,0,0,True,True,0,19,10,19,10,4,SS_PF_LS,sampled_pool,,,True,0.8333333333333334,0.8265021596221093,0.16666666666666663,0.1,adaptive,bit_flip,offspring,random_feasible_start_no_adaptive_spacing,,,,feasible_start_adaptive_spacing,0.5,,True,auto_from_instance,0.75,0.35,"5,7,10,14,15,16,22,23,24,25,26,27,31,36,45,48,49,50,55","2,11,14,16,17,19,24,27,29,34",,,,,,"H[5,7,10,14,15,16,22,23,24,25,26,27,31,36,45,48,49,50,55]|V[2,11,14,16,17,19,24,27,29,34]",0ccd7482bc13afbeac630bd0faf7012fe4b70f5c
proposed_nsga2_bs_Gyorgy-KOVACS_WH_Wide_AW_5_seed_116,proposed_nsga2_bs,Gyorgy-KOVACS_WH_Wide_AW_5,116,14,auto_from_instance,12,18,4,30,216,,,,,15,5,7,root > V:17 > BH:26 > BH:7 > BH:16 > BH:25 > BH:36 > BH:45,selected,4,inf,True,572,220,352,867.0,1.0,1.0,True,True,1,1,0,True,1,1,0,0,True,True,0,14,7,14,7,5,LS_PF,sampled_pool,,,False,0.8333333333333334,0.7463745168570498,0.16666666666666663,0.1,adaptive,remove_random_aisle,offspring,random_feasible_start_no_adaptive_spacing,,,,feasible_start_adaptive_spacing,0.5,,True,auto_from_instance,0.75,0.35,"3,5,7,10,14,16,25,26,36,45,48,49,50,55","9,11,14,17,19,21,24",,,,,,"H[3,5,7,10,14,16,25,26,36,45,48,49,50,55]|V[9,11,14,17,19,21,24]",90295bddff4683947eef98c9cba63e2b098e11a6
proposed_nsga2_bs_Gyorgy-KOVACS_WH_Wide_AW_5_seed_116,proposed_nsga2_bs,Gyorgy-KOVACS_WH_Wide_AW_5,116,14,auto_from_instance,12,18,4,30,216,,,,,16,6,7,root > V:17 > BH:26 > BH:5 > BH:14 > BH:25 > BH:36 > BH:45,selected,3,inf,True,572,220,352,711.0,1.0,1.0,True,True,1,1,0,True,1,1,0,0,True,True,0,19,9,19,9,6,PF_LS,sampled_pool,,,False,0.8333333333333334,0.7717621253958639,0.16666666666666663,0.1,adaptive,spacing_aware_flip,offspring,random_feasible_start_no_adaptive_spacing,,,,feasible_start_adaptive_spacing,0.5,,True,auto_from_instance,0.75,0.35,"5,7,10,14,15,16,22,23,24,25,26,27,31,36,45,47,48,49,55","2,8,14,17,19,24,27,29,34",,,,,,"H[5,7,10,14,15,16,22,23,24,25,26,27,31,36,45,47,48,49,55]|V[2,8,14,17,19,24,27,29,34]",ef95c5265d039c602cc7246bb99c122e90a60068
proposed_nsga2_bs_Gyorgy-KOVACS_WH_Wide_AW_5_seed_116,proposed_nsga2_bs,Gyorgy-KOVACS_WH_Wide_AW_5,116,15,auto_from_instance,12,18,4,30,216,,,,,1,1,8,root > V:16 > BH:26 > BH:5 > BH:16 > BH:25 > BH:36 > BH:45 > BV:25,selected,0,1.745680106335844,True,517,238,279,368.0,1.0,1.0,True,True,1,1,0,True,1,1,0,0,True,True,0,16,10,16,10,1,PF_RP,sampled_pool,,,False,0.8888888888888888,0.912207123108933,0.11111111111111116,0.1,adaptive,spacing_aware_flip,offspring,random_feasible_start_no_adaptive_spacing,,,,feasible_start_adaptive_spacing,0.5,,True,auto_from_instance,0.75,0.35,"3,5,7,10,14,15,16,25,26,31,36,45,47,48,49,55","3,11,14,16,17,19,24,27,28",,,,,,"H[3,5,7,10,14,15,16,25,26,31,36,45,47,48,49,55]|V[3,11,14,16,17,19,24,25,27,28]",559a078c3ea143504613077c561cb3124d66b767
proposed_nsga2_bs_Gyorgy-KOVACS_WH_Wide_AW_5_seed_116,proposed_nsga2_bs,Gyorgy-KOVACS_WH_Wide_AW_5,116,15,auto_from_instance,12,18,4,30,216,,,,,2,1,8,root > V:16 > BH:26 > BH:5 > BH:14 > BH:25 > BH:36 > BH:45 > BV:25,selected,0,0.0,True,517,238,279,368.0,1.0,1.0,True,True,1,1,0,True,1,1,0,0,True,True,0,16,10,16,10,1,PF_RP,sampled_pool,,,False,0.8888888888888888,0.912207123108933,0.11111111111111116,0.1,adaptive,spacing_aware_flip,offspring,random_feasible_start_no_adaptive_spacing,,,,feasible_start_adaptive_spacing,0.5,,True,auto_from_instance,0.75,0.35,"3,5,7,10,14,15,16,25,26,31,36,45,47,48,49,55","3,11,14,16,17,19,24,27,28",,,,,,"H[3,5,7,10,14,15,16,25,26,31,36,45,47,48,49,55]|V[3,11,14,16,17,19,24,25,27,28]",6fcfc694894a367ef71d338faec4ce589ca685b5
proposed_nsga2_bs_Gyorgy-KOVACS_WH_Wide_AW_5_seed_116,proposed_nsga2_bs,Gyorgy-KOVACS_WH_Wide_AW_5,116,15,auto_from_instance,12,18,4,30,216,,,,,3,1,8,root > V:16 > BH:26 > BH:5 > BH:16 > BH:25 > BH:36 > BH:45 > BV:29,selected,2,inf,True,517,225,292,586.0,1.0,1.0,True,True,1,1,0,True,1,1,0,0,True,True,0,16,10,16,10,1,PF_RP,sampled_pool,,,False,0.8888888888888888,0.912207123108933,0.11111111111111116,0.1,adaptive,spacing_aware_flip,offspring,random_feasible_start_no_adaptive_spacing,,,,feasible_start_adaptive_spacing,0.5,,True,auto_from_instance,0.75,0.35,"3,5,7,10,14,15,16,25,26,31,36,45,47,48,49,55","3,11,14,16,17,19,24,27,28",,,,,,"H[3,5,7,10,14,15,16,25,26,31,36,45,47,48,49,55]|V[3,11,14,16,17,19,24,27,28,29]",13a8831f3352523fe53b9477eb693b985fdfc37c
proposed_nsga2_bs_Gyorgy-KOVACS_WH_Wide_AW_5_seed_116,proposed_nsga2_bs,Gyorgy-KOVACS_WH_Wide_AW_5,116,15,auto_from_instance,12,18,4,30,216,,,,,4,1,8,root > V:16 > BH:26 > BH:5 > BH:14 > BH:25 > BH:36 > BH:45 > BV:29,evaluated,2,0.0,False,517,225,292,586.0,1.0,1.0,True,True,1,1,0,True,1,1,0,0,True,True,0,16,10,16,10,1,PF_RP,sampled_pool,,,False,0.8888888888888888,0.912207123108933,0.11111111111111116,0.1,adaptive,spacing_aware_flip,offspring,random_feasible_start_no_adaptive_spacing,,,,feasible_start_adaptive_spacing,0.5,,True,auto_from_instance,0.75,0.35,"3,5,7,10,14,15,16,25,26,31,36,45,47,48,49,55","3,11,14,16,17,19,24,27,28",,,,,,"H[3,5,7,10,14,15,16,25,26,31,36,45,47,48,49,55]|V[3,11,14,16,17,19,24,27,28,29]",7e0f4d1a90907f684b7d565e90c4ddb6c1ba7c58
proposed_nsga2_bs_Gyorgy-KOVACS_WH_Wide_AW_5_seed_116,proposed_nsga2_bs,Gyorgy-KOVACS_WH_Wide_AW_5,116,15,auto_from_instance,12,18,4,30,216,,,,,5,2,4,root > V:29 > BH:26 > BV:19 > BV:19,selected,1,inf,True,557,202,355,408.0,1.0,1.0,True,True,1,1,0,True,1,1,0,0,True,True,0,17,9,17,9,2,RP_LS,sampled_pool,,,False,0.8888888888888888,0.8805166434213142,0.11111111111111116,0.1,adaptive,bit_flip,offspring,random_feasible_start_no_adaptive_spacing,,,,feasible_start_adaptive_spacing,0.5,,True,auto_from_instance,0.75,0.35,"5,7,10,14,16,22,23,24,25,26,31,36,45,48,49,50,55","2,9,14,17,19,21,24,29,34",,,,,,"H[5,7,10,14,16,22,23,24,25,26,31,36,45,48,49,50,55]|V[2,9,14,17,19,21,24,29,34]",225a083d40a70add6d49c842c1ea1b7da9e91627
proposed_nsga2_bs_Gyorgy-KOVACS_WH_Wide_AW_5_seed_116,proposed_nsga2_bs,Gyorgy-KOVACS_WH_Wide_AW_5,116,15,auto_from_instance,12,18,4,30,216,,,,,6,2,4,root > V:29 > BH:26 > BV:19 > BV:17,selected,2,inf,True,557,202,355,458.0,1.0,1.0,True,True,1,1,0,True,1,1,0,0,True,True,0,17,9,17,9,2,RP_LS,sampled_pool,,,False,0.8888888888888888,0.8805166434213142,0.11111111111111116,0.1,adaptive,bit_flip,offspring,random_feasible_start_no_adaptive_spacing,,,,feasible_start_adaptive_spacing,0.5,,True,auto_from_instance,0.75,0.35,"5,7,10,14,16,22,23,24,25,26,31,36,45,48,49,50,55","2,9,14,17,19,21,24,29,34",,,,,,"H[5,7,10,14,16,22,23,24,25,26,31,36,45,48,49,50,55]|V[2,9,14,17,19,21,24,29,34]",f590e28c4ca08f01adba87c9244bc357b1edb9bd
proposed_nsga2_bs_Gyorgy-KOVACS_WH_Wide_AW_5_seed_116,proposed_nsga2_bs,Gyorgy-KOVACS_WH_Wide_AW_5,116,15,auto_from_instance,12,18,4,30,216,,,,,7,2,4,root > V:29 > BH:26 > BV:19 > BV:17,evaluated,3,inf,False,557,202,355,460.0,1.0,1.0,True,True,1,1,0,True,1,1,0,0,True,True,0,17,9,17,9,2,RP_LS,sampled_pool,,,False,0.8888888888888888,0.8805166434213142,0.11111111111111116,0.1,adaptive,bit_flip,offspring,random_feasible_start_no_adaptive_spacing,,,,feasible_start_adaptive_spacing,0.5,,True,auto_from_instance,0.75,0.35,"5,7,10,14,16,22,23,24,25,26,31,36,45,48,49,50,55","2,9,14,17,19,21,24,29,34",,,,,,"H[5,7,10,14,16,22,23,24,25,26,31,36,45,48,49,50,55]|V[2,9,14,17,19,21,24,29,34]",0ccd7482bc13afbeac630bd0faf7012fe4b70f5c
proposed_nsga2_bs_Gyorgy-KOVACS_WH_Wide_AW_5_seed_116,proposed_nsga2_bs,Gyorgy-KOVACS_WH_Wide_AW_5,116,15,auto_from_instance,12,18,4,30,216,,,,,8,2,4,root > V:29 > BH:26 > BV:17 > BV:17,evaluated,4,inf,False,557,202,355,510.0,1.0,1.0,True,True,1,1,0,True,1,1,0,0,True,True,0,17,9,17,9,2,RP_LS,sampled_pool,,,False,0.8888888888888888,0.8805166434213142,0.11111111111111116,0.1,adaptive,bit_flip,offspring,random_feasible_start_no_adaptive_spacing,,,,feasible_start_adaptive_spacing,0.5,,True,auto_from_instance,0.75,0.35,"5,7,10,14,16,22,23,24,25,26,31,36,45,48,49,50,55","2,9,14,17,19,21,24,29,34",,,,,,"H[5,7,10,14,16,22,23,24,25,26,31,36,45,48,49,50,55]|V[2,9,14,17,19,21,24,29,34]",01a64afdd46edf4dc6b60538f107b837ec4162f0
proposed_nsga2_bs_Gyorgy-KOVACS_WH_Wide_AW_5_seed_116,proposed_nsga2_bs,Gyorgy-KOVACS_WH_Wide_AW_5,116,15,auto_from_instance,12,18,4,30,216,,,,,9,3,6,root > V:21 > BH:26 > BH:5 > BH:16 > BH:29 > BH:42,evaluated,5,inf,False,692,165,527,1197.0,1.0,1.0,True,True,1,1,0,True,1,1,0,0,True,True,0,15,7,15,7,3,RP,sampled_pool,,,False,0.8888888888888888,0.896321453414006,0.11111111111111116,0.1,adaptive,break_symmetry,offspring,random_feasible_start_no_adaptive_spacing,,,,feasible_start_adaptive_spacing,0.5,,True,auto_from_instance,0.75,0.35,"3,5,7,10,14,16,25,26,37,45,47,54,55","3,14,17,19,21,24,28",,,,,,"H[3,5,7,10,14,16,25,26,29,37,42,45,47,54,55]|V[3,14,17,19,21,24,28]",3e80fff572b45638d4c993741f9187431fecc243
proposed_nsga2_bs_Gyorgy-KOVACS_WH_Wide_AW_5_seed_116,proposed_nsga2_bs,Gyorgy-KOVACS_WH_Wide_AW_5,116,15,auto_from_instance,12,18,4,30,216,,,,,10,3,6,root > V:21 > BH:26 > BH:5 > BH:16 > BH:29 > BH:40,evaluated,6,inf,False,692,167,525,1255.0,1.0,1.0,True,True,1,1,0,True,1,1,0,0,True,True,0,15,7,15,7,3,RP,sampled_pool,,,False,0.8888888888888888,0.896321453414006,0.11111111111111116,0.1,adaptive,break_symmetry,offspring,random_feasible_start_no_adaptive_spacing,,,,feasible_start_adaptive_spacing,0.5,,True,auto_from_instance,0.75,0.35,"3,5,7,10,14,16,25,26,37,45,47,54,55","3,14,17,19,21,24,28",,,,,,"H[3,5,7,10,14,16,25,26,29,37,40,45,47,54,55]|V[3,14,17,19,21,24,28]",4438a07913bba44771acc09fec1861ea8b6e3d46
proposed_nsga2_bs_Gyorgy-KOVACS_WH_Wide_AW_5_seed_116,proposed_nsga2_bs,Gyorgy-KOVACS_WH_Wide_AW_5,116,15,auto_from_instance,12,18,4,30,216,,,,,11,3,6,root > V:21 > BH:26 > BH:5 > BH:16 > BH:27 > BH:40,evaluated,5,inf,False,692,168,524,1255.0,1.0,1.0,True,True,1,1,0,True,1,1,0,0,True,True,0,15,7,15,7,3,RP,sampled_pool,,,False,0.8888888888888888,0.896321453414006,0.11111111111111116,0.1,adaptive,break_symmetry,offspring,random_feasible_start_no_adaptive_spacing,,,,feasible_start_adaptive_spacing,0.5,,True,auto_from_instance,0.75,0.35,"3,5,7,10,14,16,25,26,37,45,47,54,55","3,14,17,19,21,24,28",,,,,,"H[3,5,7,10,14,16,25,26,27,37,40,45,47,54,55]|V[3,14,17,19,21,24,28]",c29204a760792de9b5fff7fd1f22463071b8fe3a
proposed_nsga2_bs_Gyorgy-KOVACS_WH_Wide_AW_5_seed_116,proposed_nsga2_bs,Gyorgy-KOVACS_WH_Wide_AW_5,116,15,auto_from_instance,12,18,4,30,216,,,,,12,3,6,root > V:21 > BH:26 > BH:5 > BH:14 > BH:27 > BH:40,evaluated,6,inf,False,692,168,524,1271.0,1.0,1.0,True,True,1,1,0,True,1,1,0,0,True,True,0,15,7,15,7,3,RP,sampled_pool,,,False,0.8888888888888888,0.896321453414006,0.11111111111111116,0.1,adaptive,break_symmetry,offspring,random_feasible_start_no_adaptive_spacing,,,,feasible_start_adaptive_spacing,0.5,,True,auto_from_instance,0.75,0.35,"3,5,7,10,14,16,25,26,37,45,47,54,55","3,14,17,19,21,24,28",,,,,,"H[3,5,7,10,14,16,25,26,27,37,40,45,47,54,55]|V[3,14,17,19,21,24,28]",d6f556ce4388bf7e47d115315ffef16b2112220e
proposed_nsga2_bs_Gyorgy-KOVACS_WH_Wide_AW_5_seed_116,proposed_nsga2_bs,Gyorgy-KOVACS_WH_Wide_AW_5,116,15,auto_from_instance,12,18,4,30,216,,,,,13,4,4,root > V:27 > BH:26 > BV:17 > BV:17,selected,0,inf,True,567,256,311,311.0,1.0,1.0,True,True,1,1,0,True,1,1,0,0,True,True,0,16,9,16,9,4,SS_PF_LS,sampled_pool,,,True,0.8888888888888888,0.9117289020396023,0.11111111111111116,0.1,adaptive,bit_flip,offspring,random_feasible_start_no_adaptive_spacing,,,,feasible_start_adaptive_spacing,0.5,,True,auto_from_instance,0.75,0.35,"3,5,7,10,14,16,25,26,31,36,40,45,47,48,49,55","3,9,14,15,17,19,24,27,29",,,,,,"H[3,5,7,10,14,16,25,26,31,36,40,45,47,48,49,55]|V[3,9,14,15,17,19,24,27,29]",a8708aef2b1e3127a45cd25328e7b01fe876ac67
proposed_nsga2_bs_Gyorgy-KOVACS_WH_Wide_AW_5_seed_116,proposed_nsga2_bs,Gyorgy-KOVACS_WH_Wide_AW_5,116,15,auto_from_instance,12,18,4,30,216,,,,,14,5,7,root > V:17 > BH:26 > BH:5 > BH:16 > BH:25 > BH:36 > BH:47,selected,1,2.1940700808625335,True,572,220,352,507.0,1.0,1.0,True,True,1,1,0,True,1,1,0,0,True,True,0,16,8,16,8,5,PF,sampled_pool,,,False,0.8888888888888888,0.7852072189441023,0.11111111111111116,0.1,adaptive,break_symmetry,offspring,random_feasible_start_no_adaptive_spacing,,,,feasible_start_adaptive_spacing,0.5,,True,auto_from_instance,0.75,0.35,"3,5,7,10,14,16,25,26,31,36,45,48,49,50,55","3,9,14,17,18,21,24,28",,,,,,"H[3,5,7,10,14,16,25,26,31,36,45,47,48,49,50,55]|V[3,9,14,17,18,21,24,28]",173dd91401b4b71d9f20edd9e83506be465b9528
proposed_nsga2_bs_Gyorgy-KOVACS_WH_Wide_AW_5_seed_116,proposed_nsga2_bs,Gyorgy-KOVACS_WH_Wide_AW_5,116,15,auto_from_instance,12,18,4,30,216,,,,,15,5,7,root > V:17 > BH:26 > BH:5 > BH:16 > BH:25 > BH:36 > BH:45,evaluated,4,inf,False,572,220,352,711.0,1.0,1.0,True,True,1,1,0,True,1,1,0,0,True,True,0,15,8,15,8,5,PF,sampled_pool,,,False,0.8888888888888888,0.7852072189441023,0.11111111111111116,0.1,adaptive,break_symmetry,offspring,random_feasible_start_no_adaptive_spacing,,,,feasible_start_adaptive_spacing,0.5,,True,auto_from_instance,0.75,0.35,"3,5,7,10,14,16,25,26,31,36,45,48,49,50,55","3,9,14,17,18,21,24,28",,,,,,"H[3,5,7,10,14,16,25,26,31,36,45,48,49,50,55]|V[3,9,14,17,18,21,24,28]",854ec9b997ec508dda6ea9e399147d7a4b626ba8
proposed_nsga2_bs_Gyorgy-KOVACS_WH_Wide_AW_5_seed_116,proposed_nsga2_bs,Gyorgy-KOVACS_WH_Wide_AW_5,116,15,auto_from_instance,12,18,4,30,216,,,,,16,5,7,root > V:17 > BH:26 > BH:5 > BH:14 > BH:25 > BH:36 > BH:47,selected,1,0.8059299191374664,True,572,220,352,507.0,1.0,1.0,True,True,1,1,0,True,1,1,0,0,True,True,0,16,8,16,8,5,PF,sampled_pool,,,False,0.8888888888888888,0.7852072189441023,0.11111111111111116,0.1,adaptive,break_symmetry,offspring,random_feasible_start_no_adaptive_spacing,,,,feasible_start_adaptive_spacing,0.5,,True,auto_from_instance,0.75,0.35,"3,5,7,10,14,16,25,26,31,36,45,48,49,50,55","3,9,14,17,18,21,24,28",,,,,,"H[3,5,7,10,14,16,25,26,31,36,45,47,48,49,50,55]|V[3,9,14,17,18,21,24,28]",e59e5dd5e1537a2d164e028d12bd66f538f0cb70
proposed_nsga2_bs_Gyorgy-KOVACS_WH_Wide_AW_5_seed_116,proposed_nsga2_bs,Gyorgy-KOVACS_WH_Wide_AW_5,116,15,auto_from_instance,12,18,4,30,216,,,,,17,5,7,root > V:17 > BH:26 > BH:5 > BH:14 > BH:25 > BH:36 > BH:45,evaluated,4,inf,False,572,220,352,711.0,1.0,1.0,True,True,1,1,0,True,1,1,0,0,True,True,0,15,8,15,8,5,PF,sampled_pool,,,False,0.8888888888888888,0.7852072189441023,0.11111111111111116,0.1,adaptive,break_symmetry,offspring,random_feasible_start_no_adaptive_spacing,,,,feasible_start_adaptive_spacing,0.5,,True,auto_from_instance,0.75,0.35,"3,5,7,10,14,16,25,26,31,36,45,48,49,50,55","3,9,14,17,18,21,24,28",,,,,,"H[3,5,7,10,14,16,25,26,31,36,45,48,49,50,55]|V[3,9,14,17,18,21,24,28]",ef95c5265d039c602cc7246bb99c122e90a60068
proposed_nsga2_bs_Gyorgy-KOVACS_WH_Wide_AW_5_seed_116,proposed_nsga2_bs,Gyorgy-KOVACS_WH_Wide_AW_5,116,15,auto_from_instance,12,18,4,30,216,,,,,18,6,8,root > V:16 > BH:26 > BH:5 > BH:16 > BH:27 > BH:36 > BH:45 > BV:25,selected,0,inf,True,517,238,279,368.0,1.0,1.0,True,True,1,1,0,True,1,1,0,0,True,True,0,19,11,19,11,6,PF_RP,sampled_pool,,,False,0.8888888888888888,0.9773942945003213,0.11111111111111116,0.1,adaptive,spacing_aware_flip,offspring,random_feasible_start_no_adaptive_spacing,,,,feasible_start_adaptive_spacing,0.5,,True,auto_from_instance,0.75,0.35,"0,5,7,10,14,15,16,22,23,24,25,26,27,36,45,47,48,49,55","2,11,14,16,17,19,24,27,29,34",,,,,,"H[0,5,7,10,14,15,16,22,23,24,25,26,27,36,45,47,48,49,55]|V[2,11,14,16,17,19,24,25,27,29,34]",015ee1c8318bbe65f9d75b3878c91b9d7be2a076
proposed_nsga2_bs_Gyorgy-KOVACS_WH_Wide_AW_5_seed_116,proposed_nsga2_bs,Gyorgy-KOVACS_WH_Wide_AW_5,116,15,auto_from_instance,12,18,4,30,216,,,,,19,6,8,root > V:16 > BH:26 > BH:5 > BH:16 > BH:27 > BH:36 > BH:45 > BV:29,evaluated,2,inf,False,517,225,292,586.0,1.0,1.0,True,True,1,1,0,True,1,1,0,0,True,True,0,19,10,19,10,6,PF_RP,sampled_pool,,,False,0.8888888888888888,0.9773942945003213,0.11111111111111116,0.1,adaptive,spacing_aware_flip,offspring,random_feasible_start_no_adaptive_spacing,,,,feasible_start_adaptive_spacing,0.5,,True,auto_from_instance,0.75,0.35,"0,5,7,10,14,15,16,22,23,24,25,26,27,36,45,47,48,49,55","2,11,14,16,17,19,24,27,29,34",,,,,,"H[0,5,7,10,14,15,16,22,23,24,25,26,27,36,45,47,48,49,55]|V[2,11,14,16,17,19,24,27,29,34]",ed71c8d546062d956359fd31a02e14699e745412
proposed_nsga2_bs_Gyorgy-KOVACS_WH_Wide_AW_5_seed_116,proposed_nsga2_bs,Gyorgy-KOVACS_WH_Wide_AW_5,116,15,auto_from_instance,12,18,4,30,216,,,,,20,7,8,root > V:15 > BH:26 > BH:7 > BH:16 > BH:25 > BH:36 > BH:45 > BV:24,selected,1,inf,True,497,247,250,567.0,1.0,1.0,True,True,1,1,0,True,1,1,0,0,True,True,0,14,9,14,9,7,PF_LS,sampled_pool,,,False,0.8888888888888888,0.9275210579275366,0.11111111111111116,0.1,adaptive,bit_flip,offspring,random_feasible_start_no_adaptive_spacing,,,,feasible_start_adaptive_spacing,0.5,,True,auto_from_instance,0.75,0.35,"3,5,7,10,14,16,25,26,36,45,47,48,49,55","3,9,14,15,17,19,24,28,29",,,,,,"H[3,5,7,10,14,16,25,26,36,45,47,48,49,55]|V[3,9,14,15,17,19,24,28,29]",bad25caaf4e753481b1b798360caa6634ad939f7
proposed_nsga2_bs_Gyorgy-KOVACS_WH_Wide_AW_5_seed_116,proposed_nsga2_bs,Gyorgy-KOVACS_WH_Wide_AW_5,116,15,auto_from_instance,12,18,4,30,216,,,,,21,7,8,root > V:15 > BH:26 > BH:5 > BH:16 > BH:25 > BH:36 > BH:45 > BV:24,selected,0,inf,True,497,247,250,385.0,1.0,1.0,True,True,1,1,0,True,1,1,0,0,True,True,0,14,9,14,9,7,PF_LS,sampled_pool,,,False,0.8888888888888888,0.9275210579275366,0.11111111111111116,0.1,adaptive,bit_flip,offspring,random_feasible_start_no_adaptive_spacing,,,,feasible_start_adaptive_spacing,0.5,,True,auto_from_instance,0.75,0.35,"3,5,7,10,14,16,25,26,36,45,47,48,49,55","3,9,14,15,17,19,24,28,29",,,,,,"H[3,5,7,10,14,16,25,26,36,45,47,48,49,55]|V[3,9,14,15,17,19,24,28,29]",416c9c0e4f9e06143d78fee04cbc7a8d1c4800ad
proposed_nsga2_bs_Gyorgy-KOVACS_WH_Wide_AW_5_seed_116,proposed_nsga2_bs,Gyorgy-KOVACS_WH_Wide_AW_5,116,15,auto_from_instance,12,18,4,30,216,,,,,22,10,8,root > V:15 > BH:26 > BH:5 > BH:14 > BH:25 > BH:36 > BH:45 > BV:24,selected,0,inf,True,497,247,250,385.0,1.0,1.0,True,True,1,1,0,True,1,1,0,0,True,True,0,14,9,14,9,10,LS_PF,sampled_pool,,,False,0.8888888888888888,0.864207200967602,0.11111111111111116,0.1,adaptive,spacing_aware_flip,offspring,random_feasible_start_no_adaptive_spacing,,,,feasible_start_adaptive_spacing,0.5,,True,auto_from_instance,0.75,0.35,"0,5,7,10,14,16,25,26,31,36,45,47,54,55","3,11,14,15,17,19,24,27,29",,,,,,"H[0,5,7,10,14,16,25,26,31,36,45,47,54,55]|V[3,11,14,15,17,19,24,27,29]",4f5b467192e7c6ce4bc3fd69bf3ce13c31bd8ba0
proposed_nsga2_bs_Gyorgy-KOVACS_WH_Wide_AW_5_seed_116,proposed_nsga2_bs,Gyorgy-KOVACS_WH_Wide_AW_5,116,15,auto_from_instance,12,18,4,30,216,,,,,23,11,7,root > V:17 > BH:26 > BH:7 > BH:16 > BH:25 > BH:36 > BH:47,evaluated,3,inf,False,572,220,352,663.0,1.0,1.0,True,True,1,1,0,True,1,1,0,0,True,True,0,13,9,13,9,11,PF_LS_RP,sampled_pool,,,False,0.8888888888888888,0.861269614207985,0.11111111111111116,0.1,adaptive,spacing_aware_flip,offspring,random_feasible_start_no_adaptive_spacing,,,,feasible_start_adaptive_spacing,0.5,,True,auto_from_instance,0.75,0.35,"3,5,7,10,14,16,25,26,36,45,47,54,55","3,14,17,19,21,24,28,29,34",,,,,,"H[3,5,7,10,14,16,25,26,36,45,47,54,55]|V[3,14,17,19,21,24,28,29,34]",61426df39d9f05da4c561d5073d32a1cf777516d
proposed_nsga2_bs_Gyorgy-KOVACS_WH_Wide_AW_5_seed_116,proposed_nsga2_bs,Gyorgy-KOVACS_WH_Wide_AW_5,116,16,auto_from_instance,12,18,4,30,216,,,,,1,1,8,root > V:16 > BH:26 > BH:5 > BH:16 > BH:25 > BH:36 > BH:45 > BV:25,selected,0,1.745680106335844,True,517,238,279,368.0,1.0,1.0,True,True,1,1,0,True,1,1,0,0,True,True,0,19,10,19,10,1,PF_SS,sampled_pool,,,True,0.9444444444444444,0.919068172471754,0.1,0.1,adaptive,bit_flip,offspring,random_feasible_start_no_adaptive_spacing,,,,feasible_start_adaptive_spacing,0.5,,True,auto_from_instance,0.75,0.35,"3,5,7,10,14,16,18,22,23,24,25,26,27,36,45,47,48,49,55","3,11,14,16,17,19,24,28,29",,,,,,"H[3,5,7,10,14,16,18,22,23,24,25,26,27,36,45,47,48,49,55]|V[3,11,14,16,17,19,24,25,28,29]",559a078c3ea143504613077c561cb3124d66b767
proposed_nsga2_bs_Gyorgy-KOVACS_WH_Wide_AW_5_seed_116,proposed_nsga2_bs,Gyorgy-KOVACS_WH_Wide_AW_5,116,16,auto_from_instance,12,18,4,30,216,,,,,2,1,8,root > V:16 > BH:26 > BH:5 > BH:14 > BH:25 > BH:36 > BH:45 > BV:25,selected,0,0.0,True,517,238,279,368.0,1.0,1.0,True,True,1,1,0,True,1,1,0,0,True,True,0,19,10,19,10,1,PF_SS,sampled_pool,,,True,0.9444444444444444,0.919068172471754,0.1,0.1,adaptive,bit_flip,offspring,random_feasible_start_no_adaptive_spacing,,,,feasible_start_adaptive_spacing,0.5,,True,auto_from_instance,0.75,0.35,"3,5,7,10,14,16,18,22,23,24,25,26,27,36,45,47,48,49,55","3,11,14,16,17,19,24,28,29",,,,,,"H[3,5,7,10,14,16,18,22,23,24,25,26,27,36,45,47,48,49,55]|V[3,11,14,16,17,19,24,25,28,29]",6fcfc694894a367ef71d338faec4ce589ca685b5
proposed_nsga2_bs_Gyorgy-KOVACS_WH_Wide_AW_5_seed_116,proposed_nsga2_bs,Gyorgy-KOVACS_WH_Wide_AW_5,116,16,auto_from_instance,12,18,4,30,216,,,,,3,1,8,root > V:16 > BH:26 > BH:5 > BH:16 > BH:25 > BH:36 > BH:45 > BV:29,selected,1,inf,True,517,225,292,586.0,1.0,1.0,True,True,1,1,0,True,1,1,0,0,True,True,0,19,9,19,9,1,PF_SS,sampled_pool,,,True,0.9444444444444444,0.919068172471754,0.1,0.1,adaptive,bit_flip,offspring,random_feasible_start_no_adaptive_spacing,,,,feasible_start_adaptive_spacing,0.5,,True,auto_from_instance,0.75,0.35,"3,5,7,10,14,16,18,22,23,24,25,26,27,36,45,47,48,49,55","3,11,14,16,17,19,24,28,29",,,,,,"H[3,5,7,10,14,16,18,22,23,24,25,26,27,36,45,47,48,49,55]|V[3,11,14,16,17,19,24,28,29]",13a8831f3352523fe53b9477eb693b985fdfc37c
proposed_nsga2_bs_Gyorgy-KOVACS_WH_Wide_AW_5_seed_116,proposed_nsga2_bs,Gyorgy-KOVACS_WH_Wide_AW_5,116,16,auto_from_instance,12,18,4,30,216,,,,,4,1,8,root > V:16 > BH:26 > BH:5 > BH:14 > BH:25 > BH:36 > BH:45 > BV:29,selected,1,0.0,True,517,225,292,586.0,1.0,1.0,True,True,1,1,0,True,1,1,0,0,True,True,0,19,9,19,9,1,PF_SS,sampled_pool,,,True,0.9444444444444444,0.919068172471754,0.1,0.1,adaptive,bit_flip,offspring,random_feasible_start_no_adaptive_spacing,,,,feasible_start_adaptive_spacing,0.5,,True,auto_from_instance,0.75,0.35,"3,5,7,10,14,16,18,22,23,24,25,26,27,36,45,47,48,49,55","3,11,14,16,17,19,24,28,29",,,,,,"H[3,5,7,10,14,16,18,22,23,24,25,26,27,36,45,47,48,49,55]|V[3,11,14,16,17,19,24,28,29]",7e0f4d1a90907f684b7d565e90c4ddb6c1ba7c58
proposed_nsga2_bs_Gyorgy-KOVACS_WH_Wide_AW_5_seed_116,proposed_nsga2_bs,Gyorgy-KOVACS_WH_Wide_AW_5,116,16,auto_from_instance,12,18,4,30,216,,,,,5,2,8,root > V:15 > BH:26 > BH:5 > BH:16 > BH:25 > BH:36 > BH:45 > BV:24,selected,0,inf,True,497,247,250,385.0,1.0,1.0,True,True,1,1,0,True,1,1,0,0,True,True,0,15,12,15,12,2,LS_SS,sampled_pool,,,True,0.9444444444444444,0.9547331627948011,0.1,0.1,adaptive,insert_random_aisle,offspring,random_feasible_start_no_adaptive_spacing,,,,feasible_start_adaptive_spacing,0.5,,True,auto_from_instance,0.75,0.35,"0,5,7,10,14,15,16,25,26,36,45,47,48,49,55","2,9,11,14,15,17,19,24,25,27,29,34",,,,,,"H[0,5,7,10,14,15,16,25,26,36,45,47,48,49,55]|V[2,9,11,14,15,17,19,24,25,27,29,34]",416c9c0e4f9e06143d78fee04cbc7a8d1c4800ad
proposed_nsga2_bs_Gyorgy-KOVACS_WH_Wide_AW_5_seed_116,proposed_nsga2_bs,Gyorgy-KOVACS_WH_Wide_AW_5,116,16,auto_from_instance,12,18,4,30,216,,,,,6,2,8,root > V:15 > BH:26 > BH:5 > BH:14 > BH:25 > BH:36 > BH:45 > BV:24,selected,0,inf,True,497,247,250,385.0,1.0,1.0,True,True,1,1,0,True,1,1,0,0,True,True,0,15,12,15,12,2,LS_SS,sampled_pool,,,True,0.9444444444444444,0.9547331627948011,0.1,0.1,adaptive,insert_random_aisle,offspring,random_feasible_start_no_adaptive_spacing,,,,feasible_start_adaptive_spacing,0.5,,True,auto_from_instance,0.75,0.35,"0,5,7,10,14,15,16,25,26,36,45,47,48,49,55","2,9,11,14,15,17,19,24,25,27,29,34",,,,,,"H[0,5,7,10,14,15,16,25,26,36,45,47,48,49,55]|V[2,9,11,14,15,17,19,24,25,27,29,34]",4f5b467192e7c6ce4bc3fd69bf3ce13c31bd8ba0
proposed_nsga2_bs_Gyorgy-KOVACS_WH_Wide_AW_5_seed_116,proposed_nsga2_bs,Gyorgy-KOVACS_WH_Wide_AW_5,116,16,auto_from_instance,12,18,4,30,216,,,,,7,8,8,root > V:16 > BH:26 > BH:5 > BH:16 > BH:27 > BH:36 > BH:45 > BV:25,selected,0,inf,True,517,238,279,368.0,1.0,1.0,True,True,1,1,0,True,1,1,0,0,True,True,0,14,11,14,11,8,LS_SS,sampled_pool,,,True,0.9444444444444444,0.9866932729872485,0.1,0.1,adaptive,remove_random_aisle,offspring,random_feasible_start_no_adaptive_spacing,,,,feasible_start_adaptive_spacing,0.5,,True,auto_from_instance,0.75,0.35,"0,7,10,14,16,25,26,31,36,45,47,55","2,11,14,16,17,19,24,27,29,34",,,,,,"H[0,5,7,10,14,16,25,26,27,31,36,45,47,55]|V[2,11,14,16,17,19,24,25,27,29,34]",015ee1c8318bbe65f9d75b3878c91b9d7be2a076
proposed_nsga2_bs_Gyorgy-KOVACS_WH_Wide_AW_5_seed_116,proposed_nsga2_bs,Gyorgy-KOVACS_WH_Wide_AW_5,116,16,auto_from_instance,12,18,4,30,216,,,,,8,8,8,root > V:16 > BH:26 > BH:5 > BH:16 > BH:27 > BH:36 > BH:45 > BV:29,selected,1,inf,True,517,225,292,586.0,1.0,1.0,True,True,1,1,0,True,1,1,0,0,True,True,0,14,10,14,10,8,LS_SS,sampled_pool,,,True,0.9444444444444444,0.9866932729872485,0.1,0.1,adaptive,remove_random_aisle,offspring,random_feasible_start_no_adaptive_spacing,,,,feasible_start_adaptive_spacing,0.5,,True,auto_from_instance,0.75,0.35,"0,7,10,14,16,25,26,31,36,45,47,55","2,11,14,16,17,19,24,27,29,34",,,,,,"H[0,5,7,10,14,16,25,26,27,31,36,45,47,55]|V[2,11,14,16,17,19,24,27,29,34]",ed71c8d546062d956359fd31a02e14699e745412
proposed_nsga2_bs_Gyorgy-KOVACS_WH_Wide_AW_5_seed_116,proposed_nsga2_bs,Gyorgy-KOVACS_WH_Wide_AW_5,116,16,auto_from_instance,12,18,4,30,216,,,,,9,9,4,root > V:27 > BH:26 > BV:17 > BV:17,selected,0,inf,True,567,256,311,311.0,1.0,1.0,True,True,1,1,0,True,1,1,0,0,True,True,0,20,10,20,10,9,SS_PF_LS,sampled_pool,,,True,0.9444444444444444,0.9681385821983044,0.1,0.1,adaptive,insert_random_aisle,offspring,random_feasible_start_no_adaptive_spacing,,,,feasible_start_adaptive_spacing,0.5,,True,auto_from_instance,0.75,0.35,"3,4,5,7,10,14,15,16,22,23,24,25,26,27,36,45,47,48,49,55","3,9,14,15,17,19,24,25,27,29",,,,,,"H[3,4,5,7,10,14,15,16,22,23,24,25,26,27,36,45,47,48,49,55]|V[3,9,14,15,17,19,24,25,27,29]",a8708aef2b1e3127a45cd25328e7b01fe876ac67
proposed_nsga2_bs_Gyorgy-KOVACS_WH_Wide_AW_5_seed_116,proposed_nsga2_bs,Gyorgy-KOVACS_WH_Wide_AW_5,116,16,auto_from_instance,12,18,4,30,216,,,,,10,9,4,root > V:29 > BH:26 > BV:19 > BV:19,selected,1,inf,True,557,202,355,408.0,1.0,1.0,True,True,1,1,0,True,1,1,0,0,True,True,0,20,10,20,10,9,SS_PF_LS,sampled_pool,,,True,0.9444444444444444,0.9681385821983044,0.1,0.1,adaptive,insert_random_aisle,offspring,random_feasible_start_no_adaptive_spacing,,,,feasible_start_adaptive_spacing,0.5,,True,auto_from_instance,0.75,0.35,"3,4,5,7,10,14,15,16,22,23,24,25,26,27,36,45,47,48,49,55","3,9,14,15,17,19,24,25,27,29",,,,,,"H[3,4,5,7,10,14,15,16,22,23,24,25,26,27,36,45,47,48,49,55]|V[3,9,14,15,17,19,24,25,27,29]",225a083d40a70add6d49c842c1ea1b7da9e91627
proposed_nsga2_bs_Gyorgy-KOVACS_WH_Wide_AW_5_seed_116,proposed_nsga2_bs,Gyorgy-KOVACS_WH_Wide_AW_5,116,16,auto_from_instance,12,18,4,30,216,,,,,11,9,4,root > V:29 > BH:26 > BV:19 > BV:17,selected,2,inf,True,557,202,355,458.0,1.0,1.0,True,True,1,1,0,True,1,1,0,0,True,True,0,20,10,20,10,9,SS_PF_LS,sampled_pool,,,True,0.9444444444444444,0.9681385821983044,0.1,0.1,adaptive,insert_random_aisle,offspring,random_feasible_start_no_adaptive_spacing,,,,feasible_start_adaptive_spacing,0.5,,True,auto_from_instance,0.75,0.35,"3,4,5,7,10,14,15,16,22,23,24,25,26,27,36,45,47,48,49,55","3,9,14,15,17,19,24,25,27,29",,,,,,"H[3,4,5,7,10,14,15,16,22,23,24,25,26,27,36,45,47,48,49,55]|V[3,9,14,15,17,19,24,25,27,29]",f590e28c4ca08f01adba87c9244bc357b1edb9bd
proposed_nsga2_bs_Gyorgy-KOVACS_WH_Wide_AW_5_seed_116,proposed_nsga2_bs,Gyorgy-KOVACS_WH_Wide_AW_5,116,16,auto_from_instance,12,18,4,30,216,,,,,12,9,4,root > V:29 > BH:26 > BV:19 > BV:17,selected,3,inf,True,557,202,355,460.0,1.0,1.0,True,True,1,1,0,True,1,1,0,0,True,True,0,20,10,20,10,9,SS_PF_LS,sampled_pool,,,True,0.9444444444444444,0.9681385821983044,0.1,0.1,adaptive,insert_random_aisle,offspring,random_feasible_start_no_adaptive_spacing,,,,feasible_start_adaptive_spacing,0.5,,True,auto_from_instance,0.75,0.35,"3,4,5,7,10,14,15,16,22,23,24,25,26,27,36,45,47,48,49,55","3,9,14,15,17,19,24,25,27,29",,,,,,"H[3,4,5,7,10,14,15,16,22,23,24,25,26,27,36,45,47,48,49,55]|V[3,9,14,15,17,19,24,25,27,29]",0ccd7482bc13afbeac630bd0faf7012fe4b70f5c
proposed_nsga2_bs_Gyorgy-KOVACS_WH_Wide_AW_5_seed_116,proposed_nsga2_bs,Gyorgy-KOVACS_WH_Wide_AW_5,116,17,auto_from_instance,12,18,4,30,216,,,,,1,1,8,root > V:16 > BH:26 > BH:5 > BH:16 > BH:25 > BH:36 > BH:45 > BV:25,selected,0,1.745680106335844,True,517,238,279,368.0,1.0,1.0,True,True,1,1,0,True,1,1,0,0,True,True,0,15,11,15,11,1,PF_RP,sampled_pool,,,False,1.0,0.956570211047454,0.1,0.1,adaptive,spacing_aware_flip,offspring,random_feasible_start_no_adaptive_spacing,,,,feasible_start_adaptive_spacing,0.5,,True,auto_from_instance,0.75,0.35,"3,5,7,10,14,16,18,25,26,36,45,47,48,49,55","3,11,14,16,17,19,24,25,28,29,34",,,,,,"H[3,5,7,10,14,16,18,25,26,36,45,47,48,49,55]|V[3,11,14,16,17,19,24,25,28,29,34]",559a078c3ea143504613077c561cb3124d66b767
proposed_nsga2_bs_Gyorgy-KOVACS_WH_Wide_AW_5_seed_116,proposed_nsga2_bs,Gyorgy-KOVACS_WH_Wide_AW_5,116,17,auto_from_instance,12,18,4,30,216,,,,,2,1,8,root > V:16 > BH:26 > BH:5 > BH:14 > BH:25 > BH:36 > BH:45 > BV:25,selected,0,0.0,True,517,238,279,368.0,1.0,1.0,True,True,1,1,0,True,1,1,0,0,True,True,0,15,11,15,11,1,PF_RP,sampled_pool,,,False,1.0,0.956570211047454,0.1,0.1,adaptive,spacing_aware_flip,offspring,random_feasible_start_no_adaptive_spacing,,,,feasible_start_adaptive_spacing,0.5,,True,auto_from_instance,0.75,0.35,"3,5,7,10,14,16,18,25,26,36,45,47,48,49,55","3,11,14,16,17,19,24,25,28,29,34",,,,,,"H[3,5,7,10,14,16,18,25,26,36,45,47,48,49,55]|V[3,11,14,16,17,19,24,25,28,29,34]",6fcfc694894a367ef71d338faec4ce589ca685b5
proposed_nsga2_bs_Gyorgy-KOVACS_WH_Wide_AW_5_seed_116,proposed_nsga2_bs,Gyorgy-KOVACS_WH_Wide_AW_5,116,17,auto_from_instance,12,18,4,30,216,,,,,3,1,8,root > V:16 > BH:26 > BH:5 > BH:16 > BH:25 > BH:36 > BH:45 > BV:29,selected,1,inf,True,517,225,292,586.0,1.0,1.0,True,True,1,1,0,True,1,1,0,0,True,True,0,15,11,15,11,1,PF_RP,sampled_pool,,,False,1.0,0.956570211047454,0.1,0.1,adaptive,spacing_aware_flip,offspring,random_feasible_start_no_adaptive_spacing,,,,feasible_start_adaptive_spacing,0.5,,True,auto_from_instance,0.75,0.35,"3,5,7,10,14,16,18,25,26,36,45,47,48,49,55","3,11,14,16,17,19,24,25,28,29,34",,,,,,"H[3,5,7,10,14,16,18,25,26,36,45,47,48,49,55]|V[3,11,14,16,17,19,24,25,28,29,34]",13a8831f3352523fe53b9477eb693b985fdfc37c
proposed_nsga2_bs_Gyorgy-KOVACS_WH_Wide_AW_5_seed_116,proposed_nsga2_bs,Gyorgy-KOVACS_WH_Wide_AW_5,116,17,auto_from_instance,12,18,4,30,216,,,,,4,1,8,root > V:16 > BH:26 > BH:5 > BH:14 > BH:25 > BH:36 > BH:45 > BV:29,selected,1,0.0,True,517,225,292,586.0,1.0,1.0,True,True,1,1,0,True,1,1,0,0,True,True,0,15,11,15,11,1,PF_RP,sampled_pool,,,False,1.0,0.956570211047454,0.1,0.1,adaptive,spacing_aware_flip,offspring,random_feasible_start_no_adaptive_spacing,,,,feasible_start_adaptive_spacing,0.5,,True,auto_from_instance,0.75,0.35,"3,5,7,10,14,16,18,25,26,36,45,47,48,49,55","3,11,14,16,17,19,24,25,28,29,34",,,,,,"H[3,5,7,10,14,16,18,25,26,36,45,47,48,49,55]|V[3,11,14,16,17,19,24,25,28,29,34]",7e0f4d1a90907f684b7d565e90c4ddb6c1ba7c58
proposed_nsga2_bs_Gyorgy-KOVACS_WH_Wide_AW_5_seed_116,proposed_nsga2_bs,Gyorgy-KOVACS_WH_Wide_AW_5,116,17,auto_from_instance,12,18,4,30,216,,,,,5,2,8,root > V:15 > BH:26 > BH:5 > BH:16 > BH:25 > BH:36 > BH:45 > BV:24,selected,0,inf,True,497,247,250,385.0,1.0,1.0,True,True,1,1,0,True,1,1,0,0,True,True,0,19,12,19,12,2,PF_LS_RP,sampled_pool,,,False,1.0,1.0,0.1,0.1,adaptive,break_symmetry,offspring,random_feasible_start_no_adaptive_spacing,,,,feasible_start_adaptive_spacing,0.5,,True,auto_from_instance,0.75,0.35,"0,5,7,10,14,15,16,22,23,24,25,26,27,36,45,47,48,49,55","3,9,11,14,15,17,19,24,25,27,29,34",,,,,,"H[0,5,7,10,14,15,16,22,23,24,25,26,27,36,45,47,48,49,55]|V[3,9,11,14,15,17,19,24,25,27,29,34]",416c9c0e4f9e06143d78fee04cbc7a8d1c4800ad
proposed_nsga2_bs_Gyorgy-KOVACS_WH_Wide_AW_5_seed_116,proposed_nsga2_bs,Gyorgy-KOVACS_WH_Wide_AW_5,116,17,auto_from_instance,12,18,4,30,216,,,,,6,2,8,root > V:15 > BH:26 > BH:5 > BH:14 > BH:25 > BH:36 > BH:45 > BV:24,selected,0,inf,True,497,247,250,385.0,1.0,1.0,True,True,1,1,0,True,1,1,0,0,True,True,0,19,12,19,12,2,PF_LS_RP,sampled_pool,,,False,1.0,1.0,0.1,0.1,adaptive,break_symmetry,offspring,random_feasible_start_no_adaptive_spacing,,,,feasible_start_adaptive_spacing,0.5,,True,auto_from_instance,0.75,0.35,"0,5,7,10,14,15,16,22,23,24,25,26,27,36,45,47,48,49,55","3,9,11,14,15,17,19,24,25,27,29,34",,,,,,"H[0,5,7,10,14,15,16,22,23,24,25,26,27,36,45,47,48,49,55]|V[3,9,11,14,15,17,19,24,25,27,29,34]",4f5b467192e7c6ce4bc3fd69bf3ce13c31bd8ba0
proposed_nsga2_bs_Gyorgy-KOVACS_WH_Wide_AW_5_seed_116,proposed_nsga2_bs,Gyorgy-KOVACS_WH_Wide_AW_5,116,17,auto_from_instance,12,18,4,30,216,,,,,7,3,8,root > V:16 > BH:26 > BH:5 > BH:16 > BH:27 > BH:36 > BH:45 > BV:25,selected,0,inf,True,517,238,279,368.0,1.0,1.0,True,True,1,1,0,True,1,1,0,0,True,True,0,20,11,20,11,3,PF_LS,sampled_pool,,,False,1.0,1.0,0.1,0.1,adaptive,spacing_aware_flip,offspring,random_feasible_start_no_adaptive_spacing,,,,feasible_start_adaptive_spacing,0.5,,True,auto_from_instance,0.75,0.35,"3,4,5,7,10,14,16,18,22,23,24,25,26,27,36,45,47,48,49,55","3,9,14,16,17,19,24,25,27,29,34",,,,,,"H[3,4,5,7,10,14,16,18,22,23,24,25,26,27,36,45,47,48,49,55]|V[3,9,14,16,17,19,24,25,27,29,34]",015ee1c8318bbe65f9d75b3878c91b9d7be2a076
proposed_nsga2_bs_Gyorgy-KOVACS_WH_Wide_AW_5_seed_116,proposed_nsga2_bs,Gyorgy-KOVACS_WH_Wide_AW_5,116,17,auto_from_instance,12,18,4,30,216,,,,,8,3,8,root > V:16 > BH:26 > BH:5 > BH:16 > BH:27 > BH:36 > BH:45 > BV:29,selected,1,inf,True,517,225,292,586.0,1.0,1.0,True,True,1,1,0,True,1,1,0,0,True,True,0,20,11,20,11,3,PF_LS,sampled_pool,,,False,1.0,1.0,0.1,0.1,adaptive,spacing_aware_flip,offspring,random_feasible_start_no_adaptive_spacing,,,,feasible_start_adaptive_spacing,0.5,,True,auto_from_instance,0.75,0.35,"3,4,5,7,10,14,16,18,22,23,24,25,26,27,36,45,47,48,49,55","3,9,14,16,17,19,24,25,27,29,34",,,,,,"H[3,4,5,7,10,14,16,18,22,23,24,25,26,27,36,45,47,48,49,55]|V[3,9,14,16,17,19,24,25,27,29,34]",ed71c8d546062d956359fd31a02e14699e745412
proposed_nsga2_bs_Gyorgy-KOVACS_WH_Wide_AW_5_seed_116,proposed_nsga2_bs,Gyorgy-KOVACS_WH_Wide_AW_5,116,17,auto_from_instance,12,18,4,30,216,,,,,9,5,4,root > V:27 > BH:26 > BV:17 > BV:17,selected,0,inf,True,567,256,311,311.0,1.0,1.0,True,True,1,1,0,True,1,1,0,0,True,True,0,14,12,14,12,5,RP_LS,sampled_pool,,,False,1.0,1.0,0.1,0.1,adaptive,insert_random_aisle,offspring,random_feasible_start_no_adaptive_spacing,,,,feasible_start_adaptive_spacing,0.5,,True,auto_from_instance,0.75,0.35,"0,5,7,10,14,16,24,25,26,27,36,45,47,55","3,8,11,14,16,17,19,24,25,27,29,34",,,,,,"H[0,5,7,10,14,16,24,25,26,27,36,45,47,55]|V[3,8,11,14,16,17,19,24,25,27,29,34]",a8708aef2b1e3127a45cd25328e7b01fe876ac67
proposed_nsga2_bs_Gyorgy-KOVACS_WH_Wide_AW_5_seed_116,proposed_nsga2_bs,Gyorgy-KOVACS_WH_Wide_AW_5,116,17,auto_from_instance,12,18,4,30,216,,,,,10,5,4,root > V:29 > BH:26 > BV:19 > BV:19,selected,1,inf,True,557,202,355,408.0,1.0,1.0,True,True,1,1,0,True,1,1,0,0,True,True,0,14,12,14,12,5,RP_LS,sampled_pool,,,False,1.0,1.0,0.1,0.1,adaptive,insert_random_aisle,offspring,random_feasible_start_no_adaptive_spacing,,,,feasible_start_adaptive_spacing,0.5,,True,auto_from_instance,0.75,0.35,"0,5,7,10,14,16,24,25,26,27,36,45,47,55","3,8,11,14,16,17,19,24,25,27,29,34",,,,,,"H[0,5,7,10,14,16,24,25,26,27,36,45,47,55]|V[3,8,11,14,16,17,19,24,25,27,29,34]",225a083d40a70add6d49c842c1ea1b7da9e91627
proposed_nsga2_bs_Gyorgy-KOVACS_WH_Wide_AW_5_seed_116,proposed_nsga2_bs,Gyorgy-KOVACS_WH_Wide_AW_5,116,17,auto_from_instance,12,18,4,30,216,,,,,11,5,4,root > V:29 > BH:26 > BV:19 > BV:17,selected,2,inf,True,557,202,355,458.0,1.0,1.0,True,True,1,1,0,True,1,1,0,0,True,True,0,14,12,14,12,5,RP_LS,sampled_pool,,,False,1.0,1.0,0.1,0.1,adaptive,insert_random_aisle,offspring,random_feasible_start_no_adaptive_spacing,,,,feasible_start_adaptive_spacing,0.5,,True,auto_from_instance,0.75,0.35,"0,5,7,10,14,16,24,25,26,27,36,45,47,55","3,8,11,14,16,17,19,24,25,27,29,34",,,,,,"H[0,5,7,10,14,16,24,25,26,27,36,45,47,55]|V[3,8,11,14,16,17,19,24,25,27,29,34]",f590e28c4ca08f01adba87c9244bc357b1edb9bd
proposed_nsga2_bs_Gyorgy-KOVACS_WH_Wide_AW_5_seed_116,proposed_nsga2_bs,Gyorgy-KOVACS_WH_Wide_AW_5,116,17,auto_from_instance,12,18,4,30,216,,,,,12,5,4,root > V:29 > BH:26 > BV:19 > BV:17,selected,3,inf,True,557,202,355,460.0,1.0,1.0,True,True,1,1,0,True,1,1,0,0,True,True,0,14,12,14,12,5,RP_LS,sampled_pool,,,False,1.0,1.0,0.1,0.1,adaptive,insert_random_aisle,offspring,random_feasible_start_no_adaptive_spacing,,,,feasible_start_adaptive_spacing,0.5,,True,auto_from_instance,0.75,0.35,"0,5,7,10,14,16,24,25,26,27,36,45,47,55","3,8,11,14,16,17,19,24,25,27,29,34",,,,,,"H[0,5,7,10,14,16,24,25,26,27,36,45,47,55]|V[3,8,11,14,16,17,19,24,25,27,29,34]",0ccd7482bc13afbeac630bd0faf7012fe4b70f5c
