run_id,method,instance,seed,generation,budget_policy,auto_population_size,auto_generations,auto_beam_width,auto_max_depth,auto_decode_budget,restart_index,batch_index,within_batch_index,decode_budget,candidate_id,parent_chromosome_id,depth,trace,status,rank,crowding_distance,selected,storage_total,pick_faces,interior_storage,retrieval_penalty,door_connectivity_index,access_anchor_connectivity_index,has_door_connected_aisle,has_access_anchor_connected_aisle,aisle_components,anchor_connected_components,unanchored_aisle_components,single_aisle_component,access_network_components,aisle_access_network_components,unreachable_aisle_components,unreachable_aisle_cells,has_access_anchor_reachable_aisle_network,exact_width_ok,exact_width_violation_count,chromosome_h_active_count,chromosome_v_active_count,active_h_count,active_v_count,chromosome_index,sorting_rule,sorting_rule_mode,bs_rule_policy,bs_weight_policy,uses_scalar_score,rho,beam_w1,beam_w2,beam_lambda,adaptive_weight_mode,mutation_operator,initialization_mode,initialization_spacing_mode,adaptive_spacing_used,feasible_h_start_count,feasible_v_start_count,adaptive_spacing_mode,adaptive_spacing_alpha,adaptive_spacing_bf,auto_params_used,parameter_source,beta_h,beta_v,h_active_starts,v_active_starts,terminal,safety_max_depth_reached,feasible,feasibility_reason,storage_block_count,chromosome_signature,layout_signature
proposed_nsga2_bs_AT_S_comercial_layout_AW_3_seed_104,proposed_nsga2_bs,AT_S_comercial_layout_AW_3,104,0,auto_from_instance,10,15,3,28,150,,,,,1,1,5,root > H:2 > BH:15 > BH:22 > BH:9 > BV:4,selected,0,inf,True,204,110,94,69.0,1.0,1.0,True,True,3,3,0,False,1,1,0,0,True,True,0,5,2,5,2,1,RP_LS,sampled_pool,,,False,0.06666666666666667,0.1228521044694923,0.9333333333333333,0.1,adaptive,,random_feasible_start_no_adaptive_spacing,random_feasible_start_no_adaptive_spacing,False,7,12,feasible_start_adaptive_spacing,0.5,,True,auto_from_instance,0.75,0.35,"2,5",2,,,,,,"H[2,5,9,15,22]|V[2,4]",11d3ebe88426626fb11b9066022940c913788a88
proposed_nsga2_bs_AT_S_comercial_layout_AW_3_seed_104,proposed_nsga2_bs,AT_S_comercial_layout_AW_3,104,0,auto_from_instance,10,15,3,28,150,,,,,2,2,6,root > V:7 > BH:11 > BH:19 > BH:12 > BH:3 > BV:13,selected,1,0.6703324808184143,True,207,104,103,141.0,1.0,1.0,True,True,1,1,0,True,1,1,0,0,True,True,0,4,2,4,2,2,SS_PF_LS,sampled_pool,,,True,0.06666666666666667,0.1,0.9333333333333333,0.1,adaptive,,random_feasible_start_no_adaptive_spacing,random_feasible_start_no_adaptive_spacing,False,7,12,feasible_start_adaptive_spacing,0.5,,True,auto_from_instance,0.75,0.35,,7,,,,,,"H[3,11,12,19]|V[7,13]",9d3d21d36a6671b620f72af434eb1fd0be3a0f4e
proposed_nsga2_bs_AT_S_comercial_layout_AW_3_seed_104,proposed_nsga2_bs,AT_S_comercial_layout_AW_3,104,0,auto_from_instance,10,15,3,28,150,,,,,3,2,6,root > V:7 > BH:11 > BH:18 > BH:12 > BH:3 > BV:13,selected,1,0.7022165387894288,True,207,104,103,141.0,1.0,1.0,True,True,1,1,0,True,1,1,0,0,True,True,0,4,2,4,2,2,SS_PF_LS,sampled_pool,,,True,0.06666666666666667,0.1,0.9333333333333333,0.1,adaptive,,random_feasible_start_no_adaptive_spacing,random_feasible_start_no_adaptive_spacing,False,7,12,feasible_start_adaptive_spacing,0.5,,True,auto_from_instance,0.75,0.35,,7,,,,,,"H[3,11,12,18]|V[7,13]",17566a936b0a83eaa90be3aca0f6ae7aafd53551
proposed_nsga2_bs_AT_S_comercial_layout_AW_3_seed_104,proposed_nsga2_bs,AT_S_comercial_layout_AW_3,104,0,auto_from_instance,10,15,3,28,150,,,,,4,2,6,root > V:7 > BH:11 > BH:19 > BH:13 > BH:4 > BV:13,selected,2,inf,True,207,104,103,176.0,1.0,1.0,True,True,1,1,0,True,1,1,0,0,True,True,0,4,2,4,2,2,SS_PF_LS,sampled_pool,,,True,0.06666666666666667,0.1,0.9333333333333333,0.1,adaptive,,random_feasible_start_no_adaptive_spacing,random_feasible_start_no_adaptive_spacing,False,7,12,feasible_start_adaptive_spacing,0.5,,True,auto_from_instance,0.75,0.35,,7,,,,,,"H[4,11,13,19]|V[7,13]",f03482f4c3e8943fd1d8a7356a54c2341286baac
proposed_nsga2_bs_AT_S_comercial_layout_AW_3_seed_104,proposed_nsga2_bs,AT_S_comercial_layout_AW_3,104,0,auto_from_instance,10,15,3,28,150,,,,,5,3,4,root > V:3 > BH:11 > BV:10 > BV:9,selected,1,inf,True,225,115,110,149.0,1.0,1.0,True,True,1,1,0,True,1,1,0,0,True,True,0,2,5,2,5,3,SS_LS_PF,sampled_pool,,,True,0.06666666666666667,0.1,0.9333333333333333,0.1,adaptive,,random_feasible_start_no_adaptive_spacing,random_feasible_start_no_adaptive_spacing,False,7,12,feasible_start_adaptive_spacing,0.5,,True,auto_from_instance,0.75,0.35,1,"3,4,8",,,,,,"H[1,11]|V[3,4,8,9,10]",ae825089721f98e0d9805014401719023ff6a664
proposed_nsga2_bs_AT_S_comercial_layout_AW_3_seed_104,proposed_nsga2_bs,AT_S_comercial_layout_AW_3,104,0,auto_from_instance,10,15,3,28,150,,,,,6,3,4,root > V:3 > BH:11 > BV:9 > BV:9,selected,1,1.6274509803921569,True,225,115,110,149.0,1.0,1.0,True,True,1,1,0,True,1,1,0,0,True,True,0,2,4,2,4,3,SS_LS_PF,sampled_pool,,,True,0.06666666666666667,0.1,0.9333333333333333,0.1,adaptive,,random_feasible_start_no_adaptive_spacing,random_feasible_start_no_adaptive_spacing,False,7,12,feasible_start_adaptive_spacing,0.5,,True,auto_from_instance,0.75,0.35,1,"3,4,8",,,,,,"H[1,11]|V[3,4,8,9]",0a75f2b327085dc5778e0a33aad21dbd318e0a85
proposed_nsga2_bs_AT_S_comercial_layout_AW_3_seed_104,proposed_nsga2_bs,AT_S_comercial_layout_AW_3,104,0,auto_from_instance,10,15,3,28,150,,,,,7,4,5,root > H:5 > BH:18 > BH:12 > BV:3 > BV:9,selected,0,inf,True,234,127,107,89.0,1.0,1.0,True,True,3,3,0,False,1,1,0,0,True,True,0,4,2,4,2,4,SS_PF_LS,sampled_pool,,,True,0.06666666666666667,0.1,0.9333333333333333,0.1,adaptive,,random_feasible_start_no_adaptive_spacing,random_feasible_start_no_adaptive_spacing,False,7,12,feasible_start_adaptive_spacing,0.5,,True,auto_from_instance,0.75,0.35,"1,5",,,,,,,"H[1,5,12,18]|V[3,9]",02eb0b54c6dd00fb01351bf57377ea9aaccaed72
proposed_nsga2_bs_AT_S_comercial_layout_AW_3_seed_104,proposed_nsga2_bs,AT_S_comercial_layout_AW_3,104,0,auto_from_instance,10,15,3,28,150,,,,,8,5,5,root > V:13 > BH:19 > BH:13 > BV:7 > BH:7,evaluated,3,inf,False,210,110,100,314.0,1.0,1.0,True,True,1,1,0,True,1,1,0,0,True,True,0,4,3,4,3,5,LS,sampled_pool,,,False,0.06666666666666667,0.1,0.9333333333333333,0.1,adaptive,,random_feasible_start_no_adaptive_spacing,random_feasible_start_no_adaptive_spacing,False,7,12,feasible_start_adaptive_spacing,0.5,,True,auto_from_instance,0.75,0.35,3,"7,9,13",,,,,,"H[3,7,13,19]|V[7,9,13]",7c22ed17e15280a103e16716df861986b4af7657
proposed_nsga2_bs_AT_S_comercial_layout_AW_3_seed_104,proposed_nsga2_bs,AT_S_comercial_layout_AW_3,104,0,auto_from_instance,10,15,3,28,150,,,,,9,5,5,root > V:13 > BH:19 > BH:13 > BV:7 > BH:6,selected,2,inf,True,210,110,100,237.0,1.0,1.0,True,True,1,1,0,True,1,1,0,0,True,True,0,4,3,4,3,5,LS,sampled_pool,,,False,0.06666666666666667,0.1,0.9333333333333333,0.1,adaptive,,random_feasible_start_no_adaptive_spacing,random_feasible_start_no_adaptive_spacing,False,7,12,feasible_start_adaptive_spacing,0.5,,True,auto_from_instance,0.75,0.35,3,"7,9,13",,,,,,"H[3,6,13,19]|V[7,9,13]",96063cafe471ac7a318b79889f6ae378965ee561
proposed_nsga2_bs_AT_S_comercial_layout_AW_3_seed_104,proposed_nsga2_bs,AT_S_comercial_layout_AW_3,104,0,auto_from_instance,10,15,3,28,150,,,,,10,5,5,root > V:13 > BH:19 > BH:13 > BV:7 > BH:5,selected,1,inf,True,210,110,100,195.0,1.0,1.0,True,True,1,1,0,True,1,1,0,0,True,True,0,4,3,4,3,5,LS,sampled_pool,,,False,0.06666666666666667,0.1,0.9333333333333333,0.1,adaptive,,random_feasible_start_no_adaptive_spacing,random_feasible_start_no_adaptive_spacing,False,7,12,feasible_start_adaptive_spacing,0.5,,True,auto_from_instance,0.75,0.35,3,"7,9,13",,,,,,"H[3,5,13,19]|V[7,9,13]",183311722f48149ec51b573d1a5f0e3981811496
proposed_nsga2_bs_AT_S_comercial_layout_AW_3_seed_104,proposed_nsga2_bs,AT_S_comercial_layout_AW_3,104,0,auto_from_instance,10,15,3,28,150,,,,,11,6,5,root > H:6 > BH:15 > BV:3 > BV:9 > BH:22,selected,1,inf,True,228,98,130,126.0,1.0,1.0,True,True,3,3,0,False,1,1,0,0,True,True,0,5,4,5,4,6,SS_LS_PF,sampled_pool,,,True,0.06666666666666667,0.1,0.9333333333333333,0.1,adaptive,,random_feasible_start_no_adaptive_spacing,random_feasible_start_no_adaptive_spacing,False,7,12,feasible_start_adaptive_spacing,0.5,,True,auto_from_instance,0.75,0.35,"1,2,6","7,8",,,,,,"H[1,2,6,15,22]|V[3,7,8,9]",ff831007d2cb19c27f4223a274bf22a7edbbf53e
proposed_nsga2_bs_AT_S_comercial_layout_AW_3_seed_104,proposed_nsga2_bs,AT_S_comercial_layout_AW_3,104,0,auto_from_instance,10,15,3,28,150,,,,,12,6,5,root > H:6 > BH:16 > BV:3 > BV:9 > BH:22,evaluated,3,inf,False,228,98,130,206.0,1.0,1.0,True,True,3,3,0,False,1,1,0,0,True,True,0,5,4,5,4,6,SS_LS_PF,sampled_pool,,,True,0.06666666666666667,0.1,0.9333333333333333,0.1,adaptive,,random_feasible_start_no_adaptive_spacing,random_feasible_start_no_adaptive_spacing,False,7,12,feasible_start_adaptive_spacing,0.5,,True,auto_from_instance,0.75,0.35,"1,2,6","7,8",,,,,,"H[1,2,6,16,22]|V[3,7,8,9]",3f6c5650382557808c9ce9ea61d9656b41539743
proposed_nsga2_bs_AT_S_comercial_layout_AW_3_seed_104,proposed_nsga2_bs,AT_S_comercial_layout_AW_3,104,0,auto_from_instance,10,15,3,28,150,,,,,13,7,4,root > V:3 > BH:11 > BV:9 > BV:13,evaluated,4,inf,False,225,93,132,226.0,1.0,1.0,True,True,1,1,0,True,1,1,0,0,True,True,0,1,4,1,4,7,PF_RP,sampled_pool,,,False,0.06666666666666667,0.1,0.9333333333333333,0.1,adaptive,,random_feasible_start_no_adaptive_spacing,random_feasible_start_no_adaptive_spacing,False,7,12,feasible_start_adaptive_spacing,0.5,,True,auto_from_instance,0.75,0.35,,"3,12",,,,,,"H[11]|V[3,9,12,13]",3fc0967e8cf1acc9db002871d4c6fad00e132dd7
proposed_nsga2_bs_AT_S_comercial_layout_AW_3_seed_104,proposed_nsga2_bs,AT_S_comercial_layout_AW_3,104,0,auto_from_instance,10,15,3,28,150,,,,,14,8,3,root > V:0 > BH:11 > BH:18,evaluated,5,inf,False,243,85,158,367.0,1.0,1.0,True,True,1,1,0,True,1,1,0,0,True,True,0,4,3,4,3,8,RP_LS,sampled_pool,,,False,0.06666666666666667,0.1,0.9333333333333333,0.1,adaptive,,random_feasible_start_no_adaptive_spacing,random_feasible_start_no_adaptive_spacing,False,7,12,feasible_start_adaptive_spacing,0.5,,True,auto_from_instance,0.75,0.35,"0,1","0,5,7",,,,,,"H[0,1,11,18]|V[0,5,7]",a06173efc61694b475ed0bb967fdbf0bc28bf0a8
proposed_nsga2_bs_AT_S_comercial_layout_AW_3_seed_104,proposed_nsga2_bs,AT_S_comercial_layout_AW_3,104,0,auto_from_instance,10,15,3,28,150,,,,,15,8,3,root > V:0 > BH:11 > BH:19,evaluated,6,inf,False,243,85,158,406.0,1.0,1.0,True,True,1,1,0,True,1,1,0,0,True,True,0,4,3,4,3,8,RP_LS,sampled_pool,,,False,0.06666666666666667,0.1,0.9333333333333333,0.1,adaptive,,random_feasible_start_no_adaptive_spacing,random_feasible_start_no_adaptive_spacing,False,7,12,feasible_start_adaptive_spacing,0.5,,True,auto_from_instance,0.75,0.35,"0,1","0,5,7",,,,,,"H[0,1,11,19]|V[0,5,7]",c6dfc27680cf9ab70f12f2c8285c75455967f8c9
proposed_nsga2_bs_AT_S_comercial_layout_AW_3_seed_104,proposed_nsga2_bs,AT_S_comercial_layout_AW_3,104,0,auto_from_instance,10,15,3,28,150,,,,,16,8,3,root > V:0 > BH:11 > BH:17,evaluated,6,inf,False,243,85,158,406.0,1.0,1.0,True,True,1,1,0,True,1,1,0,0,True,True,0,4,3,4,3,8,RP_LS,sampled_pool,,,False,0.06666666666666667,0.1,0.9333333333333333,0.1,adaptive,,random_feasible_start_no_adaptive_spacing,random_feasible_start_no_adaptive_spacing,False,7,12,feasible_start_adaptive_spacing,0.5,,True,auto_from_instance,0.75,0.35,"0,1","0,5,7",,,,,,"H[0,1,11,17]|V[0,5,7]",3ea2b2cb9290c5d666984c69b16bc63ae932c183
proposed_nsga2_bs_AT_S_comercial_layout_AW_3_seed_104,proposed_nsga2_bs,AT_S_comercial_layout_AW_3,104,0,auto_from_instance,10,15,3,28,150,,,,,17,9,3,root > H:0 > BH:13 > BH:19,infeasible,,,False,264,112,152,304.0,0.6666666666666666,0.6666666666666666,True,True,3,2,1,False,2,2,1,36,False,True,0,3,2,3,2,9,LS_SS,sampled_pool,,,True,0.06666666666666667,0.1,0.9333333333333333,0.1,adaptive,,random_feasible_start_no_adaptive_spacing,random_feasible_start_no_adaptive_spacing,False,7,12,feasible_start_adaptive_spacing,0.5,,True,auto_from_instance,0.75,0.35,0,"7,9",,,,,,"H[0,13,19]|V[7,9]",950ee75e18a7324d716f07fc5f40d204163730e2
proposed_nsga2_bs_AT_S_comercial_layout_AW_3_seed_104,proposed_nsga2_bs,AT_S_comercial_layout_AW_3,104,0,auto_from_instance,10,15,3,28,150,,,,,18,9,3,root > H:0 > BH:12 > BH:19,infeasible,,,False,264,112,152,304.0,0.6666666666666666,0.6666666666666666,True,True,3,2,1,False,2,2,1,36,False,True,0,3,2,3,2,9,LS_SS,sampled_pool,,,True,0.06666666666666667,0.1,0.9333333333333333,0.1,adaptive,,random_feasible_start_no_adaptive_spacing,random_feasible_start_no_adaptive_spacing,False,7,12,feasible_start_adaptive_spacing,0.5,,True,auto_from_instance,0.75,0.35,0,"7,9",,,,,,"H[0,12,19]|V[7,9]",11d27c2a7f5e4ebc3a795bed39ed686103500a2a
proposed_nsga2_bs_AT_S_comercial_layout_AW_3_seed_104,proposed_nsga2_bs,AT_S_comercial_layout_AW_3,104,0,auto_from_instance,10,15,3,28,150,,,,,19,9,3,root > H:0 > BH:12 > BH:18,infeasible,,,False,264,112,152,304.0,0.6666666666666666,0.6666666666666666,True,True,3,2,1,False,2,2,1,36,False,True,0,3,2,3,2,9,LS_SS,sampled_pool,,,True,0.06666666666666667,0.1,0.9333333333333333,0.1,adaptive,,random_feasible_start_no_adaptive_spacing,random_feasible_start_no_adaptive_spacing,False,7,12,feasible_start_adaptive_spacing,0.5,,True,auto_from_instance,0.75,0.35,0,"7,9",,,,,,"H[0,12,18]|V[7,9]",15fe48c766a363142b69a391a2606455e2086298
proposed_nsga2_bs_AT_S_comercial_layout_AW_3_seed_104,proposed_nsga2_bs,AT_S_comercial_layout_AW_3,104,1,auto_from_instance,10,15,3,28,150,,,,,1,1,4,root > V:3 > BH:11 > BV:10 > BV:9,evaluated,2,0.711204481792717,False,225,115,110,149.0,1.0,1.0,True,True,1,1,0,True,1,1,0,0,True,True,0,2,5,2,5,1,PF_SS,sampled_pool,,,True,0.13333333333333333,0.14706679267402328,0.8666666666666667,0.1,adaptive,break_symmetry,offspring,random_feasible_start_no_adaptive_spacing,,,,feasible_start_adaptive_spacing,0.5,,True,auto_from_instance,0.75,0.35,"1,11","3,4,8",,,,,,"H[1,11]|V[3,4,8,9,10]",ae825089721f98e0d9805014401719023ff6a664
proposed_nsga2_bs_AT_S_comercial_layout_AW_3_seed_104,proposed_nsga2_bs,AT_S_comercial_layout_AW_3,104,1,auto_from_instance,10,15,3,28,150,,,,,2,1,4,root > V:3 > BH:11 > BV:9 > BV:9,evaluated,2,1.2710364145658264,False,225,115,110,149.0,1.0,1.0,True,True,1,1,0,True,1,1,0,0,True,True,0,2,4,2,4,1,PF_SS,sampled_pool,,,True,0.13333333333333333,0.14706679267402328,0.8666666666666667,0.1,adaptive,break_symmetry,offspring,random_feasible_start_no_adaptive_spacing,,,,feasible_start_adaptive_spacing,0.5,,True,auto_from_instance,0.75,0.35,"1,11","3,4,8",,,,,,"H[1,11]|V[3,4,8,9]",0a75f2b327085dc5778e0a33aad21dbd318e0a85
proposed_nsga2_bs_AT_S_comercial_layout_AW_3_seed_104,proposed_nsga2_bs,AT_S_comercial_layout_AW_3,104,1,auto_from_instance,10,15,3,28,150,,,,,3,2,5,root > H:5 > BH:18 > BH:12 > BV:3 > BV:9,selected,0,inf,True,234,127,107,89.0,1.0,1.0,True,True,3,3,0,False,1,1,0,0,True,True,0,4,3,4,3,2,SS_PF_LS,sampled_pool,,,True,0.13333333333333333,0.15172908409634997,0.8666666666666667,0.1,adaptive,remove_random_aisle,offspring,random_feasible_start_no_adaptive_spacing,,,,feasible_start_adaptive_spacing,0.5,,True,auto_from_instance,0.75,0.35,"1,5,12,18","3,8",,,,,,"H[1,5,12,18]|V[3,8,9]",02eb0b54c6dd00fb01351bf57377ea9aaccaed72
proposed_nsga2_bs_AT_S_comercial_layout_AW_3_seed_104,proposed_nsga2_bs,AT_S_comercial_layout_AW_3,104,1,auto_from_instance,10,15,3,28,150,,,,,4,3,5,root > H:6 > BH:15 > BV:3 > BV:9 > BH:22,evaluated,2,inf,False,228,98,130,126.0,1.0,1.0,True,True,3,3,0,False,1,1,0,0,True,True,0,7,6,7,6,3,SS_PF_LS,sampled_pool,,,True,0.13333333333333333,0.1,0.8666666666666667,0.1,adaptive,spacing_aware_flip,offspring,random_feasible_start_no_adaptive_spacing,,,,feasible_start_adaptive_spacing,0.5,,True,auto_from_instance,0.75,0.35,"1,2,6,13,19,22","3,7,8,9,13,17",,,,,,"H[1,2,6,13,15,19,22]|V[3,7,8,9,13,17]",ff831007d2cb19c27f4223a274bf22a7edbbf53e
proposed_nsga2_bs_AT_S_comercial_layout_AW_3_seed_104,proposed_nsga2_bs,AT_S_comercial_layout_AW_3,104,1,auto_from_instance,10,15,3,28,150,,,,,5,3,5,root > H:6 > BH:16 > BV:3 > BV:9 > BH:22,evaluated,3,inf,False,228,98,130,206.0,1.0,1.0,True,True,3,3,0,False,1,1,0,0,True,True,0,7,6,7,6,3,SS_PF_LS,sampled_pool,,,True,0.13333333333333333,0.1,0.8666666666666667,0.1,adaptive,spacing_aware_flip,offspring,random_feasible_start_no_adaptive_spacing,,,,feasible_start_adaptive_spacing,0.5,,True,auto_from_instance,0.75,0.35,"1,2,6,13,19,22","3,7,8,9,13,17",,,,,,"H[1,2,6,13,16,19,22]|V[3,7,8,9,13,17]",3f6c5650382557808c9ce9ea61d9656b41539743
proposed_nsga2_bs_AT_S_comercial_layout_AW_3_seed_104,proposed_nsga2_bs,AT_S_comercial_layout_AW_3,104,1,auto_from_instance,10,15,3,28,150,,,,,6,5,4,root > V:2 > BH:11 > BV:9 > BH:18,selected,0,inf,True,222,115,107,74.0,1.0,1.0,True,True,1,1,0,True,1,1,0,0,True,True,0,6,4,6,4,5,RP,sampled_pool,,,False,0.13333333333333333,0.16305682174461286,0.8666666666666667,0.1,adaptive,spacing_aware_flip,offspring,random_feasible_start_no_adaptive_spacing,,,,feasible_start_adaptive_spacing,0.5,,True,auto_from_instance,0.75,0.35,"2,5,9,18,22","2,4,9,14",,,,,,"H[2,5,9,11,18,22]|V[2,4,9,14]",313e3f681b33bc30f90444b0b1b5dd821fed5c79
proposed_nsga2_bs_AT_S_comercial_layout_AW_3_seed_104,proposed_nsga2_bs,AT_S_comercial_layout_AW_3,104,1,auto_from_instance,10,15,3,28,150,,,,,7,5,4,root > V:2 > BH:11 > BV:9 > BV:9,selected,0,inf,True,222,115,107,74.0,1.0,1.0,True,True,1,1,0,True,1,1,0,0,True,True,0,6,4,6,4,5,RP,sampled_pool,,,False,0.13333333333333333,0.16305682174461286,0.8666666666666667,0.1,adaptive,spacing_aware_flip,offspring,random_feasible_start_no_adaptive_spacing,,,,feasible_start_adaptive_spacing,0.5,,True,auto_from_instance,0.75,0.35,"2,5,9,18,22","2,4,9,14",,,,,,"H[2,5,9,11,18,22]|V[2,4,9,14]",b41b2678f47c3e9bfe9aa6316c7790f5ace7089f
proposed_nsga2_bs_AT_S_comercial_layout_AW_3_seed_104,proposed_nsga2_bs,AT_S_comercial_layout_AW_3,104,1,auto_from_instance,10,15,3,28,150,,,,,8,5,4,root > V:2 > BH:11 > BV:9 > BH:19,selected,1,inf,True,222,115,107,107.0,1.0,1.0,True,True,1,1,0,True,1,1,0,0,True,True,0,7,4,7,4,5,RP,sampled_pool,,,False,0.13333333333333333,0.16305682174461286,0.8666666666666667,0.1,adaptive,spacing_aware_flip,offspring,random_feasible_start_no_adaptive_spacing,,,,feasible_start_adaptive_spacing,0.5,,True,auto_from_instance,0.75,0.35,"2,5,9,18,22","2,4,9,14",,,,,,"H[2,5,9,11,18,19,22]|V[2,4,9,14]",a13494f6aa090e10b6ffeff3cbd3e8aae05c5505
proposed_nsga2_bs_AT_S_comercial_layout_AW_3_seed_104,proposed_nsga2_bs,AT_S_comercial_layout_AW_3,104,1,auto_from_instance,10,15,3,28,150,,,,,9,7,4,root > H:3 > BH:16 > BH:10 > BH:22,selected,0,inf,True,216,120,96,112.0,1.0,1.0,True,True,4,4,0,False,1,1,0,0,True,True,0,7,1,7,1,7,LS_SS,sampled_pool,,,True,0.13333333333333333,0.1,0.8666666666666667,0.1,adaptive,break_symmetry,offspring,random_feasible_start_no_adaptive_spacing,,,,feasible_start_adaptive_spacing,0.5,,True,auto_from_instance,0.75,0.35,"3,4,9,19",7,,,,,,"H[3,4,9,10,16,19,22]|V[7]",7e8869a25bbd594ea7bf8339e2c84bdde246ab51
proposed_nsga2_bs_AT_S_comercial_layout_AW_3_seed_104,proposed_nsga2_bs,AT_S_comercial_layout_AW_3,104,1,auto_from_instance,10,15,3,28,150,,,,,10,8,4,root > V:2 > BH:11 > BH:18 > BV:8,selected,1,inf,True,222,120,102,118.0,1.0,1.0,True,True,1,1,0,True,1,1,0,0,True,True,0,7,6,7,6,8,PF_RP,sampled_pool,,,False,0.13333333333333333,0.11142130832099498,0.8666666666666667,0.1,adaptive,spacing_aware_flip,offspring,random_feasible_start_no_adaptive_spacing,,,,feasible_start_adaptive_spacing,0.5,,True,auto_from_instance,0.75,0.35,"2,5,13,15,22","2,4,9,13,19",,,,,,"H[2,5,11,13,15,18,22]|V[2,4,8,9,13,19]",c7821f85912c8e5c3b6ca7ddc3262e68ecac8a29
proposed_nsga2_bs_AT_S_comercial_layout_AW_3_seed_104,proposed_nsga2_bs,AT_S_comercial_layout_AW_3,104,1,auto_from_instance,10,15,3,28,150,,,,,11,8,4,root > V:2 > BH:11 > BV:9 > BV:8,selected,1,1.682648401826484,True,222,120,102,118.0,1.0,1.0,True,True,1,1,0,True,1,1,0,0,True,True,0,6,6,6,6,8,PF_RP,sampled_pool,,,False,0.13333333333333333,0.11142130832099498,0.8666666666666667,0.1,adaptive,spacing_aware_flip,offspring,random_feasible_start_no_adaptive_spacing,,,,feasible_start_adaptive_spacing,0.5,,True,auto_from_instance,0.75,0.35,"2,5,13,15,22","2,4,9,13,19",,,,,,"H[2,5,11,13,15,22]|V[2,4,8,9,13,19]",819b823d42066f1be4d37e503ecee22d07e5a6b0
proposed_nsga2_bs_AT_S_comercial_layout_AW_3_seed_104,proposed_nsga2_bs,AT_S_comercial_layout_AW_3,104,1,auto_from_instance,10,15,3,28,150,,,,,12,8,4,root > V:2 > BH:11 > BH:19 > BV:8,evaluated,2,inf,False,222,120,102,151.0,1.0,1.0,True,True,1,1,0,True,1,1,0,0,True,True,0,7,6,7,6,8,PF_RP,sampled_pool,,,False,0.13333333333333333,0.11142130832099498,0.8666666666666667,0.1,adaptive,spacing_aware_flip,offspring,random_feasible_start_no_adaptive_spacing,,,,feasible_start_adaptive_spacing,0.5,,True,auto_from_instance,0.75,0.35,"2,5,13,15,22","2,4,9,13,19",,,,,,"H[2,5,11,13,15,19,22]|V[2,4,8,9,13,19]",8ba645c74da6577ac7820f92db785eac755acc05
proposed_nsga2_bs_AT_S_comercial_layout_AW_3_seed_104,proposed_nsga2_bs,AT_S_comercial_layout_AW_3,104,1,auto_from_instance,10,15,3,28,150,,,,,13,9,4,root > H:5 > BH:19 > BH:13 > BV:6,selected,2,inf,True,249,123,126,228.0,1.0,1.0,True,True,3,3,0,False,1,1,0,0,True,True,0,5,2,5,2,9,PF,sampled_pool,,,False,0.13333333333333333,0.1,0.8666666666666667,0.1,adaptive,break_symmetry,offspring,random_feasible_start_no_adaptive_spacing,,,,feasible_start_adaptive_spacing,0.5,,True,auto_from_instance,0.75,0.35,"3,5,18",10,,,,,,"H[3,5,13,18,19]|V[6,10]",527782c0f63e2d23e929468edf419ace24e96a7b
proposed_nsga2_bs_AT_S_comercial_layout_AW_3_seed_104,proposed_nsga2_bs,AT_S_comercial_layout_AW_3,104,1,auto_from_instance,10,15,3,28,150,,,,,14,9,4,root > H:5 > BH:19 > BH:12 > BV:6,selected,1,inf,True,249,123,126,180.0,1.0,1.0,True,True,3,3,0,False,1,1,0,0,True,True,0,5,2,5,2,9,PF,sampled_pool,,,False,0.13333333333333333,0.1,0.8666666666666667,0.1,adaptive,break_symmetry,offspring,random_feasible_start_no_adaptive_spacing,,,,feasible_start_adaptive_spacing,0.5,,True,auto_from_instance,0.75,0.35,"3,5,18",10,,,,,,"H[3,5,12,18,19]|V[6,10]",e0d925e4dda12dce5bdacd005384655ca7744b80
proposed_nsga2_bs_AT_S_comercial_layout_AW_3_seed_104,proposed_nsga2_bs,AT_S_comercial_layout_AW_3,104,1,auto_from_instance,10,15,3,28,150,,,,,15,9,4,root > H:5 > BH:18 > BH:12 > BV:6,selected,1,inf,True,249,123,126,180.0,1.0,1.0,True,True,3,3,0,False,1,1,0,0,True,True,0,4,2,4,2,9,PF,sampled_pool,,,False,0.13333333333333333,0.1,0.8666666666666667,0.1,adaptive,break_symmetry,offspring,random_feasible_start_no_adaptive_spacing,,,,feasible_start_adaptive_spacing,0.5,,True,auto_from_instance,0.75,0.35,"3,5,18",10,,,,,,"H[3,5,12,18]|V[6,10]",5746b08b3776422e0780d272b1aa6262f068f19d
proposed_nsga2_bs_AT_S_comercial_layout_AW_3_seed_104,proposed_nsga2_bs,AT_S_comercial_layout_AW_3,104,1,auto_from_instance,10,15,3,28,150,,,,,16,10,4,root > V:3 > BH:11 > BV:9 > BV:13,evaluated,4,inf,False,225,93,132,226.0,1.0,1.0,True,True,1,1,0,True,1,1,0,0,True,True,0,6,5,6,5,10,LS_PF,sampled_pool,,,False,0.13333333333333333,0.1,0.8666666666666667,0.1,adaptive,bit_flip,offspring,random_feasible_start_no_adaptive_spacing,,,,feasible_start_adaptive_spacing,0.5,,True,auto_from_instance,0.75,0.35,"1,5,12,13,19","3,7,9,13,14",,,,,,"H[1,5,11,12,13,19]|V[3,7,9,13,14]",3fc0967e8cf1acc9db002871d4c6fad00e132dd7
proposed_nsga2_bs_AT_S_comercial_layout_AW_3_seed_104,proposed_nsga2_bs,AT_S_comercial_layout_AW_3,104,2,auto_from_instance,10,15,3,28,150,,,,,1,1,5,root > H:3 > BH:16 > BH:9 > BV:4 > BH:22,selected,0,inf,True,207,110,97,105.0,1.0,1.0,True,True,3,3,0,False,1,1,0,0,True,True,0,7,3,7,3,1,RP_LS,sampled_pool,,,False,0.2,0.19932421159498023,0.8,0.1,adaptive,remove_random_aisle,offspring,random_feasible_start_no_adaptive_spacing,,,,feasible_start_adaptive_spacing,0.5,,True,auto_from_instance,0.75,0.35,"3,4,11,16,19,22","9,14",,,,,,"H[3,4,9,11,16,19,22]|V[4,9,14]",d860c1ddcae8b37f2e7f66211c07ad1bba19949c
proposed_nsga2_bs_AT_S_comercial_layout_AW_3_seed_104,proposed_nsga2_bs,AT_S_comercial_layout_AW_3,104,2,auto_from_instance,10,15,3,28,150,,,,,2,2,6,root > V:7 > BH:11 > BH:19 > BH:12 > BH:3 > BV:13,evaluated,1,0.8772007452258966,False,207,104,103,141.0,1.0,1.0,True,True,1,1,0,True,1,1,0,0,True,True,0,10,4,10,4,2,PF_LS_RP,sampled_pool,,,False,0.2,0.1546921247903096,0.8,0.1,adaptive,break_symmetry,offspring,random_feasible_start_no_adaptive_spacing,,,,feasible_start_adaptive_spacing,0.5,,True,auto_from_instance,0.75,0.35,"2,5,9,10,18,22","1,4,7",,,,,,"H[2,3,5,9,10,11,12,18,19,22]|V[1,4,7,13]",9d3d21d36a6671b620f72af434eb1fd0be3a0f4e
proposed_nsga2_bs_AT_S_comercial_layout_AW_3_seed_104,proposed_nsga2_bs,AT_S_comercial_layout_AW_3,104,2,auto_from_instance,10,15,3,28,150,,,,,3,2,6,root > V:7 > BH:11 > BH:18 > BH:12 > BH:3 > BV:13,selected,1,inf,True,207,104,103,141.0,1.0,1.0,True,True,1,1,0,True,1,1,0,0,True,True,0,9,4,9,4,2,PF_LS_RP,sampled_pool,,,False,0.2,0.1546921247903096,0.8,0.1,adaptive,break_symmetry,offspring,random_feasible_start_no_adaptive_spacing,,,,feasible_start_adaptive_spacing,0.5,,True,auto_from_instance,0.75,0.35,"2,5,9,10,18,22","1,4,7",,,,,,"H[2,3,5,9,10,11,12,18,22]|V[1,4,7,13]",17566a936b0a83eaa90be3aca0f6ae7aafd53551
proposed_nsga2_bs_AT_S_comercial_layout_AW_3_seed_104,proposed_nsga2_bs,AT_S_comercial_layout_AW_3,104,2,auto_from_instance,10,15,3,28,150,,,,,4,2,6,root > V:7 > BH:11 > BH:19 > BH:13 > BH:4 > BV:13,evaluated,2,inf,False,207,104,103,176.0,1.0,1.0,True,True,1,1,0,True,1,1,0,0,True,True,0,10,4,10,4,2,PF_LS_RP,sampled_pool,,,False,0.2,0.1546921247903096,0.8,0.1,adaptive,break_symmetry,offspring,random_feasible_start_no_adaptive_spacing,,,,feasible_start_adaptive_spacing,0.5,,True,auto_from_instance,0.75,0.35,"2,5,9,10,18,22","1,4,7",,,,,,"H[2,4,5,9,10,11,13,18,19,22]|V[1,4,7,13]",f03482f4c3e8943fd1d8a7356a54c2341286baac
proposed_nsga2_bs_AT_S_comercial_layout_AW_3_seed_104,proposed_nsga2_bs,AT_S_comercial_layout_AW_3,104,2,auto_from_instance,10,15,3,28,150,,,,,5,3,4,root > V:2 > BH:11 > BV:9 > BH:18,selected,0,inf,True,222,115,107,74.0,1.0,1.0,True,True,1,1,0,True,1,1,0,0,True,True,0,6,5,6,5,3,RP,sampled_pool,,,False,0.2,0.176154106679405,0.8,0.1,adaptive,insert_random_aisle,offspring,random_feasible_start_no_adaptive_spacing,,,,feasible_start_adaptive_spacing,0.5,,True,auto_from_instance,0.75,0.35,"2,5,9,11,18,22","2,4,9,14,15",,,,,,"H[2,5,9,11,18,22]|V[2,4,9,14,15]",313e3f681b33bc30f90444b0b1b5dd821fed5c79
proposed_nsga2_bs_AT_S_comercial_layout_AW_3_seed_104,proposed_nsga2_bs,AT_S_comercial_layout_AW_3,104,2,auto_from_instance,10,15,3,28,150,,,,,6,3,4,root > V:2 > BH:11 > BV:9 > BV:9,selected,0,1.4850498338870433,True,222,115,107,74.0,1.0,1.0,True,True,1,1,0,True,1,1,0,0,True,True,0,6,5,6,5,3,RP,sampled_pool,,,False,0.2,0.176154106679405,0.8,0.1,adaptive,insert_random_aisle,offspring,random_feasible_start_no_adaptive_spacing,,,,feasible_start_adaptive_spacing,0.5,,True,auto_from_instance,0.75,0.35,"2,5,9,11,18,22","2,4,9,14,15",,,,,,"H[2,5,9,11,18,22]|V[2,4,9,14,15]",b41b2678f47c3e9bfe9aa6316c7790f5ace7089f
proposed_nsga2_bs_AT_S_comercial_layout_AW_3_seed_104,proposed_nsga2_bs,AT_S_comercial_layout_AW_3,104,2,auto_from_instance,10,15,3,28,150,,,,,7,3,4,root > V:2 > BH:11 > BV:9 > BH:19,selected,1,inf,True,222,115,107,107.0,1.0,1.0,True,True,1,1,0,True,1,1,0,0,True,True,0,7,5,7,5,3,RP,sampled_pool,,,False,0.2,0.176154106679405,0.8,0.1,adaptive,insert_random_aisle,offspring,random_feasible_start_no_adaptive_spacing,,,,feasible_start_adaptive_spacing,0.5,,True,auto_from_instance,0.75,0.35,"2,5,9,11,18,22","2,4,9,14,15",,,,,,"H[2,5,9,11,18,19,22]|V[2,4,9,14,15]",a13494f6aa090e10b6ffeff3cbd3e8aae05c5505
proposed_nsga2_bs_AT_S_comercial_layout_AW_3_seed_104,proposed_nsga2_bs,AT_S_comercial_layout_AW_3,104,2,auto_from_instance,10,15,3,28,150,,,,,8,5,4,root > V:2 > BH:11 > BH:18 > BV:8,selected,0,0.5531561461794019,True,222,120,102,118.0,1.0,1.0,True,True,1,1,0,True,1,1,0,0,True,True,0,7,6,7,6,5,LS_RP,sampled_pool,,,False,0.2,0.21917729075526388,0.8,0.1,adaptive,swap_segments,offspring,random_feasible_start_no_adaptive_spacing,,,,feasible_start_adaptive_spacing,0.5,,True,auto_from_instance,0.75,0.35,"2,5,11,13,15,18,22","2,5,8,9,12,19",,,,,,"H[2,5,11,13,15,18,22]|V[2,5,8,9,12,19]",c7821f85912c8e5c3b6ca7ddc3262e68ecac8a29
proposed_nsga2_bs_AT_S_comercial_layout_AW_3_seed_104,proposed_nsga2_bs,AT_S_comercial_layout_AW_3,104,2,auto_from_instance,10,15,3,28,150,,,,,9,5,4,root > V:2 > BH:11 > BV:9 > BV:8,selected,0,0.9617940199335548,True,222,120,102,118.0,1.0,1.0,True,True,1,1,0,True,1,1,0,0,True,True,0,7,6,7,6,5,LS_RP,sampled_pool,,,False,0.2,0.21917729075526388,0.8,0.1,adaptive,swap_segments,offspring,random_feasible_start_no_adaptive_spacing,,,,feasible_start_adaptive_spacing,0.5,,True,auto_from_instance,0.75,0.35,"2,5,11,13,15,18,22","2,5,8,9,12,19",,,,,,"H[2,5,11,13,15,18,22]|V[2,5,8,9,12,19]",819b823d42066f1be4d37e503ecee22d07e5a6b0
proposed_nsga2_bs_AT_S_comercial_layout_AW_3_seed_104,proposed_nsga2_bs,AT_S_comercial_layout_AW_3,104,2,auto_from_instance,10,15,3,28,150,,,,,10,5,4,root > V:2 > BH:11 > BH:19 > BV:8,selected,1,inf,True,222,120,102,151.0,1.0,1.0,True,True,1,1,0,True,1,1,0,0,True,True,0,8,6,8,6,5,LS_RP,sampled_pool,,,False,0.2,0.21917729075526388,0.8,0.1,adaptive,swap_segments,offspring,random_feasible_start_no_adaptive_spacing,,,,feasible_start_adaptive_spacing,0.5,,True,auto_from_instance,0.75,0.35,"2,5,11,13,15,18,22","2,5,8,9,12,19",,,,,,"H[2,5,11,13,15,18,19,22]|V[2,5,8,9,12,19]",8ba645c74da6577ac7820f92db785eac755acc05
proposed_nsga2_bs_AT_S_comercial_layout_AW_3_seed_104,proposed_nsga2_bs,AT_S_comercial_layout_AW_3,104,2,auto_from_instance,10,15,3,28,150,,,,,11,7,3,root > H:3 > BH:19 > BH:13,evaluated,2,inf,False,264,124,140,240.0,1.0,1.0,True,True,3,3,0,False,1,1,0,0,True,True,0,8,3,8,3,7,LS,sampled_pool,,,False,0.2,0.18442546194443554,0.8,0.1,adaptive,spacing_aware_flip,offspring,random_feasible_start_no_adaptive_spacing,,,,feasible_start_adaptive_spacing,0.5,,True,auto_from_instance,0.75,0.35,"3,5,9,11,18,22","6,9,18",,,,,,"H[3,5,9,11,13,18,19,22]|V[6,9,18]",6c65fc73e913536df7fafe359baf4a92756ef787
proposed_nsga2_bs_AT_S_comercial_layout_AW_3_seed_104,proposed_nsga2_bs,AT_S_comercial_layout_AW_3,104,2,auto_from_instance,10,15,3,28,150,,,,,12,7,3,root > H:3 > BH:19 > BH:12,selected,0,inf,True,264,124,140,160.0,1.0,1.0,True,True,3,3,0,False,1,1,0,0,True,True,0,8,3,8,3,7,LS,sampled_pool,,,False,0.2,0.18442546194443554,0.8,0.1,adaptive,spacing_aware_flip,offspring,random_feasible_start_no_adaptive_spacing,,,,feasible_start_adaptive_spacing,0.5,,True,auto_from_instance,0.75,0.35,"3,5,9,11,18,22","6,9,18",,,,,,"H[3,5,9,11,12,18,19,22]|V[6,9,18]",4a49d458e8cad808e13f4554f8c864db2e9ad195
proposed_nsga2_bs_AT_S_comercial_layout_AW_3_seed_104,proposed_nsga2_bs,AT_S_comercial_layout_AW_3,104,2,auto_from_instance,10,15,3,28,150,,,,,13,7,3,root > H:3 > BH:18 > BH:12,selected,0,inf,True,264,124,140,160.0,1.0,1.0,True,True,3,3,0,False,1,1,0,0,True,True,0,7,3,7,3,7,LS,sampled_pool,,,False,0.2,0.18442546194443554,0.8,0.1,adaptive,spacing_aware_flip,offspring,random_feasible_start_no_adaptive_spacing,,,,feasible_start_adaptive_spacing,0.5,,True,auto_from_instance,0.75,0.35,"3,5,9,11,18,22","6,9,18",,,,,,"H[3,5,9,11,12,18,22]|V[6,9,18]",e0361e9971d304707e8f559c487d90e24fd31ff5
proposed_nsga2_bs_AT_S_comercial_layout_AW_3_seed_104,proposed_nsga2_bs,AT_S_comercial_layout_AW_3,104,2,auto_from_instance,10,15,3,28,150,,,,,14,8,3,root > H:2 > BH:19 > BH:13,infeasible,,,False,264,124,140,204.0,0.6666666666666666,0.6666666666666666,True,True,3,2,1,False,2,2,1,36,False,True,0,7,4,7,4,8,PF_LS,sampled_pool,,,False,0.2,0.21902791881233383,0.8,0.1,adaptive,insert_random_aisle,offspring,random_feasible_start_no_adaptive_spacing,,,,feasible_start_adaptive_spacing,0.5,,True,auto_from_instance,0.75,0.35,"2,5,12,18,19,22","2,4,10,14",,,,,,"H[2,5,12,13,18,19,22]|V[2,4,10,14]",2bd3e9cd006bf53b4ab55e36cd3a2c4ac7f102f1
proposed_nsga2_bs_AT_S_comercial_layout_AW_3_seed_104,proposed_nsga2_bs,AT_S_comercial_layout_AW_3,104,2,auto_from_instance,10,15,3,28,150,,,,,15,8,3,root > H:2 > BH:19 > BH:12,infeasible,,,False,264,124,140,204.0,0.6666666666666666,0.6666666666666666,True,True,3,2,1,False,2,2,1,36,False,True,0,6,4,6,4,8,PF_LS,sampled_pool,,,False,0.2,0.21902791881233383,0.8,0.1,adaptive,insert_random_aisle,offspring,random_feasible_start_no_adaptive_spacing,,,,feasible_start_adaptive_spacing,0.5,,True,auto_from_instance,0.75,0.35,"2,5,12,18,19,22","2,4,10,14",,,,,,"H[2,5,12,18,19,22]|V[2,4,10,14]",7526c3a647f1a94ee3bfd1eb502f549460aaa19b
proposed_nsga2_bs_AT_S_comercial_layout_AW_3_seed_104,proposed_nsga2_bs,AT_S_comercial_layout_AW_3,104,2,auto_from_instance,10,15,3,28,150,,,,,16,8,3,root > H:2 > BH:18 > BH:12,infeasible,,,False,264,124,140,204.0,0.6666666666666666,0.6666666666666666,True,True,3,2,1,False,2,2,1,36,False,True,0,6,4,6,4,8,PF_LS,sampled_pool,,,False,0.2,0.21902791881233383,0.8,0.1,adaptive,insert_random_aisle,offspring,random_feasible_start_no_adaptive_spacing,,,,feasible_start_adaptive_spacing,0.5,,True,auto_from_instance,0.75,0.35,"2,5,12,18,19,22","2,4,10,14",,,,,,"H[2,5,12,18,19,22]|V[2,4,10,14]",699e32fdd66e4e66693f13ee6e9b9576a4e6dcf3
proposed_nsga2_bs_AT_S_comercial_layout_AW_3_seed_104,proposed_nsga2_bs,AT_S_comercial_layout_AW_3,104,2,auto_from_instance,10,15,3,28,150,,,,,17,9,4,root > V:2 > BH:11 > BH:17 > BV:8,evaluated,1,0.8869352585002328,False,222,120,102,151.0,1.0,1.0,True,True,1,1,0,True,1,1,0,0,True,True,0,8,4,8,4,9,PF_LS,sampled_pool,,,False,0.2,0.2236507889109379,0.8,0.1,adaptive,break_symmetry,offspring,random_feasible_start_no_adaptive_spacing,,,,feasible_start_adaptive_spacing,0.5,,True,auto_from_instance,0.75,0.35,"2,5,9,11,16,19,21","2,4,9",,,,,,"H[2,5,9,11,16,17,19,21]|V[2,4,8,9]",2035ca093874466b8e7b1e9f7aa71b738528a47d
proposed_nsga2_bs_AT_S_comercial_layout_AW_3_seed_104,proposed_nsga2_bs,AT_S_comercial_layout_AW_3,104,2,auto_from_instance,10,15,3,28,150,,,,,18,10,3,root > H:4 > BH:17 > BH:11,evaluated,1,inf,False,264,124,140,220.0,1.0,1.0,True,True,3,3,0,False,1,1,0,0,True,True,0,7,2,7,2,10,PF_SS,sampled_pool,,,True,0.2,0.27936923469624275,0.8,0.1,adaptive,remove_random_aisle,offspring,random_feasible_start_no_adaptive_spacing,,,,feasible_start_adaptive_spacing,0.5,,True,auto_from_instance,0.75,0.35,"4,9,10,18,22","7,14",,,,,,"H[4,9,10,11,17,18,22]|V[7,14]",bff1f598ae060a0390c10f5de0cbed5ac1213ca5
proposed_nsga2_bs_AT_S_comercial_layout_AW_3_seed_104,proposed_nsga2_bs,AT_S_comercial_layout_AW_3,104,2,auto_from_instance,10,15,3,28,150,,,,,19,10,3,root > H:4 > BH:17 > BH:10,evaluated,2,inf,False,264,120,144,220.0,1.0,1.0,True,True,3,3,0,False,1,1,0,0,True,True,0,6,2,6,2,10,PF_SS,sampled_pool,,,True,0.2,0.27936923469624275,0.8,0.1,adaptive,remove_random_aisle,offspring,random_feasible_start_no_adaptive_spacing,,,,feasible_start_adaptive_spacing,0.5,,True,auto_from_instance,0.75,0.35,"4,9,10,18,22","7,14",,,,,,"H[4,9,10,17,18,22]|V[7,14]",faf111ea2d7b61d8d8cfd2201424f26ba114409d
proposed_nsga2_bs_AT_S_comercial_layout_AW_3_seed_104,proposed_nsga2_bs,AT_S_comercial_layout_AW_3,104,2,auto_from_instance,10,15,3,28,150,,,,,20,10,3,root > H:4 > BH:15 > BH:22,evaluated,3,inf,False,264,92,172,284.0,1.0,1.0,True,True,3,3,0,False,1,1,0,0,True,True,0,6,2,6,2,10,PF_SS,sampled_pool,,,True,0.2,0.27936923469624275,0.8,0.1,adaptive,remove_random_aisle,offspring,random_feasible_start_no_adaptive_spacing,,,,feasible_start_adaptive_spacing,0.5,,True,auto_from_instance,0.75,0.35,"4,9,10,18,22","7,14",,,,,,"H[4,9,10,15,18,22]|V[7,14]",9d4f477c70bbe9725bd3f4830375a1732b6b7df2
proposed_nsga2_bs_AT_S_comercial_layout_AW_3_seed_104,proposed_nsga2_bs,AT_S_comercial_layout_AW_3,104,3,auto_from_instance,10,15,3,28,150,,,,,1,1,4,root > V:2 > BH:11 > BH:18 > BV:8,selected,0,inf,True,222,120,102,118.0,1.0,1.0,True,True,1,1,0,True,1,1,0,0,True,True,0,6,7,6,7,1,PF_SS,sampled_pool,,,True,0.26666666666666666,0.3354576401141209,0.7333333333333334,0.1,adaptive,spacing_aware_flip,offspring,random_feasible_start_no_adaptive_spacing,,,,feasible_start_adaptive_spacing,0.5,,True,auto_from_instance,0.75,0.35,"2,5,9,11,18,22","2,4,9,12,16,19",,,,,,"H[2,5,9,11,18,22]|V[2,4,8,9,12,16,19]",c7821f85912c8e5c3b6ca7ddc3262e68ecac8a29
proposed_nsga2_bs_AT_S_comercial_layout_AW_3_seed_104,proposed_nsga2_bs,AT_S_comercial_layout_AW_3,104,3,auto_from_instance,10,15,3,28,150,,,,,2,1,4,root > V:2 > BH:11 > BV:9 > BV:8,selected,0,inf,True,222,120,102,118.0,1.0,1.0,True,True,1,1,0,True,1,1,0,0,True,True,0,6,7,6,7,1,PF_SS,sampled_pool,,,True,0.26666666666666666,0.3354576401141209,0.7333333333333334,0.1,adaptive,spacing_aware_flip,offspring,random_feasible_start_no_adaptive_spacing,,,,feasible_start_adaptive_spacing,0.5,,True,auto_from_instance,0.75,0.35,"2,5,9,11,18,22","2,4,9,12,16,19",,,,,,"H[2,5,9,11,18,22]|V[2,4,8,9,12,16,19]",819b823d42066f1be4d37e503ecee22d07e5a6b0
proposed_nsga2_bs_AT_S_comercial_layout_AW_3_seed_104,proposed_nsga2_bs,AT_S_comercial_layout_AW_3,104,3,auto_from_instance,10,15,3,28,150,,,,,3,1,4,root > V:2 > BH:11 > BH:18 > BV:9,selected,0,inf,True,222,115,107,74.0,1.0,1.0,True,True,1,1,0,True,1,1,0,0,True,True,0,6,6,6,6,1,PF_SS,sampled_pool,,,True,0.26666666666666666,0.3354576401141209,0.7333333333333334,0.1,adaptive,spacing_aware_flip,offspring,random_feasible_start_no_adaptive_spacing,,,,feasible_start_adaptive_spacing,0.5,,True,auto_from_instance,0.75,0.35,"2,5,9,11,18,22","2,4,9,12,16,19",,,,,,"H[2,5,9,11,18,22]|V[2,4,9,12,16,19]",313e3f681b33bc30f90444b0b1b5dd821fed5c79
proposed_nsga2_bs_AT_S_comercial_layout_AW_3_seed_104,proposed_nsga2_bs,AT_S_comercial_layout_AW_3,104,3,auto_from_instance,10,15,3,28,150,,,,,4,2,4,root > V:2 > BH:11 > BH:19 > BV:8,selected,1,inf,True,222,120,102,151.0,1.0,1.0,True,True,1,1,0,True,1,1,0,0,True,True,0,8,6,8,6,2,PF_LS_RP,sampled_pool,,,False,0.26666666666666666,0.23866079008638222,0.7333333333333334,0.1,adaptive,swap_segments,offspring,random_feasible_start_no_adaptive_spacing,,,,feasible_start_adaptive_spacing,0.5,,True,auto_from_instance,0.75,0.35,"2,5,11,13,15,18,22","2,4,5,8,9,15",,,,,,"H[2,5,11,13,15,18,19,22]|V[2,4,5,8,9,15]",8ba645c74da6577ac7820f92db785eac755acc05
proposed_nsga2_bs_AT_S_comercial_layout_AW_3_seed_104,proposed_nsga2_bs,AT_S_comercial_layout_AW_3,104,3,auto_from_instance,10,15,3,28,150,,,,,5,4,4,root > V:2 > BH:11 > BH:17 > BV:8,selected,1,inf,True,222,120,102,151.0,1.0,1.0,True,True,1,1,0,True,1,1,0,0,True,True,0,8,6,8,6,4,PF,sampled_pool,,,False,0.26666666666666666,0.27710982407142143,0.7333333333333334,0.1,adaptive,spacing_aware_flip,offspring,random_feasible_start_no_adaptive_spacing,,,,feasible_start_adaptive_spacing,0.5,,True,auto_from_instance,0.75,0.35,"3,4,11,13,15,18,22","2,5,8,9,12,19",,,,,,"H[3,4,11,13,15,17,18,22]|V[2,5,8,9,12,19]",2035ca093874466b8e7b1e9f7aa71b738528a47d
proposed_nsga2_bs_AT_S_comercial_layout_AW_3_seed_104,proposed_nsga2_bs,AT_S_comercial_layout_AW_3,104,3,auto_from_instance,10,15,3,28,150,,,,,6,6,6,root > V:5 > BH:11 > BH:19 > BH:13 > BH:7 > BV:13,selected,4,inf,True,219,92,127,286.0,1.0,1.0,True,True,1,1,0,True,1,1,0,0,True,True,0,10,5,10,5,6,SS,sampled_pool,,,True,0.26666666666666666,0.2243853503146862,0.7333333333333334,0.1,adaptive,bit_flip,offspring,random_feasible_start_no_adaptive_spacing,,,,feasible_start_adaptive_spacing,0.5,,True,auto_from_instance,0.75,0.35,"3,5,9,11,13,15,18,19,22","5,6,9,18",,,,,,"H[3,5,7,9,11,13,15,18,19,22]|V[5,6,9,13,18]",83db31f9197a36d619843bf3d29485607fd03847
proposed_nsga2_bs_AT_S_comercial_layout_AW_3_seed_104,proposed_nsga2_bs,AT_S_comercial_layout_AW_3,104,3,auto_from_instance,10,15,3,28,150,,,,,7,6,6,root > V:5 > BH:11 > BH:19 > BH:13 > BH:6 > BV:13,selected,4,inf,True,219,91,128,270.0,1.0,1.0,True,True,1,1,0,True,1,1,0,0,True,True,0,10,5,10,5,6,SS,sampled_pool,,,True,0.26666666666666666,0.2243853503146862,0.7333333333333334,0.1,adaptive,bit_flip,offspring,random_feasible_start_no_adaptive_spacing,,,,feasible_start_adaptive_spacing,0.5,,True,auto_from_instance,0.75,0.35,"3,5,9,11,13,15,18,19,22","5,6,9,18",,,,,,"H[3,5,6,9,11,13,15,18,19,22]|V[5,6,9,13,18]",e1f0e772df9443d724aa36f576d5bb596885ec2d
proposed_nsga2_bs_AT_S_comercial_layout_AW_3_seed_104,proposed_nsga2_bs,AT_S_comercial_layout_AW_3,104,3,auto_from_instance,10,15,3,28,150,,,,,8,6,6,root > V:5 > BH:11 > BH:19 > BH:12 > BH:6 > BV:13,evaluated,4,inf,False,219,91,128,270.0,1.0,1.0,True,True,1,1,0,True,1,1,0,0,True,True,0,11,5,11,5,6,SS,sampled_pool,,,True,0.26666666666666666,0.2243853503146862,0.7333333333333334,0.1,adaptive,bit_flip,offspring,random_feasible_start_no_adaptive_spacing,,,,feasible_start_adaptive_spacing,0.5,,True,auto_from_instance,0.75,0.35,"3,5,9,11,13,15,18,19,22","5,6,9,18",,,,,,"H[3,5,6,9,11,12,13,15,18,19,22]|V[5,6,9,13,18]",6c72f66ef47291931136417cf64cd419a5d3ab85
proposed_nsga2_bs_AT_S_comercial_layout_AW_3_seed_104,proposed_nsga2_bs,AT_S_comercial_layout_AW_3,104,3,auto_from_instance,10,15,3,28,150,,,,,9,9,6,root > V:6 > BH:11 > BH:19 > BH:12 > BH:3 > BV:13,selected,2,inf,True,213,97,116,186.0,1.0,1.0,True,True,1,1,0,True,1,1,0,0,True,True,0,9,5,9,5,9,SS_PF_LS,sampled_pool,,,True,0.26666666666666666,0.27646981294289596,0.7333333333333334,0.1,adaptive,insert_random_aisle,offspring,random_feasible_start_no_adaptive_spacing,,,,feasible_start_adaptive_spacing,0.5,,True,auto_from_instance,0.75,0.35,"2,5,9,11,18,22","4,6,9,18",,,,,,"H[2,3,5,9,11,12,18,19,22]|V[4,6,9,13,18]",b4012e63027e98af1c9b903c6073f2c7d839fa07
proposed_nsga2_bs_AT_S_comercial_layout_AW_3_seed_104,proposed_nsga2_bs,AT_S_comercial_layout_AW_3,104,3,auto_from_instance,10,15,3,28,150,,,,,10,9,6,root > V:6 > BH:11 > BH:18 > BH:12 > BH:3 > BV:13,selected,2,inf,True,213,97,116,186.0,1.0,1.0,True,True,1,1,0,True,1,1,0,0,True,True,0,8,5,8,5,9,SS_PF_LS,sampled_pool,,,True,0.26666666666666666,0.27646981294289596,0.7333333333333334,0.1,adaptive,insert_random_aisle,offspring,random_feasible_start_no_adaptive_spacing,,,,feasible_start_adaptive_spacing,0.5,,True,auto_from_instance,0.75,0.35,"2,5,9,11,18,22","4,6,9,18",,,,,,"H[2,3,5,9,11,12,18,22]|V[4,6,9,13,18]",5d31a8ee0a0514c37e90291823b55cfda5397753
proposed_nsga2_bs_AT_S_comercial_layout_AW_3_seed_104,proposed_nsga2_bs,AT_S_comercial_layout_AW_3,104,3,auto_from_instance,10,15,3,28,150,,,,,11,9,6,root > V:6 > BH:11 > BH:19 > BH:13 > BH:4 > BV:13,selected,3,inf,True,213,97,116,216.0,1.0,1.0,True,True,1,1,0,True,1,1,0,0,True,True,0,9,5,9,5,9,SS_PF_LS,sampled_pool,,,True,0.26666666666666666,0.27646981294289596,0.7333333333333334,0.1,adaptive,insert_random_aisle,offspring,random_feasible_start_no_adaptive_spacing,,,,feasible_start_adaptive_spacing,0.5,,True,auto_from_instance,0.75,0.35,"2,5,9,11,18,22","4,6,9,18",,,,,,"H[2,4,5,9,11,13,18,19,22]|V[4,6,9,13,18]",6239759c614a7b9ff87efeb720362e67b6f850b2
proposed_nsga2_bs_AT_S_comercial_layout_AW_3_seed_104,proposed_nsga2_bs,AT_S_comercial_layout_AW_3,104,4,auto_from_instance,10,15,3,28,150,,,,,1,1,6,root > V:6 > BH:11 > BH:19 > BH:13 > BH:7 > BV:13,selected,2,inf,True,213,98,115,319.0,1.0,1.0,True,True,1,1,0,True,1,1,0,0,True,True,0,11,5,11,5,1,PF_RP,sampled_pool,,,False,0.3333333333333333,0.3533714210090958,0.6666666666666667,0.1,adaptive,insert_random_aisle,offspring,random_feasible_start_no_adaptive_spacing,,,,feasible_start_adaptive_spacing,0.5,,True,auto_from_instance,0.75,0.35,"2,5,9,10,11,12,18,22","4,6,9,13,18",,,,,,"H[2,5,7,9,10,11,12,13,18,19,22]|V[4,6,9,13,18]",23ef570038b4a2e4003284fcf16d928fbd63ba52
proposed_nsga2_bs_AT_S_comercial_layout_AW_3_seed_104,proposed_nsga2_bs,AT_S_comercial_layout_AW_3,104,4,auto_from_instance,10,15,3,28,150,,,,,2,1,6,root > V:6 > BH:11 > BH:19 > BH:12 > BH:3 > BV:13,selected,2,inf,True,213,97,116,186.0,1.0,1.0,True,True,1,1,0,True,1,1,0,0,True,True,0,10,5,10,5,1,PF_RP,sampled_pool,,,False,0.3333333333333333,0.3533714210090958,0.6666666666666667,0.1,adaptive,insert_random_aisle,offspring,random_feasible_start_no_adaptive_spacing,,,,feasible_start_adaptive_spacing,0.5,,True,auto_from_instance,0.75,0.35,"2,5,9,10,11,12,18,22","4,6,9,13,18",,,,,,"H[2,3,5,9,10,11,12,18,19,22]|V[4,6,9,13,18]",b4012e63027e98af1c9b903c6073f2c7d839fa07
proposed_nsga2_bs_AT_S_comercial_layout_AW_3_seed_104,proposed_nsga2_bs,AT_S_comercial_layout_AW_3,104,4,auto_from_instance,10,15,3,28,150,,,,,3,1,6,root > V:6 > BH:11 > BH:18 > BH:12 > BH:3 > BV:13,selected,2,inf,True,213,97,116,186.0,1.0,1.0,True,True,1,1,0,True,1,1,0,0,True,True,0,9,5,9,5,1,PF_RP,sampled_pool,,,False,0.3333333333333333,0.3533714210090958,0.6666666666666667,0.1,adaptive,insert_random_aisle,offspring,random_feasible_start_no_adaptive_spacing,,,,feasible_start_adaptive_spacing,0.5,,True,auto_from_instance,0.75,0.35,"2,5,9,10,11,12,18,22","4,6,9,13,18",,,,,,"H[2,3,5,9,10,11,12,18,22]|V[4,6,9,13,18]",5d31a8ee0a0514c37e90291823b55cfda5397753
proposed_nsga2_bs_AT_S_comercial_layout_AW_3_seed_104,proposed_nsga2_bs,AT_S_comercial_layout_AW_3,104,4,auto_from_instance,10,15,3,28,150,,,,,4,2,5,root > V:8 > BH:11 > BH:19 > BH:13 > BH:7,evaluated,3,inf,False,234,107,127,416.0,1.0,1.0,True,True,1,1,0,True,1,1,0,0,True,True,0,10,6,10,6,2,PF_LS,sampled_pool,,,False,0.3333333333333333,0.30645382898091317,0.6666666666666667,0.1,adaptive,remove_random_aisle,offspring,random_feasible_start_no_adaptive_spacing,,,,feasible_start_adaptive_spacing,0.5,,True,auto_from_instance,0.75,0.35,"2,3,5,9,11,18,22","4,8,9,12,16,19",,,,,,"H[2,3,5,7,9,11,13,18,19,22]|V[4,8,9,12,16,19]",0f0d1a058f65b8a0746d488ccb697df709729c97
proposed_nsga2_bs_AT_S_comercial_layout_AW_3_seed_104,proposed_nsga2_bs,AT_S_comercial_layout_AW_3,104,4,auto_from_instance,10,15,3,28,150,,,,,5,2,5,root > V:8 > BH:11 > BH:19 > BH:13 > BH:6,selected,2,inf,True,234,107,127,328.0,1.0,1.0,True,True,1,1,0,True,1,1,0,0,True,True,0,10,6,10,6,2,PF_LS,sampled_pool,,,False,0.3333333333333333,0.30645382898091317,0.6666666666666667,0.1,adaptive,remove_random_aisle,offspring,random_feasible_start_no_adaptive_spacing,,,,feasible_start_adaptive_spacing,0.5,,True,auto_from_instance,0.75,0.35,"2,3,5,9,11,18,22","4,8,9,12,16,19",,,,,,"H[2,3,5,6,9,11,13,18,19,22]|V[4,8,9,12,16,19]",50c17a0a01e40dc419bb628a97be61bf9b69f85b
proposed_nsga2_bs_AT_S_comercial_layout_AW_3_seed_104,proposed_nsga2_bs,AT_S_comercial_layout_AW_3,104,4,auto_from_instance,10,15,3,28,150,,,,,6,2,5,root > V:8 > BH:11 > BH:19 > BH:12 > BH:6,selected,2,inf,True,234,107,127,328.0,1.0,1.0,True,True,1,1,0,True,1,1,0,0,True,True,0,10,6,10,6,2,PF_LS,sampled_pool,,,False,0.3333333333333333,0.30645382898091317,0.6666666666666667,0.1,adaptive,remove_random_aisle,offspring,random_feasible_start_no_adaptive_spacing,,,,feasible_start_adaptive_spacing,0.5,,True,auto_from_instance,0.75,0.35,"2,3,5,9,11,18,22","4,8,9,12,16,19",,,,,,"H[2,3,5,6,9,11,12,18,19,22]|V[4,8,9,12,16,19]",7b644daa2547201c5d08b35842ad945cbb28b5e9
proposed_nsga2_bs_AT_S_comercial_layout_AW_3_seed_104,proposed_nsga2_bs,AT_S_comercial_layout_AW_3,104,4,auto_from_instance,10,15,3,28,150,,,,,7,3,4,root > V:2 > BH:11 > BH:18 > BV:8,selected,0,inf,True,222,120,102,118.0,1.0,1.0,True,True,1,1,0,True,1,1,0,0,True,True,0,7,7,7,7,3,PF_SS,sampled_pool,,,True,0.3333333333333333,0.3347295033442626,0.6666666666666667,0.1,adaptive,spacing_aware_flip,offspring,random_feasible_start_no_adaptive_spacing,,,,feasible_start_adaptive_spacing,0.5,,True,auto_from_instance,0.75,0.35,"2,5,9,11,18,22,25","2,4,5,8,9,12,19",,,,,,"H[2,5,9,11,18,22,25]|V[2,4,5,8,9,12,19]",c7821f85912c8e5c3b6ca7ddc3262e68ecac8a29
proposed_nsga2_bs_AT_S_comercial_layout_AW_3_seed_104,proposed_nsga2_bs,AT_S_comercial_layout_AW_3,104,4,auto_from_instance,10,15,3,28,150,,,,,8,3,4,root > V:2 > BH:11 > BV:9 > BV:8,selected,0,inf,True,222,120,102,118.0,1.0,1.0,True,True,1,1,0,True,1,1,0,0,True,True,0,7,7,7,7,3,PF_SS,sampled_pool,,,True,0.3333333333333333,0.3347295033442626,0.6666666666666667,0.1,adaptive,spacing_aware_flip,offspring,random_feasible_start_no_adaptive_spacing,,,,feasible_start_adaptive_spacing,0.5,,True,auto_from_instance,0.75,0.35,"2,5,9,11,18,22,25","2,4,5,8,9,12,19",,,,,,"H[2,5,9,11,18,22,25]|V[2,4,5,8,9,12,19]",819b823d42066f1be4d37e503ecee22d07e5a6b0
proposed_nsga2_bs_AT_S_comercial_layout_AW_3_seed_104,proposed_nsga2_bs,AT_S_comercial_layout_AW_3,104,4,auto_from_instance,10,15,3,28,150,,,,,9,3,4,root > V:2 > BH:11 > BH:18 > BV:9,selected,0,inf,True,222,115,107,74.0,1.0,1.0,True,True,1,1,0,True,1,1,0,0,True,True,0,7,7,7,7,3,PF_SS,sampled_pool,,,True,0.3333333333333333,0.3347295033442626,0.6666666666666667,0.1,adaptive,spacing_aware_flip,offspring,random_feasible_start_no_adaptive_spacing,,,,feasible_start_adaptive_spacing,0.5,,True,auto_from_instance,0.75,0.35,"2,5,9,11,18,22,25","2,4,5,8,9,12,19",,,,,,"H[2,5,9,11,18,22,25]|V[2,4,5,8,9,12,19]",313e3f681b33bc30f90444b0b1b5dd821fed5c79
proposed_nsga2_bs_AT_S_comercial_layout_AW_3_seed_104,proposed_nsga2_bs,AT_S_comercial_layout_AW_3,104,4,auto_from_instance,10,15,3,28,150,,,,,10,4,4,root > V:2 > BH:11 > BH:19 > BV:8,selected,1,inf,True,222,120,102,151.0,1.0,1.0,True,True,1,1,0,True,1,1,0,0,True,True,0,9,6,9,6,4,SS_PF_LS,sampled_pool,,,True,0.3333333333333333,0.37341127805131924,0.6666666666666667,0.1,adaptive,break_symmetry,offspring,random_feasible_start_no_adaptive_spacing,,,,feasible_start_adaptive_spacing,0.5,,True,auto_from_instance,0.75,0.35,"3,4,11,13,15,17,18,22","2,8,9,12,15,19",,,,,,"H[3,4,11,13,15,17,18,19,22]|V[2,8,9,12,15,19]",8ba645c74da6577ac7820f92db785eac755acc05
proposed_nsga2_bs_AT_S_comercial_layout_AW_3_seed_104,proposed_nsga2_bs,AT_S_comercial_layout_AW_3,104,4,auto_from_instance,10,15,3,28,150,,,,,11,6,4,root > V:2 > BH:11 > BH:17 > BV:8,selected,1,inf,True,222,120,102,151.0,1.0,1.0,True,True,1,1,0,True,1,1,0,0,True,True,0,8,6,8,6,6,PF_LS,sampled_pool,,,False,0.3333333333333333,0.3111680859861888,0.6666666666666667,0.1,adaptive,insert_random_aisle,offspring,random_feasible_start_no_adaptive_spacing,,,,feasible_start_adaptive_spacing,0.5,,True,auto_from_instance,0.75,0.35,"2,3,5,9,11,18,22","2,4,9,12,19",,,,,,"H[2,3,5,9,11,17,18,22]|V[2,4,8,9,12,19]",2035ca093874466b8e7b1e9f7aa71b738528a47d
proposed_nsga2_bs_AT_S_comercial_layout_AW_3_seed_104,proposed_nsga2_bs,AT_S_comercial_layout_AW_3,104,5,auto_from_instance,10,15,3,28,150,,,,,1,1,4,root > V:2 > BH:11 > BH:19 > BV:8,selected,1,inf,True,222,120,102,151.0,1.0,1.0,True,True,1,1,0,True,1,1,0,0,True,True,0,10,6,10,6,1,LS_PF,sampled_pool,,,False,0.4,0.4055022011351334,0.6,0.1,adaptive,remove_random_aisle,offspring,random_feasible_start_no_adaptive_spacing,,,,feasible_start_adaptive_spacing,0.5,,True,auto_from_instance,0.75,0.35,"2,5,9,11,13,15,18,19,22,25","2,8,9,12,15,19",,,,,,"H[2,5,9,11,13,15,18,19,22,25]|V[2,8,9,12,15,19]",8ba645c74da6577ac7820f92db785eac755acc05
proposed_nsga2_bs_AT_S_comercial_layout_AW_3_seed_104,proposed_nsga2_bs,AT_S_comercial_layout_AW_3,104,5,auto_from_instance,10,15,3,28,150,,,,,2,1,4,root > V:2 > BH:11 > BH:18 > BV:8,selected,0,inf,True,222,120,102,118.0,1.0,1.0,True,True,1,1,0,True,1,1,0,0,True,True,0,10,6,10,6,1,LS_PF,sampled_pool,,,False,0.4,0.4055022011351334,0.6,0.1,adaptive,remove_random_aisle,offspring,random_feasible_start_no_adaptive_spacing,,,,feasible_start_adaptive_spacing,0.5,,True,auto_from_instance,0.75,0.35,"2,5,9,11,13,15,18,19,22,25","2,8,9,12,15,19",,,,,,"H[2,5,9,11,13,15,18,19,22,25]|V[2,8,9,12,15,19]",c7821f85912c8e5c3b6ca7ddc3262e68ecac8a29
proposed_nsga2_bs_AT_S_comercial_layout_AW_3_seed_104,proposed_nsga2_bs,AT_S_comercial_layout_AW_3,104,5,auto_from_instance,10,15,3,28,150,,,,,3,1,4,root > V:2 > BH:11 > BH:17 > BV:8,selected,1,inf,True,222,120,102,151.0,1.0,1.0,True,True,1,1,0,True,1,1,0,0,True,True,0,11,6,11,6,1,LS_PF,sampled_pool,,,False,0.4,0.4055022011351334,0.6,0.1,adaptive,remove_random_aisle,offspring,random_feasible_start_no_adaptive_spacing,,,,feasible_start_adaptive_spacing,0.5,,True,auto_from_instance,0.75,0.35,"2,5,9,11,13,15,18,19,22,25","2,8,9,12,15,19",,,,,,"H[2,5,9,11,13,15,17,18,19,22,25]|V[2,8,9,12,15,19]",2035ca093874466b8e7b1e9f7aa71b738528a47d
proposed_nsga2_bs_AT_S_comercial_layout_AW_3_seed_104,proposed_nsga2_bs,AT_S_comercial_layout_AW_3,104,5,auto_from_instance,10,15,3,28,150,,,,,4,2,6,root > V:5 > BH:11 > BV:13 > BH:19 > BH:13 > BH:7,selected,2,inf,True,219,92,127,286.0,1.0,1.0,True,True,1,1,0,True,1,1,0,0,True,True,0,8,9,8,9,2,LS_PF,sampled_pool,,,False,0.4,0.4352425930778998,0.6,0.1,adaptive,insert_random_aisle,offspring,random_feasible_start_no_adaptive_spacing,,,,feasible_start_adaptive_spacing,0.5,,True,auto_from_instance,0.75,0.35,"3,4,11,18,22","2,4,5,7,8,9,12,19",,,,,,"H[3,4,7,11,13,18,19,22]|V[2,4,5,7,8,9,12,13,19]",83db31f9197a36d619843bf3d29485607fd03847
proposed_nsga2_bs_AT_S_comercial_layout_AW_3_seed_104,proposed_nsga2_bs,AT_S_comercial_layout_AW_3,104,5,auto_from_instance,10,15,3,28,150,,,,,5,2,6,root > V:5 > BH:11 > BV:13 > BH:19 > BH:13 > BH:6,selected,2,1.7146739130434783,True,219,91,128,270.0,1.0,1.0,True,True,1,1,0,True,1,1,0,0,True,True,0,8,9,8,9,2,LS_PF,sampled_pool,,,False,0.4,0.4352425930778998,0.6,0.1,adaptive,insert_random_aisle,offspring,random_feasible_start_no_adaptive_spacing,,,,feasible_start_adaptive_spacing,0.5,,True,auto_from_instance,0.75,0.35,"3,4,11,18,22","2,4,5,7,8,9,12,19",,,,,,"H[3,4,6,11,13,18,19,22]|V[2,4,5,7,8,9,12,13,19]",e1f0e772df9443d724aa36f576d5bb596885ec2d
proposed_nsga2_bs_AT_S_comercial_layout_AW_3_seed_104,proposed_nsga2_bs,AT_S_comercial_layout_AW_3,104,5,auto_from_instance,10,15,3,28,150,,,,,6,2,6,root > V:5 > BH:11 > BV:13 > BH:19 > BH:12 > BH:6,selected,2,1.2853260869565217,True,219,91,128,270.0,1.0,1.0,True,True,1,1,0,True,1,1,0,0,True,True,0,8,9,8,9,2,LS_PF,sampled_pool,,,False,0.4,0.4352425930778998,0.6,0.1,adaptive,insert_random_aisle,offspring,random_feasible_start_no_adaptive_spacing,,,,feasible_start_adaptive_spacing,0.5,,True,auto_from_instance,0.75,0.35,"3,4,11,18,22","2,4,5,7,8,9,12,19",,,,,,"H[3,4,6,11,12,18,19,22]|V[2,4,5,7,8,9,12,13,19]",6c72f66ef47291931136417cf64cd419a5d3ab85
proposed_nsga2_bs_AT_S_comercial_layout_AW_3_seed_104,proposed_nsga2_bs,AT_S_comercial_layout_AW_3,104,5,auto_from_instance,10,15,3,28,150,,,,,7,3,3,root > V:0 > BH:11 > BH:18,evaluated,5,inf,False,243,85,158,367.0,1.0,1.0,True,True,1,1,0,True,1,1,0,0,True,True,0,10,6,10,6,3,RP,sampled_pool,,,False,0.4,0.42407762183403164,0.6,0.1,adaptive,insert_random_aisle,offspring,random_feasible_start_no_adaptive_spacing,,,,feasible_start_adaptive_spacing,0.5,,True,auto_from_instance,0.75,0.35,"2,3,5,9,10,11,12,18,22,25","0,4,6,9,12,18",,,,,,"H[2,3,5,9,10,11,12,18,22,25]|V[0,4,6,9,12,18]",a06173efc61694b475ed0bb967fdbf0bc28bf0a8
proposed_nsga2_bs_AT_S_comercial_layout_AW_3_seed_104,proposed_nsga2_bs,AT_S_comercial_layout_AW_3,104,5,auto_from_instance,10,15,3,28,150,,,,,8,3,3,root > V:0 > BH:11 > BH:19,evaluated,6,inf,False,243,85,158,406.0,1.0,1.0,True,True,1,1,0,True,1,1,0,0,True,True,0,11,6,11,6,3,RP,sampled_pool,,,False,0.4,0.42407762183403164,0.6,0.1,adaptive,insert_random_aisle,offspring,random_feasible_start_no_adaptive_spacing,,,,feasible_start_adaptive_spacing,0.5,,True,auto_from_instance,0.75,0.35,"2,3,5,9,10,11,12,18,22,25","0,4,6,9,12,18",,,,,,"H[2,3,5,9,10,11,12,18,19,22,25]|V[0,4,6,9,12,18]",c6dfc27680cf9ab70f12f2c8285c75455967f8c9
proposed_nsga2_bs_AT_S_comercial_layout_AW_3_seed_104,proposed_nsga2_bs,AT_S_comercial_layout_AW_3,104,5,auto_from_instance,10,15,3,28,150,,,,,9,3,3,root > V:0 > BH:11 > BH:17,evaluated,6,inf,False,243,85,158,406.0,1.0,1.0,True,True,1,1,0,True,1,1,0,0,True,True,0,11,6,11,6,3,RP,sampled_pool,,,False,0.4,0.42407762183403164,0.6,0.1,adaptive,insert_random_aisle,offspring,random_feasible_start_no_adaptive_spacing,,,,feasible_start_adaptive_spacing,0.5,,True,auto_from_instance,0.75,0.35,"2,3,5,9,10,11,12,18,22,25","0,4,6,9,12,18",,,,,,"H[2,3,5,9,10,11,12,17,18,22,25]|V[0,4,6,9,12,18]",3ea2b2cb9290c5d666984c69b16bc63ae932c183
proposed_nsga2_bs_AT_S_comercial_layout_AW_3_seed_104,proposed_nsga2_bs,AT_S_comercial_layout_AW_3,104,5,auto_from_instance,10,15,3,28,150,,,,,10,4,4,root > V:2 > BH:11 > BV:9 > BV:8,selected,0,inf,True,222,120,102,118.0,1.0,1.0,True,True,1,1,0,True,1,1,0,0,True,True,0,7,7,7,7,4,PF_LS_RP,sampled_pool,,,False,0.4,0.3940429377156886,0.6,0.1,adaptive,swap_segments,offspring,random_feasible_start_no_adaptive_spacing,,,,feasible_start_adaptive_spacing,0.5,,True,auto_from_instance,0.75,0.35,"2,3,5,9,11,19,22","2,4,5,8,9,13,19",,,,,,"H[2,3,5,9,11,19,22]|V[2,4,5,8,9,13,19]",819b823d42066f1be4d37e503ecee22d07e5a6b0
proposed_nsga2_bs_AT_S_comercial_layout_AW_3_seed_104,proposed_nsga2_bs,AT_S_comercial_layout_AW_3,104,5,auto_from_instance,10,15,3,28,150,,,,,11,9,4,root > V:2 > BH:11 > BH:18 > BV:9,selected,0,inf,True,222,115,107,74.0,1.0,1.0,True,True,1,1,0,True,1,1,0,0,True,True,0,9,9,9,9,9,SS,sampled_pool,,,True,0.4,0.364264611533315,0.6,0.1,adaptive,swap_segments,offspring,random_feasible_start_no_adaptive_spacing,,,,feasible_start_adaptive_spacing,0.5,,True,auto_from_instance,0.75,0.35,"2,3,5,6,9,11,12,18,22","2,4,5,10,12,14,15,19",,,,,,"H[2,3,5,6,9,11,12,18,22]|V[2,4,5,9,10,12,14,15,19]",313e3f681b33bc30f90444b0b1b5dd821fed5c79
proposed_nsga2_bs_AT_S_comercial_layout_AW_3_seed_104,proposed_nsga2_bs,AT_S_comercial_layout_AW_3,104,5,auto_from_instance,10,15,3,28,150,,,,,12,10,5,root > V:8 > BH:11 > BH:14 > BH:3 > BH:22,selected,2,inf,True,234,91,143,240.0,1.0,1.0,True,True,1,1,0,True,1,1,0,0,True,True,0,10,6,10,6,10,SS_PF_LS,sampled_pool,,,True,0.4,0.37770877219836557,0.6,0.1,adaptive,spacing_aware_flip,offspring,random_feasible_start_no_adaptive_spacing,,,,feasible_start_adaptive_spacing,0.5,,True,auto_from_instance,0.75,0.35,"2,5,9,11,18,19,22,25","1,4,8,9,12,19",,,,,,"H[2,3,5,9,11,14,18,19,22,25]|V[1,4,8,9,12,19]",f0d67b4a58638c345a8acfda745e51f90e60fee2
proposed_nsga2_bs_AT_S_comercial_layout_AW_3_seed_104,proposed_nsga2_bs,AT_S_comercial_layout_AW_3,104,5,auto_from_instance,10,15,3,28,150,,,,,13,10,5,root > V:8 > BH:11 > BH:14 > BH:4 > BH:22,selected,3,inf,True,234,91,143,280.0,1.0,1.0,True,True,1,1,0,True,1,1,0,0,True,True,0,10,6,10,6,10,SS_PF_LS,sampled_pool,,,True,0.4,0.37770877219836557,0.6,0.1,adaptive,spacing_aware_flip,offspring,random_feasible_start_no_adaptive_spacing,,,,feasible_start_adaptive_spacing,0.5,,True,auto_from_instance,0.75,0.35,"2,5,9,11,18,19,22,25","1,4,8,9,12,19",,,,,,"H[2,4,5,9,11,14,18,19,22,25]|V[1,4,8,9,12,19]",8041f3e1cacc54eeb9862e17ab55e8991f1272f6
proposed_nsga2_bs_AT_S_comercial_layout_AW_3_seed_104,proposed_nsga2_bs,AT_S_comercial_layout_AW_3,104,5,auto_from_instance,10,15,3,28,150,,,,,14,10,5,root > V:8 > BH:11 > BH:16 > BH:5 > BH:22,evaluated,4,inf,False,234,91,143,312.0,1.0,1.0,True,True,1,1,0,True,1,1,0,0,True,True,0,9,6,9,6,10,SS_PF_LS,sampled_pool,,,True,0.4,0.37770877219836557,0.6,0.1,adaptive,spacing_aware_flip,offspring,random_feasible_start_no_adaptive_spacing,,,,feasible_start_adaptive_spacing,0.5,,True,auto_from_instance,0.75,0.35,"2,5,9,11,18,19,22,25","1,4,8,9,12,19",,,,,,"H[2,5,9,11,16,18,19,22,25]|V[1,4,8,9,12,19]",60beff830d46e70185ac495533a732ad2e3aa715
proposed_nsga2_bs_AT_S_comercial_layout_AW_3_seed_104,proposed_nsga2_bs,AT_S_comercial_layout_AW_3,104,6,auto_from_instance,10,15,3,28,150,,,,,1,1,4,root > V:2 > BH:11 > BH:19 > BV:8,selected,1,inf,True,222,120,102,151.0,1.0,1.0,True,True,1,1,0,True,1,1,0,0,True,True,0,8,11,8,11,1,LS,sampled_pool,,,False,0.4666666666666667,0.47607386745402047,0.5333333333333333,0.1,adaptive,bit_flip,offspring,random_feasible_start_no_adaptive_spacing,,,,feasible_start_adaptive_spacing,0.5,,True,auto_from_instance,0.75,0.35,"2,3,5,9,11,12,19,22","2,4,5,9,10,12,14,15,18,19",,,,,,"H[2,3,5,9,11,12,19,22]|V[2,4,5,8,9,10,12,14,15,18,19]",8ba645c74da6577ac7820f92db785eac755acc05
proposed_nsga2_bs_AT_S_comercial_layout_AW_3_seed_104,proposed_nsga2_bs,AT_S_comercial_layout_AW_3,104,6,auto_from_instance,10,15,3,28,150,,,,,2,1,4,root > V:2 > BH:11 > BH:18 > BV:8,selected,0,inf,True,222,120,102,118.0,1.0,1.0,True,True,1,1,0,True,1,1,0,0,True,True,0,9,11,9,11,1,LS,sampled_pool,,,False,0.4666666666666667,0.47607386745402047,0.5333333333333333,0.1,adaptive,bit_flip,offspring,random_feasible_start_no_adaptive_spacing,,,,feasible_start_adaptive_spacing,0.5,,True,auto_from_instance,0.75,0.35,"2,3,5,9,11,12,19,22","2,4,5,9,10,12,14,15,18,19",,,,,,"H[2,3,5,9,11,12,18,19,22]|V[2,4,5,8,9,10,12,14,15,18,19]",c7821f85912c8e5c3b6ca7ddc3262e68ecac8a29
proposed_nsga2_bs_AT_S_comercial_layout_AW_3_seed_104,proposed_nsga2_bs,AT_S_comercial_layout_AW_3,104,6,auto_from_instance,10,15,3,28,150,,,,,3,1,4,root > V:2 > BH:11 > BH:17 > BV:8,selected,1,inf,True,222,120,102,151.0,1.0,1.0,True,True,1,1,0,True,1,1,0,0,True,True,0,9,11,9,11,1,LS,sampled_pool,,,False,0.4666666666666667,0.47607386745402047,0.5333333333333333,0.1,adaptive,bit_flip,offspring,random_feasible_start_no_adaptive_spacing,,,,feasible_start_adaptive_spacing,0.5,,True,auto_from_instance,0.75,0.35,"2,3,5,9,11,12,19,22","2,4,5,9,10,12,14,15,18,19",,,,,,"H[2,3,5,9,11,12,17,19,22]|V[2,4,5,8,9,10,12,14,15,18,19]",2035ca093874466b8e7b1e9f7aa71b738528a47d
proposed_nsga2_bs_AT_S_comercial_layout_AW_3_seed_104,proposed_nsga2_bs,AT_S_comercial_layout_AW_3,104,6,auto_from_instance,10,15,3,28,150,,,,,4,2,4,root > V:2 > BH:11 > BV:9 > BV:8,selected,0,inf,True,222,120,102,118.0,1.0,1.0,True,True,1,1,0,True,1,1,0,0,True,True,0,8,7,8,7,2,PF_RP,sampled_pool,,,False,0.4666666666666667,0.44471586555191506,0.5333333333333333,0.1,adaptive,remove_random_aisle,offspring,random_feasible_start_no_adaptive_spacing,,,,feasible_start_adaptive_spacing,0.5,,True,auto_from_instance,0.75,0.35,"2,3,5,6,9,11,18,22","2,4,5,8,13,19",,,,,,"H[2,3,5,6,9,11,18,22]|V[2,4,5,8,9,13,19]",819b823d42066f1be4d37e503ecee22d07e5a6b0
proposed_nsga2_bs_AT_S_comercial_layout_AW_3_seed_104,proposed_nsga2_bs,AT_S_comercial_layout_AW_3,104,6,auto_from_instance,10,15,3,28,150,,,,,5,6,4,root > V:2 > BH:11 > BV:9 > BH:18,selected,0,inf,True,222,115,107,74.0,1.0,1.0,True,True,1,1,0,True,1,1,0,0,True,True,0,8,7,8,7,6,RP_LS,sampled_pool,,,False,0.4666666666666667,0.47863648135269987,0.5333333333333333,0.1,adaptive,bit_flip,offspring,random_feasible_start_no_adaptive_spacing,,,,feasible_start_adaptive_spacing,0.5,,True,auto_from_instance,0.75,0.35,"2,5,11,13,15,18,19,22","2,4,5,8,9,13,19",,,,,,"H[2,5,11,13,15,18,19,22]|V[2,4,5,8,9,13,19]",313e3f681b33bc30f90444b0b1b5dd821fed5c79
proposed_nsga2_bs_AT_S_comercial_layout_AW_3_seed_104,proposed_nsga2_bs,AT_S_comercial_layout_AW_3,104,6,auto_from_instance,10,15,3,28,150,,,,,6,6,4,root > V:2 > BH:11 > BV:9 > BV:9,selected,0,inf,True,222,115,107,74.0,1.0,1.0,True,True,1,1,0,True,1,1,0,0,True,True,0,8,7,8,7,6,RP_LS,sampled_pool,,,False,0.4666666666666667,0.47863648135269987,0.5333333333333333,0.1,adaptive,bit_flip,offspring,random_feasible_start_no_adaptive_spacing,,,,feasible_start_adaptive_spacing,0.5,,True,auto_from_instance,0.75,0.35,"2,5,11,13,15,18,19,22","2,4,5,8,9,13,19",,,,,,"H[2,5,11,13,15,18,19,22]|V[2,4,5,8,9,13,19]",b41b2678f47c3e9bfe9aa6316c7790f5ace7089f
proposed_nsga2_bs_AT_S_comercial_layout_AW_3_seed_104,proposed_nsga2_bs,AT_S_comercial_layout_AW_3,104,6,auto_from_instance,10,15,3,28,150,,,,,7,6,4,root > V:2 > BH:11 > BV:9 > BH:19,selected,1,inf,True,222,115,107,107.0,1.0,1.0,True,True,1,1,0,True,1,1,0,0,True,True,0,8,7,8,7,6,RP_LS,sampled_pool,,,False,0.4666666666666667,0.47863648135269987,0.5333333333333333,0.1,adaptive,bit_flip,offspring,random_feasible_start_no_adaptive_spacing,,,,feasible_start_adaptive_spacing,0.5,,True,auto_from_instance,0.75,0.35,"2,5,11,13,15,18,19,22","2,4,5,8,9,13,19",,,,,,"H[2,5,11,13,15,18,19,22]|V[2,4,5,8,9,13,19]",a13494f6aa090e10b6ffeff3cbd3e8aae05c5505
proposed_nsga2_bs_AT_S_comercial_layout_AW_3_seed_104,proposed_nsga2_bs,AT_S_comercial_layout_AW_3,104,7,auto_from_instance,10,15,3,28,150,,,,,1,1,4,root > V:2 > BH:11 > BH:18 > BV:8,selected,0,inf,True,222,120,102,118.0,1.0,1.0,True,True,1,1,0,True,1,1,0,0,True,True,0,9,8,9,8,1,LS_SS,sampled_pool,,,True,0.5333333333333333,0.6003323196619492,0.4666666666666667,0.1,adaptive,break_symmetry,offspring,random_feasible_start_no_adaptive_spacing,,,,feasible_start_adaptive_spacing,0.5,,True,auto_from_instance,0.75,0.35,"2,3,5,6,9,11,18,19,22","2,4,5,8,9,10,13,18",,,,,,"H[2,3,5,6,9,11,18,19,22]|V[2,4,5,8,9,10,13,18]",c7821f85912c8e5c3b6ca7ddc3262e68ecac8a29
proposed_nsga2_bs_AT_S_comercial_layout_AW_3_seed_104,proposed_nsga2_bs,AT_S_comercial_layout_AW_3,104,7,auto_from_instance,10,15,3,28,150,,,,,2,1,4,root > V:2 > BH:11 > BV:9 > BV:8,selected,0,inf,True,222,120,102,118.0,1.0,1.0,True,True,1,1,0,True,1,1,0,0,True,True,0,9,8,9,8,1,LS_SS,sampled_pool,,,True,0.5333333333333333,0.6003323196619492,0.4666666666666667,0.1,adaptive,break_symmetry,offspring,random_feasible_start_no_adaptive_spacing,,,,feasible_start_adaptive_spacing,0.5,,True,auto_from_instance,0.75,0.35,"2,3,5,6,9,11,18,19,22","2,4,5,8,9,10,13,18",,,,,,"H[2,3,5,6,9,11,18,19,22]|V[2,4,5,8,9,10,13,18]",819b823d42066f1be4d37e503ecee22d07e5a6b0
proposed_nsga2_bs_AT_S_comercial_layout_AW_3_seed_104,proposed_nsga2_bs,AT_S_comercial_layout_AW_3,104,7,auto_from_instance,10,15,3,28,150,,,,,3,1,4,root > V:2 > BH:11 > BH:19 > BV:8,selected,1,inf,True,222,120,102,151.0,1.0,1.0,True,True,1,1,0,True,1,1,0,0,True,True,0,9,8,9,8,1,LS_SS,sampled_pool,,,True,0.5333333333333333,0.6003323196619492,0.4666666666666667,0.1,adaptive,break_symmetry,offspring,random_feasible_start_no_adaptive_spacing,,,,feasible_start_adaptive_spacing,0.5,,True,auto_from_instance,0.75,0.35,"2,3,5,6,9,11,18,19,22","2,4,5,8,9,10,13,18",,,,,,"H[2,3,5,6,9,11,18,19,22]|V[2,4,5,8,9,10,13,18]",8ba645c74da6577ac7820f92db785eac755acc05
proposed_nsga2_bs_AT_S_comercial_layout_AW_3_seed_104,proposed_nsga2_bs,AT_S_comercial_layout_AW_3,104,7,auto_from_instance,10,15,3,28,150,,,,,4,3,4,root > V:2 > BH:11 > BH:18 > BV:9,selected,0,inf,True,222,115,107,74.0,1.0,1.0,True,True,1,1,0,True,1,1,0,0,True,True,0,7,7,7,7,3,PF_SS,sampled_pool,,,True,0.5333333333333333,0.5450134987491878,0.4666666666666667,0.1,adaptive,break_symmetry,offspring,random_feasible_start_no_adaptive_spacing,,,,feasible_start_adaptive_spacing,0.5,,True,auto_from_instance,0.75,0.35,"2,5,11,13,15,18,23","2,4,5,8,9,13,19",,,,,,"H[2,5,11,13,15,18,23]|V[2,4,5,8,9,13,19]",313e3f681b33bc30f90444b0b1b5dd821fed5c79
proposed_nsga2_bs_AT_S_comercial_layout_AW_3_seed_104,proposed_nsga2_bs,AT_S_comercial_layout_AW_3,104,7,auto_from_instance,10,15,3,28,150,,,,,5,5,4,root > V:2 > BH:11 > BH:17 > BV:8,selected,1,inf,True,222,120,102,151.0,1.0,1.0,True,True,1,1,0,True,1,1,0,0,True,True,0,10,7,10,7,5,LS_PF,sampled_pool,,,False,0.5333333333333333,0.48167642720446713,0.4666666666666667,0.1,adaptive,spacing_aware_flip,offspring,random_feasible_start_no_adaptive_spacing,,,,feasible_start_adaptive_spacing,0.5,,True,auto_from_instance,0.75,0.35,"2,3,5,6,9,11,15,18,22","2,4,5,8,9,13,19",,,,,,"H[2,3,5,6,9,11,15,17,18,22]|V[2,4,5,8,9,13,19]",2035ca093874466b8e7b1e9f7aa71b738528a47d
proposed_nsga2_bs_AT_S_comercial_layout_AW_3_seed_104,proposed_nsga2_bs,AT_S_comercial_layout_AW_3,104,7,auto_from_instance,10,15,3,28,150,,,,,6,10,4,root > V:2 > BH:11 > BH:19 > BV:9,selected,1,inf,True,222,115,107,107.0,1.0,1.0,True,True,1,1,0,True,1,1,0,0,True,True,0,11,11,11,11,10,PF,sampled_pool,,,False,0.5333333333333333,0.5066385927028625,0.4666666666666667,0.1,adaptive,swap_segments,offspring,random_feasible_start_no_adaptive_spacing,,,,feasible_start_adaptive_spacing,0.5,,True,auto_from_instance,0.75,0.35,"1,3,6,7,11,14,15,17,21,22","2,4,5,8,9,10,12,14,15,18,19",,,,,,"H[1,3,6,7,11,14,15,17,19,21,22]|V[2,4,5,8,9,10,12,14,15,18,19]",a13494f6aa090e10b6ffeff3cbd3e8aae05c5505
proposed_nsga2_bs_AT_S_comercial_layout_AW_3_seed_104,proposed_nsga2_bs,AT_S_comercial_layout_AW_3,104,8,auto_from_instance,10,15,3,28,150,,,,,1,1,4,root > V:2 > BH:11 > BH:19 > BV:8,selected,1,inf,True,222,120,102,151.0,1.0,1.0,True,True,1,1,0,True,1,1,0,0,True,True,0,7,9,7,9,1,LS,sampled_pool,,,False,0.6,0.665170391817391,0.4,0.1,adaptive,bit_flip,offspring,random_feasible_start_no_adaptive_spacing,,,,feasible_start_adaptive_spacing,0.5,,True,auto_from_instance,0.75,0.35,"2,5,9,11,18,19,22","2,4,5,8,9,10,13,18,19",,,,,,"H[2,5,9,11,18,19,22]|V[2,4,5,8,9,10,13,18,19]",8ba645c74da6577ac7820f92db785eac755acc05
proposed_nsga2_bs_AT_S_comercial_layout_AW_3_seed_104,proposed_nsga2_bs,AT_S_comercial_layout_AW_3,104,8,auto_from_instance,10,15,3,28,150,,,,,2,1,4,root > V:2 > BH:11 > BH:18 > BV:8,selected,0,inf,True,222,120,102,118.0,1.0,1.0,True,True,1,1,0,True,1,1,0,0,True,True,0,7,9,7,9,1,LS,sampled_pool,,,False,0.6,0.665170391817391,0.4,0.1,adaptive,bit_flip,offspring,random_feasible_start_no_adaptive_spacing,,,,feasible_start_adaptive_spacing,0.5,,True,auto_from_instance,0.75,0.35,"2,5,9,11,18,19,22","2,4,5,8,9,10,13,18,19",,,,,,"H[2,5,9,11,18,19,22]|V[2,4,5,8,9,10,13,18,19]",c7821f85912c8e5c3b6ca7ddc3262e68ecac8a29
proposed_nsga2_bs_AT_S_comercial_layout_AW_3_seed_104,proposed_nsga2_bs,AT_S_comercial_layout_AW_3,104,8,auto_from_instance,10,15,3,28,150,,,,,3,1,4,root > V:2 > BH:11 > BH:17 > BV:8,selected,1,inf,True,222,120,102,151.0,1.0,1.0,True,True,1,1,0,True,1,1,0,0,True,True,0,8,9,8,9,1,LS,sampled_pool,,,False,0.6,0.665170391817391,0.4,0.1,adaptive,bit_flip,offspring,random_feasible_start_no_adaptive_spacing,,,,feasible_start_adaptive_spacing,0.5,,True,auto_from_instance,0.75,0.35,"2,5,9,11,18,19,22","2,4,5,8,9,10,13,18,19",,,,,,"H[2,5,9,11,17,18,19,22]|V[2,4,5,8,9,10,13,18,19]",2035ca093874466b8e7b1e9f7aa71b738528a47d
proposed_nsga2_bs_AT_S_comercial_layout_AW_3_seed_104,proposed_nsga2_bs,AT_S_comercial_layout_AW_3,104,8,auto_from_instance,10,15,3,28,150,,,,,4,2,4,root > V:2 > BH:11 > BV:9 > BV:8,selected,0,inf,True,222,120,102,118.0,1.0,1.0,True,True,1,1,0,True,1,1,0,0,True,True,0,10,7,10,7,2,PF_LS_RP,sampled_pool,,,False,0.6,0.5544493255251163,0.4,0.1,adaptive,spacing_aware_flip,offspring,random_feasible_start_no_adaptive_spacing,,,,feasible_start_adaptive_spacing,0.5,,True,auto_from_instance,0.75,0.35,"2,3,5,6,11,13,15,18,23,26","2,4,5,8,9,13,19",,,,,,"H[2,3,5,6,11,13,15,18,23,26]|V[2,4,5,8,9,13,19]",819b823d42066f1be4d37e503ecee22d07e5a6b0
proposed_nsga2_bs_AT_S_comercial_layout_AW_3_seed_104,proposed_nsga2_bs,AT_S_comercial_layout_AW_3,104,8,auto_from_instance,10,15,3,28,150,,,,,5,3,4,root > V:2 > BH:11 > BH:18 > BV:9,selected,0,inf,True,222,115,107,74.0,1.0,1.0,True,True,1,1,0,True,1,1,0,0,True,True,0,8,8,8,8,3,SS,sampled_pool,,,True,0.6,0.7003377274268189,0.4,0.1,adaptive,swap_segments,offspring,random_feasible_start_no_adaptive_spacing,,,,feasible_start_adaptive_spacing,0.5,,True,auto_from_instance,0.75,0.35,"2,5,10,15,18,24,26","2,4,5,8,9,10,13,19",,,,,,"H[2,5,10,11,15,18,24,26]|V[2,4,5,8,9,10,13,19]",313e3f681b33bc30f90444b0b1b5dd821fed5c79
proposed_nsga2_bs_AT_S_comercial_layout_AW_3_seed_104,proposed_nsga2_bs,AT_S_comercial_layout_AW_3,104,8,auto_from_instance,10,15,3,28,150,,,,,6,6,6,root > V:5 > BH:11 > BH:18 > BH:11 > BH:3 > BV:13,selected,2,inf,True,219,90,129,209.0,1.0,1.0,True,True,1,1,0,True,1,1,0,0,True,True,0,10,7,10,7,6,SS_LS_PF,sampled_pool,,,True,0.6,0.5496719702762225,0.4,0.1,adaptive,break_symmetry,offspring,random_feasible_start_no_adaptive_spacing,,,,feasible_start_adaptive_spacing,0.5,,True,auto_from_instance,0.75,0.35,"2,5,6,9,11,13,15,18,24","2,4,5,8,9,13,19",,,,,,"H[2,3,5,6,9,11,13,15,18,24]|V[2,4,5,8,9,13,19]",cbba08a07531cc6542f27ca98621791bd35cab77
proposed_nsga2_bs_AT_S_comercial_layout_AW_3_seed_104,proposed_nsga2_bs,AT_S_comercial_layout_AW_3,104,8,auto_from_instance,10,15,3,28,150,,,,,7,6,6,root > V:5 > BH:11 > BH:18 > BH:11 > BH:4 > BV:13,selected,3,inf,True,219,90,129,219.0,1.0,1.0,True,True,1,1,0,True,1,1,0,0,True,True,0,10,7,10,7,6,SS_LS_PF,sampled_pool,,,True,0.6,0.5496719702762225,0.4,0.1,adaptive,break_symmetry,offspring,random_feasible_start_no_adaptive_spacing,,,,feasible_start_adaptive_spacing,0.5,,True,auto_from_instance,0.75,0.35,"2,5,6,9,11,13,15,18,24","2,4,5,8,9,13,19",,,,,,"H[2,4,5,6,9,11,13,15,18,24]|V[2,4,5,8,9,13,19]",921a2f686e289ae60d0982a91fa50f82c81b2441
proposed_nsga2_bs_AT_S_comercial_layout_AW_3_seed_104,proposed_nsga2_bs,AT_S_comercial_layout_AW_3,104,8,auto_from_instance,10,15,3,28,150,,,,,8,6,6,root > V:5 > BH:11 > BH:19 > BH:12 > BH:4 > BV:13,selected,4,inf,True,219,90,129,234.0,1.0,1.0,True,True,1,1,0,True,1,1,0,0,True,True,0,12,7,12,7,6,SS_LS_PF,sampled_pool,,,True,0.6,0.5496719702762225,0.4,0.1,adaptive,break_symmetry,offspring,random_feasible_start_no_adaptive_spacing,,,,feasible_start_adaptive_spacing,0.5,,True,auto_from_instance,0.75,0.35,"2,5,6,9,11,13,15,18,24","2,4,5,8,9,13,19",,,,,,"H[2,4,5,6,9,11,12,13,15,18,19,24]|V[2,4,5,8,9,13,19]",57428aa232f932ac2cf2f979b5ac4d7a8b3dfc81
proposed_nsga2_bs_AT_S_comercial_layout_AW_3_seed_104,proposed_nsga2_bs,AT_S_comercial_layout_AW_3,104,8,auto_from_instance,10,15,3,28,150,,,,,9,8,4,root > V:3 > BH:11 > BV:10 > BV:9,selected,1,inf,True,225,115,110,149.0,1.0,1.0,True,True,1,1,0,True,1,1,0,0,True,True,0,7,8,7,8,8,PF,sampled_pool,,,False,0.6,0.6038259771916452,0.4,0.1,adaptive,break_symmetry,offspring,random_feasible_start_no_adaptive_spacing,,,,feasible_start_adaptive_spacing,0.5,,True,auto_from_instance,0.75,0.35,"2,3,5,11,18,19,22","2,3,5,8,9,10,13,18",,,,,,"H[2,3,5,11,18,19,22]|V[2,3,5,8,9,10,13,18]",ae825089721f98e0d9805014401719023ff6a664
proposed_nsga2_bs_AT_S_comercial_layout_AW_3_seed_104,proposed_nsga2_bs,AT_S_comercial_layout_AW_3,104,8,auto_from_instance,10,15,3,28,150,,,,,10,8,4,root > V:3 > BH:11 > BV:9 > BV:9,selected,1,inf,True,225,115,110,149.0,1.0,1.0,True,True,1,1,0,True,1,1,0,0,True,True,0,7,8,7,8,8,PF,sampled_pool,,,False,0.6,0.6038259771916452,0.4,0.1,adaptive,break_symmetry,offspring,random_feasible_start_no_adaptive_spacing,,,,feasible_start_adaptive_spacing,0.5,,True,auto_from_instance,0.75,0.35,"2,3,5,11,18,19,22","2,3,5,8,9,10,13,18",,,,,,"H[2,3,5,11,18,19,22]|V[2,3,5,8,9,10,13,18]",0a75f2b327085dc5778e0a33aad21dbd318e0a85
proposed_nsga2_bs_AT_S_comercial_layout_AW_3_seed_104,proposed_nsga2_bs,AT_S_comercial_layout_AW_3,104,9,auto_from_instance,10,15,3,28,150,,,,,1,1,4,root > V:2 > BH:11 > BH:19 > BV:8,selected,1,inf,True,222,120,102,151.0,1.0,1.0,True,True,1,1,0,True,1,1,0,0,True,True,0,11,9,11,9,1,LS_PF,sampled_pool,,,False,0.6666666666666666,0.6781854587727427,0.33333333333333337,0.1,adaptive,bit_flip,offspring,random_feasible_start_no_adaptive_spacing,,,,feasible_start_adaptive_spacing,0.5,,True,auto_from_instance,0.75,0.35,"2,3,4,5,6,11,13,15,18,19,22","2,4,5,8,9,10,13,18,19",,,,,,"H[2,3,4,5,6,11,13,15,18,19,22]|V[2,4,5,8,9,10,13,18,19]",8ba645c74da6577ac7820f92db785eac755acc05
proposed_nsga2_bs_AT_S_comercial_layout_AW_3_seed_104,proposed_nsga2_bs,AT_S_comercial_layout_AW_3,104,9,auto_from_instance,10,15,3,28,150,,,,,2,1,4,root > V:2 > BH:11 > BH:18 > BV:8,selected,0,inf,True,222,120,102,118.0,1.0,1.0,True,True,1,1,0,True,1,1,0,0,True,True,0,11,9,11,9,1,LS_PF,sampled_pool,,,False,0.6666666666666666,0.6781854587727427,0.33333333333333337,0.1,adaptive,bit_flip,offspring,random_feasible_start_no_adaptive_spacing,,,,feasible_start_adaptive_spacing,0.5,,True,auto_from_instance,0.75,0.35,"2,3,4,5,6,11,13,15,18,19,22","2,4,5,8,9,10,13,18,19",,,,,,"H[2,3,4,5,6,11,13,15,18,19,22]|V[2,4,5,8,9,10,13,18,19]",c7821f85912c8e5c3b6ca7ddc3262e68ecac8a29
proposed_nsga2_bs_AT_S_comercial_layout_AW_3_seed_104,proposed_nsga2_bs,AT_S_comercial_layout_AW_3,104,9,auto_from_instance,10,15,3,28,150,,,,,3,1,4,root > V:2 > BH:11 > BH:17 > BV:8,selected,1,inf,True,222,120,102,151.0,1.0,1.0,True,True,1,1,0,True,1,1,0,0,True,True,0,12,9,12,9,1,LS_PF,sampled_pool,,,False,0.6666666666666666,0.6781854587727427,0.33333333333333337,0.1,adaptive,bit_flip,offspring,random_feasible_start_no_adaptive_spacing,,,,feasible_start_adaptive_spacing,0.5,,True,auto_from_instance,0.75,0.35,"2,3,4,5,6,11,13,15,18,19,22","2,4,5,8,9,10,13,18,19",,,,,,"H[2,3,4,5,6,11,13,15,17,18,19,22]|V[2,4,5,8,9,10,13,18,19]",2035ca093874466b8e7b1e9f7aa71b738528a47d
proposed_nsga2_bs_AT_S_comercial_layout_AW_3_seed_104,proposed_nsga2_bs,AT_S_comercial_layout_AW_3,104,9,auto_from_instance,10,15,3,28,150,,,,,4,2,4,root > V:2 > BH:11 > BV:9 > BV:8,selected,0,inf,True,222,120,102,118.0,1.0,1.0,True,True,1,1,0,True,1,1,0,0,True,True,0,7,7,7,7,2,LS_RP,sampled_pool,,,False,0.6666666666666666,0.6341258041694845,0.33333333333333337,0.1,adaptive,break_symmetry,offspring,random_feasible_start_no_adaptive_spacing,,,,feasible_start_adaptive_spacing,0.5,,True,auto_from_instance,0.75,0.35,"3,5,9,11,18,23,26","2,4,5,8,9,13,19",,,,,,"H[3,5,9,11,18,23,26]|V[2,4,5,8,9,13,19]",819b823d42066f1be4d37e503ecee22d07e5a6b0
proposed_nsga2_bs_AT_S_comercial_layout_AW_3_seed_104,proposed_nsga2_bs,AT_S_comercial_layout_AW_3,104,9,auto_from_instance,10,15,3,28,150,,,,,5,3,4,root > V:2 > BH:11 > BH:18 > BV:9,selected,0,inf,True,222,115,107,74.0,1.0,1.0,True,True,1,1,0,True,1,1,0,0,True,True,0,8,8,8,8,3,PF_RP,sampled_pool,,,False,0.6666666666666666,0.7063776509817584,0.33333333333333337,0.1,adaptive,insert_random_aisle,offspring,random_feasible_start_no_adaptive_spacing,,,,feasible_start_adaptive_spacing,0.5,,True,auto_from_instance,0.75,0.35,"2,3,5,11,18,19,24,25","2,3,5,8,9,10,13,18",,,,,,"H[2,3,5,11,18,19,24,25]|V[2,3,5,8,9,10,13,18]",313e3f681b33bc30f90444b0b1b5dd821fed5c79
proposed_nsga2_bs_AT_S_comercial_layout_AW_3_seed_104,proposed_nsga2_bs,AT_S_comercial_layout_AW_3,104,9,auto_from_instance,10,15,3,28,150,,,,,6,3,4,root > V:3 > BH:11 > BV:10 > BV:9,selected,1,1.432987012987013,True,225,115,110,149.0,1.0,1.0,True,True,1,1,0,True,1,1,0,0,True,True,0,8,8,8,8,3,PF_RP,sampled_pool,,,False,0.6666666666666666,0.7063776509817584,0.33333333333333337,0.1,adaptive,insert_random_aisle,offspring,random_feasible_start_no_adaptive_spacing,,,,feasible_start_adaptive_spacing,0.5,,True,auto_from_instance,0.75,0.35,"2,3,5,11,18,19,24,25","2,3,5,8,9,10,13,18",,,,,,"H[2,3,5,11,18,19,24,25]|V[2,3,5,8,9,10,13,18]",ae825089721f98e0d9805014401719023ff6a664
proposed_nsga2_bs_AT_S_comercial_layout_AW_3_seed_104,proposed_nsga2_bs,AT_S_comercial_layout_AW_3,104,9,auto_from_instance,10,15,3,28,150,,,,,7,5,4,root > V:3 > BH:11 > BV:9 > BV:9,selected,1,1.567012987012987,True,225,115,110,149.0,1.0,1.0,True,True,1,1,0,True,1,1,0,0,True,True,0,8,8,8,8,5,PF,sampled_pool,,,False,0.6666666666666666,0.7257445332584731,0.33333333333333337,0.1,adaptive,spacing_aware_flip,offspring,random_feasible_start_no_adaptive_spacing,,,,feasible_start_adaptive_spacing,0.5,,True,auto_from_instance,0.75,0.35,"2,3,5,11,13,15,18,21","2,3,5,8,9,10,13,19",,,,,,"H[2,3,5,11,13,15,18,21]|V[2,3,5,8,9,10,13,19]",0a75f2b327085dc5778e0a33aad21dbd318e0a85
proposed_nsga2_bs_AT_S_comercial_layout_AW_3_seed_104,proposed_nsga2_bs,AT_S_comercial_layout_AW_3,104,9,auto_from_instance,10,15,3,28,150,,,,,8,9,6,root > V:5 > BH:11 > BH:18 > BH:11 > BH:3 > BV:13,selected,2,inf,True,219,90,129,209.0,1.0,1.0,True,True,1,1,0,True,1,1,0,0,True,True,0,10,7,10,7,9,SS,sampled_pool,,,True,0.6666666666666666,0.6518077616843712,0.33333333333333337,0.1,adaptive,bit_flip,offspring,random_feasible_start_no_adaptive_spacing,,,,feasible_start_adaptive_spacing,0.5,,True,auto_from_instance,0.75,0.35,"2,5,9,11,17,18,19,23,26","2,4,5,8,9,13,19",,,,,,"H[2,3,5,9,11,17,18,19,23,26]|V[2,4,5,8,9,13,19]",cbba08a07531cc6542f27ca98621791bd35cab77
proposed_nsga2_bs_AT_S_comercial_layout_AW_3_seed_104,proposed_nsga2_bs,AT_S_comercial_layout_AW_3,104,9,auto_from_instance,10,15,3,28,150,,,,,9,9,6,root > V:5 > BH:11 > BH:18 > BH:10 > BH:3 > BV:13,evaluated,2,0.0,False,219,90,129,209.0,1.0,1.0,True,True,1,1,0,True,1,1,0,0,True,True,0,11,7,11,7,9,SS,sampled_pool,,,True,0.6666666666666666,0.6518077616843712,0.33333333333333337,0.1,adaptive,bit_flip,offspring,random_feasible_start_no_adaptive_spacing,,,,feasible_start_adaptive_spacing,0.5,,True,auto_from_instance,0.75,0.35,"2,5,9,11,17,18,19,23,26","2,4,5,8,9,13,19",,,,,,"H[2,3,5,9,10,11,17,18,19,23,26]|V[2,4,5,8,9,13,19]",2458f933cf3f19aa1aa8c5e73507b947572b0492
proposed_nsga2_bs_AT_S_comercial_layout_AW_3_seed_104,proposed_nsga2_bs,AT_S_comercial_layout_AW_3,104,9,auto_from_instance,10,15,3,28,150,,,,,10,9,6,root > V:5 > BH:11 > BH:17 > BH:10 > BH:3 > BV:13,selected,2,inf,True,219,90,129,209.0,1.0,1.0,True,True,1,1,0,True,1,1,0,0,True,True,0,11,7,11,7,9,SS,sampled_pool,,,True,0.6666666666666666,0.6518077616843712,0.33333333333333337,0.1,adaptive,bit_flip,offspring,random_feasible_start_no_adaptive_spacing,,,,feasible_start_adaptive_spacing,0.5,,True,auto_from_instance,0.75,0.35,"2,5,9,11,17,18,19,23,26","2,4,5,8,9,13,19",,,,,,"H[2,3,5,9,10,11,17,18,19,23,26]|V[2,4,5,8,9,13,19]",81b1e6bcefd16da3e5a22253c0b2f45172bd94b7
proposed_nsga2_bs_AT_S_comercial_layout_AW_3_seed_104,proposed_nsga2_bs,AT_S_comercial_layout_AW_3,104,9,auto_from_instance,10,15,3,28,150,,,,,11,10,5,root > H:6 > BH:15 > BV:3 > BV:9 > BH:22,selected,1,inf,True,228,98,130,126.0,1.0,1.0,True,True,3,3,0,False,1,1,0,0,True,True,0,9,10,9,10,10,SS,sampled_pool,,,True,0.6666666666666666,0.5394531217285146,0.33333333333333337,0.1,adaptive,insert_random_aisle,offspring,random_feasible_start_no_adaptive_spacing,,,,feasible_start_adaptive_spacing,0.5,,True,auto_from_instance,0.75,0.35,"2,3,5,6,11,13,15,18,22","2,4,5,8,9,13,14,18,19",,,,,,"H[2,3,5,6,11,13,15,18,22]|V[2,3,4,5,8,9,13,14,18,19]",ff831007d2cb19c27f4223a274bf22a7edbbf53e
proposed_nsga2_bs_AT_S_comercial_layout_AW_3_seed_104,proposed_nsga2_bs,AT_S_comercial_layout_AW_3,104,9,auto_from_instance,10,15,3,28,150,,,,,12,10,5,root > H:6 > BH:16 > BV:3 > BV:9 > BH:22,evaluated,2,inf,False,228,98,130,206.0,1.0,1.0,True,True,3,3,0,False,1,1,0,0,True,True,0,10,10,10,10,10,SS,sampled_pool,,,True,0.6666666666666666,0.5394531217285146,0.33333333333333337,0.1,adaptive,insert_random_aisle,offspring,random_feasible_start_no_adaptive_spacing,,,,feasible_start_adaptive_spacing,0.5,,True,auto_from_instance,0.75,0.35,"2,3,5,6,11,13,15,18,22","2,4,5,8,9,13,14,18,19",,,,,,"H[2,3,5,6,11,13,15,16,18,22]|V[2,3,4,5,8,9,13,14,18,19]",3f6c5650382557808c9ce9ea61d9656b41539743
proposed_nsga2_bs_AT_S_comercial_layout_AW_3_seed_104,proposed_nsga2_bs,AT_S_comercial_layout_AW_3,104,10,auto_from_instance,10,15,3,28,150,,,,,1,1,4,root > V:2 > BH:11 > BH:18 > BV:8,selected,0,inf,True,222,120,102,118.0,1.0,1.0,True,True,1,1,0,True,1,1,0,0,True,True,0,9,9,9,9,1,PF_SS_RP,sampled_pool,,,True,0.7333333333333333,0.7115669218205602,0.2666666666666667,0.1,adaptive,insert_random_aisle,offspring,random_feasible_start_no_adaptive_spacing,,,,feasible_start_adaptive_spacing,0.5,,True,auto_from_instance,0.75,0.35,"2,3,5,11,18,19,23,24,25","2,4,5,8,9,10,13,18,19",,,,,,"H[2,3,5,11,18,19,23,24,25]|V[2,4,5,8,9,10,13,18,19]",c7821f85912c8e5c3b6ca7ddc3262e68ecac8a29
proposed_nsga2_bs_AT_S_comercial_layout_AW_3_seed_104,proposed_nsga2_bs,AT_S_comercial_layout_AW_3,104,10,auto_from_instance,10,15,3,28,150,,,,,2,1,4,root > V:2 > BH:11 > BV:9 > BV:8,selected,0,inf,True,222,120,102,118.0,1.0,1.0,True,True,1,1,0,True,1,1,0,0,True,True,0,9,9,9,9,1,PF_SS_RP,sampled_pool,,,True,0.7333333333333333,0.7115669218205602,0.2666666666666667,0.1,adaptive,insert_random_aisle,offspring,random_feasible_start_no_adaptive_spacing,,,,feasible_start_adaptive_spacing,0.5,,True,auto_from_instance,0.75,0.35,"2,3,5,11,18,19,23,24,25","2,4,5,8,9,10,13,18,19",,,,,,"H[2,3,5,11,18,19,23,24,25]|V[2,4,5,8,9,10,13,18,19]",819b823d42066f1be4d37e503ecee22d07e5a6b0
proposed_nsga2_bs_AT_S_comercial_layout_AW_3_seed_104,proposed_nsga2_bs,AT_S_comercial_layout_AW_3,104,10,auto_from_instance,10,15,3,28,150,,,,,3,1,4,root > V:2 > BH:11 > BH:18 > BV:9,selected,0,inf,True,222,115,107,74.0,1.0,1.0,True,True,1,1,0,True,1,1,0,0,True,True,0,9,9,9,9,1,PF_SS_RP,sampled_pool,,,True,0.7333333333333333,0.7115669218205602,0.2666666666666667,0.1,adaptive,insert_random_aisle,offspring,random_feasible_start_no_adaptive_spacing,,,,feasible_start_adaptive_spacing,0.5,,True,auto_from_instance,0.75,0.35,"2,3,5,11,18,19,23,24,25","2,4,5,8,9,10,13,18,19",,,,,,"H[2,3,5,11,18,19,23,24,25]|V[2,4,5,8,9,10,13,18,19]",313e3f681b33bc30f90444b0b1b5dd821fed5c79
proposed_nsga2_bs_AT_S_comercial_layout_AW_3_seed_104,proposed_nsga2_bs,AT_S_comercial_layout_AW_3,104,10,auto_from_instance,10,15,3,28,150,,,,,4,2,4,root > V:3 > BH:11 > BV:10 > BV:9,selected,1,inf,True,225,115,110,149.0,1.0,1.0,True,True,1,1,0,True,1,1,0,0,True,True,0,13,8,13,8,2,PF_SS_RP,sampled_pool,,,True,0.7333333333333333,0.6563031048734154,0.2666666666666667,0.1,adaptive,bit_flip,offspring,random_feasible_start_no_adaptive_spacing,,,,feasible_start_adaptive_spacing,0.5,,True,auto_from_instance,0.75,0.35,"2,3,4,5,6,11,13,15,17,18,19,22,23","2,3,5,8,9,10,13,18",,,,,,"H[2,3,4,5,6,11,13,15,17,18,19,22,23]|V[2,3,5,8,9,10,13,18]",ae825089721f98e0d9805014401719023ff6a664
proposed_nsga2_bs_AT_S_comercial_layout_AW_3_seed_104,proposed_nsga2_bs,AT_S_comercial_layout_AW_3,104,10,auto_from_instance,10,15,3,28,150,,,,,5,3,6,root > V:5 > BH:11 > BH:18 > BH:11 > BH:3 > BV:13,selected,2,inf,True,219,90,129,209.0,1.0,1.0,True,True,1,1,0,True,1,1,0,0,True,True,0,11,9,11,9,3,SS,sampled_pool,,,True,0.7333333333333333,0.6828589443868114,0.2666666666666667,0.1,adaptive,swap_segments,offspring,random_feasible_start_no_adaptive_spacing,,,,feasible_start_adaptive_spacing,0.5,,True,auto_from_instance,0.75,0.35,"2,3,4,5,6,11,13,15,18,19,22","2,4,5,6,8,9,13,18,19",,,,,,"H[2,3,4,5,6,11,13,15,18,19,22]|V[2,4,5,6,8,9,13,18,19]",cbba08a07531cc6542f27ca98621791bd35cab77
proposed_nsga2_bs_AT_S_comercial_layout_AW_3_seed_104,proposed_nsga2_bs,AT_S_comercial_layout_AW_3,104,10,auto_from_instance,10,15,3,28,150,,,,,6,3,6,root > V:5 > BH:11 > BH:18 > BH:10 > BH:3 > BV:13,evaluated,2,0.0,False,219,90,129,209.0,1.0,1.0,True,True,1,1,0,True,1,1,0,0,True,True,0,12,9,12,9,3,SS,sampled_pool,,,True,0.7333333333333333,0.6828589443868114,0.2666666666666667,0.1,adaptive,swap_segments,offspring,random_feasible_start_no_adaptive_spacing,,,,feasible_start_adaptive_spacing,0.5,,True,auto_from_instance,0.75,0.35,"2,3,4,5,6,11,13,15,18,19,22","2,4,5,6,8,9,13,18,19",,,,,,"H[2,3,4,5,6,10,11,13,15,18,19,22]|V[2,4,5,6,8,9,13,18,19]",2458f933cf3f19aa1aa8c5e73507b947572b0492
proposed_nsga2_bs_AT_S_comercial_layout_AW_3_seed_104,proposed_nsga2_bs,AT_S_comercial_layout_AW_3,104,10,auto_from_instance,10,15,3,28,150,,,,,7,3,6,root > V:5 > BH:11 > BH:17 > BH:10 > BH:3 > BV:13,selected,2,inf,True,219,90,129,209.0,1.0,1.0,True,True,1,1,0,True,1,1,0,0,True,True,0,13,9,13,9,3,SS,sampled_pool,,,True,0.7333333333333333,0.6828589443868114,0.2666666666666667,0.1,adaptive,swap_segments,offspring,random_feasible_start_no_adaptive_spacing,,,,feasible_start_adaptive_spacing,0.5,,True,auto_from_instance,0.75,0.35,"2,3,4,5,6,11,13,15,18,19,22","2,4,5,6,8,9,13,18,19",,,,,,"H[2,3,4,5,6,10,11,13,15,17,18,19,22]|V[2,4,5,6,8,9,13,18,19]",81b1e6bcefd16da3e5a22253c0b2f45172bd94b7
proposed_nsga2_bs_AT_S_comercial_layout_AW_3_seed_104,proposed_nsga2_bs,AT_S_comercial_layout_AW_3,104,10,auto_from_instance,10,15,3,28,150,,,,,8,4,4,root > V:2 > BH:11 > BH:19 > BV:8,selected,1,inf,True,222,120,102,151.0,1.0,1.0,True,True,1,1,0,True,1,1,0,0,True,True,0,13,9,13,9,4,LS_SS,sampled_pool,,,True,0.7333333333333333,0.7204853299566337,0.2666666666666667,0.1,adaptive,spacing_aware_flip,offspring,random_feasible_start_no_adaptive_spacing,,,,feasible_start_adaptive_spacing,0.5,,True,auto_from_instance,0.75,0.35,"2,3,4,5,6,11,13,15,17,18,19,22,27","2,4,5,8,9,10,13,18,19",,,,,,"H[2,3,4,5,6,11,13,15,17,18,19,22,27]|V[2,4,5,8,9,10,13,18,19]",8ba645c74da6577ac7820f92db785eac755acc05
proposed_nsga2_bs_AT_S_comercial_layout_AW_3_seed_104,proposed_nsga2_bs,AT_S_comercial_layout_AW_3,104,10,auto_from_instance,10,15,3,28,150,,,,,9,6,4,root > V:3 > BH:11 > BV:9 > BV:9,selected,1,inf,True,225,115,110,149.0,1.0,1.0,True,True,1,1,0,True,1,1,0,0,True,True,0,8,8,8,8,6,RP,sampled_pool,,,False,0.7333333333333333,0.6765392580661027,0.2666666666666667,0.1,adaptive,break_symmetry,offspring,random_feasible_start_no_adaptive_spacing,,,,feasible_start_adaptive_spacing,0.5,,True,auto_from_instance,0.75,0.35,"2,3,5,11,18,19,24,25","2,3,5,8,9,10,13,18",,,,,,"H[2,3,5,11,18,19,24,25]|V[2,3,5,8,9,10,13,18]",0a75f2b327085dc5778e0a33aad21dbd318e0a85
proposed_nsga2_bs_AT_S_comercial_layout_AW_3_seed_104,proposed_nsga2_bs,AT_S_comercial_layout_AW_3,104,10,auto_from_instance,10,15,3,28,150,,,,,10,6,4,root > V:3 > BH:11 > BV:9 > BV:13,selected,2,inf,True,225,93,132,226.0,1.0,1.0,True,True,1,1,0,True,1,1,0,0,True,True,0,8,8,8,8,6,RP,sampled_pool,,,False,0.7333333333333333,0.6765392580661027,0.2666666666666667,0.1,adaptive,break_symmetry,offspring,random_feasible_start_no_adaptive_spacing,,,,feasible_start_adaptive_spacing,0.5,,True,auto_from_instance,0.75,0.35,"2,3,5,11,18,19,24,25","2,3,5,8,9,10,13,18",,,,,,"H[2,3,5,11,18,19,24,25]|V[2,3,5,8,9,10,13,18]",3fc0967e8cf1acc9db002871d4c6fad00e132dd7
proposed_nsga2_bs_AT_S_comercial_layout_AW_3_seed_104,proposed_nsga2_bs,AT_S_comercial_layout_AW_3,104,10,auto_from_instance,10,15,3,28,150,,,,,11,8,4,root > V:2 > BH:11 > BH:17 > BV:8,selected,1,inf,True,222,120,102,151.0,1.0,1.0,True,True,1,1,0,True,1,1,0,0,True,True,0,11,9,11,9,8,LS_PF,sampled_pool,,,False,0.7333333333333333,0.7457279344614602,0.2666666666666667,0.1,adaptive,remove_random_aisle,offspring,random_feasible_start_no_adaptive_spacing,,,,feasible_start_adaptive_spacing,0.5,,True,auto_from_instance,0.75,0.35,"2,3,4,5,6,11,13,15,17,18,19","2,4,5,8,9,13,14,18,19",,,,,,"H[2,3,4,5,6,11,13,15,17,18,19]|V[2,4,5,8,9,13,14,18,19]",2035ca093874466b8e7b1e9f7aa71b738528a47d
proposed_nsga2_bs_AT_S_comercial_layout_AW_3_seed_104,proposed_nsga2_bs,AT_S_comercial_layout_AW_3,104,11,auto_from_instance,10,15,3,28,150,,,,,1,1,4,root > V:2 > BH:11 > BV:9 > BH:18,selected,0,inf,True,222,115,107,74.0,1.0,1.0,True,True,1,1,0,True,1,1,0,0,True,True,0,12,10,12,10,1,RP_LS,sampled_pool,,,False,0.8,0.7988177231781449,0.19999999999999996,0.1,adaptive,bit_flip,offspring,random_feasible_start_no_adaptive_spacing,,,,feasible_start_adaptive_spacing,0.5,,True,auto_from_instance,0.75,0.35,"2,3,5,11,13,15,17,18,19,23,24,25","2,4,5,8,9,13,14,17,18,19",,,,,,"H[2,3,5,11,13,15,17,18,19,23,24,25]|V[2,4,5,8,9,13,14,17,18,19]",313e3f681b33bc30f90444b0b1b5dd821fed5c79
proposed_nsga2_bs_AT_S_comercial_layout_AW_3_seed_104,proposed_nsga2_bs,AT_S_comercial_layout_AW_3,104,11,auto_from_instance,10,15,3,28,150,,,,,2,1,4,root > V:2 > BH:11 > BV:9 > BV:9,selected,0,inf,True,222,115,107,74.0,1.0,1.0,True,True,1,1,0,True,1,1,0,0,True,True,0,12,10,12,10,1,RP_LS,sampled_pool,,,False,0.8,0.7988177231781449,0.19999999999999996,0.1,adaptive,bit_flip,offspring,random_feasible_start_no_adaptive_spacing,,,,feasible_start_adaptive_spacing,0.5,,True,auto_from_instance,0.75,0.35,"2,3,5,11,13,15,17,18,19,23,24,25","2,4,5,8,9,13,14,17,18,19",,,,,,"H[2,3,5,11,13,15,17,18,19,23,24,25]|V[2,4,5,8,9,13,14,17,18,19]",b41b2678f47c3e9bfe9aa6316c7790f5ace7089f
proposed_nsga2_bs_AT_S_comercial_layout_AW_3_seed_104,proposed_nsga2_bs,AT_S_comercial_layout_AW_3,104,11,auto_from_instance,10,15,3,28,150,,,,,3,1,4,root > V:2 > BH:11 > BV:9 > BH:19,selected,1,inf,True,222,115,107,107.0,1.0,1.0,True,True,1,1,0,True,1,1,0,0,True,True,0,12,10,12,10,1,RP_LS,sampled_pool,,,False,0.8,0.7988177231781449,0.19999999999999996,0.1,adaptive,bit_flip,offspring,random_feasible_start_no_adaptive_spacing,,,,feasible_start_adaptive_spacing,0.5,,True,auto_from_instance,0.75,0.35,"2,3,5,11,13,15,17,18,19,23,24,25","2,4,5,8,9,13,14,17,18,19",,,,,,"H[2,3,5,11,13,15,17,18,19,23,24,25]|V[2,4,5,8,9,13,14,17,18,19]",a13494f6aa090e10b6ffeff3cbd3e8aae05c5505
proposed_nsga2_bs_AT_S_comercial_layout_AW_3_seed_104,proposed_nsga2_bs,AT_S_comercial_layout_AW_3,104,11,auto_from_instance,10,15,3,28,150,,,,,4,2,4,root > V:2 > BH:11 > BH:18 > BV:8,selected,0,inf,True,222,120,102,118.0,1.0,1.0,True,True,1,1,0,True,1,1,0,0,True,True,0,8,10,8,10,2,PF_SS,sampled_pool,,,True,0.8,0.8012387832758742,0.19999999999999996,0.1,adaptive,bit_flip,offspring,random_feasible_start_no_adaptive_spacing,,,,feasible_start_adaptive_spacing,0.5,,True,auto_from_instance,0.75,0.35,"2,3,4,5,6,11,18,19","2,4,5,6,8,9,10,13,18,19",,,,,,"H[2,3,4,5,6,11,18,19]|V[2,4,5,6,8,9,10,13,18,19]",c7821f85912c8e5c3b6ca7ddc3262e68ecac8a29
proposed_nsga2_bs_AT_S_comercial_layout_AW_3_seed_104,proposed_nsga2_bs,AT_S_comercial_layout_AW_3,104,11,auto_from_instance,10,15,3,28,150,,,,,5,2,4,root > V:2 > BH:11 > BV:9 > BV:8,selected,0,inf,True,222,120,102,118.0,1.0,1.0,True,True,1,1,0,True,1,1,0,0,True,True,0,8,10,8,10,2,PF_SS,sampled_pool,,,True,0.8,0.8012387832758742,0.19999999999999996,0.1,adaptive,bit_flip,offspring,random_feasible_start_no_adaptive_spacing,,,,feasible_start_adaptive_spacing,0.5,,True,auto_from_instance,0.75,0.35,"2,3,4,5,6,11,18,19","2,4,5,6,8,9,10,13,18,19",,,,,,"H[2,3,4,5,6,11,18,19]|V[2,4,5,6,8,9,10,13,18,19]",819b823d42066f1be4d37e503ecee22d07e5a6b0
proposed_nsga2_bs_AT_S_comercial_layout_AW_3_seed_104,proposed_nsga2_bs,AT_S_comercial_layout_AW_3,104,11,auto_from_instance,10,15,3,28,150,,,,,6,2,4,root > V:2 > BH:11 > BH:19 > BV:8,selected,1,inf,True,222,120,102,151.0,1.0,1.0,True,True,1,1,0,True,1,1,0,0,True,True,0,8,10,8,10,2,PF_SS,sampled_pool,,,True,0.8,0.8012387832758742,0.19999999999999996,0.1,adaptive,bit_flip,offspring,random_feasible_start_no_adaptive_spacing,,,,feasible_start_adaptive_spacing,0.5,,True,auto_from_instance,0.75,0.35,"2,3,4,5,6,11,18,19","2,4,5,6,8,9,10,13,18,19",,,,,,"H[2,3,4,5,6,11,18,19]|V[2,4,5,6,8,9,10,13,18,19]",8ba645c74da6577ac7820f92db785eac755acc05
proposed_nsga2_bs_AT_S_comercial_layout_AW_3_seed_104,proposed_nsga2_bs,AT_S_comercial_layout_AW_3,104,11,auto_from_instance,10,15,3,28,150,,,,,7,4,6,root > V:5 > BH:11 > BH:18 > BH:11 > BH:3 > BV:13,selected,2,inf,True,219,90,129,209.0,1.0,1.0,True,True,1,1,0,True,1,1,0,0,True,True,0,13,7,13,7,4,SS_PF_LS,sampled_pool,,,True,0.8,0.730671459172336,0.19999999999999996,0.1,adaptive,bit_flip,offspring,random_feasible_start_no_adaptive_spacing,,,,feasible_start_adaptive_spacing,0.5,,True,auto_from_instance,0.75,0.35,"2,3,4,5,6,11,13,15,17,18,19,22,23","2,3,5,8,9,10,13",,,,,,"H[2,3,4,5,6,11,13,15,17,18,19,22,23]|V[2,3,5,8,9,10,13]",cbba08a07531cc6542f27ca98621791bd35cab77
proposed_nsga2_bs_AT_S_comercial_layout_AW_3_seed_104,proposed_nsga2_bs,AT_S_comercial_layout_AW_3,104,11,auto_from_instance,10,15,3,28,150,,,,,8,4,6,root > V:5 > BH:11 > BH:18 > BH:10 > BH:3 > BV:13,evaluated,2,0.0,False,219,90,129,209.0,1.0,1.0,True,True,1,1,0,True,1,1,0,0,True,True,0,14,7,14,7,4,SS_PF_LS,sampled_pool,,,True,0.8,0.730671459172336,0.19999999999999996,0.1,adaptive,bit_flip,offspring,random_feasible_start_no_adaptive_spacing,,,,feasible_start_adaptive_spacing,0.5,,True,auto_from_instance,0.75,0.35,"2,3,4,5,6,11,13,15,17,18,19,22,23","2,3,5,8,9,10,13",,,,,,"H[2,3,4,5,6,10,11,13,15,17,18,19,22,23]|V[2,3,5,8,9,10,13]",2458f933cf3f19aa1aa8c5e73507b947572b0492
proposed_nsga2_bs_AT_S_comercial_layout_AW_3_seed_104,proposed_nsga2_bs,AT_S_comercial_layout_AW_3,104,11,auto_from_instance,10,15,3,28,150,,,,,9,4,6,root > V:5 > BH:11 > BH:17 > BH:10 > BH:3 > BV:13,selected,2,inf,True,219,90,129,209.0,1.0,1.0,True,True,1,1,0,True,1,1,0,0,True,True,0,14,7,14,7,4,SS_PF_LS,sampled_pool,,,True,0.8,0.730671459172336,0.19999999999999996,0.1,adaptive,bit_flip,offspring,random_feasible_start_no_adaptive_spacing,,,,feasible_start_adaptive_spacing,0.5,,True,auto_from_instance,0.75,0.35,"2,3,4,5,6,11,13,15,17,18,19,22,23","2,3,5,8,9,10,13",,,,,,"H[2,3,4,5,6,10,11,13,15,17,18,19,22,23]|V[2,3,5,8,9,10,13]",81b1e6bcefd16da3e5a22253c0b2f45172bd94b7
proposed_nsga2_bs_AT_S_comercial_layout_AW_3_seed_104,proposed_nsga2_bs,AT_S_comercial_layout_AW_3,104,11,auto_from_instance,10,15,3,28,150,,,,,10,5,5,root > H:6 > BH:15 > BV:3 > BV:9 > BH:22,selected,2,inf,True,228,98,130,126.0,1.0,1.0,True,True,3,3,0,False,1,1,0,0,True,True,0,11,8,11,8,5,SS_LS_PF,sampled_pool,,,True,0.8,0.7010641198976383,0.19999999999999996,0.1,adaptive,remove_random_aisle,offspring,random_feasible_start_no_adaptive_spacing,,,,feasible_start_adaptive_spacing,0.5,,True,auto_from_instance,0.75,0.35,"2,3,4,5,6,11,13,15,17,19,22","2,3,5,8,9,10,13,18",,,,,,"H[2,3,4,5,6,11,13,15,17,19,22]|V[2,3,5,8,9,10,13,18]",ff831007d2cb19c27f4223a274bf22a7edbbf53e
proposed_nsga2_bs_AT_S_comercial_layout_AW_3_seed_104,proposed_nsga2_bs,AT_S_comercial_layout_AW_3,104,11,auto_from_instance,10,15,3,28,150,,,,,11,5,5,root > H:6 > BH:16 > BV:3 > BV:9 > BH:22,evaluated,3,inf,False,228,98,130,206.0,1.0,1.0,True,True,3,3,0,False,1,1,0,0,True,True,0,12,8,12,8,5,SS_LS_PF,sampled_pool,,,True,0.8,0.7010641198976383,0.19999999999999996,0.1,adaptive,remove_random_aisle,offspring,random_feasible_start_no_adaptive_spacing,,,,feasible_start_adaptive_spacing,0.5,,True,auto_from_instance,0.75,0.35,"2,3,4,5,6,11,13,15,17,19,22","2,3,5,8,9,10,13,18",,,,,,"H[2,3,4,5,6,11,13,15,16,17,19,22]|V[2,3,5,8,9,10,13,18]",3f6c5650382557808c9ce9ea61d9656b41539743
proposed_nsga2_bs_AT_S_comercial_layout_AW_3_seed_104,proposed_nsga2_bs,AT_S_comercial_layout_AW_3,104,11,auto_from_instance,10,15,3,28,150,,,,,12,8,4,root > V:2 > BH:11 > BH:17 > BV:8,selected,1,inf,True,222,120,102,151.0,1.0,1.0,True,True,1,1,0,True,1,1,0,0,True,True,0,13,10,13,10,8,LS_PF,sampled_pool,,,False,0.8,0.8109533986851349,0.19999999999999996,0.1,adaptive,bit_flip,offspring,random_feasible_start_no_adaptive_spacing,,,,feasible_start_adaptive_spacing,0.5,,True,auto_from_instance,0.75,0.35,"2,3,4,5,6,11,13,15,18,19,22,27","2,4,5,8,9,10,13,15,18,19",,,,,,"H[2,3,4,5,6,11,13,15,17,18,19,22,27]|V[2,4,5,8,9,10,13,15,18,19]",2035ca093874466b8e7b1e9f7aa71b738528a47d
proposed_nsga2_bs_AT_S_comercial_layout_AW_3_seed_104,proposed_nsga2_bs,AT_S_comercial_layout_AW_3,104,12,auto_from_instance,10,15,3,28,150,,,,,1,1,4,root > V:2 > BH:11 > BV:9 > BH:18,selected,0,inf,True,222,115,107,74.0,1.0,1.0,True,True,1,1,0,True,1,1,0,0,True,True,0,12,8,12,8,1,RP,sampled_pool,,,False,0.8666666666666667,0.9357834138283523,0.1333333333333333,0.1,adaptive,bit_flip,offspring,random_feasible_start_no_adaptive_spacing,,,,feasible_start_adaptive_spacing,0.5,,True,auto_from_instance,0.75,0.35,"2,3,5,11,13,15,17,18,19,23,24,25","2,4,5,8,9,13,18,19",,,,,,"H[2,3,5,11,13,15,17,18,19,23,24,25]|V[2,4,5,8,9,13,18,19]",313e3f681b33bc30f90444b0b1b5dd821fed5c79
proposed_nsga2_bs_AT_S_comercial_layout_AW_3_seed_104,proposed_nsga2_bs,AT_S_comercial_layout_AW_3,104,12,auto_from_instance,10,15,3,28,150,,,,,2,1,4,root > V:2 > BH:11 > BV:9 > BV:9,selected,0,inf,True,222,115,107,74.0,1.0,1.0,True,True,1,1,0,True,1,1,0,0,True,True,0,12,8,12,8,1,RP,sampled_pool,,,False,0.8666666666666667,0.9357834138283523,0.1333333333333333,0.1,adaptive,bit_flip,offspring,random_feasible_start_no_adaptive_spacing,,,,feasible_start_adaptive_spacing,0.5,,True,auto_from_instance,0.75,0.35,"2,3,5,11,13,15,17,18,19,23,24,25","2,4,5,8,9,13,18,19",,,,,,"H[2,3,5,11,13,15,17,18,19,23,24,25]|V[2,4,5,8,9,13,18,19]",b41b2678f47c3e9bfe9aa6316c7790f5ace7089f
proposed_nsga2_bs_AT_S_comercial_layout_AW_3_seed_104,proposed_nsga2_bs,AT_S_comercial_layout_AW_3,104,12,auto_from_instance,10,15,3,28,150,,,,,3,1,4,root > V:2 > BH:11 > BV:9 > BH:19,selected,1,inf,True,222,115,107,107.0,1.0,1.0,True,True,1,1,0,True,1,1,0,0,True,True,0,12,8,12,8,1,RP,sampled_pool,,,False,0.8666666666666667,0.9357834138283523,0.1333333333333333,0.1,adaptive,bit_flip,offspring,random_feasible_start_no_adaptive_spacing,,,,feasible_start_adaptive_spacing,0.5,,True,auto_from_instance,0.75,0.35,"2,3,5,11,13,15,17,18,19,23,24,25","2,4,5,8,9,13,18,19",,,,,,"H[2,3,5,11,13,15,17,18,19,23,24,25]|V[2,4,5,8,9,13,18,19]",a13494f6aa090e10b6ffeff3cbd3e8aae05c5505
proposed_nsga2_bs_AT_S_comercial_layout_AW_3_seed_104,proposed_nsga2_bs,AT_S_comercial_layout_AW_3,104,12,auto_from_instance,10,15,3,28,150,,,,,4,2,4,root > V:2 > BH:11 > BH:18 > BV:8,selected,0,inf,True,222,120,102,118.0,1.0,1.0,True,True,1,1,0,True,1,1,0,0,True,True,0,9,11,9,11,2,LS_SS,sampled_pool,,,True,0.8666666666666667,0.9025526590401481,0.1333333333333333,0.1,adaptive,spacing_aware_flip,offspring,random_feasible_start_no_adaptive_spacing,,,,feasible_start_adaptive_spacing,0.5,,True,auto_from_instance,0.75,0.35,"2,3,4,5,6,11,18,19,25","2,4,5,6,8,9,13,14,17,18,19",,,,,,"H[2,3,4,5,6,11,18,19,25]|V[2,4,5,6,8,9,13,14,17,18,19]",c7821f85912c8e5c3b6ca7ddc3262e68ecac8a29
proposed_nsga2_bs_AT_S_comercial_layout_AW_3_seed_104,proposed_nsga2_bs,AT_S_comercial_layout_AW_3,104,12,auto_from_instance,10,15,3,28,150,,,,,5,2,4,root > V:2 > BH:11 > BV:9 > BV:8,selected,0,inf,True,222,120,102,118.0,1.0,1.0,True,True,1,1,0,True,1,1,0,0,True,True,0,9,11,9,11,2,LS_SS,sampled_pool,,,True,0.8666666666666667,0.9025526590401481,0.1333333333333333,0.1,adaptive,spacing_aware_flip,offspring,random_feasible_start_no_adaptive_spacing,,,,feasible_start_adaptive_spacing,0.5,,True,auto_from_instance,0.75,0.35,"2,3,4,5,6,11,18,19,25","2,4,5,6,8,9,13,14,17,18,19",,,,,,"H[2,3,4,5,6,11,18,19,25]|V[2,4,5,6,8,9,13,14,17,18,19]",819b823d42066f1be4d37e503ecee22d07e5a6b0
proposed_nsga2_bs_AT_S_comercial_layout_AW_3_seed_104,proposed_nsga2_bs,AT_S_comercial_layout_AW_3,104,12,auto_from_instance,10,15,3,28,150,,,,,6,2,4,root > V:2 > BH:11 > BH:19 > BV:8,selected,1,inf,True,222,120,102,151.0,1.0,1.0,True,True,1,1,0,True,1,1,0,0,True,True,0,9,11,9,11,2,LS_SS,sampled_pool,,,True,0.8666666666666667,0.9025526590401481,0.1333333333333333,0.1,adaptive,spacing_aware_flip,offspring,random_feasible_start_no_adaptive_spacing,,,,feasible_start_adaptive_spacing,0.5,,True,auto_from_instance,0.75,0.35,"2,3,4,5,6,11,18,19,25","2,4,5,6,8,9,13,14,17,18,19",,,,,,"H[2,3,4,5,6,11,18,19,25]|V[2,4,5,6,8,9,13,14,17,18,19]",8ba645c74da6577ac7820f92db785eac755acc05
proposed_nsga2_bs_AT_S_comercial_layout_AW_3_seed_104,proposed_nsga2_bs,AT_S_comercial_layout_AW_3,104,12,auto_from_instance,10,15,3,28,150,,,,,7,7,6,root > V:5 > BH:11 > BH:18 > BH:11 > BH:3 > BV:13,selected,2,inf,True,219,90,129,209.0,1.0,1.0,True,True,1,1,0,True,1,1,0,0,True,True,0,9,8,9,8,7,SS_PF_LS,sampled_pool,,,True,0.8666666666666667,0.8037791793105731,0.1333333333333333,0.1,adaptive,break_symmetry,offspring,random_feasible_start_no_adaptive_spacing,,,,feasible_start_adaptive_spacing,0.5,,True,auto_from_instance,0.75,0.35,"2,3,4,5,6,11,13,18,19","2,4,5,8,9,13,17,19",,,,,,"H[2,3,4,5,6,11,13,18,19]|V[2,4,5,8,9,13,17,19]",cbba08a07531cc6542f27ca98621791bd35cab77
proposed_nsga2_bs_AT_S_comercial_layout_AW_3_seed_104,proposed_nsga2_bs,AT_S_comercial_layout_AW_3,104,12,auto_from_instance,10,15,3,28,150,,,,,8,7,6,root > V:5 > BH:11 > BH:18 > BH:10 > BH:3 > BV:13,selected,2,0.0,True,219,90,129,209.0,1.0,1.0,True,True,1,1,0,True,1,1,0,0,True,True,0,10,8,10,8,7,SS_PF_LS,sampled_pool,,,True,0.8666666666666667,0.8037791793105731,0.1333333333333333,0.1,adaptive,break_symmetry,offspring,random_feasible_start_no_adaptive_spacing,,,,feasible_start_adaptive_spacing,0.5,,True,auto_from_instance,0.75,0.35,"2,3,4,5,6,11,13,18,19","2,4,5,8,9,13,17,19",,,,,,"H[2,3,4,5,6,10,11,13,18,19]|V[2,4,5,8,9,13,17,19]",2458f933cf3f19aa1aa8c5e73507b947572b0492
proposed_nsga2_bs_AT_S_comercial_layout_AW_3_seed_104,proposed_nsga2_bs,AT_S_comercial_layout_AW_3,104,12,auto_from_instance,10,15,3,28,150,,,,,9,7,6,root > V:5 > BH:11 > BH:17 > BH:10 > BH:3 > BV:13,selected,2,inf,True,219,90,129,209.0,1.0,1.0,True,True,1,1,0,True,1,1,0,0,True,True,0,11,8,11,8,7,SS_PF_LS,sampled_pool,,,True,0.8666666666666667,0.8037791793105731,0.1333333333333333,0.1,adaptive,break_symmetry,offspring,random_feasible_start_no_adaptive_spacing,,,,feasible_start_adaptive_spacing,0.5,,True,auto_from_instance,0.75,0.35,"2,3,4,5,6,11,13,18,19","2,4,5,8,9,13,17,19",,,,,,"H[2,3,4,5,6,10,11,13,17,18,19]|V[2,4,5,8,9,13,17,19]",81b1e6bcefd16da3e5a22253c0b2f45172bd94b7
proposed_nsga2_bs_AT_S_comercial_layout_AW_3_seed_104,proposed_nsga2_bs,AT_S_comercial_layout_AW_3,104,12,auto_from_instance,10,15,3,28,150,,,,,10,10,4,root > V:2 > BH:11 > BH:17 > BV:8,selected,1,inf,True,222,120,102,151.0,1.0,1.0,True,True,1,1,0,True,1,1,0,0,True,True,0,13,8,13,8,10,LS,sampled_pool,,,False,0.8666666666666667,0.8289871692675632,0.1333333333333333,0.1,adaptive,insert_random_aisle,offspring,random_feasible_start_no_adaptive_spacing,,,,feasible_start_adaptive_spacing,0.5,,True,auto_from_instance,0.75,0.35,"2,3,4,5,6,11,13,15,17,18,19,22,23","2,3,5,8,9,10,13,14",,,,,,"H[2,3,4,5,6,11,13,15,17,18,19,22,23]|V[2,3,5,8,9,10,13,14]",2035ca093874466b8e7b1e9f7aa71b738528a47d
proposed_nsga2_bs_AT_S_comercial_layout_AW_3_seed_104,proposed_nsga2_bs,AT_S_comercial_layout_AW_3,104,13,auto_from_instance,10,15,3,28,150,,,,,1,1,6,root > V:5 > BH:11 > BH:18 > BH:11 > BH:3 > BV:13,selected,2,inf,True,219,90,129,209.0,1.0,1.0,True,True,1,1,0,True,1,1,0,0,True,True,0,14,8,14,8,1,SS,sampled_pool,,,True,0.9333333333333333,0.9397781381209506,0.1,0.1,adaptive,bit_flip,offspring,random_feasible_start_no_adaptive_spacing,,,,feasible_start_adaptive_spacing,0.5,,True,auto_from_instance,0.75,0.35,"2,3,4,5,6,11,13,15,17,18,19,23,24,25","2,4,5,8,9,18,19",,,,,,"H[2,3,4,5,6,11,13,15,17,18,19,23,24,25]|V[2,4,5,8,9,13,18,19]",cbba08a07531cc6542f27ca98621791bd35cab77
proposed_nsga2_bs_AT_S_comercial_layout_AW_3_seed_104,proposed_nsga2_bs,AT_S_comercial_layout_AW_3,104,13,auto_from_instance,10,15,3,28,150,,,,,2,1,6,root > V:5 > BH:11 > BH:18 > BH:10 > BH:3 > BV:13,evaluated,2,0.0,False,219,90,129,209.0,1.0,1.0,True,True,1,1,0,True,1,1,0,0,True,True,0,15,8,15,8,1,SS,sampled_pool,,,True,0.9333333333333333,0.9397781381209506,0.1,0.1,adaptive,bit_flip,offspring,random_feasible_start_no_adaptive_spacing,,,,feasible_start_adaptive_spacing,0.5,,True,auto_from_instance,0.75,0.35,"2,3,4,5,6,11,13,15,17,18,19,23,24,25","2,4,5,8,9,18,19",,,,,,"H[2,3,4,5,6,10,11,13,15,17,18,19,23,24,25]|V[2,4,5,8,9,13,18,19]",2458f933cf3f19aa1aa8c5e73507b947572b0492
proposed_nsga2_bs_AT_S_comercial_layout_AW_3_seed_104,proposed_nsga2_bs,AT_S_comercial_layout_AW_3,104,13,auto_from_instance,10,15,3,28,150,,,,,3,1,6,root > V:5 > BH:11 > BH:17 > BH:10 > BH:3 > BV:13,selected,2,inf,True,219,90,129,209.0,1.0,1.0,True,True,1,1,0,True,1,1,0,0,True,True,0,15,8,15,8,1,SS,sampled_pool,,,True,0.9333333333333333,0.9397781381209506,0.1,0.1,adaptive,bit_flip,offspring,random_feasible_start_no_adaptive_spacing,,,,feasible_start_adaptive_spacing,0.5,,True,auto_from_instance,0.75,0.35,"2,3,4,5,6,11,13,15,17,18,19,23,24,25","2,4,5,8,9,18,19",,,,,,"H[2,3,4,5,6,10,11,13,15,17,18,19,23,24,25]|V[2,4,5,8,9,13,18,19]",81b1e6bcefd16da3e5a22253c0b2f45172bd94b7
proposed_nsga2_bs_AT_S_comercial_layout_AW_3_seed_104,proposed_nsga2_bs,AT_S_comercial_layout_AW_3,104,13,auto_from_instance,10,15,3,28,150,,,,,4,2,4,root > V:2 > BH:11 > BH:19 > BV:8,selected,1,inf,True,222,120,102,151.0,1.0,1.0,True,True,1,1,0,True,1,1,0,0,True,True,0,10,8,10,8,2,LS,sampled_pool,,,False,0.9333333333333333,0.8059214571192373,0.1,0.1,adaptive,remove_random_aisle,offspring,random_feasible_start_no_adaptive_spacing,,,,feasible_start_adaptive_spacing,0.5,,True,auto_from_instance,0.75,0.35,"2,3,5,11,13,15,17,19,22,23","2,3,5,8,9,10,13,14",,,,,,"H[2,3,5,11,13,15,17,19,22,23]|V[2,3,5,8,9,10,13,14]",8ba645c74da6577ac7820f92db785eac755acc05
proposed_nsga2_bs_AT_S_comercial_layout_AW_3_seed_104,proposed_nsga2_bs,AT_S_comercial_layout_AW_3,104,13,auto_from_instance,10,15,3,28,150,,,,,5,2,4,root > V:2 > BH:11 > BH:18 > BV:8,selected,0,inf,True,222,120,102,118.0,1.0,1.0,True,True,1,1,0,True,1,1,0,0,True,True,0,11,8,11,8,2,LS,sampled_pool,,,False,0.9333333333333333,0.8059214571192373,0.1,0.1,adaptive,remove_random_aisle,offspring,random_feasible_start_no_adaptive_spacing,,,,feasible_start_adaptive_spacing,0.5,,True,auto_from_instance,0.75,0.35,"2,3,5,11,13,15,17,19,22,23","2,3,5,8,9,10,13,14",,,,,,"H[2,3,5,11,13,15,17,18,19,22,23]|V[2,3,5,8,9,10,13,14]",c7821f85912c8e5c3b6ca7ddc3262e68ecac8a29
proposed_nsga2_bs_AT_S_comercial_layout_AW_3_seed_104,proposed_nsga2_bs,AT_S_comercial_layout_AW_3,104,13,auto_from_instance,10,15,3,28,150,,,,,6,2,4,root > V:2 > BH:11 > BH:17 > BV:8,selected,1,inf,True,222,120,102,151.0,1.0,1.0,True,True,1,1,0,True,1,1,0,0,True,True,0,10,8,10,8,2,LS,sampled_pool,,,False,0.9333333333333333,0.8059214571192373,0.1,0.1,adaptive,remove_random_aisle,offspring,random_feasible_start_no_adaptive_spacing,,,,feasible_start_adaptive_spacing,0.5,,True,auto_from_instance,0.75,0.35,"2,3,5,11,13,15,17,19,22,23","2,3,5,8,9,10,13,14",,,,,,"H[2,3,5,11,13,15,17,19,22,23]|V[2,3,5,8,9,10,13,14]",2035ca093874466b8e7b1e9f7aa71b738528a47d
proposed_nsga2_bs_AT_S_comercial_layout_AW_3_seed_104,proposed_nsga2_bs,AT_S_comercial_layout_AW_3,104,13,auto_from_instance,10,15,3,28,150,,,,,7,3,4,root > V:2 > BH:11 > BV:9 > BV:8,selected,0,inf,True,222,120,102,118.0,1.0,1.0,True,True,1,1,0,True,1,1,0,0,True,True,0,9,9,9,9,3,PF_SS_RP,sampled_pool,,,True,0.9333333333333333,0.8962495322930182,0.1,0.1,adaptive,remove_random_aisle,offspring,random_feasible_start_no_adaptive_spacing,,,,feasible_start_adaptive_spacing,0.5,,True,auto_from_instance,0.75,0.35,"2,3,11,13,15,17,18,19,25","2,4,5,8,9,13,14,18,19",,,,,,"H[2,3,11,13,15,17,18,19,25]|V[2,4,5,8,9,13,14,18,19]",819b823d42066f1be4d37e503ecee22d07e5a6b0
proposed_nsga2_bs_AT_S_comercial_layout_AW_3_seed_104,proposed_nsga2_bs,AT_S_comercial_layout_AW_3,104,13,auto_from_instance,10,15,3,28,150,,,,,8,4,6,root > V:6 > BH:11 > BH:19 > BH:13 > BH:7 > BV:13,selected,2,inf,True,213,98,115,319.0,1.0,1.0,True,True,1,1,0,True,1,1,0,0,True,True,0,12,10,12,10,4,PF,sampled_pool,,,False,0.9333333333333333,0.9070021971193417,0.1,0.1,adaptive,remove_random_aisle,offspring,random_feasible_start_no_adaptive_spacing,,,,feasible_start_adaptive_spacing,0.5,,True,auto_from_instance,0.75,0.35,"2,3,4,6,11,18,19,23,24,25","2,4,5,6,8,9,13,17,18,19",,,,,,"H[2,3,4,6,7,11,13,18,19,23,24,25]|V[2,4,5,6,8,9,13,17,18,19]",23ef570038b4a2e4003284fcf16d928fbd63ba52
proposed_nsga2_bs_AT_S_comercial_layout_AW_3_seed_104,proposed_nsga2_bs,AT_S_comercial_layout_AW_3,104,13,auto_from_instance,10,15,3,28,150,,,,,9,4,6,root > V:6 > BH:11 > BH:19 > BH:13 > BH:6 > BV:13,evaluated,2,0.2565508021390374,False,213,97,116,294.0,1.0,1.0,True,True,1,1,0,True,1,1,0,0,True,True,0,11,10,11,10,4,PF,sampled_pool,,,False,0.9333333333333333,0.9070021971193417,0.1,0.1,adaptive,remove_random_aisle,offspring,random_feasible_start_no_adaptive_spacing,,,,feasible_start_adaptive_spacing,0.5,,True,auto_from_instance,0.75,0.35,"2,3,4,6,11,18,19,23,24,25","2,4,5,6,8,9,13,17,18,19",,,,,,"H[2,3,4,6,11,13,18,19,23,24,25]|V[2,4,5,6,8,9,13,17,18,19]",3f71d3604ac758ed2fc64782659a5c5b78ec10af
proposed_nsga2_bs_AT_S_comercial_layout_AW_3_seed_104,proposed_nsga2_bs,AT_S_comercial_layout_AW_3,104,13,auto_from_instance,10,15,3,28,150,,,,,10,4,6,root > V:6 > BH:11 > BH:19 > BH:12 > BH:6 > BV:13,evaluated,2,1.3743315508021392,False,213,97,116,294.0,1.0,1.0,True,True,1,1,0,True,1,1,0,0,True,True,0,11,10,11,10,4,PF,sampled_pool,,,False,0.9333333333333333,0.9070021971193417,0.1,0.1,adaptive,remove_random_aisle,offspring,random_feasible_start_no_adaptive_spacing,,,,feasible_start_adaptive_spacing,0.5,,True,auto_from_instance,0.75,0.35,"2,3,4,6,11,18,19,23,24,25","2,4,5,6,8,9,13,17,18,19",,,,,,"H[2,3,4,6,11,12,18,19,23,24,25]|V[2,4,5,6,8,9,13,17,18,19]",8fd75ce86e637920b9767990b8639d15c3a9c885
proposed_nsga2_bs_AT_S_comercial_layout_AW_3_seed_104,proposed_nsga2_bs,AT_S_comercial_layout_AW_3,104,13,auto_from_instance,10,15,3,28,150,,,,,11,8,4,root > V:3 > BH:11 > BV:9 > BV:10,selected,1,inf,True,225,115,110,149.0,1.0,1.0,True,True,1,1,0,True,1,1,0,0,True,True,0,13,8,13,8,8,RP,sampled_pool,,,False,0.9333333333333333,0.9771869516812701,0.1,0.1,adaptive,swap_segments,offspring,random_feasible_start_no_adaptive_spacing,,,,feasible_start_adaptive_spacing,0.5,,True,auto_from_instance,0.75,0.35,"2,3,4,5,6,11,13,17,18,19,22,23,26","2,3,5,8,9,10,13,14",,,,,,"H[2,3,4,5,6,11,13,17,18,19,22,23,26]|V[2,3,5,8,9,10,13,14]",ae825089721f98e0d9805014401719023ff6a664
proposed_nsga2_bs_AT_S_comercial_layout_AW_3_seed_104,proposed_nsga2_bs,AT_S_comercial_layout_AW_3,104,13,auto_from_instance,10,15,3,28,150,,,,,12,8,4,root > V:3 > BH:11 > BV:9 > BV:9,selected,1,inf,True,225,115,110,149.0,1.0,1.0,True,True,1,1,0,True,1,1,0,0,True,True,0,13,8,13,8,8,RP,sampled_pool,,,False,0.9333333333333333,0.9771869516812701,0.1,0.1,adaptive,swap_segments,offspring,random_feasible_start_no_adaptive_spacing,,,,feasible_start_adaptive_spacing,0.5,,True,auto_from_instance,0.75,0.35,"2,3,4,5,6,11,13,17,18,19,22,23,26","2,3,5,8,9,10,13,14",,,,,,"H[2,3,4,5,6,11,13,17,18,19,22,23,26]|V[2,3,5,8,9,10,13,14]",0a75f2b327085dc5778e0a33aad21dbd318e0a85
proposed_nsga2_bs_AT_S_comercial_layout_AW_3_seed_104,proposed_nsga2_bs,AT_S_comercial_layout_AW_3,104,13,auto_from_instance,10,15,3,28,150,,,,,13,8,4,root > V:3 > BH:11 > BV:9 > BV:13,evaluated,2,inf,False,225,93,132,226.0,1.0,1.0,True,True,1,1,0,True,1,1,0,0,True,True,0,13,8,13,8,8,RP,sampled_pool,,,False,0.9333333333333333,0.9771869516812701,0.1,0.1,adaptive,swap_segments,offspring,random_feasible_start_no_adaptive_spacing,,,,feasible_start_adaptive_spacing,0.5,,True,auto_from_instance,0.75,0.35,"2,3,4,5,6,11,13,17,18,19,22,23,26","2,3,5,8,9,10,13,14",,,,,,"H[2,3,4,5,6,11,13,17,18,19,22,23,26]|V[2,3,5,8,9,10,13,14]",3fc0967e8cf1acc9db002871d4c6fad00e132dd7
proposed_nsga2_bs_AT_S_comercial_layout_AW_3_seed_104,proposed_nsga2_bs,AT_S_comercial_layout_AW_3,104,13,auto_from_instance,10,15,3,28,150,,,,,14,9,6,root > V:5 > BH:11 > BH:19 > BH:13 > BH:7 > BV:13,evaluated,2,1.1740641711229947,False,219,92,127,286.0,1.0,1.0,True,True,1,1,0,True,1,1,0,0,True,True,0,11,10,11,10,9,PF_LS_RP,sampled_pool,,,False,0.9333333333333333,0.9769373020557517,0.1,0.1,adaptive,insert_random_aisle,offspring,random_feasible_start_no_adaptive_spacing,,,,feasible_start_adaptive_spacing,0.5,,True,auto_from_instance,0.75,0.35,"2,3,5,11,13,15,18,19,24,25","1,2,4,5,6,8,9,13,18,19",,,,,,"H[2,3,5,7,11,13,15,18,19,24,25]|V[1,2,4,5,6,8,9,13,18,19]",83db31f9197a36d619843bf3d29485607fd03847
proposed_nsga2_bs_AT_S_comercial_layout_AW_3_seed_104,proposed_nsga2_bs,AT_S_comercial_layout_AW_3,104,13,auto_from_instance,10,15,3,28,150,,,,,15,9,6,root > V:5 > BH:11 > BH:19 > BH:13 > BH:6 > BV:13,evaluated,2,0.5838235294117647,False,219,91,128,270.0,1.0,1.0,True,True,1,1,0,True,1,1,0,0,True,True,0,11,10,11,10,9,PF_LS_RP,sampled_pool,,,False,0.9333333333333333,0.9769373020557517,0.1,0.1,adaptive,insert_random_aisle,offspring,random_feasible_start_no_adaptive_spacing,,,,feasible_start_adaptive_spacing,0.5,,True,auto_from_instance,0.75,0.35,"2,3,5,11,13,15,18,19,24,25","1,2,4,5,6,8,9,13,18,19",,,,,,"H[2,3,5,6,11,13,15,18,19,24,25]|V[1,2,4,5,6,8,9,13,18,19]",e1f0e772df9443d724aa36f576d5bb596885ec2d
proposed_nsga2_bs_AT_S_comercial_layout_AW_3_seed_104,proposed_nsga2_bs,AT_S_comercial_layout_AW_3,104,13,auto_from_instance,10,15,3,28,150,,,,,16,9,6,root > V:5 > BH:11 > BH:19 > BH:12 > BH:6 > BV:13,evaluated,2,0.32927807486631017,False,219,91,128,270.0,1.0,1.0,True,True,1,1,0,True,1,1,0,0,True,True,0,12,10,12,10,9,PF_LS_RP,sampled_pool,,,False,0.9333333333333333,0.9769373020557517,0.1,0.1,adaptive,insert_random_aisle,offspring,random_feasible_start_no_adaptive_spacing,,,,feasible_start_adaptive_spacing,0.5,,True,auto_from_instance,0.75,0.35,"2,3,5,11,13,15,18,19,24,25","1,2,4,5,6,8,9,13,18,19",,,,,,"H[2,3,5,6,11,12,13,15,18,19,24,25]|V[1,2,4,5,6,8,9,13,18,19]",6c72f66ef47291931136417cf64cd419a5d3ab85
proposed_nsga2_bs_AT_S_comercial_layout_AW_3_seed_104,proposed_nsga2_bs,AT_S_comercial_layout_AW_3,104,13,auto_from_instance,10,15,3,28,150,,,,,17,10,4,root > V:2 > BH:11 > BH:19 > BV:9,selected,0,inf,True,222,115,107,107.0,1.0,1.0,True,True,1,1,0,True,1,1,0,0,True,True,0,11,10,11,10,10,PF,sampled_pool,,,False,0.9333333333333333,0.9237441818022746,0.1,0.1,adaptive,break_symmetry,offspring,random_feasible_start_no_adaptive_spacing,,,,feasible_start_adaptive_spacing,0.5,,True,auto_from_instance,0.75,0.35,"2,3,4,5,7,11,17,18,19,23,25","2,4,5,8,9,13,14,17,18,19",,,,,,"H[2,3,4,5,7,11,17,18,19,23,25]|V[2,4,5,8,9,13,14,17,18,19]",a13494f6aa090e10b6ffeff3cbd3e8aae05c5505
proposed_nsga2_bs_AT_S_comercial_layout_AW_3_seed_104,proposed_nsga2_bs,AT_S_comercial_layout_AW_3,104,14,auto_from_instance,10,15,3,28,150,,,,,1,1,6,root > V:5 > BH:11 > BH:18 > BH:11 > BH:3 > BV:13,selected,2,inf,True,219,90,129,209.0,1.0,1.0,True,True,1,1,0,True,1,1,0,0,True,True,0,10,8,10,8,1,SS_PF_LS,sampled_pool,,,True,1.0,0.9931684119399651,0.1,0.1,adaptive,remove_random_aisle,offspring,random_feasible_start_no_adaptive_spacing,,,,feasible_start_adaptive_spacing,0.5,,True,auto_from_instance,0.75,0.35,"2,3,4,5,7,11,17,18,19,23","2,3,5,8,9,13,14,17",,,,,,"H[2,3,4,5,7,11,17,18,19,23]|V[2,3,5,8,9,13,14,17]",cbba08a07531cc6542f27ca98621791bd35cab77
proposed_nsga2_bs_AT_S_comercial_layout_AW_3_seed_104,proposed_nsga2_bs,AT_S_comercial_layout_AW_3,104,14,auto_from_instance,10,15,3,28,150,,,,,2,1,6,root > V:5 > BH:11 > BH:18 > BH:10 > BH:3 > BV:13,evaluated,2,0.0,False,219,90,129,209.0,1.0,1.0,True,True,1,1,0,True,1,1,0,0,True,True,0,11,8,11,8,1,SS_PF_LS,sampled_pool,,,True,1.0,0.9931684119399651,0.1,0.1,adaptive,remove_random_aisle,offspring,random_feasible_start_no_adaptive_spacing,,,,feasible_start_adaptive_spacing,0.5,,True,auto_from_instance,0.75,0.35,"2,3,4,5,7,11,17,18,19,23","2,3,5,8,9,13,14,17",,,,,,"H[2,3,4,5,7,10,11,17,18,19,23]|V[2,3,5,8,9,13,14,17]",2458f933cf3f19aa1aa8c5e73507b947572b0492
proposed_nsga2_bs_AT_S_comercial_layout_AW_3_seed_104,proposed_nsga2_bs,AT_S_comercial_layout_AW_3,104,14,auto_from_instance,10,15,3,28,150,,,,,3,1,6,root > V:5 > BH:11 > BH:17 > BH:10 > BH:3 > BV:13,selected,2,inf,True,219,90,129,209.0,1.0,1.0,True,True,1,1,0,True,1,1,0,0,True,True,0,11,8,11,8,1,SS_PF_LS,sampled_pool,,,True,1.0,0.9931684119399651,0.1,0.1,adaptive,remove_random_aisle,offspring,random_feasible_start_no_adaptive_spacing,,,,feasible_start_adaptive_spacing,0.5,,True,auto_from_instance,0.75,0.35,"2,3,4,5,7,11,17,18,19,23","2,3,5,8,9,13,14,17",,,,,,"H[2,3,4,5,7,10,11,17,18,19,23]|V[2,3,5,8,9,13,14,17]",81b1e6bcefd16da3e5a22253c0b2f45172bd94b7
proposed_nsga2_bs_AT_S_comercial_layout_AW_3_seed_104,proposed_nsga2_bs,AT_S_comercial_layout_AW_3,104,14,auto_from_instance,10,15,3,28,150,,,,,4,2,4,root > V:2 > BH:11 > BH:18 > BV:8,selected,0,inf,True,222,120,102,118.0,1.0,1.0,True,True,1,1,0,True,1,1,0,0,True,True,0,11,9,11,9,2,PF_LS_RP,sampled_pool,,,False,1.0,0.9530314352029674,0.1,0.1,adaptive,remove_random_aisle,offspring,random_feasible_start_no_adaptive_spacing,,,,feasible_start_adaptive_spacing,0.5,,True,auto_from_instance,0.75,0.35,"2,3,11,13,15,17,19,22,23,25","2,4,5,8,9,13,14,18,19",,,,,,"H[2,3,11,13,15,17,18,19,22,23,25]|V[2,4,5,8,9,13,14,18,19]",c7821f85912c8e5c3b6ca7ddc3262e68ecac8a29
proposed_nsga2_bs_AT_S_comercial_layout_AW_3_seed_104,proposed_nsga2_bs,AT_S_comercial_layout_AW_3,104,14,auto_from_instance,10,15,3,28,150,,,,,5,2,4,root > V:2 > BH:11 > BV:9 > BV:8,selected,0,inf,True,222,120,102,118.0,1.0,1.0,True,True,1,1,0,True,1,1,0,0,True,True,0,10,9,10,9,2,PF_LS_RP,sampled_pool,,,False,1.0,0.9530314352029674,0.1,0.1,adaptive,remove_random_aisle,offspring,random_feasible_start_no_adaptive_spacing,,,,feasible_start_adaptive_spacing,0.5,,True,auto_from_instance,0.75,0.35,"2,3,11,13,15,17,19,22,23,25","2,4,5,8,9,13,14,18,19",,,,,,"H[2,3,11,13,15,17,19,22,23,25]|V[2,4,5,8,9,13,14,18,19]",819b823d42066f1be4d37e503ecee22d07e5a6b0
proposed_nsga2_bs_AT_S_comercial_layout_AW_3_seed_104,proposed_nsga2_bs,AT_S_comercial_layout_AW_3,104,14,auto_from_instance,10,15,3,28,150,,,,,6,2,4,root > V:2 > BH:11 > BH:19 > BV:8,selected,1,inf,True,222,120,102,151.0,1.0,1.0,True,True,1,1,0,True,1,1,0,0,True,True,0,10,9,10,9,2,PF_LS_RP,sampled_pool,,,False,1.0,0.9530314352029674,0.1,0.1,adaptive,remove_random_aisle,offspring,random_feasible_start_no_adaptive_spacing,,,,feasible_start_adaptive_spacing,0.5,,True,auto_from_instance,0.75,0.35,"2,3,11,13,15,17,19,22,23,25","2,4,5,8,9,13,14,18,19",,,,,,"H[2,3,11,13,15,17,19,22,23,25]|V[2,4,5,8,9,13,14,18,19]",8ba645c74da6577ac7820f92db785eac755acc05
proposed_nsga2_bs_AT_S_comercial_layout_AW_3_seed_104,proposed_nsga2_bs,AT_S_comercial_layout_AW_3,104,14,auto_from_instance,10,15,3,28,150,,,,,7,4,6,root > V:5 > BH:11 > BV:13 > BH:19 > BH:13 > BH:7,selected,2,inf,True,219,92,127,286.0,1.0,1.0,True,True,1,1,0,True,1,1,0,0,True,True,0,12,9,12,9,4,LS_PF,sampled_pool,,,False,1.0,0.9453396330638878,0.1,0.1,adaptive,remove_random_aisle,offspring,random_feasible_start_no_adaptive_spacing,,,,feasible_start_adaptive_spacing,0.5,,True,auto_from_instance,0.75,0.35,"2,3,4,5,7,11,17,18,19,23,25","4,5,8,9,13,14,17,18,19",,,,,,"H[2,3,4,5,7,11,13,17,18,19,23,25]|V[4,5,8,9,13,14,17,18,19]",83db31f9197a36d619843bf3d29485607fd03847
proposed_nsga2_bs_AT_S_comercial_layout_AW_3_seed_104,proposed_nsga2_bs,AT_S_comercial_layout_AW_3,104,14,auto_from_instance,10,15,3,28,150,,,,,8,4,6,root > V:5 > BH:11 > BV:13 > BH:19 > BH:13 > BH:6,selected,2,1.7922077922077921,True,219,91,128,270.0,1.0,1.0,True,True,1,1,0,True,1,1,0,0,True,True,0,13,9,13,9,4,LS_PF,sampled_pool,,,False,1.0,0.9453396330638878,0.1,0.1,adaptive,remove_random_aisle,offspring,random_feasible_start_no_adaptive_spacing,,,,feasible_start_adaptive_spacing,0.5,,True,auto_from_instance,0.75,0.35,"2,3,4,5,7,11,17,18,19,23,25","4,5,8,9,13,14,17,18,19",,,,,,"H[2,3,4,5,6,7,11,13,17,18,19,23,25]|V[4,5,8,9,13,14,17,18,19]",e1f0e772df9443d724aa36f576d5bb596885ec2d
proposed_nsga2_bs_AT_S_comercial_layout_AW_3_seed_104,proposed_nsga2_bs,AT_S_comercial_layout_AW_3,104,14,auto_from_instance,10,15,3,28,150,,,,,9,4,6,root > V:5 > BH:11 > BV:13 > BH:19 > BH:12 > BH:6,evaluated,2,1.2077922077922079,False,219,91,128,270.0,1.0,1.0,True,True,1,1,0,True,1,1,0,0,True,True,0,13,9,13,9,4,LS_PF,sampled_pool,,,False,1.0,0.9453396330638878,0.1,0.1,adaptive,remove_random_aisle,offspring,random_feasible_start_no_adaptive_spacing,,,,feasible_start_adaptive_spacing,0.5,,True,auto_from_instance,0.75,0.35,"2,3,4,5,7,11,17,18,19,23,25","4,5,8,9,13,14,17,18,19",,,,,,"H[2,3,4,5,6,7,11,12,17,18,19,23,25]|V[4,5,8,9,13,14,17,18,19]",6c72f66ef47291931136417cf64cd419a5d3ab85
proposed_nsga2_bs_AT_S_comercial_layout_AW_3_seed_104,proposed_nsga2_bs,AT_S_comercial_layout_AW_3,104,14,auto_from_instance,10,15,3,28,150,,,,,10,5,4,root > V:2 > BH:11 > BH:17 > BV:8,selected,1,inf,True,222,120,102,151.0,1.0,1.0,True,True,1,1,0,True,1,1,0,0,True,True,0,11,8,11,8,5,LS_PF,sampled_pool,,,False,1.0,0.9881688701945891,0.1,0.1,adaptive,insert_random_aisle,offspring,random_feasible_start_no_adaptive_spacing,,,,feasible_start_adaptive_spacing,0.5,,True,auto_from_instance,0.75,0.35,"2,3,5,7,11,17,18,19,20,22,23","2,3,5,8,9,10,13,14",,,,,,"H[2,3,5,7,11,17,18,19,20,22,23]|V[2,3,5,8,9,10,13,14]",2035ca093874466b8e7b1e9f7aa71b738528a47d
proposed_nsga2_bs_AT_S_comercial_layout_AW_3_seed_104,proposed_nsga2_bs,AT_S_comercial_layout_AW_3,104,14,auto_from_instance,10,15,3,28,150,,,,,11,7,4,root > V:2 > BH:11 > BH:18 > BV:9,selected,0,inf,True,222,115,107,74.0,1.0,1.0,True,True,1,1,0,True,1,1,0,0,True,True,0,12,8,12,8,7,PF_RP,sampled_pool,,,False,1.0,0.9625276492647037,0.1,0.1,adaptive,break_symmetry,offspring,random_feasible_start_no_adaptive_spacing,,,,feasible_start_adaptive_spacing,0.5,,True,auto_from_instance,0.75,0.35,"2,3,5,11,13,15,17,19,22,23,26","2,3,5,8,9,10,12,14",,,,,,"H[2,3,5,11,13,15,17,18,19,22,23,26]|V[2,3,5,8,9,10,12,14]",313e3f681b33bc30f90444b0b1b5dd821fed5c79
proposed_nsga2_bs_AT_S_comercial_layout_AW_3_seed_104,proposed_nsga2_bs,AT_S_comercial_layout_AW_3,104,14,auto_from_instance,10,15,3,28,150,,,,,12,7,4,root > V:3 > BH:11 > BV:10 > BV:9,selected,1,inf,True,225,115,110,149.0,1.0,1.0,True,True,1,1,0,True,1,1,0,0,True,True,0,11,8,11,8,7,PF_RP,sampled_pool,,,False,1.0,0.9625276492647037,0.1,0.1,adaptive,break_symmetry,offspring,random_feasible_start_no_adaptive_spacing,,,,feasible_start_adaptive_spacing,0.5,,True,auto_from_instance,0.75,0.35,"2,3,5,11,13,15,17,19,22,23,26","2,3,5,8,9,10,12,14",,,,,,"H[2,3,5,11,13,15,17,19,22,23,26]|V[2,3,5,8,9,10,12,14]",ae825089721f98e0d9805014401719023ff6a664
