run_id,method,instance,seed,generation,budget_policy,auto_population_size,auto_generations,auto_beam_width,auto_max_depth,auto_decode_budget,restart_index,batch_index,within_batch_index,decode_budget,candidate_id,parent_chromosome_id,depth,trace,status,rank,crowding_distance,selected,storage_total,pick_faces,interior_storage,retrieval_penalty,door_connectivity_index,access_anchor_connectivity_index,has_door_connected_aisle,has_access_anchor_connected_aisle,aisle_components,anchor_connected_components,unanchored_aisle_components,single_aisle_component,access_network_components,aisle_access_network_components,unreachable_aisle_components,unreachable_aisle_cells,has_access_anchor_reachable_aisle_network,exact_width_ok,exact_width_violation_count,chromosome_h_active_count,chromosome_v_active_count,active_h_count,active_v_count,chromosome_index,sorting_rule,sorting_rule_mode,bs_rule_policy,bs_weight_policy,uses_scalar_score,rho,beam_w1,beam_w2,beam_lambda,adaptive_weight_mode,mutation_operator,initialization_mode,initialization_spacing_mode,adaptive_spacing_used,feasible_h_start_count,feasible_v_start_count,adaptive_spacing_mode,adaptive_spacing_alpha,adaptive_spacing_bf,auto_params_used,parameter_source,beta_h,beta_v,h_active_starts,v_active_starts,terminal,safety_max_depth_reached,feasible,feasibility_reason,storage_block_count,chromosome_signature,layout_signature
proposed_nsga2_bs_Gyorgy-KOVACS_WH_Wide_AW_5_seed_121,proposed_nsga2_bs,Gyorgy-KOVACS_WH_Wide_AW_5,121,0,auto_from_instance,12,18,4,30,216,,,,,1,1,8,root > V:16 > BH:26 > BH:5 > BH:16 > BH:25 > BH:36 > BH:45 > BV:25,selected,0,inf,True,517,238,279,368.0,1.0,1.0,True,True,1,1,0,True,1,1,0,0,True,True,0,9,3,9,3,1,LS_SS,sampled_pool,,,True,0.05555555555555555,0.1,0.9444444444444444,0.1,adaptive,,feasible_start_adaptive_spacing,feasible_start_adaptive_spacing,True,42,11,feasible_start_adaptive_spacing,0.5,,True,auto_from_instance,0.75,0.35,"10,28,48","16,27",,,,,,"H[5,10,16,25,26,28,36,45,48]|V[16,25,27]",559a078c3ea143504613077c561cb3124d66b767
proposed_nsga2_bs_Gyorgy-KOVACS_WH_Wide_AW_5_seed_121,proposed_nsga2_bs,Gyorgy-KOVACS_WH_Wide_AW_5,121,0,auto_from_instance,12,18,4,30,216,,,,,2,1,8,root > V:16 > BH:26 > BH:5 > BH:14 > BH:25 > BH:36 > BH:45 > BV:25,selected,0,inf,True,517,238,279,368.0,1.0,1.0,True,True,1,1,0,True,1,1,0,0,True,True,0,9,3,9,3,1,LS_SS,sampled_pool,,,True,0.05555555555555555,0.1,0.9444444444444444,0.1,adaptive,,feasible_start_adaptive_spacing,feasible_start_adaptive_spacing,True,42,11,feasible_start_adaptive_spacing,0.5,,True,auto_from_instance,0.75,0.35,"10,28,48","16,27",,,,,,"H[5,10,14,25,26,28,36,45,48]|V[16,25,27]",6fcfc694894a367ef71d338faec4ce589ca685b5
proposed_nsga2_bs_Gyorgy-KOVACS_WH_Wide_AW_5_seed_121,proposed_nsga2_bs,Gyorgy-KOVACS_WH_Wide_AW_5,121,0,auto_from_instance,12,18,4,30,216,,,,,3,1,8,root > V:16 > BH:26 > BH:5 > BH:16 > BH:25 > BH:36 > BH:45 > BV:29,selected,2,inf,True,517,225,292,586.0,1.0,1.0,True,True,1,1,0,True,1,1,0,0,True,True,0,9,3,9,3,1,LS_SS,sampled_pool,,,True,0.05555555555555555,0.1,0.9444444444444444,0.1,adaptive,,feasible_start_adaptive_spacing,feasible_start_adaptive_spacing,True,42,11,feasible_start_adaptive_spacing,0.5,,True,auto_from_instance,0.75,0.35,"10,28,48","16,27",,,,,,"H[5,10,16,25,26,28,36,45,48]|V[16,27,29]",13a8831f3352523fe53b9477eb693b985fdfc37c
proposed_nsga2_bs_Gyorgy-KOVACS_WH_Wide_AW_5_seed_121,proposed_nsga2_bs,Gyorgy-KOVACS_WH_Wide_AW_5,121,0,auto_from_instance,12,18,4,30,216,,,,,4,1,8,root > V:16 > BH:26 > BH:5 > BH:14 > BH:25 > BH:36 > BH:45 > BV:29,selected,2,inf,True,517,225,292,586.0,1.0,1.0,True,True,1,1,0,True,1,1,0,0,True,True,0,9,3,9,3,1,LS_SS,sampled_pool,,,True,0.05555555555555555,0.1,0.9444444444444444,0.1,adaptive,,feasible_start_adaptive_spacing,feasible_start_adaptive_spacing,True,42,11,feasible_start_adaptive_spacing,0.5,,True,auto_from_instance,0.75,0.35,"10,28,48","16,27",,,,,,"H[5,10,14,25,26,28,36,45,48]|V[16,27,29]",7e0f4d1a90907f684b7d565e90c4ddb6c1ba7c58
proposed_nsga2_bs_Gyorgy-KOVACS_WH_Wide_AW_5_seed_121,proposed_nsga2_bs,Gyorgy-KOVACS_WH_Wide_AW_5,121,0,auto_from_instance,12,18,4,30,216,,,,,5,2,7,root > V:17 > BH:26 > BH:5 > BH:16 > BH:25 > BH:36 > BH:47,selected,1,1.1316526610644257,True,572,220,352,507.0,1.0,1.0,True,True,1,1,0,True,1,1,0,0,True,True,0,9,3,9,3,2,LS_RP,sampled_pool,,,False,0.05555555555555555,0.1,0.9444444444444444,0.1,adaptive,,feasible_start_adaptive_spacing,feasible_start_adaptive_spacing,True,42,11,feasible_start_adaptive_spacing,0.5,,True,auto_from_instance,0.75,0.35,"4,29,50","14,17,28",,,,,,"H[4,5,16,25,26,29,36,47,50]|V[14,17,28]",173dd91401b4b71d9f20edd9e83506be465b9528
proposed_nsga2_bs_Gyorgy-KOVACS_WH_Wide_AW_5_seed_121,proposed_nsga2_bs,Gyorgy-KOVACS_WH_Wide_AW_5,121,0,auto_from_instance,12,18,4,30,216,,,,,6,2,7,root > V:17 > BH:26 > BH:5 > BH:14 > BH:25 > BH:36 > BH:47,selected,1,inf,True,572,220,352,507.0,1.0,1.0,True,True,1,1,0,True,1,1,0,0,True,True,0,9,3,9,3,2,LS_RP,sampled_pool,,,False,0.05555555555555555,0.1,0.9444444444444444,0.1,adaptive,,feasible_start_adaptive_spacing,feasible_start_adaptive_spacing,True,42,11,feasible_start_adaptive_spacing,0.5,,True,auto_from_instance,0.75,0.35,"4,29,50","14,17,28",,,,,,"H[4,5,14,25,26,29,36,47,50]|V[14,17,28]",e59e5dd5e1537a2d164e028d12bd66f538f0cb70
proposed_nsga2_bs_Gyorgy-KOVACS_WH_Wide_AW_5_seed_121,proposed_nsga2_bs,Gyorgy-KOVACS_WH_Wide_AW_5,121,0,auto_from_instance,12,18,4,30,216,,,,,7,2,7,root > V:17 > BH:26 > BH:7 > BH:16 > BH:25 > BH:36 > BH:47,evaluated,3,3.0,False,572,220,352,663.0,1.0,1.0,True,True,1,1,0,True,1,1,0,0,True,True,0,9,3,9,3,2,LS_RP,sampled_pool,,,False,0.05555555555555555,0.1,0.9444444444444444,0.1,adaptive,,feasible_start_adaptive_spacing,feasible_start_adaptive_spacing,True,42,11,feasible_start_adaptive_spacing,0.5,,True,auto_from_instance,0.75,0.35,"4,29,50","14,17,28",,,,,,"H[4,7,16,25,26,29,36,47,50]|V[14,17,28]",61426df39d9f05da4c561d5073d32a1cf777516d
proposed_nsga2_bs_Gyorgy-KOVACS_WH_Wide_AW_5_seed_121,proposed_nsga2_bs,Gyorgy-KOVACS_WH_Wide_AW_5,121,0,auto_from_instance,12,18,4,30,216,,,,,8,2,7,root > V:17 > BH:26 > BH:5 > BH:16 > BH:25 > BH:36 > BH:45,evaluated,4,inf,False,572,220,352,711.0,1.0,1.0,True,True,1,1,0,True,1,1,0,0,True,True,0,9,3,9,3,2,LS_RP,sampled_pool,,,False,0.05555555555555555,0.1,0.9444444444444444,0.1,adaptive,,feasible_start_adaptive_spacing,feasible_start_adaptive_spacing,True,42,11,feasible_start_adaptive_spacing,0.5,,True,auto_from_instance,0.75,0.35,"4,29,50","14,17,28",,,,,,"H[4,5,16,25,26,29,36,45,50]|V[14,17,28]",854ec9b997ec508dda6ea9e399147d7a4b626ba8
proposed_nsga2_bs_Gyorgy-KOVACS_WH_Wide_AW_5_seed_121,proposed_nsga2_bs,Gyorgy-KOVACS_WH_Wide_AW_5,121,0,auto_from_instance,12,18,4,30,216,,,,,9,3,8,root > V:15 > BH:26 > BH:5 > BH:16 > BH:25 > BH:36 > BH:45 > BV:24,selected,0,inf,True,497,247,250,385.0,1.0,1.0,True,True,1,1,0,True,1,1,0,0,True,True,0,9,4,9,4,3,PF_LS_RP,sampled_pool,,,False,0.05555555555555555,0.13932506970150454,0.9444444444444444,0.1,adaptive,,feasible_start_adaptive_spacing,feasible_start_adaptive_spacing,True,42,11,feasible_start_adaptive_spacing,0.5,,True,auto_from_instance,0.75,0.35,"10,24,37","15,18,21",,,,,,"H[5,10,16,24,25,26,36,37,45]|V[15,18,21,24]",416c9c0e4f9e06143d78fee04cbc7a8d1c4800ad
proposed_nsga2_bs_Gyorgy-KOVACS_WH_Wide_AW_5_seed_121,proposed_nsga2_bs,Gyorgy-KOVACS_WH_Wide_AW_5,121,0,auto_from_instance,12,18,4,30,216,,,,,10,4,7,root > V:21 > BH:26 > BH:5 > BH:16 > BH:25 > BH:36 > BH:47,evaluated,7,inf,False,652,180,472,763.0,1.0,1.0,True,True,1,1,0,True,1,1,0,0,True,True,0,8,2,8,2,4,SS,sampled_pool,,,True,0.05555555555555555,0.1,0.9444444444444444,0.1,adaptive,,feasible_start_adaptive_spacing,feasible_start_adaptive_spacing,True,42,11,feasible_start_adaptive_spacing,0.5,,True,auto_from_instance,0.75,0.35,"4,16,40","21,29",,,,,,"H[4,5,16,25,26,36,40,47]|V[21,29]",01a90fb20467da592e93711ac8a849c3053fcfd6
proposed_nsga2_bs_Gyorgy-KOVACS_WH_Wide_AW_5_seed_121,proposed_nsga2_bs,Gyorgy-KOVACS_WH_Wide_AW_5,121,0,auto_from_instance,12,18,4,30,216,,,,,11,4,7,root > V:21 > BH:26 > BH:5 > BH:14 > BH:25 > BH:36 > BH:47,evaluated,7,inf,False,652,180,472,763.0,1.0,1.0,True,True,1,1,0,True,1,1,0,0,True,True,0,9,2,9,2,4,SS,sampled_pool,,,True,0.05555555555555555,0.1,0.9444444444444444,0.1,adaptive,,feasible_start_adaptive_spacing,feasible_start_adaptive_spacing,True,42,11,feasible_start_adaptive_spacing,0.5,,True,auto_from_instance,0.75,0.35,"4,16,40","21,29",,,,,,"H[4,5,14,16,25,26,36,40,47]|V[21,29]",1958a387e19298fbb01706dd6afdd7339df9d6ae
proposed_nsga2_bs_Gyorgy-KOVACS_WH_Wide_AW_5_seed_121,proposed_nsga2_bs,Gyorgy-KOVACS_WH_Wide_AW_5,121,0,auto_from_instance,12,18,4,30,216,,,,,12,4,7,root > V:21 > BH:26 > BH:7 > BH:16 > BH:25 > BH:36 > BH:47,evaluated,8,inf,False,652,180,472,867.0,1.0,1.0,True,True,1,1,0,True,1,1,0,0,True,True,0,8,2,8,2,4,SS,sampled_pool,,,True,0.05555555555555555,0.1,0.9444444444444444,0.1,adaptive,,feasible_start_adaptive_spacing,feasible_start_adaptive_spacing,True,42,11,feasible_start_adaptive_spacing,0.5,,True,auto_from_instance,0.75,0.35,"4,16,40","21,29",,,,,,"H[4,7,16,25,26,36,40,47]|V[21,29]",b7080d9cb61c36aedc6f73cfe3724fe27e5ce9c6
proposed_nsga2_bs_Gyorgy-KOVACS_WH_Wide_AW_5_seed_121,proposed_nsga2_bs,Gyorgy-KOVACS_WH_Wide_AW_5,121,0,auto_from_instance,12,18,4,30,216,,,,,13,4,7,root > V:21 > BH:26 > BH:5 > BH:16 > BH:25 > BH:36 > BH:45,evaluated,9,inf,False,652,180,472,899.0,1.0,1.0,True,True,1,1,0,True,1,1,0,0,True,True,0,8,2,8,2,4,SS,sampled_pool,,,True,0.05555555555555555,0.1,0.9444444444444444,0.1,adaptive,,feasible_start_adaptive_spacing,feasible_start_adaptive_spacing,True,42,11,feasible_start_adaptive_spacing,0.5,,True,auto_from_instance,0.75,0.35,"4,16,40","21,29",,,,,,"H[4,5,16,25,26,36,40,45]|V[21,29]",8e88c0c464d5e2054bb58e24df478d0e262d6485
proposed_nsga2_bs_Gyorgy-KOVACS_WH_Wide_AW_5_seed_121,proposed_nsga2_bs,Gyorgy-KOVACS_WH_Wide_AW_5,121,0,auto_from_instance,12,18,4,30,216,,,,,14,5,8,root > V:18 > BH:26 > BH:5 > BH:16 > BH:25 > BH:36 > BH:45 > BV:29,selected,1,inf,True,557,213,344,441.0,1.0,1.0,True,True,1,1,0,True,1,1,0,0,True,True,0,8,4,8,4,5,PF_LS,sampled_pool,,,False,0.05555555555555555,0.1,0.9444444444444444,0.1,adaptive,,feasible_start_adaptive_spacing,feasible_start_adaptive_spacing,True,42,11,feasible_start_adaptive_spacing,0.5,,True,auto_from_instance,0.75,0.35,"27,40","18,21,27",,,,,,"H[5,16,25,26,27,36,40,45]|V[18,21,27,29]",71364ffd26b39e09575fe06f8735f14e38505286
proposed_nsga2_bs_Gyorgy-KOVACS_WH_Wide_AW_5_seed_121,proposed_nsga2_bs,Gyorgy-KOVACS_WH_Wide_AW_5,121,0,auto_from_instance,12,18,4,30,216,,,,,15,5,8,root > V:18 > BH:26 > BH:5 > BH:14 > BH:25 > BH:36 > BH:45 > BV:29,selected,1,inf,True,557,213,344,441.0,1.0,1.0,True,True,1,1,0,True,1,1,0,0,True,True,0,8,4,8,4,5,PF_LS,sampled_pool,,,False,0.05555555555555555,0.1,0.9444444444444444,0.1,adaptive,,feasible_start_adaptive_spacing,feasible_start_adaptive_spacing,True,42,11,feasible_start_adaptive_spacing,0.5,,True,auto_from_instance,0.75,0.35,"27,40","18,21,27",,,,,,"H[5,14,25,26,27,36,40,45]|V[18,21,27,29]",adb10b87ca2484934e3d25903be5b527b7a6f960
proposed_nsga2_bs_Gyorgy-KOVACS_WH_Wide_AW_5_seed_121,proposed_nsga2_bs,Gyorgy-KOVACS_WH_Wide_AW_5,121,0,auto_from_instance,12,18,4,30,216,,,,,16,8,8,root > V:15 > BH:26 > BH:7 > BH:16 > BH:25 > BH:36 > BH:45 > BV:24,selected,1,inf,True,497,247,250,567.0,1.0,1.0,True,True,1,1,0,True,1,1,0,0,True,True,0,9,3,9,3,8,LS,sampled_pool,,,False,0.05555555555555555,0.11672187747421867,0.9444444444444444,0.1,adaptive,,feasible_start_adaptive_spacing,feasible_start_adaptive_spacing,True,42,11,feasible_start_adaptive_spacing,0.5,,True,auto_from_instance,0.75,0.35,"1,11,38","15,20",,,,,,"H[1,7,11,16,25,26,36,38,45]|V[15,20,24]",bad25caaf4e753481b1b798360caa6634ad939f7
proposed_nsga2_bs_Gyorgy-KOVACS_WH_Wide_AW_5_seed_121,proposed_nsga2_bs,Gyorgy-KOVACS_WH_Wide_AW_5,121,0,auto_from_instance,12,18,4,30,216,,,,,17,9,8,root > V:16 > BH:26 > BH:7 > BH:16 > BH:25 > BH:36 > BH:45 > BV:25,selected,1,2.19187675070028,True,517,238,279,537.0,1.0,1.0,True,True,1,1,0,True,1,1,0,0,True,True,0,9,4,9,4,9,PF,sampled_pool,,,False,0.05555555555555555,0.10102895928342459,0.9444444444444444,0.1,adaptive,,feasible_start_adaptive_spacing,feasible_start_adaptive_spacing,True,42,11,feasible_start_adaptive_spacing,0.5,,True,auto_from_instance,0.75,0.35,"12,39,51","16,19,21",,,,,,"H[7,12,16,25,26,36,39,45,51]|V[16,19,21,25]",5f183debb27c7a24bc0f9f82fc27ee77d3fc24d8
proposed_nsga2_bs_Gyorgy-KOVACS_WH_Wide_AW_5_seed_121,proposed_nsga2_bs,Gyorgy-KOVACS_WH_Wide_AW_5,121,0,auto_from_instance,12,18,4,30,216,,,,,18,9,8,root > V:16 > BH:26 > BH:7 > BH:16 > BH:25 > BH:36 > BH:45 > BV:29,evaluated,3,inf,False,517,225,292,755.0,1.0,1.0,True,True,1,1,0,True,1,1,0,0,True,True,0,9,4,9,4,9,PF,sampled_pool,,,False,0.05555555555555555,0.10102895928342459,0.9444444444444444,0.1,adaptive,,feasible_start_adaptive_spacing,feasible_start_adaptive_spacing,True,42,11,feasible_start_adaptive_spacing,0.5,,True,auto_from_instance,0.75,0.35,"12,39,51","16,19,21",,,,,,"H[7,12,16,25,26,36,39,45,51]|V[16,19,21,29]",03af9372cf0d8e782f6e425ae89227ab68d20a8e
proposed_nsga2_bs_Gyorgy-KOVACS_WH_Wide_AW_5_seed_121,proposed_nsga2_bs,Gyorgy-KOVACS_WH_Wide_AW_5,121,0,auto_from_instance,12,18,4,30,216,,,,,19,10,7,root > V:19 > BH:26 > BH:5 > BH:16 > BH:25 > BH:36 > BH:47,selected,2,inf,True,612,200,412,584.0,1.0,1.0,True,True,1,1,0,True,1,1,0,0,True,True,0,9,3,9,3,10,LS_RP,sampled_pool,,,False,0.05555555555555555,0.14201546480462507,0.9444444444444444,0.1,adaptive,,feasible_start_adaptive_spacing,feasible_start_adaptive_spacing,True,42,11,feasible_start_adaptive_spacing,0.5,,True,auto_from_instance,0.75,0.35,"17,35,43","14,19,21",,,,,,"H[5,16,17,25,26,35,36,43,47]|V[14,19,21]",739f9ec08bf9c56e734297604911aa2f937b0b31
proposed_nsga2_bs_Gyorgy-KOVACS_WH_Wide_AW_5_seed_121,proposed_nsga2_bs,Gyorgy-KOVACS_WH_Wide_AW_5,121,0,auto_from_instance,12,18,4,30,216,,,,,20,10,7,root > V:19 > BH:26 > BH:5 > BH:14 > BH:25 > BH:36 > BH:47,evaluated,2,inf,False,612,200,412,584.0,1.0,1.0,True,True,1,1,0,True,1,1,0,0,True,True,0,9,3,9,3,10,LS_RP,sampled_pool,,,False,0.05555555555555555,0.14201546480462507,0.9444444444444444,0.1,adaptive,,feasible_start_adaptive_spacing,feasible_start_adaptive_spacing,True,42,11,feasible_start_adaptive_spacing,0.5,,True,auto_from_instance,0.75,0.35,"17,35,43","14,19,21",,,,,,"H[5,14,17,25,26,35,36,43,47]|V[14,19,21]",18779af2d0583f313025ada9a3c164bb18de6a6f
proposed_nsga2_bs_Gyorgy-KOVACS_WH_Wide_AW_5_seed_121,proposed_nsga2_bs,Gyorgy-KOVACS_WH_Wide_AW_5,121,0,auto_from_instance,12,18,4,30,216,,,,,21,10,7,root > V:19 > BH:26 > BH:7 > BH:16 > BH:25 > BH:36 > BH:47,evaluated,5,inf,False,612,200,412,714.0,1.0,1.0,True,True,1,1,0,True,1,1,0,0,True,True,0,9,3,9,3,10,LS_RP,sampled_pool,,,False,0.05555555555555555,0.14201546480462507,0.9444444444444444,0.1,adaptive,,feasible_start_adaptive_spacing,feasible_start_adaptive_spacing,True,42,11,feasible_start_adaptive_spacing,0.5,,True,auto_from_instance,0.75,0.35,"17,35,43","14,19,21",,,,,,"H[7,16,17,25,26,35,36,43,47]|V[14,19,21]",2ba52e7e126777fbaec8ebaebd6fa4ae9f76a172
proposed_nsga2_bs_Gyorgy-KOVACS_WH_Wide_AW_5_seed_121,proposed_nsga2_bs,Gyorgy-KOVACS_WH_Wide_AW_5,121,0,auto_from_instance,12,18,4,30,216,,,,,22,10,7,root > V:19 > BH:26 > BH:5 > BH:16 > BH:25 > BH:36 > BH:45,evaluated,6,inf,False,612,200,412,754.0,1.0,1.0,True,True,1,1,0,True,1,1,0,0,True,True,0,9,3,9,3,10,LS_RP,sampled_pool,,,False,0.05555555555555555,0.14201546480462507,0.9444444444444444,0.1,adaptive,,feasible_start_adaptive_spacing,feasible_start_adaptive_spacing,True,42,11,feasible_start_adaptive_spacing,0.5,,True,auto_from_instance,0.75,0.35,"17,35,43","14,19,21",,,,,,"H[5,16,17,25,26,35,36,43,45]|V[14,19,21]",16ed0ad93ee066fd151d5116addbd94cd12b2a32
proposed_nsga2_bs_Gyorgy-KOVACS_WH_Wide_AW_5_seed_121,proposed_nsga2_bs,Gyorgy-KOVACS_WH_Wide_AW_5,121,0,auto_from_instance,12,18,4,30,216,,,,,23,12,8,root > V:20 > BH:26 > BH:5 > BH:16 > BH:25 > BH:36 > BH:45 > BV:29,evaluated,3,inf,False,597,195,402,637.0,1.0,1.0,True,True,1,1,0,True,1,1,0,0,True,True,0,9,4,9,4,12,SS_LS_PF,sampled_pool,,,True,0.05555555555555555,0.1,0.9444444444444444,0.1,adaptive,,feasible_start_adaptive_spacing,feasible_start_adaptive_spacing,True,42,11,feasible_start_adaptive_spacing,0.5,,True,auto_from_instance,0.75,0.35,"6,28,46","15,20,27",,,,,,"H[5,6,16,25,26,28,36,45,46]|V[15,20,27,29]",981dc6fd2903ad3086847d3b1f7d62614b0319bd
proposed_nsga2_bs_Gyorgy-KOVACS_WH_Wide_AW_5_seed_121,proposed_nsga2_bs,Gyorgy-KOVACS_WH_Wide_AW_5,121,0,auto_from_instance,12,18,4,30,216,,,,,24,12,8,root > V:20 > BH:26 > BH:5 > BH:14 > BH:25 > BH:36 > BH:45 > BV:29,evaluated,3,inf,False,597,195,402,637.0,1.0,1.0,True,True,1,1,0,True,1,1,0,0,True,True,0,9,4,9,4,12,SS_LS_PF,sampled_pool,,,True,0.05555555555555555,0.1,0.9444444444444444,0.1,adaptive,,feasible_start_adaptive_spacing,feasible_start_adaptive_spacing,True,42,11,feasible_start_adaptive_spacing,0.5,,True,auto_from_instance,0.75,0.35,"6,28,46","15,20,27",,,,,,"H[5,6,14,25,26,28,36,45,46]|V[15,20,27,29]",2082bb77553284a306396971a446c9d5d665af6f
proposed_nsga2_bs_Gyorgy-KOVACS_WH_Wide_AW_5_seed_121,proposed_nsga2_bs,Gyorgy-KOVACS_WH_Wide_AW_5,121,1,auto_from_instance,12,18,4,30,216,,,,,1,1,8,root > V:16 > BH:26 > BH:7 > BH:16 > BH:25 > BH:36 > BH:45 > BV:25,selected,1,1.872596585804133,True,517,238,279,537.0,1.0,1.0,True,True,1,1,0,True,1,1,0,0,True,True,0,12,2,12,2,1,PF_LS,sampled_pool,,,False,0.1111111111111111,0.1,0.8888888888888888,0.1,adaptive,spacing_aware_flip,offspring,feasible_start_adaptive_spacing,,,,feasible_start_adaptive_spacing,0.5,,True,auto_from_instance,0.75,0.35,"5,10,16,24,25,26,28,36,37,45,50","16,25",,,,,,"H[5,7,10,16,24,25,26,28,36,37,45,50]|V[16,25]",5f183debb27c7a24bc0f9f82fc27ee77d3fc24d8
proposed_nsga2_bs_Gyorgy-KOVACS_WH_Wide_AW_5_seed_121,proposed_nsga2_bs,Gyorgy-KOVACS_WH_Wide_AW_5,121,1,auto_from_instance,12,18,4,30,216,,,,,2,1,8,root > V:16 > BH:26 > BH:5 > BH:16 > BH:25 > BH:36 > BH:45 > BV:25,selected,0,1.745680106335844,True,517,238,279,368.0,1.0,1.0,True,True,1,1,0,True,1,1,0,0,True,True,0,11,2,11,2,1,PF_LS,sampled_pool,,,False,0.1111111111111111,0.1,0.8888888888888888,0.1,adaptive,spacing_aware_flip,offspring,feasible_start_adaptive_spacing,,,,feasible_start_adaptive_spacing,0.5,,True,auto_from_instance,0.75,0.35,"5,10,16,24,25,26,28,36,37,45,50","16,25",,,,,,"H[5,10,16,24,25,26,28,36,37,45,50]|V[16,25]",559a078c3ea143504613077c561cb3124d66b767
proposed_nsga2_bs_Gyorgy-KOVACS_WH_Wide_AW_5_seed_121,proposed_nsga2_bs,Gyorgy-KOVACS_WH_Wide_AW_5,121,1,auto_from_instance,12,18,4,30,216,,,,,3,1,8,root > V:16 > BH:26 > BH:7 > BH:16 > BH:25 > BH:36 > BH:45 > BV:29,evaluated,3,inf,False,517,225,292,755.0,1.0,1.0,True,True,1,1,0,True,1,1,0,0,True,True,0,12,3,12,3,1,PF_LS,sampled_pool,,,False,0.1111111111111111,0.1,0.8888888888888888,0.1,adaptive,spacing_aware_flip,offspring,feasible_start_adaptive_spacing,,,,feasible_start_adaptive_spacing,0.5,,True,auto_from_instance,0.75,0.35,"5,10,16,24,25,26,28,36,37,45,50","16,25",,,,,,"H[5,7,10,16,24,25,26,28,36,37,45,50]|V[16,25,29]",03af9372cf0d8e782f6e425ae89227ab68d20a8e
proposed_nsga2_bs_Gyorgy-KOVACS_WH_Wide_AW_5_seed_121,proposed_nsga2_bs,Gyorgy-KOVACS_WH_Wide_AW_5,121,1,auto_from_instance,12,18,4,30,216,,,,,4,1,8,root > V:16 > BH:26 > BH:5 > BH:16 > BH:25 > BH:36 > BH:45 > BV:29,evaluated,2,inf,False,517,225,292,586.0,1.0,1.0,True,True,1,1,0,True,1,1,0,0,True,True,0,11,3,11,3,1,PF_LS,sampled_pool,,,False,0.1111111111111111,0.1,0.8888888888888888,0.1,adaptive,spacing_aware_flip,offspring,feasible_start_adaptive_spacing,,,,feasible_start_adaptive_spacing,0.5,,True,auto_from_instance,0.75,0.35,"5,10,16,24,25,26,28,36,37,45,50","16,25",,,,,,"H[5,10,16,24,25,26,28,36,37,45,50]|V[16,25,29]",13a8831f3352523fe53b9477eb693b985fdfc37c
proposed_nsga2_bs_Gyorgy-KOVACS_WH_Wide_AW_5_seed_121,proposed_nsga2_bs,Gyorgy-KOVACS_WH_Wide_AW_5,121,1,auto_from_instance,12,18,4,30,216,,,,,5,2,8,root > V:15 > BH:26 > BH:5 > BH:16 > BH:25 > BH:36 > BH:45 > BV:24,selected,0,inf,True,497,247,250,385.0,1.0,1.0,True,True,1,1,0,True,1,1,0,0,True,True,0,8,5,8,5,2,PF_SS,sampled_pool,,,True,0.1111111111111111,0.1793890816094647,0.8888888888888888,0.1,adaptive,bit_flip,offspring,feasible_start_adaptive_spacing,,,,feasible_start_adaptive_spacing,0.5,,True,auto_from_instance,0.75,0.35,"5,10,16,25,26,36,48","15,18,21,24,27",,,,,,"H[5,10,16,25,26,36,45,48]|V[15,18,21,24,27]",416c9c0e4f9e06143d78fee04cbc7a8d1c4800ad
proposed_nsga2_bs_Gyorgy-KOVACS_WH_Wide_AW_5_seed_121,proposed_nsga2_bs,Gyorgy-KOVACS_WH_Wide_AW_5,121,1,auto_from_instance,12,18,4,30,216,,,,,6,2,8,root > V:15 > BH:26 > BH:5 > BH:14 > BH:25 > BH:36 > BH:45 > BV:24,selected,0,inf,True,497,247,250,385.0,1.0,1.0,True,True,1,1,0,True,1,1,0,0,True,True,0,9,5,9,5,2,PF_SS,sampled_pool,,,True,0.1111111111111111,0.1793890816094647,0.8888888888888888,0.1,adaptive,bit_flip,offspring,feasible_start_adaptive_spacing,,,,feasible_start_adaptive_spacing,0.5,,True,auto_from_instance,0.75,0.35,"5,10,16,25,26,36,48","15,18,21,24,27",,,,,,"H[5,10,14,16,25,26,36,45,48]|V[15,18,21,24,27]",4f5b467192e7c6ce4bc3fd69bf3ce13c31bd8ba0
proposed_nsga2_bs_Gyorgy-KOVACS_WH_Wide_AW_5_seed_121,proposed_nsga2_bs,Gyorgy-KOVACS_WH_Wide_AW_5,121,1,auto_from_instance,12,18,4,30,216,,,,,7,3,7,root > V:17 > BH:26 > BH:5 > BH:16 > BH:25 > BH:36 > BH:47,selected,1,0.8912848158131177,True,572,220,352,507.0,1.0,1.0,True,True,1,1,0,True,1,1,0,0,True,True,0,12,3,12,3,3,LS_RP,sampled_pool,,,False,0.1111111111111111,0.11288868700876942,0.8888888888888888,0.1,adaptive,remove_random_aisle,offspring,feasible_start_adaptive_spacing,,,,feasible_start_adaptive_spacing,0.5,,True,auto_from_instance,0.75,0.35,"1,7,11,16,25,29,36,38,45","14,17,24",,,,,,"H[1,5,7,11,16,25,26,29,36,38,45,47]|V[14,17,24]",173dd91401b4b71d9f20edd9e83506be465b9528
proposed_nsga2_bs_Gyorgy-KOVACS_WH_Wide_AW_5_seed_121,proposed_nsga2_bs,Gyorgy-KOVACS_WH_Wide_AW_5,121,1,auto_from_instance,12,18,4,30,216,,,,,8,3,7,root > V:17 > BH:26 > BH:5 > BH:14 > BH:25 > BH:36 > BH:47,selected,1,0.372806229410003,True,572,220,352,507.0,1.0,1.0,True,True,1,1,0,True,1,1,0,0,True,True,0,13,3,13,3,3,LS_RP,sampled_pool,,,False,0.1111111111111111,0.11288868700876942,0.8888888888888888,0.1,adaptive,remove_random_aisle,offspring,feasible_start_adaptive_spacing,,,,feasible_start_adaptive_spacing,0.5,,True,auto_from_instance,0.75,0.35,"1,7,11,16,25,29,36,38,45","14,17,24",,,,,,"H[1,5,7,11,14,16,25,26,29,36,38,45,47]|V[14,17,24]",e59e5dd5e1537a2d164e028d12bd66f538f0cb70
proposed_nsga2_bs_Gyorgy-KOVACS_WH_Wide_AW_5_seed_121,proposed_nsga2_bs,Gyorgy-KOVACS_WH_Wide_AW_5,121,1,auto_from_instance,12,18,4,30,216,,,,,9,3,7,root > V:17 > BH:26 > BH:7 > BH:16 > BH:25 > BH:36 > BH:47,evaluated,3,3.0,False,572,220,352,663.0,1.0,1.0,True,True,1,1,0,True,1,1,0,0,True,True,0,11,3,11,3,3,LS_RP,sampled_pool,,,False,0.1111111111111111,0.11288868700876942,0.8888888888888888,0.1,adaptive,remove_random_aisle,offspring,feasible_start_adaptive_spacing,,,,feasible_start_adaptive_spacing,0.5,,True,auto_from_instance,0.75,0.35,"1,7,11,16,25,29,36,38,45","14,17,24",,,,,,"H[1,7,11,16,25,26,29,36,38,45,47]|V[14,17,24]",61426df39d9f05da4c561d5073d32a1cf777516d
proposed_nsga2_bs_Gyorgy-KOVACS_WH_Wide_AW_5_seed_121,proposed_nsga2_bs,Gyorgy-KOVACS_WH_Wide_AW_5,121,1,auto_from_instance,12,18,4,30,216,,,,,10,3,7,root > V:17 > BH:26 > BH:5 > BH:16 > BH:25 > BH:36 > BH:45,evaluated,4,inf,False,572,220,352,711.0,1.0,1.0,True,True,1,1,0,True,1,1,0,0,True,True,0,11,3,11,3,3,LS_RP,sampled_pool,,,False,0.1111111111111111,0.11288868700876942,0.8888888888888888,0.1,adaptive,remove_random_aisle,offspring,feasible_start_adaptive_spacing,,,,feasible_start_adaptive_spacing,0.5,,True,auto_from_instance,0.75,0.35,"1,7,11,16,25,29,36,38,45","14,17,24",,,,,,"H[1,5,7,11,16,25,26,29,36,38,45]|V[14,17,24]",854ec9b997ec508dda6ea9e399147d7a4b626ba8
proposed_nsga2_bs_Gyorgy-KOVACS_WH_Wide_AW_5_seed_121,proposed_nsga2_bs,Gyorgy-KOVACS_WH_Wide_AW_5,121,1,auto_from_instance,12,18,4,30,216,,,,,11,4,8,root > V:15 > BH:26 > BH:7 > BH:16 > BH:25 > BH:36 > BH:45 > BV:24,selected,1,inf,True,497,247,250,567.0,1.0,1.0,True,True,1,1,0,True,1,1,0,0,True,True,0,10,4,10,4,4,PF,sampled_pool,,,False,0.1111111111111111,0.1,0.8888888888888888,0.1,adaptive,break_symmetry,offspring,feasible_start_adaptive_spacing,,,,feasible_start_adaptive_spacing,0.5,,True,auto_from_instance,0.75,0.35,"4,6,16,25,26,36,47,50","15,20,28",,,,,,"H[4,6,7,16,25,26,36,45,47,50]|V[15,20,24,28]",bad25caaf4e753481b1b798360caa6634ad939f7
proposed_nsga2_bs_Gyorgy-KOVACS_WH_Wide_AW_5_seed_121,proposed_nsga2_bs,Gyorgy-KOVACS_WH_Wide_AW_5,121,1,auto_from_instance,12,18,4,30,216,,,,,12,6,8,root > V:20 > BH:26 > BH:5 > BH:16 > BH:25 > BH:36 > BH:45 > BV:29,evaluated,4,inf,False,597,195,402,637.0,1.0,1.0,True,True,1,1,0,True,1,1,0,0,True,True,0,11,5,11,5,6,SS_LS_PF,sampled_pool,,,True,0.1111111111111111,0.1,0.8888888888888888,0.1,adaptive,spacing_aware_flip,offspring,feasible_start_adaptive_spacing,,,,feasible_start_adaptive_spacing,0.5,,True,auto_from_instance,0.75,0.35,"1,7,11,16,25,26,28,36,38,45","4,16,20,24",,,,,,"H[1,5,7,11,16,25,26,28,36,38,45]|V[4,16,20,24,29]",981dc6fd2903ad3086847d3b1f7d62614b0319bd
proposed_nsga2_bs_Gyorgy-KOVACS_WH_Wide_AW_5_seed_121,proposed_nsga2_bs,Gyorgy-KOVACS_WH_Wide_AW_5,121,1,auto_from_instance,12,18,4,30,216,,,,,13,8,7,root > V:21 > BH:26 > BH:5 > BH:16 > BH:25 > BH:36 > BH:47,evaluated,5,inf,False,652,180,472,763.0,1.0,1.0,True,True,1,1,0,True,1,1,0,0,True,True,0,10,5,10,5,8,SS_LS_PF,sampled_pool,,,True,0.1111111111111111,0.1,0.8888888888888888,0.1,adaptive,break_symmetry,offspring,feasible_start_adaptive_spacing,,,,feasible_start_adaptive_spacing,0.5,,True,auto_from_instance,0.75,0.35,"5,10,14,25,26,28,36,45,47","16,19,21,25,27",,,,,,"H[5,10,14,16,25,26,28,36,45,47]|V[16,19,21,25,27]",01a90fb20467da592e93711ac8a849c3053fcfd6
proposed_nsga2_bs_Gyorgy-KOVACS_WH_Wide_AW_5_seed_121,proposed_nsga2_bs,Gyorgy-KOVACS_WH_Wide_AW_5,121,1,auto_from_instance,12,18,4,30,216,,,,,14,8,7,root > V:21 > BH:26 > BH:5 > BH:14 > BH:25 > BH:36 > BH:47,evaluated,5,inf,False,652,180,472,763.0,1.0,1.0,True,True,1,1,0,True,1,1,0,0,True,True,0,9,5,9,5,8,SS_LS_PF,sampled_pool,,,True,0.1111111111111111,0.1,0.8888888888888888,0.1,adaptive,break_symmetry,offspring,feasible_start_adaptive_spacing,,,,feasible_start_adaptive_spacing,0.5,,True,auto_from_instance,0.75,0.35,"5,10,14,25,26,28,36,45,47","16,19,21,25,27",,,,,,"H[5,10,14,25,26,28,36,45,47]|V[16,19,21,25,27]",1958a387e19298fbb01706dd6afdd7339df9d6ae
proposed_nsga2_bs_Gyorgy-KOVACS_WH_Wide_AW_5_seed_121,proposed_nsga2_bs,Gyorgy-KOVACS_WH_Wide_AW_5,121,1,auto_from_instance,12,18,4,30,216,,,,,15,8,7,root > V:21 > BH:26 > BH:5 > BH:16 > BH:25 > BH:36 > BH:45,evaluated,6,inf,False,652,180,472,899.0,1.0,1.0,True,True,1,1,0,True,1,1,0,0,True,True,0,10,5,10,5,8,SS_LS_PF,sampled_pool,,,True,0.1111111111111111,0.1,0.8888888888888888,0.1,adaptive,break_symmetry,offspring,feasible_start_adaptive_spacing,,,,feasible_start_adaptive_spacing,0.5,,True,auto_from_instance,0.75,0.35,"5,10,14,25,26,28,36,45,47","16,19,21,25,27",,,,,,"H[5,10,14,16,25,26,28,36,45,47]|V[16,19,21,25,27]",8e88c0c464d5e2054bb58e24df478d0e262d6485
proposed_nsga2_bs_Gyorgy-KOVACS_WH_Wide_AW_5_seed_121,proposed_nsga2_bs,Gyorgy-KOVACS_WH_Wide_AW_5,121,1,auto_from_instance,12,18,4,30,216,,,,,16,8,7,root > V:21 > BH:26 > BH:5 > BH:14 > BH:25 > BH:36 > BH:45,evaluated,6,inf,False,652,180,472,899.0,1.0,1.0,True,True,1,1,0,True,1,1,0,0,True,True,0,9,5,9,5,8,SS_LS_PF,sampled_pool,,,True,0.1111111111111111,0.1,0.8888888888888888,0.1,adaptive,break_symmetry,offspring,feasible_start_adaptive_spacing,,,,feasible_start_adaptive_spacing,0.5,,True,auto_from_instance,0.75,0.35,"5,10,14,25,26,28,36,45,47","16,19,21,25,27",,,,,,"H[5,10,14,25,26,28,36,45,47]|V[16,19,21,25,27]",f2b245d80a9e03cb9543fcc56f57562ad4aadb7c
proposed_nsga2_bs_Gyorgy-KOVACS_WH_Wide_AW_5_seed_121,proposed_nsga2_bs,Gyorgy-KOVACS_WH_Wide_AW_5,121,1,auto_from_instance,12,18,4,30,216,,,,,17,9,8,root > V:16 > BH:26 > BH:5 > BH:14 > BH:25 > BH:36 > BH:45 > BV:25,selected,0,inf,True,517,238,279,368.0,1.0,1.0,True,True,1,1,0,True,1,1,0,0,True,True,0,9,4,9,4,9,LS_SS,sampled_pool,,,True,0.1111111111111111,0.10827585020229344,0.8888888888888888,0.1,adaptive,spacing_aware_flip,offspring,feasible_start_adaptive_spacing,,,,feasible_start_adaptive_spacing,0.5,,True,auto_from_instance,0.75,0.35,"5,10,14,25,26,27,36,45,48","4,16,25,27",,,,,,"H[5,10,14,25,26,27,36,45,48]|V[4,16,25,27]",6fcfc694894a367ef71d338faec4ce589ca685b5
proposed_nsga2_bs_Gyorgy-KOVACS_WH_Wide_AW_5_seed_121,proposed_nsga2_bs,Gyorgy-KOVACS_WH_Wide_AW_5,121,1,auto_from_instance,12,18,4,30,216,,,,,18,9,8,root > V:16 > BH:26 > BH:5 > BH:14 > BH:25 > BH:36 > BH:45 > BV:29,evaluated,2,inf,False,517,225,292,586.0,1.0,1.0,True,True,1,1,0,True,1,1,0,0,True,True,0,9,5,9,5,9,LS_SS,sampled_pool,,,True,0.1111111111111111,0.10827585020229344,0.8888888888888888,0.1,adaptive,spacing_aware_flip,offspring,feasible_start_adaptive_spacing,,,,feasible_start_adaptive_spacing,0.5,,True,auto_from_instance,0.75,0.35,"5,10,14,25,26,27,36,45,48","4,16,25,27",,,,,,"H[5,10,14,25,26,27,36,45,48]|V[4,16,25,27,29]",7e0f4d1a90907f684b7d565e90c4ddb6c1ba7c58
proposed_nsga2_bs_Gyorgy-KOVACS_WH_Wide_AW_5_seed_121,proposed_nsga2_bs,Gyorgy-KOVACS_WH_Wide_AW_5,121,1,auto_from_instance,12,18,4,30,216,,,,,19,10,8,root > V:18 > BH:26 > BH:5 > BH:16 > BH:25 > BH:36 > BH:45 > BV:29,selected,1,0.9821503444144953,True,557,213,344,441.0,1.0,1.0,True,True,1,1,0,True,1,1,0,0,True,True,0,9,4,9,4,10,LS,sampled_pool,,,False,0.1111111111111111,0.13757245366299065,0.8888888888888888,0.1,adaptive,bit_flip,offspring,feasible_start_adaptive_spacing,,,,feasible_start_adaptive_spacing,0.5,,True,auto_from_instance,0.75,0.35,"5,14,25,26,28,36,40,45","18,21,27",,,,,,"H[5,14,16,25,26,28,36,40,45]|V[18,21,27,29]",71364ffd26b39e09575fe06f8735f14e38505286
proposed_nsga2_bs_Gyorgy-KOVACS_WH_Wide_AW_5_seed_121,proposed_nsga2_bs,Gyorgy-KOVACS_WH_Wide_AW_5,121,1,auto_from_instance,12,18,4,30,216,,,,,20,10,8,root > V:18 > BH:26 > BH:5 > BH:14 > BH:25 > BH:36 > BH:45 > BV:29,selected,1,0.7357292602575621,True,557,213,344,441.0,1.0,1.0,True,True,1,1,0,True,1,1,0,0,True,True,0,8,4,8,4,10,LS,sampled_pool,,,False,0.1111111111111111,0.13757245366299065,0.8888888888888888,0.1,adaptive,bit_flip,offspring,feasible_start_adaptive_spacing,,,,feasible_start_adaptive_spacing,0.5,,True,auto_from_instance,0.75,0.35,"5,14,25,26,28,36,40,45","18,21,27",,,,,,"H[5,14,25,26,28,36,40,45]|V[18,21,27,29]",adb10b87ca2484934e3d25903be5b527b7a6f960
proposed_nsga2_bs_Gyorgy-KOVACS_WH_Wide_AW_5_seed_121,proposed_nsga2_bs,Gyorgy-KOVACS_WH_Wide_AW_5,121,1,auto_from_instance,12,18,4,30,216,,,,,21,11,4,root > V:27 > BH:26 > BV:17 > BV:17,selected,0,inf,True,567,256,311,311.0,1.0,1.0,True,True,1,1,0,True,1,1,0,0,True,True,0,8,7,8,7,11,LS_RP,sampled_pool,,,False,0.1111111111111111,0.15489467916976332,0.8888888888888888,0.1,adaptive,spacing_aware_flip,offspring,feasible_start_adaptive_spacing,,,,feasible_start_adaptive_spacing,0.5,,True,auto_from_instance,0.75,0.35,"5,14,25,26,27,36,40,45","6,18,21,24,27,29",,,,,,"H[5,14,25,26,27,36,40,45]|V[6,17,18,21,24,27,29]",a8708aef2b1e3127a45cd25328e7b01fe876ac67
proposed_nsga2_bs_Gyorgy-KOVACS_WH_Wide_AW_5_seed_121,proposed_nsga2_bs,Gyorgy-KOVACS_WH_Wide_AW_5,121,1,auto_from_instance,12,18,4,30,216,,,,,22,11,4,root > V:29 > BH:26 > BV:19 > BV:19,selected,1,inf,True,557,202,355,408.0,1.0,1.0,True,True,1,1,0,True,1,1,0,0,True,True,0,8,7,8,7,11,LS_RP,sampled_pool,,,False,0.1111111111111111,0.15489467916976332,0.8888888888888888,0.1,adaptive,spacing_aware_flip,offspring,feasible_start_adaptive_spacing,,,,feasible_start_adaptive_spacing,0.5,,True,auto_from_instance,0.75,0.35,"5,14,25,26,27,36,40,45","6,18,21,24,27,29",,,,,,"H[5,14,25,26,27,36,40,45]|V[6,18,19,21,24,27,29]",225a083d40a70add6d49c842c1ea1b7da9e91627
proposed_nsga2_bs_Gyorgy-KOVACS_WH_Wide_AW_5_seed_121,proposed_nsga2_bs,Gyorgy-KOVACS_WH_Wide_AW_5,121,1,auto_from_instance,12,18,4,30,216,,,,,23,11,4,root > V:29 > BH:26 > BV:19 > BV:17,evaluated,2,inf,False,557,202,355,458.0,1.0,1.0,True,True,1,1,0,True,1,1,0,0,True,True,0,8,8,8,8,11,LS_RP,sampled_pool,,,False,0.1111111111111111,0.15489467916976332,0.8888888888888888,0.1,adaptive,spacing_aware_flip,offspring,feasible_start_adaptive_spacing,,,,feasible_start_adaptive_spacing,0.5,,True,auto_from_instance,0.75,0.35,"5,14,25,26,27,36,40,45","6,18,21,24,27,29",,,,,,"H[5,14,25,26,27,36,40,45]|V[6,17,18,19,21,24,27,29]",f590e28c4ca08f01adba87c9244bc357b1edb9bd
proposed_nsga2_bs_Gyorgy-KOVACS_WH_Wide_AW_5_seed_121,proposed_nsga2_bs,Gyorgy-KOVACS_WH_Wide_AW_5,121,1,auto_from_instance,12,18,4,30,216,,,,,24,11,4,root > V:29 > BH:26 > BV:17 > BV:19,evaluated,3,inf,False,557,202,355,460.0,1.0,1.0,True,True,1,1,0,True,1,1,0,0,True,True,0,8,8,8,8,11,LS_RP,sampled_pool,,,False,0.1111111111111111,0.15489467916976332,0.8888888888888888,0.1,adaptive,spacing_aware_flip,offspring,feasible_start_adaptive_spacing,,,,feasible_start_adaptive_spacing,0.5,,True,auto_from_instance,0.75,0.35,"5,14,25,26,27,36,40,45","6,18,21,24,27,29",,,,,,"H[5,14,25,26,27,36,40,45]|V[6,17,18,19,21,24,27,29]",0ccd7482bc13afbeac630bd0faf7012fe4b70f5c
proposed_nsga2_bs_Gyorgy-KOVACS_WH_Wide_AW_5_seed_121,proposed_nsga2_bs,Gyorgy-KOVACS_WH_Wide_AW_5,121,2,auto_from_instance,12,18,4,30,216,,,,,1,1,8,root > V:15 > BH:26 > BH:5 > BH:16 > BH:25 > BH:36 > BH:45 > BV:24,selected,0,inf,True,497,247,250,385.0,1.0,1.0,True,True,1,1,0,True,1,1,0,0,True,True,0,9,5,9,5,1,LS_PF,sampled_pool,,,False,0.16666666666666666,0.1418969784383982,0.8333333333333334,0.1,adaptive,spacing_aware_flip,offspring,feasible_start_adaptive_spacing,,,,feasible_start_adaptive_spacing,0.5,,True,auto_from_instance,0.75,0.35,"5,10,16,25,26,36,45,48,56","15,18,21,24,27",,,,,,"H[5,10,16,25,26,36,45,48,56]|V[15,18,21,24,27]",416c9c0e4f9e06143d78fee04cbc7a8d1c4800ad
proposed_nsga2_bs_Gyorgy-KOVACS_WH_Wide_AW_5_seed_121,proposed_nsga2_bs,Gyorgy-KOVACS_WH_Wide_AW_5,121,2,auto_from_instance,12,18,4,30,216,,,,,2,1,8,root > V:15 > BH:26 > BH:5 > BH:14 > BH:25 > BH:36 > BH:45 > BV:24,selected,0,inf,True,497,247,250,385.0,1.0,1.0,True,True,1,1,0,True,1,1,0,0,True,True,0,10,5,10,5,1,LS_PF,sampled_pool,,,False,0.16666666666666666,0.1418969784383982,0.8333333333333334,0.1,adaptive,spacing_aware_flip,offspring,feasible_start_adaptive_spacing,,,,feasible_start_adaptive_spacing,0.5,,True,auto_from_instance,0.75,0.35,"5,10,16,25,26,36,45,48,56","15,18,21,24,27",,,,,,"H[5,10,14,16,25,26,36,45,48,56]|V[15,18,21,24,27]",4f5b467192e7c6ce4bc3fd69bf3ce13c31bd8ba0
proposed_nsga2_bs_Gyorgy-KOVACS_WH_Wide_AW_5_seed_121,proposed_nsga2_bs,Gyorgy-KOVACS_WH_Wide_AW_5,121,2,auto_from_instance,12,18,4,30,216,,,,,3,2,5,root > H:5 > BH:28 > BH:47 > BH:16 > BH:37,evaluated,5,inf,False,647,210,437,903.0,1.0,1.0,True,True,1,1,0,True,1,1,0,0,True,True,0,12,2,12,2,2,SS_LS_PF,sampled_pool,,,True,0.16666666666666666,0.10936047931274602,0.8333333333333334,0.1,adaptive,break_symmetry,offspring,feasible_start_adaptive_spacing,,,,feasible_start_adaptive_spacing,0.5,,True,auto_from_instance,0.75,0.35,"5,10,16,24,25,26,28,36,37,45,50","17,25",,,,,,"H[5,10,16,24,25,26,28,36,37,45,47,50]|V[17,25]",cbb12ae9bfe2c1e90668e57e4b7a75d2f09604e9
proposed_nsga2_bs_Gyorgy-KOVACS_WH_Wide_AW_5_seed_121,proposed_nsga2_bs,Gyorgy-KOVACS_WH_Wide_AW_5,121,2,auto_from_instance,12,18,4,30,216,,,,,4,2,5,root > H:5 > BH:28 > BH:47 > BH:14 > BH:37,evaluated,6,inf,False,647,210,437,987.0,1.0,1.0,True,True,1,1,0,True,1,1,0,0,True,True,0,13,2,13,2,2,SS_LS_PF,sampled_pool,,,True,0.16666666666666666,0.10936047931274602,0.8333333333333334,0.1,adaptive,break_symmetry,offspring,feasible_start_adaptive_spacing,,,,feasible_start_adaptive_spacing,0.5,,True,auto_from_instance,0.75,0.35,"5,10,16,24,25,26,28,36,37,45,50","17,25",,,,,,"H[5,10,14,16,24,25,26,28,36,37,45,47,50]|V[17,25]",2a3c92a114ba9c1f0a14c4b5d5485596d257bc5c
proposed_nsga2_bs_Gyorgy-KOVACS_WH_Wide_AW_5_seed_121,proposed_nsga2_bs,Gyorgy-KOVACS_WH_Wide_AW_5,121,2,auto_from_instance,12,18,4,30,216,,,,,5,2,5,root > H:5 > BH:28 > BH:45 > BH:16 > BV:17,evaluated,8,inf,False,717,173,544,1426.0,1.0,1.0,True,True,1,1,0,True,1,1,0,0,True,True,0,11,2,11,2,2,SS_LS_PF,sampled_pool,,,True,0.16666666666666666,0.10936047931274602,0.8333333333333334,0.1,adaptive,break_symmetry,offspring,feasible_start_adaptive_spacing,,,,feasible_start_adaptive_spacing,0.5,,True,auto_from_instance,0.75,0.35,"5,10,16,24,25,26,28,36,37,45,50","17,25",,,,,,"H[5,10,16,24,25,26,28,36,37,45,50]|V[17,25]",c37d40b6ba712bb8cb7c02eb7d1c3f8aa114e6ef
proposed_nsga2_bs_Gyorgy-KOVACS_WH_Wide_AW_5_seed_121,proposed_nsga2_bs,Gyorgy-KOVACS_WH_Wide_AW_5,121,2,auto_from_instance,12,18,4,30,216,,,,,6,2,5,root > H:5 > BH:28 > BH:45 > BH:14 > BV:17,evaluated,9,inf,False,717,173,544,1510.0,1.0,1.0,True,True,1,1,0,True,1,1,0,0,True,True,0,12,2,12,2,2,SS_LS_PF,sampled_pool,,,True,0.16666666666666666,0.10936047931274602,0.8333333333333334,0.1,adaptive,break_symmetry,offspring,feasible_start_adaptive_spacing,,,,feasible_start_adaptive_spacing,0.5,,True,auto_from_instance,0.75,0.35,"5,10,16,24,25,26,28,36,37,45,50","17,25",,,,,,"H[5,10,14,16,24,25,26,28,36,37,45,50]|V[17,25]",bafe1c958797e0accd284f055474035a65c65f98
proposed_nsga2_bs_Gyorgy-KOVACS_WH_Wide_AW_5_seed_121,proposed_nsga2_bs,Gyorgy-KOVACS_WH_Wide_AW_5,121,2,auto_from_instance,12,18,4,30,216,,,,,7,3,8,root > V:16 > BH:26 > BH:7 > BH:16 > BH:25 > BH:36 > BH:45 > BV:25,selected,1,inf,True,517,238,279,537.0,1.0,1.0,True,True,1,1,0,True,1,1,0,0,True,True,0,11,2,11,2,3,PF,sampled_pool,,,False,0.16666666666666666,0.12935265371759097,0.8333333333333334,0.1,adaptive,swap_segments,offspring,feasible_start_adaptive_spacing,,,,feasible_start_adaptive_spacing,0.5,,True,auto_from_instance,0.75,0.35,"5,10,16,25,26,35,38,46","16,25",,,,,,"H[5,7,10,16,25,26,35,36,38,45,46]|V[16,25]",5f183debb27c7a24bc0f9f82fc27ee77d3fc24d8
proposed_nsga2_bs_Gyorgy-KOVACS_WH_Wide_AW_5_seed_121,proposed_nsga2_bs,Gyorgy-KOVACS_WH_Wide_AW_5,121,2,auto_from_instance,12,18,4,30,216,,,,,8,3,8,root > V:16 > BH:26 > BH:5 > BH:16 > BH:25 > BH:36 > BH:45 > BV:25,selected,0,inf,True,517,238,279,368.0,1.0,1.0,True,True,1,1,0,True,1,1,0,0,True,True,0,10,2,10,2,3,PF,sampled_pool,,,False,0.16666666666666666,0.12935265371759097,0.8333333333333334,0.1,adaptive,swap_segments,offspring,feasible_start_adaptive_spacing,,,,feasible_start_adaptive_spacing,0.5,,True,auto_from_instance,0.75,0.35,"5,10,16,25,26,35,38,46","16,25",,,,,,"H[5,10,16,25,26,35,36,38,45,46]|V[16,25]",559a078c3ea143504613077c561cb3124d66b767
proposed_nsga2_bs_Gyorgy-KOVACS_WH_Wide_AW_5_seed_121,proposed_nsga2_bs,Gyorgy-KOVACS_WH_Wide_AW_5,121,2,auto_from_instance,12,18,4,30,216,,,,,9,3,8,root > V:16 > BH:26 > BH:7 > BH:16 > BH:25 > BH:36 > BH:45 > BV:29,selected,3,inf,True,517,225,292,755.0,1.0,1.0,True,True,1,1,0,True,1,1,0,0,True,True,0,11,3,11,3,3,PF,sampled_pool,,,False,0.16666666666666666,0.12935265371759097,0.8333333333333334,0.1,adaptive,swap_segments,offspring,feasible_start_adaptive_spacing,,,,feasible_start_adaptive_spacing,0.5,,True,auto_from_instance,0.75,0.35,"5,10,16,25,26,35,38,46","16,25",,,,,,"H[5,7,10,16,25,26,35,36,38,45,46]|V[16,25,29]",03af9372cf0d8e782f6e425ae89227ab68d20a8e
proposed_nsga2_bs_Gyorgy-KOVACS_WH_Wide_AW_5_seed_121,proposed_nsga2_bs,Gyorgy-KOVACS_WH_Wide_AW_5,121,2,auto_from_instance,12,18,4,30,216,,,,,10,3,8,root > V:16 > BH:26 > BH:5 > BH:16 > BH:25 > BH:36 > BH:45 > BV:29,selected,2,inf,True,517,225,292,586.0,1.0,1.0,True,True,1,1,0,True,1,1,0,0,True,True,0,10,3,10,3,3,PF,sampled_pool,,,False,0.16666666666666666,0.12935265371759097,0.8333333333333334,0.1,adaptive,swap_segments,offspring,feasible_start_adaptive_spacing,,,,feasible_start_adaptive_spacing,0.5,,True,auto_from_instance,0.75,0.35,"5,10,16,25,26,35,38,46","16,25",,,,,,"H[5,10,16,25,26,35,36,38,45,46]|V[16,25,29]",13a8831f3352523fe53b9477eb693b985fdfc37c
proposed_nsga2_bs_Gyorgy-KOVACS_WH_Wide_AW_5_seed_121,proposed_nsga2_bs,Gyorgy-KOVACS_WH_Wide_AW_5,121,2,auto_from_instance,12,18,4,30,216,,,,,11,4,7,root > V:21 > BH:26 > BH:5 > BH:16 > BH:25 > BH:36 > BH:47,evaluated,4,inf,False,652,180,472,763.0,1.0,1.0,True,True,1,1,0,True,1,1,0,0,True,True,0,14,5,14,5,4,SS_PF_LS,sampled_pool,,,True,0.16666666666666666,0.12278373764231516,0.8333333333333334,0.1,adaptive,insert_random_aisle,offspring,feasible_start_adaptive_spacing,,,,feasible_start_adaptive_spacing,0.5,,True,auto_from_instance,0.75,0.35,"5,10,14,16,24,25,26,28,36,37,45,50,53","15,18,21,24,27",,,,,,"H[5,10,14,16,24,25,26,28,36,37,45,47,50,53]|V[15,18,21,24,27]",01a90fb20467da592e93711ac8a849c3053fcfd6
proposed_nsga2_bs_Gyorgy-KOVACS_WH_Wide_AW_5_seed_121,proposed_nsga2_bs,Gyorgy-KOVACS_WH_Wide_AW_5,121,2,auto_from_instance,12,18,4,30,216,,,,,12,4,7,root > V:21 > BH:26 > BH:5 > BH:14 > BH:25 > BH:36 > BH:47,evaluated,4,0.0,False,652,180,472,763.0,1.0,1.0,True,True,1,1,0,True,1,1,0,0,True,True,0,14,5,14,5,4,SS_PF_LS,sampled_pool,,,True,0.16666666666666666,0.12278373764231516,0.8333333333333334,0.1,adaptive,insert_random_aisle,offspring,feasible_start_adaptive_spacing,,,,feasible_start_adaptive_spacing,0.5,,True,auto_from_instance,0.75,0.35,"5,10,14,16,24,25,26,28,36,37,45,50,53","15,18,21,24,27",,,,,,"H[5,10,14,16,24,25,26,28,36,37,45,47,50,53]|V[15,18,21,24,27]",1958a387e19298fbb01706dd6afdd7339df9d6ae
proposed_nsga2_bs_Gyorgy-KOVACS_WH_Wide_AW_5_seed_121,proposed_nsga2_bs,Gyorgy-KOVACS_WH_Wide_AW_5,121,2,auto_from_instance,12,18,4,30,216,,,,,13,4,7,root > V:21 > BH:26 > BH:5 > BH:16 > BH:25 > BH:38 > BH:47,evaluated,5,inf,False,652,180,472,779.0,1.0,1.0,True,True,1,1,0,True,1,1,0,0,True,True,0,15,5,15,5,4,SS_PF_LS,sampled_pool,,,True,0.16666666666666666,0.12278373764231516,0.8333333333333334,0.1,adaptive,insert_random_aisle,offspring,feasible_start_adaptive_spacing,,,,feasible_start_adaptive_spacing,0.5,,True,auto_from_instance,0.75,0.35,"5,10,14,16,24,25,26,28,36,37,45,50,53","15,18,21,24,27",,,,,,"H[5,10,14,16,24,25,26,28,36,37,38,45,47,50,53]|V[15,18,21,24,27]",a792a56432daab33caeba3cd7c76504fd95e9146
proposed_nsga2_bs_Gyorgy-KOVACS_WH_Wide_AW_5_seed_121,proposed_nsga2_bs,Gyorgy-KOVACS_WH_Wide_AW_5,121,2,auto_from_instance,12,18,4,30,216,,,,,14,4,7,root > V:21 > BH:26 > BH:5 > BH:16 > BH:25 > BH:36 > BH:45,evaluated,7,inf,False,652,180,472,899.0,1.0,1.0,True,True,1,1,0,True,1,1,0,0,True,True,0,13,5,13,5,4,SS_PF_LS,sampled_pool,,,True,0.16666666666666666,0.12278373764231516,0.8333333333333334,0.1,adaptive,insert_random_aisle,offspring,feasible_start_adaptive_spacing,,,,feasible_start_adaptive_spacing,0.5,,True,auto_from_instance,0.75,0.35,"5,10,14,16,24,25,26,28,36,37,45,50,53","15,18,21,24,27",,,,,,"H[5,10,14,16,24,25,26,28,36,37,45,50,53]|V[15,18,21,24,27]",8e88c0c464d5e2054bb58e24df478d0e262d6485
proposed_nsga2_bs_Gyorgy-KOVACS_WH_Wide_AW_5_seed_121,proposed_nsga2_bs,Gyorgy-KOVACS_WH_Wide_AW_5,121,2,auto_from_instance,12,18,4,30,216,,,,,15,5,6,root > H:45 > BH:25 > BH:5 > BH:36 > BH:16 > BV:17,evaluated,4,inf,False,612,215,397,838.0,1.0,1.0,True,True,1,1,0,True,1,1,0,0,True,True,0,12,5,12,5,5,SS,sampled_pool,,,True,0.16666666666666666,0.10089611406209073,0.8333333333333334,0.1,adaptive,spacing_aware_flip,offspring,feasible_start_adaptive_spacing,,,,feasible_start_adaptive_spacing,0.5,,True,auto_from_instance,0.75,0.35,"5,7,10,14,25,26,27,36,40,45,53","6,16,27,29",,,,,,"H[5,7,10,14,16,25,26,27,36,40,45,53]|V[6,16,17,27,29]",80928b7f91b49b7483bf405f1a756ffb458ca016
proposed_nsga2_bs_Gyorgy-KOVACS_WH_Wide_AW_5_seed_121,proposed_nsga2_bs,Gyorgy-KOVACS_WH_Wide_AW_5,121,2,auto_from_instance,12,18,4,30,216,,,,,16,5,6,root > H:45 > BH:25 > BH:5 > BH:36 > BH:14 > BV:17,evaluated,4,inf,False,612,215,397,838.0,1.0,1.0,True,True,1,1,0,True,1,1,0,0,True,True,0,11,5,11,5,5,SS,sampled_pool,,,True,0.16666666666666666,0.10089611406209073,0.8333333333333334,0.1,adaptive,spacing_aware_flip,offspring,feasible_start_adaptive_spacing,,,,feasible_start_adaptive_spacing,0.5,,True,auto_from_instance,0.75,0.35,"5,7,10,14,25,26,27,36,40,45,53","6,16,27,29",,,,,,"H[5,7,10,14,25,26,27,36,40,45,53]|V[6,16,17,27,29]",8728a035bc7d2e25fb60113548afdca133692f2b
proposed_nsga2_bs_Gyorgy-KOVACS_WH_Wide_AW_5_seed_121,proposed_nsga2_bs,Gyorgy-KOVACS_WH_Wide_AW_5,121,2,auto_from_instance,12,18,4,30,216,,,,,17,5,6,root > H:45 > BH:25 > BH:5 > BH:36 > BH:16 > BV:19,evaluated,4,0.40380952380952384,False,612,213,399,787.0,1.0,1.0,True,True,1,1,0,True,1,1,0,0,True,True,0,12,5,12,5,5,SS,sampled_pool,,,True,0.16666666666666666,0.10089611406209073,0.8333333333333334,0.1,adaptive,spacing_aware_flip,offspring,feasible_start_adaptive_spacing,,,,feasible_start_adaptive_spacing,0.5,,True,auto_from_instance,0.75,0.35,"5,7,10,14,25,26,27,36,40,45,53","6,16,27,29",,,,,,"H[5,7,10,14,16,25,26,27,36,40,45,53]|V[6,16,19,27,29]",419d431f1b5008a8837096b07021f558175463ae
proposed_nsga2_bs_Gyorgy-KOVACS_WH_Wide_AW_5_seed_121,proposed_nsga2_bs,Gyorgy-KOVACS_WH_Wide_AW_5,121,2,auto_from_instance,12,18,4,30,216,,,,,18,5,6,root > H:45 > BH:25 > BH:5 > BH:36 > BH:14 > BV:19,evaluated,4,2.5961904761904764,False,612,213,399,787.0,1.0,1.0,True,True,1,1,0,True,1,1,0,0,True,True,0,11,5,11,5,5,SS,sampled_pool,,,True,0.16666666666666666,0.10089611406209073,0.8333333333333334,0.1,adaptive,spacing_aware_flip,offspring,feasible_start_adaptive_spacing,,,,feasible_start_adaptive_spacing,0.5,,True,auto_from_instance,0.75,0.35,"5,7,10,14,25,26,27,36,40,45,53","6,16,27,29",,,,,,"H[5,7,10,14,25,26,27,36,40,45,53]|V[6,16,19,27,29]",3f49bcb71de100f5d1e8edca4211bc9294b67ce1
proposed_nsga2_bs_Gyorgy-KOVACS_WH_Wide_AW_5_seed_121,proposed_nsga2_bs,Gyorgy-KOVACS_WH_Wide_AW_5,121,2,auto_from_instance,12,18,4,30,216,,,,,19,6,7,root > V:21 > BH:26 > BH:7 > BH:16 > BH:25 > BH:36 > BH:47,evaluated,6,3.0,False,652,180,472,867.0,1.0,1.0,True,True,1,1,0,True,1,1,0,0,True,True,0,12,6,12,6,6,SS_PF_LS,sampled_pool,,,True,0.16666666666666666,0.1,0.8333333333333334,0.1,adaptive,spacing_aware_flip,offspring,feasible_start_adaptive_spacing,,,,feasible_start_adaptive_spacing,0.5,,True,auto_from_instance,0.75,0.35,"5,16,24,25,26,28,36,37,45,50","1,18,19,21,24,25",,,,,,"H[5,7,16,24,25,26,28,36,37,45,47,50]|V[1,18,19,21,24,25]",b7080d9cb61c36aedc6f73cfe3724fe27e5ce9c6
proposed_nsga2_bs_Gyorgy-KOVACS_WH_Wide_AW_5_seed_121,proposed_nsga2_bs,Gyorgy-KOVACS_WH_Wide_AW_5,121,2,auto_from_instance,12,18,4,30,216,,,,,20,7,7,root > V:21 > BH:26 > BH:5 > BH:16 > BH:27 > BH:36 > BH:47,evaluated,4,inf,False,652,180,472,763.0,1.0,1.0,True,True,1,1,0,True,1,1,0,0,True,True,0,11,6,11,6,7,SS_PF_LS,sampled_pool,,,True,0.16666666666666666,0.15705562339191265,0.8333333333333334,0.1,adaptive,spacing_aware_flip,offspring,feasible_start_adaptive_spacing,,,,feasible_start_adaptive_spacing,0.5,,True,auto_from_instance,0.75,0.35,"5,10,14,16,25,26,36,40,45","9,15,18,21,24,27",,,,,,"H[5,10,14,16,25,26,27,36,40,45,47]|V[9,15,18,21,24,27]",0f96e027200fa1a1c0edb07d21a5eb62a8ebadb2
proposed_nsga2_bs_Gyorgy-KOVACS_WH_Wide_AW_5_seed_121,proposed_nsga2_bs,Gyorgy-KOVACS_WH_Wide_AW_5,121,2,auto_from_instance,12,18,4,30,216,,,,,21,7,7,root > V:21 > BH:26 > BH:5 > BH:14 > BH:23 > BH:36 > BH:47,evaluated,6,inf,False,652,179,473,779.0,1.0,1.0,True,True,1,1,0,True,1,1,0,0,True,True,0,11,6,11,6,7,SS_PF_LS,sampled_pool,,,True,0.16666666666666666,0.15705562339191265,0.8333333333333334,0.1,adaptive,spacing_aware_flip,offspring,feasible_start_adaptive_spacing,,,,feasible_start_adaptive_spacing,0.5,,True,auto_from_instance,0.75,0.35,"5,10,14,16,25,26,36,40,45","9,15,18,21,24,27",,,,,,"H[5,10,14,16,23,25,26,36,40,45,47]|V[9,15,18,21,24,27]",80759a258a3a591897561d7fa21252f89316e96e
proposed_nsga2_bs_Gyorgy-KOVACS_WH_Wide_AW_5_seed_121,proposed_nsga2_bs,Gyorgy-KOVACS_WH_Wide_AW_5,121,2,auto_from_instance,12,18,4,30,216,,,,,22,9,7,root > V:21 > BH:26 > BH:5 > BH:14 > BH:25 > BH:36 > BH:45,evaluated,7,inf,False,652,180,472,899.0,1.0,1.0,True,True,1,1,0,True,1,1,0,0,True,True,0,10,5,10,5,9,SS,sampled_pool,,,True,0.16666666666666666,0.11633000319361289,0.8333333333333334,0.1,adaptive,swap_segments,offspring,feasible_start_adaptive_spacing,,,,feasible_start_adaptive_spacing,0.5,,True,auto_from_instance,0.75,0.35,"5,10,14,16,25,26,28,36,40,45","15,18,21,24,27",,,,,,"H[5,10,14,16,25,26,28,36,40,45]|V[15,18,21,24,27]",f2b245d80a9e03cb9543fcc56f57562ad4aadb7c
proposed_nsga2_bs_Gyorgy-KOVACS_WH_Wide_AW_5_seed_121,proposed_nsga2_bs,Gyorgy-KOVACS_WH_Wide_AW_5,121,2,auto_from_instance,12,18,4,30,216,,,,,23,10,8,root > V:18 > BH:26 > BH:5 > BH:16 > BH:25 > BH:36 > BH:45 > BV:29,selected,1,inf,True,557,213,344,441.0,1.0,1.0,True,True,1,1,0,True,1,1,0,0,True,True,0,8,4,8,4,10,PF_SS_RP,sampled_pool,,,True,0.16666666666666666,0.26317073752846387,0.8333333333333334,0.1,adaptive,remove_random_aisle,offspring,feasible_start_adaptive_spacing,,,,feasible_start_adaptive_spacing,0.5,,True,auto_from_instance,0.75,0.35,"5,14,16,25,36,45,48","18,21,27,29",,,,,,"H[5,14,16,25,26,36,45,48]|V[18,21,27,29]",71364ffd26b39e09575fe06f8735f14e38505286
proposed_nsga2_bs_Gyorgy-KOVACS_WH_Wide_AW_5_seed_121,proposed_nsga2_bs,Gyorgy-KOVACS_WH_Wide_AW_5,121,2,auto_from_instance,12,18,4,30,216,,,,,24,10,8,root > V:18 > BH:26 > BH:5 > BH:14 > BH:25 > BH:36 > BH:45 > BV:29,selected,1,inf,True,557,213,344,441.0,1.0,1.0,True,True,1,1,0,True,1,1,0,0,True,True,0,8,4,8,4,10,PF_SS_RP,sampled_pool,,,True,0.16666666666666666,0.26317073752846387,0.8333333333333334,0.1,adaptive,remove_random_aisle,offspring,feasible_start_adaptive_spacing,,,,feasible_start_adaptive_spacing,0.5,,True,auto_from_instance,0.75,0.35,"5,14,16,25,36,45,48","18,21,27,29",,,,,,"H[5,14,16,25,26,36,45,48]|V[18,21,27,29]",adb10b87ca2484934e3d25903be5b527b7a6f960
proposed_nsga2_bs_Gyorgy-KOVACS_WH_Wide_AW_5_seed_121,proposed_nsga2_bs,Gyorgy-KOVACS_WH_Wide_AW_5,121,2,auto_from_instance,12,18,4,30,216,,,,,25,11,7,root > V:17 > BH:26 > BH:5 > BH:16 > BH:27 > BH:36 > BH:47,selected,1,1.5170890410958904,True,572,220,352,507.0,1.0,1.0,True,True,1,1,0,True,1,1,0,0,True,True,0,12,7,12,7,11,PF_SS,sampled_pool,,,True,0.16666666666666666,0.1776169918019251,0.8333333333333334,0.1,adaptive,insert_random_aisle,offspring,feasible_start_adaptive_spacing,,,,feasible_start_adaptive_spacing,0.5,,True,auto_from_instance,0.75,0.35,"5,10,16,24,25,26,28,36,37,45","1,17,18,21,24,27,29",,,,,,"H[5,10,16,24,25,26,27,28,36,37,45,47]|V[1,17,18,21,24,27,29]",e2fbbe10c6b34c6ad385ed07a85e04980f6c0fd6
proposed_nsga2_bs_Gyorgy-KOVACS_WH_Wide_AW_5_seed_121,proposed_nsga2_bs,Gyorgy-KOVACS_WH_Wide_AW_5,121,2,auto_from_instance,12,18,4,30,216,,,,,26,11,7,root > V:17 > BH:26 > BH:5 > BH:16 > BH:25 > BH:36 > BH:47,selected,1,0.0,True,572,220,352,507.0,1.0,1.0,True,True,1,1,0,True,1,1,0,0,True,True,0,11,7,11,7,11,PF_SS,sampled_pool,,,True,0.16666666666666666,0.1776169918019251,0.8333333333333334,0.1,adaptive,insert_random_aisle,offspring,feasible_start_adaptive_spacing,,,,feasible_start_adaptive_spacing,0.5,,True,auto_from_instance,0.75,0.35,"5,10,16,24,25,26,28,36,37,45","1,17,18,21,24,27,29",,,,,,"H[5,10,16,24,25,26,28,36,37,45,47]|V[1,17,18,21,24,27,29]",173dd91401b4b71d9f20edd9e83506be465b9528
proposed_nsga2_bs_Gyorgy-KOVACS_WH_Wide_AW_5_seed_121,proposed_nsga2_bs,Gyorgy-KOVACS_WH_Wide_AW_5,121,2,auto_from_instance,12,18,4,30,216,,,,,27,11,7,root > V:17 > BH:26 > BH:5 > BH:14 > BH:25 > BH:36 > BH:47,selected,1,inf,True,572,220,352,507.0,1.0,1.0,True,True,1,1,0,True,1,1,0,0,True,True,0,12,7,12,7,11,PF_SS,sampled_pool,,,True,0.16666666666666666,0.1776169918019251,0.8333333333333334,0.1,adaptive,insert_random_aisle,offspring,feasible_start_adaptive_spacing,,,,feasible_start_adaptive_spacing,0.5,,True,auto_from_instance,0.75,0.35,"5,10,16,24,25,26,28,36,37,45","1,17,18,21,24,27,29",,,,,,"H[5,10,14,16,24,25,26,28,36,37,45,47]|V[1,17,18,21,24,27,29]",e59e5dd5e1537a2d164e028d12bd66f538f0cb70
proposed_nsga2_bs_Gyorgy-KOVACS_WH_Wide_AW_5_seed_121,proposed_nsga2_bs,Gyorgy-KOVACS_WH_Wide_AW_5,121,2,auto_from_instance,12,18,4,30,216,,,,,28,11,7,root > V:17 > BH:26 > BH:5 > BH:16 > BH:27 > BH:36 > BH:45,selected,3,inf,True,572,220,352,711.0,1.0,1.0,True,True,1,1,0,True,1,1,0,0,True,True,0,11,7,11,7,11,PF_SS,sampled_pool,,,True,0.16666666666666666,0.1776169918019251,0.8333333333333334,0.1,adaptive,insert_random_aisle,offspring,feasible_start_adaptive_spacing,,,,feasible_start_adaptive_spacing,0.5,,True,auto_from_instance,0.75,0.35,"5,10,16,24,25,26,28,36,37,45","1,17,18,21,24,27,29",,,,,,"H[5,10,16,24,25,26,27,28,36,37,45]|V[1,17,18,21,24,27,29]",d4972697f5cec94e08b9be11a75b7e3201e83de4
proposed_nsga2_bs_Gyorgy-KOVACS_WH_Wide_AW_5_seed_121,proposed_nsga2_bs,Gyorgy-KOVACS_WH_Wide_AW_5,121,3,auto_from_instance,12,18,4,30,216,,,,,1,1,8,root > V:16 > BH:26 > BH:7 > BH:16 > BH:25 > BH:36 > BH:45 > BV:25,selected,1,inf,True,517,238,279,537.0,1.0,1.0,True,True,1,1,0,True,1,1,0,0,True,True,0,10,2,10,2,1,PF_LS,sampled_pool,,,False,0.2222222222222222,0.19158148183669088,0.7777777777777778,0.1,adaptive,spacing_aware_flip,offspring,feasible_start_adaptive_spacing,,,,feasible_start_adaptive_spacing,0.5,,True,auto_from_instance,0.75,0.35,"0,5,10,16,25,26,36,45,46","16,25",,,,,,"H[0,5,7,10,16,25,26,36,45,46]|V[16,25]",5f183debb27c7a24bc0f9f82fc27ee77d3fc24d8
proposed_nsga2_bs_Gyorgy-KOVACS_WH_Wide_AW_5_seed_121,proposed_nsga2_bs,Gyorgy-KOVACS_WH_Wide_AW_5,121,3,auto_from_instance,12,18,4,30,216,,,,,2,1,8,root > V:16 > BH:26 > BH:5 > BH:16 > BH:25 > BH:36 > BH:45 > BV:25,selected,0,inf,True,517,238,279,368.0,1.0,1.0,True,True,1,1,0,True,1,1,0,0,True,True,0,9,2,9,2,1,PF_LS,sampled_pool,,,False,0.2222222222222222,0.19158148183669088,0.7777777777777778,0.1,adaptive,spacing_aware_flip,offspring,feasible_start_adaptive_spacing,,,,feasible_start_adaptive_spacing,0.5,,True,auto_from_instance,0.75,0.35,"0,5,10,16,25,26,36,45,46","16,25",,,,,,"H[0,5,10,16,25,26,36,45,46]|V[16,25]",559a078c3ea143504613077c561cb3124d66b767
proposed_nsga2_bs_Gyorgy-KOVACS_WH_Wide_AW_5_seed_121,proposed_nsga2_bs,Gyorgy-KOVACS_WH_Wide_AW_5,121,3,auto_from_instance,12,18,4,30,216,,,,,3,1,8,root > V:16 > BH:26 > BH:7 > BH:16 > BH:25 > BH:36 > BH:45 > BV:29,selected,3,inf,True,517,225,292,755.0,1.0,1.0,True,True,1,1,0,True,1,1,0,0,True,True,0,10,3,10,3,1,PF_LS,sampled_pool,,,False,0.2222222222222222,0.19158148183669088,0.7777777777777778,0.1,adaptive,spacing_aware_flip,offspring,feasible_start_adaptive_spacing,,,,feasible_start_adaptive_spacing,0.5,,True,auto_from_instance,0.75,0.35,"0,5,10,16,25,26,36,45,46","16,25",,,,,,"H[0,5,7,10,16,25,26,36,45,46]|V[16,25,29]",03af9372cf0d8e782f6e425ae89227ab68d20a8e
proposed_nsga2_bs_Gyorgy-KOVACS_WH_Wide_AW_5_seed_121,proposed_nsga2_bs,Gyorgy-KOVACS_WH_Wide_AW_5,121,3,auto_from_instance,12,18,4,30,216,,,,,4,1,8,root > V:16 > BH:26 > BH:5 > BH:16 > BH:25 > BH:36 > BH:45 > BV:29,selected,2,inf,True,517,225,292,586.0,1.0,1.0,True,True,1,1,0,True,1,1,0,0,True,True,0,9,3,9,3,1,PF_LS,sampled_pool,,,False,0.2222222222222222,0.19158148183669088,0.7777777777777778,0.1,adaptive,spacing_aware_flip,offspring,feasible_start_adaptive_spacing,,,,feasible_start_adaptive_spacing,0.5,,True,auto_from_instance,0.75,0.35,"0,5,10,16,25,26,36,45,46","16,25",,,,,,"H[0,5,10,16,25,26,36,45,46]|V[16,25,29]",13a8831f3352523fe53b9477eb693b985fdfc37c
proposed_nsga2_bs_Gyorgy-KOVACS_WH_Wide_AW_5_seed_121,proposed_nsga2_bs,Gyorgy-KOVACS_WH_Wide_AW_5,121,3,auto_from_instance,12,18,4,30,216,,,,,5,2,8,root > V:18 > BH:26 > BH:5 > BH:16 > BH:25 > BH:36 > BH:45 > BV:29,selected,1,inf,True,557,213,344,441.0,1.0,1.0,True,True,1,1,0,True,1,1,0,0,True,True,0,12,6,12,6,2,LS,sampled_pool,,,False,0.2222222222222222,0.23811947067406414,0.7777777777777778,0.1,adaptive,break_symmetry,offspring,feasible_start_adaptive_spacing,,,,feasible_start_adaptive_spacing,0.5,,True,auto_from_instance,0.75,0.35,"5,10,14,16,25,26,35,36,38,45,48,56","14,18,21,24,27",,,,,,"H[5,10,14,16,25,26,35,36,38,45,48,56]|V[14,18,21,24,27,29]",71364ffd26b39e09575fe06f8735f14e38505286
proposed_nsga2_bs_Gyorgy-KOVACS_WH_Wide_AW_5_seed_121,proposed_nsga2_bs,Gyorgy-KOVACS_WH_Wide_AW_5,121,3,auto_from_instance,12,18,4,30,216,,,,,6,2,8,root > V:18 > BH:26 > BH:5 > BH:14 > BH:25 > BH:36 > BH:45 > BV:29,selected,1,inf,True,557,213,344,441.0,1.0,1.0,True,True,1,1,0,True,1,1,0,0,True,True,0,12,6,12,6,2,LS,sampled_pool,,,False,0.2222222222222222,0.23811947067406414,0.7777777777777778,0.1,adaptive,break_symmetry,offspring,feasible_start_adaptive_spacing,,,,feasible_start_adaptive_spacing,0.5,,True,auto_from_instance,0.75,0.35,"5,10,14,16,25,26,35,36,38,45,48,56","14,18,21,24,27",,,,,,"H[5,10,14,16,25,26,35,36,38,45,48,56]|V[14,18,21,24,27,29]",adb10b87ca2484934e3d25903be5b527b7a6f960
proposed_nsga2_bs_Gyorgy-KOVACS_WH_Wide_AW_5_seed_121,proposed_nsga2_bs,Gyorgy-KOVACS_WH_Wide_AW_5,121,3,auto_from_instance,12,18,4,30,216,,,,,7,3,7,root > V:21 > BH:26 > BH:5 > BH:16 > BH:27 > BH:38 > BH:47,evaluated,4,inf,False,652,180,472,763.0,1.0,1.0,True,True,1,1,0,True,1,1,0,0,True,True,0,11,4,11,4,3,SS,sampled_pool,,,True,0.2222222222222222,0.2270435973700955,0.7777777777777778,0.1,adaptive,swap_segments,offspring,feasible_start_adaptive_spacing,,,,feasible_start_adaptive_spacing,0.5,,True,auto_from_instance,0.75,0.35,"5,14,16,25,26,36,45,48","9,11,18,21",,,,,,"H[5,14,16,25,26,27,36,38,45,47,48]|V[9,11,18,21]",2f63addef0a564eaffadcb442913b04bcdb20a31
proposed_nsga2_bs_Gyorgy-KOVACS_WH_Wide_AW_5_seed_121,proposed_nsga2_bs,Gyorgy-KOVACS_WH_Wide_AW_5,121,3,auto_from_instance,12,18,4,30,216,,,,,8,3,7,root > V:21 > BH:26 > BH:5 > BH:16 > BH:27 > BH:36 > BH:47,evaluated,4,0.0,False,652,180,472,763.0,1.0,1.0,True,True,1,1,0,True,1,1,0,0,True,True,0,10,4,10,4,3,SS,sampled_pool,,,True,0.2222222222222222,0.2270435973700955,0.7777777777777778,0.1,adaptive,swap_segments,offspring,feasible_start_adaptive_spacing,,,,feasible_start_adaptive_spacing,0.5,,True,auto_from_instance,0.75,0.35,"5,14,16,25,26,36,45,48","9,11,18,21",,,,,,"H[5,14,16,25,26,27,36,45,47,48]|V[9,11,18,21]",0f96e027200fa1a1c0edb07d21a5eb62a8ebadb2
proposed_nsga2_bs_Gyorgy-KOVACS_WH_Wide_AW_5_seed_121,proposed_nsga2_bs,Gyorgy-KOVACS_WH_Wide_AW_5,121,3,auto_from_instance,12,18,4,30,216,,,,,9,3,7,root > V:21 > BH:26 > BH:5 > BH:16 > BH:25 > BH:36 > BH:47,evaluated,4,0.0,False,652,180,472,763.0,1.0,1.0,True,True,1,1,0,True,1,1,0,0,True,True,0,9,4,9,4,3,SS,sampled_pool,,,True,0.2222222222222222,0.2270435973700955,0.7777777777777778,0.1,adaptive,swap_segments,offspring,feasible_start_adaptive_spacing,,,,feasible_start_adaptive_spacing,0.5,,True,auto_from_instance,0.75,0.35,"5,14,16,25,26,36,45,48","9,11,18,21",,,,,,"H[5,14,16,25,26,36,45,47,48]|V[9,11,18,21]",01a90fb20467da592e93711ac8a849c3053fcfd6
proposed_nsga2_bs_Gyorgy-KOVACS_WH_Wide_AW_5_seed_121,proposed_nsga2_bs,Gyorgy-KOVACS_WH_Wide_AW_5,121,3,auto_from_instance,12,18,4,30,216,,,,,10,3,7,root > V:21 > BH:26 > BH:5 > BH:14 > BH:25 > BH:36 > BH:47,evaluated,4,inf,False,652,180,472,763.0,1.0,1.0,True,True,1,1,0,True,1,1,0,0,True,True,0,9,4,9,4,3,SS,sampled_pool,,,True,0.2222222222222222,0.2270435973700955,0.7777777777777778,0.1,adaptive,swap_segments,offspring,feasible_start_adaptive_spacing,,,,feasible_start_adaptive_spacing,0.5,,True,auto_from_instance,0.75,0.35,"5,14,16,25,26,36,45,48","9,11,18,21",,,,,,"H[5,14,16,25,26,36,45,47,48]|V[9,11,18,21]",1958a387e19298fbb01706dd6afdd7339df9d6ae
proposed_nsga2_bs_Gyorgy-KOVACS_WH_Wide_AW_5_seed_121,proposed_nsga2_bs,Gyorgy-KOVACS_WH_Wide_AW_5,121,3,auto_from_instance,12,18,4,30,216,,,,,11,5,8,root > V:15 > BH:26 > BH:5 > BH:16 > BH:25 > BH:36 > BH:45 > BV:24,selected,0,inf,True,497,247,250,385.0,1.0,1.0,True,True,1,1,0,True,1,1,0,0,True,True,0,11,4,11,4,5,LS_SS,sampled_pool,,,True,0.2222222222222222,0.19378437070805815,0.7777777777777778,0.1,adaptive,insert_random_aisle,offspring,feasible_start_adaptive_spacing,,,,feasible_start_adaptive_spacing,0.5,,True,auto_from_instance,0.75,0.35,"5,7,10,16,25,26,35,36,38,45,46","15,16,25",,,,,,"H[5,7,10,16,25,26,35,36,38,45,46]|V[15,16,24,25]",416c9c0e4f9e06143d78fee04cbc7a8d1c4800ad
proposed_nsga2_bs_Gyorgy-KOVACS_WH_Wide_AW_5_seed_121,proposed_nsga2_bs,Gyorgy-KOVACS_WH_Wide_AW_5,121,3,auto_from_instance,12,18,4,30,216,,,,,12,5,8,root > V:15 > BH:26 > BH:5 > BH:14 > BH:25 > BH:36 > BH:45 > BV:24,selected,0,0.0,True,497,247,250,385.0,1.0,1.0,True,True,1,1,0,True,1,1,0,0,True,True,0,12,4,12,4,5,LS_SS,sampled_pool,,,True,0.2222222222222222,0.19378437070805815,0.7777777777777778,0.1,adaptive,insert_random_aisle,offspring,feasible_start_adaptive_spacing,,,,feasible_start_adaptive_spacing,0.5,,True,auto_from_instance,0.75,0.35,"5,7,10,16,25,26,35,36,38,45,46","15,16,25",,,,,,"H[5,7,10,14,16,25,26,35,36,38,45,46]|V[15,16,24,25]",4f5b467192e7c6ce4bc3fd69bf3ce13c31bd8ba0
proposed_nsga2_bs_Gyorgy-KOVACS_WH_Wide_AW_5_seed_121,proposed_nsga2_bs,Gyorgy-KOVACS_WH_Wide_AW_5,121,3,auto_from_instance,12,18,4,30,216,,,,,13,6,5,root > H:10 > BH:35 > BV:25 > BH:23 > BV:21,evaluated,10,inf,False,727,158,569,1478.0,1.0,1.0,True,True,1,1,0,True,1,1,0,0,True,True,0,12,3,12,3,6,RP,sampled_pool,,,False,0.2222222222222222,0.20075237406988589,0.7777777777777778,0.1,adaptive,bit_flip,offspring,feasible_start_adaptive_spacing,,,,feasible_start_adaptive_spacing,0.5,,True,auto_from_instance,0.75,0.35,"5,10,16,25,26,35,36,38,44,45,46","16,25",,,,,,"H[5,10,16,23,25,26,35,36,38,44,45,46]|V[16,21,25]",2a696fc782a363b46eb57fdec721328a9c2f8dee
proposed_nsga2_bs_Gyorgy-KOVACS_WH_Wide_AW_5_seed_121,proposed_nsga2_bs,Gyorgy-KOVACS_WH_Wide_AW_5,121,3,auto_from_instance,12,18,4,30,216,,,,,14,6,5,root > H:10 > BH:35 > BV:25 > BH:25 > BV:21,evaluated,10,inf,False,727,160,567,1520.0,1.0,1.0,True,True,1,1,0,True,1,1,0,0,True,True,0,11,3,11,3,6,RP,sampled_pool,,,False,0.2222222222222222,0.20075237406988589,0.7777777777777778,0.1,adaptive,bit_flip,offspring,feasible_start_adaptive_spacing,,,,feasible_start_adaptive_spacing,0.5,,True,auto_from_instance,0.75,0.35,"5,10,16,25,26,35,36,38,44,45,46","16,25",,,,,,"H[5,10,16,25,26,35,36,38,44,45,46]|V[16,21,25]",07c54a7aeaf0587248dde9da1b3622cea7547887
proposed_nsga2_bs_Gyorgy-KOVACS_WH_Wide_AW_5_seed_121,proposed_nsga2_bs,Gyorgy-KOVACS_WH_Wide_AW_5,121,3,auto_from_instance,12,18,4,30,216,,,,,15,6,5,root > H:10 > BH:35 > BV:23 > BH:23 > BV:21,evaluated,11,inf,False,727,158,569,1597.0,1.0,1.0,True,True,1,1,0,True,1,1,0,0,True,True,0,12,4,12,4,6,RP,sampled_pool,,,False,0.2222222222222222,0.20075237406988589,0.7777777777777778,0.1,adaptive,bit_flip,offspring,feasible_start_adaptive_spacing,,,,feasible_start_adaptive_spacing,0.5,,True,auto_from_instance,0.75,0.35,"5,10,16,25,26,35,36,38,44,45,46","16,25",,,,,,"H[5,10,16,23,25,26,35,36,38,44,45,46]|V[16,21,23,25]",a934f91f90b8a8d7fa6a044ce76614d4e77b839a
proposed_nsga2_bs_Gyorgy-KOVACS_WH_Wide_AW_5_seed_121,proposed_nsga2_bs,Gyorgy-KOVACS_WH_Wide_AW_5,121,3,auto_from_instance,12,18,4,30,216,,,,,16,6,5,root > H:10 > BH:35 > BV:25 > BH:23 > BV:19,evaluated,11,inf,False,727,159,568,1632.0,1.0,1.0,True,True,1,1,0,True,1,1,0,0,True,True,0,12,3,12,3,6,RP,sampled_pool,,,False,0.2222222222222222,0.20075237406988589,0.7777777777777778,0.1,adaptive,bit_flip,offspring,feasible_start_adaptive_spacing,,,,feasible_start_adaptive_spacing,0.5,,True,auto_from_instance,0.75,0.35,"5,10,16,25,26,35,36,38,44,45,46","16,25",,,,,,"H[5,10,16,23,25,26,35,36,38,44,45,46]|V[16,19,25]",ef4deb257bebde4a877dffc9182dd5d8e4d24155
proposed_nsga2_bs_Gyorgy-KOVACS_WH_Wide_AW_5_seed_121,proposed_nsga2_bs,Gyorgy-KOVACS_WH_Wide_AW_5,121,3,auto_from_instance,12,18,4,30,216,,,,,17,7,8,root > V:15 > BH:26 > BH:5 > BH:16 > BH:27 > BH:36 > BH:45 > BV:24,selected,0,inf,True,497,247,250,385.0,1.0,1.0,True,True,1,1,0,True,1,1,0,0,True,True,0,13,5,13,5,7,LS_PF,sampled_pool,,,False,0.2222222222222222,0.2598201031498098,0.7777777777777778,0.1,adaptive,spacing_aware_flip,offspring,feasible_start_adaptive_spacing,,,,feasible_start_adaptive_spacing,0.5,,True,auto_from_instance,0.75,0.35,"0,5,10,16,25,26,35,36,38,45,48,56","15,16,25,27",,,,,,"H[0,5,10,16,25,26,27,35,36,38,45,48,56]|V[15,16,24,25,27]",9367037dc0304e9a893380cb68f03b46b0c6f55b
proposed_nsga2_bs_Gyorgy-KOVACS_WH_Wide_AW_5_seed_121,proposed_nsga2_bs,Gyorgy-KOVACS_WH_Wide_AW_5,121,3,auto_from_instance,12,18,4,30,216,,,,,18,8,8,root > V:18 > BH:26 > BH:7 > BH:16 > BH:25 > BH:36 > BH:45 > BV:29,selected,2,inf,True,557,213,344,584.0,1.0,1.0,True,True,1,1,0,True,1,1,0,0,True,True,0,10,4,10,4,8,LS_PF,sampled_pool,,,False,0.2222222222222222,0.27915929809961315,0.7777777777777778,0.1,adaptive,insert_random_aisle,offspring,feasible_start_adaptive_spacing,,,,feasible_start_adaptive_spacing,0.5,,True,auto_from_instance,0.75,0.35,"5,10,16,25,26,36,42,45,46","18,21,24",,,,,,"H[5,7,10,16,25,26,36,42,45,46]|V[18,21,24,29]",ca6056164ee367eba08d7b33e7aaac0e0cb070b3
proposed_nsga2_bs_Gyorgy-KOVACS_WH_Wide_AW_5_seed_121,proposed_nsga2_bs,Gyorgy-KOVACS_WH_Wide_AW_5,121,3,auto_from_instance,12,18,4,30,216,,,,,19,9,5,root > H:14 > BH:39 > BV:25 > BV:25 > BH:27,evaluated,7,inf,False,727,162,565,1262.0,1.0,1.0,True,True,1,1,0,True,1,1,0,0,True,True,0,14,2,14,2,9,RP,sampled_pool,,,False,0.2222222222222222,0.27379941849347955,0.7777777777777778,0.1,adaptive,spacing_aware_flip,offspring,feasible_start_adaptive_spacing,,,,feasible_start_adaptive_spacing,0.5,,True,auto_from_instance,0.75,0.35,"5,7,14,16,25,26,35,36,38,45,46,52","16,25",,,,,,"H[5,7,14,16,25,26,27,35,36,38,39,45,46,52]|V[16,25]",748c65b16ed21ca827a06a8500e4b188f69811be
proposed_nsga2_bs_Gyorgy-KOVACS_WH_Wide_AW_5_seed_121,proposed_nsga2_bs,Gyorgy-KOVACS_WH_Wide_AW_5,121,3,auto_from_instance,12,18,4,30,216,,,,,20,9,5,root > H:38 > BH:13 > BV:25 > BV:25 > BH:26,evaluated,7,inf,False,727,162,565,1262.0,1.0,1.0,True,True,1,1,0,True,1,1,0,0,True,True,0,13,2,13,2,9,RP,sampled_pool,,,False,0.2222222222222222,0.27379941849347955,0.7777777777777778,0.1,adaptive,spacing_aware_flip,offspring,feasible_start_adaptive_spacing,,,,feasible_start_adaptive_spacing,0.5,,True,auto_from_instance,0.75,0.35,"5,7,14,16,25,26,35,36,38,45,46,52","16,25",,,,,,"H[5,7,13,14,16,25,26,35,36,38,45,46,52]|V[16,25]",9defe12d74509891915e4bdebd6a12ae30507c3b
proposed_nsga2_bs_Gyorgy-KOVACS_WH_Wide_AW_5_seed_121,proposed_nsga2_bs,Gyorgy-KOVACS_WH_Wide_AW_5,121,3,auto_from_instance,12,18,4,30,216,,,,,21,9,5,root > H:14 > BH:39 > BV:25 > BV:25 > BH:29,evaluated,9,inf,False,727,160,567,1304.0,1.0,1.0,True,True,1,1,0,True,1,1,0,0,True,True,0,14,2,14,2,9,RP,sampled_pool,,,False,0.2222222222222222,0.27379941849347955,0.7777777777777778,0.1,adaptive,spacing_aware_flip,offspring,feasible_start_adaptive_spacing,,,,feasible_start_adaptive_spacing,0.5,,True,auto_from_instance,0.75,0.35,"5,7,14,16,25,26,35,36,38,45,46,52","16,25",,,,,,"H[5,7,14,16,25,26,29,35,36,38,39,45,46,52]|V[16,25]",0b9c7288a9f3b0a1a04acd8c918023ad6fa7f026
proposed_nsga2_bs_Gyorgy-KOVACS_WH_Wide_AW_5_seed_121,proposed_nsga2_bs,Gyorgy-KOVACS_WH_Wide_AW_5,121,3,auto_from_instance,12,18,4,30,216,,,,,22,9,5,root > H:14 > BH:39 > BV:25 > BV:25 > BH:25,evaluated,8,inf,False,727,162,565,1304.0,1.0,1.0,True,True,1,1,0,True,1,1,0,0,True,True,0,13,2,13,2,9,RP,sampled_pool,,,False,0.2222222222222222,0.27379941849347955,0.7777777777777778,0.1,adaptive,spacing_aware_flip,offspring,feasible_start_adaptive_spacing,,,,feasible_start_adaptive_spacing,0.5,,True,auto_from_instance,0.75,0.35,"5,7,14,16,25,26,35,36,38,45,46,52","16,25",,,,,,"H[5,7,14,16,25,26,35,36,38,39,45,46,52]|V[16,25]",aee96a32139a867e1cd5f43da8253100071ba71c
proposed_nsga2_bs_Gyorgy-KOVACS_WH_Wide_AW_5_seed_121,proposed_nsga2_bs,Gyorgy-KOVACS_WH_Wide_AW_5,121,3,auto_from_instance,12,18,4,30,216,,,,,23,10,6,root > V:21 > BH:26 > BH:5 > BH:16 > BH:29 > BH:42,evaluated,5,inf,False,692,165,527,1197.0,1.0,1.0,True,True,1,1,0,True,1,1,0,0,True,True,0,10,4,10,4,10,RP_LS,sampled_pool,,,False,0.2222222222222222,0.220049876881002,0.7777777777777778,0.1,adaptive,break_symmetry,offspring,feasible_start_adaptive_spacing,,,,feasible_start_adaptive_spacing,0.5,,True,auto_from_instance,0.75,0.35,"5,10,16,25,26,36,45,48","18,21,27,30",,,,,,"H[5,10,16,25,26,29,36,42,45,48]|V[18,21,27,30]",3e80fff572b45638d4c993741f9187431fecc243
proposed_nsga2_bs_Gyorgy-KOVACS_WH_Wide_AW_5_seed_121,proposed_nsga2_bs,Gyorgy-KOVACS_WH_Wide_AW_5,121,3,auto_from_instance,12,18,4,30,216,,,,,24,10,6,root > V:21 > BH:26 > BH:5 > BH:16 > BH:27 > BH:40,evaluated,5,inf,False,692,168,524,1255.0,1.0,1.0,True,True,1,1,0,True,1,1,0,0,True,True,0,10,4,10,4,10,RP_LS,sampled_pool,,,False,0.2222222222222222,0.220049876881002,0.7777777777777778,0.1,adaptive,break_symmetry,offspring,feasible_start_adaptive_spacing,,,,feasible_start_adaptive_spacing,0.5,,True,auto_from_instance,0.75,0.35,"5,10,16,25,26,36,45,48","18,21,27,30",,,,,,"H[5,10,16,25,26,27,36,40,45,48]|V[18,21,27,30]",c29204a760792de9b5fff7fd1f22463071b8fe3a
proposed_nsga2_bs_Gyorgy-KOVACS_WH_Wide_AW_5_seed_121,proposed_nsga2_bs,Gyorgy-KOVACS_WH_Wide_AW_5,121,3,auto_from_instance,12,18,4,30,216,,,,,25,10,6,root > V:21 > BH:26 > BH:5 > BH:16 > BH:29 > BH:40,evaluated,6,inf,False,692,167,525,1255.0,1.0,1.0,True,True,1,1,0,True,1,1,0,0,True,True,0,10,4,10,4,10,RP_LS,sampled_pool,,,False,0.2222222222222222,0.220049876881002,0.7777777777777778,0.1,adaptive,break_symmetry,offspring,feasible_start_adaptive_spacing,,,,feasible_start_adaptive_spacing,0.5,,True,auto_from_instance,0.75,0.35,"5,10,16,25,26,36,45,48","18,21,27,30",,,,,,"H[5,10,16,25,26,29,36,40,45,48]|V[18,21,27,30]",4438a07913bba44771acc09fec1861ea8b6e3d46
proposed_nsga2_bs_Gyorgy-KOVACS_WH_Wide_AW_5_seed_121,proposed_nsga2_bs,Gyorgy-KOVACS_WH_Wide_AW_5,121,3,auto_from_instance,12,18,4,30,216,,,,,26,10,6,root > V:21 > BH:26 > BH:47 > BH:35 > BH:23 > BH:11,evaluated,7,inf,False,692,164,528,1293.0,1.0,1.0,True,True,1,1,0,True,1,1,0,0,True,True,0,12,4,12,4,10,RP_LS,sampled_pool,,,False,0.2222222222222222,0.220049876881002,0.7777777777777778,0.1,adaptive,break_symmetry,offspring,feasible_start_adaptive_spacing,,,,feasible_start_adaptive_spacing,0.5,,True,auto_from_instance,0.75,0.35,"5,10,16,25,26,36,45,48","18,21,27,30",,,,,,"H[5,10,11,16,23,25,26,35,36,45,47,48]|V[18,21,27,30]",aefb6def61337c0811fe5b11c3859df6b4d263cc
proposed_nsga2_bs_Gyorgy-KOVACS_WH_Wide_AW_5_seed_121,proposed_nsga2_bs,Gyorgy-KOVACS_WH_Wide_AW_5,121,3,auto_from_instance,12,18,4,30,216,,,,,27,12,8,root > V:16 > BH:26 > BH:5 > BH:14 > BH:25 > BH:36 > BH:45 > BV:25,selected,0,inf,True,517,238,279,368.0,1.0,1.0,True,True,1,1,0,True,1,1,0,0,True,True,0,8,5,8,5,12,PF_SS,sampled_pool,,,True,0.2222222222222222,0.2350223991822338,0.7777777777777778,0.1,adaptive,remove_random_aisle,offspring,feasible_start_adaptive_spacing,,,,feasible_start_adaptive_spacing,0.5,,True,auto_from_instance,0.75,0.35,"5,14,16,25,26,36,45,48","16,18,27,29",,,,,,"H[5,14,16,25,26,36,45,48]|V[16,18,25,27,29]",6fcfc694894a367ef71d338faec4ce589ca685b5
proposed_nsga2_bs_Gyorgy-KOVACS_WH_Wide_AW_5_seed_121,proposed_nsga2_bs,Gyorgy-KOVACS_WH_Wide_AW_5,121,3,auto_from_instance,12,18,4,30,216,,,,,28,12,8,root > V:16 > BH:26 > BH:5 > BH:14 > BH:25 > BH:36 > BH:45 > BV:29,selected,2,inf,True,517,225,292,586.0,1.0,1.0,True,True,1,1,0,True,1,1,0,0,True,True,0,8,4,8,4,12,PF_SS,sampled_pool,,,True,0.2222222222222222,0.2350223991822338,0.7777777777777778,0.1,adaptive,remove_random_aisle,offspring,feasible_start_adaptive_spacing,,,,feasible_start_adaptive_spacing,0.5,,True,auto_from_instance,0.75,0.35,"5,14,16,25,26,36,45,48","16,18,27,29",,,,,,"H[5,14,16,25,26,36,45,48]|V[16,18,27,29]",7e0f4d1a90907f684b7d565e90c4ddb6c1ba7c58
proposed_nsga2_bs_Gyorgy-KOVACS_WH_Wide_AW_5_seed_121,proposed_nsga2_bs,Gyorgy-KOVACS_WH_Wide_AW_5,121,4,auto_from_instance,12,18,4,30,216,,,,,1,1,5,root > H:10 > BH:35 > BV:25 > BH:23 > BV:21,evaluated,7,inf,False,727,158,569,1478.0,1.0,1.0,True,True,1,1,0,True,1,1,0,0,True,True,0,13,3,13,3,1,RP_LS,sampled_pool,,,False,0.2777777777777778,0.21871649683074004,0.7222222222222222,0.1,adaptive,insert_random_aisle,offspring,feasible_start_adaptive_spacing,,,,feasible_start_adaptive_spacing,0.5,,True,auto_from_instance,0.75,0.35,"0,5,10,13,16,25,26,36,38,45,48","14,25",,,,,,"H[0,5,10,13,16,23,25,26,35,36,38,45,48]|V[14,21,25]",2a696fc782a363b46eb57fdec721328a9c2f8dee
proposed_nsga2_bs_Gyorgy-KOVACS_WH_Wide_AW_5_seed_121,proposed_nsga2_bs,Gyorgy-KOVACS_WH_Wide_AW_5,121,4,auto_from_instance,12,18,4,30,216,,,,,2,1,5,root > H:10 > BH:35 > BV:25 > BH:25 > BV:21,evaluated,7,1.8599326599326598,False,727,160,567,1520.0,1.0,1.0,True,True,1,1,0,True,1,1,0,0,True,True,0,12,3,12,3,1,RP_LS,sampled_pool,,,False,0.2777777777777778,0.21871649683074004,0.7222222222222222,0.1,adaptive,insert_random_aisle,offspring,feasible_start_adaptive_spacing,,,,feasible_start_adaptive_spacing,0.5,,True,auto_from_instance,0.75,0.35,"0,5,10,13,16,25,26,36,38,45,48","14,25",,,,,,"H[0,5,10,13,16,25,26,35,36,38,45,48]|V[14,21,25]",07c54a7aeaf0587248dde9da1b3622cea7547887
proposed_nsga2_bs_Gyorgy-KOVACS_WH_Wide_AW_5_seed_121,proposed_nsga2_bs,Gyorgy-KOVACS_WH_Wide_AW_5,121,4,auto_from_instance,12,18,4,30,216,,,,,3,1,5,root > H:10 > BH:35 > BV:23 > BH:23 > BV:21,evaluated,8,inf,False,727,158,569,1597.0,1.0,1.0,True,True,1,1,0,True,1,1,0,0,True,True,0,13,4,13,4,1,RP_LS,sampled_pool,,,False,0.2777777777777778,0.21871649683074004,0.7222222222222222,0.1,adaptive,insert_random_aisle,offspring,feasible_start_adaptive_spacing,,,,feasible_start_adaptive_spacing,0.5,,True,auto_from_instance,0.75,0.35,"0,5,10,13,16,25,26,36,38,45,48","14,25",,,,,,"H[0,5,10,13,16,23,25,26,35,36,38,45,48]|V[14,21,23,25]",a934f91f90b8a8d7fa6a044ce76614d4e77b839a
proposed_nsga2_bs_Gyorgy-KOVACS_WH_Wide_AW_5_seed_121,proposed_nsga2_bs,Gyorgy-KOVACS_WH_Wide_AW_5,121,4,auto_from_instance,12,18,4,30,216,,,,,4,1,5,root > H:10 > BH:35 > BV:25 > BH:23 > BV:19,evaluated,8,inf,False,727,159,568,1632.0,1.0,1.0,True,True,1,1,0,True,1,1,0,0,True,True,0,13,3,13,3,1,RP_LS,sampled_pool,,,False,0.2777777777777778,0.21871649683074004,0.7222222222222222,0.1,adaptive,insert_random_aisle,offspring,feasible_start_adaptive_spacing,,,,feasible_start_adaptive_spacing,0.5,,True,auto_from_instance,0.75,0.35,"0,5,10,13,16,25,26,36,38,45,48","14,25",,,,,,"H[0,5,10,13,16,23,25,26,35,36,38,45,48]|V[14,19,25]",ef4deb257bebde4a877dffc9182dd5d8e4d24155
proposed_nsga2_bs_Gyorgy-KOVACS_WH_Wide_AW_5_seed_121,proposed_nsga2_bs,Gyorgy-KOVACS_WH_Wide_AW_5,121,4,auto_from_instance,12,18,4,30,216,,,,,5,2,8,root > V:16 > BH:26 > BH:5 > BH:16 > BH:25 > BH:36 > BH:45 > BV:25,selected,0,inf,True,517,238,279,368.0,1.0,1.0,True,True,1,1,0,True,1,1,0,0,True,True,0,11,7,11,7,2,PF_RP,sampled_pool,,,False,0.2777777777777778,0.22369768486219743,0.7222222222222222,0.1,adaptive,break_symmetry,offspring,feasible_start_adaptive_spacing,,,,feasible_start_adaptive_spacing,0.5,,True,auto_from_instance,0.75,0.35,"5,10,14,16,25,26,35,36,45,46,56","16,18,21,24,28,29",,,,,,"H[5,10,14,16,25,26,35,36,45,46,56]|V[16,18,21,24,25,28,29]",559a078c3ea143504613077c561cb3124d66b767
proposed_nsga2_bs_Gyorgy-KOVACS_WH_Wide_AW_5_seed_121,proposed_nsga2_bs,Gyorgy-KOVACS_WH_Wide_AW_5,121,4,auto_from_instance,12,18,4,30,216,,,,,6,2,8,root > V:16 > BH:26 > BH:5 > BH:16 > BH:25 > BH:36 > BH:45 > BV:29,selected,2,inf,True,517,225,292,586.0,1.0,1.0,True,True,1,1,0,True,1,1,0,0,True,True,0,11,6,11,6,2,PF_RP,sampled_pool,,,False,0.2777777777777778,0.22369768486219743,0.7222222222222222,0.1,adaptive,break_symmetry,offspring,feasible_start_adaptive_spacing,,,,feasible_start_adaptive_spacing,0.5,,True,auto_from_instance,0.75,0.35,"5,10,14,16,25,26,35,36,45,46,56","16,18,21,24,28,29",,,,,,"H[5,10,14,16,25,26,35,36,45,46,56]|V[16,18,21,24,28,29]",13a8831f3352523fe53b9477eb693b985fdfc37c
proposed_nsga2_bs_Gyorgy-KOVACS_WH_Wide_AW_5_seed_121,proposed_nsga2_bs,Gyorgy-KOVACS_WH_Wide_AW_5,121,4,auto_from_instance,12,18,4,30,216,,,,,7,4,6,root > H:45 > BH:23 > BH:5 > BH:36 > BH:14 > BV:17,selected,4,inf,True,612,213,399,880.0,1.0,1.0,True,True,1,1,0,True,1,1,0,0,True,True,0,13,6,13,6,4,SS_PF_LS,sampled_pool,,,True,0.2777777777777778,0.32119824931727564,0.7222222222222222,0.1,adaptive,bit_flip,offspring,feasible_start_adaptive_spacing,,,,feasible_start_adaptive_spacing,0.5,,True,auto_from_instance,0.75,0.35,"5,7,10,14,16,25,26,35,36,38,45,46","2,15,16,24,25",,,,,,"H[5,7,10,14,16,23,25,26,35,36,38,45,46]|V[2,15,16,17,24,25]",6aaaac4f4db306266a1c4c6252aafb0a957fa804
proposed_nsga2_bs_Gyorgy-KOVACS_WH_Wide_AW_5_seed_121,proposed_nsga2_bs,Gyorgy-KOVACS_WH_Wide_AW_5,121,4,auto_from_instance,12,18,4,30,216,,,,,8,4,6,root > H:45 > BH:23 > BH:5 > BH:36 > BH:14 > BV:19,selected,4,inf,True,612,211,401,829.0,1.0,1.0,True,True,1,1,0,True,1,1,0,0,True,True,0,13,6,13,6,4,SS_PF_LS,sampled_pool,,,True,0.2777777777777778,0.32119824931727564,0.7222222222222222,0.1,adaptive,bit_flip,offspring,feasible_start_adaptive_spacing,,,,feasible_start_adaptive_spacing,0.5,,True,auto_from_instance,0.75,0.35,"5,7,10,14,16,25,26,35,36,38,45,46","2,15,16,24,25",,,,,,"H[5,7,10,14,16,23,25,26,35,36,38,45,46]|V[2,15,16,19,24,25]",cbdb2b70cd091c26a564ebcdafa10d415691975d
proposed_nsga2_bs_Gyorgy-KOVACS_WH_Wide_AW_5_seed_121,proposed_nsga2_bs,Gyorgy-KOVACS_WH_Wide_AW_5,121,4,auto_from_instance,12,18,4,30,216,,,,,9,4,6,root > H:45 > BH:23 > BH:5 > BH:36 > BH:14 > BV:25,evaluated,5,inf,False,612,206,406,936.0,1.0,1.0,True,True,1,1,0,True,1,1,0,0,True,True,0,13,5,13,5,4,SS_PF_LS,sampled_pool,,,True,0.2777777777777778,0.32119824931727564,0.7222222222222222,0.1,adaptive,bit_flip,offspring,feasible_start_adaptive_spacing,,,,feasible_start_adaptive_spacing,0.5,,True,auto_from_instance,0.75,0.35,"5,7,10,14,16,25,26,35,36,38,45,46","2,15,16,24,25",,,,,,"H[5,7,10,14,16,23,25,26,35,36,38,45,46]|V[2,15,16,24,25]",3eb153e231ddf1c18f9055088b14a93470230094
proposed_nsga2_bs_Gyorgy-KOVACS_WH_Wide_AW_5_seed_121,proposed_nsga2_bs,Gyorgy-KOVACS_WH_Wide_AW_5,121,4,auto_from_instance,12,18,4,30,216,,,,,10,4,6,root > H:45 > BH:23 > BH:5 > BH:36 > BH:14 > BV:23,evaluated,6,inf,False,612,204,408,976.0,1.0,1.0,True,True,1,1,0,True,1,1,0,0,True,True,0,13,6,13,6,4,SS_PF_LS,sampled_pool,,,True,0.2777777777777778,0.32119824931727564,0.7222222222222222,0.1,adaptive,bit_flip,offspring,feasible_start_adaptive_spacing,,,,feasible_start_adaptive_spacing,0.5,,True,auto_from_instance,0.75,0.35,"5,7,10,14,16,25,26,35,36,38,45,46","2,15,16,24,25",,,,,,"H[5,7,10,14,16,23,25,26,35,36,38,45,46]|V[2,15,16,23,24,25]",56a1d56587655fcd1313941a02d016800395a80a
proposed_nsga2_bs_Gyorgy-KOVACS_WH_Wide_AW_5_seed_121,proposed_nsga2_bs,Gyorgy-KOVACS_WH_Wide_AW_5,121,4,auto_from_instance,12,18,4,30,216,,,,,11,5,8,root > V:18 > BH:26 > BH:7 > BH:16 > BH:25 > BH:36 > BH:45 > BV:29,selected,2,inf,True,557,213,344,584.0,1.0,1.0,True,True,1,1,0,True,1,1,0,0,True,True,0,12,6,12,6,5,LS_PF,sampled_pool,,,False,0.2777777777777778,0.290936665433669,0.7222222222222222,0.1,adaptive,remove_random_aisle,offspring,feasible_start_adaptive_spacing,,,,feasible_start_adaptive_spacing,0.5,,True,auto_from_instance,0.75,0.35,"5,7,10,14,16,25,26,35,38,45,48","14,18,21,24,25",,,,,,"H[5,7,10,14,16,25,26,35,36,38,45,48]|V[14,18,21,24,25,29]",ca6056164ee367eba08d7b33e7aaac0e0cb070b3
proposed_nsga2_bs_Gyorgy-KOVACS_WH_Wide_AW_5_seed_121,proposed_nsga2_bs,Gyorgy-KOVACS_WH_Wide_AW_5,121,4,auto_from_instance,12,18,4,30,216,,,,,12,5,8,root > V:18 > BH:26 > BH:5 > BH:16 > BH:25 > BH:36 > BH:45 > BV:29,selected,1,inf,True,557,213,344,441.0,1.0,1.0,True,True,1,1,0,True,1,1,0,0,True,True,0,12,6,12,6,5,LS_PF,sampled_pool,,,False,0.2777777777777778,0.290936665433669,0.7222222222222222,0.1,adaptive,remove_random_aisle,offspring,feasible_start_adaptive_spacing,,,,feasible_start_adaptive_spacing,0.5,,True,auto_from_instance,0.75,0.35,"5,7,10,14,16,25,26,35,38,45,48","14,18,21,24,25",,,,,,"H[5,7,10,14,16,25,26,35,36,38,45,48]|V[14,18,21,24,25,29]",71364ffd26b39e09575fe06f8735f14e38505286
proposed_nsga2_bs_Gyorgy-KOVACS_WH_Wide_AW_5_seed_121,proposed_nsga2_bs,Gyorgy-KOVACS_WH_Wide_AW_5,121,4,auto_from_instance,12,18,4,30,216,,,,,13,6,8,root > V:16 > BH:26 > BH:5 > BH:14 > BH:25 > BH:36 > BH:45 > BV:25,selected,0,inf,True,517,238,279,368.0,1.0,1.0,True,True,1,1,0,True,1,1,0,0,True,True,0,12,6,12,6,6,PF_LS,sampled_pool,,,False,0.2777777777777778,0.30599527213042926,0.7222222222222222,0.1,adaptive,break_symmetry,offspring,feasible_start_adaptive_spacing,,,,feasible_start_adaptive_spacing,0.5,,True,auto_from_instance,0.75,0.35,"5,10,14,16,25,26,35,36,38,45,46,56","14,16,24,27,29",,,,,,"H[5,10,14,16,25,26,35,36,38,45,46,56]|V[14,16,24,25,27,29]",6fcfc694894a367ef71d338faec4ce589ca685b5
proposed_nsga2_bs_Gyorgy-KOVACS_WH_Wide_AW_5_seed_121,proposed_nsga2_bs,Gyorgy-KOVACS_WH_Wide_AW_5,121,4,auto_from_instance,12,18,4,30,216,,,,,14,6,8,root > V:16 > BH:26 > BH:5 > BH:14 > BH:25 > BH:36 > BH:45 > BV:29,selected,2,inf,True,517,225,292,586.0,1.0,1.0,True,True,1,1,0,True,1,1,0,0,True,True,0,12,5,12,5,6,PF_LS,sampled_pool,,,False,0.2777777777777778,0.30599527213042926,0.7222222222222222,0.1,adaptive,break_symmetry,offspring,feasible_start_adaptive_spacing,,,,feasible_start_adaptive_spacing,0.5,,True,auto_from_instance,0.75,0.35,"5,10,14,16,25,26,35,36,38,45,46,56","14,16,24,27,29",,,,,,"H[5,10,14,16,25,26,35,36,38,45,46,56]|V[14,16,24,27,29]",7e0f4d1a90907f684b7d565e90c4ddb6c1ba7c58
proposed_nsga2_bs_Gyorgy-KOVACS_WH_Wide_AW_5_seed_121,proposed_nsga2_bs,Gyorgy-KOVACS_WH_Wide_AW_5,121,4,auto_from_instance,12,18,4,30,216,,,,,15,7,8,root > V:16 > BH:26 > BH:7 > BH:16 > BH:25 > BH:36 > BH:45 > BV:25,selected,1,inf,True,517,238,279,537.0,1.0,1.0,True,True,1,1,0,True,1,1,0,0,True,True,0,11,3,11,3,7,LS_PF,sampled_pool,,,False,0.2777777777777778,0.2985100746742379,0.7222222222222222,0.1,adaptive,spacing_aware_flip,offspring,feasible_start_adaptive_spacing,,,,feasible_start_adaptive_spacing,0.5,,True,auto_from_instance,0.75,0.35,"5,7,10,16,25,26,35,36,38,45,46","2,16,25",,,,,,"H[5,7,10,16,25,26,35,36,38,45,46]|V[2,16,25]",5f183debb27c7a24bc0f9f82fc27ee77d3fc24d8
proposed_nsga2_bs_Gyorgy-KOVACS_WH_Wide_AW_5_seed_121,proposed_nsga2_bs,Gyorgy-KOVACS_WH_Wide_AW_5,121,4,auto_from_instance,12,18,4,30,216,,,,,16,7,8,root > V:16 > BH:26 > BH:7 > BH:16 > BH:25 > BH:36 > BH:45 > BV:29,selected,3,inf,True,517,225,292,755.0,1.0,1.0,True,True,1,1,0,True,1,1,0,0,True,True,0,11,4,11,4,7,LS_PF,sampled_pool,,,False,0.2777777777777778,0.2985100746742379,0.7222222222222222,0.1,adaptive,spacing_aware_flip,offspring,feasible_start_adaptive_spacing,,,,feasible_start_adaptive_spacing,0.5,,True,auto_from_instance,0.75,0.35,"5,7,10,16,25,26,35,36,38,45,46","2,16,25",,,,,,"H[5,7,10,16,25,26,35,36,38,45,46]|V[2,16,25,29]",03af9372cf0d8e782f6e425ae89227ab68d20a8e
proposed_nsga2_bs_Gyorgy-KOVACS_WH_Wide_AW_5_seed_121,proposed_nsga2_bs,Gyorgy-KOVACS_WH_Wide_AW_5,121,4,auto_from_instance,12,18,4,30,216,,,,,17,9,5,root > H:10 > BH:35 > BV:25 > BH:25 > BV:17,evaluated,7,inf,False,727,163,564,1775.0,1.0,1.0,True,True,1,1,0,True,1,1,0,0,True,True,0,11,7,11,7,9,SS,sampled_pool,,,True,0.2777777777777778,0.2509454926816826,0.7222222222222222,0.1,adaptive,spacing_aware_flip,offspring,feasible_start_adaptive_spacing,,,,feasible_start_adaptive_spacing,0.5,,True,auto_from_instance,0.75,0.35,"0,5,10,16,25,26,36,45,48,56","15,16,24,25,29,34",,,,,,"H[0,5,10,16,25,26,35,36,45,48,56]|V[15,16,17,24,25,29,34]",3d8d5cf4df72b78de7a88beadf5769e5cbb84d02
proposed_nsga2_bs_Gyorgy-KOVACS_WH_Wide_AW_5_seed_121,proposed_nsga2_bs,Gyorgy-KOVACS_WH_Wide_AW_5,121,4,auto_from_instance,12,18,4,30,216,,,,,18,9,5,root > H:10 > BH:35 > BV:25 > BH:25 > BV:19,evaluated,7,2.0585858585858587,False,727,161,566,1674.0,1.0,1.0,True,True,1,1,0,True,1,1,0,0,True,True,0,11,7,11,7,9,SS,sampled_pool,,,True,0.2777777777777778,0.2509454926816826,0.7222222222222222,0.1,adaptive,spacing_aware_flip,offspring,feasible_start_adaptive_spacing,,,,feasible_start_adaptive_spacing,0.5,,True,auto_from_instance,0.75,0.35,"0,5,10,16,25,26,36,45,48,56","15,16,24,25,29,34",,,,,,"H[0,5,10,16,25,26,35,36,45,48,56]|V[15,16,19,24,25,29,34]",aaf99ab08e7636fae35b6924524dcee5d4ecb87c
proposed_nsga2_bs_Gyorgy-KOVACS_WH_Wide_AW_5_seed_121,proposed_nsga2_bs,Gyorgy-KOVACS_WH_Wide_AW_5,121,4,auto_from_instance,12,18,4,30,216,,,,,19,11,8,root > V:15 > BH:26 > BH:5 > BH:16 > BH:25 > BH:36 > BH:45 > BV:24,selected,0,inf,True,497,247,250,385.0,1.0,1.0,True,True,1,1,0,True,1,1,0,0,True,True,0,12,5,12,5,11,PF_LS,sampled_pool,,,False,0.2777777777777778,0.23939053094405952,0.7222222222222222,0.1,adaptive,spacing_aware_flip,offspring,feasible_start_adaptive_spacing,,,,feasible_start_adaptive_spacing,0.5,,True,auto_from_instance,0.75,0.35,"5,7,10,14,16,25,26,35,36,38,45,46","9,15,16,24,25",,,,,,"H[5,7,10,14,16,25,26,35,36,38,45,46]|V[9,15,16,24,25]",416c9c0e4f9e06143d78fee04cbc7a8d1c4800ad
proposed_nsga2_bs_Gyorgy-KOVACS_WH_Wide_AW_5_seed_121,proposed_nsga2_bs,Gyorgy-KOVACS_WH_Wide_AW_5,121,4,auto_from_instance,12,18,4,30,216,,,,,20,11,8,root > V:15 > BH:26 > BH:5 > BH:14 > BH:25 > BH:36 > BH:45 > BV:24,selected,0,inf,True,497,247,250,385.0,1.0,1.0,True,True,1,1,0,True,1,1,0,0,True,True,0,12,5,12,5,11,PF_LS,sampled_pool,,,False,0.2777777777777778,0.23939053094405952,0.7222222222222222,0.1,adaptive,spacing_aware_flip,offspring,feasible_start_adaptive_spacing,,,,feasible_start_adaptive_spacing,0.5,,True,auto_from_instance,0.75,0.35,"5,7,10,14,16,25,26,35,36,38,45,46","9,15,16,24,25",,,,,,"H[5,7,10,14,16,25,26,35,36,38,45,46]|V[9,15,16,24,25]",4f5b467192e7c6ce4bc3fd69bf3ce13c31bd8ba0
proposed_nsga2_bs_Gyorgy-KOVACS_WH_Wide_AW_5_seed_121,proposed_nsga2_bs,Gyorgy-KOVACS_WH_Wide_AW_5,121,5,auto_from_instance,12,18,4,30,216,,,,,1,1,8,root > V:15 > BH:26 > BH:5 > BH:16 > BH:25 > BH:36 > BH:45 > BV:24,selected,0,inf,True,497,247,250,385.0,1.0,1.0,True,True,1,1,0,True,1,1,0,0,True,True,0,13,5,13,5,1,LS,sampled_pool,,,False,0.3333333333333333,0.2885656374819858,0.6666666666666667,0.1,adaptive,insert_random_aisle,offspring,feasible_start_adaptive_spacing,,,,feasible_start_adaptive_spacing,0.5,,True,auto_from_instance,0.75,0.35,"5,7,10,14,16,25,26,35,36,38,45,46,57","9,15,16,24,25",,,,,,"H[5,7,10,14,16,25,26,35,36,38,45,46,57]|V[9,15,16,24,25]",416c9c0e4f9e06143d78fee04cbc7a8d1c4800ad
proposed_nsga2_bs_Gyorgy-KOVACS_WH_Wide_AW_5_seed_121,proposed_nsga2_bs,Gyorgy-KOVACS_WH_Wide_AW_5,121,5,auto_from_instance,12,18,4,30,216,,,,,2,1,8,root > V:15 > BH:26 > BH:5 > BH:14 > BH:25 > BH:36 > BH:45 > BV:24,selected,0,inf,True,497,247,250,385.0,1.0,1.0,True,True,1,1,0,True,1,1,0,0,True,True,0,13,5,13,5,1,LS,sampled_pool,,,False,0.3333333333333333,0.2885656374819858,0.6666666666666667,0.1,adaptive,insert_random_aisle,offspring,feasible_start_adaptive_spacing,,,,feasible_start_adaptive_spacing,0.5,,True,auto_from_instance,0.75,0.35,"5,7,10,14,16,25,26,35,36,38,45,46,57","9,15,16,24,25",,,,,,"H[5,7,10,14,16,25,26,35,36,38,45,46,57]|V[9,15,16,24,25]",4f5b467192e7c6ce4bc3fd69bf3ce13c31bd8ba0
proposed_nsga2_bs_Gyorgy-KOVACS_WH_Wide_AW_5_seed_121,proposed_nsga2_bs,Gyorgy-KOVACS_WH_Wide_AW_5,121,5,auto_from_instance,12,18,4,30,216,,,,,3,2,8,root > V:16 > BH:26 > BH:7 > BH:16 > BH:25 > BH:36 > BH:45 > BV:25,selected,1,inf,True,517,238,279,537.0,1.0,1.0,True,True,1,1,0,True,1,1,0,0,True,True,0,12,8,12,8,2,LS,sampled_pool,,,False,0.3333333333333333,0.3355523453564689,0.6666666666666667,0.1,adaptive,insert_random_aisle,offspring,feasible_start_adaptive_spacing,,,,feasible_start_adaptive_spacing,0.5,,True,auto_from_instance,0.75,0.35,"5,10,14,16,25,26,35,36,45,46,56","16,18,21,24,25,28,29,32",,,,,,"H[5,7,10,14,16,25,26,35,36,45,46,56]|V[16,18,21,24,25,28,29,32]",5f183debb27c7a24bc0f9f82fc27ee77d3fc24d8
proposed_nsga2_bs_Gyorgy-KOVACS_WH_Wide_AW_5_seed_121,proposed_nsga2_bs,Gyorgy-KOVACS_WH_Wide_AW_5,121,5,auto_from_instance,12,18,4,30,216,,,,,4,2,8,root > V:16 > BH:26 > BH:5 > BH:16 > BH:25 > BH:36 > BH:45 > BV:25,selected,0,1.745680106335844,True,517,238,279,368.0,1.0,1.0,True,True,1,1,0,True,1,1,0,0,True,True,0,11,8,11,8,2,LS,sampled_pool,,,False,0.3333333333333333,0.3355523453564689,0.6666666666666667,0.1,adaptive,insert_random_aisle,offspring,feasible_start_adaptive_spacing,,,,feasible_start_adaptive_spacing,0.5,,True,auto_from_instance,0.75,0.35,"5,10,14,16,25,26,35,36,45,46,56","16,18,21,24,25,28,29,32",,,,,,"H[5,10,14,16,25,26,35,36,45,46,56]|V[16,18,21,24,25,28,29,32]",559a078c3ea143504613077c561cb3124d66b767
proposed_nsga2_bs_Gyorgy-KOVACS_WH_Wide_AW_5_seed_121,proposed_nsga2_bs,Gyorgy-KOVACS_WH_Wide_AW_5,121,5,auto_from_instance,12,18,4,30,216,,,,,5,2,8,root > V:16 > BH:26 > BH:7 > BH:16 > BH:25 > BH:36 > BH:45 > BV:29,evaluated,3,inf,False,517,225,292,755.0,1.0,1.0,True,True,1,1,0,True,1,1,0,0,True,True,0,12,8,12,8,2,LS,sampled_pool,,,False,0.3333333333333333,0.3355523453564689,0.6666666666666667,0.1,adaptive,insert_random_aisle,offspring,feasible_start_adaptive_spacing,,,,feasible_start_adaptive_spacing,0.5,,True,auto_from_instance,0.75,0.35,"5,10,14,16,25,26,35,36,45,46,56","16,18,21,24,25,28,29,32",,,,,,"H[5,7,10,14,16,25,26,35,36,45,46,56]|V[16,18,21,24,25,28,29,32]",03af9372cf0d8e782f6e425ae89227ab68d20a8e
proposed_nsga2_bs_Gyorgy-KOVACS_WH_Wide_AW_5_seed_121,proposed_nsga2_bs,Gyorgy-KOVACS_WH_Wide_AW_5,121,5,auto_from_instance,12,18,4,30,216,,,,,6,2,8,root > V:16 > BH:26 > BH:5 > BH:16 > BH:25 > BH:36 > BH:45 > BV:29,selected,2,inf,True,517,225,292,586.0,1.0,1.0,True,True,1,1,0,True,1,1,0,0,True,True,0,11,8,11,8,2,LS,sampled_pool,,,False,0.3333333333333333,0.3355523453564689,0.6666666666666667,0.1,adaptive,insert_random_aisle,offspring,feasible_start_adaptive_spacing,,,,feasible_start_adaptive_spacing,0.5,,True,auto_from_instance,0.75,0.35,"5,10,14,16,25,26,35,36,45,46,56","16,18,21,24,25,28,29,32",,,,,,"H[5,10,14,16,25,26,35,36,45,46,56]|V[16,18,21,24,25,28,29,32]",13a8831f3352523fe53b9477eb693b985fdfc37c
proposed_nsga2_bs_Gyorgy-KOVACS_WH_Wide_AW_5_seed_121,proposed_nsga2_bs,Gyorgy-KOVACS_WH_Wide_AW_5,121,5,auto_from_instance,12,18,4,30,216,,,,,7,3,5,root > H:10 > BH:35 > BV:25 > BH:23 > BV:21,evaluated,5,inf,False,727,158,569,1478.0,1.0,1.0,True,True,1,1,0,True,1,1,0,0,True,True,0,12,4,12,4,3,RP_LS,sampled_pool,,,False,0.3333333333333333,0.3030918741476687,0.6666666666666667,0.1,adaptive,swap_segments,offspring,feasible_start_adaptive_spacing,,,,feasible_start_adaptive_spacing,0.5,,True,auto_from_instance,0.75,0.35,"5,7,10,16,23,24,26,37,38,45,46","2,16,25",,,,,,"H[5,7,10,16,23,24,26,35,37,38,45,46]|V[2,16,21,25]",2a696fc782a363b46eb57fdec721328a9c2f8dee
proposed_nsga2_bs_Gyorgy-KOVACS_WH_Wide_AW_5_seed_121,proposed_nsga2_bs,Gyorgy-KOVACS_WH_Wide_AW_5,121,5,auto_from_instance,12,18,4,30,216,,,,,8,3,5,root > H:10 > BH:35 > BV:25 > BH:25 > BV:21,evaluated,5,inf,False,727,160,567,1520.0,1.0,1.0,True,True,1,1,0,True,1,1,0,0,True,True,0,13,4,13,4,3,RP_LS,sampled_pool,,,False,0.3333333333333333,0.3030918741476687,0.6666666666666667,0.1,adaptive,swap_segments,offspring,feasible_start_adaptive_spacing,,,,feasible_start_adaptive_spacing,0.5,,True,auto_from_instance,0.75,0.35,"5,7,10,16,23,24,26,37,38,45,46","2,16,25",,,,,,"H[5,7,10,16,23,24,25,26,35,37,38,45,46]|V[2,16,21,25]",07c54a7aeaf0587248dde9da1b3622cea7547887
proposed_nsga2_bs_Gyorgy-KOVACS_WH_Wide_AW_5_seed_121,proposed_nsga2_bs,Gyorgy-KOVACS_WH_Wide_AW_5,121,5,auto_from_instance,12,18,4,30,216,,,,,9,3,5,root > H:10 > BH:35 > BV:23 > BH:23 > BV:21,evaluated,6,inf,False,727,158,569,1597.0,1.0,1.0,True,True,1,1,0,True,1,1,0,0,True,True,0,12,5,12,5,3,RP_LS,sampled_pool,,,False,0.3333333333333333,0.3030918741476687,0.6666666666666667,0.1,adaptive,swap_segments,offspring,feasible_start_adaptive_spacing,,,,feasible_start_adaptive_spacing,0.5,,True,auto_from_instance,0.75,0.35,"5,7,10,16,23,24,26,37,38,45,46","2,16,25",,,,,,"H[5,7,10,16,23,24,26,35,37,38,45,46]|V[2,16,21,23,25]",a934f91f90b8a8d7fa6a044ce76614d4e77b839a
proposed_nsga2_bs_Gyorgy-KOVACS_WH_Wide_AW_5_seed_121,proposed_nsga2_bs,Gyorgy-KOVACS_WH_Wide_AW_5,121,5,auto_from_instance,12,18,4,30,216,,,,,10,3,5,root > H:10 > BH:35 > BV:25 > BH:23 > BV:19,evaluated,6,inf,False,727,159,568,1632.0,1.0,1.0,True,True,1,1,0,True,1,1,0,0,True,True,0,12,4,12,4,3,RP_LS,sampled_pool,,,False,0.3333333333333333,0.3030918741476687,0.6666666666666667,0.1,adaptive,swap_segments,offspring,feasible_start_adaptive_spacing,,,,feasible_start_adaptive_spacing,0.5,,True,auto_from_instance,0.75,0.35,"5,7,10,16,23,24,26,37,38,45,46","2,16,25",,,,,,"H[5,7,10,16,23,24,26,35,37,38,45,46]|V[2,16,19,25]",ef4deb257bebde4a877dffc9182dd5d8e4d24155
proposed_nsga2_bs_Gyorgy-KOVACS_WH_Wide_AW_5_seed_121,proposed_nsga2_bs,Gyorgy-KOVACS_WH_Wide_AW_5,121,5,auto_from_instance,12,18,4,30,216,,,,,11,5,8,root > V:16 > BH:26 > BH:5 > BH:14 > BH:25 > BH:36 > BH:45 > BV:25,selected,0,inf,True,517,238,279,368.0,1.0,1.0,True,True,1,1,0,True,1,1,0,0,True,True,0,12,5,12,5,5,PF,sampled_pool,,,False,0.3333333333333333,0.28089349040648637,0.6666666666666667,0.1,adaptive,remove_random_aisle,offspring,feasible_start_adaptive_spacing,,,,feasible_start_adaptive_spacing,0.5,,True,auto_from_instance,0.75,0.35,"5,7,10,14,16,25,26,35,36,38,45,48","16,24,27,29",,,,,,"H[5,7,10,14,16,25,26,35,36,38,45,48]|V[16,24,25,27,29]",6fcfc694894a367ef71d338faec4ce589ca685b5
proposed_nsga2_bs_Gyorgy-KOVACS_WH_Wide_AW_5_seed_121,proposed_nsga2_bs,Gyorgy-KOVACS_WH_Wide_AW_5,121,5,auto_from_instance,12,18,4,30,216,,,,,12,5,8,root > V:16 > BH:26 > BH:5 > BH:14 > BH:25 > BH:36 > BH:45 > BV:29,selected,2,inf,True,517,225,292,586.0,1.0,1.0,True,True,1,1,0,True,1,1,0,0,True,True,0,12,4,12,4,5,PF,sampled_pool,,,False,0.3333333333333333,0.28089349040648637,0.6666666666666667,0.1,adaptive,remove_random_aisle,offspring,feasible_start_adaptive_spacing,,,,feasible_start_adaptive_spacing,0.5,,True,auto_from_instance,0.75,0.35,"5,7,10,14,16,25,26,35,36,38,45,48","16,24,27,29",,,,,,"H[5,7,10,14,16,25,26,35,36,38,45,48]|V[16,24,27,29]",7e0f4d1a90907f684b7d565e90c4ddb6c1ba7c58
proposed_nsga2_bs_Gyorgy-KOVACS_WH_Wide_AW_5_seed_121,proposed_nsga2_bs,Gyorgy-KOVACS_WH_Wide_AW_5,121,5,auto_from_instance,12,18,4,30,216,,,,,13,6,8,root > V:18 > BH:26 > BH:7 > BH:16 > BH:25 > BH:36 > BH:45 > BV:29,selected,2,3.0,True,557,213,344,584.0,1.0,1.0,True,True,1,1,0,True,1,1,0,0,True,True,0,15,6,15,6,6,PF_LS,sampled_pool,,,False,0.3333333333333333,0.2979336564806842,0.6666666666666667,0.1,adaptive,swap_segments,offspring,feasible_start_adaptive_spacing,,,,feasible_start_adaptive_spacing,0.5,,True,auto_from_instance,0.75,0.35,"8,9,19,25,26,35,36,38,42,47,51,53","14,18,21,24,25,29",,,,,,"H[7,8,9,16,19,25,26,35,36,38,42,45,47,51,53]|V[14,18,21,24,25,29]",ca6056164ee367eba08d7b33e7aaac0e0cb070b3
proposed_nsga2_bs_Gyorgy-KOVACS_WH_Wide_AW_5_seed_121,proposed_nsga2_bs,Gyorgy-KOVACS_WH_Wide_AW_5,121,5,auto_from_instance,12,18,4,30,216,,,,,14,6,8,root > V:18 > BH:26 > BH:5 > BH:16 > BH:25 > BH:36 > BH:45 > BV:29,selected,1,3.0,True,557,213,344,441.0,1.0,1.0,True,True,1,1,0,True,1,1,0,0,True,True,0,15,6,15,6,6,PF_LS,sampled_pool,,,False,0.3333333333333333,0.2979336564806842,0.6666666666666667,0.1,adaptive,swap_segments,offspring,feasible_start_adaptive_spacing,,,,feasible_start_adaptive_spacing,0.5,,True,auto_from_instance,0.75,0.35,"8,9,19,25,26,35,36,38,42,47,51,53","14,18,21,24,25,29",,,,,,"H[5,8,9,16,19,25,26,35,36,38,42,45,47,51,53]|V[14,18,21,24,25,29]",71364ffd26b39e09575fe06f8735f14e38505286
proposed_nsga2_bs_Gyorgy-KOVACS_WH_Wide_AW_5_seed_121,proposed_nsga2_bs,Gyorgy-KOVACS_WH_Wide_AW_5,121,5,auto_from_instance,12,18,4,30,216,,,,,15,10,4,root > V:29 > BH:26 > BV:19 > BV:19,selected,1,inf,True,557,202,355,408.0,1.0,1.0,True,True,1,1,0,True,1,1,0,0,True,True,0,12,8,12,8,10,LS,sampled_pool,,,False,0.3333333333333333,0.41598350515960675,0.6666666666666667,0.1,adaptive,insert_random_aisle,offspring,feasible_start_adaptive_spacing,,,,feasible_start_adaptive_spacing,0.5,,True,auto_from_instance,0.75,0.35,"5,7,10,16,24,25,26,35,36,38,45,46","2,14,18,21,24,25,29",,,,,,"H[5,7,10,16,24,25,26,35,36,38,45,46]|V[2,14,18,19,21,24,25,29]",225a083d40a70add6d49c842c1ea1b7da9e91627
proposed_nsga2_bs_Gyorgy-KOVACS_WH_Wide_AW_5_seed_121,proposed_nsga2_bs,Gyorgy-KOVACS_WH_Wide_AW_5,121,5,auto_from_instance,12,18,4,30,216,,,,,16,10,4,root > V:29 > BH:26 > BV:17 > BV:19,evaluated,3,inf,False,557,202,355,460.0,1.0,1.0,True,True,1,1,0,True,1,1,0,0,True,True,0,12,9,12,9,10,LS,sampled_pool,,,False,0.3333333333333333,0.41598350515960675,0.6666666666666667,0.1,adaptive,insert_random_aisle,offspring,feasible_start_adaptive_spacing,,,,feasible_start_adaptive_spacing,0.5,,True,auto_from_instance,0.75,0.35,"5,7,10,16,24,25,26,35,36,38,45,46","2,14,18,21,24,25,29",,,,,,"H[5,7,10,16,24,25,26,35,36,38,45,46]|V[2,14,17,18,19,21,24,25,29]",0ccd7482bc13afbeac630bd0faf7012fe4b70f5c
proposed_nsga2_bs_Gyorgy-KOVACS_WH_Wide_AW_5_seed_121,proposed_nsga2_bs,Gyorgy-KOVACS_WH_Wide_AW_5,121,5,auto_from_instance,12,18,4,30,216,,,,,17,10,4,root > V:29 > BH:26 > BV:19 > BV:17,selected,2,inf,True,557,202,355,458.0,1.0,1.0,True,True,1,1,0,True,1,1,0,0,True,True,0,12,9,12,9,10,LS,sampled_pool,,,False,0.3333333333333333,0.41598350515960675,0.6666666666666667,0.1,adaptive,insert_random_aisle,offspring,feasible_start_adaptive_spacing,,,,feasible_start_adaptive_spacing,0.5,,True,auto_from_instance,0.75,0.35,"5,7,10,16,24,25,26,35,36,38,45,46","2,14,18,21,24,25,29",,,,,,"H[5,7,10,16,24,25,26,35,36,38,45,46]|V[2,14,17,18,19,21,24,25,29]",f590e28c4ca08f01adba87c9244bc357b1edb9bd
proposed_nsga2_bs_Gyorgy-KOVACS_WH_Wide_AW_5_seed_121,proposed_nsga2_bs,Gyorgy-KOVACS_WH_Wide_AW_5,121,5,auto_from_instance,12,18,4,30,216,,,,,18,10,4,root > V:29 > BH:26 > BV:17 > BV:17,evaluated,4,inf,False,557,202,355,510.0,1.0,1.0,True,True,1,1,0,True,1,1,0,0,True,True,0,12,8,12,8,10,LS,sampled_pool,,,False,0.3333333333333333,0.41598350515960675,0.6666666666666667,0.1,adaptive,insert_random_aisle,offspring,feasible_start_adaptive_spacing,,,,feasible_start_adaptive_spacing,0.5,,True,auto_from_instance,0.75,0.35,"5,7,10,16,24,25,26,35,36,38,45,46","2,14,18,21,24,25,29",,,,,,"H[5,7,10,16,24,25,26,35,36,38,45,46]|V[2,14,17,18,21,24,25,29]",01a64afdd46edf4dc6b60538f107b837ec4162f0
proposed_nsga2_bs_Gyorgy-KOVACS_WH_Wide_AW_5_seed_121,proposed_nsga2_bs,Gyorgy-KOVACS_WH_Wide_AW_5,121,5,auto_from_instance,12,18,4,30,216,,,,,19,11,4,root > V:27 > BH:26 > BV:17 > BV:17,selected,0,inf,True,567,256,311,311.0,1.0,1.0,True,True,1,1,0,True,1,1,0,0,True,True,0,12,6,12,6,11,LS_SS,sampled_pool,,,True,0.3333333333333333,0.3156652400599316,0.6666666666666667,0.1,adaptive,break_symmetry,offspring,feasible_start_adaptive_spacing,,,,feasible_start_adaptive_spacing,0.5,,True,auto_from_instance,0.75,0.35,"5,9,14,16,25,26,35,36,38,45,46,56","14,16,24,27,29",,,,,,"H[5,9,14,16,25,26,35,36,38,45,46,56]|V[14,16,17,24,27,29]",a8708aef2b1e3127a45cd25328e7b01fe876ac67
proposed_nsga2_bs_Gyorgy-KOVACS_WH_Wide_AW_5_seed_121,proposed_nsga2_bs,Gyorgy-KOVACS_WH_Wide_AW_5,121,6,auto_from_instance,12,18,4,30,216,,,,,1,1,8,root > V:16 > BH:26 > BH:5 > BH:16 > BH:25 > BH:36 > BH:45 > BV:25,selected,0,1.745680106335844,True,517,238,279,368.0,1.0,1.0,True,True,1,1,0,True,1,1,0,0,True,True,0,13,5,13,5,1,PF,sampled_pool,,,False,0.3888888888888889,0.4178018517495864,0.6111111111111112,0.1,adaptive,spacing_aware_flip,offspring,feasible_start_adaptive_spacing,,,,feasible_start_adaptive_spacing,0.5,,True,auto_from_instance,0.75,0.35,"5,7,10,14,16,25,26,35,36,38,45,48,56","16,24,25,27,29",,,,,,"H[5,7,10,14,16,25,26,35,36,38,45,48,56]|V[16,24,25,27,29]",559a078c3ea143504613077c561cb3124d66b767
proposed_nsga2_bs_Gyorgy-KOVACS_WH_Wide_AW_5_seed_121,proposed_nsga2_bs,Gyorgy-KOVACS_WH_Wide_AW_5,121,6,auto_from_instance,12,18,4,30,216,,,,,2,1,8,root > V:16 > BH:26 > BH:5 > BH:14 > BH:25 > BH:36 > BH:45 > BV:25,selected,0,inf,True,517,238,279,368.0,1.0,1.0,True,True,1,1,0,True,1,1,0,0,True,True,0,13,5,13,5,1,PF,sampled_pool,,,False,0.3888888888888889,0.4178018517495864,0.6111111111111112,0.1,adaptive,spacing_aware_flip,offspring,feasible_start_adaptive_spacing,,,,feasible_start_adaptive_spacing,0.5,,True,auto_from_instance,0.75,0.35,"5,7,10,14,16,25,26,35,36,38,45,48,56","16,24,25,27,29",,,,,,"H[5,7,10,14,16,25,26,35,36,38,45,48,56]|V[16,24,25,27,29]",6fcfc694894a367ef71d338faec4ce589ca685b5
proposed_nsga2_bs_Gyorgy-KOVACS_WH_Wide_AW_5_seed_121,proposed_nsga2_bs,Gyorgy-KOVACS_WH_Wide_AW_5,121,6,auto_from_instance,12,18,4,30,216,,,,,3,1,8,root > V:16 > BH:26 > BH:5 > BH:16 > BH:25 > BH:36 > BH:45 > BV:29,selected,2,inf,True,517,225,292,586.0,1.0,1.0,True,True,1,1,0,True,1,1,0,0,True,True,0,13,5,13,5,1,PF,sampled_pool,,,False,0.3888888888888889,0.4178018517495864,0.6111111111111112,0.1,adaptive,spacing_aware_flip,offspring,feasible_start_adaptive_spacing,,,,feasible_start_adaptive_spacing,0.5,,True,auto_from_instance,0.75,0.35,"5,7,10,14,16,25,26,35,36,38,45,48,56","16,24,25,27,29",,,,,,"H[5,7,10,14,16,25,26,35,36,38,45,48,56]|V[16,24,25,27,29]",13a8831f3352523fe53b9477eb693b985fdfc37c
proposed_nsga2_bs_Gyorgy-KOVACS_WH_Wide_AW_5_seed_121,proposed_nsga2_bs,Gyorgy-KOVACS_WH_Wide_AW_5,121,6,auto_from_instance,12,18,4,30,216,,,,,4,1,8,root > V:16 > BH:26 > BH:5 > BH:14 > BH:25 > BH:36 > BH:45 > BV:29,selected,2,inf,True,517,225,292,586.0,1.0,1.0,True,True,1,1,0,True,1,1,0,0,True,True,0,13,5,13,5,1,PF,sampled_pool,,,False,0.3888888888888889,0.4178018517495864,0.6111111111111112,0.1,adaptive,spacing_aware_flip,offspring,feasible_start_adaptive_spacing,,,,feasible_start_adaptive_spacing,0.5,,True,auto_from_instance,0.75,0.35,"5,7,10,14,16,25,26,35,36,38,45,48,56","16,24,25,27,29",,,,,,"H[5,7,10,14,16,25,26,35,36,38,45,48,56]|V[16,24,25,27,29]",7e0f4d1a90907f684b7d565e90c4ddb6c1ba7c58
proposed_nsga2_bs_Gyorgy-KOVACS_WH_Wide_AW_5_seed_121,proposed_nsga2_bs,Gyorgy-KOVACS_WH_Wide_AW_5,121,6,auto_from_instance,12,18,4,30,216,,,,,5,2,5,root > H:10 > BH:35 > BV:25 > BH:25 > BV:21,evaluated,5,3.0,False,727,160,567,1520.0,1.0,1.0,True,True,1,1,0,True,1,1,0,0,True,True,0,13,6,13,6,2,SS_LS_PF,sampled_pool,,,True,0.3888888888888889,0.41323769176794556,0.6111111111111112,0.1,adaptive,bit_flip,offspring,feasible_start_adaptive_spacing,,,,feasible_start_adaptive_spacing,0.5,,True,auto_from_instance,0.75,0.35,"5,7,10,14,16,22,25,26,35,36,38,45,48","16,24,27,29",,,,,,"H[5,7,10,14,16,22,25,26,35,36,38,45,48]|V[16,21,24,25,27,29]",07c54a7aeaf0587248dde9da1b3622cea7547887
proposed_nsga2_bs_Gyorgy-KOVACS_WH_Wide_AW_5_seed_121,proposed_nsga2_bs,Gyorgy-KOVACS_WH_Wide_AW_5,121,6,auto_from_instance,12,18,4,30,216,,,,,6,2,5,root > H:10 > BH:35 > BV:25 > BH:23 > BV:21,evaluated,5,inf,False,727,158,569,1478.0,1.0,1.0,True,True,1,1,0,True,1,1,0,0,True,True,0,14,6,14,6,2,SS_LS_PF,sampled_pool,,,True,0.3888888888888889,0.41323769176794556,0.6111111111111112,0.1,adaptive,bit_flip,offspring,feasible_start_adaptive_spacing,,,,feasible_start_adaptive_spacing,0.5,,True,auto_from_instance,0.75,0.35,"5,7,10,14,16,22,25,26,35,36,38,45,48","16,24,27,29",,,,,,"H[5,7,10,14,16,22,23,25,26,35,36,38,45,48]|V[16,21,24,25,27,29]",2a696fc782a363b46eb57fdec721328a9c2f8dee
proposed_nsga2_bs_Gyorgy-KOVACS_WH_Wide_AW_5_seed_121,proposed_nsga2_bs,Gyorgy-KOVACS_WH_Wide_AW_5,121,6,auto_from_instance,12,18,4,30,216,,,,,7,2,5,root > H:10 > BH:35 > BV:23 > BH:25 > BV:21,evaluated,6,inf,False,727,160,567,1639.0,1.0,1.0,True,True,1,1,0,True,1,1,0,0,True,True,0,13,6,13,6,2,SS_LS_PF,sampled_pool,,,True,0.3888888888888889,0.41323769176794556,0.6111111111111112,0.1,adaptive,bit_flip,offspring,feasible_start_adaptive_spacing,,,,feasible_start_adaptive_spacing,0.5,,True,auto_from_instance,0.75,0.35,"5,7,10,14,16,22,25,26,35,36,38,45,48","16,24,27,29",,,,,,"H[5,7,10,14,16,22,25,26,35,36,38,45,48]|V[16,21,23,24,27,29]",bc1831b0f4da1e18902f079c371a2ba7950cb3bb
proposed_nsga2_bs_Gyorgy-KOVACS_WH_Wide_AW_5_seed_121,proposed_nsga2_bs,Gyorgy-KOVACS_WH_Wide_AW_5,121,6,auto_from_instance,12,18,4,30,216,,,,,8,2,5,root > H:10 > BH:35 > BV:25 > BH:25 > BV:19,evaluated,5,inf,False,727,161,566,1674.0,1.0,1.0,True,True,1,1,0,True,1,1,0,0,True,True,0,13,6,13,6,2,SS_LS_PF,sampled_pool,,,True,0.3888888888888889,0.41323769176794556,0.6111111111111112,0.1,adaptive,bit_flip,offspring,feasible_start_adaptive_spacing,,,,feasible_start_adaptive_spacing,0.5,,True,auto_from_instance,0.75,0.35,"5,7,10,14,16,22,25,26,35,36,38,45,48","16,24,27,29",,,,,,"H[5,7,10,14,16,22,25,26,35,36,38,45,48]|V[16,19,24,25,27,29]",aaf99ab08e7636fae35b6924524dcee5d4ecb87c
proposed_nsga2_bs_Gyorgy-KOVACS_WH_Wide_AW_5_seed_121,proposed_nsga2_bs,Gyorgy-KOVACS_WH_Wide_AW_5,121,6,auto_from_instance,12,18,4,30,216,,,,,9,3,8,root > V:16 > BH:26 > BH:7 > BH:16 > BH:25 > BH:36 > BH:45 > BV:25,selected,1,inf,True,517,238,279,537.0,1.0,1.0,True,True,1,1,0,True,1,1,0,0,True,True,0,11,8,11,8,3,LS_PF,sampled_pool,,,False,0.3888888888888889,0.39257567374303615,0.6111111111111112,0.1,adaptive,remove_random_aisle,offspring,feasible_start_adaptive_spacing,,,,feasible_start_adaptive_spacing,0.5,,True,auto_from_instance,0.75,0.35,"5,10,14,16,25,26,35,36,45,46","16,18,21,24,25,28,29,32",,,,,,"H[5,7,10,14,16,25,26,35,36,45,46]|V[16,18,21,24,25,28,29,32]",5f183debb27c7a24bc0f9f82fc27ee77d3fc24d8
proposed_nsga2_bs_Gyorgy-KOVACS_WH_Wide_AW_5_seed_121,proposed_nsga2_bs,Gyorgy-KOVACS_WH_Wide_AW_5,121,6,auto_from_instance,12,18,4,30,216,,,,,10,3,8,root > V:16 > BH:26 > BH:7 > BH:16 > BH:25 > BH:36 > BH:45 > BV:29,selected,3,inf,True,517,225,292,755.0,1.0,1.0,True,True,1,1,0,True,1,1,0,0,True,True,0,11,8,11,8,3,LS_PF,sampled_pool,,,False,0.3888888888888889,0.39257567374303615,0.6111111111111112,0.1,adaptive,remove_random_aisle,offspring,feasible_start_adaptive_spacing,,,,feasible_start_adaptive_spacing,0.5,,True,auto_from_instance,0.75,0.35,"5,10,14,16,25,26,35,36,45,46","16,18,21,24,25,28,29,32",,,,,,"H[5,7,10,14,16,25,26,35,36,45,46]|V[16,18,21,24,25,28,29,32]",03af9372cf0d8e782f6e425ae89227ab68d20a8e
proposed_nsga2_bs_Gyorgy-KOVACS_WH_Wide_AW_5_seed_121,proposed_nsga2_bs,Gyorgy-KOVACS_WH_Wide_AW_5,121,6,auto_from_instance,12,18,4,30,216,,,,,11,5,4,root > V:27 > BH:26 > BV:17 > BV:17,selected,0,inf,True,567,256,311,311.0,1.0,1.0,True,True,1,1,0,True,1,1,0,0,True,True,0,11,11,11,11,5,RP,sampled_pool,,,False,0.3888888888888889,0.3859199268330534,0.6111111111111112,0.1,adaptive,insert_random_aisle,offspring,feasible_start_adaptive_spacing,,,,feasible_start_adaptive_spacing,0.5,,True,auto_from_instance,0.75,0.35,"5,9,14,16,25,26,35,36,38,45,46","2,14,16,17,18,19,21,24,25,27,29",,,,,,"H[5,9,14,16,25,26,35,36,38,45,46]|V[2,14,16,17,18,19,21,24,25,27,29]",a8708aef2b1e3127a45cd25328e7b01fe876ac67
proposed_nsga2_bs_Gyorgy-KOVACS_WH_Wide_AW_5_seed_121,proposed_nsga2_bs,Gyorgy-KOVACS_WH_Wide_AW_5,121,6,auto_from_instance,12,18,4,30,216,,,,,12,5,4,root > V:29 > BH:26 > BV:19 > BV:19,selected,1,inf,True,557,202,355,408.0,1.0,1.0,True,True,1,1,0,True,1,1,0,0,True,True,0,11,11,11,11,5,RP,sampled_pool,,,False,0.3888888888888889,0.3859199268330534,0.6111111111111112,0.1,adaptive,insert_random_aisle,offspring,feasible_start_adaptive_spacing,,,,feasible_start_adaptive_spacing,0.5,,True,auto_from_instance,0.75,0.35,"5,9,14,16,25,26,35,36,38,45,46","2,14,16,17,18,19,21,24,25,27,29",,,,,,"H[5,9,14,16,25,26,35,36,38,45,46]|V[2,14,16,17,18,19,21,24,25,27,29]",225a083d40a70add6d49c842c1ea1b7da9e91627
proposed_nsga2_bs_Gyorgy-KOVACS_WH_Wide_AW_5_seed_121,proposed_nsga2_bs,Gyorgy-KOVACS_WH_Wide_AW_5,121,6,auto_from_instance,12,18,4,30,216,,,,,13,5,4,root > V:29 > BH:26 > BV:19 > BV:17,selected,2,inf,True,557,202,355,458.0,1.0,1.0,True,True,1,1,0,True,1,1,0,0,True,True,0,11,11,11,11,5,RP,sampled_pool,,,False,0.3888888888888889,0.3859199268330534,0.6111111111111112,0.1,adaptive,insert_random_aisle,offspring,feasible_start_adaptive_spacing,,,,feasible_start_adaptive_spacing,0.5,,True,auto_from_instance,0.75,0.35,"5,9,14,16,25,26,35,36,38,45,46","2,14,16,17,18,19,21,24,25,27,29",,,,,,"H[5,9,14,16,25,26,35,36,38,45,46]|V[2,14,16,17,18,19,21,24,25,27,29]",f590e28c4ca08f01adba87c9244bc357b1edb9bd
proposed_nsga2_bs_Gyorgy-KOVACS_WH_Wide_AW_5_seed_121,proposed_nsga2_bs,Gyorgy-KOVACS_WH_Wide_AW_5,121,6,auto_from_instance,12,18,4,30,216,,,,,14,5,4,root > V:29 > BH:26 > BV:19 > BV:17,selected,3,inf,True,557,202,355,460.0,1.0,1.0,True,True,1,1,0,True,1,1,0,0,True,True,0,11,11,11,11,5,RP,sampled_pool,,,False,0.3888888888888889,0.3859199268330534,0.6111111111111112,0.1,adaptive,insert_random_aisle,offspring,feasible_start_adaptive_spacing,,,,feasible_start_adaptive_spacing,0.5,,True,auto_from_instance,0.75,0.35,"5,9,14,16,25,26,35,36,38,45,46","2,14,16,17,18,19,21,24,25,27,29",,,,,,"H[5,9,14,16,25,26,35,36,38,45,46]|V[2,14,16,17,18,19,21,24,25,27,29]",0ccd7482bc13afbeac630bd0faf7012fe4b70f5c
proposed_nsga2_bs_Gyorgy-KOVACS_WH_Wide_AW_5_seed_121,proposed_nsga2_bs,Gyorgy-KOVACS_WH_Wide_AW_5,121,6,auto_from_instance,12,18,4,30,216,,,,,15,7,4,root > V:29 > BH:26 > BV:17 > BV:17,evaluated,4,inf,False,557,202,355,510.0,1.0,1.0,True,True,1,1,0,True,1,1,0,0,True,True,0,11,7,11,7,7,LS_PF,sampled_pool,,,False,0.3888888888888889,0.4344831248101112,0.6111111111111112,0.1,adaptive,remove_random_aisle,offspring,feasible_start_adaptive_spacing,,,,feasible_start_adaptive_spacing,0.5,,True,auto_from_instance,0.75,0.35,"5,7,10,16,24,25,26,35,36,38,46","2,14,21,24,25,29",,,,,,"H[5,7,10,16,24,25,26,35,36,38,46]|V[2,14,17,21,24,25,29]",01a64afdd46edf4dc6b60538f107b837ec4162f0
proposed_nsga2_bs_Gyorgy-KOVACS_WH_Wide_AW_5_seed_121,proposed_nsga2_bs,Gyorgy-KOVACS_WH_Wide_AW_5,121,6,auto_from_instance,12,18,4,30,216,,,,,16,8,8,root > V:15 > BH:26 > BH:5 > BH:16 > BH:25 > BH:36 > BH:45 > BV:24,selected,0,inf,True,497,247,250,385.0,1.0,1.0,True,True,1,1,0,True,1,1,0,0,True,True,0,13,8,13,8,8,LS_PF,sampled_pool,,,False,0.3888888888888889,0.42925999011352095,0.6111111111111112,0.1,adaptive,bit_flip,offspring,feasible_start_adaptive_spacing,,,,feasible_start_adaptive_spacing,0.5,,True,auto_from_instance,0.75,0.35,"5,7,10,14,16,25,26,35,36,38,45,46,57","9,15,16,18,19,24,25,31",,,,,,"H[5,7,10,14,16,25,26,35,36,38,45,46,57]|V[9,15,16,18,19,24,25,31]",416c9c0e4f9e06143d78fee04cbc7a8d1c4800ad
proposed_nsga2_bs_Gyorgy-KOVACS_WH_Wide_AW_5_seed_121,proposed_nsga2_bs,Gyorgy-KOVACS_WH_Wide_AW_5,121,6,auto_from_instance,12,18,4,30,216,,,,,17,8,8,root > V:15 > BH:26 > BH:5 > BH:14 > BH:25 > BH:36 > BH:45 > BV:24,selected,0,inf,True,497,247,250,385.0,1.0,1.0,True,True,1,1,0,True,1,1,0,0,True,True,0,13,8,13,8,8,LS_PF,sampled_pool,,,False,0.3888888888888889,0.42925999011352095,0.6111111111111112,0.1,adaptive,bit_flip,offspring,feasible_start_adaptive_spacing,,,,feasible_start_adaptive_spacing,0.5,,True,auto_from_instance,0.75,0.35,"5,7,10,14,16,25,26,35,36,38,45,46,57","9,15,16,18,19,24,25,31",,,,,,"H[5,7,10,14,16,25,26,35,36,38,45,46,57]|V[9,15,16,18,19,24,25,31]",4f5b467192e7c6ce4bc3fd69bf3ce13c31bd8ba0
proposed_nsga2_bs_Gyorgy-KOVACS_WH_Wide_AW_5_seed_121,proposed_nsga2_bs,Gyorgy-KOVACS_WH_Wide_AW_5,121,7,auto_from_instance,12,18,4,30,216,,,,,1,1,4,root > V:27 > BH:26 > BV:17 > BV:17,selected,0,inf,True,567,256,311,311.0,1.0,1.0,True,True,1,1,0,True,1,1,0,0,True,True,0,10,8,10,8,1,LS,sampled_pool,,,False,0.4444444444444444,0.47081704069247693,0.5555555555555556,0.1,adaptive,remove_random_aisle,offspring,feasible_start_adaptive_spacing,,,,feasible_start_adaptive_spacing,0.5,,True,auto_from_instance,0.75,0.35,"5,9,14,25,26,35,36,38,45,46","2,14,16,24,25,27,29",,,,,,"H[5,9,14,25,26,35,36,38,45,46]|V[2,14,16,17,24,25,27,29]",a8708aef2b1e3127a45cd25328e7b01fe876ac67
proposed_nsga2_bs_Gyorgy-KOVACS_WH_Wide_AW_5_seed_121,proposed_nsga2_bs,Gyorgy-KOVACS_WH_Wide_AW_5,121,7,auto_from_instance,12,18,4,30,216,,,,,2,1,4,root > V:29 > BH:26 > BV:19 > BV:19,selected,1,inf,True,557,202,355,408.0,1.0,1.0,True,True,1,1,0,True,1,1,0,0,True,True,0,10,8,10,8,1,LS,sampled_pool,,,False,0.4444444444444444,0.47081704069247693,0.5555555555555556,0.1,adaptive,remove_random_aisle,offspring,feasible_start_adaptive_spacing,,,,feasible_start_adaptive_spacing,0.5,,True,auto_from_instance,0.75,0.35,"5,9,14,25,26,35,36,38,45,46","2,14,16,24,25,27,29",,,,,,"H[5,9,14,25,26,35,36,38,45,46]|V[2,14,16,19,24,25,27,29]",225a083d40a70add6d49c842c1ea1b7da9e91627
proposed_nsga2_bs_Gyorgy-KOVACS_WH_Wide_AW_5_seed_121,proposed_nsga2_bs,Gyorgy-KOVACS_WH_Wide_AW_5,121,7,auto_from_instance,12,18,4,30,216,,,,,3,1,4,root > V:29 > BH:26 > BV:17 > BV:19,evaluated,3,inf,False,557,202,355,460.0,1.0,1.0,True,True,1,1,0,True,1,1,0,0,True,True,0,10,9,10,9,1,LS,sampled_pool,,,False,0.4444444444444444,0.47081704069247693,0.5555555555555556,0.1,adaptive,remove_random_aisle,offspring,feasible_start_adaptive_spacing,,,,feasible_start_adaptive_spacing,0.5,,True,auto_from_instance,0.75,0.35,"5,9,14,25,26,35,36,38,45,46","2,14,16,24,25,27,29",,,,,,"H[5,9,14,25,26,35,36,38,45,46]|V[2,14,16,17,19,24,25,27,29]",0ccd7482bc13afbeac630bd0faf7012fe4b70f5c
proposed_nsga2_bs_Gyorgy-KOVACS_WH_Wide_AW_5_seed_121,proposed_nsga2_bs,Gyorgy-KOVACS_WH_Wide_AW_5,121,7,auto_from_instance,12,18,4,30,216,,,,,4,1,4,root > V:29 > BH:26 > BV:19 > BV:17,selected,2,inf,True,557,202,355,458.0,1.0,1.0,True,True,1,1,0,True,1,1,0,0,True,True,0,10,9,10,9,1,LS,sampled_pool,,,False,0.4444444444444444,0.47081704069247693,0.5555555555555556,0.1,adaptive,remove_random_aisle,offspring,feasible_start_adaptive_spacing,,,,feasible_start_adaptive_spacing,0.5,,True,auto_from_instance,0.75,0.35,"5,9,14,25,26,35,36,38,45,46","2,14,16,24,25,27,29",,,,,,"H[5,9,14,25,26,35,36,38,45,46]|V[2,14,16,17,19,24,25,27,29]",f590e28c4ca08f01adba87c9244bc357b1edb9bd
proposed_nsga2_bs_Gyorgy-KOVACS_WH_Wide_AW_5_seed_121,proposed_nsga2_bs,Gyorgy-KOVACS_WH_Wide_AW_5,121,7,auto_from_instance,12,18,4,30,216,,,,,5,2,8,root > V:16 > BH:26 > BH:5 > BH:16 > BH:25 > BH:36 > BH:45 > BV:25,selected,0,1.745680106335844,True,517,238,279,368.0,1.0,1.0,True,True,1,1,0,True,1,1,0,0,True,True,0,12,9,12,9,2,LS_PF,sampled_pool,,,False,0.4444444444444444,0.47344825816498154,0.5555555555555556,0.1,adaptive,remove_random_aisle,offspring,feasible_start_adaptive_spacing,,,,feasible_start_adaptive_spacing,0.5,,True,auto_from_instance,0.75,0.35,"5,10,14,16,25,26,35,36,38,45,48,56","16,17,18,19,21,24,25,27,29",,,,,,"H[5,10,14,16,25,26,35,36,38,45,48,56]|V[16,17,18,19,21,24,25,27,29]",559a078c3ea143504613077c561cb3124d66b767
proposed_nsga2_bs_Gyorgy-KOVACS_WH_Wide_AW_5_seed_121,proposed_nsga2_bs,Gyorgy-KOVACS_WH_Wide_AW_5,121,7,auto_from_instance,12,18,4,30,216,,,,,6,2,8,root > V:16 > BH:26 > BH:5 > BH:14 > BH:25 > BH:36 > BH:45 > BV:25,selected,0,inf,True,517,238,279,368.0,1.0,1.0,True,True,1,1,0,True,1,1,0,0,True,True,0,12,9,12,9,2,LS_PF,sampled_pool,,,False,0.4444444444444444,0.47344825816498154,0.5555555555555556,0.1,adaptive,remove_random_aisle,offspring,feasible_start_adaptive_spacing,,,,feasible_start_adaptive_spacing,0.5,,True,auto_from_instance,0.75,0.35,"5,10,14,16,25,26,35,36,38,45,48,56","16,17,18,19,21,24,25,27,29",,,,,,"H[5,10,14,16,25,26,35,36,38,45,48,56]|V[16,17,18,19,21,24,25,27,29]",6fcfc694894a367ef71d338faec4ce589ca685b5
proposed_nsga2_bs_Gyorgy-KOVACS_WH_Wide_AW_5_seed_121,proposed_nsga2_bs,Gyorgy-KOVACS_WH_Wide_AW_5,121,7,auto_from_instance,12,18,4,30,216,,,,,7,2,8,root > V:16 > BH:26 > BH:5 > BH:16 > BH:25 > BH:36 > BH:45 > BV:29,selected,1,inf,True,517,225,292,586.0,1.0,1.0,True,True,1,1,0,True,1,1,0,0,True,True,0,12,9,12,9,2,LS_PF,sampled_pool,,,False,0.4444444444444444,0.47344825816498154,0.5555555555555556,0.1,adaptive,remove_random_aisle,offspring,feasible_start_adaptive_spacing,,,,feasible_start_adaptive_spacing,0.5,,True,auto_from_instance,0.75,0.35,"5,10,14,16,25,26,35,36,38,45,48,56","16,17,18,19,21,24,25,27,29",,,,,,"H[5,10,14,16,25,26,35,36,38,45,48,56]|V[16,17,18,19,21,24,25,27,29]",13a8831f3352523fe53b9477eb693b985fdfc37c
proposed_nsga2_bs_Gyorgy-KOVACS_WH_Wide_AW_5_seed_121,proposed_nsga2_bs,Gyorgy-KOVACS_WH_Wide_AW_5,121,7,auto_from_instance,12,18,4,30,216,,,,,8,2,8,root > V:16 > BH:26 > BH:5 > BH:14 > BH:25 > BH:36 > BH:45 > BV:29,selected,1,inf,True,517,225,292,586.0,1.0,1.0,True,True,1,1,0,True,1,1,0,0,True,True,0,12,9,12,9,2,LS_PF,sampled_pool,,,False,0.4444444444444444,0.47344825816498154,0.5555555555555556,0.1,adaptive,remove_random_aisle,offspring,feasible_start_adaptive_spacing,,,,feasible_start_adaptive_spacing,0.5,,True,auto_from_instance,0.75,0.35,"5,10,14,16,25,26,35,36,38,45,48,56","16,17,18,19,21,24,25,27,29",,,,,,"H[5,10,14,16,25,26,35,36,38,45,48,56]|V[16,17,18,19,21,24,25,27,29]",7e0f4d1a90907f684b7d565e90c4ddb6c1ba7c58
proposed_nsga2_bs_Gyorgy-KOVACS_WH_Wide_AW_5_seed_121,proposed_nsga2_bs,Gyorgy-KOVACS_WH_Wide_AW_5,121,7,auto_from_instance,12,18,4,30,216,,,,,9,3,5,root > H:9 > BH:28 > BH:47 > BV:21 > BH:37,evaluated,9,inf,False,712,171,541,1661.0,1.0,1.0,True,True,1,1,0,True,1,1,0,0,True,True,0,15,6,15,6,3,SS,sampled_pool,,,True,0.4444444444444444,0.488062394948209,0.5555555555555556,0.1,adaptive,break_symmetry,offspring,feasible_start_adaptive_spacing,,,,feasible_start_adaptive_spacing,0.5,,True,auto_from_instance,0.75,0.35,"5,7,9,14,16,25,26,35,36,38,45,56","16,24,25,27,29",,,,,,"H[5,7,9,14,16,25,26,28,35,36,37,38,45,47,56]|V[16,21,24,25,27,29]",75e08f3f61d571ba278f30e183823bace541f812
proposed_nsga2_bs_Gyorgy-KOVACS_WH_Wide_AW_5_seed_121,proposed_nsga2_bs,Gyorgy-KOVACS_WH_Wide_AW_5,121,7,auto_from_instance,12,18,4,30,216,,,,,10,3,5,root > H:9 > BH:28 > BH:47 > BV:19 > BH:37,evaluated,9,3.0,False,712,173,539,1719.0,1.0,1.0,True,True,1,1,0,True,1,1,0,0,True,True,0,15,6,15,6,3,SS,sampled_pool,,,True,0.4444444444444444,0.488062394948209,0.5555555555555556,0.1,adaptive,break_symmetry,offspring,feasible_start_adaptive_spacing,,,,feasible_start_adaptive_spacing,0.5,,True,auto_from_instance,0.75,0.35,"5,7,9,14,16,25,26,35,36,38,45,56","16,24,25,27,29",,,,,,"H[5,7,9,14,16,25,26,28,35,36,37,38,45,47,56]|V[16,19,24,25,27,29]",b02fd0cce6a9c58c5bf34ef24076229911dff23d
proposed_nsga2_bs_Gyorgy-KOVACS_WH_Wide_AW_5_seed_121,proposed_nsga2_bs,Gyorgy-KOVACS_WH_Wide_AW_5,121,7,auto_from_instance,12,18,4,30,216,,,,,11,3,5,root > H:9 > BH:28 > BH:47 > BV:17 > BH:37,evaluated,9,inf,False,712,175,537,1793.0,1.0,1.0,True,True,1,1,0,True,1,1,0,0,True,True,0,15,6,15,6,3,SS,sampled_pool,,,True,0.4444444444444444,0.488062394948209,0.5555555555555556,0.1,adaptive,break_symmetry,offspring,feasible_start_adaptive_spacing,,,,feasible_start_adaptive_spacing,0.5,,True,auto_from_instance,0.75,0.35,"5,7,9,14,16,25,26,35,36,38,45,56","16,24,25,27,29",,,,,,"H[5,7,9,14,16,25,26,28,35,36,37,38,45,47,56]|V[16,17,24,25,27,29]",d8f4b22f6f198d42e7db3785f7dfd60b15b56cc9
proposed_nsga2_bs_Gyorgy-KOVACS_WH_Wide_AW_5_seed_121,proposed_nsga2_bs,Gyorgy-KOVACS_WH_Wide_AW_5,121,7,auto_from_instance,12,18,4,30,216,,,,,12,5,7,root > V:17 > BH:26 > BH:5 > BH:16 > BH:25 > BH:36 > BH:47,selected,1,1.7259520320096775,True,572,220,352,507.0,1.0,1.0,True,True,1,1,0,True,1,1,0,0,True,True,0,13,12,13,12,5,PF_RP,sampled_pool,,,False,0.4444444444444444,0.36125818531057585,0.5555555555555556,0.1,adaptive,break_symmetry,offspring,feasible_start_adaptive_spacing,,,,feasible_start_adaptive_spacing,0.5,,True,auto_from_instance,0.75,0.35,"5,7,10,14,16,25,26,35,36,38,45,46","2,9,14,16,17,18,19,21,24,25,27,28",,,,,,"H[5,7,10,14,16,25,26,35,36,38,45,46,47]|V[2,9,14,16,17,18,19,21,24,25,27,28]",173dd91401b4b71d9f20edd9e83506be465b9528
proposed_nsga2_bs_Gyorgy-KOVACS_WH_Wide_AW_5_seed_121,proposed_nsga2_bs,Gyorgy-KOVACS_WH_Wide_AW_5,121,7,auto_from_instance,12,18,4,30,216,,,,,13,5,7,root > V:17 > BH:26 > BH:5 > BH:14 > BH:25 > BH:36 > BH:47,selected,1,1.2740479679903227,True,572,220,352,507.0,1.0,1.0,True,True,1,1,0,True,1,1,0,0,True,True,0,13,12,13,12,5,PF_RP,sampled_pool,,,False,0.4444444444444444,0.36125818531057585,0.5555555555555556,0.1,adaptive,break_symmetry,offspring,feasible_start_adaptive_spacing,,,,feasible_start_adaptive_spacing,0.5,,True,auto_from_instance,0.75,0.35,"5,7,10,14,16,25,26,35,36,38,45,46","2,9,14,16,17,18,19,21,24,25,27,28",,,,,,"H[5,7,10,14,16,25,26,35,36,38,45,46,47]|V[2,9,14,16,17,18,19,21,24,25,27,28]",e59e5dd5e1537a2d164e028d12bd66f538f0cb70
proposed_nsga2_bs_Gyorgy-KOVACS_WH_Wide_AW_5_seed_121,proposed_nsga2_bs,Gyorgy-KOVACS_WH_Wide_AW_5,121,7,auto_from_instance,12,18,4,30,216,,,,,14,5,7,root > V:17 > BH:26 > BH:5 > BH:16 > BH:25 > BH:36 > BH:45,selected,2,inf,True,572,220,352,711.0,1.0,1.0,True,True,1,1,0,True,1,1,0,0,True,True,0,12,12,12,12,5,PF_RP,sampled_pool,,,False,0.4444444444444444,0.36125818531057585,0.5555555555555556,0.1,adaptive,break_symmetry,offspring,feasible_start_adaptive_spacing,,,,feasible_start_adaptive_spacing,0.5,,True,auto_from_instance,0.75,0.35,"5,7,10,14,16,25,26,35,36,38,45,46","2,9,14,16,17,18,19,21,24,25,27,28",,,,,,"H[5,7,10,14,16,25,26,35,36,38,45,46]|V[2,9,14,16,17,18,19,21,24,25,27,28]",854ec9b997ec508dda6ea9e399147d7a4b626ba8
proposed_nsga2_bs_Gyorgy-KOVACS_WH_Wide_AW_5_seed_121,proposed_nsga2_bs,Gyorgy-KOVACS_WH_Wide_AW_5,121,7,auto_from_instance,12,18,4,30,216,,,,,15,5,7,root > V:17 > BH:26 > BH:5 > BH:14 > BH:25 > BH:36 > BH:45,evaluated,2,inf,False,572,220,352,711.0,1.0,1.0,True,True,1,1,0,True,1,1,0,0,True,True,0,12,12,12,12,5,PF_RP,sampled_pool,,,False,0.4444444444444444,0.36125818531057585,0.5555555555555556,0.1,adaptive,break_symmetry,offspring,feasible_start_adaptive_spacing,,,,feasible_start_adaptive_spacing,0.5,,True,auto_from_instance,0.75,0.35,"5,7,10,14,16,25,26,35,36,38,45,46","2,9,14,16,17,18,19,21,24,25,27,28",,,,,,"H[5,7,10,14,16,25,26,35,36,38,45,46]|V[2,9,14,16,17,18,19,21,24,25,27,28]",ef95c5265d039c602cc7246bb99c122e90a60068
proposed_nsga2_bs_Gyorgy-KOVACS_WH_Wide_AW_5_seed_121,proposed_nsga2_bs,Gyorgy-KOVACS_WH_Wide_AW_5,121,7,auto_from_instance,12,18,4,30,216,,,,,16,6,6,root > V:19 > BH:26 > BH:5 > BH:16 > BH:29 > BH:44,evaluated,6,inf,False,662,179,483,1074.0,1.0,1.0,True,True,1,1,0,True,1,1,0,0,True,True,0,15,7,15,7,6,SS,sampled_pool,,,True,0.4444444444444444,0.46275272502412246,0.5555555555555556,0.1,adaptive,spacing_aware_flip,offspring,feasible_start_adaptive_spacing,,,,feasible_start_adaptive_spacing,0.5,,True,auto_from_instance,0.75,0.35,"5,9,14,16,25,26,35,36,38,45,46,51,57","15,16,18,19,24,25,31",,,,,,"H[5,9,14,16,25,26,29,35,36,38,44,45,46,51,57]|V[15,16,18,19,24,25,31]",9611f3f642c06fb0868eb707d4be9b5328b03a30
proposed_nsga2_bs_Gyorgy-KOVACS_WH_Wide_AW_5_seed_121,proposed_nsga2_bs,Gyorgy-KOVACS_WH_Wide_AW_5,121,7,auto_from_instance,12,18,4,30,216,,,,,17,6,6,root > V:19 > BH:26 > BH:5 > BH:14 > BH:29 > BH:44,evaluated,7,inf,False,662,179,483,1114.0,1.0,1.0,True,True,1,1,0,True,1,1,0,0,True,True,0,15,7,15,7,6,SS,sampled_pool,,,True,0.4444444444444444,0.46275272502412246,0.5555555555555556,0.1,adaptive,spacing_aware_flip,offspring,feasible_start_adaptive_spacing,,,,feasible_start_adaptive_spacing,0.5,,True,auto_from_instance,0.75,0.35,"5,9,14,16,25,26,35,36,38,45,46,51,57","15,16,18,19,24,25,31",,,,,,"H[5,9,14,16,25,26,29,35,36,38,44,45,46,51,57]|V[15,16,18,19,24,25,31]",0d9be465568dd42937c44da63122402ed4b7b3e5
proposed_nsga2_bs_Gyorgy-KOVACS_WH_Wide_AW_5_seed_121,proposed_nsga2_bs,Gyorgy-KOVACS_WH_Wide_AW_5,121,7,auto_from_instance,12,18,4,30,216,,,,,18,6,6,root > V:19 > BH:26 > BH:47 > BH:37 > BH:23 > BH:9,evaluated,8,inf,False,662,179,483,1214.0,1.0,1.0,True,True,1,1,0,True,1,1,0,0,True,True,0,16,7,16,7,6,SS,sampled_pool,,,True,0.4444444444444444,0.46275272502412246,0.5555555555555556,0.1,adaptive,spacing_aware_flip,offspring,feasible_start_adaptive_spacing,,,,feasible_start_adaptive_spacing,0.5,,True,auto_from_instance,0.75,0.35,"5,9,14,16,25,26,35,36,38,45,46,51,57","15,16,18,19,24,25,31",,,,,,"H[5,9,14,16,23,25,26,35,36,37,38,45,46,47,51,57]|V[15,16,18,19,24,25,31]",627c2cc4912123f4d0addbc30fac72342d05eacd
proposed_nsga2_bs_Gyorgy-KOVACS_WH_Wide_AW_5_seed_121,proposed_nsga2_bs,Gyorgy-KOVACS_WH_Wide_AW_5,121,7,auto_from_instance,12,18,4,30,216,,,,,19,6,6,root > V:19 > BH:26 > BH:5 > BH:16 > BH:27 > BH:42,evaluated,6,inf,False,662,180,482,1344.0,1.0,1.0,True,True,1,1,0,True,1,1,0,0,True,True,0,15,7,15,7,6,SS,sampled_pool,,,True,0.4444444444444444,0.46275272502412246,0.5555555555555556,0.1,adaptive,spacing_aware_flip,offspring,feasible_start_adaptive_spacing,,,,feasible_start_adaptive_spacing,0.5,,True,auto_from_instance,0.75,0.35,"5,9,14,16,25,26,35,36,38,45,46,51,57","15,16,18,19,24,25,31",,,,,,"H[5,9,14,16,25,26,27,35,36,38,42,45,46,51,57]|V[15,16,18,19,24,25,31]",7238358575d4f99aab2071aba99efb132f230a83
proposed_nsga2_bs_Gyorgy-KOVACS_WH_Wide_AW_5_seed_121,proposed_nsga2_bs,Gyorgy-KOVACS_WH_Wide_AW_5,121,7,auto_from_instance,12,18,4,30,216,,,,,20,7,7,root > V:21 > BH:26 > BH:5 > BH:16 > BH:27 > BH:38 > BH:47,evaluated,4,inf,False,652,180,472,763.0,1.0,1.0,True,True,1,1,0,True,1,1,0,0,True,True,0,15,6,15,6,7,SS_PF_LS,sampled_pool,,,True,0.4444444444444444,0.43436833654260565,0.5555555555555556,0.1,adaptive,break_symmetry,offspring,feasible_start_adaptive_spacing,,,,feasible_start_adaptive_spacing,0.5,,True,auto_from_instance,0.75,0.35,"5,7,9,14,16,25,26,35,36,38,45,48,56","16,18,21,24,25,29",,,,,,"H[5,7,9,14,16,25,26,27,35,36,38,45,47,48,56]|V[16,18,21,24,25,29]",2f63addef0a564eaffadcb442913b04bcdb20a31
proposed_nsga2_bs_Gyorgy-KOVACS_WH_Wide_AW_5_seed_121,proposed_nsga2_bs,Gyorgy-KOVACS_WH_Wide_AW_5,121,7,auto_from_instance,12,18,4,30,216,,,,,21,9,7,root > V:21 > BH:26 > BH:5 > BH:16 > BH:27 > BH:36 > BH:47,evaluated,4,0.0,False,652,180,472,763.0,1.0,1.0,True,True,1,1,0,True,1,1,0,0,True,True,0,13,7,13,7,9,SS_PF_LS,sampled_pool,,,True,0.4444444444444444,0.37975681016610596,0.5555555555555556,0.1,adaptive,remove_random_aisle,offspring,feasible_start_adaptive_spacing,,,,feasible_start_adaptive_spacing,0.5,,True,auto_from_instance,0.75,0.35,"5,7,10,14,16,25,26,35,36,45,46","16,19,21,24,25,27,29",,,,,,"H[5,7,10,14,16,25,26,27,35,36,45,46,47]|V[16,19,21,24,25,27,29]",0f96e027200fa1a1c0edb07d21a5eb62a8ebadb2
proposed_nsga2_bs_Gyorgy-KOVACS_WH_Wide_AW_5_seed_121,proposed_nsga2_bs,Gyorgy-KOVACS_WH_Wide_AW_5,121,7,auto_from_instance,12,18,4,30,216,,,,,22,9,7,root > V:21 > BH:26 > BH:5 > BH:16 > BH:25 > BH:36 > BH:47,evaluated,4,inf,False,652,180,472,763.0,1.0,1.0,True,True,1,1,0,True,1,1,0,0,True,True,0,12,7,12,7,9,SS_PF_LS,sampled_pool,,,True,0.4444444444444444,0.37975681016610596,0.5555555555555556,0.1,adaptive,remove_random_aisle,offspring,feasible_start_adaptive_spacing,,,,feasible_start_adaptive_spacing,0.5,,True,auto_from_instance,0.75,0.35,"5,7,10,14,16,25,26,35,36,45,46","16,19,21,24,25,27,29",,,,,,"H[5,7,10,14,16,25,26,35,36,45,46,47]|V[16,19,21,24,25,27,29]",01a90fb20467da592e93711ac8a849c3053fcfd6
proposed_nsga2_bs_Gyorgy-KOVACS_WH_Wide_AW_5_seed_121,proposed_nsga2_bs,Gyorgy-KOVACS_WH_Wide_AW_5,121,7,auto_from_instance,12,18,4,30,216,,,,,23,9,7,root > V:21 > BH:26 > BH:5 > BH:16 > BH:27 > BH:36 > BH:45,evaluated,5,inf,False,652,180,472,899.0,1.0,1.0,True,True,1,1,0,True,1,1,0,0,True,True,0,12,7,12,7,9,SS_PF_LS,sampled_pool,,,True,0.4444444444444444,0.37975681016610596,0.5555555555555556,0.1,adaptive,remove_random_aisle,offspring,feasible_start_adaptive_spacing,,,,feasible_start_adaptive_spacing,0.5,,True,auto_from_instance,0.75,0.35,"5,7,10,14,16,25,26,35,36,45,46","16,19,21,24,25,27,29",,,,,,"H[5,7,10,14,16,25,26,27,35,36,45,46]|V[16,19,21,24,25,27,29]",26574714fdf7ac272cc6e5906acef604fb0be3f4
proposed_nsga2_bs_Gyorgy-KOVACS_WH_Wide_AW_5_seed_121,proposed_nsga2_bs,Gyorgy-KOVACS_WH_Wide_AW_5,121,7,auto_from_instance,12,18,4,30,216,,,,,24,11,8,root > V:15 > BH:26 > BH:5 > BH:16 > BH:25 > BH:36 > BH:45 > BV:24,selected,0,inf,True,497,247,250,385.0,1.0,1.0,True,True,1,1,0,True,1,1,0,0,True,True,0,11,10,11,10,11,PF,sampled_pool,,,False,0.4444444444444444,0.37864847881631775,0.5555555555555556,0.1,adaptive,break_symmetry,offspring,feasible_start_adaptive_spacing,,,,feasible_start_adaptive_spacing,0.5,,True,auto_from_instance,0.75,0.35,"5,9,14,16,25,26,35,36,38,45,46","2,15,16,18,19,23,25,27,29",,,,,,"H[5,9,14,16,25,26,35,36,38,45,46]|V[2,15,16,18,19,23,24,25,27,29]",416c9c0e4f9e06143d78fee04cbc7a8d1c4800ad
proposed_nsga2_bs_Gyorgy-KOVACS_WH_Wide_AW_5_seed_121,proposed_nsga2_bs,Gyorgy-KOVACS_WH_Wide_AW_5,121,7,auto_from_instance,12,18,4,30,216,,,,,25,11,8,root > V:15 > BH:26 > BH:5 > BH:14 > BH:25 > BH:36 > BH:45 > BV:24,selected,0,inf,True,497,247,250,385.0,1.0,1.0,True,True,1,1,0,True,1,1,0,0,True,True,0,11,10,11,10,11,PF,sampled_pool,,,False,0.4444444444444444,0.37864847881631775,0.5555555555555556,0.1,adaptive,break_symmetry,offspring,feasible_start_adaptive_spacing,,,,feasible_start_adaptive_spacing,0.5,,True,auto_from_instance,0.75,0.35,"5,9,14,16,25,26,35,36,38,45,46","2,15,16,18,19,23,25,27,29",,,,,,"H[5,9,14,16,25,26,35,36,38,45,46]|V[2,15,16,18,19,23,24,25,27,29]",4f5b467192e7c6ce4bc3fd69bf3ce13c31bd8ba0
proposed_nsga2_bs_Gyorgy-KOVACS_WH_Wide_AW_5_seed_121,proposed_nsga2_bs,Gyorgy-KOVACS_WH_Wide_AW_5,121,8,auto_from_instance,12,18,4,30,216,,,,,1,1,4,root > V:29 > BH:26 > BV:19 > BV:19,selected,1,inf,True,557,202,355,408.0,1.0,1.0,True,True,1,1,0,True,1,1,0,0,True,True,0,11,9,11,9,1,LS_SS,sampled_pool,,,True,0.5,0.5497305693719144,0.5,0.1,adaptive,bit_flip,offspring,feasible_start_adaptive_spacing,,,,feasible_start_adaptive_spacing,0.5,,True,auto_from_instance,0.75,0.35,"5,9,14,16,25,26,35,36,38,45,46","2,14,16,17,23,24,25,29",,,,,,"H[5,9,14,16,25,26,35,36,38,45,46]|V[2,14,16,17,19,23,24,25,29]",225a083d40a70add6d49c842c1ea1b7da9e91627
proposed_nsga2_bs_Gyorgy-KOVACS_WH_Wide_AW_5_seed_121,proposed_nsga2_bs,Gyorgy-KOVACS_WH_Wide_AW_5,121,8,auto_from_instance,12,18,4,30,216,,,,,2,1,4,root > V:29 > BH:26 > BV:19 > BV:17,selected,2,inf,True,557,202,355,458.0,1.0,1.0,True,True,1,1,0,True,1,1,0,0,True,True,0,11,9,11,9,1,LS_SS,sampled_pool,,,True,0.5,0.5497305693719144,0.5,0.1,adaptive,bit_flip,offspring,feasible_start_adaptive_spacing,,,,feasible_start_adaptive_spacing,0.5,,True,auto_from_instance,0.75,0.35,"5,9,14,16,25,26,35,36,38,45,46","2,14,16,17,23,24,25,29",,,,,,"H[5,9,14,16,25,26,35,36,38,45,46]|V[2,14,16,17,19,23,24,25,29]",f590e28c4ca08f01adba87c9244bc357b1edb9bd
proposed_nsga2_bs_Gyorgy-KOVACS_WH_Wide_AW_5_seed_121,proposed_nsga2_bs,Gyorgy-KOVACS_WH_Wide_AW_5,121,8,auto_from_instance,12,18,4,30,216,,,,,3,1,4,root > V:29 > BH:26 > BV:17 > BV:19,selected,3,inf,True,557,202,355,460.0,1.0,1.0,True,True,1,1,0,True,1,1,0,0,True,True,0,11,9,11,9,1,LS_SS,sampled_pool,,,True,0.5,0.5497305693719144,0.5,0.1,adaptive,bit_flip,offspring,feasible_start_adaptive_spacing,,,,feasible_start_adaptive_spacing,0.5,,True,auto_from_instance,0.75,0.35,"5,9,14,16,25,26,35,36,38,45,46","2,14,16,17,23,24,25,29",,,,,,"H[5,9,14,16,25,26,35,36,38,45,46]|V[2,14,16,17,19,23,24,25,29]",0ccd7482bc13afbeac630bd0faf7012fe4b70f5c
proposed_nsga2_bs_Gyorgy-KOVACS_WH_Wide_AW_5_seed_121,proposed_nsga2_bs,Gyorgy-KOVACS_WH_Wide_AW_5,121,8,auto_from_instance,12,18,4,30,216,,,,,4,1,4,root > V:29 > BH:26 > BV:17 > BV:17,evaluated,4,inf,False,557,202,355,510.0,1.0,1.0,True,True,1,1,0,True,1,1,0,0,True,True,0,11,8,11,8,1,LS_SS,sampled_pool,,,True,0.5,0.5497305693719144,0.5,0.1,adaptive,bit_flip,offspring,feasible_start_adaptive_spacing,,,,feasible_start_adaptive_spacing,0.5,,True,auto_from_instance,0.75,0.35,"5,9,14,16,25,26,35,36,38,45,46","2,14,16,17,23,24,25,29",,,,,,"H[5,9,14,16,25,26,35,36,38,45,46]|V[2,14,16,17,23,24,25,29]",01a64afdd46edf4dc6b60538f107b837ec4162f0
proposed_nsga2_bs_Gyorgy-KOVACS_WH_Wide_AW_5_seed_121,proposed_nsga2_bs,Gyorgy-KOVACS_WH_Wide_AW_5,121,8,auto_from_instance,12,18,4,30,216,,,,,5,2,8,root > V:16 > BH:26 > BH:7 > BH:16 > BH:25 > BH:36 > BH:45 > BV:25,selected,1,inf,True,517,238,279,537.0,1.0,1.0,True,True,1,1,0,True,1,1,0,0,True,True,0,12,10,12,10,2,PF_LS,sampled_pool,,,False,0.5,0.603270637862849,0.5,0.1,adaptive,swap_segments,offspring,feasible_start_adaptive_spacing,,,,feasible_start_adaptive_spacing,0.5,,True,auto_from_instance,0.75,0.35,"5,9,14,25,26,35,36,38,45,46","2,6,7,9,11,16,18,19,33",,,,,,"H[5,7,9,14,16,25,26,35,36,38,45,46]|V[2,6,7,9,11,16,18,19,25,33]",5f183debb27c7a24bc0f9f82fc27ee77d3fc24d8
proposed_nsga2_bs_Gyorgy-KOVACS_WH_Wide_AW_5_seed_121,proposed_nsga2_bs,Gyorgy-KOVACS_WH_Wide_AW_5,121,8,auto_from_instance,12,18,4,30,216,,,,,6,2,8,root > V:16 > BH:26 > BH:5 > BH:16 > BH:25 > BH:36 > BH:45 > BV:25,selected,0,1.745680106335844,True,517,238,279,368.0,1.0,1.0,True,True,1,1,0,True,1,1,0,0,True,True,0,11,10,11,10,2,PF_LS,sampled_pool,,,False,0.5,0.603270637862849,0.5,0.1,adaptive,swap_segments,offspring,feasible_start_adaptive_spacing,,,,feasible_start_adaptive_spacing,0.5,,True,auto_from_instance,0.75,0.35,"5,9,14,25,26,35,36,38,45,46","2,6,7,9,11,16,18,19,33",,,,,,"H[5,9,14,16,25,26,35,36,38,45,46]|V[2,6,7,9,11,16,18,19,25,33]",559a078c3ea143504613077c561cb3124d66b767
proposed_nsga2_bs_Gyorgy-KOVACS_WH_Wide_AW_5_seed_121,proposed_nsga2_bs,Gyorgy-KOVACS_WH_Wide_AW_5,121,8,auto_from_instance,12,18,4,30,216,,,,,7,2,8,root > V:16 > BH:26 > BH:7 > BH:16 > BH:25 > BH:36 > BH:45 > BV:29,selected,3,inf,True,517,225,292,755.0,1.0,1.0,True,True,1,1,0,True,1,1,0,0,True,True,0,12,10,12,10,2,PF_LS,sampled_pool,,,False,0.5,0.603270637862849,0.5,0.1,adaptive,swap_segments,offspring,feasible_start_adaptive_spacing,,,,feasible_start_adaptive_spacing,0.5,,True,auto_from_instance,0.75,0.35,"5,9,14,25,26,35,36,38,45,46","2,6,7,9,11,16,18,19,33",,,,,,"H[5,7,9,14,16,25,26,35,36,38,45,46]|V[2,6,7,9,11,16,18,19,29,33]",03af9372cf0d8e782f6e425ae89227ab68d20a8e
proposed_nsga2_bs_Gyorgy-KOVACS_WH_Wide_AW_5_seed_121,proposed_nsga2_bs,Gyorgy-KOVACS_WH_Wide_AW_5,121,8,auto_from_instance,12,18,4,30,216,,,,,8,2,8,root > V:16 > BH:26 > BH:5 > BH:16 > BH:25 > BH:36 > BH:45 > BV:29,selected,2,inf,True,517,225,292,586.0,1.0,1.0,True,True,1,1,0,True,1,1,0,0,True,True,0,11,10,11,10,2,PF_LS,sampled_pool,,,False,0.5,0.603270637862849,0.5,0.1,adaptive,swap_segments,offspring,feasible_start_adaptive_spacing,,,,feasible_start_adaptive_spacing,0.5,,True,auto_from_instance,0.75,0.35,"5,9,14,25,26,35,36,38,45,46","2,6,7,9,11,16,18,19,33",,,,,,"H[5,9,14,16,25,26,35,36,38,45,46]|V[2,6,7,9,11,16,18,19,29,33]",13a8831f3352523fe53b9477eb693b985fdfc37c
proposed_nsga2_bs_Gyorgy-KOVACS_WH_Wide_AW_5_seed_121,proposed_nsga2_bs,Gyorgy-KOVACS_WH_Wide_AW_5,121,8,auto_from_instance,12,18,4,30,216,,,,,9,3,8,root > V:15 > BH:26 > BH:5 > BH:16 > BH:25 > BH:36 > BH:45 > BV:24,selected,0,inf,True,497,247,250,385.0,1.0,1.0,True,True,1,1,0,True,1,1,0,0,True,True,0,12,10,12,10,3,PF_SS,sampled_pool,,,True,0.5,0.5188541311215968,0.5,0.1,adaptive,bit_flip,offspring,feasible_start_adaptive_spacing,,,,feasible_start_adaptive_spacing,0.5,,True,auto_from_instance,0.75,0.35,"5,9,14,16,25,26,35,36,38,45,46,50","2,15,16,18,19,23,24,25,27,29",,,,,,"H[5,9,14,16,25,26,35,36,38,45,46,50]|V[2,15,16,18,19,23,24,25,27,29]",416c9c0e4f9e06143d78fee04cbc7a8d1c4800ad
proposed_nsga2_bs_Gyorgy-KOVACS_WH_Wide_AW_5_seed_121,proposed_nsga2_bs,Gyorgy-KOVACS_WH_Wide_AW_5,121,8,auto_from_instance,12,18,4,30,216,,,,,10,3,8,root > V:15 > BH:26 > BH:5 > BH:14 > BH:25 > BH:36 > BH:45 > BV:24,selected,0,inf,True,497,247,250,385.0,1.0,1.0,True,True,1,1,0,True,1,1,0,0,True,True,0,12,10,12,10,3,PF_SS,sampled_pool,,,True,0.5,0.5188541311215968,0.5,0.1,adaptive,bit_flip,offspring,feasible_start_adaptive_spacing,,,,feasible_start_adaptive_spacing,0.5,,True,auto_from_instance,0.75,0.35,"5,9,14,16,25,26,35,36,38,45,46,50","2,15,16,18,19,23,24,25,27,29",,,,,,"H[5,9,14,16,25,26,35,36,38,45,46,50]|V[2,15,16,18,19,23,24,25,27,29]",4f5b467192e7c6ce4bc3fd69bf3ce13c31bd8ba0
proposed_nsga2_bs_Gyorgy-KOVACS_WH_Wide_AW_5_seed_121,proposed_nsga2_bs,Gyorgy-KOVACS_WH_Wide_AW_5,121,8,auto_from_instance,12,18,4,30,216,,,,,11,4,8,root > V:16 > BH:26 > BH:5 > BH:16 > BH:27 > BH:36 > BH:45 > BV:25,selected,0,inf,True,517,238,279,368.0,1.0,1.0,True,True,1,1,0,True,1,1,0,0,True,True,0,12,9,12,9,4,LS_PF,sampled_pool,,,False,0.5,0.6168054393630746,0.5,0.1,adaptive,break_symmetry,offspring,feasible_start_adaptive_spacing,,,,feasible_start_adaptive_spacing,0.5,,True,auto_from_instance,0.75,0.35,"5,9,14,25,26,35,36,39,45,46","2,14,16,17,19,24,25,27,29",,,,,,"H[5,9,14,16,25,26,27,35,36,39,45,46]|V[2,14,16,17,19,24,25,27,29]",015ee1c8318bbe65f9d75b3878c91b9d7be2a076
proposed_nsga2_bs_Gyorgy-KOVACS_WH_Wide_AW_5_seed_121,proposed_nsga2_bs,Gyorgy-KOVACS_WH_Wide_AW_5,121,8,auto_from_instance,12,18,4,30,216,,,,,12,4,8,root > V:16 > BH:26 > BH:5 > BH:16 > BH:27 > BH:36 > BH:45 > BV:29,selected,2,inf,True,517,225,292,586.0,1.0,1.0,True,True,1,1,0,True,1,1,0,0,True,True,0,12,9,12,9,4,LS_PF,sampled_pool,,,False,0.5,0.6168054393630746,0.5,0.1,adaptive,break_symmetry,offspring,feasible_start_adaptive_spacing,,,,feasible_start_adaptive_spacing,0.5,,True,auto_from_instance,0.75,0.35,"5,9,14,25,26,35,36,39,45,46","2,14,16,17,19,24,25,27,29",,,,,,"H[5,9,14,16,25,26,27,35,36,39,45,46]|V[2,14,16,17,19,24,25,27,29]",ed71c8d546062d956359fd31a02e14699e745412
proposed_nsga2_bs_Gyorgy-KOVACS_WH_Wide_AW_5_seed_121,proposed_nsga2_bs,Gyorgy-KOVACS_WH_Wide_AW_5,121,8,auto_from_instance,12,18,4,30,216,,,,,13,6,4,root > V:27 > BH:26 > BV:17 > BV:17,selected,0,inf,True,567,256,311,311.0,1.0,1.0,True,True,1,1,0,True,1,1,0,0,True,True,0,11,10,11,10,6,SS_PF_LS,sampled_pool,,,True,0.5,0.40112318138080794,0.5,0.1,adaptive,insert_random_aisle,offspring,feasible_start_adaptive_spacing,,,,feasible_start_adaptive_spacing,0.5,,True,auto_from_instance,0.75,0.35,"5,9,14,16,25,26,35,36,38,45,46","2,14,16,17,23,24,25,27,29,30",,,,,,"H[5,9,14,16,25,26,35,36,38,45,46]|V[2,14,16,17,23,24,25,27,29,30]",a8708aef2b1e3127a45cd25328e7b01fe876ac67
proposed_nsga2_bs_Gyorgy-KOVACS_WH_Wide_AW_5_seed_121,proposed_nsga2_bs,Gyorgy-KOVACS_WH_Wide_AW_5,121,8,auto_from_instance,12,18,4,30,216,,,,,14,10,6,root > V:21 > BH:26 > BH:5 > BH:16 > BH:29 > BH:42,evaluated,5,inf,False,692,165,527,1197.0,1.0,1.0,True,True,1,1,0,True,1,1,0,0,True,True,0,15,12,15,12,10,SS,sampled_pool,,,True,0.5,0.5294279378565022,0.5,0.1,adaptive,bit_flip,offspring,feasible_start_adaptive_spacing,,,,feasible_start_adaptive_spacing,0.5,,True,auto_from_instance,0.75,0.35,"0,5,10,14,16,25,26,35,36,38,45,46,47","2,9,14,16,17,18,19,21,24,25,27,28",,,,,,"H[0,5,10,14,16,25,26,29,35,36,38,42,45,46,47]|V[2,9,14,16,17,18,19,21,24,25,27,28]",3e80fff572b45638d4c993741f9187431fecc243
proposed_nsga2_bs_Gyorgy-KOVACS_WH_Wide_AW_5_seed_121,proposed_nsga2_bs,Gyorgy-KOVACS_WH_Wide_AW_5,121,8,auto_from_instance,12,18,4,30,216,,,,,15,10,6,root > V:21 > BH:26 > BH:5 > BH:16 > BH:27 > BH:40,evaluated,5,inf,False,692,168,524,1255.0,1.0,1.0,True,True,1,1,0,True,1,1,0,0,True,True,0,15,12,15,12,10,SS,sampled_pool,,,True,0.5,0.5294279378565022,0.5,0.1,adaptive,bit_flip,offspring,feasible_start_adaptive_spacing,,,,feasible_start_adaptive_spacing,0.5,,True,auto_from_instance,0.75,0.35,"0,5,10,14,16,25,26,35,36,38,45,46,47","2,9,14,16,17,18,19,21,24,25,27,28",,,,,,"H[0,5,10,14,16,25,26,27,35,36,38,40,45,46,47]|V[2,9,14,16,17,18,19,21,24,25,27,28]",c29204a760792de9b5fff7fd1f22463071b8fe3a
proposed_nsga2_bs_Gyorgy-KOVACS_WH_Wide_AW_5_seed_121,proposed_nsga2_bs,Gyorgy-KOVACS_WH_Wide_AW_5,121,8,auto_from_instance,12,18,4,30,216,,,,,16,10,6,root > V:21 > BH:26 > BH:5 > BH:14 > BH:27 > BH:40,evaluated,6,inf,False,692,168,524,1271.0,1.0,1.0,True,True,1,1,0,True,1,1,0,0,True,True,0,15,12,15,12,10,SS,sampled_pool,,,True,0.5,0.5294279378565022,0.5,0.1,adaptive,bit_flip,offspring,feasible_start_adaptive_spacing,,,,feasible_start_adaptive_spacing,0.5,,True,auto_from_instance,0.75,0.35,"0,5,10,14,16,25,26,35,36,38,45,46,47","2,9,14,16,17,18,19,21,24,25,27,28",,,,,,"H[0,5,10,14,16,25,26,27,35,36,38,40,45,46,47]|V[2,9,14,16,17,18,19,21,24,25,27,28]",d6f556ce4388bf7e47d115315ffef16b2112220e
proposed_nsga2_bs_Gyorgy-KOVACS_WH_Wide_AW_5_seed_121,proposed_nsga2_bs,Gyorgy-KOVACS_WH_Wide_AW_5,121,8,auto_from_instance,12,18,4,30,216,,,,,17,10,6,root > V:21 > BH:26 > BH:5 > BH:16 > BH:29 > BH:40,evaluated,6,inf,False,692,167,525,1255.0,1.0,1.0,True,True,1,1,0,True,1,1,0,0,True,True,0,15,12,15,12,10,SS,sampled_pool,,,True,0.5,0.5294279378565022,0.5,0.1,adaptive,bit_flip,offspring,feasible_start_adaptive_spacing,,,,feasible_start_adaptive_spacing,0.5,,True,auto_from_instance,0.75,0.35,"0,5,10,14,16,25,26,35,36,38,45,46,47","2,9,14,16,17,18,19,21,24,25,27,28",,,,,,"H[0,5,10,14,16,25,26,29,35,36,38,40,45,46,47]|V[2,9,14,16,17,18,19,21,24,25,27,28]",4438a07913bba44771acc09fec1861ea8b6e3d46
proposed_nsga2_bs_Gyorgy-KOVACS_WH_Wide_AW_5_seed_121,proposed_nsga2_bs,Gyorgy-KOVACS_WH_Wide_AW_5,121,9,auto_from_instance,12,18,4,30,216,,,,,1,1,8,root > V:16 > BH:26 > BH:5 > BH:16 > BH:27 > BH:36 > BH:45 > BV:25,selected,0,1.745680106335844,True,517,238,279,368.0,1.0,1.0,True,True,1,1,0,True,1,1,0,0,True,True,0,13,8,13,8,1,PF_LS_RP,sampled_pool,,,False,0.5555555555555556,0.5362802899222479,0.4444444444444444,0.1,adaptive,bit_flip,offspring,feasible_start_adaptive_spacing,,,,feasible_start_adaptive_spacing,0.5,,True,auto_from_instance,0.75,0.35,"5,9,14,16,25,26,35,36,38,43,45,46","2,14,16,17,25,27,29,30",,,,,,"H[5,9,14,16,25,26,27,35,36,38,43,45,46]|V[2,14,16,17,25,27,29,30]",015ee1c8318bbe65f9d75b3878c91b9d7be2a076
proposed_nsga2_bs_Gyorgy-KOVACS_WH_Wide_AW_5_seed_121,proposed_nsga2_bs,Gyorgy-KOVACS_WH_Wide_AW_5,121,9,auto_from_instance,12,18,4,30,216,,,,,2,1,8,root > V:16 > BH:26 > BH:5 > BH:16 > BH:27 > BH:36 > BH:45 > BV:29,selected,2,inf,True,517,225,292,586.0,1.0,1.0,True,True,1,1,0,True,1,1,0,0,True,True,0,13,8,13,8,1,PF_LS_RP,sampled_pool,,,False,0.5555555555555556,0.5362802899222479,0.4444444444444444,0.1,adaptive,bit_flip,offspring,feasible_start_adaptive_spacing,,,,feasible_start_adaptive_spacing,0.5,,True,auto_from_instance,0.75,0.35,"5,9,14,16,25,26,35,36,38,43,45,46","2,14,16,17,25,27,29,30",,,,,,"H[5,9,14,16,25,26,27,35,36,38,43,45,46]|V[2,14,16,17,25,27,29,30]",ed71c8d546062d956359fd31a02e14699e745412
proposed_nsga2_bs_Gyorgy-KOVACS_WH_Wide_AW_5_seed_121,proposed_nsga2_bs,Gyorgy-KOVACS_WH_Wide_AW_5,121,9,auto_from_instance,12,18,4,30,216,,,,,3,2,8,root > V:16 > BH:26 > BH:7 > BH:16 > BH:25 > BH:36 > BH:45 > BV:25,selected,1,inf,True,517,238,279,537.0,1.0,1.0,True,True,1,1,0,True,1,1,0,0,True,True,0,12,12,12,12,2,PF_LS,sampled_pool,,,False,0.5555555555555556,0.5569132536544464,0.4444444444444444,0.1,adaptive,bit_flip,offspring,feasible_start_adaptive_spacing,,,,feasible_start_adaptive_spacing,0.5,,True,auto_from_instance,0.75,0.35,"5,9,14,16,25,26,35,36,38,45,46","2,6,7,9,11,16,18,19,23,24,33",,,,,,"H[5,7,9,14,16,25,26,35,36,38,45,46]|V[2,6,7,9,11,16,18,19,23,24,25,33]",5f183debb27c7a24bc0f9f82fc27ee77d3fc24d8
proposed_nsga2_bs_Gyorgy-KOVACS_WH_Wide_AW_5_seed_121,proposed_nsga2_bs,Gyorgy-KOVACS_WH_Wide_AW_5,121,9,auto_from_instance,12,18,4,30,216,,,,,4,2,8,root > V:16 > BH:26 > BH:5 > BH:16 > BH:25 > BH:36 > BH:45 > BV:25,selected,0,0.0,True,517,238,279,368.0,1.0,1.0,True,True,1,1,0,True,1,1,0,0,True,True,0,11,12,11,12,2,PF_LS,sampled_pool,,,False,0.5555555555555556,0.5569132536544464,0.4444444444444444,0.1,adaptive,bit_flip,offspring,feasible_start_adaptive_spacing,,,,feasible_start_adaptive_spacing,0.5,,True,auto_from_instance,0.75,0.35,"5,9,14,16,25,26,35,36,38,45,46","2,6,7,9,11,16,18,19,23,24,33",,,,,,"H[5,9,14,16,25,26,35,36,38,45,46]|V[2,6,7,9,11,16,18,19,23,24,25,33]",559a078c3ea143504613077c561cb3124d66b767
proposed_nsga2_bs_Gyorgy-KOVACS_WH_Wide_AW_5_seed_121,proposed_nsga2_bs,Gyorgy-KOVACS_WH_Wide_AW_5,121,9,auto_from_instance,12,18,4,30,216,,,,,5,2,8,root > V:16 > BH:26 > BH:7 > BH:16 > BH:25 > BH:36 > BH:45 > BV:29,evaluated,3,inf,False,517,225,292,755.0,1.0,1.0,True,True,1,1,0,True,1,1,0,0,True,True,0,12,12,12,12,2,PF_LS,sampled_pool,,,False,0.5555555555555556,0.5569132536544464,0.4444444444444444,0.1,adaptive,bit_flip,offspring,feasible_start_adaptive_spacing,,,,feasible_start_adaptive_spacing,0.5,,True,auto_from_instance,0.75,0.35,"5,9,14,16,25,26,35,36,38,45,46","2,6,7,9,11,16,18,19,23,24,33",,,,,,"H[5,7,9,14,16,25,26,35,36,38,45,46]|V[2,6,7,9,11,16,18,19,23,24,29,33]",03af9372cf0d8e782f6e425ae89227ab68d20a8e
proposed_nsga2_bs_Gyorgy-KOVACS_WH_Wide_AW_5_seed_121,proposed_nsga2_bs,Gyorgy-KOVACS_WH_Wide_AW_5,121,9,auto_from_instance,12,18,4,30,216,,,,,6,2,8,root > V:16 > BH:26 > BH:5 > BH:16 > BH:25 > BH:36 > BH:45 > BV:29,evaluated,2,0.0,False,517,225,292,586.0,1.0,1.0,True,True,1,1,0,True,1,1,0,0,True,True,0,11,12,11,12,2,PF_LS,sampled_pool,,,False,0.5555555555555556,0.5569132536544464,0.4444444444444444,0.1,adaptive,bit_flip,offspring,feasible_start_adaptive_spacing,,,,feasible_start_adaptive_spacing,0.5,,True,auto_from_instance,0.75,0.35,"5,9,14,16,25,26,35,36,38,45,46","2,6,7,9,11,16,18,19,23,24,33",,,,,,"H[5,9,14,16,25,26,35,36,38,45,46]|V[2,6,7,9,11,16,18,19,23,24,29,33]",13a8831f3352523fe53b9477eb693b985fdfc37c
proposed_nsga2_bs_Gyorgy-KOVACS_WH_Wide_AW_5_seed_121,proposed_nsga2_bs,Gyorgy-KOVACS_WH_Wide_AW_5,121,9,auto_from_instance,12,18,4,30,216,,,,,7,3,8,root > V:15 > BH:26 > BH:5 > BH:16 > BH:25 > BH:36 > BH:45 > BV:24,selected,0,inf,True,497,247,250,385.0,1.0,1.0,True,True,1,1,0,True,1,1,0,0,True,True,0,12,7,12,7,3,PF_RP,sampled_pool,,,False,0.5555555555555556,0.5407193952062342,0.4444444444444444,0.1,adaptive,remove_random_aisle,offspring,feasible_start_adaptive_spacing,,,,feasible_start_adaptive_spacing,0.5,,True,auto_from_instance,0.75,0.35,"5,9,14,16,25,26,35,36,39,45,46,50","2,15,19,24,25,27,29",,,,,,"H[5,9,14,16,25,26,35,36,39,45,46,50]|V[2,15,19,24,25,27,29]",416c9c0e4f9e06143d78fee04cbc7a8d1c4800ad
proposed_nsga2_bs_Gyorgy-KOVACS_WH_Wide_AW_5_seed_121,proposed_nsga2_bs,Gyorgy-KOVACS_WH_Wide_AW_5,121,9,auto_from_instance,12,18,4,30,216,,,,,8,3,8,root > V:15 > BH:26 > BH:5 > BH:14 > BH:25 > BH:36 > BH:45 > BV:24,selected,0,inf,True,497,247,250,385.0,1.0,1.0,True,True,1,1,0,True,1,1,0,0,True,True,0,12,7,12,7,3,PF_RP,sampled_pool,,,False,0.5555555555555556,0.5407193952062342,0.4444444444444444,0.1,adaptive,remove_random_aisle,offspring,feasible_start_adaptive_spacing,,,,feasible_start_adaptive_spacing,0.5,,True,auto_from_instance,0.75,0.35,"5,9,14,16,25,26,35,36,39,45,46,50","2,15,19,24,25,27,29",,,,,,"H[5,9,14,16,25,26,35,36,39,45,46,50]|V[2,15,19,24,25,27,29]",4f5b467192e7c6ce4bc3fd69bf3ce13c31bd8ba0
proposed_nsga2_bs_Gyorgy-KOVACS_WH_Wide_AW_5_seed_121,proposed_nsga2_bs,Gyorgy-KOVACS_WH_Wide_AW_5,121,9,auto_from_instance,12,18,4,30,216,,,,,9,4,7,root > V:17 > BH:26 > BH:5 > BH:16 > BH:25 > BH:36 > BH:47,selected,1,2.22796817625459,True,572,220,352,507.0,1.0,1.0,True,True,1,1,0,True,1,1,0,0,True,True,0,13,12,13,12,4,LS_SS,sampled_pool,,,True,0.5555555555555556,0.5797394141645756,0.4444444444444444,0.1,adaptive,bit_flip,offspring,feasible_start_adaptive_spacing,,,,feasible_start_adaptive_spacing,0.5,,True,auto_from_instance,0.75,0.35,"5,9,14,16,25,26,27,35,36,38,45,46","2,14,16,17,18,19,20,23,24,25,27,29",,,,,,"H[5,9,14,16,25,26,27,35,36,38,45,46,47]|V[2,14,16,17,18,19,20,23,24,25,27,29]",173dd91401b4b71d9f20edd9e83506be465b9528
proposed_nsga2_bs_Gyorgy-KOVACS_WH_Wide_AW_5_seed_121,proposed_nsga2_bs,Gyorgy-KOVACS_WH_Wide_AW_5,121,9,auto_from_instance,12,18,4,30,216,,,,,10,4,7,root > V:17 > BH:26 > BH:5 > BH:14 > BH:25 > BH:36 > BH:47,selected,1,0.77203182374541,True,572,220,352,507.0,1.0,1.0,True,True,1,1,0,True,1,1,0,0,True,True,0,13,12,13,12,4,LS_SS,sampled_pool,,,True,0.5555555555555556,0.5797394141645756,0.4444444444444444,0.1,adaptive,bit_flip,offspring,feasible_start_adaptive_spacing,,,,feasible_start_adaptive_spacing,0.5,,True,auto_from_instance,0.75,0.35,"5,9,14,16,25,26,27,35,36,38,45,46","2,14,16,17,18,19,20,23,24,25,27,29",,,,,,"H[5,9,14,16,25,26,27,35,36,38,45,46,47]|V[2,14,16,17,18,19,20,23,24,25,27,29]",e59e5dd5e1537a2d164e028d12bd66f538f0cb70
proposed_nsga2_bs_Gyorgy-KOVACS_WH_Wide_AW_5_seed_121,proposed_nsga2_bs,Gyorgy-KOVACS_WH_Wide_AW_5,121,9,auto_from_instance,12,18,4,30,216,,,,,11,4,7,root > V:17 > BH:26 > BH:5 > BH:16 > BH:25 > BH:36 > BH:45,evaluated,3,2.020619714355897,False,572,220,352,711.0,1.0,1.0,True,True,1,1,0,True,1,1,0,0,True,True,0,12,12,12,12,4,LS_SS,sampled_pool,,,True,0.5555555555555556,0.5797394141645756,0.4444444444444444,0.1,adaptive,bit_flip,offspring,feasible_start_adaptive_spacing,,,,feasible_start_adaptive_spacing,0.5,,True,auto_from_instance,0.75,0.35,"5,9,14,16,25,26,27,35,36,38,45,46","2,14,16,17,18,19,20,23,24,25,27,29",,,,,,"H[5,9,14,16,25,26,27,35,36,38,45,46]|V[2,14,16,17,18,19,20,23,24,25,27,29]",854ec9b997ec508dda6ea9e399147d7a4b626ba8
proposed_nsga2_bs_Gyorgy-KOVACS_WH_Wide_AW_5_seed_121,proposed_nsga2_bs,Gyorgy-KOVACS_WH_Wide_AW_5,121,9,auto_from_instance,12,18,4,30,216,,,,,12,4,7,root > V:17 > BH:26 > BH:5 > BH:14 > BH:25 > BH:36 > BH:45,evaluated,3,0.979380285644103,False,572,220,352,711.0,1.0,1.0,True,True,1,1,0,True,1,1,0,0,True,True,0,12,12,12,12,4,LS_SS,sampled_pool,,,True,0.5555555555555556,0.5797394141645756,0.4444444444444444,0.1,adaptive,bit_flip,offspring,feasible_start_adaptive_spacing,,,,feasible_start_adaptive_spacing,0.5,,True,auto_from_instance,0.75,0.35,"5,9,14,16,25,26,27,35,36,38,45,46","2,14,16,17,18,19,20,23,24,25,27,29",,,,,,"H[5,9,14,16,25,26,27,35,36,38,45,46]|V[2,14,16,17,18,19,20,23,24,25,27,29]",ef95c5265d039c602cc7246bb99c122e90a60068
proposed_nsga2_bs_Gyorgy-KOVACS_WH_Wide_AW_5_seed_121,proposed_nsga2_bs,Gyorgy-KOVACS_WH_Wide_AW_5,121,9,auto_from_instance,12,18,4,30,216,,,,,13,5,4,root > V:27 > BH:26 > BV:17 > BV:17,selected,0,inf,True,567,256,311,311.0,1.0,1.0,True,True,1,1,0,True,1,1,0,0,True,True,0,12,8,12,8,5,SS_PF_LS,sampled_pool,,,True,0.5555555555555556,0.5132514859568638,0.4444444444444444,0.1,adaptive,remove_random_aisle,offspring,feasible_start_adaptive_spacing,,,,feasible_start_adaptive_spacing,0.5,,True,auto_from_instance,0.75,0.35,"5,9,14,16,25,26,27,35,36,39,45,46","2,14,16,17,19,24,27,29",,,,,,"H[5,9,14,16,25,26,27,35,36,39,45,46]|V[2,14,16,17,19,24,27,29]",a8708aef2b1e3127a45cd25328e7b01fe876ac67
proposed_nsga2_bs_Gyorgy-KOVACS_WH_Wide_AW_5_seed_121,proposed_nsga2_bs,Gyorgy-KOVACS_WH_Wide_AW_5,121,9,auto_from_instance,12,18,4,30,216,,,,,14,5,4,root > V:29 > BH:26 > BV:19 > BV:19,selected,1,inf,True,557,202,355,408.0,1.0,1.0,True,True,1,1,0,True,1,1,0,0,True,True,0,12,8,12,8,5,SS_PF_LS,sampled_pool,,,True,0.5555555555555556,0.5132514859568638,0.4444444444444444,0.1,adaptive,remove_random_aisle,offspring,feasible_start_adaptive_spacing,,,,feasible_start_adaptive_spacing,0.5,,True,auto_from_instance,0.75,0.35,"5,9,14,16,25,26,27,35,36,39,45,46","2,14,16,17,19,24,27,29",,,,,,"H[5,9,14,16,25,26,27,35,36,39,45,46]|V[2,14,16,17,19,24,27,29]",225a083d40a70add6d49c842c1ea1b7da9e91627
proposed_nsga2_bs_Gyorgy-KOVACS_WH_Wide_AW_5_seed_121,proposed_nsga2_bs,Gyorgy-KOVACS_WH_Wide_AW_5,121,9,auto_from_instance,12,18,4,30,216,,,,,15,5,4,root > V:29 > BH:26 > BV:19 > BV:17,evaluated,2,inf,False,557,202,355,458.0,1.0,1.0,True,True,1,1,0,True,1,1,0,0,True,True,0,12,8,12,8,5,SS_PF_LS,sampled_pool,,,True,0.5555555555555556,0.5132514859568638,0.4444444444444444,0.1,adaptive,remove_random_aisle,offspring,feasible_start_adaptive_spacing,,,,feasible_start_adaptive_spacing,0.5,,True,auto_from_instance,0.75,0.35,"5,9,14,16,25,26,27,35,36,39,45,46","2,14,16,17,19,24,27,29",,,,,,"H[5,9,14,16,25,26,27,35,36,39,45,46]|V[2,14,16,17,19,24,27,29]",f590e28c4ca08f01adba87c9244bc357b1edb9bd
proposed_nsga2_bs_Gyorgy-KOVACS_WH_Wide_AW_5_seed_121,proposed_nsga2_bs,Gyorgy-KOVACS_WH_Wide_AW_5,121,9,auto_from_instance,12,18,4,30,216,,,,,16,5,4,root > V:29 > BH:26 > BV:19 > BV:17,evaluated,3,inf,False,557,202,355,460.0,1.0,1.0,True,True,1,1,0,True,1,1,0,0,True,True,0,12,8,12,8,5,SS_PF_LS,sampled_pool,,,True,0.5555555555555556,0.5132514859568638,0.4444444444444444,0.1,adaptive,remove_random_aisle,offspring,feasible_start_adaptive_spacing,,,,feasible_start_adaptive_spacing,0.5,,True,auto_from_instance,0.75,0.35,"5,9,14,16,25,26,27,35,36,39,45,46","2,14,16,17,19,24,27,29",,,,,,"H[5,9,14,16,25,26,27,35,36,39,45,46]|V[2,14,16,17,19,24,27,29]",0ccd7482bc13afbeac630bd0faf7012fe4b70f5c
proposed_nsga2_bs_Gyorgy-KOVACS_WH_Wide_AW_5_seed_121,proposed_nsga2_bs,Gyorgy-KOVACS_WH_Wide_AW_5,121,9,auto_from_instance,12,18,4,30,216,,,,,17,6,8,root > V:16 > BH:26 > BH:5 > BH:14 > BH:25 > BH:36 > BH:45 > BV:25,selected,0,inf,True,517,238,279,368.0,1.0,1.0,True,True,1,1,0,True,1,1,0,0,True,True,0,12,9,12,9,6,PF_LS_RP,sampled_pool,,,False,0.5555555555555556,0.5807073397292888,0.4444444444444444,0.1,adaptive,spacing_aware_flip,offspring,feasible_start_adaptive_spacing,,,,feasible_start_adaptive_spacing,0.5,,True,auto_from_instance,0.75,0.35,"5,9,14,16,25,26,35,36,38,45,46,53","2,14,16,17,19,23,24,25,29",,,,,,"H[5,9,14,16,25,26,35,36,38,45,46,53]|V[2,14,16,17,19,23,24,25,29]",6fcfc694894a367ef71d338faec4ce589ca685b5
proposed_nsga2_bs_Gyorgy-KOVACS_WH_Wide_AW_5_seed_121,proposed_nsga2_bs,Gyorgy-KOVACS_WH_Wide_AW_5,121,9,auto_from_instance,12,18,4,30,216,,,,,18,6,8,root > V:16 > BH:26 > BH:5 > BH:14 > BH:25 > BH:36 > BH:45 > BV:29,selected,2,inf,True,517,225,292,586.0,1.0,1.0,True,True,1,1,0,True,1,1,0,0,True,True,0,12,9,12,9,6,PF_LS_RP,sampled_pool,,,False,0.5555555555555556,0.5807073397292888,0.4444444444444444,0.1,adaptive,spacing_aware_flip,offspring,feasible_start_adaptive_spacing,,,,feasible_start_adaptive_spacing,0.5,,True,auto_from_instance,0.75,0.35,"5,9,14,16,25,26,35,36,38,45,46,53","2,14,16,17,19,23,24,25,29",,,,,,"H[5,9,14,16,25,26,35,36,38,45,46,53]|V[2,14,16,17,19,23,24,25,29]",7e0f4d1a90907f684b7d565e90c4ddb6c1ba7c58
proposed_nsga2_bs_Gyorgy-KOVACS_WH_Wide_AW_5_seed_121,proposed_nsga2_bs,Gyorgy-KOVACS_WH_Wide_AW_5,121,10,auto_from_instance,12,18,4,30,216,,,,,1,1,4,root > V:27 > BH:26 > BV:17 > BV:17,selected,0,inf,True,567,256,311,311.0,1.0,1.0,True,True,1,1,0,True,1,1,0,0,True,True,0,12,9,12,9,1,SS,sampled_pool,,,True,0.6111111111111112,0.5680213650195198,0.38888888888888884,0.1,adaptive,bit_flip,offspring,feasible_start_adaptive_spacing,,,,feasible_start_adaptive_spacing,0.5,,True,auto_from_instance,0.75,0.35,"5,9,14,16,25,26,35,36,39,45,46,50","2,12,14,16,17,25,27,29,30",,,,,,"H[5,9,14,16,25,26,35,36,39,45,46,50]|V[2,12,14,16,17,25,27,29,30]",a8708aef2b1e3127a45cd25328e7b01fe876ac67
proposed_nsga2_bs_Gyorgy-KOVACS_WH_Wide_AW_5_seed_121,proposed_nsga2_bs,Gyorgy-KOVACS_WH_Wide_AW_5,121,10,auto_from_instance,12,18,4,30,216,,,,,2,1,4,root > V:29 > BH:26 > BV:19 > BV:19,selected,1,inf,True,557,202,355,408.0,1.0,1.0,True,True,1,1,0,True,1,1,0,0,True,True,0,12,10,12,10,1,SS,sampled_pool,,,True,0.6111111111111112,0.5680213650195198,0.38888888888888884,0.1,adaptive,bit_flip,offspring,feasible_start_adaptive_spacing,,,,feasible_start_adaptive_spacing,0.5,,True,auto_from_instance,0.75,0.35,"5,9,14,16,25,26,35,36,39,45,46,50","2,12,14,16,17,25,27,29,30",,,,,,"H[5,9,14,16,25,26,35,36,39,45,46,50]|V[2,12,14,16,17,19,25,27,29,30]",225a083d40a70add6d49c842c1ea1b7da9e91627
proposed_nsga2_bs_Gyorgy-KOVACS_WH_Wide_AW_5_seed_121,proposed_nsga2_bs,Gyorgy-KOVACS_WH_Wide_AW_5,121,10,auto_from_instance,12,18,4,30,216,,,,,3,1,4,root > V:29 > BH:26 > BV:19 > BV:17,selected,2,inf,True,557,202,355,458.0,1.0,1.0,True,True,1,1,0,True,1,1,0,0,True,True,0,12,10,12,10,1,SS,sampled_pool,,,True,0.6111111111111112,0.5680213650195198,0.38888888888888884,0.1,adaptive,bit_flip,offspring,feasible_start_adaptive_spacing,,,,feasible_start_adaptive_spacing,0.5,,True,auto_from_instance,0.75,0.35,"5,9,14,16,25,26,35,36,39,45,46,50","2,12,14,16,17,25,27,29,30",,,,,,"H[5,9,14,16,25,26,35,36,39,45,46,50]|V[2,12,14,16,17,19,25,27,29,30]",f590e28c4ca08f01adba87c9244bc357b1edb9bd
proposed_nsga2_bs_Gyorgy-KOVACS_WH_Wide_AW_5_seed_121,proposed_nsga2_bs,Gyorgy-KOVACS_WH_Wide_AW_5,121,10,auto_from_instance,12,18,4,30,216,,,,,4,1,4,root > V:29 > BH:26 > BV:19 > BV:17,selected,3,inf,True,557,202,355,460.0,1.0,1.0,True,True,1,1,0,True,1,1,0,0,True,True,0,12,10,12,10,1,SS,sampled_pool,,,True,0.6111111111111112,0.5680213650195198,0.38888888888888884,0.1,adaptive,bit_flip,offspring,feasible_start_adaptive_spacing,,,,feasible_start_adaptive_spacing,0.5,,True,auto_from_instance,0.75,0.35,"5,9,14,16,25,26,35,36,39,45,46,50","2,12,14,16,17,25,27,29,30",,,,,,"H[5,9,14,16,25,26,35,36,39,45,46,50]|V[2,12,14,16,17,19,25,27,29,30]",0ccd7482bc13afbeac630bd0faf7012fe4b70f5c
proposed_nsga2_bs_Gyorgy-KOVACS_WH_Wide_AW_5_seed_121,proposed_nsga2_bs,Gyorgy-KOVACS_WH_Wide_AW_5,121,10,auto_from_instance,12,18,4,30,216,,,,,5,3,6,root > V:19 > BH:26 > BH:5 > BH:16 > BH:29 > BH:44,selected,5,inf,True,662,179,483,1074.0,1.0,1.0,True,True,1,1,0,True,1,1,0,0,True,True,0,13,8,13,8,3,RP_LS,sampled_pool,,,False,0.6111111111111112,0.5909639909911509,0.38888888888888884,0.1,adaptive,break_symmetry,offspring,feasible_start_adaptive_spacing,,,,feasible_start_adaptive_spacing,0.5,,True,auto_from_instance,0.75,0.35,"5,9,14,16,25,26,35,36,38,45,46","2,13,16,17,19,24,25,33",,,,,,"H[5,9,14,16,25,26,29,35,36,38,44,45,46]|V[2,13,16,17,19,24,25,33]",9611f3f642c06fb0868eb707d4be9b5328b03a30
proposed_nsga2_bs_Gyorgy-KOVACS_WH_Wide_AW_5_seed_121,proposed_nsga2_bs,Gyorgy-KOVACS_WH_Wide_AW_5,121,10,auto_from_instance,12,18,4,30,216,,,,,6,3,6,root > V:19 > BH:26 > BH:47 > BH:35 > BH:23 > BH:9,evaluated,6,inf,False,662,178,484,1194.0,1.0,1.0,True,True,1,1,0,True,1,1,0,0,True,True,0,13,8,13,8,3,RP_LS,sampled_pool,,,False,0.6111111111111112,0.5909639909911509,0.38888888888888884,0.1,adaptive,break_symmetry,offspring,feasible_start_adaptive_spacing,,,,feasible_start_adaptive_spacing,0.5,,True,auto_from_instance,0.75,0.35,"5,9,14,16,25,26,35,36,38,45,46","2,13,16,17,19,24,25,33",,,,,,"H[5,9,14,16,23,25,26,35,36,38,45,46,47]|V[2,13,16,17,19,24,25,33]",897092111e4d642b83b355f9b7d25178527841b5
proposed_nsga2_bs_Gyorgy-KOVACS_WH_Wide_AW_5_seed_121,proposed_nsga2_bs,Gyorgy-KOVACS_WH_Wide_AW_5,121,10,auto_from_instance,12,18,4,30,216,,,,,7,3,6,root > V:19 > BH:26 > BH:47 > BH:37 > BH:23 > BH:9,evaluated,6,inf,False,662,179,483,1214.0,1.0,1.0,True,True,1,1,0,True,1,1,0,0,True,True,0,14,8,14,8,3,RP_LS,sampled_pool,,,False,0.6111111111111112,0.5909639909911509,0.38888888888888884,0.1,adaptive,break_symmetry,offspring,feasible_start_adaptive_spacing,,,,feasible_start_adaptive_spacing,0.5,,True,auto_from_instance,0.75,0.35,"5,9,14,16,25,26,35,36,38,45,46","2,13,16,17,19,24,25,33",,,,,,"H[5,9,14,16,23,25,26,35,36,37,38,45,46,47]|V[2,13,16,17,19,24,25,33]",627c2cc4912123f4d0addbc30fac72342d05eacd
proposed_nsga2_bs_Gyorgy-KOVACS_WH_Wide_AW_5_seed_121,proposed_nsga2_bs,Gyorgy-KOVACS_WH_Wide_AW_5,121,10,auto_from_instance,12,18,4,30,216,,,,,8,3,6,root > V:19 > BH:26 > BH:5 > BH:16 > BH:29 > BH:42,evaluated,7,inf,False,662,179,483,1324.0,1.0,1.0,True,True,1,1,0,True,1,1,0,0,True,True,0,13,8,13,8,3,RP_LS,sampled_pool,,,False,0.6111111111111112,0.5909639909911509,0.38888888888888884,0.1,adaptive,break_symmetry,offspring,feasible_start_adaptive_spacing,,,,feasible_start_adaptive_spacing,0.5,,True,auto_from_instance,0.75,0.35,"5,9,14,16,25,26,35,36,38,45,46","2,13,16,17,19,24,25,33",,,,,,"H[5,9,14,16,25,26,29,35,36,38,42,45,46]|V[2,13,16,17,19,24,25,33]",b1b263b53cc0e00a8016b395544d87837a0155d2
proposed_nsga2_bs_Gyorgy-KOVACS_WH_Wide_AW_5_seed_121,proposed_nsga2_bs,Gyorgy-KOVACS_WH_Wide_AW_5,121,10,auto_from_instance,12,18,4,30,216,,,,,9,4,8,root > V:16 > BH:26 > BH:5 > BH:16 > BH:25 > BH:36 > BH:45 > BV:25,selected,0,inf,True,517,238,279,368.0,1.0,1.0,True,True,1,1,0,True,1,1,0,0,True,True,0,13,13,13,13,4,LS,sampled_pool,,,False,0.6111111111111112,0.6683761050372982,0.38888888888888884,0.1,adaptive,bit_flip,offspring,feasible_start_adaptive_spacing,,,,feasible_start_adaptive_spacing,0.5,,True,auto_from_instance,0.75,0.35,"5,7,9,14,16,25,26,27,35,36,39,45,46","2,6,7,9,11,16,18,19,23,24,27,29",,,,,,"H[5,7,9,14,16,25,26,27,35,36,39,45,46]|V[2,6,7,9,11,16,18,19,23,24,25,27,29]",559a078c3ea143504613077c561cb3124d66b767
proposed_nsga2_bs_Gyorgy-KOVACS_WH_Wide_AW_5_seed_121,proposed_nsga2_bs,Gyorgy-KOVACS_WH_Wide_AW_5,121,10,auto_from_instance,12,18,4,30,216,,,,,10,4,8,root > V:16 > BH:26 > BH:5 > BH:14 > BH:25 > BH:36 > BH:45 > BV:25,selected,0,0.0,True,517,238,279,368.0,1.0,1.0,True,True,1,1,0,True,1,1,0,0,True,True,0,13,13,13,13,4,LS,sampled_pool,,,False,0.6111111111111112,0.6683761050372982,0.38888888888888884,0.1,adaptive,bit_flip,offspring,feasible_start_adaptive_spacing,,,,feasible_start_adaptive_spacing,0.5,,True,auto_from_instance,0.75,0.35,"5,7,9,14,16,25,26,27,35,36,39,45,46","2,6,7,9,11,16,18,19,23,24,27,29",,,,,,"H[5,7,9,14,16,25,26,27,35,36,39,45,46]|V[2,6,7,9,11,16,18,19,23,24,25,27,29]",6fcfc694894a367ef71d338faec4ce589ca685b5
proposed_nsga2_bs_Gyorgy-KOVACS_WH_Wide_AW_5_seed_121,proposed_nsga2_bs,Gyorgy-KOVACS_WH_Wide_AW_5,121,10,auto_from_instance,12,18,4,30,216,,,,,11,4,8,root > V:16 > BH:26 > BH:5 > BH:16 > BH:25 > BH:36 > BH:45 > BV:29,selected,1,inf,True,517,225,292,586.0,1.0,1.0,True,True,1,1,0,True,1,1,0,0,True,True,0,13,12,13,12,4,LS,sampled_pool,,,False,0.6111111111111112,0.6683761050372982,0.38888888888888884,0.1,adaptive,bit_flip,offspring,feasible_start_adaptive_spacing,,,,feasible_start_adaptive_spacing,0.5,,True,auto_from_instance,0.75,0.35,"5,7,9,14,16,25,26,27,35,36,39,45,46","2,6,7,9,11,16,18,19,23,24,27,29",,,,,,"H[5,7,9,14,16,25,26,27,35,36,39,45,46]|V[2,6,7,9,11,16,18,19,23,24,27,29]",13a8831f3352523fe53b9477eb693b985fdfc37c
proposed_nsga2_bs_Gyorgy-KOVACS_WH_Wide_AW_5_seed_121,proposed_nsga2_bs,Gyorgy-KOVACS_WH_Wide_AW_5,121,10,auto_from_instance,12,18,4,30,216,,,,,12,4,8,root > V:16 > BH:26 > BH:5 > BH:14 > BH:25 > BH:36 > BH:45 > BV:29,selected,1,0.0,True,517,225,292,586.0,1.0,1.0,True,True,1,1,0,True,1,1,0,0,True,True,0,13,12,13,12,4,LS,sampled_pool,,,False,0.6111111111111112,0.6683761050372982,0.38888888888888884,0.1,adaptive,bit_flip,offspring,feasible_start_adaptive_spacing,,,,feasible_start_adaptive_spacing,0.5,,True,auto_from_instance,0.75,0.35,"5,7,9,14,16,25,26,27,35,36,39,45,46","2,6,7,9,11,16,18,19,23,24,27,29",,,,,,"H[5,7,9,14,16,25,26,27,35,36,39,45,46]|V[2,6,7,9,11,16,18,19,23,24,27,29]",7e0f4d1a90907f684b7d565e90c4ddb6c1ba7c58
proposed_nsga2_bs_Gyorgy-KOVACS_WH_Wide_AW_5_seed_121,proposed_nsga2_bs,Gyorgy-KOVACS_WH_Wide_AW_5,121,10,auto_from_instance,12,18,4,30,216,,,,,13,6,4,root > V:29 > BH:26 > BV:17 > BV:17,selected,4,inf,True,557,202,355,510.0,1.0,1.0,True,True,1,1,0,True,1,1,0,0,True,True,0,12,8,12,8,6,SS_LS_PF,sampled_pool,,,True,0.6111111111111112,0.6436319706504117,0.38888888888888884,0.1,adaptive,remove_random_aisle,offspring,feasible_start_adaptive_spacing,,,,feasible_start_adaptive_spacing,0.5,,True,auto_from_instance,0.75,0.35,"5,9,14,16,25,26,35,36,39,45,46,53","2,16,17,19,23,24,25,29",,,,,,"H[5,9,14,16,25,26,35,36,39,45,46,53]|V[2,16,17,19,23,24,25,29]",01a64afdd46edf4dc6b60538f107b837ec4162f0
proposed_nsga2_bs_Gyorgy-KOVACS_WH_Wide_AW_5_seed_121,proposed_nsga2_bs,Gyorgy-KOVACS_WH_Wide_AW_5,121,10,auto_from_instance,12,18,4,30,216,,,,,14,8,8,root > V:16 > BH:26 > BH:5 > BH:16 > BH:27 > BH:36 > BH:45 > BV:25,selected,0,inf,True,517,238,279,368.0,1.0,1.0,True,True,1,1,0,True,1,1,0,0,True,True,0,13,9,13,9,8,LS_PF,sampled_pool,,,False,0.6111111111111112,0.5642382646696307,0.38888888888888884,0.1,adaptive,swap_segments,offspring,feasible_start_adaptive_spacing,,,,feasible_start_adaptive_spacing,0.5,,True,auto_from_instance,0.75,0.35,"5,9,14,16,25,26,27,31,35,36,39,45,46","2,14,16,17,19,24,25,27,29",,,,,,"H[5,9,14,16,25,26,27,31,35,36,39,45,46]|V[2,14,16,17,19,24,25,27,29]",015ee1c8318bbe65f9d75b3878c91b9d7be2a076
proposed_nsga2_bs_Gyorgy-KOVACS_WH_Wide_AW_5_seed_121,proposed_nsga2_bs,Gyorgy-KOVACS_WH_Wide_AW_5,121,10,auto_from_instance,12,18,4,30,216,,,,,15,8,8,root > V:16 > BH:26 > BH:5 > BH:16 > BH:27 > BH:36 > BH:45 > BV:29,selected,1,inf,True,517,225,292,586.0,1.0,1.0,True,True,1,1,0,True,1,1,0,0,True,True,0,13,9,13,9,8,LS_PF,sampled_pool,,,False,0.6111111111111112,0.5642382646696307,0.38888888888888884,0.1,adaptive,swap_segments,offspring,feasible_start_adaptive_spacing,,,,feasible_start_adaptive_spacing,0.5,,True,auto_from_instance,0.75,0.35,"5,9,14,16,25,26,27,31,35,36,39,45,46","2,14,16,17,19,24,25,27,29",,,,,,"H[5,9,14,16,25,26,27,31,35,36,39,45,46]|V[2,14,16,17,19,24,25,27,29]",ed71c8d546062d956359fd31a02e14699e745412
proposed_nsga2_bs_Gyorgy-KOVACS_WH_Wide_AW_5_seed_121,proposed_nsga2_bs,Gyorgy-KOVACS_WH_Wide_AW_5,121,10,auto_from_instance,12,18,4,30,216,,,,,16,12,5,root > H:9 > BH:28 > BH:45 > BV:21 > BV:19,evaluated,9,inf,False,782,132,650,2133.0,1.0,1.0,True,True,1,1,0,True,1,1,0,0,True,True,0,13,11,13,11,12,SS_LS_PF,sampled_pool,,,True,0.6111111111111112,0.6401534047238203,0.38888888888888884,0.1,adaptive,spacing_aware_flip,offspring,feasible_start_adaptive_spacing,,,,feasible_start_adaptive_spacing,0.5,,True,auto_from_instance,0.75,0.35,"0,5,9,14,16,25,26,35,36,38,45,46","2,6,7,15,18,19,23,24,25,33",,,,,,"H[0,5,9,14,16,25,26,28,35,36,38,45,46]|V[2,6,7,15,18,19,21,23,24,25,33]",77c3fc579812ef03e08ee8bdfdb20dc076d5005e
proposed_nsga2_bs_Gyorgy-KOVACS_WH_Wide_AW_5_seed_121,proposed_nsga2_bs,Gyorgy-KOVACS_WH_Wide_AW_5,121,10,auto_from_instance,12,18,4,30,216,,,,,17,12,5,root > H:9 > BH:28 > BH:47 > BV:21 > BH:37,evaluated,8,inf,False,712,171,541,1661.0,1.0,1.0,True,True,1,1,0,True,1,1,0,0,True,True,0,15,11,15,11,12,SS_LS_PF,sampled_pool,,,True,0.6111111111111112,0.6401534047238203,0.38888888888888884,0.1,adaptive,spacing_aware_flip,offspring,feasible_start_adaptive_spacing,,,,feasible_start_adaptive_spacing,0.5,,True,auto_from_instance,0.75,0.35,"0,5,9,14,16,25,26,35,36,38,45,46","2,6,7,15,18,19,23,24,25,33",,,,,,"H[0,5,9,14,16,25,26,28,35,36,37,38,45,46,47]|V[2,6,7,15,18,19,21,23,24,25,33]",75e08f3f61d571ba278f30e183823bace541f812
proposed_nsga2_bs_Gyorgy-KOVACS_WH_Wide_AW_5_seed_121,proposed_nsga2_bs,Gyorgy-KOVACS_WH_Wide_AW_5,121,10,auto_from_instance,12,18,4,30,216,,,,,18,12,5,root > H:9 > BH:28 > BH:45 > BV:21 > BV:17,evaluated,9,inf,False,782,134,648,2184.0,1.0,1.0,True,True,1,1,0,True,1,1,0,0,True,True,0,13,12,13,12,12,SS_LS_PF,sampled_pool,,,True,0.6111111111111112,0.6401534047238203,0.38888888888888884,0.1,adaptive,spacing_aware_flip,offspring,feasible_start_adaptive_spacing,,,,feasible_start_adaptive_spacing,0.5,,True,auto_from_instance,0.75,0.35,"0,5,9,14,16,25,26,35,36,38,45,46","2,6,7,15,18,19,23,24,25,33",,,,,,"H[0,5,9,14,16,25,26,28,35,36,38,45,46]|V[2,6,7,15,17,18,19,21,23,24,25,33]",1583d7ec87bb403567b39f2de713c93a8eb9a23f
proposed_nsga2_bs_Gyorgy-KOVACS_WH_Wide_AW_5_seed_121,proposed_nsga2_bs,Gyorgy-KOVACS_WH_Wide_AW_5,121,10,auto_from_instance,12,18,4,30,216,,,,,19,12,5,root > H:9 > BH:28 > BH:47 > BV:19 > BH:37,evaluated,8,inf,False,712,173,539,1719.0,1.0,1.0,True,True,1,1,0,True,1,1,0,0,True,True,0,15,10,15,10,12,SS_LS_PF,sampled_pool,,,True,0.6111111111111112,0.6401534047238203,0.38888888888888884,0.1,adaptive,spacing_aware_flip,offspring,feasible_start_adaptive_spacing,,,,feasible_start_adaptive_spacing,0.5,,True,auto_from_instance,0.75,0.35,"0,5,9,14,16,25,26,35,36,38,45,46","2,6,7,15,18,19,23,24,25,33",,,,,,"H[0,5,9,14,16,25,26,28,35,36,37,38,45,46,47]|V[2,6,7,15,18,19,23,24,25,33]",b02fd0cce6a9c58c5bf34ef24076229911dff23d
proposed_nsga2_bs_Gyorgy-KOVACS_WH_Wide_AW_5_seed_121,proposed_nsga2_bs,Gyorgy-KOVACS_WH_Wide_AW_5,121,11,auto_from_instance,12,18,4,30,216,,,,,1,1,8,root > V:16 > BH:26 > BH:5 > BH:16 > BH:25 > BH:36 > BH:45 > BV:25,selected,0,inf,True,517,238,279,368.0,1.0,1.0,True,True,1,1,0,True,1,1,0,0,True,True,0,14,10,14,10,1,PF,sampled_pool,,,False,0.6666666666666666,0.6380533880350854,0.33333333333333337,0.1,adaptive,bit_flip,offspring,feasible_start_adaptive_spacing,,,,feasible_start_adaptive_spacing,0.5,,True,auto_from_instance,0.75,0.35,"5,9,14,16,25,26,27,29,35,36,39,45,46,50","2,11,16,18,19,23,24,25,27,29",,,,,,"H[5,9,14,16,25,26,27,29,35,36,39,45,46,50]|V[2,11,16,18,19,23,24,25,27,29]",559a078c3ea143504613077c561cb3124d66b767
proposed_nsga2_bs_Gyorgy-KOVACS_WH_Wide_AW_5_seed_121,proposed_nsga2_bs,Gyorgy-KOVACS_WH_Wide_AW_5,121,11,auto_from_instance,12,18,4,30,216,,,,,2,1,8,root > V:16 > BH:26 > BH:5 > BH:14 > BH:25 > BH:36 > BH:45 > BV:25,selected,0,0.0,True,517,238,279,368.0,1.0,1.0,True,True,1,1,0,True,1,1,0,0,True,True,0,14,10,14,10,1,PF,sampled_pool,,,False,0.6666666666666666,0.6380533880350854,0.33333333333333337,0.1,adaptive,bit_flip,offspring,feasible_start_adaptive_spacing,,,,feasible_start_adaptive_spacing,0.5,,True,auto_from_instance,0.75,0.35,"5,9,14,16,25,26,27,29,35,36,39,45,46,50","2,11,16,18,19,23,24,25,27,29",,,,,,"H[5,9,14,16,25,26,27,29,35,36,39,45,46,50]|V[2,11,16,18,19,23,24,25,27,29]",6fcfc694894a367ef71d338faec4ce589ca685b5
proposed_nsga2_bs_Gyorgy-KOVACS_WH_Wide_AW_5_seed_121,proposed_nsga2_bs,Gyorgy-KOVACS_WH_Wide_AW_5,121,11,auto_from_instance,12,18,4,30,216,,,,,3,1,8,root > V:16 > BH:26 > BH:5 > BH:16 > BH:25 > BH:36 > BH:45 > BV:29,selected,1,inf,True,517,225,292,586.0,1.0,1.0,True,True,1,1,0,True,1,1,0,0,True,True,0,14,10,14,10,1,PF,sampled_pool,,,False,0.6666666666666666,0.6380533880350854,0.33333333333333337,0.1,adaptive,bit_flip,offspring,feasible_start_adaptive_spacing,,,,feasible_start_adaptive_spacing,0.5,,True,auto_from_instance,0.75,0.35,"5,9,14,16,25,26,27,29,35,36,39,45,46,50","2,11,16,18,19,23,24,25,27,29",,,,,,"H[5,9,14,16,25,26,27,29,35,36,39,45,46,50]|V[2,11,16,18,19,23,24,25,27,29]",13a8831f3352523fe53b9477eb693b985fdfc37c
proposed_nsga2_bs_Gyorgy-KOVACS_WH_Wide_AW_5_seed_121,proposed_nsga2_bs,Gyorgy-KOVACS_WH_Wide_AW_5,121,11,auto_from_instance,12,18,4,30,216,,,,,4,1,8,root > V:16 > BH:26 > BH:5 > BH:14 > BH:25 > BH:36 > BH:45 > BV:29,selected,1,0.0,True,517,225,292,586.0,1.0,1.0,True,True,1,1,0,True,1,1,0,0,True,True,0,14,10,14,10,1,PF,sampled_pool,,,False,0.6666666666666666,0.6380533880350854,0.33333333333333337,0.1,adaptive,bit_flip,offspring,feasible_start_adaptive_spacing,,,,feasible_start_adaptive_spacing,0.5,,True,auto_from_instance,0.75,0.35,"5,9,14,16,25,26,27,29,35,36,39,45,46,50","2,11,16,18,19,23,24,25,27,29",,,,,,"H[5,9,14,16,25,26,27,29,35,36,39,45,46,50]|V[2,11,16,18,19,23,24,25,27,29]",7e0f4d1a90907f684b7d565e90c4ddb6c1ba7c58
proposed_nsga2_bs_Gyorgy-KOVACS_WH_Wide_AW_5_seed_121,proposed_nsga2_bs,Gyorgy-KOVACS_WH_Wide_AW_5,121,11,auto_from_instance,12,18,4,30,216,,,,,5,3,8,root > V:16 > BH:26 > BH:5 > BH:16 > BH:27 > BH:36 > BH:45 > BV:25,selected,0,inf,True,517,238,279,368.0,1.0,1.0,True,True,1,1,0,True,1,1,0,0,True,True,0,13,10,13,10,3,PF_LS,sampled_pool,,,False,0.6666666666666666,0.599317654713946,0.33333333333333337,0.1,adaptive,spacing_aware_flip,offspring,feasible_start_adaptive_spacing,,,,feasible_start_adaptive_spacing,0.5,,True,auto_from_instance,0.75,0.35,"5,9,14,16,25,26,27,35,36,39,45,46,51","2,6,12,14,16,17,19,25,27,29",,,,,,"H[5,9,14,16,25,26,27,35,36,39,45,46,51]|V[2,6,12,14,16,17,19,25,27,29]",015ee1c8318bbe65f9d75b3878c91b9d7be2a076
proposed_nsga2_bs_Gyorgy-KOVACS_WH_Wide_AW_5_seed_121,proposed_nsga2_bs,Gyorgy-KOVACS_WH_Wide_AW_5,121,11,auto_from_instance,12,18,4,30,216,,,,,6,3,8,root > V:16 > BH:26 > BH:5 > BH:16 > BH:27 > BH:36 > BH:45 > BV:29,selected,1,inf,True,517,225,292,586.0,1.0,1.0,True,True,1,1,0,True,1,1,0,0,True,True,0,13,10,13,10,3,PF_LS,sampled_pool,,,False,0.6666666666666666,0.599317654713946,0.33333333333333337,0.1,adaptive,spacing_aware_flip,offspring,feasible_start_adaptive_spacing,,,,feasible_start_adaptive_spacing,0.5,,True,auto_from_instance,0.75,0.35,"5,9,14,16,25,26,27,35,36,39,45,46,51","2,6,12,14,16,17,19,25,27,29",,,,,,"H[5,9,14,16,25,26,27,35,36,39,45,46,51]|V[2,6,12,14,16,17,19,25,27,29]",ed71c8d546062d956359fd31a02e14699e745412
proposed_nsga2_bs_Gyorgy-KOVACS_WH_Wide_AW_5_seed_121,proposed_nsga2_bs,Gyorgy-KOVACS_WH_Wide_AW_5,121,11,auto_from_instance,12,18,4,30,216,,,,,7,9,4,root > V:27 > BH:26 > BV:17 > BV:17,selected,0,inf,True,567,256,311,311.0,1.0,1.0,True,True,1,1,0,True,1,1,0,0,True,True,0,12,10,12,10,9,SS_PF_LS,sampled_pool,,,True,0.6666666666666666,0.6792218539525484,0.33333333333333337,0.1,adaptive,insert_random_aisle,offspring,feasible_start_adaptive_spacing,,,,feasible_start_adaptive_spacing,0.5,,True,auto_from_instance,0.75,0.35,"5,9,14,16,25,26,35,36,39,45,46,50","2,14,16,17,19,25,27,29,30,33",,,,,,"H[5,9,14,16,25,26,35,36,39,45,46,50]|V[2,14,16,17,19,25,27,29,30,33]",a8708aef2b1e3127a45cd25328e7b01fe876ac67
proposed_nsga2_bs_Gyorgy-KOVACS_WH_Wide_AW_5_seed_121,proposed_nsga2_bs,Gyorgy-KOVACS_WH_Wide_AW_5,121,11,auto_from_instance,12,18,4,30,216,,,,,8,9,4,root > V:29 > BH:26 > BV:19 > BV:19,selected,1,inf,True,557,202,355,408.0,1.0,1.0,True,True,1,1,0,True,1,1,0,0,True,True,0,12,10,12,10,9,SS_PF_LS,sampled_pool,,,True,0.6666666666666666,0.6792218539525484,0.33333333333333337,0.1,adaptive,insert_random_aisle,offspring,feasible_start_adaptive_spacing,,,,feasible_start_adaptive_spacing,0.5,,True,auto_from_instance,0.75,0.35,"5,9,14,16,25,26,35,36,39,45,46,50","2,14,16,17,19,25,27,29,30,33",,,,,,"H[5,9,14,16,25,26,35,36,39,45,46,50]|V[2,14,16,17,19,25,27,29,30,33]",225a083d40a70add6d49c842c1ea1b7da9e91627
proposed_nsga2_bs_Gyorgy-KOVACS_WH_Wide_AW_5_seed_121,proposed_nsga2_bs,Gyorgy-KOVACS_WH_Wide_AW_5,121,11,auto_from_instance,12,18,4,30,216,,,,,9,9,4,root > V:29 > BH:26 > BV:19 > BV:17,selected,2,inf,True,557,202,355,458.0,1.0,1.0,True,True,1,1,0,True,1,1,0,0,True,True,0,12,10,12,10,9,SS_PF_LS,sampled_pool,,,True,0.6666666666666666,0.6792218539525484,0.33333333333333337,0.1,adaptive,insert_random_aisle,offspring,feasible_start_adaptive_spacing,,,,feasible_start_adaptive_spacing,0.5,,True,auto_from_instance,0.75,0.35,"5,9,14,16,25,26,35,36,39,45,46,50","2,14,16,17,19,25,27,29,30,33",,,,,,"H[5,9,14,16,25,26,35,36,39,45,46,50]|V[2,14,16,17,19,25,27,29,30,33]",f590e28c4ca08f01adba87c9244bc357b1edb9bd
proposed_nsga2_bs_Gyorgy-KOVACS_WH_Wide_AW_5_seed_121,proposed_nsga2_bs,Gyorgy-KOVACS_WH_Wide_AW_5,121,11,auto_from_instance,12,18,4,30,216,,,,,10,9,4,root > V:29 > BH:26 > BV:19 > BV:17,selected,3,inf,True,557,202,355,460.0,1.0,1.0,True,True,1,1,0,True,1,1,0,0,True,True,0,12,10,12,10,9,SS_PF_LS,sampled_pool,,,True,0.6666666666666666,0.6792218539525484,0.33333333333333337,0.1,adaptive,insert_random_aisle,offspring,feasible_start_adaptive_spacing,,,,feasible_start_adaptive_spacing,0.5,,True,auto_from_instance,0.75,0.35,"5,9,14,16,25,26,35,36,39,45,46,50","2,14,16,17,19,25,27,29,30,33",,,,,,"H[5,9,14,16,25,26,35,36,39,45,46,50]|V[2,14,16,17,19,25,27,29,30,33]",0ccd7482bc13afbeac630bd0faf7012fe4b70f5c
proposed_nsga2_bs_Gyorgy-KOVACS_WH_Wide_AW_5_seed_121,proposed_nsga2_bs,Gyorgy-KOVACS_WH_Wide_AW_5,121,12,auto_from_instance,12,18,4,30,216,,,,,1,1,8,root > V:15 > BH:26 > BH:5 > BH:16 > BH:25 > BH:36 > BH:45 > BV:24,selected,0,inf,True,497,247,250,385.0,1.0,1.0,True,True,1,1,0,True,1,1,0,0,True,True,0,13,10,13,10,1,LS_PF,sampled_pool,,,False,0.7222222222222222,0.6988040212192299,0.2777777777777778,0.1,adaptive,break_symmetry,offspring,feasible_start_adaptive_spacing,,,,feasible_start_adaptive_spacing,0.5,,True,auto_from_instance,0.75,0.35,"5,9,14,16,25,26,27,35,36,39,45,46,50","2,12,14,15,17,19,25,27,29",,,,,,"H[5,9,14,16,25,26,27,35,36,39,45,46,50]|V[2,12,14,15,17,19,24,25,27,29]",416c9c0e4f9e06143d78fee04cbc7a8d1c4800ad
proposed_nsga2_bs_Gyorgy-KOVACS_WH_Wide_AW_5_seed_121,proposed_nsga2_bs,Gyorgy-KOVACS_WH_Wide_AW_5,121,12,auto_from_instance,12,18,4,30,216,,,,,2,1,8,root > V:15 > BH:26 > BH:5 > BH:14 > BH:25 > BH:36 > BH:45 > BV:24,selected,0,inf,True,497,247,250,385.0,1.0,1.0,True,True,1,1,0,True,1,1,0,0,True,True,0,13,10,13,10,1,LS_PF,sampled_pool,,,False,0.7222222222222222,0.6988040212192299,0.2777777777777778,0.1,adaptive,break_symmetry,offspring,feasible_start_adaptive_spacing,,,,feasible_start_adaptive_spacing,0.5,,True,auto_from_instance,0.75,0.35,"5,9,14,16,25,26,27,35,36,39,45,46,50","2,12,14,15,17,19,25,27,29",,,,,,"H[5,9,14,16,25,26,27,35,36,39,45,46,50]|V[2,12,14,15,17,19,24,25,27,29]",4f5b467192e7c6ce4bc3fd69bf3ce13c31bd8ba0
proposed_nsga2_bs_Gyorgy-KOVACS_WH_Wide_AW_5_seed_121,proposed_nsga2_bs,Gyorgy-KOVACS_WH_Wide_AW_5,121,12,auto_from_instance,12,18,4,30,216,,,,,3,2,8,root > V:16 > BH:26 > BH:5 > BH:16 > BH:27 > BH:36 > BH:45 > BV:25,selected,0,1.745680106335844,True,517,238,279,368.0,1.0,1.0,True,True,1,1,0,True,1,1,0,0,True,True,0,13,11,13,11,2,LS_SS,sampled_pool,,,True,0.7222222222222222,0.7491910405194157,0.2777777777777778,0.1,adaptive,swap_segments,offspring,feasible_start_adaptive_spacing,,,,feasible_start_adaptive_spacing,0.5,,True,auto_from_instance,0.75,0.35,"5,9,14,16,25,26,35,36,39,45,46,51","6,14,16,17,19,21,25,27,29,30,33",,,,,,"H[5,9,14,16,25,26,27,35,36,39,45,46,51]|V[6,14,16,17,19,21,25,27,29,30,33]",015ee1c8318bbe65f9d75b3878c91b9d7be2a076
proposed_nsga2_bs_Gyorgy-KOVACS_WH_Wide_AW_5_seed_121,proposed_nsga2_bs,Gyorgy-KOVACS_WH_Wide_AW_5,121,12,auto_from_instance,12,18,4,30,216,,,,,4,2,8,root > V:16 > BH:26 > BH:5 > BH:16 > BH:27 > BH:36 > BH:45 > BV:29,selected,1,inf,True,517,225,292,586.0,1.0,1.0,True,True,1,1,0,True,1,1,0,0,True,True,0,13,11,13,11,2,LS_SS,sampled_pool,,,True,0.7222222222222222,0.7491910405194157,0.2777777777777778,0.1,adaptive,swap_segments,offspring,feasible_start_adaptive_spacing,,,,feasible_start_adaptive_spacing,0.5,,True,auto_from_instance,0.75,0.35,"5,9,14,16,25,26,35,36,39,45,46,51","6,14,16,17,19,21,25,27,29,30,33",,,,,,"H[5,9,14,16,25,26,27,35,36,39,45,46,51]|V[6,14,16,17,19,21,25,27,29,30,33]",ed71c8d546062d956359fd31a02e14699e745412
proposed_nsga2_bs_Gyorgy-KOVACS_WH_Wide_AW_5_seed_121,proposed_nsga2_bs,Gyorgy-KOVACS_WH_Wide_AW_5,121,12,auto_from_instance,12,18,4,30,216,,,,,5,3,8,root > V:16 > BH:26 > BH:5 > BH:16 > BH:25 > BH:36 > BH:45 > BV:25,selected,0,0.0,True,517,238,279,368.0,1.0,1.0,True,True,1,1,0,True,1,1,0,0,True,True,0,14,9,14,9,3,LS,sampled_pool,,,False,0.7222222222222222,0.7190387991086589,0.2777777777777778,0.1,adaptive,spacing_aware_flip,offspring,feasible_start_adaptive_spacing,,,,feasible_start_adaptive_spacing,0.5,,True,auto_from_instance,0.75,0.35,"5,9,14,16,25,26,27,29,35,36,39,45,46,50","2,8,14,16,17,19,25,27,29",,,,,,"H[5,9,14,16,25,26,27,29,35,36,39,45,46,50]|V[2,8,14,16,17,19,25,27,29]",559a078c3ea143504613077c561cb3124d66b767
proposed_nsga2_bs_Gyorgy-KOVACS_WH_Wide_AW_5_seed_121,proposed_nsga2_bs,Gyorgy-KOVACS_WH_Wide_AW_5,121,12,auto_from_instance,12,18,4,30,216,,,,,6,3,8,root > V:16 > BH:26 > BH:5 > BH:16 > BH:25 > BH:36 > BH:45 > BV:29,selected,1,0.0,True,517,225,292,586.0,1.0,1.0,True,True,1,1,0,True,1,1,0,0,True,True,0,14,9,14,9,3,LS,sampled_pool,,,False,0.7222222222222222,0.7190387991086589,0.2777777777777778,0.1,adaptive,spacing_aware_flip,offspring,feasible_start_adaptive_spacing,,,,feasible_start_adaptive_spacing,0.5,,True,auto_from_instance,0.75,0.35,"5,9,14,16,25,26,27,29,35,36,39,45,46,50","2,8,14,16,17,19,25,27,29",,,,,,"H[5,9,14,16,25,26,27,29,35,36,39,45,46,50]|V[2,8,14,16,17,19,25,27,29]",13a8831f3352523fe53b9477eb693b985fdfc37c
proposed_nsga2_bs_Gyorgy-KOVACS_WH_Wide_AW_5_seed_121,proposed_nsga2_bs,Gyorgy-KOVACS_WH_Wide_AW_5,121,12,auto_from_instance,12,18,4,30,216,,,,,7,4,4,root > V:27 > BH:26 > BV:17 > BV:17,selected,0,inf,True,567,256,311,311.0,1.0,1.0,True,True,1,1,0,True,1,1,0,0,True,True,0,13,13,13,13,4,RP,sampled_pool,,,False,0.7222222222222222,0.8040485921136423,0.2777777777777778,0.1,adaptive,spacing_aware_flip,offspring,feasible_start_adaptive_spacing,,,,feasible_start_adaptive_spacing,0.5,,True,auto_from_instance,0.75,0.35,"5,9,14,16,25,26,35,36,39,45,46,50,56","2,11,16,18,19,23,24,25,27,29,30,33",,,,,,"H[5,9,14,16,25,26,35,36,39,45,46,50,56]|V[2,11,16,17,18,19,23,24,25,27,29,30,33]",a8708aef2b1e3127a45cd25328e7b01fe876ac67
proposed_nsga2_bs_Gyorgy-KOVACS_WH_Wide_AW_5_seed_121,proposed_nsga2_bs,Gyorgy-KOVACS_WH_Wide_AW_5,121,12,auto_from_instance,12,18,4,30,216,,,,,8,4,4,root > V:29 > BH:26 > BV:19 > BV:19,selected,1,inf,True,557,202,355,408.0,1.0,1.0,True,True,1,1,0,True,1,1,0,0,True,True,0,13,12,13,12,4,RP,sampled_pool,,,False,0.7222222222222222,0.8040485921136423,0.2777777777777778,0.1,adaptive,spacing_aware_flip,offspring,feasible_start_adaptive_spacing,,,,feasible_start_adaptive_spacing,0.5,,True,auto_from_instance,0.75,0.35,"5,9,14,16,25,26,35,36,39,45,46,50,56","2,11,16,18,19,23,24,25,27,29,30,33",,,,,,"H[5,9,14,16,25,26,35,36,39,45,46,50,56]|V[2,11,16,18,19,23,24,25,27,29,30,33]",225a083d40a70add6d49c842c1ea1b7da9e91627
proposed_nsga2_bs_Gyorgy-KOVACS_WH_Wide_AW_5_seed_121,proposed_nsga2_bs,Gyorgy-KOVACS_WH_Wide_AW_5,121,12,auto_from_instance,12,18,4,30,216,,,,,9,4,4,root > V:29 > BH:26 > BV:19 > BV:17,selected,2,inf,True,557,202,355,458.0,1.0,1.0,True,True,1,1,0,True,1,1,0,0,True,True,0,13,13,13,13,4,RP,sampled_pool,,,False,0.7222222222222222,0.8040485921136423,0.2777777777777778,0.1,adaptive,spacing_aware_flip,offspring,feasible_start_adaptive_spacing,,,,feasible_start_adaptive_spacing,0.5,,True,auto_from_instance,0.75,0.35,"5,9,14,16,25,26,35,36,39,45,46,50,56","2,11,16,18,19,23,24,25,27,29,30,33",,,,,,"H[5,9,14,16,25,26,35,36,39,45,46,50,56]|V[2,11,16,17,18,19,23,24,25,27,29,30,33]",f590e28c4ca08f01adba87c9244bc357b1edb9bd
proposed_nsga2_bs_Gyorgy-KOVACS_WH_Wide_AW_5_seed_121,proposed_nsga2_bs,Gyorgy-KOVACS_WH_Wide_AW_5,121,12,auto_from_instance,12,18,4,30,216,,,,,10,4,4,root > V:29 > BH:26 > BV:19 > BV:17,selected,3,inf,True,557,202,355,460.0,1.0,1.0,True,True,1,1,0,True,1,1,0,0,True,True,0,13,13,13,13,4,RP,sampled_pool,,,False,0.7222222222222222,0.8040485921136423,0.2777777777777778,0.1,adaptive,spacing_aware_flip,offspring,feasible_start_adaptive_spacing,,,,feasible_start_adaptive_spacing,0.5,,True,auto_from_instance,0.75,0.35,"5,9,14,16,25,26,35,36,39,45,46,50,56","2,11,16,18,19,23,24,25,27,29,30,33",,,,,,"H[5,9,14,16,25,26,35,36,39,45,46,50,56]|V[2,11,16,17,18,19,23,24,25,27,29,30,33]",0ccd7482bc13afbeac630bd0faf7012fe4b70f5c
proposed_nsga2_bs_Gyorgy-KOVACS_WH_Wide_AW_5_seed_121,proposed_nsga2_bs,Gyorgy-KOVACS_WH_Wide_AW_5,121,12,auto_from_instance,12,18,4,30,216,,,,,11,6,8,root > V:16 > BH:26 > BH:5 > BH:14 > BH:25 > BH:36 > BH:45 > BV:25,selected,0,inf,True,517,238,279,368.0,1.0,1.0,True,True,1,1,0,True,1,1,0,0,True,True,0,12,11,12,11,6,LS_SS,sampled_pool,,,True,0.7222222222222222,0.7746669387612356,0.2777777777777778,0.1,adaptive,spacing_aware_flip,offspring,feasible_start_adaptive_spacing,,,,feasible_start_adaptive_spacing,0.5,,True,auto_from_instance,0.75,0.35,"5,9,14,16,25,26,35,36,39,45,46,50","2,7,16,18,19,23,24,25,27,29,33",,,,,,"H[5,9,14,16,25,26,35,36,39,45,46,50]|V[2,7,16,18,19,23,24,25,27,29,33]",6fcfc694894a367ef71d338faec4ce589ca685b5
proposed_nsga2_bs_Gyorgy-KOVACS_WH_Wide_AW_5_seed_121,proposed_nsga2_bs,Gyorgy-KOVACS_WH_Wide_AW_5,121,12,auto_from_instance,12,18,4,30,216,,,,,12,6,8,root > V:16 > BH:26 > BH:5 > BH:14 > BH:25 > BH:36 > BH:45 > BV:29,selected,1,inf,True,517,225,292,586.0,1.0,1.0,True,True,1,1,0,True,1,1,0,0,True,True,0,12,11,12,11,6,LS_SS,sampled_pool,,,True,0.7222222222222222,0.7746669387612356,0.2777777777777778,0.1,adaptive,spacing_aware_flip,offspring,feasible_start_adaptive_spacing,,,,feasible_start_adaptive_spacing,0.5,,True,auto_from_instance,0.75,0.35,"5,9,14,16,25,26,35,36,39,45,46,50","2,7,16,18,19,23,24,25,27,29,33",,,,,,"H[5,9,14,16,25,26,35,36,39,45,46,50]|V[2,7,16,18,19,23,24,25,27,29,33]",7e0f4d1a90907f684b7d565e90c4ddb6c1ba7c58
proposed_nsga2_bs_Gyorgy-KOVACS_WH_Wide_AW_5_seed_121,proposed_nsga2_bs,Gyorgy-KOVACS_WH_Wide_AW_5,121,12,auto_from_instance,12,18,4,30,216,,,,,13,11,5,root > H:9 > BH:26 > BH:47 > BV:21 > BH:37,evaluated,4,inf,False,712,171,541,1493.0,1.0,1.0,True,True,1,1,0,True,1,1,0,0,True,True,0,17,9,17,9,11,SS_LS_PF,sampled_pool,,,True,0.7222222222222222,0.7364715439692369,0.2777777777777778,0.1,adaptive,swap_segments,offspring,feasible_start_adaptive_spacing,,,,feasible_start_adaptive_spacing,0.5,,True,auto_from_instance,0.75,0.35,"5,9,14,16,25,26,27,29,35,36,39,45,46,50,51","2,6,7,13,15,23,28,29",,,,,,"H[5,9,14,16,25,26,27,29,35,36,37,39,45,46,47,50,51]|V[2,6,7,13,15,21,23,28,29]",e66b58d0a6d8ce9b384426b630248378c81a899b
proposed_nsga2_bs_Gyorgy-KOVACS_WH_Wide_AW_5_seed_121,proposed_nsga2_bs,Gyorgy-KOVACS_WH_Wide_AW_5,121,12,auto_from_instance,12,18,4,30,216,,,,,14,11,5,root > H:9 > BH:26 > BH:47 > BV:19 > BH:37,evaluated,4,inf,False,712,173,539,1551.0,1.0,1.0,True,True,1,1,0,True,1,1,0,0,True,True,0,17,9,17,9,11,SS_LS_PF,sampled_pool,,,True,0.7222222222222222,0.7364715439692369,0.2777777777777778,0.1,adaptive,swap_segments,offspring,feasible_start_adaptive_spacing,,,,feasible_start_adaptive_spacing,0.5,,True,auto_from_instance,0.75,0.35,"5,9,14,16,25,26,27,29,35,36,39,45,46,50,51","2,6,7,13,15,23,28,29",,,,,,"H[5,9,14,16,25,26,27,29,35,36,37,39,45,46,47,50,51]|V[2,6,7,13,15,19,23,28,29]",431b9fe7beb00ca5d79e318523c0e9459136c29a
proposed_nsga2_bs_Gyorgy-KOVACS_WH_Wide_AW_5_seed_121,proposed_nsga2_bs,Gyorgy-KOVACS_WH_Wide_AW_5,121,12,auto_from_instance,12,18,4,30,216,,,,,15,11,5,root > H:9 > BH:26 > BH:47 > BV:21 > BH:35,evaluated,5,inf,False,712,169,543,1535.0,1.0,1.0,True,True,1,1,0,True,1,1,0,0,True,True,0,16,9,16,9,11,SS_LS_PF,sampled_pool,,,True,0.7222222222222222,0.7364715439692369,0.2777777777777778,0.1,adaptive,swap_segments,offspring,feasible_start_adaptive_spacing,,,,feasible_start_adaptive_spacing,0.5,,True,auto_from_instance,0.75,0.35,"5,9,14,16,25,26,27,29,35,36,39,45,46,50,51","2,6,7,13,15,23,28,29",,,,,,"H[5,9,14,16,25,26,27,29,35,36,39,45,46,47,50,51]|V[2,6,7,13,15,21,23,28,29]",3570979a774a09c04c9308faf80645ae46dac40e
proposed_nsga2_bs_Gyorgy-KOVACS_WH_Wide_AW_5_seed_121,proposed_nsga2_bs,Gyorgy-KOVACS_WH_Wide_AW_5,121,12,auto_from_instance,12,18,4,30,216,,,,,16,11,5,root > H:9 > BH:26 > BH:47 > BV:19 > BH:35,evaluated,5,inf,False,712,171,541,1593.0,1.0,1.0,True,True,1,1,0,True,1,1,0,0,True,True,0,16,9,16,9,11,SS_LS_PF,sampled_pool,,,True,0.7222222222222222,0.7364715439692369,0.2777777777777778,0.1,adaptive,swap_segments,offspring,feasible_start_adaptive_spacing,,,,feasible_start_adaptive_spacing,0.5,,True,auto_from_instance,0.75,0.35,"5,9,14,16,25,26,27,29,35,36,39,45,46,50,51","2,6,7,13,15,23,28,29",,,,,,"H[5,9,14,16,25,26,27,29,35,36,39,45,46,47,50,51]|V[2,6,7,13,15,19,23,28,29]",3f164f0d86691f840438954c9bd0cc65a75bc43e
proposed_nsga2_bs_Gyorgy-KOVACS_WH_Wide_AW_5_seed_121,proposed_nsga2_bs,Gyorgy-KOVACS_WH_Wide_AW_5,121,13,auto_from_instance,12,18,4,30,216,,,,,1,1,4,root > V:27 > BH:26 > BV:17 > BV:17,selected,0,inf,True,567,256,311,311.0,1.0,1.0,True,True,1,1,0,True,1,1,0,0,True,True,0,15,11,15,11,1,SS_LS_PF,sampled_pool,,,True,0.7777777777777778,0.7993103035819095,0.2222222222222222,0.1,adaptive,spacing_aware_flip,offspring,feasible_start_adaptive_spacing,,,,feasible_start_adaptive_spacing,0.5,,True,auto_from_instance,0.75,0.35,"0,5,9,14,16,25,26,27,35,36,39,45,46,50,56","2,11,16,17,19,24,25,27,29,30,33",,,,,,"H[0,5,9,14,16,25,26,27,35,36,39,45,46,50,56]|V[2,11,16,17,19,24,25,27,29,30,33]",a8708aef2b1e3127a45cd25328e7b01fe876ac67
proposed_nsga2_bs_Gyorgy-KOVACS_WH_Wide_AW_5_seed_121,proposed_nsga2_bs,Gyorgy-KOVACS_WH_Wide_AW_5,121,13,auto_from_instance,12,18,4,30,216,,,,,2,1,4,root > V:29 > BH:26 > BV:19 > BV:19,selected,1,inf,True,557,202,355,408.0,1.0,1.0,True,True,1,1,0,True,1,1,0,0,True,True,0,15,11,15,11,1,SS_LS_PF,sampled_pool,,,True,0.7777777777777778,0.7993103035819095,0.2222222222222222,0.1,adaptive,spacing_aware_flip,offspring,feasible_start_adaptive_spacing,,,,feasible_start_adaptive_spacing,0.5,,True,auto_from_instance,0.75,0.35,"0,5,9,14,16,25,26,27,35,36,39,45,46,50,56","2,11,16,17,19,24,25,27,29,30,33",,,,,,"H[0,5,9,14,16,25,26,27,35,36,39,45,46,50,56]|V[2,11,16,17,19,24,25,27,29,30,33]",225a083d40a70add6d49c842c1ea1b7da9e91627
proposed_nsga2_bs_Gyorgy-KOVACS_WH_Wide_AW_5_seed_121,proposed_nsga2_bs,Gyorgy-KOVACS_WH_Wide_AW_5,121,13,auto_from_instance,12,18,4,30,216,,,,,3,1,4,root > V:29 > BH:26 > BV:19 > BV:17,selected,2,inf,True,557,202,355,458.0,1.0,1.0,True,True,1,1,0,True,1,1,0,0,True,True,0,15,11,15,11,1,SS_LS_PF,sampled_pool,,,True,0.7777777777777778,0.7993103035819095,0.2222222222222222,0.1,adaptive,spacing_aware_flip,offspring,feasible_start_adaptive_spacing,,,,feasible_start_adaptive_spacing,0.5,,True,auto_from_instance,0.75,0.35,"0,5,9,14,16,25,26,27,35,36,39,45,46,50,56","2,11,16,17,19,24,25,27,29,30,33",,,,,,"H[0,5,9,14,16,25,26,27,35,36,39,45,46,50,56]|V[2,11,16,17,19,24,25,27,29,30,33]",f590e28c4ca08f01adba87c9244bc357b1edb9bd
proposed_nsga2_bs_Gyorgy-KOVACS_WH_Wide_AW_5_seed_121,proposed_nsga2_bs,Gyorgy-KOVACS_WH_Wide_AW_5,121,13,auto_from_instance,12,18,4,30,216,,,,,4,1,4,root > V:29 > BH:26 > BV:19 > BV:17,selected,3,inf,True,557,202,355,460.0,1.0,1.0,True,True,1,1,0,True,1,1,0,0,True,True,0,15,11,15,11,1,SS_LS_PF,sampled_pool,,,True,0.7777777777777778,0.7993103035819095,0.2222222222222222,0.1,adaptive,spacing_aware_flip,offspring,feasible_start_adaptive_spacing,,,,feasible_start_adaptive_spacing,0.5,,True,auto_from_instance,0.75,0.35,"0,5,9,14,16,25,26,27,35,36,39,45,46,50,56","2,11,16,17,19,24,25,27,29,30,33",,,,,,"H[0,5,9,14,16,25,26,27,35,36,39,45,46,50,56]|V[2,11,16,17,19,24,25,27,29,30,33]",0ccd7482bc13afbeac630bd0faf7012fe4b70f5c
proposed_nsga2_bs_Gyorgy-KOVACS_WH_Wide_AW_5_seed_121,proposed_nsga2_bs,Gyorgy-KOVACS_WH_Wide_AW_5,121,13,auto_from_instance,12,18,4,30,216,,,,,5,2,8,root > V:15 > BH:26 > BH:5 > BH:16 > BH:25 > BH:36 > BH:45 > BV:24,selected,0,inf,True,497,247,250,385.0,1.0,1.0,True,True,1,1,0,True,1,1,0,0,True,True,0,13,12,13,12,2,LS_SS,sampled_pool,,,True,0.7777777777777778,0.8953299961921973,0.2222222222222222,0.1,adaptive,bit_flip,offspring,feasible_start_adaptive_spacing,,,,feasible_start_adaptive_spacing,0.5,,True,auto_from_instance,0.75,0.35,"5,9,14,16,25,26,35,36,37,39,45,46,50","2,12,14,15,17,18,19,23,24,25,27,29",,,,,,"H[5,9,14,16,25,26,35,36,37,39,45,46,50]|V[2,12,14,15,17,18,19,23,24,25,27,29]",416c9c0e4f9e06143d78fee04cbc7a8d1c4800ad
proposed_nsga2_bs_Gyorgy-KOVACS_WH_Wide_AW_5_seed_121,proposed_nsga2_bs,Gyorgy-KOVACS_WH_Wide_AW_5,121,13,auto_from_instance,12,18,4,30,216,,,,,6,3,8,root > V:15 > BH:26 > BH:5 > BH:14 > BH:25 > BH:36 > BH:45 > BV:24,selected,0,inf,True,497,247,250,385.0,1.0,1.0,True,True,1,1,0,True,1,1,0,0,True,True,0,14,11,14,11,3,LS_PF,sampled_pool,,,False,0.7777777777777778,0.7566202908357126,0.2222222222222222,0.1,adaptive,bit_flip,offspring,feasible_start_adaptive_spacing,,,,feasible_start_adaptive_spacing,0.5,,True,auto_from_instance,0.75,0.35,"5,9,14,16,25,26,27,35,36,39,44,45,46,50","2,7,14,15,17,19,24,25,27,29,33",,,,,,"H[5,9,14,16,25,26,27,35,36,39,44,45,46,50]|V[2,7,14,15,17,19,24,25,27,29,33]",4f5b467192e7c6ce4bc3fd69bf3ce13c31bd8ba0
proposed_nsga2_bs_Gyorgy-KOVACS_WH_Wide_AW_5_seed_121,proposed_nsga2_bs,Gyorgy-KOVACS_WH_Wide_AW_5,121,13,auto_from_instance,12,18,4,30,216,,,,,7,6,8,root > V:16 > BH:26 > BH:5 > BH:16 > BH:25 > BH:36 > BH:45 > BV:25,selected,0,1.745680106335844,True,517,238,279,368.0,1.0,1.0,True,True,1,1,0,True,1,1,0,0,True,True,0,13,11,13,11,6,PF,sampled_pool,,,False,0.7777777777777778,0.7092472745965532,0.2222222222222222,0.1,adaptive,insert_random_aisle,offspring,feasible_start_adaptive_spacing,,,,feasible_start_adaptive_spacing,0.5,,True,auto_from_instance,0.75,0.35,"5,9,14,16,25,26,29,35,36,39,45,46,50","2,12,14,16,18,19,23,24,25,27,29",,,,,,"H[5,9,14,16,25,26,29,35,36,39,45,46,50]|V[2,12,14,16,18,19,23,24,25,27,29]",559a078c3ea143504613077c561cb3124d66b767
proposed_nsga2_bs_Gyorgy-KOVACS_WH_Wide_AW_5_seed_121,proposed_nsga2_bs,Gyorgy-KOVACS_WH_Wide_AW_5,121,13,auto_from_instance,12,18,4,30,216,,,,,8,6,8,root > V:16 > BH:26 > BH:5 > BH:14 > BH:25 > BH:36 > BH:45 > BV:25,selected,0,0.0,True,517,238,279,368.0,1.0,1.0,True,True,1,1,0,True,1,1,0,0,True,True,0,13,11,13,11,6,PF,sampled_pool,,,False,0.7777777777777778,0.7092472745965532,0.2222222222222222,0.1,adaptive,insert_random_aisle,offspring,feasible_start_adaptive_spacing,,,,feasible_start_adaptive_spacing,0.5,,True,auto_from_instance,0.75,0.35,"5,9,14,16,25,26,29,35,36,39,45,46,50","2,12,14,16,18,19,23,24,25,27,29",,,,,,"H[5,9,14,16,25,26,29,35,36,39,45,46,50]|V[2,12,14,16,18,19,23,24,25,27,29]",6fcfc694894a367ef71d338faec4ce589ca685b5
proposed_nsga2_bs_Gyorgy-KOVACS_WH_Wide_AW_5_seed_121,proposed_nsga2_bs,Gyorgy-KOVACS_WH_Wide_AW_5,121,13,auto_from_instance,12,18,4,30,216,,,,,9,6,8,root > V:16 > BH:26 > BH:5 > BH:16 > BH:25 > BH:36 > BH:45 > BV:29,selected,1,inf,True,517,225,292,586.0,1.0,1.0,True,True,1,1,0,True,1,1,0,0,True,True,0,13,11,13,11,6,PF,sampled_pool,,,False,0.7777777777777778,0.7092472745965532,0.2222222222222222,0.1,adaptive,insert_random_aisle,offspring,feasible_start_adaptive_spacing,,,,feasible_start_adaptive_spacing,0.5,,True,auto_from_instance,0.75,0.35,"5,9,14,16,25,26,29,35,36,39,45,46,50","2,12,14,16,18,19,23,24,25,27,29",,,,,,"H[5,9,14,16,25,26,29,35,36,39,45,46,50]|V[2,12,14,16,18,19,23,24,25,27,29]",13a8831f3352523fe53b9477eb693b985fdfc37c
proposed_nsga2_bs_Gyorgy-KOVACS_WH_Wide_AW_5_seed_121,proposed_nsga2_bs,Gyorgy-KOVACS_WH_Wide_AW_5,121,13,auto_from_instance,12,18,4,30,216,,,,,10,6,8,root > V:16 > BH:26 > BH:5 > BH:14 > BH:25 > BH:36 > BH:45 > BV:29,selected,1,0.0,True,517,225,292,586.0,1.0,1.0,True,True,1,1,0,True,1,1,0,0,True,True,0,13,11,13,11,6,PF,sampled_pool,,,False,0.7777777777777778,0.7092472745965532,0.2222222222222222,0.1,adaptive,insert_random_aisle,offspring,feasible_start_adaptive_spacing,,,,feasible_start_adaptive_spacing,0.5,,True,auto_from_instance,0.75,0.35,"5,9,14,16,25,26,29,35,36,39,45,46,50","2,12,14,16,18,19,23,24,25,27,29",,,,,,"H[5,9,14,16,25,26,29,35,36,39,45,46,50]|V[2,12,14,16,18,19,23,24,25,27,29]",7e0f4d1a90907f684b7d565e90c4ddb6c1ba7c58
proposed_nsga2_bs_Gyorgy-KOVACS_WH_Wide_AW_5_seed_121,proposed_nsga2_bs,Gyorgy-KOVACS_WH_Wide_AW_5,121,13,auto_from_instance,12,18,4,30,216,,,,,11,9,8,root > V:16 > BH:26 > BH:5 > BH:16 > BH:27 > BH:36 > BH:45 > BV:25,selected,0,inf,True,517,238,279,368.0,1.0,1.0,True,True,1,1,0,True,1,1,0,0,True,True,0,14,11,14,11,9,PF_SS_RP,sampled_pool,,,True,0.7777777777777778,0.7343641170411673,0.2222222222222222,0.1,adaptive,insert_random_aisle,offspring,feasible_start_adaptive_spacing,,,,feasible_start_adaptive_spacing,0.5,,True,auto_from_instance,0.75,0.35,"5,9,14,16,25,26,27,35,36,39,45,46,51,52","2,7,16,17,19,21,25,27,29,30,33",,,,,,"H[5,9,14,16,25,26,27,35,36,39,45,46,51,52]|V[2,7,16,17,19,21,25,27,29,30,33]",015ee1c8318bbe65f9d75b3878c91b9d7be2a076
proposed_nsga2_bs_Gyorgy-KOVACS_WH_Wide_AW_5_seed_121,proposed_nsga2_bs,Gyorgy-KOVACS_WH_Wide_AW_5,121,13,auto_from_instance,12,18,4,30,216,,,,,12,9,8,root > V:16 > BH:26 > BH:5 > BH:16 > BH:27 > BH:36 > BH:45 > BV:29,selected,1,inf,True,517,225,292,586.0,1.0,1.0,True,True,1,1,0,True,1,1,0,0,True,True,0,14,11,14,11,9,PF_SS_RP,sampled_pool,,,True,0.7777777777777778,0.7343641170411673,0.2222222222222222,0.1,adaptive,insert_random_aisle,offspring,feasible_start_adaptive_spacing,,,,feasible_start_adaptive_spacing,0.5,,True,auto_from_instance,0.75,0.35,"5,9,14,16,25,26,27,35,36,39,45,46,51,52","2,7,16,17,19,21,25,27,29,30,33",,,,,,"H[5,9,14,16,25,26,27,35,36,39,45,46,51,52]|V[2,7,16,17,19,21,25,27,29,30,33]",ed71c8d546062d956359fd31a02e14699e745412
proposed_nsga2_bs_Gyorgy-KOVACS_WH_Wide_AW_5_seed_121,proposed_nsga2_bs,Gyorgy-KOVACS_WH_Wide_AW_5,121,14,auto_from_instance,12,18,4,30,216,,,,,1,1,4,root > V:27 > BH:26 > BV:17 > BV:17,selected,0,inf,True,567,256,311,311.0,1.0,1.0,True,True,1,1,0,True,1,1,0,0,True,True,0,14,11,14,11,1,RP,sampled_pool,,,False,0.8333333333333334,0.8347421744879432,0.16666666666666663,0.1,adaptive,bit_flip,offspring,feasible_start_adaptive_spacing,,,,feasible_start_adaptive_spacing,0.5,,True,auto_from_instance,0.75,0.35,"5,9,14,16,25,26,29,35,36,39,44,45,46,50","2,12,14,16,18,23,24,25,27,29",,,,,,"H[5,9,14,16,25,26,29,35,36,39,44,45,46,50]|V[2,12,14,16,17,18,23,24,25,27,29]",a8708aef2b1e3127a45cd25328e7b01fe876ac67
proposed_nsga2_bs_Gyorgy-KOVACS_WH_Wide_AW_5_seed_121,proposed_nsga2_bs,Gyorgy-KOVACS_WH_Wide_AW_5,121,14,auto_from_instance,12,18,4,30,216,,,,,2,1,4,root > V:29 > BH:26 > BV:19 > BV:19,selected,1,inf,True,557,202,355,408.0,1.0,1.0,True,True,1,1,0,True,1,1,0,0,True,True,0,14,11,14,11,1,RP,sampled_pool,,,False,0.8333333333333334,0.8347421744879432,0.16666666666666663,0.1,adaptive,bit_flip,offspring,feasible_start_adaptive_spacing,,,,feasible_start_adaptive_spacing,0.5,,True,auto_from_instance,0.75,0.35,"5,9,14,16,25,26,29,35,36,39,44,45,46,50","2,12,14,16,18,23,24,25,27,29",,,,,,"H[5,9,14,16,25,26,29,35,36,39,44,45,46,50]|V[2,12,14,16,18,19,23,24,25,27,29]",225a083d40a70add6d49c842c1ea1b7da9e91627
proposed_nsga2_bs_Gyorgy-KOVACS_WH_Wide_AW_5_seed_121,proposed_nsga2_bs,Gyorgy-KOVACS_WH_Wide_AW_5,121,14,auto_from_instance,12,18,4,30,216,,,,,3,1,4,root > V:29 > BH:26 > BV:19 > BV:17,selected,2,inf,True,557,202,355,458.0,1.0,1.0,True,True,1,1,0,True,1,1,0,0,True,True,0,14,12,14,12,1,RP,sampled_pool,,,False,0.8333333333333334,0.8347421744879432,0.16666666666666663,0.1,adaptive,bit_flip,offspring,feasible_start_adaptive_spacing,,,,feasible_start_adaptive_spacing,0.5,,True,auto_from_instance,0.75,0.35,"5,9,14,16,25,26,29,35,36,39,44,45,46,50","2,12,14,16,18,23,24,25,27,29",,,,,,"H[5,9,14,16,25,26,29,35,36,39,44,45,46,50]|V[2,12,14,16,17,18,19,23,24,25,27,29]",f590e28c4ca08f01adba87c9244bc357b1edb9bd
proposed_nsga2_bs_Gyorgy-KOVACS_WH_Wide_AW_5_seed_121,proposed_nsga2_bs,Gyorgy-KOVACS_WH_Wide_AW_5,121,14,auto_from_instance,12,18,4,30,216,,,,,4,1,4,root > V:29 > BH:26 > BV:19 > BV:17,selected,3,inf,True,557,202,355,460.0,1.0,1.0,True,True,1,1,0,True,1,1,0,0,True,True,0,14,12,14,12,1,RP,sampled_pool,,,False,0.8333333333333334,0.8347421744879432,0.16666666666666663,0.1,adaptive,bit_flip,offspring,feasible_start_adaptive_spacing,,,,feasible_start_adaptive_spacing,0.5,,True,auto_from_instance,0.75,0.35,"5,9,14,16,25,26,29,35,36,39,44,45,46,50","2,12,14,16,18,23,24,25,27,29",,,,,,"H[5,9,14,16,25,26,29,35,36,39,44,45,46,50]|V[2,12,14,16,17,18,19,23,24,25,27,29]",0ccd7482bc13afbeac630bd0faf7012fe4b70f5c
proposed_nsga2_bs_Gyorgy-KOVACS_WH_Wide_AW_5_seed_121,proposed_nsga2_bs,Gyorgy-KOVACS_WH_Wide_AW_5,121,14,auto_from_instance,12,18,4,30,216,,,,,5,2,8,root > V:15 > BH:26 > BH:5 > BH:16 > BH:25 > BH:36 > BH:45 > BV:24,selected,0,inf,True,497,247,250,385.0,1.0,1.0,True,True,1,1,0,True,1,1,0,0,True,True,0,13,10,13,10,2,PF,sampled_pool,,,False,0.8333333333333334,0.9114152615386626,0.16666666666666663,0.1,adaptive,remove_random_aisle,offspring,feasible_start_adaptive_spacing,,,,feasible_start_adaptive_spacing,0.5,,True,auto_from_instance,0.75,0.35,"5,9,14,16,25,26,27,35,36,39,45,46,50","2,14,15,17,19,24,25,27,29,33",,,,,,"H[5,9,14,16,25,26,27,35,36,39,45,46,50]|V[2,14,15,17,19,24,25,27,29,33]",416c9c0e4f9e06143d78fee04cbc7a8d1c4800ad
proposed_nsga2_bs_Gyorgy-KOVACS_WH_Wide_AW_5_seed_121,proposed_nsga2_bs,Gyorgy-KOVACS_WH_Wide_AW_5,121,14,auto_from_instance,12,18,4,30,216,,,,,6,2,8,root > V:15 > BH:26 > BH:5 > BH:14 > BH:25 > BH:36 > BH:45 > BV:24,selected,0,inf,True,497,247,250,385.0,1.0,1.0,True,True,1,1,0,True,1,1,0,0,True,True,0,13,10,13,10,2,PF,sampled_pool,,,False,0.8333333333333334,0.9114152615386626,0.16666666666666663,0.1,adaptive,remove_random_aisle,offspring,feasible_start_adaptive_spacing,,,,feasible_start_adaptive_spacing,0.5,,True,auto_from_instance,0.75,0.35,"5,9,14,16,25,26,27,35,36,39,45,46,50","2,14,15,17,19,24,25,27,29,33",,,,,,"H[5,9,14,16,25,26,27,35,36,39,45,46,50]|V[2,14,15,17,19,24,25,27,29,33]",4f5b467192e7c6ce4bc3fd69bf3ce13c31bd8ba0
proposed_nsga2_bs_Gyorgy-KOVACS_WH_Wide_AW_5_seed_121,proposed_nsga2_bs,Gyorgy-KOVACS_WH_Wide_AW_5,121,14,auto_from_instance,12,18,4,30,216,,,,,7,6,8,root > V:16 > BH:26 > BH:5 > BH:16 > BH:25 > BH:36 > BH:45 > BV:25,selected,0,1.745680106335844,True,517,238,279,368.0,1.0,1.0,True,True,1,1,0,True,1,1,0,0,True,True,0,14,11,14,11,6,PF_SS,sampled_pool,,,True,0.8333333333333334,0.7952750745813479,0.16666666666666663,0.1,adaptive,spacing_aware_flip,offspring,feasible_start_adaptive_spacing,,,,feasible_start_adaptive_spacing,0.5,,True,auto_from_instance,0.75,0.35,"5,9,14,16,25,26,29,35,36,39,45,46,50,56","2,12,14,16,18,19,23,24,25,27,29",,,,,,"H[5,9,14,16,25,26,29,35,36,39,45,46,50,56]|V[2,12,14,16,18,19,23,24,25,27,29]",559a078c3ea143504613077c561cb3124d66b767
proposed_nsga2_bs_Gyorgy-KOVACS_WH_Wide_AW_5_seed_121,proposed_nsga2_bs,Gyorgy-KOVACS_WH_Wide_AW_5,121,14,auto_from_instance,12,18,4,30,216,,,,,8,6,8,root > V:16 > BH:26 > BH:5 > BH:14 > BH:25 > BH:36 > BH:45 > BV:25,selected,0,0.0,True,517,238,279,368.0,1.0,1.0,True,True,1,1,0,True,1,1,0,0,True,True,0,14,11,14,11,6,PF_SS,sampled_pool,,,True,0.8333333333333334,0.7952750745813479,0.16666666666666663,0.1,adaptive,spacing_aware_flip,offspring,feasible_start_adaptive_spacing,,,,feasible_start_adaptive_spacing,0.5,,True,auto_from_instance,0.75,0.35,"5,9,14,16,25,26,29,35,36,39,45,46,50,56","2,12,14,16,18,19,23,24,25,27,29",,,,,,"H[5,9,14,16,25,26,29,35,36,39,45,46,50,56]|V[2,12,14,16,18,19,23,24,25,27,29]",6fcfc694894a367ef71d338faec4ce589ca685b5
proposed_nsga2_bs_Gyorgy-KOVACS_WH_Wide_AW_5_seed_121,proposed_nsga2_bs,Gyorgy-KOVACS_WH_Wide_AW_5,121,14,auto_from_instance,12,18,4,30,216,,,,,9,6,8,root > V:16 > BH:26 > BH:5 > BH:16 > BH:25 > BH:36 > BH:45 > BV:29,selected,1,inf,True,517,225,292,586.0,1.0,1.0,True,True,1,1,0,True,1,1,0,0,True,True,0,14,11,14,11,6,PF_SS,sampled_pool,,,True,0.8333333333333334,0.7952750745813479,0.16666666666666663,0.1,adaptive,spacing_aware_flip,offspring,feasible_start_adaptive_spacing,,,,feasible_start_adaptive_spacing,0.5,,True,auto_from_instance,0.75,0.35,"5,9,14,16,25,26,29,35,36,39,45,46,50,56","2,12,14,16,18,19,23,24,25,27,29",,,,,,"H[5,9,14,16,25,26,29,35,36,39,45,46,50,56]|V[2,12,14,16,18,19,23,24,25,27,29]",13a8831f3352523fe53b9477eb693b985fdfc37c
proposed_nsga2_bs_Gyorgy-KOVACS_WH_Wide_AW_5_seed_121,proposed_nsga2_bs,Gyorgy-KOVACS_WH_Wide_AW_5,121,14,auto_from_instance,12,18,4,30,216,,,,,10,6,8,root > V:16 > BH:26 > BH:5 > BH:14 > BH:25 > BH:36 > BH:45 > BV:29,selected,1,0.0,True,517,225,292,586.0,1.0,1.0,True,True,1,1,0,True,1,1,0,0,True,True,0,14,11,14,11,6,PF_SS,sampled_pool,,,True,0.8333333333333334,0.7952750745813479,0.16666666666666663,0.1,adaptive,spacing_aware_flip,offspring,feasible_start_adaptive_spacing,,,,feasible_start_adaptive_spacing,0.5,,True,auto_from_instance,0.75,0.35,"5,9,14,16,25,26,29,35,36,39,45,46,50,56","2,12,14,16,18,19,23,24,25,27,29",,,,,,"H[5,9,14,16,25,26,29,35,36,39,45,46,50,56]|V[2,12,14,16,18,19,23,24,25,27,29]",7e0f4d1a90907f684b7d565e90c4ddb6c1ba7c58
proposed_nsga2_bs_Gyorgy-KOVACS_WH_Wide_AW_5_seed_121,proposed_nsga2_bs,Gyorgy-KOVACS_WH_Wide_AW_5,121,14,auto_from_instance,12,18,4,30,216,,,,,11,8,8,root > V:16 > BH:26 > BH:5 > BH:16 > BH:27 > BH:36 > BH:45 > BV:25,selected,0,inf,True,517,238,279,368.0,1.0,1.0,True,True,1,1,0,True,1,1,0,0,True,True,0,15,12,15,12,8,LS_SS,sampled_pool,,,True,0.8333333333333334,0.8293437255471746,0.16666666666666663,0.1,adaptive,spacing_aware_flip,offspring,feasible_start_adaptive_spacing,,,,feasible_start_adaptive_spacing,0.5,,True,auto_from_instance,0.75,0.35,"5,9,14,16,25,26,27,35,36,39,44,45,46,50,56","2,7,14,16,17,19,21,25,27,29,30,33",,,,,,"H[5,9,14,16,25,26,27,35,36,39,44,45,46,50,56]|V[2,7,14,16,17,19,21,25,27,29,30,33]",015ee1c8318bbe65f9d75b3878c91b9d7be2a076
proposed_nsga2_bs_Gyorgy-KOVACS_WH_Wide_AW_5_seed_121,proposed_nsga2_bs,Gyorgy-KOVACS_WH_Wide_AW_5,121,14,auto_from_instance,12,18,4,30,216,,,,,12,8,8,root > V:16 > BH:26 > BH:5 > BH:16 > BH:27 > BH:36 > BH:45 > BV:29,selected,1,inf,True,517,225,292,586.0,1.0,1.0,True,True,1,1,0,True,1,1,0,0,True,True,0,15,12,15,12,8,LS_SS,sampled_pool,,,True,0.8333333333333334,0.8293437255471746,0.16666666666666663,0.1,adaptive,spacing_aware_flip,offspring,feasible_start_adaptive_spacing,,,,feasible_start_adaptive_spacing,0.5,,True,auto_from_instance,0.75,0.35,"5,9,14,16,25,26,27,35,36,39,44,45,46,50,56","2,7,14,16,17,19,21,25,27,29,30,33",,,,,,"H[5,9,14,16,25,26,27,35,36,39,44,45,46,50,56]|V[2,7,14,16,17,19,21,25,27,29,30,33]",ed71c8d546062d956359fd31a02e14699e745412
proposed_nsga2_bs_Gyorgy-KOVACS_WH_Wide_AW_5_seed_121,proposed_nsga2_bs,Gyorgy-KOVACS_WH_Wide_AW_5,121,15,auto_from_instance,12,18,4,30,216,,,,,1,1,8,root > V:15 > BH:26 > BH:5 > BH:16 > BH:25 > BH:36 > BH:45 > BV:24,selected,0,inf,True,497,247,250,385.0,1.0,1.0,True,True,1,1,0,True,1,1,0,0,True,True,0,14,10,14,10,1,LS_SS,sampled_pool,,,True,0.8888888888888888,0.9057901030025926,0.11111111111111116,0.1,adaptive,spacing_aware_flip,offspring,feasible_start_adaptive_spacing,,,,feasible_start_adaptive_spacing,0.5,,True,auto_from_instance,0.75,0.35,"5,9,14,16,25,26,29,35,36,39,45,46,50,57","2,14,15,17,19,24,25,27,29,33",,,,,,"H[5,9,14,16,25,26,29,35,36,39,45,46,50,57]|V[2,14,15,17,19,24,25,27,29,33]",416c9c0e4f9e06143d78fee04cbc7a8d1c4800ad
proposed_nsga2_bs_Gyorgy-KOVACS_WH_Wide_AW_5_seed_121,proposed_nsga2_bs,Gyorgy-KOVACS_WH_Wide_AW_5,121,15,auto_from_instance,12,18,4,30,216,,,,,2,1,8,root > V:15 > BH:26 > BH:5 > BH:14 > BH:25 > BH:36 > BH:45 > BV:24,selected,0,inf,True,497,247,250,385.0,1.0,1.0,True,True,1,1,0,True,1,1,0,0,True,True,0,14,10,14,10,1,LS_SS,sampled_pool,,,True,0.8888888888888888,0.9057901030025926,0.11111111111111116,0.1,adaptive,spacing_aware_flip,offspring,feasible_start_adaptive_spacing,,,,feasible_start_adaptive_spacing,0.5,,True,auto_from_instance,0.75,0.35,"5,9,14,16,25,26,29,35,36,39,45,46,50,57","2,14,15,17,19,24,25,27,29,33",,,,,,"H[5,9,14,16,25,26,29,35,36,39,45,46,50,57]|V[2,14,15,17,19,24,25,27,29,33]",4f5b467192e7c6ce4bc3fd69bf3ce13c31bd8ba0
proposed_nsga2_bs_Gyorgy-KOVACS_WH_Wide_AW_5_seed_121,proposed_nsga2_bs,Gyorgy-KOVACS_WH_Wide_AW_5,121,15,auto_from_instance,12,18,4,30,216,,,,,3,2,8,root > V:16 > BH:26 > BH:5 > BH:16 > BH:25 > BH:36 > BH:45 > BV:25,selected,0,1.745680106335844,True,517,238,279,368.0,1.0,1.0,True,True,1,1,0,True,1,1,0,0,True,True,0,14,11,14,11,2,PF_RP,sampled_pool,,,False,0.8888888888888888,0.9288992129947311,0.11111111111111116,0.1,adaptive,bit_flip,offspring,feasible_start_adaptive_spacing,,,,feasible_start_adaptive_spacing,0.5,,True,auto_from_instance,0.75,0.35,"5,9,14,16,26,27,35,36,39,45,46,50,56","2,12,14,16,18,19,23,24,25,27,29",,,,,,"H[5,9,14,16,25,26,27,35,36,39,45,46,50,56]|V[2,12,14,16,18,19,23,24,25,27,29]",559a078c3ea143504613077c561cb3124d66b767
proposed_nsga2_bs_Gyorgy-KOVACS_WH_Wide_AW_5_seed_121,proposed_nsga2_bs,Gyorgy-KOVACS_WH_Wide_AW_5,121,15,auto_from_instance,12,18,4,30,216,,,,,4,2,8,root > V:16 > BH:26 > BH:5 > BH:14 > BH:25 > BH:36 > BH:45 > BV:25,selected,0,0.0,True,517,238,279,368.0,1.0,1.0,True,True,1,1,0,True,1,1,0,0,True,True,0,14,11,14,11,2,PF_RP,sampled_pool,,,False,0.8888888888888888,0.9288992129947311,0.11111111111111116,0.1,adaptive,bit_flip,offspring,feasible_start_adaptive_spacing,,,,feasible_start_adaptive_spacing,0.5,,True,auto_from_instance,0.75,0.35,"5,9,14,16,26,27,35,36,39,45,46,50,56","2,12,14,16,18,19,23,24,25,27,29",,,,,,"H[5,9,14,16,25,26,27,35,36,39,45,46,50,56]|V[2,12,14,16,18,19,23,24,25,27,29]",6fcfc694894a367ef71d338faec4ce589ca685b5
proposed_nsga2_bs_Gyorgy-KOVACS_WH_Wide_AW_5_seed_121,proposed_nsga2_bs,Gyorgy-KOVACS_WH_Wide_AW_5,121,15,auto_from_instance,12,18,4,30,216,,,,,5,2,8,root > V:16 > BH:26 > BH:5 > BH:16 > BH:25 > BH:36 > BH:45 > BV:29,selected,1,inf,True,517,225,292,586.0,1.0,1.0,True,True,1,1,0,True,1,1,0,0,True,True,0,14,11,14,11,2,PF_RP,sampled_pool,,,False,0.8888888888888888,0.9288992129947311,0.11111111111111116,0.1,adaptive,bit_flip,offspring,feasible_start_adaptive_spacing,,,,feasible_start_adaptive_spacing,0.5,,True,auto_from_instance,0.75,0.35,"5,9,14,16,26,27,35,36,39,45,46,50,56","2,12,14,16,18,19,23,24,25,27,29",,,,,,"H[5,9,14,16,25,26,27,35,36,39,45,46,50,56]|V[2,12,14,16,18,19,23,24,25,27,29]",13a8831f3352523fe53b9477eb693b985fdfc37c
proposed_nsga2_bs_Gyorgy-KOVACS_WH_Wide_AW_5_seed_121,proposed_nsga2_bs,Gyorgy-KOVACS_WH_Wide_AW_5,121,15,auto_from_instance,12,18,4,30,216,,,,,6,2,8,root > V:16 > BH:26 > BH:5 > BH:14 > BH:25 > BH:36 > BH:45 > BV:29,selected,1,0.0,True,517,225,292,586.0,1.0,1.0,True,True,1,1,0,True,1,1,0,0,True,True,0,14,11,14,11,2,PF_RP,sampled_pool,,,False,0.8888888888888888,0.9288992129947311,0.11111111111111116,0.1,adaptive,bit_flip,offspring,feasible_start_adaptive_spacing,,,,feasible_start_adaptive_spacing,0.5,,True,auto_from_instance,0.75,0.35,"5,9,14,16,26,27,35,36,39,45,46,50,56","2,12,14,16,18,19,23,24,25,27,29",,,,,,"H[5,9,14,16,25,26,27,35,36,39,45,46,50,56]|V[2,12,14,16,18,19,23,24,25,27,29]",7e0f4d1a90907f684b7d565e90c4ddb6c1ba7c58
proposed_nsga2_bs_Gyorgy-KOVACS_WH_Wide_AW_5_seed_121,proposed_nsga2_bs,Gyorgy-KOVACS_WH_Wide_AW_5,121,15,auto_from_instance,12,18,4,30,216,,,,,7,4,4,root > V:27 > BH:26 > BV:17 > BV:17,selected,0,inf,True,567,256,311,311.0,1.0,1.0,True,True,1,1,0,True,1,1,0,0,True,True,0,12,10,12,10,4,SS,sampled_pool,,,True,0.8888888888888888,0.9055325329303773,0.11111111111111116,0.1,adaptive,bit_flip,offspring,feasible_start_adaptive_spacing,,,,feasible_start_adaptive_spacing,0.5,,True,auto_from_instance,0.75,0.35,"5,14,16,25,26,27,35,36,39,45,46,50","2,12,14,17,19,23,24,25,27,29",,,,,,"H[5,14,16,25,26,27,35,36,39,45,46,50]|V[2,12,14,17,19,23,24,25,27,29]",a8708aef2b1e3127a45cd25328e7b01fe876ac67
proposed_nsga2_bs_Gyorgy-KOVACS_WH_Wide_AW_5_seed_121,proposed_nsga2_bs,Gyorgy-KOVACS_WH_Wide_AW_5,121,15,auto_from_instance,12,18,4,30,216,,,,,8,4,4,root > V:29 > BH:26 > BV:19 > BV:19,selected,1,inf,True,557,202,355,408.0,1.0,1.0,True,True,1,1,0,True,1,1,0,0,True,True,0,12,10,12,10,4,SS,sampled_pool,,,True,0.8888888888888888,0.9055325329303773,0.11111111111111116,0.1,adaptive,bit_flip,offspring,feasible_start_adaptive_spacing,,,,feasible_start_adaptive_spacing,0.5,,True,auto_from_instance,0.75,0.35,"5,14,16,25,26,27,35,36,39,45,46,50","2,12,14,17,19,23,24,25,27,29",,,,,,"H[5,14,16,25,26,27,35,36,39,45,46,50]|V[2,12,14,17,19,23,24,25,27,29]",225a083d40a70add6d49c842c1ea1b7da9e91627
proposed_nsga2_bs_Gyorgy-KOVACS_WH_Wide_AW_5_seed_121,proposed_nsga2_bs,Gyorgy-KOVACS_WH_Wide_AW_5,121,15,auto_from_instance,12,18,4,30,216,,,,,9,4,4,root > V:29 > BH:26 > BV:19 > BV:17,evaluated,2,inf,False,557,202,355,458.0,1.0,1.0,True,True,1,1,0,True,1,1,0,0,True,True,0,12,10,12,10,4,SS,sampled_pool,,,True,0.8888888888888888,0.9055325329303773,0.11111111111111116,0.1,adaptive,bit_flip,offspring,feasible_start_adaptive_spacing,,,,feasible_start_adaptive_spacing,0.5,,True,auto_from_instance,0.75,0.35,"5,14,16,25,26,27,35,36,39,45,46,50","2,12,14,17,19,23,24,25,27,29",,,,,,"H[5,14,16,25,26,27,35,36,39,45,46,50]|V[2,12,14,17,19,23,24,25,27,29]",f590e28c4ca08f01adba87c9244bc357b1edb9bd
proposed_nsga2_bs_Gyorgy-KOVACS_WH_Wide_AW_5_seed_121,proposed_nsga2_bs,Gyorgy-KOVACS_WH_Wide_AW_5,121,15,auto_from_instance,12,18,4,30,216,,,,,10,4,4,root > V:29 > BH:26 > BV:19 > BV:17,evaluated,3,inf,False,557,202,355,460.0,1.0,1.0,True,True,1,1,0,True,1,1,0,0,True,True,0,12,10,12,10,4,SS,sampled_pool,,,True,0.8888888888888888,0.9055325329303773,0.11111111111111116,0.1,adaptive,bit_flip,offspring,feasible_start_adaptive_spacing,,,,feasible_start_adaptive_spacing,0.5,,True,auto_from_instance,0.75,0.35,"5,14,16,25,26,27,35,36,39,45,46,50","2,12,14,17,19,23,24,25,27,29",,,,,,"H[5,14,16,25,26,27,35,36,39,45,46,50]|V[2,12,14,17,19,23,24,25,27,29]",0ccd7482bc13afbeac630bd0faf7012fe4b70f5c
proposed_nsga2_bs_Gyorgy-KOVACS_WH_Wide_AW_5_seed_121,proposed_nsga2_bs,Gyorgy-KOVACS_WH_Wide_AW_5,121,15,auto_from_instance,12,18,4,30,216,,,,,11,6,4,root > V:29 > BH:26 > BV:17 > BV:17,evaluated,4,inf,False,557,202,355,510.0,1.0,1.0,True,True,1,1,0,True,1,1,0,0,True,True,0,14,11,14,11,6,SS_PF_LS,sampled_pool,,,True,0.8888888888888888,0.8646397742722789,0.11111111111111116,0.1,adaptive,break_symmetry,offspring,feasible_start_adaptive_spacing,,,,feasible_start_adaptive_spacing,0.5,,True,auto_from_instance,0.75,0.35,"5,9,14,16,25,26,27,35,36,39,45,46,50,56","2,14,16,18,19,23,24,25,26,29",,,,,,"H[5,9,14,16,25,26,27,35,36,39,45,46,50,56]|V[2,14,16,17,18,19,23,24,25,26,29]",01a64afdd46edf4dc6b60538f107b837ec4162f0
proposed_nsga2_bs_Gyorgy-KOVACS_WH_Wide_AW_5_seed_121,proposed_nsga2_bs,Gyorgy-KOVACS_WH_Wide_AW_5,121,15,auto_from_instance,12,18,4,30,216,,,,,12,7,6,root > V:19 > BH:26 > BH:5 > BH:16 > BH:29 > BH:44,evaluated,5,inf,False,662,179,483,1074.0,1.0,1.0,True,True,1,1,0,True,1,1,0,0,True,True,0,15,9,15,9,7,SS_PF_LS,sampled_pool,,,True,0.8888888888888888,0.93917373456291,0.11111111111111116,0.1,adaptive,remove_random_aisle,offspring,feasible_start_adaptive_spacing,,,,feasible_start_adaptive_spacing,0.5,,True,auto_from_instance,0.75,0.35,"5,9,14,16,25,26,27,35,36,39,45,46,50","2,12,14,16,19,24,25,27,33",,,,,,"H[5,9,14,16,25,26,27,29,35,36,39,44,45,46,50]|V[2,12,14,16,19,24,25,27,33]",9611f3f642c06fb0868eb707d4be9b5328b03a30
proposed_nsga2_bs_Gyorgy-KOVACS_WH_Wide_AW_5_seed_121,proposed_nsga2_bs,Gyorgy-KOVACS_WH_Wide_AW_5,121,15,auto_from_instance,12,18,4,30,216,,,,,13,7,6,root > V:19 > BH:26 > BH:47 > BH:35 > BH:23 > BH:9,evaluated,6,inf,False,662,178,484,1194.0,1.0,1.0,True,True,1,1,0,True,1,1,0,0,True,True,0,15,9,15,9,7,SS_PF_LS,sampled_pool,,,True,0.8888888888888888,0.93917373456291,0.11111111111111116,0.1,adaptive,remove_random_aisle,offspring,feasible_start_adaptive_spacing,,,,feasible_start_adaptive_spacing,0.5,,True,auto_from_instance,0.75,0.35,"5,9,14,16,25,26,27,35,36,39,45,46,50","2,12,14,16,19,24,25,27,33",,,,,,"H[5,9,14,16,23,25,26,27,35,36,39,45,46,47,50]|V[2,12,14,16,19,24,25,27,33]",897092111e4d642b83b355f9b7d25178527841b5
proposed_nsga2_bs_Gyorgy-KOVACS_WH_Wide_AW_5_seed_121,proposed_nsga2_bs,Gyorgy-KOVACS_WH_Wide_AW_5,121,15,auto_from_instance,12,18,4,30,216,,,,,14,7,6,root > V:19 > BH:26 > BH:47 > BH:37 > BH:23 > BH:9,evaluated,6,inf,False,662,179,483,1214.0,1.0,1.0,True,True,1,1,0,True,1,1,0,0,True,True,0,16,9,16,9,7,SS_PF_LS,sampled_pool,,,True,0.8888888888888888,0.93917373456291,0.11111111111111116,0.1,adaptive,remove_random_aisle,offspring,feasible_start_adaptive_spacing,,,,feasible_start_adaptive_spacing,0.5,,True,auto_from_instance,0.75,0.35,"5,9,14,16,25,26,27,35,36,39,45,46,50","2,12,14,16,19,24,25,27,33",,,,,,"H[5,9,14,16,23,25,26,27,35,36,37,39,45,46,47,50]|V[2,12,14,16,19,24,25,27,33]",627c2cc4912123f4d0addbc30fac72342d05eacd
proposed_nsga2_bs_Gyorgy-KOVACS_WH_Wide_AW_5_seed_121,proposed_nsga2_bs,Gyorgy-KOVACS_WH_Wide_AW_5,121,15,auto_from_instance,12,18,4,30,216,,,,,15,7,6,root > V:19 > BH:26 > BH:5 > BH:16 > BH:29 > BH:42,evaluated,7,inf,False,662,179,483,1324.0,1.0,1.0,True,True,1,1,0,True,1,1,0,0,True,True,0,15,9,15,9,7,SS_PF_LS,sampled_pool,,,True,0.8888888888888888,0.93917373456291,0.11111111111111116,0.1,adaptive,remove_random_aisle,offspring,feasible_start_adaptive_spacing,,,,feasible_start_adaptive_spacing,0.5,,True,auto_from_instance,0.75,0.35,"5,9,14,16,25,26,27,35,36,39,45,46,50","2,12,14,16,19,24,25,27,33",,,,,,"H[5,9,14,16,25,26,27,29,35,36,39,42,45,46,50]|V[2,12,14,16,19,24,25,27,33]",b1b263b53cc0e00a8016b395544d87837a0155d2
proposed_nsga2_bs_Gyorgy-KOVACS_WH_Wide_AW_5_seed_121,proposed_nsga2_bs,Gyorgy-KOVACS_WH_Wide_AW_5,121,15,auto_from_instance,12,18,4,30,216,,,,,16,10,7,root > V:17 > BH:26 > BH:5 > BH:16 > BH:25 > BH:36 > BH:47,selected,1,1.7259520320096775,True,572,220,352,507.0,1.0,1.0,True,True,1,1,0,True,1,1,0,0,True,True,0,15,11,15,11,10,PF_SS,sampled_pool,,,True,0.8888888888888888,0.7706635064930697,0.11111111111111116,0.1,adaptive,spacing_aware_flip,offspring,feasible_start_adaptive_spacing,,,,feasible_start_adaptive_spacing,0.5,,True,auto_from_instance,0.75,0.35,"5,9,14,16,25,26,29,35,36,39,45,46,50,56","2,12,14,17,19,23,24,25,27,29,34",,,,,,"H[5,9,14,16,25,26,29,35,36,39,45,46,47,50,56]|V[2,12,14,17,19,23,24,25,27,29,34]",173dd91401b4b71d9f20edd9e83506be465b9528
proposed_nsga2_bs_Gyorgy-KOVACS_WH_Wide_AW_5_seed_121,proposed_nsga2_bs,Gyorgy-KOVACS_WH_Wide_AW_5,121,15,auto_from_instance,12,18,4,30,216,,,,,17,10,7,root > V:17 > BH:26 > BH:5 > BH:14 > BH:25 > BH:36 > BH:47,selected,1,1.2740479679903227,True,572,220,352,507.0,1.0,1.0,True,True,1,1,0,True,1,1,0,0,True,True,0,15,11,15,11,10,PF_SS,sampled_pool,,,True,0.8888888888888888,0.7706635064930697,0.11111111111111116,0.1,adaptive,spacing_aware_flip,offspring,feasible_start_adaptive_spacing,,,,feasible_start_adaptive_spacing,0.5,,True,auto_from_instance,0.75,0.35,"5,9,14,16,25,26,29,35,36,39,45,46,50,56","2,12,14,17,19,23,24,25,27,29,34",,,,,,"H[5,9,14,16,25,26,29,35,36,39,45,46,47,50,56]|V[2,12,14,17,19,23,24,25,27,29,34]",e59e5dd5e1537a2d164e028d12bd66f538f0cb70
proposed_nsga2_bs_Gyorgy-KOVACS_WH_Wide_AW_5_seed_121,proposed_nsga2_bs,Gyorgy-KOVACS_WH_Wide_AW_5,121,15,auto_from_instance,12,18,4,30,216,,,,,18,10,7,root > V:17 > BH:26 > BH:5 > BH:16 > BH:25 > BH:36 > BH:45,evaluated,2,inf,False,572,220,352,711.0,1.0,1.0,True,True,1,1,0,True,1,1,0,0,True,True,0,14,11,14,11,10,PF_SS,sampled_pool,,,True,0.8888888888888888,0.7706635064930697,0.11111111111111116,0.1,adaptive,spacing_aware_flip,offspring,feasible_start_adaptive_spacing,,,,feasible_start_adaptive_spacing,0.5,,True,auto_from_instance,0.75,0.35,"5,9,14,16,25,26,29,35,36,39,45,46,50,56","2,12,14,17,19,23,24,25,27,29,34",,,,,,"H[5,9,14,16,25,26,29,35,36,39,45,46,50,56]|V[2,12,14,17,19,23,24,25,27,29,34]",854ec9b997ec508dda6ea9e399147d7a4b626ba8
proposed_nsga2_bs_Gyorgy-KOVACS_WH_Wide_AW_5_seed_121,proposed_nsga2_bs,Gyorgy-KOVACS_WH_Wide_AW_5,121,15,auto_from_instance,12,18,4,30,216,,,,,19,10,7,root > V:17 > BH:26 > BH:5 > BH:14 > BH:25 > BH:36 > BH:45,evaluated,2,inf,False,572,220,352,711.0,1.0,1.0,True,True,1,1,0,True,1,1,0,0,True,True,0,14,11,14,11,10,PF_SS,sampled_pool,,,True,0.8888888888888888,0.7706635064930697,0.11111111111111116,0.1,adaptive,spacing_aware_flip,offspring,feasible_start_adaptive_spacing,,,,feasible_start_adaptive_spacing,0.5,,True,auto_from_instance,0.75,0.35,"5,9,14,16,25,26,29,35,36,39,45,46,50,56","2,12,14,17,19,23,24,25,27,29,34",,,,,,"H[5,9,14,16,25,26,29,35,36,39,45,46,50,56]|V[2,12,14,17,19,23,24,25,27,29,34]",ef95c5265d039c602cc7246bb99c122e90a60068
proposed_nsga2_bs_Gyorgy-KOVACS_WH_Wide_AW_5_seed_121,proposed_nsga2_bs,Gyorgy-KOVACS_WH_Wide_AW_5,121,15,auto_from_instance,12,18,4,30,216,,,,,20,11,8,root > V:16 > BH:26 > BH:5 > BH:16 > BH:27 > BH:36 > BH:45 > BV:25,selected,0,inf,True,517,238,279,368.0,1.0,1.0,True,True,1,1,0,True,1,1,0,0,True,True,0,15,12,15,12,11,LS_PF,sampled_pool,,,False,0.8888888888888888,0.8294126763356716,0.11111111111111116,0.1,adaptive,swap_segments,offspring,feasible_start_adaptive_spacing,,,,feasible_start_adaptive_spacing,0.5,,True,auto_from_instance,0.75,0.35,"5,9,14,16,25,26,29,35,36,39,44,45,46,50","1,12,14,16,17,18,23,24,25,27,30,33",,,,,,"H[5,9,14,16,25,26,27,29,35,36,39,44,45,46,50]|V[1,12,14,16,17,18,23,24,25,27,30,33]",015ee1c8318bbe65f9d75b3878c91b9d7be2a076
proposed_nsga2_bs_Gyorgy-KOVACS_WH_Wide_AW_5_seed_121,proposed_nsga2_bs,Gyorgy-KOVACS_WH_Wide_AW_5,121,15,auto_from_instance,12,18,4,30,216,,,,,21,11,8,root > V:16 > BH:26 > BH:5 > BH:16 > BH:27 > BH:36 > BH:45 > BV:29,selected,1,inf,True,517,225,292,586.0,1.0,1.0,True,True,1,1,0,True,1,1,0,0,True,True,0,15,13,15,13,11,LS_PF,sampled_pool,,,False,0.8888888888888888,0.8294126763356716,0.11111111111111116,0.1,adaptive,swap_segments,offspring,feasible_start_adaptive_spacing,,,,feasible_start_adaptive_spacing,0.5,,True,auto_from_instance,0.75,0.35,"5,9,14,16,25,26,29,35,36,39,44,45,46,50","1,12,14,16,17,18,23,24,25,27,30,33",,,,,,"H[5,9,14,16,25,26,27,29,35,36,39,44,45,46,50]|V[1,12,14,16,17,18,23,24,25,27,29,30,33]",ed71c8d546062d956359fd31a02e14699e745412
proposed_nsga2_bs_Gyorgy-KOVACS_WH_Wide_AW_5_seed_121,proposed_nsga2_bs,Gyorgy-KOVACS_WH_Wide_AW_5,121,16,auto_from_instance,12,18,4,30,216,,,,,1,1,4,root > V:27 > BH:26 > BV:17 > BV:17,selected,0,inf,True,567,256,311,311.0,1.0,1.0,True,True,1,1,0,True,1,1,0,0,True,True,0,15,11,15,11,1,LS_PF,sampled_pool,,,False,0.9444444444444444,0.9708816550572612,0.1,0.1,adaptive,swap_segments,offspring,feasible_start_adaptive_spacing,,,,feasible_start_adaptive_spacing,0.5,,True,auto_from_instance,0.75,0.35,"5,6,9,15,16,25,26,27,29,35,39,44,46,50,57","2,12,14,16,19,24,25,27,29,33",,,,,,"H[5,6,9,15,16,25,26,27,29,35,39,44,46,50,57]|V[2,12,14,16,17,19,24,25,27,29,33]",a8708aef2b1e3127a45cd25328e7b01fe876ac67
proposed_nsga2_bs_Gyorgy-KOVACS_WH_Wide_AW_5_seed_121,proposed_nsga2_bs,Gyorgy-KOVACS_WH_Wide_AW_5,121,16,auto_from_instance,12,18,4,30,216,,,,,2,1,4,root > V:29 > BH:26 > BV:19 > BV:19,selected,1,inf,True,557,202,355,408.0,1.0,1.0,True,True,1,1,0,True,1,1,0,0,True,True,0,15,10,15,10,1,LS_PF,sampled_pool,,,False,0.9444444444444444,0.9708816550572612,0.1,0.1,adaptive,swap_segments,offspring,feasible_start_adaptive_spacing,,,,feasible_start_adaptive_spacing,0.5,,True,auto_from_instance,0.75,0.35,"5,6,9,15,16,25,26,27,29,35,39,44,46,50,57","2,12,14,16,19,24,25,27,29,33",,,,,,"H[5,6,9,15,16,25,26,27,29,35,39,44,46,50,57]|V[2,12,14,16,19,24,25,27,29,33]",225a083d40a70add6d49c842c1ea1b7da9e91627
proposed_nsga2_bs_Gyorgy-KOVACS_WH_Wide_AW_5_seed_121,proposed_nsga2_bs,Gyorgy-KOVACS_WH_Wide_AW_5,121,16,auto_from_instance,12,18,4,30,216,,,,,3,1,4,root > V:29 > BH:26 > BV:17 > BV:19,evaluated,3,inf,False,557,202,355,460.0,1.0,1.0,True,True,1,1,0,True,1,1,0,0,True,True,0,15,11,15,11,1,LS_PF,sampled_pool,,,False,0.9444444444444444,0.9708816550572612,0.1,0.1,adaptive,swap_segments,offspring,feasible_start_adaptive_spacing,,,,feasible_start_adaptive_spacing,0.5,,True,auto_from_instance,0.75,0.35,"5,6,9,15,16,25,26,27,29,35,39,44,46,50,57","2,12,14,16,19,24,25,27,29,33",,,,,,"H[5,6,9,15,16,25,26,27,29,35,39,44,46,50,57]|V[2,12,14,16,17,19,24,25,27,29,33]",0ccd7482bc13afbeac630bd0faf7012fe4b70f5c
proposed_nsga2_bs_Gyorgy-KOVACS_WH_Wide_AW_5_seed_121,proposed_nsga2_bs,Gyorgy-KOVACS_WH_Wide_AW_5,121,16,auto_from_instance,12,18,4,30,216,,,,,4,1,4,root > V:29 > BH:26 > BV:19 > BV:17,selected,2,inf,True,557,202,355,458.0,1.0,1.0,True,True,1,1,0,True,1,1,0,0,True,True,0,15,11,15,11,1,LS_PF,sampled_pool,,,False,0.9444444444444444,0.9708816550572612,0.1,0.1,adaptive,swap_segments,offspring,feasible_start_adaptive_spacing,,,,feasible_start_adaptive_spacing,0.5,,True,auto_from_instance,0.75,0.35,"5,6,9,15,16,25,26,27,29,35,39,44,46,50,57","2,12,14,16,19,24,25,27,29,33",,,,,,"H[5,6,9,15,16,25,26,27,29,35,39,44,46,50,57]|V[2,12,14,16,17,19,24,25,27,29,33]",f590e28c4ca08f01adba87c9244bc357b1edb9bd
proposed_nsga2_bs_Gyorgy-KOVACS_WH_Wide_AW_5_seed_121,proposed_nsga2_bs,Gyorgy-KOVACS_WH_Wide_AW_5,121,16,auto_from_instance,12,18,4,30,216,,,,,5,2,8,root > V:15 > BH:26 > BH:7 > BH:16 > BH:25 > BH:36 > BH:45 > BV:24,selected,1,inf,True,497,247,250,567.0,1.0,1.0,True,True,1,1,0,True,1,1,0,0,True,True,0,14,10,14,10,2,PF,sampled_pool,,,False,0.9444444444444444,0.9921447170041867,0.1,0.1,adaptive,remove_random_aisle,offspring,feasible_start_adaptive_spacing,,,,feasible_start_adaptive_spacing,0.5,,True,auto_from_instance,0.75,0.35,"5,9,14,16,25,26,35,36,39,45,46,50,56","2,14,15,17,18,19,23,24,27,29",,,,,,"H[5,7,9,14,16,25,26,35,36,39,45,46,50,56]|V[2,14,15,17,18,19,23,24,27,29]",bad25caaf4e753481b1b798360caa6634ad939f7
proposed_nsga2_bs_Gyorgy-KOVACS_WH_Wide_AW_5_seed_121,proposed_nsga2_bs,Gyorgy-KOVACS_WH_Wide_AW_5,121,16,auto_from_instance,12,18,4,30,216,,,,,6,2,8,root > V:15 > BH:26 > BH:5 > BH:16 > BH:25 > BH:36 > BH:45 > BV:24,selected,0,inf,True,497,247,250,385.0,1.0,1.0,True,True,1,1,0,True,1,1,0,0,True,True,0,13,10,13,10,2,PF,sampled_pool,,,False,0.9444444444444444,0.9921447170041867,0.1,0.1,adaptive,remove_random_aisle,offspring,feasible_start_adaptive_spacing,,,,feasible_start_adaptive_spacing,0.5,,True,auto_from_instance,0.75,0.35,"5,9,14,16,25,26,35,36,39,45,46,50,56","2,14,15,17,18,19,23,24,27,29",,,,,,"H[5,9,14,16,25,26,35,36,39,45,46,50,56]|V[2,14,15,17,18,19,23,24,27,29]",416c9c0e4f9e06143d78fee04cbc7a8d1c4800ad
proposed_nsga2_bs_Gyorgy-KOVACS_WH_Wide_AW_5_seed_121,proposed_nsga2_bs,Gyorgy-KOVACS_WH_Wide_AW_5,121,16,auto_from_instance,12,18,4,30,216,,,,,7,4,7,root > V:17 > BH:26 > BH:5 > BH:16 > BH:25 > BH:36 > BH:47,selected,1,2.1940700808625335,True,572,220,352,507.0,1.0,1.0,True,True,1,1,0,True,1,1,0,0,True,True,0,14,11,14,11,4,PF_SS_RP,sampled_pool,,,True,0.9444444444444444,0.8618081601322074,0.1,0.1,adaptive,bit_flip,offspring,feasible_start_adaptive_spacing,,,,feasible_start_adaptive_spacing,0.5,,True,auto_from_instance,0.75,0.35,"0,5,14,16,25,26,27,35,36,39,45,46,50","2,12,14,17,19,23,24,25,27,29,33",,,,,,"H[0,5,14,16,25,26,27,35,36,39,45,46,47,50]|V[2,12,14,17,19,23,24,25,27,29,33]",173dd91401b4b71d9f20edd9e83506be465b9528
proposed_nsga2_bs_Gyorgy-KOVACS_WH_Wide_AW_5_seed_121,proposed_nsga2_bs,Gyorgy-KOVACS_WH_Wide_AW_5,121,16,auto_from_instance,12,18,4,30,216,,,,,8,4,7,root > V:17 > BH:26 > BH:5 > BH:14 > BH:25 > BH:36 > BH:47,selected,1,0.8059299191374664,True,572,220,352,507.0,1.0,1.0,True,True,1,1,0,True,1,1,0,0,True,True,0,14,11,14,11,4,PF_SS_RP,sampled_pool,,,True,0.9444444444444444,0.8618081601322074,0.1,0.1,adaptive,bit_flip,offspring,feasible_start_adaptive_spacing,,,,feasible_start_adaptive_spacing,0.5,,True,auto_from_instance,0.75,0.35,"0,5,14,16,25,26,27,35,36,39,45,46,50","2,12,14,17,19,23,24,25,27,29,33",,,,,,"H[0,5,14,16,25,26,27,35,36,39,45,46,47,50]|V[2,12,14,17,19,23,24,25,27,29,33]",e59e5dd5e1537a2d164e028d12bd66f538f0cb70
proposed_nsga2_bs_Gyorgy-KOVACS_WH_Wide_AW_5_seed_121,proposed_nsga2_bs,Gyorgy-KOVACS_WH_Wide_AW_5,121,16,auto_from_instance,12,18,4,30,216,,,,,9,4,7,root > V:17 > BH:26 > BH:5 > BH:16 > BH:25 > BH:36 > BH:45,selected,3,inf,True,572,220,352,711.0,1.0,1.0,True,True,1,1,0,True,1,1,0,0,True,True,0,13,11,13,11,4,PF_SS_RP,sampled_pool,,,True,0.9444444444444444,0.8618081601322074,0.1,0.1,adaptive,bit_flip,offspring,feasible_start_adaptive_spacing,,,,feasible_start_adaptive_spacing,0.5,,True,auto_from_instance,0.75,0.35,"0,5,14,16,25,26,27,35,36,39,45,46,50","2,12,14,17,19,23,24,25,27,29,33",,,,,,"H[0,5,14,16,25,26,27,35,36,39,45,46,50]|V[2,12,14,17,19,23,24,25,27,29,33]",854ec9b997ec508dda6ea9e399147d7a4b626ba8
proposed_nsga2_bs_Gyorgy-KOVACS_WH_Wide_AW_5_seed_121,proposed_nsga2_bs,Gyorgy-KOVACS_WH_Wide_AW_5,121,16,auto_from_instance,12,18,4,30,216,,,,,10,4,7,root > V:17 > BH:26 > BH:5 > BH:14 > BH:25 > BH:36 > BH:45,evaluated,3,inf,False,572,220,352,711.0,1.0,1.0,True,True,1,1,0,True,1,1,0,0,True,True,0,13,11,13,11,4,PF_SS_RP,sampled_pool,,,True,0.9444444444444444,0.8618081601322074,0.1,0.1,adaptive,bit_flip,offspring,feasible_start_adaptive_spacing,,,,feasible_start_adaptive_spacing,0.5,,True,auto_from_instance,0.75,0.35,"0,5,14,16,25,26,27,35,36,39,45,46,50","2,12,14,17,19,23,24,25,27,29,33",,,,,,"H[0,5,14,16,25,26,27,35,36,39,45,46,50]|V[2,12,14,17,19,23,24,25,27,29,33]",ef95c5265d039c602cc7246bb99c122e90a60068
proposed_nsga2_bs_Gyorgy-KOVACS_WH_Wide_AW_5_seed_121,proposed_nsga2_bs,Gyorgy-KOVACS_WH_Wide_AW_5,121,16,auto_from_instance,12,18,4,30,216,,,,,11,5,8,root > V:16 > BH:26 > BH:5 > BH:16 > BH:27 > BH:36 > BH:45 > BV:25,selected,0,1.745680106335844,True,517,238,279,368.0,1.0,1.0,True,True,1,1,0,True,1,1,0,0,True,True,0,15,13,15,13,5,PF,sampled_pool,,,False,0.9444444444444444,0.9768063132770225,0.1,0.1,adaptive,insert_random_aisle,offspring,feasible_start_adaptive_spacing,,,,feasible_start_adaptive_spacing,0.5,,True,auto_from_instance,0.75,0.35,"5,9,14,16,25,26,27,29,35,36,39,44,45,46,50","1,12,14,16,17,18,23,24,25,27,29,30,33",,,,,,"H[5,9,14,16,25,26,27,29,35,36,39,44,45,46,50]|V[1,12,14,16,17,18,23,24,25,27,29,30,33]",015ee1c8318bbe65f9d75b3878c91b9d7be2a076
proposed_nsga2_bs_Gyorgy-KOVACS_WH_Wide_AW_5_seed_121,proposed_nsga2_bs,Gyorgy-KOVACS_WH_Wide_AW_5,121,16,auto_from_instance,12,18,4,30,216,,,,,12,5,8,root > V:16 > BH:26 > BH:5 > BH:16 > BH:25 > BH:36 > BH:45 > BV:25,selected,0,inf,True,517,238,279,368.0,1.0,1.0,True,True,1,1,0,True,1,1,0,0,True,True,0,15,13,15,13,5,PF,sampled_pool,,,False,0.9444444444444444,0.9768063132770225,0.1,0.1,adaptive,insert_random_aisle,offspring,feasible_start_adaptive_spacing,,,,feasible_start_adaptive_spacing,0.5,,True,auto_from_instance,0.75,0.35,"5,9,14,16,25,26,27,29,35,36,39,44,45,46,50","1,12,14,16,17,18,23,24,25,27,29,30,33",,,,,,"H[5,9,14,16,25,26,27,29,35,36,39,44,45,46,50]|V[1,12,14,16,17,18,23,24,25,27,29,30,33]",559a078c3ea143504613077c561cb3124d66b767
proposed_nsga2_bs_Gyorgy-KOVACS_WH_Wide_AW_5_seed_121,proposed_nsga2_bs,Gyorgy-KOVACS_WH_Wide_AW_5,121,16,auto_from_instance,12,18,4,30,216,,,,,13,5,8,root > V:16 > BH:26 > BH:5 > BH:16 > BH:27 > BH:36 > BH:45 > BV:29,selected,2,inf,True,517,225,292,586.0,1.0,1.0,True,True,1,1,0,True,1,1,0,0,True,True,0,15,13,15,13,5,PF,sampled_pool,,,False,0.9444444444444444,0.9768063132770225,0.1,0.1,adaptive,insert_random_aisle,offspring,feasible_start_adaptive_spacing,,,,feasible_start_adaptive_spacing,0.5,,True,auto_from_instance,0.75,0.35,"5,9,14,16,25,26,27,29,35,36,39,44,45,46,50","1,12,14,16,17,18,23,24,25,27,29,30,33",,,,,,"H[5,9,14,16,25,26,27,29,35,36,39,44,45,46,50]|V[1,12,14,16,17,18,23,24,25,27,29,30,33]",ed71c8d546062d956359fd31a02e14699e745412
proposed_nsga2_bs_Gyorgy-KOVACS_WH_Wide_AW_5_seed_121,proposed_nsga2_bs,Gyorgy-KOVACS_WH_Wide_AW_5,121,16,auto_from_instance,12,18,4,30,216,,,,,14,5,8,root > V:16 > BH:26 > BH:5 > BH:16 > BH:25 > BH:36 > BH:45 > BV:29,selected,2,inf,True,517,225,292,586.0,1.0,1.0,True,True,1,1,0,True,1,1,0,0,True,True,0,15,13,15,13,5,PF,sampled_pool,,,False,0.9444444444444444,0.9768063132770225,0.1,0.1,adaptive,insert_random_aisle,offspring,feasible_start_adaptive_spacing,,,,feasible_start_adaptive_spacing,0.5,,True,auto_from_instance,0.75,0.35,"5,9,14,16,25,26,27,29,35,36,39,44,45,46,50","1,12,14,16,17,18,23,24,25,27,29,30,33",,,,,,"H[5,9,14,16,25,26,27,29,35,36,39,44,45,46,50]|V[1,12,14,16,17,18,23,24,25,27,29,30,33]",13a8831f3352523fe53b9477eb693b985fdfc37c
proposed_nsga2_bs_Gyorgy-KOVACS_WH_Wide_AW_5_seed_121,proposed_nsga2_bs,Gyorgy-KOVACS_WH_Wide_AW_5,121,16,auto_from_instance,12,18,4,30,216,,,,,15,10,4,root > V:29 > BH:26 > BV:17 > BV:17,evaluated,4,inf,False,557,202,355,510.0,1.0,1.0,True,True,1,1,0,True,1,1,0,0,True,True,0,14,11,14,11,10,SS,sampled_pool,,,True,0.9444444444444444,1.0,0.1,0.1,adaptive,break_symmetry,offspring,feasible_start_adaptive_spacing,,,,feasible_start_adaptive_spacing,0.5,,True,auto_from_instance,0.75,0.35,"5,9,14,16,25,26,29,35,36,39,45,46,50,57","2,12,14,17,19,23,24,25,26,29,33",,,,,,"H[5,9,14,16,25,26,29,35,36,39,45,46,50,57]|V[2,12,14,17,19,23,24,25,26,29,33]",01a64afdd46edf4dc6b60538f107b837ec4162f0
proposed_nsga2_bs_Gyorgy-KOVACS_WH_Wide_AW_5_seed_121,proposed_nsga2_bs,Gyorgy-KOVACS_WH_Wide_AW_5,121,17,auto_from_instance,12,18,4,30,216,,,,,1,1,8,root > V:16 > BH:26 > BH:5 > BH:16 > BH:27 > BH:36 > BH:45 > BV:25,selected,0,1.745680106335844,True,517,238,279,368.0,1.0,1.0,True,True,1,1,0,True,1,1,0,0,True,True,0,15,10,15,10,1,PF_SS_RP,sampled_pool,,,True,1.0,1.0,0.1,0.1,adaptive,break_symmetry,offspring,feasible_start_adaptive_spacing,,,,feasible_start_adaptive_spacing,0.5,,True,auto_from_instance,0.75,0.35,"5,7,9,14,16,25,26,35,36,39,45,46,50,56","2,14,16,17,19,23,24,27,30",,,,,,"H[5,7,9,14,16,25,26,27,35,36,39,45,46,50,56]|V[2,14,16,17,19,23,24,25,27,30]",015ee1c8318bbe65f9d75b3878c91b9d7be2a076
proposed_nsga2_bs_Gyorgy-KOVACS_WH_Wide_AW_5_seed_121,proposed_nsga2_bs,Gyorgy-KOVACS_WH_Wide_AW_5,121,17,auto_from_instance,12,18,4,30,216,,,,,2,1,8,root > V:16 > BH:26 > BH:5 > BH:16 > BH:27 > BH:36 > BH:45 > BV:29,selected,2,inf,True,517,225,292,586.0,1.0,1.0,True,True,1,1,0,True,1,1,0,0,True,True,0,15,10,15,10,1,PF_SS_RP,sampled_pool,,,True,1.0,1.0,0.1,0.1,adaptive,break_symmetry,offspring,feasible_start_adaptive_spacing,,,,feasible_start_adaptive_spacing,0.5,,True,auto_from_instance,0.75,0.35,"5,7,9,14,16,25,26,35,36,39,45,46,50,56","2,14,16,17,19,23,24,27,30",,,,,,"H[5,7,9,14,16,25,26,27,35,36,39,45,46,50,56]|V[2,14,16,17,19,23,24,27,29,30]",ed71c8d546062d956359fd31a02e14699e745412
proposed_nsga2_bs_Gyorgy-KOVACS_WH_Wide_AW_5_seed_121,proposed_nsga2_bs,Gyorgy-KOVACS_WH_Wide_AW_5,121,17,auto_from_instance,12,18,4,30,216,,,,,3,2,8,root > V:15 > BH:26 > BH:5 > BH:16 > BH:25 > BH:36 > BH:45 > BV:24,selected,0,inf,True,497,247,250,385.0,1.0,1.0,True,True,1,1,0,True,1,1,0,0,True,True,0,18,12,18,12,2,PF_LS_RP,sampled_pool,,,False,1.0,0.9645554404612583,0.1,0.1,adaptive,insert_random_aisle,offspring,feasible_start_adaptive_spacing,,,,feasible_start_adaptive_spacing,0.5,,True,auto_from_instance,0.75,0.35,"5,6,9,15,16,19,25,26,27,29,35,39,44,46,50,57","2,12,14,15,17,18,19,24,25,27,29,33",,,,,,"H[5,6,9,15,16,19,25,26,27,29,35,36,39,44,45,46,50,57]|V[2,12,14,15,17,18,19,24,25,27,29,33]",416c9c0e4f9e06143d78fee04cbc7a8d1c4800ad
proposed_nsga2_bs_Gyorgy-KOVACS_WH_Wide_AW_5_seed_121,proposed_nsga2_bs,Gyorgy-KOVACS_WH_Wide_AW_5,121,17,auto_from_instance,12,18,4,30,216,,,,,4,3,8,root > V:15 > BH:26 > BH:7 > BH:16 > BH:25 > BH:36 > BH:45 > BV:24,selected,1,inf,True,497,247,250,567.0,1.0,1.0,True,True,1,1,0,True,1,1,0,0,True,True,0,17,10,17,10,3,LS_PF,sampled_pool,,,False,1.0,0.9993228593831552,0.1,0.1,adaptive,swap_segments,offspring,feasible_start_adaptive_spacing,,,,feasible_start_adaptive_spacing,0.5,,True,auto_from_instance,0.75,0.35,"5,6,9,15,16,25,26,27,29,35,36,39,45,46,50,56","0,2,14,15,17,18,19,23,24,29",,,,,,"H[5,6,7,9,15,16,25,26,27,29,35,36,39,45,46,50,56]|V[0,2,14,15,17,18,19,23,24,29]",bad25caaf4e753481b1b798360caa6634ad939f7
proposed_nsga2_bs_Gyorgy-KOVACS_WH_Wide_AW_5_seed_121,proposed_nsga2_bs,Gyorgy-KOVACS_WH_Wide_AW_5,121,17,auto_from_instance,12,18,4,30,216,,,,,5,5,4,root > V:27 > BH:26 > BV:17 > BV:17,selected,0,inf,True,567,256,311,311.0,1.0,1.0,True,True,1,1,0,True,1,1,0,0,True,True,0,16,12,16,12,5,SS,sampled_pool,,,True,1.0,0.9226408463398716,0.1,0.1,adaptive,swap_segments,offspring,feasible_start_adaptive_spacing,,,,feasible_start_adaptive_spacing,0.5,,True,auto_from_instance,0.75,0.35,"5,6,9,15,16,25,26,29,35,39,44,45,46,50,54,57","2,12,14,16,17,18,23,24,25,27,29,33",,,,,,"H[5,6,9,15,16,25,26,29,35,39,44,45,46,50,54,57]|V[2,12,14,16,17,18,23,24,25,27,29,33]",a8708aef2b1e3127a45cd25328e7b01fe876ac67
proposed_nsga2_bs_Gyorgy-KOVACS_WH_Wide_AW_5_seed_121,proposed_nsga2_bs,Gyorgy-KOVACS_WH_Wide_AW_5,121,17,auto_from_instance,12,18,4,30,216,,,,,6,5,4,root > V:29 > BH:26 > BV:19 > BV:19,selected,1,inf,True,557,202,355,408.0,1.0,1.0,True,True,1,1,0,True,1,1,0,0,True,True,0,16,13,16,13,5,SS,sampled_pool,,,True,1.0,0.9226408463398716,0.1,0.1,adaptive,swap_segments,offspring,feasible_start_adaptive_spacing,,,,feasible_start_adaptive_spacing,0.5,,True,auto_from_instance,0.75,0.35,"5,6,9,15,16,25,26,29,35,39,44,45,46,50,54,57","2,12,14,16,17,18,23,24,25,27,29,33",,,,,,"H[5,6,9,15,16,25,26,29,35,39,44,45,46,50,54,57]|V[2,12,14,16,17,18,19,23,24,25,27,29,33]",225a083d40a70add6d49c842c1ea1b7da9e91627
proposed_nsga2_bs_Gyorgy-KOVACS_WH_Wide_AW_5_seed_121,proposed_nsga2_bs,Gyorgy-KOVACS_WH_Wide_AW_5,121,17,auto_from_instance,12,18,4,30,216,,,,,7,5,4,root > V:29 > BH:26 > BV:19 > BV:17,selected,2,inf,True,557,202,355,458.0,1.0,1.0,True,True,1,1,0,True,1,1,0,0,True,True,0,16,13,16,13,5,SS,sampled_pool,,,True,1.0,0.9226408463398716,0.1,0.1,adaptive,swap_segments,offspring,feasible_start_adaptive_spacing,,,,feasible_start_adaptive_spacing,0.5,,True,auto_from_instance,0.75,0.35,"5,6,9,15,16,25,26,29,35,39,44,45,46,50,54,57","2,12,14,16,17,18,23,24,25,27,29,33",,,,,,"H[5,6,9,15,16,25,26,29,35,39,44,45,46,50,54,57]|V[2,12,14,16,17,18,19,23,24,25,27,29,33]",f590e28c4ca08f01adba87c9244bc357b1edb9bd
proposed_nsga2_bs_Gyorgy-KOVACS_WH_Wide_AW_5_seed_121,proposed_nsga2_bs,Gyorgy-KOVACS_WH_Wide_AW_5,121,17,auto_from_instance,12,18,4,30,216,,,,,8,5,4,root > V:29 > BH:26 > BV:19 > BV:17,selected,3,inf,True,557,202,355,460.0,1.0,1.0,True,True,1,1,0,True,1,1,0,0,True,True,0,16,13,16,13,5,SS,sampled_pool,,,True,1.0,0.9226408463398716,0.1,0.1,adaptive,swap_segments,offspring,feasible_start_adaptive_spacing,,,,feasible_start_adaptive_spacing,0.5,,True,auto_from_instance,0.75,0.35,"5,6,9,15,16,25,26,29,35,39,44,45,46,50,54,57","2,12,14,16,17,18,23,24,25,27,29,33",,,,,,"H[5,6,9,15,16,25,26,29,35,39,44,45,46,50,54,57]|V[2,12,14,16,17,18,19,23,24,25,27,29,33]",0ccd7482bc13afbeac630bd0faf7012fe4b70f5c
proposed_nsga2_bs_Gyorgy-KOVACS_WH_Wide_AW_5_seed_121,proposed_nsga2_bs,Gyorgy-KOVACS_WH_Wide_AW_5,121,17,auto_from_instance,12,18,4,30,216,,,,,9,8,8,root > V:16 > BH:26 > BH:5 > BH:16 > BH:25 > BH:36 > BH:45 > BV:25,selected,0,0.0,True,517,238,279,368.0,1.0,1.0,True,True,1,1,0,True,1,1,0,0,True,True,0,15,12,15,12,8,PF_LS,sampled_pool,,,False,1.0,1.0,0.1,0.1,adaptive,spacing_aware_flip,offspring,feasible_start_adaptive_spacing,,,,feasible_start_adaptive_spacing,0.5,,True,auto_from_instance,0.75,0.35,"0,5,9,14,16,25,26,27,35,36,39,45,46,50,56","1,12,14,16,17,18,23,24,25,27,29,33",,,,,,"H[0,5,9,14,16,25,26,27,35,36,39,45,46,50,56]|V[1,12,14,16,17,18,23,24,25,27,29,33]",559a078c3ea143504613077c561cb3124d66b767
proposed_nsga2_bs_Gyorgy-KOVACS_WH_Wide_AW_5_seed_121,proposed_nsga2_bs,Gyorgy-KOVACS_WH_Wide_AW_5,121,17,auto_from_instance,12,18,4,30,216,,,,,10,8,8,root > V:16 > BH:26 > BH:5 > BH:16 > BH:25 > BH:36 > BH:45 > BV:29,selected,2,0.0,True,517,225,292,586.0,1.0,1.0,True,True,1,1,0,True,1,1,0,0,True,True,0,15,12,15,12,8,PF_LS,sampled_pool,,,False,1.0,1.0,0.1,0.1,adaptive,spacing_aware_flip,offspring,feasible_start_adaptive_spacing,,,,feasible_start_adaptive_spacing,0.5,,True,auto_from_instance,0.75,0.35,"0,5,9,14,16,25,26,27,35,36,39,45,46,50,56","1,12,14,16,17,18,23,24,25,27,29,33",,,,,,"H[0,5,9,14,16,25,26,27,35,36,39,45,46,50,56]|V[1,12,14,16,17,18,23,24,25,27,29,33]",13a8831f3352523fe53b9477eb693b985fdfc37c
proposed_nsga2_bs_Gyorgy-KOVACS_WH_Wide_AW_5_seed_121,proposed_nsga2_bs,Gyorgy-KOVACS_WH_Wide_AW_5,121,17,auto_from_instance,12,18,4,30,216,,,,,11,11,8,root > V:16 > BH:26 > BH:5 > BH:14 > BH:25 > BH:36 > BH:45 > BV:25,selected,0,inf,True,517,238,279,368.0,1.0,1.0,True,True,1,1,0,True,1,1,0,0,True,True,0,18,10,18,10,11,PF_LS_RP,sampled_pool,,,False,1.0,0.9907742786374656,0.1,0.1,adaptive,remove_random_aisle,offspring,feasible_start_adaptive_spacing,,,,feasible_start_adaptive_spacing,0.5,,True,auto_from_instance,0.75,0.35,"5,6,9,15,16,25,26,27,29,35,39,44,46,50,57","2,12,14,16,17,19,24,25,29,33",,,,,,"H[5,6,9,14,15,16,25,26,27,29,35,36,39,44,45,46,50,57]|V[2,12,14,16,17,19,24,25,29,33]",6fcfc694894a367ef71d338faec4ce589ca685b5
proposed_nsga2_bs_Gyorgy-KOVACS_WH_Wide_AW_5_seed_121,proposed_nsga2_bs,Gyorgy-KOVACS_WH_Wide_AW_5,121,17,auto_from_instance,12,18,4,30,216,,,,,12,11,8,root > V:16 > BH:26 > BH:5 > BH:14 > BH:25 > BH:36 > BH:45 > BV:29,selected,2,inf,True,517,225,292,586.0,1.0,1.0,True,True,1,1,0,True,1,1,0,0,True,True,0,18,10,18,10,11,PF_LS_RP,sampled_pool,,,False,1.0,0.9907742786374656,0.1,0.1,adaptive,remove_random_aisle,offspring,feasible_start_adaptive_spacing,,,,feasible_start_adaptive_spacing,0.5,,True,auto_from_instance,0.75,0.35,"5,6,9,15,16,25,26,27,29,35,39,44,46,50,57","2,12,14,16,17,19,24,25,29,33",,,,,,"H[5,6,9,14,15,16,25,26,27,29,35,36,39,44,45,46,50,57]|V[2,12,14,16,17,19,24,25,29,33]",7e0f4d1a90907f684b7d565e90c4ddb6c1ba7c58
