run_id,method,instance,seed,generation,budget_policy,auto_population_size,auto_generations,auto_beam_width,auto_max_depth,auto_decode_budget,restart_index,batch_index,within_batch_index,decode_budget,candidate_id,parent_chromosome_id,depth,trace,status,rank,crowding_distance,selected,storage_total,pick_faces,interior_storage,retrieval_penalty,door_connectivity_index,access_anchor_connectivity_index,has_door_connected_aisle,has_access_anchor_connected_aisle,aisle_components,anchor_connected_components,unanchored_aisle_components,single_aisle_component,access_network_components,aisle_access_network_components,unreachable_aisle_components,unreachable_aisle_cells,has_access_anchor_reachable_aisle_network,exact_width_ok,exact_width_violation_count,chromosome_h_active_count,chromosome_v_active_count,active_h_count,active_v_count,chromosome_index,sorting_rule,sorting_rule_mode,bs_rule_policy,bs_weight_policy,uses_scalar_score,rho,beam_w1,beam_w2,beam_lambda,adaptive_weight_mode,mutation_operator,initialization_mode,initialization_spacing_mode,adaptive_spacing_used,feasible_h_start_count,feasible_v_start_count,adaptive_spacing_mode,adaptive_spacing_alpha,adaptive_spacing_bf,auto_params_used,parameter_source,beta_h,beta_v,h_active_starts,v_active_starts,terminal,safety_max_depth_reached,feasible,feasibility_reason,storage_block_count,chromosome_signature,layout_signature
proposed_nsga2_bs_Gyorgy-KOVACS_WH_Wide_AW_5_seed_120,proposed_nsga2_bs,Gyorgy-KOVACS_WH_Wide_AW_5,120,0,auto_from_instance,12,18,4,30,216,,,,,1,1,7,root > V:17 > BH:26 > BH:5 > BH:16 > BH:25 > BH:36 > BH:47,selected,1,inf,True,572,220,352,507.0,1.0,1.0,True,True,1,1,0,True,1,1,0,0,True,True,0,8,1,8,1,1,PF_LS_RP,sampled_pool,,,False,0.05555555555555555,0.5,0.5,0.1,fixed,,feasible_start_adaptive_spacing,feasible_start_adaptive_spacing,True,42,11,feasible_start_adaptive_spacing,0.5,,True,auto_from_instance,0.75,0.35,"12,36,49",17,,,,,,"H[5,12,16,25,26,36,47,49]|V[17]",173dd91401b4b71d9f20edd9e83506be465b9528
proposed_nsga2_bs_Gyorgy-KOVACS_WH_Wide_AW_5_seed_120,proposed_nsga2_bs,Gyorgy-KOVACS_WH_Wide_AW_5,120,0,auto_from_instance,12,18,4,30,216,,,,,2,1,7,root > V:17 > BH:26 > BH:5 > BH:14 > BH:25 > BH:36 > BH:47,selected,1,inf,True,572,220,352,507.0,1.0,1.0,True,True,1,1,0,True,1,1,0,0,True,True,0,8,1,8,1,1,PF_LS_RP,sampled_pool,,,False,0.05555555555555555,0.5,0.5,0.1,fixed,,feasible_start_adaptive_spacing,feasible_start_adaptive_spacing,True,42,11,feasible_start_adaptive_spacing,0.5,,True,auto_from_instance,0.75,0.35,"12,36,49",17,,,,,,"H[5,12,14,25,26,36,47,49]|V[17]",e59e5dd5e1537a2d164e028d12bd66f538f0cb70
proposed_nsga2_bs_Gyorgy-KOVACS_WH_Wide_AW_5_seed_120,proposed_nsga2_bs,Gyorgy-KOVACS_WH_Wide_AW_5,120,0,auto_from_instance,12,18,4,30,216,,,,,3,1,7,root > V:17 > BH:26 > BH:7 > BH:16 > BH:25 > BH:36 > BH:47,selected,3,inf,True,572,220,352,663.0,1.0,1.0,True,True,1,1,0,True,1,1,0,0,True,True,0,8,1,8,1,1,PF_LS_RP,sampled_pool,,,False,0.05555555555555555,0.5,0.5,0.1,fixed,,feasible_start_adaptive_spacing,feasible_start_adaptive_spacing,True,42,11,feasible_start_adaptive_spacing,0.5,,True,auto_from_instance,0.75,0.35,"12,36,49",17,,,,,,"H[7,12,16,25,26,36,47,49]|V[17]",61426df39d9f05da4c561d5073d32a1cf777516d
proposed_nsga2_bs_Gyorgy-KOVACS_WH_Wide_AW_5_seed_120,proposed_nsga2_bs,Gyorgy-KOVACS_WH_Wide_AW_5,120,0,auto_from_instance,12,18,4,30,216,,,,,4,1,7,root > V:17 > BH:26 > BH:5 > BH:16 > BH:25 > BH:36 > BH:45,selected,4,inf,True,572,220,352,711.0,1.0,1.0,True,True,1,1,0,True,1,1,0,0,True,True,0,8,1,8,1,1,PF_LS_RP,sampled_pool,,,False,0.05555555555555555,0.5,0.5,0.1,fixed,,feasible_start_adaptive_spacing,feasible_start_adaptive_spacing,True,42,11,feasible_start_adaptive_spacing,0.5,,True,auto_from_instance,0.75,0.35,"12,36,49",17,,,,,,"H[5,12,16,25,26,36,45,49]|V[17]",854ec9b997ec508dda6ea9e399147d7a4b626ba8
proposed_nsga2_bs_Gyorgy-KOVACS_WH_Wide_AW_5_seed_120,proposed_nsga2_bs,Gyorgy-KOVACS_WH_Wide_AW_5,120,0,auto_from_instance,12,18,4,30,216,,,,,5,2,5,root > H:12 > BH:35 > BV:25 > BV:23 > BH:25,evaluated,9,inf,False,717,166,551,1302.0,1.0,1.0,True,True,1,1,0,True,1,1,0,0,True,True,0,4,4,4,4,2,SS_PF_LS,sampled_pool,,,True,0.05555555555555555,0.5,0.5,0.1,fixed,,feasible_start_adaptive_spacing,feasible_start_adaptive_spacing,True,42,11,feasible_start_adaptive_spacing,0.5,,True,auto_from_instance,0.75,0.35,"12,25,42","15,18",,,,,,"H[12,25,35,42]|V[15,18,23,25]",1cc7eaed918e4f519203cba9ec1a825ac3c84cb8
proposed_nsga2_bs_Gyorgy-KOVACS_WH_Wide_AW_5_seed_120,proposed_nsga2_bs,Gyorgy-KOVACS_WH_Wide_AW_5,120,0,auto_from_instance,12,18,4,30,216,,,,,6,2,5,root > H:42 > BH:17 > BV:25 > BV:23 > BH:28,evaluated,11,inf,False,727,160,567,1374.0,1.0,1.0,True,True,1,1,0,True,1,1,0,0,True,True,0,5,4,5,4,2,SS_PF_LS,sampled_pool,,,True,0.05555555555555555,0.5,0.5,0.1,fixed,,feasible_start_adaptive_spacing,feasible_start_adaptive_spacing,True,42,11,feasible_start_adaptive_spacing,0.5,,True,auto_from_instance,0.75,0.35,"12,25,42","15,18",,,,,,"H[12,17,25,28,42]|V[15,18,23,25]",84fd7ee6a7b6d2db503c1298e03b9ac9ecff46c4
proposed_nsga2_bs_Gyorgy-KOVACS_WH_Wide_AW_5_seed_120,proposed_nsga2_bs,Gyorgy-KOVACS_WH_Wide_AW_5,120,0,auto_from_instance,12,18,4,30,216,,,,,7,2,5,root > H:12 > BH:35 > BV:25 > BV:23 > BH:23,evaluated,10,inf,False,717,164,553,1302.0,1.0,1.0,True,True,1,1,0,True,1,1,0,0,True,True,0,5,4,5,4,2,SS_PF_LS,sampled_pool,,,True,0.05555555555555555,0.5,0.5,0.1,fixed,,feasible_start_adaptive_spacing,feasible_start_adaptive_spacing,True,42,11,feasible_start_adaptive_spacing,0.5,,True,auto_from_instance,0.75,0.35,"12,25,42","15,18",,,,,,"H[12,23,25,35,42]|V[15,18,23,25]",e473f875172d63ae524026924af44e3e603127e2
proposed_nsga2_bs_Gyorgy-KOVACS_WH_Wide_AW_5_seed_120,proposed_nsga2_bs,Gyorgy-KOVACS_WH_Wide_AW_5,120,0,auto_from_instance,12,18,4,30,216,,,,,8,2,5,root > H:12 > BH:35 > BV:23 > BV:23 > BH:25,evaluated,10,inf,False,717,166,551,1421.0,1.0,1.0,True,True,1,1,0,True,1,1,0,0,True,True,0,4,3,4,3,2,SS_PF_LS,sampled_pool,,,True,0.05555555555555555,0.5,0.5,0.1,fixed,,feasible_start_adaptive_spacing,feasible_start_adaptive_spacing,True,42,11,feasible_start_adaptive_spacing,0.5,,True,auto_from_instance,0.75,0.35,"12,25,42","15,18",,,,,,"H[12,25,35,42]|V[15,18,23]",74e58e2f7e9281172062a2823ce829aa49b60e9e
proposed_nsga2_bs_Gyorgy-KOVACS_WH_Wide_AW_5_seed_120,proposed_nsga2_bs,Gyorgy-KOVACS_WH_Wide_AW_5,120,0,auto_from_instance,12,18,4,30,216,,,,,9,3,5,root > H:3 > BH:14 > BH:25 > BH:48 > BH:38,selected,3,inf,True,647,210,437,651.0,1.0,1.0,True,True,1,1,0,True,1,1,0,0,True,True,0,7,1,7,1,3,PF_LS_RP,sampled_pool,,,False,0.05555555555555555,0.5,0.5,0.1,fixed,,feasible_start_adaptive_spacing,feasible_start_adaptive_spacing,True,42,11,feasible_start_adaptive_spacing,0.5,,True,auto_from_instance,0.75,0.35,"3,16,40",28,,,,,,"H[3,14,16,25,38,40,48]|V[28]",ecc5fe26d91e272ef609c8ae041b98e1ae37a63a
proposed_nsga2_bs_Gyorgy-KOVACS_WH_Wide_AW_5_seed_120,proposed_nsga2_bs,Gyorgy-KOVACS_WH_Wide_AW_5,120,0,auto_from_instance,12,18,4,30,216,,,,,10,3,5,root > H:3 > BH:14 > BH:25 > BH:48 > BH:36,selected,3,inf,True,647,210,437,651.0,1.0,1.0,True,True,1,1,0,True,1,1,0,0,True,True,0,7,1,7,1,3,PF_LS_RP,sampled_pool,,,False,0.05555555555555555,0.5,0.5,0.1,fixed,,feasible_start_adaptive_spacing,feasible_start_adaptive_spacing,True,42,11,feasible_start_adaptive_spacing,0.5,,True,auto_from_instance,0.75,0.35,"3,16,40",28,,,,,,"H[3,14,16,25,36,40,48]|V[28]",9084aedc16c902062a99cad3d274615162aa34f1
proposed_nsga2_bs_Gyorgy-KOVACS_WH_Wide_AW_5_seed_120,proposed_nsga2_bs,Gyorgy-KOVACS_WH_Wide_AW_5,120,0,auto_from_instance,12,18,4,30,216,,,,,11,3,5,root > H:3 > BH:16 > BH:25 > BH:48 > BH:38,evaluated,4,1.6643627970806563,False,647,210,437,693.0,1.0,1.0,True,True,1,1,0,True,1,1,0,0,True,True,0,6,1,6,1,3,PF_LS_RP,sampled_pool,,,False,0.05555555555555555,0.5,0.5,0.1,fixed,,feasible_start_adaptive_spacing,feasible_start_adaptive_spacing,True,42,11,feasible_start_adaptive_spacing,0.5,,True,auto_from_instance,0.75,0.35,"3,16,40",28,,,,,,"H[3,16,25,38,40,48]|V[28]",3a293fb7ce0dfb3604bb77ef4b480ccb13e5f134
proposed_nsga2_bs_Gyorgy-KOVACS_WH_Wide_AW_5_seed_120,proposed_nsga2_bs,Gyorgy-KOVACS_WH_Wide_AW_5,120,0,auto_from_instance,12,18,4,30,216,,,,,12,3,5,root > H:3 > BH:16 > BH:25 > BH:48 > BH:36,evaluated,4,inf,False,647,210,437,693.0,1.0,1.0,True,True,1,1,0,True,1,1,0,0,True,True,0,6,1,6,1,3,PF_LS_RP,sampled_pool,,,False,0.05555555555555555,0.5,0.5,0.1,fixed,,feasible_start_adaptive_spacing,feasible_start_adaptive_spacing,True,42,11,feasible_start_adaptive_spacing,0.5,,True,auto_from_instance,0.75,0.35,"3,16,40",28,,,,,,"H[3,16,25,36,40,48]|V[28]",4d0fb3800dc02dec389a5b6b8d18f26228ddad32
proposed_nsga2_bs_Gyorgy-KOVACS_WH_Wide_AW_5_seed_120,proposed_nsga2_bs,Gyorgy-KOVACS_WH_Wide_AW_5,120,0,auto_from_instance,12,18,4,30,216,,,,,13,4,7,root > V:21 > BH:26 > BH:7 > BH:16 > BH:25 > BH:36 > BH:47,evaluated,6,inf,False,652,180,472,867.0,1.0,1.0,True,True,1,1,0,True,1,1,0,0,True,True,0,8,1,8,1,4,LS_PF,sampled_pool,,,False,0.05555555555555555,0.5,0.5,0.1,fixed,,feasible_start_adaptive_spacing,feasible_start_adaptive_spacing,True,42,11,feasible_start_adaptive_spacing,0.5,,True,auto_from_instance,0.75,0.35,"13,26,37",21,,,,,,"H[7,13,16,25,26,36,37,47]|V[21]",b7080d9cb61c36aedc6f73cfe3724fe27e5ce9c6
proposed_nsga2_bs_Gyorgy-KOVACS_WH_Wide_AW_5_seed_120,proposed_nsga2_bs,Gyorgy-KOVACS_WH_Wide_AW_5,120,0,auto_from_instance,12,18,4,30,216,,,,,14,4,7,root > V:21 > BH:26 > BH:7 > BH:16 > BH:25 > BH:36 > BH:45,evaluated,8,inf,False,652,180,472,1003.0,1.0,1.0,True,True,1,1,0,True,1,1,0,0,True,True,0,8,1,8,1,4,LS_PF,sampled_pool,,,False,0.05555555555555555,0.5,0.5,0.1,fixed,,feasible_start_adaptive_spacing,feasible_start_adaptive_spacing,True,42,11,feasible_start_adaptive_spacing,0.5,,True,auto_from_instance,0.75,0.35,"13,26,37",21,,,,,,"H[7,13,16,25,26,36,37,45]|V[21]",d9acb5a2d76831a253605873154ad9c08a716749
proposed_nsga2_bs_Gyorgy-KOVACS_WH_Wide_AW_5_seed_120,proposed_nsga2_bs,Gyorgy-KOVACS_WH_Wide_AW_5,120,0,auto_from_instance,12,18,4,30,216,,,,,15,4,7,root > V:21 > BH:26 > BH:5 > BH:16 > BH:25 > BH:36 > BH:47,evaluated,5,inf,False,652,180,472,763.0,1.0,1.0,True,True,1,1,0,True,1,1,0,0,True,True,0,8,1,8,1,4,LS_PF,sampled_pool,,,False,0.05555555555555555,0.5,0.5,0.1,fixed,,feasible_start_adaptive_spacing,feasible_start_adaptive_spacing,True,42,11,feasible_start_adaptive_spacing,0.5,,True,auto_from_instance,0.75,0.35,"13,26,37",21,,,,,,"H[5,13,16,25,26,36,37,47]|V[21]",01a90fb20467da592e93711ac8a849c3053fcfd6
proposed_nsga2_bs_Gyorgy-KOVACS_WH_Wide_AW_5_seed_120,proposed_nsga2_bs,Gyorgy-KOVACS_WH_Wide_AW_5,120,0,auto_from_instance,12,18,4,30,216,,,,,16,4,7,root > V:21 > BH:26 > BH:5 > BH:16 > BH:25 > BH:36 > BH:45,evaluated,7,inf,False,652,180,472,899.0,1.0,1.0,True,True,1,1,0,True,1,1,0,0,True,True,0,8,1,8,1,4,LS_PF,sampled_pool,,,False,0.05555555555555555,0.5,0.5,0.1,fixed,,feasible_start_adaptive_spacing,feasible_start_adaptive_spacing,True,42,11,feasible_start_adaptive_spacing,0.5,,True,auto_from_instance,0.75,0.35,"13,26,37",21,,,,,,"H[5,13,16,25,26,36,37,45]|V[21]",8e88c0c464d5e2054bb58e24df478d0e262d6485
proposed_nsga2_bs_Gyorgy-KOVACS_WH_Wide_AW_5_seed_120,proposed_nsga2_bs,Gyorgy-KOVACS_WH_Wide_AW_5,120,0,auto_from_instance,12,18,4,30,216,,,,,17,5,5,root > H:47 > BH:23 > BH:5 > BH:36 > BH:14,evaluated,5,2.253021978021978,False,647,208,439,840.0,1.0,1.0,True,True,1,1,0,True,1,1,0,0,True,True,0,7,2,7,2,5,RP_LS,sampled_pool,,,False,0.05555555555555555,0.5,0.5,0.1,fixed,,feasible_start_adaptive_spacing,feasible_start_adaptive_spacing,True,42,11,feasible_start_adaptive_spacing,0.5,,True,auto_from_instance,0.75,0.35,"12,35,47","14,19",,,,,,"H[5,12,14,23,35,36,47]|V[14,19]",3038576964c70446d8af656eb7cd065c5c1a9046
proposed_nsga2_bs_Gyorgy-KOVACS_WH_Wide_AW_5_seed_120,proposed_nsga2_bs,Gyorgy-KOVACS_WH_Wide_AW_5,120,0,auto_from_instance,12,18,4,30,216,,,,,18,5,5,root > H:47 > BH:23 > BH:5 > BH:38 > BH:14,evaluated,6,inf,False,647,208,439,924.0,1.0,1.0,True,True,1,1,0,True,1,1,0,0,True,True,0,7,2,7,2,5,RP_LS,sampled_pool,,,False,0.05555555555555555,0.5,0.5,0.1,fixed,,feasible_start_adaptive_spacing,feasible_start_adaptive_spacing,True,42,11,feasible_start_adaptive_spacing,0.5,,True,auto_from_instance,0.75,0.35,"12,35,47","14,19",,,,,,"H[5,12,14,23,35,38,47]|V[14,19]",122602b02cb15adba8b6c607260cd63777277b62
proposed_nsga2_bs_Gyorgy-KOVACS_WH_Wide_AW_5_seed_120,proposed_nsga2_bs,Gyorgy-KOVACS_WH_Wide_AW_5,120,0,auto_from_instance,12,18,4,30,216,,,,,19,6,8,root > V:20 > BH:26 > BH:47 > BH:35 > BH:23 > BH:9 > BV:29 > BV:29,evaluated,5,inf,False,592,178,414,782.0,1.0,1.0,True,True,1,1,0,True,1,1,0,0,True,True,0,6,3,6,3,6,SS_LS_PF,sampled_pool,,,True,0.05555555555555555,0.5,0.5,0.1,fixed,,feasible_start_adaptive_spacing,feasible_start_adaptive_spacing,True,42,11,feasible_start_adaptive_spacing,0.5,,True,auto_from_instance,0.75,0.35,"15,35","16,20,29",,,,,,"H[9,15,23,26,35,47]|V[16,20,29]",7985e65dcbb706082366ffebf0b4e313ee1243c5
proposed_nsga2_bs_Gyorgy-KOVACS_WH_Wide_AW_5_seed_120,proposed_nsga2_bs,Gyorgy-KOVACS_WH_Wide_AW_5,120,0,auto_from_instance,12,18,4,30,216,,,,,20,7,8,root > V:16 > BH:26 > BH:5 > BH:16 > BH:25 > BH:36 > BH:45 > BV:25,selected,0,inf,True,517,238,279,368.0,1.0,1.0,True,True,1,1,0,True,1,1,0,0,True,True,0,9,4,9,4,7,PF,sampled_pool,,,False,0.05555555555555555,0.5,0.5,0.1,fixed,,feasible_start_adaptive_spacing,feasible_start_adaptive_spacing,True,42,11,feasible_start_adaptive_spacing,0.5,,True,auto_from_instance,0.75,0.35,"2,14,48","16,19,27",,,,,,"H[2,5,14,16,25,26,36,45,48]|V[16,19,25,27]",559a078c3ea143504613077c561cb3124d66b767
proposed_nsga2_bs_Gyorgy-KOVACS_WH_Wide_AW_5_seed_120,proposed_nsga2_bs,Gyorgy-KOVACS_WH_Wide_AW_5,120,0,auto_from_instance,12,18,4,30,216,,,,,21,7,8,root > V:16 > BH:26 > BH:5 > BH:14 > BH:25 > BH:36 > BH:45 > BV:25,selected,0,inf,True,517,238,279,368.0,1.0,1.0,True,True,1,1,0,True,1,1,0,0,True,True,0,8,4,8,4,7,PF,sampled_pool,,,False,0.05555555555555555,0.5,0.5,0.1,fixed,,feasible_start_adaptive_spacing,feasible_start_adaptive_spacing,True,42,11,feasible_start_adaptive_spacing,0.5,,True,auto_from_instance,0.75,0.35,"2,14,48","16,19,27",,,,,,"H[2,5,14,25,26,36,45,48]|V[16,19,25,27]",6fcfc694894a367ef71d338faec4ce589ca685b5
proposed_nsga2_bs_Gyorgy-KOVACS_WH_Wide_AW_5_seed_120,proposed_nsga2_bs,Gyorgy-KOVACS_WH_Wide_AW_5,120,0,auto_from_instance,12,18,4,30,216,,,,,22,7,8,root > V:16 > BH:26 > BH:5 > BH:16 > BH:25 > BH:36 > BH:45 > BV:29,selected,2,inf,True,517,225,292,586.0,1.0,1.0,True,True,1,1,0,True,1,1,0,0,True,True,0,9,4,9,4,7,PF,sampled_pool,,,False,0.05555555555555555,0.5,0.5,0.1,fixed,,feasible_start_adaptive_spacing,feasible_start_adaptive_spacing,True,42,11,feasible_start_adaptive_spacing,0.5,,True,auto_from_instance,0.75,0.35,"2,14,48","16,19,27",,,,,,"H[2,5,14,16,25,26,36,45,48]|V[16,19,27,29]",13a8831f3352523fe53b9477eb693b985fdfc37c
proposed_nsga2_bs_Gyorgy-KOVACS_WH_Wide_AW_5_seed_120,proposed_nsga2_bs,Gyorgy-KOVACS_WH_Wide_AW_5,120,0,auto_from_instance,12,18,4,30,216,,,,,23,7,8,root > V:16 > BH:26 > BH:5 > BH:14 > BH:25 > BH:36 > BH:45 > BV:29,selected,2,inf,True,517,225,292,586.0,1.0,1.0,True,True,1,1,0,True,1,1,0,0,True,True,0,8,4,8,4,7,PF,sampled_pool,,,False,0.05555555555555555,0.5,0.5,0.1,fixed,,feasible_start_adaptive_spacing,feasible_start_adaptive_spacing,True,42,11,feasible_start_adaptive_spacing,0.5,,True,auto_from_instance,0.75,0.35,"2,14,48","16,19,27",,,,,,"H[2,5,14,25,26,36,45,48]|V[16,19,27,29]",7e0f4d1a90907f684b7d565e90c4ddb6c1ba7c58
proposed_nsga2_bs_Gyorgy-KOVACS_WH_Wide_AW_5_seed_120,proposed_nsga2_bs,Gyorgy-KOVACS_WH_Wide_AW_5,120,0,auto_from_instance,12,18,4,30,216,,,,,24,8,8,root > V:15 > BH:26 > BH:7 > BH:16 > BH:25 > BH:36 > BH:45 > BV:24,selected,1,inf,True,497,247,250,567.0,1.0,1.0,True,True,1,1,0,True,1,1,0,0,True,True,0,9,4,9,4,8,LS,sampled_pool,,,False,0.05555555555555555,0.5,0.5,0.1,fixed,,feasible_start_adaptive_spacing,feasible_start_adaptive_spacing,True,42,11,feasible_start_adaptive_spacing,0.5,,True,auto_from_instance,0.75,0.35,"11,29,47","15,18,21",,,,,,"H[7,11,16,25,26,29,36,45,47]|V[15,18,21,24]",bad25caaf4e753481b1b798360caa6634ad939f7
proposed_nsga2_bs_Gyorgy-KOVACS_WH_Wide_AW_5_seed_120,proposed_nsga2_bs,Gyorgy-KOVACS_WH_Wide_AW_5,120,0,auto_from_instance,12,18,4,30,216,,,,,25,8,8,root > V:15 > BH:26 > BH:5 > BH:16 > BH:25 > BH:36 > BH:45 > BV:24,selected,0,inf,True,497,247,250,385.0,1.0,1.0,True,True,1,1,0,True,1,1,0,0,True,True,0,9,4,9,4,8,LS,sampled_pool,,,False,0.05555555555555555,0.5,0.5,0.1,fixed,,feasible_start_adaptive_spacing,feasible_start_adaptive_spacing,True,42,11,feasible_start_adaptive_spacing,0.5,,True,auto_from_instance,0.75,0.35,"11,29,47","15,18,21",,,,,,"H[5,11,16,25,26,29,36,45,47]|V[15,18,21,24]",416c9c0e4f9e06143d78fee04cbc7a8d1c4800ad
proposed_nsga2_bs_Gyorgy-KOVACS_WH_Wide_AW_5_seed_120,proposed_nsga2_bs,Gyorgy-KOVACS_WH_Wide_AW_5,120,0,auto_from_instance,12,18,4,30,216,,,,,26,9,7,root > V:17 > BH:26 > BH:7 > BH:16 > BH:25 > BH:36 > BH:45,evaluated,5,inf,False,572,220,352,867.0,1.0,1.0,True,True,1,1,0,True,1,1,0,0,True,True,0,8,3,8,3,9,LS_PF,sampled_pool,,,False,0.05555555555555555,0.5,0.5,0.1,fixed,,feasible_start_adaptive_spacing,feasible_start_adaptive_spacing,True,42,11,feasible_start_adaptive_spacing,0.5,,True,auto_from_instance,0.75,0.35,"9,36,47","14,17,19",,,,,,"H[7,9,16,25,26,36,45,47]|V[14,17,19]",90295bddff4683947eef98c9cba63e2b098e11a6
proposed_nsga2_bs_Gyorgy-KOVACS_WH_Wide_AW_5_seed_120,proposed_nsga2_bs,Gyorgy-KOVACS_WH_Wide_AW_5,120,0,auto_from_instance,12,18,4,30,216,,,,,27,10,9,root > V:20 > BH:26 > BH:47 > BH:37 > BH:23 > BH:9 > BV:29 > BV:29 > BV:29,evaluated,4,inf,False,547,179,368,665.0,1.0,1.0,True,True,1,1,0,True,1,1,0,0,True,True,0,8,4,8,4,10,RP_LS,sampled_pool,,,False,0.05555555555555555,0.5,0.5,0.1,fixed,,feasible_start_adaptive_spacing,feasible_start_adaptive_spacing,True,42,11,feasible_start_adaptive_spacing,0.5,,True,auto_from_instance,0.75,0.35,"12,38,46","15,17,20",,,,,,"H[9,12,23,26,37,38,46,47]|V[15,17,20,29]",d20b69141ff95aa36665c177bcb650e2a0a718fe
proposed_nsga2_bs_Gyorgy-KOVACS_WH_Wide_AW_5_seed_120,proposed_nsga2_bs,Gyorgy-KOVACS_WH_Wide_AW_5,120,1,auto_from_instance,12,18,4,30,216,,,,,1,1,8,root > V:16 > BH:26 > BH:5 > BH:16 > BH:25 > BH:36 > BH:45 > BV:25,selected,0,inf,True,517,238,279,368.0,1.0,1.0,True,True,1,1,0,True,1,1,0,0,True,True,0,10,3,10,3,1,LS_RP,sampled_pool,,,False,0.1111111111111111,0.5,0.5,0.1,fixed,spacing_aware_flip,offspring,feasible_start_adaptive_spacing,,,,feasible_start_adaptive_spacing,0.5,,True,auto_from_instance,0.75,0.35,"5,12,16,25,26,36,47,49,57","16,19",,,,,,"H[5,12,16,25,26,36,45,47,49,57]|V[16,19,25]",559a078c3ea143504613077c561cb3124d66b767
proposed_nsga2_bs_Gyorgy-KOVACS_WH_Wide_AW_5_seed_120,proposed_nsga2_bs,Gyorgy-KOVACS_WH_Wide_AW_5,120,1,auto_from_instance,12,18,4,30,216,,,,,2,1,8,root > V:16 > BH:26 > BH:5 > BH:16 > BH:25 > BH:36 > BH:45 > BV:29,selected,1,inf,True,517,225,292,586.0,1.0,1.0,True,True,1,1,0,True,1,1,0,0,True,True,0,10,3,10,3,1,LS_RP,sampled_pool,,,False,0.1111111111111111,0.5,0.5,0.1,fixed,spacing_aware_flip,offspring,feasible_start_adaptive_spacing,,,,feasible_start_adaptive_spacing,0.5,,True,auto_from_instance,0.75,0.35,"5,12,16,25,26,36,47,49,57","16,19",,,,,,"H[5,12,16,25,26,36,45,47,49,57]|V[16,19,29]",13a8831f3352523fe53b9477eb693b985fdfc37c
proposed_nsga2_bs_Gyorgy-KOVACS_WH_Wide_AW_5_seed_120,proposed_nsga2_bs,Gyorgy-KOVACS_WH_Wide_AW_5,120,1,auto_from_instance,12,18,4,30,216,,,,,3,2,5,root > H:14 > BH:37 > BV:25 > BV:25 > BH:27,evaluated,9,inf,False,717,168,549,1225.0,1.0,1.0,True,True,1,1,0,True,1,1,0,0,True,True,0,11,4,11,4,2,SS_PF_LS,sampled_pool,,,True,0.1111111111111111,0.5,0.5,0.1,fixed,insert_random_aisle,offspring,feasible_start_adaptive_spacing,,,,feasible_start_adaptive_spacing,0.5,,True,auto_from_instance,0.75,0.35,"2,5,14,16,25,26,36,45,48","1,17,25,27",,,,,,"H[2,5,14,16,25,26,27,36,37,45,48]|V[1,17,25,27]",afe886326d4751ad49ab26d1d46274a0c4fd625a
proposed_nsga2_bs_Gyorgy-KOVACS_WH_Wide_AW_5_seed_120,proposed_nsga2_bs,Gyorgy-KOVACS_WH_Wide_AW_5,120,1,auto_from_instance,12,18,4,30,216,,,,,4,2,5,root > H:14 > BH:37 > BV:25 > BV:25 > BH:25,evaluated,9,inf,False,717,168,549,1225.0,1.0,1.0,True,True,1,1,0,True,1,1,0,0,True,True,0,10,4,10,4,2,SS_PF_LS,sampled_pool,,,True,0.1111111111111111,0.5,0.5,0.1,fixed,insert_random_aisle,offspring,feasible_start_adaptive_spacing,,,,feasible_start_adaptive_spacing,0.5,,True,auto_from_instance,0.75,0.35,"2,5,14,16,25,26,36,45,48","1,17,25,27",,,,,,"H[2,5,14,16,25,26,36,37,45,48]|V[1,17,25,27]",68543fe424a3c5e9c649d01a634c606277c3b89e
proposed_nsga2_bs_Gyorgy-KOVACS_WH_Wide_AW_5_seed_120,proposed_nsga2_bs,Gyorgy-KOVACS_WH_Wide_AW_5,120,1,auto_from_instance,12,18,4,30,216,,,,,5,2,5,root > H:14 > BH:37 > BV:25 > BV:23 > BH:27,evaluated,10,inf,False,717,168,549,1316.0,1.0,1.0,True,True,1,1,0,True,1,1,0,0,True,True,0,11,5,11,5,2,SS_PF_LS,sampled_pool,,,True,0.1111111111111111,0.5,0.5,0.1,fixed,insert_random_aisle,offspring,feasible_start_adaptive_spacing,,,,feasible_start_adaptive_spacing,0.5,,True,auto_from_instance,0.75,0.35,"2,5,14,16,25,26,36,45,48","1,17,25,27",,,,,,"H[2,5,14,16,25,26,27,36,37,45,48]|V[1,17,23,25,27]",a48f0cfdbf96c217f3fead8d6ed8cab477c93503
proposed_nsga2_bs_Gyorgy-KOVACS_WH_Wide_AW_5_seed_120,proposed_nsga2_bs,Gyorgy-KOVACS_WH_Wide_AW_5,120,1,auto_from_instance,12,18,4,30,216,,,,,6,2,5,root > H:14 > BH:37 > BV:25 > BV:23 > BH:25,evaluated,10,inf,False,717,168,549,1316.0,1.0,1.0,True,True,1,1,0,True,1,1,0,0,True,True,0,10,5,10,5,2,SS_PF_LS,sampled_pool,,,True,0.1111111111111111,0.5,0.5,0.1,fixed,insert_random_aisle,offspring,feasible_start_adaptive_spacing,,,,feasible_start_adaptive_spacing,0.5,,True,auto_from_instance,0.75,0.35,"2,5,14,16,25,26,36,45,48","1,17,25,27",,,,,,"H[2,5,14,16,25,26,36,37,45,48]|V[1,17,23,25,27]",765e9db3cf72ce63cd9b39a0cadfc29a330f17c2
proposed_nsga2_bs_Gyorgy-KOVACS_WH_Wide_AW_5_seed_120,proposed_nsga2_bs,Gyorgy-KOVACS_WH_Wide_AW_5,120,1,auto_from_instance,12,18,4,30,216,,,,,7,3,7,root > V:17 > BH:26 > BH:5 > BH:16 > BH:25 > BH:36 > BH:47,selected,1,inf,True,572,220,352,507.0,1.0,1.0,True,True,1,1,0,True,1,1,0,0,True,True,0,8,5,8,5,3,PF,sampled_pool,,,False,0.1111111111111111,0.5,0.5,0.1,fixed,bit_flip,offspring,feasible_start_adaptive_spacing,,,,feasible_start_adaptive_spacing,0.5,,True,auto_from_instance,0.75,0.35,"7,11,16,25,26,36,47","17,18,21,24,30",,,,,,"H[5,7,11,16,25,26,36,47]|V[17,18,21,24,30]",173dd91401b4b71d9f20edd9e83506be465b9528
proposed_nsga2_bs_Gyorgy-KOVACS_WH_Wide_AW_5_seed_120,proposed_nsga2_bs,Gyorgy-KOVACS_WH_Wide_AW_5,120,1,auto_from_instance,12,18,4,30,216,,,,,8,3,7,root > V:17 > BH:26 > BH:5 > BH:16 > BH:25 > BH:36 > BH:45,selected,3,inf,True,572,220,352,711.0,1.0,1.0,True,True,1,1,0,True,1,1,0,0,True,True,0,9,5,9,5,3,PF,sampled_pool,,,False,0.1111111111111111,0.5,0.5,0.1,fixed,bit_flip,offspring,feasible_start_adaptive_spacing,,,,feasible_start_adaptive_spacing,0.5,,True,auto_from_instance,0.75,0.35,"7,11,16,25,26,36,47","17,18,21,24,30",,,,,,"H[5,7,11,16,25,26,36,45,47]|V[17,18,21,24,30]",854ec9b997ec508dda6ea9e399147d7a4b626ba8
proposed_nsga2_bs_Gyorgy-KOVACS_WH_Wide_AW_5_seed_120,proposed_nsga2_bs,Gyorgy-KOVACS_WH_Wide_AW_5,120,1,auto_from_instance,12,18,4,30,216,,,,,9,3,7,root > V:17 > BH:26 > BH:5 > BH:14 > BH:25 > BH:36 > BH:47,selected,1,inf,True,572,220,352,507.0,1.0,1.0,True,True,1,1,0,True,1,1,0,0,True,True,0,9,5,9,5,3,PF,sampled_pool,,,False,0.1111111111111111,0.5,0.5,0.1,fixed,bit_flip,offspring,feasible_start_adaptive_spacing,,,,feasible_start_adaptive_spacing,0.5,,True,auto_from_instance,0.75,0.35,"7,11,16,25,26,36,47","17,18,21,24,30",,,,,,"H[5,7,11,14,16,25,26,36,47]|V[17,18,21,24,30]",e59e5dd5e1537a2d164e028d12bd66f538f0cb70
proposed_nsga2_bs_Gyorgy-KOVACS_WH_Wide_AW_5_seed_120,proposed_nsga2_bs,Gyorgy-KOVACS_WH_Wide_AW_5,120,1,auto_from_instance,12,18,4,30,216,,,,,10,3,7,root > V:17 > BH:26 > BH:5 > BH:14 > BH:25 > BH:36 > BH:45,selected,3,inf,True,572,220,352,711.0,1.0,1.0,True,True,1,1,0,True,1,1,0,0,True,True,0,10,5,10,5,3,PF,sampled_pool,,,False,0.1111111111111111,0.5,0.5,0.1,fixed,bit_flip,offspring,feasible_start_adaptive_spacing,,,,feasible_start_adaptive_spacing,0.5,,True,auto_from_instance,0.75,0.35,"7,11,16,25,26,36,47","17,18,21,24,30",,,,,,"H[5,7,11,14,16,25,26,36,45,47]|V[17,18,21,24,30]",ef95c5265d039c602cc7246bb99c122e90a60068
proposed_nsga2_bs_Gyorgy-KOVACS_WH_Wide_AW_5_seed_120,proposed_nsga2_bs,Gyorgy-KOVACS_WH_Wide_AW_5,120,1,auto_from_instance,12,18,4,30,216,,,,,11,4,6,root > H:45 > BH:23 > BH:5 > BH:36 > BH:14 > BV:19,evaluated,4,3.0,False,612,211,401,829.0,1.0,1.0,True,True,1,1,0,True,1,1,0,0,True,True,0,13,2,13,2,4,SS_LS_PF,sampled_pool,,,True,0.1111111111111111,0.5,0.5,0.1,fixed,bit_flip,offspring,feasible_start_adaptive_spacing,,,,feasible_start_adaptive_spacing,0.5,,True,auto_from_instance,0.75,0.35,"5,9,12,16,25,26,29,36,45,47,49",15,,,,,,"H[5,9,12,14,16,23,25,26,29,36,45,47,49]|V[15,19]",cbdb2b70cd091c26a564ebcdafa10d415691975d
proposed_nsga2_bs_Gyorgy-KOVACS_WH_Wide_AW_5_seed_120,proposed_nsga2_bs,Gyorgy-KOVACS_WH_Wide_AW_5,120,1,auto_from_instance,12,18,4,30,216,,,,,12,4,6,root > H:45 > BH:23 > BH:5 > BH:36 > BH:14 > BV:17,selected,4,inf,True,612,213,399,880.0,1.0,1.0,True,True,1,1,0,True,1,1,0,0,True,True,0,13,2,13,2,4,SS_LS_PF,sampled_pool,,,True,0.1111111111111111,0.5,0.5,0.1,fixed,bit_flip,offspring,feasible_start_adaptive_spacing,,,,feasible_start_adaptive_spacing,0.5,,True,auto_from_instance,0.75,0.35,"5,9,12,16,25,26,29,36,45,47,49",15,,,,,,"H[5,9,12,14,16,23,25,26,29,36,45,47,49]|V[15,17]",6aaaac4f4db306266a1c4c6252aafb0a957fa804
proposed_nsga2_bs_Gyorgy-KOVACS_WH_Wide_AW_5_seed_120,proposed_nsga2_bs,Gyorgy-KOVACS_WH_Wide_AW_5,120,1,auto_from_instance,12,18,4,30,216,,,,,13,4,6,root > H:45 > BH:23 > BH:5 > BH:36 > BH:14 > BV:25,evaluated,5,inf,False,612,206,406,936.0,1.0,1.0,True,True,1,1,0,True,1,1,0,0,True,True,0,13,2,13,2,4,SS_LS_PF,sampled_pool,,,True,0.1111111111111111,0.5,0.5,0.1,fixed,bit_flip,offspring,feasible_start_adaptive_spacing,,,,feasible_start_adaptive_spacing,0.5,,True,auto_from_instance,0.75,0.35,"5,9,12,16,25,26,29,36,45,47,49",15,,,,,,"H[5,9,12,14,16,23,25,26,29,36,45,47,49]|V[15,25]",3eb153e231ddf1c18f9055088b14a93470230094
proposed_nsga2_bs_Gyorgy-KOVACS_WH_Wide_AW_5_seed_120,proposed_nsga2_bs,Gyorgy-KOVACS_WH_Wide_AW_5,120,1,auto_from_instance,12,18,4,30,216,,,,,14,4,6,root > H:45 > BH:23 > BH:5 > BH:36 > BH:14 > BV:23,evaluated,6,inf,False,612,204,408,976.0,1.0,1.0,True,True,1,1,0,True,1,1,0,0,True,True,0,13,2,13,2,4,SS_LS_PF,sampled_pool,,,True,0.1111111111111111,0.5,0.5,0.1,fixed,bit_flip,offspring,feasible_start_adaptive_spacing,,,,feasible_start_adaptive_spacing,0.5,,True,auto_from_instance,0.75,0.35,"5,9,12,16,25,26,29,36,45,47,49",15,,,,,,"H[5,9,12,14,16,23,25,26,29,36,45,47,49]|V[15,23]",56a1d56587655fcd1313941a02d016800395a80a
proposed_nsga2_bs_Gyorgy-KOVACS_WH_Wide_AW_5_seed_120,proposed_nsga2_bs,Gyorgy-KOVACS_WH_Wide_AW_5,120,1,auto_from_instance,12,18,4,30,216,,,,,15,5,8,root > V:15 > BH:26 > BH:5 > BH:16 > BH:25 > BH:36 > BH:45 > BV:24,selected,0,inf,True,497,247,250,385.0,1.0,1.0,True,True,1,1,0,True,1,1,0,0,True,True,0,12,4,12,4,5,PF_LS_RP,sampled_pool,,,False,0.1111111111111111,0.5,0.5,0.1,fixed,spacing_aware_flip,offspring,feasible_start_adaptive_spacing,,,,feasible_start_adaptive_spacing,0.5,,True,auto_from_instance,0.75,0.35,"5,12,14,19,25,26,29,36,47,49","15,18,21,24",,,,,,"H[5,12,14,16,19,25,26,29,36,45,47,49]|V[15,18,21,24]",416c9c0e4f9e06143d78fee04cbc7a8d1c4800ad
proposed_nsga2_bs_Gyorgy-KOVACS_WH_Wide_AW_5_seed_120,proposed_nsga2_bs,Gyorgy-KOVACS_WH_Wide_AW_5,120,1,auto_from_instance,12,18,4,30,216,,,,,16,6,7,root > V:17 > BH:26 > BH:7 > BH:16 > BH:25 > BH:36 > BH:47,selected,2,inf,True,572,220,352,663.0,1.0,1.0,True,True,1,1,0,True,1,1,0,0,True,True,0,9,1,9,1,6,PF_SS_RP,sampled_pool,,,True,0.1111111111111111,0.5,0.5,0.1,fixed,break_symmetry,offspring,feasible_start_adaptive_spacing,,,,feasible_start_adaptive_spacing,0.5,,True,auto_from_instance,0.75,0.35,"4,11,16,25,26,36,45,47",17,,,,,,"H[4,7,11,16,25,26,36,45,47]|V[17]",61426df39d9f05da4c561d5073d32a1cf777516d
proposed_nsga2_bs_Gyorgy-KOVACS_WH_Wide_AW_5_seed_120,proposed_nsga2_bs,Gyorgy-KOVACS_WH_Wide_AW_5,120,1,auto_from_instance,12,18,4,30,216,,,,,17,7,6,root > V:19 > BH:26 > BH:47 > BH:35 > BH:23 > BH:9,evaluated,7,inf,False,662,178,484,1194.0,1.0,1.0,True,True,1,1,0,True,1,1,0,0,True,True,0,11,4,11,4,7,RP_LS,sampled_pool,,,False,0.1111111111111111,0.5,0.5,0.1,fixed,break_symmetry,offspring,feasible_start_adaptive_spacing,,,,feasible_start_adaptive_spacing,0.5,,True,auto_from_instance,0.75,0.35,"5,15,25,26,36,45,48","16,19,25,27",,,,,,"H[5,9,15,23,25,26,35,36,45,47,48]|V[16,19,25,27]",897092111e4d642b83b355f9b7d25178527841b5
proposed_nsga2_bs_Gyorgy-KOVACS_WH_Wide_AW_5_seed_120,proposed_nsga2_bs,Gyorgy-KOVACS_WH_Wide_AW_5,120,1,auto_from_instance,12,18,4,30,216,,,,,18,7,6,root > V:19 > BH:26 > BH:7 > BH:16 > BH:29 > BH:44,evaluated,7,inf,False,662,179,483,1204.0,1.0,1.0,True,True,1,1,0,True,1,1,0,0,True,True,0,11,4,11,4,7,RP_LS,sampled_pool,,,False,0.1111111111111111,0.5,0.5,0.1,fixed,break_symmetry,offspring,feasible_start_adaptive_spacing,,,,feasible_start_adaptive_spacing,0.5,,True,auto_from_instance,0.75,0.35,"5,15,25,26,36,45,48","16,19,25,27",,,,,,"H[5,7,15,16,25,26,29,36,44,45,48]|V[16,19,25,27]",40f9aa24fcb9a0d4e9a507136322c02f99c485df
proposed_nsga2_bs_Gyorgy-KOVACS_WH_Wide_AW_5_seed_120,proposed_nsga2_bs,Gyorgy-KOVACS_WH_Wide_AW_5,120,1,auto_from_instance,12,18,4,30,216,,,,,19,7,6,root > V:19 > BH:26 > BH:47 > BH:37 > BH:23 > BH:9,evaluated,8,inf,False,662,179,483,1214.0,1.0,1.0,True,True,1,1,0,True,1,1,0,0,True,True,0,11,4,11,4,7,RP_LS,sampled_pool,,,False,0.1111111111111111,0.5,0.5,0.1,fixed,break_symmetry,offspring,feasible_start_adaptive_spacing,,,,feasible_start_adaptive_spacing,0.5,,True,auto_from_instance,0.75,0.35,"5,15,25,26,36,45,48","16,19,25,27",,,,,,"H[5,9,15,23,25,26,36,37,45,47,48]|V[16,19,25,27]",627c2cc4912123f4d0addbc30fac72342d05eacd
proposed_nsga2_bs_Gyorgy-KOVACS_WH_Wide_AW_5_seed_120,proposed_nsga2_bs,Gyorgy-KOVACS_WH_Wide_AW_5,120,1,auto_from_instance,12,18,4,30,216,,,,,20,7,6,root > V:19 > BH:26 > BH:47 > BH:35 > BH:23 > BH:11,evaluated,9,inf,False,662,178,484,1444.0,1.0,1.0,True,True,1,1,0,True,1,1,0,0,True,True,0,11,4,11,4,7,RP_LS,sampled_pool,,,False,0.1111111111111111,0.5,0.5,0.1,fixed,break_symmetry,offspring,feasible_start_adaptive_spacing,,,,feasible_start_adaptive_spacing,0.5,,True,auto_from_instance,0.75,0.35,"5,15,25,26,36,45,48","16,19,25,27",,,,,,"H[5,11,15,23,25,26,35,36,45,47,48]|V[16,19,25,27]",9b2f707dda5433c81ce925886b10ac8c64e57967
proposed_nsga2_bs_Gyorgy-KOVACS_WH_Wide_AW_5_seed_120,proposed_nsga2_bs,Gyorgy-KOVACS_WH_Wide_AW_5,120,1,auto_from_instance,12,18,4,30,216,,,,,21,8,7,root > V:21 > BH:26 > BH:5 > BH:16 > BH:27 > BH:38 > BH:47,evaluated,5,inf,False,652,180,472,763.0,1.0,1.0,True,True,1,1,0,True,1,1,0,0,True,True,0,12,5,12,5,8,SS,sampled_pool,,,True,0.1111111111111111,0.5,0.5,0.1,fixed,insert_random_aisle,offspring,feasible_start_adaptive_spacing,,,,feasible_start_adaptive_spacing,0.5,,True,auto_from_instance,0.75,0.35,"2,5,11,16,25,26,29,36,45,47","15,17,18,21,24",,,,,,"H[2,5,11,16,25,26,27,29,36,38,45,47]|V[15,17,18,21,24]",2f63addef0a564eaffadcb442913b04bcdb20a31
proposed_nsga2_bs_Gyorgy-KOVACS_WH_Wide_AW_5_seed_120,proposed_nsga2_bs,Gyorgy-KOVACS_WH_Wide_AW_5,120,1,auto_from_instance,12,18,4,30,216,,,,,22,9,5,root > H:12 > BH:37 > BV:25 > BV:23 > BH:25,evaluated,11,inf,False,727,162,565,1339.0,1.0,1.0,True,True,1,1,0,True,1,1,0,0,True,True,0,10,3,10,3,9,SS_PF_LS,sampled_pool,,,True,0.1111111111111111,0.5,0.5,0.1,fixed,insert_random_aisle,offspring,feasible_start_adaptive_spacing,,,,feasible_start_adaptive_spacing,0.5,,True,auto_from_instance,0.75,0.35,"5,12,16,25,26,31,36,47,49",17,,,,,,"H[5,12,16,25,26,31,36,37,47,49]|V[17,23,25]",e6e48742540678d0e7cb194a64d079bd9c3cbf42
proposed_nsga2_bs_Gyorgy-KOVACS_WH_Wide_AW_5_seed_120,proposed_nsga2_bs,Gyorgy-KOVACS_WH_Wide_AW_5,120,1,auto_from_instance,12,18,4,30,216,,,,,23,9,5,root > H:16 > BH:41 > BV:25 > BV:23 > BH:29,evaluated,12,inf,False,727,160,567,1339.0,1.0,1.0,True,True,1,1,0,True,1,1,0,0,True,True,0,11,3,11,3,9,SS_PF_LS,sampled_pool,,,True,0.1111111111111111,0.5,0.5,0.1,fixed,insert_random_aisle,offspring,feasible_start_adaptive_spacing,,,,feasible_start_adaptive_spacing,0.5,,True,auto_from_instance,0.75,0.35,"5,12,16,25,26,31,36,47,49",17,,,,,,"H[5,12,16,25,26,29,31,36,41,47,49]|V[17,23,25]",a4fb711bd985b259f65c3907c4656248cf44a682
proposed_nsga2_bs_Gyorgy-KOVACS_WH_Wide_AW_5_seed_120,proposed_nsga2_bs,Gyorgy-KOVACS_WH_Wide_AW_5,120,1,auto_from_instance,12,18,4,30,216,,,,,24,9,5,root > H:16 > BH:41 > BV:25 > BV:23 > BH:27,evaluated,12,inf,False,727,162,565,1381.0,1.0,1.0,True,True,1,1,0,True,1,1,0,0,True,True,0,11,3,11,3,9,SS_PF_LS,sampled_pool,,,True,0.1111111111111111,0.5,0.5,0.1,fixed,insert_random_aisle,offspring,feasible_start_adaptive_spacing,,,,feasible_start_adaptive_spacing,0.5,,True,auto_from_instance,0.75,0.35,"5,12,16,25,26,31,36,47,49",17,,,,,,"H[5,12,16,25,26,27,31,36,41,47,49]|V[17,23,25]",54cbc5ac34214390e653e73e8f68ca28b5de621b
proposed_nsga2_bs_Gyorgy-KOVACS_WH_Wide_AW_5_seed_120,proposed_nsga2_bs,Gyorgy-KOVACS_WH_Wide_AW_5,120,1,auto_from_instance,12,18,4,30,216,,,,,25,9,5,root > H:12 > BH:37 > BV:25 > BV:23 > BH:27,evaluated,12,inf,False,727,162,565,1381.0,1.0,1.0,True,True,1,1,0,True,1,1,0,0,True,True,0,11,3,11,3,9,SS_PF_LS,sampled_pool,,,True,0.1111111111111111,0.5,0.5,0.1,fixed,insert_random_aisle,offspring,feasible_start_adaptive_spacing,,,,feasible_start_adaptive_spacing,0.5,,True,auto_from_instance,0.75,0.35,"5,12,16,25,26,31,36,47,49",17,,,,,,"H[5,12,16,25,26,27,31,36,37,47,49]|V[17,23,25]",05e9e6f2dc5f131f919a661762c21cde2384c217
proposed_nsga2_bs_Gyorgy-KOVACS_WH_Wide_AW_5_seed_120,proposed_nsga2_bs,Gyorgy-KOVACS_WH_Wide_AW_5,120,1,auto_from_instance,12,18,4,30,216,,,,,26,10,6,root > H:49 > BH:39 > BH:27 > BH:15 > BV:19 > BH:5,selected,4,inf,True,632,205,427,732.0,1.0,1.0,True,True,1,1,0,True,1,1,0,0,True,True,0,11,2,11,2,10,LS_PF,sampled_pool,,,False,0.1111111111111111,0.5,0.5,0.1,fixed,swap_segments,offspring,feasible_start_adaptive_spacing,,,,feasible_start_adaptive_spacing,0.5,,True,auto_from_instance,0.75,0.35,"5,12,14,25,26,36,47,49",25,,,,,,"H[5,12,14,15,25,26,27,36,39,47,49]|V[19,25]",cb392eff180df52e92a93889d84c4398eee8b1a1
proposed_nsga2_bs_Gyorgy-KOVACS_WH_Wide_AW_5_seed_120,proposed_nsga2_bs,Gyorgy-KOVACS_WH_Wide_AW_5,120,1,auto_from_instance,12,18,4,30,216,,,,,27,10,6,root > H:49 > BH:39 > BH:27 > BH:15 > BV:21 > BH:5,evaluated,5,3.0,False,642,199,443,776.0,1.0,1.0,True,True,1,1,0,True,1,1,0,0,True,True,0,11,2,11,2,10,LS_PF,sampled_pool,,,False,0.1111111111111111,0.5,0.5,0.1,fixed,swap_segments,offspring,feasible_start_adaptive_spacing,,,,feasible_start_adaptive_spacing,0.5,,True,auto_from_instance,0.75,0.35,"5,12,14,25,26,36,47,49",25,,,,,,"H[5,12,14,15,25,26,27,36,39,47,49]|V[21,25]",953e469c586df3d17b43038b988e2550dd0c9863
proposed_nsga2_bs_Gyorgy-KOVACS_WH_Wide_AW_5_seed_120,proposed_nsga2_bs,Gyorgy-KOVACS_WH_Wide_AW_5,120,1,auto_from_instance,12,18,4,30,216,,,,,28,12,8,root > V:16 > BH:26 > BH:5 > BH:14 > BH:25 > BH:36 > BH:45 > BV:25,selected,0,inf,True,517,238,279,368.0,1.0,1.0,True,True,1,1,0,True,1,1,0,0,True,True,0,11,4,11,4,12,LS_SS,sampled_pool,,,True,0.1111111111111111,0.5,0.5,0.1,fixed,bit_flip,offspring,feasible_start_adaptive_spacing,,,,feasible_start_adaptive_spacing,0.5,,True,auto_from_instance,0.75,0.35,"4,7,11,14,25,26,29,36,45,47","16,19,25,27",,,,,,"H[4,5,7,11,14,25,26,29,36,45,47]|V[16,19,25,27]",6fcfc694894a367ef71d338faec4ce589ca685b5
proposed_nsga2_bs_Gyorgy-KOVACS_WH_Wide_AW_5_seed_120,proposed_nsga2_bs,Gyorgy-KOVACS_WH_Wide_AW_5,120,1,auto_from_instance,12,18,4,30,216,,,,,29,12,8,root > V:16 > BH:26 > BH:5 > BH:14 > BH:25 > BH:36 > BH:45 > BV:29,selected,1,inf,True,517,225,292,586.0,1.0,1.0,True,True,1,1,0,True,1,1,0,0,True,True,0,11,5,11,5,12,LS_SS,sampled_pool,,,True,0.1111111111111111,0.5,0.5,0.1,fixed,bit_flip,offspring,feasible_start_adaptive_spacing,,,,feasible_start_adaptive_spacing,0.5,,True,auto_from_instance,0.75,0.35,"4,7,11,14,25,26,29,36,45,47","16,19,25,27",,,,,,"H[4,5,7,11,14,25,26,29,36,45,47]|V[16,19,25,27,29]",7e0f4d1a90907f684b7d565e90c4ddb6c1ba7c58
proposed_nsga2_bs_Gyorgy-KOVACS_WH_Wide_AW_5_seed_120,proposed_nsga2_bs,Gyorgy-KOVACS_WH_Wide_AW_5,120,2,auto_from_instance,12,18,4,30,216,,,,,1,1,5,root > H:11 > BH:36 > BV:25 > BH:24 > BV:23,evaluated,8,inf,False,727,162,565,1332.0,1.0,1.0,True,True,1,1,0,True,1,1,0,0,True,True,0,11,5,11,5,1,RP,sampled_pool,,,False,0.16666666666666666,0.5,0.5,0.1,fixed,spacing_aware_flip,offspring,feasible_start_adaptive_spacing,,,,feasible_start_adaptive_spacing,0.5,,True,auto_from_instance,0.75,0.35,"4,5,7,11,14,25,26,36,45,47","1,16,19,25",,,,,,"H[4,5,7,11,14,24,25,26,36,45,47]|V[1,16,19,23,25]",d7e9aa05d3f651627361ea0990bc37cf6d72e84a
proposed_nsga2_bs_Gyorgy-KOVACS_WH_Wide_AW_5_seed_120,proposed_nsga2_bs,Gyorgy-KOVACS_WH_Wide_AW_5,120,2,auto_from_instance,12,18,4,30,216,,,,,2,1,5,root > H:11 > BH:36 > BV:25 > BV:23 > BH:26,evaluated,10,inf,False,727,162,565,1374.0,1.0,1.0,True,True,1,1,0,True,1,1,0,0,True,True,0,10,5,10,5,1,RP,sampled_pool,,,False,0.16666666666666666,0.5,0.5,0.1,fixed,spacing_aware_flip,offspring,feasible_start_adaptive_spacing,,,,feasible_start_adaptive_spacing,0.5,,True,auto_from_instance,0.75,0.35,"4,5,7,11,14,25,26,36,45,47","1,16,19,25",,,,,,"H[4,5,7,11,14,25,26,36,45,47]|V[1,16,19,23,25]",ac858bb0a849bf64b238c2502afebd7b8728715d
proposed_nsga2_bs_Gyorgy-KOVACS_WH_Wide_AW_5_seed_120,proposed_nsga2_bs,Gyorgy-KOVACS_WH_Wide_AW_5,120,2,auto_from_instance,12,18,4,30,216,,,,,3,1,5,root > H:11 > BH:36 > BV:23 > BH:24 > BV:23,evaluated,12,inf,False,727,162,565,1444.0,1.0,1.0,True,True,1,1,0,True,1,1,0,0,True,True,0,11,5,11,5,1,RP,sampled_pool,,,False,0.16666666666666666,0.5,0.5,0.1,fixed,spacing_aware_flip,offspring,feasible_start_adaptive_spacing,,,,feasible_start_adaptive_spacing,0.5,,True,auto_from_instance,0.75,0.35,"4,5,7,11,14,25,26,36,45,47","1,16,19,25",,,,,,"H[4,5,7,11,14,24,25,26,36,45,47]|V[1,16,19,23,25]",f52573427a165d5e30904e909187d9e4bcf23313
proposed_nsga2_bs_Gyorgy-KOVACS_WH_Wide_AW_5_seed_120,proposed_nsga2_bs,Gyorgy-KOVACS_WH_Wide_AW_5,120,2,auto_from_instance,12,18,4,30,216,,,,,4,1,5,root > H:11 > BH:36 > BV:25 > BH:24 > BV:21,evaluated,13,inf,False,727,162,565,1502.0,1.0,1.0,True,True,1,1,0,True,1,1,0,0,True,True,0,11,5,11,5,1,RP,sampled_pool,,,False,0.16666666666666666,0.5,0.5,0.1,fixed,spacing_aware_flip,offspring,feasible_start_adaptive_spacing,,,,feasible_start_adaptive_spacing,0.5,,True,auto_from_instance,0.75,0.35,"4,5,7,11,14,25,26,36,45,47","1,16,19,25",,,,,,"H[4,5,7,11,14,24,25,26,36,45,47]|V[1,16,19,21,25]",458c11f620d0ec1be347e443db51d3c86f124625
proposed_nsga2_bs_Gyorgy-KOVACS_WH_Wide_AW_5_seed_120,proposed_nsga2_bs,Gyorgy-KOVACS_WH_Wide_AW_5,120,2,auto_from_instance,12,18,4,30,216,,,,,5,2,8,root > V:16 > BH:26 > BH:5 > BH:16 > BH:25 > BH:36 > BH:45 > BV:25,selected,0,inf,True,517,238,279,368.0,1.0,1.0,True,True,1,1,0,True,1,1,0,0,True,True,0,12,4,12,4,2,PF_RP,sampled_pool,,,False,0.16666666666666666,0.5,0.5,0.1,fixed,spacing_aware_flip,offspring,feasible_start_adaptive_spacing,,,,feasible_start_adaptive_spacing,0.5,,True,auto_from_instance,0.75,0.35,"0,5,12,16,25,26,29,36,45,47,49,57","16,19,25,27",,,,,,"H[0,5,12,16,25,26,29,36,45,47,49,57]|V[16,19,25,27]",559a078c3ea143504613077c561cb3124d66b767
proposed_nsga2_bs_Gyorgy-KOVACS_WH_Wide_AW_5_seed_120,proposed_nsga2_bs,Gyorgy-KOVACS_WH_Wide_AW_5,120,2,auto_from_instance,12,18,4,30,216,,,,,6,2,8,root > V:16 > BH:26 > BH:5 > BH:14 > BH:25 > BH:36 > BH:45 > BV:25,selected,0,inf,True,517,238,279,368.0,1.0,1.0,True,True,1,1,0,True,1,1,0,0,True,True,0,13,4,13,4,2,PF_RP,sampled_pool,,,False,0.16666666666666666,0.5,0.5,0.1,fixed,spacing_aware_flip,offspring,feasible_start_adaptive_spacing,,,,feasible_start_adaptive_spacing,0.5,,True,auto_from_instance,0.75,0.35,"0,5,12,16,25,26,29,36,45,47,49,57","16,19,25,27",,,,,,"H[0,5,12,14,16,25,26,29,36,45,47,49,57]|V[16,19,25,27]",6fcfc694894a367ef71d338faec4ce589ca685b5
proposed_nsga2_bs_Gyorgy-KOVACS_WH_Wide_AW_5_seed_120,proposed_nsga2_bs,Gyorgy-KOVACS_WH_Wide_AW_5,120,2,auto_from_instance,12,18,4,30,216,,,,,7,2,8,root > V:16 > BH:26 > BH:5 > BH:16 > BH:25 > BH:36 > BH:45 > BV:29,selected,2,inf,True,517,225,292,586.0,1.0,1.0,True,True,1,1,0,True,1,1,0,0,True,True,0,12,5,12,5,2,PF_RP,sampled_pool,,,False,0.16666666666666666,0.5,0.5,0.1,fixed,spacing_aware_flip,offspring,feasible_start_adaptive_spacing,,,,feasible_start_adaptive_spacing,0.5,,True,auto_from_instance,0.75,0.35,"0,5,12,16,25,26,29,36,45,47,49,57","16,19,25,27",,,,,,"H[0,5,12,16,25,26,29,36,45,47,49,57]|V[16,19,25,27,29]",13a8831f3352523fe53b9477eb693b985fdfc37c
proposed_nsga2_bs_Gyorgy-KOVACS_WH_Wide_AW_5_seed_120,proposed_nsga2_bs,Gyorgy-KOVACS_WH_Wide_AW_5,120,2,auto_from_instance,12,18,4,30,216,,,,,8,2,8,root > V:16 > BH:26 > BH:5 > BH:14 > BH:25 > BH:36 > BH:45 > BV:29,selected,2,inf,True,517,225,292,586.0,1.0,1.0,True,True,1,1,0,True,1,1,0,0,True,True,0,13,5,13,5,2,PF_RP,sampled_pool,,,False,0.16666666666666666,0.5,0.5,0.1,fixed,spacing_aware_flip,offspring,feasible_start_adaptive_spacing,,,,feasible_start_adaptive_spacing,0.5,,True,auto_from_instance,0.75,0.35,"0,5,12,16,25,26,29,36,45,47,49,57","16,19,25,27",,,,,,"H[0,5,12,14,16,25,26,29,36,45,47,49,57]|V[16,19,25,27,29]",7e0f4d1a90907f684b7d565e90c4ddb6c1ba7c58
proposed_nsga2_bs_Gyorgy-KOVACS_WH_Wide_AW_5_seed_120,proposed_nsga2_bs,Gyorgy-KOVACS_WH_Wide_AW_5,120,2,auto_from_instance,12,18,4,30,216,,,,,9,5,7,root > V:21 > BH:26 > BH:5 > BH:16 > BH:27 > BH:38 > BH:47,selected,5,inf,True,652,180,472,763.0,1.0,1.0,True,True,1,1,0,True,1,1,0,0,True,True,0,15,4,15,4,5,SS,sampled_pool,,,True,0.16666666666666666,0.5,0.5,0.1,fixed,insert_random_aisle,offspring,feasible_start_adaptive_spacing,,,,feasible_start_adaptive_spacing,0.5,,True,auto_from_instance,0.75,0.35,"5,7,11,14,25,26,29,34,36,45,47,49","16,19,21,24",,,,,,"H[5,7,11,14,16,25,26,27,29,34,36,38,45,47,49]|V[16,19,21,24]",2f63addef0a564eaffadcb442913b04bcdb20a31
proposed_nsga2_bs_Gyorgy-KOVACS_WH_Wide_AW_5_seed_120,proposed_nsga2_bs,Gyorgy-KOVACS_WH_Wide_AW_5,120,2,auto_from_instance,12,18,4,30,216,,,,,10,6,5,root > H:12 > BH:35 > BV:25 > BV:23 > BH:25,evaluated,6,inf,False,717,166,551,1302.0,1.0,1.0,True,True,1,1,0,True,1,1,0,0,True,True,0,13,5,13,5,6,RP_LS,sampled_pool,,,False,0.16666666666666666,0.5,0.5,0.1,fixed,bit_flip,offspring,feasible_start_adaptive_spacing,,,,feasible_start_adaptive_spacing,0.5,,True,auto_from_instance,0.75,0.35,"4,5,12,14,16,19,25,26,29,36,45,47","15,18,23,25,27",,,,,,"H[4,5,12,14,16,19,25,26,29,35,36,45,47]|V[15,18,23,25,27]",1cc7eaed918e4f519203cba9ec1a825ac3c84cb8
proposed_nsga2_bs_Gyorgy-KOVACS_WH_Wide_AW_5_seed_120,proposed_nsga2_bs,Gyorgy-KOVACS_WH_Wide_AW_5,120,2,auto_from_instance,12,18,4,30,216,,,,,11,6,5,root > H:12 > BH:35 > BV:25 > BV:23 > BH:23,evaluated,7,inf,False,717,164,553,1302.0,1.0,1.0,True,True,1,1,0,True,1,1,0,0,True,True,0,14,5,14,5,6,RP_LS,sampled_pool,,,False,0.16666666666666666,0.5,0.5,0.1,fixed,bit_flip,offspring,feasible_start_adaptive_spacing,,,,feasible_start_adaptive_spacing,0.5,,True,auto_from_instance,0.75,0.35,"4,5,12,14,16,19,25,26,29,36,45,47","15,18,23,25,27",,,,,,"H[4,5,12,14,16,19,23,25,26,29,35,36,45,47]|V[15,18,23,25,27]",e473f875172d63ae524026924af44e3e603127e2
proposed_nsga2_bs_Gyorgy-KOVACS_WH_Wide_AW_5_seed_120,proposed_nsga2_bs,Gyorgy-KOVACS_WH_Wide_AW_5,120,2,auto_from_instance,12,18,4,30,216,,,,,12,6,5,root > H:12 > BH:35 > BV:23 > BV:23 > BH:25,evaluated,7,inf,False,717,166,551,1421.0,1.0,1.0,True,True,1,1,0,True,1,1,0,0,True,True,0,13,5,13,5,6,RP_LS,sampled_pool,,,False,0.16666666666666666,0.5,0.5,0.1,fixed,bit_flip,offspring,feasible_start_adaptive_spacing,,,,feasible_start_adaptive_spacing,0.5,,True,auto_from_instance,0.75,0.35,"4,5,12,14,16,19,25,26,29,36,45,47","15,18,23,25,27",,,,,,"H[4,5,12,14,16,19,25,26,29,35,36,45,47]|V[15,18,23,25,27]",74e58e2f7e9281172062a2823ce829aa49b60e9e
proposed_nsga2_bs_Gyorgy-KOVACS_WH_Wide_AW_5_seed_120,proposed_nsga2_bs,Gyorgy-KOVACS_WH_Wide_AW_5,120,2,auto_from_instance,12,18,4,30,216,,,,,13,6,5,root > H:12 > BH:35 > BV:23 > BV:23 > BH:23,evaluated,8,inf,False,717,164,553,1421.0,1.0,1.0,True,True,1,1,0,True,1,1,0,0,True,True,0,14,5,14,5,6,RP_LS,sampled_pool,,,False,0.16666666666666666,0.5,0.5,0.1,fixed,bit_flip,offspring,feasible_start_adaptive_spacing,,,,feasible_start_adaptive_spacing,0.5,,True,auto_from_instance,0.75,0.35,"4,5,12,14,16,19,25,26,29,36,45,47","15,18,23,25,27",,,,,,"H[4,5,12,14,16,19,23,25,26,29,35,36,45,47]|V[15,18,23,25,27]",8acdaeaac5c805a3077c065546fdf4644f1f3fbd
proposed_nsga2_bs_Gyorgy-KOVACS_WH_Wide_AW_5_seed_120,proposed_nsga2_bs,Gyorgy-KOVACS_WH_Wide_AW_5,120,2,auto_from_instance,12,18,4,30,216,,,,,14,7,4,root > V:29 > BH:26 > BV:19 > BV:19,selected,1,inf,True,557,202,355,408.0,1.0,1.0,True,True,1,1,0,True,1,1,0,0,True,True,0,11,3,11,3,7,LS_SS,sampled_pool,,,True,0.16666666666666666,0.5,0.5,0.1,fixed,spacing_aware_flip,offspring,feasible_start_adaptive_spacing,,,,feasible_start_adaptive_spacing,0.5,,True,auto_from_instance,0.75,0.35,"5,12,16,25,26,31,36,45,47,49,57","16,19,29",,,,,,"H[5,12,16,25,26,31,36,45,47,49,57]|V[16,19,29]",225a083d40a70add6d49c842c1ea1b7da9e91627
proposed_nsga2_bs_Gyorgy-KOVACS_WH_Wide_AW_5_seed_120,proposed_nsga2_bs,Gyorgy-KOVACS_WH_Wide_AW_5,120,2,auto_from_instance,12,18,4,30,216,,,,,15,7,4,root > V:29 > BH:26 > BV:19 > BV:17,selected,2,inf,True,557,202,355,458.0,1.0,1.0,True,True,1,1,0,True,1,1,0,0,True,True,0,11,4,11,4,7,LS_SS,sampled_pool,,,True,0.16666666666666666,0.5,0.5,0.1,fixed,spacing_aware_flip,offspring,feasible_start_adaptive_spacing,,,,feasible_start_adaptive_spacing,0.5,,True,auto_from_instance,0.75,0.35,"5,12,16,25,26,31,36,45,47,49,57","16,19,29",,,,,,"H[5,12,16,25,26,31,36,45,47,49,57]|V[16,17,19,29]",f590e28c4ca08f01adba87c9244bc357b1edb9bd
proposed_nsga2_bs_Gyorgy-KOVACS_WH_Wide_AW_5_seed_120,proposed_nsga2_bs,Gyorgy-KOVACS_WH_Wide_AW_5,120,2,auto_from_instance,12,18,4,30,216,,,,,16,7,4,root > V:29 > BH:26 > BV:17 > BV:19,selected,3,inf,True,557,202,355,460.0,1.0,1.0,True,True,1,1,0,True,1,1,0,0,True,True,0,11,4,11,4,7,LS_SS,sampled_pool,,,True,0.16666666666666666,0.5,0.5,0.1,fixed,spacing_aware_flip,offspring,feasible_start_adaptive_spacing,,,,feasible_start_adaptive_spacing,0.5,,True,auto_from_instance,0.75,0.35,"5,12,16,25,26,31,36,45,47,49,57","16,19,29",,,,,,"H[5,12,16,25,26,31,36,45,47,49,57]|V[16,17,19,29]",0ccd7482bc13afbeac630bd0faf7012fe4b70f5c
proposed_nsga2_bs_Gyorgy-KOVACS_WH_Wide_AW_5_seed_120,proposed_nsga2_bs,Gyorgy-KOVACS_WH_Wide_AW_5,120,2,auto_from_instance,12,18,4,30,216,,,,,17,7,4,root > V:29 > BH:26 > BV:17 > BV:17,selected,4,inf,True,557,202,355,510.0,1.0,1.0,True,True,1,1,0,True,1,1,0,0,True,True,0,11,4,11,4,7,LS_SS,sampled_pool,,,True,0.16666666666666666,0.5,0.5,0.1,fixed,spacing_aware_flip,offspring,feasible_start_adaptive_spacing,,,,feasible_start_adaptive_spacing,0.5,,True,auto_from_instance,0.75,0.35,"5,12,16,25,26,31,36,45,47,49,57","16,19,29",,,,,,"H[5,12,16,25,26,31,36,45,47,49,57]|V[16,17,19,29]",01a64afdd46edf4dc6b60538f107b837ec4162f0
proposed_nsga2_bs_Gyorgy-KOVACS_WH_Wide_AW_5_seed_120,proposed_nsga2_bs,Gyorgy-KOVACS_WH_Wide_AW_5,120,2,auto_from_instance,12,18,4,30,216,,,,,18,8,5,root > H:12 > BH:37 > BV:25 > BV:23 > BH:25,evaluated,9,inf,False,727,162,565,1339.0,1.0,1.0,True,True,1,1,0,True,1,1,0,0,True,True,0,11,3,11,3,8,SS_PF_LS,sampled_pool,,,True,0.16666666666666666,0.5,0.5,0.1,fixed,remove_random_aisle,offspring,feasible_start_adaptive_spacing,,,,feasible_start_adaptive_spacing,0.5,,True,auto_from_instance,0.75,0.35,"5,12,16,25,26,36,45,47,49,57","19,25",,,,,,"H[5,12,16,25,26,36,37,45,47,49,57]|V[19,23,25]",e6e48742540678d0e7cb194a64d079bd9c3cbf42
proposed_nsga2_bs_Gyorgy-KOVACS_WH_Wide_AW_5_seed_120,proposed_nsga2_bs,Gyorgy-KOVACS_WH_Wide_AW_5,120,2,auto_from_instance,12,18,4,30,216,,,,,19,8,5,root > H:16 > BH:41 > BV:25 > BV:23 > BH:29,evaluated,10,inf,False,727,160,567,1339.0,1.0,1.0,True,True,1,1,0,True,1,1,0,0,True,True,0,12,3,12,3,8,SS_PF_LS,sampled_pool,,,True,0.16666666666666666,0.5,0.5,0.1,fixed,remove_random_aisle,offspring,feasible_start_adaptive_spacing,,,,feasible_start_adaptive_spacing,0.5,,True,auto_from_instance,0.75,0.35,"5,12,16,25,26,36,45,47,49,57","19,25",,,,,,"H[5,12,16,25,26,29,36,41,45,47,49,57]|V[19,23,25]",a4fb711bd985b259f65c3907c4656248cf44a682
proposed_nsga2_bs_Gyorgy-KOVACS_WH_Wide_AW_5_seed_120,proposed_nsga2_bs,Gyorgy-KOVACS_WH_Wide_AW_5,120,2,auto_from_instance,12,18,4,30,216,,,,,20,8,5,root > H:16 > BH:41 > BV:25 > BV:23 > BH:27,evaluated,11,inf,False,727,162,565,1381.0,1.0,1.0,True,True,1,1,0,True,1,1,0,0,True,True,0,12,3,12,3,8,SS_PF_LS,sampled_pool,,,True,0.16666666666666666,0.5,0.5,0.1,fixed,remove_random_aisle,offspring,feasible_start_adaptive_spacing,,,,feasible_start_adaptive_spacing,0.5,,True,auto_from_instance,0.75,0.35,"5,12,16,25,26,36,45,47,49,57","19,25",,,,,,"H[5,12,16,25,26,27,36,41,45,47,49,57]|V[19,23,25]",54cbc5ac34214390e653e73e8f68ca28b5de621b
proposed_nsga2_bs_Gyorgy-KOVACS_WH_Wide_AW_5_seed_120,proposed_nsga2_bs,Gyorgy-KOVACS_WH_Wide_AW_5,120,2,auto_from_instance,12,18,4,30,216,,,,,21,8,5,root > H:12 > BH:37 > BV:25 > BV:23 > BH:27,evaluated,11,inf,False,727,162,565,1381.0,1.0,1.0,True,True,1,1,0,True,1,1,0,0,True,True,0,12,3,12,3,8,SS_PF_LS,sampled_pool,,,True,0.16666666666666666,0.5,0.5,0.1,fixed,remove_random_aisle,offspring,feasible_start_adaptive_spacing,,,,feasible_start_adaptive_spacing,0.5,,True,auto_from_instance,0.75,0.35,"5,12,16,25,26,36,45,47,49,57","19,25",,,,,,"H[5,12,16,25,26,27,36,37,45,47,49,57]|V[19,23,25]",05e9e6f2dc5f131f919a661762c21cde2384c217
proposed_nsga2_bs_Gyorgy-KOVACS_WH_Wide_AW_5_seed_120,proposed_nsga2_bs,Gyorgy-KOVACS_WH_Wide_AW_5,120,2,auto_from_instance,12,18,4,30,216,,,,,22,9,4,root > V:27 > BH:26 > BV:17 > BV:17,selected,0,inf,True,567,256,311,311.0,1.0,1.0,True,True,1,1,0,True,1,1,0,0,True,True,0,12,6,12,6,9,LS_SS,sampled_pool,,,True,0.16666666666666666,0.5,0.5,0.1,fixed,insert_random_aisle,offspring,feasible_start_adaptive_spacing,,,,feasible_start_adaptive_spacing,0.5,,True,auto_from_instance,0.75,0.35,"4,5,7,11,14,25,26,29,36,40,45,47","16,19,25,27,29",,,,,,"H[4,5,7,11,14,25,26,29,36,40,45,47]|V[16,17,19,25,27,29]",a8708aef2b1e3127a45cd25328e7b01fe876ac67
proposed_nsga2_bs_Gyorgy-KOVACS_WH_Wide_AW_5_seed_120,proposed_nsga2_bs,Gyorgy-KOVACS_WH_Wide_AW_5,120,2,auto_from_instance,12,18,4,30,216,,,,,23,10,5,root > H:11 > BH:36 > BV:25 > BH:26 > BV:21,evaluated,14,inf,False,727,162,565,1544.0,1.0,1.0,True,True,1,1,0,True,1,1,0,0,True,True,0,11,6,11,6,10,RP,sampled_pool,,,False,0.16666666666666666,0.5,0.5,0.1,fixed,break_symmetry,offspring,feasible_start_adaptive_spacing,,,,feasible_start_adaptive_spacing,0.5,,True,auto_from_instance,0.75,0.35,"4,5,7,11,14,25,26,29,36,45,47","16,19,24,27",,,,,,"H[4,5,7,11,14,25,26,29,36,45,47]|V[16,19,21,24,25,27]",483c1e5360381f6cc47dc607078354f2c975ae8e
proposed_nsga2_bs_Gyorgy-KOVACS_WH_Wide_AW_5_seed_120,proposed_nsga2_bs,Gyorgy-KOVACS_WH_Wide_AW_5,120,2,auto_from_instance,12,18,4,30,216,,,,,24,11,8,root > V:16 > BH:26 > BH:7 > BH:16 > BH:25 > BH:36 > BH:45 > BV:25,selected,1,inf,True,517,238,279,537.0,1.0,1.0,True,True,1,1,0,True,1,1,0,0,True,True,0,13,4,13,4,11,PF,sampled_pool,,,False,0.16666666666666666,0.5,0.5,0.1,fixed,spacing_aware_flip,offspring,feasible_start_adaptive_spacing,,,,feasible_start_adaptive_spacing,0.5,,True,auto_from_instance,0.75,0.35,"4,5,7,11,14,25,26,36,45,47,49,56","16,19,29",,,,,,"H[4,5,7,11,14,16,25,26,36,45,47,49,56]|V[16,19,25,29]",5f183debb27c7a24bc0f9f82fc27ee77d3fc24d8
proposed_nsga2_bs_Gyorgy-KOVACS_WH_Wide_AW_5_seed_120,proposed_nsga2_bs,Gyorgy-KOVACS_WH_Wide_AW_5,120,2,auto_from_instance,12,18,4,30,216,,,,,25,11,8,root > V:16 > BH:26 > BH:7 > BH:16 > BH:25 > BH:36 > BH:45 > BV:29,selected,3,inf,True,517,225,292,755.0,1.0,1.0,True,True,1,1,0,True,1,1,0,0,True,True,0,13,3,13,3,11,PF,sampled_pool,,,False,0.16666666666666666,0.5,0.5,0.1,fixed,spacing_aware_flip,offspring,feasible_start_adaptive_spacing,,,,feasible_start_adaptive_spacing,0.5,,True,auto_from_instance,0.75,0.35,"4,5,7,11,14,25,26,36,45,47,49,56","16,19,29",,,,,,"H[4,5,7,11,14,16,25,26,36,45,47,49,56]|V[16,19,29]",03af9372cf0d8e782f6e425ae89227ab68d20a8e
proposed_nsga2_bs_Gyorgy-KOVACS_WH_Wide_AW_5_seed_120,proposed_nsga2_bs,Gyorgy-KOVACS_WH_Wide_AW_5,120,3,auto_from_instance,12,18,4,30,216,,,,,1,1,4,root > V:29 > BH:26 > BV:19 > BV:19,selected,1,inf,True,557,202,355,408.0,1.0,1.0,True,True,1,1,0,True,1,1,0,0,True,True,0,11,4,11,4,1,RP,sampled_pool,,,False,0.2222222222222222,0.5,0.5,0.1,fixed,bit_flip,offspring,feasible_start_adaptive_spacing,,,,feasible_start_adaptive_spacing,0.5,,True,auto_from_instance,0.75,0.35,"5,12,16,25,26,29,36,45,47,49,57","11,16,19,29",,,,,,"H[5,12,16,25,26,29,36,45,47,49,57]|V[11,16,19,29]",225a083d40a70add6d49c842c1ea1b7da9e91627
proposed_nsga2_bs_Gyorgy-KOVACS_WH_Wide_AW_5_seed_120,proposed_nsga2_bs,Gyorgy-KOVACS_WH_Wide_AW_5,120,3,auto_from_instance,12,18,4,30,216,,,,,2,1,4,root > V:29 > BH:26 > BV:19 > BV:17,selected,2,inf,True,557,202,355,458.0,1.0,1.0,True,True,1,1,0,True,1,1,0,0,True,True,0,11,5,11,5,1,RP,sampled_pool,,,False,0.2222222222222222,0.5,0.5,0.1,fixed,bit_flip,offspring,feasible_start_adaptive_spacing,,,,feasible_start_adaptive_spacing,0.5,,True,auto_from_instance,0.75,0.35,"5,12,16,25,26,29,36,45,47,49,57","11,16,19,29",,,,,,"H[5,12,16,25,26,29,36,45,47,49,57]|V[11,16,17,19,29]",f590e28c4ca08f01adba87c9244bc357b1edb9bd
proposed_nsga2_bs_Gyorgy-KOVACS_WH_Wide_AW_5_seed_120,proposed_nsga2_bs,Gyorgy-KOVACS_WH_Wide_AW_5,120,3,auto_from_instance,12,18,4,30,216,,,,,3,1,4,root > V:29 > BH:26 > BV:19 > BV:17,selected,3,inf,True,557,202,355,460.0,1.0,1.0,True,True,1,1,0,True,1,1,0,0,True,True,0,11,5,11,5,1,RP,sampled_pool,,,False,0.2222222222222222,0.5,0.5,0.1,fixed,bit_flip,offspring,feasible_start_adaptive_spacing,,,,feasible_start_adaptive_spacing,0.5,,True,auto_from_instance,0.75,0.35,"5,12,16,25,26,29,36,45,47,49,57","11,16,19,29",,,,,,"H[5,12,16,25,26,29,36,45,47,49,57]|V[11,16,17,19,29]",0ccd7482bc13afbeac630bd0faf7012fe4b70f5c
proposed_nsga2_bs_Gyorgy-KOVACS_WH_Wide_AW_5_seed_120,proposed_nsga2_bs,Gyorgy-KOVACS_WH_Wide_AW_5,120,3,auto_from_instance,12,18,4,30,216,,,,,4,1,4,root > V:29 > BH:26 > BV:17 > BV:17,selected,4,inf,True,557,202,355,510.0,1.0,1.0,True,True,1,1,0,True,1,1,0,0,True,True,0,11,5,11,5,1,RP,sampled_pool,,,False,0.2222222222222222,0.5,0.5,0.1,fixed,bit_flip,offspring,feasible_start_adaptive_spacing,,,,feasible_start_adaptive_spacing,0.5,,True,auto_from_instance,0.75,0.35,"5,12,16,25,26,29,36,45,47,49,57","11,16,19,29",,,,,,"H[5,12,16,25,26,29,36,45,47,49,57]|V[11,16,17,19,29]",01a64afdd46edf4dc6b60538f107b837ec4162f0
proposed_nsga2_bs_Gyorgy-KOVACS_WH_Wide_AW_5_seed_120,proposed_nsga2_bs,Gyorgy-KOVACS_WH_Wide_AW_5,120,3,auto_from_instance,12,18,4,30,216,,,,,5,2,8,root > V:16 > BH:26 > BH:5 > BH:16 > BH:25 > BH:36 > BH:45 > BV:25,selected,0,inf,True,517,238,279,368.0,1.0,1.0,True,True,1,1,0,True,1,1,0,0,True,True,0,12,6,12,6,2,PF_LS,sampled_pool,,,False,0.2222222222222222,0.5,0.5,0.1,fixed,insert_random_aisle,offspring,feasible_start_adaptive_spacing,,,,feasible_start_adaptive_spacing,0.5,,True,auto_from_instance,0.75,0.35,"0,5,12,16,25,26,31,36,45,47,49,57","16,17,19,20,25,27",,,,,,"H[0,5,12,16,25,26,31,36,45,47,49,57]|V[16,17,19,20,25,27]",559a078c3ea143504613077c561cb3124d66b767
proposed_nsga2_bs_Gyorgy-KOVACS_WH_Wide_AW_5_seed_120,proposed_nsga2_bs,Gyorgy-KOVACS_WH_Wide_AW_5,120,3,auto_from_instance,12,18,4,30,216,,,,,6,2,8,root > V:16 > BH:26 > BH:5 > BH:14 > BH:25 > BH:36 > BH:45 > BV:25,selected,0,0.0,True,517,238,279,368.0,1.0,1.0,True,True,1,1,0,True,1,1,0,0,True,True,0,13,6,13,6,2,PF_LS,sampled_pool,,,False,0.2222222222222222,0.5,0.5,0.1,fixed,insert_random_aisle,offspring,feasible_start_adaptive_spacing,,,,feasible_start_adaptive_spacing,0.5,,True,auto_from_instance,0.75,0.35,"0,5,12,16,25,26,31,36,45,47,49,57","16,17,19,20,25,27",,,,,,"H[0,5,12,14,16,25,26,31,36,45,47,49,57]|V[16,17,19,20,25,27]",6fcfc694894a367ef71d338faec4ce589ca685b5
proposed_nsga2_bs_Gyorgy-KOVACS_WH_Wide_AW_5_seed_120,proposed_nsga2_bs,Gyorgy-KOVACS_WH_Wide_AW_5,120,3,auto_from_instance,12,18,4,30,216,,,,,7,2,8,root > V:16 > BH:26 > BH:5 > BH:16 > BH:25 > BH:36 > BH:45 > BV:29,selected,1,inf,True,517,225,292,586.0,1.0,1.0,True,True,1,1,0,True,1,1,0,0,True,True,0,12,7,12,7,2,PF_LS,sampled_pool,,,False,0.2222222222222222,0.5,0.5,0.1,fixed,insert_random_aisle,offspring,feasible_start_adaptive_spacing,,,,feasible_start_adaptive_spacing,0.5,,True,auto_from_instance,0.75,0.35,"0,5,12,16,25,26,31,36,45,47,49,57","16,17,19,20,25,27",,,,,,"H[0,5,12,16,25,26,31,36,45,47,49,57]|V[16,17,19,20,25,27,29]",13a8831f3352523fe53b9477eb693b985fdfc37c
proposed_nsga2_bs_Gyorgy-KOVACS_WH_Wide_AW_5_seed_120,proposed_nsga2_bs,Gyorgy-KOVACS_WH_Wide_AW_5,120,3,auto_from_instance,12,18,4,30,216,,,,,8,2,8,root > V:16 > BH:26 > BH:5 > BH:14 > BH:25 > BH:36 > BH:45 > BV:29,selected,1,0.0,True,517,225,292,586.0,1.0,1.0,True,True,1,1,0,True,1,1,0,0,True,True,0,13,7,13,7,2,PF_LS,sampled_pool,,,False,0.2222222222222222,0.5,0.5,0.1,fixed,insert_random_aisle,offspring,feasible_start_adaptive_spacing,,,,feasible_start_adaptive_spacing,0.5,,True,auto_from_instance,0.75,0.35,"0,5,12,16,25,26,31,36,45,47,49,57","16,17,19,20,25,27",,,,,,"H[0,5,12,14,16,25,26,31,36,45,47,49,57]|V[16,17,19,20,25,27,29]",7e0f4d1a90907f684b7d565e90c4ddb6c1ba7c58
proposed_nsga2_bs_Gyorgy-KOVACS_WH_Wide_AW_5_seed_120,proposed_nsga2_bs,Gyorgy-KOVACS_WH_Wide_AW_5,120,3,auto_from_instance,12,18,4,30,216,,,,,9,3,4,root > V:27 > BH:26 > BV:17 > BV:17,selected,0,inf,True,567,256,311,311.0,1.0,1.0,True,True,1,1,0,True,1,1,0,0,True,True,0,12,7,12,7,3,LS_RP,sampled_pool,,,False,0.2222222222222222,0.5,0.5,0.1,fixed,spacing_aware_flip,offspring,feasible_start_adaptive_spacing,,,,feasible_start_adaptive_spacing,0.5,,True,auto_from_instance,0.75,0.35,"0,5,12,16,25,26,31,36,45,47,49,57","9,16,19,25,27,29",,,,,,"H[0,5,12,16,25,26,31,36,45,47,49,57]|V[9,16,17,19,25,27,29]",a8708aef2b1e3127a45cd25328e7b01fe876ac67
proposed_nsga2_bs_Gyorgy-KOVACS_WH_Wide_AW_5_seed_120,proposed_nsga2_bs,Gyorgy-KOVACS_WH_Wide_AW_5,120,3,auto_from_instance,12,18,4,30,216,,,,,10,7,5,root > H:11 > BH:36 > BV:25 > BH:24 > BV:23,selected,5,inf,True,727,162,565,1332.0,1.0,1.0,True,True,1,1,0,True,1,1,0,0,True,True,0,13,6,13,6,7,RP,sampled_pool,,,False,0.2222222222222222,0.5,0.5,0.1,fixed,break_symmetry,offspring,feasible_start_adaptive_spacing,,,,feasible_start_adaptive_spacing,0.5,,True,auto_from_instance,0.75,0.35,"4,5,7,11,14,25,26,29,36,40,45,47","16,19,24,27",,,,,,"H[4,5,7,11,14,24,25,26,29,36,40,45,47]|V[16,19,23,24,25,27]",d7e9aa05d3f651627361ea0990bc37cf6d72e84a
proposed_nsga2_bs_Gyorgy-KOVACS_WH_Wide_AW_5_seed_120,proposed_nsga2_bs,Gyorgy-KOVACS_WH_Wide_AW_5,120,3,auto_from_instance,12,18,4,30,216,,,,,11,7,5,root > H:11 > BH:36 > BV:25 > BV:23 > BH:26,evaluated,6,inf,False,727,162,565,1374.0,1.0,1.0,True,True,1,1,0,True,1,1,0,0,True,True,0,12,6,12,6,7,RP,sampled_pool,,,False,0.2222222222222222,0.5,0.5,0.1,fixed,break_symmetry,offspring,feasible_start_adaptive_spacing,,,,feasible_start_adaptive_spacing,0.5,,True,auto_from_instance,0.75,0.35,"4,5,7,11,14,25,26,29,36,40,45,47","16,19,24,27",,,,,,"H[4,5,7,11,14,25,26,29,36,40,45,47]|V[16,19,23,24,25,27]",ac858bb0a849bf64b238c2502afebd7b8728715d
proposed_nsga2_bs_Gyorgy-KOVACS_WH_Wide_AW_5_seed_120,proposed_nsga2_bs,Gyorgy-KOVACS_WH_Wide_AW_5,120,3,auto_from_instance,12,18,4,30,216,,,,,12,7,5,root > H:11 > BH:36 > BV:25 > BH:24 > BV:21,evaluated,7,inf,False,727,162,565,1502.0,1.0,1.0,True,True,1,1,0,True,1,1,0,0,True,True,0,13,6,13,6,7,RP,sampled_pool,,,False,0.2222222222222222,0.5,0.5,0.1,fixed,break_symmetry,offspring,feasible_start_adaptive_spacing,,,,feasible_start_adaptive_spacing,0.5,,True,auto_from_instance,0.75,0.35,"4,5,7,11,14,25,26,29,36,40,45,47","16,19,24,27",,,,,,"H[4,5,7,11,14,24,25,26,29,36,40,45,47]|V[16,19,21,24,25,27]",458c11f620d0ec1be347e443db51d3c86f124625
proposed_nsga2_bs_Gyorgy-KOVACS_WH_Wide_AW_5_seed_120,proposed_nsga2_bs,Gyorgy-KOVACS_WH_Wide_AW_5,120,3,auto_from_instance,12,18,4,30,216,,,,,13,7,5,root > H:11 > BH:36 > BV:25 > BH:26 > BV:21,evaluated,8,inf,False,727,162,565,1544.0,1.0,1.0,True,True,1,1,0,True,1,1,0,0,True,True,0,12,6,12,6,7,RP,sampled_pool,,,False,0.2222222222222222,0.5,0.5,0.1,fixed,break_symmetry,offspring,feasible_start_adaptive_spacing,,,,feasible_start_adaptive_spacing,0.5,,True,auto_from_instance,0.75,0.35,"4,5,7,11,14,25,26,29,36,40,45,47","16,19,24,27",,,,,,"H[4,5,7,11,14,25,26,29,36,40,45,47]|V[16,19,21,24,25,27]",483c1e5360381f6cc47dc607078354f2c975ae8e
proposed_nsga2_bs_Gyorgy-KOVACS_WH_Wide_AW_5_seed_120,proposed_nsga2_bs,Gyorgy-KOVACS_WH_Wide_AW_5,120,3,auto_from_instance,12,18,4,30,216,,,,,14,8,8,root > V:16 > BH:26 > BH:5 > BH:16 > BH:27 > BH:36 > BH:45 > BV:25,selected,0,inf,True,517,238,279,368.0,1.0,1.0,True,True,1,1,0,True,1,1,0,0,True,True,0,14,7,14,7,8,LS_SS,sampled_pool,,,True,0.2222222222222222,0.5,0.5,0.1,fixed,spacing_aware_flip,offspring,feasible_start_adaptive_spacing,,,,feasible_start_adaptive_spacing,0.5,,True,auto_from_instance,0.75,0.35,"0,5,12,14,16,25,26,29,36,45,47,49,57","0,16,17,19,25,27,29",,,,,,"H[0,5,12,14,16,25,26,27,29,36,45,47,49,57]|V[0,16,17,19,25,27,29]",015ee1c8318bbe65f9d75b3878c91b9d7be2a076
proposed_nsga2_bs_Gyorgy-KOVACS_WH_Wide_AW_5_seed_120,proposed_nsga2_bs,Gyorgy-KOVACS_WH_Wide_AW_5,120,3,auto_from_instance,12,18,4,30,216,,,,,15,8,8,root > V:16 > BH:26 > BH:5 > BH:16 > BH:27 > BH:36 > BH:45 > BV:29,selected,1,inf,True,517,225,292,586.0,1.0,1.0,True,True,1,1,0,True,1,1,0,0,True,True,0,14,7,14,7,8,LS_SS,sampled_pool,,,True,0.2222222222222222,0.5,0.5,0.1,fixed,spacing_aware_flip,offspring,feasible_start_adaptive_spacing,,,,feasible_start_adaptive_spacing,0.5,,True,auto_from_instance,0.75,0.35,"0,5,12,14,16,25,26,29,36,45,47,49,57","0,16,17,19,25,27,29",,,,,,"H[0,5,12,14,16,25,26,27,29,36,45,47,49,57]|V[0,16,17,19,25,27,29]",ed71c8d546062d956359fd31a02e14699e745412
proposed_nsga2_bs_Gyorgy-KOVACS_WH_Wide_AW_5_seed_120,proposed_nsga2_bs,Gyorgy-KOVACS_WH_Wide_AW_5,120,4,auto_from_instance,12,18,4,30,216,,,,,1,1,5,root > H:12 > BH:35 > BV:25 > BV:23 > BH:25,evaluated,5,inf,False,717,166,551,1302.0,1.0,1.0,True,True,1,1,0,True,1,1,0,0,True,True,0,13,5,13,5,1,SS_PF_LS,sampled_pool,,,True,0.2777777777777778,0.5,0.5,0.1,fixed,remove_random_aisle,offspring,feasible_start_adaptive_spacing,,,,feasible_start_adaptive_spacing,0.5,,True,auto_from_instance,0.75,0.35,"0,5,12,16,25,26,29,36,45,47,49,57","11,16,29",,,,,,"H[0,5,12,16,25,26,29,35,36,45,47,49,57]|V[11,16,23,25,29]",1cc7eaed918e4f519203cba9ec1a825ac3c84cb8
proposed_nsga2_bs_Gyorgy-KOVACS_WH_Wide_AW_5_seed_120,proposed_nsga2_bs,Gyorgy-KOVACS_WH_Wide_AW_5,120,4,auto_from_instance,12,18,4,30,216,,,,,2,1,5,root > H:12 > BH:35 > BV:25 > BV:23 > BH:23,evaluated,6,inf,False,717,164,553,1302.0,1.0,1.0,True,True,1,1,0,True,1,1,0,0,True,True,0,14,5,14,5,1,SS_PF_LS,sampled_pool,,,True,0.2777777777777778,0.5,0.5,0.1,fixed,remove_random_aisle,offspring,feasible_start_adaptive_spacing,,,,feasible_start_adaptive_spacing,0.5,,True,auto_from_instance,0.75,0.35,"0,5,12,16,25,26,29,36,45,47,49,57","11,16,29",,,,,,"H[0,5,12,16,23,25,26,29,35,36,45,47,49,57]|V[11,16,23,25,29]",e473f875172d63ae524026924af44e3e603127e2
proposed_nsga2_bs_Gyorgy-KOVACS_WH_Wide_AW_5_seed_120,proposed_nsga2_bs,Gyorgy-KOVACS_WH_Wide_AW_5,120,4,auto_from_instance,12,18,4,30,216,,,,,3,1,5,root > H:12 > BH:35 > BV:25 > BV:21 > BH:25,evaluated,6,inf,False,717,166,551,1489.0,1.0,1.0,True,True,1,1,0,True,1,1,0,0,True,True,0,13,5,13,5,1,SS_PF_LS,sampled_pool,,,True,0.2777777777777778,0.5,0.5,0.1,fixed,remove_random_aisle,offspring,feasible_start_adaptive_spacing,,,,feasible_start_adaptive_spacing,0.5,,True,auto_from_instance,0.75,0.35,"0,5,12,16,25,26,29,36,45,47,49,57","11,16,29",,,,,,"H[0,5,12,16,25,26,29,35,36,45,47,49,57]|V[11,16,21,25,29]",d41ffaf8efb99987320c54b9903c7475a583097e
proposed_nsga2_bs_Gyorgy-KOVACS_WH_Wide_AW_5_seed_120,proposed_nsga2_bs,Gyorgy-KOVACS_WH_Wide_AW_5,120,4,auto_from_instance,12,18,4,30,216,,,,,4,1,5,root > H:12 > BH:35 > BV:25 > BV:21 > BH:23,evaluated,7,inf,False,717,164,553,1489.0,1.0,1.0,True,True,1,1,0,True,1,1,0,0,True,True,0,14,5,14,5,1,SS_PF_LS,sampled_pool,,,True,0.2777777777777778,0.5,0.5,0.1,fixed,remove_random_aisle,offspring,feasible_start_adaptive_spacing,,,,feasible_start_adaptive_spacing,0.5,,True,auto_from_instance,0.75,0.35,"0,5,12,16,25,26,29,36,45,47,49,57","11,16,29",,,,,,"H[0,5,12,16,23,25,26,29,35,36,45,47,49,57]|V[11,16,21,25,29]",256f901eaa6be173ba94df6bea3a7673ae67fefa
proposed_nsga2_bs_Gyorgy-KOVACS_WH_Wide_AW_5_seed_120,proposed_nsga2_bs,Gyorgy-KOVACS_WH_Wide_AW_5,120,4,auto_from_instance,12,18,4,30,216,,,,,5,2,8,root > V:16 > BH:26 > BH:5 > BH:16 > BH:27 > BH:36 > BH:45 > BV:25,selected,0,1.745680106335844,True,517,238,279,368.0,1.0,1.0,True,True,1,1,0,True,1,1,0,0,True,True,0,11,7,11,7,2,PF_RP,sampled_pool,,,False,0.2777777777777778,0.5,0.5,0.1,fixed,remove_random_aisle,offspring,feasible_start_adaptive_spacing,,,,feasible_start_adaptive_spacing,0.5,,True,auto_from_instance,0.75,0.35,"5,12,16,25,26,31,36,45,49,57","9,16,17,19,25,27,29",,,,,,"H[5,12,16,25,26,27,31,36,45,49,57]|V[9,16,17,19,25,27,29]",015ee1c8318bbe65f9d75b3878c91b9d7be2a076
proposed_nsga2_bs_Gyorgy-KOVACS_WH_Wide_AW_5_seed_120,proposed_nsga2_bs,Gyorgy-KOVACS_WH_Wide_AW_5,120,4,auto_from_instance,12,18,4,30,216,,,,,6,2,8,root > V:16 > BH:26 > BH:5 > BH:16 > BH:27 > BH:36 > BH:45 > BV:29,selected,1,inf,True,517,225,292,586.0,1.0,1.0,True,True,1,1,0,True,1,1,0,0,True,True,0,11,7,11,7,2,PF_RP,sampled_pool,,,False,0.2777777777777778,0.5,0.5,0.1,fixed,remove_random_aisle,offspring,feasible_start_adaptive_spacing,,,,feasible_start_adaptive_spacing,0.5,,True,auto_from_instance,0.75,0.35,"5,12,16,25,26,31,36,45,49,57","9,16,17,19,25,27,29",,,,,,"H[5,12,16,25,26,27,31,36,45,49,57]|V[9,16,17,19,25,27,29]",ed71c8d546062d956359fd31a02e14699e745412
proposed_nsga2_bs_Gyorgy-KOVACS_WH_Wide_AW_5_seed_120,proposed_nsga2_bs,Gyorgy-KOVACS_WH_Wide_AW_5,120,4,auto_from_instance,12,18,4,30,216,,,,,7,3,4,root > V:27 > BH:26 > BV:17 > BV:17,selected,0,inf,True,567,256,311,311.0,1.0,1.0,True,True,1,1,0,True,1,1,0,0,True,True,0,14,8,14,8,3,SS_LS_PF,sampled_pool,,,True,0.2777777777777778,0.5,0.5,0.1,fixed,spacing_aware_flip,offspring,feasible_start_adaptive_spacing,,,,feasible_start_adaptive_spacing,0.5,,True,auto_from_instance,0.75,0.35,"0,5,12,14,16,25,26,27,29,36,45,47,49,57","9,16,17,19,25,27,29,34",,,,,,"H[0,5,12,14,16,25,26,27,29,36,45,47,49,57]|V[9,16,17,19,25,27,29,34]",a8708aef2b1e3127a45cd25328e7b01fe876ac67
proposed_nsga2_bs_Gyorgy-KOVACS_WH_Wide_AW_5_seed_120,proposed_nsga2_bs,Gyorgy-KOVACS_WH_Wide_AW_5,120,4,auto_from_instance,12,18,4,30,216,,,,,8,3,4,root > V:29 > BH:26 > BV:19 > BV:19,selected,1,inf,True,557,202,355,408.0,1.0,1.0,True,True,1,1,0,True,1,1,0,0,True,True,0,14,8,14,8,3,SS_LS_PF,sampled_pool,,,True,0.2777777777777778,0.5,0.5,0.1,fixed,spacing_aware_flip,offspring,feasible_start_adaptive_spacing,,,,feasible_start_adaptive_spacing,0.5,,True,auto_from_instance,0.75,0.35,"0,5,12,14,16,25,26,27,29,36,45,47,49,57","9,16,17,19,25,27,29,34",,,,,,"H[0,5,12,14,16,25,26,27,29,36,45,47,49,57]|V[9,16,17,19,25,27,29,34]",225a083d40a70add6d49c842c1ea1b7da9e91627
proposed_nsga2_bs_Gyorgy-KOVACS_WH_Wide_AW_5_seed_120,proposed_nsga2_bs,Gyorgy-KOVACS_WH_Wide_AW_5,120,4,auto_from_instance,12,18,4,30,216,,,,,9,3,4,root > V:29 > BH:26 > BV:19 > BV:17,selected,2,inf,True,557,202,355,458.0,1.0,1.0,True,True,1,1,0,True,1,1,0,0,True,True,0,14,8,14,8,3,SS_LS_PF,sampled_pool,,,True,0.2777777777777778,0.5,0.5,0.1,fixed,spacing_aware_flip,offspring,feasible_start_adaptive_spacing,,,,feasible_start_adaptive_spacing,0.5,,True,auto_from_instance,0.75,0.35,"0,5,12,14,16,25,26,27,29,36,45,47,49,57","9,16,17,19,25,27,29,34",,,,,,"H[0,5,12,14,16,25,26,27,29,36,45,47,49,57]|V[9,16,17,19,25,27,29,34]",f590e28c4ca08f01adba87c9244bc357b1edb9bd
proposed_nsga2_bs_Gyorgy-KOVACS_WH_Wide_AW_5_seed_120,proposed_nsga2_bs,Gyorgy-KOVACS_WH_Wide_AW_5,120,4,auto_from_instance,12,18,4,30,216,,,,,10,3,4,root > V:29 > BH:26 > BV:19 > BV:17,selected,3,inf,True,557,202,355,460.0,1.0,1.0,True,True,1,1,0,True,1,1,0,0,True,True,0,14,8,14,8,3,SS_LS_PF,sampled_pool,,,True,0.2777777777777778,0.5,0.5,0.1,fixed,spacing_aware_flip,offspring,feasible_start_adaptive_spacing,,,,feasible_start_adaptive_spacing,0.5,,True,auto_from_instance,0.75,0.35,"0,5,12,14,16,25,26,27,29,36,45,47,49,57","9,16,17,19,25,27,29,34",,,,,,"H[0,5,12,14,16,25,26,27,29,36,45,47,49,57]|V[9,16,17,19,25,27,29,34]",0ccd7482bc13afbeac630bd0faf7012fe4b70f5c
proposed_nsga2_bs_Gyorgy-KOVACS_WH_Wide_AW_5_seed_120,proposed_nsga2_bs,Gyorgy-KOVACS_WH_Wide_AW_5,120,4,auto_from_instance,12,18,4,30,216,,,,,11,5,8,root > V:16 > BH:26 > BH:5 > BH:16 > BH:25 > BH:36 > BH:45 > BV:25,selected,0,0.0,True,517,238,279,368.0,1.0,1.0,True,True,1,1,0,True,1,1,0,0,True,True,0,17,7,17,7,5,LS_SS,sampled_pool,,,True,0.2777777777777778,0.5,0.5,0.1,fixed,swap_segments,offspring,feasible_start_adaptive_spacing,,,,feasible_start_adaptive_spacing,0.5,,True,auto_from_instance,0.75,0.35,"0,5,12,19,28,31,33,42,43,47,49,57","11,16,17,19,20,25,27",,,,,,"H[0,5,12,16,19,25,26,28,31,33,36,42,43,45,47,49,57]|V[11,16,17,19,20,25,27]",559a078c3ea143504613077c561cb3124d66b767
proposed_nsga2_bs_Gyorgy-KOVACS_WH_Wide_AW_5_seed_120,proposed_nsga2_bs,Gyorgy-KOVACS_WH_Wide_AW_5,120,4,auto_from_instance,12,18,4,30,216,,,,,12,5,8,root > V:16 > BH:26 > BH:5 > BH:14 > BH:25 > BH:36 > BH:45 > BV:25,selected,0,inf,True,517,238,279,368.0,1.0,1.0,True,True,1,1,0,True,1,1,0,0,True,True,0,17,7,17,7,5,LS_SS,sampled_pool,,,True,0.2777777777777778,0.5,0.5,0.1,fixed,swap_segments,offspring,feasible_start_adaptive_spacing,,,,feasible_start_adaptive_spacing,0.5,,True,auto_from_instance,0.75,0.35,"0,5,12,19,28,31,33,42,43,47,49,57","11,16,17,19,20,25,27",,,,,,"H[0,5,12,14,19,25,26,28,31,33,36,42,43,45,47,49,57]|V[11,16,17,19,20,25,27]",6fcfc694894a367ef71d338faec4ce589ca685b5
proposed_nsga2_bs_Gyorgy-KOVACS_WH_Wide_AW_5_seed_120,proposed_nsga2_bs,Gyorgy-KOVACS_WH_Wide_AW_5,120,4,auto_from_instance,12,18,4,30,216,,,,,13,5,8,root > V:16 > BH:26 > BH:5 > BH:16 > BH:25 > BH:36 > BH:45 > BV:29,selected,1,0.0,True,517,225,292,586.0,1.0,1.0,True,True,1,1,0,True,1,1,0,0,True,True,0,17,8,17,8,5,LS_SS,sampled_pool,,,True,0.2777777777777778,0.5,0.5,0.1,fixed,swap_segments,offspring,feasible_start_adaptive_spacing,,,,feasible_start_adaptive_spacing,0.5,,True,auto_from_instance,0.75,0.35,"0,5,12,19,28,31,33,42,43,47,49,57","11,16,17,19,20,25,27",,,,,,"H[0,5,12,16,19,25,26,28,31,33,36,42,43,45,47,49,57]|V[11,16,17,19,20,25,27,29]",13a8831f3352523fe53b9477eb693b985fdfc37c
proposed_nsga2_bs_Gyorgy-KOVACS_WH_Wide_AW_5_seed_120,proposed_nsga2_bs,Gyorgy-KOVACS_WH_Wide_AW_5,120,4,auto_from_instance,12,18,4,30,216,,,,,14,5,8,root > V:16 > BH:26 > BH:5 > BH:14 > BH:25 > BH:36 > BH:45 > BV:29,selected,1,inf,True,517,225,292,586.0,1.0,1.0,True,True,1,1,0,True,1,1,0,0,True,True,0,17,8,17,8,5,LS_SS,sampled_pool,,,True,0.2777777777777778,0.5,0.5,0.1,fixed,swap_segments,offspring,feasible_start_adaptive_spacing,,,,feasible_start_adaptive_spacing,0.5,,True,auto_from_instance,0.75,0.35,"0,5,12,19,28,31,33,42,43,47,49,57","11,16,17,19,20,25,27",,,,,,"H[0,5,12,14,19,25,26,28,31,33,36,42,43,45,47,49,57]|V[11,16,17,19,20,25,27,29]",7e0f4d1a90907f684b7d565e90c4ddb6c1ba7c58
proposed_nsga2_bs_Gyorgy-KOVACS_WH_Wide_AW_5_seed_120,proposed_nsga2_bs,Gyorgy-KOVACS_WH_Wide_AW_5,120,4,auto_from_instance,12,18,4,30,216,,,,,15,6,4,root > V:29 > BH:26 > BV:17 > BV:17,evaluated,4,inf,False,557,202,355,510.0,1.0,1.0,True,True,1,1,0,True,1,1,0,0,True,True,0,11,5,11,5,6,RP_LS,sampled_pool,,,False,0.2777777777777778,0.5,0.5,0.1,fixed,break_symmetry,offspring,feasible_start_adaptive_spacing,,,,feasible_start_adaptive_spacing,0.5,,True,auto_from_instance,0.75,0.35,"5,12,16,25,26,29,36,45,47,49,57","16,18,19,29",,,,,,"H[5,12,16,25,26,29,36,45,47,49,57]|V[16,17,18,19,29]",01a64afdd46edf4dc6b60538f107b837ec4162f0
proposed_nsga2_bs_Gyorgy-KOVACS_WH_Wide_AW_5_seed_120,proposed_nsga2_bs,Gyorgy-KOVACS_WH_Wide_AW_5,120,4,auto_from_instance,12,18,4,30,216,,,,,16,11,8,root > V:15 > BH:26 > BH:5 > BH:16 > BH:25 > BH:36 > BH:45 > BV:24,selected,0,inf,True,497,247,250,385.0,1.0,1.0,True,True,1,1,0,True,1,1,0,0,True,True,0,12,9,12,9,11,PF,sampled_pool,,,False,0.2777777777777778,0.5,0.5,0.1,fixed,bit_flip,offspring,feasible_start_adaptive_spacing,,,,feasible_start_adaptive_spacing,0.5,,True,auto_from_instance,0.75,0.35,"0,5,12,16,25,26,29,36,45,47,49,57","11,15,16,17,19,25,27,29",,,,,,"H[0,5,12,16,25,26,29,36,45,47,49,57]|V[11,15,16,17,19,24,25,27,29]",416c9c0e4f9e06143d78fee04cbc7a8d1c4800ad
proposed_nsga2_bs_Gyorgy-KOVACS_WH_Wide_AW_5_seed_120,proposed_nsga2_bs,Gyorgy-KOVACS_WH_Wide_AW_5,120,4,auto_from_instance,12,18,4,30,216,,,,,17,11,8,root > V:15 > BH:26 > BH:5 > BH:14 > BH:25 > BH:36 > BH:45 > BV:24,selected,0,inf,True,497,247,250,385.0,1.0,1.0,True,True,1,1,0,True,1,1,0,0,True,True,0,13,9,13,9,11,PF,sampled_pool,,,False,0.2777777777777778,0.5,0.5,0.1,fixed,bit_flip,offspring,feasible_start_adaptive_spacing,,,,feasible_start_adaptive_spacing,0.5,,True,auto_from_instance,0.75,0.35,"0,5,12,16,25,26,29,36,45,47,49,57","11,15,16,17,19,25,27,29",,,,,,"H[0,5,12,14,16,25,26,29,36,45,47,49,57]|V[11,15,16,17,19,24,25,27,29]",4f5b467192e7c6ce4bc3fd69bf3ce13c31bd8ba0
proposed_nsga2_bs_Gyorgy-KOVACS_WH_Wide_AW_5_seed_120,proposed_nsga2_bs,Gyorgy-KOVACS_WH_Wide_AW_5,120,5,auto_from_instance,12,18,4,30,216,,,,,1,1,8,root > V:15 > BH:26 > BH:5 > BH:16 > BH:25 > BH:36 > BH:45 > BV:24,selected,0,inf,True,497,247,250,385.0,1.0,1.0,True,True,1,1,0,True,1,1,0,0,True,True,0,15,11,15,11,1,PF_LS,sampled_pool,,,False,0.3333333333333333,0.5,0.5,0.1,fixed,insert_random_aisle,offspring,feasible_start_adaptive_spacing,,,,feasible_start_adaptive_spacing,0.5,,True,auto_from_instance,0.75,0.35,"0,5,12,14,16,25,26,27,29,36,39,45,47,49,57","9,11,15,16,17,19,25,27,29,34",,,,,,"H[0,5,12,14,16,25,26,27,29,36,39,45,47,49,57]|V[9,11,15,16,17,19,24,25,27,29,34]",416c9c0e4f9e06143d78fee04cbc7a8d1c4800ad
proposed_nsga2_bs_Gyorgy-KOVACS_WH_Wide_AW_5_seed_120,proposed_nsga2_bs,Gyorgy-KOVACS_WH_Wide_AW_5,120,5,auto_from_instance,12,18,4,30,216,,,,,2,1,8,root > V:15 > BH:26 > BH:5 > BH:14 > BH:25 > BH:36 > BH:45 > BV:24,selected,0,inf,True,497,247,250,385.0,1.0,1.0,True,True,1,1,0,True,1,1,0,0,True,True,0,15,11,15,11,1,PF_LS,sampled_pool,,,False,0.3333333333333333,0.5,0.5,0.1,fixed,insert_random_aisle,offspring,feasible_start_adaptive_spacing,,,,feasible_start_adaptive_spacing,0.5,,True,auto_from_instance,0.75,0.35,"0,5,12,14,16,25,26,27,29,36,39,45,47,49,57","9,11,15,16,17,19,25,27,29,34",,,,,,"H[0,5,12,14,16,25,26,27,29,36,39,45,47,49,57]|V[9,11,15,16,17,19,24,25,27,29,34]",4f5b467192e7c6ce4bc3fd69bf3ce13c31bd8ba0
proposed_nsga2_bs_Gyorgy-KOVACS_WH_Wide_AW_5_seed_120,proposed_nsga2_bs,Gyorgy-KOVACS_WH_Wide_AW_5,120,5,auto_from_instance,12,18,4,30,216,,,,,3,2,8,root > V:16 > BH:26 > BH:5 > BH:16 > BH:27 > BH:36 > BH:45 > BV:25,selected,0,1.745680106335844,True,517,238,279,368.0,1.0,1.0,True,True,1,1,0,True,1,1,0,0,True,True,0,14,8,14,8,2,LS_RP,sampled_pool,,,False,0.3333333333333333,0.5,0.5,0.1,fixed,spacing_aware_flip,offspring,feasible_start_adaptive_spacing,,,,feasible_start_adaptive_spacing,0.5,,True,auto_from_instance,0.75,0.35,"0,5,12,14,16,25,26,29,36,45,47,49,57","0,16,17,19,24,25,27,29",,,,,,"H[0,5,12,14,16,25,26,27,29,36,45,47,49,57]|V[0,16,17,19,24,25,27,29]",015ee1c8318bbe65f9d75b3878c91b9d7be2a076
proposed_nsga2_bs_Gyorgy-KOVACS_WH_Wide_AW_5_seed_120,proposed_nsga2_bs,Gyorgy-KOVACS_WH_Wide_AW_5,120,5,auto_from_instance,12,18,4,30,216,,,,,4,2,8,root > V:16 > BH:26 > BH:5 > BH:16 > BH:27 > BH:36 > BH:45 > BV:29,selected,1,inf,True,517,225,292,586.0,1.0,1.0,True,True,1,1,0,True,1,1,0,0,True,True,0,14,8,14,8,2,LS_RP,sampled_pool,,,False,0.3333333333333333,0.5,0.5,0.1,fixed,spacing_aware_flip,offspring,feasible_start_adaptive_spacing,,,,feasible_start_adaptive_spacing,0.5,,True,auto_from_instance,0.75,0.35,"0,5,12,14,16,25,26,29,36,45,47,49,57","0,16,17,19,24,25,27,29",,,,,,"H[0,5,12,14,16,25,26,27,29,36,45,47,49,57]|V[0,16,17,19,24,25,27,29]",ed71c8d546062d956359fd31a02e14699e745412
proposed_nsga2_bs_Gyorgy-KOVACS_WH_Wide_AW_5_seed_120,proposed_nsga2_bs,Gyorgy-KOVACS_WH_Wide_AW_5,120,5,auto_from_instance,12,18,4,30,216,,,,,5,3,8,root > V:16 > BH:26 > BH:5 > BH:16 > BH:25 > BH:36 > BH:45 > BV:25,selected,0,0.0,True,517,238,279,368.0,1.0,1.0,True,True,1,1,0,True,1,1,0,0,True,True,0,19,7,19,7,3,PF_LS,sampled_pool,,,False,0.3333333333333333,0.5,0.5,0.1,fixed,break_symmetry,offspring,feasible_start_adaptive_spacing,,,,feasible_start_adaptive_spacing,0.5,,True,auto_from_instance,0.75,0.35,"0,5,12,14,19,25,26,28,31,33,36,42,43,44,47,49,57","11,16,17,19,20,25,27",,,,,,"H[0,5,12,14,16,19,25,26,28,31,33,36,42,43,44,45,47,49,57]|V[11,16,17,19,20,25,27]",559a078c3ea143504613077c561cb3124d66b767
proposed_nsga2_bs_Gyorgy-KOVACS_WH_Wide_AW_5_seed_120,proposed_nsga2_bs,Gyorgy-KOVACS_WH_Wide_AW_5,120,5,auto_from_instance,12,18,4,30,216,,,,,6,3,8,root > V:16 > BH:26 > BH:5 > BH:14 > BH:25 > BH:36 > BH:45 > BV:25,selected,0,inf,True,517,238,279,368.0,1.0,1.0,True,True,1,1,0,True,1,1,0,0,True,True,0,18,7,18,7,3,PF_LS,sampled_pool,,,False,0.3333333333333333,0.5,0.5,0.1,fixed,break_symmetry,offspring,feasible_start_adaptive_spacing,,,,feasible_start_adaptive_spacing,0.5,,True,auto_from_instance,0.75,0.35,"0,5,12,14,19,25,26,28,31,33,36,42,43,44,47,49,57","11,16,17,19,20,25,27",,,,,,"H[0,5,12,14,19,25,26,28,31,33,36,42,43,44,45,47,49,57]|V[11,16,17,19,20,25,27]",6fcfc694894a367ef71d338faec4ce589ca685b5
proposed_nsga2_bs_Gyorgy-KOVACS_WH_Wide_AW_5_seed_120,proposed_nsga2_bs,Gyorgy-KOVACS_WH_Wide_AW_5,120,5,auto_from_instance,12,18,4,30,216,,,,,7,3,8,root > V:16 > BH:26 > BH:5 > BH:16 > BH:25 > BH:36 > BH:45 > BV:29,selected,1,0.0,True,517,225,292,586.0,1.0,1.0,True,True,1,1,0,True,1,1,0,0,True,True,0,19,8,19,8,3,PF_LS,sampled_pool,,,False,0.3333333333333333,0.5,0.5,0.1,fixed,break_symmetry,offspring,feasible_start_adaptive_spacing,,,,feasible_start_adaptive_spacing,0.5,,True,auto_from_instance,0.75,0.35,"0,5,12,14,19,25,26,28,31,33,36,42,43,44,47,49,57","11,16,17,19,20,25,27",,,,,,"H[0,5,12,14,16,19,25,26,28,31,33,36,42,43,44,45,47,49,57]|V[11,16,17,19,20,25,27,29]",13a8831f3352523fe53b9477eb693b985fdfc37c
proposed_nsga2_bs_Gyorgy-KOVACS_WH_Wide_AW_5_seed_120,proposed_nsga2_bs,Gyorgy-KOVACS_WH_Wide_AW_5,120,5,auto_from_instance,12,18,4,30,216,,,,,8,3,8,root > V:16 > BH:26 > BH:5 > BH:14 > BH:25 > BH:36 > BH:45 > BV:29,selected,1,inf,True,517,225,292,586.0,1.0,1.0,True,True,1,1,0,True,1,1,0,0,True,True,0,18,8,18,8,3,PF_LS,sampled_pool,,,False,0.3333333333333333,0.5,0.5,0.1,fixed,break_symmetry,offspring,feasible_start_adaptive_spacing,,,,feasible_start_adaptive_spacing,0.5,,True,auto_from_instance,0.75,0.35,"0,5,12,14,19,25,26,28,31,33,36,42,43,44,47,49,57","11,16,17,19,20,25,27",,,,,,"H[0,5,12,14,19,25,26,28,31,33,36,42,43,44,45,47,49,57]|V[11,16,17,19,20,25,27,29]",7e0f4d1a90907f684b7d565e90c4ddb6c1ba7c58
proposed_nsga2_bs_Gyorgy-KOVACS_WH_Wide_AW_5_seed_120,proposed_nsga2_bs,Gyorgy-KOVACS_WH_Wide_AW_5,120,5,auto_from_instance,12,18,4,30,216,,,,,9,4,7,root > V:17 > BH:26 > BH:5 > BH:16 > BH:25 > BH:36 > BH:47,selected,1,1.7259520320096775,True,572,220,352,507.0,1.0,1.0,True,True,1,1,0,True,1,1,0,0,True,True,0,17,6,17,6,4,LS,sampled_pool,,,False,0.3333333333333333,0.5,0.5,0.1,fixed,bit_flip,offspring,feasible_start_adaptive_spacing,,,,feasible_start_adaptive_spacing,0.5,,True,auto_from_instance,0.75,0.35,"0,5,12,16,19,25,26,28,31,33,36,42,43,45,47,49,57","11,17,19,20,25,27",,,,,,"H[0,5,12,16,19,25,26,28,31,33,36,42,43,45,47,49,57]|V[11,17,19,20,25,27]",173dd91401b4b71d9f20edd9e83506be465b9528
proposed_nsga2_bs_Gyorgy-KOVACS_WH_Wide_AW_5_seed_120,proposed_nsga2_bs,Gyorgy-KOVACS_WH_Wide_AW_5,120,5,auto_from_instance,12,18,4,30,216,,,,,10,4,7,root > V:17 > BH:26 > BH:5 > BH:16 > BH:25 > BH:36 > BH:45,evaluated,2,inf,False,572,220,352,711.0,1.0,1.0,True,True,1,1,0,True,1,1,0,0,True,True,0,17,6,17,6,4,LS,sampled_pool,,,False,0.3333333333333333,0.5,0.5,0.1,fixed,bit_flip,offspring,feasible_start_adaptive_spacing,,,,feasible_start_adaptive_spacing,0.5,,True,auto_from_instance,0.75,0.35,"0,5,12,16,19,25,26,28,31,33,36,42,43,45,47,49,57","11,17,19,20,25,27",,,,,,"H[0,5,12,16,19,25,26,28,31,33,36,42,43,45,47,49,57]|V[11,17,19,20,25,27]",854ec9b997ec508dda6ea9e399147d7a4b626ba8
proposed_nsga2_bs_Gyorgy-KOVACS_WH_Wide_AW_5_seed_120,proposed_nsga2_bs,Gyorgy-KOVACS_WH_Wide_AW_5,120,5,auto_from_instance,12,18,4,30,216,,,,,11,4,7,root > V:17 > BH:26 > BH:5 > BH:14 > BH:25 > BH:36 > BH:47,selected,1,1.2740479679903227,True,572,220,352,507.0,1.0,1.0,True,True,1,1,0,True,1,1,0,0,True,True,0,18,6,18,6,4,LS,sampled_pool,,,False,0.3333333333333333,0.5,0.5,0.1,fixed,bit_flip,offspring,feasible_start_adaptive_spacing,,,,feasible_start_adaptive_spacing,0.5,,True,auto_from_instance,0.75,0.35,"0,5,12,16,19,25,26,28,31,33,36,42,43,45,47,49,57","11,17,19,20,25,27",,,,,,"H[0,5,12,14,16,19,25,26,28,31,33,36,42,43,45,47,49,57]|V[11,17,19,20,25,27]",e59e5dd5e1537a2d164e028d12bd66f538f0cb70
proposed_nsga2_bs_Gyorgy-KOVACS_WH_Wide_AW_5_seed_120,proposed_nsga2_bs,Gyorgy-KOVACS_WH_Wide_AW_5,120,5,auto_from_instance,12,18,4,30,216,,,,,12,4,7,root > V:17 > BH:26 > BH:5 > BH:14 > BH:25 > BH:36 > BH:45,evaluated,2,inf,False,572,220,352,711.0,1.0,1.0,True,True,1,1,0,True,1,1,0,0,True,True,0,18,6,18,6,4,LS,sampled_pool,,,False,0.3333333333333333,0.5,0.5,0.1,fixed,bit_flip,offspring,feasible_start_adaptive_spacing,,,,feasible_start_adaptive_spacing,0.5,,True,auto_from_instance,0.75,0.35,"0,5,12,16,19,25,26,28,31,33,36,42,43,45,47,49,57","11,17,19,20,25,27",,,,,,"H[0,5,12,14,16,19,25,26,28,31,33,36,42,43,45,47,49,57]|V[11,17,19,20,25,27]",ef95c5265d039c602cc7246bb99c122e90a60068
proposed_nsga2_bs_Gyorgy-KOVACS_WH_Wide_AW_5_seed_120,proposed_nsga2_bs,Gyorgy-KOVACS_WH_Wide_AW_5,120,5,auto_from_instance,12,18,4,30,216,,,,,13,5,4,root > V:27 > BH:26 > BV:17 > BV:17,selected,0,inf,True,567,256,311,311.0,1.0,1.0,True,True,1,1,0,True,1,1,0,0,True,True,0,13,8,13,8,5,SS_PF_LS,sampled_pool,,,True,0.3333333333333333,0.5,0.5,0.1,fixed,swap_segments,offspring,feasible_start_adaptive_spacing,,,,feasible_start_adaptive_spacing,0.5,,True,auto_from_instance,0.75,0.35,"5,12,14,19,25,26,28,31,33,36,45,49,57","9,11,12,19,25,27,29",,,,,,"H[5,12,14,19,25,26,28,31,33,36,45,49,57]|V[9,11,12,17,19,25,27,29]",a8708aef2b1e3127a45cd25328e7b01fe876ac67
proposed_nsga2_bs_Gyorgy-KOVACS_WH_Wide_AW_5_seed_120,proposed_nsga2_bs,Gyorgy-KOVACS_WH_Wide_AW_5,120,5,auto_from_instance,12,18,4,30,216,,,,,14,5,4,root > V:29 > BH:26 > BV:19 > BV:19,selected,1,inf,True,557,202,355,408.0,1.0,1.0,True,True,1,1,0,True,1,1,0,0,True,True,0,13,7,13,7,5,SS_PF_LS,sampled_pool,,,True,0.3333333333333333,0.5,0.5,0.1,fixed,swap_segments,offspring,feasible_start_adaptive_spacing,,,,feasible_start_adaptive_spacing,0.5,,True,auto_from_instance,0.75,0.35,"5,12,14,19,25,26,28,31,33,36,45,49,57","9,11,12,19,25,27,29",,,,,,"H[5,12,14,19,25,26,28,31,33,36,45,49,57]|V[9,11,12,19,25,27,29]",225a083d40a70add6d49c842c1ea1b7da9e91627
proposed_nsga2_bs_Gyorgy-KOVACS_WH_Wide_AW_5_seed_120,proposed_nsga2_bs,Gyorgy-KOVACS_WH_Wide_AW_5,120,5,auto_from_instance,12,18,4,30,216,,,,,15,5,4,root > V:29 > BH:26 > BV:19 > BV:17,evaluated,2,inf,False,557,202,355,458.0,1.0,1.0,True,True,1,1,0,True,1,1,0,0,True,True,0,13,8,13,8,5,SS_PF_LS,sampled_pool,,,True,0.3333333333333333,0.5,0.5,0.1,fixed,swap_segments,offspring,feasible_start_adaptive_spacing,,,,feasible_start_adaptive_spacing,0.5,,True,auto_from_instance,0.75,0.35,"5,12,14,19,25,26,28,31,33,36,45,49,57","9,11,12,19,25,27,29",,,,,,"H[5,12,14,19,25,26,28,31,33,36,45,49,57]|V[9,11,12,17,19,25,27,29]",f590e28c4ca08f01adba87c9244bc357b1edb9bd
proposed_nsga2_bs_Gyorgy-KOVACS_WH_Wide_AW_5_seed_120,proposed_nsga2_bs,Gyorgy-KOVACS_WH_Wide_AW_5,120,5,auto_from_instance,12,18,4,30,216,,,,,16,5,4,root > V:29 > BH:26 > BV:19 > BV:17,evaluated,3,inf,False,557,202,355,460.0,1.0,1.0,True,True,1,1,0,True,1,1,0,0,True,True,0,13,8,13,8,5,SS_PF_LS,sampled_pool,,,True,0.3333333333333333,0.5,0.5,0.1,fixed,swap_segments,offspring,feasible_start_adaptive_spacing,,,,feasible_start_adaptive_spacing,0.5,,True,auto_from_instance,0.75,0.35,"5,12,14,19,25,26,28,31,33,36,45,49,57","9,11,12,19,25,27,29",,,,,,"H[5,12,14,19,25,26,28,31,33,36,45,49,57]|V[9,11,12,17,19,25,27,29]",0ccd7482bc13afbeac630bd0faf7012fe4b70f5c
proposed_nsga2_bs_Gyorgy-KOVACS_WH_Wide_AW_5_seed_120,proposed_nsga2_bs,Gyorgy-KOVACS_WH_Wide_AW_5,120,5,auto_from_instance,12,18,4,30,216,,,,,17,7,9,root > V:20 > BH:26 > BH:47 > BH:37 > BH:23 > BH:9 > BV:29 > BV:29 > BV:29,evaluated,4,inf,False,547,179,368,665.0,1.0,1.0,True,True,1,1,0,True,1,1,0,0,True,True,0,19,9,19,9,7,SS_PF_LS,sampled_pool,,,True,0.3333333333333333,0.5,0.5,0.1,fixed,swap_segments,offspring,feasible_start_adaptive_spacing,,,,feasible_start_adaptive_spacing,0.5,,True,auto_from_instance,0.75,0.35,"0,5,12,14,16,25,26,27,29,36,42,43,45,47,49,57","9,16,17,19,20,25,27,29,34",,,,,,"H[0,5,9,12,14,16,23,25,26,27,29,36,37,42,43,45,47,49,57]|V[9,16,17,19,20,25,27,29,34]",d20b69141ff95aa36665c177bcb650e2a0a718fe
proposed_nsga2_bs_Gyorgy-KOVACS_WH_Wide_AW_5_seed_120,proposed_nsga2_bs,Gyorgy-KOVACS_WH_Wide_AW_5,120,6,auto_from_instance,12,18,4,30,216,,,,,1,1,4,root > V:27 > BH:26 > BV:17 > BV:17,selected,0,inf,True,567,256,311,311.0,1.0,1.0,True,True,1,1,0,True,1,1,0,0,True,True,0,14,8,14,8,1,SS_PF_LS,sampled_pool,,,True,0.3888888888888889,0.5,0.5,0.1,fixed,spacing_aware_flip,offspring,feasible_start_adaptive_spacing,,,,feasible_start_adaptive_spacing,0.5,,True,auto_from_instance,0.75,0.35,"5,12,14,16,25,26,27,29,36,39,45,47,49,57","3,9,11,17,19,25,27,29",,,,,,"H[5,12,14,16,25,26,27,29,36,39,45,47,49,57]|V[3,9,11,17,19,25,27,29]",a8708aef2b1e3127a45cd25328e7b01fe876ac67
proposed_nsga2_bs_Gyorgy-KOVACS_WH_Wide_AW_5_seed_120,proposed_nsga2_bs,Gyorgy-KOVACS_WH_Wide_AW_5,120,6,auto_from_instance,12,18,4,30,216,,,,,2,1,4,root > V:29 > BH:26 > BV:19 > BV:19,selected,1,inf,True,557,202,355,408.0,1.0,1.0,True,True,1,1,0,True,1,1,0,0,True,True,0,14,8,14,8,1,SS_PF_LS,sampled_pool,,,True,0.3888888888888889,0.5,0.5,0.1,fixed,spacing_aware_flip,offspring,feasible_start_adaptive_spacing,,,,feasible_start_adaptive_spacing,0.5,,True,auto_from_instance,0.75,0.35,"5,12,14,16,25,26,27,29,36,39,45,47,49,57","3,9,11,17,19,25,27,29",,,,,,"H[5,12,14,16,25,26,27,29,36,39,45,47,49,57]|V[3,9,11,17,19,25,27,29]",225a083d40a70add6d49c842c1ea1b7da9e91627
proposed_nsga2_bs_Gyorgy-KOVACS_WH_Wide_AW_5_seed_120,proposed_nsga2_bs,Gyorgy-KOVACS_WH_Wide_AW_5,120,6,auto_from_instance,12,18,4,30,216,,,,,3,1,4,root > V:29 > BH:26 > BV:19 > BV:17,selected,2,inf,True,557,202,355,458.0,1.0,1.0,True,True,1,1,0,True,1,1,0,0,True,True,0,14,8,14,8,1,SS_PF_LS,sampled_pool,,,True,0.3888888888888889,0.5,0.5,0.1,fixed,spacing_aware_flip,offspring,feasible_start_adaptive_spacing,,,,feasible_start_adaptive_spacing,0.5,,True,auto_from_instance,0.75,0.35,"5,12,14,16,25,26,27,29,36,39,45,47,49,57","3,9,11,17,19,25,27,29",,,,,,"H[5,12,14,16,25,26,27,29,36,39,45,47,49,57]|V[3,9,11,17,19,25,27,29]",f590e28c4ca08f01adba87c9244bc357b1edb9bd
proposed_nsga2_bs_Gyorgy-KOVACS_WH_Wide_AW_5_seed_120,proposed_nsga2_bs,Gyorgy-KOVACS_WH_Wide_AW_5,120,6,auto_from_instance,12,18,4,30,216,,,,,4,1,4,root > V:29 > BH:26 > BV:19 > BV:17,selected,3,inf,True,557,202,355,460.0,1.0,1.0,True,True,1,1,0,True,1,1,0,0,True,True,0,14,8,14,8,1,SS_PF_LS,sampled_pool,,,True,0.3888888888888889,0.5,0.5,0.1,fixed,spacing_aware_flip,offspring,feasible_start_adaptive_spacing,,,,feasible_start_adaptive_spacing,0.5,,True,auto_from_instance,0.75,0.35,"5,12,14,16,25,26,27,29,36,39,45,47,49,57","3,9,11,17,19,25,27,29",,,,,,"H[5,12,14,16,25,26,27,29,36,39,45,47,49,57]|V[3,9,11,17,19,25,27,29]",0ccd7482bc13afbeac630bd0faf7012fe4b70f5c
proposed_nsga2_bs_Gyorgy-KOVACS_WH_Wide_AW_5_seed_120,proposed_nsga2_bs,Gyorgy-KOVACS_WH_Wide_AW_5,120,6,auto_from_instance,12,18,4,30,216,,,,,5,2,8,root > V:15 > BH:26 > BH:5 > BH:16 > BH:25 > BH:36 > BH:45 > BV:24,selected,0,inf,True,497,247,250,385.0,1.0,1.0,True,True,1,1,0,True,1,1,0,0,True,True,0,14,12,14,12,2,LS,sampled_pool,,,False,0.3888888888888889,0.5,0.5,0.1,fixed,bit_flip,offspring,feasible_start_adaptive_spacing,,,,feasible_start_adaptive_spacing,0.5,,True,auto_from_instance,0.75,0.35,"0,5,12,14,19,25,26,28,31,33,36,45,49","9,11,12,15,16,17,19,24,25,27,29,34",,,,,,"H[0,5,12,14,16,19,25,26,28,31,33,36,45,49]|V[9,11,12,15,16,17,19,24,25,27,29,34]",416c9c0e4f9e06143d78fee04cbc7a8d1c4800ad
proposed_nsga2_bs_Gyorgy-KOVACS_WH_Wide_AW_5_seed_120,proposed_nsga2_bs,Gyorgy-KOVACS_WH_Wide_AW_5,120,6,auto_from_instance,12,18,4,30,216,,,,,6,2,8,root > V:15 > BH:26 > BH:5 > BH:14 > BH:25 > BH:36 > BH:45 > BV:24,selected,0,inf,True,497,247,250,385.0,1.0,1.0,True,True,1,1,0,True,1,1,0,0,True,True,0,13,12,13,12,2,LS,sampled_pool,,,False,0.3888888888888889,0.5,0.5,0.1,fixed,bit_flip,offspring,feasible_start_adaptive_spacing,,,,feasible_start_adaptive_spacing,0.5,,True,auto_from_instance,0.75,0.35,"0,5,12,14,19,25,26,28,31,33,36,45,49","9,11,12,15,16,17,19,24,25,27,29,34",,,,,,"H[0,5,12,14,19,25,26,28,31,33,36,45,49]|V[9,11,12,15,16,17,19,24,25,27,29,34]",4f5b467192e7c6ce4bc3fd69bf3ce13c31bd8ba0
proposed_nsga2_bs_Gyorgy-KOVACS_WH_Wide_AW_5_seed_120,proposed_nsga2_bs,Gyorgy-KOVACS_WH_Wide_AW_5,120,6,auto_from_instance,12,18,4,30,216,,,,,7,3,8,root > V:16 > BH:26 > BH:5 > BH:16 > BH:25 > BH:36 > BH:45 > BV:25,selected,0,1.745680106335844,True,517,238,279,368.0,1.0,1.0,True,True,1,1,0,True,1,1,0,0,True,True,0,15,9,15,9,3,PF_LS_RP,sampled_pool,,,False,0.3888888888888889,0.5,0.5,0.1,fixed,insert_random_aisle,offspring,feasible_start_adaptive_spacing,,,,feasible_start_adaptive_spacing,0.5,,True,auto_from_instance,0.75,0.35,"0,5,12,14,16,19,25,26,27,29,36,45,47,49,57","0,16,17,19,20,25,27,29,34",,,,,,"H[0,5,12,14,16,19,25,26,27,29,36,45,47,49,57]|V[0,16,17,19,20,25,27,29,34]",559a078c3ea143504613077c561cb3124d66b767
proposed_nsga2_bs_Gyorgy-KOVACS_WH_Wide_AW_5_seed_120,proposed_nsga2_bs,Gyorgy-KOVACS_WH_Wide_AW_5,120,6,auto_from_instance,12,18,4,30,216,,,,,8,3,8,root > V:16 > BH:26 > BH:5 > BH:14 > BH:25 > BH:36 > BH:45 > BV:25,selected,0,inf,True,517,238,279,368.0,1.0,1.0,True,True,1,1,0,True,1,1,0,0,True,True,0,15,9,15,9,3,PF_LS_RP,sampled_pool,,,False,0.3888888888888889,0.5,0.5,0.1,fixed,insert_random_aisle,offspring,feasible_start_adaptive_spacing,,,,feasible_start_adaptive_spacing,0.5,,True,auto_from_instance,0.75,0.35,"0,5,12,14,16,19,25,26,27,29,36,45,47,49,57","0,16,17,19,20,25,27,29,34",,,,,,"H[0,5,12,14,16,19,25,26,27,29,36,45,47,49,57]|V[0,16,17,19,20,25,27,29,34]",6fcfc694894a367ef71d338faec4ce589ca685b5
proposed_nsga2_bs_Gyorgy-KOVACS_WH_Wide_AW_5_seed_120,proposed_nsga2_bs,Gyorgy-KOVACS_WH_Wide_AW_5,120,6,auto_from_instance,12,18,4,30,216,,,,,9,3,8,root > V:16 > BH:26 > BH:5 > BH:16 > BH:25 > BH:36 > BH:45 > BV:29,selected,1,inf,True,517,225,292,586.0,1.0,1.0,True,True,1,1,0,True,1,1,0,0,True,True,0,15,9,15,9,3,PF_LS_RP,sampled_pool,,,False,0.3888888888888889,0.5,0.5,0.1,fixed,insert_random_aisle,offspring,feasible_start_adaptive_spacing,,,,feasible_start_adaptive_spacing,0.5,,True,auto_from_instance,0.75,0.35,"0,5,12,14,16,19,25,26,27,29,36,45,47,49,57","0,16,17,19,20,25,27,29,34",,,,,,"H[0,5,12,14,16,19,25,26,27,29,36,45,47,49,57]|V[0,16,17,19,20,25,27,29,34]",13a8831f3352523fe53b9477eb693b985fdfc37c
proposed_nsga2_bs_Gyorgy-KOVACS_WH_Wide_AW_5_seed_120,proposed_nsga2_bs,Gyorgy-KOVACS_WH_Wide_AW_5,120,6,auto_from_instance,12,18,4,30,216,,,,,10,3,8,root > V:16 > BH:26 > BH:5 > BH:14 > BH:25 > BH:36 > BH:45 > BV:29,selected,1,inf,True,517,225,292,586.0,1.0,1.0,True,True,1,1,0,True,1,1,0,0,True,True,0,15,9,15,9,3,PF_LS_RP,sampled_pool,,,False,0.3888888888888889,0.5,0.5,0.1,fixed,insert_random_aisle,offspring,feasible_start_adaptive_spacing,,,,feasible_start_adaptive_spacing,0.5,,True,auto_from_instance,0.75,0.35,"0,5,12,14,16,19,25,26,27,29,36,45,47,49,57","0,16,17,19,20,25,27,29,34",,,,,,"H[0,5,12,14,16,19,25,26,27,29,36,45,47,49,57]|V[0,16,17,19,20,25,27,29,34]",7e0f4d1a90907f684b7d565e90c4ddb6c1ba7c58
proposed_nsga2_bs_Gyorgy-KOVACS_WH_Wide_AW_5_seed_120,proposed_nsga2_bs,Gyorgy-KOVACS_WH_Wide_AW_5,120,6,auto_from_instance,12,18,4,30,216,,,,,11,7,9,root > V:20 > BH:26 > BH:47 > BH:37 > BH:23 > BH:9 > BV:29 > BV:29 > BV:29,selected,5,inf,True,547,179,368,665.0,1.0,1.0,True,True,1,1,0,True,1,1,0,0,True,True,0,22,8,22,8,7,RP_LS,sampled_pool,,,False,0.3888888888888889,0.5,0.5,0.1,fixed,swap_segments,offspring,feasible_start_adaptive_spacing,,,,feasible_start_adaptive_spacing,0.5,,True,auto_from_instance,0.75,0.35,"0,5,12,14,16,19,25,26,28,31,33,36,42,43,44,45,47,49,57","11,15,17,19,20,26,27",,,,,,"H[0,5,9,12,14,16,19,23,25,26,28,31,33,36,37,42,43,44,45,47,49,57]|V[11,15,17,19,20,26,27,29]",d20b69141ff95aa36665c177bcb650e2a0a718fe
proposed_nsga2_bs_Gyorgy-KOVACS_WH_Wide_AW_5_seed_120,proposed_nsga2_bs,Gyorgy-KOVACS_WH_Wide_AW_5,120,6,auto_from_instance,12,18,4,30,216,,,,,12,8,8,root > V:20 > BH:26 > BH:47 > BH:35 > BH:23 > BH:9 > BV:29 > BV:29,evaluated,6,inf,False,592,178,414,782.0,1.0,1.0,True,True,1,1,0,True,1,1,0,0,True,True,0,21,7,21,7,8,SS_LS_PF,sampled_pool,,,True,0.3888888888888889,0.5,0.5,0.1,fixed,remove_random_aisle,offspring,feasible_start_adaptive_spacing,,,,feasible_start_adaptive_spacing,0.5,,True,auto_from_instance,0.75,0.35,"0,5,12,14,19,25,26,28,31,33,36,42,43,44,45,47,49,57","11,16,17,19,20,25,29",,,,,,"H[0,5,9,12,14,19,23,25,26,28,31,33,35,36,42,43,44,45,47,49,57]|V[11,16,17,19,20,25,29]",7985e65dcbb706082366ffebf0b4e313ee1243c5
proposed_nsga2_bs_Gyorgy-KOVACS_WH_Wide_AW_5_seed_120,proposed_nsga2_bs,Gyorgy-KOVACS_WH_Wide_AW_5,120,6,auto_from_instance,12,18,4,30,216,,,,,13,10,4,root > V:29 > BH:26 > BV:17 > BV:17,selected,4,inf,True,557,202,355,510.0,1.0,1.0,True,True,1,1,0,True,1,1,0,0,True,True,0,15,10,15,10,10,RP_LS,sampled_pool,,,False,0.3888888888888889,0.5,0.5,0.1,fixed,remove_random_aisle,offspring,feasible_start_adaptive_spacing,,,,feasible_start_adaptive_spacing,0.5,,True,auto_from_instance,0.75,0.35,"0,5,12,14,16,25,26,27,29,36,39,45,47,49,57","9,11,15,16,17,19,24,25,29,34",,,,,,"H[0,5,12,14,16,25,26,27,29,36,39,45,47,49,57]|V[9,11,15,16,17,19,24,25,29,34]",01a64afdd46edf4dc6b60538f107b837ec4162f0
proposed_nsga2_bs_Gyorgy-KOVACS_WH_Wide_AW_5_seed_120,proposed_nsga2_bs,Gyorgy-KOVACS_WH_Wide_AW_5,120,7,auto_from_instance,12,18,4,30,216,,,,,1,1,8,root > V:15 > BH:26 > BH:5 > BH:16 > BH:25 > BH:36 > BH:45 > BV:24,selected,0,inf,True,497,247,250,385.0,1.0,1.0,True,True,1,1,0,True,1,1,0,0,True,True,0,13,13,13,13,1,LS,sampled_pool,,,False,0.4444444444444444,0.5,0.5,0.1,fixed,bit_flip,offspring,feasible_start_adaptive_spacing,,,,feasible_start_adaptive_spacing,0.5,,True,auto_from_instance,0.75,0.35,"0,5,12,14,16,25,26,27,29,33,36,45,49","4,9,11,12,15,16,17,19,24,25,27,29,34",,,,,,"H[0,5,12,14,16,25,26,27,29,33,36,45,49]|V[4,9,11,12,15,16,17,19,24,25,27,29,34]",416c9c0e4f9e06143d78fee04cbc7a8d1c4800ad
proposed_nsga2_bs_Gyorgy-KOVACS_WH_Wide_AW_5_seed_120,proposed_nsga2_bs,Gyorgy-KOVACS_WH_Wide_AW_5,120,7,auto_from_instance,12,18,4,30,216,,,,,2,1,8,root > V:15 > BH:26 > BH:5 > BH:14 > BH:25 > BH:36 > BH:45 > BV:24,selected,0,inf,True,497,247,250,385.0,1.0,1.0,True,True,1,1,0,True,1,1,0,0,True,True,0,13,13,13,13,1,LS,sampled_pool,,,False,0.4444444444444444,0.5,0.5,0.1,fixed,bit_flip,offspring,feasible_start_adaptive_spacing,,,,feasible_start_adaptive_spacing,0.5,,True,auto_from_instance,0.75,0.35,"0,5,12,14,16,25,26,27,29,33,36,45,49","4,9,11,12,15,16,17,19,24,25,27,29,34",,,,,,"H[0,5,12,14,16,25,26,27,29,33,36,45,49]|V[4,9,11,12,15,16,17,19,24,25,27,29,34]",4f5b467192e7c6ce4bc3fd69bf3ce13c31bd8ba0
proposed_nsga2_bs_Gyorgy-KOVACS_WH_Wide_AW_5_seed_120,proposed_nsga2_bs,Gyorgy-KOVACS_WH_Wide_AW_5,120,7,auto_from_instance,12,18,4,30,216,,,,,3,2,4,root > V:27 > BH:26 > BV:17 > BV:17,selected,0,inf,True,567,256,311,311.0,1.0,1.0,True,True,1,1,0,True,1,1,0,0,True,True,0,15,8,15,8,2,SS_PF_LS,sampled_pool,,,True,0.4444444444444444,0.5,0.5,0.1,fixed,spacing_aware_flip,offspring,feasible_start_adaptive_spacing,,,,feasible_start_adaptive_spacing,0.5,,True,auto_from_instance,0.75,0.35,"0,5,12,14,19,25,26,28,31,36,39,45,47,49,57","3,9,11,17,19,25,27,29",,,,,,"H[0,5,12,14,19,25,26,28,31,36,39,45,47,49,57]|V[3,9,11,17,19,25,27,29]",a8708aef2b1e3127a45cd25328e7b01fe876ac67
proposed_nsga2_bs_Gyorgy-KOVACS_WH_Wide_AW_5_seed_120,proposed_nsga2_bs,Gyorgy-KOVACS_WH_Wide_AW_5,120,7,auto_from_instance,12,18,4,30,216,,,,,4,2,4,root > V:29 > BH:26 > BV:19 > BV:19,selected,1,inf,True,557,202,355,408.0,1.0,1.0,True,True,1,1,0,True,1,1,0,0,True,True,0,15,8,15,8,2,SS_PF_LS,sampled_pool,,,True,0.4444444444444444,0.5,0.5,0.1,fixed,spacing_aware_flip,offspring,feasible_start_adaptive_spacing,,,,feasible_start_adaptive_spacing,0.5,,True,auto_from_instance,0.75,0.35,"0,5,12,14,19,25,26,28,31,36,39,45,47,49,57","3,9,11,17,19,25,27,29",,,,,,"H[0,5,12,14,19,25,26,28,31,36,39,45,47,49,57]|V[3,9,11,17,19,25,27,29]",225a083d40a70add6d49c842c1ea1b7da9e91627
proposed_nsga2_bs_Gyorgy-KOVACS_WH_Wide_AW_5_seed_120,proposed_nsga2_bs,Gyorgy-KOVACS_WH_Wide_AW_5,120,7,auto_from_instance,12,18,4,30,216,,,,,5,2,4,root > V:29 > BH:26 > BV:19 > BV:17,selected,2,inf,True,557,202,355,458.0,1.0,1.0,True,True,1,1,0,True,1,1,0,0,True,True,0,15,8,15,8,2,SS_PF_LS,sampled_pool,,,True,0.4444444444444444,0.5,0.5,0.1,fixed,spacing_aware_flip,offspring,feasible_start_adaptive_spacing,,,,feasible_start_adaptive_spacing,0.5,,True,auto_from_instance,0.75,0.35,"0,5,12,14,19,25,26,28,31,36,39,45,47,49,57","3,9,11,17,19,25,27,29",,,,,,"H[0,5,12,14,19,25,26,28,31,36,39,45,47,49,57]|V[3,9,11,17,19,25,27,29]",f590e28c4ca08f01adba87c9244bc357b1edb9bd
proposed_nsga2_bs_Gyorgy-KOVACS_WH_Wide_AW_5_seed_120,proposed_nsga2_bs,Gyorgy-KOVACS_WH_Wide_AW_5,120,7,auto_from_instance,12,18,4,30,216,,,,,6,2,4,root > V:29 > BH:26 > BV:19 > BV:17,evaluated,3,inf,False,557,202,355,460.0,1.0,1.0,True,True,1,1,0,True,1,1,0,0,True,True,0,15,8,15,8,2,SS_PF_LS,sampled_pool,,,True,0.4444444444444444,0.5,0.5,0.1,fixed,spacing_aware_flip,offspring,feasible_start_adaptive_spacing,,,,feasible_start_adaptive_spacing,0.5,,True,auto_from_instance,0.75,0.35,"0,5,12,14,19,25,26,28,31,36,39,45,47,49,57","3,9,11,17,19,25,27,29",,,,,,"H[0,5,12,14,19,25,26,28,31,36,39,45,47,49,57]|V[3,9,11,17,19,25,27,29]",0ccd7482bc13afbeac630bd0faf7012fe4b70f5c
proposed_nsga2_bs_Gyorgy-KOVACS_WH_Wide_AW_5_seed_120,proposed_nsga2_bs,Gyorgy-KOVACS_WH_Wide_AW_5,120,7,auto_from_instance,12,18,4,30,216,,,,,7,3,8,root > V:16 > BH:26 > BH:5 > BH:16 > BH:25 > BH:36 > BH:45 > BV:25,selected,0,1.745680106335844,True,517,238,279,368.0,1.0,1.0,True,True,1,1,0,True,1,1,0,0,True,True,0,16,9,16,9,3,LS,sampled_pool,,,False,0.4444444444444444,0.5,0.5,0.1,fixed,break_symmetry,offspring,feasible_start_adaptive_spacing,,,,feasible_start_adaptive_spacing,0.5,,True,auto_from_instance,0.75,0.35,"0,5,12,14,16,19,25,26,27,29,35,45,47,49,57","0,16,17,19,20,25,27,29,34",,,,,,"H[0,5,12,14,16,19,25,26,27,29,35,36,45,47,49,57]|V[0,16,17,19,20,25,27,29,34]",559a078c3ea143504613077c561cb3124d66b767
proposed_nsga2_bs_Gyorgy-KOVACS_WH_Wide_AW_5_seed_120,proposed_nsga2_bs,Gyorgy-KOVACS_WH_Wide_AW_5,120,7,auto_from_instance,12,18,4,30,216,,,,,8,3,8,root > V:16 > BH:26 > BH:5 > BH:14 > BH:25 > BH:36 > BH:45 > BV:25,selected,0,inf,True,517,238,279,368.0,1.0,1.0,True,True,1,1,0,True,1,1,0,0,True,True,0,16,9,16,9,3,LS,sampled_pool,,,False,0.4444444444444444,0.5,0.5,0.1,fixed,break_symmetry,offspring,feasible_start_adaptive_spacing,,,,feasible_start_adaptive_spacing,0.5,,True,auto_from_instance,0.75,0.35,"0,5,12,14,16,19,25,26,27,29,35,45,47,49,57","0,16,17,19,20,25,27,29,34",,,,,,"H[0,5,12,14,16,19,25,26,27,29,35,36,45,47,49,57]|V[0,16,17,19,20,25,27,29,34]",6fcfc694894a367ef71d338faec4ce589ca685b5
proposed_nsga2_bs_Gyorgy-KOVACS_WH_Wide_AW_5_seed_120,proposed_nsga2_bs,Gyorgy-KOVACS_WH_Wide_AW_5,120,7,auto_from_instance,12,18,4,30,216,,,,,9,3,8,root > V:16 > BH:26 > BH:5 > BH:16 > BH:25 > BH:36 > BH:45 > BV:29,selected,1,inf,True,517,225,292,586.0,1.0,1.0,True,True,1,1,0,True,1,1,0,0,True,True,0,16,9,16,9,3,LS,sampled_pool,,,False,0.4444444444444444,0.5,0.5,0.1,fixed,break_symmetry,offspring,feasible_start_adaptive_spacing,,,,feasible_start_adaptive_spacing,0.5,,True,auto_from_instance,0.75,0.35,"0,5,12,14,16,19,25,26,27,29,35,45,47,49,57","0,16,17,19,20,25,27,29,34",,,,,,"H[0,5,12,14,16,19,25,26,27,29,35,36,45,47,49,57]|V[0,16,17,19,20,25,27,29,34]",13a8831f3352523fe53b9477eb693b985fdfc37c
proposed_nsga2_bs_Gyorgy-KOVACS_WH_Wide_AW_5_seed_120,proposed_nsga2_bs,Gyorgy-KOVACS_WH_Wide_AW_5,120,7,auto_from_instance,12,18,4,30,216,,,,,10,3,8,root > V:16 > BH:26 > BH:5 > BH:14 > BH:25 > BH:36 > BH:45 > BV:29,selected,1,inf,True,517,225,292,586.0,1.0,1.0,True,True,1,1,0,True,1,1,0,0,True,True,0,16,9,16,9,3,LS,sampled_pool,,,False,0.4444444444444444,0.5,0.5,0.1,fixed,break_symmetry,offspring,feasible_start_adaptive_spacing,,,,feasible_start_adaptive_spacing,0.5,,True,auto_from_instance,0.75,0.35,"0,5,12,14,16,19,25,26,27,29,35,45,47,49,57","0,16,17,19,20,25,27,29,34",,,,,,"H[0,5,12,14,16,19,25,26,27,29,35,36,45,47,49,57]|V[0,16,17,19,20,25,27,29,34]",7e0f4d1a90907f684b7d565e90c4ddb6c1ba7c58
proposed_nsga2_bs_Gyorgy-KOVACS_WH_Wide_AW_5_seed_120,proposed_nsga2_bs,Gyorgy-KOVACS_WH_Wide_AW_5,120,7,auto_from_instance,12,18,4,30,216,,,,,11,5,7,root > V:17 > BH:26 > BH:5 > BH:16 > BH:25 > BH:36 > BH:47,selected,1,1.7259520320096775,True,572,220,352,507.0,1.0,1.0,True,True,1,1,0,True,1,1,0,0,True,True,0,14,10,14,10,5,LS_PF,sampled_pool,,,False,0.4444444444444444,0.5,0.5,0.1,fixed,break_symmetry,offspring,feasible_start_adaptive_spacing,,,,feasible_start_adaptive_spacing,0.5,,True,auto_from_instance,0.75,0.35,"5,12,14,16,19,25,26,27,29,36,45,47,49,57","3,9,11,17,19,21,25,27,29,34",,,,,,"H[5,12,14,16,19,25,26,27,29,36,45,47,49,57]|V[3,9,11,17,19,21,25,27,29,34]",173dd91401b4b71d9f20edd9e83506be465b9528
proposed_nsga2_bs_Gyorgy-KOVACS_WH_Wide_AW_5_seed_120,proposed_nsga2_bs,Gyorgy-KOVACS_WH_Wide_AW_5,120,7,auto_from_instance,12,18,4,30,216,,,,,12,5,7,root > V:17 > BH:26 > BH:5 > BH:16 > BH:25 > BH:36 > BH:45,selected,2,inf,True,572,220,352,711.0,1.0,1.0,True,True,1,1,0,True,1,1,0,0,True,True,0,14,10,14,10,5,LS_PF,sampled_pool,,,False,0.4444444444444444,0.5,0.5,0.1,fixed,break_symmetry,offspring,feasible_start_adaptive_spacing,,,,feasible_start_adaptive_spacing,0.5,,True,auto_from_instance,0.75,0.35,"5,12,14,16,19,25,26,27,29,36,45,47,49,57","3,9,11,17,19,21,25,27,29,34",,,,,,"H[5,12,14,16,19,25,26,27,29,36,45,47,49,57]|V[3,9,11,17,19,21,25,27,29,34]",854ec9b997ec508dda6ea9e399147d7a4b626ba8
proposed_nsga2_bs_Gyorgy-KOVACS_WH_Wide_AW_5_seed_120,proposed_nsga2_bs,Gyorgy-KOVACS_WH_Wide_AW_5,120,7,auto_from_instance,12,18,4,30,216,,,,,13,5,7,root > V:17 > BH:26 > BH:5 > BH:14 > BH:25 > BH:36 > BH:47,selected,1,1.2740479679903227,True,572,220,352,507.0,1.0,1.0,True,True,1,1,0,True,1,1,0,0,True,True,0,14,10,14,10,5,LS_PF,sampled_pool,,,False,0.4444444444444444,0.5,0.5,0.1,fixed,break_symmetry,offspring,feasible_start_adaptive_spacing,,,,feasible_start_adaptive_spacing,0.5,,True,auto_from_instance,0.75,0.35,"5,12,14,16,19,25,26,27,29,36,45,47,49,57","3,9,11,17,19,21,25,27,29,34",,,,,,"H[5,12,14,16,19,25,26,27,29,36,45,47,49,57]|V[3,9,11,17,19,21,25,27,29,34]",e59e5dd5e1537a2d164e028d12bd66f538f0cb70
proposed_nsga2_bs_Gyorgy-KOVACS_WH_Wide_AW_5_seed_120,proposed_nsga2_bs,Gyorgy-KOVACS_WH_Wide_AW_5,120,7,auto_from_instance,12,18,4,30,216,,,,,14,5,7,root > V:17 > BH:26 > BH:5 > BH:14 > BH:25 > BH:36 > BH:45,evaluated,2,inf,False,572,220,352,711.0,1.0,1.0,True,True,1,1,0,True,1,1,0,0,True,True,0,14,10,14,10,5,LS_PF,sampled_pool,,,False,0.4444444444444444,0.5,0.5,0.1,fixed,break_symmetry,offspring,feasible_start_adaptive_spacing,,,,feasible_start_adaptive_spacing,0.5,,True,auto_from_instance,0.75,0.35,"5,12,14,16,19,25,26,27,29,36,45,47,49,57","3,9,11,17,19,21,25,27,29,34",,,,,,"H[5,12,14,16,19,25,26,27,29,36,45,47,49,57]|V[3,9,11,17,19,21,25,27,29,34]",ef95c5265d039c602cc7246bb99c122e90a60068
proposed_nsga2_bs_Gyorgy-KOVACS_WH_Wide_AW_5_seed_120,proposed_nsga2_bs,Gyorgy-KOVACS_WH_Wide_AW_5,120,8,auto_from_instance,12,18,4,30,216,,,,,1,1,8,root > V:16 > BH:26 > BH:5 > BH:16 > BH:25 > BH:36 > BH:45 > BV:25,selected,0,1.745680106335844,True,517,238,279,368.0,1.0,1.0,True,True,1,1,0,True,1,1,0,0,True,True,0,15,9,15,9,1,LS_PF,sampled_pool,,,False,0.5,0.5,0.5,0.1,fixed,remove_random_aisle,offspring,feasible_start_adaptive_spacing,,,,feasible_start_adaptive_spacing,0.5,,True,auto_from_instance,0.75,0.35,"0,5,12,14,16,19,25,26,28,31,36,39,45,47,57","0,16,17,19,20,25,27,29,34",,,,,,"H[0,5,12,14,16,19,25,26,28,31,36,39,45,47,57]|V[0,16,17,19,20,25,27,29,34]",559a078c3ea143504613077c561cb3124d66b767
proposed_nsga2_bs_Gyorgy-KOVACS_WH_Wide_AW_5_seed_120,proposed_nsga2_bs,Gyorgy-KOVACS_WH_Wide_AW_5,120,8,auto_from_instance,12,18,4,30,216,,,,,2,1,8,root > V:16 > BH:26 > BH:5 > BH:14 > BH:25 > BH:36 > BH:45 > BV:25,selected,0,inf,True,517,238,279,368.0,1.0,1.0,True,True,1,1,0,True,1,1,0,0,True,True,0,15,9,15,9,1,LS_PF,sampled_pool,,,False,0.5,0.5,0.5,0.1,fixed,remove_random_aisle,offspring,feasible_start_adaptive_spacing,,,,feasible_start_adaptive_spacing,0.5,,True,auto_from_instance,0.75,0.35,"0,5,12,14,16,19,25,26,28,31,36,39,45,47,57","0,16,17,19,20,25,27,29,34",,,,,,"H[0,5,12,14,16,19,25,26,28,31,36,39,45,47,57]|V[0,16,17,19,20,25,27,29,34]",6fcfc694894a367ef71d338faec4ce589ca685b5
proposed_nsga2_bs_Gyorgy-KOVACS_WH_Wide_AW_5_seed_120,proposed_nsga2_bs,Gyorgy-KOVACS_WH_Wide_AW_5,120,8,auto_from_instance,12,18,4,30,216,,,,,3,1,8,root > V:16 > BH:26 > BH:5 > BH:16 > BH:25 > BH:36 > BH:45 > BV:29,selected,1,inf,True,517,225,292,586.0,1.0,1.0,True,True,1,1,0,True,1,1,0,0,True,True,0,15,9,15,9,1,LS_PF,sampled_pool,,,False,0.5,0.5,0.5,0.1,fixed,remove_random_aisle,offspring,feasible_start_adaptive_spacing,,,,feasible_start_adaptive_spacing,0.5,,True,auto_from_instance,0.75,0.35,"0,5,12,14,16,19,25,26,28,31,36,39,45,47,57","0,16,17,19,20,25,27,29,34",,,,,,"H[0,5,12,14,16,19,25,26,28,31,36,39,45,47,57]|V[0,16,17,19,20,25,27,29,34]",13a8831f3352523fe53b9477eb693b985fdfc37c
proposed_nsga2_bs_Gyorgy-KOVACS_WH_Wide_AW_5_seed_120,proposed_nsga2_bs,Gyorgy-KOVACS_WH_Wide_AW_5,120,8,auto_from_instance,12,18,4,30,216,,,,,4,1,8,root > V:16 > BH:26 > BH:5 > BH:14 > BH:25 > BH:36 > BH:45 > BV:29,selected,1,inf,True,517,225,292,586.0,1.0,1.0,True,True,1,1,0,True,1,1,0,0,True,True,0,15,9,15,9,1,LS_PF,sampled_pool,,,False,0.5,0.5,0.5,0.1,fixed,remove_random_aisle,offspring,feasible_start_adaptive_spacing,,,,feasible_start_adaptive_spacing,0.5,,True,auto_from_instance,0.75,0.35,"0,5,12,14,16,19,25,26,28,31,36,39,45,47,57","0,16,17,19,20,25,27,29,34",,,,,,"H[0,5,12,14,16,19,25,26,28,31,36,39,45,47,57]|V[0,16,17,19,20,25,27,29,34]",7e0f4d1a90907f684b7d565e90c4ddb6c1ba7c58
proposed_nsga2_bs_Gyorgy-KOVACS_WH_Wide_AW_5_seed_120,proposed_nsga2_bs,Gyorgy-KOVACS_WH_Wide_AW_5,120,8,auto_from_instance,12,18,4,30,216,,,,,5,2,4,root > V:27 > BH:26 > BV:17 > BV:17,selected,0,inf,True,567,256,311,311.0,1.0,1.0,True,True,1,1,0,True,1,1,0,0,True,True,0,16,8,16,8,2,LS_RP,sampled_pool,,,False,0.5,0.5,0.5,0.1,fixed,bit_flip,offspring,feasible_start_adaptive_spacing,,,,feasible_start_adaptive_spacing,0.5,,True,auto_from_instance,0.75,0.35,"0,5,12,14,15,19,25,26,27,29,35,36,45,47,49,57","3,9,11,17,19,25,27,29",,,,,,"H[0,5,12,14,15,19,25,26,27,29,35,36,45,47,49,57]|V[3,9,11,17,19,25,27,29]",a8708aef2b1e3127a45cd25328e7b01fe876ac67
proposed_nsga2_bs_Gyorgy-KOVACS_WH_Wide_AW_5_seed_120,proposed_nsga2_bs,Gyorgy-KOVACS_WH_Wide_AW_5,120,8,auto_from_instance,12,18,4,30,216,,,,,6,2,4,root > V:29 > BH:26 > BV:19 > BV:19,selected,1,inf,True,557,202,355,408.0,1.0,1.0,True,True,1,1,0,True,1,1,0,0,True,True,0,16,8,16,8,2,LS_RP,sampled_pool,,,False,0.5,0.5,0.5,0.1,fixed,bit_flip,offspring,feasible_start_adaptive_spacing,,,,feasible_start_adaptive_spacing,0.5,,True,auto_from_instance,0.75,0.35,"0,5,12,14,15,19,25,26,27,29,35,36,45,47,49,57","3,9,11,17,19,25,27,29",,,,,,"H[0,5,12,14,15,19,25,26,27,29,35,36,45,47,49,57]|V[3,9,11,17,19,25,27,29]",225a083d40a70add6d49c842c1ea1b7da9e91627
proposed_nsga2_bs_Gyorgy-KOVACS_WH_Wide_AW_5_seed_120,proposed_nsga2_bs,Gyorgy-KOVACS_WH_Wide_AW_5,120,8,auto_from_instance,12,18,4,30,216,,,,,7,2,4,root > V:29 > BH:26 > BV:19 > BV:17,selected,2,inf,True,557,202,355,458.0,1.0,1.0,True,True,1,1,0,True,1,1,0,0,True,True,0,16,8,16,8,2,LS_RP,sampled_pool,,,False,0.5,0.5,0.5,0.1,fixed,bit_flip,offspring,feasible_start_adaptive_spacing,,,,feasible_start_adaptive_spacing,0.5,,True,auto_from_instance,0.75,0.35,"0,5,12,14,15,19,25,26,27,29,35,36,45,47,49,57","3,9,11,17,19,25,27,29",,,,,,"H[0,5,12,14,15,19,25,26,27,29,35,36,45,47,49,57]|V[3,9,11,17,19,25,27,29]",f590e28c4ca08f01adba87c9244bc357b1edb9bd
proposed_nsga2_bs_Gyorgy-KOVACS_WH_Wide_AW_5_seed_120,proposed_nsga2_bs,Gyorgy-KOVACS_WH_Wide_AW_5,120,8,auto_from_instance,12,18,4,30,216,,,,,8,2,4,root > V:29 > BH:26 > BV:17 > BV:19,selected,3,inf,True,557,202,355,460.0,1.0,1.0,True,True,1,1,0,True,1,1,0,0,True,True,0,16,8,16,8,2,LS_RP,sampled_pool,,,False,0.5,0.5,0.5,0.1,fixed,bit_flip,offspring,feasible_start_adaptive_spacing,,,,feasible_start_adaptive_spacing,0.5,,True,auto_from_instance,0.75,0.35,"0,5,12,14,15,19,25,26,27,29,35,36,45,47,49,57","3,9,11,17,19,25,27,29",,,,,,"H[0,5,12,14,15,19,25,26,27,29,35,36,45,47,49,57]|V[3,9,11,17,19,25,27,29]",0ccd7482bc13afbeac630bd0faf7012fe4b70f5c
proposed_nsga2_bs_Gyorgy-KOVACS_WH_Wide_AW_5_seed_120,proposed_nsga2_bs,Gyorgy-KOVACS_WH_Wide_AW_5,120,8,auto_from_instance,12,18,4,30,216,,,,,9,6,8,root > V:15 > BH:26 > BH:5 > BH:16 > BH:25 > BH:36 > BH:45 > BV:24,selected,0,inf,True,497,247,250,385.0,1.0,1.0,True,True,1,1,0,True,1,1,0,0,True,True,0,15,12,15,12,6,PF_SS_RP,sampled_pool,,,True,0.5,0.5,0.5,0.1,fixed,insert_random_aisle,offspring,feasible_start_adaptive_spacing,,,,feasible_start_adaptive_spacing,0.5,,True,auto_from_instance,0.75,0.35,"0,5,8,12,14,16,19,25,26,27,29,33,36,45,49","4,9,11,12,15,17,19,25,27,29,34",,,,,,"H[0,5,8,12,14,16,19,25,26,27,29,33,36,45,49]|V[4,9,11,12,15,17,19,24,25,27,29,34]",416c9c0e4f9e06143d78fee04cbc7a8d1c4800ad
proposed_nsga2_bs_Gyorgy-KOVACS_WH_Wide_AW_5_seed_120,proposed_nsga2_bs,Gyorgy-KOVACS_WH_Wide_AW_5,120,8,auto_from_instance,12,18,4,30,216,,,,,10,6,8,root > V:15 > BH:26 > BH:5 > BH:14 > BH:25 > BH:36 > BH:45 > BV:24,selected,0,inf,True,497,247,250,385.0,1.0,1.0,True,True,1,1,0,True,1,1,0,0,True,True,0,15,12,15,12,6,PF_SS_RP,sampled_pool,,,True,0.5,0.5,0.5,0.1,fixed,insert_random_aisle,offspring,feasible_start_adaptive_spacing,,,,feasible_start_adaptive_spacing,0.5,,True,auto_from_instance,0.75,0.35,"0,5,8,12,14,16,19,25,26,27,29,33,36,45,49","4,9,11,12,15,17,19,25,27,29,34",,,,,,"H[0,5,8,12,14,16,19,25,26,27,29,33,36,45,49]|V[4,9,11,12,15,17,19,24,25,27,29,34]",4f5b467192e7c6ce4bc3fd69bf3ce13c31bd8ba0
proposed_nsga2_bs_Gyorgy-KOVACS_WH_Wide_AW_5_seed_120,proposed_nsga2_bs,Gyorgy-KOVACS_WH_Wide_AW_5,120,8,auto_from_instance,12,18,4,30,216,,,,,11,9,8,root > V:18 > BH:26 > BH:5 > BH:16 > BH:27 > BH:36 > BH:45 > BV:29,selected,1,3.0,True,557,213,344,441.0,1.0,1.0,True,True,1,1,0,True,1,1,0,0,True,True,0,14,9,14,9,9,PF_LS_RP,sampled_pool,,,False,0.5,0.5,0.5,0.1,fixed,break_symmetry,offspring,feasible_start_adaptive_spacing,,,,feasible_start_adaptive_spacing,0.5,,True,auto_from_instance,0.75,0.35,"0,5,12,14,16,19,25,26,28,33,36,45,49","3,9,11,18,19,25,27,29,34",,,,,,"H[0,5,12,14,16,19,25,26,27,28,33,36,45,49]|V[3,9,11,18,19,25,27,29,34]",8c782f4d6ffc2d616df860360a210e9c7bc0e732
proposed_nsga2_bs_Gyorgy-KOVACS_WH_Wide_AW_5_seed_120,proposed_nsga2_bs,Gyorgy-KOVACS_WH_Wide_AW_5,120,9,auto_from_instance,12,18,4,30,216,,,,,1,1,7,root > V:17 > BH:26 > BH:5 > BH:16 > BH:25 > BH:36 > BH:47,selected,1,1.7259520320096775,True,572,220,352,507.0,1.0,1.0,True,True,1,1,0,True,1,1,0,0,True,True,0,17,10,17,10,1,PF_RP,sampled_pool,,,False,0.5555555555555556,0.5,0.5,0.1,fixed,swap_segments,offspring,feasible_start_adaptive_spacing,,,,feasible_start_adaptive_spacing,0.5,,True,auto_from_instance,0.75,0.35,"0,5,12,14,15,19,25,26,27,29,35,36,45,49,57","3,6,11,12,14,17,22,24,29,34",,,,,,"H[0,5,12,14,15,16,19,25,26,27,29,35,36,45,47,49,57]|V[3,6,11,12,14,17,22,24,29,34]",173dd91401b4b71d9f20edd9e83506be465b9528
proposed_nsga2_bs_Gyorgy-KOVACS_WH_Wide_AW_5_seed_120,proposed_nsga2_bs,Gyorgy-KOVACS_WH_Wide_AW_5,120,9,auto_from_instance,12,18,4,30,216,,,,,2,1,7,root > V:17 > BH:26 > BH:5 > BH:14 > BH:25 > BH:36 > BH:47,selected,1,1.2740479679903227,True,572,220,352,507.0,1.0,1.0,True,True,1,1,0,True,1,1,0,0,True,True,0,16,10,16,10,1,PF_RP,sampled_pool,,,False,0.5555555555555556,0.5,0.5,0.1,fixed,swap_segments,offspring,feasible_start_adaptive_spacing,,,,feasible_start_adaptive_spacing,0.5,,True,auto_from_instance,0.75,0.35,"0,5,12,14,15,19,25,26,27,29,35,36,45,49,57","3,6,11,12,14,17,22,24,29,34",,,,,,"H[0,5,12,14,15,19,25,26,27,29,35,36,45,47,49,57]|V[3,6,11,12,14,17,22,24,29,34]",e59e5dd5e1537a2d164e028d12bd66f538f0cb70
proposed_nsga2_bs_Gyorgy-KOVACS_WH_Wide_AW_5_seed_120,proposed_nsga2_bs,Gyorgy-KOVACS_WH_Wide_AW_5,120,9,auto_from_instance,12,18,4,30,216,,,,,3,1,7,root > V:17 > BH:26 > BH:7 > BH:16 > BH:25 > BH:36 > BH:47,selected,2,inf,True,572,220,352,663.0,1.0,1.0,True,True,1,1,0,True,1,1,0,0,True,True,0,18,10,18,10,1,PF_RP,sampled_pool,,,False,0.5555555555555556,0.5,0.5,0.1,fixed,swap_segments,offspring,feasible_start_adaptive_spacing,,,,feasible_start_adaptive_spacing,0.5,,True,auto_from_instance,0.75,0.35,"0,5,12,14,15,19,25,26,27,29,35,36,45,49,57","3,6,11,12,14,17,22,24,29,34",,,,,,"H[0,5,7,12,14,15,16,19,25,26,27,29,35,36,45,47,49,57]|V[3,6,11,12,14,17,22,24,29,34]",61426df39d9f05da4c561d5073d32a1cf777516d
proposed_nsga2_bs_Gyorgy-KOVACS_WH_Wide_AW_5_seed_120,proposed_nsga2_bs,Gyorgy-KOVACS_WH_Wide_AW_5,120,9,auto_from_instance,12,18,4,30,216,,,,,4,1,7,root > V:17 > BH:26 > BH:5 > BH:16 > BH:25 > BH:36 > BH:45,evaluated,3,inf,False,572,220,352,711.0,1.0,1.0,True,True,1,1,0,True,1,1,0,0,True,True,0,16,10,16,10,1,PF_RP,sampled_pool,,,False,0.5555555555555556,0.5,0.5,0.1,fixed,swap_segments,offspring,feasible_start_adaptive_spacing,,,,feasible_start_adaptive_spacing,0.5,,True,auto_from_instance,0.75,0.35,"0,5,12,14,15,19,25,26,27,29,35,36,45,49,57","3,6,11,12,14,17,22,24,29,34",,,,,,"H[0,5,12,14,15,16,19,25,26,27,29,35,36,45,49,57]|V[3,6,11,12,14,17,22,24,29,34]",854ec9b997ec508dda6ea9e399147d7a4b626ba8
proposed_nsga2_bs_Gyorgy-KOVACS_WH_Wide_AW_5_seed_120,proposed_nsga2_bs,Gyorgy-KOVACS_WH_Wide_AW_5,120,9,auto_from_instance,12,18,4,30,216,,,,,5,2,8,root > V:15 > BH:26 > BH:5 > BH:16 > BH:25 > BH:36 > BH:45 > BV:24,selected,0,inf,True,497,247,250,385.0,1.0,1.0,True,True,1,1,0,True,1,1,0,0,True,True,0,17,11,17,11,2,PF,sampled_pool,,,False,0.5555555555555556,0.5,0.5,0.1,fixed,spacing_aware_flip,offspring,feasible_start_adaptive_spacing,,,,feasible_start_adaptive_spacing,0.5,,True,auto_from_instance,0.75,0.35,"0,5,8,12,14,16,19,25,26,27,29,33,36,45,47,49,56","4,9,11,12,15,17,19,25,27,29",,,,,,"H[0,5,8,12,14,16,19,25,26,27,29,33,36,45,47,49,56]|V[4,9,11,12,15,17,19,24,25,27,29]",416c9c0e4f9e06143d78fee04cbc7a8d1c4800ad
proposed_nsga2_bs_Gyorgy-KOVACS_WH_Wide_AW_5_seed_120,proposed_nsga2_bs,Gyorgy-KOVACS_WH_Wide_AW_5,120,9,auto_from_instance,12,18,4,30,216,,,,,6,2,8,root > V:15 > BH:26 > BH:5 > BH:14 > BH:25 > BH:36 > BH:45 > BV:24,selected,0,inf,True,497,247,250,385.0,1.0,1.0,True,True,1,1,0,True,1,1,0,0,True,True,0,17,11,17,11,2,PF,sampled_pool,,,False,0.5555555555555556,0.5,0.5,0.1,fixed,spacing_aware_flip,offspring,feasible_start_adaptive_spacing,,,,feasible_start_adaptive_spacing,0.5,,True,auto_from_instance,0.75,0.35,"0,5,8,12,14,16,19,25,26,27,29,33,36,45,47,49,56","4,9,11,12,15,17,19,25,27,29",,,,,,"H[0,5,8,12,14,16,19,25,26,27,29,33,36,45,47,49,56]|V[4,9,11,12,15,17,19,24,25,27,29]",4f5b467192e7c6ce4bc3fd69bf3ce13c31bd8ba0
proposed_nsga2_bs_Gyorgy-KOVACS_WH_Wide_AW_5_seed_120,proposed_nsga2_bs,Gyorgy-KOVACS_WH_Wide_AW_5,120,9,auto_from_instance,12,18,4,30,216,,,,,7,3,4,root > V:27 > BH:26 > BV:17 > BV:17,selected,0,inf,True,567,256,311,311.0,1.0,1.0,True,True,1,1,0,True,1,1,0,0,True,True,0,15,12,15,12,3,SS,sampled_pool,,,True,0.5555555555555556,0.5,0.5,0.1,fixed,break_symmetry,offspring,feasible_start_adaptive_spacing,,,,feasible_start_adaptive_spacing,0.5,,True,auto_from_instance,0.75,0.35,"0,5,8,12,14,15,19,25,26,27,29,35,36,45,49","4,9,11,12,15,16,19,25,27,29,34",,,,,,"H[0,5,8,12,14,15,19,25,26,27,29,35,36,45,49]|V[4,9,11,12,15,16,17,19,25,27,29,34]",a8708aef2b1e3127a45cd25328e7b01fe876ac67
proposed_nsga2_bs_Gyorgy-KOVACS_WH_Wide_AW_5_seed_120,proposed_nsga2_bs,Gyorgy-KOVACS_WH_Wide_AW_5,120,9,auto_from_instance,12,18,4,30,216,,,,,8,3,4,root > V:29 > BH:26 > BV:19 > BV:19,selected,1,inf,True,557,202,355,408.0,1.0,1.0,True,True,1,1,0,True,1,1,0,0,True,True,0,15,11,15,11,3,SS,sampled_pool,,,True,0.5555555555555556,0.5,0.5,0.1,fixed,break_symmetry,offspring,feasible_start_adaptive_spacing,,,,feasible_start_adaptive_spacing,0.5,,True,auto_from_instance,0.75,0.35,"0,5,8,12,14,15,19,25,26,27,29,35,36,45,49","4,9,11,12,15,16,19,25,27,29,34",,,,,,"H[0,5,8,12,14,15,19,25,26,27,29,35,36,45,49]|V[4,9,11,12,15,16,19,25,27,29,34]",225a083d40a70add6d49c842c1ea1b7da9e91627
proposed_nsga2_bs_Gyorgy-KOVACS_WH_Wide_AW_5_seed_120,proposed_nsga2_bs,Gyorgy-KOVACS_WH_Wide_AW_5,120,9,auto_from_instance,12,18,4,30,216,,,,,9,3,4,root > V:29 > BH:26 > BV:19 > BV:17,selected,2,inf,True,557,202,355,458.0,1.0,1.0,True,True,1,1,0,True,1,1,0,0,True,True,0,15,12,15,12,3,SS,sampled_pool,,,True,0.5555555555555556,0.5,0.5,0.1,fixed,break_symmetry,offspring,feasible_start_adaptive_spacing,,,,feasible_start_adaptive_spacing,0.5,,True,auto_from_instance,0.75,0.35,"0,5,8,12,14,15,19,25,26,27,29,35,36,45,49","4,9,11,12,15,16,19,25,27,29,34",,,,,,"H[0,5,8,12,14,15,19,25,26,27,29,35,36,45,49]|V[4,9,11,12,15,16,17,19,25,27,29,34]",f590e28c4ca08f01adba87c9244bc357b1edb9bd
proposed_nsga2_bs_Gyorgy-KOVACS_WH_Wide_AW_5_seed_120,proposed_nsga2_bs,Gyorgy-KOVACS_WH_Wide_AW_5,120,9,auto_from_instance,12,18,4,30,216,,,,,10,3,4,root > V:29 > BH:26 > BV:19 > BV:17,evaluated,3,inf,False,557,202,355,460.0,1.0,1.0,True,True,1,1,0,True,1,1,0,0,True,True,0,15,12,15,12,3,SS,sampled_pool,,,True,0.5555555555555556,0.5,0.5,0.1,fixed,break_symmetry,offspring,feasible_start_adaptive_spacing,,,,feasible_start_adaptive_spacing,0.5,,True,auto_from_instance,0.75,0.35,"0,5,8,12,14,15,19,25,26,27,29,35,36,45,49","4,9,11,12,15,16,19,25,27,29,34",,,,,,"H[0,5,8,12,14,15,19,25,26,27,29,35,36,45,49]|V[4,9,11,12,15,16,17,19,25,27,29,34]",0ccd7482bc13afbeac630bd0faf7012fe4b70f5c
proposed_nsga2_bs_Gyorgy-KOVACS_WH_Wide_AW_5_seed_120,proposed_nsga2_bs,Gyorgy-KOVACS_WH_Wide_AW_5,120,9,auto_from_instance,12,18,4,30,216,,,,,11,4,7,root > V:17 > BH:26 > BH:5 > BH:14 > BH:25 > BH:36 > BH:45,evaluated,3,inf,False,572,220,352,711.0,1.0,1.0,True,True,1,1,0,True,1,1,0,0,True,True,0,16,9,16,9,4,PF,sampled_pool,,,False,0.5555555555555556,0.5,0.5,0.1,fixed,swap_segments,offspring,feasible_start_adaptive_spacing,,,,feasible_start_adaptive_spacing,0.5,,True,auto_from_instance,0.75,0.35,"0,5,12,14,16,19,25,26,27,29,33,36,45,47,49,57","9,11,14,17,19,24,25,27,29",,,,,,"H[0,5,12,14,16,19,25,26,27,29,33,36,45,47,49,57]|V[9,11,14,17,19,24,25,27,29]",ef95c5265d039c602cc7246bb99c122e90a60068
proposed_nsga2_bs_Gyorgy-KOVACS_WH_Wide_AW_5_seed_120,proposed_nsga2_bs,Gyorgy-KOVACS_WH_Wide_AW_5,120,9,auto_from_instance,12,18,4,30,216,,,,,12,7,8,root > V:16 > BH:26 > BH:5 > BH:16 > BH:25 > BH:36 > BH:45 > BV:25,selected,0,1.745680106335844,True,517,238,279,368.0,1.0,1.0,True,True,1,1,0,True,1,1,0,0,True,True,0,18,8,18,8,7,LS_SS,sampled_pool,,,True,0.5555555555555556,0.5,0.5,0.1,fixed,bit_flip,offspring,feasible_start_adaptive_spacing,,,,feasible_start_adaptive_spacing,0.5,,True,auto_from_instance,0.75,0.35,"0,5,12,14,15,19,25,26,28,31,35,36,40,45,47,49,57","3,16,17,19,20,25,27,29",,,,,,"H[0,5,12,14,15,16,19,25,26,28,31,35,36,40,45,47,49,57]|V[3,16,17,19,20,25,27,29]",559a078c3ea143504613077c561cb3124d66b767
proposed_nsga2_bs_Gyorgy-KOVACS_WH_Wide_AW_5_seed_120,proposed_nsga2_bs,Gyorgy-KOVACS_WH_Wide_AW_5,120,9,auto_from_instance,12,18,4,30,216,,,,,13,7,8,root > V:16 > BH:26 > BH:5 > BH:14 > BH:25 > BH:36 > BH:45 > BV:25,selected,0,inf,True,517,238,279,368.0,1.0,1.0,True,True,1,1,0,True,1,1,0,0,True,True,0,17,8,17,8,7,LS_SS,sampled_pool,,,True,0.5555555555555556,0.5,0.5,0.1,fixed,bit_flip,offspring,feasible_start_adaptive_spacing,,,,feasible_start_adaptive_spacing,0.5,,True,auto_from_instance,0.75,0.35,"0,5,12,14,15,19,25,26,28,31,35,36,40,45,47,49,57","3,16,17,19,20,25,27,29",,,,,,"H[0,5,12,14,15,19,25,26,28,31,35,36,40,45,47,49,57]|V[3,16,17,19,20,25,27,29]",6fcfc694894a367ef71d338faec4ce589ca685b5
proposed_nsga2_bs_Gyorgy-KOVACS_WH_Wide_AW_5_seed_120,proposed_nsga2_bs,Gyorgy-KOVACS_WH_Wide_AW_5,120,9,auto_from_instance,12,18,4,30,216,,,,,14,7,8,root > V:16 > BH:26 > BH:5 > BH:16 > BH:25 > BH:36 > BH:45 > BV:29,selected,1,inf,True,517,225,292,586.0,1.0,1.0,True,True,1,1,0,True,1,1,0,0,True,True,0,18,8,18,8,7,LS_SS,sampled_pool,,,True,0.5555555555555556,0.5,0.5,0.1,fixed,bit_flip,offspring,feasible_start_adaptive_spacing,,,,feasible_start_adaptive_spacing,0.5,,True,auto_from_instance,0.75,0.35,"0,5,12,14,15,19,25,26,28,31,35,36,40,45,47,49,57","3,16,17,19,20,25,27,29",,,,,,"H[0,5,12,14,15,16,19,25,26,28,31,35,36,40,45,47,49,57]|V[3,16,17,19,20,25,27,29]",13a8831f3352523fe53b9477eb693b985fdfc37c
proposed_nsga2_bs_Gyorgy-KOVACS_WH_Wide_AW_5_seed_120,proposed_nsga2_bs,Gyorgy-KOVACS_WH_Wide_AW_5,120,9,auto_from_instance,12,18,4,30,216,,,,,15,7,8,root > V:16 > BH:26 > BH:5 > BH:14 > BH:25 > BH:36 > BH:45 > BV:29,selected,1,inf,True,517,225,292,586.0,1.0,1.0,True,True,1,1,0,True,1,1,0,0,True,True,0,17,8,17,8,7,LS_SS,sampled_pool,,,True,0.5555555555555556,0.5,0.5,0.1,fixed,bit_flip,offspring,feasible_start_adaptive_spacing,,,,feasible_start_adaptive_spacing,0.5,,True,auto_from_instance,0.75,0.35,"0,5,12,14,15,19,25,26,28,31,35,36,40,45,47,49,57","3,16,17,19,20,25,27,29",,,,,,"H[0,5,12,14,15,19,25,26,28,31,35,36,40,45,47,49,57]|V[3,16,17,19,20,25,27,29]",7e0f4d1a90907f684b7d565e90c4ddb6c1ba7c58
proposed_nsga2_bs_Gyorgy-KOVACS_WH_Wide_AW_5_seed_120,proposed_nsga2_bs,Gyorgy-KOVACS_WH_Wide_AW_5,120,10,auto_from_instance,12,18,4,30,216,,,,,1,1,8,root > V:16 > BH:26 > BH:5 > BH:16 > BH:25 > BH:36 > BH:45 > BV:25,selected,0,1.745680106335844,True,517,238,279,368.0,1.0,1.0,True,True,1,1,0,True,1,1,0,0,True,True,0,17,10,17,10,1,PF_LS,sampled_pool,,,False,0.6111111111111112,0.5,0.5,0.1,fixed,bit_flip,offspring,feasible_start_adaptive_spacing,,,,feasible_start_adaptive_spacing,0.5,,True,auto_from_instance,0.75,0.35,"0,5,12,14,16,19,25,26,27,29,33,36,40,45,47,49,57","3,16,17,19,20,24,25,27,29,31",,,,,,"H[0,5,12,14,16,19,25,26,27,29,33,36,40,45,47,49,57]|V[3,16,17,19,20,24,25,27,29,31]",559a078c3ea143504613077c561cb3124d66b767
proposed_nsga2_bs_Gyorgy-KOVACS_WH_Wide_AW_5_seed_120,proposed_nsga2_bs,Gyorgy-KOVACS_WH_Wide_AW_5,120,10,auto_from_instance,12,18,4,30,216,,,,,2,1,8,root > V:16 > BH:26 > BH:5 > BH:14 > BH:25 > BH:36 > BH:45 > BV:25,selected,0,0.0,True,517,238,279,368.0,1.0,1.0,True,True,1,1,0,True,1,1,0,0,True,True,0,17,10,17,10,1,PF_LS,sampled_pool,,,False,0.6111111111111112,0.5,0.5,0.1,fixed,bit_flip,offspring,feasible_start_adaptive_spacing,,,,feasible_start_adaptive_spacing,0.5,,True,auto_from_instance,0.75,0.35,"0,5,12,14,16,19,25,26,27,29,33,36,40,45,47,49,57","3,16,17,19,20,24,25,27,29,31",,,,,,"H[0,5,12,14,16,19,25,26,27,29,33,36,40,45,47,49,57]|V[3,16,17,19,20,24,25,27,29,31]",6fcfc694894a367ef71d338faec4ce589ca685b5
proposed_nsga2_bs_Gyorgy-KOVACS_WH_Wide_AW_5_seed_120,proposed_nsga2_bs,Gyorgy-KOVACS_WH_Wide_AW_5,120,10,auto_from_instance,12,18,4,30,216,,,,,3,1,8,root > V:16 > BH:26 > BH:5 > BH:16 > BH:25 > BH:36 > BH:45 > BV:29,selected,1,inf,True,517,225,292,586.0,1.0,1.0,True,True,1,1,0,True,1,1,0,0,True,True,0,17,10,17,10,1,PF_LS,sampled_pool,,,False,0.6111111111111112,0.5,0.5,0.1,fixed,bit_flip,offspring,feasible_start_adaptive_spacing,,,,feasible_start_adaptive_spacing,0.5,,True,auto_from_instance,0.75,0.35,"0,5,12,14,16,19,25,26,27,29,33,36,40,45,47,49,57","3,16,17,19,20,24,25,27,29,31",,,,,,"H[0,5,12,14,16,19,25,26,27,29,33,36,40,45,47,49,57]|V[3,16,17,19,20,24,25,27,29,31]",13a8831f3352523fe53b9477eb693b985fdfc37c
proposed_nsga2_bs_Gyorgy-KOVACS_WH_Wide_AW_5_seed_120,proposed_nsga2_bs,Gyorgy-KOVACS_WH_Wide_AW_5,120,10,auto_from_instance,12,18,4,30,216,,,,,4,1,8,root > V:16 > BH:26 > BH:5 > BH:14 > BH:25 > BH:36 > BH:45 > BV:29,selected,1,0.0,True,517,225,292,586.0,1.0,1.0,True,True,1,1,0,True,1,1,0,0,True,True,0,17,10,17,10,1,PF_LS,sampled_pool,,,False,0.6111111111111112,0.5,0.5,0.1,fixed,bit_flip,offspring,feasible_start_adaptive_spacing,,,,feasible_start_adaptive_spacing,0.5,,True,auto_from_instance,0.75,0.35,"0,5,12,14,16,19,25,26,27,29,33,36,40,45,47,49,57","3,16,17,19,20,24,25,27,29,31",,,,,,"H[0,5,12,14,16,19,25,26,27,29,33,36,40,45,47,49,57]|V[3,16,17,19,20,24,25,27,29,31]",7e0f4d1a90907f684b7d565e90c4ddb6c1ba7c58
proposed_nsga2_bs_Gyorgy-KOVACS_WH_Wide_AW_5_seed_120,proposed_nsga2_bs,Gyorgy-KOVACS_WH_Wide_AW_5,120,10,auto_from_instance,12,18,4,30,216,,,,,5,2,8,root > V:15 > BH:26 > BH:5 > BH:16 > BH:25 > BH:36 > BH:45 > BV:24,selected,0,inf,True,497,247,250,385.0,1.0,1.0,True,True,1,1,0,True,1,1,0,0,True,True,0,18,10,18,10,2,PF_SS,sampled_pool,,,True,0.6111111111111112,0.5,0.5,0.1,fixed,remove_random_aisle,offspring,feasible_start_adaptive_spacing,,,,feasible_start_adaptive_spacing,0.5,,True,auto_from_instance,0.75,0.35,"0,5,8,12,14,15,19,25,26,28,31,35,36,45,47,49,56","4,9,11,15,17,19,25,27,29",,,,,,"H[0,5,8,12,14,15,16,19,25,26,28,31,35,36,45,47,49,56]|V[4,9,11,15,17,19,24,25,27,29]",416c9c0e4f9e06143d78fee04cbc7a8d1c4800ad
proposed_nsga2_bs_Gyorgy-KOVACS_WH_Wide_AW_5_seed_120,proposed_nsga2_bs,Gyorgy-KOVACS_WH_Wide_AW_5,120,10,auto_from_instance,12,18,4,30,216,,,,,6,2,8,root > V:15 > BH:26 > BH:5 > BH:14 > BH:25 > BH:36 > BH:45 > BV:24,selected,0,inf,True,497,247,250,385.0,1.0,1.0,True,True,1,1,0,True,1,1,0,0,True,True,0,17,10,17,10,2,PF_SS,sampled_pool,,,True,0.6111111111111112,0.5,0.5,0.1,fixed,remove_random_aisle,offspring,feasible_start_adaptive_spacing,,,,feasible_start_adaptive_spacing,0.5,,True,auto_from_instance,0.75,0.35,"0,5,8,12,14,15,19,25,26,28,31,35,36,45,47,49,56","4,9,11,15,17,19,25,27,29",,,,,,"H[0,5,8,12,14,15,19,25,26,28,31,35,36,45,47,49,56]|V[4,9,11,15,17,19,24,25,27,29]",4f5b467192e7c6ce4bc3fd69bf3ce13c31bd8ba0
proposed_nsga2_bs_Gyorgy-KOVACS_WH_Wide_AW_5_seed_120,proposed_nsga2_bs,Gyorgy-KOVACS_WH_Wide_AW_5,120,10,auto_from_instance,12,18,4,30,216,,,,,7,5,4,root > V:29 > BH:26 > BV:19 > BV:19,selected,1,inf,True,557,202,355,408.0,1.0,1.0,True,True,1,1,0,True,1,1,0,0,True,True,0,16,11,16,11,5,LS,sampled_pool,,,False,0.6111111111111112,0.5,0.5,0.1,fixed,break_symmetry,offspring,feasible_start_adaptive_spacing,,,,feasible_start_adaptive_spacing,0.5,,True,auto_from_instance,0.75,0.35,"0,5,12,14,15,19,25,26,27,29,33,36,45,47,49,56","4,9,11,12,17,22,24,25,28,29",,,,,,"H[0,5,12,14,15,19,25,26,27,29,33,36,45,47,49,56]|V[4,9,11,12,17,19,22,24,25,28,29]",225a083d40a70add6d49c842c1ea1b7da9e91627
proposed_nsga2_bs_Gyorgy-KOVACS_WH_Wide_AW_5_seed_120,proposed_nsga2_bs,Gyorgy-KOVACS_WH_Wide_AW_5,120,10,auto_from_instance,12,18,4,30,216,,,,,8,5,4,root > V:29 > BH:26 > BV:17 > BV:19,evaluated,3,inf,False,557,202,355,460.0,1.0,1.0,True,True,1,1,0,True,1,1,0,0,True,True,0,16,11,16,11,5,LS,sampled_pool,,,False,0.6111111111111112,0.5,0.5,0.1,fixed,break_symmetry,offspring,feasible_start_adaptive_spacing,,,,feasible_start_adaptive_spacing,0.5,,True,auto_from_instance,0.75,0.35,"0,5,12,14,15,19,25,26,27,29,33,36,45,47,49,56","4,9,11,12,17,22,24,25,28,29",,,,,,"H[0,5,12,14,15,19,25,26,27,29,33,36,45,47,49,56]|V[4,9,11,12,17,19,22,24,25,28,29]",0ccd7482bc13afbeac630bd0faf7012fe4b70f5c
proposed_nsga2_bs_Gyorgy-KOVACS_WH_Wide_AW_5_seed_120,proposed_nsga2_bs,Gyorgy-KOVACS_WH_Wide_AW_5,120,10,auto_from_instance,12,18,4,30,216,,,,,9,5,4,root > V:29 > BH:26 > BV:19 > BV:17,evaluated,2,inf,False,557,202,355,458.0,1.0,1.0,True,True,1,1,0,True,1,1,0,0,True,True,0,16,11,16,11,5,LS,sampled_pool,,,False,0.6111111111111112,0.5,0.5,0.1,fixed,break_symmetry,offspring,feasible_start_adaptive_spacing,,,,feasible_start_adaptive_spacing,0.5,,True,auto_from_instance,0.75,0.35,"0,5,12,14,15,19,25,26,27,29,33,36,45,47,49,56","4,9,11,12,17,22,24,25,28,29",,,,,,"H[0,5,12,14,15,19,25,26,27,29,33,36,45,47,49,56]|V[4,9,11,12,17,19,22,24,25,28,29]",f590e28c4ca08f01adba87c9244bc357b1edb9bd
proposed_nsga2_bs_Gyorgy-KOVACS_WH_Wide_AW_5_seed_120,proposed_nsga2_bs,Gyorgy-KOVACS_WH_Wide_AW_5,120,10,auto_from_instance,12,18,4,30,216,,,,,10,5,4,root > V:29 > BH:26 > BV:17 > BV:17,evaluated,4,inf,False,557,202,355,510.0,1.0,1.0,True,True,1,1,0,True,1,1,0,0,True,True,0,16,10,16,10,5,LS,sampled_pool,,,False,0.6111111111111112,0.5,0.5,0.1,fixed,break_symmetry,offspring,feasible_start_adaptive_spacing,,,,feasible_start_adaptive_spacing,0.5,,True,auto_from_instance,0.75,0.35,"0,5,12,14,15,19,25,26,27,29,33,36,45,47,49,56","4,9,11,12,17,22,24,25,28,29",,,,,,"H[0,5,12,14,15,19,25,26,27,29,33,36,45,47,49,56]|V[4,9,11,12,17,22,24,25,28,29]",01a64afdd46edf4dc6b60538f107b837ec4162f0
proposed_nsga2_bs_Gyorgy-KOVACS_WH_Wide_AW_5_seed_120,proposed_nsga2_bs,Gyorgy-KOVACS_WH_Wide_AW_5,120,10,auto_from_instance,12,18,4,30,216,,,,,11,7,8,root > V:16 > BH:26 > BH:5 > BH:16 > BH:27 > BH:36 > BH:45 > BV:25,selected,0,inf,True,517,238,279,368.0,1.0,1.0,True,True,1,1,0,True,1,1,0,0,True,True,0,18,8,18,8,7,PF_LS,sampled_pool,,,False,0.6111111111111112,0.5,0.5,0.1,fixed,spacing_aware_flip,offspring,feasible_start_adaptive_spacing,,,,feasible_start_adaptive_spacing,0.5,,True,auto_from_instance,0.75,0.35,"0,5,8,12,14,16,19,25,26,27,29,33,35,36,45,47,49,56","3,16,17,19,24,25,27,29",,,,,,"H[0,5,8,12,14,16,19,25,26,27,29,33,35,36,45,47,49,56]|V[3,16,17,19,24,25,27,29]",015ee1c8318bbe65f9d75b3878c91b9d7be2a076
proposed_nsga2_bs_Gyorgy-KOVACS_WH_Wide_AW_5_seed_120,proposed_nsga2_bs,Gyorgy-KOVACS_WH_Wide_AW_5,120,10,auto_from_instance,12,18,4,30,216,,,,,12,7,8,root > V:16 > BH:26 > BH:5 > BH:16 > BH:27 > BH:36 > BH:45 > BV:29,selected,1,inf,True,517,225,292,586.0,1.0,1.0,True,True,1,1,0,True,1,1,0,0,True,True,0,18,8,18,8,7,PF_LS,sampled_pool,,,False,0.6111111111111112,0.5,0.5,0.1,fixed,spacing_aware_flip,offspring,feasible_start_adaptive_spacing,,,,feasible_start_adaptive_spacing,0.5,,True,auto_from_instance,0.75,0.35,"0,5,8,12,14,16,19,25,26,27,29,33,35,36,45,47,49,56","3,16,17,19,24,25,27,29",,,,,,"H[0,5,8,12,14,16,19,25,26,27,29,33,35,36,45,47,49,56]|V[3,16,17,19,24,25,27,29]",ed71c8d546062d956359fd31a02e14699e745412
proposed_nsga2_bs_Gyorgy-KOVACS_WH_Wide_AW_5_seed_120,proposed_nsga2_bs,Gyorgy-KOVACS_WH_Wide_AW_5,120,10,auto_from_instance,12,18,4,30,216,,,,,13,8,4,root > V:27 > BH:26 > BV:17 > BV:17,selected,0,inf,True,567,256,311,311.0,1.0,1.0,True,True,1,1,0,True,1,1,0,0,True,True,0,17,12,17,12,8,RP,sampled_pool,,,False,0.6111111111111112,0.5,0.5,0.1,fixed,swap_segments,offspring,feasible_start_adaptive_spacing,,,,feasible_start_adaptive_spacing,0.5,,True,auto_from_instance,0.75,0.35,"0,5,12,14,15,19,23,25,27,36,40,47,48,50,53,57","3,4,9,11,12,15,17,19,20,25,27,29",,,,,,"H[0,5,12,14,15,19,23,25,26,27,36,40,47,48,50,53,57]|V[3,4,9,11,12,15,17,19,20,25,27,29]",a8708aef2b1e3127a45cd25328e7b01fe876ac67
proposed_nsga2_bs_Gyorgy-KOVACS_WH_Wide_AW_5_seed_120,proposed_nsga2_bs,Gyorgy-KOVACS_WH_Wide_AW_5,120,10,auto_from_instance,12,18,4,30,216,,,,,14,12,7,root > V:17 > BH:26 > BH:5 > BH:16 > BH:25 > BH:36 > BH:47,selected,1,1.7259520320096775,True,572,220,352,507.0,1.0,1.0,True,True,1,1,0,True,1,1,0,0,True,True,0,16,10,16,10,12,PF_SS_RP,sampled_pool,,,True,0.6111111111111112,0.5,0.5,0.1,fixed,bit_flip,offspring,feasible_start_adaptive_spacing,,,,feasible_start_adaptive_spacing,0.5,,True,auto_from_instance,0.75,0.35,"0,5,12,14,15,19,25,26,27,35,36,45,47,49,57","4,9,11,12,14,17,22,24,29,34",,,,,,"H[0,5,12,14,15,16,19,25,26,27,35,36,45,47,49,57]|V[4,9,11,12,14,17,22,24,29,34]",173dd91401b4b71d9f20edd9e83506be465b9528
proposed_nsga2_bs_Gyorgy-KOVACS_WH_Wide_AW_5_seed_120,proposed_nsga2_bs,Gyorgy-KOVACS_WH_Wide_AW_5,120,10,auto_from_instance,12,18,4,30,216,,,,,15,12,7,root > V:17 > BH:26 > BH:5 > BH:14 > BH:25 > BH:36 > BH:47,selected,1,1.2740479679903227,True,572,220,352,507.0,1.0,1.0,True,True,1,1,0,True,1,1,0,0,True,True,0,15,10,15,10,12,PF_SS_RP,sampled_pool,,,True,0.6111111111111112,0.5,0.5,0.1,fixed,bit_flip,offspring,feasible_start_adaptive_spacing,,,,feasible_start_adaptive_spacing,0.5,,True,auto_from_instance,0.75,0.35,"0,5,12,14,15,19,25,26,27,35,36,45,47,49,57","4,9,11,12,14,17,22,24,29,34",,,,,,"H[0,5,12,14,15,19,25,26,27,35,36,45,47,49,57]|V[4,9,11,12,14,17,22,24,29,34]",e59e5dd5e1537a2d164e028d12bd66f538f0cb70
proposed_nsga2_bs_Gyorgy-KOVACS_WH_Wide_AW_5_seed_120,proposed_nsga2_bs,Gyorgy-KOVACS_WH_Wide_AW_5,120,10,auto_from_instance,12,18,4,30,216,,,,,16,12,7,root > V:17 > BH:26 > BH:7 > BH:16 > BH:25 > BH:36 > BH:47,evaluated,2,inf,False,572,220,352,663.0,1.0,1.0,True,True,1,1,0,True,1,1,0,0,True,True,0,17,10,17,10,12,PF_SS_RP,sampled_pool,,,True,0.6111111111111112,0.5,0.5,0.1,fixed,bit_flip,offspring,feasible_start_adaptive_spacing,,,,feasible_start_adaptive_spacing,0.5,,True,auto_from_instance,0.75,0.35,"0,5,12,14,15,19,25,26,27,35,36,45,47,49,57","4,9,11,12,14,17,22,24,29,34",,,,,,"H[0,5,7,12,14,15,16,19,25,26,27,35,36,45,47,49,57]|V[4,9,11,12,14,17,22,24,29,34]",61426df39d9f05da4c561d5073d32a1cf777516d
proposed_nsga2_bs_Gyorgy-KOVACS_WH_Wide_AW_5_seed_120,proposed_nsga2_bs,Gyorgy-KOVACS_WH_Wide_AW_5,120,10,auto_from_instance,12,18,4,30,216,,,,,17,12,7,root > V:17 > BH:26 > BH:5 > BH:16 > BH:25 > BH:36 > BH:45,evaluated,3,inf,False,572,220,352,711.0,1.0,1.0,True,True,1,1,0,True,1,1,0,0,True,True,0,16,10,16,10,12,PF_SS_RP,sampled_pool,,,True,0.6111111111111112,0.5,0.5,0.1,fixed,bit_flip,offspring,feasible_start_adaptive_spacing,,,,feasible_start_adaptive_spacing,0.5,,True,auto_from_instance,0.75,0.35,"0,5,12,14,15,19,25,26,27,35,36,45,47,49,57","4,9,11,12,14,17,22,24,29,34",,,,,,"H[0,5,12,14,15,16,19,25,26,27,35,36,45,47,49,57]|V[4,9,11,12,14,17,22,24,29,34]",854ec9b997ec508dda6ea9e399147d7a4b626ba8
proposed_nsga2_bs_Gyorgy-KOVACS_WH_Wide_AW_5_seed_120,proposed_nsga2_bs,Gyorgy-KOVACS_WH_Wide_AW_5,120,11,auto_from_instance,12,18,4,30,216,,,,,1,1,8,root > V:15 > BH:26 > BH:5 > BH:16 > BH:25 > BH:36 > BH:45 > BV:24,selected,0,inf,True,497,247,250,385.0,1.0,1.0,True,True,1,1,0,True,1,1,0,0,True,True,0,16,14,16,14,1,PF_RP,sampled_pool,,,False,0.6666666666666666,0.5,0.5,0.1,fixed,remove_random_aisle,offspring,feasible_start_adaptive_spacing,,,,feasible_start_adaptive_spacing,0.5,,True,auto_from_instance,0.75,0.35,"0,5,12,14,16,19,25,26,27,29,33,36,40,45,49,57","3,4,9,11,12,15,17,19,20,24,25,27,29,31",,,,,,"H[0,5,12,14,16,19,25,26,27,29,33,36,40,45,49,57]|V[3,4,9,11,12,15,17,19,20,24,25,27,29,31]",416c9c0e4f9e06143d78fee04cbc7a8d1c4800ad
proposed_nsga2_bs_Gyorgy-KOVACS_WH_Wide_AW_5_seed_120,proposed_nsga2_bs,Gyorgy-KOVACS_WH_Wide_AW_5,120,11,auto_from_instance,12,18,4,30,216,,,,,2,2,4,root > V:27 > BH:26 > BV:17 > BV:17,selected,0,inf,True,567,256,311,311.0,1.0,1.0,True,True,1,1,0,True,1,1,0,0,True,True,0,18,8,18,8,2,RP_LS,sampled_pool,,,False,0.6666666666666666,0.5,0.5,0.1,fixed,insert_random_aisle,offspring,feasible_start_adaptive_spacing,,,,feasible_start_adaptive_spacing,0.5,,True,auto_from_instance,0.75,0.35,"0,5,12,14,15,19,23,25,26,27,34,36,40,47,48,50,53,57","3,16,17,19,20,25,27,29",,,,,,"H[0,5,12,14,15,19,23,25,26,27,34,36,40,47,48,50,53,57]|V[3,16,17,19,20,25,27,29]",a8708aef2b1e3127a45cd25328e7b01fe876ac67
proposed_nsga2_bs_Gyorgy-KOVACS_WH_Wide_AW_5_seed_120,proposed_nsga2_bs,Gyorgy-KOVACS_WH_Wide_AW_5,120,11,auto_from_instance,12,18,4,30,216,,,,,3,2,4,root > V:29 > BH:26 > BV:19 > BV:19,selected,1,inf,True,557,202,355,408.0,1.0,1.0,True,True,1,1,0,True,1,1,0,0,True,True,0,18,8,18,8,2,RP_LS,sampled_pool,,,False,0.6666666666666666,0.5,0.5,0.1,fixed,insert_random_aisle,offspring,feasible_start_adaptive_spacing,,,,feasible_start_adaptive_spacing,0.5,,True,auto_from_instance,0.75,0.35,"0,5,12,14,15,19,23,25,26,27,34,36,40,47,48,50,53,57","3,16,17,19,20,25,27,29",,,,,,"H[0,5,12,14,15,19,23,25,26,27,34,36,40,47,48,50,53,57]|V[3,16,17,19,20,25,27,29]",225a083d40a70add6d49c842c1ea1b7da9e91627
proposed_nsga2_bs_Gyorgy-KOVACS_WH_Wide_AW_5_seed_120,proposed_nsga2_bs,Gyorgy-KOVACS_WH_Wide_AW_5,120,11,auto_from_instance,12,18,4,30,216,,,,,4,2,4,root > V:29 > BH:26 > BV:19 > BV:17,selected,2,inf,True,557,202,355,458.0,1.0,1.0,True,True,1,1,0,True,1,1,0,0,True,True,0,18,8,18,8,2,RP_LS,sampled_pool,,,False,0.6666666666666666,0.5,0.5,0.1,fixed,insert_random_aisle,offspring,feasible_start_adaptive_spacing,,,,feasible_start_adaptive_spacing,0.5,,True,auto_from_instance,0.75,0.35,"0,5,12,14,15,19,23,25,26,27,34,36,40,47,48,50,53,57","3,16,17,19,20,25,27,29",,,,,,"H[0,5,12,14,15,19,23,25,26,27,34,36,40,47,48,50,53,57]|V[3,16,17,19,20,25,27,29]",f590e28c4ca08f01adba87c9244bc357b1edb9bd
proposed_nsga2_bs_Gyorgy-KOVACS_WH_Wide_AW_5_seed_120,proposed_nsga2_bs,Gyorgy-KOVACS_WH_Wide_AW_5,120,11,auto_from_instance,12,18,4,30,216,,,,,5,2,4,root > V:29 > BH:26 > BV:19 > BV:17,evaluated,3,inf,False,557,202,355,460.0,1.0,1.0,True,True,1,1,0,True,1,1,0,0,True,True,0,18,8,18,8,2,RP_LS,sampled_pool,,,False,0.6666666666666666,0.5,0.5,0.1,fixed,insert_random_aisle,offspring,feasible_start_adaptive_spacing,,,,feasible_start_adaptive_spacing,0.5,,True,auto_from_instance,0.75,0.35,"0,5,12,14,15,19,23,25,26,27,34,36,40,47,48,50,53,57","3,16,17,19,20,25,27,29",,,,,,"H[0,5,12,14,15,19,23,25,26,27,34,36,40,47,48,50,53,57]|V[3,16,17,19,20,25,27,29]",0ccd7482bc13afbeac630bd0faf7012fe4b70f5c
proposed_nsga2_bs_Gyorgy-KOVACS_WH_Wide_AW_5_seed_120,proposed_nsga2_bs,Gyorgy-KOVACS_WH_Wide_AW_5,120,11,auto_from_instance,12,18,4,30,216,,,,,6,5,8,root > V:15 > BH:26 > BH:5 > BH:14 > BH:25 > BH:36 > BH:45 > BV:24,selected,0,inf,True,497,247,250,385.0,1.0,1.0,True,True,1,1,0,True,1,1,0,0,True,True,0,18,11,18,11,5,PF,sampled_pool,,,False,0.6666666666666666,0.5,0.5,0.1,fixed,insert_random_aisle,offspring,feasible_start_adaptive_spacing,,,,feasible_start_adaptive_spacing,0.5,,True,auto_from_instance,0.75,0.35,"0,5,8,12,14,15,16,19,25,26,28,31,35,36,45,47,49,56","4,9,11,15,16,17,19,24,25,27,29",,,,,,"H[0,5,8,12,14,15,16,19,25,26,28,31,35,36,45,47,49,56]|V[4,9,11,15,16,17,19,24,25,27,29]",4f5b467192e7c6ce4bc3fd69bf3ce13c31bd8ba0
proposed_nsga2_bs_Gyorgy-KOVACS_WH_Wide_AW_5_seed_120,proposed_nsga2_bs,Gyorgy-KOVACS_WH_Wide_AW_5,120,11,auto_from_instance,12,18,4,30,216,,,,,7,6,8,root > V:16 > BH:26 > BH:5 > BH:16 > BH:27 > BH:36 > BH:45 > BV:25,selected,0,1.745680106335844,True,517,238,279,368.0,1.0,1.0,True,True,1,1,0,True,1,1,0,0,True,True,0,18,7,18,7,6,PF,sampled_pool,,,False,0.6666666666666666,0.5,0.5,0.1,fixed,bit_flip,offspring,feasible_start_adaptive_spacing,,,,feasible_start_adaptive_spacing,0.5,,True,auto_from_instance,0.75,0.35,"0,5,8,12,14,16,19,25,26,27,29,33,35,36,45,47,49,56","3,16,17,24,25,27,29",,,,,,"H[0,5,8,12,14,16,19,25,26,27,29,33,35,36,45,47,49,56]|V[3,16,17,24,25,27,29]",015ee1c8318bbe65f9d75b3878c91b9d7be2a076
proposed_nsga2_bs_Gyorgy-KOVACS_WH_Wide_AW_5_seed_120,proposed_nsga2_bs,Gyorgy-KOVACS_WH_Wide_AW_5,120,11,auto_from_instance,12,18,4,30,216,,,,,8,6,8,root > V:16 > BH:26 > BH:5 > BH:16 > BH:25 > BH:36 > BH:45 > BV:25,selected,0,inf,True,517,238,279,368.0,1.0,1.0,True,True,1,1,0,True,1,1,0,0,True,True,0,18,7,18,7,6,PF,sampled_pool,,,False,0.6666666666666666,0.5,0.5,0.1,fixed,bit_flip,offspring,feasible_start_adaptive_spacing,,,,feasible_start_adaptive_spacing,0.5,,True,auto_from_instance,0.75,0.35,"0,5,8,12,14,16,19,25,26,27,29,33,35,36,45,47,49,56","3,16,17,24,25,27,29",,,,,,"H[0,5,8,12,14,16,19,25,26,27,29,33,35,36,45,47,49,56]|V[3,16,17,24,25,27,29]",559a078c3ea143504613077c561cb3124d66b767
proposed_nsga2_bs_Gyorgy-KOVACS_WH_Wide_AW_5_seed_120,proposed_nsga2_bs,Gyorgy-KOVACS_WH_Wide_AW_5,120,11,auto_from_instance,12,18,4,30,216,,,,,9,6,8,root > V:16 > BH:26 > BH:5 > BH:16 > BH:27 > BH:36 > BH:45 > BV:29,selected,1,inf,True,517,225,292,586.0,1.0,1.0,True,True,1,1,0,True,1,1,0,0,True,True,0,18,7,18,7,6,PF,sampled_pool,,,False,0.6666666666666666,0.5,0.5,0.1,fixed,bit_flip,offspring,feasible_start_adaptive_spacing,,,,feasible_start_adaptive_spacing,0.5,,True,auto_from_instance,0.75,0.35,"0,5,8,12,14,16,19,25,26,27,29,33,35,36,45,47,49,56","3,16,17,24,25,27,29",,,,,,"H[0,5,8,12,14,16,19,25,26,27,29,33,35,36,45,47,49,56]|V[3,16,17,24,25,27,29]",ed71c8d546062d956359fd31a02e14699e745412
proposed_nsga2_bs_Gyorgy-KOVACS_WH_Wide_AW_5_seed_120,proposed_nsga2_bs,Gyorgy-KOVACS_WH_Wide_AW_5,120,11,auto_from_instance,12,18,4,30,216,,,,,10,6,8,root > V:16 > BH:26 > BH:5 > BH:16 > BH:25 > BH:36 > BH:45 > BV:29,selected,1,inf,True,517,225,292,586.0,1.0,1.0,True,True,1,1,0,True,1,1,0,0,True,True,0,18,7,18,7,6,PF,sampled_pool,,,False,0.6666666666666666,0.5,0.5,0.1,fixed,bit_flip,offspring,feasible_start_adaptive_spacing,,,,feasible_start_adaptive_spacing,0.5,,True,auto_from_instance,0.75,0.35,"0,5,8,12,14,16,19,25,26,27,29,33,35,36,45,47,49,56","3,16,17,24,25,27,29",,,,,,"H[0,5,8,12,14,16,19,25,26,27,29,33,35,36,45,47,49,56]|V[3,16,17,24,25,27,29]",13a8831f3352523fe53b9477eb693b985fdfc37c
proposed_nsga2_bs_Gyorgy-KOVACS_WH_Wide_AW_5_seed_120,proposed_nsga2_bs,Gyorgy-KOVACS_WH_Wide_AW_5,120,11,auto_from_instance,12,18,4,30,216,,,,,11,7,9,root > V:20 > BH:26 > BH:47 > BH:37 > BH:23 > BH:9 > BV:29 > BV:29 > BV:29,evaluated,4,inf,False,547,179,368,665.0,1.0,1.0,True,True,1,1,0,True,1,1,0,0,True,True,0,21,11,21,11,7,SS_LS_PF,sampled_pool,,,True,0.6666666666666666,0.5,0.5,0.1,fixed,bit_flip,offspring,feasible_start_adaptive_spacing,,,,feasible_start_adaptive_spacing,0.5,,True,auto_from_instance,0.75,0.35,"0,5,8,12,14,16,19,25,26,27,29,33,36,40,45,47,49,57","3,15,17,19,20,24,25,27,29,31,33",,,,,,"H[0,5,8,9,12,14,16,19,23,25,26,27,29,33,36,37,40,45,47,49,57]|V[3,15,17,19,20,24,25,27,29,31,33]",d20b69141ff95aa36665c177bcb650e2a0a718fe
proposed_nsga2_bs_Gyorgy-KOVACS_WH_Wide_AW_5_seed_120,proposed_nsga2_bs,Gyorgy-KOVACS_WH_Wide_AW_5,120,11,auto_from_instance,12,18,4,30,216,,,,,12,10,7,root > V:17 > BH:26 > BH:5 > BH:16 > BH:25 > BH:36 > BH:47,selected,1,1.7259520320096775,True,572,220,352,507.0,1.0,1.0,True,True,1,1,0,True,1,1,0,0,True,True,0,20,7,20,7,10,PF_SS_RP,sampled_pool,,,True,0.6666666666666666,0.5,0.5,0.1,fixed,insert_random_aisle,offspring,feasible_start_adaptive_spacing,,,,feasible_start_adaptive_spacing,0.5,,True,auto_from_instance,0.75,0.35,"0,5,8,12,14,15,16,19,21,25,26,28,29,33,36,40,45,47,49,57","3,17,19,24,25,27,29",,,,,,"H[0,5,8,12,14,15,16,19,21,25,26,28,29,33,36,40,45,47,49,57]|V[3,17,19,24,25,27,29]",173dd91401b4b71d9f20edd9e83506be465b9528
proposed_nsga2_bs_Gyorgy-KOVACS_WH_Wide_AW_5_seed_120,proposed_nsga2_bs,Gyorgy-KOVACS_WH_Wide_AW_5,120,11,auto_from_instance,12,18,4,30,216,,,,,13,10,7,root > V:17 > BH:26 > BH:5 > BH:14 > BH:25 > BH:36 > BH:47,selected,1,1.2740479679903227,True,572,220,352,507.0,1.0,1.0,True,True,1,1,0,True,1,1,0,0,True,True,0,20,7,20,7,10,PF_SS_RP,sampled_pool,,,True,0.6666666666666666,0.5,0.5,0.1,fixed,insert_random_aisle,offspring,feasible_start_adaptive_spacing,,,,feasible_start_adaptive_spacing,0.5,,True,auto_from_instance,0.75,0.35,"0,5,8,12,14,15,16,19,21,25,26,28,29,33,36,40,45,47,49,57","3,17,19,24,25,27,29",,,,,,"H[0,5,8,12,14,15,16,19,21,25,26,28,29,33,36,40,45,47,49,57]|V[3,17,19,24,25,27,29]",e59e5dd5e1537a2d164e028d12bd66f538f0cb70
proposed_nsga2_bs_Gyorgy-KOVACS_WH_Wide_AW_5_seed_120,proposed_nsga2_bs,Gyorgy-KOVACS_WH_Wide_AW_5,120,11,auto_from_instance,12,18,4,30,216,,,,,14,10,7,root > V:17 > BH:26 > BH:5 > BH:16 > BH:25 > BH:36 > BH:45,selected,2,inf,True,572,220,352,711.0,1.0,1.0,True,True,1,1,0,True,1,1,0,0,True,True,0,20,7,20,7,10,PF_SS_RP,sampled_pool,,,True,0.6666666666666666,0.5,0.5,0.1,fixed,insert_random_aisle,offspring,feasible_start_adaptive_spacing,,,,feasible_start_adaptive_spacing,0.5,,True,auto_from_instance,0.75,0.35,"0,5,8,12,14,15,16,19,21,25,26,28,29,33,36,40,45,47,49,57","3,17,19,24,25,27,29",,,,,,"H[0,5,8,12,14,15,16,19,21,25,26,28,29,33,36,40,45,47,49,57]|V[3,17,19,24,25,27,29]",854ec9b997ec508dda6ea9e399147d7a4b626ba8
proposed_nsga2_bs_Gyorgy-KOVACS_WH_Wide_AW_5_seed_120,proposed_nsga2_bs,Gyorgy-KOVACS_WH_Wide_AW_5,120,11,auto_from_instance,12,18,4,30,216,,,,,15,10,7,root > V:17 > BH:26 > BH:5 > BH:14 > BH:25 > BH:36 > BH:45,evaluated,2,inf,False,572,220,352,711.0,1.0,1.0,True,True,1,1,0,True,1,1,0,0,True,True,0,20,7,20,7,10,PF_SS_RP,sampled_pool,,,True,0.6666666666666666,0.5,0.5,0.1,fixed,insert_random_aisle,offspring,feasible_start_adaptive_spacing,,,,feasible_start_adaptive_spacing,0.5,,True,auto_from_instance,0.75,0.35,"0,5,8,12,14,15,16,19,21,25,26,28,29,33,36,40,45,47,49,57","3,17,19,24,25,27,29",,,,,,"H[0,5,8,12,14,15,16,19,21,25,26,28,29,33,36,40,45,47,49,57]|V[3,17,19,24,25,27,29]",ef95c5265d039c602cc7246bb99c122e90a60068
proposed_nsga2_bs_Gyorgy-KOVACS_WH_Wide_AW_5_seed_120,proposed_nsga2_bs,Gyorgy-KOVACS_WH_Wide_AW_5,120,12,auto_from_instance,12,18,4,30,216,,,,,1,1,6,root > V:19 > BH:26 > BH:5 > BH:16 > BH:29 > BH:44,evaluated,5,inf,False,662,179,483,1074.0,1.0,1.0,True,True,1,1,0,True,1,1,0,0,True,True,0,18,13,18,13,1,SS_PF_LS,sampled_pool,,,True,0.7222222222222222,0.5,0.5,0.1,fixed,swap_segments,offspring,feasible_start_adaptive_spacing,,,,feasible_start_adaptive_spacing,0.5,,True,auto_from_instance,0.75,0.35,"0,5,12,14,16,19,25,26,28,31,35,36,40,45,49,57","3,4,9,11,12,14,17,19,24,25,27,30,31",,,,,,"H[0,5,12,14,16,19,25,26,28,29,31,35,36,40,44,45,49,57]|V[3,4,9,11,12,14,17,19,24,25,27,30,31]",9611f3f642c06fb0868eb707d4be9b5328b03a30
proposed_nsga2_bs_Gyorgy-KOVACS_WH_Wide_AW_5_seed_120,proposed_nsga2_bs,Gyorgy-KOVACS_WH_Wide_AW_5,120,12,auto_from_instance,12,18,4,30,216,,,,,2,1,6,root > V:19 > BH:26 > BH:47 > BH:37 > BH:23 > BH:9,evaluated,6,inf,False,662,179,483,1214.0,1.0,1.0,True,True,1,1,0,True,1,1,0,0,True,True,0,20,13,20,13,1,SS_PF_LS,sampled_pool,,,True,0.7222222222222222,0.5,0.5,0.1,fixed,swap_segments,offspring,feasible_start_adaptive_spacing,,,,feasible_start_adaptive_spacing,0.5,,True,auto_from_instance,0.75,0.35,"0,5,12,14,16,19,25,26,28,31,35,36,40,45,49,57","3,4,9,11,12,14,17,19,24,25,27,30,31",,,,,,"H[0,5,9,12,14,16,19,23,25,26,28,31,35,36,37,40,45,47,49,57]|V[3,4,9,11,12,14,17,19,24,25,27,30,31]",627c2cc4912123f4d0addbc30fac72342d05eacd
proposed_nsga2_bs_Gyorgy-KOVACS_WH_Wide_AW_5_seed_120,proposed_nsga2_bs,Gyorgy-KOVACS_WH_Wide_AW_5,120,12,auto_from_instance,12,18,4,30,216,,,,,3,1,6,root > V:19 > BH:26 > BH:47 > BH:35 > BH:23 > BH:9,evaluated,6,inf,False,662,178,484,1194.0,1.0,1.0,True,True,1,1,0,True,1,1,0,0,True,True,0,19,13,19,13,1,SS_PF_LS,sampled_pool,,,True,0.7222222222222222,0.5,0.5,0.1,fixed,swap_segments,offspring,feasible_start_adaptive_spacing,,,,feasible_start_adaptive_spacing,0.5,,True,auto_from_instance,0.75,0.35,"0,5,12,14,16,19,25,26,28,31,35,36,40,45,49,57","3,4,9,11,12,14,17,19,24,25,27,30,31",,,,,,"H[0,5,9,12,14,16,19,23,25,26,28,31,35,36,40,45,47,49,57]|V[3,4,9,11,12,14,17,19,24,25,27,30,31]",897092111e4d642b83b355f9b7d25178527841b5
proposed_nsga2_bs_Gyorgy-KOVACS_WH_Wide_AW_5_seed_120,proposed_nsga2_bs,Gyorgy-KOVACS_WH_Wide_AW_5,120,12,auto_from_instance,12,18,4,30,216,,,,,4,1,6,root > V:19 > BH:26 > BH:5 > BH:16 > BH:27 > BH:42,selected,4,inf,True,662,180,482,1344.0,1.0,1.0,True,True,1,1,0,True,1,1,0,0,True,True,0,18,13,18,13,1,SS_PF_LS,sampled_pool,,,True,0.7222222222222222,0.5,0.5,0.1,fixed,swap_segments,offspring,feasible_start_adaptive_spacing,,,,feasible_start_adaptive_spacing,0.5,,True,auto_from_instance,0.75,0.35,"0,5,12,14,16,19,25,26,28,31,35,36,40,45,49,57","3,4,9,11,12,14,17,19,24,25,27,30,31",,,,,,"H[0,5,12,14,16,19,25,26,27,28,31,35,36,40,42,45,49,57]|V[3,4,9,11,12,14,17,19,24,25,27,30,31]",7238358575d4f99aab2071aba99efb132f230a83
proposed_nsga2_bs_Gyorgy-KOVACS_WH_Wide_AW_5_seed_120,proposed_nsga2_bs,Gyorgy-KOVACS_WH_Wide_AW_5,120,12,auto_from_instance,12,18,4,30,216,,,,,5,2,8,root > V:15 > BH:26 > BH:7 > BH:16 > BH:25 > BH:36 > BH:45 > BV:24,selected,1,inf,True,497,247,250,567.0,1.0,1.0,True,True,1,1,0,True,1,1,0,0,True,True,0,19,13,19,13,2,LS_PF,sampled_pool,,,False,0.7222222222222222,0.5,0.5,0.1,fixed,insert_random_aisle,offspring,feasible_start_adaptive_spacing,,,,feasible_start_adaptive_spacing,0.5,,True,auto_from_instance,0.75,0.35,"0,5,8,12,14,15,16,19,25,26,27,29,33,36,45,47,49,56","4,9,11,15,17,19,20,23,24,25,27,29,31",,,,,,"H[0,5,7,8,12,14,15,16,19,25,26,27,29,33,36,45,47,49,56]|V[4,9,11,15,17,19,20,23,24,25,27,29,31]",bad25caaf4e753481b1b798360caa6634ad939f7
proposed_nsga2_bs_Gyorgy-KOVACS_WH_Wide_AW_5_seed_120,proposed_nsga2_bs,Gyorgy-KOVACS_WH_Wide_AW_5,120,12,auto_from_instance,12,18,4,30,216,,,,,6,2,8,root > V:15 > BH:26 > BH:5 > BH:16 > BH:25 > BH:36 > BH:45 > BV:24,selected,0,inf,True,497,247,250,385.0,1.0,1.0,True,True,1,1,0,True,1,1,0,0,True,True,0,18,13,18,13,2,LS_PF,sampled_pool,,,False,0.7222222222222222,0.5,0.5,0.1,fixed,insert_random_aisle,offspring,feasible_start_adaptive_spacing,,,,feasible_start_adaptive_spacing,0.5,,True,auto_from_instance,0.75,0.35,"0,5,8,12,14,15,16,19,25,26,27,29,33,36,45,47,49,56","4,9,11,15,17,19,20,23,24,25,27,29,31",,,,,,"H[0,5,8,12,14,15,16,19,25,26,27,29,33,36,45,47,49,56]|V[4,9,11,15,17,19,20,23,24,25,27,29,31]",416c9c0e4f9e06143d78fee04cbc7a8d1c4800ad
proposed_nsga2_bs_Gyorgy-KOVACS_WH_Wide_AW_5_seed_120,proposed_nsga2_bs,Gyorgy-KOVACS_WH_Wide_AW_5,120,12,auto_from_instance,12,18,4,30,216,,,,,7,3,8,root > V:15 > BH:26 > BH:5 > BH:14 > BH:25 > BH:36 > BH:45 > BV:24,selected,0,inf,True,497,247,250,385.0,1.0,1.0,True,True,1,1,0,True,1,1,0,0,True,True,0,19,12,19,12,3,LS_RP,sampled_pool,,,False,0.7222222222222222,0.5,0.5,0.1,fixed,spacing_aware_flip,offspring,feasible_start_adaptive_spacing,,,,feasible_start_adaptive_spacing,0.5,,True,auto_from_instance,0.75,0.35,"0,5,12,14,15,19,25,26,28,31,34,36,40,47,48,50,53,57","4,9,11,15,16,17,19,25,27,29,34",,,,,,"H[0,5,12,14,15,19,25,26,28,31,34,36,40,45,47,48,50,53,57]|V[4,9,11,15,16,17,19,24,25,27,29,34]",4f5b467192e7c6ce4bc3fd69bf3ce13c31bd8ba0
proposed_nsga2_bs_Gyorgy-KOVACS_WH_Wide_AW_5_seed_120,proposed_nsga2_bs,Gyorgy-KOVACS_WH_Wide_AW_5,120,12,auto_from_instance,12,18,4,30,216,,,,,8,4,9,root > V:20 > BH:26 > BH:47 > BH:37 > BH:23 > BH:9 > BV:29 > BV:29 > BV:29,evaluated,4,inf,False,547,179,368,665.0,1.0,1.0,True,True,1,1,0,True,1,1,0,0,True,True,0,19,9,19,9,4,SS,sampled_pool,,,True,0.7222222222222222,0.5,0.5,0.1,fixed,bit_flip,offspring,feasible_start_adaptive_spacing,,,,feasible_start_adaptive_spacing,0.5,,True,auto_from_instance,0.75,0.35,"0,5,8,12,14,15,16,19,23,25,26,35,36,45,47,49,56","3,16,17,19,20,24,25,27,29",,,,,,"H[0,5,8,9,12,14,15,16,19,23,25,26,35,36,37,45,47,49,56]|V[3,16,17,19,20,24,25,27,29]",d20b69141ff95aa36665c177bcb650e2a0a718fe
proposed_nsga2_bs_Gyorgy-KOVACS_WH_Wide_AW_5_seed_120,proposed_nsga2_bs,Gyorgy-KOVACS_WH_Wide_AW_5,120,12,auto_from_instance,12,18,4,30,216,,,,,9,5,4,root > V:27 > BH:26 > BV:17 > BV:17,selected,0,inf,True,567,256,311,311.0,1.0,1.0,True,True,1,1,0,True,1,1,0,0,True,True,0,18,8,18,8,5,SS_LS_PF,sampled_pool,,,True,0.7222222222222222,0.5,0.5,0.1,fixed,insert_random_aisle,offspring,feasible_start_adaptive_spacing,,,,feasible_start_adaptive_spacing,0.5,,True,auto_from_instance,0.75,0.35,"0,5,8,12,14,15,16,19,25,26,28,33,35,36,45,47,49,56","3,7,16,17,24,25,27,29",,,,,,"H[0,5,8,12,14,15,16,19,25,26,28,33,35,36,45,47,49,56]|V[3,7,16,17,24,25,27,29]",a8708aef2b1e3127a45cd25328e7b01fe876ac67
proposed_nsga2_bs_Gyorgy-KOVACS_WH_Wide_AW_5_seed_120,proposed_nsga2_bs,Gyorgy-KOVACS_WH_Wide_AW_5,120,12,auto_from_instance,12,18,4,30,216,,,,,10,5,4,root > V:29 > BH:26 > BV:19 > BV:19,selected,1,inf,True,557,202,355,408.0,1.0,1.0,True,True,1,1,0,True,1,1,0,0,True,True,0,18,9,18,9,5,SS_LS_PF,sampled_pool,,,True,0.7222222222222222,0.5,0.5,0.1,fixed,insert_random_aisle,offspring,feasible_start_adaptive_spacing,,,,feasible_start_adaptive_spacing,0.5,,True,auto_from_instance,0.75,0.35,"0,5,8,12,14,15,16,19,25,26,28,33,35,36,45,47,49,56","3,7,16,17,24,25,27,29",,,,,,"H[0,5,8,12,14,15,16,19,25,26,28,33,35,36,45,47,49,56]|V[3,7,16,17,19,24,25,27,29]",225a083d40a70add6d49c842c1ea1b7da9e91627
proposed_nsga2_bs_Gyorgy-KOVACS_WH_Wide_AW_5_seed_120,proposed_nsga2_bs,Gyorgy-KOVACS_WH_Wide_AW_5,120,12,auto_from_instance,12,18,4,30,216,,,,,11,5,4,root > V:29 > BH:26 > BV:19 > BV:17,selected,2,inf,True,557,202,355,458.0,1.0,1.0,True,True,1,1,0,True,1,1,0,0,True,True,0,18,9,18,9,5,SS_LS_PF,sampled_pool,,,True,0.7222222222222222,0.5,0.5,0.1,fixed,insert_random_aisle,offspring,feasible_start_adaptive_spacing,,,,feasible_start_adaptive_spacing,0.5,,True,auto_from_instance,0.75,0.35,"0,5,8,12,14,15,16,19,25,26,28,33,35,36,45,47,49,56","3,7,16,17,24,25,27,29",,,,,,"H[0,5,8,12,14,15,16,19,25,26,28,33,35,36,45,47,49,56]|V[3,7,16,17,19,24,25,27,29]",f590e28c4ca08f01adba87c9244bc357b1edb9bd
proposed_nsga2_bs_Gyorgy-KOVACS_WH_Wide_AW_5_seed_120,proposed_nsga2_bs,Gyorgy-KOVACS_WH_Wide_AW_5,120,12,auto_from_instance,12,18,4,30,216,,,,,12,5,4,root > V:29 > BH:26 > BV:19 > BV:17,selected,3,inf,True,557,202,355,460.0,1.0,1.0,True,True,1,1,0,True,1,1,0,0,True,True,0,18,9,18,9,5,SS_LS_PF,sampled_pool,,,True,0.7222222222222222,0.5,0.5,0.1,fixed,insert_random_aisle,offspring,feasible_start_adaptive_spacing,,,,feasible_start_adaptive_spacing,0.5,,True,auto_from_instance,0.75,0.35,"0,5,8,12,14,15,16,19,25,26,28,33,35,36,45,47,49,56","3,7,16,17,24,25,27,29",,,,,,"H[0,5,8,12,14,15,16,19,25,26,28,33,35,36,45,47,49,56]|V[3,7,16,17,19,24,25,27,29]",0ccd7482bc13afbeac630bd0faf7012fe4b70f5c
proposed_nsga2_bs_Gyorgy-KOVACS_WH_Wide_AW_5_seed_120,proposed_nsga2_bs,Gyorgy-KOVACS_WH_Wide_AW_5,120,12,auto_from_instance,12,18,4,30,216,,,,,13,7,8,root > V:16 > BH:26 > BH:5 > BH:16 > BH:27 > BH:36 > BH:45 > BV:25,selected,0,1.745680106335844,True,517,238,279,368.0,1.0,1.0,True,True,1,1,0,True,1,1,0,0,True,True,0,22,7,22,7,7,PF_SS,sampled_pool,,,True,0.7222222222222222,0.5,0.5,0.1,fixed,break_symmetry,offspring,feasible_start_adaptive_spacing,,,,feasible_start_adaptive_spacing,0.5,,True,auto_from_instance,0.75,0.35,"0,5,12,14,15,19,22,25,26,27,29,33,35,36,40,47,48,50,53,57","3,16,17,24,25,27,29",,,,,,"H[0,5,12,14,15,16,19,22,25,26,27,29,33,35,36,40,45,47,48,50,53,57]|V[3,16,17,24,25,27,29]",015ee1c8318bbe65f9d75b3878c91b9d7be2a076
proposed_nsga2_bs_Gyorgy-KOVACS_WH_Wide_AW_5_seed_120,proposed_nsga2_bs,Gyorgy-KOVACS_WH_Wide_AW_5,120,12,auto_from_instance,12,18,4,30,216,,,,,14,7,8,root > V:16 > BH:26 > BH:5 > BH:16 > BH:27 > BH:36 > BH:45 > BV:29,selected,2,inf,True,517,225,292,586.0,1.0,1.0,True,True,1,1,0,True,1,1,0,0,True,True,0,22,7,22,7,7,PF_SS,sampled_pool,,,True,0.7222222222222222,0.5,0.5,0.1,fixed,break_symmetry,offspring,feasible_start_adaptive_spacing,,,,feasible_start_adaptive_spacing,0.5,,True,auto_from_instance,0.75,0.35,"0,5,12,14,15,19,22,25,26,27,29,33,35,36,40,47,48,50,53,57","3,16,17,24,25,27,29",,,,,,"H[0,5,12,14,15,16,19,22,25,26,27,29,33,35,36,40,45,47,48,50,53,57]|V[3,16,17,24,25,27,29]",ed71c8d546062d956359fd31a02e14699e745412
proposed_nsga2_bs_Gyorgy-KOVACS_WH_Wide_AW_5_seed_120,proposed_nsga2_bs,Gyorgy-KOVACS_WH_Wide_AW_5,120,12,auto_from_instance,12,18,4,30,216,,,,,15,11,8,root > V:16 > BH:26 > BH:5 > BH:16 > BH:25 > BH:36 > BH:45 > BV:25,selected,0,inf,True,517,238,279,368.0,1.0,1.0,True,True,1,1,0,True,1,1,0,0,True,True,0,19,8,19,8,11,PF,sampled_pool,,,False,0.7222222222222222,0.5,0.5,0.1,fixed,bit_flip,offspring,feasible_start_adaptive_spacing,,,,feasible_start_adaptive_spacing,0.5,,True,auto_from_instance,0.75,0.35,"0,5,12,14,15,19,25,26,27,29,33,35,36,45,47,49,56,57","2,3,16,17,24,25,27,29",,,,,,"H[0,5,12,14,15,16,19,25,26,27,29,33,35,36,45,47,49,56,57]|V[2,3,16,17,24,25,27,29]",559a078c3ea143504613077c561cb3124d66b767
proposed_nsga2_bs_Gyorgy-KOVACS_WH_Wide_AW_5_seed_120,proposed_nsga2_bs,Gyorgy-KOVACS_WH_Wide_AW_5,120,12,auto_from_instance,12,18,4,30,216,,,,,16,11,8,root > V:16 > BH:26 > BH:5 > BH:16 > BH:25 > BH:36 > BH:45 > BV:29,selected,2,inf,True,517,225,292,586.0,1.0,1.0,True,True,1,1,0,True,1,1,0,0,True,True,0,19,8,19,8,11,PF,sampled_pool,,,False,0.7222222222222222,0.5,0.5,0.1,fixed,bit_flip,offspring,feasible_start_adaptive_spacing,,,,feasible_start_adaptive_spacing,0.5,,True,auto_from_instance,0.75,0.35,"0,5,12,14,15,19,25,26,27,29,33,35,36,45,47,49,56,57","2,3,16,17,24,25,27,29",,,,,,"H[0,5,12,14,15,16,19,25,26,27,29,33,35,36,45,47,49,56,57]|V[2,3,16,17,24,25,27,29]",13a8831f3352523fe53b9477eb693b985fdfc37c
proposed_nsga2_bs_Gyorgy-KOVACS_WH_Wide_AW_5_seed_120,proposed_nsga2_bs,Gyorgy-KOVACS_WH_Wide_AW_5,120,13,auto_from_instance,12,18,4,30,216,,,,,1,1,8,root > V:16 > BH:26 > BH:5 > BH:16 > BH:27 > BH:36 > BH:45 > BV:25,selected,0,1.745680106335844,True,517,238,279,368.0,1.0,1.0,True,True,1,1,0,True,1,1,0,0,True,True,0,18,9,18,9,1,LS_PF,sampled_pool,,,False,0.7777777777777778,0.5,0.5,0.1,fixed,spacing_aware_flip,offspring,feasible_start_adaptive_spacing,,,,feasible_start_adaptive_spacing,0.5,,True,auto_from_instance,0.75,0.35,"0,5,8,12,14,15,16,19,25,26,27,29,33,36,45,47,49,56","3,10,16,17,19,24,25,27,29",,,,,,"H[0,5,8,12,14,15,16,19,25,26,27,29,33,36,45,47,49,56]|V[3,10,16,17,19,24,25,27,29]",015ee1c8318bbe65f9d75b3878c91b9d7be2a076
proposed_nsga2_bs_Gyorgy-KOVACS_WH_Wide_AW_5_seed_120,proposed_nsga2_bs,Gyorgy-KOVACS_WH_Wide_AW_5,120,13,auto_from_instance,12,18,4,30,216,,,,,2,1,8,root > V:16 > BH:26 > BH:5 > BH:16 > BH:25 > BH:36 > BH:45 > BV:25,selected,0,inf,True,517,238,279,368.0,1.0,1.0,True,True,1,1,0,True,1,1,0,0,True,True,0,18,9,18,9,1,LS_PF,sampled_pool,,,False,0.7777777777777778,0.5,0.5,0.1,fixed,spacing_aware_flip,offspring,feasible_start_adaptive_spacing,,,,feasible_start_adaptive_spacing,0.5,,True,auto_from_instance,0.75,0.35,"0,5,8,12,14,15,16,19,25,26,27,29,33,36,45,47,49,56","3,10,16,17,19,24,25,27,29",,,,,,"H[0,5,8,12,14,15,16,19,25,26,27,29,33,36,45,47,49,56]|V[3,10,16,17,19,24,25,27,29]",559a078c3ea143504613077c561cb3124d66b767
proposed_nsga2_bs_Gyorgy-KOVACS_WH_Wide_AW_5_seed_120,proposed_nsga2_bs,Gyorgy-KOVACS_WH_Wide_AW_5,120,13,auto_from_instance,12,18,4,30,216,,,,,3,1,8,root > V:16 > BH:26 > BH:5 > BH:16 > BH:27 > BH:36 > BH:45 > BV:29,selected,1,inf,True,517,225,292,586.0,1.0,1.0,True,True,1,1,0,True,1,1,0,0,True,True,0,18,9,18,9,1,LS_PF,sampled_pool,,,False,0.7777777777777778,0.5,0.5,0.1,fixed,spacing_aware_flip,offspring,feasible_start_adaptive_spacing,,,,feasible_start_adaptive_spacing,0.5,,True,auto_from_instance,0.75,0.35,"0,5,8,12,14,15,16,19,25,26,27,29,33,36,45,47,49,56","3,10,16,17,19,24,25,27,29",,,,,,"H[0,5,8,12,14,15,16,19,25,26,27,29,33,36,45,47,49,56]|V[3,10,16,17,19,24,25,27,29]",ed71c8d546062d956359fd31a02e14699e745412
proposed_nsga2_bs_Gyorgy-KOVACS_WH_Wide_AW_5_seed_120,proposed_nsga2_bs,Gyorgy-KOVACS_WH_Wide_AW_5,120,13,auto_from_instance,12,18,4,30,216,,,,,4,1,8,root > V:16 > BH:26 > BH:5 > BH:16 > BH:25 > BH:36 > BH:45 > BV:29,selected,1,inf,True,517,225,292,586.0,1.0,1.0,True,True,1,1,0,True,1,1,0,0,True,True,0,18,9,18,9,1,LS_PF,sampled_pool,,,False,0.7777777777777778,0.5,0.5,0.1,fixed,spacing_aware_flip,offspring,feasible_start_adaptive_spacing,,,,feasible_start_adaptive_spacing,0.5,,True,auto_from_instance,0.75,0.35,"0,5,8,12,14,15,16,19,25,26,27,29,33,36,45,47,49,56","3,10,16,17,19,24,25,27,29",,,,,,"H[0,5,8,12,14,15,16,19,25,26,27,29,33,36,45,47,49,56]|V[3,10,16,17,19,24,25,27,29]",13a8831f3352523fe53b9477eb693b985fdfc37c
proposed_nsga2_bs_Gyorgy-KOVACS_WH_Wide_AW_5_seed_120,proposed_nsga2_bs,Gyorgy-KOVACS_WH_Wide_AW_5,120,13,auto_from_instance,12,18,4,30,216,,,,,5,2,9,root > V:20 > BH:26 > BH:47 > BH:37 > BH:23 > BH:9 > BV:29 > BV:29 > BV:29,evaluated,5,inf,False,547,179,368,665.0,1.0,1.0,True,True,1,1,0,True,1,1,0,0,True,True,0,22,14,22,14,2,SS_LS_PF,sampled_pool,,,True,0.7777777777777778,0.5,0.5,0.1,fixed,spacing_aware_flip,offspring,feasible_start_adaptive_spacing,,,,feasible_start_adaptive_spacing,0.5,,True,auto_from_instance,0.75,0.35,"0,5,8,12,14,15,16,19,25,26,28,33,35,36,45,47,49,52,56","4,7,9,11,15,17,19,20,23,24,25,27,29,31",,,,,,"H[0,5,8,9,12,14,15,16,19,23,25,26,28,33,35,36,37,45,47,49,52,56]|V[4,7,9,11,15,17,19,20,23,24,25,27,29,31]",d20b69141ff95aa36665c177bcb650e2a0a718fe
proposed_nsga2_bs_Gyorgy-KOVACS_WH_Wide_AW_5_seed_120,proposed_nsga2_bs,Gyorgy-KOVACS_WH_Wide_AW_5,120,13,auto_from_instance,12,18,4,30,216,,,,,6,3,4,root > V:27 > BH:26 > BV:17 > BV:17,selected,0,inf,True,567,256,311,311.0,1.0,1.0,True,True,1,1,0,True,1,1,0,0,True,True,0,17,8,17,8,3,LS_SS,sampled_pool,,,True,0.7777777777777778,0.5,0.5,0.1,fixed,remove_random_aisle,offspring,feasible_start_adaptive_spacing,,,,feasible_start_adaptive_spacing,0.5,,True,auto_from_instance,0.75,0.35,"0,5,8,12,14,15,16,19,25,26,27,29,33,36,45,49,56","7,16,17,24,25,27,29,31",,,,,,"H[0,5,8,12,14,15,16,19,25,26,27,29,33,36,45,49,56]|V[7,16,17,24,25,27,29,31]",a8708aef2b1e3127a45cd25328e7b01fe876ac67
proposed_nsga2_bs_Gyorgy-KOVACS_WH_Wide_AW_5_seed_120,proposed_nsga2_bs,Gyorgy-KOVACS_WH_Wide_AW_5,120,13,auto_from_instance,12,18,4,30,216,,,,,7,3,4,root > V:29 > BH:26 > BV:19 > BV:19,selected,1,inf,True,557,202,355,408.0,1.0,1.0,True,True,1,1,0,True,1,1,0,0,True,True,0,17,9,17,9,3,LS_SS,sampled_pool,,,True,0.7777777777777778,0.5,0.5,0.1,fixed,remove_random_aisle,offspring,feasible_start_adaptive_spacing,,,,feasible_start_adaptive_spacing,0.5,,True,auto_from_instance,0.75,0.35,"0,5,8,12,14,15,16,19,25,26,27,29,33,36,45,49,56","7,16,17,24,25,27,29,31",,,,,,"H[0,5,8,12,14,15,16,19,25,26,27,29,33,36,45,49,56]|V[7,16,17,19,24,25,27,29,31]",225a083d40a70add6d49c842c1ea1b7da9e91627
proposed_nsga2_bs_Gyorgy-KOVACS_WH_Wide_AW_5_seed_120,proposed_nsga2_bs,Gyorgy-KOVACS_WH_Wide_AW_5,120,13,auto_from_instance,12,18,4,30,216,,,,,8,3,4,root > V:29 > BH:26 > BV:19 > BV:17,selected,2,inf,True,557,202,355,458.0,1.0,1.0,True,True,1,1,0,True,1,1,0,0,True,True,0,17,9,17,9,3,LS_SS,sampled_pool,,,True,0.7777777777777778,0.5,0.5,0.1,fixed,remove_random_aisle,offspring,feasible_start_adaptive_spacing,,,,feasible_start_adaptive_spacing,0.5,,True,auto_from_instance,0.75,0.35,"0,5,8,12,14,15,16,19,25,26,27,29,33,36,45,49,56","7,16,17,24,25,27,29,31",,,,,,"H[0,5,8,12,14,15,16,19,25,26,27,29,33,36,45,49,56]|V[7,16,17,19,24,25,27,29,31]",f590e28c4ca08f01adba87c9244bc357b1edb9bd
proposed_nsga2_bs_Gyorgy-KOVACS_WH_Wide_AW_5_seed_120,proposed_nsga2_bs,Gyorgy-KOVACS_WH_Wide_AW_5,120,13,auto_from_instance,12,18,4,30,216,,,,,9,3,4,root > V:29 > BH:26 > BV:17 > BV:19,evaluated,3,inf,False,557,202,355,460.0,1.0,1.0,True,True,1,1,0,True,1,1,0,0,True,True,0,17,9,17,9,3,LS_SS,sampled_pool,,,True,0.7777777777777778,0.5,0.5,0.1,fixed,remove_random_aisle,offspring,feasible_start_adaptive_spacing,,,,feasible_start_adaptive_spacing,0.5,,True,auto_from_instance,0.75,0.35,"0,5,8,12,14,15,16,19,25,26,27,29,33,36,45,49,56","7,16,17,24,25,27,29,31",,,,,,"H[0,5,8,12,14,15,16,19,25,26,27,29,33,36,45,49,56]|V[7,16,17,19,24,25,27,29,31]",0ccd7482bc13afbeac630bd0faf7012fe4b70f5c
proposed_nsga2_bs_Gyorgy-KOVACS_WH_Wide_AW_5_seed_120,proposed_nsga2_bs,Gyorgy-KOVACS_WH_Wide_AW_5,120,13,auto_from_instance,12,18,4,30,216,,,,,10,7,8,root > V:15 > BH:26 > BH:5 > BH:16 > BH:27 > BH:36 > BH:45 > BV:24,selected,0,inf,True,497,247,250,385.0,1.0,1.0,True,True,1,1,0,True,1,1,0,0,True,True,0,19,12,19,12,7,PF_LS_RP,sampled_pool,,,False,0.7777777777777778,0.5,0.5,0.1,fixed,spacing_aware_flip,offspring,feasible_start_adaptive_spacing,,,,feasible_start_adaptive_spacing,0.5,,True,auto_from_instance,0.75,0.35,"0,5,12,14,15,19,25,26,28,33,35,36,45,47,49,56,57","2,3,9,11,15,16,17,24,25,27,29,34",,,,,,"H[0,5,12,14,15,16,19,25,26,27,28,33,35,36,45,47,49,56,57]|V[2,3,9,11,15,16,17,24,25,27,29,34]",9367037dc0304e9a893380cb68f03b46b0c6f55b
proposed_nsga2_bs_Gyorgy-KOVACS_WH_Wide_AW_5_seed_120,proposed_nsga2_bs,Gyorgy-KOVACS_WH_Wide_AW_5,120,13,auto_from_instance,12,18,4,30,216,,,,,11,8,4,root > V:29 > BH:26 > BV:17 > BV:17,evaluated,4,inf,False,557,202,355,510.0,1.0,1.0,True,True,1,1,0,True,1,1,0,0,True,True,0,21,8,21,8,8,LS_PF,sampled_pool,,,False,0.7777777777777778,0.5,0.5,0.1,fixed,bit_flip,offspring,feasible_start_adaptive_spacing,,,,feasible_start_adaptive_spacing,0.5,,True,auto_from_instance,0.75,0.35,"0,5,12,14,15,16,19,25,26,27,29,31,34,36,40,45,47,48,50,53,57","4,16,17,19,24,25,29,34",,,,,,"H[0,5,12,14,15,16,19,25,26,27,29,31,34,36,40,45,47,48,50,53,57]|V[4,16,17,19,24,25,29,34]",01a64afdd46edf4dc6b60538f107b837ec4162f0
proposed_nsga2_bs_Gyorgy-KOVACS_WH_Wide_AW_5_seed_120,proposed_nsga2_bs,Gyorgy-KOVACS_WH_Wide_AW_5,120,13,auto_from_instance,12,18,4,30,216,,,,,12,9,7,root > V:17 > BH:26 > BH:5 > BH:16 > BH:25 > BH:36 > BH:47,selected,1,1.7259520320096775,True,572,220,352,507.0,1.0,1.0,True,True,1,1,0,True,1,1,0,0,True,True,0,19,10,19,10,9,PF_LS_RP,sampled_pool,,,False,0.7777777777777778,0.5,0.5,0.1,fixed,remove_random_aisle,offspring,feasible_start_adaptive_spacing,,,,feasible_start_adaptive_spacing,0.5,,True,auto_from_instance,0.75,0.35,"0,5,7,8,12,14,15,16,19,25,26,27,29,33,36,45,47,49,56","3,7,17,20,23,24,25,27,29,31",,,,,,"H[0,5,7,8,12,14,15,16,19,25,26,27,29,33,36,45,47,49,56]|V[3,7,17,20,23,24,25,27,29,31]",173dd91401b4b71d9f20edd9e83506be465b9528
proposed_nsga2_bs_Gyorgy-KOVACS_WH_Wide_AW_5_seed_120,proposed_nsga2_bs,Gyorgy-KOVACS_WH_Wide_AW_5,120,13,auto_from_instance,12,18,4,30,216,,,,,13,9,7,root > V:17 > BH:26 > BH:5 > BH:14 > BH:25 > BH:36 > BH:47,selected,1,1.2740479679903227,True,572,220,352,507.0,1.0,1.0,True,True,1,1,0,True,1,1,0,0,True,True,0,19,10,19,10,9,PF_LS_RP,sampled_pool,,,False,0.7777777777777778,0.5,0.5,0.1,fixed,remove_random_aisle,offspring,feasible_start_adaptive_spacing,,,,feasible_start_adaptive_spacing,0.5,,True,auto_from_instance,0.75,0.35,"0,5,7,8,12,14,15,16,19,25,26,27,29,33,36,45,47,49,56","3,7,17,20,23,24,25,27,29,31",,,,,,"H[0,5,7,8,12,14,15,16,19,25,26,27,29,33,36,45,47,49,56]|V[3,7,17,20,23,24,25,27,29,31]",e59e5dd5e1537a2d164e028d12bd66f538f0cb70
proposed_nsga2_bs_Gyorgy-KOVACS_WH_Wide_AW_5_seed_120,proposed_nsga2_bs,Gyorgy-KOVACS_WH_Wide_AW_5,120,13,auto_from_instance,12,18,4,30,216,,,,,14,9,7,root > V:17 > BH:26 > BH:5 > BH:16 > BH:25 > BH:36 > BH:45,selected,2,inf,True,572,220,352,711.0,1.0,1.0,True,True,1,1,0,True,1,1,0,0,True,True,0,19,10,19,10,9,PF_LS_RP,sampled_pool,,,False,0.7777777777777778,0.5,0.5,0.1,fixed,remove_random_aisle,offspring,feasible_start_adaptive_spacing,,,,feasible_start_adaptive_spacing,0.5,,True,auto_from_instance,0.75,0.35,"0,5,7,8,12,14,15,16,19,25,26,27,29,33,36,45,47,49,56","3,7,17,20,23,24,25,27,29,31",,,,,,"H[0,5,7,8,12,14,15,16,19,25,26,27,29,33,36,45,47,49,56]|V[3,7,17,20,23,24,25,27,29,31]",854ec9b997ec508dda6ea9e399147d7a4b626ba8
proposed_nsga2_bs_Gyorgy-KOVACS_WH_Wide_AW_5_seed_120,proposed_nsga2_bs,Gyorgy-KOVACS_WH_Wide_AW_5,120,13,auto_from_instance,12,18,4,30,216,,,,,15,9,7,root > V:17 > BH:26 > BH:5 > BH:14 > BH:25 > BH:36 > BH:45,selected,2,inf,True,572,220,352,711.0,1.0,1.0,True,True,1,1,0,True,1,1,0,0,True,True,0,19,10,19,10,9,PF_LS_RP,sampled_pool,,,False,0.7777777777777778,0.5,0.5,0.1,fixed,remove_random_aisle,offspring,feasible_start_adaptive_spacing,,,,feasible_start_adaptive_spacing,0.5,,True,auto_from_instance,0.75,0.35,"0,5,7,8,12,14,15,16,19,25,26,27,29,33,36,45,47,49,56","3,7,17,20,23,24,25,27,29,31",,,,,,"H[0,5,7,8,12,14,15,16,19,25,26,27,29,33,36,45,47,49,56]|V[3,7,17,20,23,24,25,27,29,31]",ef95c5265d039c602cc7246bb99c122e90a60068
proposed_nsga2_bs_Gyorgy-KOVACS_WH_Wide_AW_5_seed_120,proposed_nsga2_bs,Gyorgy-KOVACS_WH_Wide_AW_5,120,14,auto_from_instance,12,18,4,30,216,,,,,1,1,4,root > V:27 > BH:26 > BV:17 > BV:17,selected,0,inf,True,567,256,311,311.0,1.0,1.0,True,True,1,1,0,True,1,1,0,0,True,True,0,18,10,18,10,1,LS_PF,sampled_pool,,,False,0.8333333333333334,0.5,0.5,0.1,fixed,bit_flip,offspring,feasible_start_adaptive_spacing,,,,feasible_start_adaptive_spacing,0.5,,True,auto_from_instance,0.75,0.35,"0,5,8,12,14,15,16,19,25,26,27,29,33,36,45,47,49,56","1,7,17,20,23,24,25,27,29,31",,,,,,"H[0,5,8,12,14,15,16,19,25,26,27,29,33,36,45,47,49,56]|V[1,7,17,20,23,24,25,27,29,31]",a8708aef2b1e3127a45cd25328e7b01fe876ac67
proposed_nsga2_bs_Gyorgy-KOVACS_WH_Wide_AW_5_seed_120,proposed_nsga2_bs,Gyorgy-KOVACS_WH_Wide_AW_5,120,14,auto_from_instance,12,18,4,30,216,,,,,2,1,4,root > V:29 > BH:26 > BV:19 > BV:19,selected,1,inf,True,557,202,355,408.0,1.0,1.0,True,True,1,1,0,True,1,1,0,0,True,True,0,18,11,18,11,1,LS_PF,sampled_pool,,,False,0.8333333333333334,0.5,0.5,0.1,fixed,bit_flip,offspring,feasible_start_adaptive_spacing,,,,feasible_start_adaptive_spacing,0.5,,True,auto_from_instance,0.75,0.35,"0,5,8,12,14,15,16,19,25,26,27,29,33,36,45,47,49,56","1,7,17,20,23,24,25,27,29,31",,,,,,"H[0,5,8,12,14,15,16,19,25,26,27,29,33,36,45,47,49,56]|V[1,7,17,19,20,23,24,25,27,29,31]",225a083d40a70add6d49c842c1ea1b7da9e91627
proposed_nsga2_bs_Gyorgy-KOVACS_WH_Wide_AW_5_seed_120,proposed_nsga2_bs,Gyorgy-KOVACS_WH_Wide_AW_5,120,14,auto_from_instance,12,18,4,30,216,,,,,3,1,4,root > V:29 > BH:26 > BV:17 > BV:19,evaluated,3,inf,False,557,202,355,460.0,1.0,1.0,True,True,1,1,0,True,1,1,0,0,True,True,0,18,11,18,11,1,LS_PF,sampled_pool,,,False,0.8333333333333334,0.5,0.5,0.1,fixed,bit_flip,offspring,feasible_start_adaptive_spacing,,,,feasible_start_adaptive_spacing,0.5,,True,auto_from_instance,0.75,0.35,"0,5,8,12,14,15,16,19,25,26,27,29,33,36,45,47,49,56","1,7,17,20,23,24,25,27,29,31",,,,,,"H[0,5,8,12,14,15,16,19,25,26,27,29,33,36,45,47,49,56]|V[1,7,17,19,20,23,24,25,27,29,31]",0ccd7482bc13afbeac630bd0faf7012fe4b70f5c
proposed_nsga2_bs_Gyorgy-KOVACS_WH_Wide_AW_5_seed_120,proposed_nsga2_bs,Gyorgy-KOVACS_WH_Wide_AW_5,120,14,auto_from_instance,12,18,4,30,216,,,,,4,1,4,root > V:29 > BH:26 > BV:19 > BV:17,selected,2,inf,True,557,202,355,458.0,1.0,1.0,True,True,1,1,0,True,1,1,0,0,True,True,0,18,11,18,11,1,LS_PF,sampled_pool,,,False,0.8333333333333334,0.5,0.5,0.1,fixed,bit_flip,offspring,feasible_start_adaptive_spacing,,,,feasible_start_adaptive_spacing,0.5,,True,auto_from_instance,0.75,0.35,"0,5,8,12,14,15,16,19,25,26,27,29,33,36,45,47,49,56","1,7,17,20,23,24,25,27,29,31",,,,,,"H[0,5,8,12,14,15,16,19,25,26,27,29,33,36,45,47,49,56]|V[1,7,17,19,20,23,24,25,27,29,31]",f590e28c4ca08f01adba87c9244bc357b1edb9bd
proposed_nsga2_bs_Gyorgy-KOVACS_WH_Wide_AW_5_seed_120,proposed_nsga2_bs,Gyorgy-KOVACS_WH_Wide_AW_5,120,14,auto_from_instance,12,18,4,30,216,,,,,5,2,8,root > V:16 > BH:26 > BH:5 > BH:16 > BH:27 > BH:36 > BH:45 > BV:25,selected,0,1.745680106335844,True,517,238,279,368.0,1.0,1.0,True,True,1,1,0,True,1,1,0,0,True,True,0,18,11,18,11,2,PF_LS_RP,sampled_pool,,,False,0.8333333333333334,0.5,0.5,0.1,fixed,spacing_aware_flip,offspring,feasible_start_adaptive_spacing,,,,feasible_start_adaptive_spacing,0.5,,True,auto_from_instance,0.75,0.35,"0,5,7,8,12,14,15,16,19,25,26,27,29,33,36,45,49,56","3,7,16,17,19,21,24,25,27,29,31",,,,,,"H[0,5,7,8,12,14,15,16,19,25,26,27,29,33,36,45,49,56]|V[3,7,16,17,19,21,24,25,27,29,31]",015ee1c8318bbe65f9d75b3878c91b9d7be2a076
proposed_nsga2_bs_Gyorgy-KOVACS_WH_Wide_AW_5_seed_120,proposed_nsga2_bs,Gyorgy-KOVACS_WH_Wide_AW_5,120,14,auto_from_instance,12,18,4,30,216,,,,,6,2,8,root > V:16 > BH:26 > BH:5 > BH:16 > BH:27 > BH:36 > BH:45 > BV:29,selected,1,inf,True,517,225,292,586.0,1.0,1.0,True,True,1,1,0,True,1,1,0,0,True,True,0,18,11,18,11,2,PF_LS_RP,sampled_pool,,,False,0.8333333333333334,0.5,0.5,0.1,fixed,spacing_aware_flip,offspring,feasible_start_adaptive_spacing,,,,feasible_start_adaptive_spacing,0.5,,True,auto_from_instance,0.75,0.35,"0,5,7,8,12,14,15,16,19,25,26,27,29,33,36,45,49,56","3,7,16,17,19,21,24,25,27,29,31",,,,,,"H[0,5,7,8,12,14,15,16,19,25,26,27,29,33,36,45,49,56]|V[3,7,16,17,19,21,24,25,27,29,31]",ed71c8d546062d956359fd31a02e14699e745412
proposed_nsga2_bs_Gyorgy-KOVACS_WH_Wide_AW_5_seed_120,proposed_nsga2_bs,Gyorgy-KOVACS_WH_Wide_AW_5,120,14,auto_from_instance,12,18,4,30,216,,,,,7,5,8,root > V:16 > BH:26 > BH:5 > BH:16 > BH:25 > BH:36 > BH:45 > BV:25,selected,0,0.0,True,517,238,279,368.0,1.0,1.0,True,True,1,1,0,True,1,1,0,0,True,True,0,18,9,18,9,5,PF,sampled_pool,,,False,0.8333333333333334,0.5,0.5,0.1,fixed,bit_flip,offspring,feasible_start_adaptive_spacing,,,,feasible_start_adaptive_spacing,0.5,,True,auto_from_instance,0.75,0.35,"0,5,7,8,12,14,15,16,19,25,26,27,29,33,36,45,49,56","3,7,16,17,23,24,25,29,31",,,,,,"H[0,5,7,8,12,14,15,16,19,25,26,27,29,33,36,45,49,56]|V[3,7,16,17,23,24,25,29,31]",559a078c3ea143504613077c561cb3124d66b767
proposed_nsga2_bs_Gyorgy-KOVACS_WH_Wide_AW_5_seed_120,proposed_nsga2_bs,Gyorgy-KOVACS_WH_Wide_AW_5,120,14,auto_from_instance,12,18,4,30,216,,,,,8,5,8,root > V:16 > BH:26 > BH:5 > BH:14 > BH:25 > BH:36 > BH:45 > BV:25,selected,0,inf,True,517,238,279,368.0,1.0,1.0,True,True,1,1,0,True,1,1,0,0,True,True,0,18,9,18,9,5,PF,sampled_pool,,,False,0.8333333333333334,0.5,0.5,0.1,fixed,bit_flip,offspring,feasible_start_adaptive_spacing,,,,feasible_start_adaptive_spacing,0.5,,True,auto_from_instance,0.75,0.35,"0,5,7,8,12,14,15,16,19,25,26,27,29,33,36,45,49,56","3,7,16,17,23,24,25,29,31",,,,,,"H[0,5,7,8,12,14,15,16,19,25,26,27,29,33,36,45,49,56]|V[3,7,16,17,23,24,25,29,31]",6fcfc694894a367ef71d338faec4ce589ca685b5
proposed_nsga2_bs_Gyorgy-KOVACS_WH_Wide_AW_5_seed_120,proposed_nsga2_bs,Gyorgy-KOVACS_WH_Wide_AW_5,120,14,auto_from_instance,12,18,4,30,216,,,,,9,5,8,root > V:16 > BH:26 > BH:5 > BH:16 > BH:25 > BH:36 > BH:45 > BV:29,selected,1,0.0,True,517,225,292,586.0,1.0,1.0,True,True,1,1,0,True,1,1,0,0,True,True,0,18,9,18,9,5,PF,sampled_pool,,,False,0.8333333333333334,0.5,0.5,0.1,fixed,bit_flip,offspring,feasible_start_adaptive_spacing,,,,feasible_start_adaptive_spacing,0.5,,True,auto_from_instance,0.75,0.35,"0,5,7,8,12,14,15,16,19,25,26,27,29,33,36,45,49,56","3,7,16,17,23,24,25,29,31",,,,,,"H[0,5,7,8,12,14,15,16,19,25,26,27,29,33,36,45,49,56]|V[3,7,16,17,23,24,25,29,31]",13a8831f3352523fe53b9477eb693b985fdfc37c
proposed_nsga2_bs_Gyorgy-KOVACS_WH_Wide_AW_5_seed_120,proposed_nsga2_bs,Gyorgy-KOVACS_WH_Wide_AW_5,120,14,auto_from_instance,12,18,4,30,216,,,,,10,5,8,root > V:16 > BH:26 > BH:5 > BH:14 > BH:25 > BH:36 > BH:45 > BV:29,selected,1,inf,True,517,225,292,586.0,1.0,1.0,True,True,1,1,0,True,1,1,0,0,True,True,0,18,9,18,9,5,PF,sampled_pool,,,False,0.8333333333333334,0.5,0.5,0.1,fixed,bit_flip,offspring,feasible_start_adaptive_spacing,,,,feasible_start_adaptive_spacing,0.5,,True,auto_from_instance,0.75,0.35,"0,5,7,8,12,14,15,16,19,25,26,27,29,33,36,45,49,56","3,7,16,17,23,24,25,29,31",,,,,,"H[0,5,7,8,12,14,15,16,19,25,26,27,29,33,36,45,49,56]|V[3,7,16,17,23,24,25,29,31]",7e0f4d1a90907f684b7d565e90c4ddb6c1ba7c58
proposed_nsga2_bs_Gyorgy-KOVACS_WH_Wide_AW_5_seed_120,proposed_nsga2_bs,Gyorgy-KOVACS_WH_Wide_AW_5,120,14,auto_from_instance,12,18,4,30,216,,,,,11,6,7,root > V:17 > BH:26 > BH:5 > BH:16 > BH:25 > BH:36 > BH:47,selected,1,1.7259520320096775,True,572,220,352,507.0,1.0,1.0,True,True,1,1,0,True,1,1,0,0,True,True,0,17,8,17,8,6,PF_RP,sampled_pool,,,False,0.8333333333333334,0.5,0.5,0.1,fixed,remove_random_aisle,offspring,feasible_start_adaptive_spacing,,,,feasible_start_adaptive_spacing,0.5,,True,auto_from_instance,0.75,0.35,"0,5,8,12,14,16,19,25,26,27,29,33,36,45,47,49,56","7,17,20,24,25,27,29,31",,,,,,"H[0,5,8,12,14,16,19,25,26,27,29,33,36,45,47,49,56]|V[7,17,20,24,25,27,29,31]",173dd91401b4b71d9f20edd9e83506be465b9528
proposed_nsga2_bs_Gyorgy-KOVACS_WH_Wide_AW_5_seed_120,proposed_nsga2_bs,Gyorgy-KOVACS_WH_Wide_AW_5,120,14,auto_from_instance,12,18,4,30,216,,,,,12,6,7,root > V:17 > BH:26 > BH:5 > BH:14 > BH:25 > BH:36 > BH:47,selected,1,1.2740479679903227,True,572,220,352,507.0,1.0,1.0,True,True,1,1,0,True,1,1,0,0,True,True,0,17,8,17,8,6,PF_RP,sampled_pool,,,False,0.8333333333333334,0.5,0.5,0.1,fixed,remove_random_aisle,offspring,feasible_start_adaptive_spacing,,,,feasible_start_adaptive_spacing,0.5,,True,auto_from_instance,0.75,0.35,"0,5,8,12,14,16,19,25,26,27,29,33,36,45,47,49,56","7,17,20,24,25,27,29,31",,,,,,"H[0,5,8,12,14,16,19,25,26,27,29,33,36,45,47,49,56]|V[7,17,20,24,25,27,29,31]",e59e5dd5e1537a2d164e028d12bd66f538f0cb70
proposed_nsga2_bs_Gyorgy-KOVACS_WH_Wide_AW_5_seed_120,proposed_nsga2_bs,Gyorgy-KOVACS_WH_Wide_AW_5,120,14,auto_from_instance,12,18,4,30,216,,,,,13,6,7,root > V:17 > BH:26 > BH:5 > BH:16 > BH:25 > BH:36 > BH:45,evaluated,2,inf,False,572,220,352,711.0,1.0,1.0,True,True,1,1,0,True,1,1,0,0,True,True,0,17,8,17,8,6,PF_RP,sampled_pool,,,False,0.8333333333333334,0.5,0.5,0.1,fixed,remove_random_aisle,offspring,feasible_start_adaptive_spacing,,,,feasible_start_adaptive_spacing,0.5,,True,auto_from_instance,0.75,0.35,"0,5,8,12,14,16,19,25,26,27,29,33,36,45,47,49,56","7,17,20,24,25,27,29,31",,,,,,"H[0,5,8,12,14,16,19,25,26,27,29,33,36,45,47,49,56]|V[7,17,20,24,25,27,29,31]",854ec9b997ec508dda6ea9e399147d7a4b626ba8
proposed_nsga2_bs_Gyorgy-KOVACS_WH_Wide_AW_5_seed_120,proposed_nsga2_bs,Gyorgy-KOVACS_WH_Wide_AW_5,120,14,auto_from_instance,12,18,4,30,216,,,,,14,6,7,root > V:17 > BH:26 > BH:5 > BH:14 > BH:25 > BH:36 > BH:45,evaluated,2,inf,False,572,220,352,711.0,1.0,1.0,True,True,1,1,0,True,1,1,0,0,True,True,0,17,8,17,8,6,PF_RP,sampled_pool,,,False,0.8333333333333334,0.5,0.5,0.1,fixed,remove_random_aisle,offspring,feasible_start_adaptive_spacing,,,,feasible_start_adaptive_spacing,0.5,,True,auto_from_instance,0.75,0.35,"0,5,8,12,14,16,19,25,26,27,29,33,36,45,47,49,56","7,17,20,24,25,27,29,31",,,,,,"H[0,5,8,12,14,16,19,25,26,27,29,33,36,45,47,49,56]|V[7,17,20,24,25,27,29,31]",ef95c5265d039c602cc7246bb99c122e90a60068
proposed_nsga2_bs_Gyorgy-KOVACS_WH_Wide_AW_5_seed_120,proposed_nsga2_bs,Gyorgy-KOVACS_WH_Wide_AW_5,120,14,auto_from_instance,12,18,4,30,216,,,,,15,7,8,root > V:15 > BH:26 > BH:5 > BH:16 > BH:27 > BH:36 > BH:45 > BV:24,selected,0,inf,True,497,247,250,385.0,1.0,1.0,True,True,1,1,0,True,1,1,0,0,True,True,0,18,9,18,9,7,LS_SS,sampled_pool,,,True,0.8333333333333334,0.5,0.5,0.1,fixed,remove_random_aisle,offspring,feasible_start_adaptive_spacing,,,,feasible_start_adaptive_spacing,0.5,,True,auto_from_instance,0.75,0.35,"0,5,8,12,14,15,16,19,25,26,27,29,33,36,45,47,49,56","3,11,15,16,17,25,27,29",,,,,,"H[0,5,8,12,14,15,16,19,25,26,27,29,33,36,45,47,49,56]|V[3,11,15,16,17,24,25,27,29]",9367037dc0304e9a893380cb68f03b46b0c6f55b
proposed_nsga2_bs_Gyorgy-KOVACS_WH_Wide_AW_5_seed_120,proposed_nsga2_bs,Gyorgy-KOVACS_WH_Wide_AW_5,120,15,auto_from_instance,12,18,4,30,216,,,,,1,1,7,root > V:17 > BH:26 > BH:5 > BH:16 > BH:25 > BH:36 > BH:47,selected,1,1.7259520320096775,True,572,220,352,507.0,1.0,1.0,True,True,1,1,0,True,1,1,0,0,True,True,0,20,9,20,9,1,PF_LS_RP,sampled_pool,,,False,0.8888888888888888,0.5,0.5,0.1,fixed,break_symmetry,offspring,feasible_start_adaptive_spacing,,,,feasible_start_adaptive_spacing,0.5,,True,auto_from_instance,0.75,0.35,"0,5,7,8,12,14,15,16,19,24,26,27,29,33,36,45,47,49,56","3,7,17,20,23,24,25,29,31",,,,,,"H[0,5,7,8,12,14,15,16,19,24,25,26,27,29,33,36,45,47,49,56]|V[3,7,17,20,23,24,25,29,31]",173dd91401b4b71d9f20edd9e83506be465b9528
proposed_nsga2_bs_Gyorgy-KOVACS_WH_Wide_AW_5_seed_120,proposed_nsga2_bs,Gyorgy-KOVACS_WH_Wide_AW_5,120,15,auto_from_instance,12,18,4,30,216,,,,,2,1,7,root > V:17 > BH:26 > BH:5 > BH:14 > BH:25 > BH:36 > BH:47,selected,1,1.2740479679903227,True,572,220,352,507.0,1.0,1.0,True,True,1,1,0,True,1,1,0,0,True,True,0,20,9,20,9,1,PF_LS_RP,sampled_pool,,,False,0.8888888888888888,0.5,0.5,0.1,fixed,break_symmetry,offspring,feasible_start_adaptive_spacing,,,,feasible_start_adaptive_spacing,0.5,,True,auto_from_instance,0.75,0.35,"0,5,7,8,12,14,15,16,19,24,26,27,29,33,36,45,47,49,56","3,7,17,20,23,24,25,29,31",,,,,,"H[0,5,7,8,12,14,15,16,19,24,25,26,27,29,33,36,45,47,49,56]|V[3,7,17,20,23,24,25,29,31]",e59e5dd5e1537a2d164e028d12bd66f538f0cb70
proposed_nsga2_bs_Gyorgy-KOVACS_WH_Wide_AW_5_seed_120,proposed_nsga2_bs,Gyorgy-KOVACS_WH_Wide_AW_5,120,15,auto_from_instance,12,18,4,30,216,,,,,3,1,7,root > V:17 > BH:26 > BH:7 > BH:16 > BH:25 > BH:36 > BH:47,selected,2,inf,True,572,220,352,663.0,1.0,1.0,True,True,1,1,0,True,1,1,0,0,True,True,0,20,9,20,9,1,PF_LS_RP,sampled_pool,,,False,0.8888888888888888,0.5,0.5,0.1,fixed,break_symmetry,offspring,feasible_start_adaptive_spacing,,,,feasible_start_adaptive_spacing,0.5,,True,auto_from_instance,0.75,0.35,"0,5,7,8,12,14,15,16,19,24,26,27,29,33,36,45,47,49,56","3,7,17,20,23,24,25,29,31",,,,,,"H[0,5,7,8,12,14,15,16,19,24,25,26,27,29,33,36,45,47,49,56]|V[3,7,17,20,23,24,25,29,31]",61426df39d9f05da4c561d5073d32a1cf777516d
proposed_nsga2_bs_Gyorgy-KOVACS_WH_Wide_AW_5_seed_120,proposed_nsga2_bs,Gyorgy-KOVACS_WH_Wide_AW_5,120,15,auto_from_instance,12,18,4,30,216,,,,,4,1,7,root > V:17 > BH:26 > BH:5 > BH:16 > BH:25 > BH:36 > BH:45,evaluated,3,inf,False,572,220,352,711.0,1.0,1.0,True,True,1,1,0,True,1,1,0,0,True,True,0,20,9,20,9,1,PF_LS_RP,sampled_pool,,,False,0.8888888888888888,0.5,0.5,0.1,fixed,break_symmetry,offspring,feasible_start_adaptive_spacing,,,,feasible_start_adaptive_spacing,0.5,,True,auto_from_instance,0.75,0.35,"0,5,7,8,12,14,15,16,19,24,26,27,29,33,36,45,47,49,56","3,7,17,20,23,24,25,29,31",,,,,,"H[0,5,7,8,12,14,15,16,19,24,25,26,27,29,33,36,45,47,49,56]|V[3,7,17,20,23,24,25,29,31]",854ec9b997ec508dda6ea9e399147d7a4b626ba8
proposed_nsga2_bs_Gyorgy-KOVACS_WH_Wide_AW_5_seed_120,proposed_nsga2_bs,Gyorgy-KOVACS_WH_Wide_AW_5,120,15,auto_from_instance,12,18,4,30,216,,,,,5,2,4,root > V:27 > BH:26 > BV:17 > BV:17,selected,0,inf,True,567,256,311,311.0,1.0,1.0,True,True,1,1,0,True,1,1,0,0,True,True,0,16,9,16,9,2,SS_PF_LS,sampled_pool,,,True,0.8888888888888888,0.5,0.5,0.1,fixed,spacing_aware_flip,offspring,feasible_start_adaptive_spacing,,,,feasible_start_adaptive_spacing,0.5,,True,auto_from_instance,0.75,0.35,"0,5,8,12,14,16,19,25,26,27,29,33,36,45,49,56","0,7,16,17,24,25,27,29,31",,,,,,"H[0,5,8,12,14,16,19,25,26,27,29,33,36,45,49,56]|V[0,7,16,17,24,25,27,29,31]",a8708aef2b1e3127a45cd25328e7b01fe876ac67
proposed_nsga2_bs_Gyorgy-KOVACS_WH_Wide_AW_5_seed_120,proposed_nsga2_bs,Gyorgy-KOVACS_WH_Wide_AW_5,120,15,auto_from_instance,12,18,4,30,216,,,,,6,2,4,root > V:29 > BH:26 > BV:19 > BV:19,selected,1,inf,True,557,202,355,408.0,1.0,1.0,True,True,1,1,0,True,1,1,0,0,True,True,0,16,10,16,10,2,SS_PF_LS,sampled_pool,,,True,0.8888888888888888,0.5,0.5,0.1,fixed,spacing_aware_flip,offspring,feasible_start_adaptive_spacing,,,,feasible_start_adaptive_spacing,0.5,,True,auto_from_instance,0.75,0.35,"0,5,8,12,14,16,19,25,26,27,29,33,36,45,49,56","0,7,16,17,24,25,27,29,31",,,,,,"H[0,5,8,12,14,16,19,25,26,27,29,33,36,45,49,56]|V[0,7,16,17,19,24,25,27,29,31]",225a083d40a70add6d49c842c1ea1b7da9e91627
proposed_nsga2_bs_Gyorgy-KOVACS_WH_Wide_AW_5_seed_120,proposed_nsga2_bs,Gyorgy-KOVACS_WH_Wide_AW_5,120,15,auto_from_instance,12,18,4,30,216,,,,,7,2,4,root > V:29 > BH:26 > BV:19 > BV:17,selected,2,inf,True,557,202,355,458.0,1.0,1.0,True,True,1,1,0,True,1,1,0,0,True,True,0,16,10,16,10,2,SS_PF_LS,sampled_pool,,,True,0.8888888888888888,0.5,0.5,0.1,fixed,spacing_aware_flip,offspring,feasible_start_adaptive_spacing,,,,feasible_start_adaptive_spacing,0.5,,True,auto_from_instance,0.75,0.35,"0,5,8,12,14,16,19,25,26,27,29,33,36,45,49,56","0,7,16,17,24,25,27,29,31",,,,,,"H[0,5,8,12,14,16,19,25,26,27,29,33,36,45,49,56]|V[0,7,16,17,19,24,25,27,29,31]",f590e28c4ca08f01adba87c9244bc357b1edb9bd
proposed_nsga2_bs_Gyorgy-KOVACS_WH_Wide_AW_5_seed_120,proposed_nsga2_bs,Gyorgy-KOVACS_WH_Wide_AW_5,120,15,auto_from_instance,12,18,4,30,216,,,,,8,2,4,root > V:29 > BH:26 > BV:19 > BV:17,evaluated,3,inf,False,557,202,355,460.0,1.0,1.0,True,True,1,1,0,True,1,1,0,0,True,True,0,16,10,16,10,2,SS_PF_LS,sampled_pool,,,True,0.8888888888888888,0.5,0.5,0.1,fixed,spacing_aware_flip,offspring,feasible_start_adaptive_spacing,,,,feasible_start_adaptive_spacing,0.5,,True,auto_from_instance,0.75,0.35,"0,5,8,12,14,16,19,25,26,27,29,33,36,45,49,56","0,7,16,17,24,25,27,29,31",,,,,,"H[0,5,8,12,14,16,19,25,26,27,29,33,36,45,49,56]|V[0,7,16,17,19,24,25,27,29,31]",0ccd7482bc13afbeac630bd0faf7012fe4b70f5c
proposed_nsga2_bs_Gyorgy-KOVACS_WH_Wide_AW_5_seed_120,proposed_nsga2_bs,Gyorgy-KOVACS_WH_Wide_AW_5,120,15,auto_from_instance,12,18,4,30,216,,,,,9,4,7,root > V:17 > BH:26 > BH:5 > BH:14 > BH:25 > BH:36 > BH:45,evaluated,3,inf,False,572,220,352,711.0,1.0,1.0,True,True,1,1,0,True,1,1,0,0,True,True,0,18,12,18,12,4,LS_SS,sampled_pool,,,True,0.8888888888888888,0.5,0.5,0.1,fixed,spacing_aware_flip,offspring,feasible_start_adaptive_spacing,,,,feasible_start_adaptive_spacing,0.5,,True,auto_from_instance,0.75,0.35,"0,5,8,12,14,15,16,19,25,26,27,29,33,36,45,47,49,56","1,7,12,17,19,20,23,24,25,27,29,31",,,,,,"H[0,5,8,12,14,15,16,19,25,26,27,29,33,36,45,47,49,56]|V[1,7,12,17,19,20,23,24,25,27,29,31]",ef95c5265d039c602cc7246bb99c122e90a60068
proposed_nsga2_bs_Gyorgy-KOVACS_WH_Wide_AW_5_seed_120,proposed_nsga2_bs,Gyorgy-KOVACS_WH_Wide_AW_5,120,15,auto_from_instance,12,18,4,30,216,,,,,10,5,8,root > V:16 > BH:26 > BH:5 > BH:16 > BH:25 > BH:36 > BH:45 > BV:25,selected,0,inf,True,517,238,279,368.0,1.0,1.0,True,True,1,1,0,True,1,1,0,0,True,True,0,19,9,19,9,5,PF_LS_RP,sampled_pool,,,False,0.8888888888888888,0.5,0.5,0.1,fixed,spacing_aware_flip,offspring,feasible_start_adaptive_spacing,,,,feasible_start_adaptive_spacing,0.5,,True,auto_from_instance,0.75,0.35,"0,5,8,12,14,15,16,19,25,26,27,29,33,36,41,45,47,49,56","1,7,16,17,23,24,25,29,31",,,,,,"H[0,5,8,12,14,15,16,19,25,26,27,29,33,36,41,45,47,49,56]|V[1,7,16,17,23,24,25,29,31]",559a078c3ea143504613077c561cb3124d66b767
proposed_nsga2_bs_Gyorgy-KOVACS_WH_Wide_AW_5_seed_120,proposed_nsga2_bs,Gyorgy-KOVACS_WH_Wide_AW_5,120,15,auto_from_instance,12,18,4,30,216,,,,,11,5,8,root > V:16 > BH:26 > BH:5 > BH:14 > BH:25 > BH:36 > BH:45 > BV:25,selected,0,0.0,True,517,238,279,368.0,1.0,1.0,True,True,1,1,0,True,1,1,0,0,True,True,0,19,9,19,9,5,PF_LS_RP,sampled_pool,,,False,0.8888888888888888,0.5,0.5,0.1,fixed,spacing_aware_flip,offspring,feasible_start_adaptive_spacing,,,,feasible_start_adaptive_spacing,0.5,,True,auto_from_instance,0.75,0.35,"0,5,8,12,14,15,16,19,25,26,27,29,33,36,41,45,47,49,56","1,7,16,17,23,24,25,29,31",,,,,,"H[0,5,8,12,14,15,16,19,25,26,27,29,33,36,41,45,47,49,56]|V[1,7,16,17,23,24,25,29,31]",6fcfc694894a367ef71d338faec4ce589ca685b5
proposed_nsga2_bs_Gyorgy-KOVACS_WH_Wide_AW_5_seed_120,proposed_nsga2_bs,Gyorgy-KOVACS_WH_Wide_AW_5,120,15,auto_from_instance,12,18,4,30,216,,,,,12,5,8,root > V:16 > BH:26 > BH:5 > BH:16 > BH:25 > BH:36 > BH:45 > BV:29,selected,1,inf,True,517,225,292,586.0,1.0,1.0,True,True,1,1,0,True,1,1,0,0,True,True,0,19,9,19,9,5,PF_LS_RP,sampled_pool,,,False,0.8888888888888888,0.5,0.5,0.1,fixed,spacing_aware_flip,offspring,feasible_start_adaptive_spacing,,,,feasible_start_adaptive_spacing,0.5,,True,auto_from_instance,0.75,0.35,"0,5,8,12,14,15,16,19,25,26,27,29,33,36,41,45,47,49,56","1,7,16,17,23,24,25,29,31",,,,,,"H[0,5,8,12,14,15,16,19,25,26,27,29,33,36,41,45,47,49,56]|V[1,7,16,17,23,24,25,29,31]",13a8831f3352523fe53b9477eb693b985fdfc37c
proposed_nsga2_bs_Gyorgy-KOVACS_WH_Wide_AW_5_seed_120,proposed_nsga2_bs,Gyorgy-KOVACS_WH_Wide_AW_5,120,15,auto_from_instance,12,18,4,30,216,,,,,13,5,8,root > V:16 > BH:26 > BH:5 > BH:14 > BH:25 > BH:36 > BH:45 > BV:29,selected,1,0.0,True,517,225,292,586.0,1.0,1.0,True,True,1,1,0,True,1,1,0,0,True,True,0,19,9,19,9,5,PF_LS_RP,sampled_pool,,,False,0.8888888888888888,0.5,0.5,0.1,fixed,spacing_aware_flip,offspring,feasible_start_adaptive_spacing,,,,feasible_start_adaptive_spacing,0.5,,True,auto_from_instance,0.75,0.35,"0,5,8,12,14,15,16,19,25,26,27,29,33,36,41,45,47,49,56","1,7,16,17,23,24,25,29,31",,,,,,"H[0,5,8,12,14,15,16,19,25,26,27,29,33,36,41,45,47,49,56]|V[1,7,16,17,23,24,25,29,31]",7e0f4d1a90907f684b7d565e90c4ddb6c1ba7c58
proposed_nsga2_bs_Gyorgy-KOVACS_WH_Wide_AW_5_seed_120,proposed_nsga2_bs,Gyorgy-KOVACS_WH_Wide_AW_5,120,15,auto_from_instance,12,18,4,30,216,,,,,14,6,7,root > V:19 > BH:26 > BH:5 > BH:16 > BH:27 > BH:36 > BH:47,evaluated,5,inf,False,612,200,412,584.0,1.0,1.0,True,True,1,1,0,True,1,1,0,0,True,True,0,19,10,19,10,6,PF_SS_RP,sampled_pool,,,True,0.8888888888888888,0.5,0.5,0.1,fixed,remove_random_aisle,offspring,feasible_start_adaptive_spacing,,,,feasible_start_adaptive_spacing,0.5,,True,auto_from_instance,0.75,0.35,"0,5,7,8,12,14,15,16,19,25,26,27,29,33,36,45,49,56","3,7,19,20,23,24,25,27,29,31",,,,,,"H[0,5,7,8,12,14,15,16,19,25,26,27,29,33,36,45,47,49,56]|V[3,7,19,20,23,24,25,27,29,31]",a793551279adbac0e62b7ab815e1e9a87e5bf5c6
proposed_nsga2_bs_Gyorgy-KOVACS_WH_Wide_AW_5_seed_120,proposed_nsga2_bs,Gyorgy-KOVACS_WH_Wide_AW_5,120,15,auto_from_instance,12,18,4,30,216,,,,,15,6,7,root > V:19 > BH:26 > BH:5 > BH:16 > BH:25 > BH:36 > BH:47,evaluated,5,0.0,False,612,200,412,584.0,1.0,1.0,True,True,1,1,0,True,1,1,0,0,True,True,0,19,10,19,10,6,PF_SS_RP,sampled_pool,,,True,0.8888888888888888,0.5,0.5,0.1,fixed,remove_random_aisle,offspring,feasible_start_adaptive_spacing,,,,feasible_start_adaptive_spacing,0.5,,True,auto_from_instance,0.75,0.35,"0,5,7,8,12,14,15,16,19,25,26,27,29,33,36,45,49,56","3,7,19,20,23,24,25,27,29,31",,,,,,"H[0,5,7,8,12,14,15,16,19,25,26,27,29,33,36,45,47,49,56]|V[3,7,19,20,23,24,25,27,29,31]",739f9ec08bf9c56e734297604911aa2f937b0b31
proposed_nsga2_bs_Gyorgy-KOVACS_WH_Wide_AW_5_seed_120,proposed_nsga2_bs,Gyorgy-KOVACS_WH_Wide_AW_5,120,15,auto_from_instance,12,18,4,30,216,,,,,16,6,7,root > V:19 > BH:26 > BH:5 > BH:14 > BH:25 > BH:36 > BH:47,evaluated,5,inf,False,612,200,412,584.0,1.0,1.0,True,True,1,1,0,True,1,1,0,0,True,True,0,19,10,19,10,6,PF_SS_RP,sampled_pool,,,True,0.8888888888888888,0.5,0.5,0.1,fixed,remove_random_aisle,offspring,feasible_start_adaptive_spacing,,,,feasible_start_adaptive_spacing,0.5,,True,auto_from_instance,0.75,0.35,"0,5,7,8,12,14,15,16,19,25,26,27,29,33,36,45,49,56","3,7,19,20,23,24,25,27,29,31",,,,,,"H[0,5,7,8,12,14,15,16,19,25,26,27,29,33,36,45,47,49,56]|V[3,7,19,20,23,24,25,27,29,31]",18779af2d0583f313025ada9a3c164bb18de6a6f
proposed_nsga2_bs_Gyorgy-KOVACS_WH_Wide_AW_5_seed_120,proposed_nsga2_bs,Gyorgy-KOVACS_WH_Wide_AW_5,120,15,auto_from_instance,12,18,4,30,216,,,,,17,6,7,root > V:19 > BH:26 > BH:5 > BH:16 > BH:27 > BH:36 > BH:45,evaluated,6,inf,False,612,200,412,754.0,1.0,1.0,True,True,1,1,0,True,1,1,0,0,True,True,0,18,10,18,10,6,PF_SS_RP,sampled_pool,,,True,0.8888888888888888,0.5,0.5,0.1,fixed,remove_random_aisle,offspring,feasible_start_adaptive_spacing,,,,feasible_start_adaptive_spacing,0.5,,True,auto_from_instance,0.75,0.35,"0,5,7,8,12,14,15,16,19,25,26,27,29,33,36,45,49,56","3,7,19,20,23,24,25,27,29,31",,,,,,"H[0,5,7,8,12,14,15,16,19,25,26,27,29,33,36,45,49,56]|V[3,7,19,20,23,24,25,27,29,31]",e1a46e8676f0035633d76849841f51d52cb3fcc5
proposed_nsga2_bs_Gyorgy-KOVACS_WH_Wide_AW_5_seed_120,proposed_nsga2_bs,Gyorgy-KOVACS_WH_Wide_AW_5,120,15,auto_from_instance,12,18,4,30,216,,,,,18,10,4,root > V:29 > BH:26 > BV:17 > BV:17,evaluated,4,inf,False,557,202,355,510.0,1.0,1.0,True,True,1,1,0,True,1,1,0,0,True,True,0,18,7,18,7,10,LS,sampled_pool,,,False,0.8888888888888888,0.5,0.5,0.1,fixed,remove_random_aisle,offspring,feasible_start_adaptive_spacing,,,,feasible_start_adaptive_spacing,0.5,,True,auto_from_instance,0.75,0.35,"0,5,7,8,12,14,15,16,19,25,26,27,29,33,36,45,49,56","3,7,16,17,25,29,31",,,,,,"H[0,5,7,8,12,14,15,16,19,25,26,27,29,33,36,45,49,56]|V[3,7,16,17,25,29,31]",01a64afdd46edf4dc6b60538f107b837ec4162f0
proposed_nsga2_bs_Gyorgy-KOVACS_WH_Wide_AW_5_seed_120,proposed_nsga2_bs,Gyorgy-KOVACS_WH_Wide_AW_5,120,15,auto_from_instance,12,18,4,30,216,,,,,19,12,8,root > V:16 > BH:26 > BH:5 > BH:16 > BH:27 > BH:36 > BH:45 > BV:25,selected,0,inf,True,517,238,279,368.0,1.0,1.0,True,True,1,1,0,True,1,1,0,0,True,True,0,17,11,17,11,12,PF_SS_RP,sampled_pool,,,True,0.8888888888888888,0.5,0.5,0.1,fixed,remove_random_aisle,offspring,feasible_start_adaptive_spacing,,,,feasible_start_adaptive_spacing,0.5,,True,auto_from_instance,0.75,0.35,"0,5,8,12,14,15,16,19,25,26,27,29,36,45,47,49,56","1,7,16,17,19,21,24,25,27,29,31",,,,,,"H[0,5,8,12,14,15,16,19,25,26,27,29,36,45,47,49,56]|V[1,7,16,17,19,21,24,25,27,29,31]",015ee1c8318bbe65f9d75b3878c91b9d7be2a076
proposed_nsga2_bs_Gyorgy-KOVACS_WH_Wide_AW_5_seed_120,proposed_nsga2_bs,Gyorgy-KOVACS_WH_Wide_AW_5,120,15,auto_from_instance,12,18,4,30,216,,,,,20,12,8,root > V:16 > BH:26 > BH:5 > BH:16 > BH:27 > BH:36 > BH:45 > BV:29,selected,1,inf,True,517,225,292,586.0,1.0,1.0,True,True,1,1,0,True,1,1,0,0,True,True,0,17,11,17,11,12,PF_SS_RP,sampled_pool,,,True,0.8888888888888888,0.5,0.5,0.1,fixed,remove_random_aisle,offspring,feasible_start_adaptive_spacing,,,,feasible_start_adaptive_spacing,0.5,,True,auto_from_instance,0.75,0.35,"0,5,8,12,14,15,16,19,25,26,27,29,36,45,47,49,56","1,7,16,17,19,21,24,25,27,29,31",,,,,,"H[0,5,8,12,14,15,16,19,25,26,27,29,36,45,47,49,56]|V[1,7,16,17,19,21,24,25,27,29,31]",ed71c8d546062d956359fd31a02e14699e745412
proposed_nsga2_bs_Gyorgy-KOVACS_WH_Wide_AW_5_seed_120,proposed_nsga2_bs,Gyorgy-KOVACS_WH_Wide_AW_5,120,16,auto_from_instance,12,18,4,30,216,,,,,1,1,4,root > V:29 > BH:26 > BV:19 > BV:19,selected,1,inf,True,557,202,355,408.0,1.0,1.0,True,True,1,1,0,True,1,1,0,0,True,True,0,16,8,16,8,1,RP_LS,sampled_pool,,,False,0.9444444444444444,0.5,0.5,0.1,fixed,remove_random_aisle,offspring,feasible_start_adaptive_spacing,,,,feasible_start_adaptive_spacing,0.5,,True,auto_from_instance,0.75,0.35,"0,5,8,12,14,16,19,25,26,27,29,33,36,45,49,56","1,7,16,17,24,29,31",,,,,,"H[0,5,8,12,14,16,19,25,26,27,29,33,36,45,49,56]|V[1,7,16,17,19,24,29,31]",225a083d40a70add6d49c842c1ea1b7da9e91627
proposed_nsga2_bs_Gyorgy-KOVACS_WH_Wide_AW_5_seed_120,proposed_nsga2_bs,Gyorgy-KOVACS_WH_Wide_AW_5,120,16,auto_from_instance,12,18,4,30,216,,,,,2,1,4,root > V:29 > BH:26 > BV:19 > BV:17,selected,2,inf,True,557,202,355,458.0,1.0,1.0,True,True,1,1,0,True,1,1,0,0,True,True,0,16,8,16,8,1,RP_LS,sampled_pool,,,False,0.9444444444444444,0.5,0.5,0.1,fixed,remove_random_aisle,offspring,feasible_start_adaptive_spacing,,,,feasible_start_adaptive_spacing,0.5,,True,auto_from_instance,0.75,0.35,"0,5,8,12,14,16,19,25,26,27,29,33,36,45,49,56","1,7,16,17,24,29,31",,,,,,"H[0,5,8,12,14,16,19,25,26,27,29,33,36,45,49,56]|V[1,7,16,17,19,24,29,31]",f590e28c4ca08f01adba87c9244bc357b1edb9bd
proposed_nsga2_bs_Gyorgy-KOVACS_WH_Wide_AW_5_seed_120,proposed_nsga2_bs,Gyorgy-KOVACS_WH_Wide_AW_5,120,16,auto_from_instance,12,18,4,30,216,,,,,3,1,4,root > V:29 > BH:26 > BV:19 > BV:17,selected,3,inf,True,557,202,355,460.0,1.0,1.0,True,True,1,1,0,True,1,1,0,0,True,True,0,16,8,16,8,1,RP_LS,sampled_pool,,,False,0.9444444444444444,0.5,0.5,0.1,fixed,remove_random_aisle,offspring,feasible_start_adaptive_spacing,,,,feasible_start_adaptive_spacing,0.5,,True,auto_from_instance,0.75,0.35,"0,5,8,12,14,16,19,25,26,27,29,33,36,45,49,56","1,7,16,17,24,29,31",,,,,,"H[0,5,8,12,14,16,19,25,26,27,29,33,36,45,49,56]|V[1,7,16,17,19,24,29,31]",0ccd7482bc13afbeac630bd0faf7012fe4b70f5c
proposed_nsga2_bs_Gyorgy-KOVACS_WH_Wide_AW_5_seed_120,proposed_nsga2_bs,Gyorgy-KOVACS_WH_Wide_AW_5,120,16,auto_from_instance,12,18,4,30,216,,,,,4,1,4,root > V:29 > BH:26 > BV:17 > BV:17,selected,4,inf,True,557,202,355,510.0,1.0,1.0,True,True,1,1,0,True,1,1,0,0,True,True,0,16,7,16,7,1,RP_LS,sampled_pool,,,False,0.9444444444444444,0.5,0.5,0.1,fixed,remove_random_aisle,offspring,feasible_start_adaptive_spacing,,,,feasible_start_adaptive_spacing,0.5,,True,auto_from_instance,0.75,0.35,"0,5,8,12,14,16,19,25,26,27,29,33,36,45,49,56","1,7,16,17,24,29,31",,,,,,"H[0,5,8,12,14,16,19,25,26,27,29,33,36,45,49,56]|V[1,7,16,17,24,29,31]",01a64afdd46edf4dc6b60538f107b837ec4162f0
proposed_nsga2_bs_Gyorgy-KOVACS_WH_Wide_AW_5_seed_120,proposed_nsga2_bs,Gyorgy-KOVACS_WH_Wide_AW_5,120,16,auto_from_instance,12,18,4,30,216,,,,,5,2,4,root > V:27 > BH:26 > BV:17 > BV:17,selected,0,inf,True,567,256,311,311.0,1.0,1.0,True,True,1,1,0,True,1,1,0,0,True,True,0,20,10,20,10,2,SS,sampled_pool,,,True,0.9444444444444444,0.5,0.5,0.1,fixed,insert_random_aisle,offspring,feasible_start_adaptive_spacing,,,,feasible_start_adaptive_spacing,0.5,,True,auto_from_instance,0.75,0.35,"0,5,8,12,14,15,16,19,25,26,27,29,33,36,37,41,45,47,49,56","0,7,16,17,23,24,25,27,29,31",,,,,,"H[0,5,8,12,14,15,16,19,25,26,27,29,33,36,37,41,45,47,49,56]|V[0,7,16,17,23,24,25,27,29,31]",a8708aef2b1e3127a45cd25328e7b01fe876ac67
proposed_nsga2_bs_Gyorgy-KOVACS_WH_Wide_AW_5_seed_120,proposed_nsga2_bs,Gyorgy-KOVACS_WH_Wide_AW_5,120,16,auto_from_instance,12,18,4,30,216,,,,,6,6,8,root > V:16 > BH:26 > BH:5 > BH:16 > BH:27 > BH:36 > BH:45 > BV:25,selected,0,1.745680106335844,True,517,238,279,368.0,1.0,1.0,True,True,1,1,0,True,1,1,0,0,True,True,0,17,10,17,10,6,LS,sampled_pool,,,False,0.9444444444444444,0.5,0.5,0.1,fixed,swap_segments,offspring,feasible_start_adaptive_spacing,,,,feasible_start_adaptive_spacing,0.5,,True,auto_from_instance,0.75,0.35,"0,5,8,12,14,16,19,25,26,27,29,33,36,39,49,56","0,7,16,17,19,24,25,27,29,31",,,,,,"H[0,5,8,12,14,16,19,25,26,27,29,33,36,39,45,49,56]|V[0,7,16,17,19,24,25,27,29,31]",015ee1c8318bbe65f9d75b3878c91b9d7be2a076
proposed_nsga2_bs_Gyorgy-KOVACS_WH_Wide_AW_5_seed_120,proposed_nsga2_bs,Gyorgy-KOVACS_WH_Wide_AW_5,120,16,auto_from_instance,12,18,4,30,216,,,,,7,6,8,root > V:16 > BH:26 > BH:5 > BH:16 > BH:25 > BH:36 > BH:45 > BV:25,selected,0,0.0,True,517,238,279,368.0,1.0,1.0,True,True,1,1,0,True,1,1,0,0,True,True,0,17,10,17,10,6,LS,sampled_pool,,,False,0.9444444444444444,0.5,0.5,0.1,fixed,swap_segments,offspring,feasible_start_adaptive_spacing,,,,feasible_start_adaptive_spacing,0.5,,True,auto_from_instance,0.75,0.35,"0,5,8,12,14,16,19,25,26,27,29,33,36,39,49,56","0,7,16,17,19,24,25,27,29,31",,,,,,"H[0,5,8,12,14,16,19,25,26,27,29,33,36,39,45,49,56]|V[0,7,16,17,19,24,25,27,29,31]",559a078c3ea143504613077c561cb3124d66b767
proposed_nsga2_bs_Gyorgy-KOVACS_WH_Wide_AW_5_seed_120,proposed_nsga2_bs,Gyorgy-KOVACS_WH_Wide_AW_5,120,16,auto_from_instance,12,18,4,30,216,,,,,8,6,8,root > V:16 > BH:26 > BH:5 > BH:16 > BH:27 > BH:36 > BH:45 > BV:29,selected,1,inf,True,517,225,292,586.0,1.0,1.0,True,True,1,1,0,True,1,1,0,0,True,True,0,17,10,17,10,6,LS,sampled_pool,,,False,0.9444444444444444,0.5,0.5,0.1,fixed,swap_segments,offspring,feasible_start_adaptive_spacing,,,,feasible_start_adaptive_spacing,0.5,,True,auto_from_instance,0.75,0.35,"0,5,8,12,14,16,19,25,26,27,29,33,36,39,49,56","0,7,16,17,19,24,25,27,29,31",,,,,,"H[0,5,8,12,14,16,19,25,26,27,29,33,36,39,45,49,56]|V[0,7,16,17,19,24,25,27,29,31]",ed71c8d546062d956359fd31a02e14699e745412
proposed_nsga2_bs_Gyorgy-KOVACS_WH_Wide_AW_5_seed_120,proposed_nsga2_bs,Gyorgy-KOVACS_WH_Wide_AW_5,120,16,auto_from_instance,12,18,4,30,216,,,,,9,6,8,root > V:16 > BH:26 > BH:5 > BH:16 > BH:25 > BH:36 > BH:45 > BV:29,selected,1,0.0,True,517,225,292,586.0,1.0,1.0,True,True,1,1,0,True,1,1,0,0,True,True,0,17,10,17,10,6,LS,sampled_pool,,,False,0.9444444444444444,0.5,0.5,0.1,fixed,swap_segments,offspring,feasible_start_adaptive_spacing,,,,feasible_start_adaptive_spacing,0.5,,True,auto_from_instance,0.75,0.35,"0,5,8,12,14,16,19,25,26,27,29,33,36,39,49,56","0,7,16,17,19,24,25,27,29,31",,,,,,"H[0,5,8,12,14,16,19,25,26,27,29,33,36,39,45,49,56]|V[0,7,16,17,19,24,25,27,29,31]",13a8831f3352523fe53b9477eb693b985fdfc37c
proposed_nsga2_bs_Gyorgy-KOVACS_WH_Wide_AW_5_seed_120,proposed_nsga2_bs,Gyorgy-KOVACS_WH_Wide_AW_5,120,16,auto_from_instance,12,18,4,30,216,,,,,10,7,8,root > V:16 > BH:26 > BH:5 > BH:14 > BH:25 > BH:36 > BH:45 > BV:25,selected,0,inf,True,517,238,279,368.0,1.0,1.0,True,True,1,1,0,True,1,1,0,0,True,True,0,19,9,19,9,7,PF,sampled_pool,,,False,0.9444444444444444,0.5,0.5,0.1,fixed,swap_segments,offspring,feasible_start_adaptive_spacing,,,,feasible_start_adaptive_spacing,0.5,,True,auto_from_instance,0.75,0.35,"0,5,8,12,14,16,19,25,26,27,29,33,36,41,47,49,54,56","1,7,16,17,23,24,25,29,31",,,,,,"H[0,5,8,12,14,16,19,25,26,27,29,33,36,41,45,47,49,54,56]|V[1,7,16,17,23,24,25,29,31]",6fcfc694894a367ef71d338faec4ce589ca685b5
proposed_nsga2_bs_Gyorgy-KOVACS_WH_Wide_AW_5_seed_120,proposed_nsga2_bs,Gyorgy-KOVACS_WH_Wide_AW_5,120,16,auto_from_instance,12,18,4,30,216,,,,,11,7,8,root > V:16 > BH:26 > BH:5 > BH:14 > BH:25 > BH:36 > BH:45 > BV:29,selected,1,inf,True,517,225,292,586.0,1.0,1.0,True,True,1,1,0,True,1,1,0,0,True,True,0,19,9,19,9,7,PF,sampled_pool,,,False,0.9444444444444444,0.5,0.5,0.1,fixed,swap_segments,offspring,feasible_start_adaptive_spacing,,,,feasible_start_adaptive_spacing,0.5,,True,auto_from_instance,0.75,0.35,"0,5,8,12,14,16,19,25,26,27,29,33,36,41,47,49,54,56","1,7,16,17,23,24,25,29,31",,,,,,"H[0,5,8,12,14,16,19,25,26,27,29,33,36,41,45,47,49,54,56]|V[1,7,16,17,23,24,25,29,31]",7e0f4d1a90907f684b7d565e90c4ddb6c1ba7c58
proposed_nsga2_bs_Gyorgy-KOVACS_WH_Wide_AW_5_seed_120,proposed_nsga2_bs,Gyorgy-KOVACS_WH_Wide_AW_5,120,16,auto_from_instance,12,18,4,30,216,,,,,12,10,8,root > V:15 > BH:26 > BH:5 > BH:16 > BH:25 > BH:36 > BH:45 > BV:24,selected,0,inf,True,497,247,250,385.0,1.0,1.0,True,True,1,1,0,True,1,1,0,0,True,True,0,18,9,18,9,10,PF_SS_RP,sampled_pool,,,True,0.9444444444444444,0.5,0.5,0.1,fixed,break_symmetry,offspring,feasible_start_adaptive_spacing,,,,feasible_start_adaptive_spacing,0.5,,True,auto_from_instance,0.75,0.35,"0,5,8,12,14,16,19,25,26,27,29,33,36,41,45,47,49,56","1,7,15,17,19,24,25,29,31",,,,,,"H[0,5,8,12,14,16,19,25,26,27,29,33,36,41,45,47,49,56]|V[1,7,15,17,19,24,25,29,31]",416c9c0e4f9e06143d78fee04cbc7a8d1c4800ad
proposed_nsga2_bs_Gyorgy-KOVACS_WH_Wide_AW_5_seed_120,proposed_nsga2_bs,Gyorgy-KOVACS_WH_Wide_AW_5,120,17,auto_from_instance,12,18,4,30,216,,,,,1,1,8,root > V:16 > BH:26 > BH:5 > BH:16 > BH:27 > BH:36 > BH:45 > BV:25,selected,0,1.745680106335844,True,517,238,279,368.0,1.0,1.0,True,True,1,1,0,True,1,1,0,0,True,True,0,19,9,19,9,1,PF_SS_RP,sampled_pool,,,True,1.0,0.5,0.5,0.1,fixed,bit_flip,offspring,feasible_start_adaptive_spacing,,,,feasible_start_adaptive_spacing,0.5,,True,auto_from_instance,0.75,0.35,"0,5,8,12,14,15,16,19,25,26,27,29,33,36,37,39,45,49,56","0,7,16,17,24,25,27,29,31",,,,,,"H[0,5,8,12,14,15,16,19,25,26,27,29,33,36,37,39,45,49,56]|V[0,7,16,17,24,25,27,29,31]",015ee1c8318bbe65f9d75b3878c91b9d7be2a076
proposed_nsga2_bs_Gyorgy-KOVACS_WH_Wide_AW_5_seed_120,proposed_nsga2_bs,Gyorgy-KOVACS_WH_Wide_AW_5,120,17,auto_from_instance,12,18,4,30,216,,,,,2,1,8,root > V:16 > BH:26 > BH:5 > BH:16 > BH:27 > BH:36 > BH:45 > BV:29,selected,1,inf,True,517,225,292,586.0,1.0,1.0,True,True,1,1,0,True,1,1,0,0,True,True,0,19,9,19,9,1,PF_SS_RP,sampled_pool,,,True,1.0,0.5,0.5,0.1,fixed,bit_flip,offspring,feasible_start_adaptive_spacing,,,,feasible_start_adaptive_spacing,0.5,,True,auto_from_instance,0.75,0.35,"0,5,8,12,14,15,16,19,25,26,27,29,33,36,37,39,45,49,56","0,7,16,17,24,25,27,29,31",,,,,,"H[0,5,8,12,14,15,16,19,25,26,27,29,33,36,37,39,45,49,56]|V[0,7,16,17,24,25,27,29,31]",ed71c8d546062d956359fd31a02e14699e745412
proposed_nsga2_bs_Gyorgy-KOVACS_WH_Wide_AW_5_seed_120,proposed_nsga2_bs,Gyorgy-KOVACS_WH_Wide_AW_5,120,17,auto_from_instance,12,18,4,30,216,,,,,3,3,8,root > V:16 > BH:26 > BH:5 > BH:16 > BH:25 > BH:36 > BH:45 > BV:25,selected,0,0.0,True,517,238,279,368.0,1.0,1.0,True,True,1,1,0,True,1,1,0,0,True,True,0,18,8,18,8,3,PF_SS_RP,sampled_pool,,,True,1.0,0.5,0.5,0.1,fixed,spacing_aware_flip,offspring,feasible_start_adaptive_spacing,,,,feasible_start_adaptive_spacing,0.5,,True,auto_from_instance,0.75,0.35,"0,5,8,12,14,16,19,25,26,27,29,33,36,41,45,47,49,56","1,7,16,17,19,25,29,31",,,,,,"H[0,5,8,12,14,16,19,25,26,27,29,33,36,41,45,47,49,56]|V[1,7,16,17,19,25,29,31]",559a078c3ea143504613077c561cb3124d66b767
proposed_nsga2_bs_Gyorgy-KOVACS_WH_Wide_AW_5_seed_120,proposed_nsga2_bs,Gyorgy-KOVACS_WH_Wide_AW_5,120,17,auto_from_instance,12,18,4,30,216,,,,,4,3,8,root > V:16 > BH:26 > BH:5 > BH:14 > BH:25 > BH:36 > BH:45 > BV:25,selected,0,inf,True,517,238,279,368.0,1.0,1.0,True,True,1,1,0,True,1,1,0,0,True,True,0,18,8,18,8,3,PF_SS_RP,sampled_pool,,,True,1.0,0.5,0.5,0.1,fixed,spacing_aware_flip,offspring,feasible_start_adaptive_spacing,,,,feasible_start_adaptive_spacing,0.5,,True,auto_from_instance,0.75,0.35,"0,5,8,12,14,16,19,25,26,27,29,33,36,41,45,47,49,56","1,7,16,17,19,25,29,31",,,,,,"H[0,5,8,12,14,16,19,25,26,27,29,33,36,41,45,47,49,56]|V[1,7,16,17,19,25,29,31]",6fcfc694894a367ef71d338faec4ce589ca685b5
proposed_nsga2_bs_Gyorgy-KOVACS_WH_Wide_AW_5_seed_120,proposed_nsga2_bs,Gyorgy-KOVACS_WH_Wide_AW_5,120,17,auto_from_instance,12,18,4,30,216,,,,,5,3,8,root > V:16 > BH:26 > BH:5 > BH:16 > BH:25 > BH:36 > BH:45 > BV:29,selected,1,0.0,True,517,225,292,586.0,1.0,1.0,True,True,1,1,0,True,1,1,0,0,True,True,0,18,8,18,8,3,PF_SS_RP,sampled_pool,,,True,1.0,0.5,0.5,0.1,fixed,spacing_aware_flip,offspring,feasible_start_adaptive_spacing,,,,feasible_start_adaptive_spacing,0.5,,True,auto_from_instance,0.75,0.35,"0,5,8,12,14,16,19,25,26,27,29,33,36,41,45,47,49,56","1,7,16,17,19,25,29,31",,,,,,"H[0,5,8,12,14,16,19,25,26,27,29,33,36,41,45,47,49,56]|V[1,7,16,17,19,25,29,31]",13a8831f3352523fe53b9477eb693b985fdfc37c
proposed_nsga2_bs_Gyorgy-KOVACS_WH_Wide_AW_5_seed_120,proposed_nsga2_bs,Gyorgy-KOVACS_WH_Wide_AW_5,120,17,auto_from_instance,12,18,4,30,216,,,,,6,3,8,root > V:16 > BH:26 > BH:5 > BH:14 > BH:25 > BH:36 > BH:45 > BV:29,selected,1,inf,True,517,225,292,586.0,1.0,1.0,True,True,1,1,0,True,1,1,0,0,True,True,0,18,8,18,8,3,PF_SS_RP,sampled_pool,,,True,1.0,0.5,0.5,0.1,fixed,spacing_aware_flip,offspring,feasible_start_adaptive_spacing,,,,feasible_start_adaptive_spacing,0.5,,True,auto_from_instance,0.75,0.35,"0,5,8,12,14,16,19,25,26,27,29,33,36,41,45,47,49,56","1,7,16,17,19,25,29,31",,,,,,"H[0,5,8,12,14,16,19,25,26,27,29,33,36,41,45,47,49,56]|V[1,7,16,17,19,25,29,31]",7e0f4d1a90907f684b7d565e90c4ddb6c1ba7c58
proposed_nsga2_bs_Gyorgy-KOVACS_WH_Wide_AW_5_seed_120,proposed_nsga2_bs,Gyorgy-KOVACS_WH_Wide_AW_5,120,17,auto_from_instance,12,18,4,30,216,,,,,7,4,8,root > V:15 > BH:26 > BH:5 > BH:16 > BH:25 > BH:36 > BH:45 > BV:24,selected,0,inf,True,497,247,250,385.0,1.0,1.0,True,True,1,1,0,True,1,1,0,0,True,True,0,16,10,16,10,4,PF_LS,sampled_pool,,,False,1.0,0.5,0.5,0.1,fixed,remove_random_aisle,offspring,feasible_start_adaptive_spacing,,,,feasible_start_adaptive_spacing,0.5,,True,auto_from_instance,0.75,0.35,"0,5,8,12,14,16,19,25,26,27,29,36,39,45,49,56","0,7,15,17,19,24,25,27,29,31",,,,,,"H[0,5,8,12,14,16,19,25,26,27,29,36,39,45,49,56]|V[0,7,15,17,19,24,25,27,29,31]",416c9c0e4f9e06143d78fee04cbc7a8d1c4800ad
proposed_nsga2_bs_Gyorgy-KOVACS_WH_Wide_AW_5_seed_120,proposed_nsga2_bs,Gyorgy-KOVACS_WH_Wide_AW_5,120,17,auto_from_instance,12,18,4,30,216,,,,,8,4,8,root > V:15 > BH:26 > BH:5 > BH:14 > BH:25 > BH:36 > BH:45 > BV:24,selected,0,inf,True,497,247,250,385.0,1.0,1.0,True,True,1,1,0,True,1,1,0,0,True,True,0,16,10,16,10,4,PF_LS,sampled_pool,,,False,1.0,0.5,0.5,0.1,fixed,remove_random_aisle,offspring,feasible_start_adaptive_spacing,,,,feasible_start_adaptive_spacing,0.5,,True,auto_from_instance,0.75,0.35,"0,5,8,12,14,16,19,25,26,27,29,36,39,45,49,56","0,7,15,17,19,24,25,27,29,31",,,,,,"H[0,5,8,12,14,16,19,25,26,27,29,36,39,45,49,56]|V[0,7,15,17,19,24,25,27,29,31]",4f5b467192e7c6ce4bc3fd69bf3ce13c31bd8ba0
proposed_nsga2_bs_Gyorgy-KOVACS_WH_Wide_AW_5_seed_120,proposed_nsga2_bs,Gyorgy-KOVACS_WH_Wide_AW_5,120,17,auto_from_instance,12,18,4,30,216,,,,,9,5,4,root > V:27 > BH:26 > BV:17 > BV:17,selected,0,inf,True,567,256,311,311.0,1.0,1.0,True,True,1,1,0,True,1,1,0,0,True,True,0,17,9,17,9,5,SS,sampled_pool,,,True,1.0,0.5,0.5,0.1,fixed,remove_random_aisle,offspring,feasible_start_adaptive_spacing,,,,feasible_start_adaptive_spacing,0.5,,True,auto_from_instance,0.75,0.35,"0,5,8,12,14,16,19,25,26,27,29,33,36,39,45,49,56","0,7,16,17,19,24,27,29,31",,,,,,"H[0,5,8,12,14,16,19,25,26,27,29,33,36,39,45,49,56]|V[0,7,16,17,19,24,27,29,31]",a8708aef2b1e3127a45cd25328e7b01fe876ac67
proposed_nsga2_bs_Gyorgy-KOVACS_WH_Wide_AW_5_seed_120,proposed_nsga2_bs,Gyorgy-KOVACS_WH_Wide_AW_5,120,17,auto_from_instance,12,18,4,30,216,,,,,10,5,4,root > V:29 > BH:26 > BV:19 > BV:19,selected,1,inf,True,557,202,355,408.0,1.0,1.0,True,True,1,1,0,True,1,1,0,0,True,True,0,17,9,17,9,5,SS,sampled_pool,,,True,1.0,0.5,0.5,0.1,fixed,remove_random_aisle,offspring,feasible_start_adaptive_spacing,,,,feasible_start_adaptive_spacing,0.5,,True,auto_from_instance,0.75,0.35,"0,5,8,12,14,16,19,25,26,27,29,33,36,39,45,49,56","0,7,16,17,19,24,27,29,31",,,,,,"H[0,5,8,12,14,16,19,25,26,27,29,33,36,39,45,49,56]|V[0,7,16,17,19,24,27,29,31]",225a083d40a70add6d49c842c1ea1b7da9e91627
proposed_nsga2_bs_Gyorgy-KOVACS_WH_Wide_AW_5_seed_120,proposed_nsga2_bs,Gyorgy-KOVACS_WH_Wide_AW_5,120,17,auto_from_instance,12,18,4,30,216,,,,,11,5,4,root > V:29 > BH:26 > BV:19 > BV:17,selected,2,inf,True,557,202,355,458.0,1.0,1.0,True,True,1,1,0,True,1,1,0,0,True,True,0,17,9,17,9,5,SS,sampled_pool,,,True,1.0,0.5,0.5,0.1,fixed,remove_random_aisle,offspring,feasible_start_adaptive_spacing,,,,feasible_start_adaptive_spacing,0.5,,True,auto_from_instance,0.75,0.35,"0,5,8,12,14,16,19,25,26,27,29,33,36,39,45,49,56","0,7,16,17,19,24,27,29,31",,,,,,"H[0,5,8,12,14,16,19,25,26,27,29,33,36,39,45,49,56]|V[0,7,16,17,19,24,27,29,31]",f590e28c4ca08f01adba87c9244bc357b1edb9bd
proposed_nsga2_bs_Gyorgy-KOVACS_WH_Wide_AW_5_seed_120,proposed_nsga2_bs,Gyorgy-KOVACS_WH_Wide_AW_5,120,17,auto_from_instance,12,18,4,30,216,,,,,12,5,4,root > V:29 > BH:26 > BV:19 > BV:17,selected,3,inf,True,557,202,355,460.0,1.0,1.0,True,True,1,1,0,True,1,1,0,0,True,True,0,17,9,17,9,5,SS,sampled_pool,,,True,1.0,0.5,0.5,0.1,fixed,remove_random_aisle,offspring,feasible_start_adaptive_spacing,,,,feasible_start_adaptive_spacing,0.5,,True,auto_from_instance,0.75,0.35,"0,5,8,12,14,16,19,25,26,27,29,33,36,39,45,49,56","0,7,16,17,19,24,27,29,31",,,,,,"H[0,5,8,12,14,16,19,25,26,27,29,33,36,39,45,49,56]|V[0,7,16,17,19,24,27,29,31]",0ccd7482bc13afbeac630bd0faf7012fe4b70f5c
proposed_nsga2_bs_Gyorgy-KOVACS_WH_Wide_AW_5_seed_120,proposed_nsga2_bs,Gyorgy-KOVACS_WH_Wide_AW_5,120,17,auto_from_instance,12,18,4,30,216,,,,,13,6,4,root > V:29 > BH:26 > BV:17 > BV:17,evaluated,4,inf,False,557,202,355,510.0,1.0,1.0,True,True,1,1,0,True,1,1,0,0,True,True,0,17,9,17,9,6,LS,sampled_pool,,,False,1.0,0.5,0.5,0.1,fixed,remove_random_aisle,offspring,feasible_start_adaptive_spacing,,,,feasible_start_adaptive_spacing,0.5,,True,auto_from_instance,0.75,0.35,"0,5,8,12,14,16,19,25,26,27,29,36,41,45,47,49,56","1,7,15,17,19,24,25,29,31",,,,,,"H[0,5,8,12,14,16,19,25,26,27,29,36,41,45,47,49,56]|V[1,7,15,17,19,24,25,29,31]",01a64afdd46edf4dc6b60538f107b837ec4162f0
