run_id,method,instance,seed,generation,budget_policy,auto_population_size,auto_generations,auto_beam_width,auto_max_depth,auto_decode_budget,restart_index,batch_index,within_batch_index,decode_budget,candidate_id,parent_chromosome_id,depth,trace,status,rank,crowding_distance,selected,storage_total,pick_faces,interior_storage,retrieval_penalty,door_connectivity_index,access_anchor_connectivity_index,has_door_connected_aisle,has_access_anchor_connected_aisle,aisle_components,anchor_connected_components,unanchored_aisle_components,single_aisle_component,access_network_components,aisle_access_network_components,unreachable_aisle_components,unreachable_aisle_cells,has_access_anchor_reachable_aisle_network,exact_width_ok,exact_width_violation_count,chromosome_h_active_count,chromosome_v_active_count,active_h_count,active_v_count,chromosome_index,sorting_rule,sorting_rule_mode,bs_rule_policy,bs_weight_policy,uses_scalar_score,rho,beam_w1,beam_w2,beam_lambda,adaptive_weight_mode,mutation_operator,initialization_mode,initialization_spacing_mode,adaptive_spacing_used,feasible_h_start_count,feasible_v_start_count,adaptive_spacing_mode,adaptive_spacing_alpha,adaptive_spacing_bf,auto_params_used,parameter_source,beta_h,beta_v,h_active_starts,v_active_starts,terminal,safety_max_depth_reached,feasible,feasibility_reason,storage_block_count,chromosome_signature,layout_signature
proposed_nsga2_bs_demo_layout_door_left_AW_2_seed_109,proposed_nsga2_bs,demo_layout_door_left_AW_2,109,0,auto_from_instance,10,15,3,28,150,,,,,1,1,11,root > H:20 > BH:15 > BV:8 > BV:15 > BV:7 > BV:3 > BV:11 > BV:4 > BV:8 > BV:12 > BV:16,selected,2,2.1085365853658535,True,258,203,55,83.0,1.0,1.0,True,True,1,1,0,True,2,1,0,0,True,True,0,4,10,4,10,1,LS,sampled_pool,,,False,0.06666666666666667,0.1,0.9333333333333333,0.1,adaptive,,feasible_start_adaptive_spacing,feasible_start_adaptive_spacing,True,21,16,feasible_start_adaptive_spacing,0.5,,True,auto_from_instance,0.75,0.35,"5,12,20","2,5,7",,,,,,"H[5,12,15,20]|V[2,3,4,5,7,8,11,12,15,16]",d982518f4ebf864395137220166f996a762679c6
proposed_nsga2_bs_demo_layout_door_left_AW_2_seed_109,proposed_nsga2_bs,demo_layout_door_left_AW_2,109,0,auto_from_instance,10,15,3,28,150,,,,,2,1,11,root > H:20 > BH:15 > BV:8 > BV:15 > BV:7 > BV:3 > BV:11 > BV:3 > BV:8 > BV:12 > BV:16,evaluated,2,0.0,False,258,203,55,83.0,1.0,1.0,True,True,1,1,0,True,2,1,0,0,True,True,0,4,9,4,9,1,LS,sampled_pool,,,False,0.06666666666666667,0.1,0.9333333333333333,0.1,adaptive,,feasible_start_adaptive_spacing,feasible_start_adaptive_spacing,True,21,16,feasible_start_adaptive_spacing,0.5,,True,auto_from_instance,0.75,0.35,"5,12,20","2,5,7",,,,,,"H[5,12,15,20]|V[2,3,5,7,8,11,12,15,16]",86bb020c709b03a0c23c5e454acf0ac9f6caa729
proposed_nsga2_bs_demo_layout_door_left_AW_2_seed_109,proposed_nsga2_bs,demo_layout_door_left_AW_2,109,0,auto_from_instance,10,15,3,28,150,,,,,3,1,11,root > H:20 > BH:15 > BV:8 > BV:15 > BV:7 > BV:3 > BV:11 > BV:3 > BV:7 > BV:12 > BV:16,evaluated,2,0.0,False,258,203,55,83.0,1.0,1.0,True,True,1,1,0,True,2,1,0,0,True,True,0,4,9,4,9,1,LS,sampled_pool,,,False,0.06666666666666667,0.1,0.9333333333333333,0.1,adaptive,,feasible_start_adaptive_spacing,feasible_start_adaptive_spacing,True,21,16,feasible_start_adaptive_spacing,0.5,,True,auto_from_instance,0.75,0.35,"5,12,20","2,5,7",,,,,,"H[5,12,15,20]|V[2,3,5,7,8,11,12,15,16]",7233afe334e302e629ab05dc17f193163120fbc7
proposed_nsga2_bs_demo_layout_door_left_AW_2_seed_109,proposed_nsga2_bs,demo_layout_door_left_AW_2,109,0,auto_from_instance,10,15,3,28,150,,,,,4,1,11,root > H:20 > BH:15 > BV:8 > BV:15 > BV:7 > BV:3 > BV:11 > BV:3 > BV:7 > BV:11 > BV:16,selected,2,inf,True,258,203,55,83.0,1.0,1.0,True,True,1,1,0,True,2,1,0,0,True,True,0,4,8,4,8,1,LS,sampled_pool,,,False,0.06666666666666667,0.1,0.9333333333333333,0.1,adaptive,,feasible_start_adaptive_spacing,feasible_start_adaptive_spacing,True,21,16,feasible_start_adaptive_spacing,0.5,,True,auto_from_instance,0.75,0.35,"5,12,20","2,5,7",,,,,,"H[5,12,15,20]|V[2,3,5,7,8,11,15,16]",c45f841049699ac7c3f33dc754d38f31acf59f4a
proposed_nsga2_bs_demo_layout_door_left_AW_2_seed_109,proposed_nsga2_bs,demo_layout_door_left_AW_2,109,0,auto_from_instance,10,15,3,28,150,,,,,5,2,7,root > H:22 > BH:3 > BV:8 > BV:4 > BH:12 > BH:16 > BH:7,evaluated,6,inf,False,288,182,106,132.0,1.0,1.0,True,True,1,1,0,True,2,1,0,0,True,True,0,5,5,5,5,2,PF_SS,sampled_pool,,,True,0.06666666666666667,0.1,0.9333333333333333,0.1,adaptive,,feasible_start_adaptive_spacing,feasible_start_adaptive_spacing,True,21,16,feasible_start_adaptive_spacing,0.5,,True,auto_from_instance,0.75,0.35,"7,16,22","2,6,16",,,,,,"H[3,7,12,16,22]|V[2,4,6,8,16]",9359e52a22e380a780db6f430e92629014994cd1
proposed_nsga2_bs_demo_layout_door_left_AW_2_seed_109,proposed_nsga2_bs,demo_layout_door_left_AW_2,109,0,auto_from_instance,10,15,3,28,150,,,,,6,2,7,root > H:22 > BH:3 > BV:8 > BV:3 > BH:12 > BH:16 > BH:7,evaluated,6,0.0,False,288,182,106,132.0,1.0,1.0,True,True,1,1,0,True,2,1,0,0,True,True,0,5,5,5,5,2,PF_SS,sampled_pool,,,True,0.06666666666666667,0.1,0.9333333333333333,0.1,adaptive,,feasible_start_adaptive_spacing,feasible_start_adaptive_spacing,True,21,16,feasible_start_adaptive_spacing,0.5,,True,auto_from_instance,0.75,0.35,"7,16,22","2,6,16",,,,,,"H[3,7,12,16,22]|V[2,3,6,8,16]",013610e843e58300d3194c91aca63d9044e32254
proposed_nsga2_bs_demo_layout_door_left_AW_2_seed_109,proposed_nsga2_bs,demo_layout_door_left_AW_2,109,0,auto_from_instance,10,15,3,28,150,,,,,7,3,8,root > H:23 > BH:3 > BV:8 > BV:4 > BH:15 > BH:11 > BH:19 > BH:7,selected,2,inf,True,264,206,58,56.0,1.0,1.0,True,True,1,1,0,True,2,1,0,0,True,True,0,6,5,6,5,3,PF_SS_RP,sampled_pool,,,True,0.06666666666666667,0.1,0.9333333333333333,0.1,adaptive,,feasible_start_adaptive_spacing,feasible_start_adaptive_spacing,True,21,16,feasible_start_adaptive_spacing,0.5,,True,auto_from_instance,0.75,0.35,23,"5,11,16",,,,,,"H[3,7,11,15,19,23]|V[4,5,8,11,16]",b4f3b6b1f3b7c162f1aa47b8e32924f8269a1747
proposed_nsga2_bs_demo_layout_door_left_AW_2_seed_109,proposed_nsga2_bs,demo_layout_door_left_AW_2,109,0,auto_from_instance,10,15,3,28,150,,,,,8,4,12,root > H:23 > BH:15 > BV:8 > BV:14 > BV:7 > BV:3 > BH:19 > BH:19 > BH:11 > BH:5 > BV:18 > BV:18,evaluated,3,inf,False,254,193,61,75.0,1.0,1.0,True,True,1,1,0,True,2,1,0,0,True,True,0,6,7,6,7,4,LS_PF,sampled_pool,,,False,0.06666666666666667,0.1,0.9333333333333333,0.1,adaptive,,feasible_start_adaptive_spacing,feasible_start_adaptive_spacing,True,21,16,feasible_start_adaptive_spacing,0.5,,True,auto_from_instance,0.75,0.35,"7,15,23","2,11,18",,,,,,"H[5,7,11,15,19,23]|V[2,3,7,8,11,14,18]",3e03a717638640895c16004957cc530ffda5b50b
proposed_nsga2_bs_demo_layout_door_left_AW_2_seed_109,proposed_nsga2_bs,demo_layout_door_left_AW_2,109,0,auto_from_instance,10,15,3,28,150,,,,,9,5,7,root > H:4 > BH:23 > BV:8 > BV:4 > BH:14 > BH:19 > BH:10,evaluated,6,0.0,False,288,182,106,132.0,1.0,1.0,True,True,1,1,0,True,2,1,0,0,True,True,0,5,4,5,4,5,PF_LS_RP,sampled_pool,,,False,0.06666666666666667,0.1,0.9333333333333333,0.1,adaptive,,feasible_start_adaptive_spacing,feasible_start_adaptive_spacing,True,21,16,feasible_start_adaptive_spacing,0.5,,True,auto_from_instance,0.75,0.35,4,"2,4,17",,,,,,"H[4,10,14,19,23]|V[2,4,8,17]",34660bc032e4cd33cf5fd0ddcc9e0d9c44368de1
proposed_nsga2_bs_demo_layout_door_left_AW_2_seed_109,proposed_nsga2_bs,demo_layout_door_left_AW_2,109,0,auto_from_instance,10,15,3,28,150,,,,,10,5,7,root > H:4 > BH:23 > BV:8 > BV:3 > BH:14 > BH:19 > BH:10,evaluated,6,0.0,False,288,182,106,132.0,1.0,1.0,True,True,1,1,0,True,2,1,0,0,True,True,0,5,5,5,5,5,PF_LS_RP,sampled_pool,,,False,0.06666666666666667,0.1,0.9333333333333333,0.1,adaptive,,feasible_start_adaptive_spacing,feasible_start_adaptive_spacing,True,21,16,feasible_start_adaptive_spacing,0.5,,True,auto_from_instance,0.75,0.35,4,"2,4,17",,,,,,"H[4,10,14,19,23]|V[2,3,4,8,17]",02041755599be8f440d29ae5d4343278c9d1f3ca
proposed_nsga2_bs_demo_layout_door_left_AW_2_seed_109,proposed_nsga2_bs,demo_layout_door_left_AW_2,109,0,auto_from_instance,10,15,3,28,150,,,,,11,6,12,root > V:12 > BH:13 > BV:7 > BV:7 > BV:3 > BV:3 > BH:23 > BH:19 > BH:15 > BH:11 > BH:3 > BH:7,selected,0,inf,True,250,214,36,36.0,1.0,1.0,True,True,1,1,0,True,3,1,0,0,True,True,0,8,4,8,4,6,SS_LS_PF,sampled_pool,,,True,0.06666666666666667,0.1,0.9333333333333333,0.1,adaptive,,feasible_start_adaptive_spacing,feasible_start_adaptive_spacing,True,21,16,feasible_start_adaptive_spacing,0.5,,True,auto_from_instance,0.75,0.35,"7,12,23","3,11,12",,,,,,"H[3,7,11,12,13,15,19,23]|V[3,7,11,12]",eb03952090a874660b7fb214554a0aa56a73029e
proposed_nsga2_bs_demo_layout_door_left_AW_2_seed_109,proposed_nsga2_bs,demo_layout_door_left_AW_2,109,0,auto_from_instance,10,15,3,28,150,,,,,12,6,12,root > V:12 > BH:13 > BV:7 > BV:7 > BV:3 > BV:3 > BH:3 > BH:7 > BH:11 > BH:15 > BH:23 > BV:16,selected,1,inf,True,250,208,42,42.0,1.0,1.0,True,True,1,1,0,True,3,1,0,0,True,True,0,7,5,7,5,6,SS_LS_PF,sampled_pool,,,True,0.06666666666666667,0.1,0.9333333333333333,0.1,adaptive,,feasible_start_adaptive_spacing,feasible_start_adaptive_spacing,True,21,16,feasible_start_adaptive_spacing,0.5,,True,auto_from_instance,0.75,0.35,"7,12,23","3,11,12",,,,,,"H[3,7,11,12,13,15,23]|V[3,7,11,12,16]",00a9d8d47000946aa25bf8cbdb36931d5b5d4b7d
proposed_nsga2_bs_demo_layout_door_left_AW_2_seed_109,proposed_nsga2_bs,demo_layout_door_left_AW_2,109,0,auto_from_instance,10,15,3,28,150,,,,,13,6,12,root > V:12 > BH:13 > BV:7 > BV:7 > BV:3 > BV:3 > BH:23 > BH:19 > BH:15 > BH:11 > BH:3 > BV:16,selected,1,inf,True,250,208,42,42.0,1.0,1.0,True,True,1,1,0,True,3,1,0,0,True,True,0,8,5,8,5,6,SS_LS_PF,sampled_pool,,,True,0.06666666666666667,0.1,0.9333333333333333,0.1,adaptive,,feasible_start_adaptive_spacing,feasible_start_adaptive_spacing,True,21,16,feasible_start_adaptive_spacing,0.5,,True,auto_from_instance,0.75,0.35,"7,12,23","3,11,12",,,,,,"H[3,7,11,12,13,15,19,23]|V[3,7,11,12,16]",d0525a507710a5664c0df826d850c16891cba894
proposed_nsga2_bs_demo_layout_door_left_AW_2_seed_109,proposed_nsga2_bs,demo_layout_door_left_AW_2,109,0,auto_from_instance,10,15,3,28,150,,,,,14,6,12,root > V:12 > BH:13 > BV:7 > BV:7 > BV:3 > BV:3 > BH:3 > BH:7 > BH:11 > BH:15 > BH:23 > BV:18,selected,2,inf,True,250,202,48,42.0,1.0,1.0,True,True,1,1,0,True,3,1,0,0,True,True,0,7,5,7,5,6,SS_LS_PF,sampled_pool,,,True,0.06666666666666667,0.1,0.9333333333333333,0.1,adaptive,,feasible_start_adaptive_spacing,feasible_start_adaptive_spacing,True,21,16,feasible_start_adaptive_spacing,0.5,,True,auto_from_instance,0.75,0.35,"7,12,23","3,11,12",,,,,,"H[3,7,11,12,13,15,23]|V[3,7,11,12,18]",5e05b9e2be6409b0235baa53bcd3246806d24e85
proposed_nsga2_bs_demo_layout_door_left_AW_2_seed_109,proposed_nsga2_bs,demo_layout_door_left_AW_2,109,0,auto_from_instance,10,15,3,28,150,,,,,15,7,12,root > V:13 > BH:13 > BV:7 > BV:7 > BV:3 > BV:3 > BH:23 > BH:19 > BH:15 > BH:11 > BH:7 > BH:3,selected,0,inf,True,260,202,58,34.0,1.0,1.0,True,True,1,1,0,True,3,1,0,0,True,True,0,10,4,10,4,7,PF_SS_RP,sampled_pool,,,True,0.06666666666666667,0.1,0.9333333333333333,0.1,adaptive,,feasible_start_adaptive_spacing,feasible_start_adaptive_spacing,True,21,16,feasible_start_adaptive_spacing,0.5,,True,auto_from_instance,0.75,0.35,"4,12,20","4,7,13",,,,,,"H[3,4,7,11,12,13,15,19,20,23]|V[3,4,7,13]",146759e3ef785e80ae78bd95708e7576b0df1241
proposed_nsga2_bs_demo_layout_door_left_AW_2_seed_109,proposed_nsga2_bs,demo_layout_door_left_AW_2,109,0,auto_from_instance,10,15,3,28,150,,,,,16,7,12,root > V:13 > BH:13 > BV:7 > BV:7 > BV:3 > BV:3 > BH:3 > BH:7 > BH:11 > BH:15 > BH:19 > BH:25,selected,1,inf,True,260,197,63,34.0,1.0,1.0,True,True,1,1,0,True,3,1,0,0,True,True,0,10,4,10,4,7,PF_SS_RP,sampled_pool,,,True,0.06666666666666667,0.1,0.9333333333333333,0.1,adaptive,,feasible_start_adaptive_spacing,feasible_start_adaptive_spacing,True,21,16,feasible_start_adaptive_spacing,0.5,,True,auto_from_instance,0.75,0.35,"4,12,20","4,7,13",,,,,,"H[3,4,7,11,12,13,15,19,20,25]|V[3,4,7,13]",4317ed1efabe31038ca0b969ea3e4e750cdf03f2
proposed_nsga2_bs_demo_layout_door_left_AW_2_seed_109,proposed_nsga2_bs,demo_layout_door_left_AW_2,109,0,auto_from_instance,10,15,3,28,150,,,,,17,8,10,root > H:11 > BV:15 > BV:11 > BV:7 > BH:3 > BV:7 > BV:3 > BV:11 > BV:3 > BH:7,selected,0,inf,True,254,217,37,63.0,1.0,1.0,True,True,1,1,0,True,3,1,0,0,True,True,0,5,5,5,5,8,RP_LS,sampled_pool,,,False,0.06666666666666667,0.1,0.9333333333333333,0.1,adaptive,,feasible_start_adaptive_spacing,feasible_start_adaptive_spacing,True,21,16,feasible_start_adaptive_spacing,0.5,,True,auto_from_instance,0.75,0.35,"11,21,25","7,14,15",,,,,,"H[3,7,11,21,25]|V[3,7,11,14,15]",84d6181326b17f88de9c9ddfea7c1967c805f346
proposed_nsga2_bs_demo_layout_door_left_AW_2_seed_109,proposed_nsga2_bs,demo_layout_door_left_AW_2,109,0,auto_from_instance,10,15,3,28,150,,,,,18,9,7,root > H:4 > BH:23 > BV:8 > BV:4 > BH:15 > BH:11 > BH:19,evaluated,6,inf,False,288,183,105,152.0,1.0,1.0,True,True,1,1,0,True,2,1,0,0,True,True,0,5,4,5,4,9,PF,sampled_pool,,,False,0.06666666666666667,0.1,0.9333333333333333,0.1,adaptive,,feasible_start_adaptive_spacing,feasible_start_adaptive_spacing,True,21,16,feasible_start_adaptive_spacing,0.5,,True,auto_from_instance,0.75,0.35,4,"2,4,15",,,,,,"H[4,11,15,19,23]|V[2,4,8,15]",404deac3e931d5b280b8d5d04972b81627dcb8de
proposed_nsga2_bs_demo_layout_door_left_AW_2_seed_109,proposed_nsga2_bs,demo_layout_door_left_AW_2,109,0,auto_from_instance,10,15,3,28,150,,,,,19,9,7,root > H:4 > BH:23 > BV:8 > BV:4 > BH:15 > BH:19 > BH:10,evaluated,6,inf,False,288,182,106,132.0,1.0,1.0,True,True,1,1,0,True,2,1,0,0,True,True,0,5,4,5,4,9,PF,sampled_pool,,,False,0.06666666666666667,0.1,0.9333333333333333,0.1,adaptive,,feasible_start_adaptive_spacing,feasible_start_adaptive_spacing,True,21,16,feasible_start_adaptive_spacing,0.5,,True,auto_from_instance,0.75,0.35,4,"2,4,15",,,,,,"H[4,10,15,19,23]|V[2,4,8,15]",abf8a71d5a23da3e6cc5da20a9a42e5dcd184869
proposed_nsga2_bs_demo_layout_door_left_AW_2_seed_109,proposed_nsga2_bs,demo_layout_door_left_AW_2,109,0,auto_from_instance,10,15,3,28,150,,,,,20,10,12,root > H:14 > BV:14 > BV:12 > BV:7 > BV:3 > BV:7 > BV:3 > BH:18 > BH:23 > BH:9 > BH:3 > BV:18,evaluated,4,inf,False,262,192,70,83.0,1.0,1.0,True,True,1,1,0,True,3,1,0,0,True,True,0,6,8,6,8,10,SS_LS_PF,sampled_pool,,,True,0.06666666666666667,0.13021395226838417,0.9333333333333333,0.1,adaptive,,feasible_start_adaptive_spacing,feasible_start_adaptive_spacing,True,21,16,feasible_start_adaptive_spacing,0.5,,True,auto_from_instance,0.75,0.35,"14,19","2,5,6",,,,,,"H[3,9,14,18,19,23]|V[2,3,5,6,7,12,14,18]",6b87c8d283350b099caa7f9b6a3ce88c8c2edc46
proposed_nsga2_bs_demo_layout_door_left_AW_2_seed_109,proposed_nsga2_bs,demo_layout_door_left_AW_2,109,0,auto_from_instance,10,15,3,28,150,,,,,21,10,12,root > H:14 > BV:14 > BV:12 > BV:7 > BV:3 > BV:7 > BV:3 > BH:18 > BH:23 > BH:10 > BH:4 > BV:18,evaluated,5,inf,False,262,192,70,91.0,1.0,1.0,True,True,1,1,0,True,3,1,0,0,True,True,0,6,8,6,8,10,SS_LS_PF,sampled_pool,,,True,0.06666666666666667,0.13021395226838417,0.9333333333333333,0.1,adaptive,,feasible_start_adaptive_spacing,feasible_start_adaptive_spacing,True,21,16,feasible_start_adaptive_spacing,0.5,,True,auto_from_instance,0.75,0.35,"14,19","2,5,6",,,,,,"H[4,10,14,18,19,23]|V[2,3,5,6,7,12,14,18]",7fcf518c078b53798b0dc1f21f0f931fbeec8cd4
proposed_nsga2_bs_demo_layout_door_left_AW_2_seed_109,proposed_nsga2_bs,demo_layout_door_left_AW_2,109,1,auto_from_instance,10,15,3,28,150,,,,,1,1,12,root > V:12 > BH:13 > BV:7 > BV:7 > BV:3 > BV:3 > BH:23 > BH:19 > BH:15 > BH:11 > BH:3 > BH:7,selected,2,inf,True,250,214,36,36.0,1.0,1.0,True,True,1,1,0,True,3,1,0,0,True,True,0,8,6,8,6,1,SS,sampled_pool,,,True,0.13333333333333333,0.22270604883033723,0.8666666666666667,0.1,adaptive,insert_random_aisle,offspring,feasible_start_adaptive_spacing,,,,feasible_start_adaptive_spacing,0.5,,True,auto_from_instance,0.75,0.35,"3,7,11,12,13,15,19,23","3,7,11,12,16,18",,,,,,"H[3,7,11,12,13,15,19,23]|V[3,7,11,12,16,18]",eb03952090a874660b7fb214554a0aa56a73029e
proposed_nsga2_bs_demo_layout_door_left_AW_2_seed_109,proposed_nsga2_bs,demo_layout_door_left_AW_2,109,1,auto_from_instance,10,15,3,28,150,,,,,2,1,12,root > V:12 > BH:13 > BV:7 > BV:7 > BV:3 > BV:3 > BH:3 > BH:7 > BH:11 > BH:15 > BH:23 > BV:16,evaluated,4,inf,False,250,208,42,42.0,1.0,1.0,True,True,1,1,0,True,3,1,0,0,True,True,0,8,6,8,6,1,SS,sampled_pool,,,True,0.13333333333333333,0.22270604883033723,0.8666666666666667,0.1,adaptive,insert_random_aisle,offspring,feasible_start_adaptive_spacing,,,,feasible_start_adaptive_spacing,0.5,,True,auto_from_instance,0.75,0.35,"3,7,11,12,13,15,19,23","3,7,11,12,16,18",,,,,,"H[3,7,11,12,13,15,19,23]|V[3,7,11,12,16,18]",00a9d8d47000946aa25bf8cbdb36931d5b5d4b7d
proposed_nsga2_bs_demo_layout_door_left_AW_2_seed_109,proposed_nsga2_bs,demo_layout_door_left_AW_2,109,1,auto_from_instance,10,15,3,28,150,,,,,3,1,12,root > V:12 > BH:13 > BV:7 > BV:7 > BV:3 > BV:3 > BH:23 > BH:19 > BH:15 > BH:11 > BH:3 > BV:16,evaluated,4,inf,False,250,208,42,42.0,1.0,1.0,True,True,1,1,0,True,3,1,0,0,True,True,0,8,6,8,6,1,SS,sampled_pool,,,True,0.13333333333333333,0.22270604883033723,0.8666666666666667,0.1,adaptive,insert_random_aisle,offspring,feasible_start_adaptive_spacing,,,,feasible_start_adaptive_spacing,0.5,,True,auto_from_instance,0.75,0.35,"3,7,11,12,13,15,19,23","3,7,11,12,16,18",,,,,,"H[3,7,11,12,13,15,19,23]|V[3,7,11,12,16,18]",d0525a507710a5664c0df826d850c16891cba894
proposed_nsga2_bs_demo_layout_door_left_AW_2_seed_109,proposed_nsga2_bs,demo_layout_door_left_AW_2,109,1,auto_from_instance,10,15,3,28,150,,,,,4,1,12,root > V:12 > BH:13 > BV:7 > BV:7 > BV:3 > BV:3 > BH:3 > BH:7 > BH:11 > BH:15 > BH:23 > BV:18,evaluated,5,inf,False,250,202,48,42.0,1.0,1.0,True,True,1,1,0,True,3,1,0,0,True,True,0,8,6,8,6,1,SS,sampled_pool,,,True,0.13333333333333333,0.22270604883033723,0.8666666666666667,0.1,adaptive,insert_random_aisle,offspring,feasible_start_adaptive_spacing,,,,feasible_start_adaptive_spacing,0.5,,True,auto_from_instance,0.75,0.35,"3,7,11,12,13,15,19,23","3,7,11,12,16,18",,,,,,"H[3,7,11,12,13,15,19,23]|V[3,7,11,12,16,18]",5e05b9e2be6409b0235baa53bcd3246806d24e85
proposed_nsga2_bs_demo_layout_door_left_AW_2_seed_109,proposed_nsga2_bs,demo_layout_door_left_AW_2,109,1,auto_from_instance,10,15,3,28,150,,,,,5,3,12,root > V:12 > BH:13 > BV:7 > BV:3 > BV:7 > BV:3 > BH:23 > BH:19 > BH:15 > BH:11 > BH:7 > BV:16,selected,2,2.3685064935064934,True,250,214,36,36.0,1.0,1.0,True,True,1,1,0,True,3,1,0,0,True,True,0,9,5,9,5,3,LS_PF,sampled_pool,,,False,0.13333333333333333,0.127636286996481,0.8666666666666667,0.1,adaptive,bit_flip,offspring,feasible_start_adaptive_spacing,,,,feasible_start_adaptive_spacing,0.5,,True,auto_from_instance,0.75,0.35,"3,7,11,12,15,18,23","3,7,11,12,16",,,,,,"H[3,7,11,12,13,15,18,19,23]|V[3,7,11,12,16]",0fdb9192f0d4acf2b6dd22b4a8e053ab5a7ed4a9
proposed_nsga2_bs_demo_layout_door_left_AW_2_seed_109,proposed_nsga2_bs,demo_layout_door_left_AW_2,109,1,auto_from_instance,10,15,3,28,150,,,,,6,3,12,root > V:12 > BH:13 > BV:7 > BV:3 > BV:7 > BV:3 > BH:23 > BH:19 > BH:15 > BH:11 > BH:6 > BV:16,selected,3,inf,True,252,211,41,41.0,1.0,1.0,True,True,1,1,0,True,3,1,0,0,True,True,0,10,5,10,5,3,LS_PF,sampled_pool,,,False,0.13333333333333333,0.127636286996481,0.8666666666666667,0.1,adaptive,bit_flip,offspring,feasible_start_adaptive_spacing,,,,feasible_start_adaptive_spacing,0.5,,True,auto_from_instance,0.75,0.35,"3,7,11,12,15,18,23","3,7,11,12,16",,,,,,"H[3,6,7,11,12,13,15,18,19,23]|V[3,7,11,12,16]",1e51df56ad9655663d1175b2036f4a44cf7e7571
proposed_nsga2_bs_demo_layout_door_left_AW_2_seed_109,proposed_nsga2_bs,demo_layout_door_left_AW_2,109,1,auto_from_instance,10,15,3,28,150,,,,,7,3,12,root > V:12 > BH:13 > BV:7 > BV:3 > BV:7 > BV:3 > BH:23 > BH:19 > BH:15 > BH:11 > BH:7 > BV:18,evaluated,3,1.6698232323232323,False,250,208,42,36.0,1.0,1.0,True,True,1,1,0,True,3,1,0,0,True,True,0,9,6,9,6,3,LS_PF,sampled_pool,,,False,0.13333333333333333,0.127636286996481,0.8666666666666667,0.1,adaptive,bit_flip,offspring,feasible_start_adaptive_spacing,,,,feasible_start_adaptive_spacing,0.5,,True,auto_from_instance,0.75,0.35,"3,7,11,12,15,18,23","3,7,11,12,16",,,,,,"H[3,7,11,12,13,15,18,19,23]|V[3,7,11,12,16,18]",e93a25c3a7092c6fe076b314782c6184f8ddb22d
proposed_nsga2_bs_demo_layout_door_left_AW_2_seed_109,proposed_nsga2_bs,demo_layout_door_left_AW_2,109,1,auto_from_instance,10,15,3,28,150,,,,,8,4,12,root > V:11 > BH:13 > BV:7 > BV:3 > BV:7 > BV:3 > BH:23 > BH:19 > BH:15 > BH:11 > BH:7 > BV:16,selected,0,inf,True,242,221,21,19.0,1.0,1.0,True,True,1,1,0,True,3,1,0,0,True,True,0,7,7,7,7,4,PF_LS,sampled_pool,,,False,0.13333333333333333,0.18088818617500577,0.8666666666666667,0.1,adaptive,remove_random_aisle,offspring,feasible_start_adaptive_spacing,,,,feasible_start_adaptive_spacing,0.5,,True,auto_from_instance,0.75,0.35,"3,7,11,13,15,19,23","4,5,8,11",,,,,,"H[3,7,11,13,15,19,23]|V[3,4,5,7,8,11,16]",627f5f011286a51e53ea2a3f058907c3bf137492
proposed_nsga2_bs_demo_layout_door_left_AW_2_seed_109,proposed_nsga2_bs,demo_layout_door_left_AW_2,109,1,auto_from_instance,10,15,3,28,150,,,,,9,4,12,root > V:11 > BH:13 > BV:7 > BV:3 > BV:7 > BV:3 > BH:23 > BH:19 > BH:15 > BH:11 > BH:7 > BV:15,selected,1,inf,True,242,221,21,31.0,1.0,1.0,True,True,1,1,0,True,3,1,0,0,True,True,0,7,7,7,7,4,PF_LS,sampled_pool,,,False,0.13333333333333333,0.18088818617500577,0.8666666666666667,0.1,adaptive,remove_random_aisle,offspring,feasible_start_adaptive_spacing,,,,feasible_start_adaptive_spacing,0.5,,True,auto_from_instance,0.75,0.35,"3,7,11,13,15,19,23","4,5,8,11",,,,,,"H[3,7,11,13,15,19,23]|V[3,4,5,7,8,11,15]",74a43f34c28513c177b45dfa11b4ad5018267e66
proposed_nsga2_bs_demo_layout_door_left_AW_2_seed_109,proposed_nsga2_bs,demo_layout_door_left_AW_2,109,1,auto_from_instance,10,15,3,28,150,,,,,10,4,12,root > V:11 > BH:13 > BV:7 > BV:3 > BV:7 > BV:3 > BH:23 > BH:19 > BH:15 > BH:11 > BH:6 > BV:16,selected,1,inf,True,244,218,26,24.0,1.0,1.0,True,True,1,1,0,True,3,1,0,0,True,True,0,8,7,8,7,4,PF_LS,sampled_pool,,,False,0.13333333333333333,0.18088818617500577,0.8666666666666667,0.1,adaptive,remove_random_aisle,offspring,feasible_start_adaptive_spacing,,,,feasible_start_adaptive_spacing,0.5,,True,auto_from_instance,0.75,0.35,"3,7,11,13,15,19,23","4,5,8,11",,,,,,"H[3,6,7,11,13,15,19,23]|V[3,4,5,7,8,11,16]",9d2bef254fe4200a905b834b4fd660ac7b32ca84
proposed_nsga2_bs_demo_layout_door_left_AW_2_seed_109,proposed_nsga2_bs,demo_layout_door_left_AW_2,109,1,auto_from_instance,10,15,3,28,150,,,,,11,4,12,root > V:11 > BH:13 > BV:7 > BV:3 > BV:7 > BV:3 > BH:23 > BH:19 > BH:15 > BH:10 > BH:6 > BV:16,selected,1,inf,True,244,218,26,24.0,1.0,1.0,True,True,1,1,0,True,3,1,0,0,True,True,0,9,7,9,7,4,PF_LS,sampled_pool,,,False,0.13333333333333333,0.18088818617500577,0.8666666666666667,0.1,adaptive,remove_random_aisle,offspring,feasible_start_adaptive_spacing,,,,feasible_start_adaptive_spacing,0.5,,True,auto_from_instance,0.75,0.35,"3,7,11,13,15,19,23","4,5,8,11",,,,,,"H[3,6,7,10,11,13,15,19,23]|V[3,4,5,7,8,11,16]",7672b331a78ce3d15e090f5fd6149d7c6a8616b0
proposed_nsga2_bs_demo_layout_door_left_AW_2_seed_109,proposed_nsga2_bs,demo_layout_door_left_AW_2,109,1,auto_from_instance,10,15,3,28,150,,,,,12,6,10,root > V:11 > BH:13 > BH:5 > BH:14 > BH:22 > BV:5 > BV:5 > BH:10 > BV:16 > BH:18,evaluated,7,inf,False,294,167,127,91.0,1.0,1.0,True,True,1,1,0,True,3,1,0,0,True,True,0,12,7,12,7,6,RP,sampled_pool,,,False,0.13333333333333333,0.10539930141778293,0.8666666666666667,0.1,adaptive,insert_random_aisle,offspring,feasible_start_adaptive_spacing,,,,feasible_start_adaptive_spacing,0.5,,True,auto_from_instance,0.75,0.35,"3,7,8,11,19,23","3,7,11,14,15",,,,,,"H[3,5,7,8,10,11,13,14,18,19,22,23]|V[3,5,7,11,14,15,16]",57a34fd8947d6fe9f4b48efa686d979ecdb1280d
proposed_nsga2_bs_demo_layout_door_left_AW_2_seed_109,proposed_nsga2_bs,demo_layout_door_left_AW_2,109,1,auto_from_instance,10,15,3,28,150,,,,,13,6,10,root > V:11 > BH:13 > BH:5 > BH:14 > BH:22 > BV:5 > BV:5 > BH:9 > BV:16 > BH:18,evaluated,7,0.0,False,294,167,127,91.0,1.0,1.0,True,True,1,1,0,True,3,1,0,0,True,True,0,12,7,12,7,6,RP,sampled_pool,,,False,0.13333333333333333,0.10539930141778293,0.8666666666666667,0.1,adaptive,insert_random_aisle,offspring,feasible_start_adaptive_spacing,,,,feasible_start_adaptive_spacing,0.5,,True,auto_from_instance,0.75,0.35,"3,7,8,11,19,23","3,7,11,14,15",,,,,,"H[3,5,7,8,9,11,13,14,18,19,22,23]|V[3,5,7,11,14,15,16]",ccdb209ae8572e3983d4dba64d2ac0cc4d37aff2
proposed_nsga2_bs_demo_layout_door_left_AW_2_seed_109,proposed_nsga2_bs,demo_layout_door_left_AW_2,109,1,auto_from_instance,10,15,3,28,150,,,,,14,6,10,root > V:11 > BH:13 > BH:5 > BH:13 > BH:22 > BV:5 > BV:5 > BH:18 > BV:16 > BH:9,evaluated,7,0.0,False,294,167,127,91.0,1.0,1.0,True,True,1,1,0,True,3,1,0,0,True,True,0,11,7,11,7,6,RP,sampled_pool,,,False,0.13333333333333333,0.10539930141778293,0.8666666666666667,0.1,adaptive,insert_random_aisle,offspring,feasible_start_adaptive_spacing,,,,feasible_start_adaptive_spacing,0.5,,True,auto_from_instance,0.75,0.35,"3,7,8,11,19,23","3,7,11,14,15",,,,,,"H[3,5,7,8,9,11,13,18,19,22,23]|V[3,5,7,11,14,15,16]",d4829d7f54b6ab3fbbdcfb2cc9c753af6bc4519f
proposed_nsga2_bs_demo_layout_door_left_AW_2_seed_109,proposed_nsga2_bs,demo_layout_door_left_AW_2,109,1,auto_from_instance,10,15,3,28,150,,,,,15,6,10,root > V:11 > BH:13 > BH:5 > BH:13 > BH:22 > BV:5 > BV:5 > BH:17 > BV:16 > BH:9,evaluated,7,inf,False,294,167,127,91.0,1.0,1.0,True,True,1,1,0,True,3,1,0,0,True,True,0,11,7,11,7,6,RP,sampled_pool,,,False,0.13333333333333333,0.10539930141778293,0.8666666666666667,0.1,adaptive,insert_random_aisle,offspring,feasible_start_adaptive_spacing,,,,feasible_start_adaptive_spacing,0.5,,True,auto_from_instance,0.75,0.35,"3,7,8,11,19,23","3,7,11,14,15",,,,,,"H[3,5,7,8,9,11,13,17,19,22,23]|V[3,5,7,11,14,15,16]",e69ffa61eb0514ae25176e253684619ed8177e06
proposed_nsga2_bs_demo_layout_door_left_AW_2_seed_109,proposed_nsga2_bs,demo_layout_door_left_AW_2,109,1,auto_from_instance,10,15,3,28,150,,,,,16,8,8,root > V:16 > BH:13 > BV:12 > BV:12 > BV:7 > BV:3 > BV:7 > BV:3,selected,2,inf,True,266,216,50,50.0,1.0,1.0,True,True,1,1,0,True,3,1,0,0,True,True,0,8,5,8,5,8,LS,sampled_pool,,,False,0.13333333333333333,0.18199472619514487,0.8666666666666667,0.1,adaptive,break_symmetry,offspring,feasible_start_adaptive_spacing,,,,feasible_start_adaptive_spacing,0.5,,True,auto_from_instance,0.75,0.35,"3,7,11,12,13,15,20,23","3,7,11,12,16",,,,,,"H[3,7,11,12,13,15,20,23]|V[3,7,11,12,16]",63c9c1384eb0d63f6756e5f6c6567bc893aa1bf9
proposed_nsga2_bs_demo_layout_door_left_AW_2_seed_109,proposed_nsga2_bs,demo_layout_door_left_AW_2,109,1,auto_from_instance,10,15,3,28,150,,,,,17,8,8,root > V:16 > BH:13 > BV:12 > BV:12 > BV:7 > BV:3 > BV:4 > BV:8,selected,3,inf,True,266,215,51,50.0,1.0,1.0,True,True,1,1,0,True,3,1,0,0,True,True,0,8,7,8,7,8,LS,sampled_pool,,,False,0.13333333333333333,0.18199472619514487,0.8666666666666667,0.1,adaptive,break_symmetry,offspring,feasible_start_adaptive_spacing,,,,feasible_start_adaptive_spacing,0.5,,True,auto_from_instance,0.75,0.35,"3,7,11,12,13,15,20,23","3,7,11,12,16",,,,,,"H[3,7,11,12,13,15,20,23]|V[3,4,7,8,11,12,16]",a8183af7c877609dfef27086e193bd439e30741c
proposed_nsga2_bs_demo_layout_door_left_AW_2_seed_109,proposed_nsga2_bs,demo_layout_door_left_AW_2,109,1,auto_from_instance,10,15,3,28,150,,,,,18,9,12,root > V:13 > BH:13 > BV:7 > BV:7 > BV:3 > BV:3 > BH:23 > BH:19 > BH:15 > BH:11 > BH:7 > BH:3,selected,2,inf,True,260,202,58,34.0,1.0,1.0,True,True,1,1,0,True,3,1,0,0,True,True,0,9,6,9,6,9,PF_SS,sampled_pool,,,True,0.13333333333333333,0.2155068350837424,0.8666666666666667,0.1,adaptive,break_symmetry,offspring,feasible_start_adaptive_spacing,,,,feasible_start_adaptive_spacing,0.5,,True,auto_from_instance,0.75,0.35,"3,7,11,21,25","3,4,6,13,15",,,,,,"H[3,7,11,13,15,19,21,23,25]|V[3,4,6,7,13,15]",146759e3ef785e80ae78bd95708e7576b0df1241
proposed_nsga2_bs_demo_layout_door_left_AW_2_seed_109,proposed_nsga2_bs,demo_layout_door_left_AW_2,109,1,auto_from_instance,10,15,3,28,150,,,,,19,9,12,root > V:13 > BH:13 > BV:7 > BV:7 > BV:3 > BV:3 > BH:3 > BH:7 > BH:11 > BH:15 > BH:19 > BH:25,evaluated,3,inf,False,260,197,63,34.0,1.0,1.0,True,True,1,1,0,True,3,1,0,0,True,True,0,8,6,8,6,9,PF_SS,sampled_pool,,,True,0.13333333333333333,0.2155068350837424,0.8666666666666667,0.1,adaptive,break_symmetry,offspring,feasible_start_adaptive_spacing,,,,feasible_start_adaptive_spacing,0.5,,True,auto_from_instance,0.75,0.35,"3,7,11,21,25","3,4,6,13,15",,,,,,"H[3,7,11,13,15,19,21,25]|V[3,4,6,7,13,15]",4317ed1efabe31038ca0b969ea3e4e750cdf03f2
proposed_nsga2_bs_demo_layout_door_left_AW_2_seed_109,proposed_nsga2_bs,demo_layout_door_left_AW_2,109,1,auto_from_instance,10,15,3,28,150,,,,,20,10,12,root > H:23 > BH:15 > BV:8 > BV:14 > BV:7 > BV:3 > BH:19 > BH:19 > BH:11 > BH:5 > BV:18 > BV:18,evaluated,6,inf,False,254,193,61,75.0,1.0,1.0,True,True,1,1,0,True,2,1,0,0,True,True,0,11,5,11,5,10,LS_PF,sampled_pool,,,False,0.13333333333333333,0.1,0.8666666666666667,0.1,adaptive,bit_flip,offspring,feasible_start_adaptive_spacing,,,,feasible_start_adaptive_spacing,0.5,,True,auto_from_instance,0.75,0.35,"3,4,7,11,12,13,15,19,20,23","3,7,14",,,,,,"H[3,4,5,7,11,12,13,15,19,20,23]|V[3,7,8,14,18]",3e03a717638640895c16004957cc530ffda5b50b
proposed_nsga2_bs_demo_layout_door_left_AW_2_seed_109,proposed_nsga2_bs,demo_layout_door_left_AW_2,109,2,auto_from_instance,10,15,3,28,150,,,,,1,1,11,root > V:11 > BH:13 > BV:5 > BV:7 > BV:3 > BH:23 > BH:19 > BH:15 > BH:11 > BH:3 > BH:7,selected,2,inf,True,264,200,64,38.0,1.0,1.0,True,True,1,1,0,True,3,1,0,0,True,True,0,8,8,8,8,1,SS_LS_PF,sampled_pool,,,True,0.2,0.18327980390639004,0.8,0.1,adaptive,spacing_aware_flip,offspring,feasible_start_adaptive_spacing,,,,feasible_start_adaptive_spacing,0.5,,True,auto_from_instance,0.75,0.35,"3,6,7,11,13,15,19,23","3,4,5,7,8,11,16,19",,,,,,"H[3,6,7,11,13,15,19,23]|V[3,4,5,7,8,11,16,19]",8fa184aa4be39d0c9d758e1c08b392ab55edf5aa
proposed_nsga2_bs_demo_layout_door_left_AW_2_seed_109,proposed_nsga2_bs,demo_layout_door_left_AW_2,109,2,auto_from_instance,10,15,3,28,150,,,,,2,1,11,root > V:11 > BH:13 > BV:5 > BV:7 > BV:3 > BH:23 > BH:19 > BH:15 > BH:11 > BH:3 > BH:7,selected,2,inf,True,264,200,64,38.0,1.0,1.0,True,True,1,1,0,True,3,1,0,0,True,True,0,8,8,8,8,1,SS_LS_PF,sampled_pool,,,True,0.2,0.18327980390639004,0.8,0.1,adaptive,spacing_aware_flip,offspring,feasible_start_adaptive_spacing,,,,feasible_start_adaptive_spacing,0.5,,True,auto_from_instance,0.75,0.35,"3,6,7,11,13,15,19,23","3,4,5,7,8,11,16,19",,,,,,"H[3,6,7,11,13,15,19,23]|V[3,4,5,7,8,11,16,19]",dedb4967895b2fe3059d4245746810528f1d75e3
proposed_nsga2_bs_demo_layout_door_left_AW_2_seed_109,proposed_nsga2_bs,demo_layout_door_left_AW_2,109,2,auto_from_instance,10,15,3,28,150,,,,,3,2,12,root > V:12 > BH:13 > BV:7 > BV:3 > BV:7 > BV:3 > BH:23 > BH:19 > BH:15 > BH:11 > BH:7 > BH:3,selected,0,inf,True,250,214,36,36.0,1.0,1.0,True,True,1,1,0,True,3,1,0,0,True,True,0,9,5,9,5,2,LS_PF,sampled_pool,,,False,0.2,0.22402495129257372,0.8,0.1,adaptive,remove_random_aisle,offspring,feasible_start_adaptive_spacing,,,,feasible_start_adaptive_spacing,0.5,,True,auto_from_instance,0.75,0.35,"3,7,11,12,13,15,20","3,7,11,12,16",,,,,,"H[3,7,11,12,13,15,19,20,23]|V[3,7,11,12,16]",eb03952090a874660b7fb214554a0aa56a73029e
proposed_nsga2_bs_demo_layout_door_left_AW_2_seed_109,proposed_nsga2_bs,demo_layout_door_left_AW_2,109,2,auto_from_instance,10,15,3,28,150,,,,,4,2,12,root > V:12 > BH:13 > BV:7 > BV:3 > BV:7 > BV:3 > BH:23 > BH:19 > BH:15 > BH:11 > BH:7 > BV:16,selected,0,inf,True,250,214,36,36.0,1.0,1.0,True,True,1,1,0,True,3,1,0,0,True,True,0,9,5,9,5,2,LS_PF,sampled_pool,,,False,0.2,0.22402495129257372,0.8,0.1,adaptive,remove_random_aisle,offspring,feasible_start_adaptive_spacing,,,,feasible_start_adaptive_spacing,0.5,,True,auto_from_instance,0.75,0.35,"3,7,11,12,13,15,20","3,7,11,12,16",,,,,,"H[3,7,11,12,13,15,19,20,23]|V[3,7,11,12,16]",0fdb9192f0d4acf2b6dd22b4a8e053ab5a7ed4a9
proposed_nsga2_bs_demo_layout_door_left_AW_2_seed_109,proposed_nsga2_bs,demo_layout_door_left_AW_2,109,2,auto_from_instance,10,15,3,28,150,,,,,5,2,12,root > V:12 > BH:13 > BV:7 > BV:3 > BV:7 > BV:3 > BH:23 > BH:19 > BH:15 > BH:11 > BH:6 > BV:16,selected,1,inf,True,252,211,41,41.0,1.0,1.0,True,True,1,1,0,True,3,1,0,0,True,True,0,10,5,10,5,2,LS_PF,sampled_pool,,,False,0.2,0.22402495129257372,0.8,0.1,adaptive,remove_random_aisle,offspring,feasible_start_adaptive_spacing,,,,feasible_start_adaptive_spacing,0.5,,True,auto_from_instance,0.75,0.35,"3,7,11,12,13,15,20","3,7,11,12,16",,,,,,"H[3,6,7,11,12,13,15,19,20,23]|V[3,7,11,12,16]",1e51df56ad9655663d1175b2036f4a44cf7e7571
proposed_nsga2_bs_demo_layout_door_left_AW_2_seed_109,proposed_nsga2_bs,demo_layout_door_left_AW_2,109,2,auto_from_instance,10,15,3,28,150,,,,,6,2,12,root > V:12 > BH:13 > BV:7 > BV:3 > BV:7 > BV:3 > BH:23 > BH:19 > BH:15 > BH:11 > BH:7 > BV:18,selected,1,inf,True,250,208,42,36.0,1.0,1.0,True,True,1,1,0,True,3,1,0,0,True,True,0,9,6,9,6,2,LS_PF,sampled_pool,,,False,0.2,0.22402495129257372,0.8,0.1,adaptive,remove_random_aisle,offspring,feasible_start_adaptive_spacing,,,,feasible_start_adaptive_spacing,0.5,,True,auto_from_instance,0.75,0.35,"3,7,11,12,13,15,20","3,7,11,12,16",,,,,,"H[3,7,11,12,13,15,19,20,23]|V[3,7,11,12,16,18]",e93a25c3a7092c6fe076b314782c6184f8ddb22d
proposed_nsga2_bs_demo_layout_door_left_AW_2_seed_109,proposed_nsga2_bs,demo_layout_door_left_AW_2,109,2,auto_from_instance,10,15,3,28,150,,,,,7,3,8,root > V:15 > BH:13 > BV:7 > BV:7 > BV:3 > BV:3 > BV:11 > BV:11,evaluated,2,inf,False,268,214,54,104.0,1.0,1.0,True,True,1,1,0,True,3,1,0,0,True,True,0,9,7,9,7,3,PF_SS,sampled_pool,,,True,0.2,0.19384475973208842,0.8,0.1,adaptive,insert_random_aisle,offspring,feasible_start_adaptive_spacing,,,,feasible_start_adaptive_spacing,0.5,,True,auto_from_instance,0.75,0.35,"2,3,6,7,11,13,15,19,23","3,4,5,7,8,11,15",,,,,,"H[2,3,6,7,11,13,15,19,23]|V[3,4,5,7,8,11,15]",81347b9f72276c28618e0af7b5d4aafe7ae7ee4f
proposed_nsga2_bs_demo_layout_door_left_AW_2_seed_109,proposed_nsga2_bs,demo_layout_door_left_AW_2,109,2,auto_from_instance,10,15,3,28,150,,,,,8,4,8,root > V:16 > BH:13 > BV:12 > BV:12 > BV:7 > BV:3 > BV:7 > BV:3,selected,0,inf,True,266,216,50,50.0,1.0,1.0,True,True,1,1,0,True,3,1,0,0,True,True,0,7,9,7,9,4,LS_PF,sampled_pool,,,False,0.2,0.11478221616896138,0.8,0.1,adaptive,spacing_aware_flip,offspring,feasible_start_adaptive_spacing,,,,feasible_start_adaptive_spacing,0.5,,True,auto_from_instance,0.75,0.35,"3,7,11,13,15,19,23","3,4,5,7,8,11,16,20",,,,,,"H[3,7,11,13,15,19,23]|V[3,4,5,7,8,11,12,16,20]",63c9c1384eb0d63f6756e5f6c6567bc893aa1bf9
proposed_nsga2_bs_demo_layout_door_left_AW_2_seed_109,proposed_nsga2_bs,demo_layout_door_left_AW_2,109,2,auto_from_instance,10,15,3,28,150,,,,,9,4,8,root > V:16 > BH:13 > BV:12 > BV:12 > BV:7 > BV:3 > BV:4 > BV:8,selected,1,inf,True,266,215,51,50.0,1.0,1.0,True,True,1,1,0,True,3,1,0,0,True,True,0,7,9,7,9,4,LS_PF,sampled_pool,,,False,0.2,0.11478221616896138,0.8,0.1,adaptive,spacing_aware_flip,offspring,feasible_start_adaptive_spacing,,,,feasible_start_adaptive_spacing,0.5,,True,auto_from_instance,0.75,0.35,"3,7,11,13,15,19,23","3,4,5,7,8,11,16,20",,,,,,"H[3,7,11,13,15,19,23]|V[3,4,5,7,8,11,12,16,20]",a8183af7c877609dfef27086e193bd439e30741c
proposed_nsga2_bs_demo_layout_door_left_AW_2_seed_109,proposed_nsga2_bs,demo_layout_door_left_AW_2,109,2,auto_from_instance,10,15,3,28,150,,,,,10,6,11,root > V:11 > BH:13 > BV:5 > BV:7 > BV:3 > BH:3 > BH:7 > BH:11 > BH:20 > BH:16 > BV:16,evaluated,4,inf,False,268,194,74,48.0,1.0,1.0,True,True,1,1,0,True,3,1,0,0,True,True,0,10,7,10,7,6,SS_LS_PF,sampled_pool,,,True,0.2,0.23838346375010377,0.8,0.1,adaptive,remove_random_aisle,offspring,feasible_start_adaptive_spacing,,,,feasible_start_adaptive_spacing,0.5,,True,auto_from_instance,0.75,0.35,"3,6,7,10,11,13,15,23","4,5,7,8,11,16",,,,,,"H[3,6,7,10,11,13,15,16,20,23]|V[3,4,5,7,8,11,16]",503a04dbc1b49d1146df0a68561d72c32917199a
proposed_nsga2_bs_demo_layout_door_left_AW_2_seed_109,proposed_nsga2_bs,demo_layout_door_left_AW_2,109,2,auto_from_instance,10,15,3,28,150,,,,,11,6,11,root > V:11 > BH:13 > BV:5 > BV:7 > BV:3 > BH:3 > BH:7 > BH:11 > BH:20 > BH:15 > BV:16,evaluated,4,0.0,False,268,194,74,48.0,1.0,1.0,True,True,1,1,0,True,3,1,0,0,True,True,0,9,7,9,7,6,SS_LS_PF,sampled_pool,,,True,0.2,0.23838346375010377,0.8,0.1,adaptive,remove_random_aisle,offspring,feasible_start_adaptive_spacing,,,,feasible_start_adaptive_spacing,0.5,,True,auto_from_instance,0.75,0.35,"3,6,7,10,11,13,15,23","4,5,7,8,11,16",,,,,,"H[3,6,7,10,11,13,15,20,23]|V[3,4,5,7,8,11,16]",1f4af0ea3b5ce7e1fd90e56b11e2a5919047b7cc
proposed_nsga2_bs_demo_layout_door_left_AW_2_seed_109,proposed_nsga2_bs,demo_layout_door_left_AW_2,109,2,auto_from_instance,10,15,3,28,150,,,,,12,6,11,root > V:11 > BH:13 > BV:5 > BV:7 > BV:3 > BH:23 > BH:19 > BH:15 > BH:6 > BH:11 > BV:16,evaluated,4,0.0,False,268,194,74,48.0,1.0,1.0,True,True,1,1,0,True,3,1,0,0,True,True,0,9,7,9,7,6,SS_LS_PF,sampled_pool,,,True,0.2,0.23838346375010377,0.8,0.1,adaptive,remove_random_aisle,offspring,feasible_start_adaptive_spacing,,,,feasible_start_adaptive_spacing,0.5,,True,auto_from_instance,0.75,0.35,"3,6,7,10,11,13,15,23","4,5,7,8,11,16",,,,,,"H[3,6,7,10,11,13,15,19,23]|V[3,4,5,7,8,11,16]",ff49ed575c384522ec02e59380c73b08e4e72047
proposed_nsga2_bs_demo_layout_door_left_AW_2_seed_109,proposed_nsga2_bs,demo_layout_door_left_AW_2,109,2,auto_from_instance,10,15,3,28,150,,,,,13,6,11,root > V:11 > BH:13 > BV:5 > BV:7 > BV:3 > BH:23 > BH:19 > BH:15 > BH:6 > BH:10 > BV:16,evaluated,4,inf,False,268,194,74,48.0,1.0,1.0,True,True,1,1,0,True,3,1,0,0,True,True,0,9,7,9,7,6,SS_LS_PF,sampled_pool,,,True,0.2,0.23838346375010377,0.8,0.1,adaptive,remove_random_aisle,offspring,feasible_start_adaptive_spacing,,,,feasible_start_adaptive_spacing,0.5,,True,auto_from_instance,0.75,0.35,"3,6,7,10,11,13,15,23","4,5,7,8,11,16",,,,,,"H[3,6,7,10,11,13,15,19,23]|V[3,4,5,7,8,11,16]",11b8ce94109e777fa1b58467ebbdac43db26ddae
proposed_nsga2_bs_demo_layout_door_left_AW_2_seed_109,proposed_nsga2_bs,demo_layout_door_left_AW_2,109,2,auto_from_instance,10,15,3,28,150,,,,,14,7,12,root > V:12 > BH:13 > BV:7 > BV:7 > BV:3 > BV:3 > BH:3 > BH:7 > BH:11 > BH:15 > BH:23 > BV:16,selected,2,inf,True,250,208,42,42.0,1.0,1.0,True,True,1,1,0,True,3,1,0,0,True,True,0,8,8,8,8,7,PF_SS_RP,sampled_pool,,,True,0.2,0.24122055948418733,0.8,0.1,adaptive,insert_random_aisle,offspring,feasible_start_adaptive_spacing,,,,feasible_start_adaptive_spacing,0.5,,True,auto_from_instance,0.75,0.35,"3,7,11,12,13,15,20,23","1,3,4,7,8,11,12,16",,,,,,"H[3,7,11,12,13,15,20,23]|V[1,3,4,7,8,11,12,16]",00a9d8d47000946aa25bf8cbdb36931d5b5d4b7d
proposed_nsga2_bs_demo_layout_door_left_AW_2_seed_109,proposed_nsga2_bs,demo_layout_door_left_AW_2,109,2,auto_from_instance,10,15,3,28,150,,,,,15,7,12,root > V:12 > BH:13 > BV:7 > BV:7 > BV:3 > BV:3 > BH:23 > BH:19 > BH:15 > BH:11 > BH:3 > BV:16,evaluated,2,2.0562770562770565,False,250,208,42,42.0,1.0,1.0,True,True,1,1,0,True,3,1,0,0,True,True,0,9,8,9,8,7,PF_SS_RP,sampled_pool,,,True,0.2,0.24122055948418733,0.8,0.1,adaptive,insert_random_aisle,offspring,feasible_start_adaptive_spacing,,,,feasible_start_adaptive_spacing,0.5,,True,auto_from_instance,0.75,0.35,"3,7,11,12,13,15,20,23","1,3,4,7,8,11,12,16",,,,,,"H[3,7,11,12,13,15,19,20,23]|V[1,3,4,7,8,11,12,16]",d0525a507710a5664c0df826d850c16891cba894
proposed_nsga2_bs_demo_layout_door_left_AW_2_seed_109,proposed_nsga2_bs,demo_layout_door_left_AW_2,109,2,auto_from_instance,10,15,3,28,150,,,,,16,7,12,root > V:12 > BH:13 > BV:7 > BV:7 > BV:3 > BV:3 > BH:3 > BH:7 > BH:11 > BH:15 > BH:23 > BV:18,evaluated,3,inf,False,250,202,48,42.0,1.0,1.0,True,True,1,1,0,True,3,1,0,0,True,True,0,8,9,8,9,7,PF_SS_RP,sampled_pool,,,True,0.2,0.24122055948418733,0.8,0.1,adaptive,insert_random_aisle,offspring,feasible_start_adaptive_spacing,,,,feasible_start_adaptive_spacing,0.5,,True,auto_from_instance,0.75,0.35,"3,7,11,12,13,15,20,23","1,3,4,7,8,11,12,16",,,,,,"H[3,7,11,12,13,15,20,23]|V[1,3,4,7,8,11,12,16,18]",5e05b9e2be6409b0235baa53bcd3246806d24e85
proposed_nsga2_bs_demo_layout_door_left_AW_2_seed_109,proposed_nsga2_bs,demo_layout_door_left_AW_2,109,2,auto_from_instance,10,15,3,28,150,,,,,17,8,10,root > V:11 > BH:13 > BH:5 > BH:14 > BH:22 > BV:5 > BV:5 > BH:10 > BV:16 > BH:18,evaluated,5,inf,False,294,167,127,91.0,1.0,1.0,True,True,1,1,0,True,3,1,0,0,True,True,0,12,8,12,8,8,RP,sampled_pool,,,False,0.2,0.10940509390771848,0.8,0.1,adaptive,break_symmetry,offspring,feasible_start_adaptive_spacing,,,,feasible_start_adaptive_spacing,0.5,,True,auto_from_instance,0.75,0.35,"3,7,11,13,15,19,23","3,4,6,7,8,11,16",,,,,,"H[3,5,7,10,11,13,14,15,18,19,22,23]|V[3,4,5,6,7,8,11,16]",57a34fd8947d6fe9f4b48efa686d979ecdb1280d
proposed_nsga2_bs_demo_layout_door_left_AW_2_seed_109,proposed_nsga2_bs,demo_layout_door_left_AW_2,109,2,auto_from_instance,10,15,3,28,150,,,,,18,8,10,root > V:11 > BH:13 > BH:5 > BH:14 > BH:22 > BV:5 > BV:5 > BH:9 > BV:16 > BH:18,evaluated,5,0.0,False,294,167,127,91.0,1.0,1.0,True,True,1,1,0,True,3,1,0,0,True,True,0,12,8,12,8,8,RP,sampled_pool,,,False,0.2,0.10940509390771848,0.8,0.1,adaptive,break_symmetry,offspring,feasible_start_adaptive_spacing,,,,feasible_start_adaptive_spacing,0.5,,True,auto_from_instance,0.75,0.35,"3,7,11,13,15,19,23","3,4,6,7,8,11,16",,,,,,"H[3,5,7,9,11,13,14,15,18,19,22,23]|V[3,4,5,6,7,8,11,16]",ccdb209ae8572e3983d4dba64d2ac0cc4d37aff2
proposed_nsga2_bs_demo_layout_door_left_AW_2_seed_109,proposed_nsga2_bs,demo_layout_door_left_AW_2,109,2,auto_from_instance,10,15,3,28,150,,,,,19,8,10,root > V:11 > BH:13 > BH:5 > BH:13 > BH:22 > BV:5 > BV:5 > BH:18 > BV:16 > BH:9,evaluated,5,0.0,False,294,167,127,91.0,1.0,1.0,True,True,1,1,0,True,3,1,0,0,True,True,0,11,8,11,8,8,RP,sampled_pool,,,False,0.2,0.10940509390771848,0.8,0.1,adaptive,break_symmetry,offspring,feasible_start_adaptive_spacing,,,,feasible_start_adaptive_spacing,0.5,,True,auto_from_instance,0.75,0.35,"3,7,11,13,15,19,23","3,4,6,7,8,11,16",,,,,,"H[3,5,7,9,11,13,15,18,19,22,23]|V[3,4,5,6,7,8,11,16]",d4829d7f54b6ab3fbbdcfb2cc9c753af6bc4519f
proposed_nsga2_bs_demo_layout_door_left_AW_2_seed_109,proposed_nsga2_bs,demo_layout_door_left_AW_2,109,2,auto_from_instance,10,15,3,28,150,,,,,20,8,10,root > V:11 > BH:13 > BH:5 > BH:13 > BH:22 > BV:5 > BV:5 > BH:17 > BV:16 > BH:9,evaluated,5,inf,False,294,167,127,91.0,1.0,1.0,True,True,1,1,0,True,3,1,0,0,True,True,0,11,8,11,8,8,RP,sampled_pool,,,False,0.2,0.10940509390771848,0.8,0.1,adaptive,break_symmetry,offspring,feasible_start_adaptive_spacing,,,,feasible_start_adaptive_spacing,0.5,,True,auto_from_instance,0.75,0.35,"3,7,11,13,15,19,23","3,4,6,7,8,11,16",,,,,,"H[3,5,7,9,11,13,15,17,19,22,23]|V[3,4,5,6,7,8,11,16]",e69ffa61eb0514ae25176e253684619ed8177e06
proposed_nsga2_bs_demo_layout_door_left_AW_2_seed_109,proposed_nsga2_bs,demo_layout_door_left_AW_2,109,2,auto_from_instance,10,15,3,28,150,,,,,21,9,8,root > V:16 > BH:13 > BV:7 > BV:7 > BV:12 > BV:3 > BV:3 > BV:11,selected,1,inf,True,266,215,51,50.0,1.0,1.0,True,True,1,1,0,True,3,1,0,0,True,True,0,8,9,8,9,9,PF_LS_RP,sampled_pool,,,False,0.2,0.20052792771025962,0.8,0.1,adaptive,remove_random_aisle,offspring,feasible_start_adaptive_spacing,,,,feasible_start_adaptive_spacing,0.5,,True,auto_from_instance,0.75,0.35,"3,6,7,12,13,15,19,23","3,4,5,7,8,11,16,18",,,,,,"H[3,6,7,12,13,15,19,23]|V[3,4,5,7,8,11,12,16,18]",127848670482937cca2e0f20f55461e0c7cc40a1
proposed_nsga2_bs_demo_layout_door_left_AW_2_seed_109,proposed_nsga2_bs,demo_layout_door_left_AW_2,109,3,auto_from_instance,10,15,3,28,150,,,,,1,1,8,root > V:16 > BH:13 > BV:12 > BV:12 > BV:7 > BV:3 > BV:7 > BV:3,selected,0,inf,True,266,216,50,50.0,1.0,1.0,True,True,1,1,0,True,3,1,0,0,True,True,0,8,9,8,9,1,LS,sampled_pool,,,False,0.26666666666666666,0.26961874294748506,0.7333333333333334,0.1,adaptive,remove_random_aisle,offspring,feasible_start_adaptive_spacing,,,,feasible_start_adaptive_spacing,0.5,,True,auto_from_instance,0.75,0.35,"3,6,7,12,13,15,19,23","3,4,5,7,8,11,16,20",,,,,,"H[3,6,7,12,13,15,19,23]|V[3,4,5,7,8,11,12,16,20]",63c9c1384eb0d63f6756e5f6c6567bc893aa1bf9
proposed_nsga2_bs_demo_layout_door_left_AW_2_seed_109,proposed_nsga2_bs,demo_layout_door_left_AW_2,109,3,auto_from_instance,10,15,3,28,150,,,,,2,1,8,root > V:16 > BH:13 > BV:12 > BV:12 > BV:7 > BV:3 > BV:4 > BV:8,selected,1,inf,True,266,215,51,50.0,1.0,1.0,True,True,1,1,0,True,3,1,0,0,True,True,0,8,9,8,9,1,LS,sampled_pool,,,False,0.26666666666666666,0.26961874294748506,0.7333333333333334,0.1,adaptive,remove_random_aisle,offspring,feasible_start_adaptive_spacing,,,,feasible_start_adaptive_spacing,0.5,,True,auto_from_instance,0.75,0.35,"3,6,7,12,13,15,19,23","3,4,5,7,8,11,16,20",,,,,,"H[3,6,7,12,13,15,19,23]|V[3,4,5,7,8,11,12,16,20]",a8183af7c877609dfef27086e193bd439e30741c
proposed_nsga2_bs_demo_layout_door_left_AW_2_seed_109,proposed_nsga2_bs,demo_layout_door_left_AW_2,109,3,auto_from_instance,10,15,3,28,150,,,,,3,2,12,root > V:12 > BH:13 > BV:7 > BV:7 > BV:3 > BV:3 > BH:23 > BH:19 > BH:15 > BH:11 > BH:3 > BH:7,selected,0,inf,True,250,214,36,36.0,1.0,1.0,True,True,1,1,0,True,3,1,0,0,True,True,0,8,9,8,9,2,PF_LS_RP,sampled_pool,,,False,0.26666666666666666,0.24058452638728384,0.7333333333333334,0.1,adaptive,spacing_aware_flip,offspring,feasible_start_adaptive_spacing,,,,feasible_start_adaptive_spacing,0.5,,True,auto_from_instance,0.75,0.35,"3,5,7,11,13,15,19,23","3,4,5,7,8,11,12,16,18",,,,,,"H[3,5,7,11,13,15,19,23]|V[3,4,5,7,8,11,12,16,18]",eb03952090a874660b7fb214554a0aa56a73029e
proposed_nsga2_bs_demo_layout_door_left_AW_2_seed_109,proposed_nsga2_bs,demo_layout_door_left_AW_2,109,3,auto_from_instance,10,15,3,28,150,,,,,4,2,12,root > V:12 > BH:13 > BV:7 > BV:7 > BV:3 > BV:3 > BH:3 > BH:7 > BH:11 > BH:15 > BH:23 > BV:16,selected,2,inf,True,250,208,42,42.0,1.0,1.0,True,True,1,1,0,True,3,1,0,0,True,True,0,8,9,8,9,2,PF_LS_RP,sampled_pool,,,False,0.26666666666666666,0.24058452638728384,0.7333333333333334,0.1,adaptive,spacing_aware_flip,offspring,feasible_start_adaptive_spacing,,,,feasible_start_adaptive_spacing,0.5,,True,auto_from_instance,0.75,0.35,"3,5,7,11,13,15,19,23","3,4,5,7,8,11,12,16,18",,,,,,"H[3,5,7,11,13,15,19,23]|V[3,4,5,7,8,11,12,16,18]",00a9d8d47000946aa25bf8cbdb36931d5b5d4b7d
proposed_nsga2_bs_demo_layout_door_left_AW_2_seed_109,proposed_nsga2_bs,demo_layout_door_left_AW_2,109,3,auto_from_instance,10,15,3,28,150,,,,,5,2,12,root > V:12 > BH:13 > BV:7 > BV:7 > BV:3 > BV:3 > BH:23 > BH:19 > BH:15 > BH:11 > BH:3 > BV:16,selected,2,inf,True,250,208,42,42.0,1.0,1.0,True,True,1,1,0,True,3,1,0,0,True,True,0,8,9,8,9,2,PF_LS_RP,sampled_pool,,,False,0.26666666666666666,0.24058452638728384,0.7333333333333334,0.1,adaptive,spacing_aware_flip,offspring,feasible_start_adaptive_spacing,,,,feasible_start_adaptive_spacing,0.5,,True,auto_from_instance,0.75,0.35,"3,5,7,11,13,15,19,23","3,4,5,7,8,11,12,16,18",,,,,,"H[3,5,7,11,13,15,19,23]|V[3,4,5,7,8,11,12,16,18]",d0525a507710a5664c0df826d850c16891cba894
proposed_nsga2_bs_demo_layout_door_left_AW_2_seed_109,proposed_nsga2_bs,demo_layout_door_left_AW_2,109,3,auto_from_instance,10,15,3,28,150,,,,,6,2,12,root > V:12 > BH:13 > BV:7 > BV:7 > BV:3 > BV:3 > BH:3 > BH:7 > BH:11 > BH:15 > BH:23 > BV:18,selected,3,inf,True,250,202,48,42.0,1.0,1.0,True,True,1,1,0,True,3,1,0,0,True,True,0,8,9,8,9,2,PF_LS_RP,sampled_pool,,,False,0.26666666666666666,0.24058452638728384,0.7333333333333334,0.1,adaptive,spacing_aware_flip,offspring,feasible_start_adaptive_spacing,,,,feasible_start_adaptive_spacing,0.5,,True,auto_from_instance,0.75,0.35,"3,5,7,11,13,15,19,23","3,4,5,7,8,11,12,16,18",,,,,,"H[3,5,7,11,13,15,19,23]|V[3,4,5,7,8,11,12,16,18]",5e05b9e2be6409b0235baa53bcd3246806d24e85
proposed_nsga2_bs_demo_layout_door_left_AW_2_seed_109,proposed_nsga2_bs,demo_layout_door_left_AW_2,109,3,auto_from_instance,10,15,3,28,150,,,,,7,5,12,root > V:12 > BH:13 > BV:7 > BV:3 > BV:7 > BV:3 > BH:23 > BH:19 > BH:15 > BH:11 > BH:7 > BV:16,selected,0,inf,True,250,214,36,36.0,1.0,1.0,True,True,1,1,0,True,3,1,0,0,True,True,0,11,5,11,5,5,LS_PF,sampled_pool,,,False,0.26666666666666666,0.26063891982413734,0.7333333333333334,0.1,adaptive,swap_segments,offspring,feasible_start_adaptive_spacing,,,,feasible_start_adaptive_spacing,0.5,,True,auto_from_instance,0.75,0.35,"2,6,7,11,12,13,15,19,20,24","3,7,11,12,16",,,,,,"H[2,6,7,11,12,13,15,19,20,23,24]|V[3,7,11,12,16]",0fdb9192f0d4acf2b6dd22b4a8e053ab5a7ed4a9
proposed_nsga2_bs_demo_layout_door_left_AW_2_seed_109,proposed_nsga2_bs,demo_layout_door_left_AW_2,109,3,auto_from_instance,10,15,3,28,150,,,,,8,5,12,root > V:12 > BH:13 > BV:7 > BV:3 > BV:7 > BV:3 > BH:23 > BH:19 > BH:15 > BH:11 > BH:6 > BV:16,selected,1,inf,True,252,211,41,41.0,1.0,1.0,True,True,1,1,0,True,3,1,0,0,True,True,0,11,5,11,5,5,LS_PF,sampled_pool,,,False,0.26666666666666666,0.26063891982413734,0.7333333333333334,0.1,adaptive,swap_segments,offspring,feasible_start_adaptive_spacing,,,,feasible_start_adaptive_spacing,0.5,,True,auto_from_instance,0.75,0.35,"2,6,7,11,12,13,15,19,20,24","3,7,11,12,16",,,,,,"H[2,6,7,11,12,13,15,19,20,23,24]|V[3,7,11,12,16]",1e51df56ad9655663d1175b2036f4a44cf7e7571
proposed_nsga2_bs_demo_layout_door_left_AW_2_seed_109,proposed_nsga2_bs,demo_layout_door_left_AW_2,109,3,auto_from_instance,10,15,3,28,150,,,,,9,5,12,root > V:12 > BH:13 > BV:7 > BV:3 > BV:7 > BV:3 > BH:23 > BH:19 > BH:15 > BH:11 > BH:7 > BV:18,selected,1,inf,True,250,208,42,36.0,1.0,1.0,True,True,1,1,0,True,3,1,0,0,True,True,0,11,6,11,6,5,LS_PF,sampled_pool,,,False,0.26666666666666666,0.26063891982413734,0.7333333333333334,0.1,adaptive,swap_segments,offspring,feasible_start_adaptive_spacing,,,,feasible_start_adaptive_spacing,0.5,,True,auto_from_instance,0.75,0.35,"2,6,7,11,12,13,15,19,20,24","3,7,11,12,16",,,,,,"H[2,6,7,11,12,13,15,19,20,23,24]|V[3,7,11,12,16,18]",e93a25c3a7092c6fe076b314782c6184f8ddb22d
proposed_nsga2_bs_demo_layout_door_left_AW_2_seed_109,proposed_nsga2_bs,demo_layout_door_left_AW_2,109,3,auto_from_instance,10,15,3,28,150,,,,,10,10,8,root > V:16 > BH:13 > BV:7 > BV:7 > BV:12 > BV:3 > BV:3 > BV:11,selected,1,inf,True,266,215,51,50.0,1.0,1.0,True,True,1,1,0,True,3,1,0,0,True,True,0,8,11,8,11,10,PF_RP,sampled_pool,,,False,0.26666666666666666,0.32847341445576683,0.7333333333333334,0.1,adaptive,spacing_aware_flip,offspring,feasible_start_adaptive_spacing,,,,feasible_start_adaptive_spacing,0.5,,True,auto_from_instance,0.75,0.35,"3,6,7,11,13,15,19,23","0,3,4,5,7,8,11,16,19,20",,,,,,"H[3,6,7,11,13,15,19,23]|V[0,3,4,5,7,8,11,12,16,19,20]",127848670482937cca2e0f20f55461e0c7cc40a1
proposed_nsga2_bs_demo_layout_door_left_AW_2_seed_109,proposed_nsga2_bs,demo_layout_door_left_AW_2,109,4,auto_from_instance,10,15,3,28,150,,,,,1,1,12,root > V:12 > BH:13 > BV:7 > BV:7 > BV:3 > BV:3 > BH:23 > BH:19 > BH:15 > BH:11 > BH:3 > BH:7,selected,0,inf,True,250,214,36,36.0,1.0,1.0,True,True,1,1,0,True,3,1,0,0,True,True,0,9,10,9,10,1,SS,sampled_pool,,,True,0.3333333333333333,0.3547046082149239,0.6666666666666667,0.1,adaptive,spacing_aware_flip,offspring,feasible_start_adaptive_spacing,,,,feasible_start_adaptive_spacing,0.5,,True,auto_from_instance,0.75,0.35,"3,6,7,12,13,15,19,23","0,3,4,5,7,8,11,12,16,20",,,,,,"H[3,6,7,11,12,13,15,19,23]|V[0,3,4,5,7,8,11,12,16,20]",eb03952090a874660b7fb214554a0aa56a73029e
proposed_nsga2_bs_demo_layout_door_left_AW_2_seed_109,proposed_nsga2_bs,demo_layout_door_left_AW_2,109,4,auto_from_instance,10,15,3,28,150,,,,,2,1,12,root > V:12 > BH:13 > BV:7 > BV:7 > BV:3 > BV:3 > BH:3 > BH:7 > BH:11 > BH:15 > BH:23 > BV:16,selected,2,inf,True,250,208,42,42.0,1.0,1.0,True,True,1,1,0,True,3,1,0,0,True,True,0,9,10,9,10,1,SS,sampled_pool,,,True,0.3333333333333333,0.3547046082149239,0.6666666666666667,0.1,adaptive,spacing_aware_flip,offspring,feasible_start_adaptive_spacing,,,,feasible_start_adaptive_spacing,0.5,,True,auto_from_instance,0.75,0.35,"3,6,7,12,13,15,19,23","0,3,4,5,7,8,11,12,16,20",,,,,,"H[3,6,7,11,12,13,15,19,23]|V[0,3,4,5,7,8,11,12,16,20]",00a9d8d47000946aa25bf8cbdb36931d5b5d4b7d
proposed_nsga2_bs_demo_layout_door_left_AW_2_seed_109,proposed_nsga2_bs,demo_layout_door_left_AW_2,109,4,auto_from_instance,10,15,3,28,150,,,,,3,1,12,root > V:12 > BH:13 > BV:7 > BV:7 > BV:3 > BV:3 > BH:23 > BH:19 > BH:15 > BH:11 > BH:3 > BV:16,selected,2,inf,True,250,208,42,42.0,1.0,1.0,True,True,1,1,0,True,3,1,0,0,True,True,0,9,10,9,10,1,SS,sampled_pool,,,True,0.3333333333333333,0.3547046082149239,0.6666666666666667,0.1,adaptive,spacing_aware_flip,offspring,feasible_start_adaptive_spacing,,,,feasible_start_adaptive_spacing,0.5,,True,auto_from_instance,0.75,0.35,"3,6,7,12,13,15,19,23","0,3,4,5,7,8,11,12,16,20",,,,,,"H[3,6,7,11,12,13,15,19,23]|V[0,3,4,5,7,8,11,12,16,20]",d0525a507710a5664c0df826d850c16891cba894
proposed_nsga2_bs_demo_layout_door_left_AW_2_seed_109,proposed_nsga2_bs,demo_layout_door_left_AW_2,109,4,auto_from_instance,10,15,3,28,150,,,,,4,1,12,root > V:12 > BH:13 > BV:7 > BV:7 > BV:3 > BV:3 > BH:3 > BH:7 > BH:11 > BH:15 > BH:23 > BV:18,selected,3,inf,True,250,202,48,42.0,1.0,1.0,True,True,1,1,0,True,3,1,0,0,True,True,0,9,11,9,11,1,SS,sampled_pool,,,True,0.3333333333333333,0.3547046082149239,0.6666666666666667,0.1,adaptive,spacing_aware_flip,offspring,feasible_start_adaptive_spacing,,,,feasible_start_adaptive_spacing,0.5,,True,auto_from_instance,0.75,0.35,"3,6,7,12,13,15,19,23","0,3,4,5,7,8,11,12,16,20",,,,,,"H[3,6,7,11,12,13,15,19,23]|V[0,3,4,5,7,8,11,12,16,18,20]",5e05b9e2be6409b0235baa53bcd3246806d24e85
proposed_nsga2_bs_demo_layout_door_left_AW_2_seed_109,proposed_nsga2_bs,demo_layout_door_left_AW_2,109,4,auto_from_instance,10,15,3,28,150,,,,,5,2,12,root > V:12 > BH:13 > BV:7 > BV:7 > BH:22 > BH:14 > BH:6 > BV:16 > BV:3 > BV:3 > BH:18 > BH:10,selected,2,inf,True,252,211,41,53.0,1.0,1.0,True,True,1,1,0,True,3,1,0,0,True,True,0,12,12,12,12,2,RP_LS,sampled_pool,,,False,0.3333333333333333,0.3475824123037683,0.6666666666666667,0.1,adaptive,insert_random_aisle,offspring,feasible_start_adaptive_spacing,,,,feasible_start_adaptive_spacing,0.5,,True,auto_from_instance,0.75,0.35,"3,6,7,11,13,15,19,23","0,1,3,4,5,7,8,11,12,16,19,20",,,,,,"H[3,6,7,10,11,13,14,15,18,19,22,23]|V[0,1,3,4,5,7,8,11,12,16,19,20]",cde7e02f65ba0f4bfa087937e60f3ffbcdd2593f
proposed_nsga2_bs_demo_layout_door_left_AW_2_seed_109,proposed_nsga2_bs,demo_layout_door_left_AW_2,109,4,auto_from_instance,10,15,3,28,150,,,,,6,2,12,root > V:12 > BH:13 > BV:7 > BV:7 > BH:22 > BH:14 > BH:6 > BV:16 > BV:3 > BV:3 > BH:10 > BV:16,evaluated,5,inf,False,252,205,47,59.0,1.0,1.0,True,True,1,1,0,True,3,1,0,0,True,True,0,11,12,11,12,2,RP_LS,sampled_pool,,,False,0.3333333333333333,0.3475824123037683,0.6666666666666667,0.1,adaptive,insert_random_aisle,offspring,feasible_start_adaptive_spacing,,,,feasible_start_adaptive_spacing,0.5,,True,auto_from_instance,0.75,0.35,"3,6,7,11,13,15,19,23","0,1,3,4,5,7,8,11,12,16,19,20",,,,,,"H[3,6,7,10,11,13,14,15,19,22,23]|V[0,1,3,4,5,7,8,11,12,16,19,20]",ab31b9ee804bbbf9b9577ac402d3df32d5242d59
proposed_nsga2_bs_demo_layout_door_left_AW_2_seed_109,proposed_nsga2_bs,demo_layout_door_left_AW_2,109,4,auto_from_instance,10,15,3,28,150,,,,,7,2,12,root > V:12 > BH:13 > BV:7 > BV:7 > BH:22 > BH:14 > BH:6 > BV:16 > BV:3 > BV:3 > BH:18 > BV:16,evaluated,5,inf,False,252,205,47,59.0,1.0,1.0,True,True,1,1,0,True,3,1,0,0,True,True,0,11,12,11,12,2,RP_LS,sampled_pool,,,False,0.3333333333333333,0.3475824123037683,0.6666666666666667,0.1,adaptive,insert_random_aisle,offspring,feasible_start_adaptive_spacing,,,,feasible_start_adaptive_spacing,0.5,,True,auto_from_instance,0.75,0.35,"3,6,7,11,13,15,19,23","0,1,3,4,5,7,8,11,12,16,19,20",,,,,,"H[3,6,7,11,13,14,15,18,19,22,23]|V[0,1,3,4,5,7,8,11,12,16,19,20]",7ddefe84595053a41131cfd89ef85cec0712a59e
proposed_nsga2_bs_demo_layout_door_left_AW_2_seed_109,proposed_nsga2_bs,demo_layout_door_left_AW_2,109,4,auto_from_instance,10,15,3,28,150,,,,,8,2,12,root > V:12 > BH:13 > BV:7 > BV:7 > BH:22 > BH:14 > BH:6 > BV:16 > BV:3 > BV:3 > BH:10 > BV:18,evaluated,6,inf,False,252,199,53,59.0,1.0,1.0,True,True,1,1,0,True,3,1,0,0,True,True,0,11,13,11,13,2,RP_LS,sampled_pool,,,False,0.3333333333333333,0.3475824123037683,0.6666666666666667,0.1,adaptive,insert_random_aisle,offspring,feasible_start_adaptive_spacing,,,,feasible_start_adaptive_spacing,0.5,,True,auto_from_instance,0.75,0.35,"3,6,7,11,13,15,19,23","0,1,3,4,5,7,8,11,12,16,19,20",,,,,,"H[3,6,7,10,11,13,14,15,19,22,23]|V[0,1,3,4,5,7,8,11,12,16,18,19,20]",309161cefaf4f68f6294376d2bd0a050edd8b668
proposed_nsga2_bs_demo_layout_door_left_AW_2_seed_109,proposed_nsga2_bs,demo_layout_door_left_AW_2,109,4,auto_from_instance,10,15,3,28,150,,,,,9,3,8,root > V:16 > BH:13 > BV:12 > BV:12 > BV:7 > BV:3 > BV:7 > BV:3,selected,0,inf,True,266,216,50,50.0,1.0,1.0,True,True,1,1,0,True,3,1,0,0,True,True,0,9,11,9,11,3,LS,sampled_pool,,,False,0.3333333333333333,0.4062886059316997,0.6666666666666667,0.1,adaptive,insert_random_aisle,offspring,feasible_start_adaptive_spacing,,,,feasible_start_adaptive_spacing,0.5,,True,auto_from_instance,0.75,0.35,"2,3,6,7,11,13,15,19,23","0,3,4,5,7,8,11,12,16,18,20",,,,,,"H[2,3,6,7,11,13,15,19,23]|V[0,3,4,5,7,8,11,12,16,18,20]",63c9c1384eb0d63f6756e5f6c6567bc893aa1bf9
proposed_nsga2_bs_demo_layout_door_left_AW_2_seed_109,proposed_nsga2_bs,demo_layout_door_left_AW_2,109,4,auto_from_instance,10,15,3,28,150,,,,,10,3,8,root > V:16 > BH:13 > BV:12 > BV:12 > BV:7 > BV:3 > BV:4 > BV:8,selected,1,inf,True,266,215,51,50.0,1.0,1.0,True,True,1,1,0,True,3,1,0,0,True,True,0,9,11,9,11,3,LS,sampled_pool,,,False,0.3333333333333333,0.4062886059316997,0.6666666666666667,0.1,adaptive,insert_random_aisle,offspring,feasible_start_adaptive_spacing,,,,feasible_start_adaptive_spacing,0.5,,True,auto_from_instance,0.75,0.35,"2,3,6,7,11,13,15,19,23","0,3,4,5,7,8,11,12,16,18,20",,,,,,"H[2,3,6,7,11,13,15,19,23]|V[0,3,4,5,7,8,11,12,16,18,20]",a8183af7c877609dfef27086e193bd439e30741c
proposed_nsga2_bs_demo_layout_door_left_AW_2_seed_109,proposed_nsga2_bs,demo_layout_door_left_AW_2,109,4,auto_from_instance,10,15,3,28,150,,,,,11,5,12,root > V:12 > BH:13 > BV:7 > BV:3 > BV:7 > BV:3 > BH:23 > BH:19 > BH:15 > BH:11 > BH:7 > BV:16,selected,0,inf,True,250,214,36,36.0,1.0,1.0,True,True,1,1,0,True,3,1,0,0,True,True,0,9,9,9,9,5,LS_PF,sampled_pool,,,False,0.3333333333333333,0.3224078884760041,0.6666666666666667,0.1,adaptive,swap_segments,offspring,feasible_start_adaptive_spacing,,,,feasible_start_adaptive_spacing,0.5,,True,auto_from_instance,0.75,0.35,"3,6,7,11,12,13,15,19,23","3,4,6,7,8,11,12,16,19",,,,,,"H[3,6,7,11,12,13,15,19,23]|V[3,4,6,7,8,11,12,16,19]",0fdb9192f0d4acf2b6dd22b4a8e053ab5a7ed4a9
proposed_nsga2_bs_demo_layout_door_left_AW_2_seed_109,proposed_nsga2_bs,demo_layout_door_left_AW_2,109,4,auto_from_instance,10,15,3,28,150,,,,,12,5,12,root > V:12 > BH:13 > BV:7 > BV:3 > BV:7 > BV:3 > BH:23 > BH:19 > BH:15 > BH:11 > BH:6 > BV:16,selected,1,inf,True,252,211,41,41.0,1.0,1.0,True,True,1,1,0,True,3,1,0,0,True,True,0,9,9,9,9,5,LS_PF,sampled_pool,,,False,0.3333333333333333,0.3224078884760041,0.6666666666666667,0.1,adaptive,swap_segments,offspring,feasible_start_adaptive_spacing,,,,feasible_start_adaptive_spacing,0.5,,True,auto_from_instance,0.75,0.35,"3,6,7,11,12,13,15,19,23","3,4,6,7,8,11,12,16,19",,,,,,"H[3,6,7,11,12,13,15,19,23]|V[3,4,6,7,8,11,12,16,19]",1e51df56ad9655663d1175b2036f4a44cf7e7571
proposed_nsga2_bs_demo_layout_door_left_AW_2_seed_109,proposed_nsga2_bs,demo_layout_door_left_AW_2,109,4,auto_from_instance,10,15,3,28,150,,,,,13,5,12,root > V:12 > BH:13 > BV:7 > BV:3 > BV:7 > BV:3 > BH:23 > BH:19 > BH:15 > BH:11 > BH:7 > BV:18,selected,1,inf,True,250,208,42,36.0,1.0,1.0,True,True,1,1,0,True,3,1,0,0,True,True,0,9,10,9,10,5,LS_PF,sampled_pool,,,False,0.3333333333333333,0.3224078884760041,0.6666666666666667,0.1,adaptive,swap_segments,offspring,feasible_start_adaptive_spacing,,,,feasible_start_adaptive_spacing,0.5,,True,auto_from_instance,0.75,0.35,"3,6,7,11,12,13,15,19,23","3,4,6,7,8,11,12,16,19",,,,,,"H[3,6,7,11,12,13,15,19,23]|V[3,4,6,7,8,11,12,16,18,19]",e93a25c3a7092c6fe076b314782c6184f8ddb22d
proposed_nsga2_bs_demo_layout_door_left_AW_2_seed_109,proposed_nsga2_bs,demo_layout_door_left_AW_2,109,4,auto_from_instance,10,15,3,28,150,,,,,14,9,12,root > V:12 > BH:13 > BV:4 > BV:7 > BH:22 > BH:14 > BH:6 > BV:18 > BV:8 > BV:3 > BH:18 > BH:10,evaluated,4,inf,False,252,205,47,53.0,1.0,1.0,True,True,1,1,0,True,3,1,0,0,True,True,0,16,9,16,9,9,RP,sampled_pool,,,False,0.3333333333333333,0.401597608399738,0.6666666666666667,0.1,adaptive,swap_segments,offspring,feasible_start_adaptive_spacing,,,,feasible_start_adaptive_spacing,0.5,,True,auto_from_instance,0.75,0.35,"2,5,7,11,12,13,15,19,20,23,24","3,7,8,11,12,15,19",,,,,,"H[2,5,6,7,10,11,12,13,14,15,18,19,20,22,23,24]|V[3,4,7,8,11,12,15,18,19]",2f4f4a5396cc8e9d5837eb47b616b3fb87ce1484
proposed_nsga2_bs_demo_layout_door_left_AW_2_seed_109,proposed_nsga2_bs,demo_layout_door_left_AW_2,109,4,auto_from_instance,10,15,3,28,150,,,,,15,9,12,root > V:12 > BH:13 > BV:7 > BV:7 > BH:22 > BH:14 > BH:6 > BV:18 > BV:3 > BV:3 > BH:18 > BH:10,evaluated,3,inf,False,252,206,46,53.0,1.0,1.0,True,True,1,1,0,True,3,1,0,0,True,True,0,16,8,16,8,9,RP,sampled_pool,,,False,0.3333333333333333,0.401597608399738,0.6666666666666667,0.1,adaptive,swap_segments,offspring,feasible_start_adaptive_spacing,,,,feasible_start_adaptive_spacing,0.5,,True,auto_from_instance,0.75,0.35,"2,5,7,11,12,13,15,19,20,23,24","3,7,8,11,12,15,19",,,,,,"H[2,5,6,7,10,11,12,13,14,15,18,19,20,22,23,24]|V[3,7,8,11,12,15,18,19]",f5c2b475e28cd126ea8ff99f9b6aa52888a523c1
proposed_nsga2_bs_demo_layout_door_left_AW_2_seed_109,proposed_nsga2_bs,demo_layout_door_left_AW_2,109,4,auto_from_instance,10,15,3,28,150,,,,,16,9,12,root > V:12 > BH:13 > BV:4 > BV:7 > BH:22 > BH:14 > BH:6 > BV:18 > BV:8 > BV:3 > BH:10 > BV:18,evaluated,7,inf,False,252,193,59,59.0,1.0,1.0,True,True,1,1,0,True,3,1,0,0,True,True,0,15,9,15,9,9,RP,sampled_pool,,,False,0.3333333333333333,0.401597608399738,0.6666666666666667,0.1,adaptive,swap_segments,offspring,feasible_start_adaptive_spacing,,,,feasible_start_adaptive_spacing,0.5,,True,auto_from_instance,0.75,0.35,"2,5,7,11,12,13,15,19,20,23,24","3,7,8,11,12,15,19",,,,,,"H[2,5,6,7,10,11,12,13,14,15,19,20,22,23,24]|V[3,4,7,8,11,12,15,18,19]",f9a9a5616dac47bdcfc03dfbba36a20e1e17a6a0
proposed_nsga2_bs_demo_layout_door_left_AW_2_seed_109,proposed_nsga2_bs,demo_layout_door_left_AW_2,109,4,auto_from_instance,10,15,3,28,150,,,,,17,9,12,root > V:12 > BH:13 > BV:4 > BV:7 > BH:22 > BH:14 > BH:6 > BV:18 > BV:8 > BV:3 > BH:10 > BV:16,evaluated,6,inf,False,252,199,53,59.0,1.0,1.0,True,True,1,1,0,True,3,1,0,0,True,True,0,15,10,15,10,9,RP,sampled_pool,,,False,0.3333333333333333,0.401597608399738,0.6666666666666667,0.1,adaptive,swap_segments,offspring,feasible_start_adaptive_spacing,,,,feasible_start_adaptive_spacing,0.5,,True,auto_from_instance,0.75,0.35,"2,5,7,11,12,13,15,19,20,23,24","3,7,8,11,12,15,19",,,,,,"H[2,5,6,7,10,11,12,13,14,15,19,20,22,23,24]|V[3,4,7,8,11,12,15,16,18,19]",82db768438ebf5ee2af7aaa5358e65b647f47dd5
proposed_nsga2_bs_demo_layout_door_left_AW_2_seed_109,proposed_nsga2_bs,demo_layout_door_left_AW_2,109,5,auto_from_instance,10,15,3,28,150,,,,,1,1,12,root > V:12 > BH:13 > BV:4 > BV:7 > BH:22 > BH:14 > BH:6 > BV:18 > BV:8 > BV:3 > BH:18 > BH:10,evaluated,4,inf,False,252,205,47,53.0,1.0,1.0,True,True,1,1,0,True,3,1,0,0,True,True,0,12,11,12,11,1,RP,sampled_pool,,,False,0.4,0.4887062479250403,0.6,0.1,adaptive,bit_flip,offspring,feasible_start_adaptive_spacing,,,,feasible_start_adaptive_spacing,0.5,,True,auto_from_instance,0.75,0.35,"3,6,7,11,13,14,15,19,23","0,3,4,5,7,8,11,12,16,20",,,,,,"H[3,6,7,10,11,13,14,15,18,19,22,23]|V[0,3,4,5,7,8,11,12,16,18,20]",2f4f4a5396cc8e9d5837eb47b616b3fb87ce1484
proposed_nsga2_bs_demo_layout_door_left_AW_2_seed_109,proposed_nsga2_bs,demo_layout_door_left_AW_2,109,5,auto_from_instance,10,15,3,28,150,,,,,2,1,12,root > V:12 > BH:13 > BV:7 > BV:7 > BH:22 > BH:14 > BH:6 > BV:18 > BV:3 > BV:3 > BH:18 > BH:10,selected,3,inf,True,252,206,46,53.0,1.0,1.0,True,True,1,1,0,True,3,1,0,0,True,True,0,12,11,12,11,1,RP,sampled_pool,,,False,0.4,0.4887062479250403,0.6,0.1,adaptive,bit_flip,offspring,feasible_start_adaptive_spacing,,,,feasible_start_adaptive_spacing,0.5,,True,auto_from_instance,0.75,0.35,"3,6,7,11,13,14,15,19,23","0,3,4,5,7,8,11,12,16,20",,,,,,"H[3,6,7,10,11,13,14,15,18,19,22,23]|V[0,3,4,5,7,8,11,12,16,18,20]",f5c2b475e28cd126ea8ff99f9b6aa52888a523c1
proposed_nsga2_bs_demo_layout_door_left_AW_2_seed_109,proposed_nsga2_bs,demo_layout_door_left_AW_2,109,5,auto_from_instance,10,15,3,28,150,,,,,3,1,12,root > V:12 > BH:13 > BV:4 > BV:7 > BH:22 > BH:14 > BH:6 > BV:18 > BV:8 > BV:3 > BH:10 > BV:18,evaluated,7,inf,False,252,193,59,59.0,1.0,1.0,True,True,1,1,0,True,3,1,0,0,True,True,0,11,11,11,11,1,RP,sampled_pool,,,False,0.4,0.4887062479250403,0.6,0.1,adaptive,bit_flip,offspring,feasible_start_adaptive_spacing,,,,feasible_start_adaptive_spacing,0.5,,True,auto_from_instance,0.75,0.35,"3,6,7,11,13,14,15,19,23","0,3,4,5,7,8,11,12,16,20",,,,,,"H[3,6,7,10,11,13,14,15,19,22,23]|V[0,3,4,5,7,8,11,12,16,18,20]",f9a9a5616dac47bdcfc03dfbba36a20e1e17a6a0
proposed_nsga2_bs_demo_layout_door_left_AW_2_seed_109,proposed_nsga2_bs,demo_layout_door_left_AW_2,109,5,auto_from_instance,10,15,3,28,150,,,,,4,1,12,root > V:12 > BH:13 > BV:4 > BV:7 > BH:22 > BH:14 > BH:6 > BV:18 > BV:8 > BV:3 > BH:10 > BV:16,evaluated,6,inf,False,252,199,53,59.0,1.0,1.0,True,True,1,1,0,True,3,1,0,0,True,True,0,11,11,11,11,1,RP,sampled_pool,,,False,0.4,0.4887062479250403,0.6,0.1,adaptive,bit_flip,offspring,feasible_start_adaptive_spacing,,,,feasible_start_adaptive_spacing,0.5,,True,auto_from_instance,0.75,0.35,"3,6,7,11,13,14,15,19,23","0,3,4,5,7,8,11,12,16,20",,,,,,"H[3,6,7,10,11,13,14,15,19,22,23]|V[0,3,4,5,7,8,11,12,16,18,20]",82db768438ebf5ee2af7aaa5358e65b647f47dd5
proposed_nsga2_bs_demo_layout_door_left_AW_2_seed_109,proposed_nsga2_bs,demo_layout_door_left_AW_2,109,5,auto_from_instance,10,15,3,28,150,,,,,5,2,12,root > V:12 > BH:13 > BV:7 > BV:3 > BV:7 > BV:3 > BH:23 > BH:19 > BH:15 > BH:11 > BH:7 > BH:3,selected,0,inf,True,250,214,36,36.0,1.0,1.0,True,True,1,1,0,True,3,1,0,0,True,True,0,10,12,10,12,2,LS_PF,sampled_pool,,,False,0.4,0.2869916812377371,0.6,0.1,adaptive,insert_random_aisle,offspring,feasible_start_adaptive_spacing,,,,feasible_start_adaptive_spacing,0.5,,True,auto_from_instance,0.75,0.35,"2,3,6,7,11,12,13,15,19,23","0,3,4,5,7,8,10,11,12,16,18,20",,,,,,"H[2,3,6,7,11,12,13,15,19,23]|V[0,3,4,5,7,8,10,11,12,16,18,20]",eb03952090a874660b7fb214554a0aa56a73029e
proposed_nsga2_bs_demo_layout_door_left_AW_2_seed_109,proposed_nsga2_bs,demo_layout_door_left_AW_2,109,5,auto_from_instance,10,15,3,28,150,,,,,6,2,12,root > V:12 > BH:13 > BV:7 > BV:3 > BV:7 > BV:3 > BH:23 > BH:19 > BH:15 > BH:11 > BH:7 > BV:16,selected,0,inf,True,250,214,36,36.0,1.0,1.0,True,True,1,1,0,True,3,1,0,0,True,True,0,10,12,10,12,2,LS_PF,sampled_pool,,,False,0.4,0.2869916812377371,0.6,0.1,adaptive,insert_random_aisle,offspring,feasible_start_adaptive_spacing,,,,feasible_start_adaptive_spacing,0.5,,True,auto_from_instance,0.75,0.35,"2,3,6,7,11,12,13,15,19,23","0,3,4,5,7,8,10,11,12,16,18,20",,,,,,"H[2,3,6,7,11,12,13,15,19,23]|V[0,3,4,5,7,8,10,11,12,16,18,20]",0fdb9192f0d4acf2b6dd22b4a8e053ab5a7ed4a9
proposed_nsga2_bs_demo_layout_door_left_AW_2_seed_109,proposed_nsga2_bs,demo_layout_door_left_AW_2,109,5,auto_from_instance,10,15,3,28,150,,,,,7,2,12,root > V:12 > BH:13 > BV:7 > BV:3 > BV:7 > BV:3 > BH:23 > BH:19 > BH:15 > BH:11 > BH:6 > BV:16,selected,1,inf,True,252,211,41,41.0,1.0,1.0,True,True,1,1,0,True,3,1,0,0,True,True,0,10,12,10,12,2,LS_PF,sampled_pool,,,False,0.4,0.2869916812377371,0.6,0.1,adaptive,insert_random_aisle,offspring,feasible_start_adaptive_spacing,,,,feasible_start_adaptive_spacing,0.5,,True,auto_from_instance,0.75,0.35,"2,3,6,7,11,12,13,15,19,23","0,3,4,5,7,8,10,11,12,16,18,20",,,,,,"H[2,3,6,7,11,12,13,15,19,23]|V[0,3,4,5,7,8,10,11,12,16,18,20]",1e51df56ad9655663d1175b2036f4a44cf7e7571
proposed_nsga2_bs_demo_layout_door_left_AW_2_seed_109,proposed_nsga2_bs,demo_layout_door_left_AW_2,109,5,auto_from_instance,10,15,3,28,150,,,,,8,2,12,root > V:12 > BH:13 > BV:7 > BV:3 > BV:7 > BV:3 > BH:23 > BH:19 > BH:15 > BH:11 > BH:7 > BV:18,selected,1,inf,True,250,208,42,36.0,1.0,1.0,True,True,1,1,0,True,3,1,0,0,True,True,0,10,12,10,12,2,LS_PF,sampled_pool,,,False,0.4,0.2869916812377371,0.6,0.1,adaptive,insert_random_aisle,offspring,feasible_start_adaptive_spacing,,,,feasible_start_adaptive_spacing,0.5,,True,auto_from_instance,0.75,0.35,"2,3,6,7,11,12,13,15,19,23","0,3,4,5,7,8,10,11,12,16,18,20",,,,,,"H[2,3,6,7,11,12,13,15,19,23]|V[0,3,4,5,7,8,10,11,12,16,18,20]",e93a25c3a7092c6fe076b314782c6184f8ddb22d
proposed_nsga2_bs_demo_layout_door_left_AW_2_seed_109,proposed_nsga2_bs,demo_layout_door_left_AW_2,109,5,auto_from_instance,10,15,3,28,150,,,,,9,3,12,root > V:12 > BH:13 > BV:7 > BV:7 > BV:3 > BV:3 > BH:3 > BH:7 > BH:11 > BH:15 > BH:23 > BV:16,selected,2,inf,True,250,208,42,42.0,1.0,1.0,True,True,1,1,0,True,3,1,0,0,True,True,0,10,12,10,12,3,PF_SS,sampled_pool,,,True,0.4,0.4915709525888615,0.6,0.1,adaptive,remove_random_aisle,offspring,feasible_start_adaptive_spacing,,,,feasible_start_adaptive_spacing,0.5,,True,auto_from_instance,0.75,0.35,"3,6,7,10,11,13,14,15,19","0,1,3,4,5,7,8,11,12,16,19,20",,,,,,"H[3,6,7,10,11,13,14,15,19,23]|V[0,1,3,4,5,7,8,11,12,16,19,20]",00a9d8d47000946aa25bf8cbdb36931d5b5d4b7d
proposed_nsga2_bs_demo_layout_door_left_AW_2_seed_109,proposed_nsga2_bs,demo_layout_door_left_AW_2,109,5,auto_from_instance,10,15,3,28,150,,,,,10,3,12,root > V:12 > BH:13 > BV:7 > BV:7 > BV:3 > BV:3 > BH:23 > BH:19 > BH:15 > BH:11 > BH:3 > BV:16,selected,2,inf,True,250,208,42,42.0,1.0,1.0,True,True,1,1,0,True,3,1,0,0,True,True,0,10,12,10,12,3,PF_SS,sampled_pool,,,True,0.4,0.4915709525888615,0.6,0.1,adaptive,remove_random_aisle,offspring,feasible_start_adaptive_spacing,,,,feasible_start_adaptive_spacing,0.5,,True,auto_from_instance,0.75,0.35,"3,6,7,10,11,13,14,15,19","0,1,3,4,5,7,8,11,12,16,19,20",,,,,,"H[3,6,7,10,11,13,14,15,19,23]|V[0,1,3,4,5,7,8,11,12,16,19,20]",d0525a507710a5664c0df826d850c16891cba894
proposed_nsga2_bs_demo_layout_door_left_AW_2_seed_109,proposed_nsga2_bs,demo_layout_door_left_AW_2,109,5,auto_from_instance,10,15,3,28,150,,,,,11,3,12,root > V:12 > BH:13 > BV:7 > BV:7 > BV:3 > BV:3 > BH:3 > BH:7 > BH:11 > BH:15 > BH:23 > BV:18,evaluated,3,inf,False,250,202,48,42.0,1.0,1.0,True,True,1,1,0,True,3,1,0,0,True,True,0,10,13,10,13,3,PF_SS,sampled_pool,,,True,0.4,0.4915709525888615,0.6,0.1,adaptive,remove_random_aisle,offspring,feasible_start_adaptive_spacing,,,,feasible_start_adaptive_spacing,0.5,,True,auto_from_instance,0.75,0.35,"3,6,7,10,11,13,14,15,19","0,1,3,4,5,7,8,11,12,16,19,20",,,,,,"H[3,6,7,10,11,13,14,15,19,23]|V[0,1,3,4,5,7,8,11,12,16,18,19,20]",5e05b9e2be6409b0235baa53bcd3246806d24e85
proposed_nsga2_bs_demo_layout_door_left_AW_2_seed_109,proposed_nsga2_bs,demo_layout_door_left_AW_2,109,5,auto_from_instance,10,15,3,28,150,,,,,12,4,8,root > V:16 > BH:13 > BV:12 > BV:12 > BV:7 > BV:3 > BV:7 > BV:3,selected,0,inf,True,266,216,50,50.0,1.0,1.0,True,True,1,1,0,True,3,1,0,0,True,True,0,10,11,10,11,4,LS,sampled_pool,,,False,0.4,0.3851825765871544,0.6,0.1,adaptive,remove_random_aisle,offspring,feasible_start_adaptive_spacing,,,,feasible_start_adaptive_spacing,0.5,,True,auto_from_instance,0.75,0.35,"2,3,6,7,11,13,15,18,22,23","0,3,4,5,7,8,11,12,16,18,20",,,,,,"H[2,3,6,7,11,13,15,18,22,23]|V[0,3,4,5,7,8,11,12,16,18,20]",63c9c1384eb0d63f6756e5f6c6567bc893aa1bf9
proposed_nsga2_bs_demo_layout_door_left_AW_2_seed_109,proposed_nsga2_bs,demo_layout_door_left_AW_2,109,5,auto_from_instance,10,15,3,28,150,,,,,13,4,8,root > V:16 > BH:13 > BV:12 > BV:12 > BV:7 > BV:3 > BV:4 > BV:8,selected,1,inf,True,266,215,51,50.0,1.0,1.0,True,True,1,1,0,True,3,1,0,0,True,True,0,10,11,10,11,4,LS,sampled_pool,,,False,0.4,0.3851825765871544,0.6,0.1,adaptive,remove_random_aisle,offspring,feasible_start_adaptive_spacing,,,,feasible_start_adaptive_spacing,0.5,,True,auto_from_instance,0.75,0.35,"2,3,6,7,11,13,15,18,22,23","0,3,4,5,7,8,11,12,16,18,20",,,,,,"H[2,3,6,7,11,13,15,18,22,23]|V[0,3,4,5,7,8,11,12,16,18,20]",a8183af7c877609dfef27086e193bd439e30741c
proposed_nsga2_bs_demo_layout_door_left_AW_2_seed_109,proposed_nsga2_bs,demo_layout_door_left_AW_2,109,5,auto_from_instance,10,15,3,28,150,,,,,14,8,12,root > V:12 > BH:13 > BV:7 > BV:7 > BH:22 > BH:14 > BH:6 > BV:16 > BV:3 > BV:3 > BH:18 > BH:10,selected,2,inf,True,252,211,41,53.0,1.0,1.0,True,True,1,1,0,True,3,1,0,0,True,True,0,14,12,14,12,8,RP_LS,sampled_pool,,,False,0.4,0.36377309720407297,0.6,0.1,adaptive,spacing_aware_flip,offspring,feasible_start_adaptive_spacing,,,,feasible_start_adaptive_spacing,0.5,,True,auto_from_instance,0.75,0.35,"2,3,6,7,11,12,13,15,19,23","0,3,4,6,7,8,11,12,14,16,19,20",,,,,,"H[2,3,6,7,10,11,12,13,14,15,18,19,22,23]|V[0,3,4,6,7,8,11,12,14,16,19,20]",cde7e02f65ba0f4bfa087937e60f3ffbcdd2593f
proposed_nsga2_bs_demo_layout_door_left_AW_2_seed_109,proposed_nsga2_bs,demo_layout_door_left_AW_2,109,5,auto_from_instance,10,15,3,28,150,,,,,15,8,12,root > V:12 > BH:13 > BV:7 > BV:7 > BH:22 > BH:14 > BH:6 > BV:16 > BV:3 > BV:3 > BH:10 > BV:16,evaluated,5,inf,False,252,205,47,59.0,1.0,1.0,True,True,1,1,0,True,3,1,0,0,True,True,0,13,12,13,12,8,RP_LS,sampled_pool,,,False,0.4,0.36377309720407297,0.6,0.1,adaptive,spacing_aware_flip,offspring,feasible_start_adaptive_spacing,,,,feasible_start_adaptive_spacing,0.5,,True,auto_from_instance,0.75,0.35,"2,3,6,7,11,12,13,15,19,23","0,3,4,6,7,8,11,12,14,16,19,20",,,,,,"H[2,3,6,7,10,11,12,13,14,15,19,22,23]|V[0,3,4,6,7,8,11,12,14,16,19,20]",ab31b9ee804bbbf9b9577ac402d3df32d5242d59
proposed_nsga2_bs_demo_layout_door_left_AW_2_seed_109,proposed_nsga2_bs,demo_layout_door_left_AW_2,109,5,auto_from_instance,10,15,3,28,150,,,,,16,8,12,root > V:12 > BH:13 > BV:7 > BV:7 > BH:22 > BH:14 > BH:6 > BV:16 > BV:3 > BV:3 > BH:18 > BV:16,evaluated,5,inf,False,252,205,47,59.0,1.0,1.0,True,True,1,1,0,True,3,1,0,0,True,True,0,13,12,13,12,8,RP_LS,sampled_pool,,,False,0.4,0.36377309720407297,0.6,0.1,adaptive,spacing_aware_flip,offspring,feasible_start_adaptive_spacing,,,,feasible_start_adaptive_spacing,0.5,,True,auto_from_instance,0.75,0.35,"2,3,6,7,11,12,13,15,19,23","0,3,4,6,7,8,11,12,14,16,19,20",,,,,,"H[2,3,6,7,11,12,13,14,15,18,19,22,23]|V[0,3,4,6,7,8,11,12,14,16,19,20]",7ddefe84595053a41131cfd89ef85cec0712a59e
proposed_nsga2_bs_demo_layout_door_left_AW_2_seed_109,proposed_nsga2_bs,demo_layout_door_left_AW_2,109,5,auto_from_instance,10,15,3,28,150,,,,,17,8,12,root > V:12 > BH:13 > BV:7 > BV:7 > BH:22 > BH:14 > BH:6 > BV:16 > BV:3 > BV:3 > BH:10 > BV:18,evaluated,6,inf,False,252,199,53,59.0,1.0,1.0,True,True,1,1,0,True,3,1,0,0,True,True,0,13,13,13,13,8,RP_LS,sampled_pool,,,False,0.4,0.36377309720407297,0.6,0.1,adaptive,spacing_aware_flip,offspring,feasible_start_adaptive_spacing,,,,feasible_start_adaptive_spacing,0.5,,True,auto_from_instance,0.75,0.35,"2,3,6,7,11,12,13,15,19,23","0,3,4,6,7,8,11,12,14,16,19,20",,,,,,"H[2,3,6,7,10,11,12,13,14,15,19,22,23]|V[0,3,4,6,7,8,11,12,14,16,18,19,20]",309161cefaf4f68f6294376d2bd0a050edd8b668
proposed_nsga2_bs_demo_layout_door_left_AW_2_seed_109,proposed_nsga2_bs,demo_layout_door_left_AW_2,109,6,auto_from_instance,10,15,3,28,150,,,,,1,1,11,root > V:12 > BH:13 > BV:7 > BV:7 > BV:3 > BV:3 > BH:3 > BH:9 > BH:15 > BH:23 > BH:19,selected,4,inf,True,262,202,60,48.0,1.0,1.0,True,True,1,1,0,True,3,1,0,0,True,True,0,10,11,10,11,1,SS_PF_LS,sampled_pool,,,True,0.4666666666666667,0.42558951949827634,0.5333333333333333,0.1,adaptive,bit_flip,offspring,feasible_start_adaptive_spacing,,,,feasible_start_adaptive_spacing,0.5,,True,auto_from_instance,0.75,0.35,"3,6,7,11,12,13,15,19,23","0,1,3,4,5,7,11,12,16,18,20",,,,,,"H[3,6,7,9,11,12,13,15,19,23]|V[0,1,3,4,5,7,11,12,16,18,20]",b1e3d56141dc971bf7df120e9cce33e5a479a65f
proposed_nsga2_bs_demo_layout_door_left_AW_2_seed_109,proposed_nsga2_bs,demo_layout_door_left_AW_2,109,6,auto_from_instance,10,15,3,28,150,,,,,2,1,11,root > V:12 > BH:13 > BV:7 > BV:7 > BV:3 > BV:3 > BH:23 > BH:17 > BH:11 > BH:3 > BH:7,evaluated,4,inf,False,262,202,60,48.0,1.0,1.0,True,True,1,1,0,True,3,1,0,0,True,True,0,10,11,10,11,1,SS_PF_LS,sampled_pool,,,True,0.4666666666666667,0.42558951949827634,0.5333333333333333,0.1,adaptive,bit_flip,offspring,feasible_start_adaptive_spacing,,,,feasible_start_adaptive_spacing,0.5,,True,auto_from_instance,0.75,0.35,"3,6,7,11,12,13,15,19,23","0,1,3,4,5,7,11,12,16,18,20",,,,,,"H[3,6,7,11,12,13,15,17,19,23]|V[0,1,3,4,5,7,11,12,16,18,20]",4d9823d39ac54567648600c413a3d532ee5a312b
proposed_nsga2_bs_demo_layout_door_left_AW_2_seed_109,proposed_nsga2_bs,demo_layout_door_left_AW_2,109,6,auto_from_instance,10,15,3,28,150,,,,,3,1,11,root > V:12 > BH:13 > BV:7 > BV:7 > BV:3 > BV:3 > BH:3 > BH:9 > BH:15 > BH:23 > BV:16,evaluated,5,inf,False,262,196,66,54.0,1.0,1.0,True,True,1,1,0,True,3,1,0,0,True,True,0,10,11,10,11,1,SS_PF_LS,sampled_pool,,,True,0.4666666666666667,0.42558951949827634,0.5333333333333333,0.1,adaptive,bit_flip,offspring,feasible_start_adaptive_spacing,,,,feasible_start_adaptive_spacing,0.5,,True,auto_from_instance,0.75,0.35,"3,6,7,11,12,13,15,19,23","0,1,3,4,5,7,11,12,16,18,20",,,,,,"H[3,6,7,9,11,12,13,15,19,23]|V[0,1,3,4,5,7,11,12,16,18,20]",9d0e79f5c3b536529e0e2fe4abc6898ecdd52190
proposed_nsga2_bs_demo_layout_door_left_AW_2_seed_109,proposed_nsga2_bs,demo_layout_door_left_AW_2,109,6,auto_from_instance,10,15,3,28,150,,,,,4,1,11,root > V:12 > BH:13 > BV:7 > BV:7 > BV:3 > BV:3 > BH:23 > BH:17 > BH:11 > BH:3 > BV:16,evaluated,5,inf,False,262,196,66,54.0,1.0,1.0,True,True,1,1,0,True,3,1,0,0,True,True,0,10,11,10,11,1,SS_PF_LS,sampled_pool,,,True,0.4666666666666667,0.42558951949827634,0.5333333333333333,0.1,adaptive,bit_flip,offspring,feasible_start_adaptive_spacing,,,,feasible_start_adaptive_spacing,0.5,,True,auto_from_instance,0.75,0.35,"3,6,7,11,12,13,15,19,23","0,1,3,4,5,7,11,12,16,18,20",,,,,,"H[3,6,7,11,12,13,15,17,19,23]|V[0,1,3,4,5,7,11,12,16,18,20]",34535e8e0bc2bd4705da242e7ce4bac9ecec4855
proposed_nsga2_bs_demo_layout_door_left_AW_2_seed_109,proposed_nsga2_bs,demo_layout_door_left_AW_2,109,6,auto_from_instance,10,15,3,28,150,,,,,5,2,12,root > V:12 > BH:13 > BV:7 > BV:7 > BV:3 > BV:3 > BH:23 > BH:19 > BH:15 > BH:11 > BH:3 > BH:7,selected,0,inf,True,250,214,36,36.0,1.0,1.0,True,True,1,1,0,True,3,1,0,0,True,True,0,10,12,10,12,2,PF_SS_RP,sampled_pool,,,True,0.4666666666666667,0.4398995032487407,0.5333333333333333,0.1,adaptive,remove_random_aisle,offspring,feasible_start_adaptive_spacing,,,,feasible_start_adaptive_spacing,0.5,,True,auto_from_instance,0.75,0.35,"2,3,6,7,10,11,13,15,19,23","0,3,4,5,7,8,10,11,12,16,19,20",,,,,,"H[2,3,6,7,10,11,13,15,19,23]|V[0,3,4,5,7,8,10,11,12,16,19,20]",eb03952090a874660b7fb214554a0aa56a73029e
proposed_nsga2_bs_demo_layout_door_left_AW_2_seed_109,proposed_nsga2_bs,demo_layout_door_left_AW_2,109,6,auto_from_instance,10,15,3,28,150,,,,,6,2,12,root > V:12 > BH:13 > BV:7 > BV:7 > BV:3 > BV:3 > BH:3 > BH:7 > BH:11 > BH:15 > BH:23 > BV:16,selected,2,inf,True,250,208,42,42.0,1.0,1.0,True,True,1,1,0,True,3,1,0,0,True,True,0,10,12,10,12,2,PF_SS_RP,sampled_pool,,,True,0.4666666666666667,0.4398995032487407,0.5333333333333333,0.1,adaptive,remove_random_aisle,offspring,feasible_start_adaptive_spacing,,,,feasible_start_adaptive_spacing,0.5,,True,auto_from_instance,0.75,0.35,"2,3,6,7,10,11,13,15,19,23","0,3,4,5,7,8,10,11,12,16,19,20",,,,,,"H[2,3,6,7,10,11,13,15,19,23]|V[0,3,4,5,7,8,10,11,12,16,19,20]",00a9d8d47000946aa25bf8cbdb36931d5b5d4b7d
proposed_nsga2_bs_demo_layout_door_left_AW_2_seed_109,proposed_nsga2_bs,demo_layout_door_left_AW_2,109,6,auto_from_instance,10,15,3,28,150,,,,,7,2,12,root > V:12 > BH:13 > BV:7 > BV:7 > BV:3 > BV:3 > BH:23 > BH:19 > BH:15 > BH:11 > BH:3 > BV:16,selected,2,inf,True,250,208,42,42.0,1.0,1.0,True,True,1,1,0,True,3,1,0,0,True,True,0,10,12,10,12,2,PF_SS_RP,sampled_pool,,,True,0.4666666666666667,0.4398995032487407,0.5333333333333333,0.1,adaptive,remove_random_aisle,offspring,feasible_start_adaptive_spacing,,,,feasible_start_adaptive_spacing,0.5,,True,auto_from_instance,0.75,0.35,"2,3,6,7,10,11,13,15,19,23","0,3,4,5,7,8,10,11,12,16,19,20",,,,,,"H[2,3,6,7,10,11,13,15,19,23]|V[0,3,4,5,7,8,10,11,12,16,19,20]",d0525a507710a5664c0df826d850c16891cba894
proposed_nsga2_bs_demo_layout_door_left_AW_2_seed_109,proposed_nsga2_bs,demo_layout_door_left_AW_2,109,6,auto_from_instance,10,15,3,28,150,,,,,8,2,12,root > V:12 > BH:13 > BV:7 > BV:7 > BV:3 > BV:3 > BH:3 > BH:7 > BH:11 > BH:15 > BH:23 > BV:18,selected,3,inf,True,250,202,48,42.0,1.0,1.0,True,True,1,1,0,True,3,1,0,0,True,True,0,10,13,10,13,2,PF_SS_RP,sampled_pool,,,True,0.4666666666666667,0.4398995032487407,0.5333333333333333,0.1,adaptive,remove_random_aisle,offspring,feasible_start_adaptive_spacing,,,,feasible_start_adaptive_spacing,0.5,,True,auto_from_instance,0.75,0.35,"2,3,6,7,10,11,13,15,19,23","0,3,4,5,7,8,10,11,12,16,19,20",,,,,,"H[2,3,6,7,10,11,13,15,19,23]|V[0,3,4,5,7,8,10,11,12,16,18,19,20]",5e05b9e2be6409b0235baa53bcd3246806d24e85
proposed_nsga2_bs_demo_layout_door_left_AW_2_seed_109,proposed_nsga2_bs,demo_layout_door_left_AW_2,109,6,auto_from_instance,10,15,3,28,150,,,,,9,4,12,root > V:12 > BH:13 > BV:7 > BV:3 > BV:7 > BV:3 > BH:23 > BH:19 > BH:15 > BH:11 > BH:7 > BV:16,selected,0,inf,True,250,214,36,36.0,1.0,1.0,True,True,1,1,0,True,3,1,0,0,True,True,0,11,11,11,11,4,PF,sampled_pool,,,False,0.4666666666666667,0.42137920169055804,0.5333333333333333,0.1,adaptive,swap_segments,offspring,feasible_start_adaptive_spacing,,,,feasible_start_adaptive_spacing,0.5,,True,auto_from_instance,0.75,0.35,"2,3,7,11,13,15,18,21,22,23","0,3,4,5,7,8,11,12,16,18,20",,,,,,"H[2,3,7,11,13,15,18,19,21,22,23]|V[0,3,4,5,7,8,11,12,16,18,20]",0fdb9192f0d4acf2b6dd22b4a8e053ab5a7ed4a9
proposed_nsga2_bs_demo_layout_door_left_AW_2_seed_109,proposed_nsga2_bs,demo_layout_door_left_AW_2,109,6,auto_from_instance,10,15,3,28,150,,,,,10,4,12,root > V:12 > BH:13 > BV:7 > BV:3 > BV:7 > BV:3 > BH:23 > BH:19 > BH:15 > BH:11 > BH:6 > BV:16,selected,1,inf,True,252,211,41,41.0,1.0,1.0,True,True,1,1,0,True,3,1,0,0,True,True,0,12,11,12,11,4,PF,sampled_pool,,,False,0.4666666666666667,0.42137920169055804,0.5333333333333333,0.1,adaptive,swap_segments,offspring,feasible_start_adaptive_spacing,,,,feasible_start_adaptive_spacing,0.5,,True,auto_from_instance,0.75,0.35,"2,3,7,11,13,15,18,21,22,23","0,3,4,5,7,8,11,12,16,18,20",,,,,,"H[2,3,6,7,11,13,15,18,19,21,22,23]|V[0,3,4,5,7,8,11,12,16,18,20]",1e51df56ad9655663d1175b2036f4a44cf7e7571
proposed_nsga2_bs_demo_layout_door_left_AW_2_seed_109,proposed_nsga2_bs,demo_layout_door_left_AW_2,109,6,auto_from_instance,10,15,3,28,150,,,,,11,4,12,root > V:12 > BH:13 > BV:7 > BV:3 > BV:7 > BV:3 > BH:23 > BH:19 > BH:15 > BH:11 > BH:7 > BV:18,selected,1,inf,True,250,208,42,36.0,1.0,1.0,True,True,1,1,0,True,3,1,0,0,True,True,0,11,11,11,11,4,PF,sampled_pool,,,False,0.4666666666666667,0.42137920169055804,0.5333333333333333,0.1,adaptive,swap_segments,offspring,feasible_start_adaptive_spacing,,,,feasible_start_adaptive_spacing,0.5,,True,auto_from_instance,0.75,0.35,"2,3,7,11,13,15,18,21,22,23","0,3,4,5,7,8,11,12,16,18,20",,,,,,"H[2,3,7,11,13,15,18,19,21,22,23]|V[0,3,4,5,7,8,11,12,16,18,20]",e93a25c3a7092c6fe076b314782c6184f8ddb22d
proposed_nsga2_bs_demo_layout_door_left_AW_2_seed_109,proposed_nsga2_bs,demo_layout_door_left_AW_2,109,6,auto_from_instance,10,15,3,28,150,,,,,12,8,12,root > V:12 > BH:13 > BV:7 > BV:7 > BH:22 > BH:14 > BH:6 > BV:16 > BV:3 > BV:3 > BH:18 > BH:10,selected,2,inf,True,252,211,41,53.0,1.0,1.0,True,True,1,1,0,True,3,1,0,0,True,True,0,12,11,12,11,8,RP_LS,sampled_pool,,,False,0.4666666666666667,0.4587267351521554,0.5333333333333333,0.1,adaptive,break_symmetry,offspring,feasible_start_adaptive_spacing,,,,feasible_start_adaptive_spacing,0.5,,True,auto_from_instance,0.75,0.35,"2,3,6,7,11,13,15,18,22,24","0,3,4,5,7,8,11,12,16,18,20",,,,,,"H[2,3,6,7,10,11,13,14,15,18,22,24]|V[0,3,4,5,7,8,11,12,16,18,20]",cde7e02f65ba0f4bfa087937e60f3ffbcdd2593f
proposed_nsga2_bs_demo_layout_door_left_AW_2_seed_109,proposed_nsga2_bs,demo_layout_door_left_AW_2,109,6,auto_from_instance,10,15,3,28,150,,,,,13,8,12,root > V:12 > BH:13 > BV:7 > BV:7 > BH:22 > BH:14 > BH:6 > BV:16 > BV:3 > BV:3 > BH:10 > BV:16,evaluated,5,inf,False,252,205,47,59.0,1.0,1.0,True,True,1,1,0,True,3,1,0,0,True,True,0,12,11,12,11,8,RP_LS,sampled_pool,,,False,0.4666666666666667,0.4587267351521554,0.5333333333333333,0.1,adaptive,break_symmetry,offspring,feasible_start_adaptive_spacing,,,,feasible_start_adaptive_spacing,0.5,,True,auto_from_instance,0.75,0.35,"2,3,6,7,11,13,15,18,22,24","0,3,4,5,7,8,11,12,16,18,20",,,,,,"H[2,3,6,7,10,11,13,14,15,18,22,24]|V[0,3,4,5,7,8,11,12,16,18,20]",ab31b9ee804bbbf9b9577ac402d3df32d5242d59
proposed_nsga2_bs_demo_layout_door_left_AW_2_seed_109,proposed_nsga2_bs,demo_layout_door_left_AW_2,109,6,auto_from_instance,10,15,3,28,150,,,,,14,8,12,root > V:12 > BH:13 > BV:7 > BV:7 > BH:22 > BH:14 > BH:6 > BV:16 > BV:3 > BV:3 > BH:18 > BV:16,evaluated,5,inf,False,252,205,47,59.0,1.0,1.0,True,True,1,1,0,True,3,1,0,0,True,True,0,11,11,11,11,8,RP_LS,sampled_pool,,,False,0.4666666666666667,0.4587267351521554,0.5333333333333333,0.1,adaptive,break_symmetry,offspring,feasible_start_adaptive_spacing,,,,feasible_start_adaptive_spacing,0.5,,True,auto_from_instance,0.75,0.35,"2,3,6,7,11,13,15,18,22,24","0,3,4,5,7,8,11,12,16,18,20",,,,,,"H[2,3,6,7,11,13,14,15,18,22,24]|V[0,3,4,5,7,8,11,12,16,18,20]",7ddefe84595053a41131cfd89ef85cec0712a59e
proposed_nsga2_bs_demo_layout_door_left_AW_2_seed_109,proposed_nsga2_bs,demo_layout_door_left_AW_2,109,6,auto_from_instance,10,15,3,28,150,,,,,15,8,12,root > V:12 > BH:13 > BV:7 > BV:7 > BH:22 > BH:14 > BH:6 > BV:16 > BV:3 > BV:3 > BH:10 > BV:18,evaluated,6,inf,False,252,199,53,59.0,1.0,1.0,True,True,1,1,0,True,3,1,0,0,True,True,0,12,11,12,11,8,RP_LS,sampled_pool,,,False,0.4666666666666667,0.4587267351521554,0.5333333333333333,0.1,adaptive,break_symmetry,offspring,feasible_start_adaptive_spacing,,,,feasible_start_adaptive_spacing,0.5,,True,auto_from_instance,0.75,0.35,"2,3,6,7,11,13,15,18,22,24","0,3,4,5,7,8,11,12,16,18,20",,,,,,"H[2,3,6,7,10,11,13,14,15,18,22,24]|V[0,3,4,5,7,8,11,12,16,18,20]",309161cefaf4f68f6294376d2bd0a050edd8b668
proposed_nsga2_bs_demo_layout_door_left_AW_2_seed_109,proposed_nsga2_bs,demo_layout_door_left_AW_2,109,6,auto_from_instance,10,15,3,28,150,,,,,16,10,12,root > V:12 > BH:13 > BV:4 > BV:7 > BH:22 > BH:14 > BH:6 > BV:18 > BV:8 > BV:3 > BH:18 > BH:10,evaluated,4,inf,False,252,205,47,53.0,1.0,1.0,True,True,1,1,0,True,3,1,0,0,True,True,0,15,12,15,12,10,RP,sampled_pool,,,False,0.4666666666666667,0.45494602475895723,0.5333333333333333,0.1,adaptive,spacing_aware_flip,offspring,feasible_start_adaptive_spacing,,,,feasible_start_adaptive_spacing,0.5,,True,auto_from_instance,0.75,0.35,"2,3,6,7,11,12,13,15,19,21,23","0,3,4,5,7,8,10,11,12,16,18,20",,,,,,"H[2,3,6,7,10,11,12,13,14,15,18,19,21,22,23]|V[0,3,4,5,7,8,10,11,12,16,18,20]",2f4f4a5396cc8e9d5837eb47b616b3fb87ce1484
proposed_nsga2_bs_demo_layout_door_left_AW_2_seed_109,proposed_nsga2_bs,demo_layout_door_left_AW_2,109,6,auto_from_instance,10,15,3,28,150,,,,,17,10,12,root > V:12 > BH:13 > BV:7 > BV:7 > BH:22 > BH:14 > BH:6 > BV:18 > BV:3 > BV:3 > BH:18 > BH:10,selected,3,inf,True,252,206,46,53.0,1.0,1.0,True,True,1,1,0,True,3,1,0,0,True,True,0,15,12,15,12,10,RP,sampled_pool,,,False,0.4666666666666667,0.45494602475895723,0.5333333333333333,0.1,adaptive,spacing_aware_flip,offspring,feasible_start_adaptive_spacing,,,,feasible_start_adaptive_spacing,0.5,,True,auto_from_instance,0.75,0.35,"2,3,6,7,11,12,13,15,19,21,23","0,3,4,5,7,8,10,11,12,16,18,20",,,,,,"H[2,3,6,7,10,11,12,13,14,15,18,19,21,22,23]|V[0,3,4,5,7,8,10,11,12,16,18,20]",f5c2b475e28cd126ea8ff99f9b6aa52888a523c1
proposed_nsga2_bs_demo_layout_door_left_AW_2_seed_109,proposed_nsga2_bs,demo_layout_door_left_AW_2,109,6,auto_from_instance,10,15,3,28,150,,,,,18,10,12,root > V:12 > BH:13 > BV:4 > BV:7 > BH:22 > BH:14 > BH:6 > BV:18 > BV:8 > BV:3 > BH:10 > BV:18,evaluated,7,inf,False,252,193,59,59.0,1.0,1.0,True,True,1,1,0,True,3,1,0,0,True,True,0,14,12,14,12,10,RP,sampled_pool,,,False,0.4666666666666667,0.45494602475895723,0.5333333333333333,0.1,adaptive,spacing_aware_flip,offspring,feasible_start_adaptive_spacing,,,,feasible_start_adaptive_spacing,0.5,,True,auto_from_instance,0.75,0.35,"2,3,6,7,11,12,13,15,19,21,23","0,3,4,5,7,8,10,11,12,16,18,20",,,,,,"H[2,3,6,7,10,11,12,13,14,15,19,21,22,23]|V[0,3,4,5,7,8,10,11,12,16,18,20]",f9a9a5616dac47bdcfc03dfbba36a20e1e17a6a0
proposed_nsga2_bs_demo_layout_door_left_AW_2_seed_109,proposed_nsga2_bs,demo_layout_door_left_AW_2,109,6,auto_from_instance,10,15,3,28,150,,,,,19,10,12,root > V:12 > BH:13 > BV:4 > BV:7 > BH:22 > BH:14 > BH:6 > BV:18 > BV:8 > BV:3 > BH:10 > BV:16,evaluated,6,inf,False,252,199,53,59.0,1.0,1.0,True,True,1,1,0,True,3,1,0,0,True,True,0,14,12,14,12,10,RP,sampled_pool,,,False,0.4666666666666667,0.45494602475895723,0.5333333333333333,0.1,adaptive,spacing_aware_flip,offspring,feasible_start_adaptive_spacing,,,,feasible_start_adaptive_spacing,0.5,,True,auto_from_instance,0.75,0.35,"2,3,6,7,11,12,13,15,19,21,23","0,3,4,5,7,8,10,11,12,16,18,20",,,,,,"H[2,3,6,7,10,11,12,13,14,15,19,21,22,23]|V[0,3,4,5,7,8,10,11,12,16,18,20]",82db768438ebf5ee2af7aaa5358e65b647f47dd5
proposed_nsga2_bs_demo_layout_door_left_AW_2_seed_109,proposed_nsga2_bs,demo_layout_door_left_AW_2,109,7,auto_from_instance,10,15,3,28,150,,,,,1,1,12,root > V:12 > BH:13 > BV:7 > BV:7 > BV:3 > BV:3 > BH:23 > BH:19 > BH:15 > BH:11 > BH:3 > BH:7,selected,0,inf,True,250,214,36,36.0,1.0,1.0,True,True,1,1,0,True,3,1,0,0,True,True,0,10,12,10,12,1,PF_LS_RP,sampled_pool,,,False,0.5333333333333333,0.5928873667653881,0.4666666666666667,0.1,adaptive,break_symmetry,offspring,feasible_start_adaptive_spacing,,,,feasible_start_adaptive_spacing,0.5,,True,auto_from_instance,0.75,0.35,"2,3,6,7,11,13,15,18,19,23","0,2,4,5,7,8,10,11,12,16,20",,,,,,"H[2,3,6,7,11,13,15,18,19,23]|V[0,2,3,4,5,7,8,10,11,12,16,20]",eb03952090a874660b7fb214554a0aa56a73029e
proposed_nsga2_bs_demo_layout_door_left_AW_2_seed_109,proposed_nsga2_bs,demo_layout_door_left_AW_2,109,7,auto_from_instance,10,15,3,28,150,,,,,2,1,12,root > V:12 > BH:13 > BV:7 > BV:7 > BV:3 > BV:3 > BH:3 > BH:7 > BH:11 > BH:15 > BH:23 > BV:16,selected,2,inf,True,250,208,42,42.0,1.0,1.0,True,True,1,1,0,True,3,1,0,0,True,True,0,10,12,10,12,1,PF_LS_RP,sampled_pool,,,False,0.5333333333333333,0.5928873667653881,0.4666666666666667,0.1,adaptive,break_symmetry,offspring,feasible_start_adaptive_spacing,,,,feasible_start_adaptive_spacing,0.5,,True,auto_from_instance,0.75,0.35,"2,3,6,7,11,13,15,18,19,23","0,2,4,5,7,8,10,11,12,16,20",,,,,,"H[2,3,6,7,11,13,15,18,19,23]|V[0,2,3,4,5,7,8,10,11,12,16,20]",00a9d8d47000946aa25bf8cbdb36931d5b5d4b7d
proposed_nsga2_bs_demo_layout_door_left_AW_2_seed_109,proposed_nsga2_bs,demo_layout_door_left_AW_2,109,7,auto_from_instance,10,15,3,28,150,,,,,3,1,12,root > V:12 > BH:13 > BV:7 > BV:7 > BV:3 > BV:3 > BH:23 > BH:19 > BH:15 > BH:11 > BH:3 > BV:16,evaluated,2,0.0,False,250,208,42,42.0,1.0,1.0,True,True,1,1,0,True,3,1,0,0,True,True,0,10,12,10,12,1,PF_LS_RP,sampled_pool,,,False,0.5333333333333333,0.5928873667653881,0.4666666666666667,0.1,adaptive,break_symmetry,offspring,feasible_start_adaptive_spacing,,,,feasible_start_adaptive_spacing,0.5,,True,auto_from_instance,0.75,0.35,"2,3,6,7,11,13,15,18,19,23","0,2,4,5,7,8,10,11,12,16,20",,,,,,"H[2,3,6,7,11,13,15,18,19,23]|V[0,2,3,4,5,7,8,10,11,12,16,20]",d0525a507710a5664c0df826d850c16891cba894
proposed_nsga2_bs_demo_layout_door_left_AW_2_seed_109,proposed_nsga2_bs,demo_layout_door_left_AW_2,109,7,auto_from_instance,10,15,3,28,150,,,,,4,1,12,root > V:12 > BH:13 > BV:7 > BV:7 > BV:3 > BV:3 > BH:3 > BH:7 > BH:11 > BH:15 > BH:23 > BV:18,evaluated,3,inf,False,250,202,48,42.0,1.0,1.0,True,True,1,1,0,True,3,1,0,0,True,True,0,10,13,10,13,1,PF_LS_RP,sampled_pool,,,False,0.5333333333333333,0.5928873667653881,0.4666666666666667,0.1,adaptive,break_symmetry,offspring,feasible_start_adaptive_spacing,,,,feasible_start_adaptive_spacing,0.5,,True,auto_from_instance,0.75,0.35,"2,3,6,7,11,13,15,18,19,23","0,2,4,5,7,8,10,11,12,16,20",,,,,,"H[2,3,6,7,11,13,15,18,19,23]|V[0,2,3,4,5,7,8,10,11,12,16,18,20]",5e05b9e2be6409b0235baa53bcd3246806d24e85
proposed_nsga2_bs_demo_layout_door_left_AW_2_seed_109,proposed_nsga2_bs,demo_layout_door_left_AW_2,109,7,auto_from_instance,10,15,3,28,150,,,,,5,2,12,root > V:12 > BH:13 > BV:7 > BV:7 > BV:3 > BH:3 > BH:11 > BV:3 > BH:19 > BV:16 > BH:15 > BH:7,selected,0,0.0,True,250,214,36,36.0,1.0,1.0,True,True,1,1,0,True,3,1,0,0,True,True,0,12,12,12,12,2,SS_LS_PF,sampled_pool,,,True,0.5333333333333333,0.5489179591355965,0.4666666666666667,0.1,adaptive,swap_segments,offspring,feasible_start_adaptive_spacing,,,,feasible_start_adaptive_spacing,0.5,,True,auto_from_instance,0.75,0.35,"2,3,6,7,10,11,13,15,19,21,22,23","0,3,4,5,6,7,8,11,12,16,19,20",,,,,,"H[2,3,6,7,10,11,13,15,19,21,22,23]|V[0,3,4,5,6,7,8,11,12,16,19,20]",4a41b107b91f9199ee0941107f3223a236184f76
proposed_nsga2_bs_demo_layout_door_left_AW_2_seed_109,proposed_nsga2_bs,demo_layout_door_left_AW_2,109,7,auto_from_instance,10,15,3,28,150,,,,,6,2,12,root > V:12 > BH:13 > BV:7 > BV:7 > BV:3 > BH:3 > BH:11 > BV:3 > BH:19 > BV:16 > BH:15 > BV:16,evaluated,2,inf,False,250,208,42,42.0,1.0,1.0,True,True,1,1,0,True,3,1,0,0,True,True,0,12,12,12,12,2,SS_LS_PF,sampled_pool,,,True,0.5333333333333333,0.5489179591355965,0.4666666666666667,0.1,adaptive,swap_segments,offspring,feasible_start_adaptive_spacing,,,,feasible_start_adaptive_spacing,0.5,,True,auto_from_instance,0.75,0.35,"2,3,6,7,10,11,13,15,19,21,22,23","0,3,4,5,6,7,8,11,12,16,19,20",,,,,,"H[2,3,6,7,10,11,13,15,19,21,22,23]|V[0,3,4,5,6,7,8,11,12,16,19,20]",e4976425b4f11038bde9f9992bd6b77babdea435
proposed_nsga2_bs_demo_layout_door_left_AW_2_seed_109,proposed_nsga2_bs,demo_layout_door_left_AW_2,109,7,auto_from_instance,10,15,3,28,150,,,,,7,3,8,root > V:16 > BH:13 > BV:12 > BV:12 > BV:7 > BV:3 > BV:7 > BV:3,selected,0,inf,True,266,216,50,50.0,1.0,1.0,True,True,1,1,0,True,3,1,0,0,True,True,0,10,13,10,13,3,LS,sampled_pool,,,False,0.5333333333333333,0.5194863791850305,0.4666666666666667,0.1,adaptive,insert_random_aisle,offspring,feasible_start_adaptive_spacing,,,,feasible_start_adaptive_spacing,0.5,,True,auto_from_instance,0.75,0.35,"2,3,6,7,10,11,13,15,19,23","0,2,3,4,5,7,8,10,11,12,16,18,20",,,,,,"H[2,3,6,7,10,11,13,15,19,23]|V[0,2,3,4,5,7,8,10,11,12,16,18,20]",63c9c1384eb0d63f6756e5f6c6567bc893aa1bf9
proposed_nsga2_bs_demo_layout_door_left_AW_2_seed_109,proposed_nsga2_bs,demo_layout_door_left_AW_2,109,7,auto_from_instance,10,15,3,28,150,,,,,8,3,8,root > V:16 > BH:13 > BV:12 > BV:12 > BV:7 > BV:3 > BV:4 > BV:8,selected,1,inf,True,266,215,51,50.0,1.0,1.0,True,True,1,1,0,True,3,1,0,0,True,True,0,10,13,10,13,3,LS,sampled_pool,,,False,0.5333333333333333,0.5194863791850305,0.4666666666666667,0.1,adaptive,insert_random_aisle,offspring,feasible_start_adaptive_spacing,,,,feasible_start_adaptive_spacing,0.5,,True,auto_from_instance,0.75,0.35,"2,3,6,7,10,11,13,15,19,23","0,2,3,4,5,7,8,10,11,12,16,18,20",,,,,,"H[2,3,6,7,10,11,13,15,19,23]|V[0,2,3,4,5,7,8,10,11,12,16,18,20]",a8183af7c877609dfef27086e193bd439e30741c
proposed_nsga2_bs_demo_layout_door_left_AW_2_seed_109,proposed_nsga2_bs,demo_layout_door_left_AW_2,109,7,auto_from_instance,10,15,3,28,150,,,,,9,9,12,root > V:12 > BH:13 > BV:7 > BV:3 > BV:7 > BV:3 > BH:23 > BH:19 > BH:15 > BH:11 > BH:7 > BV:16,selected,0,2.3685064935064934,True,250,214,36,36.0,1.0,1.0,True,True,1,1,0,True,3,1,0,0,True,True,0,14,12,14,12,9,PF,sampled_pool,,,False,0.5333333333333333,0.5294074015363802,0.4666666666666667,0.1,adaptive,break_symmetry,offspring,feasible_start_adaptive_spacing,,,,feasible_start_adaptive_spacing,0.5,,True,auto_from_instance,0.75,0.35,"2,3,6,7,10,11,13,14,15,20,22,24","0,3,4,5,7,8,10,11,12,16,18,20",,,,,,"H[2,3,6,7,10,11,13,14,15,19,20,22,23,24]|V[0,3,4,5,7,8,10,11,12,16,18,20]",0fdb9192f0d4acf2b6dd22b4a8e053ab5a7ed4a9
proposed_nsga2_bs_demo_layout_door_left_AW_2_seed_109,proposed_nsga2_bs,demo_layout_door_left_AW_2,109,7,auto_from_instance,10,15,3,28,150,,,,,10,9,12,root > V:12 > BH:13 > BV:7 > BV:3 > BV:7 > BV:3 > BH:23 > BH:19 > BH:15 > BH:11 > BH:6 > BV:16,selected,1,inf,True,252,211,41,41.0,1.0,1.0,True,True,1,1,0,True,3,1,0,0,True,True,0,14,12,14,12,9,PF,sampled_pool,,,False,0.5333333333333333,0.5294074015363802,0.4666666666666667,0.1,adaptive,break_symmetry,offspring,feasible_start_adaptive_spacing,,,,feasible_start_adaptive_spacing,0.5,,True,auto_from_instance,0.75,0.35,"2,3,6,7,10,11,13,14,15,20,22,24","0,3,4,5,7,8,10,11,12,16,18,20",,,,,,"H[2,3,6,7,10,11,13,14,15,19,20,22,23,24]|V[0,3,4,5,7,8,10,11,12,16,18,20]",1e51df56ad9655663d1175b2036f4a44cf7e7571
proposed_nsga2_bs_demo_layout_door_left_AW_2_seed_109,proposed_nsga2_bs,demo_layout_door_left_AW_2,109,7,auto_from_instance,10,15,3,28,150,,,,,11,9,12,root > V:12 > BH:13 > BV:7 > BV:3 > BV:7 > BV:3 > BH:23 > BH:19 > BH:15 > BH:11 > BH:7 > BV:18,selected,1,1.6698232323232323,True,250,208,42,36.0,1.0,1.0,True,True,1,1,0,True,3,1,0,0,True,True,0,14,12,14,12,9,PF,sampled_pool,,,False,0.5333333333333333,0.5294074015363802,0.4666666666666667,0.1,adaptive,break_symmetry,offspring,feasible_start_adaptive_spacing,,,,feasible_start_adaptive_spacing,0.5,,True,auto_from_instance,0.75,0.35,"2,3,6,7,10,11,13,14,15,20,22,24","0,3,4,5,7,8,10,11,12,16,18,20",,,,,,"H[2,3,6,7,10,11,13,14,15,19,20,22,23,24]|V[0,3,4,5,7,8,10,11,12,16,18,20]",e93a25c3a7092c6fe076b314782c6184f8ddb22d
proposed_nsga2_bs_demo_layout_door_left_AW_2_seed_109,proposed_nsga2_bs,demo_layout_door_left_AW_2,109,7,auto_from_instance,10,15,3,28,150,,,,,12,10,12,root > V:13 > BH:13 > BV:7 > BV:3 > BV:7 > BV:3 > BH:23 > BH:19 > BH:15 > BH:11 > BH:7 > BH:3,selected,0,inf,True,260,202,58,34.0,1.0,1.0,True,True,1,1,0,True,3,1,0,0,True,True,0,11,12,11,12,10,LS_PF,sampled_pool,,,False,0.5333333333333333,0.5078107202668349,0.4666666666666667,0.1,adaptive,bit_flip,offspring,feasible_start_adaptive_spacing,,,,feasible_start_adaptive_spacing,0.5,,True,auto_from_instance,0.75,0.35,"2,3,6,7,10,11,13,15,18,23","0,3,4,5,7,8,11,12,13,16,19,20",,,,,,"H[2,3,6,7,10,11,13,15,18,19,23]|V[0,3,4,5,7,8,11,12,13,16,19,20]",146759e3ef785e80ae78bd95708e7576b0df1241
proposed_nsga2_bs_demo_layout_door_left_AW_2_seed_109,proposed_nsga2_bs,demo_layout_door_left_AW_2,109,7,auto_from_instance,10,15,3,28,150,,,,,13,10,12,root > V:13 > BH:13 > BV:7 > BV:3 > BV:4 > BV:8 > BH:23 > BH:19 > BH:15 > BH:11 > BH:7 > BH:3,evaluated,4,inf,False,260,201,59,46.0,1.0,1.0,True,True,1,1,0,True,3,1,0,0,True,True,0,11,12,11,12,10,LS_PF,sampled_pool,,,False,0.5333333333333333,0.5078107202668349,0.4666666666666667,0.1,adaptive,bit_flip,offspring,feasible_start_adaptive_spacing,,,,feasible_start_adaptive_spacing,0.5,,True,auto_from_instance,0.75,0.35,"2,3,6,7,10,11,13,15,18,23","0,3,4,5,7,8,11,12,13,16,19,20",,,,,,"H[2,3,6,7,10,11,13,15,18,19,23]|V[0,3,4,5,7,8,11,12,13,16,19,20]",93387c913a2f5e9109dde1d3befc35487d67142c
proposed_nsga2_bs_demo_layout_door_left_AW_2_seed_109,proposed_nsga2_bs,demo_layout_door_left_AW_2,109,7,auto_from_instance,10,15,3,28,150,,,,,14,10,12,root > V:13 > BH:13 > BV:7 > BV:3 > BV:7 > BV:3 > BH:3 > BH:7 > BH:11 > BH:15 > BH:19 > BH:25,selected,1,inf,True,260,197,63,34.0,1.0,1.0,True,True,1,1,0,True,3,1,0,0,True,True,0,12,12,12,12,10,LS_PF,sampled_pool,,,False,0.5333333333333333,0.5078107202668349,0.4666666666666667,0.1,adaptive,bit_flip,offspring,feasible_start_adaptive_spacing,,,,feasible_start_adaptive_spacing,0.5,,True,auto_from_instance,0.75,0.35,"2,3,6,7,10,11,13,15,18,23","0,3,4,5,7,8,11,12,13,16,19,20",,,,,,"H[2,3,6,7,10,11,13,15,18,19,23,25]|V[0,3,4,5,7,8,11,12,13,16,19,20]",4317ed1efabe31038ca0b969ea3e4e750cdf03f2
proposed_nsga2_bs_demo_layout_door_left_AW_2_seed_109,proposed_nsga2_bs,demo_layout_door_left_AW_2,109,7,auto_from_instance,10,15,3,28,150,,,,,15,10,12,root > V:13 > BH:13 > BV:7 > BV:3 > BV:4 > BV:8 > BH:3 > BH:7 > BH:11 > BH:15 > BH:19 > BH:25,evaluated,5,inf,False,260,196,64,46.0,1.0,1.0,True,True,1,1,0,True,3,1,0,0,True,True,0,12,12,12,12,10,LS_PF,sampled_pool,,,False,0.5333333333333333,0.5078107202668349,0.4666666666666667,0.1,adaptive,bit_flip,offspring,feasible_start_adaptive_spacing,,,,feasible_start_adaptive_spacing,0.5,,True,auto_from_instance,0.75,0.35,"2,3,6,7,10,11,13,15,18,23","0,3,4,5,7,8,11,12,13,16,19,20",,,,,,"H[2,3,6,7,10,11,13,15,18,19,23,25]|V[0,3,4,5,7,8,11,12,13,16,19,20]",3dcf1d9f8ec6c9955e2ebb38d80186b5c5770c2d
proposed_nsga2_bs_demo_layout_door_left_AW_2_seed_109,proposed_nsga2_bs,demo_layout_door_left_AW_2,109,8,auto_from_instance,10,15,3,28,150,,,,,1,1,12,root > V:12 > BH:13 > BV:7 > BV:7 > BH:22 > BH:14 > BH:6 > BV:16 > BV:3 > BV:3 > BH:18 > BH:10,selected,2,inf,True,252,211,41,53.0,1.0,1.0,True,True,1,1,0,True,3,1,0,0,True,True,0,14,12,14,12,1,RP_LS,sampled_pool,,,False,0.6,0.6191396965038688,0.4,0.1,adaptive,bit_flip,offspring,feasible_start_adaptive_spacing,,,,feasible_start_adaptive_spacing,0.5,,True,auto_from_instance,0.75,0.35,"2,3,6,7,10,11,13,14,15,18,19,23,24","0,2,3,4,5,7,8,10,11,12,16,20",,,,,,"H[2,3,6,7,10,11,13,14,15,18,19,22,23,24]|V[0,2,3,4,5,7,8,10,11,12,16,20]",cde7e02f65ba0f4bfa087937e60f3ffbcdd2593f
proposed_nsga2_bs_demo_layout_door_left_AW_2_seed_109,proposed_nsga2_bs,demo_layout_door_left_AW_2,109,8,auto_from_instance,10,15,3,28,150,,,,,2,1,12,root > V:12 > BH:13 > BV:7 > BV:7 > BH:22 > BH:14 > BH:6 > BV:16 > BV:3 > BV:3 > BH:10 > BV:16,selected,3,inf,True,252,205,47,59.0,1.0,1.0,True,True,1,1,0,True,3,1,0,0,True,True,0,14,12,14,12,1,RP_LS,sampled_pool,,,False,0.6,0.6191396965038688,0.4,0.1,adaptive,bit_flip,offspring,feasible_start_adaptive_spacing,,,,feasible_start_adaptive_spacing,0.5,,True,auto_from_instance,0.75,0.35,"2,3,6,7,10,11,13,14,15,18,19,23,24","0,2,3,4,5,7,8,10,11,12,16,20",,,,,,"H[2,3,6,7,10,11,13,14,15,18,19,22,23,24]|V[0,2,3,4,5,7,8,10,11,12,16,20]",ab31b9ee804bbbf9b9577ac402d3df32d5242d59
proposed_nsga2_bs_demo_layout_door_left_AW_2_seed_109,proposed_nsga2_bs,demo_layout_door_left_AW_2,109,8,auto_from_instance,10,15,3,28,150,,,,,3,1,12,root > V:12 > BH:13 > BV:7 > BV:7 > BH:22 > BH:14 > BH:6 > BV:16 > BV:3 > BV:3 > BH:18 > BV:16,evaluated,3,inf,False,252,205,47,59.0,1.0,1.0,True,True,1,1,0,True,3,1,0,0,True,True,0,14,12,14,12,1,RP_LS,sampled_pool,,,False,0.6,0.6191396965038688,0.4,0.1,adaptive,bit_flip,offspring,feasible_start_adaptive_spacing,,,,feasible_start_adaptive_spacing,0.5,,True,auto_from_instance,0.75,0.35,"2,3,6,7,10,11,13,14,15,18,19,23,24","0,2,3,4,5,7,8,10,11,12,16,20",,,,,,"H[2,3,6,7,10,11,13,14,15,18,19,22,23,24]|V[0,2,3,4,5,7,8,10,11,12,16,20]",7ddefe84595053a41131cfd89ef85cec0712a59e
proposed_nsga2_bs_demo_layout_door_left_AW_2_seed_109,proposed_nsga2_bs,demo_layout_door_left_AW_2,109,8,auto_from_instance,10,15,3,28,150,,,,,4,1,12,root > V:12 > BH:13 > BV:7 > BV:7 > BH:22 > BH:14 > BH:6 > BV:16 > BV:3 > BV:3 > BH:10 > BV:18,evaluated,4,inf,False,252,199,53,59.0,1.0,1.0,True,True,1,1,0,True,3,1,0,0,True,True,0,14,13,14,13,1,RP_LS,sampled_pool,,,False,0.6,0.6191396965038688,0.4,0.1,adaptive,bit_flip,offspring,feasible_start_adaptive_spacing,,,,feasible_start_adaptive_spacing,0.5,,True,auto_from_instance,0.75,0.35,"2,3,6,7,10,11,13,14,15,18,19,23,24","0,2,3,4,5,7,8,10,11,12,16,20",,,,,,"H[2,3,6,7,10,11,13,14,15,18,19,22,23,24]|V[0,2,3,4,5,7,8,10,11,12,16,18,20]",309161cefaf4f68f6294376d2bd0a050edd8b668
proposed_nsga2_bs_demo_layout_door_left_AW_2_seed_109,proposed_nsga2_bs,demo_layout_door_left_AW_2,109,8,auto_from_instance,10,15,3,28,150,,,,,5,2,12,root > V:12 > BH:13 > BV:7 > BV:7 > BV:3 > BV:3 > BH:23 > BH:19 > BH:15 > BH:11 > BH:3 > BH:7,selected,0,inf,True,250,214,36,36.0,1.0,1.0,True,True,1,1,0,True,3,1,0,0,True,True,0,12,11,12,11,2,PF_SS,sampled_pool,,,True,0.6,0.5140175132201485,0.4,0.1,adaptive,remove_random_aisle,offspring,feasible_start_adaptive_spacing,,,,feasible_start_adaptive_spacing,0.5,,True,auto_from_instance,0.75,0.35,"2,3,6,7,11,13,15,19,20,22,23,24","0,3,4,7,8,10,11,12,16,18,20",,,,,,"H[2,3,6,7,11,13,15,19,20,22,23,24]|V[0,3,4,7,8,10,11,12,16,18,20]",eb03952090a874660b7fb214554a0aa56a73029e
proposed_nsga2_bs_demo_layout_door_left_AW_2_seed_109,proposed_nsga2_bs,demo_layout_door_left_AW_2,109,8,auto_from_instance,10,15,3,28,150,,,,,6,2,12,root > V:12 > BH:13 > BV:7 > BV:7 > BV:3 > BV:3 > BH:3 > BH:7 > BH:11 > BH:15 > BH:23 > BV:16,selected,2,inf,True,250,208,42,42.0,1.0,1.0,True,True,1,1,0,True,3,1,0,0,True,True,0,12,11,12,11,2,PF_SS,sampled_pool,,,True,0.6,0.5140175132201485,0.4,0.1,adaptive,remove_random_aisle,offspring,feasible_start_adaptive_spacing,,,,feasible_start_adaptive_spacing,0.5,,True,auto_from_instance,0.75,0.35,"2,3,6,7,11,13,15,19,20,22,23,24","0,3,4,7,8,10,11,12,16,18,20",,,,,,"H[2,3,6,7,11,13,15,19,20,22,23,24]|V[0,3,4,7,8,10,11,12,16,18,20]",00a9d8d47000946aa25bf8cbdb36931d5b5d4b7d
proposed_nsga2_bs_demo_layout_door_left_AW_2_seed_109,proposed_nsga2_bs,demo_layout_door_left_AW_2,109,8,auto_from_instance,10,15,3,28,150,,,,,7,2,12,root > V:12 > BH:13 > BV:7 > BV:7 > BV:3 > BV:3 > BH:23 > BH:19 > BH:15 > BH:11 > BH:3 > BV:16,selected,2,0.0,True,250,208,42,42.0,1.0,1.0,True,True,1,1,0,True,3,1,0,0,True,True,0,12,11,12,11,2,PF_SS,sampled_pool,,,True,0.6,0.5140175132201485,0.4,0.1,adaptive,remove_random_aisle,offspring,feasible_start_adaptive_spacing,,,,feasible_start_adaptive_spacing,0.5,,True,auto_from_instance,0.75,0.35,"2,3,6,7,11,13,15,19,20,22,23,24","0,3,4,7,8,10,11,12,16,18,20",,,,,,"H[2,3,6,7,11,13,15,19,20,22,23,24]|V[0,3,4,7,8,10,11,12,16,18,20]",d0525a507710a5664c0df826d850c16891cba894
proposed_nsga2_bs_demo_layout_door_left_AW_2_seed_109,proposed_nsga2_bs,demo_layout_door_left_AW_2,109,8,auto_from_instance,10,15,3,28,150,,,,,8,2,12,root > V:12 > BH:13 > BV:7 > BV:7 > BV:3 > BV:3 > BH:3 > BH:7 > BH:11 > BH:15 > BH:23 > BV:18,evaluated,3,inf,False,250,202,48,42.0,1.0,1.0,True,True,1,1,0,True,3,1,0,0,True,True,0,12,11,12,11,2,PF_SS,sampled_pool,,,True,0.6,0.5140175132201485,0.4,0.1,adaptive,remove_random_aisle,offspring,feasible_start_adaptive_spacing,,,,feasible_start_adaptive_spacing,0.5,,True,auto_from_instance,0.75,0.35,"2,3,6,7,11,13,15,19,20,22,23,24","0,3,4,7,8,10,11,12,16,18,20",,,,,,"H[2,3,6,7,11,13,15,19,20,22,23,24]|V[0,3,4,7,8,10,11,12,16,18,20]",5e05b9e2be6409b0235baa53bcd3246806d24e85
proposed_nsga2_bs_demo_layout_door_left_AW_2_seed_109,proposed_nsga2_bs,demo_layout_door_left_AW_2,109,8,auto_from_instance,10,15,3,28,150,,,,,9,3,12,root > V:12 > BH:13 > BV:7 > BV:3 > BV:7 > BV:3 > BH:23 > BH:19 > BH:15 > BH:11 > BH:7 > BV:16,selected,0,0.0,True,250,214,36,36.0,1.0,1.0,True,True,1,1,0,True,3,1,0,0,True,True,0,11,13,11,13,3,LS_PF,sampled_pool,,,False,0.6,0.6301590382763701,0.4,0.1,adaptive,insert_random_aisle,offspring,feasible_start_adaptive_spacing,,,,feasible_start_adaptive_spacing,0.5,,True,auto_from_instance,0.75,0.35,"2,3,6,7,10,11,13,15,19,23,24","0,3,4,5,7,8,10,11,12,16,17,18,20",,,,,,"H[2,3,6,7,10,11,13,15,19,23,24]|V[0,3,4,5,7,8,10,11,12,16,17,18,20]",0fdb9192f0d4acf2b6dd22b4a8e053ab5a7ed4a9
proposed_nsga2_bs_demo_layout_door_left_AW_2_seed_109,proposed_nsga2_bs,demo_layout_door_left_AW_2,109,8,auto_from_instance,10,15,3,28,150,,,,,10,3,12,root > V:12 > BH:13 > BV:7 > BV:3 > BV:7 > BV:3 > BH:23 > BH:19 > BH:15 > BH:11 > BH:6 > BV:16,selected,1,inf,True,252,211,41,41.0,1.0,1.0,True,True,1,1,0,True,3,1,0,0,True,True,0,11,13,11,13,3,LS_PF,sampled_pool,,,False,0.6,0.6301590382763701,0.4,0.1,adaptive,insert_random_aisle,offspring,feasible_start_adaptive_spacing,,,,feasible_start_adaptive_spacing,0.5,,True,auto_from_instance,0.75,0.35,"2,3,6,7,10,11,13,15,19,23,24","0,3,4,5,7,8,10,11,12,16,17,18,20",,,,,,"H[2,3,6,7,10,11,13,15,19,23,24]|V[0,3,4,5,7,8,10,11,12,16,17,18,20]",1e51df56ad9655663d1175b2036f4a44cf7e7571
proposed_nsga2_bs_demo_layout_door_left_AW_2_seed_109,proposed_nsga2_bs,demo_layout_door_left_AW_2,109,8,auto_from_instance,10,15,3,28,150,,,,,11,3,12,root > V:12 > BH:13 > BV:7 > BV:3 > BV:7 > BV:3 > BH:23 > BH:19 > BH:15 > BH:11 > BH:7 > BV:18,selected,1,inf,True,250,208,42,36.0,1.0,1.0,True,True,1,1,0,True,3,1,0,0,True,True,0,11,13,11,13,3,LS_PF,sampled_pool,,,False,0.6,0.6301590382763701,0.4,0.1,adaptive,insert_random_aisle,offspring,feasible_start_adaptive_spacing,,,,feasible_start_adaptive_spacing,0.5,,True,auto_from_instance,0.75,0.35,"2,3,6,7,10,11,13,15,19,23,24","0,3,4,5,7,8,10,11,12,16,17,18,20",,,,,,"H[2,3,6,7,10,11,13,15,19,23,24]|V[0,3,4,5,7,8,10,11,12,16,17,18,20]",e93a25c3a7092c6fe076b314782c6184f8ddb22d
proposed_nsga2_bs_demo_layout_door_left_AW_2_seed_109,proposed_nsga2_bs,demo_layout_door_left_AW_2,109,8,auto_from_instance,10,15,3,28,150,,,,,12,4,12,root > V:12 > BH:13 > BV:7 > BV:7 > BV:3 > BH:3 > BH:11 > BH:19 > BV:16 > BV:3 > BH:15 > BH:7,selected,0,inf,True,250,214,36,36.0,1.0,1.0,True,True,1,1,0,True,3,1,0,0,True,True,0,14,13,14,13,4,SS_LS_PF,sampled_pool,,,True,0.6,0.5334189720155285,0.4,0.1,adaptive,insert_random_aisle,offspring,feasible_start_adaptive_spacing,,,,feasible_start_adaptive_spacing,0.5,,True,auto_from_instance,0.75,0.35,"2,3,6,7,10,11,13,14,15,16,19,20,22,23","0,2,3,4,5,7,8,10,11,12,16,18,20",,,,,,"H[2,3,6,7,10,11,13,14,15,16,19,20,22,23]|V[0,2,3,4,5,7,8,10,11,12,16,18,20]",4a41b107b91f9199ee0941107f3223a236184f76
proposed_nsga2_bs_demo_layout_door_left_AW_2_seed_109,proposed_nsga2_bs,demo_layout_door_left_AW_2,109,8,auto_from_instance,10,15,3,28,150,,,,,13,4,12,root > V:12 > BH:13 > BV:7 > BV:7 > BV:3 > BH:23 > BH:15 > BH:7 > BH:3 > BV:3 > BH:19 > BV:16,selected,2,inf,True,250,208,42,42.0,1.0,1.0,True,True,1,1,0,True,3,1,0,0,True,True,0,14,13,14,13,4,SS_LS_PF,sampled_pool,,,True,0.6,0.5334189720155285,0.4,0.1,adaptive,insert_random_aisle,offspring,feasible_start_adaptive_spacing,,,,feasible_start_adaptive_spacing,0.5,,True,auto_from_instance,0.75,0.35,"2,3,6,7,10,11,13,14,15,16,19,20,22,23","0,2,3,4,5,7,8,10,11,12,16,18,20",,,,,,"H[2,3,6,7,10,11,13,14,15,16,19,20,22,23]|V[0,2,3,4,5,7,8,10,11,12,16,18,20]",16d3671d30a9c7f180e3b14f100c73fd3f11beba
proposed_nsga2_bs_demo_layout_door_left_AW_2_seed_109,proposed_nsga2_bs,demo_layout_door_left_AW_2,109,8,auto_from_instance,10,15,3,28,150,,,,,14,5,11,root > V:13 > BH:13 > BV:7 > BV:7 > BV:3 > BH:3 > BH:9 > BV:3 > BH:15 > BH:21 > BV:18,evaluated,4,inf,False,272,185,87,48.0,1.0,1.0,True,True,1,1,0,True,3,1,0,0,True,True,0,14,13,14,13,5,SS,sampled_pool,,,True,0.6,0.6495352543759967,0.4,0.1,adaptive,insert_random_aisle,offspring,feasible_start_adaptive_spacing,,,,feasible_start_adaptive_spacing,0.5,,True,auto_from_instance,0.75,0.35,"2,3,6,7,10,11,13,15,18,19,22,23","0,3,4,5,7,8,11,12,13,16,19,20",,,,,,"H[2,3,6,7,9,10,11,13,15,18,19,21,22,23]|V[0,3,4,5,7,8,11,12,13,16,18,19,20]",d49e7f058f905969e485e5791126cfff01d0199d
proposed_nsga2_bs_demo_layout_door_left_AW_2_seed_109,proposed_nsga2_bs,demo_layout_door_left_AW_2,109,8,auto_from_instance,10,15,3,28,150,,,,,15,5,11,root > V:13 > BH:13 > BV:7 > BV:7 > BV:3 > BH:23 > BH:17 > BV:3 > BH:11 > BH:5 > BV:18,evaluated,4,inf,False,272,185,87,48.0,1.0,1.0,True,True,1,1,0,True,3,1,0,0,True,True,0,14,13,14,13,5,SS,sampled_pool,,,True,0.6,0.6495352543759967,0.4,0.1,adaptive,insert_random_aisle,offspring,feasible_start_adaptive_spacing,,,,feasible_start_adaptive_spacing,0.5,,True,auto_from_instance,0.75,0.35,"2,3,6,7,10,11,13,15,18,19,22,23","0,3,4,5,7,8,11,12,13,16,19,20",,,,,,"H[2,3,5,6,7,10,11,13,15,17,18,19,22,23]|V[0,3,4,5,7,8,11,12,13,16,18,19,20]",5e1b4420898d32a978be4c0501b00df8a9b73513
proposed_nsga2_bs_demo_layout_door_left_AW_2_seed_109,proposed_nsga2_bs,demo_layout_door_left_AW_2,109,8,auto_from_instance,10,15,3,28,150,,,,,16,5,11,root > V:13 > BH:13 > BV:7 > BV:7 > BV:3 > BH:23 > BH:17 > BV:3 > BH:11 > BH:4 > BV:18,evaluated,5,inf,False,270,182,88,64.0,1.0,1.0,True,True,1,1,0,True,3,1,0,0,True,True,0,14,13,14,13,5,SS,sampled_pool,,,True,0.6,0.6495352543759967,0.4,0.1,adaptive,insert_random_aisle,offspring,feasible_start_adaptive_spacing,,,,feasible_start_adaptive_spacing,0.5,,True,auto_from_instance,0.75,0.35,"2,3,6,7,10,11,13,15,18,19,22,23","0,3,4,5,7,8,11,12,13,16,19,20",,,,,,"H[2,3,4,6,7,10,11,13,15,17,18,19,22,23]|V[0,3,4,5,7,8,11,12,13,16,18,19,20]",95f94f0507af18c683a9ab3a89e8104658d8a210
proposed_nsga2_bs_demo_layout_door_left_AW_2_seed_109,proposed_nsga2_bs,demo_layout_door_left_AW_2,109,8,auto_from_instance,10,15,3,28,150,,,,,17,5,11,root > V:13 > BH:13 > BV:7 > BV:7 > BV:3 > BH:3 > BH:9 > BV:3 > BH:15 > BH:22 > BV:18,evaluated,5,inf,False,270,182,88,64.0,1.0,1.0,True,True,1,1,0,True,3,1,0,0,True,True,0,13,13,13,13,5,SS,sampled_pool,,,True,0.6,0.6495352543759967,0.4,0.1,adaptive,insert_random_aisle,offspring,feasible_start_adaptive_spacing,,,,feasible_start_adaptive_spacing,0.5,,True,auto_from_instance,0.75,0.35,"2,3,6,7,10,11,13,15,18,19,22,23","0,3,4,5,7,8,11,12,13,16,19,20",,,,,,"H[2,3,6,7,9,10,11,13,15,18,19,22,23]|V[0,3,4,5,7,8,11,12,13,16,18,19,20]",2a9937ba2b21b09cc1a168b5d851698529e99f0f
proposed_nsga2_bs_demo_layout_door_left_AW_2_seed_109,proposed_nsga2_bs,demo_layout_door_left_AW_2,109,9,auto_from_instance,10,15,3,28,150,,,,,1,1,12,root > V:12 > BH:13 > BV:7 > BV:3 > BV:7 > BV:3 > BH:23 > BH:19 > BH:15 > BH:11 > BH:7 > BH:3,selected,0,inf,True,250,214,36,36.0,1.0,1.0,True,True,1,1,0,True,3,1,0,0,True,True,0,14,14,14,14,1,PF,sampled_pool,,,False,0.6666666666666666,0.6165749738445698,0.33333333333333337,0.1,adaptive,spacing_aware_flip,offspring,feasible_start_adaptive_spacing,,,,feasible_start_adaptive_spacing,0.5,,True,auto_from_instance,0.75,0.35,"2,3,6,7,10,11,13,14,15,16,19,20,23,24","0,2,3,4,5,7,8,10,11,12,14,16,18,20",,,,,,"H[2,3,6,7,10,11,13,14,15,16,19,20,23,24]|V[0,2,3,4,5,7,8,10,11,12,14,16,18,20]",eb03952090a874660b7fb214554a0aa56a73029e
proposed_nsga2_bs_demo_layout_door_left_AW_2_seed_109,proposed_nsga2_bs,demo_layout_door_left_AW_2,109,9,auto_from_instance,10,15,3,28,150,,,,,2,1,12,root > V:12 > BH:13 > BV:7 > BV:3 > BV:7 > BV:3 > BH:23 > BH:19 > BH:15 > BH:11 > BH:7 > BV:16,selected,0,inf,True,250,214,36,36.0,1.0,1.0,True,True,1,1,0,True,3,1,0,0,True,True,0,14,14,14,14,1,PF,sampled_pool,,,False,0.6666666666666666,0.6165749738445698,0.33333333333333337,0.1,adaptive,spacing_aware_flip,offspring,feasible_start_adaptive_spacing,,,,feasible_start_adaptive_spacing,0.5,,True,auto_from_instance,0.75,0.35,"2,3,6,7,10,11,13,14,15,16,19,20,23,24","0,2,3,4,5,7,8,10,11,12,14,16,18,20",,,,,,"H[2,3,6,7,10,11,13,14,15,16,19,20,23,24]|V[0,2,3,4,5,7,8,10,11,12,14,16,18,20]",0fdb9192f0d4acf2b6dd22b4a8e053ab5a7ed4a9
proposed_nsga2_bs_demo_layout_door_left_AW_2_seed_109,proposed_nsga2_bs,demo_layout_door_left_AW_2,109,9,auto_from_instance,10,15,3,28,150,,,,,3,1,12,root > V:12 > BH:13 > BV:7 > BV:3 > BV:7 > BV:3 > BH:23 > BH:19 > BH:15 > BH:11 > BH:6 > BV:16,selected,1,inf,True,252,211,41,41.0,1.0,1.0,True,True,1,1,0,True,3,1,0,0,True,True,0,14,14,14,14,1,PF,sampled_pool,,,False,0.6666666666666666,0.6165749738445698,0.33333333333333337,0.1,adaptive,spacing_aware_flip,offspring,feasible_start_adaptive_spacing,,,,feasible_start_adaptive_spacing,0.5,,True,auto_from_instance,0.75,0.35,"2,3,6,7,10,11,13,14,15,16,19,20,23,24","0,2,3,4,5,7,8,10,11,12,14,16,18,20",,,,,,"H[2,3,6,7,10,11,13,14,15,16,19,20,23,24]|V[0,2,3,4,5,7,8,10,11,12,14,16,18,20]",1e51df56ad9655663d1175b2036f4a44cf7e7571
proposed_nsga2_bs_demo_layout_door_left_AW_2_seed_109,proposed_nsga2_bs,demo_layout_door_left_AW_2,109,9,auto_from_instance,10,15,3,28,150,,,,,4,1,12,root > V:12 > BH:13 > BV:7 > BV:3 > BV:7 > BV:3 > BH:23 > BH:19 > BH:15 > BH:11 > BH:7 > BV:18,selected,1,inf,True,250,208,42,36.0,1.0,1.0,True,True,1,1,0,True,3,1,0,0,True,True,0,14,14,14,14,1,PF,sampled_pool,,,False,0.6666666666666666,0.6165749738445698,0.33333333333333337,0.1,adaptive,spacing_aware_flip,offspring,feasible_start_adaptive_spacing,,,,feasible_start_adaptive_spacing,0.5,,True,auto_from_instance,0.75,0.35,"2,3,6,7,10,11,13,14,15,16,19,20,23,24","0,2,3,4,5,7,8,10,11,12,14,16,18,20",,,,,,"H[2,3,6,7,10,11,13,14,15,16,19,20,23,24]|V[0,2,3,4,5,7,8,10,11,12,14,16,18,20]",e93a25c3a7092c6fe076b314782c6184f8ddb22d
proposed_nsga2_bs_demo_layout_door_left_AW_2_seed_109,proposed_nsga2_bs,demo_layout_door_left_AW_2,109,9,auto_from_instance,10,15,3,28,150,,,,,5,2,12,root > V:12 > BH:13 > BV:7 > BV:7 > BH:22 > BH:14 > BH:6 > BV:16 > BH:18 > BV:3 > BV:3 > BH:10,selected,2,inf,True,252,211,41,53.0,1.0,1.0,True,True,1,1,0,True,3,1,0,0,True,True,0,14,13,14,13,2,SS_LS_PF,sampled_pool,,,True,0.6666666666666666,0.7768396638599163,0.33333333333333337,0.1,adaptive,spacing_aware_flip,offspring,feasible_start_adaptive_spacing,,,,feasible_start_adaptive_spacing,0.5,,True,auto_from_instance,0.75,0.35,"2,3,6,7,10,11,13,15,19,22,23,25","0,3,4,5,7,8,10,11,12,16,17,18,20",,,,,,"H[2,3,6,7,10,11,13,14,15,18,19,22,23,25]|V[0,3,4,5,7,8,10,11,12,16,17,18,20]",cde7e02f65ba0f4bfa087937e60f3ffbcdd2593f
proposed_nsga2_bs_demo_layout_door_left_AW_2_seed_109,proposed_nsga2_bs,demo_layout_door_left_AW_2,109,9,auto_from_instance,10,15,3,28,150,,,,,6,2,12,root > V:12 > BH:13 > BV:7 > BV:7 > BH:22 > BH:14 > BH:6 > BV:16 > BH:18 > BV:3 > BV:3 > BV:16,evaluated,5,inf,False,252,205,47,59.0,1.0,1.0,True,True,1,1,0,True,3,1,0,0,True,True,0,14,13,14,13,2,SS_LS_PF,sampled_pool,,,True,0.6666666666666666,0.7768396638599163,0.33333333333333337,0.1,adaptive,spacing_aware_flip,offspring,feasible_start_adaptive_spacing,,,,feasible_start_adaptive_spacing,0.5,,True,auto_from_instance,0.75,0.35,"2,3,6,7,10,11,13,15,19,22,23,25","0,3,4,5,7,8,10,11,12,16,17,18,20",,,,,,"H[2,3,6,7,10,11,13,14,15,18,19,22,23,25]|V[0,3,4,5,7,8,10,11,12,16,17,18,20]",7ddefe84595053a41131cfd89ef85cec0712a59e
proposed_nsga2_bs_demo_layout_door_left_AW_2_seed_109,proposed_nsga2_bs,demo_layout_door_left_AW_2,109,9,auto_from_instance,10,15,3,28,150,,,,,7,2,12,root > V:12 > BH:13 > BV:7 > BV:7 > BH:22 > BH:14 > BH:6 > BV:16 > BH:18 > BV:3 > BV:3 > BV:18,evaluated,6,inf,False,252,199,53,59.0,1.0,1.0,True,True,1,1,0,True,3,1,0,0,True,True,0,14,13,14,13,2,SS_LS_PF,sampled_pool,,,True,0.6666666666666666,0.7768396638599163,0.33333333333333337,0.1,adaptive,spacing_aware_flip,offspring,feasible_start_adaptive_spacing,,,,feasible_start_adaptive_spacing,0.5,,True,auto_from_instance,0.75,0.35,"2,3,6,7,10,11,13,15,19,22,23,25","0,3,4,5,7,8,10,11,12,16,17,18,20",,,,,,"H[2,3,6,7,10,11,13,14,15,18,19,22,23,25]|V[0,3,4,5,7,8,10,11,12,16,17,18,20]",e4262ed5e5362e9632d4b251ebb40eb5f9fd2b40
proposed_nsga2_bs_demo_layout_door_left_AW_2_seed_109,proposed_nsga2_bs,demo_layout_door_left_AW_2,109,9,auto_from_instance,10,15,3,28,150,,,,,8,4,12,root > V:12 > BH:13 > BV:4 > BV:7 > BH:22 > BH:14 > BH:6 > BV:18 > BV:8 > BV:3 > BH:18 > BH:10,evaluated,4,inf,False,252,205,47,53.0,1.0,1.0,True,True,1,1,0,True,3,1,0,0,True,True,0,13,14,13,14,4,RP,sampled_pool,,,False,0.6666666666666666,0.6526953960694258,0.33333333333333337,0.1,adaptive,remove_random_aisle,offspring,feasible_start_adaptive_spacing,,,,feasible_start_adaptive_spacing,0.5,,True,auto_from_instance,0.75,0.35,"2,3,7,10,11,13,15,19,22,23","0,2,3,4,5,7,8,10,11,12,16,17,18,20",,,,,,"H[2,3,6,7,10,11,13,14,15,18,19,22,23]|V[0,2,3,4,5,7,8,10,11,12,16,17,18,20]",2f4f4a5396cc8e9d5837eb47b616b3fb87ce1484
proposed_nsga2_bs_demo_layout_door_left_AW_2_seed_109,proposed_nsga2_bs,demo_layout_door_left_AW_2,109,9,auto_from_instance,10,15,3,28,150,,,,,9,4,12,root > V:12 > BH:13 > BV:7 > BV:7 > BH:22 > BH:14 > BH:6 > BV:18 > BV:3 > BV:3 > BH:18 > BH:10,selected,3,inf,True,252,206,46,53.0,1.0,1.0,True,True,1,1,0,True,3,1,0,0,True,True,0,13,14,13,14,4,RP,sampled_pool,,,False,0.6666666666666666,0.6526953960694258,0.33333333333333337,0.1,adaptive,remove_random_aisle,offspring,feasible_start_adaptive_spacing,,,,feasible_start_adaptive_spacing,0.5,,True,auto_from_instance,0.75,0.35,"2,3,7,10,11,13,15,19,22,23","0,2,3,4,5,7,8,10,11,12,16,17,18,20",,,,,,"H[2,3,6,7,10,11,13,14,15,18,19,22,23]|V[0,2,3,4,5,7,8,10,11,12,16,17,18,20]",f5c2b475e28cd126ea8ff99f9b6aa52888a523c1
proposed_nsga2_bs_demo_layout_door_left_AW_2_seed_109,proposed_nsga2_bs,demo_layout_door_left_AW_2,109,9,auto_from_instance,10,15,3,28,150,,,,,10,4,12,root > V:12 > BH:13 > BV:4 > BV:7 > BH:22 > BH:14 > BH:6 > BV:18 > BV:8 > BV:3 > BH:10 > BV:18,evaluated,7,inf,False,252,193,59,59.0,1.0,1.0,True,True,1,1,0,True,3,1,0,0,True,True,0,12,14,12,14,4,RP,sampled_pool,,,False,0.6666666666666666,0.6526953960694258,0.33333333333333337,0.1,adaptive,remove_random_aisle,offspring,feasible_start_adaptive_spacing,,,,feasible_start_adaptive_spacing,0.5,,True,auto_from_instance,0.75,0.35,"2,3,7,10,11,13,15,19,22,23","0,2,3,4,5,7,8,10,11,12,16,17,18,20",,,,,,"H[2,3,6,7,10,11,13,14,15,19,22,23]|V[0,2,3,4,5,7,8,10,11,12,16,17,18,20]",f9a9a5616dac47bdcfc03dfbba36a20e1e17a6a0
proposed_nsga2_bs_demo_layout_door_left_AW_2_seed_109,proposed_nsga2_bs,demo_layout_door_left_AW_2,109,9,auto_from_instance,10,15,3,28,150,,,,,11,4,12,root > V:12 > BH:13 > BV:4 > BV:7 > BH:22 > BH:14 > BH:6 > BV:18 > BV:8 > BV:3 > BH:10 > BV:16,evaluated,6,inf,False,252,199,53,59.0,1.0,1.0,True,True,1,1,0,True,3,1,0,0,True,True,0,12,14,12,14,4,RP,sampled_pool,,,False,0.6666666666666666,0.6526953960694258,0.33333333333333337,0.1,adaptive,remove_random_aisle,offspring,feasible_start_adaptive_spacing,,,,feasible_start_adaptive_spacing,0.5,,True,auto_from_instance,0.75,0.35,"2,3,7,10,11,13,15,19,22,23","0,2,3,4,5,7,8,10,11,12,16,17,18,20",,,,,,"H[2,3,6,7,10,11,13,14,15,19,22,23]|V[0,2,3,4,5,7,8,10,11,12,16,17,18,20]",82db768438ebf5ee2af7aaa5358e65b647f47dd5
proposed_nsga2_bs_demo_layout_door_left_AW_2_seed_109,proposed_nsga2_bs,demo_layout_door_left_AW_2,109,9,auto_from_instance,10,15,3,28,150,,,,,12,7,12,root > V:12 > BH:13 > BV:7 > BV:7 > BV:3 > BV:3 > BH:3 > BH:7 > BH:11 > BH:15 > BH:23 > BV:16,selected,2,inf,True,250,208,42,42.0,1.0,1.0,True,True,1,1,0,True,3,1,0,0,True,True,0,14,14,14,14,7,PF_LS_RP,sampled_pool,,,False,0.6666666666666666,0.6122604564272882,0.33333333333333337,0.1,adaptive,insert_random_aisle,offspring,feasible_start_adaptive_spacing,,,,feasible_start_adaptive_spacing,0.5,,True,auto_from_instance,0.75,0.35,"2,3,6,7,10,11,13,14,15,16,19,20,22,23","0,2,3,4,5,7,8,9,10,11,12,16,18,20",,,,,,"H[2,3,6,7,10,11,13,14,15,16,19,20,22,23]|V[0,2,3,4,5,7,8,9,10,11,12,16,18,20]",00a9d8d47000946aa25bf8cbdb36931d5b5d4b7d
proposed_nsga2_bs_demo_layout_door_left_AW_2_seed_109,proposed_nsga2_bs,demo_layout_door_left_AW_2,109,9,auto_from_instance,10,15,3,28,150,,,,,13,7,12,root > V:12 > BH:13 > BV:7 > BV:7 > BV:3 > BV:3 > BH:23 > BH:19 > BH:15 > BH:11 > BH:3 > BV:16,selected,2,inf,True,250,208,42,42.0,1.0,1.0,True,True,1,1,0,True,3,1,0,0,True,True,0,14,14,14,14,7,PF_LS_RP,sampled_pool,,,False,0.6666666666666666,0.6122604564272882,0.33333333333333337,0.1,adaptive,insert_random_aisle,offspring,feasible_start_adaptive_spacing,,,,feasible_start_adaptive_spacing,0.5,,True,auto_from_instance,0.75,0.35,"2,3,6,7,10,11,13,14,15,16,19,20,22,23","0,2,3,4,5,7,8,9,10,11,12,16,18,20",,,,,,"H[2,3,6,7,10,11,13,14,15,16,19,20,22,23]|V[0,2,3,4,5,7,8,9,10,11,12,16,18,20]",d0525a507710a5664c0df826d850c16891cba894
proposed_nsga2_bs_demo_layout_door_left_AW_2_seed_109,proposed_nsga2_bs,demo_layout_door_left_AW_2,109,9,auto_from_instance,10,15,3,28,150,,,,,14,7,12,root > V:12 > BH:13 > BV:7 > BV:7 > BV:3 > BV:3 > BH:3 > BH:7 > BH:11 > BH:15 > BH:23 > BV:18,evaluated,3,inf,False,250,202,48,42.0,1.0,1.0,True,True,1,1,0,True,3,1,0,0,True,True,0,14,14,14,14,7,PF_LS_RP,sampled_pool,,,False,0.6666666666666666,0.6122604564272882,0.33333333333333337,0.1,adaptive,insert_random_aisle,offspring,feasible_start_adaptive_spacing,,,,feasible_start_adaptive_spacing,0.5,,True,auto_from_instance,0.75,0.35,"2,3,6,7,10,11,13,14,15,16,19,20,22,23","0,2,3,4,5,7,8,9,10,11,12,16,18,20",,,,,,"H[2,3,6,7,10,11,13,14,15,16,19,20,22,23]|V[0,2,3,4,5,7,8,9,10,11,12,16,18,20]",5e05b9e2be6409b0235baa53bcd3246806d24e85
proposed_nsga2_bs_demo_layout_door_left_AW_2_seed_109,proposed_nsga2_bs,demo_layout_door_left_AW_2,109,9,auto_from_instance,10,15,3,28,150,,,,,15,8,8,root > V:16 > BH:13 > BV:7 > BV:7 > BV:12 > BV:12 > BV:3 > BV:3,selected,0,inf,True,266,216,50,50.0,1.0,1.0,True,True,1,1,0,True,3,1,0,0,True,True,0,12,11,12,11,8,PF_SS_RP,sampled_pool,,,True,0.6666666666666666,0.635747324310908,0.33333333333333337,0.1,adaptive,remove_random_aisle,offspring,feasible_start_adaptive_spacing,,,,feasible_start_adaptive_spacing,0.5,,True,auto_from_instance,0.75,0.35,"2,3,6,7,11,13,15,19,20,22,23,24","0,3,4,7,8,10,11,16,18,20",,,,,,"H[2,3,6,7,11,13,15,19,20,22,23,24]|V[0,3,4,7,8,10,11,12,16,18,20]",63c9c1384eb0d63f6756e5f6c6567bc893aa1bf9
proposed_nsga2_bs_demo_layout_door_left_AW_2_seed_109,proposed_nsga2_bs,demo_layout_door_left_AW_2,109,9,auto_from_instance,10,15,3,28,150,,,,,16,8,8,root > V:16 > BH:13 > BV:7 > BV:7 > BV:12 > BV:3 > BV:3 > BV:11,selected,1,inf,True,266,215,51,50.0,1.0,1.0,True,True,1,1,0,True,3,1,0,0,True,True,0,12,11,12,11,8,PF_SS_RP,sampled_pool,,,True,0.6666666666666666,0.635747324310908,0.33333333333333337,0.1,adaptive,remove_random_aisle,offspring,feasible_start_adaptive_spacing,,,,feasible_start_adaptive_spacing,0.5,,True,auto_from_instance,0.75,0.35,"2,3,6,7,11,13,15,19,20,22,23,24","0,3,4,7,8,10,11,16,18,20",,,,,,"H[2,3,6,7,11,13,15,19,20,22,23,24]|V[0,3,4,7,8,10,11,12,16,18,20]",127848670482937cca2e0f20f55461e0c7cc40a1
proposed_nsga2_bs_demo_layout_door_left_AW_2_seed_109,proposed_nsga2_bs,demo_layout_door_left_AW_2,109,10,auto_from_instance,10,15,3,28,150,,,,,1,1,12,root > V:12 > BH:13 > BV:7 > BV:7 > BH:22 > BH:14 > BH:6 > BV:16 > BH:18 > BH:10 > BV:3 > BV:3,selected,2,inf,True,252,211,41,53.0,1.0,1.0,True,True,1,1,0,True,3,1,0,0,True,True,0,16,15,16,15,1,SS_LS_PF,sampled_pool,,,True,0.7333333333333333,0.7361872075806613,0.2666666666666667,0.1,adaptive,insert_random_aisle,offspring,feasible_start_adaptive_spacing,,,,feasible_start_adaptive_spacing,0.5,,True,auto_from_instance,0.75,0.35,"2,3,6,7,10,11,13,14,15,16,19,20,22,23,25","0,3,4,5,6,7,8,9,10,11,12,16,17,18,20",,,,,,"H[2,3,6,7,10,11,13,14,15,16,18,19,20,22,23,25]|V[0,3,4,5,6,7,8,9,10,11,12,16,17,18,20]",cde7e02f65ba0f4bfa087937e60f3ffbcdd2593f
proposed_nsga2_bs_demo_layout_door_left_AW_2_seed_109,proposed_nsga2_bs,demo_layout_door_left_AW_2,109,10,auto_from_instance,10,15,3,28,150,,,,,2,2,12,root > V:12 > BH:13 > BV:7 > BV:3 > BV:7 > BV:3 > BH:23 > BH:19 > BH:15 > BH:11 > BH:7 > BH:3,selected,0,inf,True,250,214,36,36.0,1.0,1.0,True,True,1,1,0,True,3,1,0,0,True,True,0,13,12,13,12,2,PF_LS,sampled_pool,,,False,0.7333333333333333,0.7624888145172576,0.2666666666666667,0.1,adaptive,remove_random_aisle,offspring,feasible_start_adaptive_spacing,,,,feasible_start_adaptive_spacing,0.5,,True,auto_from_instance,0.75,0.35,"2,3,6,7,10,11,13,14,15,18,19,22,23","0,2,3,4,5,7,8,10,11,12,16,18",,,,,,"H[2,3,6,7,10,11,13,14,15,18,19,22,23]|V[0,2,3,4,5,7,8,10,11,12,16,18]",eb03952090a874660b7fb214554a0aa56a73029e
proposed_nsga2_bs_demo_layout_door_left_AW_2_seed_109,proposed_nsga2_bs,demo_layout_door_left_AW_2,109,10,auto_from_instance,10,15,3,28,150,,,,,3,2,12,root > V:12 > BH:13 > BV:7 > BV:3 > BV:7 > BV:3 > BH:23 > BH:19 > BH:15 > BH:11 > BH:7 > BV:16,selected,0,inf,True,250,214,36,36.0,1.0,1.0,True,True,1,1,0,True,3,1,0,0,True,True,0,13,12,13,12,2,PF_LS,sampled_pool,,,False,0.7333333333333333,0.7624888145172576,0.2666666666666667,0.1,adaptive,remove_random_aisle,offspring,feasible_start_adaptive_spacing,,,,feasible_start_adaptive_spacing,0.5,,True,auto_from_instance,0.75,0.35,"2,3,6,7,10,11,13,14,15,18,19,22,23","0,2,3,4,5,7,8,10,11,12,16,18",,,,,,"H[2,3,6,7,10,11,13,14,15,18,19,22,23]|V[0,2,3,4,5,7,8,10,11,12,16,18]",0fdb9192f0d4acf2b6dd22b4a8e053ab5a7ed4a9
proposed_nsga2_bs_demo_layout_door_left_AW_2_seed_109,proposed_nsga2_bs,demo_layout_door_left_AW_2,109,10,auto_from_instance,10,15,3,28,150,,,,,4,2,12,root > V:12 > BH:13 > BV:7 > BV:3 > BV:7 > BV:3 > BH:23 > BH:19 > BH:15 > BH:11 > BH:6 > BV:16,selected,1,inf,True,252,211,41,41.0,1.0,1.0,True,True,1,1,0,True,3,1,0,0,True,True,0,13,12,13,12,2,PF_LS,sampled_pool,,,False,0.7333333333333333,0.7624888145172576,0.2666666666666667,0.1,adaptive,remove_random_aisle,offspring,feasible_start_adaptive_spacing,,,,feasible_start_adaptive_spacing,0.5,,True,auto_from_instance,0.75,0.35,"2,3,6,7,10,11,13,14,15,18,19,22,23","0,2,3,4,5,7,8,10,11,12,16,18",,,,,,"H[2,3,6,7,10,11,13,14,15,18,19,22,23]|V[0,2,3,4,5,7,8,10,11,12,16,18]",1e51df56ad9655663d1175b2036f4a44cf7e7571
proposed_nsga2_bs_demo_layout_door_left_AW_2_seed_109,proposed_nsga2_bs,demo_layout_door_left_AW_2,109,10,auto_from_instance,10,15,3,28,150,,,,,5,2,12,root > V:12 > BH:13 > BV:7 > BV:3 > BV:7 > BV:3 > BH:23 > BH:19 > BH:15 > BH:11 > BH:7 > BV:18,selected,1,inf,True,250,208,42,36.0,1.0,1.0,True,True,1,1,0,True,3,1,0,0,True,True,0,13,12,13,12,2,PF_LS,sampled_pool,,,False,0.7333333333333333,0.7624888145172576,0.2666666666666667,0.1,adaptive,remove_random_aisle,offspring,feasible_start_adaptive_spacing,,,,feasible_start_adaptive_spacing,0.5,,True,auto_from_instance,0.75,0.35,"2,3,6,7,10,11,13,14,15,18,19,22,23","0,2,3,4,5,7,8,10,11,12,16,18",,,,,,"H[2,3,6,7,10,11,13,14,15,18,19,22,23]|V[0,2,3,4,5,7,8,10,11,12,16,18]",e93a25c3a7092c6fe076b314782c6184f8ddb22d
proposed_nsga2_bs_demo_layout_door_left_AW_2_seed_109,proposed_nsga2_bs,demo_layout_door_left_AW_2,109,10,auto_from_instance,10,15,3,28,150,,,,,6,3,12,root > V:12 > BH:13 > BV:7 > BV:7 > BV:3 > BV:3 > BH:3 > BH:7 > BH:11 > BH:15 > BH:23 > BV:16,selected,2,inf,True,250,208,42,42.0,1.0,1.0,True,True,1,1,0,True,3,1,0,0,True,True,0,15,13,15,13,3,PF_RP,sampled_pool,,,False,0.7333333333333333,0.7023112165701739,0.2666666666666667,0.1,adaptive,swap_segments,offspring,feasible_start_adaptive_spacing,,,,feasible_start_adaptive_spacing,0.5,,True,auto_from_instance,0.75,0.35,"2,3,6,7,12,13,16,18,20,21,22,23,24","0,2,3,4,5,7,8,10,11,12,16,18,20",,,,,,"H[2,3,6,7,11,12,13,15,16,18,20,21,22,23,24]|V[0,2,3,4,5,7,8,10,11,12,16,18,20]",00a9d8d47000946aa25bf8cbdb36931d5b5d4b7d
proposed_nsga2_bs_demo_layout_door_left_AW_2_seed_109,proposed_nsga2_bs,demo_layout_door_left_AW_2,109,10,auto_from_instance,10,15,3,28,150,,,,,7,3,12,root > V:12 > BH:13 > BV:7 > BV:7 > BV:3 > BV:3 > BH:23 > BH:19 > BH:15 > BH:11 > BH:3 > BV:16,selected,2,inf,True,250,208,42,42.0,1.0,1.0,True,True,1,1,0,True,3,1,0,0,True,True,0,16,13,16,13,3,PF_RP,sampled_pool,,,False,0.7333333333333333,0.7023112165701739,0.2666666666666667,0.1,adaptive,swap_segments,offspring,feasible_start_adaptive_spacing,,,,feasible_start_adaptive_spacing,0.5,,True,auto_from_instance,0.75,0.35,"2,3,6,7,12,13,16,18,20,21,22,23,24","0,2,3,4,5,7,8,10,11,12,16,18,20",,,,,,"H[2,3,6,7,11,12,13,15,16,18,19,20,21,22,23,24]|V[0,2,3,4,5,7,8,10,11,12,16,18,20]",d0525a507710a5664c0df826d850c16891cba894
proposed_nsga2_bs_demo_layout_door_left_AW_2_seed_109,proposed_nsga2_bs,demo_layout_door_left_AW_2,109,10,auto_from_instance,10,15,3,28,150,,,,,8,3,12,root > V:12 > BH:13 > BV:7 > BV:7 > BV:3 > BV:3 > BH:3 > BH:7 > BH:11 > BH:15 > BH:23 > BV:18,selected,3,inf,True,250,202,48,42.0,1.0,1.0,True,True,1,1,0,True,3,1,0,0,True,True,0,15,13,15,13,3,PF_RP,sampled_pool,,,False,0.7333333333333333,0.7023112165701739,0.2666666666666667,0.1,adaptive,swap_segments,offspring,feasible_start_adaptive_spacing,,,,feasible_start_adaptive_spacing,0.5,,True,auto_from_instance,0.75,0.35,"2,3,6,7,12,13,16,18,20,21,22,23,24","0,2,3,4,5,7,8,10,11,12,16,18,20",,,,,,"H[2,3,6,7,11,12,13,15,16,18,20,21,22,23,24]|V[0,2,3,4,5,7,8,10,11,12,16,18,20]",5e05b9e2be6409b0235baa53bcd3246806d24e85
proposed_nsga2_bs_demo_layout_door_left_AW_2_seed_109,proposed_nsga2_bs,demo_layout_door_left_AW_2,109,11,auto_from_instance,10,15,3,28,150,,,,,1,1,12,root > V:12 > BH:13 > BV:7 > BV:7 > BV:3 > BV:3 > BH:23 > BH:19 > BH:15 > BH:11 > BH:3 > BH:7,selected,0,inf,True,250,214,36,36.0,1.0,1.0,True,True,1,1,0,True,3,1,0,0,True,True,0,13,13,13,13,1,PF_SS,sampled_pool,,,True,0.8,0.787966738068364,0.19999999999999996,0.1,adaptive,spacing_aware_flip,offspring,feasible_start_adaptive_spacing,,,,feasible_start_adaptive_spacing,0.5,,True,auto_from_instance,0.75,0.35,"2,3,6,7,11,12,13,15,16,18,19,22,23","0,2,3,4,5,7,8,10,11,12,16,18,20",,,,,,"H[2,3,6,7,11,12,13,15,16,18,19,22,23]|V[0,2,3,4,5,7,8,10,11,12,16,18,20]",eb03952090a874660b7fb214554a0aa56a73029e
proposed_nsga2_bs_demo_layout_door_left_AW_2_seed_109,proposed_nsga2_bs,demo_layout_door_left_AW_2,109,11,auto_from_instance,10,15,3,28,150,,,,,2,1,12,root > V:12 > BH:13 > BV:7 > BV:7 > BV:3 > BV:3 > BH:3 > BH:7 > BH:11 > BH:15 > BH:23 > BV:16,selected,2,inf,True,250,208,42,42.0,1.0,1.0,True,True,1,1,0,True,3,1,0,0,True,True,0,13,13,13,13,1,PF_SS,sampled_pool,,,True,0.8,0.787966738068364,0.19999999999999996,0.1,adaptive,spacing_aware_flip,offspring,feasible_start_adaptive_spacing,,,,feasible_start_adaptive_spacing,0.5,,True,auto_from_instance,0.75,0.35,"2,3,6,7,11,12,13,15,16,18,19,22,23","0,2,3,4,5,7,8,10,11,12,16,18,20",,,,,,"H[2,3,6,7,11,12,13,15,16,18,19,22,23]|V[0,2,3,4,5,7,8,10,11,12,16,18,20]",00a9d8d47000946aa25bf8cbdb36931d5b5d4b7d
proposed_nsga2_bs_demo_layout_door_left_AW_2_seed_109,proposed_nsga2_bs,demo_layout_door_left_AW_2,109,11,auto_from_instance,10,15,3,28,150,,,,,3,1,12,root > V:12 > BH:13 > BV:7 > BV:7 > BV:3 > BV:3 > BH:23 > BH:19 > BH:15 > BH:11 > BH:3 > BV:16,selected,2,inf,True,250,208,42,42.0,1.0,1.0,True,True,1,1,0,True,3,1,0,0,True,True,0,13,13,13,13,1,PF_SS,sampled_pool,,,True,0.8,0.787966738068364,0.19999999999999996,0.1,adaptive,spacing_aware_flip,offspring,feasible_start_adaptive_spacing,,,,feasible_start_adaptive_spacing,0.5,,True,auto_from_instance,0.75,0.35,"2,3,6,7,11,12,13,15,16,18,19,22,23","0,2,3,4,5,7,8,10,11,12,16,18,20",,,,,,"H[2,3,6,7,11,12,13,15,16,18,19,22,23]|V[0,2,3,4,5,7,8,10,11,12,16,18,20]",d0525a507710a5664c0df826d850c16891cba894
proposed_nsga2_bs_demo_layout_door_left_AW_2_seed_109,proposed_nsga2_bs,demo_layout_door_left_AW_2,109,11,auto_from_instance,10,15,3,28,150,,,,,4,1,12,root > V:12 > BH:13 > BV:7 > BV:7 > BV:3 > BV:3 > BH:3 > BH:7 > BH:11 > BH:15 > BH:23 > BV:18,selected,3,inf,True,250,202,48,42.0,1.0,1.0,True,True,1,1,0,True,3,1,0,0,True,True,0,13,13,13,13,1,PF_SS,sampled_pool,,,True,0.8,0.787966738068364,0.19999999999999996,0.1,adaptive,spacing_aware_flip,offspring,feasible_start_adaptive_spacing,,,,feasible_start_adaptive_spacing,0.5,,True,auto_from_instance,0.75,0.35,"2,3,6,7,11,12,13,15,16,18,19,22,23","0,2,3,4,5,7,8,10,11,12,16,18,20",,,,,,"H[2,3,6,7,11,12,13,15,16,18,19,22,23]|V[0,2,3,4,5,7,8,10,11,12,16,18,20]",5e05b9e2be6409b0235baa53bcd3246806d24e85
proposed_nsga2_bs_demo_layout_door_left_AW_2_seed_109,proposed_nsga2_bs,demo_layout_door_left_AW_2,109,11,auto_from_instance,10,15,3,28,150,,,,,5,2,11,root > V:13 > BH:13 > BV:7 > BV:7 > BH:23 > BH:17 > BH:11 > BH:4 > BV:18 > BV:3 > BV:3,selected,4,inf,True,270,182,88,64.0,1.0,1.0,True,True,1,1,0,True,3,1,0,0,True,True,0,17,13,17,13,2,SS,sampled_pool,,,True,0.8,0.787628654009651,0.19999999999999996,0.1,adaptive,break_symmetry,offspring,feasible_start_adaptive_spacing,,,,feasible_start_adaptive_spacing,0.5,,True,auto_from_instance,0.75,0.35,"2,3,6,7,10,11,13,14,15,18,20,21,22,23,24","0,2,3,4,5,7,8,10,11,13,16,18,20",,,,,,"H[2,3,4,6,7,10,11,13,14,15,17,18,20,21,22,23,24]|V[0,2,3,4,5,7,8,10,11,13,16,18,20]",95f94f0507af18c683a9ab3a89e8104658d8a210
proposed_nsga2_bs_demo_layout_door_left_AW_2_seed_109,proposed_nsga2_bs,demo_layout_door_left_AW_2,109,11,auto_from_instance,10,15,3,28,150,,,,,6,2,11,root > V:13 > BH:13 > BV:7 > BV:7 > BH:3 > BH:9 > BH:15 > BH:22 > BV:18 > BV:3 > BV:3,selected,4,inf,True,270,182,88,64.0,1.0,1.0,True,True,1,1,0,True,3,1,0,0,True,True,0,16,13,16,13,2,SS,sampled_pool,,,True,0.8,0.787628654009651,0.19999999999999996,0.1,adaptive,break_symmetry,offspring,feasible_start_adaptive_spacing,,,,feasible_start_adaptive_spacing,0.5,,True,auto_from_instance,0.75,0.35,"2,3,6,7,10,11,13,14,15,18,20,21,22,23,24","0,2,3,4,5,7,8,10,11,13,16,18,20",,,,,,"H[2,3,6,7,9,10,11,13,14,15,18,20,21,22,23,24]|V[0,2,3,4,5,7,8,10,11,13,16,18,20]",2a9937ba2b21b09cc1a168b5d851698529e99f0f
proposed_nsga2_bs_demo_layout_door_left_AW_2_seed_109,proposed_nsga2_bs,demo_layout_door_left_AW_2,109,11,auto_from_instance,10,15,3,28,150,,,,,7,7,12,root > V:12 > BH:13 > BV:7 > BV:7 > BH:22 > BH:14 > BH:6 > BV:16 > BH:18 > BH:10 > BV:3 > BV:3,selected,2,inf,True,252,211,41,53.0,1.0,1.0,True,True,1,1,0,True,3,1,0,0,True,True,0,14,12,14,12,7,SS_PF_LS,sampled_pool,,,True,0.8,0.7767846763350444,0.19999999999999996,0.1,adaptive,insert_random_aisle,offspring,feasible_start_adaptive_spacing,,,,feasible_start_adaptive_spacing,0.5,,True,auto_from_instance,0.75,0.35,"2,3,6,7,10,11,12,13,15,18,19,22,23","0,2,3,4,5,7,8,10,11,12,16,18",,,,,,"H[2,3,6,7,10,11,12,13,14,15,18,19,22,23]|V[0,2,3,4,5,7,8,10,11,12,16,18]",cde7e02f65ba0f4bfa087937e60f3ffbcdd2593f
proposed_nsga2_bs_demo_layout_door_left_AW_2_seed_109,proposed_nsga2_bs,demo_layout_door_left_AW_2,109,11,auto_from_instance,10,15,3,28,150,,,,,8,8,12,root > V:12 > BH:13 > BV:7 > BV:3 > BV:7 > BV:3 > BH:23 > BH:19 > BH:15 > BH:11 > BH:7 > BV:16,selected,0,inf,True,250,214,36,36.0,1.0,1.0,True,True,1,1,0,True,3,1,0,0,True,True,0,18,13,18,13,8,PF_LS,sampled_pool,,,False,0.8,0.755729758140139,0.19999999999999996,0.1,adaptive,spacing_aware_flip,offspring,feasible_start_adaptive_spacing,,,,feasible_start_adaptive_spacing,0.5,,True,auto_from_instance,0.75,0.35,"2,3,6,7,10,11,13,14,15,16,18,20,21,22,23,24,26","0,2,3,4,5,7,8,10,11,12,16,18,20",,,,,,"H[2,3,6,7,10,11,13,14,15,16,18,19,20,21,22,23,24,26]|V[0,2,3,4,5,7,8,10,11,12,16,18,20]",0fdb9192f0d4acf2b6dd22b4a8e053ab5a7ed4a9
proposed_nsga2_bs_demo_layout_door_left_AW_2_seed_109,proposed_nsga2_bs,demo_layout_door_left_AW_2,109,11,auto_from_instance,10,15,3,28,150,,,,,9,8,12,root > V:12 > BH:13 > BV:7 > BV:3 > BV:7 > BV:3 > BH:23 > BH:19 > BH:15 > BH:11 > BH:6 > BV:16,selected,1,inf,True,252,211,41,41.0,1.0,1.0,True,True,1,1,0,True,3,1,0,0,True,True,0,18,13,18,13,8,PF_LS,sampled_pool,,,False,0.8,0.755729758140139,0.19999999999999996,0.1,adaptive,spacing_aware_flip,offspring,feasible_start_adaptive_spacing,,,,feasible_start_adaptive_spacing,0.5,,True,auto_from_instance,0.75,0.35,"2,3,6,7,10,11,13,14,15,16,18,20,21,22,23,24,26","0,2,3,4,5,7,8,10,11,12,16,18,20",,,,,,"H[2,3,6,7,10,11,13,14,15,16,18,19,20,21,22,23,24,26]|V[0,2,3,4,5,7,8,10,11,12,16,18,20]",1e51df56ad9655663d1175b2036f4a44cf7e7571
proposed_nsga2_bs_demo_layout_door_left_AW_2_seed_109,proposed_nsga2_bs,demo_layout_door_left_AW_2,109,11,auto_from_instance,10,15,3,28,150,,,,,10,8,12,root > V:12 > BH:13 > BV:7 > BV:3 > BV:7 > BV:3 > BH:23 > BH:19 > BH:15 > BH:11 > BH:7 > BV:18,selected,1,inf,True,250,208,42,36.0,1.0,1.0,True,True,1,1,0,True,3,1,0,0,True,True,0,18,13,18,13,8,PF_LS,sampled_pool,,,False,0.8,0.755729758140139,0.19999999999999996,0.1,adaptive,spacing_aware_flip,offspring,feasible_start_adaptive_spacing,,,,feasible_start_adaptive_spacing,0.5,,True,auto_from_instance,0.75,0.35,"2,3,6,7,10,11,13,14,15,16,18,20,21,22,23,24,26","0,2,3,4,5,7,8,10,11,12,16,18,20",,,,,,"H[2,3,6,7,10,11,13,14,15,16,18,19,20,21,22,23,24,26]|V[0,2,3,4,5,7,8,10,11,12,16,18,20]",e93a25c3a7092c6fe076b314782c6184f8ddb22d
proposed_nsga2_bs_demo_layout_door_left_AW_2_seed_109,proposed_nsga2_bs,demo_layout_door_left_AW_2,109,12,auto_from_instance,10,15,3,28,150,,,,,1,1,12,root > V:12 > BH:13 > BV:7 > BV:7 > BH:22 > BH:14 > BH:6 > BV:16 > BH:18 > BH:10 > BV:3 > BV:3,selected,1,inf,True,252,211,41,53.0,1.0,1.0,True,True,1,1,0,True,3,1,0,0,True,True,0,16,13,16,13,1,SS_LS_PF,sampled_pool,,,True,0.8666666666666667,0.8150127194441253,0.1333333333333333,0.1,adaptive,spacing_aware_flip,offspring,feasible_start_adaptive_spacing,,,,feasible_start_adaptive_spacing,0.5,,True,auto_from_instance,0.75,0.35,"0,2,3,6,7,11,12,13,15,16,18,19,22,23","0,2,3,4,5,7,8,10,11,12,16,18,20",,,,,,"H[0,2,3,6,7,10,11,12,13,14,15,16,18,19,22,23]|V[0,2,3,4,5,7,8,10,11,12,16,18,20]",cde7e02f65ba0f4bfa087937e60f3ffbcdd2593f
proposed_nsga2_bs_demo_layout_door_left_AW_2_seed_109,proposed_nsga2_bs,demo_layout_door_left_AW_2,109,12,auto_from_instance,10,15,3,28,150,,,,,2,2,12,root > V:12 > BH:13 > BV:7 > BV:7 > BV:3 > BV:3 > BH:23 > BH:19 > BH:15 > BH:11 > BH:3 > BH:7,selected,0,inf,True,250,214,36,36.0,1.0,1.0,True,True,1,1,0,True,3,1,0,0,True,True,0,18,13,18,13,2,PF_SS,sampled_pool,,,True,0.8666666666666667,0.8839415315188461,0.1333333333333333,0.1,adaptive,break_symmetry,offspring,feasible_start_adaptive_spacing,,,,feasible_start_adaptive_spacing,0.5,,True,auto_from_instance,0.75,0.35,"2,3,6,7,9,11,13,14,15,16,18,19,20,21,22,23,24,26","0,2,3,4,5,7,8,10,11,12,16,18,20",,,,,,"H[2,3,6,7,9,11,13,14,15,16,18,19,20,21,22,23,24,26]|V[0,2,3,4,5,7,8,10,11,12,16,18,20]",eb03952090a874660b7fb214554a0aa56a73029e
proposed_nsga2_bs_demo_layout_door_left_AW_2_seed_109,proposed_nsga2_bs,demo_layout_door_left_AW_2,109,12,auto_from_instance,10,15,3,28,150,,,,,3,2,12,root > V:12 > BH:13 > BV:7 > BV:7 > BV:3 > BV:3 > BH:3 > BH:7 > BH:11 > BH:15 > BH:23 > BV:16,selected,1,inf,True,250,208,42,42.0,1.0,1.0,True,True,1,1,0,True,3,1,0,0,True,True,0,18,13,18,13,2,PF_SS,sampled_pool,,,True,0.8666666666666667,0.8839415315188461,0.1333333333333333,0.1,adaptive,break_symmetry,offspring,feasible_start_adaptive_spacing,,,,feasible_start_adaptive_spacing,0.5,,True,auto_from_instance,0.75,0.35,"2,3,6,7,9,11,13,14,15,16,18,19,20,21,22,23,24,26","0,2,3,4,5,7,8,10,11,12,16,18,20",,,,,,"H[2,3,6,7,9,11,13,14,15,16,18,19,20,21,22,23,24,26]|V[0,2,3,4,5,7,8,10,11,12,16,18,20]",00a9d8d47000946aa25bf8cbdb36931d5b5d4b7d
proposed_nsga2_bs_demo_layout_door_left_AW_2_seed_109,proposed_nsga2_bs,demo_layout_door_left_AW_2,109,12,auto_from_instance,10,15,3,28,150,,,,,4,2,12,root > V:12 > BH:13 > BV:7 > BV:7 > BV:3 > BV:3 > BH:23 > BH:19 > BH:15 > BH:11 > BH:3 > BV:16,selected,1,inf,True,250,208,42,42.0,1.0,1.0,True,True,1,1,0,True,3,1,0,0,True,True,0,18,13,18,13,2,PF_SS,sampled_pool,,,True,0.8666666666666667,0.8839415315188461,0.1333333333333333,0.1,adaptive,break_symmetry,offspring,feasible_start_adaptive_spacing,,,,feasible_start_adaptive_spacing,0.5,,True,auto_from_instance,0.75,0.35,"2,3,6,7,9,11,13,14,15,16,18,19,20,21,22,23,24,26","0,2,3,4,5,7,8,10,11,12,16,18,20",,,,,,"H[2,3,6,7,9,11,13,14,15,16,18,19,20,21,22,23,24,26]|V[0,2,3,4,5,7,8,10,11,12,16,18,20]",d0525a507710a5664c0df826d850c16891cba894
proposed_nsga2_bs_demo_layout_door_left_AW_2_seed_109,proposed_nsga2_bs,demo_layout_door_left_AW_2,109,12,auto_from_instance,10,15,3,28,150,,,,,5,2,12,root > V:12 > BH:13 > BV:7 > BV:7 > BV:3 > BV:3 > BH:3 > BH:7 > BH:11 > BH:15 > BH:23 > BV:18,selected,2,inf,True,250,202,48,42.0,1.0,1.0,True,True,1,1,0,True,3,1,0,0,True,True,0,18,13,18,13,2,PF_SS,sampled_pool,,,True,0.8666666666666667,0.8839415315188461,0.1333333333333333,0.1,adaptive,break_symmetry,offspring,feasible_start_adaptive_spacing,,,,feasible_start_adaptive_spacing,0.5,,True,auto_from_instance,0.75,0.35,"2,3,6,7,9,11,13,14,15,16,18,19,20,21,22,23,24,26","0,2,3,4,5,7,8,10,11,12,16,18,20",,,,,,"H[2,3,6,7,9,11,13,14,15,16,18,19,20,21,22,23,24,26]|V[0,2,3,4,5,7,8,10,11,12,16,18,20]",5e05b9e2be6409b0235baa53bcd3246806d24e85
proposed_nsga2_bs_demo_layout_door_left_AW_2_seed_109,proposed_nsga2_bs,demo_layout_door_left_AW_2,109,12,auto_from_instance,10,15,3,28,150,,,,,6,5,12,root > V:12 > BH:13 > BV:4 > BV:7 > BH:22 > BH:14 > BH:6 > BV:18 > BV:8 > BV:3 > BH:18 > BH:10,selected,3,inf,True,252,205,47,53.0,1.0,1.0,True,True,1,1,0,True,3,1,0,0,True,True,0,19,14,19,14,5,RP,sampled_pool,,,False,0.8666666666666667,0.9156395368135326,0.1333333333333333,0.1,adaptive,spacing_aware_flip,offspring,feasible_start_adaptive_spacing,,,,feasible_start_adaptive_spacing,0.5,,True,auto_from_instance,0.75,0.35,"2,3,6,7,11,12,13,15,16,18,19,20,21,22,23,24,26","0,2,3,4,5,7,8,10,11,12,14,16,18,20",,,,,,"H[2,3,6,7,10,11,12,13,14,15,16,18,19,20,21,22,23,24,26]|V[0,2,3,4,5,7,8,10,11,12,14,16,18,20]",2f4f4a5396cc8e9d5837eb47b616b3fb87ce1484
proposed_nsga2_bs_demo_layout_door_left_AW_2_seed_109,proposed_nsga2_bs,demo_layout_door_left_AW_2,109,12,auto_from_instance,10,15,3,28,150,,,,,7,5,12,root > V:12 > BH:13 > BV:7 > BV:7 > BH:22 > BH:14 > BH:6 > BV:18 > BV:3 > BV:3 > BH:18 > BH:10,selected,2,inf,True,252,206,46,53.0,1.0,1.0,True,True,1,1,0,True,3,1,0,0,True,True,0,19,14,19,14,5,RP,sampled_pool,,,False,0.8666666666666667,0.9156395368135326,0.1333333333333333,0.1,adaptive,spacing_aware_flip,offspring,feasible_start_adaptive_spacing,,,,feasible_start_adaptive_spacing,0.5,,True,auto_from_instance,0.75,0.35,"2,3,6,7,11,12,13,15,16,18,19,20,21,22,23,24,26","0,2,3,4,5,7,8,10,11,12,14,16,18,20",,,,,,"H[2,3,6,7,10,11,12,13,14,15,16,18,19,20,21,22,23,24,26]|V[0,2,3,4,5,7,8,10,11,12,14,16,18,20]",f5c2b475e28cd126ea8ff99f9b6aa52888a523c1
proposed_nsga2_bs_demo_layout_door_left_AW_2_seed_109,proposed_nsga2_bs,demo_layout_door_left_AW_2,109,12,auto_from_instance,10,15,3,28,150,,,,,8,5,12,root > V:12 > BH:13 > BV:4 > BV:7 > BH:22 > BH:14 > BH:6 > BV:18 > BV:8 > BV:3 > BH:10 > BV:18,selected,5,inf,True,252,193,59,59.0,1.0,1.0,True,True,1,1,0,True,3,1,0,0,True,True,0,19,14,19,14,5,RP,sampled_pool,,,False,0.8666666666666667,0.9156395368135326,0.1333333333333333,0.1,adaptive,spacing_aware_flip,offspring,feasible_start_adaptive_spacing,,,,feasible_start_adaptive_spacing,0.5,,True,auto_from_instance,0.75,0.35,"2,3,6,7,11,12,13,15,16,18,19,20,21,22,23,24,26","0,2,3,4,5,7,8,10,11,12,14,16,18,20",,,,,,"H[2,3,6,7,10,11,12,13,14,15,16,18,19,20,21,22,23,24,26]|V[0,2,3,4,5,7,8,10,11,12,14,16,18,20]",f9a9a5616dac47bdcfc03dfbba36a20e1e17a6a0
proposed_nsga2_bs_demo_layout_door_left_AW_2_seed_109,proposed_nsga2_bs,demo_layout_door_left_AW_2,109,12,auto_from_instance,10,15,3,28,150,,,,,9,5,12,root > V:12 > BH:13 > BV:4 > BV:7 > BH:22 > BH:14 > BH:6 > BV:18 > BV:8 > BV:3 > BH:10 > BV:16,selected,4,inf,True,252,199,53,59.0,1.0,1.0,True,True,1,1,0,True,3,1,0,0,True,True,0,19,14,19,14,5,RP,sampled_pool,,,False,0.8666666666666667,0.9156395368135326,0.1333333333333333,0.1,adaptive,spacing_aware_flip,offspring,feasible_start_adaptive_spacing,,,,feasible_start_adaptive_spacing,0.5,,True,auto_from_instance,0.75,0.35,"2,3,6,7,11,12,13,15,16,18,19,20,21,22,23,24,26","0,2,3,4,5,7,8,10,11,12,14,16,18,20",,,,,,"H[2,3,6,7,10,11,12,13,14,15,16,18,19,20,21,22,23,24,26]|V[0,2,3,4,5,7,8,10,11,12,14,16,18,20]",82db768438ebf5ee2af7aaa5358e65b647f47dd5
proposed_nsga2_bs_demo_layout_door_left_AW_2_seed_109,proposed_nsga2_bs,demo_layout_door_left_AW_2,109,13,auto_from_instance,10,15,3,28,150,,,,,1,1,12,root > V:12 > BH:13 > BV:7 > BV:3 > BV:7 > BV:3 > BH:23 > BH:19 > BH:15 > BH:11 > BH:7 > BH:3,selected,0,inf,True,250,214,36,36.0,1.0,1.0,True,True,1,1,0,True,3,1,0,0,True,True,0,16,13,16,13,1,LS_PF,sampled_pool,,,False,0.9333333333333333,0.8681234122323118,0.1,0.1,adaptive,swap_segments,offspring,feasible_start_adaptive_spacing,,,,feasible_start_adaptive_spacing,0.5,,True,auto_from_instance,0.75,0.35,"0,2,3,6,7,9,11,12,13,15,16,18,19,22,23,25","0,2,3,4,5,7,8,10,11,12,16,18,20",,,,,,"H[0,2,3,6,7,9,11,12,13,15,16,18,19,22,23,25]|V[0,2,3,4,5,7,8,10,11,12,16,18,20]",eb03952090a874660b7fb214554a0aa56a73029e
proposed_nsga2_bs_demo_layout_door_left_AW_2_seed_109,proposed_nsga2_bs,demo_layout_door_left_AW_2,109,13,auto_from_instance,10,15,3,28,150,,,,,2,1,12,root > V:12 > BH:13 > BV:7 > BV:3 > BV:7 > BV:3 > BH:23 > BH:19 > BH:15 > BH:11 > BH:7 > BV:16,selected,0,inf,True,250,214,36,36.0,1.0,1.0,True,True,1,1,0,True,3,1,0,0,True,True,0,16,13,16,13,1,LS_PF,sampled_pool,,,False,0.9333333333333333,0.8681234122323118,0.1,0.1,adaptive,swap_segments,offspring,feasible_start_adaptive_spacing,,,,feasible_start_adaptive_spacing,0.5,,True,auto_from_instance,0.75,0.35,"0,2,3,6,7,9,11,12,13,15,16,18,19,22,23,25","0,2,3,4,5,7,8,10,11,12,16,18,20",,,,,,"H[0,2,3,6,7,9,11,12,13,15,16,18,19,22,23,25]|V[0,2,3,4,5,7,8,10,11,12,16,18,20]",0fdb9192f0d4acf2b6dd22b4a8e053ab5a7ed4a9
proposed_nsga2_bs_demo_layout_door_left_AW_2_seed_109,proposed_nsga2_bs,demo_layout_door_left_AW_2,109,13,auto_from_instance,10,15,3,28,150,,,,,3,1,12,root > V:12 > BH:13 > BV:7 > BV:3 > BV:7 > BV:3 > BH:23 > BH:19 > BH:15 > BH:11 > BH:6 > BV:16,selected,1,inf,True,252,211,41,41.0,1.0,1.0,True,True,1,1,0,True,3,1,0,0,True,True,0,16,13,16,13,1,LS_PF,sampled_pool,,,False,0.9333333333333333,0.8681234122323118,0.1,0.1,adaptive,swap_segments,offspring,feasible_start_adaptive_spacing,,,,feasible_start_adaptive_spacing,0.5,,True,auto_from_instance,0.75,0.35,"0,2,3,6,7,9,11,12,13,15,16,18,19,22,23,25","0,2,3,4,5,7,8,10,11,12,16,18,20",,,,,,"H[0,2,3,6,7,9,11,12,13,15,16,18,19,22,23,25]|V[0,2,3,4,5,7,8,10,11,12,16,18,20]",1e51df56ad9655663d1175b2036f4a44cf7e7571
proposed_nsga2_bs_demo_layout_door_left_AW_2_seed_109,proposed_nsga2_bs,demo_layout_door_left_AW_2,109,13,auto_from_instance,10,15,3,28,150,,,,,4,1,12,root > V:12 > BH:13 > BV:7 > BV:3 > BV:7 > BV:3 > BH:23 > BH:19 > BH:15 > BH:11 > BH:7 > BV:18,selected,1,inf,True,250,208,42,36.0,1.0,1.0,True,True,1,1,0,True,3,1,0,0,True,True,0,16,13,16,13,1,LS_PF,sampled_pool,,,False,0.9333333333333333,0.8681234122323118,0.1,0.1,adaptive,swap_segments,offspring,feasible_start_adaptive_spacing,,,,feasible_start_adaptive_spacing,0.5,,True,auto_from_instance,0.75,0.35,"0,2,3,6,7,9,11,12,13,15,16,18,19,22,23,25","0,2,3,4,5,7,8,10,11,12,16,18,20",,,,,,"H[0,2,3,6,7,9,11,12,13,15,16,18,19,22,23,25]|V[0,2,3,4,5,7,8,10,11,12,16,18,20]",e93a25c3a7092c6fe076b314782c6184f8ddb22d
proposed_nsga2_bs_demo_layout_door_left_AW_2_seed_109,proposed_nsga2_bs,demo_layout_door_left_AW_2,109,13,auto_from_instance,10,15,3,28,150,,,,,5,2,8,root > V:16 > BH:13 > BV:12 > BV:12 > BV:7 > BV:3 > BV:7 > BV:3,selected,0,inf,True,266,216,50,50.0,1.0,1.0,True,True,1,1,0,True,3,1,0,0,True,True,0,18,13,18,13,2,LS,sampled_pool,,,False,0.9333333333333333,0.9253886977255332,0.1,0.1,adaptive,swap_segments,offspring,feasible_start_adaptive_spacing,,,,feasible_start_adaptive_spacing,0.5,,True,auto_from_instance,0.75,0.35,"2,3,6,7,10,11,13,14,15,16,18,19,20,21,22,23,24,26","0,2,3,5,6,7,8,9,10,12,16,18,20",,,,,,"H[2,3,6,7,10,11,13,14,15,16,18,19,20,21,22,23,24,26]|V[0,2,3,5,6,7,8,9,10,12,16,18,20]",63c9c1384eb0d63f6756e5f6c6567bc893aa1bf9
proposed_nsga2_bs_demo_layout_door_left_AW_2_seed_109,proposed_nsga2_bs,demo_layout_door_left_AW_2,109,13,auto_from_instance,10,15,3,28,150,,,,,6,2,8,root > V:16 > BH:13 > BV:12 > BV:12 > BV:7 > BV:3 > BV:4 > BV:8,selected,1,inf,True,266,215,51,50.0,1.0,1.0,True,True,1,1,0,True,3,1,0,0,True,True,0,18,14,18,14,2,LS,sampled_pool,,,False,0.9333333333333333,0.9253886977255332,0.1,0.1,adaptive,swap_segments,offspring,feasible_start_adaptive_spacing,,,,feasible_start_adaptive_spacing,0.5,,True,auto_from_instance,0.75,0.35,"2,3,6,7,10,11,13,14,15,16,18,19,20,21,22,23,24,26","0,2,3,5,6,7,8,9,10,12,16,18,20",,,,,,"H[2,3,6,7,10,11,13,14,15,16,18,19,20,21,22,23,24,26]|V[0,2,3,4,5,6,7,8,9,10,12,16,18,20]",a8183af7c877609dfef27086e193bd439e30741c
proposed_nsga2_bs_demo_layout_door_left_AW_2_seed_109,proposed_nsga2_bs,demo_layout_door_left_AW_2,109,13,auto_from_instance,10,15,3,28,150,,,,,7,4,12,root > V:12 > BH:13 > BV:7 > BV:7 > BV:3 > BV:3 > BH:3 > BH:7 > BH:11 > BH:15 > BH:23 > BV:16,selected,2,inf,True,250,208,42,42.0,1.0,1.0,True,True,1,1,0,True,3,1,0,0,True,True,0,19,14,19,14,4,LS_SS,sampled_pool,,,True,0.9333333333333333,0.954159986496716,0.1,0.1,adaptive,break_symmetry,offspring,feasible_start_adaptive_spacing,,,,feasible_start_adaptive_spacing,0.5,,True,auto_from_instance,0.75,0.35,"2,4,6,7,9,11,13,14,15,16,18,19,20,21,22,23,24,26","0,2,3,4,5,7,8,10,11,12,14,16,18,20",,,,,,"H[2,3,4,6,7,9,11,13,14,15,16,18,19,20,21,22,23,24,26]|V[0,2,3,4,5,7,8,10,11,12,14,16,18,20]",00a9d8d47000946aa25bf8cbdb36931d5b5d4b7d
proposed_nsga2_bs_demo_layout_door_left_AW_2_seed_109,proposed_nsga2_bs,demo_layout_door_left_AW_2,109,13,auto_from_instance,10,15,3,28,150,,,,,8,4,12,root > V:12 > BH:13 > BV:7 > BV:7 > BV:3 > BV:3 > BH:23 > BH:19 > BH:15 > BH:11 > BH:3 > BV:16,selected,2,inf,True,250,208,42,42.0,1.0,1.0,True,True,1,1,0,True,3,1,0,0,True,True,0,19,14,19,14,4,LS_SS,sampled_pool,,,True,0.9333333333333333,0.954159986496716,0.1,0.1,adaptive,break_symmetry,offspring,feasible_start_adaptive_spacing,,,,feasible_start_adaptive_spacing,0.5,,True,auto_from_instance,0.75,0.35,"2,4,6,7,9,11,13,14,15,16,18,19,20,21,22,23,24,26","0,2,3,4,5,7,8,10,11,12,14,16,18,20",,,,,,"H[2,3,4,6,7,9,11,13,14,15,16,18,19,20,21,22,23,24,26]|V[0,2,3,4,5,7,8,10,11,12,14,16,18,20]",d0525a507710a5664c0df826d850c16891cba894
proposed_nsga2_bs_demo_layout_door_left_AW_2_seed_109,proposed_nsga2_bs,demo_layout_door_left_AW_2,109,13,auto_from_instance,10,15,3,28,150,,,,,9,4,12,root > V:12 > BH:13 > BV:7 > BV:7 > BV:3 > BV:3 > BH:3 > BH:7 > BH:11 > BH:15 > BH:23 > BV:18,selected,3,inf,True,250,202,48,42.0,1.0,1.0,True,True,1,1,0,True,3,1,0,0,True,True,0,19,14,19,14,4,LS_SS,sampled_pool,,,True,0.9333333333333333,0.954159986496716,0.1,0.1,adaptive,break_symmetry,offspring,feasible_start_adaptive_spacing,,,,feasible_start_adaptive_spacing,0.5,,True,auto_from_instance,0.75,0.35,"2,4,6,7,9,11,13,14,15,16,18,19,20,21,22,23,24,26","0,2,3,4,5,7,8,10,11,12,14,16,18,20",,,,,,"H[2,3,4,6,7,9,11,13,14,15,16,18,19,20,21,22,23,24,26]|V[0,2,3,4,5,7,8,10,11,12,14,16,18,20]",5e05b9e2be6409b0235baa53bcd3246806d24e85
proposed_nsga2_bs_demo_layout_door_left_AW_2_seed_109,proposed_nsga2_bs,demo_layout_door_left_AW_2,109,13,auto_from_instance,10,15,3,28,150,,,,,10,6,12,root > V:12 > BH:13 > BV:7 > BV:7 > BH:22 > BH:14 > BH:6 > BV:16 > BV:3 > BV:3 > BH:18 > BH:10,selected,2,inf,True,252,211,41,53.0,1.0,1.0,True,True,1,1,0,True,3,1,0,0,True,True,0,19,14,19,14,6,RP_LS,sampled_pool,,,False,0.9333333333333333,0.8727255009218792,0.1,0.1,adaptive,bit_flip,offspring,feasible_start_adaptive_spacing,,,,feasible_start_adaptive_spacing,0.5,,True,auto_from_instance,0.75,0.35,"2,3,6,7,9,11,13,14,15,16,18,19,20,21,22,23,24,26","0,2,3,4,5,7,8,9,10,11,12,16,18,20",,,,,,"H[2,3,6,7,9,10,11,13,14,15,16,18,19,20,21,22,23,24,26]|V[0,2,3,4,5,7,8,9,10,11,12,16,18,20]",cde7e02f65ba0f4bfa087937e60f3ffbcdd2593f
proposed_nsga2_bs_demo_layout_door_left_AW_2_seed_109,proposed_nsga2_bs,demo_layout_door_left_AW_2,109,13,auto_from_instance,10,15,3,28,150,,,,,11,6,12,root > V:12 > BH:13 > BV:7 > BV:7 > BH:22 > BH:14 > BH:6 > BV:16 > BV:3 > BV:3 > BH:10 > BV:16,evaluated,3,inf,False,252,205,47,59.0,1.0,1.0,True,True,1,1,0,True,3,1,0,0,True,True,0,19,14,19,14,6,RP_LS,sampled_pool,,,False,0.9333333333333333,0.8727255009218792,0.1,0.1,adaptive,bit_flip,offspring,feasible_start_adaptive_spacing,,,,feasible_start_adaptive_spacing,0.5,,True,auto_from_instance,0.75,0.35,"2,3,6,7,9,11,13,14,15,16,18,19,20,21,22,23,24,26","0,2,3,4,5,7,8,9,10,11,12,16,18,20",,,,,,"H[2,3,6,7,9,10,11,13,14,15,16,18,19,20,21,22,23,24,26]|V[0,2,3,4,5,7,8,9,10,11,12,16,18,20]",ab31b9ee804bbbf9b9577ac402d3df32d5242d59
proposed_nsga2_bs_demo_layout_door_left_AW_2_seed_109,proposed_nsga2_bs,demo_layout_door_left_AW_2,109,13,auto_from_instance,10,15,3,28,150,,,,,12,6,12,root > V:12 > BH:13 > BV:7 > BV:7 > BH:22 > BH:14 > BH:6 > BV:16 > BV:3 > BV:3 > BH:18 > BV:16,evaluated,3,inf,False,252,205,47,59.0,1.0,1.0,True,True,1,1,0,True,3,1,0,0,True,True,0,18,14,18,14,6,RP_LS,sampled_pool,,,False,0.9333333333333333,0.8727255009218792,0.1,0.1,adaptive,bit_flip,offspring,feasible_start_adaptive_spacing,,,,feasible_start_adaptive_spacing,0.5,,True,auto_from_instance,0.75,0.35,"2,3,6,7,9,11,13,14,15,16,18,19,20,21,22,23,24,26","0,2,3,4,5,7,8,9,10,11,12,16,18,20",,,,,,"H[2,3,6,7,9,11,13,14,15,16,18,19,20,21,22,23,24,26]|V[0,2,3,4,5,7,8,9,10,11,12,16,18,20]",7ddefe84595053a41131cfd89ef85cec0712a59e
proposed_nsga2_bs_demo_layout_door_left_AW_2_seed_109,proposed_nsga2_bs,demo_layout_door_left_AW_2,109,13,auto_from_instance,10,15,3,28,150,,,,,13,6,12,root > V:12 > BH:13 > BV:7 > BV:7 > BH:22 > BH:14 > BH:6 > BV:16 > BV:3 > BV:3 > BH:10 > BV:18,evaluated,4,inf,False,252,199,53,59.0,1.0,1.0,True,True,1,1,0,True,3,1,0,0,True,True,0,19,14,19,14,6,RP_LS,sampled_pool,,,False,0.9333333333333333,0.8727255009218792,0.1,0.1,adaptive,bit_flip,offspring,feasible_start_adaptive_spacing,,,,feasible_start_adaptive_spacing,0.5,,True,auto_from_instance,0.75,0.35,"2,3,6,7,9,11,13,14,15,16,18,19,20,21,22,23,24,26","0,2,3,4,5,7,8,9,10,11,12,16,18,20",,,,,,"H[2,3,6,7,9,10,11,13,14,15,16,18,19,20,21,22,23,24,26]|V[0,2,3,4,5,7,8,9,10,11,12,16,18,20]",309161cefaf4f68f6294376d2bd0a050edd8b668
proposed_nsga2_bs_demo_layout_door_left_AW_2_seed_109,proposed_nsga2_bs,demo_layout_door_left_AW_2,109,14,auto_from_instance,10,15,3,28,150,,,,,1,1,12,root > V:12 > BH:13 > BV:7 > BV:7 > BV:3 > BV:3 > BH:23 > BH:19 > BH:15 > BH:11 > BH:3 > BH:7,selected,0,inf,True,250,214,36,36.0,1.0,1.0,True,True,1,1,0,True,3,1,0,0,True,True,0,18,14,18,14,1,PF_SS,sampled_pool,,,True,1.0,0.9822253998373918,0.1,0.1,adaptive,break_symmetry,offspring,feasible_start_adaptive_spacing,,,,feasible_start_adaptive_spacing,0.5,,True,auto_from_instance,0.75,0.35,"0,2,3,6,8,9,11,12,13,15,16,18,19,22,23,25,26","0,2,3,4,5,6,7,8,9,10,12,16,18,20",,,,,,"H[0,2,3,6,7,8,9,11,12,13,15,16,18,19,22,23,25,26]|V[0,2,3,4,5,6,7,8,9,10,12,16,18,20]",eb03952090a874660b7fb214554a0aa56a73029e
proposed_nsga2_bs_demo_layout_door_left_AW_2_seed_109,proposed_nsga2_bs,demo_layout_door_left_AW_2,109,14,auto_from_instance,10,15,3,28,150,,,,,2,1,12,root > V:12 > BH:13 > BV:7 > BV:7 > BV:3 > BV:3 > BH:3 > BH:7 > BH:11 > BH:15 > BH:23 > BV:16,selected,2,inf,True,250,208,42,42.0,1.0,1.0,True,True,1,1,0,True,3,1,0,0,True,True,0,18,14,18,14,1,PF_SS,sampled_pool,,,True,1.0,0.9822253998373918,0.1,0.1,adaptive,break_symmetry,offspring,feasible_start_adaptive_spacing,,,,feasible_start_adaptive_spacing,0.5,,True,auto_from_instance,0.75,0.35,"0,2,3,6,8,9,11,12,13,15,16,18,19,22,23,25,26","0,2,3,4,5,6,7,8,9,10,12,16,18,20",,,,,,"H[0,2,3,6,7,8,9,11,12,13,15,16,18,19,22,23,25,26]|V[0,2,3,4,5,6,7,8,9,10,12,16,18,20]",00a9d8d47000946aa25bf8cbdb36931d5b5d4b7d
proposed_nsga2_bs_demo_layout_door_left_AW_2_seed_109,proposed_nsga2_bs,demo_layout_door_left_AW_2,109,14,auto_from_instance,10,15,3,28,150,,,,,3,1,12,root > V:12 > BH:13 > BV:7 > BV:7 > BV:3 > BV:3 > BH:23 > BH:19 > BH:15 > BH:11 > BH:3 > BV:16,selected,2,inf,True,250,208,42,42.0,1.0,1.0,True,True,1,1,0,True,3,1,0,0,True,True,0,17,14,17,14,1,PF_SS,sampled_pool,,,True,1.0,0.9822253998373918,0.1,0.1,adaptive,break_symmetry,offspring,feasible_start_adaptive_spacing,,,,feasible_start_adaptive_spacing,0.5,,True,auto_from_instance,0.75,0.35,"0,2,3,6,8,9,11,12,13,15,16,18,19,22,23,25,26","0,2,3,4,5,6,7,8,9,10,12,16,18,20",,,,,,"H[0,2,3,6,8,9,11,12,13,15,16,18,19,22,23,25,26]|V[0,2,3,4,5,6,7,8,9,10,12,16,18,20]",d0525a507710a5664c0df826d850c16891cba894
proposed_nsga2_bs_demo_layout_door_left_AW_2_seed_109,proposed_nsga2_bs,demo_layout_door_left_AW_2,109,14,auto_from_instance,10,15,3,28,150,,,,,4,1,12,root > V:12 > BH:13 > BV:7 > BV:7 > BV:3 > BV:3 > BH:3 > BH:7 > BH:11 > BH:15 > BH:23 > BV:18,selected,3,inf,True,250,202,48,42.0,1.0,1.0,True,True,1,1,0,True,3,1,0,0,True,True,0,18,14,18,14,1,PF_SS,sampled_pool,,,True,1.0,0.9822253998373918,0.1,0.1,adaptive,break_symmetry,offspring,feasible_start_adaptive_spacing,,,,feasible_start_adaptive_spacing,0.5,,True,auto_from_instance,0.75,0.35,"0,2,3,6,8,9,11,12,13,15,16,18,19,22,23,25,26","0,2,3,4,5,6,7,8,9,10,12,16,18,20",,,,,,"H[0,2,3,6,7,8,9,11,12,13,15,16,18,19,22,23,25,26]|V[0,2,3,4,5,6,7,8,9,10,12,16,18,20]",5e05b9e2be6409b0235baa53bcd3246806d24e85
proposed_nsga2_bs_demo_layout_door_left_AW_2_seed_109,proposed_nsga2_bs,demo_layout_door_left_AW_2,109,14,auto_from_instance,10,15,3,28,150,,,,,5,2,12,root > V:12 > BH:13 > BV:7 > BV:3 > BV:7 > BV:3 > BH:23 > BH:19 > BH:15 > BH:11 > BH:7 > BV:16,selected,0,inf,True,250,214,36,36.0,1.0,1.0,True,True,1,1,0,True,3,1,0,0,True,True,0,17,13,17,13,2,PF,sampled_pool,,,False,1.0,0.9585450792435555,0.1,0.1,adaptive,break_symmetry,offspring,feasible_start_adaptive_spacing,,,,feasible_start_adaptive_spacing,0.5,,True,auto_from_instance,0.75,0.35,"2,3,6,7,10,11,13,14,15,16,18,19,20,21,22,23,24","0,2,3,4,5,7,9,10,11,12,16,18,20",,,,,,"H[2,3,6,7,10,11,13,14,15,16,18,19,20,21,22,23,24]|V[0,2,3,4,5,7,9,10,11,12,16,18,20]",0fdb9192f0d4acf2b6dd22b4a8e053ab5a7ed4a9
proposed_nsga2_bs_demo_layout_door_left_AW_2_seed_109,proposed_nsga2_bs,demo_layout_door_left_AW_2,109,14,auto_from_instance,10,15,3,28,150,,,,,6,2,12,root > V:12 > BH:13 > BV:7 > BV:3 > BV:7 > BV:3 > BH:23 > BH:19 > BH:15 > BH:11 > BH:6 > BV:16,selected,1,inf,True,252,211,41,41.0,1.0,1.0,True,True,1,1,0,True,3,1,0,0,True,True,0,17,13,17,13,2,PF,sampled_pool,,,False,1.0,0.9585450792435555,0.1,0.1,adaptive,break_symmetry,offspring,feasible_start_adaptive_spacing,,,,feasible_start_adaptive_spacing,0.5,,True,auto_from_instance,0.75,0.35,"2,3,6,7,10,11,13,14,15,16,18,19,20,21,22,23,24","0,2,3,4,5,7,9,10,11,12,16,18,20",,,,,,"H[2,3,6,7,10,11,13,14,15,16,18,19,20,21,22,23,24]|V[0,2,3,4,5,7,9,10,11,12,16,18,20]",1e51df56ad9655663d1175b2036f4a44cf7e7571
proposed_nsga2_bs_demo_layout_door_left_AW_2_seed_109,proposed_nsga2_bs,demo_layout_door_left_AW_2,109,14,auto_from_instance,10,15,3,28,150,,,,,7,2,12,root > V:12 > BH:13 > BV:7 > BV:3 > BV:7 > BV:3 > BH:23 > BH:19 > BH:15 > BH:11 > BH:7 > BV:18,selected,1,inf,True,250,208,42,36.0,1.0,1.0,True,True,1,1,0,True,3,1,0,0,True,True,0,17,13,17,13,2,PF,sampled_pool,,,False,1.0,0.9585450792435555,0.1,0.1,adaptive,break_symmetry,offspring,feasible_start_adaptive_spacing,,,,feasible_start_adaptive_spacing,0.5,,True,auto_from_instance,0.75,0.35,"2,3,6,7,10,11,13,14,15,16,18,19,20,21,22,23,24","0,2,3,4,5,7,9,10,11,12,16,18,20",,,,,,"H[2,3,6,7,10,11,13,14,15,16,18,19,20,21,22,23,24]|V[0,2,3,4,5,7,9,10,11,12,16,18,20]",e93a25c3a7092c6fe076b314782c6184f8ddb22d
proposed_nsga2_bs_demo_layout_door_left_AW_2_seed_109,proposed_nsga2_bs,demo_layout_door_left_AW_2,109,14,auto_from_instance,10,15,3,28,150,,,,,8,3,12,root > V:12 > BH:13 > BV:4 > BV:7 > BH:22 > BH:14 > BH:6 > BV:18 > BV:8 > BV:3 > BH:18 > BH:10,selected,4,inf,True,252,205,47,53.0,1.0,1.0,True,True,1,1,0,True,3,1,0,0,True,True,0,20,16,20,16,3,RP,sampled_pool,,,False,1.0,1.0,0.1,0.1,adaptive,insert_random_aisle,offspring,feasible_start_adaptive_spacing,,,,feasible_start_adaptive_spacing,0.5,,True,auto_from_instance,0.75,0.35,"0,2,3,6,7,9,11,12,13,15,16,18,19,20,21,22,23,24","0,2,3,5,6,7,8,9,10,11,12,15,16,18,20",,,,,,"H[0,2,3,6,7,9,10,11,12,13,14,15,16,18,19,20,21,22,23,24]|V[0,2,3,4,5,6,7,8,9,10,11,12,15,16,18,20]",2f4f4a5396cc8e9d5837eb47b616b3fb87ce1484
proposed_nsga2_bs_demo_layout_door_left_AW_2_seed_109,proposed_nsga2_bs,demo_layout_door_left_AW_2,109,14,auto_from_instance,10,15,3,28,150,,,,,9,3,12,root > V:12 > BH:13 > BV:7 > BV:7 > BH:22 > BH:14 > BH:6 > BV:18 > BV:3 > BV:3 > BH:18 > BH:10,selected,3,inf,True,252,206,46,53.0,1.0,1.0,True,True,1,1,0,True,3,1,0,0,True,True,0,20,15,20,15,3,RP,sampled_pool,,,False,1.0,1.0,0.1,0.1,adaptive,insert_random_aisle,offspring,feasible_start_adaptive_spacing,,,,feasible_start_adaptive_spacing,0.5,,True,auto_from_instance,0.75,0.35,"0,2,3,6,7,9,11,12,13,15,16,18,19,20,21,22,23,24","0,2,3,5,6,7,8,9,10,11,12,15,16,18,20",,,,,,"H[0,2,3,6,7,9,10,11,12,13,14,15,16,18,19,20,21,22,23,24]|V[0,2,3,5,6,7,8,9,10,11,12,15,16,18,20]",f5c2b475e28cd126ea8ff99f9b6aa52888a523c1
proposed_nsga2_bs_demo_layout_door_left_AW_2_seed_109,proposed_nsga2_bs,demo_layout_door_left_AW_2,109,14,auto_from_instance,10,15,3,28,150,,,,,10,3,12,root > V:12 > BH:13 > BV:4 > BV:7 > BH:22 > BH:14 > BH:6 > BV:18 > BV:8 > BV:3 > BH:10 > BV:18,evaluated,6,inf,False,252,193,59,59.0,1.0,1.0,True,True,1,1,0,True,3,1,0,0,True,True,0,20,16,20,16,3,RP,sampled_pool,,,False,1.0,1.0,0.1,0.1,adaptive,insert_random_aisle,offspring,feasible_start_adaptive_spacing,,,,feasible_start_adaptive_spacing,0.5,,True,auto_from_instance,0.75,0.35,"0,2,3,6,7,9,11,12,13,15,16,18,19,20,21,22,23,24","0,2,3,5,6,7,8,9,10,11,12,15,16,18,20",,,,,,"H[0,2,3,6,7,9,10,11,12,13,14,15,16,18,19,20,21,22,23,24]|V[0,2,3,4,5,6,7,8,9,10,11,12,15,16,18,20]",f9a9a5616dac47bdcfc03dfbba36a20e1e17a6a0
proposed_nsga2_bs_demo_layout_door_left_AW_2_seed_109,proposed_nsga2_bs,demo_layout_door_left_AW_2,109,14,auto_from_instance,10,15,3,28,150,,,,,11,3,12,root > V:12 > BH:13 > BV:4 > BV:7 > BH:22 > BH:14 > BH:6 > BV:18 > BV:8 > BV:3 > BH:10 > BV:16,evaluated,5,inf,False,252,199,53,59.0,1.0,1.0,True,True,1,1,0,True,3,1,0,0,True,True,0,20,16,20,16,3,RP,sampled_pool,,,False,1.0,1.0,0.1,0.1,adaptive,insert_random_aisle,offspring,feasible_start_adaptive_spacing,,,,feasible_start_adaptive_spacing,0.5,,True,auto_from_instance,0.75,0.35,"0,2,3,6,7,9,11,12,13,15,16,18,19,20,21,22,23,24","0,2,3,5,6,7,8,9,10,11,12,15,16,18,20",,,,,,"H[0,2,3,6,7,9,10,11,12,13,14,15,16,18,19,20,21,22,23,24]|V[0,2,3,4,5,6,7,8,9,10,11,12,15,16,18,20]",82db768438ebf5ee2af7aaa5358e65b647f47dd5
proposed_nsga2_bs_demo_layout_door_left_AW_2_seed_109,proposed_nsga2_bs,demo_layout_door_left_AW_2,109,14,auto_from_instance,10,15,3,28,150,,,,,12,4,12,root > V:12 > BH:13 > BV:7 > BV:7 > BH:22 > BH:14 > BH:6 > BV:16 > BH:18 > BH:10 > BV:3 > BV:3,selected,2,inf,True,252,211,41,53.0,1.0,1.0,True,True,1,1,0,True,3,1,0,0,True,True,0,16,11,16,11,4,SS_LS_PF,sampled_pool,,,True,1.0,1.0,0.1,0.1,adaptive,bit_flip,offspring,feasible_start_adaptive_spacing,,,,feasible_start_adaptive_spacing,0.5,,True,auto_from_instance,0.75,0.35,"2,3,6,7,10,11,13,14,15,16,18,19,22,23,25,26","0,2,3,4,5,7,8,12,16,18,20",,,,,,"H[2,3,6,7,10,11,13,14,15,16,18,19,22,23,25,26]|V[0,2,3,4,5,7,8,12,16,18,20]",cde7e02f65ba0f4bfa087937e60f3ffbcdd2593f
