run_id,method,instance,seed,generation,budget_policy,auto_population_size,auto_generations,auto_beam_width,auto_max_depth,auto_decode_budget,restart_index,batch_index,within_batch_index,decode_budget,candidate_id,parent_chromosome_id,depth,trace,status,rank,crowding_distance,selected,storage_total,pick_faces,interior_storage,retrieval_penalty,door_connectivity_index,access_anchor_connectivity_index,has_door_connected_aisle,has_access_anchor_connected_aisle,aisle_components,anchor_connected_components,unanchored_aisle_components,single_aisle_component,access_network_components,aisle_access_network_components,unreachable_aisle_components,unreachable_aisle_cells,has_access_anchor_reachable_aisle_network,exact_width_ok,exact_width_violation_count,chromosome_h_active_count,chromosome_v_active_count,active_h_count,active_v_count,chromosome_index,sorting_rule,sorting_rule_mode,bs_rule_policy,bs_weight_policy,uses_scalar_score,rho,beam_w1,beam_w2,beam_lambda,adaptive_weight_mode,mutation_operator,initialization_mode,initialization_spacing_mode,adaptive_spacing_used,feasible_h_start_count,feasible_v_start_count,adaptive_spacing_mode,adaptive_spacing_alpha,adaptive_spacing_bf,auto_params_used,parameter_source,beta_h,beta_v,h_active_starts,v_active_starts,terminal,safety_max_depth_reached,feasible,feasibility_reason,storage_block_count,chromosome_signature,layout_signature
proposed_nsga2_bs_AT_S_comercial_layout_AW_3_seed_119,proposed_nsga2_bs,AT_S_comercial_layout_AW_3,119,0,auto_from_instance,10,15,3,28,150,,,,,1,1,3,root > H:4 > BH:17 > BH:11,selected,1,inf,True,264,124,140,220.0,1.0,1.0,True,True,3,3,0,False,1,1,0,0,True,True,0,3,3,3,3,1,PF_SS,sampled_pool,,,True,0.06666666666666667,0.1,0.9333333333333333,0.1,adaptive,,feasible_start_adaptive_spacing,feasible_start_adaptive_spacing,True,7,12,feasible_start_adaptive_spacing,0.5,,True,auto_from_instance,0.75,0.35,4,"0,2,13",,,,,,"H[4,11,17]|V[0,2,13]",bff1f598ae060a0390c10f5de0cbed5ac1213ca5
proposed_nsga2_bs_AT_S_comercial_layout_AW_3_seed_119,proposed_nsga2_bs,AT_S_comercial_layout_AW_3,119,0,auto_from_instance,10,15,3,28,150,,,,,2,1,3,root > H:4 > BH:17 > BH:10,selected,2,inf,True,264,120,144,220.0,1.0,1.0,True,True,3,3,0,False,1,1,0,0,True,True,0,3,3,3,3,1,PF_SS,sampled_pool,,,True,0.06666666666666667,0.1,0.9333333333333333,0.1,adaptive,,feasible_start_adaptive_spacing,feasible_start_adaptive_spacing,True,7,12,feasible_start_adaptive_spacing,0.5,,True,auto_from_instance,0.75,0.35,4,"0,2,13",,,,,,"H[4,10,17]|V[0,2,13]",faf111ea2d7b61d8d8cfd2201424f26ba114409d
proposed_nsga2_bs_AT_S_comercial_layout_AW_3_seed_119,proposed_nsga2_bs,AT_S_comercial_layout_AW_3,119,0,auto_from_instance,10,15,3,28,150,,,,,3,1,3,root > H:4 > BH:15 > BH:22,evaluated,4,inf,False,264,92,172,284.0,1.0,1.0,True,True,3,3,0,False,1,1,0,0,True,True,0,3,3,3,3,1,PF_SS,sampled_pool,,,True,0.06666666666666667,0.1,0.9333333333333333,0.1,adaptive,,feasible_start_adaptive_spacing,feasible_start_adaptive_spacing,True,7,12,feasible_start_adaptive_spacing,0.5,,True,auto_from_instance,0.75,0.35,4,"0,2,13",,,,,,"H[4,15,22]|V[0,2,13]",9d4f477c70bbe9725bd3f4830375a1732b6b7df2
proposed_nsga2_bs_AT_S_comercial_layout_AW_3_seed_119,proposed_nsga2_bs,AT_S_comercial_layout_AW_3,119,0,auto_from_instance,10,15,3,28,150,,,,,4,2,4,root > V:3 > BH:11 > BV:10 > BV:9,selected,0,0.7706371529900942,True,225,115,110,149.0,1.0,1.0,True,True,1,1,0,True,1,1,0,0,True,True,0,2,5,2,5,2,LS,sampled_pool,,,False,0.06666666666666667,0.1,0.9333333333333333,0.1,adaptive,,feasible_start_adaptive_spacing,feasible_start_adaptive_spacing,True,7,12,feasible_start_adaptive_spacing,0.5,,True,auto_from_instance,0.75,0.35,5,"3,5,8",,,,,,"H[5,11]|V[3,5,8,9,10]",ae825089721f98e0d9805014401719023ff6a664
proposed_nsga2_bs_AT_S_comercial_layout_AW_3_seed_119,proposed_nsga2_bs,AT_S_comercial_layout_AW_3,119,0,auto_from_instance,10,15,3,28,150,,,,,5,2,4,root > V:3 > BH:11 > BV:9 > BV:9,selected,0,1.2871468753821695,True,225,115,110,149.0,1.0,1.0,True,True,1,1,0,True,1,1,0,0,True,True,0,2,4,2,4,2,LS,sampled_pool,,,False,0.06666666666666667,0.1,0.9333333333333333,0.1,adaptive,,feasible_start_adaptive_spacing,feasible_start_adaptive_spacing,True,7,12,feasible_start_adaptive_spacing,0.5,,True,auto_from_instance,0.75,0.35,5,"3,5,8",,,,,,"H[5,11]|V[3,5,8,9]",0a75f2b327085dc5778e0a33aad21dbd318e0a85
proposed_nsga2_bs_AT_S_comercial_layout_AW_3_seed_119,proposed_nsga2_bs,AT_S_comercial_layout_AW_3,119,0,auto_from_instance,10,15,3,28,150,,,,,6,2,4,root > V:3 > BH:11 > BV:9 > BV:13,evaluated,3,inf,False,225,93,132,226.0,1.0,1.0,True,True,1,1,0,True,1,1,0,0,True,True,0,2,5,2,5,2,LS,sampled_pool,,,False,0.06666666666666667,0.1,0.9333333333333333,0.1,adaptive,,feasible_start_adaptive_spacing,feasible_start_adaptive_spacing,True,7,12,feasible_start_adaptive_spacing,0.5,,True,auto_from_instance,0.75,0.35,5,"3,5,8",,,,,,"H[5,11]|V[3,5,8,9,13]",3fc0967e8cf1acc9db002871d4c6fad00e132dd7
proposed_nsga2_bs_AT_S_comercial_layout_AW_3_seed_119,proposed_nsga2_bs,AT_S_comercial_layout_AW_3,119,0,auto_from_instance,10,15,3,28,150,,,,,7,3,3,root > H:3 > BH:19 > BH:13,evaluated,2,inf,False,264,124,140,240.0,1.0,1.0,True,True,3,3,0,False,1,1,0,0,True,True,0,3,2,3,2,3,LS,sampled_pool,,,False,0.06666666666666667,0.1,0.9333333333333333,0.1,adaptive,,feasible_start_adaptive_spacing,feasible_start_adaptive_spacing,True,7,12,feasible_start_adaptive_spacing,0.5,,True,auto_from_instance,0.75,0.35,3,"0,13",,,,,,"H[3,13,19]|V[0,13]",6c65fc73e913536df7fafe359baf4a92756ef787
proposed_nsga2_bs_AT_S_comercial_layout_AW_3_seed_119,proposed_nsga2_bs,AT_S_comercial_layout_AW_3,119,0,auto_from_instance,10,15,3,28,150,,,,,8,3,3,root > H:3 > BH:19 > BH:12,selected,0,inf,True,264,124,140,160.0,1.0,1.0,True,True,3,3,0,False,1,1,0,0,True,True,0,3,2,3,2,3,LS,sampled_pool,,,False,0.06666666666666667,0.1,0.9333333333333333,0.1,adaptive,,feasible_start_adaptive_spacing,feasible_start_adaptive_spacing,True,7,12,feasible_start_adaptive_spacing,0.5,,True,auto_from_instance,0.75,0.35,3,"0,13",,,,,,"H[3,12,19]|V[0,13]",4a49d458e8cad808e13f4554f8c864db2e9ad195
proposed_nsga2_bs_AT_S_comercial_layout_AW_3_seed_119,proposed_nsga2_bs,AT_S_comercial_layout_AW_3,119,0,auto_from_instance,10,15,3,28,150,,,,,9,3,3,root > H:3 > BH:18 > BH:12,selected,0,inf,True,264,124,140,160.0,1.0,1.0,True,True,3,3,0,False,1,1,0,0,True,True,0,3,2,3,2,3,LS,sampled_pool,,,False,0.06666666666666667,0.1,0.9333333333333333,0.1,adaptive,,feasible_start_adaptive_spacing,feasible_start_adaptive_spacing,True,7,12,feasible_start_adaptive_spacing,0.5,,True,auto_from_instance,0.75,0.35,3,"0,13",,,,,,"H[3,12,18]|V[0,13]",e0361e9971d304707e8f559c487d90e24fd31ff5
proposed_nsga2_bs_AT_S_comercial_layout_AW_3_seed_119,proposed_nsga2_bs,AT_S_comercial_layout_AW_3,119,0,auto_from_instance,10,15,3,28,150,,,,,10,4,6,root > V:7 > BH:11 > BH:19 > BH:12 > BH:3 > BV:13,selected,0,inf,True,207,104,103,141.0,1.0,1.0,True,True,1,1,0,True,1,1,0,0,True,True,0,5,3,5,3,4,PF_SS_RP,sampled_pool,,,True,0.06666666666666667,0.1013041319946602,0.9333333333333333,0.1,adaptive,,feasible_start_adaptive_spacing,feasible_start_adaptive_spacing,True,7,12,feasible_start_adaptive_spacing,0.5,,True,auto_from_instance,0.75,0.35,0,"7,8,13",,,,,,"H[0,3,11,12,19]|V[7,8,13]",9d3d21d36a6671b620f72af434eb1fd0be3a0f4e
proposed_nsga2_bs_AT_S_comercial_layout_AW_3_seed_119,proposed_nsga2_bs,AT_S_comercial_layout_AW_3,119,0,auto_from_instance,10,15,3,28,150,,,,,11,4,6,root > V:7 > BH:11 > BH:18 > BH:12 > BH:3 > BV:13,selected,0,0.6552525376054787,True,207,104,103,141.0,1.0,1.0,True,True,1,1,0,True,1,1,0,0,True,True,0,5,3,5,3,4,PF_SS_RP,sampled_pool,,,True,0.06666666666666667,0.1013041319946602,0.9333333333333333,0.1,adaptive,,feasible_start_adaptive_spacing,feasible_start_adaptive_spacing,True,7,12,feasible_start_adaptive_spacing,0.5,,True,auto_from_instance,0.75,0.35,0,"7,8,13",,,,,,"H[0,3,11,12,18]|V[7,8,13]",17566a936b0a83eaa90be3aca0f6ae7aafd53551
proposed_nsga2_bs_AT_S_comercial_layout_AW_3_seed_119,proposed_nsga2_bs,AT_S_comercial_layout_AW_3,119,0,auto_from_instance,10,15,3,28,150,,,,,12,4,6,root > V:7 > BH:11 > BH:19 > BH:13 > BH:4 > BV:13,selected,1,inf,True,207,104,103,176.0,1.0,1.0,True,True,1,1,0,True,1,1,0,0,True,True,0,5,3,5,3,4,PF_SS_RP,sampled_pool,,,True,0.06666666666666667,0.1013041319946602,0.9333333333333333,0.1,adaptive,,feasible_start_adaptive_spacing,feasible_start_adaptive_spacing,True,7,12,feasible_start_adaptive_spacing,0.5,,True,auto_from_instance,0.75,0.35,0,"7,8,13",,,,,,"H[0,4,11,13,19]|V[7,8,13]",f03482f4c3e8943fd1d8a7356a54c2341286baac
proposed_nsga2_bs_AT_S_comercial_layout_AW_3_seed_119,proposed_nsga2_bs,AT_S_comercial_layout_AW_3,119,0,auto_from_instance,10,15,3,28,150,,,,,13,6,3,root > V:0 > BH:11 > BH:18,evaluated,4,inf,False,243,85,158,367.0,1.0,1.0,True,True,1,1,0,True,1,1,0,0,True,True,0,4,3,4,3,6,LS_RP,sampled_pool,,,False,0.06666666666666667,0.1,0.9333333333333333,0.1,adaptive,,feasible_start_adaptive_spacing,feasible_start_adaptive_spacing,True,7,12,feasible_start_adaptive_spacing,0.5,,True,auto_from_instance,0.75,0.35,"1,6","0,5,9",,,,,,"H[1,6,11,18]|V[0,5,9]",a06173efc61694b475ed0bb967fdbf0bc28bf0a8
proposed_nsga2_bs_AT_S_comercial_layout_AW_3_seed_119,proposed_nsga2_bs,AT_S_comercial_layout_AW_3,119,0,auto_from_instance,10,15,3,28,150,,,,,14,6,3,root > V:0 > BH:11 > BH:19,evaluated,5,inf,False,243,85,158,406.0,1.0,1.0,True,True,1,1,0,True,1,1,0,0,True,True,0,4,3,4,3,6,LS_RP,sampled_pool,,,False,0.06666666666666667,0.1,0.9333333333333333,0.1,adaptive,,feasible_start_adaptive_spacing,feasible_start_adaptive_spacing,True,7,12,feasible_start_adaptive_spacing,0.5,,True,auto_from_instance,0.75,0.35,"1,6","0,5,9",,,,,,"H[1,6,11,19]|V[0,5,9]",c6dfc27680cf9ab70f12f2c8285c75455967f8c9
proposed_nsga2_bs_AT_S_comercial_layout_AW_3_seed_119,proposed_nsga2_bs,AT_S_comercial_layout_AW_3,119,0,auto_from_instance,10,15,3,28,150,,,,,15,6,3,root > V:0 > BH:11 > BH:17,evaluated,5,inf,False,243,85,158,406.0,1.0,1.0,True,True,1,1,0,True,1,1,0,0,True,True,0,4,3,4,3,6,LS_RP,sampled_pool,,,False,0.06666666666666667,0.1,0.9333333333333333,0.1,adaptive,,feasible_start_adaptive_spacing,feasible_start_adaptive_spacing,True,7,12,feasible_start_adaptive_spacing,0.5,,True,auto_from_instance,0.75,0.35,"1,6","0,5,9",,,,,,"H[1,6,11,17]|V[0,5,9]",3ea2b2cb9290c5d666984c69b16bc63ae932c183
proposed_nsga2_bs_AT_S_comercial_layout_AW_3_seed_119,proposed_nsga2_bs,AT_S_comercial_layout_AW_3,119,0,auto_from_instance,10,15,3,28,150,,,,,16,8,5,root > H:6 > BH:15 > BV:3 > BV:9 > BH:22,selected,0,inf,True,228,98,130,126.0,1.0,1.0,True,True,3,3,0,False,1,1,0,0,True,True,0,4,4,4,4,8,SS_LS_PF,sampled_pool,,,True,0.06666666666666667,0.1,0.9333333333333333,0.1,adaptive,,feasible_start_adaptive_spacing,feasible_start_adaptive_spacing,True,7,12,feasible_start_adaptive_spacing,0.5,,True,auto_from_instance,0.75,0.35,"1,6","0,9,12",,,,,,"H[1,6,15,22]|V[0,3,9,12]",ff831007d2cb19c27f4223a274bf22a7edbbf53e
proposed_nsga2_bs_AT_S_comercial_layout_AW_3_seed_119,proposed_nsga2_bs,AT_S_comercial_layout_AW_3,119,0,auto_from_instance,10,15,3,28,150,,,,,17,8,5,root > H:6 > BH:16 > BV:3 > BV:9 > BH:22,evaluated,2,inf,False,228,98,130,206.0,1.0,1.0,True,True,3,3,0,False,1,1,0,0,True,True,0,4,4,4,4,8,SS_LS_PF,sampled_pool,,,True,0.06666666666666667,0.1,0.9333333333333333,0.1,adaptive,,feasible_start_adaptive_spacing,feasible_start_adaptive_spacing,True,7,12,feasible_start_adaptive_spacing,0.5,,True,auto_from_instance,0.75,0.35,"1,6","0,9,12",,,,,,"H[1,6,16,22]|V[0,3,9,12]",3f6c5650382557808c9ce9ea61d9656b41539743
proposed_nsga2_bs_AT_S_comercial_layout_AW_3_seed_119,proposed_nsga2_bs,AT_S_comercial_layout_AW_3,119,0,auto_from_instance,10,15,3,28,150,,,,,18,9,3,root > V:13 > BH:10 > BH:19,evaluated,5,inf,False,270,81,189,289.0,1.0,1.0,True,True,1,1,0,True,1,1,0,0,True,True,0,3,3,3,3,9,RP,sampled_pool,,,False,0.06666666666666667,0.13952489289364264,0.9333333333333333,0.1,adaptive,,feasible_start_adaptive_spacing,feasible_start_adaptive_spacing,True,7,12,feasible_start_adaptive_spacing,0.5,,True,auto_from_instance,0.75,0.35,5,"0,9,13",,,,,,"H[5,10,19]|V[0,9,13]",0ac4c52159625d6770d3c95cf9cf9e7ad787ea34
proposed_nsga2_bs_AT_S_comercial_layout_AW_3_seed_119,proposed_nsga2_bs,AT_S_comercial_layout_AW_3,119,0,auto_from_instance,10,15,3,28,150,,,,,19,9,3,root > V:13 > BH:10 > BH:18,evaluated,5,0.0,False,270,81,189,289.0,1.0,1.0,True,True,1,1,0,True,1,1,0,0,True,True,0,3,3,3,3,9,RP,sampled_pool,,,False,0.06666666666666667,0.13952489289364264,0.9333333333333333,0.1,adaptive,,feasible_start_adaptive_spacing,feasible_start_adaptive_spacing,True,7,12,feasible_start_adaptive_spacing,0.5,,True,auto_from_instance,0.75,0.35,5,"0,9,13",,,,,,"H[5,10,18]|V[0,9,13]",0fdd65d05b0d3606e8ffb813119ff3b0f97ba71e
proposed_nsga2_bs_AT_S_comercial_layout_AW_3_seed_119,proposed_nsga2_bs,AT_S_comercial_layout_AW_3,119,0,auto_from_instance,10,15,3,28,150,,,,,20,9,3,root > V:13 > BH:10 > BH:17,evaluated,5,inf,False,270,81,189,289.0,1.0,1.0,True,True,1,1,0,True,1,1,0,0,True,True,0,3,3,3,3,9,RP,sampled_pool,,,False,0.06666666666666667,0.13952489289364264,0.9333333333333333,0.1,adaptive,,feasible_start_adaptive_spacing,feasible_start_adaptive_spacing,True,7,12,feasible_start_adaptive_spacing,0.5,,True,auto_from_instance,0.75,0.35,5,"0,9,13",,,,,,"H[5,10,17]|V[0,9,13]",0ec686c7a8222217e01ff5ef54febaac373ccd3a
proposed_nsga2_bs_AT_S_comercial_layout_AW_3_seed_119,proposed_nsga2_bs,AT_S_comercial_layout_AW_3,119,1,auto_from_instance,10,15,3,28,150,,,,,1,1,4,root > V:3 > BH:11 > BV:9 > BV:10,selected,1,inf,True,225,115,110,149.0,1.0,1.0,True,True,1,1,0,True,1,1,0,0,True,True,0,3,6,3,6,1,RP_LS,sampled_pool,,,False,0.13333333333333333,0.1,0.8666666666666667,0.1,adaptive,bit_flip,offspring,feasible_start_adaptive_spacing,,,,feasible_start_adaptive_spacing,0.5,,True,auto_from_instance,0.75,0.35,"3,15","0,3,9,11,12",,,,,,"H[3,11,15]|V[0,3,9,10,11,12]",ae825089721f98e0d9805014401719023ff6a664
proposed_nsga2_bs_AT_S_comercial_layout_AW_3_seed_119,proposed_nsga2_bs,AT_S_comercial_layout_AW_3,119,1,auto_from_instance,10,15,3,28,150,,,,,2,1,4,root > V:3 > BH:11 > BV:9 > BV:9,selected,1,inf,True,225,115,110,149.0,1.0,1.0,True,True,1,1,0,True,1,1,0,0,True,True,0,3,5,3,5,1,RP_LS,sampled_pool,,,False,0.13333333333333333,0.1,0.8666666666666667,0.1,adaptive,bit_flip,offspring,feasible_start_adaptive_spacing,,,,feasible_start_adaptive_spacing,0.5,,True,auto_from_instance,0.75,0.35,"3,15","0,3,9,11,12",,,,,,"H[3,11,15]|V[0,3,9,11,12]",0a75f2b327085dc5778e0a33aad21dbd318e0a85
proposed_nsga2_bs_AT_S_comercial_layout_AW_3_seed_119,proposed_nsga2_bs,AT_S_comercial_layout_AW_3,119,1,auto_from_instance,10,15,3,28,150,,,,,3,1,4,root > V:3 > BH:11 > BV:9 > BV:13,selected,3,inf,True,225,93,132,226.0,1.0,1.0,True,True,1,1,0,True,1,1,0,0,True,True,0,3,6,3,6,1,RP_LS,sampled_pool,,,False,0.13333333333333333,0.1,0.8666666666666667,0.1,adaptive,bit_flip,offspring,feasible_start_adaptive_spacing,,,,feasible_start_adaptive_spacing,0.5,,True,auto_from_instance,0.75,0.35,"3,15","0,3,9,11,12",,,,,,"H[3,11,15]|V[0,3,9,11,12,13]",3fc0967e8cf1acc9db002871d4c6fad00e132dd7
proposed_nsga2_bs_AT_S_comercial_layout_AW_3_seed_119,proposed_nsga2_bs,AT_S_comercial_layout_AW_3,119,1,auto_from_instance,10,15,3,28,150,,,,,4,2,3,root > V:13 > BH:12 > BH:19,selected,5,inf,True,270,82,188,367.0,1.0,1.0,True,True,1,1,0,True,1,1,0,0,True,True,0,6,2,6,2,2,SS,sampled_pool,,,True,0.13333333333333333,0.1,0.8666666666666667,0.1,adaptive,break_symmetry,offspring,feasible_start_adaptive_spacing,,,,feasible_start_adaptive_spacing,0.5,,True,auto_from_instance,0.75,0.35,"1,7,12,18,22","0,13",,,,,,"H[1,7,12,18,19,22]|V[0,13]",4966da0ed6211d05f7118b5ba9431c53521924b7
proposed_nsga2_bs_AT_S_comercial_layout_AW_3_seed_119,proposed_nsga2_bs,AT_S_comercial_layout_AW_3,119,1,auto_from_instance,10,15,3,28,150,,,,,5,2,3,root > V:13 > BH:12 > BH:18,evaluated,5,0.0,False,270,82,188,367.0,1.0,1.0,True,True,1,1,0,True,1,1,0,0,True,True,0,5,2,5,2,2,SS,sampled_pool,,,True,0.13333333333333333,0.1,0.8666666666666667,0.1,adaptive,break_symmetry,offspring,feasible_start_adaptive_spacing,,,,feasible_start_adaptive_spacing,0.5,,True,auto_from_instance,0.75,0.35,"1,7,12,18,22","0,13",,,,,,"H[1,7,12,18,22]|V[0,13]",081c8d5526a109e445a209bc685cd22e380c24dd
proposed_nsga2_bs_AT_S_comercial_layout_AW_3_seed_119,proposed_nsga2_bs,AT_S_comercial_layout_AW_3,119,1,auto_from_instance,10,15,3,28,150,,,,,6,2,3,root > V:13 > BH:11 > BH:18,selected,5,inf,True,270,82,188,367.0,1.0,1.0,True,True,1,1,0,True,1,1,0,0,True,True,0,6,2,6,2,2,SS,sampled_pool,,,True,0.13333333333333333,0.1,0.8666666666666667,0.1,adaptive,break_symmetry,offspring,feasible_start_adaptive_spacing,,,,feasible_start_adaptive_spacing,0.5,,True,auto_from_instance,0.75,0.35,"1,7,12,18,22","0,13",,,,,,"H[1,7,11,12,18,22]|V[0,13]",8b192e9513e9df6dcf3428b5b61efc4a216d9b6b
proposed_nsga2_bs_AT_S_comercial_layout_AW_3_seed_119,proposed_nsga2_bs,AT_S_comercial_layout_AW_3,119,1,auto_from_instance,10,15,3,28,150,,,,,7,4,5,root > H:6 > BH:15 > BV:3 > BH:22 > BV:9,selected,1,inf,True,228,98,130,126.0,1.0,1.0,True,True,3,3,0,False,1,1,0,0,True,True,0,6,5,6,5,4,RP_LS,sampled_pool,,,False,0.13333333333333333,0.16097112280828996,0.8666666666666667,0.1,adaptive,break_symmetry,offspring,feasible_start_adaptive_spacing,,,,feasible_start_adaptive_spacing,0.5,,True,auto_from_instance,0.75,0.35,"0,4,6,15,19","7,8,12",,,,,,"H[0,4,6,15,19,22]|V[3,7,8,9,12]",ff831007d2cb19c27f4223a274bf22a7edbbf53e
proposed_nsga2_bs_AT_S_comercial_layout_AW_3_seed_119,proposed_nsga2_bs,AT_S_comercial_layout_AW_3,119,1,auto_from_instance,10,15,3,28,150,,,,,8,4,5,root > H:6 > BH:16 > BV:3 > BH:22 > BV:9,selected,2,inf,True,228,98,130,206.0,1.0,1.0,True,True,3,3,0,False,1,1,0,0,True,True,0,7,5,7,5,4,RP_LS,sampled_pool,,,False,0.13333333333333333,0.16097112280828996,0.8666666666666667,0.1,adaptive,break_symmetry,offspring,feasible_start_adaptive_spacing,,,,feasible_start_adaptive_spacing,0.5,,True,auto_from_instance,0.75,0.35,"0,4,6,15,19","7,8,12",,,,,,"H[0,4,6,15,16,19,22]|V[3,7,8,9,12]",3f6c5650382557808c9ce9ea61d9656b41539743
proposed_nsga2_bs_AT_S_comercial_layout_AW_3_seed_119,proposed_nsga2_bs,AT_S_comercial_layout_AW_3,119,1,auto_from_instance,10,15,3,28,150,,,,,9,5,3,root > V:0 > BH:11 > BH:19,evaluated,5,inf,False,243,85,158,406.0,1.0,1.0,True,True,1,1,0,True,1,1,0,0,True,True,0,5,4,5,4,5,LS,sampled_pool,,,False,0.13333333333333333,0.12226920601850427,0.8666666666666667,0.1,adaptive,break_symmetry,offspring,feasible_start_adaptive_spacing,,,,feasible_start_adaptive_spacing,0.5,,True,auto_from_instance,0.75,0.35,"3,11,13,18","0,7,8,13",,,,,,"H[3,11,13,18,19]|V[0,7,8,13]",c6dfc27680cf9ab70f12f2c8285c75455967f8c9
proposed_nsga2_bs_AT_S_comercial_layout_AW_3_seed_119,proposed_nsga2_bs,AT_S_comercial_layout_AW_3,119,1,auto_from_instance,10,15,3,28,150,,,,,10,5,3,root > V:0 > BH:11 > BH:18,selected,4,inf,True,243,85,158,367.0,1.0,1.0,True,True,1,1,0,True,1,1,0,0,True,True,0,4,4,4,4,5,LS,sampled_pool,,,False,0.13333333333333333,0.12226920601850427,0.8666666666666667,0.1,adaptive,break_symmetry,offspring,feasible_start_adaptive_spacing,,,,feasible_start_adaptive_spacing,0.5,,True,auto_from_instance,0.75,0.35,"3,11,13,18","0,7,8,13",,,,,,"H[3,11,13,18]|V[0,7,8,13]",a06173efc61694b475ed0bb967fdbf0bc28bf0a8
proposed_nsga2_bs_AT_S_comercial_layout_AW_3_seed_119,proposed_nsga2_bs,AT_S_comercial_layout_AW_3,119,1,auto_from_instance,10,15,3,28,150,,,,,11,5,3,root > V:0 > BH:11 > BH:17,evaluated,5,inf,False,243,85,158,406.0,1.0,1.0,True,True,1,1,0,True,1,1,0,0,True,True,0,5,4,5,4,5,LS,sampled_pool,,,False,0.13333333333333333,0.12226920601850427,0.8666666666666667,0.1,adaptive,break_symmetry,offspring,feasible_start_adaptive_spacing,,,,feasible_start_adaptive_spacing,0.5,,True,auto_from_instance,0.75,0.35,"3,11,13,18","0,7,8,13",,,,,,"H[3,11,13,17,18]|V[0,7,8,13]",3ea2b2cb9290c5d666984c69b16bc63ae932c183
proposed_nsga2_bs_AT_S_comercial_layout_AW_3_seed_119,proposed_nsga2_bs,AT_S_comercial_layout_AW_3,119,1,auto_from_instance,10,15,3,28,150,,,,,12,6,4,root > H:3 > BH:16 > BH:10 > BH:22,selected,0,inf,True,216,120,96,112.0,1.0,1.0,True,True,4,4,0,False,1,1,0,0,True,True,0,7,2,7,2,6,SS_PF_LS,sampled_pool,,,True,0.13333333333333333,0.12622023076671246,0.8666666666666667,0.1,adaptive,insert_random_aisle,offspring,feasible_start_adaptive_spacing,,,,feasible_start_adaptive_spacing,0.5,,True,auto_from_instance,0.75,0.35,"0,3,12,18","11,13",,,,,,"H[0,3,10,12,16,18,22]|V[11,13]",7e8869a25bbd594ea7bf8339e2c84bdde246ab51
proposed_nsga2_bs_AT_S_comercial_layout_AW_3_seed_119,proposed_nsga2_bs,AT_S_comercial_layout_AW_3,119,1,auto_from_instance,10,15,3,28,150,,,,,13,8,5,root > H:5 > BH:18 > BH:12 > BV:3 > BV:9,selected,0,inf,True,234,127,107,89.0,1.0,1.0,True,True,3,3,0,False,1,1,0,0,True,True,0,4,3,4,3,8,PF_LS_RP,sampled_pool,,,False,0.13333333333333333,0.16448152077003042,0.8666666666666667,0.1,adaptive,bit_flip,offspring,feasible_start_adaptive_spacing,,,,feasible_start_adaptive_spacing,0.5,,True,auto_from_instance,0.75,0.35,"5,11,18",10,,,,,,"H[5,11,12,18]|V[3,9,10]",02eb0b54c6dd00fb01351bf57377ea9aaccaed72
proposed_nsga2_bs_AT_S_comercial_layout_AW_3_seed_119,proposed_nsga2_bs,AT_S_comercial_layout_AW_3,119,2,auto_from_instance,10,15,3,28,150,,,,,1,1,4,root > V:3 > BH:11 > BV:10 > BV:9,selected,1,inf,True,225,115,110,149.0,1.0,1.0,True,True,1,1,0,True,1,1,0,0,True,True,0,5,6,5,6,1,SS,sampled_pool,,,True,0.2,0.16842854133475388,0.8,0.1,adaptive,insert_random_aisle,offspring,feasible_start_adaptive_spacing,,,,feasible_start_adaptive_spacing,0.5,,True,auto_from_instance,0.75,0.35,"3,10,11,15,18","0,3,9,11,12",,,,,,"H[3,10,11,15,18]|V[0,3,9,10,11,12]",ae825089721f98e0d9805014401719023ff6a664
proposed_nsga2_bs_AT_S_comercial_layout_AW_3_seed_119,proposed_nsga2_bs,AT_S_comercial_layout_AW_3,119,2,auto_from_instance,10,15,3,28,150,,,,,2,1,4,root > V:3 > BH:11 > BV:9 > BV:9,selected,1,inf,True,225,115,110,149.0,1.0,1.0,True,True,1,1,0,True,1,1,0,0,True,True,0,5,5,5,5,1,SS,sampled_pool,,,True,0.2,0.16842854133475388,0.8,0.1,adaptive,insert_random_aisle,offspring,feasible_start_adaptive_spacing,,,,feasible_start_adaptive_spacing,0.5,,True,auto_from_instance,0.75,0.35,"3,10,11,15,18","0,3,9,11,12",,,,,,"H[3,10,11,15,18]|V[0,3,9,11,12]",0a75f2b327085dc5778e0a33aad21dbd318e0a85
proposed_nsga2_bs_AT_S_comercial_layout_AW_3_seed_119,proposed_nsga2_bs,AT_S_comercial_layout_AW_3,119,2,auto_from_instance,10,15,3,28,150,,,,,3,1,4,root > V:3 > BH:11 > BV:9 > BV:13,selected,3,inf,True,225,93,132,226.0,1.0,1.0,True,True,1,1,0,True,1,1,0,0,True,True,0,5,6,5,6,1,SS,sampled_pool,,,True,0.2,0.16842854133475388,0.8,0.1,adaptive,insert_random_aisle,offspring,feasible_start_adaptive_spacing,,,,feasible_start_adaptive_spacing,0.5,,True,auto_from_instance,0.75,0.35,"3,10,11,15,18","0,3,9,11,12",,,,,,"H[3,10,11,15,18]|V[0,3,9,11,12,13]",3fc0967e8cf1acc9db002871d4c6fad00e132dd7
proposed_nsga2_bs_AT_S_comercial_layout_AW_3_seed_119,proposed_nsga2_bs,AT_S_comercial_layout_AW_3,119,2,auto_from_instance,10,15,3,28,150,,,,,4,2,5,root > H:5 > BH:18 > BH:12 > BV:3 > BV:9,selected,0,inf,True,234,127,107,89.0,1.0,1.0,True,True,3,3,0,False,1,1,0,0,True,True,0,4,4,4,4,2,PF_LS_RP,sampled_pool,,,False,0.2,0.1463089838083788,0.8,0.1,adaptive,spacing_aware_flip,offspring,feasible_start_adaptive_spacing,,,,feasible_start_adaptive_spacing,0.5,,True,auto_from_instance,0.75,0.35,"5,11,12","3,9,10,17",,,,,,"H[5,11,12,18]|V[3,9,10,17]",02eb0b54c6dd00fb01351bf57377ea9aaccaed72
proposed_nsga2_bs_AT_S_comercial_layout_AW_3_seed_119,proposed_nsga2_bs,AT_S_comercial_layout_AW_3,119,2,auto_from_instance,10,15,3,28,150,,,,,5,3,5,root > H:6 > BH:15 > BV:3 > BV:9 > BH:22,selected,1,inf,True,228,98,130,126.0,1.0,1.0,True,True,3,3,0,False,1,1,0,0,True,True,0,7,4,7,4,3,PF_RP,sampled_pool,,,False,0.2,0.16298623897582115,0.8,0.1,adaptive,insert_random_aisle,offspring,feasible_start_adaptive_spacing,,,,feasible_start_adaptive_spacing,0.5,,True,auto_from_instance,0.75,0.35,"0,4,6,9,15,19","3,9,11,12",,,,,,"H[0,4,6,9,15,19,22]|V[3,9,11,12]",ff831007d2cb19c27f4223a274bf22a7edbbf53e
proposed_nsga2_bs_AT_S_comercial_layout_AW_3_seed_119,proposed_nsga2_bs,AT_S_comercial_layout_AW_3,119,2,auto_from_instance,10,15,3,28,150,,,,,6,3,5,root > H:6 > BH:16 > BV:3 > BV:9 > BH:22,selected,2,inf,True,228,98,130,206.0,1.0,1.0,True,True,3,3,0,False,1,1,0,0,True,True,0,8,4,8,4,3,PF_RP,sampled_pool,,,False,0.2,0.16298623897582115,0.8,0.1,adaptive,insert_random_aisle,offspring,feasible_start_adaptive_spacing,,,,feasible_start_adaptive_spacing,0.5,,True,auto_from_instance,0.75,0.35,"0,4,6,9,15,19","3,9,11,12",,,,,,"H[0,4,6,9,15,16,19,22]|V[3,9,11,12]",3f6c5650382557808c9ce9ea61d9656b41539743
proposed_nsga2_bs_AT_S_comercial_layout_AW_3_seed_119,proposed_nsga2_bs,AT_S_comercial_layout_AW_3,119,3,auto_from_instance,10,15,3,28,150,,,,,1,1,4,root > V:3 > BH:11 > BV:10 > BV:9,selected,1,inf,True,225,115,110,149.0,1.0,1.0,True,True,1,1,0,True,1,1,0,0,True,True,0,5,7,5,7,1,PF_RP,sampled_pool,,,False,0.26666666666666666,0.24646282188477586,0.7333333333333334,0.1,adaptive,insert_random_aisle,offspring,feasible_start_adaptive_spacing,,,,feasible_start_adaptive_spacing,0.5,,True,auto_from_instance,0.75,0.35,"3,9,15,18","0,3,5,9,11,12",,,,,,"H[3,9,11,15,18]|V[0,3,5,9,10,11,12]",ae825089721f98e0d9805014401719023ff6a664
proposed_nsga2_bs_AT_S_comercial_layout_AW_3_seed_119,proposed_nsga2_bs,AT_S_comercial_layout_AW_3,119,3,auto_from_instance,10,15,3,28,150,,,,,2,1,4,root > V:3 > BH:11 > BV:9 > BV:9,selected,1,2.075831969448991,True,225,115,110,149.0,1.0,1.0,True,True,1,1,0,True,1,1,0,0,True,True,0,5,6,5,6,1,PF_RP,sampled_pool,,,False,0.26666666666666666,0.24646282188477586,0.7333333333333334,0.1,adaptive,insert_random_aisle,offspring,feasible_start_adaptive_spacing,,,,feasible_start_adaptive_spacing,0.5,,True,auto_from_instance,0.75,0.35,"3,9,15,18","0,3,5,9,11,12",,,,,,"H[3,9,11,15,18]|V[0,3,5,9,11,12]",0a75f2b327085dc5778e0a33aad21dbd318e0a85
proposed_nsga2_bs_AT_S_comercial_layout_AW_3_seed_119,proposed_nsga2_bs,AT_S_comercial_layout_AW_3,119,3,auto_from_instance,10,15,3,28,150,,,,,3,1,4,root > V:3 > BH:11 > BV:9 > BV:13,selected,3,inf,True,225,93,132,226.0,1.0,1.0,True,True,1,1,0,True,1,1,0,0,True,True,0,5,7,5,7,1,PF_RP,sampled_pool,,,False,0.26666666666666666,0.24646282188477586,0.7333333333333334,0.1,adaptive,insert_random_aisle,offspring,feasible_start_adaptive_spacing,,,,feasible_start_adaptive_spacing,0.5,,True,auto_from_instance,0.75,0.35,"3,9,15,18","0,3,5,9,11,12",,,,,,"H[3,9,11,15,18]|V[0,3,5,9,11,12,13]",3fc0967e8cf1acc9db002871d4c6fad00e132dd7
proposed_nsga2_bs_AT_S_comercial_layout_AW_3_seed_119,proposed_nsga2_bs,AT_S_comercial_layout_AW_3,119,3,auto_from_instance,10,15,3,28,150,,,,,4,2,5,root > H:6 > BH:15 > BV:3 > BV:9 > BH:22,selected,1,inf,True,228,98,130,126.0,1.0,1.0,True,True,3,3,0,False,1,1,0,0,True,True,0,9,5,9,5,2,PF_LS_RP,sampled_pool,,,False,0.26666666666666666,0.13177462631562556,0.7333333333333334,0.1,adaptive,bit_flip,offspring,feasible_start_adaptive_spacing,,,,feasible_start_adaptive_spacing,0.5,,True,auto_from_instance,0.75,0.35,"0,1,4,6,10,11,15,19,22","3,9,10,11,12",,,,,,"H[0,1,4,6,10,11,15,19,22]|V[3,9,10,11,12]",ff831007d2cb19c27f4223a274bf22a7edbbf53e
proposed_nsga2_bs_AT_S_comercial_layout_AW_3_seed_119,proposed_nsga2_bs,AT_S_comercial_layout_AW_3,119,3,auto_from_instance,10,15,3,28,150,,,,,5,2,5,root > H:6 > BH:16 > BV:3 > BV:9 > BH:22,selected,2,inf,True,228,98,130,206.0,1.0,1.0,True,True,3,3,0,False,1,1,0,0,True,True,0,10,5,10,5,2,PF_LS_RP,sampled_pool,,,False,0.26666666666666666,0.13177462631562556,0.7333333333333334,0.1,adaptive,bit_flip,offspring,feasible_start_adaptive_spacing,,,,feasible_start_adaptive_spacing,0.5,,True,auto_from_instance,0.75,0.35,"0,1,4,6,10,11,15,19,22","3,9,10,11,12",,,,,,"H[0,1,4,6,10,11,15,16,19,22]|V[3,9,10,11,12]",3f6c5650382557808c9ce9ea61d9656b41539743
proposed_nsga2_bs_AT_S_comercial_layout_AW_3_seed_119,proposed_nsga2_bs,AT_S_comercial_layout_AW_3,119,3,auto_from_instance,10,15,3,28,150,,,,,6,4,5,root > H:5 > BH:18 > BH:12 > BV:3 > BV:9,selected,0,inf,True,234,127,107,89.0,1.0,1.0,True,True,3,3,0,False,1,1,0,0,True,True,0,10,2,10,2,4,PF_LS_RP,sampled_pool,,,False,0.26666666666666666,0.22524990719701987,0.7333333333333334,0.1,adaptive,insert_random_aisle,offspring,feasible_start_adaptive_spacing,,,,feasible_start_adaptive_spacing,0.5,,True,auto_from_instance,0.75,0.35,"0,5,10,11,12,15,16,19,22","3,9",,,,,,"H[0,5,10,11,12,15,16,18,19,22]|V[3,9]",02eb0b54c6dd00fb01351bf57377ea9aaccaed72
proposed_nsga2_bs_AT_S_comercial_layout_AW_3_seed_119,proposed_nsga2_bs,AT_S_comercial_layout_AW_3,119,3,auto_from_instance,10,15,3,28,150,,,,,7,9,3,root > H:4 > BH:17 > BH:11,selected,1,inf,True,264,124,140,220.0,1.0,1.0,True,True,3,3,0,False,1,1,0,0,True,True,0,8,2,8,2,9,LS_SS,sampled_pool,,,True,0.26666666666666666,0.296036181831569,0.7333333333333334,0.1,adaptive,remove_random_aisle,offspring,feasible_start_adaptive_spacing,,,,feasible_start_adaptive_spacing,0.5,,True,auto_from_instance,0.75,0.35,"0,4,6,9,18,22","9,10",,,,,,"H[0,4,6,9,11,17,18,22]|V[9,10]",bff1f598ae060a0390c10f5de0cbed5ac1213ca5
proposed_nsga2_bs_AT_S_comercial_layout_AW_3_seed_119,proposed_nsga2_bs,AT_S_comercial_layout_AW_3,119,3,auto_from_instance,10,15,3,28,150,,,,,8,9,3,root > H:4 > BH:17 > BH:10,selected,2,inf,True,264,120,144,220.0,1.0,1.0,True,True,3,3,0,False,1,1,0,0,True,True,0,8,2,8,2,9,LS_SS,sampled_pool,,,True,0.26666666666666666,0.296036181831569,0.7333333333333334,0.1,adaptive,remove_random_aisle,offspring,feasible_start_adaptive_spacing,,,,feasible_start_adaptive_spacing,0.5,,True,auto_from_instance,0.75,0.35,"0,4,6,9,18,22","9,10",,,,,,"H[0,4,6,9,10,17,18,22]|V[9,10]",faf111ea2d7b61d8d8cfd2201424f26ba114409d
proposed_nsga2_bs_AT_S_comercial_layout_AW_3_seed_119,proposed_nsga2_bs,AT_S_comercial_layout_AW_3,119,3,auto_from_instance,10,15,3,28,150,,,,,9,9,3,root > H:4 > BH:15 > BH:22,selected,4,inf,True,264,92,172,284.0,1.0,1.0,True,True,3,3,0,False,1,1,0,0,True,True,0,7,2,7,2,9,LS_SS,sampled_pool,,,True,0.26666666666666666,0.296036181831569,0.7333333333333334,0.1,adaptive,remove_random_aisle,offspring,feasible_start_adaptive_spacing,,,,feasible_start_adaptive_spacing,0.5,,True,auto_from_instance,0.75,0.35,"0,4,6,9,18,22","9,10",,,,,,"H[0,4,6,9,15,18,22]|V[9,10]",9d4f477c70bbe9725bd3f4830375a1732b6b7df2
proposed_nsga2_bs_AT_S_comercial_layout_AW_3_seed_119,proposed_nsga2_bs,AT_S_comercial_layout_AW_3,119,4,auto_from_instance,10,15,3,28,150,,,,,1,1,4,root > V:3 > BH:11 > BV:10 > BV:9,selected,0,inf,True,225,115,110,149.0,1.0,1.0,True,True,1,1,0,True,1,1,0,0,True,True,0,8,6,8,6,1,PF_RP,sampled_pool,,,False,0.3333333333333333,0.3157785256619905,0.6666666666666667,0.1,adaptive,spacing_aware_flip,offspring,feasible_start_adaptive_spacing,,,,feasible_start_adaptive_spacing,0.5,,True,auto_from_instance,0.75,0.35,"0,1,3,9,11,15,19,22","3,9,10,11,12,15",,,,,,"H[0,1,3,9,11,15,19,22]|V[3,9,10,11,12,15]",ae825089721f98e0d9805014401719023ff6a664
proposed_nsga2_bs_AT_S_comercial_layout_AW_3_seed_119,proposed_nsga2_bs,AT_S_comercial_layout_AW_3,119,4,auto_from_instance,10,15,3,28,150,,,,,2,1,4,root > V:3 > BH:11 > BV:9 > BV:9,selected,0,inf,True,225,115,110,149.0,1.0,1.0,True,True,1,1,0,True,1,1,0,0,True,True,0,8,6,8,6,1,PF_RP,sampled_pool,,,False,0.3333333333333333,0.3157785256619905,0.6666666666666667,0.1,adaptive,spacing_aware_flip,offspring,feasible_start_adaptive_spacing,,,,feasible_start_adaptive_spacing,0.5,,True,auto_from_instance,0.75,0.35,"0,1,3,9,11,15,19,22","3,9,10,11,12,15",,,,,,"H[0,1,3,9,11,15,19,22]|V[3,9,10,11,12,15]",0a75f2b327085dc5778e0a33aad21dbd318e0a85
proposed_nsga2_bs_AT_S_comercial_layout_AW_3_seed_119,proposed_nsga2_bs,AT_S_comercial_layout_AW_3,119,4,auto_from_instance,10,15,3,28,150,,,,,3,1,4,root > V:3 > BH:11 > BV:9 > BV:13,selected,2,inf,True,225,93,132,226.0,1.0,1.0,True,True,1,1,0,True,1,1,0,0,True,True,0,8,7,8,7,1,PF_RP,sampled_pool,,,False,0.3333333333333333,0.3157785256619905,0.6666666666666667,0.1,adaptive,spacing_aware_flip,offspring,feasible_start_adaptive_spacing,,,,feasible_start_adaptive_spacing,0.5,,True,auto_from_instance,0.75,0.35,"0,1,3,9,11,15,19,22","3,9,10,11,12,15",,,,,,"H[0,1,3,9,11,15,19,22]|V[3,9,10,11,12,13,15]",3fc0967e8cf1acc9db002871d4c6fad00e132dd7
proposed_nsga2_bs_AT_S_comercial_layout_AW_3_seed_119,proposed_nsga2_bs,AT_S_comercial_layout_AW_3,119,4,auto_from_instance,10,15,3,28,150,,,,,4,3,6,root > V:5 > BH:11 > BH:19 > BH:13 > BH:7 > BV:13,selected,2,inf,True,219,92,127,286.0,1.0,1.0,True,True,1,1,0,True,1,1,0,0,True,True,0,8,8,8,8,3,SS_PF_LS,sampled_pool,,,True,0.3333333333333333,0.32058969796614245,0.6666666666666667,0.1,adaptive,swap_segments,offspring,feasible_start_adaptive_spacing,,,,feasible_start_adaptive_spacing,0.5,,True,auto_from_instance,0.75,0.35,"3,9,18,19,23","0,3,5,9,10,11,12",,,,,,"H[3,7,9,11,13,18,19,23]|V[0,3,5,9,10,11,12,13]",83db31f9197a36d619843bf3d29485607fd03847
proposed_nsga2_bs_AT_S_comercial_layout_AW_3_seed_119,proposed_nsga2_bs,AT_S_comercial_layout_AW_3,119,4,auto_from_instance,10,15,3,28,150,,,,,5,3,6,root > V:5 > BH:11 > BH:19 > BH:13 > BH:6 > BV:13,evaluated,2,1.35,False,219,91,128,270.0,1.0,1.0,True,True,1,1,0,True,1,1,0,0,True,True,0,8,8,8,8,3,SS_PF_LS,sampled_pool,,,True,0.3333333333333333,0.32058969796614245,0.6666666666666667,0.1,adaptive,swap_segments,offspring,feasible_start_adaptive_spacing,,,,feasible_start_adaptive_spacing,0.5,,True,auto_from_instance,0.75,0.35,"3,9,18,19,23","0,3,5,9,10,11,12",,,,,,"H[3,6,9,11,13,18,19,23]|V[0,3,5,9,10,11,12,13]",e1f0e772df9443d724aa36f576d5bb596885ec2d
proposed_nsga2_bs_AT_S_comercial_layout_AW_3_seed_119,proposed_nsga2_bs,AT_S_comercial_layout_AW_3,119,4,auto_from_instance,10,15,3,28,150,,,,,6,3,6,root > V:5 > BH:11 > BH:19 > BH:13 > BH:5 > BV:13,selected,2,inf,True,219,90,129,269.0,1.0,1.0,True,True,1,1,0,True,1,1,0,0,True,True,0,8,8,8,8,3,SS_PF_LS,sampled_pool,,,True,0.3333333333333333,0.32058969796614245,0.6666666666666667,0.1,adaptive,swap_segments,offspring,feasible_start_adaptive_spacing,,,,feasible_start_adaptive_spacing,0.5,,True,auto_from_instance,0.75,0.35,"3,9,18,19,23","0,3,5,9,10,11,12",,,,,,"H[3,5,9,11,13,18,19,23]|V[0,3,5,9,10,11,12,13]",361bb52554a2fcb654b86685853f5d1bd947356c
proposed_nsga2_bs_AT_S_comercial_layout_AW_3_seed_119,proposed_nsga2_bs,AT_S_comercial_layout_AW_3,119,4,auto_from_instance,10,15,3,28,150,,,,,7,6,5,root > H:6 > BH:15 > BV:3 > BV:9 > BH:22,selected,0,inf,True,228,98,130,126.0,1.0,1.0,True,True,3,3,0,False,1,1,0,0,True,True,0,10,6,10,6,6,PF_SS,sampled_pool,,,True,0.3333333333333333,0.24950170368503055,0.6666666666666667,0.1,adaptive,spacing_aware_flip,offspring,feasible_start_adaptive_spacing,,,,feasible_start_adaptive_spacing,0.5,,True,auto_from_instance,0.75,0.35,"0,1,4,6,10,11,15,16,19,22","3,9,10,11,12,17",,,,,,"H[0,1,4,6,10,11,15,16,19,22]|V[3,9,10,11,12,17]",ff831007d2cb19c27f4223a274bf22a7edbbf53e
proposed_nsga2_bs_AT_S_comercial_layout_AW_3_seed_119,proposed_nsga2_bs,AT_S_comercial_layout_AW_3,119,4,auto_from_instance,10,15,3,28,150,,,,,8,6,5,root > H:6 > BH:16 > BV:3 > BV:9 > BH:22,selected,1,inf,True,228,98,130,206.0,1.0,1.0,True,True,3,3,0,False,1,1,0,0,True,True,0,10,6,10,6,6,PF_SS,sampled_pool,,,True,0.3333333333333333,0.24950170368503055,0.6666666666666667,0.1,adaptive,spacing_aware_flip,offspring,feasible_start_adaptive_spacing,,,,feasible_start_adaptive_spacing,0.5,,True,auto_from_instance,0.75,0.35,"0,1,4,6,10,11,15,16,19,22","3,9,10,11,12,17",,,,,,"H[0,1,4,6,10,11,15,16,19,22]|V[3,9,10,11,12,17]",3f6c5650382557808c9ce9ea61d9656b41539743
proposed_nsga2_bs_AT_S_comercial_layout_AW_3_seed_119,proposed_nsga2_bs,AT_S_comercial_layout_AW_3,119,4,auto_from_instance,10,15,3,28,150,,,,,9,7,6,root > V:6 > BH:11 > BV:13 > BH:19 > BH:13 > BH:7,selected,1,inf,True,213,98,115,319.0,1.0,1.0,True,True,1,1,0,True,1,1,0,0,True,True,0,11,6,11,6,7,LS_SS,sampled_pool,,,True,0.3333333333333333,0.2989581206388507,0.6666666666666667,0.1,adaptive,spacing_aware_flip,offspring,feasible_start_adaptive_spacing,,,,feasible_start_adaptive_spacing,0.5,,True,auto_from_instance,0.75,0.35,"0,4,6,10,11,17,18,22","6,9,10,11,12",,,,,,"H[0,4,6,7,10,11,13,17,18,19,22]|V[6,9,10,11,12,13]",23ef570038b4a2e4003284fcf16d928fbd63ba52
proposed_nsga2_bs_AT_S_comercial_layout_AW_3_seed_119,proposed_nsga2_bs,AT_S_comercial_layout_AW_3,119,4,auto_from_instance,10,15,3,28,150,,,,,10,7,6,root > V:6 > BH:11 > BV:13 > BH:19 > BH:12 > BH:3,selected,1,inf,True,213,97,116,186.0,1.0,1.0,True,True,1,1,0,True,1,1,0,0,True,True,0,11,6,11,6,7,LS_SS,sampled_pool,,,True,0.3333333333333333,0.2989581206388507,0.6666666666666667,0.1,adaptive,spacing_aware_flip,offspring,feasible_start_adaptive_spacing,,,,feasible_start_adaptive_spacing,0.5,,True,auto_from_instance,0.75,0.35,"0,4,6,10,11,17,18,22","6,9,10,11,12",,,,,,"H[0,3,4,6,10,11,12,17,18,19,22]|V[6,9,10,11,12,13]",b4012e63027e98af1c9b903c6073f2c7d839fa07
proposed_nsga2_bs_AT_S_comercial_layout_AW_3_seed_119,proposed_nsga2_bs,AT_S_comercial_layout_AW_3,119,4,auto_from_instance,10,15,3,28,150,,,,,11,7,6,root > V:6 > BH:11 > BV:13 > BH:18 > BH:12 > BH:3,selected,1,inf,True,213,97,116,186.0,1.0,1.0,True,True,1,1,0,True,1,1,0,0,True,True,0,10,6,10,6,7,LS_SS,sampled_pool,,,True,0.3333333333333333,0.2989581206388507,0.6666666666666667,0.1,adaptive,spacing_aware_flip,offspring,feasible_start_adaptive_spacing,,,,feasible_start_adaptive_spacing,0.5,,True,auto_from_instance,0.75,0.35,"0,4,6,10,11,17,18,22","6,9,10,11,12",,,,,,"H[0,3,4,6,10,11,12,17,18,22]|V[6,9,10,11,12,13]",5d31a8ee0a0514c37e90291823b55cfda5397753
proposed_nsga2_bs_AT_S_comercial_layout_AW_3_seed_119,proposed_nsga2_bs,AT_S_comercial_layout_AW_3,119,5,auto_from_instance,10,15,3,28,150,,,,,1,1,6,root > V:6 > BH:11 > BH:19 > BH:12 > BH:3 > BV:13,selected,1,inf,True,213,97,116,186.0,1.0,1.0,True,True,1,1,0,True,1,1,0,0,True,True,0,10,7,10,7,1,SS,sampled_pool,,,True,0.4,0.46623920615153563,0.6,0.1,adaptive,spacing_aware_flip,offspring,feasible_start_adaptive_spacing,,,,feasible_start_adaptive_spacing,0.5,,True,auto_from_instance,0.75,0.35,"0,3,9,10,11,12,17,18,22","6,9,10,11,12,13,16",,,,,,"H[0,3,9,10,11,12,17,18,19,22]|V[6,9,10,11,12,13,16]",b4012e63027e98af1c9b903c6073f2c7d839fa07
proposed_nsga2_bs_AT_S_comercial_layout_AW_3_seed_119,proposed_nsga2_bs,AT_S_comercial_layout_AW_3,119,5,auto_from_instance,10,15,3,28,150,,,,,2,1,6,root > V:6 > BH:11 > BH:18 > BH:12 > BH:3 > BV:13,evaluated,1,0.0,False,213,97,116,186.0,1.0,1.0,True,True,1,1,0,True,1,1,0,0,True,True,0,9,7,9,7,1,SS,sampled_pool,,,True,0.4,0.46623920615153563,0.6,0.1,adaptive,spacing_aware_flip,offspring,feasible_start_adaptive_spacing,,,,feasible_start_adaptive_spacing,0.5,,True,auto_from_instance,0.75,0.35,"0,3,9,10,11,12,17,18,22","6,9,10,11,12,13,16",,,,,,"H[0,3,9,10,11,12,17,18,22]|V[6,9,10,11,12,13,16]",5d31a8ee0a0514c37e90291823b55cfda5397753
proposed_nsga2_bs_AT_S_comercial_layout_AW_3_seed_119,proposed_nsga2_bs,AT_S_comercial_layout_AW_3,119,5,auto_from_instance,10,15,3,28,150,,,,,3,1,6,root > V:6 > BH:11 > BH:18 > BH:11 > BH:3 > BV:13,selected,1,inf,True,213,97,116,186.0,1.0,1.0,True,True,1,1,0,True,1,1,0,0,True,True,0,9,7,9,7,1,SS,sampled_pool,,,True,0.4,0.46623920615153563,0.6,0.1,adaptive,spacing_aware_flip,offspring,feasible_start_adaptive_spacing,,,,feasible_start_adaptive_spacing,0.5,,True,auto_from_instance,0.75,0.35,"0,3,9,10,11,12,17,18,22","6,9,10,11,12,13,16",,,,,,"H[0,3,9,10,11,12,17,18,22]|V[6,9,10,11,12,13,16]",b095e5b34667b8ab82bbbd111665ed2dfd614c34
proposed_nsga2_bs_AT_S_comercial_layout_AW_3_seed_119,proposed_nsga2_bs,AT_S_comercial_layout_AW_3,119,5,auto_from_instance,10,15,3,28,150,,,,,4,2,4,root > H:6 > BH:19 > BH:13 > BV:6,selected,0,inf,True,246,125,121,220.0,1.0,1.0,True,True,3,3,0,False,1,1,0,0,True,True,0,10,6,10,6,2,LS,sampled_pool,,,False,0.4,0.34615535935278285,0.6,0.1,adaptive,remove_random_aisle,offspring,feasible_start_adaptive_spacing,,,,feasible_start_adaptive_spacing,0.5,,True,auto_from_instance,0.75,0.35,"0,1,3,4,6,11,15,19,22","3,10,11,12,15",,,,,,"H[0,1,3,4,6,11,13,15,19,22]|V[3,6,10,11,12,15]",b7b547cb4691e62927f5ec7084cd7b1a79656bde
proposed_nsga2_bs_AT_S_comercial_layout_AW_3_seed_119,proposed_nsga2_bs,AT_S_comercial_layout_AW_3,119,5,auto_from_instance,10,15,3,28,150,,,,,5,2,4,root > H:6 > BH:19 > BH:12 > BV:6,selected,0,0.0,True,246,125,121,220.0,1.0,1.0,True,True,3,3,0,False,1,1,0,0,True,True,0,10,6,10,6,2,LS,sampled_pool,,,False,0.4,0.34615535935278285,0.6,0.1,adaptive,remove_random_aisle,offspring,feasible_start_adaptive_spacing,,,,feasible_start_adaptive_spacing,0.5,,True,auto_from_instance,0.75,0.35,"0,1,3,4,6,11,15,19,22","3,10,11,12,15",,,,,,"H[0,1,3,4,6,11,12,15,19,22]|V[3,6,10,11,12,15]",8fa87276d2b14fc4f92952c7fc191729e3f9d77e
proposed_nsga2_bs_AT_S_comercial_layout_AW_3_seed_119,proposed_nsga2_bs,AT_S_comercial_layout_AW_3,119,5,auto_from_instance,10,15,3,28,150,,,,,6,2,4,root > H:6 > BH:18 > BH:12 > BV:6,selected,0,inf,True,246,125,121,220.0,1.0,1.0,True,True,3,3,0,False,1,1,0,0,True,True,0,11,6,11,6,2,LS,sampled_pool,,,False,0.4,0.34615535935278285,0.6,0.1,adaptive,remove_random_aisle,offspring,feasible_start_adaptive_spacing,,,,feasible_start_adaptive_spacing,0.5,,True,auto_from_instance,0.75,0.35,"0,1,3,4,6,11,15,19,22","3,10,11,12,15",,,,,,"H[0,1,3,4,6,11,12,15,18,19,22]|V[3,6,10,11,12,15]",e0fad9e658853185297715315da7e4e7f9350fec
proposed_nsga2_bs_AT_S_comercial_layout_AW_3_seed_119,proposed_nsga2_bs,AT_S_comercial_layout_AW_3,119,5,auto_from_instance,10,15,3,28,150,,,,,7,3,4,root > V:3 > BH:11 > BV:10 > BV:9,selected,0,inf,True,225,115,110,149.0,1.0,1.0,True,True,1,1,0,True,1,1,0,0,True,True,0,8,7,8,7,3,PF_LS_RP,sampled_pool,,,False,0.4,0.37050288948232546,0.6,0.1,adaptive,insert_random_aisle,offspring,feasible_start_adaptive_spacing,,,,feasible_start_adaptive_spacing,0.5,,True,auto_from_instance,0.75,0.35,"0,1,4,9,11,15,19,22","3,6,9,10,11,12,17",,,,,,"H[0,1,4,9,11,15,19,22]|V[3,6,9,10,11,12,17]",ae825089721f98e0d9805014401719023ff6a664
proposed_nsga2_bs_AT_S_comercial_layout_AW_3_seed_119,proposed_nsga2_bs,AT_S_comercial_layout_AW_3,119,5,auto_from_instance,10,15,3,28,150,,,,,8,3,4,root > V:3 > BH:11 > BV:9 > BV:9,selected,0,2.049124143183549,True,225,115,110,149.0,1.0,1.0,True,True,1,1,0,True,1,1,0,0,True,True,0,8,7,8,7,3,PF_LS_RP,sampled_pool,,,False,0.4,0.37050288948232546,0.6,0.1,adaptive,insert_random_aisle,offspring,feasible_start_adaptive_spacing,,,,feasible_start_adaptive_spacing,0.5,,True,auto_from_instance,0.75,0.35,"0,1,4,9,11,15,19,22","3,6,9,10,11,12,17",,,,,,"H[0,1,4,9,11,15,19,22]|V[3,6,9,10,11,12,17]",0a75f2b327085dc5778e0a33aad21dbd318e0a85
proposed_nsga2_bs_AT_S_comercial_layout_AW_3_seed_119,proposed_nsga2_bs,AT_S_comercial_layout_AW_3,119,5,auto_from_instance,10,15,3,28,150,,,,,9,3,4,root > V:3 > BH:11 > BV:9 > BV:13,evaluated,3,inf,False,225,93,132,226.0,1.0,1.0,True,True,1,1,0,True,1,1,0,0,True,True,0,8,8,8,8,3,PF_LS_RP,sampled_pool,,,False,0.4,0.37050288948232546,0.6,0.1,adaptive,insert_random_aisle,offspring,feasible_start_adaptive_spacing,,,,feasible_start_adaptive_spacing,0.5,,True,auto_from_instance,0.75,0.35,"0,1,4,9,11,15,19,22","3,6,9,10,11,12,17",,,,,,"H[0,1,4,9,11,15,19,22]|V[3,6,9,10,11,12,13,17]",3fc0967e8cf1acc9db002871d4c6fad00e132dd7
proposed_nsga2_bs_AT_S_comercial_layout_AW_3_seed_119,proposed_nsga2_bs,AT_S_comercial_layout_AW_3,119,5,auto_from_instance,10,15,3,28,150,,,,,10,4,5,root > H:6 > BH:15 > BV:3 > BV:9 > BH:22,selected,1,inf,True,228,98,130,126.0,1.0,1.0,True,True,3,3,0,False,1,1,0,0,True,True,0,10,6,10,6,4,SS_LS_PF,sampled_pool,,,True,0.4,0.48019804267302885,0.6,0.1,adaptive,break_symmetry,offspring,feasible_start_adaptive_spacing,,,,feasible_start_adaptive_spacing,0.5,,True,auto_from_instance,0.75,0.35,"0,1,3,6,10,11,15,16,19,22","3,9,10,11,12,14",,,,,,"H[0,1,3,6,10,11,15,16,19,22]|V[3,9,10,11,12,14]",ff831007d2cb19c27f4223a274bf22a7edbbf53e
proposed_nsga2_bs_AT_S_comercial_layout_AW_3_seed_119,proposed_nsga2_bs,AT_S_comercial_layout_AW_3,119,5,auto_from_instance,10,15,3,28,150,,,,,11,4,5,root > H:6 > BH:16 > BV:3 > BV:9 > BH:22,evaluated,2,inf,False,228,98,130,206.0,1.0,1.0,True,True,3,3,0,False,1,1,0,0,True,True,0,10,6,10,6,4,SS_LS_PF,sampled_pool,,,True,0.4,0.48019804267302885,0.6,0.1,adaptive,break_symmetry,offspring,feasible_start_adaptive_spacing,,,,feasible_start_adaptive_spacing,0.5,,True,auto_from_instance,0.75,0.35,"0,1,3,6,10,11,15,16,19,22","3,9,10,11,12,14",,,,,,"H[0,1,3,6,10,11,15,16,19,22]|V[3,9,10,11,12,14]",3f6c5650382557808c9ce9ea61d9656b41539743
proposed_nsga2_bs_AT_S_comercial_layout_AW_3_seed_119,proposed_nsga2_bs,AT_S_comercial_layout_AW_3,119,5,auto_from_instance,10,15,3,28,150,,,,,12,8,5,root > V:9 > BH:15 > BH:19 > BH:12 > BH:3,selected,0,inf,True,228,105,123,119.0,1.0,1.0,True,True,1,1,0,True,1,1,0,0,True,True,0,10,5,10,5,8,LS_RP,sampled_pool,,,False,0.4,0.384786868744315,0.6,0.1,adaptive,remove_random_aisle,offspring,feasible_start_adaptive_spacing,,,,feasible_start_adaptive_spacing,0.5,,True,auto_from_instance,0.75,0.35,"0,1,4,9,11,15,19,22","9,10,11,12,17",,,,,,"H[0,1,3,4,9,11,12,15,19,22]|V[9,10,11,12,17]",eb8f48412bdb7f859e1436bf5df1bc394e65b1cc
proposed_nsga2_bs_AT_S_comercial_layout_AW_3_seed_119,proposed_nsga2_bs,AT_S_comercial_layout_AW_3,119,5,auto_from_instance,10,15,3,28,150,,,,,13,8,5,root > V:9 > BH:15 > BH:18 > BH:12 > BH:3,selected,0,inf,True,228,105,123,119.0,1.0,1.0,True,True,1,1,0,True,1,1,0,0,True,True,0,11,5,11,5,8,LS_RP,sampled_pool,,,False,0.4,0.384786868744315,0.6,0.1,adaptive,remove_random_aisle,offspring,feasible_start_adaptive_spacing,,,,feasible_start_adaptive_spacing,0.5,,True,auto_from_instance,0.75,0.35,"0,1,4,9,11,15,19,22","9,10,11,12,17",,,,,,"H[0,1,3,4,9,11,12,15,18,19,22]|V[9,10,11,12,17]",2419d620103f0d72682c565eeca0683a70f4bfab
proposed_nsga2_bs_AT_S_comercial_layout_AW_3_seed_119,proposed_nsga2_bs,AT_S_comercial_layout_AW_3,119,5,auto_from_instance,10,15,3,28,150,,,,,14,8,5,root > V:9 > BH:15 > BH:19 > BH:13 > BH:4,evaluated,1,inf,False,228,105,123,164.0,1.0,1.0,True,True,1,1,0,True,1,1,0,0,True,True,0,9,5,9,5,8,LS_RP,sampled_pool,,,False,0.4,0.384786868744315,0.6,0.1,adaptive,remove_random_aisle,offspring,feasible_start_adaptive_spacing,,,,feasible_start_adaptive_spacing,0.5,,True,auto_from_instance,0.75,0.35,"0,1,4,9,11,15,19,22","9,10,11,12,17",,,,,,"H[0,1,4,9,11,13,15,19,22]|V[9,10,11,12,17]",b8566aa01e04dd630860ed39c7876089903ff2d3
proposed_nsga2_bs_AT_S_comercial_layout_AW_3_seed_119,proposed_nsga2_bs,AT_S_comercial_layout_AW_3,119,5,auto_from_instance,10,15,3,28,150,,,,,15,9,6,root > V:6 > BH:11 > BH:19 > BH:13 > BH:4 > BV:13,evaluated,2,inf,False,213,97,116,216.0,1.0,1.0,True,True,1,1,0,True,1,1,0,0,True,True,0,10,7,10,7,9,SS_LS_PF,sampled_pool,,,True,0.4,0.3397480771822098,0.6,0.1,adaptive,bit_flip,offspring,feasible_start_adaptive_spacing,,,,feasible_start_adaptive_spacing,0.5,,True,auto_from_instance,0.75,0.35,"0,1,3,9,11,13,15,19,22","6,9,10,11,12,15",,,,,,"H[0,1,3,4,9,11,13,15,19,22]|V[6,9,10,11,12,13,15]",6239759c614a7b9ff87efeb720362e67b6f850b2
proposed_nsga2_bs_AT_S_comercial_layout_AW_3_seed_119,proposed_nsga2_bs,AT_S_comercial_layout_AW_3,119,6,auto_from_instance,10,15,3,28,150,,,,,1,1,4,root > H:3 > BH:16 > BH:10 > BH:22,selected,0,inf,True,216,120,96,112.0,1.0,1.0,True,True,4,4,0,False,1,1,0,0,True,True,0,11,6,11,6,1,PF_LS_RP,sampled_pool,,,False,0.4666666666666667,0.44178627567530093,0.5333333333333333,0.1,adaptive,swap_segments,offspring,feasible_start_adaptive_spacing,,,,feasible_start_adaptive_spacing,0.5,,True,auto_from_instance,0.75,0.35,"0,3,9,11,12,17,18,19,22","7,10,11,12,13,18",,,,,,"H[0,3,9,10,11,12,16,17,18,19,22]|V[7,10,11,12,13,18]",7e8869a25bbd594ea7bf8339e2c84bdde246ab51
proposed_nsga2_bs_AT_S_comercial_layout_AW_3_seed_119,proposed_nsga2_bs,AT_S_comercial_layout_AW_3,119,6,auto_from_instance,10,15,3,28,150,,,,,2,2,3,root > V:4 > BH:11 > BV:10,selected,3,inf,True,261,102,159,439.0,1.0,1.0,True,True,1,1,0,True,1,1,0,0,True,True,0,12,6,12,6,2,SS_PF_LS,sampled_pool,,,True,0.4666666666666667,0.5170263157663918,0.5333333333333333,0.1,adaptive,swap_segments,offspring,feasible_start_adaptive_spacing,,,,feasible_start_adaptive_spacing,0.5,,True,auto_from_instance,0.75,0.35,"0,1,3,4,9,10,11,12,15,18,19,22","1,4,10,11,12,17",,,,,,"H[0,1,3,4,9,10,11,12,15,18,19,22]|V[1,4,10,11,12,17]",9f743de52d693602543418d64e2fc4d7c070588d
proposed_nsga2_bs_AT_S_comercial_layout_AW_3_seed_119,proposed_nsga2_bs,AT_S_comercial_layout_AW_3,119,6,auto_from_instance,10,15,3,28,150,,,,,3,2,3,root > V:4 > BH:11 > BV:13,evaluated,8,inf,False,261,80,181,461.0,1.0,1.0,True,True,1,1,0,True,1,1,0,0,True,True,0,12,7,12,7,2,SS_PF_LS,sampled_pool,,,True,0.4666666666666667,0.5170263157663918,0.5333333333333333,0.1,adaptive,swap_segments,offspring,feasible_start_adaptive_spacing,,,,feasible_start_adaptive_spacing,0.5,,True,auto_from_instance,0.75,0.35,"0,1,3,4,9,10,11,12,15,18,19,22","1,4,10,11,12,17",,,,,,"H[0,1,3,4,9,10,11,12,15,18,19,22]|V[1,4,10,11,12,13,17]",8bfb9435a515ea468961cbb09b0436e70bfb53b3
proposed_nsga2_bs_AT_S_comercial_layout_AW_3_seed_119,proposed_nsga2_bs,AT_S_comercial_layout_AW_3,119,6,auto_from_instance,10,15,3,28,150,,,,,4,3,4,root > V:3 > BH:11 > BV:10 > BV:9,selected,1,inf,True,225,115,110,149.0,1.0,1.0,True,True,1,1,0,True,1,1,0,0,True,True,0,10,6,10,6,3,LS_RP,sampled_pool,,,False,0.4666666666666667,0.3564263983806606,0.5333333333333333,0.1,adaptive,spacing_aware_flip,offspring,feasible_start_adaptive_spacing,,,,feasible_start_adaptive_spacing,0.5,,True,auto_from_instance,0.75,0.35,"0,1,3,4,9,11,12,15,19,22","3,9,10,11,12,17",,,,,,"H[0,1,3,4,9,11,12,15,19,22]|V[3,9,10,11,12,17]",ae825089721f98e0d9805014401719023ff6a664
proposed_nsga2_bs_AT_S_comercial_layout_AW_3_seed_119,proposed_nsga2_bs,AT_S_comercial_layout_AW_3,119,6,auto_from_instance,10,15,3,28,150,,,,,5,3,4,root > V:3 > BH:11 > BV:9 > BV:9,selected,1,1.7519899048728402,True,225,115,110,149.0,1.0,1.0,True,True,1,1,0,True,1,1,0,0,True,True,0,10,6,10,6,3,LS_RP,sampled_pool,,,False,0.4666666666666667,0.3564263983806606,0.5333333333333333,0.1,adaptive,spacing_aware_flip,offspring,feasible_start_adaptive_spacing,,,,feasible_start_adaptive_spacing,0.5,,True,auto_from_instance,0.75,0.35,"0,1,3,4,9,11,12,15,19,22","3,9,10,11,12,17",,,,,,"H[0,1,3,4,9,11,12,15,19,22]|V[3,9,10,11,12,17]",0a75f2b327085dc5778e0a33aad21dbd318e0a85
proposed_nsga2_bs_AT_S_comercial_layout_AW_3_seed_119,proposed_nsga2_bs,AT_S_comercial_layout_AW_3,119,6,auto_from_instance,10,15,3,28,150,,,,,6,3,4,root > V:3 > BH:11 > BV:9 > BV:13,evaluated,4,inf,False,225,93,132,226.0,1.0,1.0,True,True,1,1,0,True,1,1,0,0,True,True,0,10,7,10,7,3,LS_RP,sampled_pool,,,False,0.4666666666666667,0.3564263983806606,0.5333333333333333,0.1,adaptive,spacing_aware_flip,offspring,feasible_start_adaptive_spacing,,,,feasible_start_adaptive_spacing,0.5,,True,auto_from_instance,0.75,0.35,"0,1,3,4,9,11,12,15,19,22","3,9,10,11,12,17",,,,,,"H[0,1,3,4,9,11,12,15,19,22]|V[3,9,10,11,12,13,17]",3fc0967e8cf1acc9db002871d4c6fad00e132dd7
proposed_nsga2_bs_AT_S_comercial_layout_AW_3_seed_119,proposed_nsga2_bs,AT_S_comercial_layout_AW_3,119,6,auto_from_instance,10,15,3,28,150,,,,,7,4,3,root > H:4 > BH:17 > BH:11,selected,0,inf,True,264,124,140,220.0,1.0,1.0,True,True,3,3,0,False,1,1,0,0,True,True,0,12,5,12,5,4,RP,sampled_pool,,,False,0.4666666666666667,0.44761491235520334,0.5333333333333333,0.1,adaptive,swap_segments,offspring,feasible_start_adaptive_spacing,,,,feasible_start_adaptive_spacing,0.5,,True,auto_from_instance,0.75,0.35,"0,1,3,4,9,11,12,15,18,24,27","9,10,11,12,17",,,,,,"H[0,1,3,4,9,11,12,15,17,18,24,27]|V[9,10,11,12,17]",bff1f598ae060a0390c10f5de0cbed5ac1213ca5
proposed_nsga2_bs_AT_S_comercial_layout_AW_3_seed_119,proposed_nsga2_bs,AT_S_comercial_layout_AW_3,119,6,auto_from_instance,10,15,3,28,150,,,,,8,4,3,root > H:4 > BH:17 > BH:10,selected,1,inf,True,264,120,144,220.0,1.0,1.0,True,True,3,3,0,False,1,1,0,0,True,True,0,13,5,13,5,4,RP,sampled_pool,,,False,0.4666666666666667,0.44761491235520334,0.5333333333333333,0.1,adaptive,swap_segments,offspring,feasible_start_adaptive_spacing,,,,feasible_start_adaptive_spacing,0.5,,True,auto_from_instance,0.75,0.35,"0,1,3,4,9,11,12,15,18,24,27","9,10,11,12,17",,,,,,"H[0,1,3,4,9,10,11,12,15,17,18,24,27]|V[9,10,11,12,17]",faf111ea2d7b61d8d8cfd2201424f26ba114409d
proposed_nsga2_bs_AT_S_comercial_layout_AW_3_seed_119,proposed_nsga2_bs,AT_S_comercial_layout_AW_3,119,6,auto_from_instance,10,15,3,28,150,,,,,9,4,3,root > H:4 > BH:15 > BH:22,evaluated,5,inf,False,264,92,172,284.0,1.0,1.0,True,True,3,3,0,False,1,1,0,0,True,True,0,12,5,12,5,4,RP,sampled_pool,,,False,0.4666666666666667,0.44761491235520334,0.5333333333333333,0.1,adaptive,swap_segments,offspring,feasible_start_adaptive_spacing,,,,feasible_start_adaptive_spacing,0.5,,True,auto_from_instance,0.75,0.35,"0,1,3,4,9,11,12,15,18,24,27","9,10,11,12,17",,,,,,"H[0,1,3,4,9,11,12,15,18,22,24,27]|V[9,10,11,12,17]",9d4f477c70bbe9725bd3f4830375a1732b6b7df2
proposed_nsga2_bs_AT_S_comercial_layout_AW_3_seed_119,proposed_nsga2_bs,AT_S_comercial_layout_AW_3,119,6,auto_from_instance,10,15,3,28,150,,,,,10,6,5,root > H:6 > BH:15 > BV:3 > BV:9 > BH:22,selected,2,inf,True,228,98,130,126.0,1.0,1.0,True,True,3,3,0,False,1,1,0,0,True,True,0,11,7,11,7,6,PF_SS_RP,sampled_pool,,,True,0.4666666666666667,0.4395192012901828,0.5333333333333333,0.1,adaptive,insert_random_aisle,offspring,feasible_start_adaptive_spacing,,,,feasible_start_adaptive_spacing,0.5,,True,auto_from_instance,0.75,0.35,"0,1,3,4,6,9,11,12,15,19,22","6,9,10,11,12,17",,,,,,"H[0,1,3,4,6,9,11,12,15,19,22]|V[3,6,9,10,11,12,17]",ff831007d2cb19c27f4223a274bf22a7edbbf53e
proposed_nsga2_bs_AT_S_comercial_layout_AW_3_seed_119,proposed_nsga2_bs,AT_S_comercial_layout_AW_3,119,6,auto_from_instance,10,15,3,28,150,,,,,11,6,5,root > H:6 > BH:16 > BV:3 > BV:9 > BH:22,evaluated,3,inf,False,228,98,130,206.0,1.0,1.0,True,True,3,3,0,False,1,1,0,0,True,True,0,12,7,12,7,6,PF_SS_RP,sampled_pool,,,True,0.4666666666666667,0.4395192012901828,0.5333333333333333,0.1,adaptive,insert_random_aisle,offspring,feasible_start_adaptive_spacing,,,,feasible_start_adaptive_spacing,0.5,,True,auto_from_instance,0.75,0.35,"0,1,3,4,6,9,11,12,15,19,22","6,9,10,11,12,17",,,,,,"H[0,1,3,4,6,9,11,12,15,16,19,22]|V[3,6,9,10,11,12,17]",3f6c5650382557808c9ce9ea61d9656b41539743
proposed_nsga2_bs_AT_S_comercial_layout_AW_3_seed_119,proposed_nsga2_bs,AT_S_comercial_layout_AW_3,119,6,auto_from_instance,10,15,3,28,150,,,,,12,7,5,root > V:8 > BH:11 > BH:14 > BH:3 > BH:22,evaluated,5,inf,False,234,91,143,240.0,1.0,1.0,True,True,1,1,0,True,1,1,0,0,True,True,0,12,6,12,6,7,SS_PF_LS,sampled_pool,,,True,0.4666666666666667,0.49478763381047824,0.5333333333333333,0.1,adaptive,insert_random_aisle,offspring,feasible_start_adaptive_spacing,,,,feasible_start_adaptive_spacing,0.5,,True,auto_from_instance,0.75,0.35,"0,1,3,4,9,11,12,15,18,19,22","8,9,10,11,12,17",,,,,,"H[0,1,3,4,9,11,12,14,15,18,19,22]|V[8,9,10,11,12,17]",f0d67b4a58638c345a8acfda745e51f90e60fee2
proposed_nsga2_bs_AT_S_comercial_layout_AW_3_seed_119,proposed_nsga2_bs,AT_S_comercial_layout_AW_3,119,6,auto_from_instance,10,15,3,28,150,,,,,13,7,5,root > V:8 > BH:11 > BH:15 > BH:4 > BH:22,evaluated,6,inf,False,234,91,143,256.0,1.0,1.0,True,True,1,1,0,True,1,1,0,0,True,True,0,11,6,11,6,7,SS_PF_LS,sampled_pool,,,True,0.4666666666666667,0.49478763381047824,0.5333333333333333,0.1,adaptive,insert_random_aisle,offspring,feasible_start_adaptive_spacing,,,,feasible_start_adaptive_spacing,0.5,,True,auto_from_instance,0.75,0.35,"0,1,3,4,9,11,12,15,18,19,22","8,9,10,11,12,17",,,,,,"H[0,1,3,4,9,11,12,15,18,19,22]|V[8,9,10,11,12,17]",bfcf659a9d91beb946898cb9421972bf8f946de0
proposed_nsga2_bs_AT_S_comercial_layout_AW_3_seed_119,proposed_nsga2_bs,AT_S_comercial_layout_AW_3,119,6,auto_from_instance,10,15,3,28,150,,,,,14,7,5,root > V:8 > BH:11 > BH:14 > BH:4 > BH:22,evaluated,7,inf,False,234,91,143,280.0,1.0,1.0,True,True,1,1,0,True,1,1,0,0,True,True,0,12,6,12,6,7,SS_PF_LS,sampled_pool,,,True,0.4666666666666667,0.49478763381047824,0.5333333333333333,0.1,adaptive,insert_random_aisle,offspring,feasible_start_adaptive_spacing,,,,feasible_start_adaptive_spacing,0.5,,True,auto_from_instance,0.75,0.35,"0,1,3,4,9,11,12,15,18,19,22","8,9,10,11,12,17",,,,,,"H[0,1,3,4,9,11,12,14,15,18,19,22]|V[8,9,10,11,12,17]",8041f3e1cacc54eeb9862e17ab55e8991f1272f6
proposed_nsga2_bs_AT_S_comercial_layout_AW_3_seed_119,proposed_nsga2_bs,AT_S_comercial_layout_AW_3,119,6,auto_from_instance,10,15,3,28,150,,,,,15,8,5,root > V:9 > BH:15 > BH:19 > BH:12 > BH:3,selected,1,inf,True,228,105,123,119.0,1.0,1.0,True,True,1,1,0,True,1,1,0,0,True,True,0,11,5,11,5,8,PF_LS_RP,sampled_pool,,,False,0.4666666666666667,0.44231108421013415,0.5333333333333333,0.1,adaptive,spacing_aware_flip,offspring,feasible_start_adaptive_spacing,,,,feasible_start_adaptive_spacing,0.5,,True,auto_from_instance,0.75,0.35,"0,1,3,4,9,11,12,15,19,22,27","9,10,11,12,17",,,,,,"H[0,1,3,4,9,11,12,15,19,22,27]|V[9,10,11,12,17]",eb8f48412bdb7f859e1436bf5df1bc394e65b1cc
proposed_nsga2_bs_AT_S_comercial_layout_AW_3_seed_119,proposed_nsga2_bs,AT_S_comercial_layout_AW_3,119,6,auto_from_instance,10,15,3,28,150,,,,,16,8,5,root > V:9 > BH:15 > BH:18 > BH:12 > BH:3,selected,1,inf,True,228,105,123,119.0,1.0,1.0,True,True,1,1,0,True,1,1,0,0,True,True,0,12,5,12,5,8,PF_LS_RP,sampled_pool,,,False,0.4666666666666667,0.44231108421013415,0.5333333333333333,0.1,adaptive,spacing_aware_flip,offspring,feasible_start_adaptive_spacing,,,,feasible_start_adaptive_spacing,0.5,,True,auto_from_instance,0.75,0.35,"0,1,3,4,9,11,12,15,19,22,27","9,10,11,12,17",,,,,,"H[0,1,3,4,9,11,12,15,18,19,22,27]|V[9,10,11,12,17]",2419d620103f0d72682c565eeca0683a70f4bfab
proposed_nsga2_bs_AT_S_comercial_layout_AW_3_seed_119,proposed_nsga2_bs,AT_S_comercial_layout_AW_3,119,6,auto_from_instance,10,15,3,28,150,,,,,17,8,5,root > V:9 > BH:15 > BH:19 > BH:13 > BH:4,selected,2,inf,True,228,105,123,164.0,1.0,1.0,True,True,1,1,0,True,1,1,0,0,True,True,0,12,5,12,5,8,PF_LS_RP,sampled_pool,,,False,0.4666666666666667,0.44231108421013415,0.5333333333333333,0.1,adaptive,spacing_aware_flip,offspring,feasible_start_adaptive_spacing,,,,feasible_start_adaptive_spacing,0.5,,True,auto_from_instance,0.75,0.35,"0,1,3,4,9,11,12,15,19,22,27","9,10,11,12,17",,,,,,"H[0,1,3,4,9,11,12,13,15,19,22,27]|V[9,10,11,12,17]",b8566aa01e04dd630860ed39c7876089903ff2d3
proposed_nsga2_bs_AT_S_comercial_layout_AW_3_seed_119,proposed_nsga2_bs,AT_S_comercial_layout_AW_3,119,7,auto_from_instance,10,15,3,28,150,,,,,1,1,5,root > V:9 > BH:15 > BH:19 > BH:12 > BH:3,selected,1,inf,True,228,105,123,119.0,1.0,1.0,True,True,1,1,0,True,1,1,0,0,True,True,0,12,6,12,6,1,PF_SS,sampled_pool,,,True,0.5333333333333333,0.4970181383108878,0.4666666666666667,0.1,adaptive,insert_random_aisle,offspring,feasible_start_adaptive_spacing,,,,feasible_start_adaptive_spacing,0.5,,True,auto_from_instance,0.75,0.35,"0,1,3,4,9,11,12,15,18,19,22,27","9,10,11,12,13,17",,,,,,"H[0,1,3,4,9,11,12,15,18,19,22,27]|V[9,10,11,12,13,17]",eb8f48412bdb7f859e1436bf5df1bc394e65b1cc
proposed_nsga2_bs_AT_S_comercial_layout_AW_3_seed_119,proposed_nsga2_bs,AT_S_comercial_layout_AW_3,119,7,auto_from_instance,10,15,3,28,150,,,,,2,1,5,root > V:9 > BH:15 > BH:18 > BH:12 > BH:3,selected,1,inf,True,228,105,123,119.0,1.0,1.0,True,True,1,1,0,True,1,1,0,0,True,True,0,12,6,12,6,1,PF_SS,sampled_pool,,,True,0.5333333333333333,0.4970181383108878,0.4666666666666667,0.1,adaptive,insert_random_aisle,offspring,feasible_start_adaptive_spacing,,,,feasible_start_adaptive_spacing,0.5,,True,auto_from_instance,0.75,0.35,"0,1,3,4,9,11,12,15,18,19,22,27","9,10,11,12,13,17",,,,,,"H[0,1,3,4,9,11,12,15,18,19,22,27]|V[9,10,11,12,13,17]",2419d620103f0d72682c565eeca0683a70f4bfab
proposed_nsga2_bs_AT_S_comercial_layout_AW_3_seed_119,proposed_nsga2_bs,AT_S_comercial_layout_AW_3,119,7,auto_from_instance,10,15,3,28,150,,,,,3,1,5,root > V:9 > BH:15 > BH:19 > BH:13 > BH:4,selected,2,inf,True,228,105,123,164.0,1.0,1.0,True,True,1,1,0,True,1,1,0,0,True,True,0,13,6,13,6,1,PF_SS,sampled_pool,,,True,0.5333333333333333,0.4970181383108878,0.4666666666666667,0.1,adaptive,insert_random_aisle,offspring,feasible_start_adaptive_spacing,,,,feasible_start_adaptive_spacing,0.5,,True,auto_from_instance,0.75,0.35,"0,1,3,4,9,11,12,15,18,19,22,27","9,10,11,12,13,17",,,,,,"H[0,1,3,4,9,11,12,13,15,18,19,22,27]|V[9,10,11,12,13,17]",b8566aa01e04dd630860ed39c7876089903ff2d3
proposed_nsga2_bs_AT_S_comercial_layout_AW_3_seed_119,proposed_nsga2_bs,AT_S_comercial_layout_AW_3,119,7,auto_from_instance,10,15,3,28,150,,,,,4,3,3,root > V:0 > BH:11 > BH:19,evaluated,5,inf,False,243,85,158,406.0,1.0,1.0,True,True,1,1,0,True,1,1,0,0,True,True,0,12,6,12,6,3,PF_LS,sampled_pool,,,False,0.5333333333333333,0.5651949994848807,0.4666666666666667,0.1,adaptive,spacing_aware_flip,offspring,feasible_start_adaptive_spacing,,,,feasible_start_adaptive_spacing,0.5,,True,auto_from_instance,0.75,0.35,"0,1,3,4,9,11,12,15,18,19,24,27","0,9,10,11,12,17",,,,,,"H[0,1,3,4,9,11,12,15,18,19,24,27]|V[0,9,10,11,12,17]",c6dfc27680cf9ab70f12f2c8285c75455967f8c9
proposed_nsga2_bs_AT_S_comercial_layout_AW_3_seed_119,proposed_nsga2_bs,AT_S_comercial_layout_AW_3,119,7,auto_from_instance,10,15,3,28,150,,,,,5,3,3,root > V:0 > BH:11 > BH:18,evaluated,4,inf,False,243,85,158,367.0,1.0,1.0,True,True,1,1,0,True,1,1,0,0,True,True,0,12,6,12,6,3,PF_LS,sampled_pool,,,False,0.5333333333333333,0.5651949994848807,0.4666666666666667,0.1,adaptive,spacing_aware_flip,offspring,feasible_start_adaptive_spacing,,,,feasible_start_adaptive_spacing,0.5,,True,auto_from_instance,0.75,0.35,"0,1,3,4,9,11,12,15,18,19,24,27","0,9,10,11,12,17",,,,,,"H[0,1,3,4,9,11,12,15,18,19,24,27]|V[0,9,10,11,12,17]",a06173efc61694b475ed0bb967fdbf0bc28bf0a8
proposed_nsga2_bs_AT_S_comercial_layout_AW_3_seed_119,proposed_nsga2_bs,AT_S_comercial_layout_AW_3,119,7,auto_from_instance,10,15,3,28,150,,,,,6,3,3,root > V:0 > BH:11 > BH:17,evaluated,5,inf,False,243,85,158,406.0,1.0,1.0,True,True,1,1,0,True,1,1,0,0,True,True,0,13,6,13,6,3,PF_LS,sampled_pool,,,False,0.5333333333333333,0.5651949994848807,0.4666666666666667,0.1,adaptive,spacing_aware_flip,offspring,feasible_start_adaptive_spacing,,,,feasible_start_adaptive_spacing,0.5,,True,auto_from_instance,0.75,0.35,"0,1,3,4,9,11,12,15,18,19,24,27","0,9,10,11,12,17",,,,,,"H[0,1,3,4,9,11,12,15,17,18,19,24,27]|V[0,9,10,11,12,17]",3ea2b2cb9290c5d666984c69b16bc63ae932c183
proposed_nsga2_bs_AT_S_comercial_layout_AW_3_seed_119,proposed_nsga2_bs,AT_S_comercial_layout_AW_3,119,7,auto_from_instance,10,15,3,28,150,,,,,7,5,5,root > H:6 > BH:15 > BV:3 > BH:22 > BV:9,selected,2,inf,True,228,98,130,126.0,1.0,1.0,True,True,3,3,0,False,1,1,0,0,True,True,0,12,7,12,7,5,RP,sampled_pool,,,False,0.5333333333333333,0.5457487097963183,0.4666666666666667,0.1,adaptive,spacing_aware_flip,offspring,feasible_start_adaptive_spacing,,,,feasible_start_adaptive_spacing,0.5,,True,auto_from_instance,0.75,0.35,"0,3,6,9,11,12,15,17,18,24,27","7,10,11,12,17",,,,,,"H[0,3,6,9,11,12,15,17,18,22,24,27]|V[3,7,9,10,11,12,17]",ff831007d2cb19c27f4223a274bf22a7edbbf53e
proposed_nsga2_bs_AT_S_comercial_layout_AW_3_seed_119,proposed_nsga2_bs,AT_S_comercial_layout_AW_3,119,7,auto_from_instance,10,15,3,28,150,,,,,8,5,5,root > H:6 > BH:16 > BV:3 > BH:22 > BV:9,evaluated,3,inf,False,228,98,130,206.0,1.0,1.0,True,True,3,3,0,False,1,1,0,0,True,True,0,13,7,13,7,5,RP,sampled_pool,,,False,0.5333333333333333,0.5457487097963183,0.4666666666666667,0.1,adaptive,spacing_aware_flip,offspring,feasible_start_adaptive_spacing,,,,feasible_start_adaptive_spacing,0.5,,True,auto_from_instance,0.75,0.35,"0,3,6,9,11,12,15,17,18,24,27","7,10,11,12,17",,,,,,"H[0,3,6,9,11,12,15,16,17,18,22,24,27]|V[3,7,9,10,11,12,17]",3f6c5650382557808c9ce9ea61d9656b41539743
proposed_nsga2_bs_AT_S_comercial_layout_AW_3_seed_119,proposed_nsga2_bs,AT_S_comercial_layout_AW_3,119,7,auto_from_instance,10,15,3,28,150,,,,,9,6,3,root > V:13 > BH:10 > BH:19,evaluated,5,inf,False,270,81,189,289.0,1.0,1.0,True,True,1,1,0,True,1,1,0,0,True,True,0,13,6,13,6,6,SS,sampled_pool,,,True,0.5333333333333333,0.5049715701765594,0.4666666666666667,0.1,adaptive,swap_segments,offspring,feasible_start_adaptive_spacing,,,,feasible_start_adaptive_spacing,0.5,,True,auto_from_instance,0.75,0.35,"0,1,3,4,9,10,11,12,16,17,18,19,22","9,10,11,12,13,20",,,,,,"H[0,1,3,4,9,10,11,12,16,17,18,19,22]|V[9,10,11,12,13,20]",0ac4c52159625d6770d3c95cf9cf9e7ad787ea34
proposed_nsga2_bs_AT_S_comercial_layout_AW_3_seed_119,proposed_nsga2_bs,AT_S_comercial_layout_AW_3,119,7,auto_from_instance,10,15,3,28,150,,,,,10,6,3,root > V:13 > BH:10 > BH:18,evaluated,5,0.0,False,270,81,189,289.0,1.0,1.0,True,True,1,1,0,True,1,1,0,0,True,True,0,13,6,13,6,6,SS,sampled_pool,,,True,0.5333333333333333,0.5049715701765594,0.4666666666666667,0.1,adaptive,swap_segments,offspring,feasible_start_adaptive_spacing,,,,feasible_start_adaptive_spacing,0.5,,True,auto_from_instance,0.75,0.35,"0,1,3,4,9,10,11,12,16,17,18,19,22","9,10,11,12,13,20",,,,,,"H[0,1,3,4,9,10,11,12,16,17,18,19,22]|V[9,10,11,12,13,20]",0fdd65d05b0d3606e8ffb813119ff3b0f97ba71e
proposed_nsga2_bs_AT_S_comercial_layout_AW_3_seed_119,proposed_nsga2_bs,AT_S_comercial_layout_AW_3,119,7,auto_from_instance,10,15,3,28,150,,,,,11,6,3,root > V:13 > BH:10 > BH:17,evaluated,5,inf,False,270,81,189,289.0,1.0,1.0,True,True,1,1,0,True,1,1,0,0,True,True,0,13,6,13,6,6,SS,sampled_pool,,,True,0.5333333333333333,0.5049715701765594,0.4666666666666667,0.1,adaptive,swap_segments,offspring,feasible_start_adaptive_spacing,,,,feasible_start_adaptive_spacing,0.5,,True,auto_from_instance,0.75,0.35,"0,1,3,4,9,10,11,12,16,17,18,19,22","9,10,11,12,13,20",,,,,,"H[0,1,3,4,9,10,11,12,16,17,18,19,22]|V[9,10,11,12,13,20]",0ec686c7a8222217e01ff5ef54febaac373ccd3a
proposed_nsga2_bs_AT_S_comercial_layout_AW_3_seed_119,proposed_nsga2_bs,AT_S_comercial_layout_AW_3,119,7,auto_from_instance,10,15,3,28,150,,,,,12,7,6,root > V:9 > BH:15 > BH:19 > BH:13 > BH:7 > BV:3,selected,0,inf,True,207,117,90,91.0,1.0,1.0,True,True,1,1,0,True,1,1,0,0,True,True,0,15,7,15,7,7,PF,sampled_pool,,,False,0.5333333333333333,0.568738936336634,0.4666666666666667,0.1,adaptive,bit_flip,offspring,feasible_start_adaptive_spacing,,,,feasible_start_adaptive_spacing,0.5,,True,auto_from_instance,0.75,0.35,"0,1,3,4,9,11,12,15,17,18,24,27","9,10,11,12,17,20",,,,,,"H[0,1,3,4,7,9,11,12,13,15,17,18,19,24,27]|V[3,9,10,11,12,17,20]",9c4c7d4664dd2e14fd3642bd4fca39ea17719fdb
proposed_nsga2_bs_AT_S_comercial_layout_AW_3_seed_119,proposed_nsga2_bs,AT_S_comercial_layout_AW_3,119,7,auto_from_instance,10,15,3,28,150,,,,,13,7,6,root > V:9 > BH:15 > BH:19 > BH:13 > BH:6 > BV:3,selected,0,inf,True,210,114,96,86.0,1.0,1.0,True,True,1,1,0,True,1,1,0,0,True,True,0,15,7,15,7,7,PF,sampled_pool,,,False,0.5333333333333333,0.568738936336634,0.4666666666666667,0.1,adaptive,bit_flip,offspring,feasible_start_adaptive_spacing,,,,feasible_start_adaptive_spacing,0.5,,True,auto_from_instance,0.75,0.35,"0,1,3,4,9,11,12,15,17,18,24,27","9,10,11,12,17,20",,,,,,"H[0,1,3,4,6,9,11,12,13,15,17,18,19,24,27]|V[3,9,10,11,12,17,20]",a3c176d7f40788e3565d6526f1d91ac19fb1f315
proposed_nsga2_bs_AT_S_comercial_layout_AW_3_seed_119,proposed_nsga2_bs,AT_S_comercial_layout_AW_3,119,7,auto_from_instance,10,15,3,28,150,,,,,14,7,6,root > V:9 > BH:15 > BH:19 > BH:12 > BH:6 > BV:3,selected,0,inf,True,210,114,96,86.0,1.0,1.0,True,True,1,1,0,True,1,1,0,0,True,True,0,14,7,14,7,7,PF,sampled_pool,,,False,0.5333333333333333,0.568738936336634,0.4666666666666667,0.1,adaptive,bit_flip,offspring,feasible_start_adaptive_spacing,,,,feasible_start_adaptive_spacing,0.5,,True,auto_from_instance,0.75,0.35,"0,1,3,4,9,11,12,15,17,18,24,27","9,10,11,12,17,20",,,,,,"H[0,1,3,4,6,9,11,12,15,17,18,19,24,27]|V[3,9,10,11,12,17,20]",c562c8bb953d2297d61f115d49e5717b1b8b8d65
proposed_nsga2_bs_AT_S_comercial_layout_AW_3_seed_119,proposed_nsga2_bs,AT_S_comercial_layout_AW_3,119,7,auto_from_instance,10,15,3,28,150,,,,,15,8,6,root > V:5 > BH:11 > BH:19 > BH:13 > BH:7 > BV:13,selected,3,inf,True,219,92,127,286.0,1.0,1.0,True,True,1,1,0,True,1,1,0,0,True,True,0,14,7,14,7,8,PF_RP,sampled_pool,,,False,0.5333333333333333,0.43661521672456316,0.4666666666666667,0.1,adaptive,spacing_aware_flip,offspring,feasible_start_adaptive_spacing,,,,feasible_start_adaptive_spacing,0.5,,True,auto_from_instance,0.75,0.35,"0,1,3,4,9,10,11,12,15,19,22,27","5,9,10,11,12,17",,,,,,"H[0,1,3,4,7,9,10,11,12,13,15,19,22,27]|V[5,9,10,11,12,13,17]",83db31f9197a36d619843bf3d29485607fd03847
proposed_nsga2_bs_AT_S_comercial_layout_AW_3_seed_119,proposed_nsga2_bs,AT_S_comercial_layout_AW_3,119,7,auto_from_instance,10,15,3,28,150,,,,,16,8,6,root > V:5 > BH:11 > BH:19 > BH:13 > BH:6 > BV:13,evaluated,3,1.276190476190476,False,219,91,128,270.0,1.0,1.0,True,True,1,1,0,True,1,1,0,0,True,True,0,14,7,14,7,8,PF_RP,sampled_pool,,,False,0.5333333333333333,0.43661521672456316,0.4666666666666667,0.1,adaptive,spacing_aware_flip,offspring,feasible_start_adaptive_spacing,,,,feasible_start_adaptive_spacing,0.5,,True,auto_from_instance,0.75,0.35,"0,1,3,4,9,10,11,12,15,19,22,27","5,9,10,11,12,17",,,,,,"H[0,1,3,4,6,9,10,11,12,13,15,19,22,27]|V[5,9,10,11,12,13,17]",e1f0e772df9443d724aa36f576d5bb596885ec2d
proposed_nsga2_bs_AT_S_comercial_layout_AW_3_seed_119,proposed_nsga2_bs,AT_S_comercial_layout_AW_3,119,7,auto_from_instance,10,15,3,28,150,,,,,17,8,6,root > V:5 > BH:11 > BH:19 > BH:12 > BH:6 > BV:13,evaluated,3,inf,False,219,91,128,270.0,1.0,1.0,True,True,1,1,0,True,1,1,0,0,True,True,0,13,7,13,7,8,PF_RP,sampled_pool,,,False,0.5333333333333333,0.43661521672456316,0.4666666666666667,0.1,adaptive,spacing_aware_flip,offspring,feasible_start_adaptive_spacing,,,,feasible_start_adaptive_spacing,0.5,,True,auto_from_instance,0.75,0.35,"0,1,3,4,9,10,11,12,15,19,22,27","5,9,10,11,12,17",,,,,,"H[0,1,3,4,6,9,10,11,12,15,19,22,27]|V[5,9,10,11,12,13,17]",6c72f66ef47291931136417cf64cd419a5d3ab85
proposed_nsga2_bs_AT_S_comercial_layout_AW_3_seed_119,proposed_nsga2_bs,AT_S_comercial_layout_AW_3,119,7,auto_from_instance,10,15,3,28,150,,,,,18,9,3,root > H:4 > BH:17 > BH:11,selected,0,inf,True,264,124,140,220.0,1.0,1.0,True,True,3,3,0,False,1,1,0,0,True,True,0,13,5,13,5,9,SS_LS_PF,sampled_pool,,,True,0.5333333333333333,0.5918702667169619,0.4666666666666667,0.1,adaptive,insert_random_aisle,offspring,feasible_start_adaptive_spacing,,,,feasible_start_adaptive_spacing,0.5,,True,auto_from_instance,0.75,0.35,"0,1,3,4,7,9,11,12,15,19,22,27","9,10,11,12,17",,,,,,"H[0,1,3,4,7,9,11,12,15,17,19,22,27]|V[9,10,11,12,17]",bff1f598ae060a0390c10f5de0cbed5ac1213ca5
proposed_nsga2_bs_AT_S_comercial_layout_AW_3_seed_119,proposed_nsga2_bs,AT_S_comercial_layout_AW_3,119,7,auto_from_instance,10,15,3,28,150,,,,,19,9,3,root > H:4 > BH:17 > BH:10,selected,1,inf,True,264,120,144,220.0,1.0,1.0,True,True,3,3,0,False,1,1,0,0,True,True,0,14,5,14,5,9,SS_LS_PF,sampled_pool,,,True,0.5333333333333333,0.5918702667169619,0.4666666666666667,0.1,adaptive,insert_random_aisle,offspring,feasible_start_adaptive_spacing,,,,feasible_start_adaptive_spacing,0.5,,True,auto_from_instance,0.75,0.35,"0,1,3,4,7,9,11,12,15,19,22,27","9,10,11,12,17",,,,,,"H[0,1,3,4,7,9,10,11,12,15,17,19,22,27]|V[9,10,11,12,17]",faf111ea2d7b61d8d8cfd2201424f26ba114409d
proposed_nsga2_bs_AT_S_comercial_layout_AW_3_seed_119,proposed_nsga2_bs,AT_S_comercial_layout_AW_3,119,7,auto_from_instance,10,15,3,28,150,,,,,20,9,3,root > H:4 > BH:15 > BH:22,evaluated,4,inf,False,264,92,172,284.0,1.0,1.0,True,True,3,3,0,False,1,1,0,0,True,True,0,12,5,12,5,9,SS_LS_PF,sampled_pool,,,True,0.5333333333333333,0.5918702667169619,0.4666666666666667,0.1,adaptive,insert_random_aisle,offspring,feasible_start_adaptive_spacing,,,,feasible_start_adaptive_spacing,0.5,,True,auto_from_instance,0.75,0.35,"0,1,3,4,7,9,11,12,15,19,22,27","9,10,11,12,17",,,,,,"H[0,1,3,4,7,9,11,12,15,19,22,27]|V[9,10,11,12,17]",9d4f477c70bbe9725bd3f4830375a1732b6b7df2
proposed_nsga2_bs_AT_S_comercial_layout_AW_3_seed_119,proposed_nsga2_bs,AT_S_comercial_layout_AW_3,119,8,auto_from_instance,10,15,3,28,150,,,,,1,1,5,root > V:9 > BH:15 > BH:19 > BH:12 > BH:3,selected,1,inf,True,228,105,123,119.0,1.0,1.0,True,True,1,1,0,True,1,1,0,0,True,True,0,12,5,12,5,1,PF_SS_RP,sampled_pool,,,True,0.6,0.6603749230543576,0.4,0.1,adaptive,remove_random_aisle,offspring,feasible_start_adaptive_spacing,,,,feasible_start_adaptive_spacing,0.5,,True,auto_from_instance,0.75,0.35,"0,1,3,4,9,11,12,15,18,19,22,27","9,11,12,13,17",,,,,,"H[0,1,3,4,9,11,12,15,18,19,22,27]|V[9,11,12,13,17]",eb8f48412bdb7f859e1436bf5df1bc394e65b1cc
proposed_nsga2_bs_AT_S_comercial_layout_AW_3_seed_119,proposed_nsga2_bs,AT_S_comercial_layout_AW_3,119,8,auto_from_instance,10,15,3,28,150,,,,,2,1,5,root > V:9 > BH:15 > BH:18 > BH:12 > BH:3,selected,1,inf,True,228,105,123,119.0,1.0,1.0,True,True,1,1,0,True,1,1,0,0,True,True,0,12,5,12,5,1,PF_SS_RP,sampled_pool,,,True,0.6,0.6603749230543576,0.4,0.1,adaptive,remove_random_aisle,offspring,feasible_start_adaptive_spacing,,,,feasible_start_adaptive_spacing,0.5,,True,auto_from_instance,0.75,0.35,"0,1,3,4,9,11,12,15,18,19,22,27","9,11,12,13,17",,,,,,"H[0,1,3,4,9,11,12,15,18,19,22,27]|V[9,11,12,13,17]",2419d620103f0d72682c565eeca0683a70f4bfab
proposed_nsga2_bs_AT_S_comercial_layout_AW_3_seed_119,proposed_nsga2_bs,AT_S_comercial_layout_AW_3,119,8,auto_from_instance,10,15,3,28,150,,,,,3,1,5,root > V:9 > BH:15 > BH:19 > BH:13 > BH:4,evaluated,2,inf,False,228,105,123,164.0,1.0,1.0,True,True,1,1,0,True,1,1,0,0,True,True,0,13,5,13,5,1,PF_SS_RP,sampled_pool,,,True,0.6,0.6603749230543576,0.4,0.1,adaptive,remove_random_aisle,offspring,feasible_start_adaptive_spacing,,,,feasible_start_adaptive_spacing,0.5,,True,auto_from_instance,0.75,0.35,"0,1,3,4,9,11,12,15,18,19,22,27","9,11,12,13,17",,,,,,"H[0,1,3,4,9,11,12,13,15,18,19,22,27]|V[9,11,12,13,17]",b8566aa01e04dd630860ed39c7876089903ff2d3
proposed_nsga2_bs_AT_S_comercial_layout_AW_3_seed_119,proposed_nsga2_bs,AT_S_comercial_layout_AW_3,119,8,auto_from_instance,10,15,3,28,150,,,,,4,2,4,root > V:2 > BH:11 > BH:18 > BV:8,selected,0,inf,True,222,120,102,118.0,1.0,1.0,True,True,1,1,0,True,1,1,0,0,True,True,0,15,8,15,8,2,PF_RP,sampled_pool,,,False,0.6,0.5171609320644985,0.4,0.1,adaptive,swap_segments,offspring,feasible_start_adaptive_spacing,,,,feasible_start_adaptive_spacing,0.5,,True,auto_from_instance,0.75,0.35,"0,1,3,4,7,9,11,12,13,15,17,18,19,24,27","2,9,10,11,12,17,20",,,,,,"H[0,1,3,4,7,9,11,12,13,15,17,18,19,24,27]|V[2,8,9,10,11,12,17,20]",c7821f85912c8e5c3b6ca7ddc3262e68ecac8a29
proposed_nsga2_bs_AT_S_comercial_layout_AW_3_seed_119,proposed_nsga2_bs,AT_S_comercial_layout_AW_3,119,8,auto_from_instance,10,15,3,28,150,,,,,5,2,4,root > V:2 > BH:11 > BV:9 > BV:8,selected,0,inf,True,222,120,102,118.0,1.0,1.0,True,True,1,1,0,True,1,1,0,0,True,True,0,15,8,15,8,2,PF_RP,sampled_pool,,,False,0.6,0.5171609320644985,0.4,0.1,adaptive,swap_segments,offspring,feasible_start_adaptive_spacing,,,,feasible_start_adaptive_spacing,0.5,,True,auto_from_instance,0.75,0.35,"0,1,3,4,7,9,11,12,13,15,17,18,19,24,27","2,9,10,11,12,17,20",,,,,,"H[0,1,3,4,7,9,11,12,13,15,17,18,19,24,27]|V[2,8,9,10,11,12,17,20]",819b823d42066f1be4d37e503ecee22d07e5a6b0
proposed_nsga2_bs_AT_S_comercial_layout_AW_3_seed_119,proposed_nsga2_bs,AT_S_comercial_layout_AW_3,119,8,auto_from_instance,10,15,3,28,150,,,,,6,2,4,root > V:2 > BH:11 > BH:19 > BV:8,selected,1,inf,True,222,120,102,151.0,1.0,1.0,True,True,1,1,0,True,1,1,0,0,True,True,0,15,8,15,8,2,PF_RP,sampled_pool,,,False,0.6,0.5171609320644985,0.4,0.1,adaptive,swap_segments,offspring,feasible_start_adaptive_spacing,,,,feasible_start_adaptive_spacing,0.5,,True,auto_from_instance,0.75,0.35,"0,1,3,4,7,9,11,12,13,15,17,18,19,24,27","2,9,10,11,12,17,20",,,,,,"H[0,1,3,4,7,9,11,12,13,15,17,18,19,24,27]|V[2,8,9,10,11,12,17,20]",8ba645c74da6577ac7820f92db785eac755acc05
proposed_nsga2_bs_AT_S_comercial_layout_AW_3_seed_119,proposed_nsga2_bs,AT_S_comercial_layout_AW_3,119,8,auto_from_instance,10,15,3,28,150,,,,,7,3,4,root > V:3 > BH:11 > BV:10 > BV:9,selected,1,1.6517857142857142,True,225,115,110,149.0,1.0,1.0,True,True,1,1,0,True,1,1,0,0,True,True,0,14,7,14,7,3,LS_PF,sampled_pool,,,False,0.6,0.6949010744958838,0.4,0.1,adaptive,bit_flip,offspring,feasible_start_adaptive_spacing,,,,feasible_start_adaptive_spacing,0.5,,True,auto_from_instance,0.75,0.35,"0,3,4,6,9,11,12,13,15,17,18,19,24,27","3,9,10,11,12,16,17",,,,,,"H[0,3,4,6,9,11,12,13,15,17,18,19,24,27]|V[3,9,10,11,12,16,17]",ae825089721f98e0d9805014401719023ff6a664
proposed_nsga2_bs_AT_S_comercial_layout_AW_3_seed_119,proposed_nsga2_bs,AT_S_comercial_layout_AW_3,119,8,auto_from_instance,10,15,3,28,150,,,,,8,3,4,root > V:3 > BH:11 > BV:9 > BV:9,selected,1,1.3482142857142856,True,225,115,110,149.0,1.0,1.0,True,True,1,1,0,True,1,1,0,0,True,True,0,14,7,14,7,3,LS_PF,sampled_pool,,,False,0.6,0.6949010744958838,0.4,0.1,adaptive,bit_flip,offspring,feasible_start_adaptive_spacing,,,,feasible_start_adaptive_spacing,0.5,,True,auto_from_instance,0.75,0.35,"0,3,4,6,9,11,12,13,15,17,18,19,24,27","3,9,10,11,12,16,17",,,,,,"H[0,3,4,6,9,11,12,13,15,17,18,19,24,27]|V[3,9,10,11,12,16,17]",0a75f2b327085dc5778e0a33aad21dbd318e0a85
proposed_nsga2_bs_AT_S_comercial_layout_AW_3_seed_119,proposed_nsga2_bs,AT_S_comercial_layout_AW_3,119,8,auto_from_instance,10,15,3,28,150,,,,,9,3,4,root > V:3 > BH:11 > BV:9 > BV:13,evaluated,4,inf,False,225,93,132,226.0,1.0,1.0,True,True,1,1,0,True,1,1,0,0,True,True,0,14,8,14,8,3,LS_PF,sampled_pool,,,False,0.6,0.6949010744958838,0.4,0.1,adaptive,bit_flip,offspring,feasible_start_adaptive_spacing,,,,feasible_start_adaptive_spacing,0.5,,True,auto_from_instance,0.75,0.35,"0,3,4,6,9,11,12,13,15,17,18,19,24,27","3,9,10,11,12,16,17",,,,,,"H[0,3,4,6,9,11,12,13,15,17,18,19,24,27]|V[3,9,10,11,12,13,16,17]",3fc0967e8cf1acc9db002871d4c6fad00e132dd7
proposed_nsga2_bs_AT_S_comercial_layout_AW_3_seed_119,proposed_nsga2_bs,AT_S_comercial_layout_AW_3,119,8,auto_from_instance,10,15,3,28,150,,,,,10,4,5,root > H:6 > BH:15 > BV:3 > BV:9 > BH:22,evaluated,2,inf,False,228,98,130,126.0,1.0,1.0,True,True,3,3,0,False,1,1,0,0,True,True,0,14,8,14,8,4,SS_LS_PF,sampled_pool,,,True,0.6,0.6643233942005499,0.4,0.1,adaptive,bit_flip,offspring,feasible_start_adaptive_spacing,,,,feasible_start_adaptive_spacing,0.5,,True,auto_from_instance,0.75,0.35,"0,1,2,3,6,9,11,12,15,17,18,22,24,27","3,7,9,10,11,12,17,20",,,,,,"H[0,1,2,3,6,9,11,12,15,17,18,22,24,27]|V[3,7,9,10,11,12,17,20]",ff831007d2cb19c27f4223a274bf22a7edbbf53e
proposed_nsga2_bs_AT_S_comercial_layout_AW_3_seed_119,proposed_nsga2_bs,AT_S_comercial_layout_AW_3,119,8,auto_from_instance,10,15,3,28,150,,,,,11,4,5,root > H:6 > BH:16 > BV:3 > BV:9 > BH:22,evaluated,3,inf,False,228,98,130,206.0,1.0,1.0,True,True,3,3,0,False,1,1,0,0,True,True,0,15,8,15,8,4,SS_LS_PF,sampled_pool,,,True,0.6,0.6643233942005499,0.4,0.1,adaptive,bit_flip,offspring,feasible_start_adaptive_spacing,,,,feasible_start_adaptive_spacing,0.5,,True,auto_from_instance,0.75,0.35,"0,1,2,3,6,9,11,12,15,17,18,22,24,27","3,7,9,10,11,12,17,20",,,,,,"H[0,1,2,3,6,9,11,12,15,16,17,18,22,24,27]|V[3,7,9,10,11,12,17,20]",3f6c5650382557808c9ce9ea61d9656b41539743
proposed_nsga2_bs_AT_S_comercial_layout_AW_3_seed_119,proposed_nsga2_bs,AT_S_comercial_layout_AW_3,119,8,auto_from_instance,10,15,3,28,150,,,,,12,6,4,root > H:6 > BH:19 > BH:13 > BV:6,selected,0,inf,True,246,125,121,220.0,1.0,1.0,True,True,3,3,0,False,1,1,0,0,True,True,0,16,8,16,8,6,PF,sampled_pool,,,False,0.6,0.6240059281472143,0.4,0.1,adaptive,break_symmetry,offspring,feasible_start_adaptive_spacing,,,,feasible_start_adaptive_spacing,0.5,,True,auto_from_instance,0.75,0.35,"0,1,3,4,6,9,11,12,14,15,17,18,19,24,27","3,9,10,11,12,17,20",,,,,,"H[0,1,3,4,6,9,11,12,13,14,15,17,18,19,24,27]|V[3,6,9,10,11,12,17,20]",b7b547cb4691e62927f5ec7084cd7b1a79656bde
proposed_nsga2_bs_AT_S_comercial_layout_AW_3_seed_119,proposed_nsga2_bs,AT_S_comercial_layout_AW_3,119,8,auto_from_instance,10,15,3,28,150,,,,,13,6,4,root > H:6 > BH:19 > BH:12 > BV:6,selected,0,0.0,True,246,125,121,220.0,1.0,1.0,True,True,3,3,0,False,1,1,0,0,True,True,0,15,8,15,8,6,PF,sampled_pool,,,False,0.6,0.6240059281472143,0.4,0.1,adaptive,break_symmetry,offspring,feasible_start_adaptive_spacing,,,,feasible_start_adaptive_spacing,0.5,,True,auto_from_instance,0.75,0.35,"0,1,3,4,6,9,11,12,14,15,17,18,19,24,27","3,9,10,11,12,17,20",,,,,,"H[0,1,3,4,6,9,11,12,14,15,17,18,19,24,27]|V[3,6,9,10,11,12,17,20]",8fa87276d2b14fc4f92952c7fc191729e3f9d77e
proposed_nsga2_bs_AT_S_comercial_layout_AW_3_seed_119,proposed_nsga2_bs,AT_S_comercial_layout_AW_3,119,8,auto_from_instance,10,15,3,28,150,,,,,14,6,4,root > H:6 > BH:18 > BH:12 > BV:6,selected,0,inf,True,246,125,121,220.0,1.0,1.0,True,True,3,3,0,False,1,1,0,0,True,True,0,15,8,15,8,6,PF,sampled_pool,,,False,0.6,0.6240059281472143,0.4,0.1,adaptive,break_symmetry,offspring,feasible_start_adaptive_spacing,,,,feasible_start_adaptive_spacing,0.5,,True,auto_from_instance,0.75,0.35,"0,1,3,4,6,9,11,12,14,15,17,18,19,24,27","3,9,10,11,12,17,20",,,,,,"H[0,1,3,4,6,9,11,12,14,15,17,18,19,24,27]|V[3,6,9,10,11,12,17,20]",e0fad9e658853185297715315da7e4e7f9350fec
proposed_nsga2_bs_AT_S_comercial_layout_AW_3_seed_119,proposed_nsga2_bs,AT_S_comercial_layout_AW_3,119,8,auto_from_instance,10,15,3,28,150,,,,,15,9,6,root > V:5 > BH:11 > BH:19 > BH:13 > BH:7 > BV:13,evaluated,3,inf,False,219,92,127,286.0,1.0,1.0,True,True,1,1,0,True,1,1,0,0,True,True,0,14,7,14,7,9,PF_SS_RP,sampled_pool,,,True,0.6,0.5204500865083772,0.4,0.1,adaptive,bit_flip,offspring,feasible_start_adaptive_spacing,,,,feasible_start_adaptive_spacing,0.5,,True,auto_from_instance,0.75,0.35,"0,1,3,4,7,9,11,12,15,17,19,22,27","5,9,10,11,12,17",,,,,,"H[0,1,3,4,7,9,11,12,13,15,17,19,22,27]|V[5,9,10,11,12,13,17]",83db31f9197a36d619843bf3d29485607fd03847
proposed_nsga2_bs_AT_S_comercial_layout_AW_3_seed_119,proposed_nsga2_bs,AT_S_comercial_layout_AW_3,119,8,auto_from_instance,10,15,3,28,150,,,,,16,9,6,root > V:5 > BH:11 > BH:19 > BH:13 > BH:6 > BV:13,evaluated,3,1.276190476190476,False,219,91,128,270.0,1.0,1.0,True,True,1,1,0,True,1,1,0,0,True,True,0,15,7,15,7,9,PF_SS_RP,sampled_pool,,,True,0.6,0.5204500865083772,0.4,0.1,adaptive,bit_flip,offspring,feasible_start_adaptive_spacing,,,,feasible_start_adaptive_spacing,0.5,,True,auto_from_instance,0.75,0.35,"0,1,3,4,7,9,11,12,15,17,19,22,27","5,9,10,11,12,17",,,,,,"H[0,1,3,4,6,7,9,11,12,13,15,17,19,22,27]|V[5,9,10,11,12,13,17]",e1f0e772df9443d724aa36f576d5bb596885ec2d
proposed_nsga2_bs_AT_S_comercial_layout_AW_3_seed_119,proposed_nsga2_bs,AT_S_comercial_layout_AW_3,119,8,auto_from_instance,10,15,3,28,150,,,,,17,9,6,root > V:5 > BH:11 > BH:19 > BH:12 > BH:6 > BV:13,evaluated,3,inf,False,219,91,128,270.0,1.0,1.0,True,True,1,1,0,True,1,1,0,0,True,True,0,14,7,14,7,9,PF_SS_RP,sampled_pool,,,True,0.6,0.5204500865083772,0.4,0.1,adaptive,bit_flip,offspring,feasible_start_adaptive_spacing,,,,feasible_start_adaptive_spacing,0.5,,True,auto_from_instance,0.75,0.35,"0,1,3,4,7,9,11,12,15,17,19,22,27","5,9,10,11,12,17",,,,,,"H[0,1,3,4,6,7,9,11,12,15,17,19,22,27]|V[5,9,10,11,12,13,17]",6c72f66ef47291931136417cf64cd419a5d3ab85
proposed_nsga2_bs_AT_S_comercial_layout_AW_3_seed_119,proposed_nsga2_bs,AT_S_comercial_layout_AW_3,119,9,auto_from_instance,10,15,3,28,150,,,,,1,1,4,root > V:3 > BH:11 > BV:10 > BV:9,selected,2,inf,True,225,115,110,149.0,1.0,1.0,True,True,1,1,0,True,1,1,0,0,True,True,0,17,8,17,8,1,LS_RP,sampled_pool,,,False,0.6666666666666666,0.7630271266680121,0.33333333333333337,0.1,adaptive,insert_random_aisle,offspring,feasible_start_adaptive_spacing,,,,feasible_start_adaptive_spacing,0.5,,True,auto_from_instance,0.75,0.35,"0,1,3,4,5,6,9,11,12,13,14,15,17,18,19,24,27","3,6,9,10,11,12,17,20",,,,,,"H[0,1,3,4,5,6,9,11,12,13,14,15,17,18,19,24,27]|V[3,6,9,10,11,12,17,20]",ae825089721f98e0d9805014401719023ff6a664
proposed_nsga2_bs_AT_S_comercial_layout_AW_3_seed_119,proposed_nsga2_bs,AT_S_comercial_layout_AW_3,119,9,auto_from_instance,10,15,3,28,150,,,,,2,1,4,root > V:3 > BH:11 > BV:9 > BV:9,selected,2,inf,True,225,115,110,149.0,1.0,1.0,True,True,1,1,0,True,1,1,0,0,True,True,0,17,8,17,8,1,LS_RP,sampled_pool,,,False,0.6666666666666666,0.7630271266680121,0.33333333333333337,0.1,adaptive,insert_random_aisle,offspring,feasible_start_adaptive_spacing,,,,feasible_start_adaptive_spacing,0.5,,True,auto_from_instance,0.75,0.35,"0,1,3,4,5,6,9,11,12,13,14,15,17,18,19,24,27","3,6,9,10,11,12,17,20",,,,,,"H[0,1,3,4,5,6,9,11,12,13,14,15,17,18,19,24,27]|V[3,6,9,10,11,12,17,20]",0a75f2b327085dc5778e0a33aad21dbd318e0a85
proposed_nsga2_bs_AT_S_comercial_layout_AW_3_seed_119,proposed_nsga2_bs,AT_S_comercial_layout_AW_3,119,9,auto_from_instance,10,15,3,28,150,,,,,3,1,4,root > V:3 > BH:11 > BV:9 > BV:13,evaluated,5,inf,False,225,93,132,226.0,1.0,1.0,True,True,1,1,0,True,1,1,0,0,True,True,0,17,9,17,9,1,LS_RP,sampled_pool,,,False,0.6666666666666666,0.7630271266680121,0.33333333333333337,0.1,adaptive,insert_random_aisle,offspring,feasible_start_adaptive_spacing,,,,feasible_start_adaptive_spacing,0.5,,True,auto_from_instance,0.75,0.35,"0,1,3,4,5,6,9,11,12,13,14,15,17,18,19,24,27","3,6,9,10,11,12,17,20",,,,,,"H[0,1,3,4,5,6,9,11,12,13,14,15,17,18,19,24,27]|V[3,6,9,10,11,12,13,17,20]",3fc0967e8cf1acc9db002871d4c6fad00e132dd7
proposed_nsga2_bs_AT_S_comercial_layout_AW_3_seed_119,proposed_nsga2_bs,AT_S_comercial_layout_AW_3,119,9,auto_from_instance,10,15,3,28,150,,,,,4,3,4,root > V:2 > BH:11 > BH:18 > BV:8,selected,0,inf,True,222,120,102,118.0,1.0,1.0,True,True,1,1,0,True,1,1,0,0,True,True,0,15,9,15,9,3,PF_RP,sampled_pool,,,False,0.6666666666666666,0.7227207729080958,0.33333333333333337,0.1,adaptive,spacing_aware_flip,offspring,feasible_start_adaptive_spacing,,,,feasible_start_adaptive_spacing,0.5,,True,auto_from_instance,0.75,0.35,"0,1,3,4,7,9,11,12,13,15,17,18,19,24,27","2,5,9,10,11,12,17,20",,,,,,"H[0,1,3,4,7,9,11,12,13,15,17,18,19,24,27]|V[2,5,8,9,10,11,12,17,20]",c7821f85912c8e5c3b6ca7ddc3262e68ecac8a29
proposed_nsga2_bs_AT_S_comercial_layout_AW_3_seed_119,proposed_nsga2_bs,AT_S_comercial_layout_AW_3,119,9,auto_from_instance,10,15,3,28,150,,,,,5,3,4,root > V:2 > BH:11 > BV:9 > BV:8,selected,0,inf,True,222,120,102,118.0,1.0,1.0,True,True,1,1,0,True,1,1,0,0,True,True,0,15,9,15,9,3,PF_RP,sampled_pool,,,False,0.6666666666666666,0.7227207729080958,0.33333333333333337,0.1,adaptive,spacing_aware_flip,offspring,feasible_start_adaptive_spacing,,,,feasible_start_adaptive_spacing,0.5,,True,auto_from_instance,0.75,0.35,"0,1,3,4,7,9,11,12,13,15,17,18,19,24,27","2,5,9,10,11,12,17,20",,,,,,"H[0,1,3,4,7,9,11,12,13,15,17,18,19,24,27]|V[2,5,8,9,10,11,12,17,20]",819b823d42066f1be4d37e503ecee22d07e5a6b0
proposed_nsga2_bs_AT_S_comercial_layout_AW_3_seed_119,proposed_nsga2_bs,AT_S_comercial_layout_AW_3,119,9,auto_from_instance,10,15,3,28,150,,,,,6,3,4,root > V:2 > BH:11 > BH:19 > BV:8,selected,1,inf,True,222,120,102,151.0,1.0,1.0,True,True,1,1,0,True,1,1,0,0,True,True,0,15,9,15,9,3,PF_RP,sampled_pool,,,False,0.6666666666666666,0.7227207729080958,0.33333333333333337,0.1,adaptive,spacing_aware_flip,offspring,feasible_start_adaptive_spacing,,,,feasible_start_adaptive_spacing,0.5,,True,auto_from_instance,0.75,0.35,"0,1,3,4,7,9,11,12,13,15,17,18,19,24,27","2,5,9,10,11,12,17,20",,,,,,"H[0,1,3,4,7,9,11,12,13,15,17,18,19,24,27]|V[2,5,8,9,10,11,12,17,20]",8ba645c74da6577ac7820f92db785eac755acc05
proposed_nsga2_bs_AT_S_comercial_layout_AW_3_seed_119,proposed_nsga2_bs,AT_S_comercial_layout_AW_3,119,9,auto_from_instance,10,15,3,28,150,,,,,7,5,5,root > V:9 > BH:15 > BH:19 > BH:12 > BH:3,selected,2,inf,True,228,105,123,119.0,1.0,1.0,True,True,1,1,0,True,1,1,0,0,True,True,0,15,6,15,6,5,PF_SS_RP,sampled_pool,,,True,0.6666666666666666,0.6975578823523493,0.33333333333333337,0.1,adaptive,remove_random_aisle,offspring,feasible_start_adaptive_spacing,,,,feasible_start_adaptive_spacing,0.5,,True,auto_from_instance,0.75,0.35,"0,1,3,4,7,9,11,12,14,15,17,18,19,24,27","9,10,11,12,17,20",,,,,,"H[0,1,3,4,7,9,11,12,14,15,17,18,19,24,27]|V[9,10,11,12,17,20]",eb8f48412bdb7f859e1436bf5df1bc394e65b1cc
proposed_nsga2_bs_AT_S_comercial_layout_AW_3_seed_119,proposed_nsga2_bs,AT_S_comercial_layout_AW_3,119,9,auto_from_instance,10,15,3,28,150,,,,,8,5,5,root > V:9 > BH:15 > BH:18 > BH:12 > BH:3,selected,2,inf,True,228,105,123,119.0,1.0,1.0,True,True,1,1,0,True,1,1,0,0,True,True,0,15,6,15,6,5,PF_SS_RP,sampled_pool,,,True,0.6666666666666666,0.6975578823523493,0.33333333333333337,0.1,adaptive,remove_random_aisle,offspring,feasible_start_adaptive_spacing,,,,feasible_start_adaptive_spacing,0.5,,True,auto_from_instance,0.75,0.35,"0,1,3,4,7,9,11,12,14,15,17,18,19,24,27","9,10,11,12,17,20",,,,,,"H[0,1,3,4,7,9,11,12,14,15,17,18,19,24,27]|V[9,10,11,12,17,20]",2419d620103f0d72682c565eeca0683a70f4bfab
proposed_nsga2_bs_AT_S_comercial_layout_AW_3_seed_119,proposed_nsga2_bs,AT_S_comercial_layout_AW_3,119,9,auto_from_instance,10,15,3,28,150,,,,,9,5,5,root > V:9 > BH:15 > BH:19 > BH:13 > BH:4,evaluated,3,inf,False,228,105,123,164.0,1.0,1.0,True,True,1,1,0,True,1,1,0,0,True,True,0,16,6,16,6,5,PF_SS_RP,sampled_pool,,,True,0.6666666666666666,0.6975578823523493,0.33333333333333337,0.1,adaptive,remove_random_aisle,offspring,feasible_start_adaptive_spacing,,,,feasible_start_adaptive_spacing,0.5,,True,auto_from_instance,0.75,0.35,"0,1,3,4,7,9,11,12,14,15,17,18,19,24,27","9,10,11,12,17,20",,,,,,"H[0,1,3,4,7,9,11,12,13,14,15,17,18,19,24,27]|V[9,10,11,12,17,20]",b8566aa01e04dd630860ed39c7876089903ff2d3
proposed_nsga2_bs_AT_S_comercial_layout_AW_3_seed_119,proposed_nsga2_bs,AT_S_comercial_layout_AW_3,119,9,auto_from_instance,10,15,3,28,150,,,,,10,7,5,root > H:6 > BH:16 > BV:3 > BH:22 > BV:9,evaluated,4,inf,False,228,98,130,206.0,1.0,1.0,True,True,3,3,0,False,1,1,0,0,True,True,0,17,8,17,8,7,RP_LS,sampled_pool,,,False,0.6666666666666666,0.7194135719765835,0.33333333333333337,0.1,adaptive,remove_random_aisle,offspring,feasible_start_adaptive_spacing,,,,feasible_start_adaptive_spacing,0.5,,True,auto_from_instance,0.75,0.35,"0,1,3,4,6,9,11,12,13,15,17,18,19,24,27","3,6,9,10,11,12,17,20",,,,,,"H[0,1,3,4,6,9,11,12,13,15,16,17,18,19,22,24,27]|V[3,6,9,10,11,12,17,20]",3f6c5650382557808c9ce9ea61d9656b41539743
proposed_nsga2_bs_AT_S_comercial_layout_AW_3_seed_119,proposed_nsga2_bs,AT_S_comercial_layout_AW_3,119,9,auto_from_instance,10,15,3,28,150,,,,,11,9,4,root > V:2 > BH:11 > BV:9 > BH:18,selected,0,inf,True,222,115,107,74.0,1.0,1.0,True,True,1,1,0,True,1,1,0,0,True,True,0,15,8,15,8,9,RP_LS,sampled_pool,,,False,0.6666666666666666,0.5899467570586862,0.33333333333333337,0.1,adaptive,break_symmetry,offspring,feasible_start_adaptive_spacing,,,,feasible_start_adaptive_spacing,0.5,,True,auto_from_instance,0.75,0.35,"0,1,3,4,7,9,11,12,13,15,17,18,19,24,27","2,8,9,10,11,13,17,20",,,,,,"H[0,1,3,4,7,9,11,12,13,15,17,18,19,24,27]|V[2,8,9,10,11,13,17,20]",313e3f681b33bc30f90444b0b1b5dd821fed5c79
proposed_nsga2_bs_AT_S_comercial_layout_AW_3_seed_119,proposed_nsga2_bs,AT_S_comercial_layout_AW_3,119,9,auto_from_instance,10,15,3,28,150,,,,,12,9,4,root > V:2 > BH:11 > BV:9 > BV:9,selected,0,inf,True,222,115,107,74.0,1.0,1.0,True,True,1,1,0,True,1,1,0,0,True,True,0,15,8,15,8,9,RP_LS,sampled_pool,,,False,0.6666666666666666,0.5899467570586862,0.33333333333333337,0.1,adaptive,break_symmetry,offspring,feasible_start_adaptive_spacing,,,,feasible_start_adaptive_spacing,0.5,,True,auto_from_instance,0.75,0.35,"0,1,3,4,7,9,11,12,13,15,17,18,19,24,27","2,8,9,10,11,13,17,20",,,,,,"H[0,1,3,4,7,9,11,12,13,15,17,18,19,24,27]|V[2,8,9,10,11,13,17,20]",b41b2678f47c3e9bfe9aa6316c7790f5ace7089f
proposed_nsga2_bs_AT_S_comercial_layout_AW_3_seed_119,proposed_nsga2_bs,AT_S_comercial_layout_AW_3,119,9,auto_from_instance,10,15,3,28,150,,,,,13,9,4,root > V:2 > BH:11 > BV:9 > BH:19,selected,1,inf,True,222,115,107,107.0,1.0,1.0,True,True,1,1,0,True,1,1,0,0,True,True,0,15,8,15,8,9,RP_LS,sampled_pool,,,False,0.6666666666666666,0.5899467570586862,0.33333333333333337,0.1,adaptive,break_symmetry,offspring,feasible_start_adaptive_spacing,,,,feasible_start_adaptive_spacing,0.5,,True,auto_from_instance,0.75,0.35,"0,1,3,4,7,9,11,12,13,15,17,18,19,24,27","2,8,9,10,11,13,17,20",,,,,,"H[0,1,3,4,7,9,11,12,13,15,17,18,19,24,27]|V[2,8,9,10,11,13,17,20]",a13494f6aa090e10b6ffeff3cbd3e8aae05c5505
proposed_nsga2_bs_AT_S_comercial_layout_AW_3_seed_119,proposed_nsga2_bs,AT_S_comercial_layout_AW_3,119,10,auto_from_instance,10,15,3,28,150,,,,,1,1,5,root > H:6 > BH:15 > BV:3 > BV:9 > BH:22,selected,2,inf,True,228,98,130,126.0,1.0,1.0,True,True,3,3,0,False,1,1,0,0,True,True,0,17,10,17,10,1,SS_LS_PF,sampled_pool,,,True,0.7333333333333333,0.7966049617511337,0.2666666666666667,0.1,adaptive,spacing_aware_flip,offspring,feasible_start_adaptive_spacing,,,,feasible_start_adaptive_spacing,0.5,,True,auto_from_instance,0.75,0.35,"0,1,3,4,6,7,9,11,12,13,15,17,18,19,24,27","2,5,8,9,10,11,12,17,20",,,,,,"H[0,1,3,4,6,7,9,11,12,13,15,17,18,19,22,24,27]|V[2,3,5,8,9,10,11,12,17,20]",ff831007d2cb19c27f4223a274bf22a7edbbf53e
proposed_nsga2_bs_AT_S_comercial_layout_AW_3_seed_119,proposed_nsga2_bs,AT_S_comercial_layout_AW_3,119,10,auto_from_instance,10,15,3,28,150,,,,,2,1,5,root > H:6 > BH:16 > BV:3 > BV:9 > BH:22,evaluated,3,inf,False,228,98,130,206.0,1.0,1.0,True,True,3,3,0,False,1,1,0,0,True,True,0,18,10,18,10,1,SS_LS_PF,sampled_pool,,,True,0.7333333333333333,0.7966049617511337,0.2666666666666667,0.1,adaptive,spacing_aware_flip,offspring,feasible_start_adaptive_spacing,,,,feasible_start_adaptive_spacing,0.5,,True,auto_from_instance,0.75,0.35,"0,1,3,4,6,7,9,11,12,13,15,17,18,19,24,27","2,5,8,9,10,11,12,17,20",,,,,,"H[0,1,3,4,6,7,9,11,12,13,15,16,17,18,19,22,24,27]|V[2,3,5,8,9,10,11,12,17,20]",3f6c5650382557808c9ce9ea61d9656b41539743
proposed_nsga2_bs_AT_S_comercial_layout_AW_3_seed_119,proposed_nsga2_bs,AT_S_comercial_layout_AW_3,119,10,auto_from_instance,10,15,3,28,150,,,,,3,2,4,root > V:2 > BH:11 > BH:19 > BV:8,selected,1,inf,True,222,120,102,151.0,1.0,1.0,True,True,1,1,0,True,1,1,0,0,True,True,0,15,7,15,7,2,LS_PF,sampled_pool,,,False,0.7333333333333333,0.7352231552604546,0.2666666666666667,0.1,adaptive,remove_random_aisle,offspring,feasible_start_adaptive_spacing,,,,feasible_start_adaptive_spacing,0.5,,True,auto_from_instance,0.75,0.35,"0,1,3,4,7,9,11,12,13,15,17,18,19,24,27","2,8,9,11,13,17,20",,,,,,"H[0,1,3,4,7,9,11,12,13,15,17,18,19,24,27]|V[2,8,9,11,13,17,20]",8ba645c74da6577ac7820f92db785eac755acc05
proposed_nsga2_bs_AT_S_comercial_layout_AW_3_seed_119,proposed_nsga2_bs,AT_S_comercial_layout_AW_3,119,10,auto_from_instance,10,15,3,28,150,,,,,4,2,4,root > V:2 > BH:11 > BH:18 > BV:8,selected,0,inf,True,222,120,102,118.0,1.0,1.0,True,True,1,1,0,True,1,1,0,0,True,True,0,15,7,15,7,2,LS_PF,sampled_pool,,,False,0.7333333333333333,0.7352231552604546,0.2666666666666667,0.1,adaptive,remove_random_aisle,offspring,feasible_start_adaptive_spacing,,,,feasible_start_adaptive_spacing,0.5,,True,auto_from_instance,0.75,0.35,"0,1,3,4,7,9,11,12,13,15,17,18,19,24,27","2,8,9,11,13,17,20",,,,,,"H[0,1,3,4,7,9,11,12,13,15,17,18,19,24,27]|V[2,8,9,11,13,17,20]",c7821f85912c8e5c3b6ca7ddc3262e68ecac8a29
proposed_nsga2_bs_AT_S_comercial_layout_AW_3_seed_119,proposed_nsga2_bs,AT_S_comercial_layout_AW_3,119,10,auto_from_instance,10,15,3,28,150,,,,,5,2,4,root > V:2 > BH:11 > BH:17 > BV:8,selected,1,inf,True,222,120,102,151.0,1.0,1.0,True,True,1,1,0,True,1,1,0,0,True,True,0,15,7,15,7,2,LS_PF,sampled_pool,,,False,0.7333333333333333,0.7352231552604546,0.2666666666666667,0.1,adaptive,remove_random_aisle,offspring,feasible_start_adaptive_spacing,,,,feasible_start_adaptive_spacing,0.5,,True,auto_from_instance,0.75,0.35,"0,1,3,4,7,9,11,12,13,15,17,18,19,24,27","2,8,9,11,13,17,20",,,,,,"H[0,1,3,4,7,9,11,12,13,15,17,18,19,24,27]|V[2,8,9,11,13,17,20]",2035ca093874466b8e7b1e9f7aa71b738528a47d
proposed_nsga2_bs_AT_S_comercial_layout_AW_3_seed_119,proposed_nsga2_bs,AT_S_comercial_layout_AW_3,119,10,auto_from_instance,10,15,3,28,150,,,,,6,3,4,root > V:3 > BH:11 > BV:10 > BV:9,selected,2,inf,True,225,115,110,149.0,1.0,1.0,True,True,1,1,0,True,1,1,0,0,True,True,0,15,8,15,8,3,LS_PF,sampled_pool,,,False,0.7333333333333333,0.7640602422305985,0.2666666666666667,0.1,adaptive,break_symmetry,offspring,feasible_start_adaptive_spacing,,,,feasible_start_adaptive_spacing,0.5,,True,auto_from_instance,0.75,0.35,"0,1,3,4,7,9,11,12,13,15,16,18,19,24,27","3,6,9,10,11,12,17,20",,,,,,"H[0,1,3,4,7,9,11,12,13,15,16,18,19,24,27]|V[3,6,9,10,11,12,17,20]",ae825089721f98e0d9805014401719023ff6a664
proposed_nsga2_bs_AT_S_comercial_layout_AW_3_seed_119,proposed_nsga2_bs,AT_S_comercial_layout_AW_3,119,10,auto_from_instance,10,15,3,28,150,,,,,7,3,4,root > V:3 > BH:11 > BV:9 > BV:9,selected,2,inf,True,225,115,110,149.0,1.0,1.0,True,True,1,1,0,True,1,1,0,0,True,True,0,15,8,15,8,3,LS_PF,sampled_pool,,,False,0.7333333333333333,0.7640602422305985,0.2666666666666667,0.1,adaptive,break_symmetry,offspring,feasible_start_adaptive_spacing,,,,feasible_start_adaptive_spacing,0.5,,True,auto_from_instance,0.75,0.35,"0,1,3,4,7,9,11,12,13,15,16,18,19,24,27","3,6,9,10,11,12,17,20",,,,,,"H[0,1,3,4,7,9,11,12,13,15,16,18,19,24,27]|V[3,6,9,10,11,12,17,20]",0a75f2b327085dc5778e0a33aad21dbd318e0a85
proposed_nsga2_bs_AT_S_comercial_layout_AW_3_seed_119,proposed_nsga2_bs,AT_S_comercial_layout_AW_3,119,10,auto_from_instance,10,15,3,28,150,,,,,8,3,4,root > V:3 > BH:11 > BV:9 > BV:13,evaluated,4,inf,False,225,93,132,226.0,1.0,1.0,True,True,1,1,0,True,1,1,0,0,True,True,0,15,9,15,9,3,LS_PF,sampled_pool,,,False,0.7333333333333333,0.7640602422305985,0.2666666666666667,0.1,adaptive,break_symmetry,offspring,feasible_start_adaptive_spacing,,,,feasible_start_adaptive_spacing,0.5,,True,auto_from_instance,0.75,0.35,"0,1,3,4,7,9,11,12,13,15,16,18,19,24,27","3,6,9,10,11,12,17,20",,,,,,"H[0,1,3,4,7,9,11,12,13,15,16,18,19,24,27]|V[3,6,9,10,11,12,13,17,20]",3fc0967e8cf1acc9db002871d4c6fad00e132dd7
proposed_nsga2_bs_AT_S_comercial_layout_AW_3_seed_119,proposed_nsga2_bs,AT_S_comercial_layout_AW_3,119,10,auto_from_instance,10,15,3,28,150,,,,,9,5,4,root > V:2 > BH:11 > BH:18 > BV:9,selected,0,inf,True,222,115,107,74.0,1.0,1.0,True,True,1,1,0,True,1,1,0,0,True,True,0,16,8,16,8,5,SS_PF_LS,sampled_pool,,,True,0.7333333333333333,0.6823613180506152,0.2666666666666667,0.1,adaptive,remove_random_aisle,offspring,feasible_start_adaptive_spacing,,,,feasible_start_adaptive_spacing,0.5,,True,auto_from_instance,0.75,0.35,"0,1,3,4,7,9,11,12,13,14,15,17,19,24,27","2,6,9,10,11,12,17,20",,,,,,"H[0,1,3,4,7,9,11,12,13,14,15,17,18,19,24,27]|V[2,6,9,10,11,12,17,20]",313e3f681b33bc30f90444b0b1b5dd821fed5c79
proposed_nsga2_bs_AT_S_comercial_layout_AW_3_seed_119,proposed_nsga2_bs,AT_S_comercial_layout_AW_3,119,10,auto_from_instance,10,15,3,28,150,,,,,10,5,4,root > V:2 > BH:11 > BV:9 > BV:9,selected,0,inf,True,222,115,107,74.0,1.0,1.0,True,True,1,1,0,True,1,1,0,0,True,True,0,15,8,15,8,5,SS_PF_LS,sampled_pool,,,True,0.7333333333333333,0.6823613180506152,0.2666666666666667,0.1,adaptive,remove_random_aisle,offspring,feasible_start_adaptive_spacing,,,,feasible_start_adaptive_spacing,0.5,,True,auto_from_instance,0.75,0.35,"0,1,3,4,7,9,11,12,13,14,15,17,19,24,27","2,6,9,10,11,12,17,20",,,,,,"H[0,1,3,4,7,9,11,12,13,14,15,17,19,24,27]|V[2,6,9,10,11,12,17,20]",b41b2678f47c3e9bfe9aa6316c7790f5ace7089f
proposed_nsga2_bs_AT_S_comercial_layout_AW_3_seed_119,proposed_nsga2_bs,AT_S_comercial_layout_AW_3,119,10,auto_from_instance,10,15,3,28,150,,,,,11,7,4,root > V:2 > BH:11 > BV:9 > BH:19,selected,1,inf,True,222,115,107,107.0,1.0,1.0,True,True,1,1,0,True,1,1,0,0,True,True,0,15,10,15,10,7,RP_LS,sampled_pool,,,False,0.7333333333333333,0.7246086537231023,0.2666666666666667,0.1,adaptive,bit_flip,offspring,feasible_start_adaptive_spacing,,,,feasible_start_adaptive_spacing,0.5,,True,auto_from_instance,0.75,0.35,"0,1,3,4,7,9,11,12,13,15,17,18,19,24,27","2,5,6,8,9,10,11,12,17,20",,,,,,"H[0,1,3,4,7,9,11,12,13,15,17,18,19,24,27]|V[2,5,6,8,9,10,11,12,17,20]",a13494f6aa090e10b6ffeff3cbd3e8aae05c5505
proposed_nsga2_bs_AT_S_comercial_layout_AW_3_seed_119,proposed_nsga2_bs,AT_S_comercial_layout_AW_3,119,10,auto_from_instance,10,15,3,28,150,,,,,12,9,4,root > V:2 > BH:11 > BV:9 > BV:8,selected,0,inf,True,222,120,102,118.0,1.0,1.0,True,True,1,1,0,True,1,1,0,0,True,True,0,16,9,16,9,9,PF_SS_RP,sampled_pool,,,True,0.7333333333333333,0.750372893576061,0.2666666666666667,0.1,adaptive,insert_random_aisle,offspring,feasible_start_adaptive_spacing,,,,feasible_start_adaptive_spacing,0.5,,True,auto_from_instance,0.75,0.35,"0,1,3,4,9,10,11,12,13,14,15,17,18,19,24,27","2,5,8,9,10,11,12,17,20",,,,,,"H[0,1,3,4,9,10,11,12,13,14,15,17,18,19,24,27]|V[2,5,8,9,10,11,12,17,20]",819b823d42066f1be4d37e503ecee22d07e5a6b0
proposed_nsga2_bs_AT_S_comercial_layout_AW_3_seed_119,proposed_nsga2_bs,AT_S_comercial_layout_AW_3,119,11,auto_from_instance,10,15,3,28,150,,,,,1,1,4,root > V:2 > BH:11 > BH:18 > BV:8,selected,0,inf,True,222,120,102,118.0,1.0,1.0,True,True,1,1,0,True,1,1,0,0,True,True,0,16,7,16,7,1,LS_RP,sampled_pool,,,False,0.8,0.8195286011396995,0.19999999999999996,0.1,adaptive,remove_random_aisle,offspring,feasible_start_adaptive_spacing,,,,feasible_start_adaptive_spacing,0.5,,True,auto_from_instance,0.75,0.35,"0,3,4,7,9,10,11,12,13,14,15,17,18,19,24,27","2,8,9,11,13,17,20",,,,,,"H[0,3,4,7,9,10,11,12,13,14,15,17,18,19,24,27]|V[2,8,9,11,13,17,20]",c7821f85912c8e5c3b6ca7ddc3262e68ecac8a29
proposed_nsga2_bs_AT_S_comercial_layout_AW_3_seed_119,proposed_nsga2_bs,AT_S_comercial_layout_AW_3,119,11,auto_from_instance,10,15,3,28,150,,,,,2,1,4,root > V:2 > BH:11 > BV:9 > BV:8,selected,0,inf,True,222,120,102,118.0,1.0,1.0,True,True,1,1,0,True,1,1,0,0,True,True,0,16,7,16,7,1,LS_RP,sampled_pool,,,False,0.8,0.8195286011396995,0.19999999999999996,0.1,adaptive,remove_random_aisle,offspring,feasible_start_adaptive_spacing,,,,feasible_start_adaptive_spacing,0.5,,True,auto_from_instance,0.75,0.35,"0,3,4,7,9,10,11,12,13,14,15,17,18,19,24,27","2,8,9,11,13,17,20",,,,,,"H[0,3,4,7,9,10,11,12,13,14,15,17,18,19,24,27]|V[2,8,9,11,13,17,20]",819b823d42066f1be4d37e503ecee22d07e5a6b0
proposed_nsga2_bs_AT_S_comercial_layout_AW_3_seed_119,proposed_nsga2_bs,AT_S_comercial_layout_AW_3,119,11,auto_from_instance,10,15,3,28,150,,,,,3,1,4,root > V:2 > BH:11 > BH:19 > BV:8,selected,1,inf,True,222,120,102,151.0,1.0,1.0,True,True,1,1,0,True,1,1,0,0,True,True,0,16,7,16,7,1,LS_RP,sampled_pool,,,False,0.8,0.8195286011396995,0.19999999999999996,0.1,adaptive,remove_random_aisle,offspring,feasible_start_adaptive_spacing,,,,feasible_start_adaptive_spacing,0.5,,True,auto_from_instance,0.75,0.35,"0,3,4,7,9,10,11,12,13,14,15,17,18,19,24,27","2,8,9,11,13,17,20",,,,,,"H[0,3,4,7,9,10,11,12,13,14,15,17,18,19,24,27]|V[2,8,9,11,13,17,20]",8ba645c74da6577ac7820f92db785eac755acc05
proposed_nsga2_bs_AT_S_comercial_layout_AW_3_seed_119,proposed_nsga2_bs,AT_S_comercial_layout_AW_3,119,11,auto_from_instance,10,15,3,28,150,,,,,4,4,4,root > V:3 > BH:11 > BV:10 > BV:9,selected,1,inf,True,225,115,110,149.0,1.0,1.0,True,True,1,1,0,True,1,1,0,0,True,True,0,16,8,16,8,4,PF_SS,sampled_pool,,,True,0.8,0.7817999123224484,0.19999999999999996,0.1,adaptive,insert_random_aisle,offspring,feasible_start_adaptive_spacing,,,,feasible_start_adaptive_spacing,0.5,,True,auto_from_instance,0.75,0.35,"0,1,3,4,7,9,11,12,13,15,17,18,19,20,24,27","3,6,9,11,13,17,20",,,,,,"H[0,1,3,4,7,9,11,12,13,15,17,18,19,20,24,27]|V[3,6,9,10,11,13,17,20]",ae825089721f98e0d9805014401719023ff6a664
proposed_nsga2_bs_AT_S_comercial_layout_AW_3_seed_119,proposed_nsga2_bs,AT_S_comercial_layout_AW_3,119,11,auto_from_instance,10,15,3,28,150,,,,,5,4,4,root > V:3 > BH:11 > BV:9 > BV:9,selected,1,inf,True,225,115,110,149.0,1.0,1.0,True,True,1,1,0,True,1,1,0,0,True,True,0,16,7,16,7,4,PF_SS,sampled_pool,,,True,0.8,0.7817999123224484,0.19999999999999996,0.1,adaptive,insert_random_aisle,offspring,feasible_start_adaptive_spacing,,,,feasible_start_adaptive_spacing,0.5,,True,auto_from_instance,0.75,0.35,"0,1,3,4,7,9,11,12,13,15,17,18,19,20,24,27","3,6,9,11,13,17,20",,,,,,"H[0,1,3,4,7,9,11,12,13,15,17,18,19,20,24,27]|V[3,6,9,11,13,17,20]",0a75f2b327085dc5778e0a33aad21dbd318e0a85
proposed_nsga2_bs_AT_S_comercial_layout_AW_3_seed_119,proposed_nsga2_bs,AT_S_comercial_layout_AW_3,119,11,auto_from_instance,10,15,3,28,150,,,,,6,4,4,root > V:3 > BH:11 > BV:9 > BV:13,selected,2,inf,True,225,93,132,226.0,1.0,1.0,True,True,1,1,0,True,1,1,0,0,True,True,0,16,7,16,7,4,PF_SS,sampled_pool,,,True,0.8,0.7817999123224484,0.19999999999999996,0.1,adaptive,insert_random_aisle,offspring,feasible_start_adaptive_spacing,,,,feasible_start_adaptive_spacing,0.5,,True,auto_from_instance,0.75,0.35,"0,1,3,4,7,9,11,12,13,15,17,18,19,20,24,27","3,6,9,11,13,17,20",,,,,,"H[0,1,3,4,7,9,11,12,13,15,17,18,19,20,24,27]|V[3,6,9,11,13,17,20]",3fc0967e8cf1acc9db002871d4c6fad00e132dd7
proposed_nsga2_bs_AT_S_comercial_layout_AW_3_seed_119,proposed_nsga2_bs,AT_S_comercial_layout_AW_3,119,11,auto_from_instance,10,15,3,28,150,,,,,7,5,4,root > V:2 > BH:11 > BH:17 > BV:8,selected,1,inf,True,222,120,102,151.0,1.0,1.0,True,True,1,1,0,True,1,1,0,0,True,True,0,14,9,14,9,5,LS_PF,sampled_pool,,,False,0.8,0.774500777520145,0.19999999999999996,0.1,adaptive,remove_random_aisle,offspring,feasible_start_adaptive_spacing,,,,feasible_start_adaptive_spacing,0.5,,True,auto_from_instance,0.75,0.35,"0,1,4,9,11,12,13,14,15,17,18,19,24,27","2,6,8,9,10,11,12,17,20",,,,,,"H[0,1,4,9,11,12,13,14,15,17,18,19,24,27]|V[2,6,8,9,10,11,12,17,20]",2035ca093874466b8e7b1e9f7aa71b738528a47d
proposed_nsga2_bs_AT_S_comercial_layout_AW_3_seed_119,proposed_nsga2_bs,AT_S_comercial_layout_AW_3,119,11,auto_from_instance,10,15,3,28,150,,,,,8,7,4,root > V:2 > BH:11 > BH:18 > BV:9,selected,0,inf,True,222,115,107,74.0,1.0,1.0,True,True,1,1,0,True,1,1,0,0,True,True,0,15,8,15,8,7,SS,sampled_pool,,,True,0.8,0.8377772839512977,0.19999999999999996,0.1,adaptive,insert_random_aisle,offspring,feasible_start_adaptive_spacing,,,,feasible_start_adaptive_spacing,0.5,,True,auto_from_instance,0.75,0.35,"0,1,3,4,7,9,11,12,13,15,17,18,19,24,27","1,2,8,9,11,13,17,20",,,,,,"H[0,1,3,4,7,9,11,12,13,15,17,18,19,24,27]|V[1,2,8,9,11,13,17,20]",313e3f681b33bc30f90444b0b1b5dd821fed5c79
proposed_nsga2_bs_AT_S_comercial_layout_AW_3_seed_119,proposed_nsga2_bs,AT_S_comercial_layout_AW_3,119,11,auto_from_instance,10,15,3,28,150,,,,,9,7,4,root > V:2 > BH:11 > BV:9 > BV:9,selected,0,inf,True,222,115,107,74.0,1.0,1.0,True,True,1,1,0,True,1,1,0,0,True,True,0,15,8,15,8,7,SS,sampled_pool,,,True,0.8,0.8377772839512977,0.19999999999999996,0.1,adaptive,insert_random_aisle,offspring,feasible_start_adaptive_spacing,,,,feasible_start_adaptive_spacing,0.5,,True,auto_from_instance,0.75,0.35,"0,1,3,4,7,9,11,12,13,15,17,18,19,24,27","1,2,8,9,11,13,17,20",,,,,,"H[0,1,3,4,7,9,11,12,13,15,17,18,19,24,27]|V[1,2,8,9,11,13,17,20]",b41b2678f47c3e9bfe9aa6316c7790f5ace7089f
proposed_nsga2_bs_AT_S_comercial_layout_AW_3_seed_119,proposed_nsga2_bs,AT_S_comercial_layout_AW_3,119,12,auto_from_instance,10,15,3,28,150,,,,,1,1,4,root > V:3 > BH:11 > BV:10 > BV:9,selected,1,inf,True,225,115,110,149.0,1.0,1.0,True,True,1,1,0,True,1,1,0,0,True,True,0,16,9,16,9,1,SS_PF_LS,sampled_pool,,,True,0.8666666666666667,0.8824239478411554,0.1333333333333333,0.1,adaptive,bit_flip,offspring,feasible_start_adaptive_spacing,,,,feasible_start_adaptive_spacing,0.5,,True,auto_from_instance,0.75,0.35,"0,1,3,4,7,9,11,12,13,14,15,17,18,19,24,27","3,6,9,11,12,13,17,20",,,,,,"H[0,1,3,4,7,9,11,12,13,14,15,17,18,19,24,27]|V[3,6,9,10,11,12,13,17,20]",ae825089721f98e0d9805014401719023ff6a664
proposed_nsga2_bs_AT_S_comercial_layout_AW_3_seed_119,proposed_nsga2_bs,AT_S_comercial_layout_AW_3,119,12,auto_from_instance,10,15,3,28,150,,,,,2,1,4,root > V:3 > BH:11 > BV:9 > BV:9,selected,1,inf,True,225,115,110,149.0,1.0,1.0,True,True,1,1,0,True,1,1,0,0,True,True,0,16,8,16,8,1,SS_PF_LS,sampled_pool,,,True,0.8666666666666667,0.8824239478411554,0.1333333333333333,0.1,adaptive,bit_flip,offspring,feasible_start_adaptive_spacing,,,,feasible_start_adaptive_spacing,0.5,,True,auto_from_instance,0.75,0.35,"0,1,3,4,7,9,11,12,13,14,15,17,18,19,24,27","3,6,9,11,12,13,17,20",,,,,,"H[0,1,3,4,7,9,11,12,13,14,15,17,18,19,24,27]|V[3,6,9,11,12,13,17,20]",0a75f2b327085dc5778e0a33aad21dbd318e0a85
proposed_nsga2_bs_AT_S_comercial_layout_AW_3_seed_119,proposed_nsga2_bs,AT_S_comercial_layout_AW_3,119,12,auto_from_instance,10,15,3,28,150,,,,,3,1,4,root > V:3 > BH:11 > BV:9 > BV:13,selected,2,inf,True,225,93,132,226.0,1.0,1.0,True,True,1,1,0,True,1,1,0,0,True,True,0,16,8,16,8,1,SS_PF_LS,sampled_pool,,,True,0.8666666666666667,0.8824239478411554,0.1333333333333333,0.1,adaptive,bit_flip,offspring,feasible_start_adaptive_spacing,,,,feasible_start_adaptive_spacing,0.5,,True,auto_from_instance,0.75,0.35,"0,1,3,4,7,9,11,12,13,14,15,17,18,19,24,27","3,6,9,11,12,13,17,20",,,,,,"H[0,1,3,4,7,9,11,12,13,14,15,17,18,19,24,27]|V[3,6,9,11,12,13,17,20]",3fc0967e8cf1acc9db002871d4c6fad00e132dd7
proposed_nsga2_bs_AT_S_comercial_layout_AW_3_seed_119,proposed_nsga2_bs,AT_S_comercial_layout_AW_3,119,12,auto_from_instance,10,15,3,28,150,,,,,4,2,4,root > V:2 > BH:11 > BH:18 > BV:8,selected,0,inf,True,222,120,102,118.0,1.0,1.0,True,True,1,1,0,True,1,1,0,0,True,True,0,15,8,15,8,2,PF_LS_RP,sampled_pool,,,False,0.8666666666666667,0.8628289427796109,0.1333333333333333,0.1,adaptive,remove_random_aisle,offspring,feasible_start_adaptive_spacing,,,,feasible_start_adaptive_spacing,0.5,,True,auto_from_instance,0.75,0.35,"0,3,4,7,9,10,11,12,13,15,17,18,19,20,27","2,8,9,10,11,13,17,20",,,,,,"H[0,3,4,7,9,10,11,12,13,15,17,18,19,20,27]|V[2,8,9,10,11,13,17,20]",c7821f85912c8e5c3b6ca7ddc3262e68ecac8a29
proposed_nsga2_bs_AT_S_comercial_layout_AW_3_seed_119,proposed_nsga2_bs,AT_S_comercial_layout_AW_3,119,12,auto_from_instance,10,15,3,28,150,,,,,5,2,4,root > V:2 > BH:11 > BV:9 > BV:8,selected,0,inf,True,222,120,102,118.0,1.0,1.0,True,True,1,1,0,True,1,1,0,0,True,True,0,15,8,15,8,2,PF_LS_RP,sampled_pool,,,False,0.8666666666666667,0.8628289427796109,0.1333333333333333,0.1,adaptive,remove_random_aisle,offspring,feasible_start_adaptive_spacing,,,,feasible_start_adaptive_spacing,0.5,,True,auto_from_instance,0.75,0.35,"0,3,4,7,9,10,11,12,13,15,17,18,19,20,27","2,8,9,10,11,13,17,20",,,,,,"H[0,3,4,7,9,10,11,12,13,15,17,18,19,20,27]|V[2,8,9,10,11,13,17,20]",819b823d42066f1be4d37e503ecee22d07e5a6b0
proposed_nsga2_bs_AT_S_comercial_layout_AW_3_seed_119,proposed_nsga2_bs,AT_S_comercial_layout_AW_3,119,12,auto_from_instance,10,15,3,28,150,,,,,6,2,4,root > V:2 > BH:11 > BH:19 > BV:8,selected,1,inf,True,222,120,102,151.0,1.0,1.0,True,True,1,1,0,True,1,1,0,0,True,True,0,15,8,15,8,2,PF_LS_RP,sampled_pool,,,False,0.8666666666666667,0.8628289427796109,0.1333333333333333,0.1,adaptive,remove_random_aisle,offspring,feasible_start_adaptive_spacing,,,,feasible_start_adaptive_spacing,0.5,,True,auto_from_instance,0.75,0.35,"0,3,4,7,9,10,11,12,13,15,17,18,19,20,27","2,8,9,10,11,13,17,20",,,,,,"H[0,3,4,7,9,10,11,12,13,15,17,18,19,20,27]|V[2,8,9,10,11,13,17,20]",8ba645c74da6577ac7820f92db785eac755acc05
proposed_nsga2_bs_AT_S_comercial_layout_AW_3_seed_119,proposed_nsga2_bs,AT_S_comercial_layout_AW_3,119,12,auto_from_instance,10,15,3,28,150,,,,,7,5,4,root > V:2 > BH:11 > BH:18 > BV:9,selected,0,inf,True,222,115,107,74.0,1.0,1.0,True,True,1,1,0,True,1,1,0,0,True,True,0,17,7,17,7,5,SS,sampled_pool,,,True,0.8666666666666667,0.8382299130032972,0.1333333333333333,0.1,adaptive,break_symmetry,offspring,feasible_start_adaptive_spacing,,,,feasible_start_adaptive_spacing,0.5,,True,auto_from_instance,0.75,0.35,"0,1,3,4,7,9,10,11,12,13,14,15,16,18,19,24,27","2,8,9,11,13,17,20",,,,,,"H[0,1,3,4,7,9,10,11,12,13,14,15,16,18,19,24,27]|V[2,8,9,11,13,17,20]",313e3f681b33bc30f90444b0b1b5dd821fed5c79
proposed_nsga2_bs_AT_S_comercial_layout_AW_3_seed_119,proposed_nsga2_bs,AT_S_comercial_layout_AW_3,119,12,auto_from_instance,10,15,3,28,150,,,,,8,5,4,root > V:2 > BH:11 > BV:9 > BV:9,selected,0,inf,True,222,115,107,74.0,1.0,1.0,True,True,1,1,0,True,1,1,0,0,True,True,0,17,7,17,7,5,SS,sampled_pool,,,True,0.8666666666666667,0.8382299130032972,0.1333333333333333,0.1,adaptive,break_symmetry,offspring,feasible_start_adaptive_spacing,,,,feasible_start_adaptive_spacing,0.5,,True,auto_from_instance,0.75,0.35,"0,1,3,4,7,9,10,11,12,13,14,15,16,18,19,24,27","2,8,9,11,13,17,20",,,,,,"H[0,1,3,4,7,9,10,11,12,13,14,15,16,18,19,24,27]|V[2,8,9,11,13,17,20]",b41b2678f47c3e9bfe9aa6316c7790f5ace7089f
proposed_nsga2_bs_AT_S_comercial_layout_AW_3_seed_119,proposed_nsga2_bs,AT_S_comercial_layout_AW_3,119,12,auto_from_instance,10,15,3,28,150,,,,,9,6,4,root > V:2 > BH:11 > BH:17 > BV:8,selected,1,inf,True,222,120,102,151.0,1.0,1.0,True,True,1,1,0,True,1,1,0,0,True,True,0,14,9,14,9,6,LS,sampled_pool,,,False,0.8666666666666667,0.7980089185100139,0.1333333333333333,0.1,adaptive,spacing_aware_flip,offspring,feasible_start_adaptive_spacing,,,,feasible_start_adaptive_spacing,0.5,,True,auto_from_instance,0.75,0.35,"0,3,4,7,9,11,12,13,15,17,18,19,24,27","1,2,5,8,9,11,13,17,20",,,,,,"H[0,3,4,7,9,11,12,13,15,17,18,19,24,27]|V[1,2,5,8,9,11,13,17,20]",2035ca093874466b8e7b1e9f7aa71b738528a47d
proposed_nsga2_bs_AT_S_comercial_layout_AW_3_seed_119,proposed_nsga2_bs,AT_S_comercial_layout_AW_3,119,13,auto_from_instance,10,15,3,28,150,,,,,1,1,4,root > V:2 > BH:11 > BH:18 > BV:8,selected,0,inf,True,222,120,102,118.0,1.0,1.0,True,True,1,1,0,True,1,1,0,0,True,True,0,14,7,14,7,1,LS_RP,sampled_pool,,,False,0.9333333333333333,0.9556592884532835,0.1,0.1,adaptive,swap_segments,offspring,feasible_start_adaptive_spacing,,,,feasible_start_adaptive_spacing,0.5,,True,auto_from_instance,0.75,0.35,"0,3,4,7,9,10,11,12,13,15,17,18,19,27","2,4,8,9,13,17,20",,,,,,"H[0,3,4,7,9,10,11,12,13,15,17,18,19,27]|V[2,4,8,9,13,17,20]",c7821f85912c8e5c3b6ca7ddc3262e68ecac8a29
proposed_nsga2_bs_AT_S_comercial_layout_AW_3_seed_119,proposed_nsga2_bs,AT_S_comercial_layout_AW_3,119,13,auto_from_instance,10,15,3,28,150,,,,,2,1,4,root > V:2 > BH:11 > BV:9 > BV:8,selected,0,inf,True,222,120,102,118.0,1.0,1.0,True,True,1,1,0,True,1,1,0,0,True,True,0,14,7,14,7,1,LS_RP,sampled_pool,,,False,0.9333333333333333,0.9556592884532835,0.1,0.1,adaptive,swap_segments,offspring,feasible_start_adaptive_spacing,,,,feasible_start_adaptive_spacing,0.5,,True,auto_from_instance,0.75,0.35,"0,3,4,7,9,10,11,12,13,15,17,18,19,27","2,4,8,9,13,17,20",,,,,,"H[0,3,4,7,9,10,11,12,13,15,17,18,19,27]|V[2,4,8,9,13,17,20]",819b823d42066f1be4d37e503ecee22d07e5a6b0
proposed_nsga2_bs_AT_S_comercial_layout_AW_3_seed_119,proposed_nsga2_bs,AT_S_comercial_layout_AW_3,119,13,auto_from_instance,10,15,3,28,150,,,,,3,1,4,root > V:2 > BH:11 > BH:19 > BV:8,selected,1,inf,True,222,120,102,151.0,1.0,1.0,True,True,1,1,0,True,1,1,0,0,True,True,0,14,7,14,7,1,LS_RP,sampled_pool,,,False,0.9333333333333333,0.9556592884532835,0.1,0.1,adaptive,swap_segments,offspring,feasible_start_adaptive_spacing,,,,feasible_start_adaptive_spacing,0.5,,True,auto_from_instance,0.75,0.35,"0,3,4,7,9,10,11,12,13,15,17,18,19,27","2,4,8,9,13,17,20",,,,,,"H[0,3,4,7,9,10,11,12,13,15,17,18,19,27]|V[2,4,8,9,13,17,20]",8ba645c74da6577ac7820f92db785eac755acc05
proposed_nsga2_bs_AT_S_comercial_layout_AW_3_seed_119,proposed_nsga2_bs,AT_S_comercial_layout_AW_3,119,13,auto_from_instance,10,15,3,28,150,,,,,4,2,4,root > V:2 > BH:11 > BH:18 > BV:9,selected,0,inf,True,222,115,107,74.0,1.0,1.0,True,True,1,1,0,True,1,1,0,0,True,True,0,18,9,18,9,2,SS_PF_LS,sampled_pool,,,True,0.9333333333333333,0.9294940695533146,0.1,0.1,adaptive,swap_segments,offspring,feasible_start_adaptive_spacing,,,,feasible_start_adaptive_spacing,0.5,,True,auto_from_instance,0.75,0.35,"0,1,3,4,7,9,10,11,12,13,14,15,16,18,19,20,24,27","0,1,2,4,8,11,17,20",,,,,,"H[0,1,3,4,7,9,10,11,12,13,14,15,16,18,19,20,24,27]|V[0,1,2,4,8,9,11,17,20]",313e3f681b33bc30f90444b0b1b5dd821fed5c79
proposed_nsga2_bs_AT_S_comercial_layout_AW_3_seed_119,proposed_nsga2_bs,AT_S_comercial_layout_AW_3,119,13,auto_from_instance,10,15,3,28,150,,,,,5,2,4,root > V:2 > BH:11 > BV:9 > BV:9,selected,0,inf,True,222,115,107,74.0,1.0,1.0,True,True,1,1,0,True,1,1,0,0,True,True,0,18,9,18,9,2,SS_PF_LS,sampled_pool,,,True,0.9333333333333333,0.9294940695533146,0.1,0.1,adaptive,swap_segments,offspring,feasible_start_adaptive_spacing,,,,feasible_start_adaptive_spacing,0.5,,True,auto_from_instance,0.75,0.35,"0,1,3,4,7,9,10,11,12,13,14,15,16,18,19,20,24,27","0,1,2,4,8,11,17,20",,,,,,"H[0,1,3,4,7,9,10,11,12,13,14,15,16,18,19,20,24,27]|V[0,1,2,4,8,9,11,17,20]",b41b2678f47c3e9bfe9aa6316c7790f5ace7089f
proposed_nsga2_bs_AT_S_comercial_layout_AW_3_seed_119,proposed_nsga2_bs,AT_S_comercial_layout_AW_3,119,13,auto_from_instance,10,15,3,28,150,,,,,6,2,4,root > V:2 > BH:11 > BV:9 > BH:19,selected,1,inf,True,222,115,107,107.0,1.0,1.0,True,True,1,1,0,True,1,1,0,0,True,True,0,18,9,18,9,2,SS_PF_LS,sampled_pool,,,True,0.9333333333333333,0.9294940695533146,0.1,0.1,adaptive,swap_segments,offspring,feasible_start_adaptive_spacing,,,,feasible_start_adaptive_spacing,0.5,,True,auto_from_instance,0.75,0.35,"0,1,3,4,7,9,10,11,12,13,14,15,16,18,19,20,24,27","0,1,2,4,8,11,17,20",,,,,,"H[0,1,3,4,7,9,10,11,12,13,14,15,16,18,19,20,24,27]|V[0,1,2,4,8,9,11,17,20]",a13494f6aa090e10b6ffeff3cbd3e8aae05c5505
proposed_nsga2_bs_AT_S_comercial_layout_AW_3_seed_119,proposed_nsga2_bs,AT_S_comercial_layout_AW_3,119,13,auto_from_instance,10,15,3,28,150,,,,,7,8,4,root > V:2 > BH:11 > BH:17 > BV:8,selected,1,inf,True,222,120,102,151.0,1.0,1.0,True,True,1,1,0,True,1,1,0,0,True,True,0,14,8,14,8,8,PF_LS,sampled_pool,,,False,0.9333333333333333,0.9249401923802447,0.1,0.1,adaptive,remove_random_aisle,offspring,feasible_start_adaptive_spacing,,,,feasible_start_adaptive_spacing,0.5,,True,auto_from_instance,0.75,0.35,"0,3,7,9,10,11,12,13,15,17,18,19,20,27","2,8,9,10,11,13,17,20",,,,,,"H[0,3,7,9,10,11,12,13,15,17,18,19,20,27]|V[2,8,9,10,11,13,17,20]",2035ca093874466b8e7b1e9f7aa71b738528a47d
proposed_nsga2_bs_AT_S_comercial_layout_AW_3_seed_119,proposed_nsga2_bs,AT_S_comercial_layout_AW_3,119,13,auto_from_instance,10,15,3,28,150,,,,,8,9,4,root > V:3 > BH:11 > BV:10 > BV:9,selected,2,inf,True,225,115,110,149.0,1.0,1.0,True,True,1,1,0,True,1,1,0,0,True,True,0,16,10,16,10,9,SS_LS_PF,sampled_pool,,,True,0.9333333333333333,0.9260235752941733,0.1,0.1,adaptive,swap_segments,offspring,feasible_start_adaptive_spacing,,,,feasible_start_adaptive_spacing,0.5,,True,auto_from_instance,0.75,0.35,"0,1,3,4,7,9,11,12,13,14,15,17,18,19,24,27","2,3,6,8,9,11,13,17,20",,,,,,"H[0,1,3,4,7,9,11,12,13,14,15,17,18,19,24,27]|V[2,3,6,8,9,10,11,13,17,20]",ae825089721f98e0d9805014401719023ff6a664
proposed_nsga2_bs_AT_S_comercial_layout_AW_3_seed_119,proposed_nsga2_bs,AT_S_comercial_layout_AW_3,119,13,auto_from_instance,10,15,3,28,150,,,,,9,9,4,root > V:3 > BH:11 > BV:9 > BV:9,selected,2,inf,True,225,115,110,149.0,1.0,1.0,True,True,1,1,0,True,1,1,0,0,True,True,0,16,9,16,9,9,SS_LS_PF,sampled_pool,,,True,0.9333333333333333,0.9260235752941733,0.1,0.1,adaptive,swap_segments,offspring,feasible_start_adaptive_spacing,,,,feasible_start_adaptive_spacing,0.5,,True,auto_from_instance,0.75,0.35,"0,1,3,4,7,9,11,12,13,14,15,17,18,19,24,27","2,3,6,8,9,11,13,17,20",,,,,,"H[0,1,3,4,7,9,11,12,13,14,15,17,18,19,24,27]|V[2,3,6,8,9,11,13,17,20]",0a75f2b327085dc5778e0a33aad21dbd318e0a85
proposed_nsga2_bs_AT_S_comercial_layout_AW_3_seed_119,proposed_nsga2_bs,AT_S_comercial_layout_AW_3,119,13,auto_from_instance,10,15,3,28,150,,,,,10,9,4,root > V:3 > BH:11 > BV:9 > BV:13,selected,3,inf,True,225,93,132,226.0,1.0,1.0,True,True,1,1,0,True,1,1,0,0,True,True,0,16,9,16,9,9,SS_LS_PF,sampled_pool,,,True,0.9333333333333333,0.9260235752941733,0.1,0.1,adaptive,swap_segments,offspring,feasible_start_adaptive_spacing,,,,feasible_start_adaptive_spacing,0.5,,True,auto_from_instance,0.75,0.35,"0,1,3,4,7,9,11,12,13,14,15,17,18,19,24,27","2,3,6,8,9,11,13,17,20",,,,,,"H[0,1,3,4,7,9,11,12,13,14,15,17,18,19,24,27]|V[2,3,6,8,9,11,13,17,20]",3fc0967e8cf1acc9db002871d4c6fad00e132dd7
proposed_nsga2_bs_AT_S_comercial_layout_AW_3_seed_119,proposed_nsga2_bs,AT_S_comercial_layout_AW_3,119,13,auto_from_instance,10,15,3,28,150,,,,,11,10,3,root > V:13 > BH:10 > BH:19,evaluated,4,inf,False,270,81,189,289.0,1.0,1.0,True,True,1,1,0,True,1,1,0,0,True,True,0,16,6,16,6,10,SS_PF_LS,sampled_pool,,,True,0.9333333333333333,1.0,0.1,0.1,adaptive,remove_random_aisle,offspring,feasible_start_adaptive_spacing,,,,feasible_start_adaptive_spacing,0.5,,True,auto_from_instance,0.75,0.35,"0,1,3,4,7,9,10,11,12,13,14,15,18,19,24,27","9,11,12,13,17,20",,,,,,"H[0,1,3,4,7,9,10,11,12,13,14,15,18,19,24,27]|V[9,11,12,13,17,20]",0ac4c52159625d6770d3c95cf9cf9e7ad787ea34
proposed_nsga2_bs_AT_S_comercial_layout_AW_3_seed_119,proposed_nsga2_bs,AT_S_comercial_layout_AW_3,119,13,auto_from_instance,10,15,3,28,150,,,,,12,10,3,root > V:13 > BH:10 > BH:18,evaluated,4,0.0,False,270,81,189,289.0,1.0,1.0,True,True,1,1,0,True,1,1,0,0,True,True,0,16,6,16,6,10,SS_PF_LS,sampled_pool,,,True,0.9333333333333333,1.0,0.1,0.1,adaptive,remove_random_aisle,offspring,feasible_start_adaptive_spacing,,,,feasible_start_adaptive_spacing,0.5,,True,auto_from_instance,0.75,0.35,"0,1,3,4,7,9,10,11,12,13,14,15,18,19,24,27","9,11,12,13,17,20",,,,,,"H[0,1,3,4,7,9,10,11,12,13,14,15,18,19,24,27]|V[9,11,12,13,17,20]",0fdd65d05b0d3606e8ffb813119ff3b0f97ba71e
proposed_nsga2_bs_AT_S_comercial_layout_AW_3_seed_119,proposed_nsga2_bs,AT_S_comercial_layout_AW_3,119,13,auto_from_instance,10,15,3,28,150,,,,,13,10,3,root > V:13 > BH:10 > BH:17,evaluated,4,inf,False,270,81,189,289.0,1.0,1.0,True,True,1,1,0,True,1,1,0,0,True,True,0,17,6,17,6,10,SS_PF_LS,sampled_pool,,,True,0.9333333333333333,1.0,0.1,0.1,adaptive,remove_random_aisle,offspring,feasible_start_adaptive_spacing,,,,feasible_start_adaptive_spacing,0.5,,True,auto_from_instance,0.75,0.35,"0,1,3,4,7,9,10,11,12,13,14,15,18,19,24,27","9,11,12,13,17,20",,,,,,"H[0,1,3,4,7,9,10,11,12,13,14,15,17,18,19,24,27]|V[9,11,12,13,17,20]",0ec686c7a8222217e01ff5ef54febaac373ccd3a
proposed_nsga2_bs_AT_S_comercial_layout_AW_3_seed_119,proposed_nsga2_bs,AT_S_comercial_layout_AW_3,119,14,auto_from_instance,10,15,3,28,150,,,,,1,1,4,root > V:2 > BH:11 > BH:19 > BV:8,selected,1,inf,True,222,120,102,151.0,1.0,1.0,True,True,1,1,0,True,1,1,0,0,True,True,0,16,8,16,8,1,LS_PF,sampled_pool,,,False,1.0,0.9902275413135309,0.1,0.1,adaptive,bit_flip,offspring,feasible_start_adaptive_spacing,,,,feasible_start_adaptive_spacing,0.5,,True,auto_from_instance,0.75,0.35,"0,3,7,9,10,11,12,13,14,15,16,18,19,20,22,27","2,8,9,10,11,13,17,20",,,,,,"H[0,3,7,9,10,11,12,13,14,15,16,18,19,20,22,27]|V[2,8,9,10,11,13,17,20]",8ba645c74da6577ac7820f92db785eac755acc05
proposed_nsga2_bs_AT_S_comercial_layout_AW_3_seed_119,proposed_nsga2_bs,AT_S_comercial_layout_AW_3,119,14,auto_from_instance,10,15,3,28,150,,,,,2,1,4,root > V:2 > BH:11 > BH:18 > BV:8,selected,0,inf,True,222,120,102,118.0,1.0,1.0,True,True,1,1,0,True,1,1,0,0,True,True,0,16,8,16,8,1,LS_PF,sampled_pool,,,False,1.0,0.9902275413135309,0.1,0.1,adaptive,bit_flip,offspring,feasible_start_adaptive_spacing,,,,feasible_start_adaptive_spacing,0.5,,True,auto_from_instance,0.75,0.35,"0,3,7,9,10,11,12,13,14,15,16,18,19,20,22,27","2,8,9,10,11,13,17,20",,,,,,"H[0,3,7,9,10,11,12,13,14,15,16,18,19,20,22,27]|V[2,8,9,10,11,13,17,20]",c7821f85912c8e5c3b6ca7ddc3262e68ecac8a29
proposed_nsga2_bs_AT_S_comercial_layout_AW_3_seed_119,proposed_nsga2_bs,AT_S_comercial_layout_AW_3,119,14,auto_from_instance,10,15,3,28,150,,,,,3,1,4,root > V:2 > BH:11 > BH:17 > BV:8,selected,1,inf,True,222,120,102,151.0,1.0,1.0,True,True,1,1,0,True,1,1,0,0,True,True,0,17,8,17,8,1,LS_PF,sampled_pool,,,False,1.0,0.9902275413135309,0.1,0.1,adaptive,bit_flip,offspring,feasible_start_adaptive_spacing,,,,feasible_start_adaptive_spacing,0.5,,True,auto_from_instance,0.75,0.35,"0,3,7,9,10,11,12,13,14,15,16,18,19,20,22,27","2,8,9,10,11,13,17,20",,,,,,"H[0,3,7,9,10,11,12,13,14,15,16,17,18,19,20,22,27]|V[2,8,9,10,11,13,17,20]",2035ca093874466b8e7b1e9f7aa71b738528a47d
proposed_nsga2_bs_AT_S_comercial_layout_AW_3_seed_119,proposed_nsga2_bs,AT_S_comercial_layout_AW_3,119,14,auto_from_instance,10,15,3,28,150,,,,,4,2,4,root > V:2 > BH:11 > BV:9 > BV:8,selected,0,inf,True,222,120,102,118.0,1.0,1.0,True,True,1,1,0,True,1,1,0,0,True,True,0,16,9,16,9,2,PF_LS_RP,sampled_pool,,,False,1.0,0.9818135738657605,0.1,0.1,adaptive,bit_flip,offspring,feasible_start_adaptive_spacing,,,,feasible_start_adaptive_spacing,0.5,,True,auto_from_instance,0.75,0.35,"0,1,3,4,7,9,10,11,12,13,15,17,18,19,24,27","0,1,2,4,8,9,11,17,20",,,,,,"H[0,1,3,4,7,9,10,11,12,13,15,17,18,19,24,27]|V[0,1,2,4,8,9,11,17,20]",819b823d42066f1be4d37e503ecee22d07e5a6b0
proposed_nsga2_bs_AT_S_comercial_layout_AW_3_seed_119,proposed_nsga2_bs,AT_S_comercial_layout_AW_3,119,14,auto_from_instance,10,15,3,28,150,,,,,5,6,4,root > V:2 > BH:11 > BH:19 > BV:9,selected,1,inf,True,222,115,107,107.0,1.0,1.0,True,True,1,1,0,True,1,1,0,0,True,True,0,12,8,12,8,6,PF,sampled_pool,,,False,1.0,0.935391911103587,0.1,0.1,adaptive,remove_random_aisle,offspring,feasible_start_adaptive_spacing,,,,feasible_start_adaptive_spacing,0.5,,True,auto_from_instance,0.75,0.35,"0,3,4,7,9,11,12,13,15,18,19,27","1,2,4,8,9,13,17,20",,,,,,"H[0,3,4,7,9,11,12,13,15,18,19,27]|V[1,2,4,8,9,13,17,20]",a13494f6aa090e10b6ffeff3cbd3e8aae05c5505
proposed_nsga2_bs_AT_S_comercial_layout_AW_3_seed_119,proposed_nsga2_bs,AT_S_comercial_layout_AW_3,119,14,auto_from_instance,10,15,3,28,150,,,,,6,7,4,root > V:2 > BH:11 > BV:9 > BH:18,selected,0,inf,True,222,115,107,74.0,1.0,1.0,True,True,1,1,0,True,1,1,0,0,True,True,0,16,8,16,8,7,RP_LS,sampled_pool,,,False,1.0,1.0,0.1,0.1,adaptive,swap_segments,offspring,feasible_start_adaptive_spacing,,,,feasible_start_adaptive_spacing,0.5,,True,auto_from_instance,0.75,0.35,"0,1,3,4,5,10,11,12,13,15,17,18,21,23,24,27","0,2,4,8,9,13,17,20",,,,,,"H[0,1,3,4,5,10,11,12,13,15,17,18,21,23,24,27]|V[0,2,4,8,9,13,17,20]",313e3f681b33bc30f90444b0b1b5dd821fed5c79
proposed_nsga2_bs_AT_S_comercial_layout_AW_3_seed_119,proposed_nsga2_bs,AT_S_comercial_layout_AW_3,119,14,auto_from_instance,10,15,3,28,150,,,,,7,7,4,root > V:2 > BH:11 > BV:9 > BV:9,selected,0,inf,True,222,115,107,74.0,1.0,1.0,True,True,1,1,0,True,1,1,0,0,True,True,0,16,8,16,8,7,RP_LS,sampled_pool,,,False,1.0,1.0,0.1,0.1,adaptive,swap_segments,offspring,feasible_start_adaptive_spacing,,,,feasible_start_adaptive_spacing,0.5,,True,auto_from_instance,0.75,0.35,"0,1,3,4,5,10,11,12,13,15,17,18,21,23,24,27","0,2,4,8,9,13,17,20",,,,,,"H[0,1,3,4,5,10,11,12,13,15,17,18,21,23,24,27]|V[0,2,4,8,9,13,17,20]",b41b2678f47c3e9bfe9aa6316c7790f5ace7089f
