run_id,method,instance,seed,generation,budget_policy,auto_population_size,auto_generations,auto_beam_width,auto_max_depth,auto_decode_budget,restart_index,batch_index,within_batch_index,decode_budget,candidate_id,parent_chromosome_id,depth,trace,status,rank,crowding_distance,selected,storage_total,pick_faces,interior_storage,retrieval_penalty,door_connectivity_index,access_anchor_connectivity_index,has_door_connected_aisle,has_access_anchor_connected_aisle,aisle_components,anchor_connected_components,unanchored_aisle_components,single_aisle_component,access_network_components,aisle_access_network_components,unreachable_aisle_components,unreachable_aisle_cells,has_access_anchor_reachable_aisle_network,exact_width_ok,exact_width_violation_count,chromosome_h_active_count,chromosome_v_active_count,active_h_count,active_v_count,chromosome_index,sorting_rule,sorting_rule_mode,bs_rule_policy,bs_weight_policy,uses_scalar_score,rho,beam_w1,beam_w2,beam_lambda,adaptive_weight_mode,mutation_operator,initialization_mode,initialization_spacing_mode,adaptive_spacing_used,feasible_h_start_count,feasible_v_start_count,adaptive_spacing_mode,adaptive_spacing_alpha,adaptive_spacing_bf,auto_params_used,parameter_source,beta_h,beta_v,h_active_starts,v_active_starts,terminal,safety_max_depth_reached,feasible,feasibility_reason,storage_block_count,chromosome_signature,layout_signature
proposed_nsga2_bs_Gyorgy-KOVACS_WH_Narrow_AW_4_seed_113,proposed_nsga2_bs,Gyorgy-KOVACS_WH_Narrow_AW_4,113,0,auto_from_instance,12,18,4,30,216,,,,,1,1,8,root > V:17 > BH:27 > BH:5 > BH:15 > BH:25 > BH:37 > BH:47 > BV:27,selected,1,1.1088038277511962,True,648,237,411,490.0,1.0,1.0,True,True,1,1,0,True,1,1,0,0,True,True,0,8,4,8,4,1,PF_LS_RP,fixed,,,False,0.05555555555555555,0.1,0.9444444444444444,0.1,adaptive,,feasible_start_adaptive_spacing,feasible_start_adaptive_spacing,True,45,14,feasible_start_adaptive_spacing,0.5,,True,auto_from_instance,0.75,0.35,"10,25,38","14,17,21",,,,,,"H[5,10,15,25,27,37,38,47]|V[14,17,21,27]",3ab80a1d8e68880e815ad780c83cfc2449e7f93f
proposed_nsga2_bs_Gyorgy-KOVACS_WH_Narrow_AW_4_seed_113,proposed_nsga2_bs,Gyorgy-KOVACS_WH_Narrow_AW_4,113,0,auto_from_instance,12,18,4,30,216,,,,,2,1,8,root > V:17 > BH:27 > BH:49 > BH:39 > BH:29 > BH:17 > BH:7 > BV:27,selected,1,inf,True,648,237,411,490.0,1.0,1.0,True,True,1,1,0,True,1,1,0,0,True,True,0,9,4,9,4,1,PF_LS_RP,fixed,,,False,0.05555555555555555,0.1,0.9444444444444444,0.1,adaptive,,feasible_start_adaptive_spacing,feasible_start_adaptive_spacing,True,45,14,feasible_start_adaptive_spacing,0.5,,True,auto_from_instance,0.75,0.35,"10,25,38","14,17,21",,,,,,"H[7,10,17,25,27,29,38,39,49]|V[14,17,21,27]",451b31cd7494c0e29ac39737991e84853f054397
proposed_nsga2_bs_Gyorgy-KOVACS_WH_Narrow_AW_4_seed_113,proposed_nsga2_bs,Gyorgy-KOVACS_WH_Narrow_AW_4,113,0,auto_from_instance,12,18,4,30,216,,,,,3,1,8,root > V:17 > BH:27 > BH:5 > BH:15 > BH:25 > BH:37 > BH:47 > BV:25,evaluated,2,inf,False,648,237,411,544.0,1.0,1.0,True,True,1,1,0,True,1,1,0,0,True,True,0,8,4,8,4,1,PF_LS_RP,fixed,,,False,0.05555555555555555,0.1,0.9444444444444444,0.1,adaptive,,feasible_start_adaptive_spacing,feasible_start_adaptive_spacing,True,45,14,feasible_start_adaptive_spacing,0.5,,True,auto_from_instance,0.75,0.35,"10,25,38","14,17,21",,,,,,"H[5,10,15,25,27,37,38,47]|V[14,17,21,25]",24e93b3467ee5334276be59c5b6e878bb2e06a66
proposed_nsga2_bs_Gyorgy-KOVACS_WH_Narrow_AW_4_seed_113,proposed_nsga2_bs,Gyorgy-KOVACS_WH_Narrow_AW_4,113,0,auto_from_instance,12,18,4,30,216,,,,,4,1,8,root > V:17 > BH:27 > BH:49 > BH:39 > BH:29 > BH:17 > BH:7 > BV:25,evaluated,2,inf,False,648,237,411,544.0,1.0,1.0,True,True,1,1,0,True,1,1,0,0,True,True,0,9,4,9,4,1,PF_LS_RP,fixed,,,False,0.05555555555555555,0.1,0.9444444444444444,0.1,adaptive,,feasible_start_adaptive_spacing,feasible_start_adaptive_spacing,True,45,14,feasible_start_adaptive_spacing,0.5,,True,auto_from_instance,0.75,0.35,"10,25,38","14,17,21",,,,,,"H[7,10,17,25,27,29,38,39,49]|V[14,17,21,25]",19631d63ec0204b55a5a6d539d26aaf84a80581d
proposed_nsga2_bs_Gyorgy-KOVACS_WH_Narrow_AW_4_seed_113,proposed_nsga2_bs,Gyorgy-KOVACS_WH_Narrow_AW_4,113,0,auto_from_instance,12,18,4,30,216,,,,,5,2,4,root > V:27 > BH:27 > BV:19 > BV:19,selected,1,inf,True,684,260,424,484.0,1.0,1.0,True,True,1,1,0,True,1,1,0,0,True,True,0,4,4,4,4,2,PF_LS_RP,fixed,,,False,0.05555555555555555,0.1,0.9444444444444444,0.1,adaptive,,feasible_start_adaptive_spacing,feasible_start_adaptive_spacing,True,45,14,feasible_start_adaptive_spacing,0.5,,True,auto_from_instance,0.75,0.35,"16,37,48","21,27,30",,,,,,"H[16,27,37,48]|V[19,21,27,30]",9baad5a6d6d08df213ec54891109e23b1069a9a5
proposed_nsga2_bs_Gyorgy-KOVACS_WH_Narrow_AW_4_seed_113,proposed_nsga2_bs,Gyorgy-KOVACS_WH_Narrow_AW_4,113,0,auto_from_instance,12,18,4,30,216,,,,,6,2,4,root > V:27 > BH:27 > BV:17 > BV:19,evaluated,1,0.0,False,684,260,424,484.0,1.0,1.0,True,True,1,1,0,True,1,1,0,0,True,True,0,4,5,4,5,2,PF_LS_RP,fixed,,,False,0.05555555555555555,0.1,0.9444444444444444,0.1,adaptive,,feasible_start_adaptive_spacing,feasible_start_adaptive_spacing,True,45,14,feasible_start_adaptive_spacing,0.5,,True,auto_from_instance,0.75,0.35,"16,37,48","21,27,30",,,,,,"H[16,27,37,48]|V[17,19,21,27,30]",7ea492661f4a7d780540a41c5bfc758906148e19
proposed_nsga2_bs_Gyorgy-KOVACS_WH_Narrow_AW_4_seed_113,proposed_nsga2_bs,Gyorgy-KOVACS_WH_Narrow_AW_4,113,0,auto_from_instance,12,18,4,30,216,,,,,7,2,4,root > V:27 > BH:27 > BV:19 > BV:17,evaluated,1,0.0,False,684,260,424,484.0,1.0,1.0,True,True,1,1,0,True,1,1,0,0,True,True,0,4,5,4,5,2,PF_LS_RP,fixed,,,False,0.05555555555555555,0.1,0.9444444444444444,0.1,adaptive,,feasible_start_adaptive_spacing,feasible_start_adaptive_spacing,True,45,14,feasible_start_adaptive_spacing,0.5,,True,auto_from_instance,0.75,0.35,"16,37,48","21,27,30",,,,,,"H[16,27,37,48]|V[17,19,21,27,30]",59c55a28d53f47701301421f850890ad1de7d63b
proposed_nsga2_bs_Gyorgy-KOVACS_WH_Narrow_AW_4_seed_113,proposed_nsga2_bs,Gyorgy-KOVACS_WH_Narrow_AW_4,113,0,auto_from_instance,12,18,4,30,216,,,,,8,2,4,root > V:27 > BH:27 > BV:17 > BV:17,selected,1,inf,True,684,260,424,484.0,1.0,1.0,True,True,1,1,0,True,1,1,0,0,True,True,0,4,4,4,4,2,PF_LS_RP,fixed,,,False,0.05555555555555555,0.1,0.9444444444444444,0.1,adaptive,,feasible_start_adaptive_spacing,feasible_start_adaptive_spacing,True,45,14,feasible_start_adaptive_spacing,0.5,,True,auto_from_instance,0.75,0.35,"16,37,48","21,27,30",,,,,,"H[16,27,37,48]|V[17,21,27,30]",6732d5258a9313035bead181283e041def90bbb2
proposed_nsga2_bs_Gyorgy-KOVACS_WH_Narrow_AW_4_seed_113,proposed_nsga2_bs,Gyorgy-KOVACS_WH_Narrow_AW_4,113,0,auto_from_instance,12,18,4,30,216,,,,,9,5,4,root > V:28 > BH:27 > BV:19 > BV:19,selected,0,inf,True,680,262,418,472.0,1.0,1.0,True,True,1,1,0,True,1,1,0,0,True,True,0,4,3,4,3,5,PF_LS_RP,fixed,,,False,0.05555555555555555,0.1,0.9444444444444444,0.1,adaptive,,feasible_start_adaptive_spacing,feasible_start_adaptive_spacing,True,45,14,feasible_start_adaptive_spacing,0.5,,True,auto_from_instance,0.75,0.35,"10,30,43","9,19,28",,,,,,"H[10,27,30,43]|V[9,19,28]",fc4825140fa5e2560776b4b932f5ef46c1588f36
proposed_nsga2_bs_Gyorgy-KOVACS_WH_Narrow_AW_4_seed_113,proposed_nsga2_bs,Gyorgy-KOVACS_WH_Narrow_AW_4,113,0,auto_from_instance,12,18,4,30,216,,,,,10,5,4,root > V:28 > BH:27 > BV:19 > BV:21,selected,1,inf,True,680,262,418,524.0,1.0,1.0,True,True,1,1,0,True,1,1,0,0,True,True,0,4,4,4,4,5,PF_LS_RP,fixed,,,False,0.05555555555555555,0.1,0.9444444444444444,0.1,adaptive,,feasible_start_adaptive_spacing,feasible_start_adaptive_spacing,True,45,14,feasible_start_adaptive_spacing,0.5,,True,auto_from_instance,0.75,0.35,"10,30,43","9,19,28",,,,,,"H[10,27,30,43]|V[9,19,21,28]",334779b46d5c288ee3031362a71af20db7b63dd5
proposed_nsga2_bs_Gyorgy-KOVACS_WH_Narrow_AW_4_seed_113,proposed_nsga2_bs,Gyorgy-KOVACS_WH_Narrow_AW_4,113,0,auto_from_instance,12,18,4,30,216,,,,,11,5,4,root > V:28 > BH:27 > BV:19 > BV:21,selected,1,0.0,True,680,262,418,524.0,1.0,1.0,True,True,1,1,0,True,1,1,0,0,True,True,0,4,4,4,4,5,PF_LS_RP,fixed,,,False,0.05555555555555555,0.1,0.9444444444444444,0.1,adaptive,,feasible_start_adaptive_spacing,feasible_start_adaptive_spacing,True,45,14,feasible_start_adaptive_spacing,0.5,,True,auto_from_instance,0.75,0.35,"10,30,43","9,19,28",,,,,,"H[10,27,30,43]|V[9,19,21,28]",8f2926ac3d427dac9f2e22e7dbb4782d03fe71f9
proposed_nsga2_bs_Gyorgy-KOVACS_WH_Narrow_AW_4_seed_113,proposed_nsga2_bs,Gyorgy-KOVACS_WH_Narrow_AW_4,113,0,auto_from_instance,12,18,4,30,216,,,,,12,5,4,root > V:28 > BH:27 > BV:19 > BV:17,selected,1,0.6318341307814991,True,680,262,418,524.0,1.0,1.0,True,True,1,1,0,True,1,1,0,0,True,True,0,4,4,4,4,5,PF_LS_RP,fixed,,,False,0.05555555555555555,0.1,0.9444444444444444,0.1,adaptive,,feasible_start_adaptive_spacing,feasible_start_adaptive_spacing,True,45,14,feasible_start_adaptive_spacing,0.5,,True,auto_from_instance,0.75,0.35,"10,30,43","9,19,28",,,,,,"H[10,27,30,43]|V[9,17,19,28]",c3a8d798cccc0ae6137f5d1801f12286f82d75a7
proposed_nsga2_bs_Gyorgy-KOVACS_WH_Narrow_AW_4_seed_113,proposed_nsga2_bs,Gyorgy-KOVACS_WH_Narrow_AW_4,113,0,auto_from_instance,12,18,4,30,216,,,,,13,6,8,root > V:16 > BH:27 > BH:5 > BH:15 > BH:25 > BH:37 > BH:47 > BV:26,selected,1,inf,True,632,246,386,550.0,1.0,1.0,True,True,1,1,0,True,1,1,0,0,True,True,0,8,4,8,4,6,PF_LS_RP,fixed,,,False,0.05555555555555555,0.1,0.9444444444444444,0.1,adaptive,,feasible_start_adaptive_spacing,feasible_start_adaptive_spacing,True,45,14,feasible_start_adaptive_spacing,0.5,,True,auto_from_instance,0.75,0.35,"5,24,45","9,16,30",,,,,,"H[5,15,24,25,27,37,45,47]|V[9,16,26,30]",08ee812bc396556b6550be0bd82f9266dcd2fe55
proposed_nsga2_bs_Gyorgy-KOVACS_WH_Narrow_AW_4_seed_113,proposed_nsga2_bs,Gyorgy-KOVACS_WH_Narrow_AW_4,113,0,auto_from_instance,12,18,4,30,216,,,,,14,6,8,root > V:16 > BH:27 > BH:49 > BH:39 > BH:29 > BH:17 > BH:7 > BV:26,selected,1,inf,True,632,246,386,550.0,1.0,1.0,True,True,1,1,0,True,1,1,0,0,True,True,0,9,4,9,4,6,PF_LS_RP,fixed,,,False,0.05555555555555555,0.1,0.9444444444444444,0.1,adaptive,,feasible_start_adaptive_spacing,feasible_start_adaptive_spacing,True,45,14,feasible_start_adaptive_spacing,0.5,,True,auto_from_instance,0.75,0.35,"5,24,45","9,16,30",,,,,,"H[5,7,17,24,27,29,39,45,49]|V[9,16,26,30]",660d9dab711cc8220a7c4152b9d81284ad744a59
proposed_nsga2_bs_Gyorgy-KOVACS_WH_Narrow_AW_4_seed_113,proposed_nsga2_bs,Gyorgy-KOVACS_WH_Narrow_AW_4,113,0,auto_from_instance,12,18,4,30,216,,,,,15,6,8,root > V:16 > BH:27 > BH:5 > BH:15 > BH:25 > BH:37 > BH:47 > BV:24,evaluated,2,inf,False,632,246,386,628.0,1.0,1.0,True,True,1,1,0,True,1,1,0,0,True,True,0,8,4,8,4,6,PF_LS_RP,fixed,,,False,0.05555555555555555,0.1,0.9444444444444444,0.1,adaptive,,feasible_start_adaptive_spacing,feasible_start_adaptive_spacing,True,45,14,feasible_start_adaptive_spacing,0.5,,True,auto_from_instance,0.75,0.35,"5,24,45","9,16,30",,,,,,"H[5,15,24,25,27,37,45,47]|V[9,16,24,30]",fe71932ea9ef92cbca4e0b578f20f6e88be50370
proposed_nsga2_bs_Gyorgy-KOVACS_WH_Narrow_AW_4_seed_113,proposed_nsga2_bs,Gyorgy-KOVACS_WH_Narrow_AW_4,113,0,auto_from_instance,12,18,4,30,216,,,,,16,6,8,root > V:16 > BH:27 > BH:49 > BH:39 > BH:29 > BH:17 > BH:7 > BV:24,evaluated,2,inf,False,632,246,386,628.0,1.0,1.0,True,True,1,1,0,True,1,1,0,0,True,True,0,9,4,9,4,6,PF_LS_RP,fixed,,,False,0.05555555555555555,0.1,0.9444444444444444,0.1,adaptive,,feasible_start_adaptive_spacing,feasible_start_adaptive_spacing,True,45,14,feasible_start_adaptive_spacing,0.5,,True,auto_from_instance,0.75,0.35,"5,24,45","9,16,30",,,,,,"H[5,7,17,24,27,29,39,45,49]|V[9,16,24,30]",9696e3fb0a981a3c866440c46c54987a8cf3ab94
proposed_nsga2_bs_Gyorgy-KOVACS_WH_Narrow_AW_4_seed_113,proposed_nsga2_bs,Gyorgy-KOVACS_WH_Narrow_AW_4,113,0,auto_from_instance,12,18,4,30,216,,,,,17,8,9,root > V:15 > BH:27 > BH:5 > BH:15 > BH:25 > BH:37 > BH:47 > BV:23 > BV:30,selected,0,inf,True,592,261,331,462.0,1.0,1.0,True,True,1,1,0,True,1,1,0,0,True,True,0,8,4,8,4,8,PF_LS_RP,fixed,,,False,0.05555555555555555,0.1,0.9444444444444444,0.1,adaptive,,feasible_start_adaptive_spacing,feasible_start_adaptive_spacing,True,45,14,feasible_start_adaptive_spacing,0.5,,True,auto_from_instance,0.75,0.35,"15,24,39","15,19,30",,,,,,"H[5,15,24,25,27,37,39,47]|V[15,19,23,30]",9ee2190bb5e677e5dd6004d3c767bf39ff3449fb
proposed_nsga2_bs_Gyorgy-KOVACS_WH_Narrow_AW_4_seed_113,proposed_nsga2_bs,Gyorgy-KOVACS_WH_Narrow_AW_4,113,0,auto_from_instance,12,18,4,30,216,,,,,18,8,9,root > V:15 > BH:27 > BH:49 > BH:39 > BH:29 > BH:17 > BH:7 > BV:23 > BV:30,selected,0,inf,True,592,261,331,462.0,1.0,1.0,True,True,1,1,0,True,1,1,0,0,True,True,0,8,4,8,4,8,PF_LS_RP,fixed,,,False,0.05555555555555555,0.1,0.9444444444444444,0.1,adaptive,,feasible_start_adaptive_spacing,feasible_start_adaptive_spacing,True,45,14,feasible_start_adaptive_spacing,0.5,,True,auto_from_instance,0.75,0.35,"15,24,39","15,19,30",,,,,,"H[7,15,17,24,27,29,39,49]|V[15,19,23,30]",eef866e48d563b788dc6683537da31dffdbde584
proposed_nsga2_bs_Gyorgy-KOVACS_WH_Narrow_AW_4_seed_113,proposed_nsga2_bs,Gyorgy-KOVACS_WH_Narrow_AW_4,113,0,auto_from_instance,12,18,4,30,216,,,,,19,10,8,root > V:20 > BH:27 > BH:5 > BH:15 > BH:25 > BH:37 > BH:47 > BV:30,evaluated,3,inf,False,696,204,492,792.0,1.0,1.0,True,True,1,1,0,True,1,1,0,0,True,True,0,8,3,8,3,10,PF_LS_RP,fixed,,,False,0.05555555555555555,0.1,0.9444444444444444,0.1,adaptive,,feasible_start_adaptive_spacing,feasible_start_adaptive_spacing,True,45,14,feasible_start_adaptive_spacing,0.5,,True,auto_from_instance,0.75,0.35,"13,27,42","9,20",,,,,,"H[5,13,15,25,27,37,42,47]|V[9,20,30]",be0f2c567ee00b2b6753d425863bc90592c9704d
proposed_nsga2_bs_Gyorgy-KOVACS_WH_Narrow_AW_4_seed_113,proposed_nsga2_bs,Gyorgy-KOVACS_WH_Narrow_AW_4,113,0,auto_from_instance,12,18,4,30,216,,,,,20,10,8,root > V:20 > BH:27 > BH:49 > BH:39 > BH:29 > BH:17 > BH:7 > BV:30,evaluated,3,inf,False,696,204,492,792.0,1.0,1.0,True,True,1,1,0,True,1,1,0,0,True,True,0,8,3,8,3,10,PF_LS_RP,fixed,,,False,0.05555555555555555,0.1,0.9444444444444444,0.1,adaptive,,feasible_start_adaptive_spacing,feasible_start_adaptive_spacing,True,45,14,feasible_start_adaptive_spacing,0.5,,True,auto_from_instance,0.75,0.35,"13,27,42","9,20",,,,,,"H[7,13,17,27,29,39,42,49]|V[9,20,30]",ade8bf5b17d0e3be4ed8c80ad68f822f40ea6f89
proposed_nsga2_bs_Gyorgy-KOVACS_WH_Narrow_AW_4_seed_113,proposed_nsga2_bs,Gyorgy-KOVACS_WH_Narrow_AW_4,113,1,auto_from_instance,12,18,4,30,216,,,,,1,1,4,root > V:28 > BH:27 > BV:19 > BV:19,selected,0,inf,True,680,262,418,472.0,1.0,1.0,True,True,1,1,0,True,1,1,0,0,True,True,0,5,3,5,3,1,PF_LS_RP,fixed,,,False,0.1111111111111111,0.1,0.8888888888888888,0.1,adaptive,bit_flip,offspring,feasible_start_adaptive_spacing,,,,feasible_start_adaptive_spacing,0.5,,True,auto_from_instance,0.75,0.35,"2,10,27,37,39","9,19,28",,,,,,"H[2,10,27,37,39]|V[9,19,28]",fc4825140fa5e2560776b4b932f5ef46c1588f36
proposed_nsga2_bs_Gyorgy-KOVACS_WH_Narrow_AW_4_seed_113,proposed_nsga2_bs,Gyorgy-KOVACS_WH_Narrow_AW_4,113,1,auto_from_instance,12,18,4,30,216,,,,,2,1,4,root > V:28 > BH:27 > BV:19 > BV:21,selected,1,inf,True,680,262,418,524.0,1.0,1.0,True,True,1,1,0,True,1,1,0,0,True,True,0,5,4,5,4,1,PF_LS_RP,fixed,,,False,0.1111111111111111,0.1,0.8888888888888888,0.1,adaptive,bit_flip,offspring,feasible_start_adaptive_spacing,,,,feasible_start_adaptive_spacing,0.5,,True,auto_from_instance,0.75,0.35,"2,10,27,37,39","9,19,28",,,,,,"H[2,10,27,37,39]|V[9,19,21,28]",334779b46d5c288ee3031362a71af20db7b63dd5
proposed_nsga2_bs_Gyorgy-KOVACS_WH_Narrow_AW_4_seed_113,proposed_nsga2_bs,Gyorgy-KOVACS_WH_Narrow_AW_4,113,1,auto_from_instance,12,18,4,30,216,,,,,3,1,4,root > V:28 > BH:27 > BV:19 > BV:21,selected,1,0.0,True,680,262,418,524.0,1.0,1.0,True,True,1,1,0,True,1,1,0,0,True,True,0,5,4,5,4,1,PF_LS_RP,fixed,,,False,0.1111111111111111,0.1,0.8888888888888888,0.1,adaptive,bit_flip,offspring,feasible_start_adaptive_spacing,,,,feasible_start_adaptive_spacing,0.5,,True,auto_from_instance,0.75,0.35,"2,10,27,37,39","9,19,28",,,,,,"H[2,10,27,37,39]|V[9,19,21,28]",8f2926ac3d427dac9f2e22e7dbb4782d03fe71f9
proposed_nsga2_bs_Gyorgy-KOVACS_WH_Narrow_AW_4_seed_113,proposed_nsga2_bs,Gyorgy-KOVACS_WH_Narrow_AW_4,113,1,auto_from_instance,12,18,4,30,216,,,,,4,1,4,root > V:28 > BH:27 > BV:19 > BV:17,selected,1,inf,True,680,262,418,524.0,1.0,1.0,True,True,1,1,0,True,1,1,0,0,True,True,0,5,4,5,4,1,PF_LS_RP,fixed,,,False,0.1111111111111111,0.1,0.8888888888888888,0.1,adaptive,bit_flip,offspring,feasible_start_adaptive_spacing,,,,feasible_start_adaptive_spacing,0.5,,True,auto_from_instance,0.75,0.35,"2,10,27,37,39","9,19,28",,,,,,"H[2,10,27,37,39]|V[9,17,19,28]",c3a8d798cccc0ae6137f5d1801f12286f82d75a7
proposed_nsga2_bs_Gyorgy-KOVACS_WH_Narrow_AW_4_seed_113,proposed_nsga2_bs,Gyorgy-KOVACS_WH_Narrow_AW_4,113,1,auto_from_instance,12,18,4,30,216,,,,,5,2,9,root > V:15 > BH:27 > BH:5 > BH:15 > BH:25 > BH:37 > BH:47 > BV:23 > BV:30,selected,0,inf,True,592,261,331,462.0,1.0,1.0,True,True,1,1,0,True,1,1,0,0,True,True,0,9,4,9,4,2,PF_LS_RP,fixed,,,False,0.1111111111111111,0.1309079637152949,0.8888888888888888,0.1,adaptive,remove_random_aisle,offspring,feasible_start_adaptive_spacing,,,,feasible_start_adaptive_spacing,0.5,,True,auto_from_instance,0.75,0.35,"5,15,24,27,30,43,47","15,19,23,30",,,,,,"H[5,15,24,25,27,30,37,43,47]|V[15,19,23,30]",9ee2190bb5e677e5dd6004d3c767bf39ff3449fb
proposed_nsga2_bs_Gyorgy-KOVACS_WH_Narrow_AW_4_seed_113,proposed_nsga2_bs,Gyorgy-KOVACS_WH_Narrow_AW_4,113,1,auto_from_instance,12,18,4,30,216,,,,,6,2,9,root > V:15 > BH:27 > BH:49 > BH:39 > BH:29 > BH:17 > BH:7 > BV:23 > BV:30,selected,0,inf,True,592,261,331,462.0,1.0,1.0,True,True,1,1,0,True,1,1,0,0,True,True,0,12,4,12,4,2,PF_LS_RP,fixed,,,False,0.1111111111111111,0.1309079637152949,0.8888888888888888,0.1,adaptive,remove_random_aisle,offspring,feasible_start_adaptive_spacing,,,,feasible_start_adaptive_spacing,0.5,,True,auto_from_instance,0.75,0.35,"5,15,24,27,30,43,47","15,19,23,30",,,,,,"H[5,7,15,17,24,27,29,30,39,43,47,49]|V[15,19,23,30]",eef866e48d563b788dc6683537da31dffdbde584
proposed_nsga2_bs_Gyorgy-KOVACS_WH_Narrow_AW_4_seed_113,proposed_nsga2_bs,Gyorgy-KOVACS_WH_Narrow_AW_4,113,1,auto_from_instance,12,18,4,30,216,,,,,7,4,8,root > V:19 > BH:27 > BH:5 > BH:15 > BH:25 > BH:37 > BH:47 > BV:27,selected,2,inf,True,680,219,461,568.0,1.0,1.0,True,True,1,1,0,True,1,1,0,0,True,True,0,9,4,9,4,4,PF_LS_RP,fixed,,,False,0.1111111111111111,0.12546084970629306,0.8888888888888888,0.1,adaptive,break_symmetry,offspring,feasible_start_adaptive_spacing,,,,feasible_start_adaptive_spacing,0.5,,True,auto_from_instance,0.75,0.35,"5,15,24,25,27,37,39,43","10,19,30",,,,,,"H[5,15,24,25,27,37,39,43,47]|V[10,19,27,30]",765044c2001aa13b89dcc3ab94cee7150e6707b9
proposed_nsga2_bs_Gyorgy-KOVACS_WH_Narrow_AW_4_seed_113,proposed_nsga2_bs,Gyorgy-KOVACS_WH_Narrow_AW_4,113,1,auto_from_instance,12,18,4,30,216,,,,,8,4,8,root > V:19 > BH:27 > BH:49 > BH:39 > BH:29 > BH:17 > BH:7 > BV:27,selected,2,inf,True,680,219,461,568.0,1.0,1.0,True,True,1,1,0,True,1,1,0,0,True,True,0,12,4,12,4,4,PF_LS_RP,fixed,,,False,0.1111111111111111,0.12546084970629306,0.8888888888888888,0.1,adaptive,break_symmetry,offspring,feasible_start_adaptive_spacing,,,,feasible_start_adaptive_spacing,0.5,,True,auto_from_instance,0.75,0.35,"5,15,24,25,27,37,39,43","10,19,30",,,,,,"H[5,7,15,17,24,25,27,29,37,39,43,49]|V[10,19,27,30]",e804ee8e40d619c35bd933154a145af1f8bb0e46
proposed_nsga2_bs_Gyorgy-KOVACS_WH_Narrow_AW_4_seed_113,proposed_nsga2_bs,Gyorgy-KOVACS_WH_Narrow_AW_4,113,1,auto_from_instance,12,18,4,30,216,,,,,9,9,4,root > V:27 > BH:27 > BV:19 > BV:19,selected,1,inf,True,684,260,424,484.0,1.0,1.0,True,True,1,1,0,True,1,1,0,0,True,True,0,4,5,4,5,9,PF_LS_RP,fixed,,,False,0.1111111111111111,0.15437316845681853,0.8888888888888888,0.1,adaptive,break_symmetry,offspring,feasible_start_adaptive_spacing,,,,feasible_start_adaptive_spacing,0.5,,True,auto_from_instance,0.75,0.35,"16,27,38,49","15,19,23,27,30",,,,,,"H[16,27,38,49]|V[15,19,23,27,30]",9baad5a6d6d08df213ec54891109e23b1069a9a5
proposed_nsga2_bs_Gyorgy-KOVACS_WH_Narrow_AW_4_seed_113,proposed_nsga2_bs,Gyorgy-KOVACS_WH_Narrow_AW_4,113,1,auto_from_instance,12,18,4,30,216,,,,,10,9,4,root > V:27 > BH:27 > BV:17 > BV:19,selected,1,0.0,True,684,260,424,484.0,1.0,1.0,True,True,1,1,0,True,1,1,0,0,True,True,0,4,6,4,6,9,PF_LS_RP,fixed,,,False,0.1111111111111111,0.15437316845681853,0.8888888888888888,0.1,adaptive,break_symmetry,offspring,feasible_start_adaptive_spacing,,,,feasible_start_adaptive_spacing,0.5,,True,auto_from_instance,0.75,0.35,"16,27,38,49","15,19,23,27,30",,,,,,"H[16,27,38,49]|V[15,17,19,23,27,30]",7ea492661f4a7d780540a41c5bfc758906148e19
proposed_nsga2_bs_Gyorgy-KOVACS_WH_Narrow_AW_4_seed_113,proposed_nsga2_bs,Gyorgy-KOVACS_WH_Narrow_AW_4,113,1,auto_from_instance,12,18,4,30,216,,,,,11,9,4,root > V:27 > BH:27 > BV:19 > BV:17,selected,1,0.0,True,684,260,424,484.0,1.0,1.0,True,True,1,1,0,True,1,1,0,0,True,True,0,4,6,4,6,9,PF_LS_RP,fixed,,,False,0.1111111111111111,0.15437316845681853,0.8888888888888888,0.1,adaptive,break_symmetry,offspring,feasible_start_adaptive_spacing,,,,feasible_start_adaptive_spacing,0.5,,True,auto_from_instance,0.75,0.35,"16,27,38,49","15,19,23,27,30",,,,,,"H[16,27,38,49]|V[15,17,19,23,27,30]",59c55a28d53f47701301421f850890ad1de7d63b
proposed_nsga2_bs_Gyorgy-KOVACS_WH_Narrow_AW_4_seed_113,proposed_nsga2_bs,Gyorgy-KOVACS_WH_Narrow_AW_4,113,1,auto_from_instance,12,18,4,30,216,,,,,12,9,4,root > V:27 > BH:27 > BV:17 > BV:17,selected,1,inf,True,684,260,424,484.0,1.0,1.0,True,True,1,1,0,True,1,1,0,0,True,True,0,4,6,4,6,9,PF_LS_RP,fixed,,,False,0.1111111111111111,0.15437316845681853,0.8888888888888888,0.1,adaptive,break_symmetry,offspring,feasible_start_adaptive_spacing,,,,feasible_start_adaptive_spacing,0.5,,True,auto_from_instance,0.75,0.35,"16,27,38,49","15,19,23,27,30",,,,,,"H[16,27,38,49]|V[15,17,19,23,27,30]",6732d5258a9313035bead181283e041def90bbb2
proposed_nsga2_bs_Gyorgy-KOVACS_WH_Narrow_AW_4_seed_113,proposed_nsga2_bs,Gyorgy-KOVACS_WH_Narrow_AW_4,113,1,auto_from_instance,12,18,4,30,216,,,,,13,11,4,root > V:30 > BH:27 > BV:21 > BV:21,evaluated,3,inf,False,672,206,466,676.0,1.0,1.0,True,True,1,1,0,True,1,1,0,0,True,True,0,6,3,6,3,11,PF_LS_RP,fixed,,,False,0.1111111111111111,0.1,0.8888888888888888,0.1,adaptive,swap_segments,offspring,feasible_start_adaptive_spacing,,,,feasible_start_adaptive_spacing,0.5,,True,auto_from_instance,0.75,0.35,"16,22,44,45,49","26,30",,,,,,"H[16,22,27,44,45,49]|V[21,26,30]",5dff680449ea54ef73abf8585de0c2ba440a4835
proposed_nsga2_bs_Gyorgy-KOVACS_WH_Narrow_AW_4_seed_113,proposed_nsga2_bs,Gyorgy-KOVACS_WH_Narrow_AW_4,113,1,auto_from_instance,12,18,4,30,216,,,,,14,11,4,root > V:30 > BH:27 > BV:19 > BV:21,evaluated,3,0.0,False,672,206,466,676.0,1.0,1.0,True,True,1,1,0,True,1,1,0,0,True,True,0,6,4,6,4,11,PF_LS_RP,fixed,,,False,0.1111111111111111,0.1,0.8888888888888888,0.1,adaptive,swap_segments,offspring,feasible_start_adaptive_spacing,,,,feasible_start_adaptive_spacing,0.5,,True,auto_from_instance,0.75,0.35,"16,22,44,45,49","26,30",,,,,,"H[16,22,27,44,45,49]|V[19,21,26,30]",8bd280773c3be24cfc914a42e887aea361f9570c
proposed_nsga2_bs_Gyorgy-KOVACS_WH_Narrow_AW_4_seed_113,proposed_nsga2_bs,Gyorgy-KOVACS_WH_Narrow_AW_4,113,1,auto_from_instance,12,18,4,30,216,,,,,15,11,4,root > V:30 > BH:27 > BV:21 > BV:19,evaluated,3,0.0,False,672,206,466,676.0,1.0,1.0,True,True,1,1,0,True,1,1,0,0,True,True,0,6,4,6,4,11,PF_LS_RP,fixed,,,False,0.1111111111111111,0.1,0.8888888888888888,0.1,adaptive,swap_segments,offspring,feasible_start_adaptive_spacing,,,,feasible_start_adaptive_spacing,0.5,,True,auto_from_instance,0.75,0.35,"16,22,44,45,49","26,30",,,,,,"H[16,22,27,44,45,49]|V[19,21,26,30]",0ed2b993601a455ad3c48ac7828910fea4b1be83
proposed_nsga2_bs_Gyorgy-KOVACS_WH_Narrow_AW_4_seed_113,proposed_nsga2_bs,Gyorgy-KOVACS_WH_Narrow_AW_4,113,1,auto_from_instance,12,18,4,30,216,,,,,16,11,4,root > V:30 > BH:27 > BV:19 > BV:19,evaluated,3,inf,False,672,206,466,676.0,1.0,1.0,True,True,1,1,0,True,1,1,0,0,True,True,0,6,3,6,3,11,PF_LS_RP,fixed,,,False,0.1111111111111111,0.1,0.8888888888888888,0.1,adaptive,swap_segments,offspring,feasible_start_adaptive_spacing,,,,feasible_start_adaptive_spacing,0.5,,True,auto_from_instance,0.75,0.35,"16,22,44,45,49","26,30",,,,,,"H[16,22,27,44,45,49]|V[19,26,30]",1d86290022dd5e2c97367644c31a54117380bf1c
proposed_nsga2_bs_Gyorgy-KOVACS_WH_Narrow_AW_4_seed_113,proposed_nsga2_bs,Gyorgy-KOVACS_WH_Narrow_AW_4,113,2,auto_from_instance,12,18,4,30,216,,,,,1,1,4,root > V:28 > BH:27 > BV:19 > BV:19,selected,0,inf,True,680,262,418,472.0,1.0,1.0,True,True,1,1,0,True,1,1,0,0,True,True,0,6,5,6,5,1,PF_LS_RP,fixed,,,False,0.16666666666666666,0.1,0.8333333333333334,0.1,adaptive,insert_random_aisle,offspring,feasible_start_adaptive_spacing,,,,feasible_start_adaptive_spacing,0.5,,True,auto_from_instance,0.75,0.35,"2,10,27,37,43,47","9,12,19,21,28",,,,,,"H[2,10,27,37,43,47]|V[9,12,19,21,28]",fc4825140fa5e2560776b4b932f5ef46c1588f36
proposed_nsga2_bs_Gyorgy-KOVACS_WH_Narrow_AW_4_seed_113,proposed_nsga2_bs,Gyorgy-KOVACS_WH_Narrow_AW_4,113,2,auto_from_instance,12,18,4,30,216,,,,,2,1,4,root > V:28 > BH:27 > BV:19 > BV:21,selected,1,inf,True,680,262,418,524.0,1.0,1.0,True,True,1,1,0,True,1,1,0,0,True,True,0,6,5,6,5,1,PF_LS_RP,fixed,,,False,0.16666666666666666,0.1,0.8333333333333334,0.1,adaptive,insert_random_aisle,offspring,feasible_start_adaptive_spacing,,,,feasible_start_adaptive_spacing,0.5,,True,auto_from_instance,0.75,0.35,"2,10,27,37,43,47","9,12,19,21,28",,,,,,"H[2,10,27,37,43,47]|V[9,12,19,21,28]",334779b46d5c288ee3031362a71af20db7b63dd5
proposed_nsga2_bs_Gyorgy-KOVACS_WH_Narrow_AW_4_seed_113,proposed_nsga2_bs,Gyorgy-KOVACS_WH_Narrow_AW_4,113,2,auto_from_instance,12,18,4,30,216,,,,,3,1,4,root > V:28 > BH:27 > BV:19 > BV:21,selected,1,0.0,True,680,262,418,524.0,1.0,1.0,True,True,1,1,0,True,1,1,0,0,True,True,0,6,5,6,5,1,PF_LS_RP,fixed,,,False,0.16666666666666666,0.1,0.8333333333333334,0.1,adaptive,insert_random_aisle,offspring,feasible_start_adaptive_spacing,,,,feasible_start_adaptive_spacing,0.5,,True,auto_from_instance,0.75,0.35,"2,10,27,37,43,47","9,12,19,21,28",,,,,,"H[2,10,27,37,43,47]|V[9,12,19,21,28]",8f2926ac3d427dac9f2e22e7dbb4782d03fe71f9
proposed_nsga2_bs_Gyorgy-KOVACS_WH_Narrow_AW_4_seed_113,proposed_nsga2_bs,Gyorgy-KOVACS_WH_Narrow_AW_4,113,2,auto_from_instance,12,18,4,30,216,,,,,4,1,4,root > V:28 > BH:27 > BV:19 > BV:17,selected,1,inf,True,680,262,418,524.0,1.0,1.0,True,True,1,1,0,True,1,1,0,0,True,True,0,6,6,6,6,1,PF_LS_RP,fixed,,,False,0.16666666666666666,0.1,0.8333333333333334,0.1,adaptive,insert_random_aisle,offspring,feasible_start_adaptive_spacing,,,,feasible_start_adaptive_spacing,0.5,,True,auto_from_instance,0.75,0.35,"2,10,27,37,43,47","9,12,19,21,28",,,,,,"H[2,10,27,37,43,47]|V[9,12,17,19,21,28]",c3a8d798cccc0ae6137f5d1801f12286f82d75a7
proposed_nsga2_bs_Gyorgy-KOVACS_WH_Narrow_AW_4_seed_113,proposed_nsga2_bs,Gyorgy-KOVACS_WH_Narrow_AW_4,113,2,auto_from_instance,12,18,4,30,216,,,,,5,2,9,root > V:15 > BH:27 > BH:5 > BH:15 > BH:25 > BH:37 > BH:47 > BV:23 > BV:30,selected,0,inf,True,592,261,331,462.0,1.0,1.0,True,True,1,1,0,True,1,1,0,0,True,True,0,9,5,9,5,2,PF_LS_RP,fixed,,,False,0.16666666666666666,0.13338444594814577,0.8333333333333334,0.1,adaptive,swap_segments,offspring,feasible_start_adaptive_spacing,,,,feasible_start_adaptive_spacing,0.5,,True,auto_from_instance,0.75,0.35,"5,15,24,25,27,30,37,39","2,15,19,30",,,,,,"H[5,15,24,25,27,30,37,39,47]|V[2,15,19,23,30]",9ee2190bb5e677e5dd6004d3c767bf39ff3449fb
proposed_nsga2_bs_Gyorgy-KOVACS_WH_Narrow_AW_4_seed_113,proposed_nsga2_bs,Gyorgy-KOVACS_WH_Narrow_AW_4,113,2,auto_from_instance,12,18,4,30,216,,,,,6,2,9,root > V:15 > BH:27 > BH:49 > BH:39 > BH:29 > BH:17 > BH:7 > BV:23 > BV:30,selected,0,inf,True,592,261,331,462.0,1.0,1.0,True,True,1,1,0,True,1,1,0,0,True,True,0,12,5,12,5,2,PF_LS_RP,fixed,,,False,0.16666666666666666,0.13338444594814577,0.8333333333333334,0.1,adaptive,swap_segments,offspring,feasible_start_adaptive_spacing,,,,feasible_start_adaptive_spacing,0.5,,True,auto_from_instance,0.75,0.35,"5,15,24,25,27,30,37,39","2,15,19,30",,,,,,"H[5,7,15,17,24,25,27,29,30,37,39,49]|V[2,15,19,23,30]",eef866e48d563b788dc6683537da31dffdbde584
proposed_nsga2_bs_Gyorgy-KOVACS_WH_Narrow_AW_4_seed_113,proposed_nsga2_bs,Gyorgy-KOVACS_WH_Narrow_AW_4,113,2,auto_from_instance,12,18,4,30,216,,,,,7,3,4,root > V:27 > BH:27 > BV:19 > BV:19,selected,1,inf,True,684,260,424,484.0,1.0,1.0,True,True,1,1,0,True,1,1,0,0,True,True,0,7,6,7,6,3,PF_LS_RP,fixed,,,False,0.16666666666666666,0.21392423166499716,0.8333333333333334,0.1,adaptive,bit_flip,offspring,feasible_start_adaptive_spacing,,,,feasible_start_adaptive_spacing,0.5,,True,auto_from_instance,0.75,0.35,"15,24,25,27,30,37,49","15,19,23,27,30,32",,,,,,"H[15,24,25,27,30,37,49]|V[15,19,23,27,30,32]",9baad5a6d6d08df213ec54891109e23b1069a9a5
proposed_nsga2_bs_Gyorgy-KOVACS_WH_Narrow_AW_4_seed_113,proposed_nsga2_bs,Gyorgy-KOVACS_WH_Narrow_AW_4,113,2,auto_from_instance,12,18,4,30,216,,,,,8,3,4,root > V:27 > BH:27 > BV:17 > BV:19,selected,1,0.0,True,684,260,424,484.0,1.0,1.0,True,True,1,1,0,True,1,1,0,0,True,True,0,7,7,7,7,3,PF_LS_RP,fixed,,,False,0.16666666666666666,0.21392423166499716,0.8333333333333334,0.1,adaptive,bit_flip,offspring,feasible_start_adaptive_spacing,,,,feasible_start_adaptive_spacing,0.5,,True,auto_from_instance,0.75,0.35,"15,24,25,27,30,37,49","15,19,23,27,30,32",,,,,,"H[15,24,25,27,30,37,49]|V[15,17,19,23,27,30,32]",7ea492661f4a7d780540a41c5bfc758906148e19
proposed_nsga2_bs_Gyorgy-KOVACS_WH_Narrow_AW_4_seed_113,proposed_nsga2_bs,Gyorgy-KOVACS_WH_Narrow_AW_4,113,2,auto_from_instance,12,18,4,30,216,,,,,9,3,4,root > V:27 > BH:27 > BV:19 > BV:17,selected,1,0.0,True,684,260,424,484.0,1.0,1.0,True,True,1,1,0,True,1,1,0,0,True,True,0,7,7,7,7,3,PF_LS_RP,fixed,,,False,0.16666666666666666,0.21392423166499716,0.8333333333333334,0.1,adaptive,bit_flip,offspring,feasible_start_adaptive_spacing,,,,feasible_start_adaptive_spacing,0.5,,True,auto_from_instance,0.75,0.35,"15,24,25,27,30,37,49","15,19,23,27,30,32",,,,,,"H[15,24,25,27,30,37,49]|V[15,17,19,23,27,30,32]",59c55a28d53f47701301421f850890ad1de7d63b
proposed_nsga2_bs_Gyorgy-KOVACS_WH_Narrow_AW_4_seed_113,proposed_nsga2_bs,Gyorgy-KOVACS_WH_Narrow_AW_4,113,2,auto_from_instance,12,18,4,30,216,,,,,10,3,4,root > V:27 > BH:27 > BV:17 > BV:17,selected,1,inf,True,684,260,424,484.0,1.0,1.0,True,True,1,1,0,True,1,1,0,0,True,True,0,7,7,7,7,3,PF_LS_RP,fixed,,,False,0.16666666666666666,0.21392423166499716,0.8333333333333334,0.1,adaptive,bit_flip,offspring,feasible_start_adaptive_spacing,,,,feasible_start_adaptive_spacing,0.5,,True,auto_from_instance,0.75,0.35,"15,24,25,27,30,37,49","15,19,23,27,30,32",,,,,,"H[15,24,25,27,30,37,49]|V[15,17,19,23,27,30,32]",6732d5258a9313035bead181283e041def90bbb2
proposed_nsga2_bs_Gyorgy-KOVACS_WH_Narrow_AW_4_seed_113,proposed_nsga2_bs,Gyorgy-KOVACS_WH_Narrow_AW_4,113,3,auto_from_instance,12,18,4,30,216,,,,,1,1,8,root > V:19 > BH:27 > BH:5 > BH:15 > BH:25 > BH:37 > BH:47 > BV:27,evaluated,2,inf,False,680,219,461,568.0,1.0,1.0,True,True,1,1,0,True,1,1,0,0,True,True,0,11,6,11,6,1,PF_LS_RP,fixed,,,False,0.2222222222222222,0.20504929553594284,0.7777777777777778,0.1,adaptive,remove_random_aisle,offspring,feasible_start_adaptive_spacing,,,,feasible_start_adaptive_spacing,0.5,,True,auto_from_instance,0.75,0.35,"2,10,24,25,27,30,37,43,47","9,12,19,23,30",,,,,,"H[2,5,10,15,24,25,27,30,37,43,47]|V[9,12,19,23,27,30]",765044c2001aa13b89dcc3ab94cee7150e6707b9
proposed_nsga2_bs_Gyorgy-KOVACS_WH_Narrow_AW_4_seed_113,proposed_nsga2_bs,Gyorgy-KOVACS_WH_Narrow_AW_4,113,3,auto_from_instance,12,18,4,30,216,,,,,2,1,8,root > V:19 > BH:27 > BH:49 > BH:39 > BH:29 > BH:17 > BH:7 > BV:27,evaluated,2,inf,False,680,219,461,568.0,1.0,1.0,True,True,1,1,0,True,1,1,0,0,True,True,0,14,6,14,6,1,PF_LS_RP,fixed,,,False,0.2222222222222222,0.20504929553594284,0.7777777777777778,0.1,adaptive,remove_random_aisle,offspring,feasible_start_adaptive_spacing,,,,feasible_start_adaptive_spacing,0.5,,True,auto_from_instance,0.75,0.35,"2,10,24,25,27,30,37,43,47","9,12,19,23,30",,,,,,"H[2,7,10,17,24,25,27,29,30,37,39,43,47,49]|V[9,12,19,23,27,30]",e804ee8e40d619c35bd933154a145af1f8bb0e46
proposed_nsga2_bs_Gyorgy-KOVACS_WH_Narrow_AW_4_seed_113,proposed_nsga2_bs,Gyorgy-KOVACS_WH_Narrow_AW_4,113,3,auto_from_instance,12,18,4,30,216,,,,,3,2,4,root > V:28 > BH:27 > BV:19 > BV:19,selected,0,inf,True,680,262,418,472.0,1.0,1.0,True,True,1,1,0,True,1,1,0,0,True,True,0,4,6,4,6,2,PF_LS_RP,fixed,,,False,0.2222222222222222,0.17851316391593283,0.7777777777777778,0.1,adaptive,break_symmetry,offspring,feasible_start_adaptive_spacing,,,,feasible_start_adaptive_spacing,0.5,,True,auto_from_instance,0.75,0.35,"15,27,37,49","15,16,19,21,28,32",,,,,,"H[15,27,37,49]|V[15,16,19,21,28,32]",fc4825140fa5e2560776b4b932f5ef46c1588f36
proposed_nsga2_bs_Gyorgy-KOVACS_WH_Narrow_AW_4_seed_113,proposed_nsga2_bs,Gyorgy-KOVACS_WH_Narrow_AW_4,113,3,auto_from_instance,12,18,4,30,216,,,,,4,2,4,root > V:28 > BH:27 > BV:19 > BV:21,selected,1,inf,True,680,262,418,524.0,1.0,1.0,True,True,1,1,0,True,1,1,0,0,True,True,0,4,6,4,6,2,PF_LS_RP,fixed,,,False,0.2222222222222222,0.17851316391593283,0.7777777777777778,0.1,adaptive,break_symmetry,offspring,feasible_start_adaptive_spacing,,,,feasible_start_adaptive_spacing,0.5,,True,auto_from_instance,0.75,0.35,"15,27,37,49","15,16,19,21,28,32",,,,,,"H[15,27,37,49]|V[15,16,19,21,28,32]",334779b46d5c288ee3031362a71af20db7b63dd5
proposed_nsga2_bs_Gyorgy-KOVACS_WH_Narrow_AW_4_seed_113,proposed_nsga2_bs,Gyorgy-KOVACS_WH_Narrow_AW_4,113,3,auto_from_instance,12,18,4,30,216,,,,,5,2,4,root > V:28 > BH:27 > BV:19 > BV:21,selected,1,0.0,True,680,262,418,524.0,1.0,1.0,True,True,1,1,0,True,1,1,0,0,True,True,0,4,6,4,6,2,PF_LS_RP,fixed,,,False,0.2222222222222222,0.17851316391593283,0.7777777777777778,0.1,adaptive,break_symmetry,offspring,feasible_start_adaptive_spacing,,,,feasible_start_adaptive_spacing,0.5,,True,auto_from_instance,0.75,0.35,"15,27,37,49","15,16,19,21,28,32",,,,,,"H[15,27,37,49]|V[15,16,19,21,28,32]",8f2926ac3d427dac9f2e22e7dbb4782d03fe71f9
proposed_nsga2_bs_Gyorgy-KOVACS_WH_Narrow_AW_4_seed_113,proposed_nsga2_bs,Gyorgy-KOVACS_WH_Narrow_AW_4,113,3,auto_from_instance,12,18,4,30,216,,,,,6,2,4,root > V:28 > BH:27 > BV:19 > BV:17,selected,1,1.0051169590643274,True,680,262,418,524.0,1.0,1.0,True,True,1,1,0,True,1,1,0,0,True,True,0,4,7,4,7,2,PF_LS_RP,fixed,,,False,0.2222222222222222,0.17851316391593283,0.7777777777777778,0.1,adaptive,break_symmetry,offspring,feasible_start_adaptive_spacing,,,,feasible_start_adaptive_spacing,0.5,,True,auto_from_instance,0.75,0.35,"15,27,37,49","15,16,19,21,28,32",,,,,,"H[15,27,37,49]|V[15,16,17,19,21,28,32]",c3a8d798cccc0ae6137f5d1801f12286f82d75a7
proposed_nsga2_bs_Gyorgy-KOVACS_WH_Narrow_AW_4_seed_113,proposed_nsga2_bs,Gyorgy-KOVACS_WH_Narrow_AW_4,113,3,auto_from_instance,12,18,4,30,216,,,,,7,4,8,root > V:16 > BH:27 > BH:5 > BH:15 > BH:25 > BH:37 > BH:47 > BV:26,selected,0,inf,True,632,246,386,550.0,1.0,1.0,True,True,1,1,0,True,1,1,0,0,True,True,0,9,8,9,8,4,PF_LS_RP,fixed,,,False,0.2222222222222222,0.23331875942865316,0.7777777777777778,0.1,adaptive,break_symmetry,offspring,feasible_start_adaptive_spacing,,,,feasible_start_adaptive_spacing,0.5,,True,auto_from_instance,0.75,0.35,"15,24,25,27,30,37,43,47","16,17,19,21,27,30,32",,,,,,"H[5,15,24,25,27,30,37,43,47]|V[16,17,19,21,26,27,30,32]",08ee812bc396556b6550be0bd82f9266dcd2fe55
proposed_nsga2_bs_Gyorgy-KOVACS_WH_Narrow_AW_4_seed_113,proposed_nsga2_bs,Gyorgy-KOVACS_WH_Narrow_AW_4,113,3,auto_from_instance,12,18,4,30,216,,,,,8,4,8,root > V:16 > BH:27 > BH:49 > BH:39 > BH:29 > BH:17 > BH:7 > BV:26,selected,0,inf,True,632,246,386,550.0,1.0,1.0,True,True,1,1,0,True,1,1,0,0,True,True,0,13,8,13,8,4,PF_LS_RP,fixed,,,False,0.2222222222222222,0.23331875942865316,0.7777777777777778,0.1,adaptive,break_symmetry,offspring,feasible_start_adaptive_spacing,,,,feasible_start_adaptive_spacing,0.5,,True,auto_from_instance,0.75,0.35,"15,24,25,27,30,37,43,47","16,17,19,21,27,30,32",,,,,,"H[7,15,17,24,25,27,29,30,37,39,43,47,49]|V[16,17,19,21,26,27,30,32]",660d9dab711cc8220a7c4152b9d81284ad744a59
proposed_nsga2_bs_Gyorgy-KOVACS_WH_Narrow_AW_4_seed_113,proposed_nsga2_bs,Gyorgy-KOVACS_WH_Narrow_AW_4,113,3,auto_from_instance,12,18,4,30,216,,,,,9,4,8,root > V:16 > BH:27 > BH:5 > BH:15 > BH:25 > BH:37 > BH:47 > BV:24,selected,1,inf,True,632,246,386,628.0,1.0,1.0,True,True,1,1,0,True,1,1,0,0,True,True,0,9,8,9,8,4,PF_LS_RP,fixed,,,False,0.2222222222222222,0.23331875942865316,0.7777777777777778,0.1,adaptive,break_symmetry,offspring,feasible_start_adaptive_spacing,,,,feasible_start_adaptive_spacing,0.5,,True,auto_from_instance,0.75,0.35,"15,24,25,27,30,37,43,47","16,17,19,21,27,30,32",,,,,,"H[5,15,24,25,27,30,37,43,47]|V[16,17,19,21,24,27,30,32]",fe71932ea9ef92cbca4e0b578f20f6e88be50370
proposed_nsga2_bs_Gyorgy-KOVACS_WH_Narrow_AW_4_seed_113,proposed_nsga2_bs,Gyorgy-KOVACS_WH_Narrow_AW_4,113,3,auto_from_instance,12,18,4,30,216,,,,,10,4,8,root > V:16 > BH:27 > BH:49 > BH:39 > BH:29 > BH:17 > BH:7 > BV:24,selected,1,inf,True,632,246,386,628.0,1.0,1.0,True,True,1,1,0,True,1,1,0,0,True,True,0,13,8,13,8,4,PF_LS_RP,fixed,,,False,0.2222222222222222,0.23331875942865316,0.7777777777777778,0.1,adaptive,break_symmetry,offspring,feasible_start_adaptive_spacing,,,,feasible_start_adaptive_spacing,0.5,,True,auto_from_instance,0.75,0.35,"15,24,25,27,30,37,43,47","16,17,19,21,27,30,32",,,,,,"H[7,15,17,24,25,27,29,30,37,39,43,47,49]|V[16,17,19,21,24,27,30,32]",9696e3fb0a981a3c866440c46c54987a8cf3ab94
proposed_nsga2_bs_Gyorgy-KOVACS_WH_Narrow_AW_4_seed_113,proposed_nsga2_bs,Gyorgy-KOVACS_WH_Narrow_AW_4,113,3,auto_from_instance,12,18,4,30,216,,,,,11,6,4,root > V:27 > BH:27 > BV:19 > BV:19,selected,1,inf,True,684,260,424,484.0,1.0,1.0,True,True,1,1,0,True,1,1,0,0,True,True,0,6,9,6,9,6,PF_LS_RP,fixed,,,False,0.2222222222222222,0.17536189266950464,0.7777777777777778,0.1,adaptive,bit_flip,offspring,feasible_start_adaptive_spacing,,,,feasible_start_adaptive_spacing,0.5,,True,auto_from_instance,0.75,0.35,"15,24,25,27,30,37","9,12,13,15,19,23,27,30,32",,,,,,"H[15,24,25,27,30,37]|V[9,12,13,15,19,23,27,30,32]",9baad5a6d6d08df213ec54891109e23b1069a9a5
proposed_nsga2_bs_Gyorgy-KOVACS_WH_Narrow_AW_4_seed_113,proposed_nsga2_bs,Gyorgy-KOVACS_WH_Narrow_AW_4,113,3,auto_from_instance,12,18,4,30,216,,,,,12,6,4,root > V:27 > BH:27 > BV:17 > BV:19,selected,1,0.0,True,684,260,424,484.0,1.0,1.0,True,True,1,1,0,True,1,1,0,0,True,True,0,6,10,6,10,6,PF_LS_RP,fixed,,,False,0.2222222222222222,0.17536189266950464,0.7777777777777778,0.1,adaptive,bit_flip,offspring,feasible_start_adaptive_spacing,,,,feasible_start_adaptive_spacing,0.5,,True,auto_from_instance,0.75,0.35,"15,24,25,27,30,37","9,12,13,15,19,23,27,30,32",,,,,,"H[15,24,25,27,30,37]|V[9,12,13,15,17,19,23,27,30,32]",7ea492661f4a7d780540a41c5bfc758906148e19
proposed_nsga2_bs_Gyorgy-KOVACS_WH_Narrow_AW_4_seed_113,proposed_nsga2_bs,Gyorgy-KOVACS_WH_Narrow_AW_4,113,3,auto_from_instance,12,18,4,30,216,,,,,13,6,4,root > V:27 > BH:27 > BV:19 > BV:17,selected,1,0.0,True,684,260,424,484.0,1.0,1.0,True,True,1,1,0,True,1,1,0,0,True,True,0,6,10,6,10,6,PF_LS_RP,fixed,,,False,0.2222222222222222,0.17536189266950464,0.7777777777777778,0.1,adaptive,bit_flip,offspring,feasible_start_adaptive_spacing,,,,feasible_start_adaptive_spacing,0.5,,True,auto_from_instance,0.75,0.35,"15,24,25,27,30,37","9,12,13,15,19,23,27,30,32",,,,,,"H[15,24,25,27,30,37]|V[9,12,13,15,17,19,23,27,30,32]",59c55a28d53f47701301421f850890ad1de7d63b
proposed_nsga2_bs_Gyorgy-KOVACS_WH_Narrow_AW_4_seed_113,proposed_nsga2_bs,Gyorgy-KOVACS_WH_Narrow_AW_4,113,3,auto_from_instance,12,18,4,30,216,,,,,14,6,4,root > V:27 > BH:27 > BV:17 > BV:17,selected,1,inf,True,684,260,424,484.0,1.0,1.0,True,True,1,1,0,True,1,1,0,0,True,True,0,6,10,6,10,6,PF_LS_RP,fixed,,,False,0.2222222222222222,0.17536189266950464,0.7777777777777778,0.1,adaptive,bit_flip,offspring,feasible_start_adaptive_spacing,,,,feasible_start_adaptive_spacing,0.5,,True,auto_from_instance,0.75,0.35,"15,24,25,27,30,37","9,12,13,15,19,23,27,30,32",,,,,,"H[15,24,25,27,30,37]|V[9,12,13,15,17,19,23,27,30,32]",6732d5258a9313035bead181283e041def90bbb2
proposed_nsga2_bs_Gyorgy-KOVACS_WH_Narrow_AW_4_seed_113,proposed_nsga2_bs,Gyorgy-KOVACS_WH_Narrow_AW_4,113,4,auto_from_instance,12,18,4,30,216,,,,,1,1,8,root > V:16 > BH:27 > BH:5 > BH:15 > BH:25 > BH:37 > BH:47 > BV:26,selected,0,inf,True,632,246,386,550.0,1.0,1.0,True,True,1,1,0,True,1,1,0,0,True,True,0,8,8,8,8,1,PF_LS_RP,fixed,,,False,0.2777777777777778,0.38524139365953647,0.7222222222222222,0.1,adaptive,break_symmetry,offspring,feasible_start_adaptive_spacing,,,,feasible_start_adaptive_spacing,0.5,,True,auto_from_instance,0.75,0.35,"15,27,38,49","16,17,19,21,24,27,32",,,,,,"H[5,15,25,27,37,38,47,49]|V[16,17,19,21,24,26,27,32]",08ee812bc396556b6550be0bd82f9266dcd2fe55
proposed_nsga2_bs_Gyorgy-KOVACS_WH_Narrow_AW_4_seed_113,proposed_nsga2_bs,Gyorgy-KOVACS_WH_Narrow_AW_4,113,4,auto_from_instance,12,18,4,30,216,,,,,2,1,8,root > V:16 > BH:27 > BH:49 > BH:39 > BH:29 > BH:17 > BH:7 > BV:26,selected,0,inf,True,632,246,386,550.0,1.0,1.0,True,True,1,1,0,True,1,1,0,0,True,True,0,8,8,8,8,1,PF_LS_RP,fixed,,,False,0.2777777777777778,0.38524139365953647,0.7222222222222222,0.1,adaptive,break_symmetry,offspring,feasible_start_adaptive_spacing,,,,feasible_start_adaptive_spacing,0.5,,True,auto_from_instance,0.75,0.35,"15,27,38,49","16,17,19,21,24,27,32",,,,,,"H[7,15,17,27,29,38,39,49]|V[16,17,19,21,24,26,27,32]",660d9dab711cc8220a7c4152b9d81284ad744a59
proposed_nsga2_bs_Gyorgy-KOVACS_WH_Narrow_AW_4_seed_113,proposed_nsga2_bs,Gyorgy-KOVACS_WH_Narrow_AW_4,113,4,auto_from_instance,12,18,4,30,216,,,,,3,1,8,root > V:16 > BH:27 > BH:5 > BH:15 > BH:25 > BH:37 > BH:47 > BV:24,selected,1,inf,True,632,246,386,628.0,1.0,1.0,True,True,1,1,0,True,1,1,0,0,True,True,0,8,7,8,7,1,PF_LS_RP,fixed,,,False,0.2777777777777778,0.38524139365953647,0.7222222222222222,0.1,adaptive,break_symmetry,offspring,feasible_start_adaptive_spacing,,,,feasible_start_adaptive_spacing,0.5,,True,auto_from_instance,0.75,0.35,"15,27,38,49","16,17,19,21,24,27,32",,,,,,"H[5,15,25,27,37,38,47,49]|V[16,17,19,21,24,27,32]",fe71932ea9ef92cbca4e0b578f20f6e88be50370
proposed_nsga2_bs_Gyorgy-KOVACS_WH_Narrow_AW_4_seed_113,proposed_nsga2_bs,Gyorgy-KOVACS_WH_Narrow_AW_4,113,4,auto_from_instance,12,18,4,30,216,,,,,4,1,8,root > V:16 > BH:27 > BH:49 > BH:39 > BH:29 > BH:17 > BH:7 > BV:24,selected,1,inf,True,632,246,386,628.0,1.0,1.0,True,True,1,1,0,True,1,1,0,0,True,True,0,8,7,8,7,1,PF_LS_RP,fixed,,,False,0.2777777777777778,0.38524139365953647,0.7222222222222222,0.1,adaptive,break_symmetry,offspring,feasible_start_adaptive_spacing,,,,feasible_start_adaptive_spacing,0.5,,True,auto_from_instance,0.75,0.35,"15,27,38,49","16,17,19,21,24,27,32",,,,,,"H[7,15,17,27,29,38,39,49]|V[16,17,19,21,24,27,32]",9696e3fb0a981a3c866440c46c54987a8cf3ab94
proposed_nsga2_bs_Gyorgy-KOVACS_WH_Narrow_AW_4_seed_113,proposed_nsga2_bs,Gyorgy-KOVACS_WH_Narrow_AW_4,113,4,auto_from_instance,12,18,4,30,216,,,,,5,2,4,root > V:28 > BH:27 > BV:19 > BV:19,selected,0,inf,True,680,262,418,472.0,1.0,1.0,True,True,1,1,0,True,1,1,0,0,True,True,0,8,7,8,7,2,PF_LS_RP,fixed,,,False,0.2777777777777778,0.2557033509771153,0.7222222222222222,0.1,adaptive,bit_flip,offspring,feasible_start_adaptive_spacing,,,,feasible_start_adaptive_spacing,0.5,,True,auto_from_instance,0.75,0.35,"5,15,24,27,30,37,43,47","15,16,19,21,28,30,32",,,,,,"H[5,15,24,27,30,37,43,47]|V[15,16,19,21,28,30,32]",fc4825140fa5e2560776b4b932f5ef46c1588f36
proposed_nsga2_bs_Gyorgy-KOVACS_WH_Narrow_AW_4_seed_113,proposed_nsga2_bs,Gyorgy-KOVACS_WH_Narrow_AW_4,113,4,auto_from_instance,12,18,4,30,216,,,,,6,2,4,root > V:28 > BH:27 > BV:19 > BV:21,selected,1,inf,True,680,262,418,524.0,1.0,1.0,True,True,1,1,0,True,1,1,0,0,True,True,0,8,7,8,7,2,PF_LS_RP,fixed,,,False,0.2777777777777778,0.2557033509771153,0.7222222222222222,0.1,adaptive,bit_flip,offspring,feasible_start_adaptive_spacing,,,,feasible_start_adaptive_spacing,0.5,,True,auto_from_instance,0.75,0.35,"5,15,24,27,30,37,43,47","15,16,19,21,28,30,32",,,,,,"H[5,15,24,27,30,37,43,47]|V[15,16,19,21,28,30,32]",334779b46d5c288ee3031362a71af20db7b63dd5
proposed_nsga2_bs_Gyorgy-KOVACS_WH_Narrow_AW_4_seed_113,proposed_nsga2_bs,Gyorgy-KOVACS_WH_Narrow_AW_4,113,4,auto_from_instance,12,18,4,30,216,,,,,7,2,4,root > V:28 > BH:27 > BV:19 > BV:21,selected,1,0.0,True,680,262,418,524.0,1.0,1.0,True,True,1,1,0,True,1,1,0,0,True,True,0,8,7,8,7,2,PF_LS_RP,fixed,,,False,0.2777777777777778,0.2557033509771153,0.7222222222222222,0.1,adaptive,bit_flip,offspring,feasible_start_adaptive_spacing,,,,feasible_start_adaptive_spacing,0.5,,True,auto_from_instance,0.75,0.35,"5,15,24,27,30,37,43,47","15,16,19,21,28,30,32",,,,,,"H[5,15,24,27,30,37,43,47]|V[15,16,19,21,28,30,32]",8f2926ac3d427dac9f2e22e7dbb4782d03fe71f9
proposed_nsga2_bs_Gyorgy-KOVACS_WH_Narrow_AW_4_seed_113,proposed_nsga2_bs,Gyorgy-KOVACS_WH_Narrow_AW_4,113,4,auto_from_instance,12,18,4,30,216,,,,,8,2,4,root > V:28 > BH:27 > BV:19 > BV:17,selected,1,1.0051169590643274,True,680,262,418,524.0,1.0,1.0,True,True,1,1,0,True,1,1,0,0,True,True,0,8,8,8,8,2,PF_LS_RP,fixed,,,False,0.2777777777777778,0.2557033509771153,0.7222222222222222,0.1,adaptive,bit_flip,offspring,feasible_start_adaptive_spacing,,,,feasible_start_adaptive_spacing,0.5,,True,auto_from_instance,0.75,0.35,"5,15,24,27,30,37,43,47","15,16,19,21,28,30,32",,,,,,"H[5,15,24,27,30,37,43,47]|V[15,16,17,19,21,28,30,32]",c3a8d798cccc0ae6137f5d1801f12286f82d75a7
proposed_nsga2_bs_Gyorgy-KOVACS_WH_Narrow_AW_4_seed_113,proposed_nsga2_bs,Gyorgy-KOVACS_WH_Narrow_AW_4,113,4,auto_from_instance,12,18,4,30,216,,,,,9,6,4,root > V:27 > BH:27 > BV:19 > BV:19,selected,1,inf,True,684,260,424,484.0,1.0,1.0,True,True,1,1,0,True,1,1,0,0,True,True,0,11,9,11,9,6,PF_LS_RP,fixed,,,False,0.2777777777777778,0.211115800920885,0.7222222222222222,0.1,adaptive,break_symmetry,offspring,feasible_start_adaptive_spacing,,,,feasible_start_adaptive_spacing,0.5,,True,auto_from_instance,0.75,0.35,"7,15,17,24,25,27,29,30,37,39,43","9,12,13,15,19,26,27,29,32",,,,,,"H[7,15,17,24,25,27,29,30,37,39,43]|V[9,12,13,15,19,26,27,29,32]",9baad5a6d6d08df213ec54891109e23b1069a9a5
proposed_nsga2_bs_Gyorgy-KOVACS_WH_Narrow_AW_4_seed_113,proposed_nsga2_bs,Gyorgy-KOVACS_WH_Narrow_AW_4,113,4,auto_from_instance,12,18,4,30,216,,,,,10,6,4,root > V:27 > BH:27 > BV:17 > BV:19,selected,1,0.0,True,684,260,424,484.0,1.0,1.0,True,True,1,1,0,True,1,1,0,0,True,True,0,11,10,11,10,6,PF_LS_RP,fixed,,,False,0.2777777777777778,0.211115800920885,0.7222222222222222,0.1,adaptive,break_symmetry,offspring,feasible_start_adaptive_spacing,,,,feasible_start_adaptive_spacing,0.5,,True,auto_from_instance,0.75,0.35,"7,15,17,24,25,27,29,30,37,39,43","9,12,13,15,19,26,27,29,32",,,,,,"H[7,15,17,24,25,27,29,30,37,39,43]|V[9,12,13,15,17,19,26,27,29,32]",7ea492661f4a7d780540a41c5bfc758906148e19
proposed_nsga2_bs_Gyorgy-KOVACS_WH_Narrow_AW_4_seed_113,proposed_nsga2_bs,Gyorgy-KOVACS_WH_Narrow_AW_4,113,4,auto_from_instance,12,18,4,30,216,,,,,11,6,4,root > V:27 > BH:27 > BV:19 > BV:17,selected,1,0.0,True,684,260,424,484.0,1.0,1.0,True,True,1,1,0,True,1,1,0,0,True,True,0,11,10,11,10,6,PF_LS_RP,fixed,,,False,0.2777777777777778,0.211115800920885,0.7222222222222222,0.1,adaptive,break_symmetry,offspring,feasible_start_adaptive_spacing,,,,feasible_start_adaptive_spacing,0.5,,True,auto_from_instance,0.75,0.35,"7,15,17,24,25,27,29,30,37,39,43","9,12,13,15,19,26,27,29,32",,,,,,"H[7,15,17,24,25,27,29,30,37,39,43]|V[9,12,13,15,17,19,26,27,29,32]",59c55a28d53f47701301421f850890ad1de7d63b
proposed_nsga2_bs_Gyorgy-KOVACS_WH_Narrow_AW_4_seed_113,proposed_nsga2_bs,Gyorgy-KOVACS_WH_Narrow_AW_4,113,4,auto_from_instance,12,18,4,30,216,,,,,12,6,4,root > V:27 > BH:27 > BV:17 > BV:17,selected,1,inf,True,684,260,424,484.0,1.0,1.0,True,True,1,1,0,True,1,1,0,0,True,True,0,11,10,11,10,6,PF_LS_RP,fixed,,,False,0.2777777777777778,0.211115800920885,0.7222222222222222,0.1,adaptive,break_symmetry,offspring,feasible_start_adaptive_spacing,,,,feasible_start_adaptive_spacing,0.5,,True,auto_from_instance,0.75,0.35,"7,15,17,24,25,27,29,30,37,39,43","9,12,13,15,19,26,27,29,32",,,,,,"H[7,15,17,24,25,27,29,30,37,39,43]|V[9,12,13,15,17,19,26,27,29,32]",6732d5258a9313035bead181283e041def90bbb2
proposed_nsga2_bs_Gyorgy-KOVACS_WH_Narrow_AW_4_seed_113,proposed_nsga2_bs,Gyorgy-KOVACS_WH_Narrow_AW_4,113,5,auto_from_instance,12,18,4,30,216,,,,,1,1,4,root > V:28 > BH:27 > BV:19 > BV:19,selected,0,inf,True,680,262,418,472.0,1.0,1.0,True,True,1,1,0,True,1,1,0,0,True,True,0,8,7,8,7,1,PF_LS_RP,fixed,,,False,0.3333333333333333,0.28899845961863935,0.6666666666666667,0.1,adaptive,remove_random_aisle,offspring,feasible_start_adaptive_spacing,,,,feasible_start_adaptive_spacing,0.5,,True,auto_from_instance,0.75,0.35,"5,24,27,30,37,43,47,49","15,16,19,21,28,30,32",,,,,,"H[5,24,27,30,37,43,47,49]|V[15,16,19,21,28,30,32]",fc4825140fa5e2560776b4b932f5ef46c1588f36
proposed_nsga2_bs_Gyorgy-KOVACS_WH_Narrow_AW_4_seed_113,proposed_nsga2_bs,Gyorgy-KOVACS_WH_Narrow_AW_4,113,5,auto_from_instance,12,18,4,30,216,,,,,2,1,4,root > V:28 > BH:27 > BV:19 > BV:21,selected,1,inf,True,680,262,418,524.0,1.0,1.0,True,True,1,1,0,True,1,1,0,0,True,True,0,8,7,8,7,1,PF_LS_RP,fixed,,,False,0.3333333333333333,0.28899845961863935,0.6666666666666667,0.1,adaptive,remove_random_aisle,offspring,feasible_start_adaptive_spacing,,,,feasible_start_adaptive_spacing,0.5,,True,auto_from_instance,0.75,0.35,"5,24,27,30,37,43,47,49","15,16,19,21,28,30,32",,,,,,"H[5,24,27,30,37,43,47,49]|V[15,16,19,21,28,30,32]",334779b46d5c288ee3031362a71af20db7b63dd5
proposed_nsga2_bs_Gyorgy-KOVACS_WH_Narrow_AW_4_seed_113,proposed_nsga2_bs,Gyorgy-KOVACS_WH_Narrow_AW_4,113,5,auto_from_instance,12,18,4,30,216,,,,,3,1,4,root > V:28 > BH:27 > BV:19 > BV:21,selected,1,0.0,True,680,262,418,524.0,1.0,1.0,True,True,1,1,0,True,1,1,0,0,True,True,0,8,7,8,7,1,PF_LS_RP,fixed,,,False,0.3333333333333333,0.28899845961863935,0.6666666666666667,0.1,adaptive,remove_random_aisle,offspring,feasible_start_adaptive_spacing,,,,feasible_start_adaptive_spacing,0.5,,True,auto_from_instance,0.75,0.35,"5,24,27,30,37,43,47,49","15,16,19,21,28,30,32",,,,,,"H[5,24,27,30,37,43,47,49]|V[15,16,19,21,28,30,32]",8f2926ac3d427dac9f2e22e7dbb4782d03fe71f9
proposed_nsga2_bs_Gyorgy-KOVACS_WH_Narrow_AW_4_seed_113,proposed_nsga2_bs,Gyorgy-KOVACS_WH_Narrow_AW_4,113,5,auto_from_instance,12,18,4,30,216,,,,,4,1,4,root > V:28 > BH:27 > BV:19 > BV:17,selected,1,0.6768341307814991,True,680,262,418,524.0,1.0,1.0,True,True,1,1,0,True,1,1,0,0,True,True,0,8,8,8,8,1,PF_LS_RP,fixed,,,False,0.3333333333333333,0.28899845961863935,0.6666666666666667,0.1,adaptive,remove_random_aisle,offspring,feasible_start_adaptive_spacing,,,,feasible_start_adaptive_spacing,0.5,,True,auto_from_instance,0.75,0.35,"5,24,27,30,37,43,47,49","15,16,19,21,28,30,32",,,,,,"H[5,24,27,30,37,43,47,49]|V[15,16,17,19,21,28,30,32]",c3a8d798cccc0ae6137f5d1801f12286f82d75a7
proposed_nsga2_bs_Gyorgy-KOVACS_WH_Narrow_AW_4_seed_113,proposed_nsga2_bs,Gyorgy-KOVACS_WH_Narrow_AW_4,113,5,auto_from_instance,12,18,4,30,216,,,,,5,2,8,root > V:16 > BH:27 > BH:5 > BH:15 > BH:25 > BH:37 > BH:47 > BV:26,selected,1,inf,True,632,246,386,550.0,1.0,1.0,True,True,1,1,0,True,1,1,0,0,True,True,0,8,8,8,8,2,PF_LS_RP,fixed,,,False,0.3333333333333333,0.3923000040882777,0.6666666666666667,0.1,adaptive,spacing_aware_flip,offspring,feasible_start_adaptive_spacing,,,,feasible_start_adaptive_spacing,0.5,,True,auto_from_instance,0.75,0.35,"5,15,25,27,37,38,47,51","16,17,19,21,24,26,27,32",,,,,,"H[5,15,25,27,37,38,47,51]|V[16,17,19,21,24,26,27,32]",08ee812bc396556b6550be0bd82f9266dcd2fe55
proposed_nsga2_bs_Gyorgy-KOVACS_WH_Narrow_AW_4_seed_113,proposed_nsga2_bs,Gyorgy-KOVACS_WH_Narrow_AW_4,113,5,auto_from_instance,12,18,4,30,216,,,,,6,2,8,root > V:16 > BH:27 > BH:49 > BH:39 > BH:29 > BH:17 > BH:7 > BV:26,selected,1,inf,True,632,246,386,550.0,1.0,1.0,True,True,1,1,0,True,1,1,0,0,True,True,0,13,8,13,8,2,PF_LS_RP,fixed,,,False,0.3333333333333333,0.3923000040882777,0.6666666666666667,0.1,adaptive,spacing_aware_flip,offspring,feasible_start_adaptive_spacing,,,,feasible_start_adaptive_spacing,0.5,,True,auto_from_instance,0.75,0.35,"5,15,25,27,37,38,47,51","16,17,19,21,24,26,27,32",,,,,,"H[5,7,15,17,25,27,29,37,38,39,47,49,51]|V[16,17,19,21,24,26,27,32]",660d9dab711cc8220a7c4152b9d81284ad744a59
proposed_nsga2_bs_Gyorgy-KOVACS_WH_Narrow_AW_4_seed_113,proposed_nsga2_bs,Gyorgy-KOVACS_WH_Narrow_AW_4,113,5,auto_from_instance,12,18,4,30,216,,,,,7,2,8,root > V:16 > BH:27 > BH:5 > BH:15 > BH:25 > BH:37 > BH:47 > BV:24,evaluated,2,inf,False,632,246,386,628.0,1.0,1.0,True,True,1,1,0,True,1,1,0,0,True,True,0,8,8,8,8,2,PF_LS_RP,fixed,,,False,0.3333333333333333,0.3923000040882777,0.6666666666666667,0.1,adaptive,spacing_aware_flip,offspring,feasible_start_adaptive_spacing,,,,feasible_start_adaptive_spacing,0.5,,True,auto_from_instance,0.75,0.35,"5,15,25,27,37,38,47,51","16,17,19,21,24,26,27,32",,,,,,"H[5,15,25,27,37,38,47,51]|V[16,17,19,21,24,26,27,32]",fe71932ea9ef92cbca4e0b578f20f6e88be50370
proposed_nsga2_bs_Gyorgy-KOVACS_WH_Narrow_AW_4_seed_113,proposed_nsga2_bs,Gyorgy-KOVACS_WH_Narrow_AW_4,113,5,auto_from_instance,12,18,4,30,216,,,,,8,2,8,root > V:16 > BH:27 > BH:49 > BH:39 > BH:29 > BH:17 > BH:7 > BV:24,evaluated,2,inf,False,632,246,386,628.0,1.0,1.0,True,True,1,1,0,True,1,1,0,0,True,True,0,13,8,13,8,2,PF_LS_RP,fixed,,,False,0.3333333333333333,0.3923000040882777,0.6666666666666667,0.1,adaptive,spacing_aware_flip,offspring,feasible_start_adaptive_spacing,,,,feasible_start_adaptive_spacing,0.5,,True,auto_from_instance,0.75,0.35,"5,15,25,27,37,38,47,51","16,17,19,21,24,26,27,32",,,,,,"H[5,7,15,17,25,27,29,37,38,39,47,49,51]|V[16,17,19,21,24,26,27,32]",9696e3fb0a981a3c866440c46c54987a8cf3ab94
proposed_nsga2_bs_Gyorgy-KOVACS_WH_Narrow_AW_4_seed_113,proposed_nsga2_bs,Gyorgy-KOVACS_WH_Narrow_AW_4,113,5,auto_from_instance,12,18,4,30,216,,,,,9,5,9,root > V:15 > BH:27 > BH:5 > BH:15 > BH:25 > BH:37 > BH:47 > BV:23 > BV:30,selected,0,inf,True,592,261,331,462.0,1.0,1.0,True,True,1,1,0,True,1,1,0,0,True,True,0,8,10,8,10,5,PF_LS_RP,fixed,,,False,0.3333333333333333,0.272914745158018,0.6666666666666667,0.1,adaptive,remove_random_aisle,offspring,feasible_start_adaptive_spacing,,,,feasible_start_adaptive_spacing,0.5,,True,auto_from_instance,0.75,0.35,"5,15,24,27,29,37,47","15,16,19,21,24,26,27,32",,,,,,"H[5,15,24,25,27,29,37,47]|V[15,16,19,21,23,24,26,27,30,32]",9ee2190bb5e677e5dd6004d3c767bf39ff3449fb
proposed_nsga2_bs_Gyorgy-KOVACS_WH_Narrow_AW_4_seed_113,proposed_nsga2_bs,Gyorgy-KOVACS_WH_Narrow_AW_4,113,5,auto_from_instance,12,18,4,30,216,,,,,10,5,9,root > V:15 > BH:27 > BH:49 > BH:39 > BH:29 > BH:17 > BH:7 > BV:23 > BV:30,selected,0,inf,True,592,261,331,462.0,1.0,1.0,True,True,1,1,0,True,1,1,0,0,True,True,0,11,10,11,10,5,PF_LS_RP,fixed,,,False,0.3333333333333333,0.272914745158018,0.6666666666666667,0.1,adaptive,remove_random_aisle,offspring,feasible_start_adaptive_spacing,,,,feasible_start_adaptive_spacing,0.5,,True,auto_from_instance,0.75,0.35,"5,15,24,27,29,37,47","15,16,19,21,24,26,27,32",,,,,,"H[5,7,15,17,24,27,29,37,39,47,49]|V[15,16,19,21,23,24,26,27,30,32]",eef866e48d563b788dc6683537da31dffdbde584
proposed_nsga2_bs_Gyorgy-KOVACS_WH_Narrow_AW_4_seed_113,proposed_nsga2_bs,Gyorgy-KOVACS_WH_Narrow_AW_4,113,5,auto_from_instance,12,18,4,30,216,,,,,11,10,4,root > V:27 > BH:27 > BV:19 > BV:19,selected,1,inf,True,684,260,424,484.0,1.0,1.0,True,True,1,1,0,True,1,1,0,0,True,True,0,12,7,12,7,10,PF_LS_RP,fixed,,,False,0.3333333333333333,0.42018864338084055,0.6666666666666667,0.1,adaptive,remove_random_aisle,offspring,feasible_start_adaptive_spacing,,,,feasible_start_adaptive_spacing,0.5,,True,auto_from_instance,0.75,0.35,"7,15,17,24,25,27,29,30,37,39,43,47","9,15,16,19,26,27,32",,,,,,"H[7,15,17,24,25,27,29,30,37,39,43,47]|V[9,15,16,19,26,27,32]",9baad5a6d6d08df213ec54891109e23b1069a9a5
proposed_nsga2_bs_Gyorgy-KOVACS_WH_Narrow_AW_4_seed_113,proposed_nsga2_bs,Gyorgy-KOVACS_WH_Narrow_AW_4,113,5,auto_from_instance,12,18,4,30,216,,,,,12,10,4,root > V:27 > BH:27 > BV:17 > BV:19,selected,1,0.0,True,684,260,424,484.0,1.0,1.0,True,True,1,1,0,True,1,1,0,0,True,True,0,12,8,12,8,10,PF_LS_RP,fixed,,,False,0.3333333333333333,0.42018864338084055,0.6666666666666667,0.1,adaptive,remove_random_aisle,offspring,feasible_start_adaptive_spacing,,,,feasible_start_adaptive_spacing,0.5,,True,auto_from_instance,0.75,0.35,"7,15,17,24,25,27,29,30,37,39,43,47","9,15,16,19,26,27,32",,,,,,"H[7,15,17,24,25,27,29,30,37,39,43,47]|V[9,15,16,17,19,26,27,32]",7ea492661f4a7d780540a41c5bfc758906148e19
proposed_nsga2_bs_Gyorgy-KOVACS_WH_Narrow_AW_4_seed_113,proposed_nsga2_bs,Gyorgy-KOVACS_WH_Narrow_AW_4,113,5,auto_from_instance,12,18,4,30,216,,,,,13,10,4,root > V:27 > BH:27 > BV:19 > BV:17,selected,1,0.0,True,684,260,424,484.0,1.0,1.0,True,True,1,1,0,True,1,1,0,0,True,True,0,12,8,12,8,10,PF_LS_RP,fixed,,,False,0.3333333333333333,0.42018864338084055,0.6666666666666667,0.1,adaptive,remove_random_aisle,offspring,feasible_start_adaptive_spacing,,,,feasible_start_adaptive_spacing,0.5,,True,auto_from_instance,0.75,0.35,"7,15,17,24,25,27,29,30,37,39,43,47","9,15,16,19,26,27,32",,,,,,"H[7,15,17,24,25,27,29,30,37,39,43,47]|V[9,15,16,17,19,26,27,32]",59c55a28d53f47701301421f850890ad1de7d63b
proposed_nsga2_bs_Gyorgy-KOVACS_WH_Narrow_AW_4_seed_113,proposed_nsga2_bs,Gyorgy-KOVACS_WH_Narrow_AW_4,113,5,auto_from_instance,12,18,4,30,216,,,,,14,10,4,root > V:27 > BH:27 > BV:17 > BV:17,selected,1,inf,True,684,260,424,484.0,1.0,1.0,True,True,1,1,0,True,1,1,0,0,True,True,0,12,8,12,8,10,PF_LS_RP,fixed,,,False,0.3333333333333333,0.42018864338084055,0.6666666666666667,0.1,adaptive,remove_random_aisle,offspring,feasible_start_adaptive_spacing,,,,feasible_start_adaptive_spacing,0.5,,True,auto_from_instance,0.75,0.35,"7,15,17,24,25,27,29,30,37,39,43,47","9,15,16,19,26,27,32",,,,,,"H[7,15,17,24,25,27,29,30,37,39,43,47]|V[9,15,16,17,19,26,27,32]",6732d5258a9313035bead181283e041def90bbb2
proposed_nsga2_bs_Gyorgy-KOVACS_WH_Narrow_AW_4_seed_113,proposed_nsga2_bs,Gyorgy-KOVACS_WH_Narrow_AW_4,113,6,auto_from_instance,12,18,4,30,216,,,,,1,1,4,root > V:28 > BH:27 > BV:19 > BV:19,selected,0,inf,True,680,262,418,472.0,1.0,1.0,True,True,1,1,0,True,1,1,0,0,True,True,0,9,7,9,7,1,PF_LS_RP,fixed,,,False,0.3888888888888889,0.45538664882442204,0.6111111111111112,0.1,adaptive,bit_flip,offspring,feasible_start_adaptive_spacing,,,,feasible_start_adaptive_spacing,0.5,,True,auto_from_instance,0.75,0.35,"7,24,27,30,37,43,47,49,54","15,16,19,21,28,30,32",,,,,,"H[7,24,27,30,37,43,47,49,54]|V[15,16,19,21,28,30,32]",fc4825140fa5e2560776b4b932f5ef46c1588f36
proposed_nsga2_bs_Gyorgy-KOVACS_WH_Narrow_AW_4_seed_113,proposed_nsga2_bs,Gyorgy-KOVACS_WH_Narrow_AW_4,113,6,auto_from_instance,12,18,4,30,216,,,,,2,1,4,root > V:28 > BH:27 > BV:19 > BV:21,selected,1,inf,True,680,262,418,524.0,1.0,1.0,True,True,1,1,0,True,1,1,0,0,True,True,0,9,7,9,7,1,PF_LS_RP,fixed,,,False,0.3888888888888889,0.45538664882442204,0.6111111111111112,0.1,adaptive,bit_flip,offspring,feasible_start_adaptive_spacing,,,,feasible_start_adaptive_spacing,0.5,,True,auto_from_instance,0.75,0.35,"7,24,27,30,37,43,47,49,54","15,16,19,21,28,30,32",,,,,,"H[7,24,27,30,37,43,47,49,54]|V[15,16,19,21,28,30,32]",334779b46d5c288ee3031362a71af20db7b63dd5
proposed_nsga2_bs_Gyorgy-KOVACS_WH_Narrow_AW_4_seed_113,proposed_nsga2_bs,Gyorgy-KOVACS_WH_Narrow_AW_4,113,6,auto_from_instance,12,18,4,30,216,,,,,3,1,4,root > V:28 > BH:27 > BV:19 > BV:21,selected,1,0.0,True,680,262,418,524.0,1.0,1.0,True,True,1,1,0,True,1,1,0,0,True,True,0,9,7,9,7,1,PF_LS_RP,fixed,,,False,0.3888888888888889,0.45538664882442204,0.6111111111111112,0.1,adaptive,bit_flip,offspring,feasible_start_adaptive_spacing,,,,feasible_start_adaptive_spacing,0.5,,True,auto_from_instance,0.75,0.35,"7,24,27,30,37,43,47,49,54","15,16,19,21,28,30,32",,,,,,"H[7,24,27,30,37,43,47,49,54]|V[15,16,19,21,28,30,32]",8f2926ac3d427dac9f2e22e7dbb4782d03fe71f9
proposed_nsga2_bs_Gyorgy-KOVACS_WH_Narrow_AW_4_seed_113,proposed_nsga2_bs,Gyorgy-KOVACS_WH_Narrow_AW_4,113,6,auto_from_instance,12,18,4,30,216,,,,,4,1,4,root > V:28 > BH:27 > BV:19 > BV:17,selected,1,0.6768341307814991,True,680,262,418,524.0,1.0,1.0,True,True,1,1,0,True,1,1,0,0,True,True,0,9,8,9,8,1,PF_LS_RP,fixed,,,False,0.3888888888888889,0.45538664882442204,0.6111111111111112,0.1,adaptive,bit_flip,offspring,feasible_start_adaptive_spacing,,,,feasible_start_adaptive_spacing,0.5,,True,auto_from_instance,0.75,0.35,"7,24,27,30,37,43,47,49,54","15,16,19,21,28,30,32",,,,,,"H[7,24,27,30,37,43,47,49,54]|V[15,16,17,19,21,28,30,32]",c3a8d798cccc0ae6137f5d1801f12286f82d75a7
proposed_nsga2_bs_Gyorgy-KOVACS_WH_Narrow_AW_4_seed_113,proposed_nsga2_bs,Gyorgy-KOVACS_WH_Narrow_AW_4,113,6,auto_from_instance,12,18,4,30,216,,,,,5,2,4,root > V:27 > BH:27 > BV:19 > BV:19,selected,1,inf,True,684,260,424,484.0,1.0,1.0,True,True,1,1,0,True,1,1,0,0,True,True,0,12,7,12,7,2,PF_LS_RP,fixed,,,False,0.3888888888888889,0.3621172244682759,0.6111111111111112,0.1,adaptive,swap_segments,offspring,feasible_start_adaptive_spacing,,,,feasible_start_adaptive_spacing,0.5,,True,auto_from_instance,0.75,0.35,"5,15,17,24,25,27,29,30,37,39,43,47","9,15,16,19,26,27,32",,,,,,"H[5,15,17,24,25,27,29,30,37,39,43,47]|V[9,15,16,19,26,27,32]",9baad5a6d6d08df213ec54891109e23b1069a9a5
proposed_nsga2_bs_Gyorgy-KOVACS_WH_Narrow_AW_4_seed_113,proposed_nsga2_bs,Gyorgy-KOVACS_WH_Narrow_AW_4,113,6,auto_from_instance,12,18,4,30,216,,,,,6,2,4,root > V:27 > BH:27 > BV:17 > BV:19,selected,1,0.0,True,684,260,424,484.0,1.0,1.0,True,True,1,1,0,True,1,1,0,0,True,True,0,12,8,12,8,2,PF_LS_RP,fixed,,,False,0.3888888888888889,0.3621172244682759,0.6111111111111112,0.1,adaptive,swap_segments,offspring,feasible_start_adaptive_spacing,,,,feasible_start_adaptive_spacing,0.5,,True,auto_from_instance,0.75,0.35,"5,15,17,24,25,27,29,30,37,39,43,47","9,15,16,19,26,27,32",,,,,,"H[5,15,17,24,25,27,29,30,37,39,43,47]|V[9,15,16,17,19,26,27,32]",7ea492661f4a7d780540a41c5bfc758906148e19
proposed_nsga2_bs_Gyorgy-KOVACS_WH_Narrow_AW_4_seed_113,proposed_nsga2_bs,Gyorgy-KOVACS_WH_Narrow_AW_4,113,6,auto_from_instance,12,18,4,30,216,,,,,7,2,4,root > V:27 > BH:27 > BV:19 > BV:17,selected,1,0.0,True,684,260,424,484.0,1.0,1.0,True,True,1,1,0,True,1,1,0,0,True,True,0,12,8,12,8,2,PF_LS_RP,fixed,,,False,0.3888888888888889,0.3621172244682759,0.6111111111111112,0.1,adaptive,swap_segments,offspring,feasible_start_adaptive_spacing,,,,feasible_start_adaptive_spacing,0.5,,True,auto_from_instance,0.75,0.35,"5,15,17,24,25,27,29,30,37,39,43,47","9,15,16,19,26,27,32",,,,,,"H[5,15,17,24,25,27,29,30,37,39,43,47]|V[9,15,16,17,19,26,27,32]",59c55a28d53f47701301421f850890ad1de7d63b
proposed_nsga2_bs_Gyorgy-KOVACS_WH_Narrow_AW_4_seed_113,proposed_nsga2_bs,Gyorgy-KOVACS_WH_Narrow_AW_4,113,6,auto_from_instance,12,18,4,30,216,,,,,8,2,4,root > V:27 > BH:27 > BV:17 > BV:17,selected,1,inf,True,684,260,424,484.0,1.0,1.0,True,True,1,1,0,True,1,1,0,0,True,True,0,12,8,12,8,2,PF_LS_RP,fixed,,,False,0.3888888888888889,0.3621172244682759,0.6111111111111112,0.1,adaptive,swap_segments,offspring,feasible_start_adaptive_spacing,,,,feasible_start_adaptive_spacing,0.5,,True,auto_from_instance,0.75,0.35,"5,15,17,24,25,27,29,30,37,39,43,47","9,15,16,19,26,27,32",,,,,,"H[5,15,17,24,25,27,29,30,37,39,43,47]|V[9,15,16,17,19,26,27,32]",6732d5258a9313035bead181283e041def90bbb2
proposed_nsga2_bs_Gyorgy-KOVACS_WH_Narrow_AW_4_seed_113,proposed_nsga2_bs,Gyorgy-KOVACS_WH_Narrow_AW_4,113,6,auto_from_instance,12,18,4,30,216,,,,,9,3,9,root > V:15 > BH:27 > BH:5 > BH:15 > BH:25 > BH:37 > BH:47 > BV:23 > BV:30,selected,0,inf,True,592,261,331,462.0,1.0,1.0,True,True,1,1,0,True,1,1,0,0,True,True,0,12,11,12,11,3,PF_LS_RP,fixed,,,False,0.3888888888888889,0.362384475293864,0.6111111111111112,0.1,adaptive,break_symmetry,offspring,feasible_start_adaptive_spacing,,,,feasible_start_adaptive_spacing,0.5,,True,auto_from_instance,0.75,0.35,"5,7,15,17,24,27,28,37,39,47,49","9,15,16,19,21,23,24,26,27,30,32",,,,,,"H[5,7,15,17,24,25,27,28,37,39,47,49]|V[9,15,16,19,21,23,24,26,27,30,32]",9ee2190bb5e677e5dd6004d3c767bf39ff3449fb
proposed_nsga2_bs_Gyorgy-KOVACS_WH_Narrow_AW_4_seed_113,proposed_nsga2_bs,Gyorgy-KOVACS_WH_Narrow_AW_4,113,6,auto_from_instance,12,18,4,30,216,,,,,10,3,9,root > V:15 > BH:27 > BH:49 > BH:39 > BH:29 > BH:17 > BH:7 > BV:23 > BV:30,selected,0,inf,True,592,261,331,462.0,1.0,1.0,True,True,1,1,0,True,1,1,0,0,True,True,0,12,11,12,11,3,PF_LS_RP,fixed,,,False,0.3888888888888889,0.362384475293864,0.6111111111111112,0.1,adaptive,break_symmetry,offspring,feasible_start_adaptive_spacing,,,,feasible_start_adaptive_spacing,0.5,,True,auto_from_instance,0.75,0.35,"5,7,15,17,24,27,28,37,39,47,49","9,15,16,19,21,23,24,26,27,30,32",,,,,,"H[5,7,15,17,24,27,28,29,37,39,47,49]|V[9,15,16,19,21,23,24,26,27,30,32]",eef866e48d563b788dc6683537da31dffdbde584
proposed_nsga2_bs_Gyorgy-KOVACS_WH_Narrow_AW_4_seed_113,proposed_nsga2_bs,Gyorgy-KOVACS_WH_Narrow_AW_4,113,6,auto_from_instance,12,18,4,30,216,,,,,11,12,8,root > V:16 > BH:27 > BH:5 > BH:15 > BH:25 > BH:37 > BH:47 > BV:26,selected,1,inf,True,632,246,386,550.0,1.0,1.0,True,True,1,1,0,True,1,1,0,0,True,True,0,10,9,10,9,12,PF_LS_RP,fixed,,,False,0.3888888888888889,0.41306834970942796,0.6111111111111112,0.1,adaptive,remove_random_aisle,offspring,feasible_start_adaptive_spacing,,,,feasible_start_adaptive_spacing,0.5,,True,auto_from_instance,0.75,0.35,"5,15,24,25,27,29,30,37,38,47","9,16,17,19,21,24,26,27,32",,,,,,"H[5,15,24,25,27,29,30,37,38,47]|V[9,16,17,19,21,24,26,27,32]",08ee812bc396556b6550be0bd82f9266dcd2fe55
proposed_nsga2_bs_Gyorgy-KOVACS_WH_Narrow_AW_4_seed_113,proposed_nsga2_bs,Gyorgy-KOVACS_WH_Narrow_AW_4,113,6,auto_from_instance,12,18,4,30,216,,,,,12,12,8,root > V:16 > BH:27 > BH:49 > BH:39 > BH:29 > BH:17 > BH:7 > BV:26,selected,1,inf,True,632,246,386,550.0,1.0,1.0,True,True,1,1,0,True,1,1,0,0,True,True,0,14,9,14,9,12,PF_LS_RP,fixed,,,False,0.3888888888888889,0.41306834970942796,0.6111111111111112,0.1,adaptive,remove_random_aisle,offspring,feasible_start_adaptive_spacing,,,,feasible_start_adaptive_spacing,0.5,,True,auto_from_instance,0.75,0.35,"5,15,24,25,27,29,30,37,38,47","9,16,17,19,21,24,26,27,32",,,,,,"H[5,7,15,17,24,25,27,29,30,37,38,39,47,49]|V[9,16,17,19,21,24,26,27,32]",660d9dab711cc8220a7c4152b9d81284ad744a59
proposed_nsga2_bs_Gyorgy-KOVACS_WH_Narrow_AW_4_seed_113,proposed_nsga2_bs,Gyorgy-KOVACS_WH_Narrow_AW_4,113,6,auto_from_instance,12,18,4,30,216,,,,,13,12,8,root > V:16 > BH:27 > BH:5 > BH:15 > BH:25 > BH:37 > BH:47 > BV:24,evaluated,2,inf,False,632,246,386,628.0,1.0,1.0,True,True,1,1,0,True,1,1,0,0,True,True,0,10,9,10,9,12,PF_LS_RP,fixed,,,False,0.3888888888888889,0.41306834970942796,0.6111111111111112,0.1,adaptive,remove_random_aisle,offspring,feasible_start_adaptive_spacing,,,,feasible_start_adaptive_spacing,0.5,,True,auto_from_instance,0.75,0.35,"5,15,24,25,27,29,30,37,38,47","9,16,17,19,21,24,26,27,32",,,,,,"H[5,15,24,25,27,29,30,37,38,47]|V[9,16,17,19,21,24,26,27,32]",fe71932ea9ef92cbca4e0b578f20f6e88be50370
proposed_nsga2_bs_Gyorgy-KOVACS_WH_Narrow_AW_4_seed_113,proposed_nsga2_bs,Gyorgy-KOVACS_WH_Narrow_AW_4,113,6,auto_from_instance,12,18,4,30,216,,,,,14,12,8,root > V:16 > BH:27 > BH:49 > BH:39 > BH:29 > BH:17 > BH:7 > BV:24,evaluated,2,inf,False,632,246,386,628.0,1.0,1.0,True,True,1,1,0,True,1,1,0,0,True,True,0,14,9,14,9,12,PF_LS_RP,fixed,,,False,0.3888888888888889,0.41306834970942796,0.6111111111111112,0.1,adaptive,remove_random_aisle,offspring,feasible_start_adaptive_spacing,,,,feasible_start_adaptive_spacing,0.5,,True,auto_from_instance,0.75,0.35,"5,15,24,25,27,29,30,37,38,47","9,16,17,19,21,24,26,27,32",,,,,,"H[5,7,15,17,24,25,27,29,30,37,38,39,47,49]|V[9,16,17,19,21,24,26,27,32]",9696e3fb0a981a3c866440c46c54987a8cf3ab94
proposed_nsga2_bs_Gyorgy-KOVACS_WH_Narrow_AW_4_seed_113,proposed_nsga2_bs,Gyorgy-KOVACS_WH_Narrow_AW_4,113,7,auto_from_instance,12,18,4,30,216,,,,,1,1,8,root > V:16 > BH:27 > BH:5 > BH:15 > BH:25 > BH:37 > BH:47 > BV:26,selected,1,inf,True,632,246,386,550.0,1.0,1.0,True,True,1,1,0,True,1,1,0,0,True,True,0,10,11,10,11,1,PF_LS_RP,fixed,,,False,0.4444444444444444,0.4661609007190392,0.5555555555555556,0.1,adaptive,swap_segments,offspring,feasible_start_adaptive_spacing,,,,feasible_start_adaptive_spacing,0.5,,True,auto_from_instance,0.75,0.35,"5,15,24,25,27,29,30,37,38,47","9,16,17,19,21,23,24,26,27,30,32",,,,,,"H[5,15,24,25,27,29,30,37,38,47]|V[9,16,17,19,21,23,24,26,27,30,32]",08ee812bc396556b6550be0bd82f9266dcd2fe55
proposed_nsga2_bs_Gyorgy-KOVACS_WH_Narrow_AW_4_seed_113,proposed_nsga2_bs,Gyorgy-KOVACS_WH_Narrow_AW_4,113,7,auto_from_instance,12,18,4,30,216,,,,,2,1,8,root > V:16 > BH:27 > BH:49 > BH:39 > BH:29 > BH:17 > BH:7 > BV:26,selected,1,inf,True,632,246,386,550.0,1.0,1.0,True,True,1,1,0,True,1,1,0,0,True,True,0,14,11,14,11,1,PF_LS_RP,fixed,,,False,0.4444444444444444,0.4661609007190392,0.5555555555555556,0.1,adaptive,swap_segments,offspring,feasible_start_adaptive_spacing,,,,feasible_start_adaptive_spacing,0.5,,True,auto_from_instance,0.75,0.35,"5,15,24,25,27,29,30,37,38,47","9,16,17,19,21,23,24,26,27,30,32",,,,,,"H[5,7,15,17,24,25,27,29,30,37,38,39,47,49]|V[9,16,17,19,21,23,24,26,27,30,32]",660d9dab711cc8220a7c4152b9d81284ad744a59
proposed_nsga2_bs_Gyorgy-KOVACS_WH_Narrow_AW_4_seed_113,proposed_nsga2_bs,Gyorgy-KOVACS_WH_Narrow_AW_4,113,7,auto_from_instance,12,18,4,30,216,,,,,3,1,8,root > V:16 > BH:27 > BH:5 > BH:15 > BH:25 > BH:37 > BH:47 > BV:24,evaluated,2,inf,False,632,246,386,628.0,1.0,1.0,True,True,1,1,0,True,1,1,0,0,True,True,0,10,11,10,11,1,PF_LS_RP,fixed,,,False,0.4444444444444444,0.4661609007190392,0.5555555555555556,0.1,adaptive,swap_segments,offspring,feasible_start_adaptive_spacing,,,,feasible_start_adaptive_spacing,0.5,,True,auto_from_instance,0.75,0.35,"5,15,24,25,27,29,30,37,38,47","9,16,17,19,21,23,24,26,27,30,32",,,,,,"H[5,15,24,25,27,29,30,37,38,47]|V[9,16,17,19,21,23,24,26,27,30,32]",fe71932ea9ef92cbca4e0b578f20f6e88be50370
proposed_nsga2_bs_Gyorgy-KOVACS_WH_Narrow_AW_4_seed_113,proposed_nsga2_bs,Gyorgy-KOVACS_WH_Narrow_AW_4,113,7,auto_from_instance,12,18,4,30,216,,,,,4,1,8,root > V:16 > BH:27 > BH:49 > BH:39 > BH:29 > BH:17 > BH:7 > BV:24,evaluated,2,inf,False,632,246,386,628.0,1.0,1.0,True,True,1,1,0,True,1,1,0,0,True,True,0,14,11,14,11,1,PF_LS_RP,fixed,,,False,0.4444444444444444,0.4661609007190392,0.5555555555555556,0.1,adaptive,swap_segments,offspring,feasible_start_adaptive_spacing,,,,feasible_start_adaptive_spacing,0.5,,True,auto_from_instance,0.75,0.35,"5,15,24,25,27,29,30,37,38,47","9,16,17,19,21,23,24,26,27,30,32",,,,,,"H[5,7,15,17,24,25,27,29,30,37,38,39,47,49]|V[9,16,17,19,21,23,24,26,27,30,32]",9696e3fb0a981a3c866440c46c54987a8cf3ab94
proposed_nsga2_bs_Gyorgy-KOVACS_WH_Narrow_AW_4_seed_113,proposed_nsga2_bs,Gyorgy-KOVACS_WH_Narrow_AW_4,113,7,auto_from_instance,12,18,4,30,216,,,,,5,2,9,root > V:15 > BH:27 > BH:5 > BH:15 > BH:25 > BH:37 > BH:47 > BV:23 > BV:30,selected,0,inf,True,592,261,331,462.0,1.0,1.0,True,True,1,1,0,True,1,1,0,0,True,True,0,14,11,14,11,2,PF_LS_RP,fixed,,,False,0.4444444444444444,0.451532047551048,0.5555555555555556,0.1,adaptive,bit_flip,offspring,feasible_start_adaptive_spacing,,,,feasible_start_adaptive_spacing,0.5,,True,auto_from_instance,0.75,0.35,"4,5,7,15,17,24,27,28,29,37,39,47,49","9,15,16,19,21,24,26,27,32",,,,,,"H[4,5,7,15,17,24,25,27,28,29,37,39,47,49]|V[9,15,16,19,21,23,24,26,27,30,32]",9ee2190bb5e677e5dd6004d3c767bf39ff3449fb
proposed_nsga2_bs_Gyorgy-KOVACS_WH_Narrow_AW_4_seed_113,proposed_nsga2_bs,Gyorgy-KOVACS_WH_Narrow_AW_4,113,7,auto_from_instance,12,18,4,30,216,,,,,6,2,9,root > V:15 > BH:27 > BH:49 > BH:39 > BH:29 > BH:17 > BH:7 > BV:23 > BV:30,selected,0,inf,True,592,261,331,462.0,1.0,1.0,True,True,1,1,0,True,1,1,0,0,True,True,0,13,11,13,11,2,PF_LS_RP,fixed,,,False,0.4444444444444444,0.451532047551048,0.5555555555555556,0.1,adaptive,bit_flip,offspring,feasible_start_adaptive_spacing,,,,feasible_start_adaptive_spacing,0.5,,True,auto_from_instance,0.75,0.35,"4,5,7,15,17,24,27,28,29,37,39,47,49","9,15,16,19,21,24,26,27,32",,,,,,"H[4,5,7,15,17,24,27,28,29,37,39,47,49]|V[9,15,16,19,21,23,24,26,27,30,32]",eef866e48d563b788dc6683537da31dffdbde584
proposed_nsga2_bs_Gyorgy-KOVACS_WH_Narrow_AW_4_seed_113,proposed_nsga2_bs,Gyorgy-KOVACS_WH_Narrow_AW_4,113,7,auto_from_instance,12,18,4,30,216,,,,,7,3,4,root > V:27 > BH:27 > BV:19 > BV:19,selected,1,inf,True,684,260,424,484.0,1.0,1.0,True,True,1,1,0,True,1,1,0,0,True,True,0,12,7,12,7,3,PF_LS_RP,fixed,,,False,0.4444444444444444,0.4178502213457824,0.5555555555555556,0.1,adaptive,bit_flip,offspring,feasible_start_adaptive_spacing,,,,feasible_start_adaptive_spacing,0.5,,True,auto_from_instance,0.75,0.35,"5,15,17,24,25,27,29,30,37,39,43,47","9,15,16,26,27,32",,,,,,"H[5,15,17,24,25,27,29,30,37,39,43,47]|V[9,15,16,19,26,27,32]",9baad5a6d6d08df213ec54891109e23b1069a9a5
proposed_nsga2_bs_Gyorgy-KOVACS_WH_Narrow_AW_4_seed_113,proposed_nsga2_bs,Gyorgy-KOVACS_WH_Narrow_AW_4,113,7,auto_from_instance,12,18,4,30,216,,,,,8,3,4,root > V:27 > BH:27 > BV:17 > BV:19,selected,1,0.0,True,684,260,424,484.0,1.0,1.0,True,True,1,1,0,True,1,1,0,0,True,True,0,12,8,12,8,3,PF_LS_RP,fixed,,,False,0.4444444444444444,0.4178502213457824,0.5555555555555556,0.1,adaptive,bit_flip,offspring,feasible_start_adaptive_spacing,,,,feasible_start_adaptive_spacing,0.5,,True,auto_from_instance,0.75,0.35,"5,15,17,24,25,27,29,30,37,39,43,47","9,15,16,26,27,32",,,,,,"H[5,15,17,24,25,27,29,30,37,39,43,47]|V[9,15,16,17,19,26,27,32]",7ea492661f4a7d780540a41c5bfc758906148e19
proposed_nsga2_bs_Gyorgy-KOVACS_WH_Narrow_AW_4_seed_113,proposed_nsga2_bs,Gyorgy-KOVACS_WH_Narrow_AW_4,113,7,auto_from_instance,12,18,4,30,216,,,,,9,3,4,root > V:27 > BH:27 > BV:19 > BV:17,selected,1,0.0,True,684,260,424,484.0,1.0,1.0,True,True,1,1,0,True,1,1,0,0,True,True,0,12,8,12,8,3,PF_LS_RP,fixed,,,False,0.4444444444444444,0.4178502213457824,0.5555555555555556,0.1,adaptive,bit_flip,offspring,feasible_start_adaptive_spacing,,,,feasible_start_adaptive_spacing,0.5,,True,auto_from_instance,0.75,0.35,"5,15,17,24,25,27,29,30,37,39,43,47","9,15,16,26,27,32",,,,,,"H[5,15,17,24,25,27,29,30,37,39,43,47]|V[9,15,16,17,19,26,27,32]",59c55a28d53f47701301421f850890ad1de7d63b
proposed_nsga2_bs_Gyorgy-KOVACS_WH_Narrow_AW_4_seed_113,proposed_nsga2_bs,Gyorgy-KOVACS_WH_Narrow_AW_4,113,7,auto_from_instance,12,18,4,30,216,,,,,10,3,4,root > V:27 > BH:27 > BV:17 > BV:17,selected,1,inf,True,684,260,424,484.0,1.0,1.0,True,True,1,1,0,True,1,1,0,0,True,True,0,12,7,12,7,3,PF_LS_RP,fixed,,,False,0.4444444444444444,0.4178502213457824,0.5555555555555556,0.1,adaptive,bit_flip,offspring,feasible_start_adaptive_spacing,,,,feasible_start_adaptive_spacing,0.5,,True,auto_from_instance,0.75,0.35,"5,15,17,24,25,27,29,30,37,39,43,47","9,15,16,26,27,32",,,,,,"H[5,15,17,24,25,27,29,30,37,39,43,47]|V[9,15,16,17,26,27,32]",6732d5258a9313035bead181283e041def90bbb2
proposed_nsga2_bs_Gyorgy-KOVACS_WH_Narrow_AW_4_seed_113,proposed_nsga2_bs,Gyorgy-KOVACS_WH_Narrow_AW_4,113,7,auto_from_instance,12,18,4,30,216,,,,,11,6,4,root > V:28 > BH:27 > BV:19 > BV:19,selected,0,inf,True,680,262,418,472.0,1.0,1.0,True,True,1,1,0,True,1,1,0,0,True,True,0,8,11,8,11,6,PF_LS_RP,fixed,,,False,0.4444444444444444,0.520275173536042,0.5555555555555556,0.1,adaptive,insert_random_aisle,offspring,feasible_start_adaptive_spacing,,,,feasible_start_adaptive_spacing,0.5,,True,auto_from_instance,0.75,0.35,"7,24,27,30,37,47,49,54","7,15,16,19,21,23,24,26,28,30,32",,,,,,"H[7,24,27,30,37,47,49,54]|V[7,15,16,19,21,23,24,26,28,30,32]",fc4825140fa5e2560776b4b932f5ef46c1588f36
proposed_nsga2_bs_Gyorgy-KOVACS_WH_Narrow_AW_4_seed_113,proposed_nsga2_bs,Gyorgy-KOVACS_WH_Narrow_AW_4,113,7,auto_from_instance,12,18,4,30,216,,,,,12,6,4,root > V:28 > BH:27 > BV:19 > BV:21,selected,1,inf,True,680,262,418,524.0,1.0,1.0,True,True,1,1,0,True,1,1,0,0,True,True,0,8,11,8,11,6,PF_LS_RP,fixed,,,False,0.4444444444444444,0.520275173536042,0.5555555555555556,0.1,adaptive,insert_random_aisle,offspring,feasible_start_adaptive_spacing,,,,feasible_start_adaptive_spacing,0.5,,True,auto_from_instance,0.75,0.35,"7,24,27,30,37,47,49,54","7,15,16,19,21,23,24,26,28,30,32",,,,,,"H[7,24,27,30,37,47,49,54]|V[7,15,16,19,21,23,24,26,28,30,32]",334779b46d5c288ee3031362a71af20db7b63dd5
proposed_nsga2_bs_Gyorgy-KOVACS_WH_Narrow_AW_4_seed_113,proposed_nsga2_bs,Gyorgy-KOVACS_WH_Narrow_AW_4,113,7,auto_from_instance,12,18,4,30,216,,,,,13,6,4,root > V:28 > BH:27 > BV:19 > BV:21,selected,1,0.0,True,680,262,418,524.0,1.0,1.0,True,True,1,1,0,True,1,1,0,0,True,True,0,8,11,8,11,6,PF_LS_RP,fixed,,,False,0.4444444444444444,0.520275173536042,0.5555555555555556,0.1,adaptive,insert_random_aisle,offspring,feasible_start_adaptive_spacing,,,,feasible_start_adaptive_spacing,0.5,,True,auto_from_instance,0.75,0.35,"7,24,27,30,37,47,49,54","7,15,16,19,21,23,24,26,28,30,32",,,,,,"H[7,24,27,30,37,47,49,54]|V[7,15,16,19,21,23,24,26,28,30,32]",8f2926ac3d427dac9f2e22e7dbb4782d03fe71f9
proposed_nsga2_bs_Gyorgy-KOVACS_WH_Narrow_AW_4_seed_113,proposed_nsga2_bs,Gyorgy-KOVACS_WH_Narrow_AW_4,113,7,auto_from_instance,12,18,4,30,216,,,,,14,6,4,root > V:28 > BH:27 > BV:19 > BV:17,selected,1,0.6768341307814991,True,680,262,418,524.0,1.0,1.0,True,True,1,1,0,True,1,1,0,0,True,True,0,8,12,8,12,6,PF_LS_RP,fixed,,,False,0.4444444444444444,0.520275173536042,0.5555555555555556,0.1,adaptive,insert_random_aisle,offspring,feasible_start_adaptive_spacing,,,,feasible_start_adaptive_spacing,0.5,,True,auto_from_instance,0.75,0.35,"7,24,27,30,37,47,49,54","7,15,16,19,21,23,24,26,28,30,32",,,,,,"H[7,24,27,30,37,47,49,54]|V[7,15,16,17,19,21,23,24,26,28,30,32]",c3a8d798cccc0ae6137f5d1801f12286f82d75a7
proposed_nsga2_bs_Gyorgy-KOVACS_WH_Narrow_AW_4_seed_113,proposed_nsga2_bs,Gyorgy-KOVACS_WH_Narrow_AW_4,113,8,auto_from_instance,12,18,4,30,216,,,,,1,1,9,root > V:15 > BH:27 > BH:5 > BH:15 > BH:25 > BH:37 > BH:47 > BV:23 > BV:30,selected,0,inf,True,592,261,331,462.0,1.0,1.0,True,True,1,1,0,True,1,1,0,0,True,True,0,17,11,17,11,1,PF_LS_RP,fixed,,,False,0.5,0.4979273103287225,0.5,0.1,adaptive,spacing_aware_flip,offspring,feasible_start_adaptive_spacing,,,,feasible_start_adaptive_spacing,0.5,,True,auto_from_instance,0.75,0.35,"4,5,7,15,17,24,27,28,29,30,37,38,39,47,49,57","9,15,16,19,21,23,24,26,27,30,32",,,,,,"H[4,5,7,15,17,24,25,27,28,29,30,37,38,39,47,49,57]|V[9,15,16,19,21,23,24,26,27,30,32]",9ee2190bb5e677e5dd6004d3c767bf39ff3449fb
proposed_nsga2_bs_Gyorgy-KOVACS_WH_Narrow_AW_4_seed_113,proposed_nsga2_bs,Gyorgy-KOVACS_WH_Narrow_AW_4,113,8,auto_from_instance,12,18,4,30,216,,,,,2,1,9,root > V:15 > BH:27 > BH:49 > BH:39 > BH:29 > BH:17 > BH:7 > BV:23 > BV:30,selected,0,inf,True,592,261,331,462.0,1.0,1.0,True,True,1,1,0,True,1,1,0,0,True,True,0,16,11,16,11,1,PF_LS_RP,fixed,,,False,0.5,0.4979273103287225,0.5,0.1,adaptive,spacing_aware_flip,offspring,feasible_start_adaptive_spacing,,,,feasible_start_adaptive_spacing,0.5,,True,auto_from_instance,0.75,0.35,"4,5,7,15,17,24,27,28,29,30,37,38,39,47,49,57","9,15,16,19,21,23,24,26,27,30,32",,,,,,"H[4,5,7,15,17,24,27,28,29,30,37,38,39,47,49,57]|V[9,15,16,19,21,23,24,26,27,30,32]",eef866e48d563b788dc6683537da31dffdbde584
proposed_nsga2_bs_Gyorgy-KOVACS_WH_Narrow_AW_4_seed_113,proposed_nsga2_bs,Gyorgy-KOVACS_WH_Narrow_AW_4,113,8,auto_from_instance,12,18,4,30,216,,,,,3,2,8,root > V:16 > BH:27 > BH:5 > BH:15 > BH:25 > BH:37 > BH:47 > BV:26,selected,1,inf,True,632,246,386,550.0,1.0,1.0,True,True,1,1,0,True,1,1,0,0,True,True,0,12,11,12,11,2,PF_LS_RP,fixed,,,False,0.5,0.5294544811871637,0.5,0.1,adaptive,bit_flip,offspring,feasible_start_adaptive_spacing,,,,feasible_start_adaptive_spacing,0.5,,True,auto_from_instance,0.75,0.35,"5,7,15,17,24,25,27,29,39,47,49","9,16,17,19,21,23,24,26,27,30,32",,,,,,"H[5,7,15,17,24,25,27,29,37,39,47,49]|V[9,16,17,19,21,23,24,26,27,30,32]",08ee812bc396556b6550be0bd82f9266dcd2fe55
proposed_nsga2_bs_Gyorgy-KOVACS_WH_Narrow_AW_4_seed_113,proposed_nsga2_bs,Gyorgy-KOVACS_WH_Narrow_AW_4,113,8,auto_from_instance,12,18,4,30,216,,,,,4,2,8,root > V:16 > BH:27 > BH:49 > BH:39 > BH:29 > BH:17 > BH:7 > BV:26,selected,1,inf,True,632,246,386,550.0,1.0,1.0,True,True,1,1,0,True,1,1,0,0,True,True,0,11,11,11,11,2,PF_LS_RP,fixed,,,False,0.5,0.5294544811871637,0.5,0.1,adaptive,bit_flip,offspring,feasible_start_adaptive_spacing,,,,feasible_start_adaptive_spacing,0.5,,True,auto_from_instance,0.75,0.35,"5,7,15,17,24,25,27,29,39,47,49","9,16,17,19,21,23,24,26,27,30,32",,,,,,"H[5,7,15,17,24,25,27,29,39,47,49]|V[9,16,17,19,21,23,24,26,27,30,32]",660d9dab711cc8220a7c4152b9d81284ad744a59
proposed_nsga2_bs_Gyorgy-KOVACS_WH_Narrow_AW_4_seed_113,proposed_nsga2_bs,Gyorgy-KOVACS_WH_Narrow_AW_4,113,8,auto_from_instance,12,18,4,30,216,,,,,5,2,8,root > V:16 > BH:27 > BH:5 > BH:15 > BH:25 > BH:37 > BH:47 > BV:24,evaluated,2,inf,False,632,246,386,628.0,1.0,1.0,True,True,1,1,0,True,1,1,0,0,True,True,0,12,11,12,11,2,PF_LS_RP,fixed,,,False,0.5,0.5294544811871637,0.5,0.1,adaptive,bit_flip,offspring,feasible_start_adaptive_spacing,,,,feasible_start_adaptive_spacing,0.5,,True,auto_from_instance,0.75,0.35,"5,7,15,17,24,25,27,29,39,47,49","9,16,17,19,21,23,24,26,27,30,32",,,,,,"H[5,7,15,17,24,25,27,29,37,39,47,49]|V[9,16,17,19,21,23,24,26,27,30,32]",fe71932ea9ef92cbca4e0b578f20f6e88be50370
proposed_nsga2_bs_Gyorgy-KOVACS_WH_Narrow_AW_4_seed_113,proposed_nsga2_bs,Gyorgy-KOVACS_WH_Narrow_AW_4,113,8,auto_from_instance,12,18,4,30,216,,,,,6,2,8,root > V:16 > BH:27 > BH:49 > BH:39 > BH:29 > BH:17 > BH:7 > BV:24,evaluated,2,inf,False,632,246,386,628.0,1.0,1.0,True,True,1,1,0,True,1,1,0,0,True,True,0,11,11,11,11,2,PF_LS_RP,fixed,,,False,0.5,0.5294544811871637,0.5,0.1,adaptive,bit_flip,offspring,feasible_start_adaptive_spacing,,,,feasible_start_adaptive_spacing,0.5,,True,auto_from_instance,0.75,0.35,"5,7,15,17,24,25,27,29,39,47,49","9,16,17,19,21,23,24,26,27,30,32",,,,,,"H[5,7,15,17,24,25,27,29,39,47,49]|V[9,16,17,19,21,23,24,26,27,30,32]",9696e3fb0a981a3c866440c46c54987a8cf3ab94
proposed_nsga2_bs_Gyorgy-KOVACS_WH_Narrow_AW_4_seed_113,proposed_nsga2_bs,Gyorgy-KOVACS_WH_Narrow_AW_4,113,8,auto_from_instance,12,18,4,30,216,,,,,7,5,4,root > V:27 > BH:27 > BV:19 > BV:19,selected,1,inf,True,684,260,424,484.0,1.0,1.0,True,True,1,1,0,True,1,1,0,0,True,True,0,14,11,14,11,5,PF_LS_RP,fixed,,,False,0.5,0.525697789610155,0.5,0.1,adaptive,remove_random_aisle,offspring,feasible_start_adaptive_spacing,,,,feasible_start_adaptive_spacing,0.5,,True,auto_from_instance,0.75,0.35,"5,7,15,17,24,25,27,29,30,37,38,39,47,49","9,15,16,21,23,24,26,27,30,32",,,,,,"H[5,7,15,17,24,25,27,29,30,37,38,39,47,49]|V[9,15,16,19,21,23,24,26,27,30,32]",9baad5a6d6d08df213ec54891109e23b1069a9a5
proposed_nsga2_bs_Gyorgy-KOVACS_WH_Narrow_AW_4_seed_113,proposed_nsga2_bs,Gyorgy-KOVACS_WH_Narrow_AW_4,113,8,auto_from_instance,12,18,4,30,216,,,,,8,5,4,root > V:27 > BH:27 > BV:17 > BV:19,selected,1,0.0,True,684,260,424,484.0,1.0,1.0,True,True,1,1,0,True,1,1,0,0,True,True,0,14,12,14,12,5,PF_LS_RP,fixed,,,False,0.5,0.525697789610155,0.5,0.1,adaptive,remove_random_aisle,offspring,feasible_start_adaptive_spacing,,,,feasible_start_adaptive_spacing,0.5,,True,auto_from_instance,0.75,0.35,"5,7,15,17,24,25,27,29,30,37,38,39,47,49","9,15,16,21,23,24,26,27,30,32",,,,,,"H[5,7,15,17,24,25,27,29,30,37,38,39,47,49]|V[9,15,16,17,19,21,23,24,26,27,30,32]",7ea492661f4a7d780540a41c5bfc758906148e19
proposed_nsga2_bs_Gyorgy-KOVACS_WH_Narrow_AW_4_seed_113,proposed_nsga2_bs,Gyorgy-KOVACS_WH_Narrow_AW_4,113,8,auto_from_instance,12,18,4,30,216,,,,,9,5,4,root > V:27 > BH:27 > BV:19 > BV:17,selected,1,0.0,True,684,260,424,484.0,1.0,1.0,True,True,1,1,0,True,1,1,0,0,True,True,0,14,12,14,12,5,PF_LS_RP,fixed,,,False,0.5,0.525697789610155,0.5,0.1,adaptive,remove_random_aisle,offspring,feasible_start_adaptive_spacing,,,,feasible_start_adaptive_spacing,0.5,,True,auto_from_instance,0.75,0.35,"5,7,15,17,24,25,27,29,30,37,38,39,47,49","9,15,16,21,23,24,26,27,30,32",,,,,,"H[5,7,15,17,24,25,27,29,30,37,38,39,47,49]|V[9,15,16,17,19,21,23,24,26,27,30,32]",59c55a28d53f47701301421f850890ad1de7d63b
proposed_nsga2_bs_Gyorgy-KOVACS_WH_Narrow_AW_4_seed_113,proposed_nsga2_bs,Gyorgy-KOVACS_WH_Narrow_AW_4,113,8,auto_from_instance,12,18,4,30,216,,,,,10,5,4,root > V:27 > BH:27 > BV:17 > BV:17,selected,1,inf,True,684,260,424,484.0,1.0,1.0,True,True,1,1,0,True,1,1,0,0,True,True,0,14,11,14,11,5,PF_LS_RP,fixed,,,False,0.5,0.525697789610155,0.5,0.1,adaptive,remove_random_aisle,offspring,feasible_start_adaptive_spacing,,,,feasible_start_adaptive_spacing,0.5,,True,auto_from_instance,0.75,0.35,"5,7,15,17,24,25,27,29,30,37,38,39,47,49","9,15,16,21,23,24,26,27,30,32",,,,,,"H[5,7,15,17,24,25,27,29,30,37,38,39,47,49]|V[9,15,16,17,21,23,24,26,27,30,32]",6732d5258a9313035bead181283e041def90bbb2
proposed_nsga2_bs_Gyorgy-KOVACS_WH_Narrow_AW_4_seed_113,proposed_nsga2_bs,Gyorgy-KOVACS_WH_Narrow_AW_4,113,8,auto_from_instance,12,18,4,30,216,,,,,11,8,4,root > V:28 > BH:27 > BV:19 > BV:19,selected,0,inf,True,680,262,418,472.0,1.0,1.0,True,True,1,1,0,True,1,1,0,0,True,True,0,8,10,8,10,8,PF_LS_RP,fixed,,,False,0.5,0.4983215685631584,0.5,0.1,adaptive,spacing_aware_flip,offspring,feasible_start_adaptive_spacing,,,,feasible_start_adaptive_spacing,0.5,,True,auto_from_instance,0.75,0.35,"7,18,24,27,30,37,43,47","7,15,16,17,19,26,27,28,30,32",,,,,,"H[7,18,24,27,30,37,43,47]|V[7,15,16,17,19,26,27,28,30,32]",fc4825140fa5e2560776b4b932f5ef46c1588f36
proposed_nsga2_bs_Gyorgy-KOVACS_WH_Narrow_AW_4_seed_113,proposed_nsga2_bs,Gyorgy-KOVACS_WH_Narrow_AW_4,113,8,auto_from_instance,12,18,4,30,216,,,,,12,8,4,root > V:28 > BH:27 > BV:19 > BV:21,selected,1,inf,True,680,262,418,524.0,1.0,1.0,True,True,1,1,0,True,1,1,0,0,True,True,0,8,11,8,11,8,PF_LS_RP,fixed,,,False,0.5,0.4983215685631584,0.5,0.1,adaptive,spacing_aware_flip,offspring,feasible_start_adaptive_spacing,,,,feasible_start_adaptive_spacing,0.5,,True,auto_from_instance,0.75,0.35,"7,18,24,27,30,37,43,47","7,15,16,17,19,26,27,28,30,32",,,,,,"H[7,18,24,27,30,37,43,47]|V[7,15,16,17,19,21,26,27,28,30,32]",334779b46d5c288ee3031362a71af20db7b63dd5
proposed_nsga2_bs_Gyorgy-KOVACS_WH_Narrow_AW_4_seed_113,proposed_nsga2_bs,Gyorgy-KOVACS_WH_Narrow_AW_4,113,8,auto_from_instance,12,18,4,30,216,,,,,13,8,4,root > V:28 > BH:27 > BV:19 > BV:21,selected,1,0.0,True,680,262,418,524.0,1.0,1.0,True,True,1,1,0,True,1,1,0,0,True,True,0,8,11,8,11,8,PF_LS_RP,fixed,,,False,0.5,0.4983215685631584,0.5,0.1,adaptive,spacing_aware_flip,offspring,feasible_start_adaptive_spacing,,,,feasible_start_adaptive_spacing,0.5,,True,auto_from_instance,0.75,0.35,"7,18,24,27,30,37,43,47","7,15,16,17,19,26,27,28,30,32",,,,,,"H[7,18,24,27,30,37,43,47]|V[7,15,16,17,19,21,26,27,28,30,32]",8f2926ac3d427dac9f2e22e7dbb4782d03fe71f9
proposed_nsga2_bs_Gyorgy-KOVACS_WH_Narrow_AW_4_seed_113,proposed_nsga2_bs,Gyorgy-KOVACS_WH_Narrow_AW_4,113,8,auto_from_instance,12,18,4,30,216,,,,,14,8,4,root > V:28 > BH:27 > BV:19 > BV:17,selected,1,0.6768341307814991,True,680,262,418,524.0,1.0,1.0,True,True,1,1,0,True,1,1,0,0,True,True,0,8,10,8,10,8,PF_LS_RP,fixed,,,False,0.5,0.4983215685631584,0.5,0.1,adaptive,spacing_aware_flip,offspring,feasible_start_adaptive_spacing,,,,feasible_start_adaptive_spacing,0.5,,True,auto_from_instance,0.75,0.35,"7,18,24,27,30,37,43,47","7,15,16,17,19,26,27,28,30,32",,,,,,"H[7,18,24,27,30,37,43,47]|V[7,15,16,17,19,26,27,28,30,32]",c3a8d798cccc0ae6137f5d1801f12286f82d75a7
proposed_nsga2_bs_Gyorgy-KOVACS_WH_Narrow_AW_4_seed_113,proposed_nsga2_bs,Gyorgy-KOVACS_WH_Narrow_AW_4,113,9,auto_from_instance,12,18,4,30,216,,,,,1,1,9,root > V:15 > BH:27 > BH:5 > BH:15 > BH:25 > BH:37 > BH:47 > BV:23 > BV:30,selected,0,inf,True,592,261,331,462.0,1.0,1.0,True,True,1,1,0,True,1,1,0,0,True,True,0,17,11,17,11,1,PF_LS_RP,fixed,,,False,0.5555555555555556,0.5507917439222633,0.4444444444444444,0.1,adaptive,insert_random_aisle,offspring,feasible_start_adaptive_spacing,,,,feasible_start_adaptive_spacing,0.5,,True,auto_from_instance,0.75,0.35,"5,7,9,15,17,24,27,28,29,30,37,38,39,47,49,57","9,15,16,19,21,23,24,26,27,30,32",,,,,,"H[5,7,9,15,17,24,25,27,28,29,30,37,38,39,47,49,57]|V[9,15,16,19,21,23,24,26,27,30,32]",9ee2190bb5e677e5dd6004d3c767bf39ff3449fb
proposed_nsga2_bs_Gyorgy-KOVACS_WH_Narrow_AW_4_seed_113,proposed_nsga2_bs,Gyorgy-KOVACS_WH_Narrow_AW_4,113,9,auto_from_instance,12,18,4,30,216,,,,,2,1,9,root > V:15 > BH:27 > BH:49 > BH:39 > BH:29 > BH:17 > BH:7 > BV:23 > BV:30,selected,0,inf,True,592,261,331,462.0,1.0,1.0,True,True,1,1,0,True,1,1,0,0,True,True,0,16,11,16,11,1,PF_LS_RP,fixed,,,False,0.5555555555555556,0.5507917439222633,0.4444444444444444,0.1,adaptive,insert_random_aisle,offspring,feasible_start_adaptive_spacing,,,,feasible_start_adaptive_spacing,0.5,,True,auto_from_instance,0.75,0.35,"5,7,9,15,17,24,27,28,29,30,37,38,39,47,49,57","9,15,16,19,21,23,24,26,27,30,32",,,,,,"H[5,7,9,15,17,24,27,28,29,30,37,38,39,47,49,57]|V[9,15,16,19,21,23,24,26,27,30,32]",eef866e48d563b788dc6683537da31dffdbde584
proposed_nsga2_bs_Gyorgy-KOVACS_WH_Narrow_AW_4_seed_113,proposed_nsga2_bs,Gyorgy-KOVACS_WH_Narrow_AW_4,113,9,auto_from_instance,12,18,4,30,216,,,,,3,3,8,root > V:16 > BH:27 > BH:5 > BH:15 > BH:25 > BH:37 > BH:47 > BV:26,selected,1,inf,True,632,246,386,550.0,1.0,1.0,True,True,1,1,0,True,1,1,0,0,True,True,0,11,12,11,12,3,PF_LS_RP,fixed,,,False,0.5555555555555556,0.5827641769090751,0.4444444444444444,0.1,adaptive,remove_random_aisle,offspring,feasible_start_adaptive_spacing,,,,feasible_start_adaptive_spacing,0.5,,True,auto_from_instance,0.75,0.35,"7,18,24,37,39,47,49","7,15,16,17,19,21,23,24,26,27,30,32",,,,,,"H[5,7,15,18,24,25,27,37,39,47,49]|V[7,15,16,17,19,21,23,24,26,27,30,32]",08ee812bc396556b6550be0bd82f9266dcd2fe55
proposed_nsga2_bs_Gyorgy-KOVACS_WH_Narrow_AW_4_seed_113,proposed_nsga2_bs,Gyorgy-KOVACS_WH_Narrow_AW_4,113,9,auto_from_instance,12,18,4,30,216,,,,,4,3,8,root > V:16 > BH:27 > BH:49 > BH:39 > BH:29 > BH:17 > BH:7 > BV:26,selected,1,inf,True,632,246,386,550.0,1.0,1.0,True,True,1,1,0,True,1,1,0,0,True,True,0,10,12,10,12,3,PF_LS_RP,fixed,,,False,0.5555555555555556,0.5827641769090751,0.4444444444444444,0.1,adaptive,remove_random_aisle,offspring,feasible_start_adaptive_spacing,,,,feasible_start_adaptive_spacing,0.5,,True,auto_from_instance,0.75,0.35,"7,18,24,37,39,47,49","7,15,16,17,19,21,23,24,26,27,30,32",,,,,,"H[7,17,18,24,27,29,37,39,47,49]|V[7,15,16,17,19,21,23,24,26,27,30,32]",660d9dab711cc8220a7c4152b9d81284ad744a59
proposed_nsga2_bs_Gyorgy-KOVACS_WH_Narrow_AW_4_seed_113,proposed_nsga2_bs,Gyorgy-KOVACS_WH_Narrow_AW_4,113,9,auto_from_instance,12,18,4,30,216,,,,,5,3,8,root > V:16 > BH:27 > BH:5 > BH:15 > BH:25 > BH:37 > BH:47 > BV:24,selected,2,inf,True,632,246,386,628.0,1.0,1.0,True,True,1,1,0,True,1,1,0,0,True,True,0,11,12,11,12,3,PF_LS_RP,fixed,,,False,0.5555555555555556,0.5827641769090751,0.4444444444444444,0.1,adaptive,remove_random_aisle,offspring,feasible_start_adaptive_spacing,,,,feasible_start_adaptive_spacing,0.5,,True,auto_from_instance,0.75,0.35,"7,18,24,37,39,47,49","7,15,16,17,19,21,23,24,26,27,30,32",,,,,,"H[5,7,15,18,24,25,27,37,39,47,49]|V[7,15,16,17,19,21,23,24,26,27,30,32]",fe71932ea9ef92cbca4e0b578f20f6e88be50370
proposed_nsga2_bs_Gyorgy-KOVACS_WH_Narrow_AW_4_seed_113,proposed_nsga2_bs,Gyorgy-KOVACS_WH_Narrow_AW_4,113,9,auto_from_instance,12,18,4,30,216,,,,,6,3,8,root > V:16 > BH:27 > BH:49 > BH:39 > BH:29 > BH:17 > BH:7 > BV:24,selected,2,inf,True,632,246,386,628.0,1.0,1.0,True,True,1,1,0,True,1,1,0,0,True,True,0,10,12,10,12,3,PF_LS_RP,fixed,,,False,0.5555555555555556,0.5827641769090751,0.4444444444444444,0.1,adaptive,remove_random_aisle,offspring,feasible_start_adaptive_spacing,,,,feasible_start_adaptive_spacing,0.5,,True,auto_from_instance,0.75,0.35,"7,18,24,37,39,47,49","7,15,16,17,19,21,23,24,26,27,30,32",,,,,,"H[7,17,18,24,27,29,37,39,47,49]|V[7,15,16,17,19,21,23,24,26,27,30,32]",9696e3fb0a981a3c866440c46c54987a8cf3ab94
proposed_nsga2_bs_Gyorgy-KOVACS_WH_Narrow_AW_4_seed_113,proposed_nsga2_bs,Gyorgy-KOVACS_WH_Narrow_AW_4,113,9,auto_from_instance,12,18,4,30,216,,,,,7,4,4,root > V:28 > BH:27 > BV:19 > BV:19,selected,0,inf,True,680,262,418,472.0,1.0,1.0,True,True,1,1,0,True,1,1,0,0,True,True,0,13,10,13,10,4,PF_LS_RP,fixed,,,False,0.5555555555555556,0.570909680722203,0.4444444444444444,0.1,adaptive,insert_random_aisle,offspring,feasible_start_adaptive_spacing,,,,feasible_start_adaptive_spacing,0.5,,True,auto_from_instance,0.75,0.35,"5,7,11,15,17,24,25,27,29,30,37,43,47","9,16,17,19,21,26,27,28,30,32",,,,,,"H[5,7,11,15,17,24,25,27,29,30,37,43,47]|V[9,16,17,19,21,26,27,28,30,32]",fc4825140fa5e2560776b4b932f5ef46c1588f36
proposed_nsga2_bs_Gyorgy-KOVACS_WH_Narrow_AW_4_seed_113,proposed_nsga2_bs,Gyorgy-KOVACS_WH_Narrow_AW_4,113,9,auto_from_instance,12,18,4,30,216,,,,,8,4,4,root > V:28 > BH:27 > BV:19 > BV:21,selected,1,inf,True,680,262,418,524.0,1.0,1.0,True,True,1,1,0,True,1,1,0,0,True,True,0,13,10,13,10,4,PF_LS_RP,fixed,,,False,0.5555555555555556,0.570909680722203,0.4444444444444444,0.1,adaptive,insert_random_aisle,offspring,feasible_start_adaptive_spacing,,,,feasible_start_adaptive_spacing,0.5,,True,auto_from_instance,0.75,0.35,"5,7,11,15,17,24,25,27,29,30,37,43,47","9,16,17,19,21,26,27,28,30,32",,,,,,"H[5,7,11,15,17,24,25,27,29,30,37,43,47]|V[9,16,17,19,21,26,27,28,30,32]",334779b46d5c288ee3031362a71af20db7b63dd5
proposed_nsga2_bs_Gyorgy-KOVACS_WH_Narrow_AW_4_seed_113,proposed_nsga2_bs,Gyorgy-KOVACS_WH_Narrow_AW_4,113,9,auto_from_instance,12,18,4,30,216,,,,,9,4,4,root > V:28 > BH:27 > BV:19 > BV:21,selected,1,0.0,True,680,262,418,524.0,1.0,1.0,True,True,1,1,0,True,1,1,0,0,True,True,0,13,10,13,10,4,PF_LS_RP,fixed,,,False,0.5555555555555556,0.570909680722203,0.4444444444444444,0.1,adaptive,insert_random_aisle,offspring,feasible_start_adaptive_spacing,,,,feasible_start_adaptive_spacing,0.5,,True,auto_from_instance,0.75,0.35,"5,7,11,15,17,24,25,27,29,30,37,43,47","9,16,17,19,21,26,27,28,30,32",,,,,,"H[5,7,11,15,17,24,25,27,29,30,37,43,47]|V[9,16,17,19,21,26,27,28,30,32]",8f2926ac3d427dac9f2e22e7dbb4782d03fe71f9
proposed_nsga2_bs_Gyorgy-KOVACS_WH_Narrow_AW_4_seed_113,proposed_nsga2_bs,Gyorgy-KOVACS_WH_Narrow_AW_4,113,9,auto_from_instance,12,18,4,30,216,,,,,10,4,4,root > V:28 > BH:27 > BV:19 > BV:17,selected,1,inf,True,680,262,418,524.0,1.0,1.0,True,True,1,1,0,True,1,1,0,0,True,True,0,13,10,13,10,4,PF_LS_RP,fixed,,,False,0.5555555555555556,0.570909680722203,0.4444444444444444,0.1,adaptive,insert_random_aisle,offspring,feasible_start_adaptive_spacing,,,,feasible_start_adaptive_spacing,0.5,,True,auto_from_instance,0.75,0.35,"5,7,11,15,17,24,25,27,29,30,37,43,47","9,16,17,19,21,26,27,28,30,32",,,,,,"H[5,7,11,15,17,24,25,27,29,30,37,43,47]|V[9,16,17,19,21,26,27,28,30,32]",c3a8d798cccc0ae6137f5d1801f12286f82d75a7
proposed_nsga2_bs_Gyorgy-KOVACS_WH_Narrow_AW_4_seed_113,proposed_nsga2_bs,Gyorgy-KOVACS_WH_Narrow_AW_4,113,10,auto_from_instance,12,18,4,30,216,,,,,1,1,4,root > V:28 > BH:27 > BV:19 > BV:19,selected,0,inf,True,680,262,418,472.0,1.0,1.0,True,True,1,1,0,True,1,1,0,0,True,True,0,13,13,13,13,1,PF_LS_RP,fixed,,,False,0.6111111111111112,0.6036919280196548,0.38888888888888884,0.1,adaptive,bit_flip,offspring,feasible_start_adaptive_spacing,,,,feasible_start_adaptive_spacing,0.5,,True,auto_from_instance,0.75,0.35,"5,7,11,15,17,24,25,27,29,30,37,43,47","9,11,16,17,19,21,23,24,26,27,28,30,32",,,,,,"H[5,7,11,15,17,24,25,27,29,30,37,43,47]|V[9,11,16,17,19,21,23,24,26,27,28,30,32]",fc4825140fa5e2560776b4b932f5ef46c1588f36
proposed_nsga2_bs_Gyorgy-KOVACS_WH_Narrow_AW_4_seed_113,proposed_nsga2_bs,Gyorgy-KOVACS_WH_Narrow_AW_4,113,10,auto_from_instance,12,18,4,30,216,,,,,2,1,4,root > V:28 > BH:27 > BV:19 > BV:21,selected,1,inf,True,680,262,418,524.0,1.0,1.0,True,True,1,1,0,True,1,1,0,0,True,True,0,13,13,13,13,1,PF_LS_RP,fixed,,,False,0.6111111111111112,0.6036919280196548,0.38888888888888884,0.1,adaptive,bit_flip,offspring,feasible_start_adaptive_spacing,,,,feasible_start_adaptive_spacing,0.5,,True,auto_from_instance,0.75,0.35,"5,7,11,15,17,24,25,27,29,30,37,43,47","9,11,16,17,19,21,23,24,26,27,28,30,32",,,,,,"H[5,7,11,15,17,24,25,27,29,30,37,43,47]|V[9,11,16,17,19,21,23,24,26,27,28,30,32]",334779b46d5c288ee3031362a71af20db7b63dd5
proposed_nsga2_bs_Gyorgy-KOVACS_WH_Narrow_AW_4_seed_113,proposed_nsga2_bs,Gyorgy-KOVACS_WH_Narrow_AW_4,113,10,auto_from_instance,12,18,4,30,216,,,,,3,1,4,root > V:28 > BH:27 > BV:19 > BV:21,selected,1,0.0,True,680,262,418,524.0,1.0,1.0,True,True,1,1,0,True,1,1,0,0,True,True,0,13,13,13,13,1,PF_LS_RP,fixed,,,False,0.6111111111111112,0.6036919280196548,0.38888888888888884,0.1,adaptive,bit_flip,offspring,feasible_start_adaptive_spacing,,,,feasible_start_adaptive_spacing,0.5,,True,auto_from_instance,0.75,0.35,"5,7,11,15,17,24,25,27,29,30,37,43,47","9,11,16,17,19,21,23,24,26,27,28,30,32",,,,,,"H[5,7,11,15,17,24,25,27,29,30,37,43,47]|V[9,11,16,17,19,21,23,24,26,27,28,30,32]",8f2926ac3d427dac9f2e22e7dbb4782d03fe71f9
proposed_nsga2_bs_Gyorgy-KOVACS_WH_Narrow_AW_4_seed_113,proposed_nsga2_bs,Gyorgy-KOVACS_WH_Narrow_AW_4,113,10,auto_from_instance,12,18,4,30,216,,,,,4,1,4,root > V:28 > BH:27 > BV:19 > BV:17,selected,1,inf,True,680,262,418,524.0,1.0,1.0,True,True,1,1,0,True,1,1,0,0,True,True,0,13,13,13,13,1,PF_LS_RP,fixed,,,False,0.6111111111111112,0.6036919280196548,0.38888888888888884,0.1,adaptive,bit_flip,offspring,feasible_start_adaptive_spacing,,,,feasible_start_adaptive_spacing,0.5,,True,auto_from_instance,0.75,0.35,"5,7,11,15,17,24,25,27,29,30,37,43,47","9,11,16,17,19,21,23,24,26,27,28,30,32",,,,,,"H[5,7,11,15,17,24,25,27,29,30,37,43,47]|V[9,11,16,17,19,21,23,24,26,27,28,30,32]",c3a8d798cccc0ae6137f5d1801f12286f82d75a7
proposed_nsga2_bs_Gyorgy-KOVACS_WH_Narrow_AW_4_seed_113,proposed_nsga2_bs,Gyorgy-KOVACS_WH_Narrow_AW_4,113,10,auto_from_instance,12,18,4,30,216,,,,,5,2,8,root > V:16 > BH:27 > BH:5 > BH:15 > BH:25 > BH:37 > BH:47 > BV:26,selected,1,inf,True,632,246,386,550.0,1.0,1.0,True,True,1,1,0,True,1,1,0,0,True,True,0,17,10,17,10,2,PF_LS_RP,fixed,,,False,0.6111111111111112,0.6308459516959809,0.38888888888888884,0.1,adaptive,insert_random_aisle,offspring,feasible_start_adaptive_spacing,,,,feasible_start_adaptive_spacing,0.5,,True,auto_from_instance,0.75,0.35,"5,7,9,15,17,24,27,28,29,30,37,38,39,47,49,57","9,15,16,17,19,21,26,27,30,32",,,,,,"H[5,7,9,15,17,24,25,27,28,29,30,37,38,39,47,49,57]|V[9,15,16,17,19,21,26,27,30,32]",08ee812bc396556b6550be0bd82f9266dcd2fe55
proposed_nsga2_bs_Gyorgy-KOVACS_WH_Narrow_AW_4_seed_113,proposed_nsga2_bs,Gyorgy-KOVACS_WH_Narrow_AW_4,113,10,auto_from_instance,12,18,4,30,216,,,,,6,2,8,root > V:16 > BH:27 > BH:49 > BH:39 > BH:29 > BH:17 > BH:7 > BV:26,selected,1,inf,True,632,246,386,550.0,1.0,1.0,True,True,1,1,0,True,1,1,0,0,True,True,0,16,10,16,10,2,PF_LS_RP,fixed,,,False,0.6111111111111112,0.6308459516959809,0.38888888888888884,0.1,adaptive,insert_random_aisle,offspring,feasible_start_adaptive_spacing,,,,feasible_start_adaptive_spacing,0.5,,True,auto_from_instance,0.75,0.35,"5,7,9,15,17,24,27,28,29,30,37,38,39,47,49,57","9,15,16,17,19,21,26,27,30,32",,,,,,"H[5,7,9,15,17,24,27,28,29,30,37,38,39,47,49,57]|V[9,15,16,17,19,21,26,27,30,32]",660d9dab711cc8220a7c4152b9d81284ad744a59
proposed_nsga2_bs_Gyorgy-KOVACS_WH_Narrow_AW_4_seed_113,proposed_nsga2_bs,Gyorgy-KOVACS_WH_Narrow_AW_4,113,10,auto_from_instance,12,18,4,30,216,,,,,7,2,8,root > V:16 > BH:27 > BH:5 > BH:15 > BH:25 > BH:37 > BH:47 > BV:24,selected,2,inf,True,632,246,386,628.0,1.0,1.0,True,True,1,1,0,True,1,1,0,0,True,True,0,17,11,17,11,2,PF_LS_RP,fixed,,,False,0.6111111111111112,0.6308459516959809,0.38888888888888884,0.1,adaptive,insert_random_aisle,offspring,feasible_start_adaptive_spacing,,,,feasible_start_adaptive_spacing,0.5,,True,auto_from_instance,0.75,0.35,"5,7,9,15,17,24,27,28,29,30,37,38,39,47,49,57","9,15,16,17,19,21,26,27,30,32",,,,,,"H[5,7,9,15,17,24,25,27,28,29,30,37,38,39,47,49,57]|V[9,15,16,17,19,21,24,26,27,30,32]",fe71932ea9ef92cbca4e0b578f20f6e88be50370
proposed_nsga2_bs_Gyorgy-KOVACS_WH_Narrow_AW_4_seed_113,proposed_nsga2_bs,Gyorgy-KOVACS_WH_Narrow_AW_4,113,10,auto_from_instance,12,18,4,30,216,,,,,8,2,8,root > V:16 > BH:27 > BH:49 > BH:39 > BH:29 > BH:17 > BH:7 > BV:24,selected,2,inf,True,632,246,386,628.0,1.0,1.0,True,True,1,1,0,True,1,1,0,0,True,True,0,16,11,16,11,2,PF_LS_RP,fixed,,,False,0.6111111111111112,0.6308459516959809,0.38888888888888884,0.1,adaptive,insert_random_aisle,offspring,feasible_start_adaptive_spacing,,,,feasible_start_adaptive_spacing,0.5,,True,auto_from_instance,0.75,0.35,"5,7,9,15,17,24,27,28,29,30,37,38,39,47,49,57","9,15,16,17,19,21,26,27,30,32",,,,,,"H[5,7,9,15,17,24,27,28,29,30,37,38,39,47,49,57]|V[9,15,16,17,19,21,24,26,27,30,32]",9696e3fb0a981a3c866440c46c54987a8cf3ab94
proposed_nsga2_bs_Gyorgy-KOVACS_WH_Narrow_AW_4_seed_113,proposed_nsga2_bs,Gyorgy-KOVACS_WH_Narrow_AW_4,113,10,auto_from_instance,12,18,4,30,216,,,,,9,4,9,root > V:15 > BH:27 > BH:5 > BH:15 > BH:25 > BH:37 > BH:47 > BV:23 > BV:30,selected,0,inf,True,592,261,331,462.0,1.0,1.0,True,True,1,1,0,True,1,1,0,0,True,True,0,14,12,14,12,4,PF_LS_RP,fixed,,,False,0.6111111111111112,0.6252886293896085,0.38888888888888884,0.1,adaptive,spacing_aware_flip,offspring,feasible_start_adaptive_spacing,,,,feasible_start_adaptive_spacing,0.5,,True,auto_from_instance,0.75,0.35,"5,7,9,15,17,24,25,27,29,30,37,47,49,57","2,9,15,16,19,21,24,26,27,30,32",,,,,,"H[5,7,9,15,17,24,25,27,29,30,37,47,49,57]|V[2,9,15,16,19,21,23,24,26,27,30,32]",9ee2190bb5e677e5dd6004d3c767bf39ff3449fb
proposed_nsga2_bs_Gyorgy-KOVACS_WH_Narrow_AW_4_seed_113,proposed_nsga2_bs,Gyorgy-KOVACS_WH_Narrow_AW_4,113,10,auto_from_instance,12,18,4,30,216,,,,,10,4,9,root > V:15 > BH:27 > BH:49 > BH:39 > BH:29 > BH:17 > BH:7 > BV:23 > BV:30,selected,0,inf,True,592,261,331,462.0,1.0,1.0,True,True,1,1,0,True,1,1,0,0,True,True,0,15,12,15,12,4,PF_LS_RP,fixed,,,False,0.6111111111111112,0.6252886293896085,0.38888888888888884,0.1,adaptive,spacing_aware_flip,offspring,feasible_start_adaptive_spacing,,,,feasible_start_adaptive_spacing,0.5,,True,auto_from_instance,0.75,0.35,"5,7,9,15,17,24,25,27,29,30,37,47,49,57","2,9,15,16,19,21,24,26,27,30,32",,,,,,"H[5,7,9,15,17,24,25,27,29,30,37,39,47,49,57]|V[2,9,15,16,19,21,23,24,26,27,30,32]",eef866e48d563b788dc6683537da31dffdbde584
proposed_nsga2_bs_Gyorgy-KOVACS_WH_Narrow_AW_4_seed_113,proposed_nsga2_bs,Gyorgy-KOVACS_WH_Narrow_AW_4,113,11,auto_from_instance,12,18,4,30,216,,,,,1,1,4,root > V:28 > BH:27 > BV:19 > BV:19,selected,0,inf,True,680,262,418,472.0,1.0,1.0,True,True,1,1,0,True,1,1,0,0,True,True,0,13,13,13,13,1,PF_LS_RP,fixed,,,False,0.6666666666666666,0.5909430066468668,0.33333333333333337,0.1,adaptive,swap_segments,offspring,feasible_start_adaptive_spacing,,,,feasible_start_adaptive_spacing,0.5,,True,auto_from_instance,0.75,0.35,"5,7,11,15,17,24,25,27,29,30,37,43,47","9,11,13,14,15,16,19,21,26,27,28,30,32",,,,,,"H[5,7,11,15,17,24,25,27,29,30,37,43,47]|V[9,11,13,14,15,16,19,21,26,27,28,30,32]",fc4825140fa5e2560776b4b932f5ef46c1588f36
proposed_nsga2_bs_Gyorgy-KOVACS_WH_Narrow_AW_4_seed_113,proposed_nsga2_bs,Gyorgy-KOVACS_WH_Narrow_AW_4,113,11,auto_from_instance,12,18,4,30,216,,,,,2,1,4,root > V:28 > BH:27 > BV:19 > BV:21,selected,1,inf,True,680,262,418,524.0,1.0,1.0,True,True,1,1,0,True,1,1,0,0,True,True,0,13,13,13,13,1,PF_LS_RP,fixed,,,False,0.6666666666666666,0.5909430066468668,0.33333333333333337,0.1,adaptive,swap_segments,offspring,feasible_start_adaptive_spacing,,,,feasible_start_adaptive_spacing,0.5,,True,auto_from_instance,0.75,0.35,"5,7,11,15,17,24,25,27,29,30,37,43,47","9,11,13,14,15,16,19,21,26,27,28,30,32",,,,,,"H[5,7,11,15,17,24,25,27,29,30,37,43,47]|V[9,11,13,14,15,16,19,21,26,27,28,30,32]",334779b46d5c288ee3031362a71af20db7b63dd5
proposed_nsga2_bs_Gyorgy-KOVACS_WH_Narrow_AW_4_seed_113,proposed_nsga2_bs,Gyorgy-KOVACS_WH_Narrow_AW_4,113,11,auto_from_instance,12,18,4,30,216,,,,,3,1,4,root > V:28 > BH:27 > BV:19 > BV:21,selected,1,0.0,True,680,262,418,524.0,1.0,1.0,True,True,1,1,0,True,1,1,0,0,True,True,0,13,13,13,13,1,PF_LS_RP,fixed,,,False,0.6666666666666666,0.5909430066468668,0.33333333333333337,0.1,adaptive,swap_segments,offspring,feasible_start_adaptive_spacing,,,,feasible_start_adaptive_spacing,0.5,,True,auto_from_instance,0.75,0.35,"5,7,11,15,17,24,25,27,29,30,37,43,47","9,11,13,14,15,16,19,21,26,27,28,30,32",,,,,,"H[5,7,11,15,17,24,25,27,29,30,37,43,47]|V[9,11,13,14,15,16,19,21,26,27,28,30,32]",8f2926ac3d427dac9f2e22e7dbb4782d03fe71f9
proposed_nsga2_bs_Gyorgy-KOVACS_WH_Narrow_AW_4_seed_113,proposed_nsga2_bs,Gyorgy-KOVACS_WH_Narrow_AW_4,113,11,auto_from_instance,12,18,4,30,216,,,,,4,1,4,root > V:28 > BH:27 > BV:19 > BV:17,selected,1,0.6768341307814991,True,680,262,418,524.0,1.0,1.0,True,True,1,1,0,True,1,1,0,0,True,True,0,13,14,13,14,1,PF_LS_RP,fixed,,,False,0.6666666666666666,0.5909430066468668,0.33333333333333337,0.1,adaptive,swap_segments,offspring,feasible_start_adaptive_spacing,,,,feasible_start_adaptive_spacing,0.5,,True,auto_from_instance,0.75,0.35,"5,7,11,15,17,24,25,27,29,30,37,43,47","9,11,13,14,15,16,19,21,26,27,28,30,32",,,,,,"H[5,7,11,15,17,24,25,27,29,30,37,43,47]|V[9,11,13,14,15,16,17,19,21,26,27,28,30,32]",c3a8d798cccc0ae6137f5d1801f12286f82d75a7
proposed_nsga2_bs_Gyorgy-KOVACS_WH_Narrow_AW_4_seed_113,proposed_nsga2_bs,Gyorgy-KOVACS_WH_Narrow_AW_4,113,11,auto_from_instance,12,18,4,30,216,,,,,5,2,8,root > V:16 > BH:27 > BH:5 > BH:15 > BH:25 > BH:37 > BH:47 > BV:26,selected,1,inf,True,632,246,386,550.0,1.0,1.0,True,True,1,1,0,True,1,1,0,0,True,True,0,16,12,16,12,2,PF_LS_RP,fixed,,,False,0.6666666666666666,0.7343764149213038,0.33333333333333337,0.1,adaptive,spacing_aware_flip,offspring,feasible_start_adaptive_spacing,,,,feasible_start_adaptive_spacing,0.5,,True,auto_from_instance,0.75,0.35,"5,7,9,15,17,24,25,27,29,30,37,39,47,49,53,57","2,9,16,17,19,21,23,24,26,27,30,32",,,,,,"H[5,7,9,15,17,24,25,27,29,30,37,39,47,49,53,57]|V[2,9,16,17,19,21,23,24,26,27,30,32]",08ee812bc396556b6550be0bd82f9266dcd2fe55
proposed_nsga2_bs_Gyorgy-KOVACS_WH_Narrow_AW_4_seed_113,proposed_nsga2_bs,Gyorgy-KOVACS_WH_Narrow_AW_4,113,11,auto_from_instance,12,18,4,30,216,,,,,6,2,8,root > V:16 > BH:27 > BH:49 > BH:39 > BH:29 > BH:17 > BH:7 > BV:26,selected,1,inf,True,632,246,386,550.0,1.0,1.0,True,True,1,1,0,True,1,1,0,0,True,True,0,16,12,16,12,2,PF_LS_RP,fixed,,,False,0.6666666666666666,0.7343764149213038,0.33333333333333337,0.1,adaptive,spacing_aware_flip,offspring,feasible_start_adaptive_spacing,,,,feasible_start_adaptive_spacing,0.5,,True,auto_from_instance,0.75,0.35,"5,7,9,15,17,24,25,27,29,30,37,39,47,49,53,57","2,9,16,17,19,21,23,24,26,27,30,32",,,,,,"H[5,7,9,15,17,24,25,27,29,30,37,39,47,49,53,57]|V[2,9,16,17,19,21,23,24,26,27,30,32]",660d9dab711cc8220a7c4152b9d81284ad744a59
proposed_nsga2_bs_Gyorgy-KOVACS_WH_Narrow_AW_4_seed_113,proposed_nsga2_bs,Gyorgy-KOVACS_WH_Narrow_AW_4,113,11,auto_from_instance,12,18,4,30,216,,,,,7,2,8,root > V:16 > BH:27 > BH:5 > BH:15 > BH:25 > BH:37 > BH:47 > BV:24,evaluated,2,inf,False,632,246,386,628.0,1.0,1.0,True,True,1,1,0,True,1,1,0,0,True,True,0,16,12,16,12,2,PF_LS_RP,fixed,,,False,0.6666666666666666,0.7343764149213038,0.33333333333333337,0.1,adaptive,spacing_aware_flip,offspring,feasible_start_adaptive_spacing,,,,feasible_start_adaptive_spacing,0.5,,True,auto_from_instance,0.75,0.35,"5,7,9,15,17,24,25,27,29,30,37,39,47,49,53,57","2,9,16,17,19,21,23,24,26,27,30,32",,,,,,"H[5,7,9,15,17,24,25,27,29,30,37,39,47,49,53,57]|V[2,9,16,17,19,21,23,24,26,27,30,32]",fe71932ea9ef92cbca4e0b578f20f6e88be50370
proposed_nsga2_bs_Gyorgy-KOVACS_WH_Narrow_AW_4_seed_113,proposed_nsga2_bs,Gyorgy-KOVACS_WH_Narrow_AW_4,113,11,auto_from_instance,12,18,4,30,216,,,,,8,2,8,root > V:16 > BH:27 > BH:49 > BH:39 > BH:29 > BH:17 > BH:7 > BV:24,evaluated,2,inf,False,632,246,386,628.0,1.0,1.0,True,True,1,1,0,True,1,1,0,0,True,True,0,16,12,16,12,2,PF_LS_RP,fixed,,,False,0.6666666666666666,0.7343764149213038,0.33333333333333337,0.1,adaptive,spacing_aware_flip,offspring,feasible_start_adaptive_spacing,,,,feasible_start_adaptive_spacing,0.5,,True,auto_from_instance,0.75,0.35,"5,7,9,15,17,24,25,27,29,30,37,39,47,49,53,57","2,9,16,17,19,21,23,24,26,27,30,32",,,,,,"H[5,7,9,15,17,24,25,27,29,30,37,39,47,49,53,57]|V[2,9,16,17,19,21,23,24,26,27,30,32]",9696e3fb0a981a3c866440c46c54987a8cf3ab94
proposed_nsga2_bs_Gyorgy-KOVACS_WH_Narrow_AW_4_seed_113,proposed_nsga2_bs,Gyorgy-KOVACS_WH_Narrow_AW_4,113,11,auto_from_instance,12,18,4,30,216,,,,,9,4,9,root > V:15 > BH:27 > BH:5 > BH:15 > BH:25 > BH:37 > BH:47 > BV:23 > BV:30,selected,0,inf,True,592,261,331,462.0,1.0,1.0,True,True,1,1,0,True,1,1,0,0,True,True,0,15,12,15,12,4,PF_LS_RP,fixed,,,False,0.6666666666666666,0.5994236023613736,0.33333333333333337,0.1,adaptive,swap_segments,offspring,feasible_start_adaptive_spacing,,,,feasible_start_adaptive_spacing,0.5,,True,auto_from_instance,0.75,0.35,"5,7,9,17,24,25,27,29,30,35,37,47,49,57","2,9,15,16,19,21,23,24,26,27,30,32",,,,,,"H[5,7,9,15,17,24,25,27,29,30,35,37,47,49,57]|V[2,9,15,16,19,21,23,24,26,27,30,32]",9ee2190bb5e677e5dd6004d3c767bf39ff3449fb
proposed_nsga2_bs_Gyorgy-KOVACS_WH_Narrow_AW_4_seed_113,proposed_nsga2_bs,Gyorgy-KOVACS_WH_Narrow_AW_4,113,11,auto_from_instance,12,18,4,30,216,,,,,10,4,9,root > V:15 > BH:27 > BH:49 > BH:39 > BH:29 > BH:17 > BH:7 > BV:23 > BV:30,selected,0,inf,True,592,261,331,462.0,1.0,1.0,True,True,1,1,0,True,1,1,0,0,True,True,0,15,12,15,12,4,PF_LS_RP,fixed,,,False,0.6666666666666666,0.5994236023613736,0.33333333333333337,0.1,adaptive,swap_segments,offspring,feasible_start_adaptive_spacing,,,,feasible_start_adaptive_spacing,0.5,,True,auto_from_instance,0.75,0.35,"5,7,9,17,24,25,27,29,30,35,37,47,49,57","2,9,15,16,19,21,23,24,26,27,30,32",,,,,,"H[5,7,9,17,24,25,27,29,30,35,37,39,47,49,57]|V[2,9,15,16,19,21,23,24,26,27,30,32]",eef866e48d563b788dc6683537da31dffdbde584
proposed_nsga2_bs_Gyorgy-KOVACS_WH_Narrow_AW_4_seed_113,proposed_nsga2_bs,Gyorgy-KOVACS_WH_Narrow_AW_4,113,11,auto_from_instance,12,18,4,30,216,,,,,11,8,4,root > V:27 > BH:27 > BV:19 > BV:19,selected,1,inf,True,684,260,424,484.0,1.0,1.0,True,True,1,1,0,True,1,1,0,0,True,True,0,13,12,13,12,8,PF_LS_RP,fixed,,,False,0.6666666666666666,0.632051564280738,0.33333333333333337,0.1,adaptive,break_symmetry,offspring,feasible_start_adaptive_spacing,,,,feasible_start_adaptive_spacing,0.5,,True,auto_from_instance,0.75,0.35,"5,7,11,15,17,24,25,27,29,30,37,43,47","9,11,16,20,21,23,24,26,27,30,32",,,,,,"H[5,7,11,15,17,24,25,27,29,30,37,43,47]|V[9,11,16,19,20,21,23,24,26,27,30,32]",9baad5a6d6d08df213ec54891109e23b1069a9a5
proposed_nsga2_bs_Gyorgy-KOVACS_WH_Narrow_AW_4_seed_113,proposed_nsga2_bs,Gyorgy-KOVACS_WH_Narrow_AW_4,113,11,auto_from_instance,12,18,4,30,216,,,,,12,8,4,root > V:27 > BH:27 > BV:17 > BV:19,selected,1,0.0,True,684,260,424,484.0,1.0,1.0,True,True,1,1,0,True,1,1,0,0,True,True,0,13,13,13,13,8,PF_LS_RP,fixed,,,False,0.6666666666666666,0.632051564280738,0.33333333333333337,0.1,adaptive,break_symmetry,offspring,feasible_start_adaptive_spacing,,,,feasible_start_adaptive_spacing,0.5,,True,auto_from_instance,0.75,0.35,"5,7,11,15,17,24,25,27,29,30,37,43,47","9,11,16,20,21,23,24,26,27,30,32",,,,,,"H[5,7,11,15,17,24,25,27,29,30,37,43,47]|V[9,11,16,17,19,20,21,23,24,26,27,30,32]",7ea492661f4a7d780540a41c5bfc758906148e19
proposed_nsga2_bs_Gyorgy-KOVACS_WH_Narrow_AW_4_seed_113,proposed_nsga2_bs,Gyorgy-KOVACS_WH_Narrow_AW_4,113,11,auto_from_instance,12,18,4,30,216,,,,,13,8,4,root > V:27 > BH:27 > BV:19 > BV:17,selected,1,0.0,True,684,260,424,484.0,1.0,1.0,True,True,1,1,0,True,1,1,0,0,True,True,0,13,13,13,13,8,PF_LS_RP,fixed,,,False,0.6666666666666666,0.632051564280738,0.33333333333333337,0.1,adaptive,break_symmetry,offspring,feasible_start_adaptive_spacing,,,,feasible_start_adaptive_spacing,0.5,,True,auto_from_instance,0.75,0.35,"5,7,11,15,17,24,25,27,29,30,37,43,47","9,11,16,20,21,23,24,26,27,30,32",,,,,,"H[5,7,11,15,17,24,25,27,29,30,37,43,47]|V[9,11,16,17,19,20,21,23,24,26,27,30,32]",59c55a28d53f47701301421f850890ad1de7d63b
proposed_nsga2_bs_Gyorgy-KOVACS_WH_Narrow_AW_4_seed_113,proposed_nsga2_bs,Gyorgy-KOVACS_WH_Narrow_AW_4,113,11,auto_from_instance,12,18,4,30,216,,,,,14,8,4,root > V:27 > BH:27 > BV:17 > BV:17,selected,1,inf,True,684,260,424,484.0,1.0,1.0,True,True,1,1,0,True,1,1,0,0,True,True,0,13,12,13,12,8,PF_LS_RP,fixed,,,False,0.6666666666666666,0.632051564280738,0.33333333333333337,0.1,adaptive,break_symmetry,offspring,feasible_start_adaptive_spacing,,,,feasible_start_adaptive_spacing,0.5,,True,auto_from_instance,0.75,0.35,"5,7,11,15,17,24,25,27,29,30,37,43,47","9,11,16,20,21,23,24,26,27,30,32",,,,,,"H[5,7,11,15,17,24,25,27,29,30,37,43,47]|V[9,11,16,17,20,21,23,24,26,27,30,32]",6732d5258a9313035bead181283e041def90bbb2
proposed_nsga2_bs_Gyorgy-KOVACS_WH_Narrow_AW_4_seed_113,proposed_nsga2_bs,Gyorgy-KOVACS_WH_Narrow_AW_4,113,12,auto_from_instance,12,18,4,30,216,,,,,1,1,8,root > V:16 > BH:27 > BH:5 > BH:15 > BH:25 > BH:37 > BH:47 > BV:26,selected,1,inf,True,632,246,386,550.0,1.0,1.0,True,True,1,1,0,True,1,1,0,0,True,True,0,15,11,15,11,1,PF_LS_RP,fixed,,,False,0.7222222222222222,0.6666052425029206,0.2777777777777778,0.1,adaptive,insert_random_aisle,offspring,feasible_start_adaptive_spacing,,,,feasible_start_adaptive_spacing,0.5,,True,auto_from_instance,0.75,0.35,"4,5,7,9,15,17,24,25,27,29,30,37,39,47,49","9,16,17,19,21,23,24,26,27,30,32",,,,,,"H[4,5,7,9,15,17,24,25,27,29,30,37,39,47,49]|V[9,16,17,19,21,23,24,26,27,30,32]",08ee812bc396556b6550be0bd82f9266dcd2fe55
proposed_nsga2_bs_Gyorgy-KOVACS_WH_Narrow_AW_4_seed_113,proposed_nsga2_bs,Gyorgy-KOVACS_WH_Narrow_AW_4,113,12,auto_from_instance,12,18,4,30,216,,,,,2,1,8,root > V:16 > BH:27 > BH:49 > BH:39 > BH:29 > BH:17 > BH:7 > BV:26,selected,1,inf,True,632,246,386,550.0,1.0,1.0,True,True,1,1,0,True,1,1,0,0,True,True,0,15,11,15,11,1,PF_LS_RP,fixed,,,False,0.7222222222222222,0.6666052425029206,0.2777777777777778,0.1,adaptive,insert_random_aisle,offspring,feasible_start_adaptive_spacing,,,,feasible_start_adaptive_spacing,0.5,,True,auto_from_instance,0.75,0.35,"4,5,7,9,15,17,24,25,27,29,30,37,39,47,49","9,16,17,19,21,23,24,26,27,30,32",,,,,,"H[4,5,7,9,15,17,24,25,27,29,30,37,39,47,49]|V[9,16,17,19,21,23,24,26,27,30,32]",660d9dab711cc8220a7c4152b9d81284ad744a59
proposed_nsga2_bs_Gyorgy-KOVACS_WH_Narrow_AW_4_seed_113,proposed_nsga2_bs,Gyorgy-KOVACS_WH_Narrow_AW_4,113,12,auto_from_instance,12,18,4,30,216,,,,,3,1,8,root > V:16 > BH:27 > BH:5 > BH:15 > BH:25 > BH:37 > BH:47 > BV:24,evaluated,2,inf,False,632,246,386,628.0,1.0,1.0,True,True,1,1,0,True,1,1,0,0,True,True,0,15,11,15,11,1,PF_LS_RP,fixed,,,False,0.7222222222222222,0.6666052425029206,0.2777777777777778,0.1,adaptive,insert_random_aisle,offspring,feasible_start_adaptive_spacing,,,,feasible_start_adaptive_spacing,0.5,,True,auto_from_instance,0.75,0.35,"4,5,7,9,15,17,24,25,27,29,30,37,39,47,49","9,16,17,19,21,23,24,26,27,30,32",,,,,,"H[4,5,7,9,15,17,24,25,27,29,30,37,39,47,49]|V[9,16,17,19,21,23,24,26,27,30,32]",fe71932ea9ef92cbca4e0b578f20f6e88be50370
proposed_nsga2_bs_Gyorgy-KOVACS_WH_Narrow_AW_4_seed_113,proposed_nsga2_bs,Gyorgy-KOVACS_WH_Narrow_AW_4,113,12,auto_from_instance,12,18,4,30,216,,,,,4,1,8,root > V:16 > BH:27 > BH:49 > BH:39 > BH:29 > BH:17 > BH:7 > BV:24,evaluated,2,inf,False,632,246,386,628.0,1.0,1.0,True,True,1,1,0,True,1,1,0,0,True,True,0,15,11,15,11,1,PF_LS_RP,fixed,,,False,0.7222222222222222,0.6666052425029206,0.2777777777777778,0.1,adaptive,insert_random_aisle,offspring,feasible_start_adaptive_spacing,,,,feasible_start_adaptive_spacing,0.5,,True,auto_from_instance,0.75,0.35,"4,5,7,9,15,17,24,25,27,29,30,37,39,47,49","9,16,17,19,21,23,24,26,27,30,32",,,,,,"H[4,5,7,9,15,17,24,25,27,29,30,37,39,47,49]|V[9,16,17,19,21,23,24,26,27,30,32]",9696e3fb0a981a3c866440c46c54987a8cf3ab94
proposed_nsga2_bs_Gyorgy-KOVACS_WH_Narrow_AW_4_seed_113,proposed_nsga2_bs,Gyorgy-KOVACS_WH_Narrow_AW_4,113,12,auto_from_instance,12,18,4,30,216,,,,,5,2,4,root > V:28 > BH:27 > BV:19 > BV:19,selected,0,inf,True,680,262,418,472.0,1.0,1.0,True,True,1,1,0,True,1,1,0,0,True,True,0,15,14,15,14,2,PF_LS_RP,fixed,,,False,0.7222222222222222,0.7062131480470365,0.2777777777777778,0.1,adaptive,swap_segments,offspring,feasible_start_adaptive_spacing,,,,feasible_start_adaptive_spacing,0.5,,True,auto_from_instance,0.75,0.35,"5,7,11,15,17,24,25,27,29,30,37,43,47,53,57","2,9,11,13,14,15,16,19,21,26,27,28,30,32",,,,,,"H[5,7,11,15,17,24,25,27,29,30,37,43,47,53,57]|V[2,9,11,13,14,15,16,19,21,26,27,28,30,32]",fc4825140fa5e2560776b4b932f5ef46c1588f36
proposed_nsga2_bs_Gyorgy-KOVACS_WH_Narrow_AW_4_seed_113,proposed_nsga2_bs,Gyorgy-KOVACS_WH_Narrow_AW_4,113,12,auto_from_instance,12,18,4,30,216,,,,,6,2,4,root > V:28 > BH:27 > BV:19 > BV:21,selected,1,inf,True,680,262,418,524.0,1.0,1.0,True,True,1,1,0,True,1,1,0,0,True,True,0,15,14,15,14,2,PF_LS_RP,fixed,,,False,0.7222222222222222,0.7062131480470365,0.2777777777777778,0.1,adaptive,swap_segments,offspring,feasible_start_adaptive_spacing,,,,feasible_start_adaptive_spacing,0.5,,True,auto_from_instance,0.75,0.35,"5,7,11,15,17,24,25,27,29,30,37,43,47,53,57","2,9,11,13,14,15,16,19,21,26,27,28,30,32",,,,,,"H[5,7,11,15,17,24,25,27,29,30,37,43,47,53,57]|V[2,9,11,13,14,15,16,19,21,26,27,28,30,32]",334779b46d5c288ee3031362a71af20db7b63dd5
proposed_nsga2_bs_Gyorgy-KOVACS_WH_Narrow_AW_4_seed_113,proposed_nsga2_bs,Gyorgy-KOVACS_WH_Narrow_AW_4,113,12,auto_from_instance,12,18,4,30,216,,,,,7,2,4,root > V:28 > BH:27 > BV:19 > BV:21,selected,1,0.0,True,680,262,418,524.0,1.0,1.0,True,True,1,1,0,True,1,1,0,0,True,True,0,15,14,15,14,2,PF_LS_RP,fixed,,,False,0.7222222222222222,0.7062131480470365,0.2777777777777778,0.1,adaptive,swap_segments,offspring,feasible_start_adaptive_spacing,,,,feasible_start_adaptive_spacing,0.5,,True,auto_from_instance,0.75,0.35,"5,7,11,15,17,24,25,27,29,30,37,43,47,53,57","2,9,11,13,14,15,16,19,21,26,27,28,30,32",,,,,,"H[5,7,11,15,17,24,25,27,29,30,37,43,47,53,57]|V[2,9,11,13,14,15,16,19,21,26,27,28,30,32]",8f2926ac3d427dac9f2e22e7dbb4782d03fe71f9
proposed_nsga2_bs_Gyorgy-KOVACS_WH_Narrow_AW_4_seed_113,proposed_nsga2_bs,Gyorgy-KOVACS_WH_Narrow_AW_4,113,12,auto_from_instance,12,18,4,30,216,,,,,8,2,4,root > V:28 > BH:27 > BV:19 > BV:17,selected,1,0.6768341307814991,True,680,262,418,524.0,1.0,1.0,True,True,1,1,0,True,1,1,0,0,True,True,0,15,15,15,15,2,PF_LS_RP,fixed,,,False,0.7222222222222222,0.7062131480470365,0.2777777777777778,0.1,adaptive,swap_segments,offspring,feasible_start_adaptive_spacing,,,,feasible_start_adaptive_spacing,0.5,,True,auto_from_instance,0.75,0.35,"5,7,11,15,17,24,25,27,29,30,37,43,47,53,57","2,9,11,13,14,15,16,19,21,26,27,28,30,32",,,,,,"H[5,7,11,15,17,24,25,27,29,30,37,43,47,53,57]|V[2,9,11,13,14,15,16,17,19,21,26,27,28,30,32]",c3a8d798cccc0ae6137f5d1801f12286f82d75a7
proposed_nsga2_bs_Gyorgy-KOVACS_WH_Narrow_AW_4_seed_113,proposed_nsga2_bs,Gyorgy-KOVACS_WH_Narrow_AW_4,113,12,auto_from_instance,12,18,4,30,216,,,,,9,5,9,root > V:15 > BH:27 > BH:5 > BH:15 > BH:25 > BH:37 > BH:47 > BV:23 > BV:30,selected,0,inf,True,592,261,331,462.0,1.0,1.0,True,True,1,1,0,True,1,1,0,0,True,True,0,16,13,16,13,5,PF_LS_RP,fixed,,,False,0.7222222222222222,0.7183895448464198,0.2777777777777778,0.1,adaptive,remove_random_aisle,offspring,feasible_start_adaptive_spacing,,,,feasible_start_adaptive_spacing,0.5,,True,auto_from_instance,0.75,0.35,"5,7,11,15,17,24,25,27,29,30,37,39,47,49,53,57","2,9,13,14,15,16,19,21,23,26,27,30,32",,,,,,"H[5,7,11,15,17,24,25,27,29,30,37,39,47,49,53,57]|V[2,9,13,14,15,16,19,21,23,26,27,30,32]",9ee2190bb5e677e5dd6004d3c767bf39ff3449fb
proposed_nsga2_bs_Gyorgy-KOVACS_WH_Narrow_AW_4_seed_113,proposed_nsga2_bs,Gyorgy-KOVACS_WH_Narrow_AW_4,113,12,auto_from_instance,12,18,4,30,216,,,,,10,5,9,root > V:15 > BH:27 > BH:49 > BH:39 > BH:29 > BH:17 > BH:7 > BV:23 > BV:30,selected,0,inf,True,592,261,331,462.0,1.0,1.0,True,True,1,1,0,True,1,1,0,0,True,True,0,16,13,16,13,5,PF_LS_RP,fixed,,,False,0.7222222222222222,0.7183895448464198,0.2777777777777778,0.1,adaptive,remove_random_aisle,offspring,feasible_start_adaptive_spacing,,,,feasible_start_adaptive_spacing,0.5,,True,auto_from_instance,0.75,0.35,"5,7,11,15,17,24,25,27,29,30,37,39,47,49,53,57","2,9,13,14,15,16,19,21,23,26,27,30,32",,,,,,"H[5,7,11,15,17,24,25,27,29,30,37,39,47,49,53,57]|V[2,9,13,14,15,16,19,21,23,26,27,30,32]",eef866e48d563b788dc6683537da31dffdbde584
proposed_nsga2_bs_Gyorgy-KOVACS_WH_Narrow_AW_4_seed_113,proposed_nsga2_bs,Gyorgy-KOVACS_WH_Narrow_AW_4,113,12,auto_from_instance,12,18,4,30,216,,,,,11,10,4,root > V:27 > BH:27 > BV:19 > BV:19,selected,1,inf,True,684,260,424,484.0,1.0,1.0,True,True,1,1,0,True,1,1,0,0,True,True,0,15,13,15,13,10,PF_LS_RP,fixed,,,False,0.7222222222222222,0.7279437272695097,0.2777777777777778,0.1,adaptive,swap_segments,offspring,feasible_start_adaptive_spacing,,,,feasible_start_adaptive_spacing,0.5,,True,auto_from_instance,0.75,0.35,"5,7,9,15,17,24,25,27,29,30,35,37,47,49,57","2,9,11,16,17,21,23,24,26,27,30,32",,,,,,"H[5,7,9,15,17,24,25,27,29,30,35,37,47,49,57]|V[2,9,11,16,17,19,21,23,24,26,27,30,32]",9baad5a6d6d08df213ec54891109e23b1069a9a5
proposed_nsga2_bs_Gyorgy-KOVACS_WH_Narrow_AW_4_seed_113,proposed_nsga2_bs,Gyorgy-KOVACS_WH_Narrow_AW_4,113,12,auto_from_instance,12,18,4,30,216,,,,,12,10,4,root > V:27 > BH:27 > BV:17 > BV:19,selected,1,0.0,True,684,260,424,484.0,1.0,1.0,True,True,1,1,0,True,1,1,0,0,True,True,0,15,13,15,13,10,PF_LS_RP,fixed,,,False,0.7222222222222222,0.7279437272695097,0.2777777777777778,0.1,adaptive,swap_segments,offspring,feasible_start_adaptive_spacing,,,,feasible_start_adaptive_spacing,0.5,,True,auto_from_instance,0.75,0.35,"5,7,9,15,17,24,25,27,29,30,35,37,47,49,57","2,9,11,16,17,21,23,24,26,27,30,32",,,,,,"H[5,7,9,15,17,24,25,27,29,30,35,37,47,49,57]|V[2,9,11,16,17,19,21,23,24,26,27,30,32]",7ea492661f4a7d780540a41c5bfc758906148e19
proposed_nsga2_bs_Gyorgy-KOVACS_WH_Narrow_AW_4_seed_113,proposed_nsga2_bs,Gyorgy-KOVACS_WH_Narrow_AW_4,113,12,auto_from_instance,12,18,4,30,216,,,,,13,10,4,root > V:27 > BH:27 > BV:19 > BV:17,selected,1,0.0,True,684,260,424,484.0,1.0,1.0,True,True,1,1,0,True,1,1,0,0,True,True,0,15,13,15,13,10,PF_LS_RP,fixed,,,False,0.7222222222222222,0.7279437272695097,0.2777777777777778,0.1,adaptive,swap_segments,offspring,feasible_start_adaptive_spacing,,,,feasible_start_adaptive_spacing,0.5,,True,auto_from_instance,0.75,0.35,"5,7,9,15,17,24,25,27,29,30,35,37,47,49,57","2,9,11,16,17,21,23,24,26,27,30,32",,,,,,"H[5,7,9,15,17,24,25,27,29,30,35,37,47,49,57]|V[2,9,11,16,17,19,21,23,24,26,27,30,32]",59c55a28d53f47701301421f850890ad1de7d63b
proposed_nsga2_bs_Gyorgy-KOVACS_WH_Narrow_AW_4_seed_113,proposed_nsga2_bs,Gyorgy-KOVACS_WH_Narrow_AW_4,113,12,auto_from_instance,12,18,4,30,216,,,,,14,10,4,root > V:27 > BH:27 > BV:17 > BV:17,selected,1,inf,True,684,260,424,484.0,1.0,1.0,True,True,1,1,0,True,1,1,0,0,True,True,0,15,12,15,12,10,PF_LS_RP,fixed,,,False,0.7222222222222222,0.7279437272695097,0.2777777777777778,0.1,adaptive,swap_segments,offspring,feasible_start_adaptive_spacing,,,,feasible_start_adaptive_spacing,0.5,,True,auto_from_instance,0.75,0.35,"5,7,9,15,17,24,25,27,29,30,35,37,47,49,57","2,9,11,16,17,21,23,24,26,27,30,32",,,,,,"H[5,7,9,15,17,24,25,27,29,30,35,37,47,49,57]|V[2,9,11,16,17,21,23,24,26,27,30,32]",6732d5258a9313035bead181283e041def90bbb2
proposed_nsga2_bs_Gyorgy-KOVACS_WH_Narrow_AW_4_seed_113,proposed_nsga2_bs,Gyorgy-KOVACS_WH_Narrow_AW_4,113,13,auto_from_instance,12,18,4,30,216,,,,,1,1,4,root > V:27 > BH:27 > BV:19 > BV:19,selected,1,inf,True,684,260,424,484.0,1.0,1.0,True,True,1,1,0,True,1,1,0,0,True,True,0,15,13,15,13,1,PF_LS_RP,fixed,,,False,0.7777777777777778,0.7959542297036791,0.2222222222222222,0.1,adaptive,insert_random_aisle,offspring,feasible_start_adaptive_spacing,,,,feasible_start_adaptive_spacing,0.5,,True,auto_from_instance,0.75,0.35,"4,5,7,9,15,17,24,25,27,29,30,37,39,47,49","9,11,16,17,21,23,24,26,27,30,32,33",,,,,,"H[4,5,7,9,15,17,24,25,27,29,30,37,39,47,49]|V[9,11,16,17,19,21,23,24,26,27,30,32,33]",9baad5a6d6d08df213ec54891109e23b1069a9a5
proposed_nsga2_bs_Gyorgy-KOVACS_WH_Narrow_AW_4_seed_113,proposed_nsga2_bs,Gyorgy-KOVACS_WH_Narrow_AW_4,113,13,auto_from_instance,12,18,4,30,216,,,,,2,1,4,root > V:27 > BH:27 > BV:17 > BV:19,selected,1,0.0,True,684,260,424,484.0,1.0,1.0,True,True,1,1,0,True,1,1,0,0,True,True,0,15,13,15,13,1,PF_LS_RP,fixed,,,False,0.7777777777777778,0.7959542297036791,0.2222222222222222,0.1,adaptive,insert_random_aisle,offspring,feasible_start_adaptive_spacing,,,,feasible_start_adaptive_spacing,0.5,,True,auto_from_instance,0.75,0.35,"4,5,7,9,15,17,24,25,27,29,30,37,39,47,49","9,11,16,17,21,23,24,26,27,30,32,33",,,,,,"H[4,5,7,9,15,17,24,25,27,29,30,37,39,47,49]|V[9,11,16,17,19,21,23,24,26,27,30,32,33]",7ea492661f4a7d780540a41c5bfc758906148e19
proposed_nsga2_bs_Gyorgy-KOVACS_WH_Narrow_AW_4_seed_113,proposed_nsga2_bs,Gyorgy-KOVACS_WH_Narrow_AW_4,113,13,auto_from_instance,12,18,4,30,216,,,,,3,1,4,root > V:27 > BH:27 > BV:19 > BV:17,selected,1,0.0,True,684,260,424,484.0,1.0,1.0,True,True,1,1,0,True,1,1,0,0,True,True,0,15,13,15,13,1,PF_LS_RP,fixed,,,False,0.7777777777777778,0.7959542297036791,0.2222222222222222,0.1,adaptive,insert_random_aisle,offspring,feasible_start_adaptive_spacing,,,,feasible_start_adaptive_spacing,0.5,,True,auto_from_instance,0.75,0.35,"4,5,7,9,15,17,24,25,27,29,30,37,39,47,49","9,11,16,17,21,23,24,26,27,30,32,33",,,,,,"H[4,5,7,9,15,17,24,25,27,29,30,37,39,47,49]|V[9,11,16,17,19,21,23,24,26,27,30,32,33]",59c55a28d53f47701301421f850890ad1de7d63b
proposed_nsga2_bs_Gyorgy-KOVACS_WH_Narrow_AW_4_seed_113,proposed_nsga2_bs,Gyorgy-KOVACS_WH_Narrow_AW_4,113,13,auto_from_instance,12,18,4,30,216,,,,,4,1,4,root > V:27 > BH:27 > BV:17 > BV:17,selected,1,inf,True,684,260,424,484.0,1.0,1.0,True,True,1,1,0,True,1,1,0,0,True,True,0,15,12,15,12,1,PF_LS_RP,fixed,,,False,0.7777777777777778,0.7959542297036791,0.2222222222222222,0.1,adaptive,insert_random_aisle,offspring,feasible_start_adaptive_spacing,,,,feasible_start_adaptive_spacing,0.5,,True,auto_from_instance,0.75,0.35,"4,5,7,9,15,17,24,25,27,29,30,37,39,47,49","9,11,16,17,21,23,24,26,27,30,32,33",,,,,,"H[4,5,7,9,15,17,24,25,27,29,30,37,39,47,49]|V[9,11,16,17,21,23,24,26,27,30,32,33]",6732d5258a9313035bead181283e041def90bbb2
proposed_nsga2_bs_Gyorgy-KOVACS_WH_Narrow_AW_4_seed_113,proposed_nsga2_bs,Gyorgy-KOVACS_WH_Narrow_AW_4,113,13,auto_from_instance,12,18,4,30,216,,,,,5,2,8,root > V:16 > BH:27 > BH:5 > BH:15 > BH:25 > BH:37 > BH:47 > BV:26,selected,1,inf,True,632,246,386,550.0,1.0,1.0,True,True,1,1,0,True,1,1,0,0,True,True,0,15,12,15,12,2,PF_LS_RP,fixed,,,False,0.7777777777777778,0.7590311300037776,0.2222222222222222,0.1,adaptive,break_symmetry,offspring,feasible_start_adaptive_spacing,,,,feasible_start_adaptive_spacing,0.5,,True,auto_from_instance,0.75,0.35,"5,7,9,15,17,24,25,27,29,30,35,37,47,49,57","2,9,16,17,18,21,23,24,26,27,30,32",,,,,,"H[5,7,9,15,17,24,25,27,29,30,35,37,47,49,57]|V[2,9,16,17,18,21,23,24,26,27,30,32]",08ee812bc396556b6550be0bd82f9266dcd2fe55
proposed_nsga2_bs_Gyorgy-KOVACS_WH_Narrow_AW_4_seed_113,proposed_nsga2_bs,Gyorgy-KOVACS_WH_Narrow_AW_4,113,13,auto_from_instance,12,18,4,30,216,,,,,6,2,8,root > V:16 > BH:27 > BH:49 > BH:39 > BH:29 > BH:17 > BH:7 > BV:26,selected,1,inf,True,632,246,386,550.0,1.0,1.0,True,True,1,1,0,True,1,1,0,0,True,True,0,16,12,16,12,2,PF_LS_RP,fixed,,,False,0.7777777777777778,0.7590311300037776,0.2222222222222222,0.1,adaptive,break_symmetry,offspring,feasible_start_adaptive_spacing,,,,feasible_start_adaptive_spacing,0.5,,True,auto_from_instance,0.75,0.35,"5,7,9,15,17,24,25,27,29,30,35,37,47,49,57","2,9,16,17,18,21,23,24,26,27,30,32",,,,,,"H[5,7,9,15,17,24,25,27,29,30,35,37,39,47,49,57]|V[2,9,16,17,18,21,23,24,26,27,30,32]",660d9dab711cc8220a7c4152b9d81284ad744a59
proposed_nsga2_bs_Gyorgy-KOVACS_WH_Narrow_AW_4_seed_113,proposed_nsga2_bs,Gyorgy-KOVACS_WH_Narrow_AW_4,113,13,auto_from_instance,12,18,4,30,216,,,,,7,2,8,root > V:16 > BH:27 > BH:5 > BH:15 > BH:25 > BH:37 > BH:47 > BV:24,evaluated,2,inf,False,632,246,386,628.0,1.0,1.0,True,True,1,1,0,True,1,1,0,0,True,True,0,15,12,15,12,2,PF_LS_RP,fixed,,,False,0.7777777777777778,0.7590311300037776,0.2222222222222222,0.1,adaptive,break_symmetry,offspring,feasible_start_adaptive_spacing,,,,feasible_start_adaptive_spacing,0.5,,True,auto_from_instance,0.75,0.35,"5,7,9,15,17,24,25,27,29,30,35,37,47,49,57","2,9,16,17,18,21,23,24,26,27,30,32",,,,,,"H[5,7,9,15,17,24,25,27,29,30,35,37,47,49,57]|V[2,9,16,17,18,21,23,24,26,27,30,32]",fe71932ea9ef92cbca4e0b578f20f6e88be50370
proposed_nsga2_bs_Gyorgy-KOVACS_WH_Narrow_AW_4_seed_113,proposed_nsga2_bs,Gyorgy-KOVACS_WH_Narrow_AW_4,113,13,auto_from_instance,12,18,4,30,216,,,,,8,2,8,root > V:16 > BH:27 > BH:49 > BH:39 > BH:29 > BH:17 > BH:7 > BV:24,evaluated,2,inf,False,632,246,386,628.0,1.0,1.0,True,True,1,1,0,True,1,1,0,0,True,True,0,16,12,16,12,2,PF_LS_RP,fixed,,,False,0.7777777777777778,0.7590311300037776,0.2222222222222222,0.1,adaptive,break_symmetry,offspring,feasible_start_adaptive_spacing,,,,feasible_start_adaptive_spacing,0.5,,True,auto_from_instance,0.75,0.35,"5,7,9,15,17,24,25,27,29,30,35,37,47,49,57","2,9,16,17,18,21,23,24,26,27,30,32",,,,,,"H[5,7,9,15,17,24,25,27,29,30,35,37,39,47,49,57]|V[2,9,16,17,18,21,23,24,26,27,30,32]",9696e3fb0a981a3c866440c46c54987a8cf3ab94
proposed_nsga2_bs_Gyorgy-KOVACS_WH_Narrow_AW_4_seed_113,proposed_nsga2_bs,Gyorgy-KOVACS_WH_Narrow_AW_4,113,13,auto_from_instance,12,18,4,30,216,,,,,9,3,4,root > V:28 > BH:27 > BV:19 > BV:19,selected,0,inf,True,680,262,418,472.0,1.0,1.0,True,True,1,1,0,True,1,1,0,0,True,True,0,14,14,14,14,3,PF_LS_RP,fixed,,,False,0.7777777777777778,0.809572031417958,0.2222222222222222,0.1,adaptive,remove_random_aisle,offspring,feasible_start_adaptive_spacing,,,,feasible_start_adaptive_spacing,0.5,,True,auto_from_instance,0.75,0.35,"5,11,15,17,24,25,27,29,30,37,47,49,53,57","2,9,11,13,14,15,16,19,21,26,27,28,30,32",,,,,,"H[5,11,15,17,24,25,27,29,30,37,47,49,53,57]|V[2,9,11,13,14,15,16,19,21,26,27,28,30,32]",fc4825140fa5e2560776b4b932f5ef46c1588f36
proposed_nsga2_bs_Gyorgy-KOVACS_WH_Narrow_AW_4_seed_113,proposed_nsga2_bs,Gyorgy-KOVACS_WH_Narrow_AW_4,113,13,auto_from_instance,12,18,4,30,216,,,,,10,3,4,root > V:28 > BH:27 > BV:19 > BV:21,selected,1,inf,True,680,262,418,524.0,1.0,1.0,True,True,1,1,0,True,1,1,0,0,True,True,0,14,14,14,14,3,PF_LS_RP,fixed,,,False,0.7777777777777778,0.809572031417958,0.2222222222222222,0.1,adaptive,remove_random_aisle,offspring,feasible_start_adaptive_spacing,,,,feasible_start_adaptive_spacing,0.5,,True,auto_from_instance,0.75,0.35,"5,11,15,17,24,25,27,29,30,37,47,49,53,57","2,9,11,13,14,15,16,19,21,26,27,28,30,32",,,,,,"H[5,11,15,17,24,25,27,29,30,37,47,49,53,57]|V[2,9,11,13,14,15,16,19,21,26,27,28,30,32]",334779b46d5c288ee3031362a71af20db7b63dd5
proposed_nsga2_bs_Gyorgy-KOVACS_WH_Narrow_AW_4_seed_113,proposed_nsga2_bs,Gyorgy-KOVACS_WH_Narrow_AW_4,113,13,auto_from_instance,12,18,4,30,216,,,,,11,3,4,root > V:28 > BH:27 > BV:19 > BV:21,selected,1,0.0,True,680,262,418,524.0,1.0,1.0,True,True,1,1,0,True,1,1,0,0,True,True,0,14,14,14,14,3,PF_LS_RP,fixed,,,False,0.7777777777777778,0.809572031417958,0.2222222222222222,0.1,adaptive,remove_random_aisle,offspring,feasible_start_adaptive_spacing,,,,feasible_start_adaptive_spacing,0.5,,True,auto_from_instance,0.75,0.35,"5,11,15,17,24,25,27,29,30,37,47,49,53,57","2,9,11,13,14,15,16,19,21,26,27,28,30,32",,,,,,"H[5,11,15,17,24,25,27,29,30,37,47,49,53,57]|V[2,9,11,13,14,15,16,19,21,26,27,28,30,32]",8f2926ac3d427dac9f2e22e7dbb4782d03fe71f9
proposed_nsga2_bs_Gyorgy-KOVACS_WH_Narrow_AW_4_seed_113,proposed_nsga2_bs,Gyorgy-KOVACS_WH_Narrow_AW_4,113,13,auto_from_instance,12,18,4,30,216,,,,,12,3,4,root > V:28 > BH:27 > BV:19 > BV:17,selected,1,0.6768341307814991,True,680,262,418,524.0,1.0,1.0,True,True,1,1,0,True,1,1,0,0,True,True,0,14,15,14,15,3,PF_LS_RP,fixed,,,False,0.7777777777777778,0.809572031417958,0.2222222222222222,0.1,adaptive,remove_random_aisle,offspring,feasible_start_adaptive_spacing,,,,feasible_start_adaptive_spacing,0.5,,True,auto_from_instance,0.75,0.35,"5,11,15,17,24,25,27,29,30,37,47,49,53,57","2,9,11,13,14,15,16,19,21,26,27,28,30,32",,,,,,"H[5,11,15,17,24,25,27,29,30,37,47,49,53,57]|V[2,9,11,13,14,15,16,17,19,21,26,27,28,30,32]",c3a8d798cccc0ae6137f5d1801f12286f82d75a7
proposed_nsga2_bs_Gyorgy-KOVACS_WH_Narrow_AW_4_seed_113,proposed_nsga2_bs,Gyorgy-KOVACS_WH_Narrow_AW_4,113,13,auto_from_instance,12,18,4,30,216,,,,,13,4,9,root > V:15 > BH:27 > BH:5 > BH:15 > BH:25 > BH:37 > BH:47 > BV:23 > BV:30,selected,0,inf,True,592,261,331,462.0,1.0,1.0,True,True,1,1,0,True,1,1,0,0,True,True,0,17,13,17,13,4,PF_LS_RP,fixed,,,False,0.7777777777777778,0.7485575986291887,0.2222222222222222,0.1,adaptive,bit_flip,offspring,feasible_start_adaptive_spacing,,,,feasible_start_adaptive_spacing,0.5,,True,auto_from_instance,0.75,0.35,"5,7,11,15,17,24,25,27,29,30,37,39,41,43,47,53,57","2,9,13,14,15,16,19,21,23,26,27,30,32",,,,,,"H[5,7,11,15,17,24,25,27,29,30,37,39,41,43,47,53,57]|V[2,9,13,14,15,16,19,21,23,26,27,30,32]",9ee2190bb5e677e5dd6004d3c767bf39ff3449fb
proposed_nsga2_bs_Gyorgy-KOVACS_WH_Narrow_AW_4_seed_113,proposed_nsga2_bs,Gyorgy-KOVACS_WH_Narrow_AW_4,113,13,auto_from_instance,12,18,4,30,216,,,,,14,4,9,root > V:15 > BH:27 > BH:49 > BH:39 > BH:29 > BH:17 > BH:7 > BV:23 > BV:30,selected,0,inf,True,592,261,331,462.0,1.0,1.0,True,True,1,1,0,True,1,1,0,0,True,True,0,18,13,18,13,4,PF_LS_RP,fixed,,,False,0.7777777777777778,0.7485575986291887,0.2222222222222222,0.1,adaptive,bit_flip,offspring,feasible_start_adaptive_spacing,,,,feasible_start_adaptive_spacing,0.5,,True,auto_from_instance,0.75,0.35,"5,7,11,15,17,24,25,27,29,30,37,39,41,43,47,53,57","2,9,13,14,15,16,19,21,23,26,27,30,32",,,,,,"H[5,7,11,15,17,24,25,27,29,30,37,39,41,43,47,49,53,57]|V[2,9,13,14,15,16,19,21,23,26,27,30,32]",eef866e48d563b788dc6683537da31dffdbde584
proposed_nsga2_bs_Gyorgy-KOVACS_WH_Narrow_AW_4_seed_113,proposed_nsga2_bs,Gyorgy-KOVACS_WH_Narrow_AW_4,113,14,auto_from_instance,12,18,4,30,216,,,,,1,1,9,root > V:15 > BH:27 > BH:5 > BH:15 > BH:25 > BH:37 > BH:47 > BV:23 > BV:30,selected,0,inf,True,592,261,331,462.0,1.0,1.0,True,True,1,1,0,True,1,1,0,0,True,True,0,17,13,17,13,1,PF_LS_RP,fixed,,,False,0.8333333333333334,0.87245966371746,0.16666666666666663,0.1,adaptive,break_symmetry,offspring,feasible_start_adaptive_spacing,,,,feasible_start_adaptive_spacing,0.5,,True,auto_from_instance,0.75,0.35,"5,7,9,15,17,24,25,27,29,31,37,39,41,43,47,53,57","2,9,13,14,15,16,19,21,23,26,27,30,32",,,,,,"H[5,7,9,15,17,24,25,27,29,31,37,39,41,43,47,53,57]|V[2,9,13,14,15,16,19,21,23,26,27,30,32]",9ee2190bb5e677e5dd6004d3c767bf39ff3449fb
proposed_nsga2_bs_Gyorgy-KOVACS_WH_Narrow_AW_4_seed_113,proposed_nsga2_bs,Gyorgy-KOVACS_WH_Narrow_AW_4,113,14,auto_from_instance,12,18,4,30,216,,,,,2,1,9,root > V:15 > BH:27 > BH:49 > BH:39 > BH:29 > BH:17 > BH:7 > BV:23 > BV:30,selected,0,inf,True,592,261,331,462.0,1.0,1.0,True,True,1,1,0,True,1,1,0,0,True,True,0,18,13,18,13,1,PF_LS_RP,fixed,,,False,0.8333333333333334,0.87245966371746,0.16666666666666663,0.1,adaptive,break_symmetry,offspring,feasible_start_adaptive_spacing,,,,feasible_start_adaptive_spacing,0.5,,True,auto_from_instance,0.75,0.35,"5,7,9,15,17,24,25,27,29,31,37,39,41,43,47,53,57","2,9,13,14,15,16,19,21,23,26,27,30,32",,,,,,"H[5,7,9,15,17,24,25,27,29,31,37,39,41,43,47,49,53,57]|V[2,9,13,14,15,16,19,21,23,26,27,30,32]",eef866e48d563b788dc6683537da31dffdbde584
proposed_nsga2_bs_Gyorgy-KOVACS_WH_Narrow_AW_4_seed_113,proposed_nsga2_bs,Gyorgy-KOVACS_WH_Narrow_AW_4,113,14,auto_from_instance,12,18,4,30,216,,,,,3,2,8,root > V:16 > BH:27 > BH:5 > BH:15 > BH:25 > BH:37 > BH:47 > BV:26,selected,1,inf,True,632,246,386,550.0,1.0,1.0,True,True,1,1,0,True,1,1,0,0,True,True,0,15,14,15,14,2,PF_LS_RP,fixed,,,False,0.8333333333333334,0.8671113102973805,0.16666666666666663,0.1,adaptive,spacing_aware_flip,offspring,feasible_start_adaptive_spacing,,,,feasible_start_adaptive_spacing,0.5,,True,auto_from_instance,0.75,0.35,"4,5,7,11,15,17,24,25,27,29,30,37,39,47,49","4,9,11,16,17,19,21,23,24,26,27,30,32,33",,,,,,"H[4,5,7,11,15,17,24,25,27,29,30,37,39,47,49]|V[4,9,11,16,17,19,21,23,24,26,27,30,32,33]",08ee812bc396556b6550be0bd82f9266dcd2fe55
proposed_nsga2_bs_Gyorgy-KOVACS_WH_Narrow_AW_4_seed_113,proposed_nsga2_bs,Gyorgy-KOVACS_WH_Narrow_AW_4,113,14,auto_from_instance,12,18,4,30,216,,,,,4,2,8,root > V:16 > BH:27 > BH:49 > BH:39 > BH:29 > BH:17 > BH:7 > BV:26,selected,1,inf,True,632,246,386,550.0,1.0,1.0,True,True,1,1,0,True,1,1,0,0,True,True,0,15,14,15,14,2,PF_LS_RP,fixed,,,False,0.8333333333333334,0.8671113102973805,0.16666666666666663,0.1,adaptive,spacing_aware_flip,offspring,feasible_start_adaptive_spacing,,,,feasible_start_adaptive_spacing,0.5,,True,auto_from_instance,0.75,0.35,"4,5,7,11,15,17,24,25,27,29,30,37,39,47,49","4,9,11,16,17,19,21,23,24,26,27,30,32,33",,,,,,"H[4,5,7,11,15,17,24,25,27,29,30,37,39,47,49]|V[4,9,11,16,17,19,21,23,24,26,27,30,32,33]",660d9dab711cc8220a7c4152b9d81284ad744a59
proposed_nsga2_bs_Gyorgy-KOVACS_WH_Narrow_AW_4_seed_113,proposed_nsga2_bs,Gyorgy-KOVACS_WH_Narrow_AW_4,113,14,auto_from_instance,12,18,4,30,216,,,,,5,2,8,root > V:16 > BH:27 > BH:5 > BH:15 > BH:25 > BH:37 > BH:47 > BV:24,evaluated,2,inf,False,632,246,386,628.0,1.0,1.0,True,True,1,1,0,True,1,1,0,0,True,True,0,15,14,15,14,2,PF_LS_RP,fixed,,,False,0.8333333333333334,0.8671113102973805,0.16666666666666663,0.1,adaptive,spacing_aware_flip,offspring,feasible_start_adaptive_spacing,,,,feasible_start_adaptive_spacing,0.5,,True,auto_from_instance,0.75,0.35,"4,5,7,11,15,17,24,25,27,29,30,37,39,47,49","4,9,11,16,17,19,21,23,24,26,27,30,32,33",,,,,,"H[4,5,7,11,15,17,24,25,27,29,30,37,39,47,49]|V[4,9,11,16,17,19,21,23,24,26,27,30,32,33]",fe71932ea9ef92cbca4e0b578f20f6e88be50370
proposed_nsga2_bs_Gyorgy-KOVACS_WH_Narrow_AW_4_seed_113,proposed_nsga2_bs,Gyorgy-KOVACS_WH_Narrow_AW_4,113,14,auto_from_instance,12,18,4,30,216,,,,,6,2,8,root > V:16 > BH:27 > BH:49 > BH:39 > BH:29 > BH:17 > BH:7 > BV:24,evaluated,2,inf,False,632,246,386,628.0,1.0,1.0,True,True,1,1,0,True,1,1,0,0,True,True,0,15,14,15,14,2,PF_LS_RP,fixed,,,False,0.8333333333333334,0.8671113102973805,0.16666666666666663,0.1,adaptive,spacing_aware_flip,offspring,feasible_start_adaptive_spacing,,,,feasible_start_adaptive_spacing,0.5,,True,auto_from_instance,0.75,0.35,"4,5,7,11,15,17,24,25,27,29,30,37,39,47,49","4,9,11,16,17,19,21,23,24,26,27,30,32,33",,,,,,"H[4,5,7,11,15,17,24,25,27,29,30,37,39,47,49]|V[4,9,11,16,17,19,21,23,24,26,27,30,32,33]",9696e3fb0a981a3c866440c46c54987a8cf3ab94
proposed_nsga2_bs_Gyorgy-KOVACS_WH_Narrow_AW_4_seed_113,proposed_nsga2_bs,Gyorgy-KOVACS_WH_Narrow_AW_4,113,14,auto_from_instance,12,18,4,30,216,,,,,7,3,4,root > V:27 > BH:27 > BV:19 > BV:19,selected,1,inf,True,684,260,424,484.0,1.0,1.0,True,True,1,1,0,True,1,1,0,0,True,True,0,18,16,18,16,3,PF_LS_RP,fixed,,,False,0.8333333333333334,0.8180221208998789,0.16666666666666663,0.1,adaptive,swap_segments,offspring,feasible_start_adaptive_spacing,,,,feasible_start_adaptive_spacing,0.5,,True,auto_from_instance,0.75,0.35,"5,7,11,15,17,24,25,27,29,30,37,39,41,43,47,49,53,57","2,5,7,9,11,12,13,14,15,16,21,26,27,30,32",,,,,,"H[5,7,11,15,17,24,25,27,29,30,37,39,41,43,47,49,53,57]|V[2,5,7,9,11,12,13,14,15,16,19,21,26,27,30,32]",9baad5a6d6d08df213ec54891109e23b1069a9a5
proposed_nsga2_bs_Gyorgy-KOVACS_WH_Narrow_AW_4_seed_113,proposed_nsga2_bs,Gyorgy-KOVACS_WH_Narrow_AW_4,113,14,auto_from_instance,12,18,4,30,216,,,,,8,3,4,root > V:27 > BH:27 > BV:17 > BV:19,selected,1,0.0,True,684,260,424,484.0,1.0,1.0,True,True,1,1,0,True,1,1,0,0,True,True,0,18,17,18,17,3,PF_LS_RP,fixed,,,False,0.8333333333333334,0.8180221208998789,0.16666666666666663,0.1,adaptive,swap_segments,offspring,feasible_start_adaptive_spacing,,,,feasible_start_adaptive_spacing,0.5,,True,auto_from_instance,0.75,0.35,"5,7,11,15,17,24,25,27,29,30,37,39,41,43,47,49,53,57","2,5,7,9,11,12,13,14,15,16,21,26,27,30,32",,,,,,"H[5,7,11,15,17,24,25,27,29,30,37,39,41,43,47,49,53,57]|V[2,5,7,9,11,12,13,14,15,16,17,19,21,26,27,30,32]",7ea492661f4a7d780540a41c5bfc758906148e19
proposed_nsga2_bs_Gyorgy-KOVACS_WH_Narrow_AW_4_seed_113,proposed_nsga2_bs,Gyorgy-KOVACS_WH_Narrow_AW_4,113,14,auto_from_instance,12,18,4,30,216,,,,,9,3,4,root > V:27 > BH:27 > BV:19 > BV:17,selected,1,0.0,True,684,260,424,484.0,1.0,1.0,True,True,1,1,0,True,1,1,0,0,True,True,0,18,17,18,17,3,PF_LS_RP,fixed,,,False,0.8333333333333334,0.8180221208998789,0.16666666666666663,0.1,adaptive,swap_segments,offspring,feasible_start_adaptive_spacing,,,,feasible_start_adaptive_spacing,0.5,,True,auto_from_instance,0.75,0.35,"5,7,11,15,17,24,25,27,29,30,37,39,41,43,47,49,53,57","2,5,7,9,11,12,13,14,15,16,21,26,27,30,32",,,,,,"H[5,7,11,15,17,24,25,27,29,30,37,39,41,43,47,49,53,57]|V[2,5,7,9,11,12,13,14,15,16,17,19,21,26,27,30,32]",59c55a28d53f47701301421f850890ad1de7d63b
proposed_nsga2_bs_Gyorgy-KOVACS_WH_Narrow_AW_4_seed_113,proposed_nsga2_bs,Gyorgy-KOVACS_WH_Narrow_AW_4,113,14,auto_from_instance,12,18,4,30,216,,,,,10,3,4,root > V:27 > BH:27 > BV:17 > BV:17,selected,1,inf,True,684,260,424,484.0,1.0,1.0,True,True,1,1,0,True,1,1,0,0,True,True,0,18,16,18,16,3,PF_LS_RP,fixed,,,False,0.8333333333333334,0.8180221208998789,0.16666666666666663,0.1,adaptive,swap_segments,offspring,feasible_start_adaptive_spacing,,,,feasible_start_adaptive_spacing,0.5,,True,auto_from_instance,0.75,0.35,"5,7,11,15,17,24,25,27,29,30,37,39,41,43,47,49,53,57","2,5,7,9,11,12,13,14,15,16,21,26,27,30,32",,,,,,"H[5,7,11,15,17,24,25,27,29,30,37,39,41,43,47,49,53,57]|V[2,5,7,9,11,12,13,14,15,16,17,21,26,27,30,32]",6732d5258a9313035bead181283e041def90bbb2
proposed_nsga2_bs_Gyorgy-KOVACS_WH_Narrow_AW_4_seed_113,proposed_nsga2_bs,Gyorgy-KOVACS_WH_Narrow_AW_4,113,14,auto_from_instance,12,18,4,30,216,,,,,11,6,4,root > V:28 > BH:27 > BV:19 > BV:19,selected,0,inf,True,680,262,418,472.0,1.0,1.0,True,True,1,1,0,True,1,1,0,0,True,True,0,17,14,17,14,6,PF_LS_RP,fixed,,,False,0.8333333333333334,0.844601907689002,0.16666666666666663,0.1,adaptive,insert_random_aisle,offspring,feasible_start_adaptive_spacing,,,,feasible_start_adaptive_spacing,0.5,,True,auto_from_instance,0.75,0.35,"5,11,15,17,19,24,25,27,29,30,37,39,41,43,47,53,57","2,9,11,13,14,15,16,19,21,26,27,28,30,32",,,,,,"H[5,11,15,17,19,24,25,27,29,30,37,39,41,43,47,53,57]|V[2,9,11,13,14,15,16,19,21,26,27,28,30,32]",fc4825140fa5e2560776b4b932f5ef46c1588f36
proposed_nsga2_bs_Gyorgy-KOVACS_WH_Narrow_AW_4_seed_113,proposed_nsga2_bs,Gyorgy-KOVACS_WH_Narrow_AW_4,113,14,auto_from_instance,12,18,4,30,216,,,,,12,6,4,root > V:28 > BH:27 > BV:19 > BV:21,selected,1,inf,True,680,262,418,524.0,1.0,1.0,True,True,1,1,0,True,1,1,0,0,True,True,0,17,14,17,14,6,PF_LS_RP,fixed,,,False,0.8333333333333334,0.844601907689002,0.16666666666666663,0.1,adaptive,insert_random_aisle,offspring,feasible_start_adaptive_spacing,,,,feasible_start_adaptive_spacing,0.5,,True,auto_from_instance,0.75,0.35,"5,11,15,17,19,24,25,27,29,30,37,39,41,43,47,53,57","2,9,11,13,14,15,16,19,21,26,27,28,30,32",,,,,,"H[5,11,15,17,19,24,25,27,29,30,37,39,41,43,47,53,57]|V[2,9,11,13,14,15,16,19,21,26,27,28,30,32]",334779b46d5c288ee3031362a71af20db7b63dd5
proposed_nsga2_bs_Gyorgy-KOVACS_WH_Narrow_AW_4_seed_113,proposed_nsga2_bs,Gyorgy-KOVACS_WH_Narrow_AW_4,113,14,auto_from_instance,12,18,4,30,216,,,,,13,6,4,root > V:28 > BH:27 > BV:19 > BV:21,selected,1,0.0,True,680,262,418,524.0,1.0,1.0,True,True,1,1,0,True,1,1,0,0,True,True,0,17,14,17,14,6,PF_LS_RP,fixed,,,False,0.8333333333333334,0.844601907689002,0.16666666666666663,0.1,adaptive,insert_random_aisle,offspring,feasible_start_adaptive_spacing,,,,feasible_start_adaptive_spacing,0.5,,True,auto_from_instance,0.75,0.35,"5,11,15,17,19,24,25,27,29,30,37,39,41,43,47,53,57","2,9,11,13,14,15,16,19,21,26,27,28,30,32",,,,,,"H[5,11,15,17,19,24,25,27,29,30,37,39,41,43,47,53,57]|V[2,9,11,13,14,15,16,19,21,26,27,28,30,32]",8f2926ac3d427dac9f2e22e7dbb4782d03fe71f9
proposed_nsga2_bs_Gyorgy-KOVACS_WH_Narrow_AW_4_seed_113,proposed_nsga2_bs,Gyorgy-KOVACS_WH_Narrow_AW_4,113,14,auto_from_instance,12,18,4,30,216,,,,,14,6,4,root > V:28 > BH:27 > BV:19 > BV:17,selected,1,0.6768341307814991,True,680,262,418,524.0,1.0,1.0,True,True,1,1,0,True,1,1,0,0,True,True,0,17,15,17,15,6,PF_LS_RP,fixed,,,False,0.8333333333333334,0.844601907689002,0.16666666666666663,0.1,adaptive,insert_random_aisle,offspring,feasible_start_adaptive_spacing,,,,feasible_start_adaptive_spacing,0.5,,True,auto_from_instance,0.75,0.35,"5,11,15,17,19,24,25,27,29,30,37,39,41,43,47,53,57","2,9,11,13,14,15,16,19,21,26,27,28,30,32",,,,,,"H[5,11,15,17,19,24,25,27,29,30,37,39,41,43,47,53,57]|V[2,9,11,13,14,15,16,17,19,21,26,27,28,30,32]",c3a8d798cccc0ae6137f5d1801f12286f82d75a7
proposed_nsga2_bs_Gyorgy-KOVACS_WH_Narrow_AW_4_seed_113,proposed_nsga2_bs,Gyorgy-KOVACS_WH_Narrow_AW_4,113,15,auto_from_instance,12,18,4,30,216,,,,,1,1,4,root > V:28 > BH:27 > BV:19 > BV:19,selected,0,inf,True,680,262,418,472.0,1.0,1.0,True,True,1,1,0,True,1,1,0,0,True,True,0,17,13,17,13,1,PF_LS_RP,fixed,,,False,0.8888888888888888,0.8466142895504276,0.11111111111111116,0.1,adaptive,bit_flip,offspring,feasible_start_adaptive_spacing,,,,feasible_start_adaptive_spacing,0.5,,True,auto_from_instance,0.75,0.35,"5,11,15,17,24,25,27,29,31,37,39,41,43,47,53,55,57","2,9,13,14,15,16,19,21,26,27,28,30,32",,,,,,"H[5,11,15,17,24,25,27,29,31,37,39,41,43,47,53,55,57]|V[2,9,13,14,15,16,19,21,26,27,28,30,32]",fc4825140fa5e2560776b4b932f5ef46c1588f36
proposed_nsga2_bs_Gyorgy-KOVACS_WH_Narrow_AW_4_seed_113,proposed_nsga2_bs,Gyorgy-KOVACS_WH_Narrow_AW_4,113,15,auto_from_instance,12,18,4,30,216,,,,,2,1,4,root > V:28 > BH:27 > BV:19 > BV:21,selected,1,inf,True,680,262,418,524.0,1.0,1.0,True,True,1,1,0,True,1,1,0,0,True,True,0,17,13,17,13,1,PF_LS_RP,fixed,,,False,0.8888888888888888,0.8466142895504276,0.11111111111111116,0.1,adaptive,bit_flip,offspring,feasible_start_adaptive_spacing,,,,feasible_start_adaptive_spacing,0.5,,True,auto_from_instance,0.75,0.35,"5,11,15,17,24,25,27,29,31,37,39,41,43,47,53,55,57","2,9,13,14,15,16,19,21,26,27,28,30,32",,,,,,"H[5,11,15,17,24,25,27,29,31,37,39,41,43,47,53,55,57]|V[2,9,13,14,15,16,19,21,26,27,28,30,32]",334779b46d5c288ee3031362a71af20db7b63dd5
proposed_nsga2_bs_Gyorgy-KOVACS_WH_Narrow_AW_4_seed_113,proposed_nsga2_bs,Gyorgy-KOVACS_WH_Narrow_AW_4,113,15,auto_from_instance,12,18,4,30,216,,,,,3,1,4,root > V:28 > BH:27 > BV:19 > BV:21,selected,1,0.0,True,680,262,418,524.0,1.0,1.0,True,True,1,1,0,True,1,1,0,0,True,True,0,17,13,17,13,1,PF_LS_RP,fixed,,,False,0.8888888888888888,0.8466142895504276,0.11111111111111116,0.1,adaptive,bit_flip,offspring,feasible_start_adaptive_spacing,,,,feasible_start_adaptive_spacing,0.5,,True,auto_from_instance,0.75,0.35,"5,11,15,17,24,25,27,29,31,37,39,41,43,47,53,55,57","2,9,13,14,15,16,19,21,26,27,28,30,32",,,,,,"H[5,11,15,17,24,25,27,29,31,37,39,41,43,47,53,55,57]|V[2,9,13,14,15,16,19,21,26,27,28,30,32]",8f2926ac3d427dac9f2e22e7dbb4782d03fe71f9
proposed_nsga2_bs_Gyorgy-KOVACS_WH_Narrow_AW_4_seed_113,proposed_nsga2_bs,Gyorgy-KOVACS_WH_Narrow_AW_4,113,15,auto_from_instance,12,18,4,30,216,,,,,4,1,4,root > V:28 > BH:27 > BV:19 > BV:17,selected,1,0.6768341307814991,True,680,262,418,524.0,1.0,1.0,True,True,1,1,0,True,1,1,0,0,True,True,0,17,14,17,14,1,PF_LS_RP,fixed,,,False,0.8888888888888888,0.8466142895504276,0.11111111111111116,0.1,adaptive,bit_flip,offspring,feasible_start_adaptive_spacing,,,,feasible_start_adaptive_spacing,0.5,,True,auto_from_instance,0.75,0.35,"5,11,15,17,24,25,27,29,31,37,39,41,43,47,53,55,57","2,9,13,14,15,16,19,21,26,27,28,30,32",,,,,,"H[5,11,15,17,24,25,27,29,31,37,39,41,43,47,53,55,57]|V[2,9,13,14,15,16,17,19,21,26,27,28,30,32]",c3a8d798cccc0ae6137f5d1801f12286f82d75a7
proposed_nsga2_bs_Gyorgy-KOVACS_WH_Narrow_AW_4_seed_113,proposed_nsga2_bs,Gyorgy-KOVACS_WH_Narrow_AW_4,113,15,auto_from_instance,12,18,4,30,216,,,,,5,2,9,root > V:15 > BH:27 > BH:5 > BH:15 > BH:25 > BH:37 > BH:47 > BV:23 > BV:30,selected,0,inf,True,592,261,331,462.0,1.0,1.0,True,True,1,1,0,True,1,1,0,0,True,True,0,18,14,18,14,2,PF_LS_RP,fixed,,,False,0.8888888888888888,0.9527796786673639,0.11111111111111116,0.1,adaptive,break_symmetry,offspring,feasible_start_adaptive_spacing,,,,feasible_start_adaptive_spacing,0.5,,True,auto_from_instance,0.75,0.35,"5,7,9,15,17,19,24,25,27,29,30,37,39,41,42,47,53,57","2,9,11,13,14,15,16,19,21,23,26,27,30,32",,,,,,"H[5,7,9,15,17,19,24,25,27,29,30,37,39,41,42,47,53,57]|V[2,9,11,13,14,15,16,19,21,23,26,27,30,32]",9ee2190bb5e677e5dd6004d3c767bf39ff3449fb
proposed_nsga2_bs_Gyorgy-KOVACS_WH_Narrow_AW_4_seed_113,proposed_nsga2_bs,Gyorgy-KOVACS_WH_Narrow_AW_4,113,15,auto_from_instance,12,18,4,30,216,,,,,6,2,9,root > V:15 > BH:27 > BH:49 > BH:39 > BH:29 > BH:17 > BH:7 > BV:23 > BV:30,selected,0,inf,True,592,261,331,462.0,1.0,1.0,True,True,1,1,0,True,1,1,0,0,True,True,0,19,14,19,14,2,PF_LS_RP,fixed,,,False,0.8888888888888888,0.9527796786673639,0.11111111111111116,0.1,adaptive,break_symmetry,offspring,feasible_start_adaptive_spacing,,,,feasible_start_adaptive_spacing,0.5,,True,auto_from_instance,0.75,0.35,"5,7,9,15,17,19,24,25,27,29,30,37,39,41,42,47,53,57","2,9,11,13,14,15,16,19,21,23,26,27,30,32",,,,,,"H[5,7,9,15,17,19,24,25,27,29,30,37,39,41,42,47,49,53,57]|V[2,9,11,13,14,15,16,19,21,23,26,27,30,32]",eef866e48d563b788dc6683537da31dffdbde584
proposed_nsga2_bs_Gyorgy-KOVACS_WH_Narrow_AW_4_seed_113,proposed_nsga2_bs,Gyorgy-KOVACS_WH_Narrow_AW_4,113,15,auto_from_instance,12,18,4,30,216,,,,,7,3,8,root > V:16 > BH:27 > BH:5 > BH:15 > BH:25 > BH:37 > BH:47 > BV:26,selected,1,inf,True,632,246,386,550.0,1.0,1.0,True,True,1,1,0,True,1,1,0,0,True,True,0,17,13,17,13,3,PF_LS_RP,fixed,,,False,0.8888888888888888,0.8724365479086225,0.11111111111111116,0.1,adaptive,break_symmetry,offspring,feasible_start_adaptive_spacing,,,,feasible_start_adaptive_spacing,0.5,,True,auto_from_instance,0.75,0.35,"4,5,7,11,15,17,24,25,27,29,30,37,39,47,49,53,57","4,9,11,16,17,19,21,22,24,26,27,30,32",,,,,,"H[4,5,7,11,15,17,24,25,27,29,30,37,39,47,49,53,57]|V[4,9,11,16,17,19,21,22,24,26,27,30,32]",08ee812bc396556b6550be0bd82f9266dcd2fe55
proposed_nsga2_bs_Gyorgy-KOVACS_WH_Narrow_AW_4_seed_113,proposed_nsga2_bs,Gyorgy-KOVACS_WH_Narrow_AW_4,113,15,auto_from_instance,12,18,4,30,216,,,,,8,3,8,root > V:16 > BH:27 > BH:49 > BH:39 > BH:29 > BH:17 > BH:7 > BV:26,selected,1,inf,True,632,246,386,550.0,1.0,1.0,True,True,1,1,0,True,1,1,0,0,True,True,0,17,13,17,13,3,PF_LS_RP,fixed,,,False,0.8888888888888888,0.8724365479086225,0.11111111111111116,0.1,adaptive,break_symmetry,offspring,feasible_start_adaptive_spacing,,,,feasible_start_adaptive_spacing,0.5,,True,auto_from_instance,0.75,0.35,"4,5,7,11,15,17,24,25,27,29,30,37,39,47,49,53,57","4,9,11,16,17,19,21,22,24,26,27,30,32",,,,,,"H[4,5,7,11,15,17,24,25,27,29,30,37,39,47,49,53,57]|V[4,9,11,16,17,19,21,22,24,26,27,30,32]",660d9dab711cc8220a7c4152b9d81284ad744a59
proposed_nsga2_bs_Gyorgy-KOVACS_WH_Narrow_AW_4_seed_113,proposed_nsga2_bs,Gyorgy-KOVACS_WH_Narrow_AW_4,113,15,auto_from_instance,12,18,4,30,216,,,,,9,3,8,root > V:16 > BH:27 > BH:5 > BH:15 > BH:25 > BH:37 > BH:47 > BV:24,evaluated,2,inf,False,632,246,386,628.0,1.0,1.0,True,True,1,1,0,True,1,1,0,0,True,True,0,17,13,17,13,3,PF_LS_RP,fixed,,,False,0.8888888888888888,0.8724365479086225,0.11111111111111116,0.1,adaptive,break_symmetry,offspring,feasible_start_adaptive_spacing,,,,feasible_start_adaptive_spacing,0.5,,True,auto_from_instance,0.75,0.35,"4,5,7,11,15,17,24,25,27,29,30,37,39,47,49,53,57","4,9,11,16,17,19,21,22,24,26,27,30,32",,,,,,"H[4,5,7,11,15,17,24,25,27,29,30,37,39,47,49,53,57]|V[4,9,11,16,17,19,21,22,24,26,27,30,32]",fe71932ea9ef92cbca4e0b578f20f6e88be50370
proposed_nsga2_bs_Gyorgy-KOVACS_WH_Narrow_AW_4_seed_113,proposed_nsga2_bs,Gyorgy-KOVACS_WH_Narrow_AW_4,113,15,auto_from_instance,12,18,4,30,216,,,,,10,3,8,root > V:16 > BH:27 > BH:49 > BH:39 > BH:29 > BH:17 > BH:7 > BV:24,evaluated,2,inf,False,632,246,386,628.0,1.0,1.0,True,True,1,1,0,True,1,1,0,0,True,True,0,17,13,17,13,3,PF_LS_RP,fixed,,,False,0.8888888888888888,0.8724365479086225,0.11111111111111116,0.1,adaptive,break_symmetry,offspring,feasible_start_adaptive_spacing,,,,feasible_start_adaptive_spacing,0.5,,True,auto_from_instance,0.75,0.35,"4,5,7,11,15,17,24,25,27,29,30,37,39,47,49,53,57","4,9,11,16,17,19,21,22,24,26,27,30,32",,,,,,"H[4,5,7,11,15,17,24,25,27,29,30,37,39,47,49,53,57]|V[4,9,11,16,17,19,21,22,24,26,27,30,32]",9696e3fb0a981a3c866440c46c54987a8cf3ab94
proposed_nsga2_bs_Gyorgy-KOVACS_WH_Narrow_AW_4_seed_113,proposed_nsga2_bs,Gyorgy-KOVACS_WH_Narrow_AW_4,113,15,auto_from_instance,12,18,4,30,216,,,,,11,7,4,root > V:27 > BH:27 > BV:19 > BV:19,selected,1,inf,True,684,260,424,484.0,1.0,1.0,True,True,1,1,0,True,1,1,0,0,True,True,0,17,13,17,13,7,PF_LS_RP,fixed,,,False,0.8888888888888888,0.8519874890432337,0.11111111111111116,0.1,adaptive,remove_random_aisle,offspring,feasible_start_adaptive_spacing,,,,feasible_start_adaptive_spacing,0.5,,True,auto_from_instance,0.75,0.35,"5,7,9,15,17,24,25,27,29,31,37,39,41,43,47,53,57","2,9,11,13,14,15,19,21,23,26,27,30,32",,,,,,"H[5,7,9,15,17,24,25,27,29,31,37,39,41,43,47,53,57]|V[2,9,11,13,14,15,19,21,23,26,27,30,32]",9baad5a6d6d08df213ec54891109e23b1069a9a5
proposed_nsga2_bs_Gyorgy-KOVACS_WH_Narrow_AW_4_seed_113,proposed_nsga2_bs,Gyorgy-KOVACS_WH_Narrow_AW_4,113,15,auto_from_instance,12,18,4,30,216,,,,,12,7,4,root > V:27 > BH:27 > BV:17 > BV:19,selected,1,0.0,True,684,260,424,484.0,1.0,1.0,True,True,1,1,0,True,1,1,0,0,True,True,0,17,14,17,14,7,PF_LS_RP,fixed,,,False,0.8888888888888888,0.8519874890432337,0.11111111111111116,0.1,adaptive,remove_random_aisle,offspring,feasible_start_adaptive_spacing,,,,feasible_start_adaptive_spacing,0.5,,True,auto_from_instance,0.75,0.35,"5,7,9,15,17,24,25,27,29,31,37,39,41,43,47,53,57","2,9,11,13,14,15,19,21,23,26,27,30,32",,,,,,"H[5,7,9,15,17,24,25,27,29,31,37,39,41,43,47,53,57]|V[2,9,11,13,14,15,17,19,21,23,26,27,30,32]",7ea492661f4a7d780540a41c5bfc758906148e19
proposed_nsga2_bs_Gyorgy-KOVACS_WH_Narrow_AW_4_seed_113,proposed_nsga2_bs,Gyorgy-KOVACS_WH_Narrow_AW_4,113,15,auto_from_instance,12,18,4,30,216,,,,,13,7,4,root > V:27 > BH:27 > BV:19 > BV:17,selected,1,0.0,True,684,260,424,484.0,1.0,1.0,True,True,1,1,0,True,1,1,0,0,True,True,0,17,14,17,14,7,PF_LS_RP,fixed,,,False,0.8888888888888888,0.8519874890432337,0.11111111111111116,0.1,adaptive,remove_random_aisle,offspring,feasible_start_adaptive_spacing,,,,feasible_start_adaptive_spacing,0.5,,True,auto_from_instance,0.75,0.35,"5,7,9,15,17,24,25,27,29,31,37,39,41,43,47,53,57","2,9,11,13,14,15,19,21,23,26,27,30,32",,,,,,"H[5,7,9,15,17,24,25,27,29,31,37,39,41,43,47,53,57]|V[2,9,11,13,14,15,17,19,21,23,26,27,30,32]",59c55a28d53f47701301421f850890ad1de7d63b
proposed_nsga2_bs_Gyorgy-KOVACS_WH_Narrow_AW_4_seed_113,proposed_nsga2_bs,Gyorgy-KOVACS_WH_Narrow_AW_4,113,15,auto_from_instance,12,18,4,30,216,,,,,14,7,4,root > V:27 > BH:27 > BV:17 > BV:17,selected,1,inf,True,684,260,424,484.0,1.0,1.0,True,True,1,1,0,True,1,1,0,0,True,True,0,17,14,17,14,7,PF_LS_RP,fixed,,,False,0.8888888888888888,0.8519874890432337,0.11111111111111116,0.1,adaptive,remove_random_aisle,offspring,feasible_start_adaptive_spacing,,,,feasible_start_adaptive_spacing,0.5,,True,auto_from_instance,0.75,0.35,"5,7,9,15,17,24,25,27,29,31,37,39,41,43,47,53,57","2,9,11,13,14,15,19,21,23,26,27,30,32",,,,,,"H[5,7,9,15,17,24,25,27,29,31,37,39,41,43,47,53,57]|V[2,9,11,13,14,15,17,19,21,23,26,27,30,32]",6732d5258a9313035bead181283e041def90bbb2
proposed_nsga2_bs_Gyorgy-KOVACS_WH_Narrow_AW_4_seed_113,proposed_nsga2_bs,Gyorgy-KOVACS_WH_Narrow_AW_4,113,16,auto_from_instance,12,18,4,30,216,,,,,1,1,4,root > V:28 > BH:27 > BV:19 > BV:19,selected,0,inf,True,680,262,418,472.0,1.0,1.0,True,True,1,1,0,True,1,1,0,0,True,True,0,18,15,18,15,1,PF_LS_RP,fixed,,,False,0.9444444444444444,0.9306566444134587,0.1,0.1,adaptive,bit_flip,offspring,feasible_start_adaptive_spacing,,,,feasible_start_adaptive_spacing,0.5,,True,auto_from_instance,0.75,0.35,"5,7,11,15,17,19,24,25,27,29,30,37,39,41,42,47,53,57","2,8,9,11,13,14,15,16,19,21,26,27,28,30,32",,,,,,"H[5,7,11,15,17,19,24,25,27,29,30,37,39,41,42,47,53,57]|V[2,8,9,11,13,14,15,16,19,21,26,27,28,30,32]",fc4825140fa5e2560776b4b932f5ef46c1588f36
proposed_nsga2_bs_Gyorgy-KOVACS_WH_Narrow_AW_4_seed_113,proposed_nsga2_bs,Gyorgy-KOVACS_WH_Narrow_AW_4,113,16,auto_from_instance,12,18,4,30,216,,,,,2,1,4,root > V:28 > BH:27 > BV:19 > BV:21,selected,1,inf,True,680,262,418,524.0,1.0,1.0,True,True,1,1,0,True,1,1,0,0,True,True,0,18,15,18,15,1,PF_LS_RP,fixed,,,False,0.9444444444444444,0.9306566444134587,0.1,0.1,adaptive,bit_flip,offspring,feasible_start_adaptive_spacing,,,,feasible_start_adaptive_spacing,0.5,,True,auto_from_instance,0.75,0.35,"5,7,11,15,17,19,24,25,27,29,30,37,39,41,42,47,53,57","2,8,9,11,13,14,15,16,19,21,26,27,28,30,32",,,,,,"H[5,7,11,15,17,19,24,25,27,29,30,37,39,41,42,47,53,57]|V[2,8,9,11,13,14,15,16,19,21,26,27,28,30,32]",334779b46d5c288ee3031362a71af20db7b63dd5
proposed_nsga2_bs_Gyorgy-KOVACS_WH_Narrow_AW_4_seed_113,proposed_nsga2_bs,Gyorgy-KOVACS_WH_Narrow_AW_4,113,16,auto_from_instance,12,18,4,30,216,,,,,3,1,4,root > V:28 > BH:27 > BV:19 > BV:21,selected,1,0.0,True,680,262,418,524.0,1.0,1.0,True,True,1,1,0,True,1,1,0,0,True,True,0,18,15,18,15,1,PF_LS_RP,fixed,,,False,0.9444444444444444,0.9306566444134587,0.1,0.1,adaptive,bit_flip,offspring,feasible_start_adaptive_spacing,,,,feasible_start_adaptive_spacing,0.5,,True,auto_from_instance,0.75,0.35,"5,7,11,15,17,19,24,25,27,29,30,37,39,41,42,47,53,57","2,8,9,11,13,14,15,16,19,21,26,27,28,30,32",,,,,,"H[5,7,11,15,17,19,24,25,27,29,30,37,39,41,42,47,53,57]|V[2,8,9,11,13,14,15,16,19,21,26,27,28,30,32]",8f2926ac3d427dac9f2e22e7dbb4782d03fe71f9
proposed_nsga2_bs_Gyorgy-KOVACS_WH_Narrow_AW_4_seed_113,proposed_nsga2_bs,Gyorgy-KOVACS_WH_Narrow_AW_4,113,16,auto_from_instance,12,18,4,30,216,,,,,4,1,4,root > V:28 > BH:27 > BV:19 > BV:17,selected,1,inf,True,680,262,418,524.0,1.0,1.0,True,True,1,1,0,True,1,1,0,0,True,True,0,18,16,18,16,1,PF_LS_RP,fixed,,,False,0.9444444444444444,0.9306566444134587,0.1,0.1,adaptive,bit_flip,offspring,feasible_start_adaptive_spacing,,,,feasible_start_adaptive_spacing,0.5,,True,auto_from_instance,0.75,0.35,"5,7,11,15,17,19,24,25,27,29,30,37,39,41,42,47,53,57","2,8,9,11,13,14,15,16,19,21,26,27,28,30,32",,,,,,"H[5,7,11,15,17,19,24,25,27,29,30,37,39,41,42,47,53,57]|V[2,8,9,11,13,14,15,16,17,19,21,26,27,28,30,32]",c3a8d798cccc0ae6137f5d1801f12286f82d75a7
proposed_nsga2_bs_Gyorgy-KOVACS_WH_Narrow_AW_4_seed_113,proposed_nsga2_bs,Gyorgy-KOVACS_WH_Narrow_AW_4,113,16,auto_from_instance,12,18,4,30,216,,,,,5,2,8,root > V:16 > BH:27 > BH:5 > BH:15 > BH:25 > BH:37 > BH:47 > BV:26,selected,1,inf,True,632,246,386,550.0,1.0,1.0,True,True,1,1,0,True,1,1,0,0,True,True,0,17,14,17,14,2,PF_LS_RP,fixed,,,False,0.9444444444444444,0.8967442801860186,0.1,0.1,adaptive,insert_random_aisle,offspring,feasible_start_adaptive_spacing,,,,feasible_start_adaptive_spacing,0.5,,True,auto_from_instance,0.75,0.35,"5,9,15,17,24,25,27,29,31,37,39,41,43,47,53,55,57","2,9,13,14,15,16,19,20,21,23,26,27,30,32",,,,,,"H[5,9,15,17,24,25,27,29,31,37,39,41,43,47,53,55,57]|V[2,9,13,14,15,16,19,20,21,23,26,27,30,32]",08ee812bc396556b6550be0bd82f9266dcd2fe55
proposed_nsga2_bs_Gyorgy-KOVACS_WH_Narrow_AW_4_seed_113,proposed_nsga2_bs,Gyorgy-KOVACS_WH_Narrow_AW_4,113,16,auto_from_instance,12,18,4,30,216,,,,,6,2,8,root > V:16 > BH:27 > BH:49 > BH:39 > BH:29 > BH:17 > BH:7 > BV:26,selected,1,inf,True,632,246,386,550.0,1.0,1.0,True,True,1,1,0,True,1,1,0,0,True,True,0,19,14,19,14,2,PF_LS_RP,fixed,,,False,0.9444444444444444,0.8967442801860186,0.1,0.1,adaptive,insert_random_aisle,offspring,feasible_start_adaptive_spacing,,,,feasible_start_adaptive_spacing,0.5,,True,auto_from_instance,0.75,0.35,"5,9,15,17,24,25,27,29,31,37,39,41,43,47,53,55,57","2,9,13,14,15,16,19,20,21,23,26,27,30,32",,,,,,"H[5,7,9,15,17,24,25,27,29,31,37,39,41,43,47,49,53,55,57]|V[2,9,13,14,15,16,19,20,21,23,26,27,30,32]",660d9dab711cc8220a7c4152b9d81284ad744a59
proposed_nsga2_bs_Gyorgy-KOVACS_WH_Narrow_AW_4_seed_113,proposed_nsga2_bs,Gyorgy-KOVACS_WH_Narrow_AW_4,113,16,auto_from_instance,12,18,4,30,216,,,,,7,2,8,root > V:16 > BH:27 > BH:5 > BH:15 > BH:25 > BH:37 > BH:47 > BV:24,selected,2,inf,True,632,246,386,628.0,1.0,1.0,True,True,1,1,0,True,1,1,0,0,True,True,0,17,15,17,15,2,PF_LS_RP,fixed,,,False,0.9444444444444444,0.8967442801860186,0.1,0.1,adaptive,insert_random_aisle,offspring,feasible_start_adaptive_spacing,,,,feasible_start_adaptive_spacing,0.5,,True,auto_from_instance,0.75,0.35,"5,9,15,17,24,25,27,29,31,37,39,41,43,47,53,55,57","2,9,13,14,15,16,19,20,21,23,26,27,30,32",,,,,,"H[5,9,15,17,24,25,27,29,31,37,39,41,43,47,53,55,57]|V[2,9,13,14,15,16,19,20,21,23,24,26,27,30,32]",fe71932ea9ef92cbca4e0b578f20f6e88be50370
proposed_nsga2_bs_Gyorgy-KOVACS_WH_Narrow_AW_4_seed_113,proposed_nsga2_bs,Gyorgy-KOVACS_WH_Narrow_AW_4,113,16,auto_from_instance,12,18,4,30,216,,,,,8,2,8,root > V:16 > BH:27 > BH:49 > BH:39 > BH:29 > BH:17 > BH:7 > BV:24,selected,2,inf,True,632,246,386,628.0,1.0,1.0,True,True,1,1,0,True,1,1,0,0,True,True,0,19,15,19,15,2,PF_LS_RP,fixed,,,False,0.9444444444444444,0.8967442801860186,0.1,0.1,adaptive,insert_random_aisle,offspring,feasible_start_adaptive_spacing,,,,feasible_start_adaptive_spacing,0.5,,True,auto_from_instance,0.75,0.35,"5,9,15,17,24,25,27,29,31,37,39,41,43,47,53,55,57","2,9,13,14,15,16,19,20,21,23,26,27,30,32",,,,,,"H[5,7,9,15,17,24,25,27,29,31,37,39,41,43,47,49,53,55,57]|V[2,9,13,14,15,16,19,20,21,23,24,26,27,30,32]",9696e3fb0a981a3c866440c46c54987a8cf3ab94
proposed_nsga2_bs_Gyorgy-KOVACS_WH_Narrow_AW_4_seed_113,proposed_nsga2_bs,Gyorgy-KOVACS_WH_Narrow_AW_4,113,16,auto_from_instance,12,18,4,30,216,,,,,9,6,8,root > V:17 > BH:27 > BH:5 > BH:15 > BH:25 > BH:37 > BH:47 > BV:27,selected,1,inf,True,648,237,411,490.0,1.0,1.0,True,True,1,1,0,True,1,1,0,0,True,True,0,18,15,18,15,6,PF_LS_RP,fixed,,,False,0.9444444444444444,0.9476402675187207,0.1,0.1,adaptive,bit_flip,offspring,feasible_start_adaptive_spacing,,,,feasible_start_adaptive_spacing,0.5,,True,auto_from_instance,0.75,0.35,"4,5,7,11,15,17,24,25,27,29,31,37,39,41,43,47,53,57","4,9,11,13,14,15,17,19,21,23,26,27,29,30,32",,,,,,"H[4,5,7,11,15,17,24,25,27,29,31,37,39,41,43,47,53,57]|V[4,9,11,13,14,15,17,19,21,23,26,27,29,30,32]",3ab80a1d8e68880e815ad780c83cfc2449e7f93f
proposed_nsga2_bs_Gyorgy-KOVACS_WH_Narrow_AW_4_seed_113,proposed_nsga2_bs,Gyorgy-KOVACS_WH_Narrow_AW_4,113,16,auto_from_instance,12,18,4,30,216,,,,,10,6,8,root > V:17 > BH:27 > BH:49 > BH:39 > BH:29 > BH:17 > BH:7 > BV:27,selected,1,inf,True,648,237,411,490.0,1.0,1.0,True,True,1,1,0,True,1,1,0,0,True,True,0,19,15,19,15,6,PF_LS_RP,fixed,,,False,0.9444444444444444,0.9476402675187207,0.1,0.1,adaptive,bit_flip,offspring,feasible_start_adaptive_spacing,,,,feasible_start_adaptive_spacing,0.5,,True,auto_from_instance,0.75,0.35,"4,5,7,11,15,17,24,25,27,29,31,37,39,41,43,47,53,57","4,9,11,13,14,15,17,19,21,23,26,27,29,30,32",,,,,,"H[4,5,7,11,15,17,24,25,27,29,31,37,39,41,43,47,49,53,57]|V[4,9,11,13,14,15,17,19,21,23,26,27,29,30,32]",451b31cd7494c0e29ac39737991e84853f054397
proposed_nsga2_bs_Gyorgy-KOVACS_WH_Narrow_AW_4_seed_113,proposed_nsga2_bs,Gyorgy-KOVACS_WH_Narrow_AW_4,113,16,auto_from_instance,12,18,4,30,216,,,,,11,6,8,root > V:17 > BH:27 > BH:5 > BH:15 > BH:25 > BH:37 > BH:47 > BV:25,evaluated,2,inf,False,648,237,411,544.0,1.0,1.0,True,True,1,1,0,True,1,1,0,0,True,True,0,18,16,18,16,6,PF_LS_RP,fixed,,,False,0.9444444444444444,0.9476402675187207,0.1,0.1,adaptive,bit_flip,offspring,feasible_start_adaptive_spacing,,,,feasible_start_adaptive_spacing,0.5,,True,auto_from_instance,0.75,0.35,"4,5,7,11,15,17,24,25,27,29,31,37,39,41,43,47,53,57","4,9,11,13,14,15,17,19,21,23,26,27,29,30,32",,,,,,"H[4,5,7,11,15,17,24,25,27,29,31,37,39,41,43,47,53,57]|V[4,9,11,13,14,15,17,19,21,23,25,26,27,29,30,32]",24e93b3467ee5334276be59c5b6e878bb2e06a66
proposed_nsga2_bs_Gyorgy-KOVACS_WH_Narrow_AW_4_seed_113,proposed_nsga2_bs,Gyorgy-KOVACS_WH_Narrow_AW_4,113,16,auto_from_instance,12,18,4,30,216,,,,,12,6,8,root > V:17 > BH:27 > BH:49 > BH:39 > BH:29 > BH:17 > BH:7 > BV:25,evaluated,2,inf,False,648,237,411,544.0,1.0,1.0,True,True,1,1,0,True,1,1,0,0,True,True,0,19,16,19,16,6,PF_LS_RP,fixed,,,False,0.9444444444444444,0.9476402675187207,0.1,0.1,adaptive,bit_flip,offspring,feasible_start_adaptive_spacing,,,,feasible_start_adaptive_spacing,0.5,,True,auto_from_instance,0.75,0.35,"4,5,7,11,15,17,24,25,27,29,31,37,39,41,43,47,53,57","4,9,11,13,14,15,17,19,21,23,26,27,29,30,32",,,,,,"H[4,5,7,11,15,17,24,25,27,29,31,37,39,41,43,47,49,53,57]|V[4,9,11,13,14,15,17,19,21,23,25,26,27,29,30,32]",19631d63ec0204b55a5a6d539d26aaf84a80581d
proposed_nsga2_bs_Gyorgy-KOVACS_WH_Narrow_AW_4_seed_113,proposed_nsga2_bs,Gyorgy-KOVACS_WH_Narrow_AW_4,113,16,auto_from_instance,12,18,4,30,216,,,,,13,7,9,root > V:15 > BH:27 > BH:5 > BH:15 > BH:25 > BH:37 > BH:47 > BV:23 > BV:30,selected,0,inf,True,592,261,331,462.0,1.0,1.0,True,True,1,1,0,True,1,1,0,0,True,True,0,16,14,16,14,7,PF_LS_RP,fixed,,,False,0.9444444444444444,0.9891086504439691,0.1,0.1,adaptive,remove_random_aisle,offspring,feasible_start_adaptive_spacing,,,,feasible_start_adaptive_spacing,0.5,,True,auto_from_instance,0.75,0.35,"5,7,9,15,17,25,27,29,31,37,39,41,43,47,53,57","2,9,11,13,14,15,17,19,21,23,26,27,30,32",,,,,,"H[5,7,9,15,17,25,27,29,31,37,39,41,43,47,53,57]|V[2,9,11,13,14,15,17,19,21,23,26,27,30,32]",9ee2190bb5e677e5dd6004d3c767bf39ff3449fb
proposed_nsga2_bs_Gyorgy-KOVACS_WH_Narrow_AW_4_seed_113,proposed_nsga2_bs,Gyorgy-KOVACS_WH_Narrow_AW_4,113,16,auto_from_instance,12,18,4,30,216,,,,,14,7,9,root > V:15 > BH:27 > BH:49 > BH:39 > BH:29 > BH:17 > BH:7 > BV:23 > BV:30,selected,0,inf,True,592,261,331,462.0,1.0,1.0,True,True,1,1,0,True,1,1,0,0,True,True,0,17,14,17,14,7,PF_LS_RP,fixed,,,False,0.9444444444444444,0.9891086504439691,0.1,0.1,adaptive,remove_random_aisle,offspring,feasible_start_adaptive_spacing,,,,feasible_start_adaptive_spacing,0.5,,True,auto_from_instance,0.75,0.35,"5,7,9,15,17,25,27,29,31,37,39,41,43,47,53,57","2,9,11,13,14,15,17,19,21,23,26,27,30,32",,,,,,"H[5,7,9,15,17,25,27,29,31,37,39,41,43,47,49,53,57]|V[2,9,11,13,14,15,17,19,21,23,26,27,30,32]",eef866e48d563b788dc6683537da31dffdbde584
proposed_nsga2_bs_Gyorgy-KOVACS_WH_Narrow_AW_4_seed_113,proposed_nsga2_bs,Gyorgy-KOVACS_WH_Narrow_AW_4,113,17,auto_from_instance,12,18,4,30,216,,,,,1,1,9,root > V:15 > BH:27 > BH:5 > BH:15 > BH:25 > BH:37 > BH:47 > BV:23 > BV:30,selected,0,inf,True,592,261,331,462.0,1.0,1.0,True,True,1,1,0,True,1,1,0,0,True,True,0,18,13,18,13,1,PF_LS_RP,fixed,,,False,1.0,1.0,0.1,0.1,adaptive,bit_flip,offspring,feasible_start_adaptive_spacing,,,,feasible_start_adaptive_spacing,0.5,,True,auto_from_instance,0.75,0.35,"5,9,15,17,24,25,27,29,30,31,37,39,41,43,47,53,55,57","2,9,13,14,15,17,19,21,23,26,27,30,32",,,,,,"H[5,9,15,17,24,25,27,29,30,31,37,39,41,43,47,53,55,57]|V[2,9,13,14,15,17,19,21,23,26,27,30,32]",9ee2190bb5e677e5dd6004d3c767bf39ff3449fb
proposed_nsga2_bs_Gyorgy-KOVACS_WH_Narrow_AW_4_seed_113,proposed_nsga2_bs,Gyorgy-KOVACS_WH_Narrow_AW_4,113,17,auto_from_instance,12,18,4,30,216,,,,,2,1,9,root > V:15 > BH:27 > BH:49 > BH:39 > BH:29 > BH:17 > BH:7 > BV:23 > BV:30,selected,0,inf,True,592,261,331,462.0,1.0,1.0,True,True,1,1,0,True,1,1,0,0,True,True,0,20,13,20,13,1,PF_LS_RP,fixed,,,False,1.0,1.0,0.1,0.1,adaptive,bit_flip,offspring,feasible_start_adaptive_spacing,,,,feasible_start_adaptive_spacing,0.5,,True,auto_from_instance,0.75,0.35,"5,9,15,17,24,25,27,29,30,31,37,39,41,43,47,53,55,57","2,9,13,14,15,17,19,21,23,26,27,30,32",,,,,,"H[5,7,9,15,17,24,25,27,29,30,31,37,39,41,43,47,49,53,55,57]|V[2,9,13,14,15,17,19,21,23,26,27,30,32]",eef866e48d563b788dc6683537da31dffdbde584
proposed_nsga2_bs_Gyorgy-KOVACS_WH_Narrow_AW_4_seed_113,proposed_nsga2_bs,Gyorgy-KOVACS_WH_Narrow_AW_4,113,17,auto_from_instance,12,18,4,30,216,,,,,3,4,4,root > V:28 > BH:27 > BV:19 > BV:19,selected,0,inf,True,680,262,418,472.0,1.0,1.0,True,True,1,1,0,True,1,1,0,0,True,True,0,18,15,18,15,4,PF_LS_RP,fixed,,,False,1.0,0.9016587805333268,0.1,0.1,adaptive,insert_random_aisle,offspring,feasible_start_adaptive_spacing,,,,feasible_start_adaptive_spacing,0.5,,True,auto_from_instance,0.75,0.35,"5,7,11,15,17,24,25,27,29,31,37,39,41,43,47,51,53,57","2,9,13,14,15,16,19,20,21,23,26,27,28,30,32",,,,,,"H[5,7,11,15,17,24,25,27,29,31,37,39,41,43,47,51,53,57]|V[2,9,13,14,15,16,19,20,21,23,26,27,28,30,32]",fc4825140fa5e2560776b4b932f5ef46c1588f36
proposed_nsga2_bs_Gyorgy-KOVACS_WH_Narrow_AW_4_seed_113,proposed_nsga2_bs,Gyorgy-KOVACS_WH_Narrow_AW_4,113,17,auto_from_instance,12,18,4,30,216,,,,,4,4,4,root > V:28 > BH:27 > BV:19 > BV:21,selected,1,inf,True,680,262,418,524.0,1.0,1.0,True,True,1,1,0,True,1,1,0,0,True,True,0,18,15,18,15,4,PF_LS_RP,fixed,,,False,1.0,0.9016587805333268,0.1,0.1,adaptive,insert_random_aisle,offspring,feasible_start_adaptive_spacing,,,,feasible_start_adaptive_spacing,0.5,,True,auto_from_instance,0.75,0.35,"5,7,11,15,17,24,25,27,29,31,37,39,41,43,47,51,53,57","2,9,13,14,15,16,19,20,21,23,26,27,28,30,32",,,,,,"H[5,7,11,15,17,24,25,27,29,31,37,39,41,43,47,51,53,57]|V[2,9,13,14,15,16,19,20,21,23,26,27,28,30,32]",334779b46d5c288ee3031362a71af20db7b63dd5
proposed_nsga2_bs_Gyorgy-KOVACS_WH_Narrow_AW_4_seed_113,proposed_nsga2_bs,Gyorgy-KOVACS_WH_Narrow_AW_4,113,17,auto_from_instance,12,18,4,30,216,,,,,5,4,4,root > V:28 > BH:27 > BV:19 > BV:21,selected,1,0.0,True,680,262,418,524.0,1.0,1.0,True,True,1,1,0,True,1,1,0,0,True,True,0,18,15,18,15,4,PF_LS_RP,fixed,,,False,1.0,0.9016587805333268,0.1,0.1,adaptive,insert_random_aisle,offspring,feasible_start_adaptive_spacing,,,,feasible_start_adaptive_spacing,0.5,,True,auto_from_instance,0.75,0.35,"5,7,11,15,17,24,25,27,29,31,37,39,41,43,47,51,53,57","2,9,13,14,15,16,19,20,21,23,26,27,28,30,32",,,,,,"H[5,7,11,15,17,24,25,27,29,31,37,39,41,43,47,51,53,57]|V[2,9,13,14,15,16,19,20,21,23,26,27,28,30,32]",8f2926ac3d427dac9f2e22e7dbb4782d03fe71f9
proposed_nsga2_bs_Gyorgy-KOVACS_WH_Narrow_AW_4_seed_113,proposed_nsga2_bs,Gyorgy-KOVACS_WH_Narrow_AW_4,113,17,auto_from_instance,12,18,4,30,216,,,,,6,4,4,root > V:28 > BH:27 > BV:19 > BV:17,selected,1,inf,True,680,262,418,524.0,1.0,1.0,True,True,1,1,0,True,1,1,0,0,True,True,0,18,16,18,16,4,PF_LS_RP,fixed,,,False,1.0,0.9016587805333268,0.1,0.1,adaptive,insert_random_aisle,offspring,feasible_start_adaptive_spacing,,,,feasible_start_adaptive_spacing,0.5,,True,auto_from_instance,0.75,0.35,"5,7,11,15,17,24,25,27,29,31,37,39,41,43,47,51,53,57","2,9,13,14,15,16,19,20,21,23,26,27,28,30,32",,,,,,"H[5,7,11,15,17,24,25,27,29,31,37,39,41,43,47,51,53,57]|V[2,9,13,14,15,16,17,19,20,21,23,26,27,28,30,32]",c3a8d798cccc0ae6137f5d1801f12286f82d75a7
proposed_nsga2_bs_Gyorgy-KOVACS_WH_Narrow_AW_4_seed_113,proposed_nsga2_bs,Gyorgy-KOVACS_WH_Narrow_AW_4,113,17,auto_from_instance,12,18,4,30,216,,,,,7,9,8,root > V:16 > BH:27 > BH:5 > BH:15 > BH:25 > BH:37 > BH:47 > BV:26,selected,1,inf,True,632,246,386,550.0,1.0,1.0,True,True,1,1,0,True,1,1,0,0,True,True,0,17,16,17,16,9,PF_LS_RP,fixed,,,False,1.0,0.9841461874581846,0.1,0.1,adaptive,break_symmetry,offspring,feasible_start_adaptive_spacing,,,,feasible_start_adaptive_spacing,0.5,,True,auto_from_instance,0.75,0.35,"5,7,11,15,17,19,25,27,29,30,37,38,41,42,47,53,57","2,8,9,11,13,14,15,16,17,19,21,23,26,27,30,32",,,,,,"H[5,7,11,15,17,19,25,27,29,30,37,38,41,42,47,53,57]|V[2,8,9,11,13,14,15,16,17,19,21,23,26,27,30,32]",08ee812bc396556b6550be0bd82f9266dcd2fe55
proposed_nsga2_bs_Gyorgy-KOVACS_WH_Narrow_AW_4_seed_113,proposed_nsga2_bs,Gyorgy-KOVACS_WH_Narrow_AW_4,113,17,auto_from_instance,12,18,4,30,216,,,,,8,9,8,root > V:16 > BH:27 > BH:49 > BH:39 > BH:29 > BH:17 > BH:7 > BV:26,selected,1,inf,True,632,246,386,550.0,1.0,1.0,True,True,1,1,0,True,1,1,0,0,True,True,0,19,16,19,16,9,PF_LS_RP,fixed,,,False,1.0,0.9841461874581846,0.1,0.1,adaptive,break_symmetry,offspring,feasible_start_adaptive_spacing,,,,feasible_start_adaptive_spacing,0.5,,True,auto_from_instance,0.75,0.35,"5,7,11,15,17,19,25,27,29,30,37,38,41,42,47,53,57","2,8,9,11,13,14,15,16,17,19,21,23,26,27,30,32",,,,,,"H[5,7,11,15,17,19,25,27,29,30,37,38,39,41,42,47,49,53,57]|V[2,8,9,11,13,14,15,16,17,19,21,23,26,27,30,32]",660d9dab711cc8220a7c4152b9d81284ad744a59
proposed_nsga2_bs_Gyorgy-KOVACS_WH_Narrow_AW_4_seed_113,proposed_nsga2_bs,Gyorgy-KOVACS_WH_Narrow_AW_4,113,17,auto_from_instance,12,18,4,30,216,,,,,9,9,8,root > V:16 > BH:27 > BH:5 > BH:15 > BH:25 > BH:37 > BH:47 > BV:24,selected,2,inf,True,632,246,386,628.0,1.0,1.0,True,True,1,1,0,True,1,1,0,0,True,True,0,17,17,17,17,9,PF_LS_RP,fixed,,,False,1.0,0.9841461874581846,0.1,0.1,adaptive,break_symmetry,offspring,feasible_start_adaptive_spacing,,,,feasible_start_adaptive_spacing,0.5,,True,auto_from_instance,0.75,0.35,"5,7,11,15,17,19,25,27,29,30,37,38,41,42,47,53,57","2,8,9,11,13,14,15,16,17,19,21,23,26,27,30,32",,,,,,"H[5,7,11,15,17,19,25,27,29,30,37,38,41,42,47,53,57]|V[2,8,9,11,13,14,15,16,17,19,21,23,24,26,27,30,32]",fe71932ea9ef92cbca4e0b578f20f6e88be50370
proposed_nsga2_bs_Gyorgy-KOVACS_WH_Narrow_AW_4_seed_113,proposed_nsga2_bs,Gyorgy-KOVACS_WH_Narrow_AW_4,113,17,auto_from_instance,12,18,4,30,216,,,,,10,9,8,root > V:16 > BH:27 > BH:49 > BH:39 > BH:29 > BH:17 > BH:7 > BV:24,selected,2,inf,True,632,246,386,628.0,1.0,1.0,True,True,1,1,0,True,1,1,0,0,True,True,0,19,17,19,17,9,PF_LS_RP,fixed,,,False,1.0,0.9841461874581846,0.1,0.1,adaptive,break_symmetry,offspring,feasible_start_adaptive_spacing,,,,feasible_start_adaptive_spacing,0.5,,True,auto_from_instance,0.75,0.35,"5,7,11,15,17,19,25,27,29,30,37,38,41,42,47,53,57","2,8,9,11,13,14,15,16,17,19,21,23,26,27,30,32",,,,,,"H[5,7,11,15,17,19,25,27,29,30,37,38,39,41,42,47,49,53,57]|V[2,8,9,11,13,14,15,16,17,19,21,23,24,26,27,30,32]",9696e3fb0a981a3c866440c46c54987a8cf3ab94
proposed_nsga2_bs_Gyorgy-KOVACS_WH_Narrow_AW_4_seed_113,proposed_nsga2_bs,Gyorgy-KOVACS_WH_Narrow_AW_4,113,17,auto_from_instance,12,18,4,30,216,,,,,11,12,8,root > V:17 > BH:27 > BH:5 > BH:15 > BH:25 > BH:37 > BH:47 > BV:27,selected,1,inf,True,648,237,411,490.0,1.0,1.0,True,True,1,1,0,True,1,1,0,0,True,True,0,19,14,19,14,12,PF_LS_RP,fixed,,,False,1.0,0.9742699984416225,0.1,0.1,adaptive,bit_flip,offspring,feasible_start_adaptive_spacing,,,,feasible_start_adaptive_spacing,0.5,,True,auto_from_instance,0.75,0.35,"4,7,11,15,17,19,24,25,27,29,30,37,39,41,42,47,53,57","4,9,11,13,14,15,17,19,21,26,27,29,30,32",,,,,,"H[4,5,7,11,15,17,19,24,25,27,29,30,37,39,41,42,47,53,57]|V[4,9,11,13,14,15,17,19,21,26,27,29,30,32]",3ab80a1d8e68880e815ad780c83cfc2449e7f93f
proposed_nsga2_bs_Gyorgy-KOVACS_WH_Narrow_AW_4_seed_113,proposed_nsga2_bs,Gyorgy-KOVACS_WH_Narrow_AW_4,113,17,auto_from_instance,12,18,4,30,216,,,,,12,12,8,root > V:17 > BH:27 > BH:49 > BH:39 > BH:29 > BH:17 > BH:7 > BV:27,selected,1,inf,True,648,237,411,490.0,1.0,1.0,True,True,1,1,0,True,1,1,0,0,True,True,0,19,14,19,14,12,PF_LS_RP,fixed,,,False,1.0,0.9742699984416225,0.1,0.1,adaptive,bit_flip,offspring,feasible_start_adaptive_spacing,,,,feasible_start_adaptive_spacing,0.5,,True,auto_from_instance,0.75,0.35,"4,7,11,15,17,19,24,25,27,29,30,37,39,41,42,47,53,57","4,9,11,13,14,15,17,19,21,26,27,29,30,32",,,,,,"H[4,7,11,15,17,19,24,25,27,29,30,37,39,41,42,47,49,53,57]|V[4,9,11,13,14,15,17,19,21,26,27,29,30,32]",451b31cd7494c0e29ac39737991e84853f054397
proposed_nsga2_bs_Gyorgy-KOVACS_WH_Narrow_AW_4_seed_113,proposed_nsga2_bs,Gyorgy-KOVACS_WH_Narrow_AW_4,113,17,auto_from_instance,12,18,4,30,216,,,,,13,12,8,root > V:17 > BH:27 > BH:5 > BH:15 > BH:25 > BH:37 > BH:47 > BV:25,evaluated,2,inf,False,648,237,411,544.0,1.0,1.0,True,True,1,1,0,True,1,1,0,0,True,True,0,19,15,19,15,12,PF_LS_RP,fixed,,,False,1.0,0.9742699984416225,0.1,0.1,adaptive,bit_flip,offspring,feasible_start_adaptive_spacing,,,,feasible_start_adaptive_spacing,0.5,,True,auto_from_instance,0.75,0.35,"4,7,11,15,17,19,24,25,27,29,30,37,39,41,42,47,53,57","4,9,11,13,14,15,17,19,21,26,27,29,30,32",,,,,,"H[4,5,7,11,15,17,19,24,25,27,29,30,37,39,41,42,47,53,57]|V[4,9,11,13,14,15,17,19,21,25,26,27,29,30,32]",24e93b3467ee5334276be59c5b6e878bb2e06a66
proposed_nsga2_bs_Gyorgy-KOVACS_WH_Narrow_AW_4_seed_113,proposed_nsga2_bs,Gyorgy-KOVACS_WH_Narrow_AW_4,113,17,auto_from_instance,12,18,4,30,216,,,,,14,12,8,root > V:17 > BH:27 > BH:49 > BH:39 > BH:29 > BH:17 > BH:7 > BV:25,evaluated,2,inf,False,648,237,411,544.0,1.0,1.0,True,True,1,1,0,True,1,1,0,0,True,True,0,19,15,19,15,12,PF_LS_RP,fixed,,,False,1.0,0.9742699984416225,0.1,0.1,adaptive,bit_flip,offspring,feasible_start_adaptive_spacing,,,,feasible_start_adaptive_spacing,0.5,,True,auto_from_instance,0.75,0.35,"4,7,11,15,17,19,24,25,27,29,30,37,39,41,42,47,53,57","4,9,11,13,14,15,17,19,21,26,27,29,30,32",,,,,,"H[4,7,11,15,17,19,24,25,27,29,30,37,39,41,42,47,49,53,57]|V[4,9,11,13,14,15,17,19,21,25,26,27,29,30,32]",19631d63ec0204b55a5a6d539d26aaf84a80581d
