run_id,method,instance,seed,generation,budget_policy,auto_population_size,auto_generations,auto_beam_width,auto_max_depth,auto_decode_budget,restart_index,batch_index,within_batch_index,decode_budget,candidate_id,parent_chromosome_id,depth,trace,status,rank,crowding_distance,selected,storage_total,pick_faces,interior_storage,retrieval_penalty,door_connectivity_index,access_anchor_connectivity_index,has_door_connected_aisle,has_access_anchor_connected_aisle,aisle_components,anchor_connected_components,unanchored_aisle_components,single_aisle_component,access_network_components,aisle_access_network_components,unreachable_aisle_components,unreachable_aisle_cells,has_access_anchor_reachable_aisle_network,exact_width_ok,exact_width_violation_count,chromosome_h_active_count,chromosome_v_active_count,active_h_count,active_v_count,chromosome_index,sorting_rule,sorting_rule_mode,bs_rule_policy,bs_weight_policy,uses_scalar_score,rho,beam_w1,beam_w2,beam_lambda,adaptive_weight_mode,mutation_operator,initialization_mode,initialization_spacing_mode,adaptive_spacing_used,feasible_h_start_count,feasible_v_start_count,adaptive_spacing_mode,adaptive_spacing_alpha,adaptive_spacing_bf,auto_params_used,parameter_source,beta_h,beta_v,h_active_starts,v_active_starts,terminal,safety_max_depth_reached,feasible,feasibility_reason,storage_block_count,chromosome_signature,layout_signature
proposed_nsga2_bs_demo_layout_door_left_AW_2_seed_104,proposed_nsga2_bs,demo_layout_door_left_AW_2,104,0,auto_from_instance,10,15,3,28,150,,,,,1,1,10,root > V:11 > BH:13 > BH:21 > BH:13 > BH:4 > BV:5 > BV:5 > BH:9 > BV:16 > BH:17,evaluated,5,inf,False,294,167,127,91.0,1.0,1.0,True,True,1,1,0,True,3,1,0,0,True,True,0,7,4,7,4,1,RP_LS,sampled_pool,,,False,0.06666666666666667,0.5,0.5,0.1,fixed,,feasible_start_adaptive_spacing,feasible_start_adaptive_spacing,True,21,16,feasible_start_adaptive_spacing,0.5,,True,auto_from_instance,0.75,0.35,"15,25","6,11,16",,,,,,"H[4,9,13,15,17,21,25]|V[5,6,11,16]",53e907e296b4a6435bb0a13d25b5428dd6c1091c
proposed_nsga2_bs_demo_layout_door_left_AW_2_seed_104,proposed_nsga2_bs,demo_layout_door_left_AW_2,104,0,auto_from_instance,10,15,3,28,150,,,,,2,1,10,root > V:11 > BH:13 > BH:21 > BH:12 > BH:4 > BV:5 > BV:5 > BH:17 > BV:16 > BH:8,evaluated,5,0.0,False,294,167,127,91.0,1.0,1.0,True,True,1,1,0,True,3,1,0,0,True,True,0,8,4,8,4,1,RP_LS,sampled_pool,,,False,0.06666666666666667,0.5,0.5,0.1,fixed,,feasible_start_adaptive_spacing,feasible_start_adaptive_spacing,True,21,16,feasible_start_adaptive_spacing,0.5,,True,auto_from_instance,0.75,0.35,"15,25","6,11,16",,,,,,"H[4,8,12,13,15,17,21,25]|V[5,6,11,16]",ab767ca204049e346f27e33687b12fdd813d0da4
proposed_nsga2_bs_demo_layout_door_left_AW_2_seed_104,proposed_nsga2_bs,demo_layout_door_left_AW_2,104,0,auto_from_instance,10,15,3,28,150,,,,,3,1,10,root > V:11 > BH:13 > BH:21 > BH:12 > BH:4 > BV:5 > BV:5 > BH:16 > BV:16 > BH:8,evaluated,5,0.0,False,294,167,127,91.0,1.0,1.0,True,True,1,1,0,True,3,1,0,0,True,True,0,8,4,8,4,1,RP_LS,sampled_pool,,,False,0.06666666666666667,0.5,0.5,0.1,fixed,,feasible_start_adaptive_spacing,feasible_start_adaptive_spacing,True,21,16,feasible_start_adaptive_spacing,0.5,,True,auto_from_instance,0.75,0.35,"15,25","6,11,16",,,,,,"H[4,8,12,13,15,16,21,25]|V[5,6,11,16]",bcebc9844c2da699dc65904066b6259890ca5930
proposed_nsga2_bs_demo_layout_door_left_AW_2_seed_104,proposed_nsga2_bs,demo_layout_door_left_AW_2,104,0,auto_from_instance,10,15,3,28,150,,,,,4,2,11,root > V:7 > BH:13 > BH:21 > BH:10 > BV:16 > BH:15 > BV:12 > BV:3 > BV:3 > BV:12 > BV:16,evaluated,3,1.2849673202614378,False,262,203,59,48.0,1.0,1.0,True,True,1,1,0,True,3,1,0,0,True,True,0,4,5,4,5,2,SS_PF_LS,sampled_pool,,,True,0.06666666666666667,0.5,0.5,0.1,fixed,,feasible_start_adaptive_spacing,feasible_start_adaptive_spacing,True,21,16,feasible_start_adaptive_spacing,0.5,,True,auto_from_instance,0.75,0.35,,"2,7,16",,,,,,"H[10,13,15,21]|V[2,3,7,12,16]",4c0449b09cdee5307ffab3d3cc814bb0904dea39
proposed_nsga2_bs_demo_layout_door_left_AW_2_seed_104,proposed_nsga2_bs,demo_layout_door_left_AW_2,104,0,auto_from_instance,10,15,3,28,150,,,,,5,2,11,root > V:7 > BH:13 > BH:21 > BH:10 > BV:16 > BH:15 > BV:12 > BV:3 > BV:3 > BV:11 > BV:16,evaluated,3,0.8545284780578899,False,262,203,59,48.0,1.0,1.0,True,True,1,1,0,True,3,1,0,0,True,True,0,4,6,4,6,2,SS_PF_LS,sampled_pool,,,True,0.06666666666666667,0.5,0.5,0.1,fixed,,feasible_start_adaptive_spacing,feasible_start_adaptive_spacing,True,21,16,feasible_start_adaptive_spacing,0.5,,True,auto_from_instance,0.75,0.35,,"2,7,16",,,,,,"H[10,13,15,21]|V[2,3,7,11,12,16]",fa66a13132872a4a44cd7bab9ad8a88595861ae2
proposed_nsga2_bs_demo_layout_door_left_AW_2_seed_104,proposed_nsga2_bs,demo_layout_door_left_AW_2,104,0,auto_from_instance,10,15,3,28,150,,,,,6,2,11,root > V:7 > BH:13 > BH:21 > BH:10 > BV:16 > BH:15 > BV:12 > BV:3 > BV:3 > BV:11 > BV:15,evaluated,4,inf,False,262,203,59,56.0,1.0,1.0,True,True,1,1,0,True,3,1,0,0,True,True,0,4,7,4,7,2,SS_PF_LS,sampled_pool,,,True,0.06666666666666667,0.5,0.5,0.1,fixed,,feasible_start_adaptive_spacing,feasible_start_adaptive_spacing,True,21,16,feasible_start_adaptive_spacing,0.5,,True,auto_from_instance,0.75,0.35,,"2,7,16",,,,,,"H[10,13,15,21]|V[2,3,7,11,12,15,16]",c85627f04b369d3f5ab10fdcd533f828491f5385
proposed_nsga2_bs_demo_layout_door_left_AW_2_seed_104,proposed_nsga2_bs,demo_layout_door_left_AW_2,104,0,auto_from_instance,10,15,3,28,150,,,,,7,3,10,root > V:11 > BH:13 > BV:5 > BV:5 > BH:22 > BH:14 > BH:5 > BH:10 > BH:18 > BV:16,evaluated,5,0.0,False,294,167,127,91.0,1.0,1.0,True,True,1,1,0,True,3,1,0,0,True,True,0,8,5,8,5,3,SS_LS_PF,sampled_pool,,,True,0.06666666666666667,0.5,0.5,0.1,fixed,,feasible_start_adaptive_spacing,feasible_start_adaptive_spacing,True,21,16,feasible_start_adaptive_spacing,0.5,,True,auto_from_instance,0.75,0.35,"1,14,23","2,11,18",,,,,,"H[1,5,10,13,14,18,22,23]|V[2,5,11,16,18]",57a34fd8947d6fe9f4b48efa686d979ecdb1280d
proposed_nsga2_bs_demo_layout_door_left_AW_2_seed_104,proposed_nsga2_bs,demo_layout_door_left_AW_2,104,0,auto_from_instance,10,15,3,28,150,,,,,8,3,10,root > V:11 > BH:13 > BV:5 > BV:5 > BH:22 > BH:13 > BH:5 > BH:18 > BH:9 > BV:16,evaluated,5,0.0,False,294,167,127,91.0,1.0,1.0,True,True,1,1,0,True,3,1,0,0,True,True,0,8,5,8,5,3,SS_LS_PF,sampled_pool,,,True,0.06666666666666667,0.5,0.5,0.1,fixed,,feasible_start_adaptive_spacing,feasible_start_adaptive_spacing,True,21,16,feasible_start_adaptive_spacing,0.5,,True,auto_from_instance,0.75,0.35,"1,14,23","2,11,18",,,,,,"H[1,5,9,13,14,18,22,23]|V[2,5,11,16,18]",d4829d7f54b6ab3fbbdcfb2cc9c753af6bc4519f
proposed_nsga2_bs_demo_layout_door_left_AW_2_seed_104,proposed_nsga2_bs,demo_layout_door_left_AW_2,104,0,auto_from_instance,10,15,3,28,150,,,,,9,3,10,root > V:11 > BH:13 > BV:5 > BV:5 > BH:22 > BH:13 > BH:5 > BH:17 > BH:9 > BV:16,evaluated,5,inf,False,294,167,127,91.0,1.0,1.0,True,True,1,1,0,True,3,1,0,0,True,True,0,8,5,8,5,3,SS_LS_PF,sampled_pool,,,True,0.06666666666666667,0.5,0.5,0.1,fixed,,feasible_start_adaptive_spacing,feasible_start_adaptive_spacing,True,21,16,feasible_start_adaptive_spacing,0.5,,True,auto_from_instance,0.75,0.35,"1,14,23","2,11,18",,,,,,"H[1,5,9,13,14,17,22,23]|V[2,5,11,16,18]",e69ffa61eb0514ae25176e253684619ed8177e06
proposed_nsga2_bs_demo_layout_door_left_AW_2_seed_104,proposed_nsga2_bs,demo_layout_door_left_AW_2,104,0,auto_from_instance,10,15,3,28,150,,,,,10,4,11,root > V:12 > BH:13 > BV:7 > BV:7 > BV:3 > BV:3 > BH:3 > BH:9 > BH:15 > BH:23 > BH:19,evaluated,4,inf,False,262,202,60,48.0,1.0,1.0,True,True,1,1,0,True,3,1,0,0,True,True,0,8,5,8,5,4,SS_PF_LS,sampled_pool,,,True,0.06666666666666667,0.5,0.5,0.1,fixed,,feasible_start_adaptive_spacing,feasible_start_adaptive_spacing,True,21,16,feasible_start_adaptive_spacing,0.5,,True,auto_from_instance,0.75,0.35,"5,11,23","4,12,15",,,,,,"H[3,5,9,11,13,15,19,23]|V[3,4,7,12,15]",b1e3d56141dc971bf7df120e9cce33e5a479a65f
proposed_nsga2_bs_demo_layout_door_left_AW_2_seed_104,proposed_nsga2_bs,demo_layout_door_left_AW_2,104,0,auto_from_instance,10,15,3,28,150,,,,,11,4,11,root > V:12 > BH:13 > BV:7 > BV:7 > BV:3 > BV:3 > BH:23 > BH:17 > BH:9 > BH:3 > BH:13,evaluated,4,0.0,False,262,202,60,48.0,1.0,1.0,True,True,1,1,0,True,3,1,0,0,True,True,0,7,5,7,5,4,SS_PF_LS,sampled_pool,,,True,0.06666666666666667,0.5,0.5,0.1,fixed,,feasible_start_adaptive_spacing,feasible_start_adaptive_spacing,True,21,16,feasible_start_adaptive_spacing,0.5,,True,auto_from_instance,0.75,0.35,"5,11,23","4,12,15",,,,,,"H[3,5,9,11,13,17,23]|V[3,4,7,12,15]",faa83a2f7bb9efd4c41fb7b3b81c003cec521a5c
proposed_nsga2_bs_demo_layout_door_left_AW_2_seed_104,proposed_nsga2_bs,demo_layout_door_left_AW_2,104,0,auto_from_instance,10,15,3,28,150,,,,,12,4,11,root > V:12 > BH:13 > BV:7 > BV:7 > BV:3 > BV:3 > BH:23 > BH:17 > BH:11 > BH:3 > BH:7,evaluated,4,inf,False,262,202,60,48.0,1.0,1.0,True,True,1,1,0,True,3,1,0,0,True,True,0,7,5,7,5,4,SS_PF_LS,sampled_pool,,,True,0.06666666666666667,0.5,0.5,0.1,fixed,,feasible_start_adaptive_spacing,feasible_start_adaptive_spacing,True,21,16,feasible_start_adaptive_spacing,0.5,,True,auto_from_instance,0.75,0.35,"5,11,23","4,12,15",,,,,,"H[3,5,7,11,13,17,23]|V[3,4,7,12,15]",4d9823d39ac54567648600c413a3d532ee5a312b
proposed_nsga2_bs_demo_layout_door_left_AW_2_seed_104,proposed_nsga2_bs,demo_layout_door_left_AW_2,104,0,auto_from_instance,10,15,3,28,150,,,,,13,5,12,root > V:11 > BH:13 > BV:7 > BV:3 > BV:7 > BV:3 > BH:23 > BH:19 > BH:15 > BH:11 > BH:7 > BV:16,selected,0,inf,True,242,221,21,19.0,1.0,1.0,True,True,1,1,0,True,3,1,0,0,True,True,0,7,5,7,5,5,LS,sampled_pool,,,False,0.06666666666666667,0.5,0.5,0.1,fixed,,feasible_start_adaptive_spacing,feasible_start_adaptive_spacing,True,21,16,feasible_start_adaptive_spacing,0.5,,True,auto_from_instance,0.75,0.35,"13,21","7,11,17",,,,,,"H[7,11,13,15,19,21,23]|V[3,7,11,16,17]",627f5f011286a51e53ea2a3f058907c3bf137492
proposed_nsga2_bs_demo_layout_door_left_AW_2_seed_104,proposed_nsga2_bs,demo_layout_door_left_AW_2,104,0,auto_from_instance,10,15,3,28,150,,,,,14,5,12,root > V:11 > BH:13 > BV:7 > BV:3 > BV:7 > BV:3 > BH:23 > BH:19 > BH:15 > BH:11 > BH:7 > BV:15,selected,1,inf,True,242,221,21,31.0,1.0,1.0,True,True,1,1,0,True,3,1,0,0,True,True,0,7,5,7,5,5,LS,sampled_pool,,,False,0.06666666666666667,0.5,0.5,0.1,fixed,,feasible_start_adaptive_spacing,feasible_start_adaptive_spacing,True,21,16,feasible_start_adaptive_spacing,0.5,,True,auto_from_instance,0.75,0.35,"13,21","7,11,17",,,,,,"H[7,11,13,15,19,21,23]|V[3,7,11,15,17]",74a43f34c28513c177b45dfa11b4ad5018267e66
proposed_nsga2_bs_demo_layout_door_left_AW_2_seed_104,proposed_nsga2_bs,demo_layout_door_left_AW_2,104,0,auto_from_instance,10,15,3,28,150,,,,,15,5,12,root > V:11 > BH:13 > BV:7 > BV:3 > BV:7 > BV:3 > BH:23 > BH:19 > BH:15 > BH:11 > BH:6 > BV:16,selected,1,inf,True,244,218,26,24.0,1.0,1.0,True,True,1,1,0,True,3,1,0,0,True,True,0,7,5,7,5,5,LS,sampled_pool,,,False,0.06666666666666667,0.5,0.5,0.1,fixed,,feasible_start_adaptive_spacing,feasible_start_adaptive_spacing,True,21,16,feasible_start_adaptive_spacing,0.5,,True,auto_from_instance,0.75,0.35,"13,21","7,11,17",,,,,,"H[6,11,13,15,19,21,23]|V[3,7,11,16,17]",9d2bef254fe4200a905b834b4fd660ac7b32ca84
proposed_nsga2_bs_demo_layout_door_left_AW_2_seed_104,proposed_nsga2_bs,demo_layout_door_left_AW_2,104,0,auto_from_instance,10,15,3,28,150,,,,,16,6,8,root > V:15 > BH:13 > BV:7 > BV:7 > BV:3 > BV:3 > BV:11 > BV:11,selected,3,inf,True,268,214,54,104.0,1.0,1.0,True,True,1,1,0,True,3,1,0,0,True,True,0,3,6,3,6,6,SS_LS_PF,sampled_pool,,,True,0.06666666666666667,0.5,0.5,0.1,fixed,,feasible_start_adaptive_spacing,feasible_start_adaptive_spacing,True,21,16,feasible_start_adaptive_spacing,0.5,,True,auto_from_instance,0.75,0.35,"5,21","4,15,16",,,,,,"H[5,13,21]|V[3,4,7,11,15,16]",81347b9f72276c28618e0af7b5d4aafe7ae7ee4f
proposed_nsga2_bs_demo_layout_door_left_AW_2_seed_104,proposed_nsga2_bs,demo_layout_door_left_AW_2,104,0,auto_from_instance,10,15,3,28,150,,,,,17,7,12,root > V:13 > BH:13 > BV:7 > BV:7 > BV:3 > BV:3 > BH:23 > BH:19 > BH:15 > BH:11 > BH:7 > BH:3,selected,2,inf,True,260,202,58,34.0,1.0,1.0,True,True,1,1,0,True,3,1,0,0,True,True,0,8,5,8,5,7,PF_RP,sampled_pool,,,False,0.06666666666666667,0.5,0.5,0.1,fixed,,feasible_start_adaptive_spacing,feasible_start_adaptive_spacing,True,21,16,feasible_start_adaptive_spacing,0.5,,True,auto_from_instance,0.75,0.35,"3,7,14","8,12,13",,,,,,"H[3,7,11,13,14,15,19,23]|V[3,7,8,12,13]",146759e3ef785e80ae78bd95708e7576b0df1241
proposed_nsga2_bs_demo_layout_door_left_AW_2_seed_104,proposed_nsga2_bs,demo_layout_door_left_AW_2,104,0,auto_from_instance,10,15,3,28,150,,,,,18,7,12,root > V:13 > BH:13 > BV:7 > BV:7 > BV:3 > BV:3 > BH:3 > BH:7 > BH:11 > BH:15 > BH:19 > BH:25,selected,3,inf,True,260,197,63,34.0,1.0,1.0,True,True,1,1,0,True,3,1,0,0,True,True,0,8,5,8,5,7,PF_RP,sampled_pool,,,False,0.06666666666666667,0.5,0.5,0.1,fixed,,feasible_start_adaptive_spacing,feasible_start_adaptive_spacing,True,21,16,feasible_start_adaptive_spacing,0.5,,True,auto_from_instance,0.75,0.35,"3,7,14","8,12,13",,,,,,"H[3,7,11,13,14,15,19,25]|V[3,7,8,12,13]",4317ed1efabe31038ca0b969ea3e4e750cdf03f2
proposed_nsga2_bs_demo_layout_door_left_AW_2_seed_104,proposed_nsga2_bs,demo_layout_door_left_AW_2,104,0,auto_from_instance,10,15,3,28,150,,,,,19,8,10,root > H:15 > BV:15 > BV:11 > BV:7 > BH:23 > BV:7 > BV:3 > BV:11 > BV:3 > BH:19,selected,2,inf,True,254,217,37,63.0,1.0,1.0,True,True,1,1,0,True,3,1,0,0,True,True,0,5,6,5,6,8,RP_LS,sampled_pool,,,False,0.06666666666666667,0.5,0.5,0.1,fixed,,feasible_start_adaptive_spacing,feasible_start_adaptive_spacing,True,21,16,feasible_start_adaptive_spacing,0.5,,True,auto_from_instance,0.75,0.35,"1,5,15","2,14,15",,,,,,"H[1,5,15,19,23]|V[2,3,7,11,14,15]",b2a189351331c76dca58295f9cfbb084c42a8eaa
proposed_nsga2_bs_demo_layout_door_left_AW_2_seed_104,proposed_nsga2_bs,demo_layout_door_left_AW_2,104,0,auto_from_instance,10,15,3,28,150,,,,,20,9,10,root > V:8 > BH:13 > BV:4 > BV:4 > BH:23 > BH:19 > BH:15 > BH:3 > BH:11 > BH:7,selected,2,1.1067323481116584,True,258,212,46,44.0,1.0,1.0,True,True,1,1,0,True,3,1,0,0,True,True,0,7,4,7,4,9,LS_SS,sampled_pool,,,True,0.06666666666666667,0.5,0.5,0.1,fixed,,feasible_start_adaptive_spacing,feasible_start_adaptive_spacing,True,21,16,feasible_start_adaptive_spacing,0.5,,True,auto_from_instance,0.75,0.35,"3,7,11","8,17,18",,,,,,"H[3,7,11,13,15,19,23]|V[4,8,17,18]",5382aab920c5539fcb39e25aec6e49624d707d86
proposed_nsga2_bs_demo_layout_door_left_AW_2_seed_104,proposed_nsga2_bs,demo_layout_door_left_AW_2,104,0,auto_from_instance,10,15,3,28,150,,,,,21,9,10,root > V:8 > BH:13 > BV:3 > BV:4 > BH:23 > BH:19 > BH:15 > BH:3 > BH:11 > BH:7,selected,2,1.8932676518883413,True,258,212,46,44.0,1.0,1.0,True,True,1,1,0,True,3,1,0,0,True,True,0,7,5,7,5,9,LS_SS,sampled_pool,,,True,0.06666666666666667,0.5,0.5,0.1,fixed,,feasible_start_adaptive_spacing,feasible_start_adaptive_spacing,True,21,16,feasible_start_adaptive_spacing,0.5,,True,auto_from_instance,0.75,0.35,"3,7,11","8,17,18",,,,,,"H[3,7,11,13,15,19,23]|V[3,4,8,17,18]",55857005a9af903814d61724086d6cd14ef01745
proposed_nsga2_bs_demo_layout_door_left_AW_2_seed_104,proposed_nsga2_bs,demo_layout_door_left_AW_2,104,0,auto_from_instance,10,15,3,28,150,,,,,22,10,8,root > V:4 > BH:13 > BH:23 > BH:19 > BH:3 > BH:11 > BH:15 > BH:7,selected,3,2.0026143790849673,True,266,212,54,52.0,1.0,1.0,True,True,1,1,0,True,3,1,0,0,True,True,0,9,3,9,3,10,PF_LS_RP,sampled_pool,,,False,0.06666666666666667,0.5,0.5,0.1,fixed,,feasible_start_adaptive_spacing,feasible_start_adaptive_spacing,True,21,16,feasible_start_adaptive_spacing,0.5,,True,auto_from_instance,0.75,0.35,"6,14,19","2,4,5",,,,,,"H[3,6,7,11,13,14,15,19,23]|V[2,4,5]",dfa1ca2652ca4695aff0f5e5d5de500a3db60a66
proposed_nsga2_bs_demo_layout_door_left_AW_2_seed_104,proposed_nsga2_bs,demo_layout_door_left_AW_2,104,1,auto_from_instance,10,15,3,28,150,,,,,1,1,8,root > V:15 > BH:13 > BV:7 > BV:7 > BV:3 > BV:3 > BV:11 > BV:11,selected,2,inf,True,268,214,54,104.0,1.0,1.0,True,True,1,1,0,True,3,1,0,0,True,True,0,7,7,7,7,1,PF_SS,sampled_pool,,,True,0.13333333333333333,0.5,0.5,0.1,fixed,swap_segments,offspring,feasible_start_adaptive_spacing,,,,feasible_start_adaptive_spacing,0.5,,True,auto_from_instance,0.75,0.35,"3,7,11,13,15,19,23","6,7,11,14,15,18",,,,,,"H[3,7,11,13,15,19,23]|V[3,6,7,11,14,15,18]",81347b9f72276c28618e0af7b5d4aafe7ae7ee4f
proposed_nsga2_bs_demo_layout_door_left_AW_2_seed_104,proposed_nsga2_bs,demo_layout_door_left_AW_2,104,1,auto_from_instance,10,15,3,28,150,,,,,2,2,11,root > V:8 > BH:13 > BH:21 > BH:10 > BV:16 > BH:15 > BV:4 > BV:4 > BV:12 > BV:12 > BV:16,selected,2,1.626890756302521,True,266,198,68,57.0,1.0,1.0,True,True,1,1,0,True,3,1,0,0,True,True,0,8,6,8,6,2,SS_PF_LS,sampled_pool,,,True,0.13333333333333333,0.5,0.5,0.1,fixed,bit_flip,offspring,feasible_start_adaptive_spacing,,,,feasible_start_adaptive_spacing,0.5,,True,auto_from_instance,0.75,0.35,"6,11,13,19,21,23","3,8,16,17",,,,,,"H[6,10,11,13,15,19,21,23]|V[3,4,8,12,16,17]",eaddfb042db7586b5afec61216119ff634812ab4
proposed_nsga2_bs_demo_layout_door_left_AW_2_seed_104,proposed_nsga2_bs,demo_layout_door_left_AW_2,104,1,auto_from_instance,10,15,3,28,150,,,,,3,2,11,root > V:8 > BH:13 > BH:5 > BH:16 > BV:16 > BH:11 > BV:4 > BV:4 > BV:12 > BV:12 > BV:16,selected,2,0.0,True,266,198,68,57.0,1.0,1.0,True,True,1,1,0,True,3,1,0,0,True,True,0,8,6,8,6,2,SS_PF_LS,sampled_pool,,,True,0.13333333333333333,0.5,0.5,0.1,fixed,bit_flip,offspring,feasible_start_adaptive_spacing,,,,feasible_start_adaptive_spacing,0.5,,True,auto_from_instance,0.75,0.35,"6,11,13,19,21,23","3,8,16,17",,,,,,"H[5,6,11,13,16,19,21,23]|V[3,4,8,12,16,17]",c965c45244f5180899dc74692c204a0a81531409
proposed_nsga2_bs_demo_layout_door_left_AW_2_seed_104,proposed_nsga2_bs,demo_layout_door_left_AW_2,104,1,auto_from_instance,10,15,3,28,150,,,,,4,2,11,root > V:8 > BH:13 > BH:5 > BH:16 > BV:16 > BH:11 > BV:3 > BV:4 > BV:12 > BV:12 > BV:16,selected,2,inf,True,266,198,68,57.0,1.0,1.0,True,True,1,1,0,True,3,1,0,0,True,True,0,8,6,8,6,2,SS_PF_LS,sampled_pool,,,True,0.13333333333333333,0.5,0.5,0.1,fixed,bit_flip,offspring,feasible_start_adaptive_spacing,,,,feasible_start_adaptive_spacing,0.5,,True,auto_from_instance,0.75,0.35,"6,11,13,19,21,23","3,8,16,17",,,,,,"H[5,6,11,13,16,19,21,23]|V[3,4,8,12,16,17]",766c68f17a1689b60ab7d87268f1338f7eb40a70
proposed_nsga2_bs_demo_layout_door_left_AW_2_seed_104,proposed_nsga2_bs,demo_layout_door_left_AW_2,104,1,auto_from_instance,10,15,3,28,150,,,,,5,3,12,root > V:13 > BH:13 > BV:7 > BV:7 > BV:3 > BV:3 > BH:23 > BH:19 > BH:15 > BH:10 > BH:3 > BV:18,selected,4,inf,True,260,192,68,44.0,1.0,1.0,True,True,1,1,0,True,3,1,0,0,True,True,0,9,8,9,8,3,SS_PF_LS,sampled_pool,,,True,0.13333333333333333,0.5,0.5,0.1,fixed,insert_random_aisle,offspring,feasible_start_adaptive_spacing,,,,feasible_start_adaptive_spacing,0.5,,True,auto_from_instance,0.75,0.35,"3,7,11,13,15,16,19,23","3,4,7,8,12,13,17,18",,,,,,"H[3,7,10,11,13,15,16,19,23]|V[3,4,7,8,12,13,17,18]",cb72675f37f3d41c60684d4f9a816bc359f151ad
proposed_nsga2_bs_demo_layout_door_left_AW_2_seed_104,proposed_nsga2_bs,demo_layout_door_left_AW_2,104,1,auto_from_instance,10,15,3,28,150,,,,,6,3,12,root > V:13 > BH:13 > BV:7 > BV:7 > BV:3 > BV:3 > BH:23 > BH:19 > BH:15 > BH:11 > BH:4 > BV:18,evaluated,5,inf,False,260,192,68,54.0,1.0,1.0,True,True,1,1,0,True,3,1,0,0,True,True,0,9,8,9,8,3,SS_PF_LS,sampled_pool,,,True,0.13333333333333333,0.5,0.5,0.1,fixed,insert_random_aisle,offspring,feasible_start_adaptive_spacing,,,,feasible_start_adaptive_spacing,0.5,,True,auto_from_instance,0.75,0.35,"3,7,11,13,15,16,19,23","3,4,7,8,12,13,17,18",,,,,,"H[3,4,7,11,13,15,16,19,23]|V[3,4,7,8,12,13,17,18]",b774b9c9481df47bfb263bd77f05b2de4fc3b09c
proposed_nsga2_bs_demo_layout_door_left_AW_2_seed_104,proposed_nsga2_bs,demo_layout_door_left_AW_2,104,1,auto_from_instance,10,15,3,28,150,,,,,7,4,12,root > H:14 > BV:14 > BV:12 > BV:7 > BV:7 > BH:22 > BV:3 > BV:3 > BH:18 > BH:8 > BH:3 > BV:18,evaluated,6,inf,False,262,192,70,95.0,1.0,1.0,True,True,1,1,0,True,3,1,0,0,True,True,0,11,6,11,6,4,SS_PF_LS,sampled_pool,,,True,0.13333333333333333,0.5,0.5,0.1,fixed,spacing_aware_flip,offspring,feasible_start_adaptive_spacing,,,,feasible_start_adaptive_spacing,0.5,,True,auto_from_instance,0.75,0.35,"3,7,11,13,14,15,19,22,25","3,8",,,,,,"H[3,7,8,11,13,14,15,18,19,22,25]|V[3,7,8,12,14,18]",da93ca5c49943b5022775ab9027f2e4051e7f3dd
proposed_nsga2_bs_demo_layout_door_left_AW_2_seed_104,proposed_nsga2_bs,demo_layout_door_left_AW_2,104,1,auto_from_instance,10,15,3,28,150,,,,,8,4,12,root > H:14 > BV:14 > BV:12 > BV:7 > BV:7 > BH:22 > BV:3 > BV:3 > BH:18 > BH:9 > BH:3 > BV:18,evaluated,6,inf,False,262,192,70,95.0,1.0,1.0,True,True,1,1,0,True,3,1,0,0,True,True,0,11,6,11,6,4,SS_PF_LS,sampled_pool,,,True,0.13333333333333333,0.5,0.5,0.1,fixed,spacing_aware_flip,offspring,feasible_start_adaptive_spacing,,,,feasible_start_adaptive_spacing,0.5,,True,auto_from_instance,0.75,0.35,"3,7,11,13,14,15,19,22,25","3,8",,,,,,"H[3,7,9,11,13,14,15,18,19,22,25]|V[3,7,8,12,14,18]",1cdeacb3fede332d0999abf0cffff30fc88cfad0
proposed_nsga2_bs_demo_layout_door_left_AW_2_seed_104,proposed_nsga2_bs,demo_layout_door_left_AW_2,104,1,auto_from_instance,10,15,3,28,150,,,,,9,4,12,root > H:14 > BV:14 > BV:12 > BV:7 > BV:7 > BH:22 > BV:3 > BV:3 > BH:18 > BH:10 > BH:4 > BV:18,evaluated,7,inf,False,262,192,70,103.0,1.0,1.0,True,True,1,1,0,True,3,1,0,0,True,True,0,12,6,12,6,4,SS_PF_LS,sampled_pool,,,True,0.13333333333333333,0.5,0.5,0.1,fixed,spacing_aware_flip,offspring,feasible_start_adaptive_spacing,,,,feasible_start_adaptive_spacing,0.5,,True,auto_from_instance,0.75,0.35,"3,7,11,13,14,15,19,22,25","3,8",,,,,,"H[3,4,7,10,11,13,14,15,18,19,22,25]|V[3,7,8,12,14,18]",fc5512bc6509075a8ef17f9cdea65da528db9856
proposed_nsga2_bs_demo_layout_door_left_AW_2_seed_104,proposed_nsga2_bs,demo_layout_door_left_AW_2,104,1,auto_from_instance,10,15,3,28,150,,,,,10,5,10,root > V:11 > BH:13 > BH:21 > BH:13 > BH:4 > BV:5 > BV:5 > BH:9 > BV:16 > BH:17,evaluated,6,inf,False,294,167,127,91.0,1.0,1.0,True,True,1,1,0,True,3,1,0,0,True,True,0,10,8,10,8,5,RP,sampled_pool,,,False,0.13333333333333333,0.5,0.5,0.1,fixed,spacing_aware_flip,offspring,feasible_start_adaptive_spacing,,,,feasible_start_adaptive_spacing,0.5,,True,auto_from_instance,0.75,0.35,"7,11,13,15,19,21,23","1,3,7,11,15,17",,,,,,"H[4,7,9,11,13,15,17,19,21,23]|V[1,3,5,7,11,15,16,17]",53e907e296b4a6435bb0a13d25b5428dd6c1091c
proposed_nsga2_bs_demo_layout_door_left_AW_2_seed_104,proposed_nsga2_bs,demo_layout_door_left_AW_2,104,1,auto_from_instance,10,15,3,28,150,,,,,11,5,10,root > V:11 > BH:13 > BH:21 > BH:12 > BH:4 > BV:5 > BV:5 > BH:17 > BV:16 > BH:8,evaluated,6,0.0,False,294,167,127,91.0,1.0,1.0,True,True,1,1,0,True,3,1,0,0,True,True,0,11,8,11,8,5,RP,sampled_pool,,,False,0.13333333333333333,0.5,0.5,0.1,fixed,spacing_aware_flip,offspring,feasible_start_adaptive_spacing,,,,feasible_start_adaptive_spacing,0.5,,True,auto_from_instance,0.75,0.35,"7,11,13,15,19,21,23","1,3,7,11,15,17",,,,,,"H[4,7,8,11,12,13,15,17,19,21,23]|V[1,3,5,7,11,15,16,17]",ab767ca204049e346f27e33687b12fdd813d0da4
proposed_nsga2_bs_demo_layout_door_left_AW_2_seed_104,proposed_nsga2_bs,demo_layout_door_left_AW_2,104,1,auto_from_instance,10,15,3,28,150,,,,,12,5,10,root > V:11 > BH:13 > BH:21 > BH:12 > BH:4 > BV:5 > BV:5 > BH:16 > BV:16 > BH:8,evaluated,6,inf,False,294,167,127,91.0,1.0,1.0,True,True,1,1,0,True,3,1,0,0,True,True,0,11,8,11,8,5,RP,sampled_pool,,,False,0.13333333333333333,0.5,0.5,0.1,fixed,spacing_aware_flip,offspring,feasible_start_adaptive_spacing,,,,feasible_start_adaptive_spacing,0.5,,True,auto_from_instance,0.75,0.35,"7,11,13,15,19,21,23","1,3,7,11,15,17",,,,,,"H[4,7,8,11,12,13,15,16,19,21,23]|V[1,3,5,7,11,15,16,17]",bcebc9844c2da699dc65904066b6259890ca5930
proposed_nsga2_bs_demo_layout_door_left_AW_2_seed_104,proposed_nsga2_bs,demo_layout_door_left_AW_2,104,1,auto_from_instance,10,15,3,28,150,,,,,13,6,8,root > V:16 > BH:13 > BV:7 > BV:7 > BV:12 > BV:12 > BV:3 > BV:3,selected,1,inf,True,266,216,50,50.0,1.0,1.0,True,True,1,1,0,True,3,1,0,0,True,True,0,6,6,6,6,6,PF_SS,sampled_pool,,,True,0.13333333333333333,0.5,0.5,0.1,fixed,remove_random_aisle,offspring,feasible_start_adaptive_spacing,,,,feasible_start_adaptive_spacing,0.5,,True,auto_from_instance,0.75,0.35,"11,13,15,19,21,23","3,7,11,16,17",,,,,,"H[11,13,15,19,21,23]|V[3,7,11,12,16,17]",63c9c1384eb0d63f6756e5f6c6567bc893aa1bf9
proposed_nsga2_bs_demo_layout_door_left_AW_2_seed_104,proposed_nsga2_bs,demo_layout_door_left_AW_2,104,1,auto_from_instance,10,15,3,28,150,,,,,14,8,10,root > V:7 > BH:13 > BV:3 > BV:3 > BH:23 > BH:19 > BH:15 > BH:3 > BH:11 > BH:7,selected,0,inf,True,248,224,24,22.0,1.0,1.0,True,True,1,1,0,True,3,1,0,0,True,True,0,8,5,8,5,8,PF_RP,sampled_pool,,,False,0.13333333333333333,0.5,0.5,0.1,fixed,bit_flip,offspring,feasible_start_adaptive_spacing,,,,feasible_start_adaptive_spacing,0.5,,True,auto_from_instance,0.75,0.35,"3,5,7,15,19,23","7,8,17,18",,,,,,"H[3,5,7,11,13,15,19,23]|V[3,7,8,17,18]",a397126b79bf1eeaea415f8469233209dd4ca5ce
proposed_nsga2_bs_demo_layout_door_left_AW_2_seed_104,proposed_nsga2_bs,demo_layout_door_left_AW_2,104,1,auto_from_instance,10,15,3,28,150,,,,,15,9,12,root > V:13 > BH:13 > BV:7 > BV:3 > BV:7 > BV:3 > BH:23 > BH:19 > BH:15 > BH:11 > BH:7 > BH:3,selected,1,inf,True,260,202,58,34.0,1.0,1.0,True,True,1,1,0,True,3,1,0,0,True,True,0,9,5,9,5,9,PF,sampled_pool,,,False,0.13333333333333333,0.5,0.5,0.1,fixed,break_symmetry,offspring,feasible_start_adaptive_spacing,,,,feasible_start_adaptive_spacing,0.5,,True,auto_from_instance,0.75,0.35,"1,5,15,19,23","3,7,11,13,15",,,,,,"H[1,3,5,7,11,13,15,19,23]|V[3,7,11,13,15]",146759e3ef785e80ae78bd95708e7576b0df1241
proposed_nsga2_bs_demo_layout_door_left_AW_2_seed_104,proposed_nsga2_bs,demo_layout_door_left_AW_2,104,1,auto_from_instance,10,15,3,28,150,,,,,16,9,12,root > V:13 > BH:13 > BV:7 > BV:3 > BV:7 > BV:3 > BH:3 > BH:7 > BH:11 > BH:15 > BH:19 > BH:25,selected,2,inf,True,260,197,63,34.0,1.0,1.0,True,True,1,1,0,True,3,1,0,0,True,True,0,10,5,10,5,9,PF,sampled_pool,,,False,0.13333333333333333,0.5,0.5,0.1,fixed,break_symmetry,offspring,feasible_start_adaptive_spacing,,,,feasible_start_adaptive_spacing,0.5,,True,auto_from_instance,0.75,0.35,"1,5,15,19,23","3,7,11,13,15",,,,,,"H[1,3,5,7,11,13,15,19,23,25]|V[3,7,11,13,15]",4317ed1efabe31038ca0b969ea3e4e750cdf03f2
proposed_nsga2_bs_demo_layout_door_left_AW_2_seed_104,proposed_nsga2_bs,demo_layout_door_left_AW_2,104,1,auto_from_instance,10,15,3,28,150,,,,,17,9,12,root > V:13 > BH:13 > BV:7 > BV:3 > BV:7 > BV:3 > BH:23 > BH:19 > BH:15 > BH:11 > BH:6 > BV:18,selected,3,inf,True,260,197,63,39.0,1.0,1.0,True,True,1,1,0,True,3,1,0,0,True,True,0,8,6,8,6,9,PF,sampled_pool,,,False,0.13333333333333333,0.5,0.5,0.1,fixed,break_symmetry,offspring,feasible_start_adaptive_spacing,,,,feasible_start_adaptive_spacing,0.5,,True,auto_from_instance,0.75,0.35,"1,5,15,19,23","3,7,11,13,15",,,,,,"H[1,5,6,11,13,15,19,23]|V[3,7,11,13,15,18]",51e48cbb0b318e90e4cecb895faf9196760f014b
proposed_nsga2_bs_demo_layout_door_left_AW_2_seed_104,proposed_nsga2_bs,demo_layout_door_left_AW_2,104,2,auto_from_instance,10,15,3,28,150,,,,,1,1,10,root > V:11 > BH:13 > BH:21 > BH:13 > BH:4 > BV:5 > BV:5 > BH:9 > BV:16 > BH:17,evaluated,6,inf,False,294,167,127,91.0,1.0,1.0,True,True,1,1,0,True,3,1,0,0,True,True,0,13,7,13,7,1,RP_LS,sampled_pool,,,False,0.2,0.5,0.5,0.1,fixed,spacing_aware_flip,offspring,feasible_start_adaptive_spacing,,,,feasible_start_adaptive_spacing,0.5,,True,auto_from_instance,0.75,0.35,"1,3,5,7,11,13,15,19,23","3,5,7,11,14,15",,,,,,"H[1,3,4,5,7,9,11,13,15,17,19,21,23]|V[3,5,7,11,14,15,16]",53e907e296b4a6435bb0a13d25b5428dd6c1091c
proposed_nsga2_bs_demo_layout_door_left_AW_2_seed_104,proposed_nsga2_bs,demo_layout_door_left_AW_2,104,2,auto_from_instance,10,15,3,28,150,,,,,2,1,10,root > V:11 > BH:13 > BH:21 > BH:12 > BH:4 > BV:5 > BV:5 > BH:17 > BV:16 > BH:8,evaluated,6,0.0,False,294,167,127,91.0,1.0,1.0,True,True,1,1,0,True,3,1,0,0,True,True,0,14,7,14,7,1,RP_LS,sampled_pool,,,False,0.2,0.5,0.5,0.1,fixed,spacing_aware_flip,offspring,feasible_start_adaptive_spacing,,,,feasible_start_adaptive_spacing,0.5,,True,auto_from_instance,0.75,0.35,"1,3,5,7,11,13,15,19,23","3,5,7,11,14,15",,,,,,"H[1,3,4,5,7,8,11,12,13,15,17,19,21,23]|V[3,5,7,11,14,15,16]",ab767ca204049e346f27e33687b12fdd813d0da4
proposed_nsga2_bs_demo_layout_door_left_AW_2_seed_104,proposed_nsga2_bs,demo_layout_door_left_AW_2,104,2,auto_from_instance,10,15,3,28,150,,,,,3,1,10,root > V:11 > BH:13 > BH:21 > BH:12 > BH:4 > BV:5 > BV:5 > BH:16 > BV:16 > BH:8,evaluated,6,inf,False,294,167,127,91.0,1.0,1.0,True,True,1,1,0,True,3,1,0,0,True,True,0,14,7,14,7,1,RP_LS,sampled_pool,,,False,0.2,0.5,0.5,0.1,fixed,spacing_aware_flip,offspring,feasible_start_adaptive_spacing,,,,feasible_start_adaptive_spacing,0.5,,True,auto_from_instance,0.75,0.35,"1,3,5,7,11,13,15,19,23","3,5,7,11,14,15",,,,,,"H[1,3,4,5,7,8,11,12,13,15,16,19,21,23]|V[3,5,7,11,14,15,16]",bcebc9844c2da699dc65904066b6259890ca5930
proposed_nsga2_bs_demo_layout_door_left_AW_2_seed_104,proposed_nsga2_bs,demo_layout_door_left_AW_2,104,2,auto_from_instance,10,15,3,28,150,,,,,4,2,12,root > V:13 > BH:13 > BV:7 > BV:7 > BV:3 > BV:3 > BH:23 > BH:19 > BH:15 > BH:11 > BH:7 > BH:3,selected,0,inf,True,260,202,58,34.0,1.0,1.0,True,True,1,1,0,True,3,1,0,0,True,True,0,7,8,7,8,2,PF_LS_RP,sampled_pool,,,False,0.2,0.5,0.5,0.1,fixed,spacing_aware_flip,offspring,feasible_start_adaptive_spacing,,,,feasible_start_adaptive_spacing,0.5,,True,auto_from_instance,0.75,0.35,"3,7,11,13,15,19,23","3,6,7,9,11,13,15,18",,,,,,"H[3,7,11,13,15,19,23]|V[3,6,7,9,11,13,15,18]",146759e3ef785e80ae78bd95708e7576b0df1241
proposed_nsga2_bs_demo_layout_door_left_AW_2_seed_104,proposed_nsga2_bs,demo_layout_door_left_AW_2,104,2,auto_from_instance,10,15,3,28,150,,,,,5,2,12,root > V:13 > BH:13 > BV:7 > BV:7 > BV:3 > BV:3 > BH:3 > BH:7 > BH:11 > BH:15 > BH:19 > BH:25,selected,1,inf,True,260,197,63,34.0,1.0,1.0,True,True,1,1,0,True,3,1,0,0,True,True,0,8,8,8,8,2,PF_LS_RP,sampled_pool,,,False,0.2,0.5,0.5,0.1,fixed,spacing_aware_flip,offspring,feasible_start_adaptive_spacing,,,,feasible_start_adaptive_spacing,0.5,,True,auto_from_instance,0.75,0.35,"3,7,11,13,15,19,23","3,6,7,9,11,13,15,18",,,,,,"H[3,7,11,13,15,19,23,25]|V[3,6,7,9,11,13,15,18]",4317ed1efabe31038ca0b969ea3e4e750cdf03f2
proposed_nsga2_bs_demo_layout_door_left_AW_2_seed_104,proposed_nsga2_bs,demo_layout_door_left_AW_2,104,2,auto_from_instance,10,15,3,28,150,,,,,6,3,12,root > V:13 > BH:13 > BV:7 > BV:7 > BH:4 > BH:11 > BH:18 > BH:23 > BV:3 > BV:3 > BV:18 > BV:18,evaluated,5,inf,False,260,182,78,64.0,1.0,1.0,True,True,1,1,0,True,3,1,0,0,True,True,0,11,7,11,7,3,RP,sampled_pool,,,False,0.2,0.5,0.5,0.1,fixed,break_symmetry,offspring,feasible_start_adaptive_spacing,,,,feasible_start_adaptive_spacing,0.5,,True,auto_from_instance,0.75,0.35,"1,3,5,7,11,13,15,19,23","2,7,8,13,15",,,,,,"H[1,3,4,5,7,11,13,15,18,19,23]|V[2,3,7,8,13,15,18]",57fd8590a61771e01e2c54ca649525ee9931aa30
proposed_nsga2_bs_demo_layout_door_left_AW_2_seed_104,proposed_nsga2_bs,demo_layout_door_left_AW_2,104,2,auto_from_instance,10,15,3,28,150,,,,,7,3,12,root > V:13 > BH:13 > BV:7 > BV:7 > BH:22 > BH:15 > BH:8 > BH:3 > BV:3 > BV:3 > BV:18 > BV:18,evaluated,5,inf,False,260,182,78,64.0,1.0,1.0,True,True,1,1,0,True,3,1,0,0,True,True,0,11,7,11,7,3,RP,sampled_pool,,,False,0.2,0.5,0.5,0.1,fixed,break_symmetry,offspring,feasible_start_adaptive_spacing,,,,feasible_start_adaptive_spacing,0.5,,True,auto_from_instance,0.75,0.35,"1,3,5,7,11,13,15,19,23","2,7,8,13,15",,,,,,"H[1,3,5,7,8,11,13,15,19,22,23]|V[2,3,7,8,13,15,18]",80cfb0efa6f9ad16c96fad6ab54ea16f8ecefb75
proposed_nsga2_bs_demo_layout_door_left_AW_2_seed_104,proposed_nsga2_bs,demo_layout_door_left_AW_2,104,2,auto_from_instance,10,15,3,28,150,,,,,8,6,12,root > V:12 > BH:13 > BV:7 > BV:7 > BH:22 > BH:14 > BH:6 > BV:18 > BV:3 > BV:3 > BH:18 > BH:10,selected,2,inf,True,252,206,46,53.0,1.0,1.0,True,True,1,1,0,True,3,1,0,0,True,True,0,15,7,15,7,6,RP,sampled_pool,,,False,0.2,0.5,0.5,0.1,fixed,spacing_aware_flip,offspring,feasible_start_adaptive_spacing,,,,feasible_start_adaptive_spacing,0.5,,True,auto_from_instance,0.75,0.35,"1,3,5,8,11,13,15,19,23,25","3,7,11,12,16,17",,,,,,"H[1,3,5,6,8,10,11,13,14,15,18,19,22,23,25]|V[3,7,11,12,16,17,18]",f5c2b475e28cd126ea8ff99f9b6aa52888a523c1
proposed_nsga2_bs_demo_layout_door_left_AW_2_seed_104,proposed_nsga2_bs,demo_layout_door_left_AW_2,104,2,auto_from_instance,10,15,3,28,150,,,,,9,6,12,root > V:12 > BH:13 > BV:7 > BV:7 > BH:22 > BH:14 > BH:6 > BV:18 > BV:3 > BV:3 > BH:10 > BV:18,selected,4,inf,True,252,194,58,59.0,1.0,1.0,True,True,1,1,0,True,3,1,0,0,True,True,0,14,7,14,7,6,RP,sampled_pool,,,False,0.2,0.5,0.5,0.1,fixed,spacing_aware_flip,offspring,feasible_start_adaptive_spacing,,,,feasible_start_adaptive_spacing,0.5,,True,auto_from_instance,0.75,0.35,"1,3,5,8,11,13,15,19,23,25","3,7,11,12,16,17",,,,,,"H[1,3,5,6,8,10,11,13,14,15,19,22,23,25]|V[3,7,11,12,16,17,18]",41819e8e83e58f518b77ee207d2d7e8a4cb634e4
proposed_nsga2_bs_demo_layout_door_left_AW_2_seed_104,proposed_nsga2_bs,demo_layout_door_left_AW_2,104,2,auto_from_instance,10,15,3,28,150,,,,,10,6,12,root > V:12 > BH:13 > BV:7 > BV:7 > BH:22 > BH:14 > BH:6 > BV:18 > BV:3 > BV:3 > BH:10 > BV:16,selected,3,inf,True,252,200,52,59.0,1.0,1.0,True,True,1,1,0,True,3,1,0,0,True,True,0,14,7,14,7,6,RP,sampled_pool,,,False,0.2,0.5,0.5,0.1,fixed,spacing_aware_flip,offspring,feasible_start_adaptive_spacing,,,,feasible_start_adaptive_spacing,0.5,,True,auto_from_instance,0.75,0.35,"1,3,5,8,11,13,15,19,23,25","3,7,11,12,16,17",,,,,,"H[1,3,5,6,8,10,11,13,14,15,19,22,23,25]|V[3,7,11,12,16,17,18]",a4408e6f780e253c90c81ec7c7032f7c7f99311b
proposed_nsga2_bs_demo_layout_door_left_AW_2_seed_104,proposed_nsga2_bs,demo_layout_door_left_AW_2,104,2,auto_from_instance,10,15,3,28,150,,,,,11,7,8,root > V:15 > BH:13 > BV:7 > BV:7 > BV:3 > BV:3 > BV:11 > BV:11,selected,1,inf,True,268,214,54,104.0,1.0,1.0,True,True,1,1,0,True,3,1,0,0,True,True,0,10,5,10,5,7,LS,sampled_pool,,,False,0.2,0.5,0.5,0.1,fixed,bit_flip,offspring,feasible_start_adaptive_spacing,,,,feasible_start_adaptive_spacing,0.5,,True,auto_from_instance,0.75,0.35,"1,3,7,11,12,13,15,19,23,25","3,7,11,14,15",,,,,,"H[1,3,7,11,12,13,15,19,23,25]|V[3,7,11,14,15]",81347b9f72276c28618e0af7b5d4aafe7ae7ee4f
proposed_nsga2_bs_demo_layout_door_left_AW_2_seed_104,proposed_nsga2_bs,demo_layout_door_left_AW_2,104,2,auto_from_instance,10,15,3,28,150,,,,,12,8,12,root > V:13 > BH:13 > BV:7 > BV:3 > BV:7 > BV:3 > BH:23 > BH:19 > BH:15 > BH:11 > BH:6 > BV:18,selected,2,inf,True,260,197,63,39.0,1.0,1.0,True,True,1,1,0,True,3,1,0,0,True,True,0,10,7,10,7,8,PF_LS,sampled_pool,,,False,0.2,0.5,0.5,0.1,fixed,break_symmetry,offspring,feasible_start_adaptive_spacing,,,,feasible_start_adaptive_spacing,0.5,,True,auto_from_instance,0.75,0.35,"3,5,7,11,12,15,19,23","3,6,7,11,13,15,18",,,,,,"H[3,5,6,7,11,12,13,15,19,23]|V[3,6,7,11,13,15,18]",51e48cbb0b318e90e4cecb895faf9196760f014b
proposed_nsga2_bs_demo_layout_door_left_AW_2_seed_104,proposed_nsga2_bs,demo_layout_door_left_AW_2,104,2,auto_from_instance,10,15,3,28,150,,,,,13,9,12,root > V:12 > BH:13 > BV:7 > BV:3 > BV:7 > BV:3 > BH:23 > BH:19 > BH:15 > BH:11 > BH:7 > BH:3,selected,0,inf,True,250,214,36,36.0,1.0,1.0,True,True,1,1,0,True,3,1,0,0,True,True,0,10,7,10,7,9,PF_LS,sampled_pool,,,False,0.2,0.5,0.5,0.1,fixed,bit_flip,offspring,feasible_start_adaptive_spacing,,,,feasible_start_adaptive_spacing,0.5,,True,auto_from_instance,0.75,0.35,"7,11,13,16,19,21,23,27","3,4,8,12,16,17",,,,,,"H[3,7,11,13,15,16,19,21,23,27]|V[3,4,7,8,12,16,17]",eb03952090a874660b7fb214554a0aa56a73029e
proposed_nsga2_bs_demo_layout_door_left_AW_2_seed_104,proposed_nsga2_bs,demo_layout_door_left_AW_2,104,2,auto_from_instance,10,15,3,28,150,,,,,14,9,12,root > V:12 > BH:13 > BV:7 > BV:3 > BV:7 > BV:3 > BH:23 > BH:19 > BH:15 > BH:11 > BH:7 > BV:16,selected,0,inf,True,250,214,36,36.0,1.0,1.0,True,True,1,1,0,True,3,1,0,0,True,True,0,9,7,9,7,9,PF_LS,sampled_pool,,,False,0.2,0.5,0.5,0.1,fixed,bit_flip,offspring,feasible_start_adaptive_spacing,,,,feasible_start_adaptive_spacing,0.5,,True,auto_from_instance,0.75,0.35,"7,11,13,16,19,21,23,27","3,4,8,12,16,17",,,,,,"H[7,11,13,15,16,19,21,23,27]|V[3,4,7,8,12,16,17]",0fdb9192f0d4acf2b6dd22b4a8e053ab5a7ed4a9
proposed_nsga2_bs_demo_layout_door_left_AW_2_seed_104,proposed_nsga2_bs,demo_layout_door_left_AW_2,104,2,auto_from_instance,10,15,3,28,150,,,,,15,9,12,root > V:12 > BH:13 > BV:7 > BV:3 > BV:7 > BV:3 > BH:23 > BH:19 > BH:15 > BH:11 > BH:6 > BV:16,selected,1,inf,True,252,211,41,41.0,1.0,1.0,True,True,1,1,0,True,3,1,0,0,True,True,0,10,7,10,7,9,PF_LS,sampled_pool,,,False,0.2,0.5,0.5,0.1,fixed,bit_flip,offspring,feasible_start_adaptive_spacing,,,,feasible_start_adaptive_spacing,0.5,,True,auto_from_instance,0.75,0.35,"7,11,13,16,19,21,23,27","3,4,8,12,16,17",,,,,,"H[6,7,11,13,15,16,19,21,23,27]|V[3,4,7,8,12,16,17]",1e51df56ad9655663d1175b2036f4a44cf7e7571
proposed_nsga2_bs_demo_layout_door_left_AW_2_seed_104,proposed_nsga2_bs,demo_layout_door_left_AW_2,104,3,auto_from_instance,10,15,3,28,150,,,,,1,1,12,root > V:12 > BH:13 > BV:7 > BV:7 > BV:3 > BV:3 > BH:23 > BH:19 > BH:15 > BH:11 > BH:3 > BH:7,selected,0,inf,True,250,214,36,36.0,1.0,1.0,True,True,1,1,0,True,3,1,0,0,True,True,0,10,6,10,6,1,PF_SS,sampled_pool,,,True,0.26666666666666666,0.5,0.5,0.1,fixed,break_symmetry,offspring,feasible_start_adaptive_spacing,,,,feasible_start_adaptive_spacing,0.5,,True,auto_from_instance,0.75,0.35,"7,11,12,15,16,19,23,27","3,4,7,12,16,17",,,,,,"H[3,7,11,12,13,15,16,19,23,27]|V[3,4,7,12,16,17]",eb03952090a874660b7fb214554a0aa56a73029e
proposed_nsga2_bs_demo_layout_door_left_AW_2_seed_104,proposed_nsga2_bs,demo_layout_door_left_AW_2,104,3,auto_from_instance,10,15,3,28,150,,,,,2,1,12,root > V:12 > BH:13 > BV:7 > BV:7 > BV:3 > BV:3 > BH:3 > BH:7 > BH:11 > BH:15 > BH:23 > BV:16,selected,2,inf,True,250,208,42,42.0,1.0,1.0,True,True,1,1,0,True,3,1,0,0,True,True,0,10,6,10,6,1,PF_SS,sampled_pool,,,True,0.26666666666666666,0.5,0.5,0.1,fixed,break_symmetry,offspring,feasible_start_adaptive_spacing,,,,feasible_start_adaptive_spacing,0.5,,True,auto_from_instance,0.75,0.35,"7,11,12,15,16,19,23,27","3,4,7,12,16,17",,,,,,"H[3,7,11,12,13,15,16,19,23,27]|V[3,4,7,12,16,17]",00a9d8d47000946aa25bf8cbdb36931d5b5d4b7d
proposed_nsga2_bs_demo_layout_door_left_AW_2_seed_104,proposed_nsga2_bs,demo_layout_door_left_AW_2,104,3,auto_from_instance,10,15,3,28,150,,,,,3,1,12,root > V:12 > BH:13 > BV:7 > BV:7 > BV:3 > BV:3 > BH:23 > BH:19 > BH:15 > BH:11 > BH:3 > BV:16,selected,2,inf,True,250,208,42,42.0,1.0,1.0,True,True,1,1,0,True,3,1,0,0,True,True,0,10,6,10,6,1,PF_SS,sampled_pool,,,True,0.26666666666666666,0.5,0.5,0.1,fixed,break_symmetry,offspring,feasible_start_adaptive_spacing,,,,feasible_start_adaptive_spacing,0.5,,True,auto_from_instance,0.75,0.35,"7,11,12,15,16,19,23,27","3,4,7,12,16,17",,,,,,"H[3,7,11,12,13,15,16,19,23,27]|V[3,4,7,12,16,17]",d0525a507710a5664c0df826d850c16891cba894
proposed_nsga2_bs_demo_layout_door_left_AW_2_seed_104,proposed_nsga2_bs,demo_layout_door_left_AW_2,104,3,auto_from_instance,10,15,3,28,150,,,,,4,2,8,root > V:15 > BH:13 > BV:7 > BV:7 > BV:3 > BV:3 > BV:11 > BV:11,selected,1,inf,True,268,214,54,104.0,1.0,1.0,True,True,1,1,0,True,3,1,0,0,True,True,0,12,6,12,6,2,PF_LS_RP,sampled_pool,,,False,0.26666666666666666,0.5,0.5,0.1,fixed,spacing_aware_flip,offspring,feasible_start_adaptive_spacing,,,,feasible_start_adaptive_spacing,0.5,,True,auto_from_instance,0.75,0.35,"1,3,7,11,12,13,15,19,21,23,25,27","3,7,8,11,14,15",,,,,,"H[1,3,7,11,12,13,15,19,21,23,25,27]|V[3,7,8,11,14,15]",81347b9f72276c28618e0af7b5d4aafe7ae7ee4f
proposed_nsga2_bs_demo_layout_door_left_AW_2_seed_104,proposed_nsga2_bs,demo_layout_door_left_AW_2,104,3,auto_from_instance,10,15,3,28,150,,,,,5,3,11,root > V:12 > BH:13 > BV:7 > BV:7 > BV:3 > BV:3 > BH:3 > BH:9 > BH:15 > BH:23 > BH:19,evaluated,3,inf,False,262,202,60,48.0,1.0,1.0,True,True,1,1,0,True,3,1,0,0,True,True,0,11,7,11,7,3,SS_PF_LS,sampled_pool,,,True,0.26666666666666666,0.5,0.5,0.1,fixed,spacing_aware_flip,offspring,feasible_start_adaptive_spacing,,,,feasible_start_adaptive_spacing,0.5,,True,auto_from_instance,0.75,0.35,"4,7,11,13,15,16,19,23,27","3,7,11,12,16,17,18",,,,,,"H[3,4,7,9,11,13,15,16,19,23,27]|V[3,7,11,12,16,17,18]",b1e3d56141dc971bf7df120e9cce33e5a479a65f
proposed_nsga2_bs_demo_layout_door_left_AW_2_seed_104,proposed_nsga2_bs,demo_layout_door_left_AW_2,104,3,auto_from_instance,10,15,3,28,150,,,,,6,3,11,root > V:12 > BH:13 > BV:7 > BV:7 > BV:3 > BV:3 > BH:23 > BH:17 > BH:9 > BH:3 > BH:13,evaluated,3,0.0,False,262,202,60,48.0,1.0,1.0,True,True,1,1,0,True,3,1,0,0,True,True,0,12,7,12,7,3,SS_PF_LS,sampled_pool,,,True,0.26666666666666666,0.5,0.5,0.1,fixed,spacing_aware_flip,offspring,feasible_start_adaptive_spacing,,,,feasible_start_adaptive_spacing,0.5,,True,auto_from_instance,0.75,0.35,"4,7,11,13,15,16,19,23,27","3,7,11,12,16,17,18",,,,,,"H[3,4,7,9,11,13,15,16,17,19,23,27]|V[3,7,11,12,16,17,18]",faa83a2f7bb9efd4c41fb7b3b81c003cec521a5c
proposed_nsga2_bs_demo_layout_door_left_AW_2_seed_104,proposed_nsga2_bs,demo_layout_door_left_AW_2,104,3,auto_from_instance,10,15,3,28,150,,,,,7,3,11,root > V:12 > BH:13 > BV:7 > BV:7 > BV:3 > BV:3 > BH:23 > BH:17 > BH:11 > BH:3 > BH:7,evaluated,3,inf,False,262,202,60,48.0,1.0,1.0,True,True,1,1,0,True,3,1,0,0,True,True,0,11,7,11,7,3,SS_PF_LS,sampled_pool,,,True,0.26666666666666666,0.5,0.5,0.1,fixed,spacing_aware_flip,offspring,feasible_start_adaptive_spacing,,,,feasible_start_adaptive_spacing,0.5,,True,auto_from_instance,0.75,0.35,"4,7,11,13,15,16,19,23,27","3,7,11,12,16,17,18",,,,,,"H[3,4,7,11,13,15,16,17,19,23,27]|V[3,7,11,12,16,17,18]",4d9823d39ac54567648600c413a3d532ee5a312b
proposed_nsga2_bs_demo_layout_door_left_AW_2_seed_104,proposed_nsga2_bs,demo_layout_door_left_AW_2,104,3,auto_from_instance,10,15,3,28,150,,,,,8,4,12,root > V:12 > BH:13 > BV:7 > BV:3 > BV:7 > BV:3 > BH:23 > BH:19 > BH:15 > BH:11 > BH:7 > BV:16,selected,0,2.3685064935064934,True,250,214,36,36.0,1.0,1.0,True,True,1,1,0,True,3,1,0,0,True,True,0,16,8,16,8,4,PF,sampled_pool,,,False,0.26666666666666666,0.5,0.5,0.1,fixed,swap_segments,offspring,feasible_start_adaptive_spacing,,,,feasible_start_adaptive_spacing,0.5,,True,auto_from_instance,0.75,0.35,"1,3,5,6,8,10,11,13,14,15,19,21,22,23,25","3,4,6,8,12,16,18",,,,,,"H[1,3,5,6,7,8,10,11,13,14,15,19,21,22,23,25]|V[3,4,6,7,8,12,16,18]",0fdb9192f0d4acf2b6dd22b4a8e053ab5a7ed4a9
proposed_nsga2_bs_demo_layout_door_left_AW_2_seed_104,proposed_nsga2_bs,demo_layout_door_left_AW_2,104,3,auto_from_instance,10,15,3,28,150,,,,,9,4,12,root > V:12 > BH:13 > BV:7 > BV:3 > BV:7 > BV:3 > BH:23 > BH:19 > BH:15 > BH:11 > BH:6 > BV:16,selected,1,inf,True,252,211,41,41.0,1.0,1.0,True,True,1,1,0,True,3,1,0,0,True,True,0,15,8,15,8,4,PF,sampled_pool,,,False,0.26666666666666666,0.5,0.5,0.1,fixed,swap_segments,offspring,feasible_start_adaptive_spacing,,,,feasible_start_adaptive_spacing,0.5,,True,auto_from_instance,0.75,0.35,"1,3,5,6,8,10,11,13,14,15,19,21,22,23,25","3,4,6,8,12,16,18",,,,,,"H[1,3,5,6,8,10,11,13,14,15,19,21,22,23,25]|V[3,4,6,7,8,12,16,18]",1e51df56ad9655663d1175b2036f4a44cf7e7571
proposed_nsga2_bs_demo_layout_door_left_AW_2_seed_104,proposed_nsga2_bs,demo_layout_door_left_AW_2,104,3,auto_from_instance,10,15,3,28,150,,,,,10,6,12,root > V:13 > BH:13 > BV:7 > BV:7 > BV:3 > BV:3 > BH:23 > BH:19 > BH:15 > BH:10 > BH:3 > BV:18,evaluated,3,inf,False,260,192,68,44.0,1.0,1.0,True,True,1,1,0,True,3,1,0,0,True,True,0,10,9,10,9,6,SS,sampled_pool,,,True,0.26666666666666666,0.5,0.5,0.1,fixed,bit_flip,offspring,feasible_start_adaptive_spacing,,,,feasible_start_adaptive_spacing,0.5,,True,auto_from_instance,0.75,0.35,"3,7,11,13,15,16,19,23,25","3,6,7,8,11,13,15,16,18",,,,,,"H[3,7,10,11,13,15,16,19,23,25]|V[3,6,7,8,11,13,15,16,18]",cb72675f37f3d41c60684d4f9a816bc359f151ad
proposed_nsga2_bs_demo_layout_door_left_AW_2_seed_104,proposed_nsga2_bs,demo_layout_door_left_AW_2,104,3,auto_from_instance,10,15,3,28,150,,,,,11,6,12,root > V:13 > BH:13 > BV:7 > BV:7 > BV:3 > BV:3 > BH:23 > BH:19 > BH:15 > BH:11 > BH:4 > BV:18,evaluated,4,inf,False,260,192,68,54.0,1.0,1.0,True,True,1,1,0,True,3,1,0,0,True,True,0,10,9,10,9,6,SS,sampled_pool,,,True,0.26666666666666666,0.5,0.5,0.1,fixed,bit_flip,offspring,feasible_start_adaptive_spacing,,,,feasible_start_adaptive_spacing,0.5,,True,auto_from_instance,0.75,0.35,"3,7,11,13,15,16,19,23,25","3,6,7,8,11,13,15,16,18",,,,,,"H[3,4,7,11,13,15,16,19,23,25]|V[3,6,7,8,11,13,15,16,18]",b774b9c9481df47bfb263bd77f05b2de4fc3b09c
proposed_nsga2_bs_demo_layout_door_left_AW_2_seed_104,proposed_nsga2_bs,demo_layout_door_left_AW_2,104,3,auto_from_instance,10,15,3,28,150,,,,,12,7,12,root > V:13 > BH:13 > BV:7 > BV:3 > BV:7 > BV:3 > BH:23 > BH:19 > BH:15 > BH:11 > BH:7 > BH:3,selected,0,inf,True,260,202,58,34.0,1.0,1.0,True,True,1,1,0,True,3,1,0,0,True,True,0,8,6,8,6,7,LS_PF,sampled_pool,,,False,0.26666666666666666,0.5,0.5,0.1,fixed,remove_random_aisle,offspring,feasible_start_adaptive_spacing,,,,feasible_start_adaptive_spacing,0.5,,True,auto_from_instance,0.75,0.35,"3,7,11,13,15,19,23,27","3,6,7,11,13,15",,,,,,"H[3,7,11,13,15,19,23,27]|V[3,6,7,11,13,15]",146759e3ef785e80ae78bd95708e7576b0df1241
proposed_nsga2_bs_demo_layout_door_left_AW_2_seed_104,proposed_nsga2_bs,demo_layout_door_left_AW_2,104,3,auto_from_instance,10,15,3,28,150,,,,,13,7,12,root > V:13 > BH:13 > BV:7 > BV:3 > BV:7 > BV:3 > BH:3 > BH:7 > BH:11 > BH:15 > BH:19 > BH:25,selected,1,inf,True,260,197,63,34.0,1.0,1.0,True,True,1,1,0,True,3,1,0,0,True,True,0,9,6,9,6,7,LS_PF,sampled_pool,,,False,0.26666666666666666,0.5,0.5,0.1,fixed,remove_random_aisle,offspring,feasible_start_adaptive_spacing,,,,feasible_start_adaptive_spacing,0.5,,True,auto_from_instance,0.75,0.35,"3,7,11,13,15,19,23,27","3,6,7,11,13,15",,,,,,"H[3,7,11,13,15,19,23,25,27]|V[3,6,7,11,13,15]",4317ed1efabe31038ca0b969ea3e4e750cdf03f2
proposed_nsga2_bs_demo_layout_door_left_AW_2_seed_104,proposed_nsga2_bs,demo_layout_door_left_AW_2,104,3,auto_from_instance,10,15,3,28,150,,,,,14,7,12,root > V:13 > BH:13 > BV:7 > BV:3 > BV:7 > BV:3 > BH:23 > BH:19 > BH:15 > BH:11 > BH:6 > BV:18,selected,2,inf,True,260,197,63,39.0,1.0,1.0,True,True,1,1,0,True,3,1,0,0,True,True,0,9,7,9,7,7,LS_PF,sampled_pool,,,False,0.26666666666666666,0.5,0.5,0.1,fixed,remove_random_aisle,offspring,feasible_start_adaptive_spacing,,,,feasible_start_adaptive_spacing,0.5,,True,auto_from_instance,0.75,0.35,"3,7,11,13,15,19,23,27","3,6,7,11,13,15",,,,,,"H[3,6,7,11,13,15,19,23,27]|V[3,6,7,11,13,15,18]",51e48cbb0b318e90e4cecb895faf9196760f014b
proposed_nsga2_bs_demo_layout_door_left_AW_2_seed_104,proposed_nsga2_bs,demo_layout_door_left_AW_2,104,3,auto_from_instance,10,15,3,28,150,,,,,15,8,8,root > V:16 > BH:13 > BV:12 > BV:12 > BV:7 > BV:3 > BV:7 > BV:3,selected,0,inf,True,266,216,50,50.0,1.0,1.0,True,True,1,1,0,True,3,1,0,0,True,True,0,9,10,9,10,8,LS_PF,sampled_pool,,,False,0.26666666666666666,0.5,0.5,0.1,fixed,swap_segments,offspring,feasible_start_adaptive_spacing,,,,feasible_start_adaptive_spacing,0.5,,True,auto_from_instance,0.75,0.35,"3,7,11,13,15,16,19,21,23","4,8,11,12,15,16,17,18",,,,,,"H[3,7,11,13,15,16,19,21,23]|V[3,4,7,8,11,12,15,16,17,18]",63c9c1384eb0d63f6756e5f6c6567bc893aa1bf9
proposed_nsga2_bs_demo_layout_door_left_AW_2_seed_104,proposed_nsga2_bs,demo_layout_door_left_AW_2,104,3,auto_from_instance,10,15,3,28,150,,,,,16,9,10,root > V:11 > BH:13 > BV:5 > BV:5 > BH:22 > BH:14 > BH:5 > BH:10 > BH:18 > BV:16,evaluated,5,inf,False,294,167,127,91.0,1.0,1.0,True,True,1,1,0,True,3,1,0,0,True,True,0,16,7,16,7,9,SS_PF_LS,sampled_pool,,,True,0.26666666666666666,0.5,0.5,0.1,fixed,insert_random_aisle,offspring,feasible_start_adaptive_spacing,,,,feasible_start_adaptive_spacing,0.5,,True,auto_from_instance,0.75,0.35,"1,3,5,6,8,11,12,13,15,19,22,23,25","3,7,11,14,15",,,,,,"H[1,3,5,6,8,10,11,12,13,14,15,18,19,22,23,25]|V[3,5,7,11,14,15,16]",57a34fd8947d6fe9f4b48efa686d979ecdb1280d
proposed_nsga2_bs_demo_layout_door_left_AW_2_seed_104,proposed_nsga2_bs,demo_layout_door_left_AW_2,104,3,auto_from_instance,10,15,3,28,150,,,,,17,9,10,root > V:11 > BH:13 > BV:5 > BV:5 > BH:22 > BH:13 > BH:5 > BH:18 > BH:9 > BV:16,evaluated,5,0.0,False,294,167,127,91.0,1.0,1.0,True,True,1,1,0,True,3,1,0,0,True,True,0,15,7,15,7,9,SS_PF_LS,sampled_pool,,,True,0.26666666666666666,0.5,0.5,0.1,fixed,insert_random_aisle,offspring,feasible_start_adaptive_spacing,,,,feasible_start_adaptive_spacing,0.5,,True,auto_from_instance,0.75,0.35,"1,3,5,6,8,11,12,13,15,19,22,23,25","3,7,11,14,15",,,,,,"H[1,3,5,6,8,9,11,12,13,15,18,19,22,23,25]|V[3,5,7,11,14,15,16]",d4829d7f54b6ab3fbbdcfb2cc9c753af6bc4519f
proposed_nsga2_bs_demo_layout_door_left_AW_2_seed_104,proposed_nsga2_bs,demo_layout_door_left_AW_2,104,3,auto_from_instance,10,15,3,28,150,,,,,18,9,10,root > V:11 > BH:13 > BV:5 > BV:5 > BH:22 > BH:13 > BH:5 > BH:17 > BH:9 > BV:16,evaluated,5,inf,False,294,167,127,91.0,1.0,1.0,True,True,1,1,0,True,3,1,0,0,True,True,0,15,7,15,7,9,SS_PF_LS,sampled_pool,,,True,0.26666666666666666,0.5,0.5,0.1,fixed,insert_random_aisle,offspring,feasible_start_adaptive_spacing,,,,feasible_start_adaptive_spacing,0.5,,True,auto_from_instance,0.75,0.35,"1,3,5,6,8,11,12,13,15,19,22,23,25","3,7,11,14,15",,,,,,"H[1,3,5,6,8,9,11,12,13,15,17,19,22,23,25]|V[3,5,7,11,14,15,16]",e69ffa61eb0514ae25176e253684619ed8177e06
proposed_nsga2_bs_demo_layout_door_left_AW_2_seed_104,proposed_nsga2_bs,demo_layout_door_left_AW_2,104,4,auto_from_instance,10,15,3,28,150,,,,,1,1,8,root > V:15 > BH:13 > BV:7 > BV:7 > BV:3 > BV:3 > BV:11 > BV:11,selected,1,inf,True,268,214,54,104.0,1.0,1.0,True,True,1,1,0,True,3,1,0,0,True,True,0,12,7,12,7,1,PF_RP,sampled_pool,,,False,0.3333333333333333,0.5,0.5,0.1,fixed,spacing_aware_flip,offspring,feasible_start_adaptive_spacing,,,,feasible_start_adaptive_spacing,0.5,,True,auto_from_instance,0.75,0.35,"1,3,7,11,12,13,15,19,21,23,25,27","3,7,8,11,14,15,18",,,,,,"H[1,3,7,11,12,13,15,19,21,23,25,27]|V[3,7,8,11,14,15,18]",81347b9f72276c28618e0af7b5d4aafe7ae7ee4f
proposed_nsga2_bs_demo_layout_door_left_AW_2_seed_104,proposed_nsga2_bs,demo_layout_door_left_AW_2,104,4,auto_from_instance,10,15,3,28,150,,,,,2,2,8,root > V:16 > BH:13 > BV:12 > BV:12 > BV:7 > BV:3 > BV:7 > BV:3,selected,0,inf,True,266,216,50,50.0,1.0,1.0,True,True,1,1,0,True,3,1,0,0,True,True,0,9,10,9,10,2,PF_LS,sampled_pool,,,False,0.3333333333333333,0.5,0.5,0.1,fixed,break_symmetry,offspring,feasible_start_adaptive_spacing,,,,feasible_start_adaptive_spacing,0.5,,True,auto_from_instance,0.75,0.35,"3,7,11,13,15,16,19,21,23","3,4,7,8,11,12,15,16,17,19",,,,,,"H[3,7,11,13,15,16,19,21,23]|V[3,4,7,8,11,12,15,16,17,19]",63c9c1384eb0d63f6756e5f6c6567bc893aa1bf9
proposed_nsga2_bs_demo_layout_door_left_AW_2_seed_104,proposed_nsga2_bs,demo_layout_door_left_AW_2,104,4,auto_from_instance,10,15,3,28,150,,,,,3,3,12,root > V:13 > BH:13 > BV:7 > BV:7 > BV:3 > BV:3 > BH:23 > BH:19 > BH:15 > BH:11 > BH:7 > BH:3,selected,0,inf,True,260,202,58,34.0,1.0,1.0,True,True,1,1,0,True,3,1,0,0,True,True,0,17,9,17,9,3,PF_SS,sampled_pool,,,True,0.3333333333333333,0.5,0.5,0.1,fixed,break_symmetry,offspring,feasible_start_adaptive_spacing,,,,feasible_start_adaptive_spacing,0.5,,True,auto_from_instance,0.75,0.35,"1,3,5,6,8,10,11,13,14,15,19,21,22,23,25,27","3,4,6,7,8,11,13,16,18",,,,,,"H[1,3,5,6,7,8,10,11,13,14,15,19,21,22,23,25,27]|V[3,4,6,7,8,11,13,16,18]",146759e3ef785e80ae78bd95708e7576b0df1241
proposed_nsga2_bs_demo_layout_door_left_AW_2_seed_104,proposed_nsga2_bs,demo_layout_door_left_AW_2,104,4,auto_from_instance,10,15,3,28,150,,,,,4,3,12,root > V:13 > BH:13 > BV:7 > BV:7 > BV:3 > BV:3 > BH:3 > BH:7 > BH:11 > BH:15 > BH:19 > BH:25,selected,1,inf,True,260,197,63,34.0,1.0,1.0,True,True,1,1,0,True,3,1,0,0,True,True,0,17,9,17,9,3,PF_SS,sampled_pool,,,True,0.3333333333333333,0.5,0.5,0.1,fixed,break_symmetry,offspring,feasible_start_adaptive_spacing,,,,feasible_start_adaptive_spacing,0.5,,True,auto_from_instance,0.75,0.35,"1,3,5,6,8,10,11,13,14,15,19,21,22,23,25,27","3,4,6,7,8,11,13,16,18",,,,,,"H[1,3,5,6,7,8,10,11,13,14,15,19,21,22,23,25,27]|V[3,4,6,7,8,11,13,16,18]",4317ed1efabe31038ca0b969ea3e4e750cdf03f2
proposed_nsga2_bs_demo_layout_door_left_AW_2_seed_104,proposed_nsga2_bs,demo_layout_door_left_AW_2,104,4,auto_from_instance,10,15,3,28,150,,,,,5,4,12,root > V:13 > BH:13 > BV:7 > BV:7 > BV:3 > BV:3 > BH:23 > BH:19 > BH:15 > BH:10 > BH:3 > BV:18,selected,3,inf,True,260,192,68,44.0,1.0,1.0,True,True,1,1,0,True,3,1,0,0,True,True,0,10,6,10,6,4,SS_PF_LS,sampled_pool,,,True,0.3333333333333333,0.5,0.5,0.1,fixed,spacing_aware_flip,offspring,feasible_start_adaptive_spacing,,,,feasible_start_adaptive_spacing,0.5,,True,auto_from_instance,0.75,0.35,"3,7,9,11,13,15,19,23,25","3,6,7,13,15",,,,,,"H[3,7,9,10,11,13,15,19,23,25]|V[3,6,7,13,15,18]",cb72675f37f3d41c60684d4f9a816bc359f151ad
proposed_nsga2_bs_demo_layout_door_left_AW_2_seed_104,proposed_nsga2_bs,demo_layout_door_left_AW_2,104,4,auto_from_instance,10,15,3,28,150,,,,,6,4,12,root > V:13 > BH:13 > BV:7 > BV:7 > BV:3 > BV:3 > BH:23 > BH:19 > BH:15 > BH:11 > BH:4 > BV:18,evaluated,4,inf,False,260,192,68,54.0,1.0,1.0,True,True,1,1,0,True,3,1,0,0,True,True,0,10,6,10,6,4,SS_PF_LS,sampled_pool,,,True,0.3333333333333333,0.5,0.5,0.1,fixed,spacing_aware_flip,offspring,feasible_start_adaptive_spacing,,,,feasible_start_adaptive_spacing,0.5,,True,auto_from_instance,0.75,0.35,"3,7,9,11,13,15,19,23,25","3,6,7,13,15",,,,,,"H[3,4,7,9,11,13,15,19,23,25]|V[3,6,7,13,15,18]",b774b9c9481df47bfb263bd77f05b2de4fc3b09c
proposed_nsga2_bs_demo_layout_door_left_AW_2_seed_104,proposed_nsga2_bs,demo_layout_door_left_AW_2,104,4,auto_from_instance,10,15,3,28,150,,,,,7,5,12,root > V:12 > BH:13 > BV:7 > BV:7 > BV:3 > BV:3 > BH:23 > BH:19 > BH:15 > BH:11 > BH:3 > BH:7,selected,0,inf,True,250,214,36,36.0,1.0,1.0,True,True,1,1,0,True,3,1,0,0,True,True,0,10,7,10,7,5,PF_SS_RP,sampled_pool,,,True,0.3333333333333333,0.5,0.5,0.1,fixed,break_symmetry,offspring,feasible_start_adaptive_spacing,,,,feasible_start_adaptive_spacing,0.5,,True,auto_from_instance,0.75,0.35,"3,7,12,13,15,16,19,21,23","3,4,7,12,16,17,18",,,,,,"H[3,7,11,12,13,15,16,19,21,23]|V[3,4,7,12,16,17,18]",eb03952090a874660b7fb214554a0aa56a73029e
proposed_nsga2_bs_demo_layout_door_left_AW_2_seed_104,proposed_nsga2_bs,demo_layout_door_left_AW_2,104,4,auto_from_instance,10,15,3,28,150,,,,,8,5,12,root > V:12 > BH:13 > BV:7 > BV:7 > BV:3 > BV:3 > BH:3 > BH:7 > BH:11 > BH:15 > BH:23 > BV:16,selected,2,inf,True,250,208,42,42.0,1.0,1.0,True,True,1,1,0,True,3,1,0,0,True,True,0,10,7,10,7,5,PF_SS_RP,sampled_pool,,,True,0.3333333333333333,0.5,0.5,0.1,fixed,break_symmetry,offspring,feasible_start_adaptive_spacing,,,,feasible_start_adaptive_spacing,0.5,,True,auto_from_instance,0.75,0.35,"3,7,12,13,15,16,19,21,23","3,4,7,12,16,17,18",,,,,,"H[3,7,11,12,13,15,16,19,21,23]|V[3,4,7,12,16,17,18]",00a9d8d47000946aa25bf8cbdb36931d5b5d4b7d
proposed_nsga2_bs_demo_layout_door_left_AW_2_seed_104,proposed_nsga2_bs,demo_layout_door_left_AW_2,104,4,auto_from_instance,10,15,3,28,150,,,,,9,5,12,root > V:12 > BH:13 > BV:7 > BV:7 > BV:3 > BV:3 > BH:23 > BH:19 > BH:15 > BH:11 > BH:3 > BV:16,selected,2,inf,True,250,208,42,42.0,1.0,1.0,True,True,1,1,0,True,3,1,0,0,True,True,0,10,7,10,7,5,PF_SS_RP,sampled_pool,,,True,0.3333333333333333,0.5,0.5,0.1,fixed,break_symmetry,offspring,feasible_start_adaptive_spacing,,,,feasible_start_adaptive_spacing,0.5,,True,auto_from_instance,0.75,0.35,"3,7,12,13,15,16,19,21,23","3,4,7,12,16,17,18",,,,,,"H[3,7,11,12,13,15,16,19,21,23]|V[3,4,7,12,16,17,18]",d0525a507710a5664c0df826d850c16891cba894
proposed_nsga2_bs_demo_layout_door_left_AW_2_seed_104,proposed_nsga2_bs,demo_layout_door_left_AW_2,104,4,auto_from_instance,10,15,3,28,150,,,,,10,8,12,root > V:12 > BH:13 > BV:7 > BV:3 > BV:7 > BV:3 > BH:23 > BH:19 > BH:15 > BH:11 > BH:7 > BV:16,selected,0,2.3685064935064934,True,250,214,36,36.0,1.0,1.0,True,True,1,1,0,True,3,1,0,0,True,True,0,10,7,10,7,8,LS_PF,sampled_pool,,,False,0.3333333333333333,0.5,0.5,0.1,fixed,remove_random_aisle,offspring,feasible_start_adaptive_spacing,,,,feasible_start_adaptive_spacing,0.5,,True,auto_from_instance,0.75,0.35,"3,7,10,11,13,14,15,19,21,23","3,4,7,8,12,18",,,,,,"H[3,7,10,11,13,14,15,19,21,23]|V[3,4,7,8,12,16,18]",0fdb9192f0d4acf2b6dd22b4a8e053ab5a7ed4a9
proposed_nsga2_bs_demo_layout_door_left_AW_2_seed_104,proposed_nsga2_bs,demo_layout_door_left_AW_2,104,4,auto_from_instance,10,15,3,28,150,,,,,11,8,12,root > V:12 > BH:13 > BV:7 > BV:3 > BV:7 > BV:3 > BH:23 > BH:19 > BH:15 > BH:11 > BH:6 > BV:16,selected,1,inf,True,252,211,41,41.0,1.0,1.0,True,True,1,1,0,True,3,1,0,0,True,True,0,11,7,11,7,8,LS_PF,sampled_pool,,,False,0.3333333333333333,0.5,0.5,0.1,fixed,remove_random_aisle,offspring,feasible_start_adaptive_spacing,,,,feasible_start_adaptive_spacing,0.5,,True,auto_from_instance,0.75,0.35,"3,7,10,11,13,14,15,19,21,23","3,4,7,8,12,18",,,,,,"H[3,6,7,10,11,13,14,15,19,21,23]|V[3,4,7,8,12,16,18]",1e51df56ad9655663d1175b2036f4a44cf7e7571
proposed_nsga2_bs_demo_layout_door_left_AW_2_seed_104,proposed_nsga2_bs,demo_layout_door_left_AW_2,104,5,auto_from_instance,10,15,3,28,150,,,,,1,1,8,root > V:16 > BH:13 > BV:12 > BV:12 > BV:7 > BV:3 > BV:7 > BV:3,selected,0,inf,True,266,216,50,50.0,1.0,1.0,True,True,1,1,0,True,3,1,0,0,True,True,0,13,8,13,8,1,LS_PF,sampled_pool,,,False,0.4,0.5,0.5,0.1,fixed,bit_flip,offspring,feasible_start_adaptive_spacing,,,,feasible_start_adaptive_spacing,0.5,,True,auto_from_instance,0.75,0.35,"1,3,5,7,11,12,13,15,19,21,23,25,27","3,7,8,11,16,17,18",,,,,,"H[1,3,5,7,11,12,13,15,19,21,23,25,27]|V[3,7,8,11,12,16,17,18]",63c9c1384eb0d63f6756e5f6c6567bc893aa1bf9
proposed_nsga2_bs_demo_layout_door_left_AW_2_seed_104,proposed_nsga2_bs,demo_layout_door_left_AW_2,104,5,auto_from_instance,10,15,3,28,150,,,,,2,2,12,root > V:12 > BH:13 > BV:7 > BV:3 > BV:7 > BV:3 > BH:23 > BH:19 > BH:15 > BH:11 > BH:7 > BH:3,selected,0,inf,True,250,214,36,36.0,1.0,1.0,True,True,1,1,0,True,3,1,0,0,True,True,0,10,8,10,8,2,LS_PF,sampled_pool,,,False,0.4,0.5,0.5,0.1,fixed,spacing_aware_flip,offspring,feasible_start_adaptive_spacing,,,,feasible_start_adaptive_spacing,0.5,,True,auto_from_instance,0.75,0.35,"3,7,11,12,13,15,16,19,21,23","3,4,7,12,14,15,18,20",,,,,,"H[3,7,11,12,13,15,16,19,21,23]|V[3,4,7,12,14,15,18,20]",eb03952090a874660b7fb214554a0aa56a73029e
proposed_nsga2_bs_demo_layout_door_left_AW_2_seed_104,proposed_nsga2_bs,demo_layout_door_left_AW_2,104,5,auto_from_instance,10,15,3,28,150,,,,,3,2,12,root > V:12 > BH:13 > BV:7 > BV:3 > BV:7 > BV:3 > BH:23 > BH:19 > BH:15 > BH:11 > BH:7 > BV:16,selected,0,2.3685064935064934,True,250,214,36,36.0,1.0,1.0,True,True,1,1,0,True,3,1,0,0,True,True,0,10,9,10,9,2,LS_PF,sampled_pool,,,False,0.4,0.5,0.5,0.1,fixed,spacing_aware_flip,offspring,feasible_start_adaptive_spacing,,,,feasible_start_adaptive_spacing,0.5,,True,auto_from_instance,0.75,0.35,"3,7,11,12,13,15,16,19,21,23","3,4,7,12,14,15,18,20",,,,,,"H[3,7,11,12,13,15,16,19,21,23]|V[3,4,7,12,14,15,16,18,20]",0fdb9192f0d4acf2b6dd22b4a8e053ab5a7ed4a9
proposed_nsga2_bs_demo_layout_door_left_AW_2_seed_104,proposed_nsga2_bs,demo_layout_door_left_AW_2,104,5,auto_from_instance,10,15,3,28,150,,,,,4,2,12,root > V:12 > BH:13 > BV:7 > BV:3 > BV:7 > BV:3 > BH:23 > BH:19 > BH:15 > BH:11 > BH:6 > BV:16,selected,1,inf,True,252,211,41,41.0,1.0,1.0,True,True,1,1,0,True,3,1,0,0,True,True,0,11,9,11,9,2,LS_PF,sampled_pool,,,False,0.4,0.5,0.5,0.1,fixed,spacing_aware_flip,offspring,feasible_start_adaptive_spacing,,,,feasible_start_adaptive_spacing,0.5,,True,auto_from_instance,0.75,0.35,"3,7,11,12,13,15,16,19,21,23","3,4,7,12,14,15,18,20",,,,,,"H[3,6,7,11,12,13,15,16,19,21,23]|V[3,4,7,12,14,15,16,18,20]",1e51df56ad9655663d1175b2036f4a44cf7e7571
proposed_nsga2_bs_demo_layout_door_left_AW_2_seed_104,proposed_nsga2_bs,demo_layout_door_left_AW_2,104,5,auto_from_instance,10,15,3,28,150,,,,,5,3,12,root > V:13 > BH:13 > BV:7 > BV:7 > BH:4 > BH:11 > BH:18 > BH:23 > BV:3 > BV:3 > BV:18 > BV:18,evaluated,3,inf,False,260,182,78,64.0,1.0,1.0,True,True,1,1,0,True,3,1,0,0,True,True,0,19,9,19,9,3,RP,sampled_pool,,,False,0.4,0.5,0.5,0.1,fixed,swap_segments,offspring,feasible_start_adaptive_spacing,,,,feasible_start_adaptive_spacing,0.5,,True,auto_from_instance,0.75,0.35,"1,3,5,6,7,8,10,11,13,15,16,19,21,22,23,25,27","3,4,6,7,8,11,13,16,18",,,,,,"H[1,3,4,5,6,7,8,10,11,13,15,16,18,19,21,22,23,25,27]|V[3,4,6,7,8,11,13,16,18]",57fd8590a61771e01e2c54ca649525ee9931aa30
proposed_nsga2_bs_demo_layout_door_left_AW_2_seed_104,proposed_nsga2_bs,demo_layout_door_left_AW_2,104,5,auto_from_instance,10,15,3,28,150,,,,,6,3,12,root > V:13 > BH:13 > BV:7 > BV:7 > BH:22 > BH:15 > BH:8 > BH:3 > BV:3 > BV:3 > BV:18 > BV:18,evaluated,3,inf,False,260,182,78,64.0,1.0,1.0,True,True,1,1,0,True,3,1,0,0,True,True,0,17,9,17,9,3,RP,sampled_pool,,,False,0.4,0.5,0.5,0.1,fixed,swap_segments,offspring,feasible_start_adaptive_spacing,,,,feasible_start_adaptive_spacing,0.5,,True,auto_from_instance,0.75,0.35,"1,3,5,6,7,8,10,11,13,15,16,19,21,22,23,25,27","3,4,6,7,8,11,13,16,18",,,,,,"H[1,3,5,6,7,8,10,11,13,15,16,19,21,22,23,25,27]|V[3,4,6,7,8,11,13,16,18]",80cfb0efa6f9ad16c96fad6ab54ea16f8ecefb75
proposed_nsga2_bs_demo_layout_door_left_AW_2_seed_104,proposed_nsga2_bs,demo_layout_door_left_AW_2,104,5,auto_from_instance,10,15,3,28,150,,,,,7,5,10,root > V:11 > BH:13 > BV:5 > BV:5 > BH:22 > BH:14 > BH:5 > BH:10 > BH:18 > BV:16,evaluated,4,inf,False,294,167,127,91.0,1.0,1.0,True,True,1,1,0,True,3,1,0,0,True,True,0,14,11,14,11,5,SS,sampled_pool,,,True,0.4,0.5,0.5,0.1,fixed,break_symmetry,offspring,feasible_start_adaptive_spacing,,,,feasible_start_adaptive_spacing,0.5,,True,auto_from_instance,0.75,0.35,"3,7,11,12,13,15,19,21,23","3,4,6,7,8,11,15,17,18",,,,,,"H[3,5,7,10,11,12,13,14,15,18,19,21,22,23]|V[3,4,5,6,7,8,11,15,16,17,18]",57a34fd8947d6fe9f4b48efa686d979ecdb1280d
proposed_nsga2_bs_demo_layout_door_left_AW_2_seed_104,proposed_nsga2_bs,demo_layout_door_left_AW_2,104,5,auto_from_instance,10,15,3,28,150,,,,,8,5,10,root > V:11 > BH:13 > BV:5 > BV:5 > BH:22 > BH:13 > BH:5 > BH:18 > BH:9 > BV:16,evaluated,4,0.0,False,294,167,127,91.0,1.0,1.0,True,True,1,1,0,True,3,1,0,0,True,True,0,13,11,13,11,5,SS,sampled_pool,,,True,0.4,0.5,0.5,0.1,fixed,break_symmetry,offspring,feasible_start_adaptive_spacing,,,,feasible_start_adaptive_spacing,0.5,,True,auto_from_instance,0.75,0.35,"3,7,11,12,13,15,19,21,23","3,4,6,7,8,11,15,17,18",,,,,,"H[3,5,7,9,11,12,13,15,18,19,21,22,23]|V[3,4,5,6,7,8,11,15,16,17,18]",d4829d7f54b6ab3fbbdcfb2cc9c753af6bc4519f
proposed_nsga2_bs_demo_layout_door_left_AW_2_seed_104,proposed_nsga2_bs,demo_layout_door_left_AW_2,104,5,auto_from_instance,10,15,3,28,150,,,,,9,5,10,root > V:11 > BH:13 > BV:5 > BV:5 > BH:22 > BH:13 > BH:5 > BH:17 > BH:9 > BV:16,evaluated,4,inf,False,294,167,127,91.0,1.0,1.0,True,True,1,1,0,True,3,1,0,0,True,True,0,13,11,13,11,5,SS,sampled_pool,,,True,0.4,0.5,0.5,0.1,fixed,break_symmetry,offspring,feasible_start_adaptive_spacing,,,,feasible_start_adaptive_spacing,0.5,,True,auto_from_instance,0.75,0.35,"3,7,11,12,13,15,19,21,23","3,4,6,7,8,11,15,17,18",,,,,,"H[3,5,7,9,11,12,13,15,17,19,21,22,23]|V[3,4,5,6,7,8,11,15,16,17,18]",e69ffa61eb0514ae25176e253684619ed8177e06
proposed_nsga2_bs_demo_layout_door_left_AW_2_seed_104,proposed_nsga2_bs,demo_layout_door_left_AW_2,104,5,auto_from_instance,10,15,3,28,150,,,,,10,6,12,root > V:13 > BH:13 > BV:7 > BV:3 > BV:7 > BV:3 > BH:23 > BH:19 > BH:15 > BH:11 > BH:7 > BH:3,selected,0,inf,True,260,202,58,34.0,1.0,1.0,True,True,1,1,0,True,3,1,0,0,True,True,0,18,8,18,8,6,PF_LS,sampled_pool,,,False,0.4,0.5,0.5,0.1,fixed,spacing_aware_flip,offspring,feasible_start_adaptive_spacing,,,,feasible_start_adaptive_spacing,0.5,,True,auto_from_instance,0.75,0.35,"1,3,5,6,7,8,10,11,13,14,15,16,19,21,22,23,25,27","3,4,7,12,13,16,18,20",,,,,,"H[1,3,5,6,7,8,10,11,13,14,15,16,19,21,22,23,25,27]|V[3,4,7,12,13,16,18,20]",146759e3ef785e80ae78bd95708e7576b0df1241
proposed_nsga2_bs_demo_layout_door_left_AW_2_seed_104,proposed_nsga2_bs,demo_layout_door_left_AW_2,104,5,auto_from_instance,10,15,3,28,150,,,,,11,6,12,root > V:13 > BH:13 > BV:7 > BV:3 > BV:7 > BV:3 > BH:3 > BH:7 > BH:11 > BH:15 > BH:19 > BH:25,selected,1,inf,True,260,197,63,34.0,1.0,1.0,True,True,1,1,0,True,3,1,0,0,True,True,0,18,8,18,8,6,PF_LS,sampled_pool,,,False,0.4,0.5,0.5,0.1,fixed,spacing_aware_flip,offspring,feasible_start_adaptive_spacing,,,,feasible_start_adaptive_spacing,0.5,,True,auto_from_instance,0.75,0.35,"1,3,5,6,7,8,10,11,13,14,15,16,19,21,22,23,25,27","3,4,7,12,13,16,18,20",,,,,,"H[1,3,5,6,7,8,10,11,13,14,15,16,19,21,22,23,25,27]|V[3,4,7,12,13,16,18,20]",4317ed1efabe31038ca0b969ea3e4e750cdf03f2
proposed_nsga2_bs_demo_layout_door_left_AW_2_seed_104,proposed_nsga2_bs,demo_layout_door_left_AW_2,104,5,auto_from_instance,10,15,3,28,150,,,,,12,6,12,root > V:13 > BH:13 > BV:7 > BV:3 > BV:7 > BV:3 > BH:23 > BH:19 > BH:15 > BH:11 > BH:6 > BV:18,selected,2,inf,True,260,197,63,39.0,1.0,1.0,True,True,1,1,0,True,3,1,0,0,True,True,0,18,8,18,8,6,PF_LS,sampled_pool,,,False,0.4,0.5,0.5,0.1,fixed,spacing_aware_flip,offspring,feasible_start_adaptive_spacing,,,,feasible_start_adaptive_spacing,0.5,,True,auto_from_instance,0.75,0.35,"1,3,5,6,7,8,10,11,13,14,15,16,19,21,22,23,25,27","3,4,7,12,13,16,18,20",,,,,,"H[1,3,5,6,7,8,10,11,13,14,15,16,19,21,22,23,25,27]|V[3,4,7,12,13,16,18,20]",51e48cbb0b318e90e4cecb895faf9196760f014b
proposed_nsga2_bs_demo_layout_door_left_AW_2_seed_104,proposed_nsga2_bs,demo_layout_door_left_AW_2,104,5,auto_from_instance,10,15,3,28,150,,,,,13,9,11,root > V:12 > BH:13 > BV:7 > BV:7 > BV:3 > BV:3 > BH:3 > BH:9 > BH:15 > BH:23 > BH:19,selected,2,inf,True,262,202,60,48.0,1.0,1.0,True,True,1,1,0,True,3,1,0,0,True,True,0,13,7,13,7,9,SS,sampled_pool,,,True,0.4,0.5,0.5,0.1,fixed,bit_flip,offspring,feasible_start_adaptive_spacing,,,,feasible_start_adaptive_spacing,0.5,,True,auto_from_instance,0.75,0.35,"3,4,6,7,10,11,13,14,15,19,21,23","3,4,7,12,16,17,18",,,,,,"H[3,4,6,7,9,10,11,13,14,15,19,21,23]|V[3,4,7,12,16,17,18]",b1e3d56141dc971bf7df120e9cce33e5a479a65f
proposed_nsga2_bs_demo_layout_door_left_AW_2_seed_104,proposed_nsga2_bs,demo_layout_door_left_AW_2,104,5,auto_from_instance,10,15,3,28,150,,,,,14,9,11,root > V:12 > BH:13 > BV:7 > BV:7 > BV:3 > BV:3 > BH:23 > BH:17 > BH:9 > BH:3 > BH:13,selected,2,0.0,True,262,202,60,48.0,1.0,1.0,True,True,1,1,0,True,3,1,0,0,True,True,0,14,7,14,7,9,SS,sampled_pool,,,True,0.4,0.5,0.5,0.1,fixed,bit_flip,offspring,feasible_start_adaptive_spacing,,,,feasible_start_adaptive_spacing,0.5,,True,auto_from_instance,0.75,0.35,"3,4,6,7,10,11,13,14,15,19,21,23","3,4,7,12,16,17,18",,,,,,"H[3,4,6,7,9,10,11,13,14,15,17,19,21,23]|V[3,4,7,12,16,17,18]",faa83a2f7bb9efd4c41fb7b3b81c003cec521a5c
proposed_nsga2_bs_demo_layout_door_left_AW_2_seed_104,proposed_nsga2_bs,demo_layout_door_left_AW_2,104,5,auto_from_instance,10,15,3,28,150,,,,,15,9,11,root > V:12 > BH:13 > BV:7 > BV:7 > BV:3 > BV:3 > BH:23 > BH:17 > BH:11 > BH:3 > BH:7,selected,2,inf,True,262,202,60,48.0,1.0,1.0,True,True,1,1,0,True,3,1,0,0,True,True,0,13,7,13,7,9,SS,sampled_pool,,,True,0.4,0.5,0.5,0.1,fixed,bit_flip,offspring,feasible_start_adaptive_spacing,,,,feasible_start_adaptive_spacing,0.5,,True,auto_from_instance,0.75,0.35,"3,4,6,7,10,11,13,14,15,19,21,23","3,4,7,12,16,17,18",,,,,,"H[3,4,6,7,10,11,13,14,15,17,19,21,23]|V[3,4,7,12,16,17,18]",4d9823d39ac54567648600c413a3d532ee5a312b
proposed_nsga2_bs_demo_layout_door_left_AW_2_seed_104,proposed_nsga2_bs,demo_layout_door_left_AW_2,104,6,auto_from_instance,10,15,3,28,150,,,,,1,1,8,root > V:16 > BH:13 > BV:12 > BV:12 > BV:7 > BV:3 > BV:7 > BV:3,selected,0,inf,True,266,216,50,50.0,1.0,1.0,True,True,1,1,0,True,3,1,0,0,True,True,0,15,5,15,5,1,LS,sampled_pool,,,False,0.4666666666666667,0.5,0.5,0.1,fixed,remove_random_aisle,offspring,feasible_start_adaptive_spacing,,,,feasible_start_adaptive_spacing,0.5,,True,auto_from_instance,0.75,0.35,"1,3,4,6,7,9,10,11,13,15,19,21,23,25,27","3,7,12,16,18",,,,,,"H[1,3,4,6,7,9,10,11,13,15,19,21,23,25,27]|V[3,7,12,16,18]",63c9c1384eb0d63f6756e5f6c6567bc893aa1bf9
proposed_nsga2_bs_demo_layout_door_left_AW_2_seed_104,proposed_nsga2_bs,demo_layout_door_left_AW_2,104,6,auto_from_instance,10,15,3,28,150,,,,,2,2,12,root > V:12 > BH:13 > BV:7 > BV:7 > BV:3 > BV:3 > BH:23 > BH:19 > BH:15 > BH:11 > BH:3 > BH:7,selected,0,inf,True,250,214,36,36.0,1.0,1.0,True,True,1,1,0,True,3,1,0,0,True,True,0,12,9,12,9,2,PF_RP,sampled_pool,,,False,0.4666666666666667,0.5,0.5,0.1,fixed,spacing_aware_flip,offspring,feasible_start_adaptive_spacing,,,,feasible_start_adaptive_spacing,0.5,,True,auto_from_instance,0.75,0.35,"3,5,7,11,12,13,14,15,19,21,23,27","3,4,7,8,11,12,16,17,18",,,,,,"H[3,5,7,11,12,13,14,15,19,21,23,27]|V[3,4,7,8,11,12,16,17,18]",eb03952090a874660b7fb214554a0aa56a73029e
proposed_nsga2_bs_demo_layout_door_left_AW_2_seed_104,proposed_nsga2_bs,demo_layout_door_left_AW_2,104,6,auto_from_instance,10,15,3,28,150,,,,,3,2,12,root > V:12 > BH:13 > BV:7 > BV:7 > BV:3 > BV:3 > BH:3 > BH:7 > BH:11 > BH:15 > BH:23 > BV:16,selected,1,inf,True,250,208,42,42.0,1.0,1.0,True,True,1,1,0,True,3,1,0,0,True,True,0,12,9,12,9,2,PF_RP,sampled_pool,,,False,0.4666666666666667,0.5,0.5,0.1,fixed,spacing_aware_flip,offspring,feasible_start_adaptive_spacing,,,,feasible_start_adaptive_spacing,0.5,,True,auto_from_instance,0.75,0.35,"3,5,7,11,12,13,14,15,19,21,23,27","3,4,7,8,11,12,16,17,18",,,,,,"H[3,5,7,11,12,13,14,15,19,21,23,27]|V[3,4,7,8,11,12,16,17,18]",00a9d8d47000946aa25bf8cbdb36931d5b5d4b7d
proposed_nsga2_bs_demo_layout_door_left_AW_2_seed_104,proposed_nsga2_bs,demo_layout_door_left_AW_2,104,6,auto_from_instance,10,15,3,28,150,,,,,4,2,12,root > V:12 > BH:13 > BV:7 > BV:7 > BV:3 > BV:3 > BH:23 > BH:19 > BH:15 > BH:11 > BH:3 > BV:16,selected,1,inf,True,250,208,42,42.0,1.0,1.0,True,True,1,1,0,True,3,1,0,0,True,True,0,12,9,12,9,2,PF_RP,sampled_pool,,,False,0.4666666666666667,0.5,0.5,0.1,fixed,spacing_aware_flip,offspring,feasible_start_adaptive_spacing,,,,feasible_start_adaptive_spacing,0.5,,True,auto_from_instance,0.75,0.35,"3,5,7,11,12,13,14,15,19,21,23,27","3,4,7,8,11,12,16,17,18",,,,,,"H[3,5,7,11,12,13,14,15,19,21,23,27]|V[3,4,7,8,11,12,16,17,18]",d0525a507710a5664c0df826d850c16891cba894
proposed_nsga2_bs_demo_layout_door_left_AW_2_seed_104,proposed_nsga2_bs,demo_layout_door_left_AW_2,104,6,auto_from_instance,10,15,3,28,150,,,,,5,3,12,root > V:13 > BH:13 > BV:7 > BV:7 > BV:3 > BV:3 > BH:23 > BH:19 > BH:15 > BH:11 > BH:7 > BH:3,selected,0,inf,True,260,202,58,34.0,1.0,1.0,True,True,1,1,0,True,3,1,0,0,True,True,0,15,9,15,9,3,PF_RP,sampled_pool,,,False,0.4666666666666667,0.5,0.5,0.1,fixed,insert_random_aisle,offspring,feasible_start_adaptive_spacing,,,,feasible_start_adaptive_spacing,0.5,,True,auto_from_instance,0.75,0.35,"1,3,5,6,7,8,10,11,13,14,15,16,19,21,23","0,3,4,7,12,13,16,18,20",,,,,,"H[1,3,5,6,7,8,10,11,13,14,15,16,19,21,23]|V[0,3,4,7,12,13,16,18,20]",146759e3ef785e80ae78bd95708e7576b0df1241
proposed_nsga2_bs_demo_layout_door_left_AW_2_seed_104,proposed_nsga2_bs,demo_layout_door_left_AW_2,104,6,auto_from_instance,10,15,3,28,150,,,,,6,3,12,root > V:13 > BH:13 > BV:7 > BV:7 > BV:3 > BV:3 > BH:3 > BH:7 > BH:11 > BH:15 > BH:19 > BH:25,selected,1,inf,True,260,197,63,34.0,1.0,1.0,True,True,1,1,0,True,3,1,0,0,True,True,0,16,9,16,9,3,PF_RP,sampled_pool,,,False,0.4666666666666667,0.5,0.5,0.1,fixed,insert_random_aisle,offspring,feasible_start_adaptive_spacing,,,,feasible_start_adaptive_spacing,0.5,,True,auto_from_instance,0.75,0.35,"1,3,5,6,7,8,10,11,13,14,15,16,19,21,23","0,3,4,7,12,13,16,18,20",,,,,,"H[1,3,5,6,7,8,10,11,13,14,15,16,19,21,23,25]|V[0,3,4,7,12,13,16,18,20]",4317ed1efabe31038ca0b969ea3e4e750cdf03f2
proposed_nsga2_bs_demo_layout_door_left_AW_2_seed_104,proposed_nsga2_bs,demo_layout_door_left_AW_2,104,6,auto_from_instance,10,15,3,28,150,,,,,7,6,12,root > V:13 > BH:13 > BV:7 > BV:7 > BH:4 > BH:11 > BH:18 > BH:23 > BV:3 > BV:3 > BV:18 > BV:18,selected,3,inf,True,260,182,78,64.0,1.0,1.0,True,True,1,1,0,True,3,1,0,0,True,True,0,17,8,17,8,6,RP_LS,sampled_pool,,,False,0.4666666666666667,0.5,0.5,0.1,fixed,insert_random_aisle,offspring,feasible_start_adaptive_spacing,,,,feasible_start_adaptive_spacing,0.5,,True,auto_from_instance,0.75,0.35,"3,5,6,7,8,10,11,13,14,15,16,19,21,22,23","3,4,7,12,13,16,18,20",,,,,,"H[3,4,5,6,7,8,10,11,13,14,15,16,18,19,21,22,23]|V[3,4,7,12,13,16,18,20]",57fd8590a61771e01e2c54ca649525ee9931aa30
proposed_nsga2_bs_demo_layout_door_left_AW_2_seed_104,proposed_nsga2_bs,demo_layout_door_left_AW_2,104,6,auto_from_instance,10,15,3,28,150,,,,,8,6,12,root > V:13 > BH:13 > BV:7 > BV:7 > BH:22 > BH:15 > BH:8 > BH:3 > BV:3 > BV:3 > BV:18 > BV:18,evaluated,3,inf,False,260,182,78,64.0,1.0,1.0,True,True,1,1,0,True,3,1,0,0,True,True,0,15,8,15,8,6,RP_LS,sampled_pool,,,False,0.4666666666666667,0.5,0.5,0.1,fixed,insert_random_aisle,offspring,feasible_start_adaptive_spacing,,,,feasible_start_adaptive_spacing,0.5,,True,auto_from_instance,0.75,0.35,"3,5,6,7,8,10,11,13,14,15,16,19,21,22,23","3,4,7,12,13,16,18,20",,,,,,"H[3,5,6,7,8,10,11,13,14,15,16,19,21,22,23]|V[3,4,7,12,13,16,18,20]",80cfb0efa6f9ad16c96fad6ab54ea16f8ecefb75
proposed_nsga2_bs_demo_layout_door_left_AW_2_seed_104,proposed_nsga2_bs,demo_layout_door_left_AW_2,104,6,auto_from_instance,10,15,3,28,150,,,,,9,8,11,root > V:12 > BH:13 > BV:7 > BV:7 > BV:3 > BV:3 > BH:3 > BH:9 > BH:15 > BH:23 > BH:19,selected,2,inf,True,262,202,60,48.0,1.0,1.0,True,True,1,1,0,True,3,1,0,0,True,True,0,11,8,11,8,8,SS,sampled_pool,,,True,0.4666666666666667,0.5,0.5,0.1,fixed,remove_random_aisle,offspring,feasible_start_adaptive_spacing,,,,feasible_start_adaptive_spacing,0.5,,True,auto_from_instance,0.75,0.35,"3,7,11,12,13,15,16,19,21,23","3,4,7,12,15,16,18,20",,,,,,"H[3,7,9,11,12,13,15,16,19,21,23]|V[3,4,7,12,15,16,18,20]",b1e3d56141dc971bf7df120e9cce33e5a479a65f
proposed_nsga2_bs_demo_layout_door_left_AW_2_seed_104,proposed_nsga2_bs,demo_layout_door_left_AW_2,104,6,auto_from_instance,10,15,3,28,150,,,,,10,8,11,root > V:12 > BH:13 > BV:7 > BV:7 > BV:3 > BV:3 > BH:23 > BH:17 > BH:9 > BH:3 > BH:13,selected,2,0.0,True,262,202,60,48.0,1.0,1.0,True,True,1,1,0,True,3,1,0,0,True,True,0,12,8,12,8,8,SS,sampled_pool,,,True,0.4666666666666667,0.5,0.5,0.1,fixed,remove_random_aisle,offspring,feasible_start_adaptive_spacing,,,,feasible_start_adaptive_spacing,0.5,,True,auto_from_instance,0.75,0.35,"3,7,11,12,13,15,16,19,21,23","3,4,7,12,15,16,18,20",,,,,,"H[3,7,9,11,12,13,15,16,17,19,21,23]|V[3,4,7,12,15,16,18,20]",faa83a2f7bb9efd4c41fb7b3b81c003cec521a5c
proposed_nsga2_bs_demo_layout_door_left_AW_2_seed_104,proposed_nsga2_bs,demo_layout_door_left_AW_2,104,6,auto_from_instance,10,15,3,28,150,,,,,11,8,11,root > V:12 > BH:13 > BV:7 > BV:7 > BV:3 > BV:3 > BH:23 > BH:17 > BH:11 > BH:3 > BH:7,selected,2,inf,True,262,202,60,48.0,1.0,1.0,True,True,1,1,0,True,3,1,0,0,True,True,0,11,8,11,8,8,SS,sampled_pool,,,True,0.4666666666666667,0.5,0.5,0.1,fixed,remove_random_aisle,offspring,feasible_start_adaptive_spacing,,,,feasible_start_adaptive_spacing,0.5,,True,auto_from_instance,0.75,0.35,"3,7,11,12,13,15,16,19,21,23","3,4,7,12,15,16,18,20",,,,,,"H[3,7,11,12,13,15,16,17,19,21,23]|V[3,4,7,12,15,16,18,20]",4d9823d39ac54567648600c413a3d532ee5a312b
proposed_nsga2_bs_demo_layout_door_left_AW_2_seed_104,proposed_nsga2_bs,demo_layout_door_left_AW_2,104,7,auto_from_instance,10,15,3,28,150,,,,,1,1,12,root > V:12 > BH:13 > BV:7 > BV:7 > BV:3 > BV:3 > BH:23 > BH:19 > BH:15 > BH:11 > BH:3 > BH:7,selected,0,inf,True,250,214,36,36.0,1.0,1.0,True,True,1,1,0,True,3,1,0,0,True,True,0,16,8,16,8,1,LS_SS,sampled_pool,,,True,0.5333333333333333,0.5,0.5,0.1,fixed,bit_flip,offspring,feasible_start_adaptive_spacing,,,,feasible_start_adaptive_spacing,0.5,,True,auto_from_instance,0.75,0.35,"1,3,5,6,7,9,10,11,13,14,15,16,18,19,21,23","0,3,4,7,12,16,18,20",,,,,,"H[1,3,5,6,7,9,10,11,13,14,15,16,18,19,21,23]|V[0,3,4,7,12,16,18,20]",eb03952090a874660b7fb214554a0aa56a73029e
proposed_nsga2_bs_demo_layout_door_left_AW_2_seed_104,proposed_nsga2_bs,demo_layout_door_left_AW_2,104,7,auto_from_instance,10,15,3,28,150,,,,,2,1,12,root > V:12 > BH:13 > BV:7 > BV:7 > BV:3 > BV:3 > BH:3 > BH:7 > BH:11 > BH:15 > BH:23 > BV:16,selected,2,inf,True,250,208,42,42.0,1.0,1.0,True,True,1,1,0,True,3,1,0,0,True,True,0,16,8,16,8,1,LS_SS,sampled_pool,,,True,0.5333333333333333,0.5,0.5,0.1,fixed,bit_flip,offspring,feasible_start_adaptive_spacing,,,,feasible_start_adaptive_spacing,0.5,,True,auto_from_instance,0.75,0.35,"1,3,5,6,7,9,10,11,13,14,15,16,18,19,21,23","0,3,4,7,12,16,18,20",,,,,,"H[1,3,5,6,7,9,10,11,13,14,15,16,18,19,21,23]|V[0,3,4,7,12,16,18,20]",00a9d8d47000946aa25bf8cbdb36931d5b5d4b7d
proposed_nsga2_bs_demo_layout_door_left_AW_2_seed_104,proposed_nsga2_bs,demo_layout_door_left_AW_2,104,7,auto_from_instance,10,15,3,28,150,,,,,3,1,12,root > V:12 > BH:13 > BV:7 > BV:7 > BV:3 > BV:3 > BH:23 > BH:19 > BH:15 > BH:11 > BH:3 > BV:16,selected,2,inf,True,250,208,42,42.0,1.0,1.0,True,True,1,1,0,True,3,1,0,0,True,True,0,16,8,16,8,1,LS_SS,sampled_pool,,,True,0.5333333333333333,0.5,0.5,0.1,fixed,bit_flip,offspring,feasible_start_adaptive_spacing,,,,feasible_start_adaptive_spacing,0.5,,True,auto_from_instance,0.75,0.35,"1,3,5,6,7,9,10,11,13,14,15,16,18,19,21,23","0,3,4,7,12,16,18,20",,,,,,"H[1,3,5,6,7,9,10,11,13,14,15,16,18,19,21,23]|V[0,3,4,7,12,16,18,20]",d0525a507710a5664c0df826d850c16891cba894
proposed_nsga2_bs_demo_layout_door_left_AW_2_seed_104,proposed_nsga2_bs,demo_layout_door_left_AW_2,104,7,auto_from_instance,10,15,3,28,150,,,,,4,2,12,root > V:13 > BH:13 > BV:7 > BV:7 > BV:3 > BV:3 > BH:23 > BH:19 > BH:15 > BH:11 > BH:7 > BH:3,selected,0,inf,True,260,202,58,34.0,1.0,1.0,True,True,1,1,0,True,3,1,0,0,True,True,0,15,6,15,6,2,PF_LS_RP,sampled_pool,,,False,0.5333333333333333,0.5,0.5,0.1,fixed,break_symmetry,offspring,feasible_start_adaptive_spacing,,,,feasible_start_adaptive_spacing,0.5,,True,auto_from_instance,0.75,0.35,"1,3,4,6,7,8,9,11,13,15,19,21,23,25,27","3,7,12,13,16,18",,,,,,"H[1,3,4,6,7,8,9,11,13,15,19,21,23,25,27]|V[3,7,12,13,16,18]",146759e3ef785e80ae78bd95708e7576b0df1241
proposed_nsga2_bs_demo_layout_door_left_AW_2_seed_104,proposed_nsga2_bs,demo_layout_door_left_AW_2,104,7,auto_from_instance,10,15,3,28,150,,,,,5,2,12,root > V:13 > BH:13 > BV:7 > BV:7 > BV:3 > BV:3 > BH:3 > BH:7 > BH:11 > BH:15 > BH:19 > BH:25,selected,1,inf,True,260,197,63,34.0,1.0,1.0,True,True,1,1,0,True,3,1,0,0,True,True,0,15,6,15,6,2,PF_LS_RP,sampled_pool,,,False,0.5333333333333333,0.5,0.5,0.1,fixed,break_symmetry,offspring,feasible_start_adaptive_spacing,,,,feasible_start_adaptive_spacing,0.5,,True,auto_from_instance,0.75,0.35,"1,3,4,6,7,8,9,11,13,15,19,21,23,25,27","3,7,12,13,16,18",,,,,,"H[1,3,4,6,7,8,9,11,13,15,19,21,23,25,27]|V[3,7,12,13,16,18]",4317ed1efabe31038ca0b969ea3e4e750cdf03f2
proposed_nsga2_bs_demo_layout_door_left_AW_2_seed_104,proposed_nsga2_bs,demo_layout_door_left_AW_2,104,7,auto_from_instance,10,15,3,28,150,,,,,6,5,12,root > V:12 > BH:13 > BV:7 > BV:3 > BV:7 > BV:3 > BH:23 > BH:19 > BH:15 > BH:11 > BH:7 > BV:16,selected,0,inf,True,250,214,36,36.0,1.0,1.0,True,True,1,1,0,True,3,1,0,0,True,True,0,13,7,13,7,5,LS_PF,sampled_pool,,,False,0.5333333333333333,0.5,0.5,0.1,fixed,insert_random_aisle,offspring,feasible_start_adaptive_spacing,,,,feasible_start_adaptive_spacing,0.5,,True,auto_from_instance,0.75,0.35,"1,3,5,7,11,12,13,14,15,19,21,23,27","3,4,7,9,12,16,18",,,,,,"H[1,3,5,7,11,12,13,14,15,19,21,23,27]|V[3,4,7,9,12,16,18]",0fdb9192f0d4acf2b6dd22b4a8e053ab5a7ed4a9
proposed_nsga2_bs_demo_layout_door_left_AW_2_seed_104,proposed_nsga2_bs,demo_layout_door_left_AW_2,104,7,auto_from_instance,10,15,3,28,150,,,,,7,5,12,root > V:12 > BH:13 > BV:7 > BV:3 > BV:7 > BV:3 > BH:23 > BH:19 > BH:15 > BH:11 > BH:6 > BV:16,selected,1,inf,True,252,211,41,41.0,1.0,1.0,True,True,1,1,0,True,3,1,0,0,True,True,0,14,7,14,7,5,LS_PF,sampled_pool,,,False,0.5333333333333333,0.5,0.5,0.1,fixed,insert_random_aisle,offspring,feasible_start_adaptive_spacing,,,,feasible_start_adaptive_spacing,0.5,,True,auto_from_instance,0.75,0.35,"1,3,5,7,11,12,13,14,15,19,21,23,27","3,4,7,9,12,16,18",,,,,,"H[1,3,5,6,7,11,12,13,14,15,19,21,23,27]|V[3,4,7,9,12,16,18]",1e51df56ad9655663d1175b2036f4a44cf7e7571
proposed_nsga2_bs_demo_layout_door_left_AW_2_seed_104,proposed_nsga2_bs,demo_layout_door_left_AW_2,104,7,auto_from_instance,10,15,3,28,150,,,,,8,6,10,root > V:11 > BH:13 > BV:5 > BV:5 > BH:22 > BH:14 > BH:5 > BH:10 > BH:18 > BV:16,evaluated,4,inf,False,294,167,127,91.0,1.0,1.0,True,True,1,1,0,True,3,1,0,0,True,True,0,18,8,18,8,6,SS_LS_PF,sampled_pool,,,True,0.5333333333333333,0.5,0.5,0.1,fixed,remove_random_aisle,offspring,feasible_start_adaptive_spacing,,,,feasible_start_adaptive_spacing,0.5,,True,auto_from_instance,0.75,0.35,"3,4,6,7,9,10,11,13,15,19,21,23,25,27","3,7,8,11,16,17,18",,,,,,"H[3,4,5,6,7,9,10,11,13,14,15,18,19,21,22,23,25,27]|V[3,5,7,8,11,16,17,18]",57a34fd8947d6fe9f4b48efa686d979ecdb1280d
proposed_nsga2_bs_demo_layout_door_left_AW_2_seed_104,proposed_nsga2_bs,demo_layout_door_left_AW_2,104,7,auto_from_instance,10,15,3,28,150,,,,,9,6,10,root > V:11 > BH:13 > BV:5 > BV:5 > BH:22 > BH:13 > BH:5 > BH:18 > BH:9 > BV:16,evaluated,4,0.0,False,294,167,127,91.0,1.0,1.0,True,True,1,1,0,True,3,1,0,0,True,True,0,17,8,17,8,6,SS_LS_PF,sampled_pool,,,True,0.5333333333333333,0.5,0.5,0.1,fixed,remove_random_aisle,offspring,feasible_start_adaptive_spacing,,,,feasible_start_adaptive_spacing,0.5,,True,auto_from_instance,0.75,0.35,"3,4,6,7,9,10,11,13,15,19,21,23,25,27","3,7,8,11,16,17,18",,,,,,"H[3,4,5,6,7,9,10,11,13,15,18,19,21,22,23,25,27]|V[3,5,7,8,11,16,17,18]",d4829d7f54b6ab3fbbdcfb2cc9c753af6bc4519f
proposed_nsga2_bs_demo_layout_door_left_AW_2_seed_104,proposed_nsga2_bs,demo_layout_door_left_AW_2,104,7,auto_from_instance,10,15,3,28,150,,,,,10,6,10,root > V:11 > BH:13 > BV:5 > BV:5 > BH:22 > BH:13 > BH:5 > BH:17 > BH:9 > BV:16,evaluated,4,inf,False,294,167,127,91.0,1.0,1.0,True,True,1,1,0,True,3,1,0,0,True,True,0,17,8,17,8,6,SS_LS_PF,sampled_pool,,,True,0.5333333333333333,0.5,0.5,0.1,fixed,remove_random_aisle,offspring,feasible_start_adaptive_spacing,,,,feasible_start_adaptive_spacing,0.5,,True,auto_from_instance,0.75,0.35,"3,4,6,7,9,10,11,13,15,19,21,23,25,27","3,7,8,11,16,17,18",,,,,,"H[3,4,5,6,7,9,10,11,13,15,17,19,21,22,23,25,27]|V[3,5,7,8,11,16,17,18]",e69ffa61eb0514ae25176e253684619ed8177e06
proposed_nsga2_bs_demo_layout_door_left_AW_2_seed_104,proposed_nsga2_bs,demo_layout_door_left_AW_2,104,7,auto_from_instance,10,15,3,28,150,,,,,11,7,12,root > V:13 > BH:13 > BV:7 > BV:3 > BV:7 > BV:3 > BH:23 > BH:19 > BH:15 > BH:11 > BH:6 > BV:18,selected,2,inf,True,260,197,63,39.0,1.0,1.0,True,True,1,1,0,True,3,1,0,0,True,True,0,15,10,15,10,7,PF_LS,sampled_pool,,,False,0.5333333333333333,0.5,0.5,0.1,fixed,swap_segments,offspring,feasible_start_adaptive_spacing,,,,feasible_start_adaptive_spacing,0.5,,True,auto_from_instance,0.75,0.35,"0,2,4,7,11,13,14,15,16,20,22,24","0,3,4,7,8,12,13,16,18,20",,,,,,"H[0,2,4,6,7,11,13,14,15,16,19,20,22,23,24]|V[0,3,4,7,8,12,13,16,18,20]",51e48cbb0b318e90e4cecb895faf9196760f014b
proposed_nsga2_bs_demo_layout_door_left_AW_2_seed_104,proposed_nsga2_bs,demo_layout_door_left_AW_2,104,7,auto_from_instance,10,15,3,28,150,,,,,12,8,11,root > V:12 > BH:13 > BV:7 > BV:7 > BV:3 > BV:3 > BH:3 > BH:9 > BH:15 > BH:23 > BH:19,selected,3,inf,True,262,202,60,48.0,1.0,1.0,True,True,1,1,0,True,3,1,0,0,True,True,0,16,8,16,8,8,SS,sampled_pool,,,True,0.5333333333333333,0.5,0.5,0.1,fixed,break_symmetry,offspring,feasible_start_adaptive_spacing,,,,feasible_start_adaptive_spacing,0.5,,True,auto_from_instance,0.75,0.35,"3,5,6,7,8,10,11,12,13,14,15,19,21,23,26","3,4,7,11,12,16,17,18",,,,,,"H[3,5,6,7,8,9,10,11,12,13,14,15,19,21,23,26]|V[3,4,7,11,12,16,17,18]",b1e3d56141dc971bf7df120e9cce33e5a479a65f
proposed_nsga2_bs_demo_layout_door_left_AW_2_seed_104,proposed_nsga2_bs,demo_layout_door_left_AW_2,104,7,auto_from_instance,10,15,3,28,150,,,,,13,8,11,root > V:12 > BH:13 > BV:7 > BV:7 > BV:3 > BV:3 > BH:23 > BH:17 > BH:9 > BH:3 > BH:13,evaluated,3,0.0,False,262,202,60,48.0,1.0,1.0,True,True,1,1,0,True,3,1,0,0,True,True,0,17,8,17,8,8,SS,sampled_pool,,,True,0.5333333333333333,0.5,0.5,0.1,fixed,break_symmetry,offspring,feasible_start_adaptive_spacing,,,,feasible_start_adaptive_spacing,0.5,,True,auto_from_instance,0.75,0.35,"3,5,6,7,8,10,11,12,13,14,15,19,21,23,26","3,4,7,11,12,16,17,18",,,,,,"H[3,5,6,7,8,9,10,11,12,13,14,15,17,19,21,23,26]|V[3,4,7,11,12,16,17,18]",faa83a2f7bb9efd4c41fb7b3b81c003cec521a5c
proposed_nsga2_bs_demo_layout_door_left_AW_2_seed_104,proposed_nsga2_bs,demo_layout_door_left_AW_2,104,7,auto_from_instance,10,15,3,28,150,,,,,14,8,11,root > V:12 > BH:13 > BV:7 > BV:7 > BV:3 > BV:3 > BH:23 > BH:17 > BH:11 > BH:3 > BH:7,selected,3,inf,True,262,202,60,48.0,1.0,1.0,True,True,1,1,0,True,3,1,0,0,True,True,0,16,8,16,8,8,SS,sampled_pool,,,True,0.5333333333333333,0.5,0.5,0.1,fixed,break_symmetry,offspring,feasible_start_adaptive_spacing,,,,feasible_start_adaptive_spacing,0.5,,True,auto_from_instance,0.75,0.35,"3,5,6,7,8,10,11,12,13,14,15,19,21,23,26","3,4,7,11,12,16,17,18",,,,,,"H[3,5,6,7,8,10,11,12,13,14,15,17,19,21,23,26]|V[3,4,7,11,12,16,17,18]",4d9823d39ac54567648600c413a3d532ee5a312b
proposed_nsga2_bs_demo_layout_door_left_AW_2_seed_104,proposed_nsga2_bs,demo_layout_door_left_AW_2,104,8,auto_from_instance,10,15,3,28,150,,,,,1,1,8,root > V:16 > BH:13 > BV:12 > BV:12 > BV:7 > BV:3 > BV:7 > BV:3,selected,0,inf,True,266,216,50,50.0,1.0,1.0,True,True,1,1,0,True,3,1,0,0,True,True,0,13,9,13,9,1,LS,sampled_pool,,,False,0.6,0.5,0.5,0.1,fixed,insert_random_aisle,offspring,feasible_start_adaptive_spacing,,,,feasible_start_adaptive_spacing,0.5,,True,auto_from_instance,0.75,0.35,"1,3,5,7,11,12,13,14,15,19,21,23,27","0,3,4,5,7,12,16,18,20",,,,,,"H[1,3,5,7,11,12,13,14,15,19,21,23,27]|V[0,3,4,5,7,12,16,18,20]",63c9c1384eb0d63f6756e5f6c6567bc893aa1bf9
proposed_nsga2_bs_demo_layout_door_left_AW_2_seed_104,proposed_nsga2_bs,demo_layout_door_left_AW_2,104,8,auto_from_instance,10,15,3,28,150,,,,,2,2,12,root > V:12 > BH:13 > BV:7 > BV:7 > BV:3 > BV:3 > BH:23 > BH:19 > BH:15 > BH:11 > BH:3 > BH:7,selected,0,inf,True,250,214,36,36.0,1.0,1.0,True,True,1,1,0,True,3,1,0,0,True,True,0,16,7,16,7,2,PF_LS_RP,sampled_pool,,,False,0.6,0.5,0.5,0.1,fixed,break_symmetry,offspring,feasible_start_adaptive_spacing,,,,feasible_start_adaptive_spacing,0.5,,True,auto_from_instance,0.75,0.35,"1,3,5,6,7,9,10,11,13,14,15,16,18,19,21,23","3,5,7,9,12,16,18",,,,,,"H[1,3,5,6,7,9,10,11,13,14,15,16,18,19,21,23]|V[3,5,7,9,12,16,18]",eb03952090a874660b7fb214554a0aa56a73029e
proposed_nsga2_bs_demo_layout_door_left_AW_2_seed_104,proposed_nsga2_bs,demo_layout_door_left_AW_2,104,8,auto_from_instance,10,15,3,28,150,,,,,3,2,12,root > V:12 > BH:13 > BV:7 > BV:7 > BV:3 > BV:3 > BH:3 > BH:7 > BH:11 > BH:15 > BH:23 > BV:16,selected,2,inf,True,250,208,42,42.0,1.0,1.0,True,True,1,1,0,True,3,1,0,0,True,True,0,16,7,16,7,2,PF_LS_RP,sampled_pool,,,False,0.6,0.5,0.5,0.1,fixed,break_symmetry,offspring,feasible_start_adaptive_spacing,,,,feasible_start_adaptive_spacing,0.5,,True,auto_from_instance,0.75,0.35,"1,3,5,6,7,9,10,11,13,14,15,16,18,19,21,23","3,5,7,9,12,16,18",,,,,,"H[1,3,5,6,7,9,10,11,13,14,15,16,18,19,21,23]|V[3,5,7,9,12,16,18]",00a9d8d47000946aa25bf8cbdb36931d5b5d4b7d
proposed_nsga2_bs_demo_layout_door_left_AW_2_seed_104,proposed_nsga2_bs,demo_layout_door_left_AW_2,104,8,auto_from_instance,10,15,3,28,150,,,,,4,2,12,root > V:12 > BH:13 > BV:7 > BV:7 > BV:3 > BV:3 > BH:23 > BH:19 > BH:15 > BH:11 > BH:3 > BV:16,selected,2,inf,True,250,208,42,42.0,1.0,1.0,True,True,1,1,0,True,3,1,0,0,True,True,0,16,7,16,7,2,PF_LS_RP,sampled_pool,,,False,0.6,0.5,0.5,0.1,fixed,break_symmetry,offspring,feasible_start_adaptive_spacing,,,,feasible_start_adaptive_spacing,0.5,,True,auto_from_instance,0.75,0.35,"1,3,5,6,7,9,10,11,13,14,15,16,18,19,21,23","3,5,7,9,12,16,18",,,,,,"H[1,3,5,6,7,9,10,11,13,14,15,16,18,19,21,23]|V[3,5,7,9,12,16,18]",d0525a507710a5664c0df826d850c16891cba894
proposed_nsga2_bs_demo_layout_door_left_AW_2_seed_104,proposed_nsga2_bs,demo_layout_door_left_AW_2,104,8,auto_from_instance,10,15,3,28,150,,,,,5,3,11,root > V:12 > BH:13 > BV:7 > BV:7 > BV:3 > BV:3 > BH:3 > BH:9 > BH:15 > BH:23 > BH:19,selected,3,inf,True,262,202,60,48.0,1.0,1.0,True,True,1,1,0,True,3,1,0,0,True,True,0,14,8,14,8,3,SS,sampled_pool,,,True,0.6,0.5,0.5,0.1,fixed,bit_flip,offspring,feasible_start_adaptive_spacing,,,,feasible_start_adaptive_spacing,0.5,,True,auto_from_instance,0.75,0.35,"3,5,6,9,10,11,13,14,15,16,19,21,23,26","3,4,7,11,12,16,17,18",,,,,,"H[3,5,6,9,10,11,13,14,15,16,19,21,23,26]|V[3,4,7,11,12,16,17,18]",b1e3d56141dc971bf7df120e9cce33e5a479a65f
proposed_nsga2_bs_demo_layout_door_left_AW_2_seed_104,proposed_nsga2_bs,demo_layout_door_left_AW_2,104,8,auto_from_instance,10,15,3,28,150,,,,,6,3,11,root > V:12 > BH:13 > BV:7 > BV:7 > BV:3 > BV:3 > BH:23 > BH:17 > BH:9 > BH:3 > BH:13,evaluated,3,0.0,False,262,202,60,48.0,1.0,1.0,True,True,1,1,0,True,3,1,0,0,True,True,0,15,8,15,8,3,SS,sampled_pool,,,True,0.6,0.5,0.5,0.1,fixed,bit_flip,offspring,feasible_start_adaptive_spacing,,,,feasible_start_adaptive_spacing,0.5,,True,auto_from_instance,0.75,0.35,"3,5,6,9,10,11,13,14,15,16,19,21,23,26","3,4,7,11,12,16,17,18",,,,,,"H[3,5,6,9,10,11,13,14,15,16,17,19,21,23,26]|V[3,4,7,11,12,16,17,18]",faa83a2f7bb9efd4c41fb7b3b81c003cec521a5c
proposed_nsga2_bs_demo_layout_door_left_AW_2_seed_104,proposed_nsga2_bs,demo_layout_door_left_AW_2,104,8,auto_from_instance,10,15,3,28,150,,,,,7,3,11,root > V:12 > BH:13 > BV:7 > BV:7 > BV:3 > BV:3 > BH:23 > BH:17 > BH:11 > BH:3 > BH:7,selected,3,inf,True,262,202,60,48.0,1.0,1.0,True,True,1,1,0,True,3,1,0,0,True,True,0,16,8,16,8,3,SS,sampled_pool,,,True,0.6,0.5,0.5,0.1,fixed,bit_flip,offspring,feasible_start_adaptive_spacing,,,,feasible_start_adaptive_spacing,0.5,,True,auto_from_instance,0.75,0.35,"3,5,6,9,10,11,13,14,15,16,19,21,23,26","3,4,7,11,12,16,17,18",,,,,,"H[3,5,6,7,9,10,11,13,14,15,16,17,19,21,23,26]|V[3,4,7,11,12,16,17,18]",4d9823d39ac54567648600c413a3d532ee5a312b
proposed_nsga2_bs_demo_layout_door_left_AW_2_seed_104,proposed_nsga2_bs,demo_layout_door_left_AW_2,104,8,auto_from_instance,10,15,3,28,150,,,,,8,6,12,root > V:13 > BH:13 > BV:7 > BV:7 > BV:3 > BV:3 > BH:23 > BH:19 > BH:15 > BH:10 > BH:3 > BV:18,evaluated,3,inf,False,260,192,68,44.0,1.0,1.0,True,True,1,1,0,True,3,1,0,0,True,True,0,18,8,18,8,6,SS_LS_PF,sampled_pool,,,True,0.6,0.5,0.5,0.1,fixed,spacing_aware_flip,offspring,feasible_start_adaptive_spacing,,,,feasible_start_adaptive_spacing,0.5,,True,auto_from_instance,0.75,0.35,"1,3,4,6,7,8,9,11,13,15,16,18,19,21,23,25,27","0,3,7,12,13,16,18,20",,,,,,"H[1,3,4,6,7,8,9,10,11,13,15,16,18,19,21,23,25,27]|V[0,3,7,12,13,16,18,20]",cb72675f37f3d41c60684d4f9a816bc359f151ad
proposed_nsga2_bs_demo_layout_door_left_AW_2_seed_104,proposed_nsga2_bs,demo_layout_door_left_AW_2,104,8,auto_from_instance,10,15,3,28,150,,,,,9,6,12,root > V:13 > BH:13 > BV:7 > BV:7 > BV:3 > BV:3 > BH:23 > BH:19 > BH:15 > BH:11 > BH:4 > BV:18,evaluated,4,inf,False,260,192,68,54.0,1.0,1.0,True,True,1,1,0,True,3,1,0,0,True,True,0,17,8,17,8,6,SS_LS_PF,sampled_pool,,,True,0.6,0.5,0.5,0.1,fixed,spacing_aware_flip,offspring,feasible_start_adaptive_spacing,,,,feasible_start_adaptive_spacing,0.5,,True,auto_from_instance,0.75,0.35,"1,3,4,6,7,8,9,11,13,15,16,18,19,21,23,25,27","0,3,7,12,13,16,18,20",,,,,,"H[1,3,4,6,7,8,9,11,13,15,16,18,19,21,23,25,27]|V[0,3,7,12,13,16,18,20]",b774b9c9481df47bfb263bd77f05b2de4fc3b09c
proposed_nsga2_bs_demo_layout_door_left_AW_2_seed_104,proposed_nsga2_bs,demo_layout_door_left_AW_2,104,8,auto_from_instance,10,15,3,28,150,,,,,10,7,12,root > V:13 > BH:13 > BV:7 > BV:7 > BV:3 > BV:3 > BH:23 > BH:19 > BH:15 > BH:11 > BH:7 > BH:3,selected,0,inf,True,260,202,58,34.0,1.0,1.0,True,True,1,1,0,True,3,1,0,0,True,True,0,15,7,15,7,7,PF_SS,sampled_pool,,,True,0.6,0.5,0.5,0.1,fixed,spacing_aware_flip,offspring,feasible_start_adaptive_spacing,,,,feasible_start_adaptive_spacing,0.5,,True,auto_from_instance,0.75,0.35,"1,3,4,6,7,8,9,11,13,15,19,21,23,25,27","3,7,9,12,13,16,18",,,,,,"H[1,3,4,6,7,8,9,11,13,15,19,21,23,25,27]|V[3,7,9,12,13,16,18]",146759e3ef785e80ae78bd95708e7576b0df1241
proposed_nsga2_bs_demo_layout_door_left_AW_2_seed_104,proposed_nsga2_bs,demo_layout_door_left_AW_2,104,8,auto_from_instance,10,15,3,28,150,,,,,11,7,12,root > V:13 > BH:13 > BV:7 > BV:7 > BV:3 > BV:3 > BH:3 > BH:7 > BH:11 > BH:15 > BH:19 > BH:25,selected,1,inf,True,260,197,63,34.0,1.0,1.0,True,True,1,1,0,True,3,1,0,0,True,True,0,15,7,15,7,7,PF_SS,sampled_pool,,,True,0.6,0.5,0.5,0.1,fixed,spacing_aware_flip,offspring,feasible_start_adaptive_spacing,,,,feasible_start_adaptive_spacing,0.5,,True,auto_from_instance,0.75,0.35,"1,3,4,6,7,8,9,11,13,15,19,21,23,25,27","3,7,9,12,13,16,18",,,,,,"H[1,3,4,6,7,8,9,11,13,15,19,21,23,25,27]|V[3,7,9,12,13,16,18]",4317ed1efabe31038ca0b969ea3e4e750cdf03f2
proposed_nsga2_bs_demo_layout_door_left_AW_2_seed_104,proposed_nsga2_bs,demo_layout_door_left_AW_2,104,8,auto_from_instance,10,15,3,28,150,,,,,12,8,12,root > V:12 > BH:13 > BV:7 > BV:3 > BV:7 > BV:3 > BH:23 > BH:19 > BH:15 > BH:11 > BH:7 > BV:16,selected,0,2.3685064935064934,True,250,214,36,36.0,1.0,1.0,True,True,1,1,0,True,3,1,0,0,True,True,0,13,7,13,7,8,PF,sampled_pool,,,False,0.6,0.5,0.5,0.1,fixed,remove_random_aisle,offspring,feasible_start_adaptive_spacing,,,,feasible_start_adaptive_spacing,0.5,,True,auto_from_instance,0.75,0.35,"1,3,5,6,7,11,12,13,14,15,19,23,27","3,4,7,9,12,16,18",,,,,,"H[1,3,5,6,7,11,12,13,14,15,19,23,27]|V[3,4,7,9,12,16,18]",0fdb9192f0d4acf2b6dd22b4a8e053ab5a7ed4a9
proposed_nsga2_bs_demo_layout_door_left_AW_2_seed_104,proposed_nsga2_bs,demo_layout_door_left_AW_2,104,8,auto_from_instance,10,15,3,28,150,,,,,13,8,12,root > V:12 > BH:13 > BV:7 > BV:3 > BV:7 > BV:3 > BH:23 > BH:19 > BH:15 > BH:11 > BH:6 > BV:16,selected,1,inf,True,252,211,41,41.0,1.0,1.0,True,True,1,1,0,True,3,1,0,0,True,True,0,13,7,13,7,8,PF,sampled_pool,,,False,0.6,0.5,0.5,0.1,fixed,remove_random_aisle,offspring,feasible_start_adaptive_spacing,,,,feasible_start_adaptive_spacing,0.5,,True,auto_from_instance,0.75,0.35,"1,3,5,6,7,11,12,13,14,15,19,23,27","3,4,7,9,12,16,18",,,,,,"H[1,3,5,6,7,11,12,13,14,15,19,23,27]|V[3,4,7,9,12,16,18]",1e51df56ad9655663d1175b2036f4a44cf7e7571
proposed_nsga2_bs_demo_layout_door_left_AW_2_seed_104,proposed_nsga2_bs,demo_layout_door_left_AW_2,104,9,auto_from_instance,10,15,3,28,150,,,,,1,1,12,root > V:13 > BH:13 > BV:7 > BV:3 > BV:7 > BV:3 > BH:23 > BH:19 > BH:15 > BH:11 > BH:7 > BH:3,selected,0,inf,True,260,202,58,34.0,1.0,1.0,True,True,1,1,0,True,3,1,0,0,True,True,0,18,7,18,7,1,LS_PF,sampled_pool,,,False,0.6666666666666666,0.5,0.5,0.1,fixed,swap_segments,offspring,feasible_start_adaptive_spacing,,,,feasible_start_adaptive_spacing,0.5,,True,auto_from_instance,0.75,0.35,"1,3,4,6,8,9,11,13,14,15,16,18,19,21,22,23,27","3,7,9,12,13,16,18",,,,,,"H[1,3,4,6,7,8,9,11,13,14,15,16,18,19,21,22,23,27]|V[3,7,9,12,13,16,18]",146759e3ef785e80ae78bd95708e7576b0df1241
proposed_nsga2_bs_demo_layout_door_left_AW_2_seed_104,proposed_nsga2_bs,demo_layout_door_left_AW_2,104,9,auto_from_instance,10,15,3,28,150,,,,,2,1,12,root > V:13 > BH:13 > BV:7 > BV:3 > BV:7 > BV:3 > BH:3 > BH:7 > BH:11 > BH:15 > BH:19 > BH:25,selected,1,inf,True,260,197,63,34.0,1.0,1.0,True,True,1,1,0,True,3,1,0,0,True,True,0,19,7,19,7,1,LS_PF,sampled_pool,,,False,0.6666666666666666,0.5,0.5,0.1,fixed,swap_segments,offspring,feasible_start_adaptive_spacing,,,,feasible_start_adaptive_spacing,0.5,,True,auto_from_instance,0.75,0.35,"1,3,4,6,8,9,11,13,14,15,16,18,19,21,22,23,27","3,7,9,12,13,16,18",,,,,,"H[1,3,4,6,7,8,9,11,13,14,15,16,18,19,21,22,23,25,27]|V[3,7,9,12,13,16,18]",4317ed1efabe31038ca0b969ea3e4e750cdf03f2
proposed_nsga2_bs_demo_layout_door_left_AW_2_seed_104,proposed_nsga2_bs,demo_layout_door_left_AW_2,104,9,auto_from_instance,10,15,3,28,150,,,,,3,1,12,root > V:13 > BH:13 > BV:7 > BV:3 > BV:7 > BV:3 > BH:23 > BH:19 > BH:15 > BH:11 > BH:6 > BV:18,selected,2,inf,True,260,197,63,39.0,1.0,1.0,True,True,1,1,0,True,3,1,0,0,True,True,0,17,7,17,7,1,LS_PF,sampled_pool,,,False,0.6666666666666666,0.5,0.5,0.1,fixed,swap_segments,offspring,feasible_start_adaptive_spacing,,,,feasible_start_adaptive_spacing,0.5,,True,auto_from_instance,0.75,0.35,"1,3,4,6,8,9,11,13,14,15,16,18,19,21,22,23,27","3,7,9,12,13,16,18",,,,,,"H[1,3,4,6,8,9,11,13,14,15,16,18,19,21,22,23,27]|V[3,7,9,12,13,16,18]",51e48cbb0b318e90e4cecb895faf9196760f014b
proposed_nsga2_bs_demo_layout_door_left_AW_2_seed_104,proposed_nsga2_bs,demo_layout_door_left_AW_2,104,9,auto_from_instance,10,15,3,28,150,,,,,4,2,12,root > V:12 > BH:13 > BV:7 > BV:7 > BV:3 > BV:3 > BH:23 > BH:19 > BH:15 > BH:11 > BH:3 > BH:7,selected,0,inf,True,250,214,36,36.0,1.0,1.0,True,True,1,1,0,True,3,1,0,0,True,True,0,14,8,14,8,2,LS_RP,sampled_pool,,,False,0.6666666666666666,0.5,0.5,0.1,fixed,break_symmetry,offspring,feasible_start_adaptive_spacing,,,,feasible_start_adaptive_spacing,0.5,,True,auto_from_instance,0.75,0.35,"1,3,5,6,7,9,10,11,13,15,19,21,23,25","4,5,7,9,12,16,18",,,,,,"H[1,3,5,6,7,9,10,11,13,15,19,21,23,25]|V[3,4,5,7,9,12,16,18]",eb03952090a874660b7fb214554a0aa56a73029e
proposed_nsga2_bs_demo_layout_door_left_AW_2_seed_104,proposed_nsga2_bs,demo_layout_door_left_AW_2,104,9,auto_from_instance,10,15,3,28,150,,,,,5,2,12,root > V:12 > BH:13 > BV:7 > BV:7 > BV:3 > BV:3 > BH:3 > BH:7 > BH:11 > BH:15 > BH:23 > BV:16,selected,2,inf,True,250,208,42,42.0,1.0,1.0,True,True,1,1,0,True,3,1,0,0,True,True,0,14,8,14,8,2,LS_RP,sampled_pool,,,False,0.6666666666666666,0.5,0.5,0.1,fixed,break_symmetry,offspring,feasible_start_adaptive_spacing,,,,feasible_start_adaptive_spacing,0.5,,True,auto_from_instance,0.75,0.35,"1,3,5,6,7,9,10,11,13,15,19,21,23,25","4,5,7,9,12,16,18",,,,,,"H[1,3,5,6,7,9,10,11,13,15,19,21,23,25]|V[3,4,5,7,9,12,16,18]",00a9d8d47000946aa25bf8cbdb36931d5b5d4b7d
proposed_nsga2_bs_demo_layout_door_left_AW_2_seed_104,proposed_nsga2_bs,demo_layout_door_left_AW_2,104,9,auto_from_instance,10,15,3,28,150,,,,,6,2,12,root > V:12 > BH:13 > BV:7 > BV:7 > BV:3 > BV:3 > BH:23 > BH:19 > BH:15 > BH:11 > BH:3 > BV:16,selected,2,inf,True,250,208,42,42.0,1.0,1.0,True,True,1,1,0,True,3,1,0,0,True,True,0,14,8,14,8,2,LS_RP,sampled_pool,,,False,0.6666666666666666,0.5,0.5,0.1,fixed,break_symmetry,offspring,feasible_start_adaptive_spacing,,,,feasible_start_adaptive_spacing,0.5,,True,auto_from_instance,0.75,0.35,"1,3,5,6,7,9,10,11,13,15,19,21,23,25","4,5,7,9,12,16,18",,,,,,"H[1,3,5,6,7,9,10,11,13,15,19,21,23,25]|V[3,4,5,7,9,12,16,18]",d0525a507710a5664c0df826d850c16891cba894
proposed_nsga2_bs_demo_layout_door_left_AW_2_seed_104,proposed_nsga2_bs,demo_layout_door_left_AW_2,104,9,auto_from_instance,10,15,3,28,150,,,,,7,5,12,root > V:12 > BH:13 > BV:7 > BV:3 > BV:7 > BV:3 > BH:23 > BH:19 > BH:15 > BH:11 > BH:7 > BV:16,selected,0,2.3685064935064934,True,250,214,36,36.0,1.0,1.0,True,True,1,1,0,True,3,1,0,0,True,True,0,17,6,17,6,5,PF,sampled_pool,,,False,0.6666666666666666,0.5,0.5,0.1,fixed,swap_segments,offspring,feasible_start_adaptive_spacing,,,,feasible_start_adaptive_spacing,0.5,,True,auto_from_instance,0.75,0.35,"1,3,5,6,7,8,9,10,14,15,16,18,19,21,23","3,5,7,12,16,18",,,,,,"H[1,3,5,6,7,8,9,10,11,13,14,15,16,18,19,21,23]|V[3,5,7,12,16,18]",0fdb9192f0d4acf2b6dd22b4a8e053ab5a7ed4a9
proposed_nsga2_bs_demo_layout_door_left_AW_2_seed_104,proposed_nsga2_bs,demo_layout_door_left_AW_2,104,9,auto_from_instance,10,15,3,28,150,,,,,8,5,12,root > V:12 > BH:13 > BV:7 > BV:3 > BV:7 > BV:3 > BH:23 > BH:19 > BH:15 > BH:11 > BH:6 > BV:16,selected,1,inf,True,252,211,41,41.0,1.0,1.0,True,True,1,1,0,True,3,1,0,0,True,True,0,17,6,17,6,5,PF,sampled_pool,,,False,0.6666666666666666,0.5,0.5,0.1,fixed,swap_segments,offspring,feasible_start_adaptive_spacing,,,,feasible_start_adaptive_spacing,0.5,,True,auto_from_instance,0.75,0.35,"1,3,5,6,7,8,9,10,14,15,16,18,19,21,23","3,5,7,12,16,18",,,,,,"H[1,3,5,6,7,8,9,10,11,13,14,15,16,18,19,21,23]|V[3,5,7,12,16,18]",1e51df56ad9655663d1175b2036f4a44cf7e7571
proposed_nsga2_bs_demo_layout_door_left_AW_2_seed_104,proposed_nsga2_bs,demo_layout_door_left_AW_2,104,9,auto_from_instance,10,15,3,28,150,,,,,9,6,8,root > V:16 > BH:13 > BV:12 > BV:12 > BV:7 > BV:3 > BV:7 > BV:3,selected,0,inf,True,266,216,50,50.0,1.0,1.0,True,True,1,1,0,True,3,1,0,0,True,True,0,14,11,14,11,6,LS,sampled_pool,,,False,0.6666666666666666,0.5,0.5,0.1,fixed,break_symmetry,offspring,feasible_start_adaptive_spacing,,,,feasible_start_adaptive_spacing,0.5,,True,auto_from_instance,0.75,0.35,"1,3,5,7,9,10,11,13,14,15,19,21,23,27","0,2,4,5,7,9,12,16,18,20",,,,,,"H[1,3,5,7,9,10,11,13,14,15,19,21,23,27]|V[0,2,3,4,5,7,9,12,16,18,20]",63c9c1384eb0d63f6756e5f6c6567bc893aa1bf9
proposed_nsga2_bs_demo_layout_door_left_AW_2_seed_104,proposed_nsga2_bs,demo_layout_door_left_AW_2,104,9,auto_from_instance,10,15,3,28,150,,,,,10,9,11,root > V:12 > BH:13 > BV:7 > BV:7 > BV:3 > BV:3 > BH:3 > BH:9 > BH:15 > BH:23 > BH:19,selected,3,inf,True,262,202,60,48.0,1.0,1.0,True,True,1,1,0,True,3,1,0,0,True,True,0,17,8,17,8,9,SS,sampled_pool,,,True,0.6666666666666666,0.5,0.5,0.1,fixed,bit_flip,offspring,feasible_start_adaptive_spacing,,,,feasible_start_adaptive_spacing,0.5,,True,auto_from_instance,0.75,0.35,"1,3,4,6,7,8,11,12,13,14,15,19,21,23,25,27","3,4,7,9,12,16,17,18",,,,,,"H[1,3,4,6,7,8,9,11,12,13,14,15,19,21,23,25,27]|V[3,4,7,9,12,16,17,18]",b1e3d56141dc971bf7df120e9cce33e5a479a65f
proposed_nsga2_bs_demo_layout_door_left_AW_2_seed_104,proposed_nsga2_bs,demo_layout_door_left_AW_2,104,9,auto_from_instance,10,15,3,28,150,,,,,11,9,11,root > V:12 > BH:13 > BV:7 > BV:7 > BV:3 > BV:3 > BH:23 > BH:17 > BH:9 > BH:3 > BH:13,evaluated,3,0.0,False,262,202,60,48.0,1.0,1.0,True,True,1,1,0,True,3,1,0,0,True,True,0,18,8,18,8,9,SS,sampled_pool,,,True,0.6666666666666666,0.5,0.5,0.1,fixed,bit_flip,offspring,feasible_start_adaptive_spacing,,,,feasible_start_adaptive_spacing,0.5,,True,auto_from_instance,0.75,0.35,"1,3,4,6,7,8,11,12,13,14,15,19,21,23,25,27","3,4,7,9,12,16,17,18",,,,,,"H[1,3,4,6,7,8,9,11,12,13,14,15,17,19,21,23,25,27]|V[3,4,7,9,12,16,17,18]",faa83a2f7bb9efd4c41fb7b3b81c003cec521a5c
proposed_nsga2_bs_demo_layout_door_left_AW_2_seed_104,proposed_nsga2_bs,demo_layout_door_left_AW_2,104,9,auto_from_instance,10,15,3,28,150,,,,,12,9,11,root > V:12 > BH:13 > BV:7 > BV:7 > BV:3 > BV:3 > BH:23 > BH:17 > BH:11 > BH:3 > BH:7,evaluated,3,inf,False,262,202,60,48.0,1.0,1.0,True,True,1,1,0,True,3,1,0,0,True,True,0,17,8,17,8,9,SS,sampled_pool,,,True,0.6666666666666666,0.5,0.5,0.1,fixed,bit_flip,offspring,feasible_start_adaptive_spacing,,,,feasible_start_adaptive_spacing,0.5,,True,auto_from_instance,0.75,0.35,"1,3,4,6,7,8,11,12,13,14,15,19,21,23,25,27","3,4,7,9,12,16,17,18",,,,,,"H[1,3,4,6,7,8,11,12,13,14,15,17,19,21,23,25,27]|V[3,4,7,9,12,16,17,18]",4d9823d39ac54567648600c413a3d532ee5a312b
proposed_nsga2_bs_demo_layout_door_left_AW_2_seed_104,proposed_nsga2_bs,demo_layout_door_left_AW_2,104,9,auto_from_instance,10,15,3,28,150,,,,,13,10,12,root > V:13 > BH:13 > BV:7 > BV:7 > BV:3 > BV:3 > BH:23 > BH:19 > BH:15 > BH:10 > BH:3 > BV:18,evaluated,3,inf,False,260,192,68,44.0,1.0,1.0,True,True,1,1,0,True,3,1,0,0,True,True,0,13,8,13,8,10,SS,sampled_pool,,,True,0.6666666666666666,0.5,0.5,0.1,fixed,bit_flip,offspring,feasible_start_adaptive_spacing,,,,feasible_start_adaptive_spacing,0.5,,True,auto_from_instance,0.75,0.35,"1,3,5,6,7,9,11,13,15,19,23,27","3,6,7,9,12,13,16,18",,,,,,"H[1,3,5,6,7,9,10,11,13,15,19,23,27]|V[3,6,7,9,12,13,16,18]",cb72675f37f3d41c60684d4f9a816bc359f151ad
proposed_nsga2_bs_demo_layout_door_left_AW_2_seed_104,proposed_nsga2_bs,demo_layout_door_left_AW_2,104,9,auto_from_instance,10,15,3,28,150,,,,,14,10,12,root > V:13 > BH:13 > BV:7 > BV:7 > BV:3 > BV:3 > BH:23 > BH:19 > BH:15 > BH:11 > BH:4 > BV:18,evaluated,4,inf,False,260,192,68,54.0,1.0,1.0,True,True,1,1,0,True,3,1,0,0,True,True,0,13,8,13,8,10,SS,sampled_pool,,,True,0.6666666666666666,0.5,0.5,0.1,fixed,bit_flip,offspring,feasible_start_adaptive_spacing,,,,feasible_start_adaptive_spacing,0.5,,True,auto_from_instance,0.75,0.35,"1,3,5,6,7,9,11,13,15,19,23,27","3,6,7,9,12,13,16,18",,,,,,"H[1,3,4,5,6,7,9,11,13,15,19,23,27]|V[3,6,7,9,12,13,16,18]",b774b9c9481df47bfb263bd77f05b2de4fc3b09c
proposed_nsga2_bs_demo_layout_door_left_AW_2_seed_104,proposed_nsga2_bs,demo_layout_door_left_AW_2,104,10,auto_from_instance,10,15,3,28,150,,,,,1,1,12,root > V:13 > BH:13 > BV:7 > BV:7 > BV:3 > BV:3 > BH:23 > BH:19 > BH:15 > BH:11 > BH:7 > BH:3,selected,0,inf,True,260,202,58,34.0,1.0,1.0,True,True,1,1,0,True,3,1,0,0,True,True,0,15,10,15,10,1,PF_SS_RP,sampled_pool,,,True,0.7333333333333333,0.5,0.5,0.1,fixed,bit_flip,offspring,feasible_start_adaptive_spacing,,,,feasible_start_adaptive_spacing,0.5,,True,auto_from_instance,0.75,0.35,"1,4,6,7,8,9,11,13,14,15,19,21,23,27","2,3,4,5,7,9,12,13,16,18",,,,,,"H[1,3,4,6,7,8,9,11,13,14,15,19,21,23,27]|V[2,3,4,5,7,9,12,13,16,18]",146759e3ef785e80ae78bd95708e7576b0df1241
proposed_nsga2_bs_demo_layout_door_left_AW_2_seed_104,proposed_nsga2_bs,demo_layout_door_left_AW_2,104,10,auto_from_instance,10,15,3,28,150,,,,,2,1,12,root > V:13 > BH:13 > BV:7 > BV:7 > BV:3 > BV:3 > BH:3 > BH:7 > BH:11 > BH:15 > BH:19 > BH:25,selected,1,inf,True,260,197,63,34.0,1.0,1.0,True,True,1,1,0,True,3,1,0,0,True,True,0,16,10,16,10,1,PF_SS_RP,sampled_pool,,,True,0.7333333333333333,0.5,0.5,0.1,fixed,bit_flip,offspring,feasible_start_adaptive_spacing,,,,feasible_start_adaptive_spacing,0.5,,True,auto_from_instance,0.75,0.35,"1,4,6,7,8,9,11,13,14,15,19,21,23,27","2,3,4,5,7,9,12,13,16,18",,,,,,"H[1,3,4,6,7,8,9,11,13,14,15,19,21,23,25,27]|V[2,3,4,5,7,9,12,13,16,18]",4317ed1efabe31038ca0b969ea3e4e750cdf03f2
proposed_nsga2_bs_demo_layout_door_left_AW_2_seed_104,proposed_nsga2_bs,demo_layout_door_left_AW_2,104,10,auto_from_instance,10,15,3,28,150,,,,,3,2,12,root > V:12 > BH:13 > BV:7 > BV:7 > BV:3 > BV:3 > BH:23 > BH:19 > BH:15 > BH:11 > BH:3 > BH:7,selected,0,inf,True,250,214,36,36.0,1.0,1.0,True,True,1,1,0,True,3,1,0,0,True,True,0,17,9,17,9,2,PF_SS_RP,sampled_pool,,,True,0.7333333333333333,0.5,0.5,0.1,fixed,insert_random_aisle,offspring,feasible_start_adaptive_spacing,,,,feasible_start_adaptive_spacing,0.5,,True,auto_from_instance,0.75,0.35,"1,3,5,7,9,10,11,13,14,15,16,18,19,21,22,23,27","0,3,7,9,12,15,16,18,20",,,,,,"H[1,3,5,7,9,10,11,13,14,15,16,18,19,21,22,23,27]|V[0,3,7,9,12,15,16,18,20]",eb03952090a874660b7fb214554a0aa56a73029e
proposed_nsga2_bs_demo_layout_door_left_AW_2_seed_104,proposed_nsga2_bs,demo_layout_door_left_AW_2,104,10,auto_from_instance,10,15,3,28,150,,,,,4,2,12,root > V:12 > BH:13 > BV:7 > BV:7 > BV:3 > BV:3 > BH:3 > BH:7 > BH:11 > BH:15 > BH:23 > BV:16,selected,2,inf,True,250,208,42,42.0,1.0,1.0,True,True,1,1,0,True,3,1,0,0,True,True,0,17,9,17,9,2,PF_SS_RP,sampled_pool,,,True,0.7333333333333333,0.5,0.5,0.1,fixed,insert_random_aisle,offspring,feasible_start_adaptive_spacing,,,,feasible_start_adaptive_spacing,0.5,,True,auto_from_instance,0.75,0.35,"1,3,5,7,9,10,11,13,14,15,16,18,19,21,22,23,27","0,3,7,9,12,15,16,18,20",,,,,,"H[1,3,5,7,9,10,11,13,14,15,16,18,19,21,22,23,27]|V[0,3,7,9,12,15,16,18,20]",00a9d8d47000946aa25bf8cbdb36931d5b5d4b7d
proposed_nsga2_bs_demo_layout_door_left_AW_2_seed_104,proposed_nsga2_bs,demo_layout_door_left_AW_2,104,10,auto_from_instance,10,15,3,28,150,,,,,5,2,12,root > V:12 > BH:13 > BV:7 > BV:7 > BV:3 > BV:3 > BH:23 > BH:19 > BH:15 > BH:11 > BH:3 > BV:16,selected,2,inf,True,250,208,42,42.0,1.0,1.0,True,True,1,1,0,True,3,1,0,0,True,True,0,17,9,17,9,2,PF_SS_RP,sampled_pool,,,True,0.7333333333333333,0.5,0.5,0.1,fixed,insert_random_aisle,offspring,feasible_start_adaptive_spacing,,,,feasible_start_adaptive_spacing,0.5,,True,auto_from_instance,0.75,0.35,"1,3,5,7,9,10,11,13,14,15,16,18,19,21,22,23,27","0,3,7,9,12,15,16,18,20",,,,,,"H[1,3,5,7,9,10,11,13,14,15,16,18,19,21,22,23,27]|V[0,3,7,9,12,15,16,18,20]",d0525a507710a5664c0df826d850c16891cba894
proposed_nsga2_bs_demo_layout_door_left_AW_2_seed_104,proposed_nsga2_bs,demo_layout_door_left_AW_2,104,10,auto_from_instance,10,15,3,28,150,,,,,6,3,11,root > V:12 > BH:13 > BV:7 > BV:7 > BV:3 > BV:3 > BH:3 > BH:9 > BH:15 > BH:23 > BH:19,selected,3,inf,True,262,202,60,48.0,1.0,1.0,True,True,1,1,0,True,3,1,0,0,True,True,0,17,5,17,5,3,SS,sampled_pool,,,True,0.7333333333333333,0.5,0.5,0.1,fixed,bit_flip,offspring,feasible_start_adaptive_spacing,,,,feasible_start_adaptive_spacing,0.5,,True,auto_from_instance,0.75,0.35,"1,3,5,6,7,8,9,10,11,13,14,15,16,18,19,21,23","3,5,7,12,18",,,,,,"H[1,3,5,6,7,8,9,10,11,13,14,15,16,18,19,21,23]|V[3,5,7,12,18]",b1e3d56141dc971bf7df120e9cce33e5a479a65f
proposed_nsga2_bs_demo_layout_door_left_AW_2_seed_104,proposed_nsga2_bs,demo_layout_door_left_AW_2,104,10,auto_from_instance,10,15,3,28,150,,,,,7,3,11,root > V:12 > BH:13 > BV:7 > BV:7 > BV:3 > BV:3 > BH:23 > BH:17 > BH:9 > BH:3 > BH:13,evaluated,3,0.0,False,262,202,60,48.0,1.0,1.0,True,True,1,1,0,True,3,1,0,0,True,True,0,18,5,18,5,3,SS,sampled_pool,,,True,0.7333333333333333,0.5,0.5,0.1,fixed,bit_flip,offspring,feasible_start_adaptive_spacing,,,,feasible_start_adaptive_spacing,0.5,,True,auto_from_instance,0.75,0.35,"1,3,5,6,7,8,9,10,11,13,14,15,16,18,19,21,23","3,5,7,12,18",,,,,,"H[1,3,5,6,7,8,9,10,11,13,14,15,16,17,18,19,21,23]|V[3,5,7,12,18]",faa83a2f7bb9efd4c41fb7b3b81c003cec521a5c
proposed_nsga2_bs_demo_layout_door_left_AW_2_seed_104,proposed_nsga2_bs,demo_layout_door_left_AW_2,104,10,auto_from_instance,10,15,3,28,150,,,,,8,3,11,root > V:12 > BH:13 > BV:7 > BV:7 > BV:3 > BV:3 > BH:23 > BH:17 > BH:11 > BH:3 > BH:7,selected,3,inf,True,262,202,60,48.0,1.0,1.0,True,True,1,1,0,True,3,1,0,0,True,True,0,18,5,18,5,3,SS,sampled_pool,,,True,0.7333333333333333,0.5,0.5,0.1,fixed,bit_flip,offspring,feasible_start_adaptive_spacing,,,,feasible_start_adaptive_spacing,0.5,,True,auto_from_instance,0.75,0.35,"1,3,5,6,7,8,9,10,11,13,14,15,16,18,19,21,23","3,5,7,12,18",,,,,,"H[1,3,5,6,7,8,9,10,11,13,14,15,16,17,18,19,21,23]|V[3,5,7,12,18]",4d9823d39ac54567648600c413a3d532ee5a312b
proposed_nsga2_bs_demo_layout_door_left_AW_2_seed_104,proposed_nsga2_bs,demo_layout_door_left_AW_2,104,10,auto_from_instance,10,15,3,28,150,,,,,9,6,12,root > V:13 > BH:13 > BV:7 > BV:7 > BH:4 > BH:11 > BH:18 > BH:23 > BV:3 > BV:3 > BV:18 > BV:18,evaluated,4,inf,False,260,182,78,64.0,1.0,1.0,True,True,1,1,0,True,3,1,0,0,True,True,0,18,12,18,12,6,RP,sampled_pool,,,False,0.7333333333333333,0.5,0.5,0.1,fixed,break_symmetry,offspring,feasible_start_adaptive_spacing,,,,feasible_start_adaptive_spacing,0.5,,True,auto_from_instance,0.75,0.35,"1,3,5,8,9,10,11,13,14,15,16,18,19,21,22,23,27","0,2,3,4,5,7,9,12,13,16,18,20",,,,,,"H[1,3,4,5,8,9,10,11,13,14,15,16,18,19,21,22,23,27]|V[0,2,3,4,5,7,9,12,13,16,18,20]",57fd8590a61771e01e2c54ca649525ee9931aa30
proposed_nsga2_bs_demo_layout_door_left_AW_2_seed_104,proposed_nsga2_bs,demo_layout_door_left_AW_2,104,10,auto_from_instance,10,15,3,28,150,,,,,10,6,12,root > V:13 > BH:13 > BV:7 > BV:7 > BH:22 > BH:15 > BH:8 > BH:3 > BV:3 > BV:3 > BV:18 > BV:18,evaluated,4,inf,False,260,182,78,64.0,1.0,1.0,True,True,1,1,0,True,3,1,0,0,True,True,0,17,12,17,12,6,RP,sampled_pool,,,False,0.7333333333333333,0.5,0.5,0.1,fixed,break_symmetry,offspring,feasible_start_adaptive_spacing,,,,feasible_start_adaptive_spacing,0.5,,True,auto_from_instance,0.75,0.35,"1,3,5,8,9,10,11,13,14,15,16,18,19,21,22,23,27","0,2,3,4,5,7,9,12,13,16,18,20",,,,,,"H[1,3,5,8,9,10,11,13,14,15,16,18,19,21,22,23,27]|V[0,2,3,4,5,7,9,12,13,16,18,20]",80cfb0efa6f9ad16c96fad6ab54ea16f8ecefb75
proposed_nsga2_bs_demo_layout_door_left_AW_2_seed_104,proposed_nsga2_bs,demo_layout_door_left_AW_2,104,10,auto_from_instance,10,15,3,28,150,,,,,11,7,12,root > V:13 > BH:13 > BV:7 > BV:3 > BV:7 > BV:3 > BH:23 > BH:19 > BH:15 > BH:11 > BH:6 > BV:18,selected,2,inf,True,260,197,63,39.0,1.0,1.0,True,True,1,1,0,True,3,1,0,0,True,True,0,19,10,19,10,7,PF_LS,sampled_pool,,,False,0.7333333333333333,0.5,0.5,0.1,fixed,spacing_aware_flip,offspring,feasible_start_adaptive_spacing,,,,feasible_start_adaptive_spacing,0.5,,True,auto_from_instance,0.75,0.35,"1,3,5,6,7,9,10,11,13,14,15,16,18,19,21,22,23,25,27","0,3,4,5,7,9,12,13,16,18",,,,,,"H[1,3,5,6,7,9,10,11,13,14,15,16,18,19,21,22,23,25,27]|V[0,3,4,5,7,9,12,13,16,18]",51e48cbb0b318e90e4cecb895faf9196760f014b
proposed_nsga2_bs_demo_layout_door_left_AW_2_seed_104,proposed_nsga2_bs,demo_layout_door_left_AW_2,104,10,auto_from_instance,10,15,3,28,150,,,,,12,8,12,root > V:12 > BH:13 > BV:7 > BV:3 > BV:7 > BV:3 > BH:23 > BH:19 > BH:15 > BH:11 > BH:7 > BV:16,selected,0,inf,True,250,214,36,36.0,1.0,1.0,True,True,1,1,0,True,3,1,0,0,True,True,0,13,6,13,6,8,LS_PF,sampled_pool,,,False,0.7333333333333333,0.5,0.5,0.1,fixed,remove_random_aisle,offspring,feasible_start_adaptive_spacing,,,,feasible_start_adaptive_spacing,0.5,,True,auto_from_instance,0.75,0.35,"1,3,4,6,7,8,9,11,13,15,19,23,25","3,7,9,12,16,18",,,,,,"H[1,3,4,6,7,8,9,11,13,15,19,23,25]|V[3,7,9,12,16,18]",0fdb9192f0d4acf2b6dd22b4a8e053ab5a7ed4a9
proposed_nsga2_bs_demo_layout_door_left_AW_2_seed_104,proposed_nsga2_bs,demo_layout_door_left_AW_2,104,10,auto_from_instance,10,15,3,28,150,,,,,13,8,12,root > V:12 > BH:13 > BV:7 > BV:3 > BV:7 > BV:3 > BH:23 > BH:19 > BH:15 > BH:11 > BH:6 > BV:16,selected,1,inf,True,252,211,41,41.0,1.0,1.0,True,True,1,1,0,True,3,1,0,0,True,True,0,13,6,13,6,8,LS_PF,sampled_pool,,,False,0.7333333333333333,0.5,0.5,0.1,fixed,remove_random_aisle,offspring,feasible_start_adaptive_spacing,,,,feasible_start_adaptive_spacing,0.5,,True,auto_from_instance,0.75,0.35,"1,3,4,6,7,8,9,11,13,15,19,23,25","3,7,9,12,16,18",,,,,,"H[1,3,4,6,7,8,9,11,13,15,19,23,25]|V[3,7,9,12,16,18]",1e51df56ad9655663d1175b2036f4a44cf7e7571
proposed_nsga2_bs_demo_layout_door_left_AW_2_seed_104,proposed_nsga2_bs,demo_layout_door_left_AW_2,104,11,auto_from_instance,10,15,3,28,150,,,,,1,1,12,root > V:12 > BH:13 > BV:7 > BV:7 > BH:22 > BH:14 > BH:6 > BV:16 > BV:3 > BV:3 > BH:18 > BH:10,selected,1,inf,True,252,211,41,53.0,1.0,1.0,True,True,1,1,0,True,3,1,0,0,True,True,0,18,9,18,9,1,RP_LS,sampled_pool,,,False,0.8,0.5,0.5,0.1,fixed,bit_flip,offspring,feasible_start_adaptive_spacing,,,,feasible_start_adaptive_spacing,0.5,,True,auto_from_instance,0.75,0.35,"1,3,5,6,7,8,9,10,11,13,15,19,21,22,23,27","0,3,7,9,12,15,16,18,20",,,,,,"H[1,3,5,6,7,8,9,10,11,13,14,15,18,19,21,22,23,27]|V[0,3,7,9,12,15,16,18,20]",cde7e02f65ba0f4bfa087937e60f3ffbcdd2593f
proposed_nsga2_bs_demo_layout_door_left_AW_2_seed_104,proposed_nsga2_bs,demo_layout_door_left_AW_2,104,11,auto_from_instance,10,15,3,28,150,,,,,2,1,12,root > V:12 > BH:13 > BV:7 > BV:7 > BH:22 > BH:14 > BH:6 > BV:16 > BV:3 > BV:3 > BH:10 > BV:16,selected,2,inf,True,252,205,47,59.0,1.0,1.0,True,True,1,1,0,True,3,1,0,0,True,True,0,17,9,17,9,1,RP_LS,sampled_pool,,,False,0.8,0.5,0.5,0.1,fixed,bit_flip,offspring,feasible_start_adaptive_spacing,,,,feasible_start_adaptive_spacing,0.5,,True,auto_from_instance,0.75,0.35,"1,3,5,6,7,8,9,10,11,13,15,19,21,22,23,27","0,3,7,9,12,15,16,18,20",,,,,,"H[1,3,5,6,7,8,9,10,11,13,14,15,19,21,22,23,27]|V[0,3,7,9,12,15,16,18,20]",ab31b9ee804bbbf9b9577ac402d3df32d5242d59
proposed_nsga2_bs_demo_layout_door_left_AW_2_seed_104,proposed_nsga2_bs,demo_layout_door_left_AW_2,104,11,auto_from_instance,10,15,3,28,150,,,,,3,1,12,root > V:12 > BH:13 > BV:7 > BV:7 > BH:22 > BH:14 > BH:6 > BV:16 > BV:3 > BV:3 > BH:18 > BV:16,selected,2,inf,True,252,205,47,59.0,1.0,1.0,True,True,1,1,0,True,3,1,0,0,True,True,0,18,9,18,9,1,RP_LS,sampled_pool,,,False,0.8,0.5,0.5,0.1,fixed,bit_flip,offspring,feasible_start_adaptive_spacing,,,,feasible_start_adaptive_spacing,0.5,,True,auto_from_instance,0.75,0.35,"1,3,5,6,7,8,9,10,11,13,15,19,21,22,23,27","0,3,7,9,12,15,16,18,20",,,,,,"H[1,3,5,6,7,8,9,10,11,13,14,15,18,19,21,22,23,27]|V[0,3,7,9,12,15,16,18,20]",7ddefe84595053a41131cfd89ef85cec0712a59e
proposed_nsga2_bs_demo_layout_door_left_AW_2_seed_104,proposed_nsga2_bs,demo_layout_door_left_AW_2,104,11,auto_from_instance,10,15,3,28,150,,,,,4,2,12,root > V:12 > BH:13 > BV:7 > BV:7 > BV:3 > BV:3 > BH:23 > BH:19 > BH:15 > BH:11 > BH:3 > BH:7,selected,0,inf,True,250,214,36,36.0,1.0,1.0,True,True,1,1,0,True,3,1,0,0,True,True,0,15,6,15,6,2,PF_SS,sampled_pool,,,True,0.8,0.5,0.5,0.1,fixed,break_symmetry,offspring,feasible_start_adaptive_spacing,,,,feasible_start_adaptive_spacing,0.5,,True,auto_from_instance,0.75,0.35,"1,3,4,7,9,10,11,13,14,15,16,17,19,23,25","3,7,9,12,16,18",,,,,,"H[1,3,4,7,9,10,11,13,14,15,16,17,19,23,25]|V[3,7,9,12,16,18]",eb03952090a874660b7fb214554a0aa56a73029e
proposed_nsga2_bs_demo_layout_door_left_AW_2_seed_104,proposed_nsga2_bs,demo_layout_door_left_AW_2,104,11,auto_from_instance,10,15,3,28,150,,,,,5,2,12,root > V:12 > BH:13 > BV:7 > BV:7 > BV:3 > BV:3 > BH:3 > BH:7 > BH:11 > BH:15 > BH:23 > BV:16,selected,1,0.6807928913192071,True,250,208,42,42.0,1.0,1.0,True,True,1,1,0,True,3,1,0,0,True,True,0,15,6,15,6,2,PF_SS,sampled_pool,,,True,0.8,0.5,0.5,0.1,fixed,break_symmetry,offspring,feasible_start_adaptive_spacing,,,,feasible_start_adaptive_spacing,0.5,,True,auto_from_instance,0.75,0.35,"1,3,4,7,9,10,11,13,14,15,16,17,19,23,25","3,7,9,12,16,18",,,,,,"H[1,3,4,7,9,10,11,13,14,15,16,17,19,23,25]|V[3,7,9,12,16,18]",00a9d8d47000946aa25bf8cbdb36931d5b5d4b7d
proposed_nsga2_bs_demo_layout_door_left_AW_2_seed_104,proposed_nsga2_bs,demo_layout_door_left_AW_2,104,11,auto_from_instance,10,15,3,28,150,,,,,6,2,12,root > V:12 > BH:13 > BV:7 > BV:7 > BV:3 > BV:3 > BH:23 > BH:19 > BH:15 > BH:11 > BH:3 > BV:16,selected,1,2.319207108680793,True,250,208,42,42.0,1.0,1.0,True,True,1,1,0,True,3,1,0,0,True,True,0,15,6,15,6,2,PF_SS,sampled_pool,,,True,0.8,0.5,0.5,0.1,fixed,break_symmetry,offspring,feasible_start_adaptive_spacing,,,,feasible_start_adaptive_spacing,0.5,,True,auto_from_instance,0.75,0.35,"1,3,4,7,9,10,11,13,14,15,16,17,19,23,25","3,7,9,12,16,18",,,,,,"H[1,3,4,7,9,10,11,13,14,15,16,17,19,23,25]|V[3,7,9,12,16,18]",d0525a507710a5664c0df826d850c16891cba894
proposed_nsga2_bs_demo_layout_door_left_AW_2_seed_104,proposed_nsga2_bs,demo_layout_door_left_AW_2,104,11,auto_from_instance,10,15,3,28,150,,,,,7,3,12,root > V:13 > BH:13 > BV:7 > BV:7 > BV:3 > BV:3 > BH:23 > BH:19 > BH:15 > BH:11 > BH:7 > BH:3,selected,0,inf,True,260,202,58,34.0,1.0,1.0,True,True,1,1,0,True,3,1,0,0,True,True,0,12,7,12,7,3,PF_SS,sampled_pool,,,True,0.8,0.5,0.5,0.1,fixed,remove_random_aisle,offspring,feasible_start_adaptive_spacing,,,,feasible_start_adaptive_spacing,0.5,,True,auto_from_instance,0.75,0.35,"1,3,4,6,7,9,11,13,15,19,23,25","3,7,9,12,13,16,18",,,,,,"H[1,3,4,6,7,9,11,13,15,19,23,25]|V[3,7,9,12,13,16,18]",146759e3ef785e80ae78bd95708e7576b0df1241
proposed_nsga2_bs_demo_layout_door_left_AW_2_seed_104,proposed_nsga2_bs,demo_layout_door_left_AW_2,104,11,auto_from_instance,10,15,3,28,150,,,,,8,3,12,root > V:13 > BH:13 > BV:7 > BV:7 > BV:3 > BV:3 > BH:3 > BH:7 > BH:11 > BH:15 > BH:19 > BH:25,selected,1,inf,True,260,197,63,34.0,1.0,1.0,True,True,1,1,0,True,3,1,0,0,True,True,0,12,7,12,7,3,PF_SS,sampled_pool,,,True,0.8,0.5,0.5,0.1,fixed,remove_random_aisle,offspring,feasible_start_adaptive_spacing,,,,feasible_start_adaptive_spacing,0.5,,True,auto_from_instance,0.75,0.35,"1,3,4,6,7,9,11,13,15,19,23,25","3,7,9,12,13,16,18",,,,,,"H[1,3,4,6,7,9,11,13,15,19,23,25]|V[3,7,9,12,13,16,18]",4317ed1efabe31038ca0b969ea3e4e750cdf03f2
proposed_nsga2_bs_demo_layout_door_left_AW_2_seed_104,proposed_nsga2_bs,demo_layout_door_left_AW_2,104,11,auto_from_instance,10,15,3,28,150,,,,,9,4,11,root > V:12 > BH:13 > BV:7 > BV:7 > BV:3 > BV:3 > BH:3 > BH:9 > BH:15 > BH:23 > BH:19,selected,2,1.6375,True,262,202,60,48.0,1.0,1.0,True,True,1,1,0,True,3,1,0,0,True,True,0,15,10,15,10,4,SS_PF_LS,sampled_pool,,,True,0.8,0.5,0.5,0.1,fixed,bit_flip,offspring,feasible_start_adaptive_spacing,,,,feasible_start_adaptive_spacing,0.5,,True,auto_from_instance,0.75,0.35,"1,3,4,6,7,8,9,11,13,14,15,19,21,23,27","2,3,4,5,7,9,12,16,18,19",,,,,,"H[1,3,4,6,7,8,9,11,13,14,15,19,21,23,27]|V[2,3,4,5,7,9,12,16,18,19]",b1e3d56141dc971bf7df120e9cce33e5a479a65f
proposed_nsga2_bs_demo_layout_door_left_AW_2_seed_104,proposed_nsga2_bs,demo_layout_door_left_AW_2,104,11,auto_from_instance,10,15,3,28,150,,,,,10,4,11,root > V:12 > BH:13 > BV:7 > BV:7 > BV:3 > BV:3 > BH:23 > BH:17 > BH:9 > BH:3 > BH:13,evaluated,2,0.0,False,262,202,60,48.0,1.0,1.0,True,True,1,1,0,True,3,1,0,0,True,True,0,16,10,16,10,4,SS_PF_LS,sampled_pool,,,True,0.8,0.5,0.5,0.1,fixed,bit_flip,offspring,feasible_start_adaptive_spacing,,,,feasible_start_adaptive_spacing,0.5,,True,auto_from_instance,0.75,0.35,"1,3,4,6,7,8,9,11,13,14,15,19,21,23,27","2,3,4,5,7,9,12,16,18,19",,,,,,"H[1,3,4,6,7,8,9,11,13,14,15,17,19,21,23,27]|V[2,3,4,5,7,9,12,16,18,19]",faa83a2f7bb9efd4c41fb7b3b81c003cec521a5c
proposed_nsga2_bs_demo_layout_door_left_AW_2_seed_104,proposed_nsga2_bs,demo_layout_door_left_AW_2,104,11,auto_from_instance,10,15,3,28,150,,,,,11,4,11,root > V:12 > BH:13 > BV:7 > BV:7 > BV:3 > BV:3 > BH:23 > BH:17 > BH:11 > BH:3 > BH:7,evaluated,2,1.3625,False,262,202,60,48.0,1.0,1.0,True,True,1,1,0,True,3,1,0,0,True,True,0,16,10,16,10,4,SS_PF_LS,sampled_pool,,,True,0.8,0.5,0.5,0.1,fixed,bit_flip,offspring,feasible_start_adaptive_spacing,,,,feasible_start_adaptive_spacing,0.5,,True,auto_from_instance,0.75,0.35,"1,3,4,6,7,8,9,11,13,14,15,19,21,23,27","2,3,4,5,7,9,12,16,18,19",,,,,,"H[1,3,4,6,7,8,9,11,13,14,15,17,19,21,23,27]|V[2,3,4,5,7,9,12,16,18,19]",4d9823d39ac54567648600c413a3d532ee5a312b
proposed_nsga2_bs_demo_layout_door_left_AW_2_seed_104,proposed_nsga2_bs,demo_layout_door_left_AW_2,104,11,auto_from_instance,10,15,3,28,150,,,,,12,5,12,root > V:13 > BH:13 > BV:7 > BV:7 > BV:3 > BV:3 > BH:23 > BH:19 > BH:15 > BH:10 > BH:3 > BV:18,evaluated,3,inf,False,260,192,68,44.0,1.0,1.0,True,True,1,1,0,True,3,1,0,0,True,True,0,17,10,17,10,5,SS_LS_PF,sampled_pool,,,True,0.8,0.5,0.5,0.1,fixed,break_symmetry,offspring,feasible_start_adaptive_spacing,,,,feasible_start_adaptive_spacing,0.5,,True,auto_from_instance,0.75,0.35,"1,3,4,6,7,8,9,12,13,14,15,19,21,23,25,27","2,3,4,5,7,9,12,13,16,18",,,,,,"H[1,3,4,6,7,8,9,10,12,13,14,15,19,21,23,25,27]|V[2,3,4,5,7,9,12,13,16,18]",cb72675f37f3d41c60684d4f9a816bc359f151ad
proposed_nsga2_bs_demo_layout_door_left_AW_2_seed_104,proposed_nsga2_bs,demo_layout_door_left_AW_2,104,11,auto_from_instance,10,15,3,28,150,,,,,13,5,12,root > V:13 > BH:13 > BV:7 > BV:7 > BV:3 > BV:3 > BH:23 > BH:19 > BH:15 > BH:11 > BH:4 > BV:18,evaluated,4,inf,False,260,192,68,54.0,1.0,1.0,True,True,1,1,0,True,3,1,0,0,True,True,0,17,10,17,10,5,SS_LS_PF,sampled_pool,,,True,0.8,0.5,0.5,0.1,fixed,break_symmetry,offspring,feasible_start_adaptive_spacing,,,,feasible_start_adaptive_spacing,0.5,,True,auto_from_instance,0.75,0.35,"1,3,4,6,7,8,9,12,13,14,15,19,21,23,25,27","2,3,4,5,7,9,12,13,16,18",,,,,,"H[1,3,4,6,7,8,9,11,12,13,14,15,19,21,23,25,27]|V[2,3,4,5,7,9,12,13,16,18]",b774b9c9481df47bfb263bd77f05b2de4fc3b09c
proposed_nsga2_bs_demo_layout_door_left_AW_2_seed_104,proposed_nsga2_bs,demo_layout_door_left_AW_2,104,11,auto_from_instance,10,15,3,28,150,,,,,14,8,12,root > V:13 > BH:13 > BV:7 > BV:3 > BV:7 > BV:3 > BH:23 > BH:19 > BH:15 > BH:11 > BH:6 > BV:18,selected,2,inf,True,260,197,63,39.0,1.0,1.0,True,True,1,1,0,True,3,1,0,0,True,True,0,15,11,15,11,8,LS_PF,sampled_pool,,,False,0.8,0.5,0.5,0.1,fixed,insert_random_aisle,offspring,feasible_start_adaptive_spacing,,,,feasible_start_adaptive_spacing,0.5,,True,auto_from_instance,0.75,0.35,"1,3,4,6,7,8,9,11,13,14,15,19,21,23,27","2,3,4,5,7,8,9,12,13,16,18",,,,,,"H[1,3,4,6,7,8,9,11,13,14,15,19,21,23,27]|V[2,3,4,5,7,8,9,12,13,16,18]",51e48cbb0b318e90e4cecb895faf9196760f014b
proposed_nsga2_bs_demo_layout_door_left_AW_2_seed_104,proposed_nsga2_bs,demo_layout_door_left_AW_2,104,12,auto_from_instance,10,15,3,28,150,,,,,1,1,12,root > V:13 > BH:13 > BV:7 > BV:7 > BH:4 > BH:11 > BH:18 > BH:23 > BV:3 > BV:3 > BV:18 > BV:18,selected,3,inf,True,260,182,78,64.0,1.0,1.0,True,True,1,1,0,True,3,1,0,0,True,True,0,16,7,16,7,1,RP,sampled_pool,,,False,0.8666666666666667,0.5,0.5,0.1,fixed,break_symmetry,offspring,feasible_start_adaptive_spacing,,,,feasible_start_adaptive_spacing,0.5,,True,auto_from_instance,0.75,0.35,"1,3,4,7,9,10,11,13,14,15,16,17,20,23,25","3,7,9,12,13,16,18",,,,,,"H[1,3,4,7,9,10,11,13,14,15,16,17,18,20,23,25]|V[3,7,9,12,13,16,18]",57fd8590a61771e01e2c54ca649525ee9931aa30
proposed_nsga2_bs_demo_layout_door_left_AW_2_seed_104,proposed_nsga2_bs,demo_layout_door_left_AW_2,104,12,auto_from_instance,10,15,3,28,150,,,,,2,1,12,root > V:13 > BH:13 > BV:7 > BV:7 > BH:22 > BH:15 > BH:8 > BH:3 > BV:3 > BV:3 > BV:18 > BV:18,evaluated,3,inf,False,260,182,78,64.0,1.0,1.0,True,True,1,1,0,True,3,1,0,0,True,True,0,17,7,17,7,1,RP,sampled_pool,,,False,0.8666666666666667,0.5,0.5,0.1,fixed,break_symmetry,offspring,feasible_start_adaptive_spacing,,,,feasible_start_adaptive_spacing,0.5,,True,auto_from_instance,0.75,0.35,"1,3,4,7,9,10,11,13,14,15,16,17,20,23,25","3,7,9,12,13,16,18",,,,,,"H[1,3,4,7,8,9,10,11,13,14,15,16,17,20,22,23,25]|V[3,7,9,12,13,16,18]",80cfb0efa6f9ad16c96fad6ab54ea16f8ecefb75
proposed_nsga2_bs_demo_layout_door_left_AW_2_seed_104,proposed_nsga2_bs,demo_layout_door_left_AW_2,104,12,auto_from_instance,10,15,3,28,150,,,,,3,2,8,root > V:16 > BH:13 > BV:7 > BV:7 > BV:12 > BV:12 > BV:3 > BV:3,selected,0,inf,True,266,216,50,50.0,1.0,1.0,True,True,1,1,0,True,3,1,0,0,True,True,0,12,6,12,6,2,LS_SS,sampled_pool,,,True,0.8666666666666667,0.5,0.5,0.1,fixed,remove_random_aisle,offspring,feasible_start_adaptive_spacing,,,,feasible_start_adaptive_spacing,0.5,,True,auto_from_instance,0.75,0.35,"1,3,4,6,7,9,11,13,15,19,23,25","3,7,9,16,18",,,,,,"H[1,3,4,6,7,9,11,13,15,19,23,25]|V[3,7,9,12,16,18]",63c9c1384eb0d63f6756e5f6c6567bc893aa1bf9
proposed_nsga2_bs_demo_layout_door_left_AW_2_seed_104,proposed_nsga2_bs,demo_layout_door_left_AW_2,104,12,auto_from_instance,10,15,3,28,150,,,,,4,3,12,root > V:12 > BH:13 > BV:7 > BV:7 > BV:3 > BV:3 > BH:23 > BH:19 > BH:15 > BH:11 > BH:3 > BH:7,selected,0,inf,True,250,214,36,36.0,1.0,1.0,True,True,1,1,0,True,3,1,0,0,True,True,0,16,6,16,6,3,PF_SS,sampled_pool,,,True,0.8666666666666667,0.5,0.5,0.1,fixed,break_symmetry,offspring,feasible_start_adaptive_spacing,,,,feasible_start_adaptive_spacing,0.5,,True,auto_from_instance,0.75,0.35,"1,3,4,6,7,9,11,13,14,15,16,17,18,23,25","3,7,9,12,16,18",,,,,,"H[1,3,4,6,7,9,11,13,14,15,16,17,18,19,23,25]|V[3,7,9,12,16,18]",eb03952090a874660b7fb214554a0aa56a73029e
proposed_nsga2_bs_demo_layout_door_left_AW_2_seed_104,proposed_nsga2_bs,demo_layout_door_left_AW_2,104,12,auto_from_instance,10,15,3,28,150,,,,,5,3,12,root > V:12 > BH:13 > BV:7 > BV:7 > BV:3 > BV:3 > BH:3 > BH:7 > BH:11 > BH:15 > BH:23 > BV:16,selected,1,inf,True,250,208,42,42.0,1.0,1.0,True,True,1,1,0,True,3,1,0,0,True,True,0,15,6,15,6,3,PF_SS,sampled_pool,,,True,0.8666666666666667,0.5,0.5,0.1,fixed,break_symmetry,offspring,feasible_start_adaptive_spacing,,,,feasible_start_adaptive_spacing,0.5,,True,auto_from_instance,0.75,0.35,"1,3,4,6,7,9,11,13,14,15,16,17,18,23,25","3,7,9,12,16,18",,,,,,"H[1,3,4,6,7,9,11,13,14,15,16,17,18,23,25]|V[3,7,9,12,16,18]",00a9d8d47000946aa25bf8cbdb36931d5b5d4b7d
proposed_nsga2_bs_demo_layout_door_left_AW_2_seed_104,proposed_nsga2_bs,demo_layout_door_left_AW_2,104,12,auto_from_instance,10,15,3,28,150,,,,,6,3,12,root > V:12 > BH:13 > BV:7 > BV:7 > BV:3 > BV:3 > BH:23 > BH:19 > BH:15 > BH:11 > BH:3 > BV:16,selected,1,inf,True,250,208,42,42.0,1.0,1.0,True,True,1,1,0,True,3,1,0,0,True,True,0,16,6,16,6,3,PF_SS,sampled_pool,,,True,0.8666666666666667,0.5,0.5,0.1,fixed,break_symmetry,offspring,feasible_start_adaptive_spacing,,,,feasible_start_adaptive_spacing,0.5,,True,auto_from_instance,0.75,0.35,"1,3,4,6,7,9,11,13,14,15,16,17,18,23,25","3,7,9,12,16,18",,,,,,"H[1,3,4,6,7,9,11,13,14,15,16,17,18,19,23,25]|V[3,7,9,12,16,18]",d0525a507710a5664c0df826d850c16891cba894
proposed_nsga2_bs_demo_layout_door_left_AW_2_seed_104,proposed_nsga2_bs,demo_layout_door_left_AW_2,104,12,auto_from_instance,10,15,3,28,150,,,,,7,4,12,root > V:13 > BH:13 > BV:7 > BV:7 > BV:3 > BV:3 > BH:23 > BH:19 > BH:15 > BH:11 > BH:7 > BH:3,selected,0,inf,True,260,202,58,34.0,1.0,1.0,True,True,1,1,0,True,3,1,0,0,True,True,0,12,7,12,7,4,PF_RP,sampled_pool,,,False,0.8666666666666667,0.5,0.5,0.1,fixed,break_symmetry,offspring,feasible_start_adaptive_spacing,,,,feasible_start_adaptive_spacing,0.5,,True,auto_from_instance,0.75,0.35,"1,3,4,7,9,10,11,13,15,19,23,25","3,7,9,12,13,17,18",,,,,,"H[1,3,4,7,9,10,11,13,15,19,23,25]|V[3,7,9,12,13,17,18]",146759e3ef785e80ae78bd95708e7576b0df1241
proposed_nsga2_bs_demo_layout_door_left_AW_2_seed_104,proposed_nsga2_bs,demo_layout_door_left_AW_2,104,12,auto_from_instance,10,15,3,28,150,,,,,8,4,12,root > V:13 > BH:13 > BV:7 > BV:7 > BV:3 > BV:3 > BH:3 > BH:7 > BH:11 > BH:15 > BH:19 > BH:25,selected,1,inf,True,260,197,63,34.0,1.0,1.0,True,True,1,1,0,True,3,1,0,0,True,True,0,12,7,12,7,4,PF_RP,sampled_pool,,,False,0.8666666666666667,0.5,0.5,0.1,fixed,break_symmetry,offspring,feasible_start_adaptive_spacing,,,,feasible_start_adaptive_spacing,0.5,,True,auto_from_instance,0.75,0.35,"1,3,4,7,9,10,11,13,15,19,23,25","3,7,9,12,13,17,18",,,,,,"H[1,3,4,7,9,10,11,13,15,19,23,25]|V[3,7,9,12,13,17,18]",4317ed1efabe31038ca0b969ea3e4e750cdf03f2
proposed_nsga2_bs_demo_layout_door_left_AW_2_seed_104,proposed_nsga2_bs,demo_layout_door_left_AW_2,104,12,auto_from_instance,10,15,3,28,150,,,,,9,7,11,root > V:12 > BH:13 > BV:7 > BV:7 > BV:3 > BV:3 > BH:3 > BH:9 > BH:15 > BH:23 > BH:19,selected,2,inf,True,262,202,60,48.0,1.0,1.0,True,True,1,1,0,True,3,1,0,0,True,True,0,17,10,17,10,7,SS_PF_LS,sampled_pool,,,True,0.8666666666666667,0.5,0.5,0.1,fixed,break_symmetry,offspring,feasible_start_adaptive_spacing,,,,feasible_start_adaptive_spacing,0.5,,True,auto_from_instance,0.75,0.35,"1,3,5,6,7,8,9,10,11,13,14,15,18,19,21,23,27","0,3,8,9,12,15,16,18,20",,,,,,"H[1,3,5,6,7,8,9,10,11,13,14,15,18,19,21,23,27]|V[0,3,7,8,9,12,15,16,18,20]",b1e3d56141dc971bf7df120e9cce33e5a479a65f
proposed_nsga2_bs_demo_layout_door_left_AW_2_seed_104,proposed_nsga2_bs,demo_layout_door_left_AW_2,104,12,auto_from_instance,10,15,3,28,150,,,,,10,7,11,root > V:12 > BH:13 > BV:7 > BV:7 > BV:3 > BV:3 > BH:23 > BH:17 > BH:9 > BH:3 > BH:13,selected,2,0.0,True,262,202,60,48.0,1.0,1.0,True,True,1,1,0,True,3,1,0,0,True,True,0,18,10,18,10,7,SS_PF_LS,sampled_pool,,,True,0.8666666666666667,0.5,0.5,0.1,fixed,break_symmetry,offspring,feasible_start_adaptive_spacing,,,,feasible_start_adaptive_spacing,0.5,,True,auto_from_instance,0.75,0.35,"1,3,5,6,7,8,9,10,11,13,14,15,18,19,21,23,27","0,3,8,9,12,15,16,18,20",,,,,,"H[1,3,5,6,7,8,9,10,11,13,14,15,17,18,19,21,23,27]|V[0,3,7,8,9,12,15,16,18,20]",faa83a2f7bb9efd4c41fb7b3b81c003cec521a5c
proposed_nsga2_bs_demo_layout_door_left_AW_2_seed_104,proposed_nsga2_bs,demo_layout_door_left_AW_2,104,12,auto_from_instance,10,15,3,28,150,,,,,11,7,11,root > V:12 > BH:13 > BV:7 > BV:7 > BV:3 > BV:3 > BH:23 > BH:17 > BH:11 > BH:3 > BH:7,selected,2,inf,True,262,202,60,48.0,1.0,1.0,True,True,1,1,0,True,3,1,0,0,True,True,0,18,10,18,10,7,SS_PF_LS,sampled_pool,,,True,0.8666666666666667,0.5,0.5,0.1,fixed,break_symmetry,offspring,feasible_start_adaptive_spacing,,,,feasible_start_adaptive_spacing,0.5,,True,auto_from_instance,0.75,0.35,"1,3,5,6,7,8,9,10,11,13,14,15,18,19,21,23,27","0,3,8,9,12,15,16,18,20",,,,,,"H[1,3,5,6,7,8,9,10,11,13,14,15,17,18,19,21,23,27]|V[0,3,7,8,9,12,15,16,18,20]",4d9823d39ac54567648600c413a3d532ee5a312b
proposed_nsga2_bs_demo_layout_door_left_AW_2_seed_104,proposed_nsga2_bs,demo_layout_door_left_AW_2,104,13,auto_from_instance,10,15,3,28,150,,,,,1,1,12,root > V:13 > BH:13 > BV:7 > BV:7 > BV:3 > BV:3 > BH:23 > BH:19 > BH:15 > BH:10 > BH:3 > BV:18,selected,3,inf,True,260,192,68,44.0,1.0,1.0,True,True,1,1,0,True,3,1,0,0,True,True,0,16,7,16,7,1,SS,sampled_pool,,,True,0.9333333333333333,0.5,0.5,0.1,fixed,break_symmetry,offspring,feasible_start_adaptive_spacing,,,,feasible_start_adaptive_spacing,0.5,,True,auto_from_instance,0.75,0.35,"1,3,4,6,7,9,10,11,13,15,16,17,18,19,23,25","3,7,9,12,13,17",,,,,,"H[1,3,4,6,7,9,10,11,13,15,16,17,18,19,23,25]|V[3,7,9,12,13,17,18]",cb72675f37f3d41c60684d4f9a816bc359f151ad
proposed_nsga2_bs_demo_layout_door_left_AW_2_seed_104,proposed_nsga2_bs,demo_layout_door_left_AW_2,104,13,auto_from_instance,10,15,3,28,150,,,,,2,1,12,root > V:13 > BH:13 > BV:7 > BV:7 > BV:3 > BV:3 > BH:23 > BH:19 > BH:15 > BH:11 > BH:4 > BV:18,evaluated,4,inf,False,260,192,68,54.0,1.0,1.0,True,True,1,1,0,True,3,1,0,0,True,True,0,16,7,16,7,1,SS,sampled_pool,,,True,0.9333333333333333,0.5,0.5,0.1,fixed,break_symmetry,offspring,feasible_start_adaptive_spacing,,,,feasible_start_adaptive_spacing,0.5,,True,auto_from_instance,0.75,0.35,"1,3,4,6,7,9,10,11,13,15,16,17,18,19,23,25","3,7,9,12,13,17",,,,,,"H[1,3,4,6,7,9,10,11,13,15,16,17,18,19,23,25]|V[3,7,9,12,13,17,18]",b774b9c9481df47bfb263bd77f05b2de4fc3b09c
proposed_nsga2_bs_demo_layout_door_left_AW_2_seed_104,proposed_nsga2_bs,demo_layout_door_left_AW_2,104,13,auto_from_instance,10,15,3,28,150,,,,,3,2,8,root > V:16 > BH:13 > BV:12 > BV:12 > BV:7 > BV:3 > BV:7 > BV:3,selected,0,inf,True,266,216,50,50.0,1.0,1.0,True,True,1,1,0,True,3,1,0,0,True,True,0,13,7,13,7,2,LS,sampled_pool,,,False,0.9333333333333333,0.5,0.5,0.1,fixed,spacing_aware_flip,offspring,feasible_start_adaptive_spacing,,,,feasible_start_adaptive_spacing,0.5,,True,auto_from_instance,0.75,0.35,"1,3,4,7,9,11,13,14,15,17,19,23,25","3,7,9,12,16,17,18",,,,,,"H[1,3,4,7,9,11,13,14,15,17,19,23,25]|V[3,7,9,12,16,17,18]",63c9c1384eb0d63f6756e5f6c6567bc893aa1bf9
proposed_nsga2_bs_demo_layout_door_left_AW_2_seed_104,proposed_nsga2_bs,demo_layout_door_left_AW_2,104,13,auto_from_instance,10,15,3,28,150,,,,,4,3,12,root > V:12 > BH:13 > BV:7 > BV:7 > BV:3 > BV:3 > BH:23 > BH:19 > BH:15 > BH:11 > BH:3 > BH:7,selected,0,inf,True,250,214,36,36.0,1.0,1.0,True,True,1,1,0,True,3,1,0,0,True,True,0,17,6,17,6,3,PF_SS_RP,sampled_pool,,,True,0.9333333333333333,0.5,0.5,0.1,fixed,spacing_aware_flip,offspring,feasible_start_adaptive_spacing,,,,feasible_start_adaptive_spacing,0.5,,True,auto_from_instance,0.75,0.35,"1,3,4,6,7,9,11,13,14,15,16,17,18,20,23,25","3,7,9,12,16,18",,,,,,"H[1,3,4,6,7,9,11,13,14,15,16,17,18,19,20,23,25]|V[3,7,9,12,16,18]",eb03952090a874660b7fb214554a0aa56a73029e
proposed_nsga2_bs_demo_layout_door_left_AW_2_seed_104,proposed_nsga2_bs,demo_layout_door_left_AW_2,104,13,auto_from_instance,10,15,3,28,150,,,,,5,3,12,root > V:12 > BH:13 > BV:7 > BV:7 > BV:3 > BV:3 > BH:3 > BH:7 > BH:11 > BH:15 > BH:23 > BV:16,selected,2,inf,True,250,208,42,42.0,1.0,1.0,True,True,1,1,0,True,3,1,0,0,True,True,0,16,6,16,6,3,PF_SS_RP,sampled_pool,,,True,0.9333333333333333,0.5,0.5,0.1,fixed,spacing_aware_flip,offspring,feasible_start_adaptive_spacing,,,,feasible_start_adaptive_spacing,0.5,,True,auto_from_instance,0.75,0.35,"1,3,4,6,7,9,11,13,14,15,16,17,18,20,23,25","3,7,9,12,16,18",,,,,,"H[1,3,4,6,7,9,11,13,14,15,16,17,18,20,23,25]|V[3,7,9,12,16,18]",00a9d8d47000946aa25bf8cbdb36931d5b5d4b7d
proposed_nsga2_bs_demo_layout_door_left_AW_2_seed_104,proposed_nsga2_bs,demo_layout_door_left_AW_2,104,13,auto_from_instance,10,15,3,28,150,,,,,6,3,12,root > V:12 > BH:13 > BV:7 > BV:7 > BV:3 > BV:3 > BH:23 > BH:19 > BH:15 > BH:11 > BH:3 > BV:16,selected,2,inf,True,250,208,42,42.0,1.0,1.0,True,True,1,1,0,True,3,1,0,0,True,True,0,17,6,17,6,3,PF_SS_RP,sampled_pool,,,True,0.9333333333333333,0.5,0.5,0.1,fixed,spacing_aware_flip,offspring,feasible_start_adaptive_spacing,,,,feasible_start_adaptive_spacing,0.5,,True,auto_from_instance,0.75,0.35,"1,3,4,6,7,9,11,13,14,15,16,17,18,20,23,25","3,7,9,12,16,18",,,,,,"H[1,3,4,6,7,9,11,13,14,15,16,17,18,19,20,23,25]|V[3,7,9,12,16,18]",d0525a507710a5664c0df826d850c16891cba894
proposed_nsga2_bs_demo_layout_door_left_AW_2_seed_104,proposed_nsga2_bs,demo_layout_door_left_AW_2,104,13,auto_from_instance,10,15,3,28,150,,,,,7,4,12,root > V:12 > BH:13 > BV:7 > BV:3 > BV:7 > BV:3 > BH:23 > BH:19 > BH:15 > BH:11 > BH:7 > BV:16,selected,0,2.3685064935064934,True,250,214,36,36.0,1.0,1.0,True,True,1,1,0,True,3,1,0,0,True,True,0,11,6,11,6,4,PF,sampled_pool,,,False,0.9333333333333333,0.5,0.5,0.1,fixed,remove_random_aisle,offspring,feasible_start_adaptive_spacing,,,,feasible_start_adaptive_spacing,0.5,,True,auto_from_instance,0.75,0.35,"1,3,4,7,9,11,13,15,19,23,25","3,7,9,12,16,18",,,,,,"H[1,3,4,7,9,11,13,15,19,23,25]|V[3,7,9,12,16,18]",0fdb9192f0d4acf2b6dd22b4a8e053ab5a7ed4a9
proposed_nsga2_bs_demo_layout_door_left_AW_2_seed_104,proposed_nsga2_bs,demo_layout_door_left_AW_2,104,13,auto_from_instance,10,15,3,28,150,,,,,8,4,12,root > V:12 > BH:13 > BV:7 > BV:3 > BV:7 > BV:3 > BH:23 > BH:19 > BH:15 > BH:11 > BH:6 > BV:16,selected,1,inf,True,252,211,41,41.0,1.0,1.0,True,True,1,1,0,True,3,1,0,0,True,True,0,12,6,12,6,4,PF,sampled_pool,,,False,0.9333333333333333,0.5,0.5,0.1,fixed,remove_random_aisle,offspring,feasible_start_adaptive_spacing,,,,feasible_start_adaptive_spacing,0.5,,True,auto_from_instance,0.75,0.35,"1,3,4,7,9,11,13,15,19,23,25","3,7,9,12,16,18",,,,,,"H[1,3,4,6,7,9,11,13,15,19,23,25]|V[3,7,9,12,16,18]",1e51df56ad9655663d1175b2036f4a44cf7e7571
proposed_nsga2_bs_demo_layout_door_left_AW_2_seed_104,proposed_nsga2_bs,demo_layout_door_left_AW_2,104,13,auto_from_instance,10,15,3,28,150,,,,,9,7,12,root > V:13 > BH:13 > BV:7 > BV:7 > BV:3 > BV:3 > BH:23 > BH:19 > BH:15 > BH:11 > BH:7 > BH:3,selected,0,inf,True,260,202,58,34.0,1.0,1.0,True,True,1,1,0,True,3,1,0,0,True,True,0,13,8,13,8,7,LS_SS,sampled_pool,,,True,0.9333333333333333,0.5,0.5,0.1,fixed,spacing_aware_flip,offspring,feasible_start_adaptive_spacing,,,,feasible_start_adaptive_spacing,0.5,,True,auto_from_instance,0.75,0.35,"1,3,4,7,9,10,11,13,15,18,19,23,25","3,5,7,9,12,13,17,18",,,,,,"H[1,3,4,7,9,10,11,13,15,18,19,23,25]|V[3,5,7,9,12,13,17,18]",146759e3ef785e80ae78bd95708e7576b0df1241
proposed_nsga2_bs_demo_layout_door_left_AW_2_seed_104,proposed_nsga2_bs,demo_layout_door_left_AW_2,104,13,auto_from_instance,10,15,3,28,150,,,,,10,7,12,root > V:13 > BH:13 > BV:7 > BV:7 > BV:3 > BV:3 > BH:3 > BH:7 > BH:11 > BH:15 > BH:19 > BH:25,selected,1,inf,True,260,197,63,34.0,1.0,1.0,True,True,1,1,0,True,3,1,0,0,True,True,0,13,8,13,8,7,LS_SS,sampled_pool,,,True,0.9333333333333333,0.5,0.5,0.1,fixed,spacing_aware_flip,offspring,feasible_start_adaptive_spacing,,,,feasible_start_adaptive_spacing,0.5,,True,auto_from_instance,0.75,0.35,"1,3,4,7,9,10,11,13,15,18,19,23,25","3,5,7,9,12,13,17,18",,,,,,"H[1,3,4,7,9,10,11,13,15,18,19,23,25]|V[3,5,7,9,12,13,17,18]",4317ed1efabe31038ca0b969ea3e4e750cdf03f2
proposed_nsga2_bs_demo_layout_door_left_AW_2_seed_104,proposed_nsga2_bs,demo_layout_door_left_AW_2,104,13,auto_from_instance,10,15,3,28,150,,,,,11,8,12,root > V:12 > BH:13 > BV:7 > BV:7 > BH:22 > BH:14 > BH:6 > BV:18 > BV:3 > BV:3 > BH:18 > BH:10,selected,3,inf,True,252,206,46,53.0,1.0,1.0,True,True,1,1,0,True,3,1,0,0,True,True,0,19,6,19,6,8,RP,sampled_pool,,,False,0.9333333333333333,0.5,0.5,0.1,fixed,spacing_aware_flip,offspring,feasible_start_adaptive_spacing,,,,feasible_start_adaptive_spacing,0.5,,True,auto_from_instance,0.75,0.35,"1,3,4,6,7,9,11,13,14,15,16,17,19,23,25,27","3,7,9,12,16,18",,,,,,"H[1,3,4,6,7,9,10,11,13,14,15,16,17,18,19,22,23,25,27]|V[3,7,9,12,16,18]",f5c2b475e28cd126ea8ff99f9b6aa52888a523c1
proposed_nsga2_bs_demo_layout_door_left_AW_2_seed_104,proposed_nsga2_bs,demo_layout_door_left_AW_2,104,13,auto_from_instance,10,15,3,28,150,,,,,12,8,12,root > V:12 > BH:13 > BV:7 > BV:7 > BH:22 > BH:14 > BH:6 > BV:18 > BV:3 > BV:3 > BH:10 > BV:18,evaluated,5,inf,False,252,194,58,59.0,1.0,1.0,True,True,1,1,0,True,3,1,0,0,True,True,0,18,6,18,6,8,RP,sampled_pool,,,False,0.9333333333333333,0.5,0.5,0.1,fixed,spacing_aware_flip,offspring,feasible_start_adaptive_spacing,,,,feasible_start_adaptive_spacing,0.5,,True,auto_from_instance,0.75,0.35,"1,3,4,6,7,9,11,13,14,15,16,17,19,23,25,27","3,7,9,12,16,18",,,,,,"H[1,3,4,6,7,9,10,11,13,14,15,16,17,19,22,23,25,27]|V[3,7,9,12,16,18]",41819e8e83e58f518b77ee207d2d7e8a4cb634e4
proposed_nsga2_bs_demo_layout_door_left_AW_2_seed_104,proposed_nsga2_bs,demo_layout_door_left_AW_2,104,13,auto_from_instance,10,15,3,28,150,,,,,13,8,12,root > V:12 > BH:13 > BV:7 > BV:7 > BH:22 > BH:14 > BH:6 > BV:18 > BV:3 > BV:3 > BH:10 > BV:16,evaluated,4,inf,False,252,200,52,59.0,1.0,1.0,True,True,1,1,0,True,3,1,0,0,True,True,0,18,6,18,6,8,RP,sampled_pool,,,False,0.9333333333333333,0.5,0.5,0.1,fixed,spacing_aware_flip,offspring,feasible_start_adaptive_spacing,,,,feasible_start_adaptive_spacing,0.5,,True,auto_from_instance,0.75,0.35,"1,3,4,6,7,9,11,13,14,15,16,17,19,23,25,27","3,7,9,12,16,18",,,,,,"H[1,3,4,6,7,9,10,11,13,14,15,16,17,19,22,23,25,27]|V[3,7,9,12,16,18]",a4408e6f780e253c90c81ec7c7032f7c7f99311b
proposed_nsga2_bs_demo_layout_door_left_AW_2_seed_104,proposed_nsga2_bs,demo_layout_door_left_AW_2,104,14,auto_from_instance,10,15,3,28,150,,,,,1,1,11,root > V:12 > BH:13 > BV:7 > BV:7 > BV:3 > BV:3 > BH:3 > BH:9 > BH:15 > BH:23 > BH:19,evaluated,5,inf,False,262,202,60,48.0,1.0,1.0,True,True,1,1,0,True,3,1,0,0,True,True,0,17,6,17,6,1,SS_PF_LS,sampled_pool,,,True,1.0,0.5,0.5,0.1,fixed,swap_segments,offspring,feasible_start_adaptive_spacing,,,,feasible_start_adaptive_spacing,0.5,,True,auto_from_instance,0.75,0.35,"0,3,4,6,7,9,12,13,14,15,16,17,18,20,23,25","3,7,9,12,16,18",,,,,,"H[0,3,4,6,7,9,12,13,14,15,16,17,18,19,20,23,25]|V[3,7,9,12,16,18]",b1e3d56141dc971bf7df120e9cce33e5a479a65f
proposed_nsga2_bs_demo_layout_door_left_AW_2_seed_104,proposed_nsga2_bs,demo_layout_door_left_AW_2,104,14,auto_from_instance,10,15,3,28,150,,,,,2,1,11,root > V:12 > BH:13 > BV:7 > BV:7 > BV:3 > BV:3 > BH:23 > BH:17 > BH:9 > BH:3 > BH:13,evaluated,5,0.0,False,262,202,60,48.0,1.0,1.0,True,True,1,1,0,True,3,1,0,0,True,True,0,16,6,16,6,1,SS_PF_LS,sampled_pool,,,True,1.0,0.5,0.5,0.1,fixed,swap_segments,offspring,feasible_start_adaptive_spacing,,,,feasible_start_adaptive_spacing,0.5,,True,auto_from_instance,0.75,0.35,"0,3,4,6,7,9,12,13,14,15,16,17,18,20,23,25","3,7,9,12,16,18",,,,,,"H[0,3,4,6,7,9,12,13,14,15,16,17,18,20,23,25]|V[3,7,9,12,16,18]",faa83a2f7bb9efd4c41fb7b3b81c003cec521a5c
proposed_nsga2_bs_demo_layout_door_left_AW_2_seed_104,proposed_nsga2_bs,demo_layout_door_left_AW_2,104,14,auto_from_instance,10,15,3,28,150,,,,,3,1,11,root > V:12 > BH:13 > BV:7 > BV:7 > BV:3 > BV:3 > BH:23 > BH:17 > BH:11 > BH:3 > BH:7,evaluated,5,inf,False,262,202,60,48.0,1.0,1.0,True,True,1,1,0,True,3,1,0,0,True,True,0,17,6,17,6,1,SS_PF_LS,sampled_pool,,,True,1.0,0.5,0.5,0.1,fixed,swap_segments,offspring,feasible_start_adaptive_spacing,,,,feasible_start_adaptive_spacing,0.5,,True,auto_from_instance,0.75,0.35,"0,3,4,6,7,9,12,13,14,15,16,17,18,20,23,25","3,7,9,12,16,18",,,,,,"H[0,3,4,6,7,9,11,12,13,14,15,16,17,18,20,23,25]|V[3,7,9,12,16,18]",4d9823d39ac54567648600c413a3d532ee5a312b
proposed_nsga2_bs_demo_layout_door_left_AW_2_seed_104,proposed_nsga2_bs,demo_layout_door_left_AW_2,104,14,auto_from_instance,10,15,3,28,150,,,,,4,2,12,root > V:12 > BH:13 > BV:7 > BV:7 > BV:3 > BV:3 > BH:23 > BH:19 > BH:15 > BH:11 > BH:3 > BH:7,selected,1,inf,True,250,214,36,36.0,1.0,1.0,True,True,1,1,0,True,3,1,0,0,True,True,0,16,6,16,6,2,PF_LS_RP,sampled_pool,,,False,1.0,0.5,0.5,0.1,fixed,bit_flip,offspring,feasible_start_adaptive_spacing,,,,feasible_start_adaptive_spacing,0.5,,True,auto_from_instance,0.75,0.35,"1,3,6,7,9,11,13,14,15,16,17,18,19,20,23,25","3,7,9,12,16,18",,,,,,"H[1,3,6,7,9,11,13,14,15,16,17,18,19,20,23,25]|V[3,7,9,12,16,18]",eb03952090a874660b7fb214554a0aa56a73029e
proposed_nsga2_bs_demo_layout_door_left_AW_2_seed_104,proposed_nsga2_bs,demo_layout_door_left_AW_2,104,14,auto_from_instance,10,15,3,28,150,,,,,5,2,12,root > V:12 > BH:13 > BV:7 > BV:7 > BV:3 > BV:3 > BH:3 > BH:7 > BH:11 > BH:15 > BH:23 > BV:16,selected,3,inf,True,250,208,42,42.0,1.0,1.0,True,True,1,1,0,True,3,1,0,0,True,True,0,16,6,16,6,2,PF_LS_RP,sampled_pool,,,False,1.0,0.5,0.5,0.1,fixed,bit_flip,offspring,feasible_start_adaptive_spacing,,,,feasible_start_adaptive_spacing,0.5,,True,auto_from_instance,0.75,0.35,"1,3,6,7,9,11,13,14,15,16,17,18,19,20,23,25","3,7,9,12,16,18",,,,,,"H[1,3,6,7,9,11,13,14,15,16,17,18,19,20,23,25]|V[3,7,9,12,16,18]",00a9d8d47000946aa25bf8cbdb36931d5b5d4b7d
proposed_nsga2_bs_demo_layout_door_left_AW_2_seed_104,proposed_nsga2_bs,demo_layout_door_left_AW_2,104,14,auto_from_instance,10,15,3,28,150,,,,,6,2,12,root > V:12 > BH:13 > BV:7 > BV:7 > BV:3 > BV:3 > BH:23 > BH:19 > BH:15 > BH:11 > BH:3 > BV:16,selected,3,inf,True,250,208,42,42.0,1.0,1.0,True,True,1,1,0,True,3,1,0,0,True,True,0,16,6,16,6,2,PF_LS_RP,sampled_pool,,,False,1.0,0.5,0.5,0.1,fixed,bit_flip,offspring,feasible_start_adaptive_spacing,,,,feasible_start_adaptive_spacing,0.5,,True,auto_from_instance,0.75,0.35,"1,3,6,7,9,11,13,14,15,16,17,18,19,20,23,25","3,7,9,12,16,18",,,,,,"H[1,3,6,7,9,11,13,14,15,16,17,18,19,20,23,25]|V[3,7,9,12,16,18]",d0525a507710a5664c0df826d850c16891cba894
proposed_nsga2_bs_demo_layout_door_left_AW_2_seed_104,proposed_nsga2_bs,demo_layout_door_left_AW_2,104,14,auto_from_instance,10,15,3,28,150,,,,,7,4,12,root > V:13 > BH:13 > BV:7 > BV:3 > BV:7 > BV:3 > BH:23 > BH:19 > BH:15 > BH:11 > BH:7 > BH:3,selected,1,inf,True,260,202,58,34.0,1.0,1.0,True,True,1,1,0,True,3,1,0,0,True,True,0,13,9,13,9,4,LS_PF,sampled_pool,,,False,1.0,0.5,0.5,0.1,fixed,break_symmetry,offspring,feasible_start_adaptive_spacing,,,,feasible_start_adaptive_spacing,0.5,,True,auto_from_instance,0.75,0.35,"1,3,4,7,9,10,11,13,15,17,19,23,25","3,5,6,9,12,13,17,18",,,,,,"H[1,3,4,7,9,10,11,13,15,17,19,23,25]|V[3,5,6,7,9,12,13,17,18]",146759e3ef785e80ae78bd95708e7576b0df1241
proposed_nsga2_bs_demo_layout_door_left_AW_2_seed_104,proposed_nsga2_bs,demo_layout_door_left_AW_2,104,14,auto_from_instance,10,15,3,28,150,,,,,8,4,12,root > V:13 > BH:13 > BV:7 > BV:3 > BV:7 > BV:3 > BH:3 > BH:7 > BH:11 > BH:15 > BH:19 > BH:25,selected,2,inf,True,260,197,63,34.0,1.0,1.0,True,True,1,1,0,True,3,1,0,0,True,True,0,13,9,13,9,4,LS_PF,sampled_pool,,,False,1.0,0.5,0.5,0.1,fixed,break_symmetry,offspring,feasible_start_adaptive_spacing,,,,feasible_start_adaptive_spacing,0.5,,True,auto_from_instance,0.75,0.35,"1,3,4,7,9,10,11,13,15,17,19,23,25","3,5,6,9,12,13,17,18",,,,,,"H[1,3,4,7,9,10,11,13,15,17,19,23,25]|V[3,5,6,7,9,12,13,17,18]",4317ed1efabe31038ca0b969ea3e4e750cdf03f2
proposed_nsga2_bs_demo_layout_door_left_AW_2_seed_104,proposed_nsga2_bs,demo_layout_door_left_AW_2,104,14,auto_from_instance,10,15,3,28,150,,,,,9,4,12,root > V:13 > BH:13 > BV:7 > BV:3 > BV:7 > BV:3 > BH:23 > BH:19 > BH:15 > BH:11 > BH:6 > BV:18,selected,3,inf,True,260,197,63,39.0,1.0,1.0,True,True,1,1,0,True,3,1,0,0,True,True,0,14,9,14,9,4,LS_PF,sampled_pool,,,False,1.0,0.5,0.5,0.1,fixed,break_symmetry,offspring,feasible_start_adaptive_spacing,,,,feasible_start_adaptive_spacing,0.5,,True,auto_from_instance,0.75,0.35,"1,3,4,7,9,10,11,13,15,17,19,23,25","3,5,6,9,12,13,17,18",,,,,,"H[1,3,4,6,7,9,10,11,13,15,17,19,23,25]|V[3,5,6,7,9,12,13,17,18]",51e48cbb0b318e90e4cecb895faf9196760f014b
proposed_nsga2_bs_demo_layout_door_left_AW_2_seed_104,proposed_nsga2_bs,demo_layout_door_left_AW_2,104,14,auto_from_instance,10,15,3,28,150,,,,,10,5,12,root > V:12 > BH:13 > BV:7 > BV:3 > BV:7 > BV:3 > BH:23 > BH:19 > BH:15 > BH:11 > BH:7 > BV:16,selected,1,2.3685064935064934,True,250,214,36,36.0,1.0,1.0,True,True,1,1,0,True,3,1,0,0,True,True,0,14,8,14,8,5,LS_PF,sampled_pool,,,False,1.0,0.5,0.5,0.1,fixed,swap_segments,offspring,feasible_start_adaptive_spacing,,,,feasible_start_adaptive_spacing,0.5,,True,auto_from_instance,0.75,0.35,"1,3,4,6,7,9,11,13,14,15,16,19,23,25","4,6,7,9,12,15",,,,,,"H[1,3,4,6,7,9,11,13,14,15,16,19,23,25]|V[3,4,6,7,9,12,15,16]",0fdb9192f0d4acf2b6dd22b4a8e053ab5a7ed4a9
proposed_nsga2_bs_demo_layout_door_left_AW_2_seed_104,proposed_nsga2_bs,demo_layout_door_left_AW_2,104,14,auto_from_instance,10,15,3,28,150,,,,,11,5,12,root > V:12 > BH:13 > BV:7 > BV:3 > BV:7 > BV:3 > BH:23 > BH:19 > BH:15 > BH:11 > BH:6 > BV:16,selected,2,inf,True,252,211,41,41.0,1.0,1.0,True,True,1,1,0,True,3,1,0,0,True,True,0,14,8,14,8,5,LS_PF,sampled_pool,,,False,1.0,0.5,0.5,0.1,fixed,swap_segments,offspring,feasible_start_adaptive_spacing,,,,feasible_start_adaptive_spacing,0.5,,True,auto_from_instance,0.75,0.35,"1,3,4,6,7,9,11,13,14,15,16,19,23,25","4,6,7,9,12,15",,,,,,"H[1,3,4,6,7,9,11,13,14,15,16,19,23,25]|V[3,4,6,7,9,12,15,16]",1e51df56ad9655663d1175b2036f4a44cf7e7571
proposed_nsga2_bs_demo_layout_door_left_AW_2_seed_104,proposed_nsga2_bs,demo_layout_door_left_AW_2,104,14,auto_from_instance,10,15,3,28,150,,,,,12,6,11,root > V:7 > BH:13 > BH:21 > BH:10 > BV:16 > BH:15 > BV:12 > BV:3 > BV:3 > BV:12 > BV:16,evaluated,4,inf,False,262,203,59,48.0,1.0,1.0,True,True,1,1,0,True,3,1,0,0,True,True,0,16,6,16,6,6,SS_LS_PF,sampled_pool,,,True,1.0,0.5,0.5,0.1,fixed,remove_random_aisle,offspring,feasible_start_adaptive_spacing,,,,feasible_start_adaptive_spacing,0.5,,True,auto_from_instance,0.75,0.35,"1,3,4,7,9,11,13,15,17,18,19,20,23,25","3,7,9,16,18",,,,,,"H[1,3,4,7,9,10,11,13,15,17,18,19,20,21,23,25]|V[3,7,9,12,16,18]",4c0449b09cdee5307ffab3d3cc814bb0904dea39
proposed_nsga2_bs_demo_layout_door_left_AW_2_seed_104,proposed_nsga2_bs,demo_layout_door_left_AW_2,104,14,auto_from_instance,10,15,3,28,150,,,,,13,6,11,root > V:7 > BH:13 > BH:21 > BH:10 > BV:16 > BH:15 > BV:12 > BV:3 > BV:3 > BV:11 > BV:16,evaluated,4,inf,False,262,203,59,48.0,1.0,1.0,True,True,1,1,0,True,3,1,0,0,True,True,0,16,7,16,7,6,SS_LS_PF,sampled_pool,,,True,1.0,0.5,0.5,0.1,fixed,remove_random_aisle,offspring,feasible_start_adaptive_spacing,,,,feasible_start_adaptive_spacing,0.5,,True,auto_from_instance,0.75,0.35,"1,3,4,7,9,11,13,15,17,18,19,20,23,25","3,7,9,16,18",,,,,,"H[1,3,4,7,9,10,11,13,15,17,18,19,20,21,23,25]|V[3,7,9,11,12,16,18]",fa66a13132872a4a44cd7bab9ad8a88595861ae2
proposed_nsga2_bs_demo_layout_door_left_AW_2_seed_104,proposed_nsga2_bs,demo_layout_door_left_AW_2,104,14,auto_from_instance,10,15,3,28,150,,,,,14,6,11,root > V:7 > BH:13 > BH:21 > BH:10 > BV:16 > BH:15 > BV:12 > BV:3 > BV:3 > BV:11 > BV:15,evaluated,5,inf,False,262,203,59,56.0,1.0,1.0,True,True,1,1,0,True,3,1,0,0,True,True,0,16,8,16,8,6,SS_LS_PF,sampled_pool,,,True,1.0,0.5,0.5,0.1,fixed,remove_random_aisle,offspring,feasible_start_adaptive_spacing,,,,feasible_start_adaptive_spacing,0.5,,True,auto_from_instance,0.75,0.35,"1,3,4,7,9,11,13,15,17,18,19,20,23,25","3,7,9,16,18",,,,,,"H[1,3,4,7,9,10,11,13,15,17,18,19,20,21,23,25]|V[3,7,9,11,12,15,16,18]",c85627f04b369d3f5ab10fdcd533f828491f5385
proposed_nsga2_bs_demo_layout_door_left_AW_2_seed_104,proposed_nsga2_bs,demo_layout_door_left_AW_2,104,14,auto_from_instance,10,15,3,28,150,,,,,15,7,10,root > V:7 > BH:13 > BV:3 > BV:3 > BH:23 > BH:19 > BH:15 > BH:3 > BH:11 > BH:7,selected,0,inf,True,248,224,24,22.0,1.0,1.0,True,True,1,1,0,True,3,1,0,0,True,True,0,13,6,13,6,7,PF_RP,sampled_pool,,,False,1.0,0.5,0.5,0.1,fixed,bit_flip,offspring,feasible_start_adaptive_spacing,,,,feasible_start_adaptive_spacing,0.5,,True,auto_from_instance,0.75,0.35,"1,3,4,7,9,10,11,13,15,18,19,23,25","3,5,7,9,17,18",,,,,,"H[1,3,4,7,9,10,11,13,15,18,19,23,25]|V[3,5,7,9,17,18]",a397126b79bf1eeaea415f8469233209dd4ca5ce
proposed_nsga2_bs_demo_layout_door_left_AW_2_seed_104,proposed_nsga2_bs,demo_layout_door_left_AW_2,104,14,auto_from_instance,10,15,3,28,150,,,,,16,9,8,root > V:16 > BH:13 > BV:12 > BV:12 > BV:7 > BV:3 > BV:7 > BV:3,selected,1,inf,True,266,216,50,50.0,1.0,1.0,True,True,1,1,0,True,3,1,0,0,True,True,0,13,7,13,7,9,LS,sampled_pool,,,False,1.0,0.5,0.5,0.1,fixed,insert_random_aisle,offspring,feasible_start_adaptive_spacing,,,,feasible_start_adaptive_spacing,0.5,,True,auto_from_instance,0.75,0.35,"1,3,4,6,7,9,11,13,15,16,19,23,25","3,5,7,9,12,16,18",,,,,,"H[1,3,4,6,7,9,11,13,15,16,19,23,25]|V[3,5,7,9,12,16,18]",63c9c1384eb0d63f6756e5f6c6567bc893aa1bf9
proposed_nsga2_bs_demo_layout_door_left_AW_2_seed_104,proposed_nsga2_bs,demo_layout_door_left_AW_2,104,14,auto_from_instance,10,15,3,28,150,,,,,17,10,12,root > V:13 > BH:13 > BV:7 > BV:7 > BV:3 > BV:3 > BH:23 > BH:19 > BH:15 > BH:10 > BH:3 > BV:18,evaluated,4,inf,False,260,192,68,44.0,1.0,1.0,True,True,1,1,0,True,3,1,0,0,True,True,0,13,6,13,6,10,SS,sampled_pool,,,True,1.0,0.5,0.5,0.1,fixed,bit_flip,offspring,feasible_start_adaptive_spacing,,,,feasible_start_adaptive_spacing,0.5,,True,auto_from_instance,0.75,0.35,"1,3,4,7,9,10,11,13,15,18,19,23,25","3,7,9,12,13,18",,,,,,"H[1,3,4,7,9,10,11,13,15,18,19,23,25]|V[3,7,9,12,13,18]",cb72675f37f3d41c60684d4f9a816bc359f151ad
proposed_nsga2_bs_demo_layout_door_left_AW_2_seed_104,proposed_nsga2_bs,demo_layout_door_left_AW_2,104,14,auto_from_instance,10,15,3,28,150,,,,,18,10,12,root > V:13 > BH:13 > BV:7 > BV:7 > BV:3 > BV:3 > BH:23 > BH:19 > BH:15 > BH:11 > BH:4 > BV:18,evaluated,6,inf,False,260,192,68,54.0,1.0,1.0,True,True,1,1,0,True,3,1,0,0,True,True,0,13,6,13,6,10,SS,sampled_pool,,,True,1.0,0.5,0.5,0.1,fixed,bit_flip,offspring,feasible_start_adaptive_spacing,,,,feasible_start_adaptive_spacing,0.5,,True,auto_from_instance,0.75,0.35,"1,3,4,7,9,10,11,13,15,18,19,23,25","3,7,9,12,13,18",,,,,,"H[1,3,4,7,9,10,11,13,15,18,19,23,25]|V[3,7,9,12,13,18]",b774b9c9481df47bfb263bd77f05b2de4fc3b09c
