run_id,method,instance,seed,generation,budget_policy,auto_population_size,auto_generations,auto_beam_width,auto_max_depth,auto_decode_budget,restart_index,batch_index,within_batch_index,decode_budget,candidate_id,parent_chromosome_id,depth,trace,status,rank,crowding_distance,selected,storage_total,pick_faces,interior_storage,retrieval_penalty,door_connectivity_index,access_anchor_connectivity_index,has_door_connected_aisle,has_access_anchor_connected_aisle,aisle_components,anchor_connected_components,unanchored_aisle_components,single_aisle_component,access_network_components,aisle_access_network_components,unreachable_aisle_components,unreachable_aisle_cells,has_access_anchor_reachable_aisle_network,exact_width_ok,exact_width_violation_count,chromosome_h_active_count,chromosome_v_active_count,active_h_count,active_v_count,chromosome_index,sorting_rule,sorting_rule_mode,bs_rule_policy,bs_weight_policy,uses_scalar_score,rho,beam_w1,beam_w2,beam_lambda,adaptive_weight_mode,mutation_operator,initialization_mode,initialization_spacing_mode,adaptive_spacing_used,feasible_h_start_count,feasible_v_start_count,adaptive_spacing_mode,adaptive_spacing_alpha,adaptive_spacing_bf,auto_params_used,parameter_source,beta_h,beta_v,h_active_starts,v_active_starts,terminal,safety_max_depth_reached,feasible,feasibility_reason,storage_block_count,chromosome_signature,layout_signature
proposed_nsga2_bs_AT_S_comercial_layout_AW_3_seed_124,proposed_nsga2_bs,AT_S_comercial_layout_AW_3,124,0,auto_from_instance,10,15,3,28,150,,,,,1,1,6,root > V:5 > BH:11 > BH:19 > BH:13 > BH:7 > BV:13,evaluated,4,inf,False,219,92,127,286.0,1.0,1.0,True,True,1,1,0,True,1,1,0,0,True,True,0,5,3,5,3,1,PF,sampled_pool,,,False,0.06666666666666667,0.15381203127151655,0.9333333333333333,0.1,adaptive,,feasible_start_adaptive_spacing,feasible_start_adaptive_spacing,True,7,12,feasible_start_adaptive_spacing,0.5,,True,auto_from_instance,0.75,0.35,1,"3,5,13",,,,,,"H[1,7,11,13,19]|V[3,5,13]",83db31f9197a36d619843bf3d29485607fd03847
proposed_nsga2_bs_AT_S_comercial_layout_AW_3_seed_124,proposed_nsga2_bs,AT_S_comercial_layout_AW_3,124,0,auto_from_instance,10,15,3,28,150,,,,,2,1,6,root > V:5 > BH:11 > BH:19 > BH:13 > BH:6 > BV:13,evaluated,4,1.1291666666666667,False,219,91,128,270.0,1.0,1.0,True,True,1,1,0,True,1,1,0,0,True,True,0,5,3,5,3,1,PF,sampled_pool,,,False,0.06666666666666667,0.15381203127151655,0.9333333333333333,0.1,adaptive,,feasible_start_adaptive_spacing,feasible_start_adaptive_spacing,True,7,12,feasible_start_adaptive_spacing,0.5,,True,auto_from_instance,0.75,0.35,1,"3,5,13",,,,,,"H[1,6,11,13,19]|V[3,5,13]",e1f0e772df9443d724aa36f576d5bb596885ec2d
proposed_nsga2_bs_AT_S_comercial_layout_AW_3_seed_124,proposed_nsga2_bs,AT_S_comercial_layout_AW_3,124,0,auto_from_instance,10,15,3,28,150,,,,,3,1,6,root > V:5 > BH:11 > BH:19 > BH:13 > BH:5 > BV:13,evaluated,4,inf,False,219,90,129,269.0,1.0,1.0,True,True,1,1,0,True,1,1,0,0,True,True,0,5,3,5,3,1,PF,sampled_pool,,,False,0.06666666666666667,0.15381203127151655,0.9333333333333333,0.1,adaptive,,feasible_start_adaptive_spacing,feasible_start_adaptive_spacing,True,7,12,feasible_start_adaptive_spacing,0.5,,True,auto_from_instance,0.75,0.35,1,"3,5,13",,,,,,"H[1,5,11,13,19]|V[3,5,13]",361bb52554a2fcb654b86685853f5d1bd947356c
proposed_nsga2_bs_AT_S_comercial_layout_AW_3_seed_124,proposed_nsga2_bs,AT_S_comercial_layout_AW_3,124,0,auto_from_instance,10,15,3,28,150,,,,,4,1,6,root > V:5 > BH:11 > BH:19 > BH:13 > BV:13 > BH:3,evaluated,5,inf,False,219,87,132,301.0,1.0,1.0,True,True,1,1,0,True,1,1,0,0,True,True,0,5,3,5,3,1,PF,sampled_pool,,,False,0.06666666666666667,0.15381203127151655,0.9333333333333333,0.1,adaptive,,feasible_start_adaptive_spacing,feasible_start_adaptive_spacing,True,7,12,feasible_start_adaptive_spacing,0.5,,True,auto_from_instance,0.75,0.35,1,"3,5,13",,,,,,"H[1,3,11,13,19]|V[3,5,13]",59b55542eaed2648efde8c941779902be17342d8
proposed_nsga2_bs_AT_S_comercial_layout_AW_3_seed_124,proposed_nsga2_bs,AT_S_comercial_layout_AW_3,124,0,auto_from_instance,10,15,3,28,150,,,,,5,2,5,root > H:6 > BH:15 > BH:22 > BV:3 > BV:9,evaluated,2,inf,False,228,98,130,126.0,1.0,1.0,True,True,3,3,0,False,1,1,0,0,True,True,0,3,4,3,4,2,LS_RP,sampled_pool,,,False,0.06666666666666667,0.1,0.9333333333333333,0.1,adaptive,,feasible_start_adaptive_spacing,feasible_start_adaptive_spacing,True,7,12,feasible_start_adaptive_spacing,0.5,,True,auto_from_instance,0.75,0.35,6,"4,8",,,,,,"H[6,15,22]|V[3,4,8,9]",ff831007d2cb19c27f4223a274bf22a7edbbf53e
proposed_nsga2_bs_AT_S_comercial_layout_AW_3_seed_124,proposed_nsga2_bs,AT_S_comercial_layout_AW_3,124,0,auto_from_instance,10,15,3,28,150,,,,,6,2,5,root > H:6 > BH:16 > BH:22 > BV:3 > BV:9,evaluated,4,inf,False,228,98,130,206.0,1.0,1.0,True,True,3,3,0,False,1,1,0,0,True,True,0,3,4,3,4,2,LS_RP,sampled_pool,,,False,0.06666666666666667,0.1,0.9333333333333333,0.1,adaptive,,feasible_start_adaptive_spacing,feasible_start_adaptive_spacing,True,7,12,feasible_start_adaptive_spacing,0.5,,True,auto_from_instance,0.75,0.35,6,"4,8",,,,,,"H[6,16,22]|V[3,4,8,9]",3f6c5650382557808c9ce9ea61d9656b41539743
proposed_nsga2_bs_AT_S_comercial_layout_AW_3_seed_124,proposed_nsga2_bs,AT_S_comercial_layout_AW_3,124,0,auto_from_instance,10,15,3,28,150,,,,,7,3,4,root > H:5 > BH:19 > BH:13 > BV:6,evaluated,2,inf,False,249,123,126,228.0,1.0,1.0,True,True,3,3,0,False,1,1,0,0,True,True,0,4,4,4,4,3,PF_LS,sampled_pool,,,False,0.06666666666666667,0.1,0.9333333333333333,0.1,adaptive,,feasible_start_adaptive_spacing,feasible_start_adaptive_spacing,True,7,12,feasible_start_adaptive_spacing,0.5,,True,auto_from_instance,0.75,0.35,"0,5","3,7,9",,,,,,"H[0,5,13,19]|V[3,6,7,9]",527782c0f63e2d23e929468edf419ace24e96a7b
proposed_nsga2_bs_AT_S_comercial_layout_AW_3_seed_124,proposed_nsga2_bs,AT_S_comercial_layout_AW_3,124,0,auto_from_instance,10,15,3,28,150,,,,,8,3,4,root > H:5 > BH:19 > BH:12 > BV:6,selected,1,0.9579210394802599,True,249,123,126,180.0,1.0,1.0,True,True,3,3,0,False,1,1,0,0,True,True,0,4,4,4,4,3,PF_LS,sampled_pool,,,False,0.06666666666666667,0.1,0.9333333333333333,0.1,adaptive,,feasible_start_adaptive_spacing,feasible_start_adaptive_spacing,True,7,12,feasible_start_adaptive_spacing,0.5,,True,auto_from_instance,0.75,0.35,"0,5","3,7,9",,,,,,"H[0,5,12,19]|V[3,6,7,9]",e0d925e4dda12dce5bdacd005384655ca7744b80
proposed_nsga2_bs_AT_S_comercial_layout_AW_3_seed_124,proposed_nsga2_bs,AT_S_comercial_layout_AW_3,124,0,auto_from_instance,10,15,3,28,150,,,,,9,3,4,root > H:5 > BH:18 > BH:12 > BV:6,selected,1,inf,True,249,123,126,180.0,1.0,1.0,True,True,3,3,0,False,1,1,0,0,True,True,0,4,4,4,4,3,PF_LS,sampled_pool,,,False,0.06666666666666667,0.1,0.9333333333333333,0.1,adaptive,,feasible_start_adaptive_spacing,feasible_start_adaptive_spacing,True,7,12,feasible_start_adaptive_spacing,0.5,,True,auto_from_instance,0.75,0.35,"0,5","3,7,9",,,,,,"H[0,5,12,18]|V[3,6,7,9]",5746b08b3776422e0780d272b1aa6262f068f19d
proposed_nsga2_bs_AT_S_comercial_layout_AW_3_seed_124,proposed_nsga2_bs,AT_S_comercial_layout_AW_3,124,0,auto_from_instance,10,15,3,28,150,,,,,10,3,4,root > H:5 > BH:19 > BH:11 > BV:6,evaluated,2,inf,False,249,123,126,228.0,1.0,1.0,True,True,3,3,0,False,1,1,0,0,True,True,0,4,4,4,4,3,PF_LS,sampled_pool,,,False,0.06666666666666667,0.1,0.9333333333333333,0.1,adaptive,,feasible_start_adaptive_spacing,feasible_start_adaptive_spacing,True,7,12,feasible_start_adaptive_spacing,0.5,,True,auto_from_instance,0.75,0.35,"0,5","3,7,9",,,,,,"H[0,5,11,19]|V[3,6,7,9]",6b71fa0e1b8b0c24feaf438a8231b4daaa8402dc
proposed_nsga2_bs_AT_S_comercial_layout_AW_3_seed_124,proposed_nsga2_bs,AT_S_comercial_layout_AW_3,124,0,auto_from_instance,10,15,3,28,150,,,,,11,4,4,root > V:3 > BH:11 > BV:10 > BV:9,selected,0,1.6285508809780653,True,225,115,110,149.0,1.0,1.0,True,True,1,1,0,True,1,1,0,0,True,True,0,1,5,1,5,4,LS_PF,sampled_pool,,,False,0.06666666666666667,0.1,0.9333333333333333,0.1,adaptive,,feasible_start_adaptive_spacing,feasible_start_adaptive_spacing,True,7,12,feasible_start_adaptive_spacing,0.5,,True,auto_from_instance,0.75,0.35,,"0,3,4",,,,,,"H[11]|V[0,3,4,9,10]",ae825089721f98e0d9805014401719023ff6a664
proposed_nsga2_bs_AT_S_comercial_layout_AW_3_seed_124,proposed_nsga2_bs,AT_S_comercial_layout_AW_3,124,0,auto_from_instance,10,15,3,28,150,,,,,12,4,4,root > V:3 > BH:11 > BV:9 > BV:9,selected,0,0.905789284430061,True,225,115,110,149.0,1.0,1.0,True,True,1,1,0,True,1,1,0,0,True,True,0,1,4,1,4,4,LS_PF,sampled_pool,,,False,0.06666666666666667,0.1,0.9333333333333333,0.1,adaptive,,feasible_start_adaptive_spacing,feasible_start_adaptive_spacing,True,7,12,feasible_start_adaptive_spacing,0.5,,True,auto_from_instance,0.75,0.35,,"0,3,4",,,,,,"H[11]|V[0,3,4,9]",0a75f2b327085dc5778e0a33aad21dbd318e0a85
proposed_nsga2_bs_AT_S_comercial_layout_AW_3_seed_124,proposed_nsga2_bs,AT_S_comercial_layout_AW_3,124,0,auto_from_instance,10,15,3,28,150,,,,,13,5,3,root > V:0 > BH:11 > BH:18,evaluated,6,inf,False,243,85,158,367.0,1.0,1.0,True,True,1,1,0,True,1,1,0,0,True,True,0,2,3,2,3,5,LS_RP,sampled_pool,,,False,0.06666666666666667,0.1,0.9333333333333333,0.1,adaptive,,feasible_start_adaptive_spacing,feasible_start_adaptive_spacing,True,7,12,feasible_start_adaptive_spacing,0.5,,True,auto_from_instance,0.75,0.35,,"0,6,12",,,,,,"H[11,18]|V[0,6,12]",a06173efc61694b475ed0bb967fdbf0bc28bf0a8
proposed_nsga2_bs_AT_S_comercial_layout_AW_3_seed_124,proposed_nsga2_bs,AT_S_comercial_layout_AW_3,124,0,auto_from_instance,10,15,3,28,150,,,,,14,5,3,root > V:0 > BH:11 > BH:19,evaluated,7,inf,False,243,85,158,406.0,1.0,1.0,True,True,1,1,0,True,1,1,0,0,True,True,0,2,3,2,3,5,LS_RP,sampled_pool,,,False,0.06666666666666667,0.1,0.9333333333333333,0.1,adaptive,,feasible_start_adaptive_spacing,feasible_start_adaptive_spacing,True,7,12,feasible_start_adaptive_spacing,0.5,,True,auto_from_instance,0.75,0.35,,"0,6,12",,,,,,"H[11,19]|V[0,6,12]",c6dfc27680cf9ab70f12f2c8285c75455967f8c9
proposed_nsga2_bs_AT_S_comercial_layout_AW_3_seed_124,proposed_nsga2_bs,AT_S_comercial_layout_AW_3,124,0,auto_from_instance,10,15,3,28,150,,,,,15,5,3,root > V:0 > BH:11 > BH:17,evaluated,7,inf,False,243,85,158,406.0,1.0,1.0,True,True,1,1,0,True,1,1,0,0,True,True,0,2,3,2,3,5,LS_RP,sampled_pool,,,False,0.06666666666666667,0.1,0.9333333333333333,0.1,adaptive,,feasible_start_adaptive_spacing,feasible_start_adaptive_spacing,True,7,12,feasible_start_adaptive_spacing,0.5,,True,auto_from_instance,0.75,0.35,,"0,6,12",,,,,,"H[11,17]|V[0,6,12]",3ea2b2cb9290c5d666984c69b16bc63ae932c183
proposed_nsga2_bs_AT_S_comercial_layout_AW_3_seed_124,proposed_nsga2_bs,AT_S_comercial_layout_AW_3,124,0,auto_from_instance,10,15,3,28,150,,,,,16,5,3,root > V:0 > BH:11 > BH:22,evaluated,8,inf,False,243,59,184,458.0,1.0,1.0,True,True,1,1,0,True,1,1,0,0,True,True,0,2,3,2,3,5,LS_RP,sampled_pool,,,False,0.06666666666666667,0.1,0.9333333333333333,0.1,adaptive,,feasible_start_adaptive_spacing,feasible_start_adaptive_spacing,True,7,12,feasible_start_adaptive_spacing,0.5,,True,auto_from_instance,0.75,0.35,,"0,6,12",,,,,,"H[11,22]|V[0,6,12]",d4e1950f7246139d290fafd598ff980eb9ac463c
proposed_nsga2_bs_AT_S_comercial_layout_AW_3_seed_124,proposed_nsga2_bs,AT_S_comercial_layout_AW_3,124,0,auto_from_instance,10,15,3,28,150,,,,,17,6,5,root > H:3 > BH:16 > BH:9 > BV:4 > BH:22,selected,1,inf,True,207,110,97,105.0,1.0,1.0,True,True,3,3,0,False,1,1,0,0,True,True,0,4,4,4,4,6,PF_RP,sampled_pool,,,False,0.06666666666666667,0.1,0.9333333333333333,0.1,adaptive,,feasible_start_adaptive_spacing,feasible_start_adaptive_spacing,True,7,12,feasible_start_adaptive_spacing,0.5,,True,auto_from_instance,0.75,0.35,3,"7,8,12",,,,,,"H[3,9,16,22]|V[4,7,8,12]",d860c1ddcae8b37f2e7f66211c07ad1bba19949c
proposed_nsga2_bs_AT_S_comercial_layout_AW_3_seed_124,proposed_nsga2_bs,AT_S_comercial_layout_AW_3,124,0,auto_from_instance,10,15,3,28,150,,,,,18,7,4,root > H:4 > BH:16 > BH:10 > BH:22,selected,0,inf,True,216,120,96,172.0,1.0,1.0,True,True,4,4,0,False,1,1,0,0,True,True,0,4,3,4,3,7,PF_LS_RP,sampled_pool,,,False,0.06666666666666667,0.12044738100798326,0.9333333333333333,0.1,adaptive,,feasible_start_adaptive_spacing,feasible_start_adaptive_spacing,True,7,12,feasible_start_adaptive_spacing,0.5,,True,auto_from_instance,0.75,0.35,4,"0,4,6",,,,,,"H[4,10,16,22]|V[0,4,6]",b2dacc52df1c621d5eaae59d715070d39af33ba3
proposed_nsga2_bs_AT_S_comercial_layout_AW_3_seed_124,proposed_nsga2_bs,AT_S_comercial_layout_AW_3,124,0,auto_from_instance,10,15,3,28,150,,,,,19,8,6,root > V:7 > BH:11 > BH:19 > BH:12 > BH:3 > BV:13,evaluated,2,inf,False,207,104,103,141.0,1.0,1.0,True,True,1,1,0,True,1,1,0,0,True,True,0,5,4,5,4,8,SS,sampled_pool,,,True,0.06666666666666667,0.1,0.9333333333333333,0.1,adaptive,,feasible_start_adaptive_spacing,feasible_start_adaptive_spacing,True,7,12,feasible_start_adaptive_spacing,0.5,,True,auto_from_instance,0.75,0.35,1,"0,5,7",,,,,,"H[1,3,11,12,19]|V[0,5,7,13]",9d3d21d36a6671b620f72af434eb1fd0be3a0f4e
proposed_nsga2_bs_AT_S_comercial_layout_AW_3_seed_124,proposed_nsga2_bs,AT_S_comercial_layout_AW_3,124,0,auto_from_instance,10,15,3,28,150,,,,,20,8,6,root > V:7 > BH:11 > BH:18 > BH:12 > BH:3 > BV:13,evaluated,2,0.0,False,207,104,103,141.0,1.0,1.0,True,True,1,1,0,True,1,1,0,0,True,True,0,5,4,5,4,8,SS,sampled_pool,,,True,0.06666666666666667,0.1,0.9333333333333333,0.1,adaptive,,feasible_start_adaptive_spacing,feasible_start_adaptive_spacing,True,7,12,feasible_start_adaptive_spacing,0.5,,True,auto_from_instance,0.75,0.35,1,"0,5,7",,,,,,"H[1,3,11,12,18]|V[0,5,7,13]",17566a936b0a83eaa90be3aca0f6ae7aafd53551
proposed_nsga2_bs_AT_S_comercial_layout_AW_3_seed_124,proposed_nsga2_bs,AT_S_comercial_layout_AW_3,124,0,auto_from_instance,10,15,3,28,150,,,,,21,8,6,root > V:7 > BH:11 > BH:18 > BH:11 > BH:3 > BV:13,evaluated,2,1.94479302832244,False,207,104,103,141.0,1.0,1.0,True,True,1,1,0,True,1,1,0,0,True,True,0,4,4,4,4,8,SS,sampled_pool,,,True,0.06666666666666667,0.1,0.9333333333333333,0.1,adaptive,,feasible_start_adaptive_spacing,feasible_start_adaptive_spacing,True,7,12,feasible_start_adaptive_spacing,0.5,,True,auto_from_instance,0.75,0.35,1,"0,5,7",,,,,,"H[1,3,11,18]|V[0,5,7,13]",f76b48e5652de108f603ee4d4f9d89e0840c64c7
proposed_nsga2_bs_AT_S_comercial_layout_AW_3_seed_124,proposed_nsga2_bs,AT_S_comercial_layout_AW_3,124,0,auto_from_instance,10,15,3,28,150,,,,,22,8,6,root > V:7 > BH:11 > BH:18 > BH:11 > BH:4 > BV:13,evaluated,3,inf,False,207,104,103,155.0,1.0,1.0,True,True,1,1,0,True,1,1,0,0,True,True,0,4,4,4,4,8,SS,sampled_pool,,,True,0.06666666666666667,0.1,0.9333333333333333,0.1,adaptive,,feasible_start_adaptive_spacing,feasible_start_adaptive_spacing,True,7,12,feasible_start_adaptive_spacing,0.5,,True,auto_from_instance,0.75,0.35,1,"0,5,7",,,,,,"H[1,4,11,18]|V[0,5,7,13]",69a2c48ff8b1cc5d4683fdf1b6bce1d19c214ed3
proposed_nsga2_bs_AT_S_comercial_layout_AW_3_seed_124,proposed_nsga2_bs,AT_S_comercial_layout_AW_3,124,0,auto_from_instance,10,15,3,28,150,,,,,23,9,4,root > H:6 > BH:19 > BH:13 > BV:6,selected,1,inf,True,246,125,121,220.0,1.0,1.0,True,True,3,3,0,False,1,1,0,0,True,True,0,4,4,4,4,9,PF,sampled_pool,,,False,0.06666666666666667,0.1,0.9333333333333333,0.1,adaptive,,feasible_start_adaptive_spacing,feasible_start_adaptive_spacing,True,7,12,feasible_start_adaptive_spacing,0.5,,True,auto_from_instance,0.75,0.35,"1,6","3,12,13",,,,,,"H[1,6,13,19]|V[3,6,12,13]",b7b547cb4691e62927f5ec7084cd7b1a79656bde
proposed_nsga2_bs_AT_S_comercial_layout_AW_3_seed_124,proposed_nsga2_bs,AT_S_comercial_layout_AW_3,124,0,auto_from_instance,10,15,3,28,150,,,,,24,9,4,root > H:6 > BH:19 > BH:12 > BV:6,evaluated,1,0.0,False,246,125,121,220.0,1.0,1.0,True,True,3,3,0,False,1,1,0,0,True,True,0,4,4,4,4,9,PF,sampled_pool,,,False,0.06666666666666667,0.1,0.9333333333333333,0.1,adaptive,,feasible_start_adaptive_spacing,feasible_start_adaptive_spacing,True,7,12,feasible_start_adaptive_spacing,0.5,,True,auto_from_instance,0.75,0.35,"1,6","3,12,13",,,,,,"H[1,6,12,19]|V[3,6,12,13]",8fa87276d2b14fc4f92952c7fc191729e3f9d77e
proposed_nsga2_bs_AT_S_comercial_layout_AW_3_seed_124,proposed_nsga2_bs,AT_S_comercial_layout_AW_3,124,0,auto_from_instance,10,15,3,28,150,,,,,25,9,4,root > H:6 > BH:18 > BH:12 > BV:6,selected,1,inf,True,246,125,121,220.0,1.0,1.0,True,True,3,3,0,False,1,1,0,0,True,True,0,4,4,4,4,9,PF,sampled_pool,,,False,0.06666666666666667,0.1,0.9333333333333333,0.1,adaptive,,feasible_start_adaptive_spacing,feasible_start_adaptive_spacing,True,7,12,feasible_start_adaptive_spacing,0.5,,True,auto_from_instance,0.75,0.35,"1,6","3,12,13",,,,,,"H[1,6,12,18]|V[3,6,12,13]",e0fad9e658853185297715315da7e4e7f9350fec
proposed_nsga2_bs_AT_S_comercial_layout_AW_3_seed_124,proposed_nsga2_bs,AT_S_comercial_layout_AW_3,124,0,auto_from_instance,10,15,3,28,150,,,,,26,9,4,root > H:6 > BH:19 > BH:13 > BV:5,selected,0,inf,True,246,125,121,166.0,1.0,1.0,True,True,3,3,0,False,1,1,0,0,True,True,0,4,4,4,4,9,PF,sampled_pool,,,False,0.06666666666666667,0.1,0.9333333333333333,0.1,adaptive,,feasible_start_adaptive_spacing,feasible_start_adaptive_spacing,True,7,12,feasible_start_adaptive_spacing,0.5,,True,auto_from_instance,0.75,0.35,"1,6","3,12,13",,,,,,"H[1,6,13,19]|V[3,5,12,13]",9dc0533fb763078d94e803aee3f3d070aac59a61
proposed_nsga2_bs_AT_S_comercial_layout_AW_3_seed_124,proposed_nsga2_bs,AT_S_comercial_layout_AW_3,124,0,auto_from_instance,10,15,3,28,150,,,,,27,10,5,root > H:2 > BH:15 > BH:9 > BV:4 > BH:22,selected,0,inf,True,204,110,94,69.0,1.0,1.0,True,True,3,3,0,False,1,1,0,0,True,True,0,4,4,4,4,10,LS_SS,sampled_pool,,,True,0.06666666666666667,0.1,0.9333333333333333,0.1,adaptive,,feasible_start_adaptive_spacing,feasible_start_adaptive_spacing,True,7,12,feasible_start_adaptive_spacing,0.5,,True,auto_from_instance,0.75,0.35,2,"0,1,13",,,,,,"H[2,9,15,22]|V[0,1,4,13]",11d3ebe88426626fb11b9066022940c913788a88
proposed_nsga2_bs_AT_S_comercial_layout_AW_3_seed_124,proposed_nsga2_bs,AT_S_comercial_layout_AW_3,124,1,auto_from_instance,10,15,3,28,150,,,,,1,1,5,root > H:6 > BH:15 > BV:3 > BV:9 > BH:22,selected,1,inf,True,228,98,130,126.0,1.0,1.0,True,True,3,3,0,False,1,1,0,0,True,True,0,6,6,6,6,1,PF_SS_RP,sampled_pool,,,True,0.13333333333333333,0.18935016760696052,0.8666666666666667,0.1,adaptive,bit_flip,offspring,feasible_start_adaptive_spacing,,,,feasible_start_adaptive_spacing,0.5,,True,auto_from_instance,0.75,0.35,"1,6,11,18","3,6,9,12,13,20",,,,,,"H[1,6,11,15,18,22]|V[3,6,9,12,13,20]",ff831007d2cb19c27f4223a274bf22a7edbbf53e
proposed_nsga2_bs_AT_S_comercial_layout_AW_3_seed_124,proposed_nsga2_bs,AT_S_comercial_layout_AW_3,124,1,auto_from_instance,10,15,3,28,150,,,,,2,1,5,root > H:6 > BH:14 > BV:3 > BV:9 > BH:22,selected,3,inf,True,228,98,130,174.0,1.0,1.0,True,True,3,3,0,False,1,1,0,0,True,True,0,6,6,6,6,1,PF_SS_RP,sampled_pool,,,True,0.13333333333333333,0.18935016760696052,0.8666666666666667,0.1,adaptive,bit_flip,offspring,feasible_start_adaptive_spacing,,,,feasible_start_adaptive_spacing,0.5,,True,auto_from_instance,0.75,0.35,"1,6,11,18","3,6,9,12,13,20",,,,,,"H[1,6,11,14,18,22]|V[3,6,9,12,13,20]",e34ff25b4d5ed27084e1bc53fa60ad10b2084389
proposed_nsga2_bs_AT_S_comercial_layout_AW_3_seed_124,proposed_nsga2_bs,AT_S_comercial_layout_AW_3,124,1,auto_from_instance,10,15,3,28,150,,,,,3,1,5,root > H:6 > BH:16 > BV:3 > BV:9 > BH:22,evaluated,4,inf,False,228,98,130,206.0,1.0,1.0,True,True,3,3,0,False,1,1,0,0,True,True,0,6,6,6,6,1,PF_SS_RP,sampled_pool,,,True,0.13333333333333333,0.18935016760696052,0.8666666666666667,0.1,adaptive,bit_flip,offspring,feasible_start_adaptive_spacing,,,,feasible_start_adaptive_spacing,0.5,,True,auto_from_instance,0.75,0.35,"1,6,11,18","3,6,9,12,13,20",,,,,,"H[1,6,11,16,18,22]|V[3,6,9,12,13,20]",3f6c5650382557808c9ce9ea61d9656b41539743
proposed_nsga2_bs_AT_S_comercial_layout_AW_3_seed_124,proposed_nsga2_bs,AT_S_comercial_layout_AW_3,124,1,auto_from_instance,10,15,3,28,150,,,,,4,2,4,root > V:3 > BH:11 > BV:10 > BV:9,selected,0,inf,True,225,115,110,149.0,1.0,1.0,True,True,1,1,0,True,1,1,0,0,True,True,0,3,5,3,5,2,SS_LS_PF,sampled_pool,,,True,0.13333333333333333,0.15307545736959857,0.8666666666666667,0.1,adaptive,spacing_aware_flip,offspring,feasible_start_adaptive_spacing,,,,feasible_start_adaptive_spacing,0.5,,True,auto_from_instance,0.75,0.35,"12,21","0,3,4",,,,,,"H[11,12,21]|V[0,3,4,9,10]",ae825089721f98e0d9805014401719023ff6a664
proposed_nsga2_bs_AT_S_comercial_layout_AW_3_seed_124,proposed_nsga2_bs,AT_S_comercial_layout_AW_3,124,1,auto_from_instance,10,15,3,28,150,,,,,5,2,4,root > V:3 > BH:11 > BV:9 > BV:9,selected,0,inf,True,225,115,110,149.0,1.0,1.0,True,True,1,1,0,True,1,1,0,0,True,True,0,3,4,3,4,2,SS_LS_PF,sampled_pool,,,True,0.13333333333333333,0.15307545736959857,0.8666666666666667,0.1,adaptive,spacing_aware_flip,offspring,feasible_start_adaptive_spacing,,,,feasible_start_adaptive_spacing,0.5,,True,auto_from_instance,0.75,0.35,"12,21","0,3,4",,,,,,"H[11,12,21]|V[0,3,4,9]",0a75f2b327085dc5778e0a33aad21dbd318e0a85
proposed_nsga2_bs_AT_S_comercial_layout_AW_3_seed_124,proposed_nsga2_bs,AT_S_comercial_layout_AW_3,124,1,auto_from_instance,10,15,3,28,150,,,,,6,2,4,root > V:3 > BH:11 > BV:9 > BV:13,evaluated,5,inf,False,225,93,132,226.0,1.0,1.0,True,True,1,1,0,True,1,1,0,0,True,True,0,3,5,3,5,2,SS_LS_PF,sampled_pool,,,True,0.13333333333333333,0.15307545736959857,0.8666666666666667,0.1,adaptive,spacing_aware_flip,offspring,feasible_start_adaptive_spacing,,,,feasible_start_adaptive_spacing,0.5,,True,auto_from_instance,0.75,0.35,"12,21","0,3,4",,,,,,"H[11,12,21]|V[0,3,4,9,13]",3fc0967e8cf1acc9db002871d4c6fad00e132dd7
proposed_nsga2_bs_AT_S_comercial_layout_AW_3_seed_124,proposed_nsga2_bs,AT_S_comercial_layout_AW_3,124,1,auto_from_instance,10,15,3,28,150,,,,,7,3,6,root > V:7 > BH:11 > BH:19 > BH:12 > BH:3 > BV:13,selected,1,inf,True,207,104,103,141.0,1.0,1.0,True,True,1,1,0,True,1,1,0,0,True,True,0,8,5,8,5,3,PF_SS_RP,sampled_pool,,,True,0.13333333333333333,0.17389140033458406,0.8666666666666667,0.1,adaptive,spacing_aware_flip,offspring,feasible_start_adaptive_spacing,,,,feasible_start_adaptive_spacing,0.5,,True,auto_from_instance,0.75,0.35,"0,3,9,16,24","3,7,8,12",,,,,,"H[0,3,9,11,12,16,19,24]|V[3,7,8,12,13]",9d3d21d36a6671b620f72af434eb1fd0be3a0f4e
proposed_nsga2_bs_AT_S_comercial_layout_AW_3_seed_124,proposed_nsga2_bs,AT_S_comercial_layout_AW_3,124,1,auto_from_instance,10,15,3,28,150,,,,,8,3,6,root > V:7 > BH:11 > BH:19 > BH:13 > BH:4 > BV:13,selected,3,inf,True,207,104,103,176.0,1.0,1.0,True,True,1,1,0,True,1,1,0,0,True,True,0,9,5,9,5,3,PF_SS_RP,sampled_pool,,,True,0.13333333333333333,0.17389140033458406,0.8666666666666667,0.1,adaptive,spacing_aware_flip,offspring,feasible_start_adaptive_spacing,,,,feasible_start_adaptive_spacing,0.5,,True,auto_from_instance,0.75,0.35,"0,3,9,16,24","3,7,8,12",,,,,,"H[0,3,4,9,11,13,16,19,24]|V[3,7,8,12,13]",f03482f4c3e8943fd1d8a7356a54c2341286baac
proposed_nsga2_bs_AT_S_comercial_layout_AW_3_seed_124,proposed_nsga2_bs,AT_S_comercial_layout_AW_3,124,1,auto_from_instance,10,15,3,28,150,,,,,9,3,6,root > V:7 > BH:11 > BH:19 > BH:12 > BH:4 > BV:13,evaluated,3,0.0,False,207,104,103,176.0,1.0,1.0,True,True,1,1,0,True,1,1,0,0,True,True,0,9,5,9,5,3,PF_SS_RP,sampled_pool,,,True,0.13333333333333333,0.17389140033458406,0.8666666666666667,0.1,adaptive,spacing_aware_flip,offspring,feasible_start_adaptive_spacing,,,,feasible_start_adaptive_spacing,0.5,,True,auto_from_instance,0.75,0.35,"0,3,9,16,24","3,7,8,12",,,,,,"H[0,3,4,9,11,12,16,19,24]|V[3,7,8,12,13]",3b61e861d5592e0a7ee7e1c63a0f643eda3560fd
proposed_nsga2_bs_AT_S_comercial_layout_AW_3_seed_124,proposed_nsga2_bs,AT_S_comercial_layout_AW_3,124,1,auto_from_instance,10,15,3,28,150,,,,,10,3,6,root > V:7 > BH:11 > BH:19 > BH:13 > BH:3 > BV:13,evaluated,3,inf,False,207,104,103,176.0,1.0,1.0,True,True,1,1,0,True,1,1,0,0,True,True,0,8,5,8,5,3,PF_SS_RP,sampled_pool,,,True,0.13333333333333333,0.17389140033458406,0.8666666666666667,0.1,adaptive,spacing_aware_flip,offspring,feasible_start_adaptive_spacing,,,,feasible_start_adaptive_spacing,0.5,,True,auto_from_instance,0.75,0.35,"0,3,9,16,24","3,7,8,12",,,,,,"H[0,3,9,11,13,16,19,24]|V[3,7,8,12,13]",d62a3d8b262eab712ad0095915c7ec743e47da91
proposed_nsga2_bs_AT_S_comercial_layout_AW_3_seed_124,proposed_nsga2_bs,AT_S_comercial_layout_AW_3,124,1,auto_from_instance,10,15,3,28,150,,,,,11,4,6,root > V:7 > BH:11 > BH:18 > BH:12 > BH:3 > BV:13,selected,1,0.0,True,207,104,103,141.0,1.0,1.0,True,True,1,1,0,True,1,1,0,0,True,True,0,7,5,7,5,4,PF_SS,sampled_pool,,,True,0.13333333333333333,0.14075611846570196,0.8666666666666667,0.1,adaptive,spacing_aware_flip,offspring,feasible_start_adaptive_spacing,,,,feasible_start_adaptive_spacing,0.5,,True,auto_from_instance,0.75,0.35,"0,5,12,18,22","4,6,7,9",,,,,,"H[0,3,5,11,12,18,22]|V[4,6,7,9,13]",17566a936b0a83eaa90be3aca0f6ae7aafd53551
proposed_nsga2_bs_AT_S_comercial_layout_AW_3_seed_124,proposed_nsga2_bs,AT_S_comercial_layout_AW_3,124,1,auto_from_instance,10,15,3,28,150,,,,,12,4,6,root > V:7 > BH:11 > BH:18 > BH:11 > BH:3 > BV:13,selected,1,inf,True,207,104,103,141.0,1.0,1.0,True,True,1,1,0,True,1,1,0,0,True,True,0,7,5,7,5,4,PF_SS,sampled_pool,,,True,0.13333333333333333,0.14075611846570196,0.8666666666666667,0.1,adaptive,spacing_aware_flip,offspring,feasible_start_adaptive_spacing,,,,feasible_start_adaptive_spacing,0.5,,True,auto_from_instance,0.75,0.35,"0,5,12,18,22","4,6,7,9",,,,,,"H[0,3,5,11,12,18,22]|V[4,6,7,9,13]",f76b48e5652de108f603ee4d4f9d89e0840c64c7
proposed_nsga2_bs_AT_S_comercial_layout_AW_3_seed_124,proposed_nsga2_bs,AT_S_comercial_layout_AW_3,124,1,auto_from_instance,10,15,3,28,150,,,,,13,4,6,root > V:7 > BH:11 > BH:18 > BH:11 > BH:4 > BV:13,selected,2,inf,True,207,104,103,155.0,1.0,1.0,True,True,1,1,0,True,1,1,0,0,True,True,0,7,5,7,5,4,PF_SS,sampled_pool,,,True,0.13333333333333333,0.14075611846570196,0.8666666666666667,0.1,adaptive,spacing_aware_flip,offspring,feasible_start_adaptive_spacing,,,,feasible_start_adaptive_spacing,0.5,,True,auto_from_instance,0.75,0.35,"0,5,12,18,22","4,6,7,9",,,,,,"H[0,4,5,11,12,18,22]|V[4,6,7,9,13]",69a2c48ff8b1cc5d4683fdf1b6bce1d19c214ed3
proposed_nsga2_bs_AT_S_comercial_layout_AW_3_seed_124,proposed_nsga2_bs,AT_S_comercial_layout_AW_3,124,1,auto_from_instance,10,15,3,28,150,,,,,14,7,5,root > H:3 > BH:16 > BH:9 > BV:4 > BH:22,selected,0,inf,True,207,110,97,105.0,1.0,1.0,True,True,3,3,0,False,1,1,0,0,True,True,0,6,2,6,2,7,PF_LS_RP,sampled_pool,,,False,0.13333333333333333,0.15048420532992768,0.8666666666666667,0.1,adaptive,insert_random_aisle,offspring,feasible_start_adaptive_spacing,,,,feasible_start_adaptive_spacing,0.5,,True,auto_from_instance,0.75,0.35,"3,10,11,22","4,9",,,,,,"H[3,9,10,11,16,22]|V[4,9]",d860c1ddcae8b37f2e7f66211c07ad1bba19949c
proposed_nsga2_bs_AT_S_comercial_layout_AW_3_seed_124,proposed_nsga2_bs,AT_S_comercial_layout_AW_3,124,2,auto_from_instance,10,15,3,28,150,,,,,1,1,5,root > H:3 > BH:16 > BH:9 > BV:4 > BH:22,selected,0,inf,True,207,110,97,105.0,1.0,1.0,True,True,3,3,0,False,1,1,0,0,True,True,0,7,1,7,1,1,PF_RP,sampled_pool,,,False,0.2,0.2193273229622338,0.8,0.1,adaptive,remove_random_aisle,offspring,feasible_start_adaptive_spacing,,,,feasible_start_adaptive_spacing,0.5,,True,auto_from_instance,0.75,0.35,"3,9,11,12,21",4,,,,,,"H[3,9,11,12,16,21,22]|V[4]",d860c1ddcae8b37f2e7f66211c07ad1bba19949c
proposed_nsga2_bs_AT_S_comercial_layout_AW_3_seed_124,proposed_nsga2_bs,AT_S_comercial_layout_AW_3,124,2,auto_from_instance,10,15,3,28,150,,,,,2,2,4,root > V:2 > BH:11 > BV:9 > BH:18,selected,0,inf,True,222,115,107,74.0,1.0,1.0,True,True,1,1,0,True,1,1,0,0,True,True,0,5,4,5,4,2,RP_LS,sampled_pool,,,False,0.2,0.2389465594277062,0.8,0.1,adaptive,break_symmetry,offspring,feasible_start_adaptive_spacing,,,,feasible_start_adaptive_spacing,0.5,,True,auto_from_instance,0.75,0.35,"10,11,16,22","0,2,4,9",,,,,,"H[10,11,16,18,22]|V[0,2,4,9]",313e3f681b33bc30f90444b0b1b5dd821fed5c79
proposed_nsga2_bs_AT_S_comercial_layout_AW_3_seed_124,proposed_nsga2_bs,AT_S_comercial_layout_AW_3,124,2,auto_from_instance,10,15,3,28,150,,,,,3,2,4,root > V:2 > BH:11 > BV:9 > BV:9,selected,0,inf,True,222,115,107,74.0,1.0,1.0,True,True,1,1,0,True,1,1,0,0,True,True,0,4,4,4,4,2,RP_LS,sampled_pool,,,False,0.2,0.2389465594277062,0.8,0.1,adaptive,break_symmetry,offspring,feasible_start_adaptive_spacing,,,,feasible_start_adaptive_spacing,0.5,,True,auto_from_instance,0.75,0.35,"10,11,16,22","0,2,4,9",,,,,,"H[10,11,16,22]|V[0,2,4,9]",b41b2678f47c3e9bfe9aa6316c7790f5ace7089f
proposed_nsga2_bs_AT_S_comercial_layout_AW_3_seed_124,proposed_nsga2_bs,AT_S_comercial_layout_AW_3,124,2,auto_from_instance,10,15,3,28,150,,,,,4,2,4,root > V:2 > BH:11 > BV:9 > BH:19,selected,1,inf,True,222,115,107,107.0,1.0,1.0,True,True,1,1,0,True,1,1,0,0,True,True,0,5,4,5,4,2,RP_LS,sampled_pool,,,False,0.2,0.2389465594277062,0.8,0.1,adaptive,break_symmetry,offspring,feasible_start_adaptive_spacing,,,,feasible_start_adaptive_spacing,0.5,,True,auto_from_instance,0.75,0.35,"10,11,16,22","0,2,4,9",,,,,,"H[10,11,16,19,22]|V[0,2,4,9]",a13494f6aa090e10b6ffeff3cbd3e8aae05c5505
proposed_nsga2_bs_AT_S_comercial_layout_AW_3_seed_124,proposed_nsga2_bs,AT_S_comercial_layout_AW_3,124,2,auto_from_instance,10,15,3,28,150,,,,,5,2,4,root > V:2 > BH:11 > BV:9 > BH:17,selected,1,inf,True,222,115,107,107.0,1.0,1.0,True,True,1,1,0,True,1,1,0,0,True,True,0,5,4,5,4,2,RP_LS,sampled_pool,,,False,0.2,0.2389465594277062,0.8,0.1,adaptive,break_symmetry,offspring,feasible_start_adaptive_spacing,,,,feasible_start_adaptive_spacing,0.5,,True,auto_from_instance,0.75,0.35,"10,11,16,22","0,2,4,9",,,,,,"H[10,11,16,17,22]|V[0,2,4,9]",d89d9c0816652c94552acbfc45afb2cb1c2c8b8e
proposed_nsga2_bs_AT_S_comercial_layout_AW_3_seed_124,proposed_nsga2_bs,AT_S_comercial_layout_AW_3,124,2,auto_from_instance,10,15,3,28,150,,,,,6,3,6,root > V:7 > BH:11 > BH:19 > BH:13 > BH:7 > BV:13,evaluated,4,inf,False,207,104,103,344.0,1.0,1.0,True,True,1,1,0,True,1,1,0,0,True,True,0,11,5,11,5,3,PF_LS,sampled_pool,,,False,0.2,0.10838252164135286,0.8,0.1,adaptive,swap_segments,offspring,feasible_start_adaptive_spacing,,,,feasible_start_adaptive_spacing,0.5,,True,auto_from_instance,0.75,0.35,"0,4,5,9,12,18,24","4,6,7,9,13",,,,,,"H[0,4,5,7,9,11,12,13,18,19,24]|V[4,6,7,9,13]",cb1343380110b3189ce0a49cd3bbd0b80591b9dd
proposed_nsga2_bs_AT_S_comercial_layout_AW_3_seed_124,proposed_nsga2_bs,AT_S_comercial_layout_AW_3,124,2,auto_from_instance,10,15,3,28,150,,,,,7,3,6,root > V:7 > BH:11 > BH:19 > BH:13 > BH:6 > BV:13,evaluated,3,inf,False,207,104,103,267.0,1.0,1.0,True,True,1,1,0,True,1,1,0,0,True,True,0,11,5,11,5,3,PF_LS,sampled_pool,,,False,0.2,0.10838252164135286,0.8,0.1,adaptive,swap_segments,offspring,feasible_start_adaptive_spacing,,,,feasible_start_adaptive_spacing,0.5,,True,auto_from_instance,0.75,0.35,"0,4,5,9,12,18,24","4,6,7,9,13",,,,,,"H[0,4,5,6,9,11,12,13,18,19,24]|V[4,6,7,9,13]",d2594743c127de8784a3f78c820ad2d01666feb8
proposed_nsga2_bs_AT_S_comercial_layout_AW_3_seed_124,proposed_nsga2_bs,AT_S_comercial_layout_AW_3,124,2,auto_from_instance,10,15,3,28,150,,,,,8,3,6,root > V:7 > BH:11 > BH:19 > BH:12 > BH:6 > BV:13,evaluated,3,0.0,False,207,104,103,267.0,1.0,1.0,True,True,1,1,0,True,1,1,0,0,True,True,0,10,5,10,5,3,PF_LS,sampled_pool,,,False,0.2,0.10838252164135286,0.8,0.1,adaptive,swap_segments,offspring,feasible_start_adaptive_spacing,,,,feasible_start_adaptive_spacing,0.5,,True,auto_from_instance,0.75,0.35,"0,4,5,9,12,18,24","4,6,7,9,13",,,,,,"H[0,4,5,6,9,11,12,18,19,24]|V[4,6,7,9,13]",dfba6e6310ef2f9b0ce287fae7ed9faac7db102b
proposed_nsga2_bs_AT_S_comercial_layout_AW_3_seed_124,proposed_nsga2_bs,AT_S_comercial_layout_AW_3,124,2,auto_from_instance,10,15,3,28,150,,,,,9,3,6,root > V:7 > BH:11 > BH:18 > BH:12 > BH:6 > BV:13,evaluated,3,inf,False,207,104,103,267.0,1.0,1.0,True,True,1,1,0,True,1,1,0,0,True,True,0,9,5,9,5,3,PF_LS,sampled_pool,,,False,0.2,0.10838252164135286,0.8,0.1,adaptive,swap_segments,offspring,feasible_start_adaptive_spacing,,,,feasible_start_adaptive_spacing,0.5,,True,auto_from_instance,0.75,0.35,"0,4,5,9,12,18,24","4,6,7,9,13",,,,,,"H[0,4,5,6,9,11,12,18,24]|V[4,6,7,9,13]",b9a8898b4ac55948fc05442899ed51ba9773a1fa
proposed_nsga2_bs_AT_S_comercial_layout_AW_3_seed_124,proposed_nsga2_bs,AT_S_comercial_layout_AW_3,124,2,auto_from_instance,10,15,3,28,150,,,,,10,4,7,root > V:6 > BH:11 > BH:16 > BH:9 > BH:3 > BV:13 > BH:22,selected,1,inf,True,195,97,98,168.0,1.0,1.0,True,True,1,1,0,True,1,1,0,0,True,True,0,10,5,10,5,4,RP,sampled_pool,,,False,0.2,0.1,0.8,0.1,adaptive,spacing_aware_flip,offspring,feasible_start_adaptive_spacing,,,,feasible_start_adaptive_spacing,0.5,,True,auto_from_instance,0.75,0.35,"0,3,5,11,12,18,22,27","4,6,7,9,13",,,,,,"H[0,3,5,9,11,12,16,18,22,27]|V[4,6,7,9,13]",a359334c37accd32e3770b116cdabee633d77ada
proposed_nsga2_bs_AT_S_comercial_layout_AW_3_seed_124,proposed_nsga2_bs,AT_S_comercial_layout_AW_3,124,2,auto_from_instance,10,15,3,28,150,,,,,11,6,6,root > V:7 > BH:11 > BV:13 > BH:19 > BH:12 > BH:3,selected,1,0.935960118876426,True,207,104,103,141.0,1.0,1.0,True,True,1,1,0,True,1,1,0,0,True,True,0,10,5,10,5,6,LS_RP,sampled_pool,,,False,0.2,0.19695070335869239,0.8,0.1,adaptive,spacing_aware_flip,offspring,feasible_start_adaptive_spacing,,,,feasible_start_adaptive_spacing,0.5,,True,auto_from_instance,0.75,0.35,"0,3,5,11,16,18,22,26","4,6,7,9",,,,,,"H[0,3,5,11,12,16,18,19,22,26]|V[4,6,7,9,13]",9d3d21d36a6671b620f72af434eb1fd0be3a0f4e
proposed_nsga2_bs_AT_S_comercial_layout_AW_3_seed_124,proposed_nsga2_bs,AT_S_comercial_layout_AW_3,124,2,auto_from_instance,10,15,3,28,150,,,,,12,6,6,root > V:7 > BH:11 > BV:13 > BH:18 > BH:12 > BH:3,selected,1,0.0,True,207,104,103,141.0,1.0,1.0,True,True,1,1,0,True,1,1,0,0,True,True,0,9,5,9,5,6,LS_RP,sampled_pool,,,False,0.2,0.19695070335869239,0.8,0.1,adaptive,spacing_aware_flip,offspring,feasible_start_adaptive_spacing,,,,feasible_start_adaptive_spacing,0.5,,True,auto_from_instance,0.75,0.35,"0,3,5,11,16,18,22,26","4,6,7,9",,,,,,"H[0,3,5,11,12,16,18,22,26]|V[4,6,7,9,13]",17566a936b0a83eaa90be3aca0f6ae7aafd53551
proposed_nsga2_bs_AT_S_comercial_layout_AW_3_seed_124,proposed_nsga2_bs,AT_S_comercial_layout_AW_3,124,2,auto_from_instance,10,15,3,28,150,,,,,13,6,6,root > V:7 > BH:11 > BV:13 > BH:18 > BH:11 > BH:3,selected,1,1.2554884478956956,True,207,104,103,141.0,1.0,1.0,True,True,1,1,0,True,1,1,0,0,True,True,0,8,5,8,5,6,LS_RP,sampled_pool,,,False,0.2,0.19695070335869239,0.8,0.1,adaptive,spacing_aware_flip,offspring,feasible_start_adaptive_spacing,,,,feasible_start_adaptive_spacing,0.5,,True,auto_from_instance,0.75,0.35,"0,3,5,11,16,18,22,26","4,6,7,9",,,,,,"H[0,3,5,11,16,18,22,26]|V[4,6,7,9,13]",f76b48e5652de108f603ee4d4f9d89e0840c64c7
proposed_nsga2_bs_AT_S_comercial_layout_AW_3_seed_124,proposed_nsga2_bs,AT_S_comercial_layout_AW_3,124,2,auto_from_instance,10,15,3,28,150,,,,,14,6,6,root > V:7 > BH:11 > BV:13 > BH:18 > BH:11 > BH:4,evaluated,2,inf,False,207,104,103,155.0,1.0,1.0,True,True,1,1,0,True,1,1,0,0,True,True,0,9,5,9,5,6,LS_RP,sampled_pool,,,False,0.2,0.19695070335869239,0.8,0.1,adaptive,spacing_aware_flip,offspring,feasible_start_adaptive_spacing,,,,feasible_start_adaptive_spacing,0.5,,True,auto_from_instance,0.75,0.35,"0,3,5,11,16,18,22,26","4,6,7,9",,,,,,"H[0,3,4,5,11,16,18,22,26]|V[4,6,7,9,13]",69a2c48ff8b1cc5d4683fdf1b6bce1d19c214ed3
proposed_nsga2_bs_AT_S_comercial_layout_AW_3_seed_124,proposed_nsga2_bs,AT_S_comercial_layout_AW_3,124,2,auto_from_instance,10,15,3,28,150,,,,,15,7,6,root > V:6 > BH:11 > BH:19 > BH:13 > BH:7 > BV:13,evaluated,4,3.0,False,213,98,115,319.0,1.0,1.0,True,True,1,1,0,True,1,1,0,0,True,True,0,10,6,10,6,7,PF_RP,sampled_pool,,,False,0.2,0.1,0.8,0.1,adaptive,bit_flip,offspring,feasible_start_adaptive_spacing,,,,feasible_start_adaptive_spacing,0.5,,True,auto_from_instance,0.75,0.35,"1,3,5,11,15,18,22","4,6,9,12,13,20",,,,,,"H[1,3,5,7,11,13,15,18,19,22]|V[4,6,9,12,13,20]",23ef570038b4a2e4003284fcf16d928fbd63ba52
proposed_nsga2_bs_AT_S_comercial_layout_AW_3_seed_124,proposed_nsga2_bs,AT_S_comercial_layout_AW_3,124,2,auto_from_instance,10,15,3,28,150,,,,,16,7,6,root > V:6 > BH:11 > BH:19 > BH:12 > BH:3 > BV:13,evaluated,3,inf,False,213,97,116,186.0,1.0,1.0,True,True,1,1,0,True,1,1,0,0,True,True,0,9,6,9,6,7,PF_RP,sampled_pool,,,False,0.2,0.1,0.8,0.1,adaptive,bit_flip,offspring,feasible_start_adaptive_spacing,,,,feasible_start_adaptive_spacing,0.5,,True,auto_from_instance,0.75,0.35,"1,3,5,11,15,18,22","4,6,9,12,13,20",,,,,,"H[1,3,5,11,12,15,18,19,22]|V[4,6,9,12,13,20]",b4012e63027e98af1c9b903c6073f2c7d839fa07
proposed_nsga2_bs_AT_S_comercial_layout_AW_3_seed_124,proposed_nsga2_bs,AT_S_comercial_layout_AW_3,124,2,auto_from_instance,10,15,3,28,150,,,,,17,7,6,root > V:6 > BH:11 > BH:18 > BH:12 > BH:3 > BV:13,evaluated,3,0.0,False,213,97,116,186.0,1.0,1.0,True,True,1,1,0,True,1,1,0,0,True,True,0,8,6,8,6,7,PF_RP,sampled_pool,,,False,0.2,0.1,0.8,0.1,adaptive,bit_flip,offspring,feasible_start_adaptive_spacing,,,,feasible_start_adaptive_spacing,0.5,,True,auto_from_instance,0.75,0.35,"1,3,5,11,15,18,22","4,6,9,12,13,20",,,,,,"H[1,3,5,11,12,15,18,22]|V[4,6,9,12,13,20]",5d31a8ee0a0514c37e90291823b55cfda5397753
proposed_nsga2_bs_AT_S_comercial_layout_AW_3_seed_124,proposed_nsga2_bs,AT_S_comercial_layout_AW_3,124,2,auto_from_instance,10,15,3,28,150,,,,,18,7,6,root > V:6 > BH:11 > BH:18 > BH:11 > BH:3 > BV:13,evaluated,3,inf,False,213,97,116,186.0,1.0,1.0,True,True,1,1,0,True,1,1,0,0,True,True,0,7,6,7,6,7,PF_RP,sampled_pool,,,False,0.2,0.1,0.8,0.1,adaptive,bit_flip,offspring,feasible_start_adaptive_spacing,,,,feasible_start_adaptive_spacing,0.5,,True,auto_from_instance,0.75,0.35,"1,3,5,11,15,18,22","4,6,9,12,13,20",,,,,,"H[1,3,5,11,15,18,22]|V[4,6,9,12,13,20]",b095e5b34667b8ab82bbbd111665ed2dfd614c34
proposed_nsga2_bs_AT_S_comercial_layout_AW_3_seed_124,proposed_nsga2_bs,AT_S_comercial_layout_AW_3,124,2,auto_from_instance,10,15,3,28,150,,,,,19,8,4,root > V:3 > BH:11 > BV:10 > BV:9,evaluated,2,inf,False,225,115,110,149.0,1.0,1.0,True,True,1,1,0,True,1,1,0,0,True,True,0,6,7,6,7,8,LS,sampled_pool,,,False,0.2,0.1818029521128125,0.8,0.1,adaptive,swap_segments,offspring,feasible_start_adaptive_spacing,,,,feasible_start_adaptive_spacing,0.5,,True,auto_from_instance,0.75,0.35,"0,6,11,12,18,22","3,4,6,7,9,13",,,,,,"H[0,6,11,12,18,22]|V[3,4,6,7,9,10,13]",ae825089721f98e0d9805014401719023ff6a664
proposed_nsga2_bs_AT_S_comercial_layout_AW_3_seed_124,proposed_nsga2_bs,AT_S_comercial_layout_AW_3,124,2,auto_from_instance,10,15,3,28,150,,,,,20,8,4,root > V:3 > BH:11 > BV:9 > BV:9,evaluated,2,inf,False,225,115,110,149.0,1.0,1.0,True,True,1,1,0,True,1,1,0,0,True,True,0,6,6,6,6,8,LS,sampled_pool,,,False,0.2,0.1818029521128125,0.8,0.1,adaptive,swap_segments,offspring,feasible_start_adaptive_spacing,,,,feasible_start_adaptive_spacing,0.5,,True,auto_from_instance,0.75,0.35,"0,6,11,12,18,22","3,4,6,7,9,13",,,,,,"H[0,6,11,12,18,22]|V[3,4,6,7,9,13]",0a75f2b327085dc5778e0a33aad21dbd318e0a85
proposed_nsga2_bs_AT_S_comercial_layout_AW_3_seed_124,proposed_nsga2_bs,AT_S_comercial_layout_AW_3,124,2,auto_from_instance,10,15,3,28,150,,,,,21,8,4,root > V:3 > BH:11 > BV:9 > BV:13,evaluated,4,inf,False,225,93,132,226.0,1.0,1.0,True,True,1,1,0,True,1,1,0,0,True,True,0,6,6,6,6,8,LS,sampled_pool,,,False,0.2,0.1818029521128125,0.8,0.1,adaptive,swap_segments,offspring,feasible_start_adaptive_spacing,,,,feasible_start_adaptive_spacing,0.5,,True,auto_from_instance,0.75,0.35,"0,6,11,12,18,22","3,4,6,7,9,13",,,,,,"H[0,6,11,12,18,22]|V[3,4,6,7,9,13]",3fc0967e8cf1acc9db002871d4c6fad00e132dd7
proposed_nsga2_bs_AT_S_comercial_layout_AW_3_seed_124,proposed_nsga2_bs,AT_S_comercial_layout_AW_3,124,2,auto_from_instance,10,15,3,28,150,,,,,22,10,5,root > H:0 > BH:15 > BH:9 > BV:4 > BH:22,selected,1,inf,True,198,96,102,126.0,1.0,1.0,True,True,3,3,0,False,1,1,0,0,True,True,0,7,3,7,3,10,SS,sampled_pool,,,True,0.2,0.30160822459065556,0.8,0.1,adaptive,break_symmetry,offspring,feasible_start_adaptive_spacing,,,,feasible_start_adaptive_spacing,0.5,,True,auto_from_instance,0.75,0.35,"0,11,12,18,22","4,8,10",,,,,,"H[0,9,11,12,15,18,22]|V[4,8,10]",4fbda55a4b9008306093d3bf65d5bdfac05d2bde
proposed_nsga2_bs_AT_S_comercial_layout_AW_3_seed_124,proposed_nsga2_bs,AT_S_comercial_layout_AW_3,124,3,auto_from_instance,10,15,3,28,150,,,,,1,1,4,root > V:2 > BH:11 > BV:9 > BH:18,selected,0,inf,True,222,115,107,74.0,1.0,1.0,True,True,1,1,0,True,1,1,0,0,True,True,0,5,5,5,5,1,RP,sampled_pool,,,False,0.26666666666666666,0.31353870923348326,0.7333333333333334,0.1,adaptive,spacing_aware_flip,offspring,feasible_start_adaptive_spacing,,,,feasible_start_adaptive_spacing,0.5,,True,auto_from_instance,0.75,0.35,"10,11,16,18,22","0,2,4,9,13",,,,,,"H[10,11,16,18,22]|V[0,2,4,9,13]",313e3f681b33bc30f90444b0b1b5dd821fed5c79
proposed_nsga2_bs_AT_S_comercial_layout_AW_3_seed_124,proposed_nsga2_bs,AT_S_comercial_layout_AW_3,124,3,auto_from_instance,10,15,3,28,150,,,,,2,1,4,root > V:2 > BH:11 > BV:9 > BV:9,selected,0,inf,True,222,115,107,74.0,1.0,1.0,True,True,1,1,0,True,1,1,0,0,True,True,0,5,5,5,5,1,RP,sampled_pool,,,False,0.26666666666666666,0.31353870923348326,0.7333333333333334,0.1,adaptive,spacing_aware_flip,offspring,feasible_start_adaptive_spacing,,,,feasible_start_adaptive_spacing,0.5,,True,auto_from_instance,0.75,0.35,"10,11,16,18,22","0,2,4,9,13",,,,,,"H[10,11,16,18,22]|V[0,2,4,9,13]",b41b2678f47c3e9bfe9aa6316c7790f5ace7089f
proposed_nsga2_bs_AT_S_comercial_layout_AW_3_seed_124,proposed_nsga2_bs,AT_S_comercial_layout_AW_3,124,3,auto_from_instance,10,15,3,28,150,,,,,3,1,4,root > V:2 > BH:11 > BV:9 > BH:19,selected,1,inf,True,222,115,107,107.0,1.0,1.0,True,True,1,1,0,True,1,1,0,0,True,True,0,6,5,6,5,1,RP,sampled_pool,,,False,0.26666666666666666,0.31353870923348326,0.7333333333333334,0.1,adaptive,spacing_aware_flip,offspring,feasible_start_adaptive_spacing,,,,feasible_start_adaptive_spacing,0.5,,True,auto_from_instance,0.75,0.35,"10,11,16,18,22","0,2,4,9,13",,,,,,"H[10,11,16,18,19,22]|V[0,2,4,9,13]",a13494f6aa090e10b6ffeff3cbd3e8aae05c5505
proposed_nsga2_bs_AT_S_comercial_layout_AW_3_seed_124,proposed_nsga2_bs,AT_S_comercial_layout_AW_3,124,3,auto_from_instance,10,15,3,28,150,,,,,4,1,4,root > V:2 > BH:11 > BV:9 > BH:17,selected,1,inf,True,222,115,107,107.0,1.0,1.0,True,True,1,1,0,True,1,1,0,0,True,True,0,6,5,6,5,1,RP,sampled_pool,,,False,0.26666666666666666,0.31353870923348326,0.7333333333333334,0.1,adaptive,spacing_aware_flip,offspring,feasible_start_adaptive_spacing,,,,feasible_start_adaptive_spacing,0.5,,True,auto_from_instance,0.75,0.35,"10,11,16,18,22","0,2,4,9,13",,,,,,"H[10,11,16,17,18,22]|V[0,2,4,9,13]",d89d9c0816652c94552acbfc45afb2cb1c2c8b8e
proposed_nsga2_bs_AT_S_comercial_layout_AW_3_seed_124,proposed_nsga2_bs,AT_S_comercial_layout_AW_3,124,3,auto_from_instance,10,15,3,28,150,,,,,5,2,4,root > V:2 > BH:11 > BH:19 > BV:8,selected,1,inf,True,222,120,102,151.0,1.0,1.0,True,True,1,1,0,True,1,1,0,0,True,True,0,6,5,6,5,2,PF,sampled_pool,,,False,0.26666666666666666,0.2898343699244184,0.7333333333333334,0.1,adaptive,insert_random_aisle,offspring,feasible_start_adaptive_spacing,,,,feasible_start_adaptive_spacing,0.5,,True,auto_from_instance,0.75,0.35,"7,10,11,16,22","0,2,4,9",,,,,,"H[7,10,11,16,19,22]|V[0,2,4,8,9]",8ba645c74da6577ac7820f92db785eac755acc05
proposed_nsga2_bs_AT_S_comercial_layout_AW_3_seed_124,proposed_nsga2_bs,AT_S_comercial_layout_AW_3,124,3,auto_from_instance,10,15,3,28,150,,,,,6,2,4,root > V:2 > BH:11 > BH:18 > BV:8,selected,0,inf,True,222,120,102,118.0,1.0,1.0,True,True,1,1,0,True,1,1,0,0,True,True,0,6,5,6,5,2,PF,sampled_pool,,,False,0.26666666666666666,0.2898343699244184,0.7333333333333334,0.1,adaptive,insert_random_aisle,offspring,feasible_start_adaptive_spacing,,,,feasible_start_adaptive_spacing,0.5,,True,auto_from_instance,0.75,0.35,"7,10,11,16,22","0,2,4,9",,,,,,"H[7,10,11,16,18,22]|V[0,2,4,8,9]",c7821f85912c8e5c3b6ca7ddc3262e68ecac8a29
proposed_nsga2_bs_AT_S_comercial_layout_AW_3_seed_124,proposed_nsga2_bs,AT_S_comercial_layout_AW_3,124,3,auto_from_instance,10,15,3,28,150,,,,,7,2,4,root > V:2 > BH:11 > BH:17 > BV:8,evaluated,1,0.0,False,222,120,102,151.0,1.0,1.0,True,True,1,1,0,True,1,1,0,0,True,True,0,6,5,6,5,2,PF,sampled_pool,,,False,0.26666666666666666,0.2898343699244184,0.7333333333333334,0.1,adaptive,insert_random_aisle,offspring,feasible_start_adaptive_spacing,,,,feasible_start_adaptive_spacing,0.5,,True,auto_from_instance,0.75,0.35,"7,10,11,16,22","0,2,4,9",,,,,,"H[7,10,11,16,17,22]|V[0,2,4,8,9]",2035ca093874466b8e7b1e9f7aa71b738528a47d
proposed_nsga2_bs_AT_S_comercial_layout_AW_3_seed_124,proposed_nsga2_bs,AT_S_comercial_layout_AW_3,124,3,auto_from_instance,10,15,3,28,150,,,,,8,3,5,root > H:3 > BH:16 > BH:9 > BV:4 > BH:22,selected,0,inf,True,207,110,97,105.0,1.0,1.0,True,True,3,3,0,False,1,1,0,0,True,True,0,12,4,12,4,3,PF_LS_RP,sampled_pool,,,False,0.26666666666666666,0.29428835375254264,0.7333333333333334,0.1,adaptive,swap_segments,offspring,feasible_start_adaptive_spacing,,,,feasible_start_adaptive_spacing,0.5,,True,auto_from_instance,0.75,0.35,"0,3,5,8,11,12,16,18,23,27","2,4,9,13",,,,,,"H[0,3,5,8,9,11,12,16,18,22,23,27]|V[2,4,9,13]",d860c1ddcae8b37f2e7f66211c07ad1bba19949c
proposed_nsga2_bs_AT_S_comercial_layout_AW_3_seed_124,proposed_nsga2_bs,AT_S_comercial_layout_AW_3,124,3,auto_from_instance,10,15,3,28,150,,,,,9,4,6,root > V:7 > BH:11 > BH:19 > BH:12 > BH:3 > BV:13,evaluated,1,1.6602272727272727,False,207,104,103,141.0,1.0,1.0,True,True,1,1,0,True,1,1,0,0,True,True,0,9,6,9,6,4,PF_LS_RP,sampled_pool,,,False,0.26666666666666666,0.26291664499928924,0.7333333333333334,0.1,adaptive,swap_segments,offspring,feasible_start_adaptive_spacing,,,,feasible_start_adaptive_spacing,0.5,,True,auto_from_instance,0.75,0.35,"0,5,6,10,22","0,4,6,7,9",,,,,,"H[0,3,5,6,10,11,12,19,22]|V[0,4,6,7,9,13]",9d3d21d36a6671b620f72af434eb1fd0be3a0f4e
proposed_nsga2_bs_AT_S_comercial_layout_AW_3_seed_124,proposed_nsga2_bs,AT_S_comercial_layout_AW_3,124,3,auto_from_instance,10,15,3,28,150,,,,,10,4,6,root > V:7 > BH:11 > BH:18 > BH:12 > BH:3 > BV:13,evaluated,1,0.0,False,207,104,103,141.0,1.0,1.0,True,True,1,1,0,True,1,1,0,0,True,True,0,9,6,9,6,4,PF_LS_RP,sampled_pool,,,False,0.26666666666666666,0.26291664499928924,0.7333333333333334,0.1,adaptive,swap_segments,offspring,feasible_start_adaptive_spacing,,,,feasible_start_adaptive_spacing,0.5,,True,auto_from_instance,0.75,0.35,"0,5,6,10,22","0,4,6,7,9",,,,,,"H[0,3,5,6,10,11,12,18,22]|V[0,4,6,7,9,13]",17566a936b0a83eaa90be3aca0f6ae7aafd53551
proposed_nsga2_bs_AT_S_comercial_layout_AW_3_seed_124,proposed_nsga2_bs,AT_S_comercial_layout_AW_3,124,3,auto_from_instance,10,15,3,28,150,,,,,11,4,6,root > V:7 > BH:11 > BH:18 > BH:11 > BH:3 > BV:13,selected,1,inf,True,207,104,103,141.0,1.0,1.0,True,True,1,1,0,True,1,1,0,0,True,True,0,8,6,8,6,4,PF_LS_RP,sampled_pool,,,False,0.26666666666666666,0.26291664499928924,0.7333333333333334,0.1,adaptive,swap_segments,offspring,feasible_start_adaptive_spacing,,,,feasible_start_adaptive_spacing,0.5,,True,auto_from_instance,0.75,0.35,"0,5,6,10,22","0,4,6,7,9",,,,,,"H[0,3,5,6,10,11,18,22]|V[0,4,6,7,9,13]",f76b48e5652de108f603ee4d4f9d89e0840c64c7
proposed_nsga2_bs_AT_S_comercial_layout_AW_3_seed_124,proposed_nsga2_bs,AT_S_comercial_layout_AW_3,124,3,auto_from_instance,10,15,3,28,150,,,,,12,4,6,root > V:7 > BH:11 > BH:18 > BH:11 > BH:4 > BV:13,evaluated,2,inf,False,207,104,103,155.0,1.0,1.0,True,True,1,1,0,True,1,1,0,0,True,True,0,8,6,8,6,4,PF_LS_RP,sampled_pool,,,False,0.26666666666666666,0.26291664499928924,0.7333333333333334,0.1,adaptive,swap_segments,offspring,feasible_start_adaptive_spacing,,,,feasible_start_adaptive_spacing,0.5,,True,auto_from_instance,0.75,0.35,"0,5,6,10,22","0,4,6,7,9",,,,,,"H[0,4,5,6,10,11,18,22]|V[0,4,6,7,9,13]",69a2c48ff8b1cc5d4683fdf1b6bce1d19c214ed3
proposed_nsga2_bs_AT_S_comercial_layout_AW_3_seed_124,proposed_nsga2_bs,AT_S_comercial_layout_AW_3,124,3,auto_from_instance,10,15,3,28,150,,,,,13,6,4,root > V:2 > BH:11 > BV:9 > BV:8,selected,0,inf,True,222,120,102,118.0,1.0,1.0,True,True,1,1,0,True,1,1,0,0,True,True,0,5,5,5,5,6,SS_PF_LS,sampled_pool,,,True,0.26666666666666666,0.279241381493424,0.7333333333333334,0.1,adaptive,swap_segments,offspring,feasible_start_adaptive_spacing,,,,feasible_start_adaptive_spacing,0.5,,True,auto_from_instance,0.75,0.35,"10,11,16,19,22","0,2,9,17",,,,,,"H[10,11,16,19,22]|V[0,2,8,9,17]",819b823d42066f1be4d37e503ecee22d07e5a6b0
proposed_nsga2_bs_AT_S_comercial_layout_AW_3_seed_124,proposed_nsga2_bs,AT_S_comercial_layout_AW_3,124,3,auto_from_instance,10,15,3,28,150,,,,,14,7,4,root > V:2 > BH:11 > BV:10 > BV:8,selected,1,inf,True,222,120,102,151.0,1.0,1.0,True,True,1,1,0,True,1,1,0,0,True,True,0,4,7,4,7,7,LS,sampled_pool,,,False,0.26666666666666666,0.2140089024422151,0.7333333333333334,0.1,adaptive,spacing_aware_flip,offspring,feasible_start_adaptive_spacing,,,,feasible_start_adaptive_spacing,0.5,,True,auto_from_instance,0.75,0.35,"10,11,16,22","0,2,4,9,16",,,,,,"H[10,11,16,22]|V[0,2,4,8,9,10,16]",03c67b2d4d0ff5d630de950e66baadfff633ff2e
proposed_nsga2_bs_AT_S_comercial_layout_AW_3_seed_124,proposed_nsga2_bs,AT_S_comercial_layout_AW_3,124,4,auto_from_instance,10,15,3,28,150,,,,,1,1,4,root > V:2 > BH:11 > BH:19 > BV:8,selected,1,inf,True,222,120,102,151.0,1.0,1.0,True,True,1,1,0,True,1,1,0,0,True,True,0,6,5,6,5,1,PF_LS,sampled_pool,,,False,0.3333333333333333,0.4138343622329343,0.6666666666666667,0.1,adaptive,swap_segments,offspring,feasible_start_adaptive_spacing,,,,feasible_start_adaptive_spacing,0.5,,True,auto_from_instance,0.75,0.35,"6,9,10,11,16","0,2,8,9,17",,,,,,"H[6,9,10,11,16,19]|V[0,2,8,9,17]",8ba645c74da6577ac7820f92db785eac755acc05
proposed_nsga2_bs_AT_S_comercial_layout_AW_3_seed_124,proposed_nsga2_bs,AT_S_comercial_layout_AW_3,124,4,auto_from_instance,10,15,3,28,150,,,,,2,1,4,root > V:2 > BH:11 > BH:18 > BV:8,selected,0,1.2072192513368982,True,222,120,102,118.0,1.0,1.0,True,True,1,1,0,True,1,1,0,0,True,True,0,6,5,6,5,1,PF_LS,sampled_pool,,,False,0.3333333333333333,0.4138343622329343,0.6666666666666667,0.1,adaptive,swap_segments,offspring,feasible_start_adaptive_spacing,,,,feasible_start_adaptive_spacing,0.5,,True,auto_from_instance,0.75,0.35,"6,9,10,11,16","0,2,8,9,17",,,,,,"H[6,9,10,11,16,18]|V[0,2,8,9,17]",c7821f85912c8e5c3b6ca7ddc3262e68ecac8a29
proposed_nsga2_bs_AT_S_comercial_layout_AW_3_seed_124,proposed_nsga2_bs,AT_S_comercial_layout_AW_3,124,4,auto_from_instance,10,15,3,28,150,,,,,3,1,4,root > V:2 > BH:11 > BH:17 > BV:8,evaluated,1,0.0,False,222,120,102,151.0,1.0,1.0,True,True,1,1,0,True,1,1,0,0,True,True,0,6,5,6,5,1,PF_LS,sampled_pool,,,False,0.3333333333333333,0.4138343622329343,0.6666666666666667,0.1,adaptive,swap_segments,offspring,feasible_start_adaptive_spacing,,,,feasible_start_adaptive_spacing,0.5,,True,auto_from_instance,0.75,0.35,"6,9,10,11,16","0,2,8,9,17",,,,,,"H[6,9,10,11,16,17]|V[0,2,8,9,17]",2035ca093874466b8e7b1e9f7aa71b738528a47d
proposed_nsga2_bs_AT_S_comercial_layout_AW_3_seed_124,proposed_nsga2_bs,AT_S_comercial_layout_AW_3,124,4,auto_from_instance,10,15,3,28,150,,,,,4,1,4,root > V:2 > BH:11 > BV:10 > BV:8,selected,1,inf,True,222,120,102,151.0,1.0,1.0,True,True,1,1,0,True,1,1,0,0,True,True,0,5,6,5,6,1,PF_LS,sampled_pool,,,False,0.3333333333333333,0.4138343622329343,0.6666666666666667,0.1,adaptive,swap_segments,offspring,feasible_start_adaptive_spacing,,,,feasible_start_adaptive_spacing,0.5,,True,auto_from_instance,0.75,0.35,"6,9,10,11,16","0,2,8,9,17",,,,,,"H[6,9,10,11,16]|V[0,2,8,9,10,17]",03c67b2d4d0ff5d630de950e66baadfff633ff2e
proposed_nsga2_bs_AT_S_comercial_layout_AW_3_seed_124,proposed_nsga2_bs,AT_S_comercial_layout_AW_3,124,4,auto_from_instance,10,15,3,28,150,,,,,5,2,4,root > V:2 > BH:11 > BH:19 > BV:9,selected,1,inf,True,222,115,107,107.0,1.0,1.0,True,True,1,1,0,True,1,1,0,0,True,True,0,13,5,13,5,2,PF,sampled_pool,,,False,0.3333333333333333,0.3520502326080224,0.6666666666666667,0.1,adaptive,bit_flip,offspring,feasible_start_adaptive_spacing,,,,feasible_start_adaptive_spacing,0.5,,True,auto_from_instance,0.75,0.35,"0,3,5,8,9,11,12,16,18,22,23,27","0,2,4,9,13",,,,,,"H[0,3,5,8,9,11,12,16,18,19,22,23,27]|V[0,2,4,9,13]",a13494f6aa090e10b6ffeff3cbd3e8aae05c5505
proposed_nsga2_bs_AT_S_comercial_layout_AW_3_seed_124,proposed_nsga2_bs,AT_S_comercial_layout_AW_3,124,4,auto_from_instance,10,15,3,28,150,,,,,6,3,4,root > V:13 > BH:10 > BH:16 > BH:22,evaluated,2,inf,False,231,81,150,250.0,1.0,1.0,True,True,1,1,0,True,1,1,0,0,True,True,0,9,5,9,5,3,RP_LS,sampled_pool,,,False,0.3333333333333333,0.3738123817372587,0.6666666666666667,0.1,adaptive,spacing_aware_flip,offspring,feasible_start_adaptive_spacing,,,,feasible_start_adaptive_spacing,0.5,,True,auto_from_instance,0.75,0.35,"0,3,5,10,11,16,18,22,27","2,4,9,13,19",,,,,,"H[0,3,5,10,11,16,18,22,27]|V[2,4,9,13,19]",5ea583d17a646e4d028fbb3e62c03364d581bcdc
proposed_nsga2_bs_AT_S_comercial_layout_AW_3_seed_124,proposed_nsga2_bs,AT_S_comercial_layout_AW_3,124,4,auto_from_instance,10,15,3,28,150,,,,,7,4,4,root > V:2 > BH:11 > BV:9 > BV:8,selected,0,inf,True,222,120,102,118.0,1.0,1.0,True,True,1,1,0,True,1,1,0,0,True,True,0,9,6,9,6,4,LS_RP,sampled_pool,,,False,0.3333333333333333,0.30873902500481437,0.6666666666666667,0.1,adaptive,bit_flip,offspring,feasible_start_adaptive_spacing,,,,feasible_start_adaptive_spacing,0.5,,True,auto_from_instance,0.75,0.35,"8,9,11,12,16,18,22,23,26","0,2,4,9,13",,,,,,"H[8,9,11,12,16,18,22,23,26]|V[0,2,4,8,9,13]",819b823d42066f1be4d37e503ecee22d07e5a6b0
proposed_nsga2_bs_AT_S_comercial_layout_AW_3_seed_124,proposed_nsga2_bs,AT_S_comercial_layout_AW_3,124,4,auto_from_instance,10,15,3,28,150,,,,,8,5,5,root > H:3 > BH:16 > BH:9 > BV:4 > BH:22,selected,0,inf,True,207,110,97,105.0,1.0,1.0,True,True,3,3,0,False,1,1,0,0,True,True,0,11,4,11,4,5,PF_SS,sampled_pool,,,True,0.3333333333333333,0.3220190549083654,0.6666666666666667,0.1,adaptive,spacing_aware_flip,offspring,feasible_start_adaptive_spacing,,,,feasible_start_adaptive_spacing,0.5,,True,auto_from_instance,0.75,0.35,"0,3,10,11,16,17,18,22,23,27","2,4,9,13",,,,,,"H[0,3,9,10,11,16,17,18,22,23,27]|V[2,4,9,13]",d860c1ddcae8b37f2e7f66211c07ad1bba19949c
proposed_nsga2_bs_AT_S_comercial_layout_AW_3_seed_124,proposed_nsga2_bs,AT_S_comercial_layout_AW_3,124,4,auto_from_instance,10,15,3,28,150,,,,,9,6,5,root > H:5 > BH:12 > BH:19 > BV:3 > BV:9,selected,0,inf,True,234,127,107,89.0,1.0,1.0,True,True,3,3,0,False,1,1,0,0,True,True,0,10,5,10,5,6,SS_LS_PF,sampled_pool,,,True,0.3333333333333333,0.3608476388898828,0.6666666666666667,0.1,adaptive,remove_random_aisle,offspring,feasible_start_adaptive_spacing,,,,feasible_start_adaptive_spacing,0.5,,True,auto_from_instance,0.75,0.35,"3,5,8,9,11,12,16,18,22","2,4,9,13",,,,,,"H[3,5,8,9,11,12,16,18,19,22]|V[2,3,4,9,13]",18b6d90f7bea699e6350792f12a2e443f58c174d
proposed_nsga2_bs_AT_S_comercial_layout_AW_3_seed_124,proposed_nsga2_bs,AT_S_comercial_layout_AW_3,124,4,auto_from_instance,10,15,3,28,150,,,,,10,10,4,root > V:2 > BH:11 > BV:9 > BH:18,selected,0,inf,True,222,115,107,74.0,1.0,1.0,True,True,1,1,0,True,1,1,0,0,True,True,0,5,7,5,7,10,RP,sampled_pool,,,False,0.3333333333333333,0.3992110818394111,0.6666666666666667,0.1,adaptive,spacing_aware_flip,offspring,feasible_start_adaptive_spacing,,,,feasible_start_adaptive_spacing,0.5,,True,auto_from_instance,0.75,0.35,"10,11,16,18,22","0,2,4,9,13,17,20",,,,,,"H[10,11,16,18,22]|V[0,2,4,9,13,17,20]",313e3f681b33bc30f90444b0b1b5dd821fed5c79
proposed_nsga2_bs_AT_S_comercial_layout_AW_3_seed_124,proposed_nsga2_bs,AT_S_comercial_layout_AW_3,124,4,auto_from_instance,10,15,3,28,150,,,,,11,10,4,root > V:2 > BH:11 > BV:9 > BV:9,selected,0,inf,True,222,115,107,74.0,1.0,1.0,True,True,1,1,0,True,1,1,0,0,True,True,0,5,7,5,7,10,RP,sampled_pool,,,False,0.3333333333333333,0.3992110818394111,0.6666666666666667,0.1,adaptive,spacing_aware_flip,offspring,feasible_start_adaptive_spacing,,,,feasible_start_adaptive_spacing,0.5,,True,auto_from_instance,0.75,0.35,"10,11,16,18,22","0,2,4,9,13,17,20",,,,,,"H[10,11,16,18,22]|V[0,2,4,9,13,17,20]",b41b2678f47c3e9bfe9aa6316c7790f5ace7089f
proposed_nsga2_bs_AT_S_comercial_layout_AW_3_seed_124,proposed_nsga2_bs,AT_S_comercial_layout_AW_3,124,4,auto_from_instance,10,15,3,28,150,,,,,12,10,4,root > V:2 > BH:11 > BV:9 > BH:17,selected,1,inf,True,222,115,107,107.0,1.0,1.0,True,True,1,1,0,True,1,1,0,0,True,True,0,6,7,6,7,10,RP,sampled_pool,,,False,0.3333333333333333,0.3992110818394111,0.6666666666666667,0.1,adaptive,spacing_aware_flip,offspring,feasible_start_adaptive_spacing,,,,feasible_start_adaptive_spacing,0.5,,True,auto_from_instance,0.75,0.35,"10,11,16,18,22","0,2,4,9,13,17,20",,,,,,"H[10,11,16,17,18,22]|V[0,2,4,9,13,17,20]",d89d9c0816652c94552acbfc45afb2cb1c2c8b8e
proposed_nsga2_bs_AT_S_comercial_layout_AW_3_seed_124,proposed_nsga2_bs,AT_S_comercial_layout_AW_3,124,5,auto_from_instance,10,15,3,28,150,,,,,1,1,4,root > V:2 > BH:11 > BV:9 > BH:18,selected,0,0.5207835642618251,True,222,115,107,74.0,1.0,1.0,True,True,1,1,0,True,1,1,0,0,True,True,0,6,7,6,7,1,RP,sampled_pool,,,False,0.4,0.4059627225774445,0.6,0.1,adaptive,remove_random_aisle,offspring,feasible_start_adaptive_spacing,,,,feasible_start_adaptive_spacing,0.5,,True,auto_from_instance,0.75,0.35,"9,11,12,16,18,22","0,2,3,4,9,17,20",,,,,,"H[9,11,12,16,18,22]|V[0,2,3,4,9,17,20]",313e3f681b33bc30f90444b0b1b5dd821fed5c79
proposed_nsga2_bs_AT_S_comercial_layout_AW_3_seed_124,proposed_nsga2_bs,AT_S_comercial_layout_AW_3,124,5,auto_from_instance,10,15,3,28,150,,,,,2,1,4,root > V:2 > BH:11 > BV:9 > BV:9,selected,0,1.5580506450071667,True,222,115,107,74.0,1.0,1.0,True,True,1,1,0,True,1,1,0,0,True,True,0,6,7,6,7,1,RP,sampled_pool,,,False,0.4,0.4059627225774445,0.6,0.1,adaptive,remove_random_aisle,offspring,feasible_start_adaptive_spacing,,,,feasible_start_adaptive_spacing,0.5,,True,auto_from_instance,0.75,0.35,"9,11,12,16,18,22","0,2,3,4,9,17,20",,,,,,"H[9,11,12,16,18,22]|V[0,2,3,4,9,17,20]",b41b2678f47c3e9bfe9aa6316c7790f5ace7089f
proposed_nsga2_bs_AT_S_comercial_layout_AW_3_seed_124,proposed_nsga2_bs,AT_S_comercial_layout_AW_3,124,5,auto_from_instance,10,15,3,28,150,,,,,3,1,4,root > V:2 > BH:11 > BV:9 > BH:19,selected,1,inf,True,222,115,107,107.0,1.0,1.0,True,True,1,1,0,True,1,1,0,0,True,True,0,7,7,7,7,1,RP,sampled_pool,,,False,0.4,0.4059627225774445,0.6,0.1,adaptive,remove_random_aisle,offspring,feasible_start_adaptive_spacing,,,,feasible_start_adaptive_spacing,0.5,,True,auto_from_instance,0.75,0.35,"9,11,12,16,18,22","0,2,3,4,9,17,20",,,,,,"H[9,11,12,16,18,19,22]|V[0,2,3,4,9,17,20]",a13494f6aa090e10b6ffeff3cbd3e8aae05c5505
proposed_nsga2_bs_AT_S_comercial_layout_AW_3_seed_124,proposed_nsga2_bs,AT_S_comercial_layout_AW_3,124,5,auto_from_instance,10,15,3,28,150,,,,,4,1,4,root > V:2 > BH:11 > BV:9 > BH:17,selected,1,inf,True,222,115,107,107.0,1.0,1.0,True,True,1,1,0,True,1,1,0,0,True,True,0,7,7,7,7,1,RP,sampled_pool,,,False,0.4,0.4059627225774445,0.6,0.1,adaptive,remove_random_aisle,offspring,feasible_start_adaptive_spacing,,,,feasible_start_adaptive_spacing,0.5,,True,auto_from_instance,0.75,0.35,"9,11,12,16,18,22","0,2,3,4,9,17,20",,,,,,"H[9,11,12,16,17,18,22]|V[0,2,3,4,9,17,20]",d89d9c0816652c94552acbfc45afb2cb1c2c8b8e
proposed_nsga2_bs_AT_S_comercial_layout_AW_3_seed_124,proposed_nsga2_bs,AT_S_comercial_layout_AW_3,124,5,auto_from_instance,10,15,3,28,150,,,,,5,2,4,root > V:13 > BH:10 > BH:16 > BH:22,evaluated,5,inf,False,231,81,150,250.0,1.0,1.0,True,True,1,1,0,True,1,1,0,0,True,True,0,10,4,10,4,2,RP,sampled_pool,,,False,0.4,0.351021869047925,0.6,0.1,adaptive,break_symmetry,offspring,feasible_start_adaptive_spacing,,,,feasible_start_adaptive_spacing,0.5,,True,auto_from_instance,0.75,0.35,"3,5,8,10,11,15,18,19,22","2,4,9,13",,,,,,"H[3,5,8,10,11,15,16,18,19,22]|V[2,4,9,13]",5ea583d17a646e4d028fbb3e62c03364d581bcdc
proposed_nsga2_bs_AT_S_comercial_layout_AW_3_seed_124,proposed_nsga2_bs,AT_S_comercial_layout_AW_3,124,5,auto_from_instance,10,15,3,28,150,,,,,6,3,5,root > H:6 > BH:15 > BV:3 > BV:9 > BH:22,evaluated,2,inf,False,228,98,130,126.0,1.0,1.0,True,True,3,3,0,False,1,1,0,0,True,True,0,9,4,9,4,3,PF_SS_RP,sampled_pool,,,True,0.4,0.430732146946549,0.6,0.1,adaptive,remove_random_aisle,offspring,feasible_start_adaptive_spacing,,,,feasible_start_adaptive_spacing,0.5,,True,auto_from_instance,0.75,0.35,"6,8,9,11,12,16,18","0,2,9",,,,,,"H[6,8,9,11,12,15,16,18,22]|V[0,2,3,9]",ff831007d2cb19c27f4223a274bf22a7edbbf53e
proposed_nsga2_bs_AT_S_comercial_layout_AW_3_seed_124,proposed_nsga2_bs,AT_S_comercial_layout_AW_3,124,5,auto_from_instance,10,15,3,28,150,,,,,7,3,5,root > H:6 > BH:14 > BV:3 > BV:9 > BH:22,evaluated,3,inf,False,228,98,130,174.0,1.0,1.0,True,True,3,3,0,False,1,1,0,0,True,True,0,9,4,9,4,3,PF_SS_RP,sampled_pool,,,True,0.4,0.430732146946549,0.6,0.1,adaptive,remove_random_aisle,offspring,feasible_start_adaptive_spacing,,,,feasible_start_adaptive_spacing,0.5,,True,auto_from_instance,0.75,0.35,"6,8,9,11,12,16,18","0,2,9",,,,,,"H[6,8,9,11,12,14,16,18,22]|V[0,2,3,9]",e34ff25b4d5ed27084e1bc53fa60ad10b2084389
proposed_nsga2_bs_AT_S_comercial_layout_AW_3_seed_124,proposed_nsga2_bs,AT_S_comercial_layout_AW_3,124,5,auto_from_instance,10,15,3,28,150,,,,,8,3,5,root > H:6 > BH:16 > BV:3 > BV:9 > BH:22,evaluated,4,inf,False,228,98,130,206.0,1.0,1.0,True,True,3,3,0,False,1,1,0,0,True,True,0,8,4,8,4,3,PF_SS_RP,sampled_pool,,,True,0.4,0.430732146946549,0.6,0.1,adaptive,remove_random_aisle,offspring,feasible_start_adaptive_spacing,,,,feasible_start_adaptive_spacing,0.5,,True,auto_from_instance,0.75,0.35,"6,8,9,11,12,16,18","0,2,9",,,,,,"H[6,8,9,11,12,16,18,22]|V[0,2,3,9]",3f6c5650382557808c9ce9ea61d9656b41539743
proposed_nsga2_bs_AT_S_comercial_layout_AW_3_seed_124,proposed_nsga2_bs,AT_S_comercial_layout_AW_3,124,5,auto_from_instance,10,15,3,28,150,,,,,9,4,4,root > V:2 > BH:11 > BH:18 > BV:8,selected,0,0.94314381270903,True,222,120,102,118.0,1.0,1.0,True,True,1,1,0,True,1,1,0,0,True,True,0,10,6,10,6,4,SS_PF_LS,sampled_pool,,,True,0.4,0.3335344712896754,0.6,0.1,adaptive,spacing_aware_flip,offspring,feasible_start_adaptive_spacing,,,,feasible_start_adaptive_spacing,0.5,,True,auto_from_instance,0.75,0.35,"3,5,9,10,11,16,18,19,22,25","2,3,4,8,9,17",,,,,,"H[3,5,9,10,11,16,18,19,22,25]|V[2,3,4,8,9,17]",c7821f85912c8e5c3b6ca7ddc3262e68ecac8a29
proposed_nsga2_bs_AT_S_comercial_layout_AW_3_seed_124,proposed_nsga2_bs,AT_S_comercial_layout_AW_3,124,5,auto_from_instance,10,15,3,28,150,,,,,10,4,4,root > V:3 > BH:11 > BV:10 > BV:9,evaluated,2,inf,False,225,115,110,149.0,1.0,1.0,True,True,1,1,0,True,1,1,0,0,True,True,0,10,7,10,7,4,SS_PF_LS,sampled_pool,,,True,0.4,0.3335344712896754,0.6,0.1,adaptive,spacing_aware_flip,offspring,feasible_start_adaptive_spacing,,,,feasible_start_adaptive_spacing,0.5,,True,auto_from_instance,0.75,0.35,"3,5,9,10,11,16,18,19,22,25","2,3,4,8,9,17",,,,,,"H[3,5,9,10,11,16,18,19,22,25]|V[2,3,4,8,9,10,17]",ae825089721f98e0d9805014401719023ff6a664
proposed_nsga2_bs_AT_S_comercial_layout_AW_3_seed_124,proposed_nsga2_bs,AT_S_comercial_layout_AW_3,124,5,auto_from_instance,10,15,3,28,150,,,,,11,4,4,root > V:3 > BH:11 > BV:9 > BV:9,evaluated,2,2.118758434547908,False,225,115,110,149.0,1.0,1.0,True,True,1,1,0,True,1,1,0,0,True,True,0,10,6,10,6,4,SS_PF_LS,sampled_pool,,,True,0.4,0.3335344712896754,0.6,0.1,adaptive,spacing_aware_flip,offspring,feasible_start_adaptive_spacing,,,,feasible_start_adaptive_spacing,0.5,,True,auto_from_instance,0.75,0.35,"3,5,9,10,11,16,18,19,22,25","2,3,4,8,9,17",,,,,,"H[3,5,9,10,11,16,18,19,22,25]|V[2,3,4,8,9,17]",0a75f2b327085dc5778e0a33aad21dbd318e0a85
proposed_nsga2_bs_AT_S_comercial_layout_AW_3_seed_124,proposed_nsga2_bs,AT_S_comercial_layout_AW_3,124,5,auto_from_instance,10,15,3,28,150,,,,,12,5,4,root > V:2 > BH:11 > BV:9 > BV:8,selected,0,0.9273769708552317,True,222,120,102,118.0,1.0,1.0,True,True,1,1,0,True,1,1,0,0,True,True,0,9,7,9,7,5,SS,sampled_pool,,,True,0.4,0.36709285610557507,0.6,0.1,adaptive,swap_segments,offspring,feasible_start_adaptive_spacing,,,,feasible_start_adaptive_spacing,0.5,,True,auto_from_instance,0.75,0.35,"8,9,10,11,16,18,22,23,26","0,2,4,8,13,15",,,,,,"H[8,9,10,11,16,18,22,23,26]|V[0,2,4,8,9,13,15]",819b823d42066f1be4d37e503ecee22d07e5a6b0
proposed_nsga2_bs_AT_S_comercial_layout_AW_3_seed_124,proposed_nsga2_bs,AT_S_comercial_layout_AW_3,124,5,auto_from_instance,10,15,3,28,150,,,,,13,5,4,root > V:2 > BH:11 > BH:19 > BV:8,selected,1,inf,True,222,120,102,151.0,1.0,1.0,True,True,1,1,0,True,1,1,0,0,True,True,0,10,6,10,6,5,SS,sampled_pool,,,True,0.4,0.36709285610557507,0.6,0.1,adaptive,swap_segments,offspring,feasible_start_adaptive_spacing,,,,feasible_start_adaptive_spacing,0.5,,True,auto_from_instance,0.75,0.35,"8,9,10,11,16,18,22,23,26","0,2,4,8,13,15",,,,,,"H[8,9,10,11,16,18,19,22,23,26]|V[0,2,4,8,13,15]",8ba645c74da6577ac7820f92db785eac755acc05
proposed_nsga2_bs_AT_S_comercial_layout_AW_3_seed_124,proposed_nsga2_bs,AT_S_comercial_layout_AW_3,124,5,auto_from_instance,10,15,3,28,150,,,,,14,6,5,root > H:2 > BH:15 > BH:9 > BV:4 > BH:22,selected,0,inf,True,204,110,94,69.0,1.0,1.0,True,True,3,3,0,False,1,1,0,0,True,True,0,12,4,12,4,6,PF_LS_RP,sampled_pool,,,False,0.4,0.36904297110810474,0.6,0.1,adaptive,break_symmetry,offspring,feasible_start_adaptive_spacing,,,,feasible_start_adaptive_spacing,0.5,,True,auto_from_instance,0.75,0.35,"0,2,9,11,12,16,17,18,22,23,27","2,4,9,13",,,,,,"H[0,2,9,11,12,15,16,17,18,22,23,27]|V[2,4,9,13]",11d3ebe88426626fb11b9066022940c913788a88
proposed_nsga2_bs_AT_S_comercial_layout_AW_3_seed_124,proposed_nsga2_bs,AT_S_comercial_layout_AW_3,124,5,auto_from_instance,10,15,3,28,150,,,,,15,8,4,root > V:2 > BH:11 > BH:17 > BV:8,evaluated,1,1.251490938567541,False,222,120,102,151.0,1.0,1.0,True,True,1,1,0,True,1,1,0,0,True,True,0,10,7,10,7,8,PF,sampled_pool,,,False,0.4,0.43476965916338906,0.6,0.1,adaptive,break_symmetry,offspring,feasible_start_adaptive_spacing,,,,feasible_start_adaptive_spacing,0.5,,True,auto_from_instance,0.75,0.35,"8,9,11,12,16,18,21,23,26","0,2,4,9,13,17",,,,,,"H[8,9,11,12,16,17,18,21,23,26]|V[0,2,4,8,9,13,17]",2035ca093874466b8e7b1e9f7aa71b738528a47d
proposed_nsga2_bs_AT_S_comercial_layout_AW_3_seed_124,proposed_nsga2_bs,AT_S_comercial_layout_AW_3,124,5,auto_from_instance,10,15,3,28,150,,,,,16,9,3,root > H:3 > BH:19 > BH:13,evaluated,2,inf,False,264,124,140,240.0,1.0,1.0,True,True,3,3,0,False,1,1,0,0,True,True,0,10,4,10,4,9,PF,sampled_pool,,,False,0.4,0.33322019504876066,0.6,0.1,adaptive,swap_segments,offspring,feasible_start_adaptive_spacing,,,,feasible_start_adaptive_spacing,0.5,,True,auto_from_instance,0.75,0.35,"3,5,8,9,13,18,20,21,25","2,4,9,13",,,,,,"H[3,5,8,9,13,18,19,20,21,25]|V[2,4,9,13]",6c65fc73e913536df7fafe359baf4a92756ef787
proposed_nsga2_bs_AT_S_comercial_layout_AW_3_seed_124,proposed_nsga2_bs,AT_S_comercial_layout_AW_3,124,5,auto_from_instance,10,15,3,28,150,,,,,17,9,3,root > H:3 > BH:19 > BH:12,selected,0,inf,True,264,124,140,160.0,1.0,1.0,True,True,3,3,0,False,1,1,0,0,True,True,0,11,4,11,4,9,PF,sampled_pool,,,False,0.4,0.33322019504876066,0.6,0.1,adaptive,swap_segments,offspring,feasible_start_adaptive_spacing,,,,feasible_start_adaptive_spacing,0.5,,True,auto_from_instance,0.75,0.35,"3,5,8,9,13,18,20,21,25","2,4,9,13",,,,,,"H[3,5,8,9,12,13,18,19,20,21,25]|V[2,4,9,13]",4a49d458e8cad808e13f4554f8c864db2e9ad195
proposed_nsga2_bs_AT_S_comercial_layout_AW_3_seed_124,proposed_nsga2_bs,AT_S_comercial_layout_AW_3,124,5,auto_from_instance,10,15,3,28,150,,,,,18,9,3,root > H:3 > BH:18 > BH:12,selected,0,inf,True,264,124,140,160.0,1.0,1.0,True,True,3,3,0,False,1,1,0,0,True,True,0,10,4,10,4,9,PF,sampled_pool,,,False,0.4,0.33322019504876066,0.6,0.1,adaptive,swap_segments,offspring,feasible_start_adaptive_spacing,,,,feasible_start_adaptive_spacing,0.5,,True,auto_from_instance,0.75,0.35,"3,5,8,9,13,18,20,21,25","2,4,9,13",,,,,,"H[3,5,8,9,12,13,18,20,21,25]|V[2,4,9,13]",e0361e9971d304707e8f559c487d90e24fd31ff5
proposed_nsga2_bs_AT_S_comercial_layout_AW_3_seed_124,proposed_nsga2_bs,AT_S_comercial_layout_AW_3,124,5,auto_from_instance,10,15,3,28,150,,,,,19,9,3,root > H:3 > BH:19 > BH:11,evaluated,1,inf,False,264,124,140,208.0,1.0,1.0,True,True,3,3,0,False,1,1,0,0,True,True,0,11,4,11,4,9,PF,sampled_pool,,,False,0.4,0.33322019504876066,0.6,0.1,adaptive,swap_segments,offspring,feasible_start_adaptive_spacing,,,,feasible_start_adaptive_spacing,0.5,,True,auto_from_instance,0.75,0.35,"3,5,8,9,13,18,20,21,25","2,4,9,13",,,,,,"H[3,5,8,9,11,13,18,19,20,21,25]|V[2,4,9,13]",f541a8e4998e5f1f54cbf8cc42720771b4f82273
proposed_nsga2_bs_AT_S_comercial_layout_AW_3_seed_124,proposed_nsga2_bs,AT_S_comercial_layout_AW_3,124,6,auto_from_instance,10,15,3,28,150,,,,,1,1,4,root > V:2 > BH:11 > BH:18 > BV:8,selected,0,inf,True,222,120,102,118.0,1.0,1.0,True,True,1,1,0,True,1,1,0,0,True,True,0,10,7,10,7,1,SS,sampled_pool,,,True,0.4666666666666667,0.4976233992131504,0.5333333333333333,0.1,adaptive,insert_random_aisle,offspring,feasible_start_adaptive_spacing,,,,feasible_start_adaptive_spacing,0.5,,True,auto_from_instance,0.75,0.35,"8,9,12,13,18,19,20,21,25","2,3,4,9,17,19",,,,,,"H[8,9,11,12,13,18,19,20,21,25]|V[2,3,4,8,9,17,19]",c7821f85912c8e5c3b6ca7ddc3262e68ecac8a29
proposed_nsga2_bs_AT_S_comercial_layout_AW_3_seed_124,proposed_nsga2_bs,AT_S_comercial_layout_AW_3,124,6,auto_from_instance,10,15,3,28,150,,,,,2,1,4,root > V:2 > BH:11 > BV:9 > BV:8,selected,0,inf,True,222,120,102,118.0,1.0,1.0,True,True,1,1,0,True,1,1,0,0,True,True,0,10,7,10,7,1,SS,sampled_pool,,,True,0.4666666666666667,0.4976233992131504,0.5333333333333333,0.1,adaptive,insert_random_aisle,offspring,feasible_start_adaptive_spacing,,,,feasible_start_adaptive_spacing,0.5,,True,auto_from_instance,0.75,0.35,"8,9,12,13,18,19,20,21,25","2,3,4,9,17,19",,,,,,"H[8,9,11,12,13,18,19,20,21,25]|V[2,3,4,8,9,17,19]",819b823d42066f1be4d37e503ecee22d07e5a6b0
proposed_nsga2_bs_AT_S_comercial_layout_AW_3_seed_124,proposed_nsga2_bs,AT_S_comercial_layout_AW_3,124,6,auto_from_instance,10,15,3,28,150,,,,,3,1,4,root > V:2 > BH:11 > BH:18 > BV:9,selected,0,0.9866562009419153,True,222,115,107,74.0,1.0,1.0,True,True,1,1,0,True,1,1,0,0,True,True,0,10,6,10,6,1,SS,sampled_pool,,,True,0.4666666666666667,0.4976233992131504,0.5333333333333333,0.1,adaptive,insert_random_aisle,offspring,feasible_start_adaptive_spacing,,,,feasible_start_adaptive_spacing,0.5,,True,auto_from_instance,0.75,0.35,"8,9,12,13,18,19,20,21,25","2,3,4,9,17,19",,,,,,"H[8,9,11,12,13,18,19,20,21,25]|V[2,3,4,9,17,19]",313e3f681b33bc30f90444b0b1b5dd821fed5c79
proposed_nsga2_bs_AT_S_comercial_layout_AW_3_seed_124,proposed_nsga2_bs,AT_S_comercial_layout_AW_3,124,6,auto_from_instance,10,15,3,28,150,,,,,4,1,4,root > V:2 > BH:11 > BV:9 > BV:9,selected,0,inf,True,222,115,107,74.0,1.0,1.0,True,True,1,1,0,True,1,1,0,0,True,True,0,10,6,10,6,1,SS,sampled_pool,,,True,0.4666666666666667,0.4976233992131504,0.5333333333333333,0.1,adaptive,insert_random_aisle,offspring,feasible_start_adaptive_spacing,,,,feasible_start_adaptive_spacing,0.5,,True,auto_from_instance,0.75,0.35,"8,9,12,13,18,19,20,21,25","2,3,4,9,17,19",,,,,,"H[8,9,11,12,13,18,19,20,21,25]|V[2,3,4,9,17,19]",b41b2678f47c3e9bfe9aa6316c7790f5ace7089f
proposed_nsga2_bs_AT_S_comercial_layout_AW_3_seed_124,proposed_nsga2_bs,AT_S_comercial_layout_AW_3,124,6,auto_from_instance,10,15,3,28,150,,,,,5,2,4,root > V:2 > BH:11 > BV:9 > BH:19,selected,1,1.0434782608695652,True,222,115,107,107.0,1.0,1.0,True,True,1,1,0,True,1,1,0,0,True,True,0,10,6,10,6,2,RP,sampled_pool,,,False,0.4666666666666667,0.5523666138259836,0.5333333333333333,0.1,adaptive,swap_segments,offspring,feasible_start_adaptive_spacing,,,,feasible_start_adaptive_spacing,0.5,,True,auto_from_instance,0.75,0.35,"3,5,9,12,16,18,21,22","0,2,4,9,13,20",,,,,,"H[3,5,9,11,12,16,18,19,21,22]|V[0,2,4,9,13,20]",a13494f6aa090e10b6ffeff3cbd3e8aae05c5505
proposed_nsga2_bs_AT_S_comercial_layout_AW_3_seed_124,proposed_nsga2_bs,AT_S_comercial_layout_AW_3,124,6,auto_from_instance,10,15,3,28,150,,,,,6,2,4,root > V:2 > BH:11 > BV:9 > BH:17,selected,1,inf,True,222,115,107,107.0,1.0,1.0,True,True,1,1,0,True,1,1,0,0,True,True,0,10,6,10,6,2,RP,sampled_pool,,,False,0.4666666666666667,0.5523666138259836,0.5333333333333333,0.1,adaptive,swap_segments,offspring,feasible_start_adaptive_spacing,,,,feasible_start_adaptive_spacing,0.5,,True,auto_from_instance,0.75,0.35,"3,5,9,12,16,18,21,22","0,2,4,9,13,20",,,,,,"H[3,5,9,11,12,16,17,18,21,22]|V[0,2,4,9,13,20]",d89d9c0816652c94552acbfc45afb2cb1c2c8b8e
proposed_nsga2_bs_AT_S_comercial_layout_AW_3_seed_124,proposed_nsga2_bs,AT_S_comercial_layout_AW_3,124,6,auto_from_instance,10,15,3,28,150,,,,,7,3,4,root > V:3 > BH:11 > BV:10 > BV:9,evaluated,2,inf,False,225,115,110,149.0,1.0,1.0,True,True,1,1,0,True,1,1,0,0,True,True,0,9,8,9,8,3,SS_PF_LS,sampled_pool,,,True,0.4666666666666667,0.5193614797352537,0.5333333333333333,0.1,adaptive,remove_random_aisle,offspring,feasible_start_adaptive_spacing,,,,feasible_start_adaptive_spacing,0.5,,True,auto_from_instance,0.75,0.35,"3,5,9,10,11,16,18,22,25","3,4,8,9,13,15,17",,,,,,"H[3,5,9,10,11,16,18,22,25]|V[3,4,8,9,10,13,15,17]",ae825089721f98e0d9805014401719023ff6a664
proposed_nsga2_bs_AT_S_comercial_layout_AW_3_seed_124,proposed_nsga2_bs,AT_S_comercial_layout_AW_3,124,6,auto_from_instance,10,15,3,28,150,,,,,8,3,4,root > V:3 > BH:11 > BV:9 > BV:9,evaluated,2,inf,False,225,115,110,149.0,1.0,1.0,True,True,1,1,0,True,1,1,0,0,True,True,0,9,7,9,7,3,SS_PF_LS,sampled_pool,,,True,0.4666666666666667,0.5193614797352537,0.5333333333333333,0.1,adaptive,remove_random_aisle,offspring,feasible_start_adaptive_spacing,,,,feasible_start_adaptive_spacing,0.5,,True,auto_from_instance,0.75,0.35,"3,5,9,10,11,16,18,22,25","3,4,8,9,13,15,17",,,,,,"H[3,5,9,10,11,16,18,22,25]|V[3,4,8,9,13,15,17]",0a75f2b327085dc5778e0a33aad21dbd318e0a85
proposed_nsga2_bs_AT_S_comercial_layout_AW_3_seed_124,proposed_nsga2_bs,AT_S_comercial_layout_AW_3,124,6,auto_from_instance,10,15,3,28,150,,,,,9,3,4,root > V:3 > BH:11 > BV:9 > BV:13,evaluated,3,inf,False,225,93,132,226.0,1.0,1.0,True,True,1,1,0,True,1,1,0,0,True,True,0,9,7,9,7,3,SS_PF_LS,sampled_pool,,,True,0.4666666666666667,0.5193614797352537,0.5333333333333333,0.1,adaptive,remove_random_aisle,offspring,feasible_start_adaptive_spacing,,,,feasible_start_adaptive_spacing,0.5,,True,auto_from_instance,0.75,0.35,"3,5,9,10,11,16,18,22,25","3,4,8,9,13,15,17",,,,,,"H[3,5,9,10,11,16,18,22,25]|V[3,4,8,9,13,15,17]",3fc0967e8cf1acc9db002871d4c6fad00e132dd7
proposed_nsga2_bs_AT_S_comercial_layout_AW_3_seed_124,proposed_nsga2_bs,AT_S_comercial_layout_AW_3,124,6,auto_from_instance,10,15,3,28,150,,,,,10,4,4,root > V:2 > BH:11 > BH:19 > BV:8,selected,1,inf,True,222,120,102,151.0,1.0,1.0,True,True,1,1,0,True,1,1,0,0,True,True,0,10,4,10,4,4,PF_LS_RP,sampled_pool,,,False,0.4666666666666667,0.4094281632692907,0.5333333333333333,0.1,adaptive,remove_random_aisle,offspring,feasible_start_adaptive_spacing,,,,feasible_start_adaptive_spacing,0.5,,True,auto_from_instance,0.75,0.35,"8,9,10,11,16,18,19,22,23,26","0,2,8,9",,,,,,"H[8,9,10,11,16,18,19,22,23,26]|V[0,2,8,9]",8ba645c74da6577ac7820f92db785eac755acc05
proposed_nsga2_bs_AT_S_comercial_layout_AW_3_seed_124,proposed_nsga2_bs,AT_S_comercial_layout_AW_3,124,6,auto_from_instance,10,15,3,28,150,,,,,11,4,4,root > V:2 > BH:11 > BH:17 > BV:8,selected,1,inf,True,222,120,102,151.0,1.0,1.0,True,True,1,1,0,True,1,1,0,0,True,True,0,11,4,11,4,4,PF_LS_RP,sampled_pool,,,False,0.4666666666666667,0.4094281632692907,0.5333333333333333,0.1,adaptive,remove_random_aisle,offspring,feasible_start_adaptive_spacing,,,,feasible_start_adaptive_spacing,0.5,,True,auto_from_instance,0.75,0.35,"8,9,10,11,16,18,19,22,23,26","0,2,8,9",,,,,,"H[8,9,10,11,16,17,18,19,22,23,26]|V[0,2,8,9]",2035ca093874466b8e7b1e9f7aa71b738528a47d
proposed_nsga2_bs_AT_S_comercial_layout_AW_3_seed_124,proposed_nsga2_bs,AT_S_comercial_layout_AW_3,124,6,auto_from_instance,10,15,3,28,150,,,,,12,5,5,root > H:3 > BH:16 > BH:9 > BV:4 > BH:22,selected,1,inf,True,207,110,97,105.0,1.0,1.0,True,True,3,3,0,False,1,1,0,0,True,True,0,9,4,9,4,5,LS_RP,sampled_pool,,,False,0.4666666666666667,0.5729843422177026,0.5333333333333333,0.1,adaptive,bit_flip,offspring,feasible_start_adaptive_spacing,,,,feasible_start_adaptive_spacing,0.5,,True,auto_from_instance,0.75,0.35,"3,9,11,12,16,18,21,25","4,9,17,20",,,,,,"H[3,9,11,12,16,18,21,22,25]|V[4,9,17,20]",d860c1ddcae8b37f2e7f66211c07ad1bba19949c
proposed_nsga2_bs_AT_S_comercial_layout_AW_3_seed_124,proposed_nsga2_bs,AT_S_comercial_layout_AW_3,124,6,auto_from_instance,10,15,3,28,150,,,,,13,7,5,root > H:2 > BH:15 > BH:9 > BV:4 > BH:22,selected,0,inf,True,204,110,94,69.0,1.0,1.0,True,True,3,3,0,False,1,1,0,0,True,True,0,11,4,11,4,7,PF_LS_RP,sampled_pool,,,False,0.4666666666666667,0.44326229217259294,0.5333333333333333,0.1,adaptive,break_symmetry,offspring,feasible_start_adaptive_spacing,,,,feasible_start_adaptive_spacing,0.5,,True,auto_from_instance,0.75,0.35,"0,2,9,11,12,16,18,22,23,27","3,4,9,13",,,,,,"H[0,2,9,11,12,15,16,18,22,23,27]|V[3,4,9,13]",11d3ebe88426626fb11b9066022940c913788a88
proposed_nsga2_bs_AT_S_comercial_layout_AW_3_seed_124,proposed_nsga2_bs,AT_S_comercial_layout_AW_3,124,7,auto_from_instance,10,15,3,28,150,,,,,1,1,5,root > H:3 > BH:16 > BH:9 > BV:4 > BH:22,selected,0,inf,True,207,110,97,105.0,1.0,1.0,True,True,3,3,0,False,1,1,0,0,True,True,0,10,4,10,4,1,PF_LS_RP,sampled_pool,,,False,0.5333333333333333,0.5855635573778978,0.4666666666666667,0.1,adaptive,remove_random_aisle,offspring,feasible_start_adaptive_spacing,,,,feasible_start_adaptive_spacing,0.5,,True,auto_from_instance,0.75,0.35,"3,5,9,11,12,16,17,18,21,22","0,4,9,20",,,,,,"H[3,5,9,11,12,16,17,18,21,22]|V[0,4,9,20]",d860c1ddcae8b37f2e7f66211c07ad1bba19949c
proposed_nsga2_bs_AT_S_comercial_layout_AW_3_seed_124,proposed_nsga2_bs,AT_S_comercial_layout_AW_3,124,7,auto_from_instance,10,15,3,28,150,,,,,2,2,4,root > V:13 > BH:10 > BH:16 > BH:22,evaluated,4,inf,False,231,81,150,250.0,1.0,1.0,True,True,1,1,0,True,1,1,0,0,True,True,0,10,4,10,4,2,RP,sampled_pool,,,False,0.5333333333333333,0.5154764561175741,0.4666666666666667,0.1,adaptive,remove_random_aisle,offspring,feasible_start_adaptive_spacing,,,,feasible_start_adaptive_spacing,0.5,,True,auto_from_instance,0.75,0.35,"8,9,10,11,16,18,19,22,23,26","0,2,9,13",,,,,,"H[8,9,10,11,16,18,19,22,23,26]|V[0,2,9,13]",5ea583d17a646e4d028fbb3e62c03364d581bcdc
proposed_nsga2_bs_AT_S_comercial_layout_AW_3_seed_124,proposed_nsga2_bs,AT_S_comercial_layout_AW_3,124,7,auto_from_instance,10,15,3,28,150,,,,,3,3,3,root > H:3 > BH:19 > BH:13,evaluated,2,inf,False,264,124,140,240.0,1.0,1.0,True,True,3,3,0,False,1,1,0,0,True,True,0,12,5,12,5,3,LS_PF,sampled_pool,,,False,0.5333333333333333,0.5294333365302223,0.4666666666666667,0.1,adaptive,bit_flip,offspring,feasible_start_adaptive_spacing,,,,feasible_start_adaptive_spacing,0.5,,True,auto_from_instance,0.75,0.35,"3,8,9,11,12,13,18,19,20,21,22,25","3,4,9,17,20",,,,,,"H[3,8,9,11,12,13,18,19,20,21,22,25]|V[3,4,9,17,20]",6c65fc73e913536df7fafe359baf4a92756ef787
proposed_nsga2_bs_AT_S_comercial_layout_AW_3_seed_124,proposed_nsga2_bs,AT_S_comercial_layout_AW_3,124,7,auto_from_instance,10,15,3,28,150,,,,,4,3,3,root > H:3 > BH:19 > BH:12,selected,0,inf,True,264,124,140,160.0,1.0,1.0,True,True,3,3,0,False,1,1,0,0,True,True,0,12,5,12,5,3,LS_PF,sampled_pool,,,False,0.5333333333333333,0.5294333365302223,0.4666666666666667,0.1,adaptive,bit_flip,offspring,feasible_start_adaptive_spacing,,,,feasible_start_adaptive_spacing,0.5,,True,auto_from_instance,0.75,0.35,"3,8,9,11,12,13,18,19,20,21,22,25","3,4,9,17,20",,,,,,"H[3,8,9,11,12,13,18,19,20,21,22,25]|V[3,4,9,17,20]",4a49d458e8cad808e13f4554f8c864db2e9ad195
proposed_nsga2_bs_AT_S_comercial_layout_AW_3_seed_124,proposed_nsga2_bs,AT_S_comercial_layout_AW_3,124,7,auto_from_instance,10,15,3,28,150,,,,,5,3,3,root > H:3 > BH:18 > BH:12,selected,0,inf,True,264,124,140,160.0,1.0,1.0,True,True,3,3,0,False,1,1,0,0,True,True,0,12,5,12,5,3,LS_PF,sampled_pool,,,False,0.5333333333333333,0.5294333365302223,0.4666666666666667,0.1,adaptive,bit_flip,offspring,feasible_start_adaptive_spacing,,,,feasible_start_adaptive_spacing,0.5,,True,auto_from_instance,0.75,0.35,"3,8,9,11,12,13,18,19,20,21,22,25","3,4,9,17,20",,,,,,"H[3,8,9,11,12,13,18,19,20,21,22,25]|V[3,4,9,17,20]",e0361e9971d304707e8f559c487d90e24fd31ff5
proposed_nsga2_bs_AT_S_comercial_layout_AW_3_seed_124,proposed_nsga2_bs,AT_S_comercial_layout_AW_3,124,7,auto_from_instance,10,15,3,28,150,,,,,6,3,3,root > H:3 > BH:19 > BH:11,selected,1,inf,True,264,124,140,208.0,1.0,1.0,True,True,3,3,0,False,1,1,0,0,True,True,0,12,5,12,5,3,LS_PF,sampled_pool,,,False,0.5333333333333333,0.5294333365302223,0.4666666666666667,0.1,adaptive,bit_flip,offspring,feasible_start_adaptive_spacing,,,,feasible_start_adaptive_spacing,0.5,,True,auto_from_instance,0.75,0.35,"3,8,9,11,12,13,18,19,20,21,22,25","3,4,9,17,20",,,,,,"H[3,8,9,11,12,13,18,19,20,21,22,25]|V[3,4,9,17,20]",f541a8e4998e5f1f54cbf8cc42720771b4f82273
proposed_nsga2_bs_AT_S_comercial_layout_AW_3_seed_124,proposed_nsga2_bs,AT_S_comercial_layout_AW_3,124,7,auto_from_instance,10,15,3,28,150,,,,,7,4,4,root > V:2 > BH:11 > BH:18 > BV:8,selected,0,0.5531561461794019,True,222,120,102,118.0,1.0,1.0,True,True,1,1,0,True,1,1,0,0,True,True,0,7,7,7,7,4,PF_LS_RP,sampled_pool,,,False,0.5333333333333333,0.4422823148860117,0.4666666666666667,0.1,adaptive,break_symmetry,offspring,feasible_start_adaptive_spacing,,,,feasible_start_adaptive_spacing,0.5,,True,auto_from_instance,0.75,0.35,"9,11,13,16,18,21,25","2,3,4,9,17,19",,,,,,"H[9,11,13,16,18,21,25]|V[2,3,4,8,9,17,19]",c7821f85912c8e5c3b6ca7ddc3262e68ecac8a29
proposed_nsga2_bs_AT_S_comercial_layout_AW_3_seed_124,proposed_nsga2_bs,AT_S_comercial_layout_AW_3,124,7,auto_from_instance,10,15,3,28,150,,,,,8,4,4,root > V:2 > BH:11 > BV:9 > BV:8,selected,0,0.9617940199335548,True,222,120,102,118.0,1.0,1.0,True,True,1,1,0,True,1,1,0,0,True,True,0,7,7,7,7,4,PF_LS_RP,sampled_pool,,,False,0.5333333333333333,0.4422823148860117,0.4666666666666667,0.1,adaptive,break_symmetry,offspring,feasible_start_adaptive_spacing,,,,feasible_start_adaptive_spacing,0.5,,True,auto_from_instance,0.75,0.35,"9,11,13,16,18,21,25","2,3,4,9,17,19",,,,,,"H[9,11,13,16,18,21,25]|V[2,3,4,8,9,17,19]",819b823d42066f1be4d37e503ecee22d07e5a6b0
proposed_nsga2_bs_AT_S_comercial_layout_AW_3_seed_124,proposed_nsga2_bs,AT_S_comercial_layout_AW_3,124,7,auto_from_instance,10,15,3,28,150,,,,,9,4,4,root > V:2 > BH:11 > BH:19 > BV:8,selected,1,inf,True,222,120,102,151.0,1.0,1.0,True,True,1,1,0,True,1,1,0,0,True,True,0,8,7,8,7,4,PF_LS_RP,sampled_pool,,,False,0.5333333333333333,0.4422823148860117,0.4666666666666667,0.1,adaptive,break_symmetry,offspring,feasible_start_adaptive_spacing,,,,feasible_start_adaptive_spacing,0.5,,True,auto_from_instance,0.75,0.35,"9,11,13,16,18,21,25","2,3,4,9,17,19",,,,,,"H[9,11,13,16,18,19,21,25]|V[2,3,4,8,9,17,19]",8ba645c74da6577ac7820f92db785eac755acc05
proposed_nsga2_bs_AT_S_comercial_layout_AW_3_seed_124,proposed_nsga2_bs,AT_S_comercial_layout_AW_3,124,7,auto_from_instance,10,15,3,28,150,,,,,10,4,4,root > V:2 > BH:11 > BH:17 > BV:8,evaluated,1,1.251490938567541,False,222,120,102,151.0,1.0,1.0,True,True,1,1,0,True,1,1,0,0,True,True,0,8,7,8,7,4,PF_LS_RP,sampled_pool,,,False,0.5333333333333333,0.4422823148860117,0.4666666666666667,0.1,adaptive,break_symmetry,offspring,feasible_start_adaptive_spacing,,,,feasible_start_adaptive_spacing,0.5,,True,auto_from_instance,0.75,0.35,"9,11,13,16,18,21,25","2,3,4,9,17,19",,,,,,"H[9,11,13,16,17,18,21,25]|V[2,3,4,8,9,17,19]",2035ca093874466b8e7b1e9f7aa71b738528a47d
proposed_nsga2_bs_AT_S_comercial_layout_AW_3_seed_124,proposed_nsga2_bs,AT_S_comercial_layout_AW_3,124,7,auto_from_instance,10,15,3,28,150,,,,,11,7,4,root > V:2 > BH:11 > BV:9 > BH:18,selected,0,inf,True,222,115,107,74.0,1.0,1.0,True,True,1,1,0,True,1,1,0,0,True,True,0,8,6,8,6,7,RP,sampled_pool,,,False,0.5333333333333333,0.5097728062387514,0.4666666666666667,0.1,adaptive,break_symmetry,offspring,feasible_start_adaptive_spacing,,,,feasible_start_adaptive_spacing,0.5,,True,auto_from_instance,0.75,0.35,"8,9,11,12,13,18,19,25","2,3,4,7,9,19",,,,,,"H[8,9,11,12,13,18,19,25]|V[2,3,4,7,9,19]",313e3f681b33bc30f90444b0b1b5dd821fed5c79
proposed_nsga2_bs_AT_S_comercial_layout_AW_3_seed_124,proposed_nsga2_bs,AT_S_comercial_layout_AW_3,124,7,auto_from_instance,10,15,3,28,150,,,,,12,7,4,root > V:2 > BH:11 > BV:9 > BV:9,selected,0,1.4850498338870433,True,222,115,107,74.0,1.0,1.0,True,True,1,1,0,True,1,1,0,0,True,True,0,8,6,8,6,7,RP,sampled_pool,,,False,0.5333333333333333,0.5097728062387514,0.4666666666666667,0.1,adaptive,break_symmetry,offspring,feasible_start_adaptive_spacing,,,,feasible_start_adaptive_spacing,0.5,,True,auto_from_instance,0.75,0.35,"8,9,11,12,13,18,19,25","2,3,4,7,9,19",,,,,,"H[8,9,11,12,13,18,19,25]|V[2,3,4,7,9,19]",b41b2678f47c3e9bfe9aa6316c7790f5ace7089f
proposed_nsga2_bs_AT_S_comercial_layout_AW_3_seed_124,proposed_nsga2_bs,AT_S_comercial_layout_AW_3,124,7,auto_from_instance,10,15,3,28,150,,,,,13,7,4,root > V:2 > BH:11 > BV:9 > BH:19,selected,1,inf,True,222,115,107,107.0,1.0,1.0,True,True,1,1,0,True,1,1,0,0,True,True,0,8,6,8,6,7,RP,sampled_pool,,,False,0.5333333333333333,0.5097728062387514,0.4666666666666667,0.1,adaptive,break_symmetry,offspring,feasible_start_adaptive_spacing,,,,feasible_start_adaptive_spacing,0.5,,True,auto_from_instance,0.75,0.35,"8,9,11,12,13,18,19,25","2,3,4,7,9,19",,,,,,"H[8,9,11,12,13,18,19,25]|V[2,3,4,7,9,19]",a13494f6aa090e10b6ffeff3cbd3e8aae05c5505
proposed_nsga2_bs_AT_S_comercial_layout_AW_3_seed_124,proposed_nsga2_bs,AT_S_comercial_layout_AW_3,124,7,auto_from_instance,10,15,3,28,150,,,,,14,7,4,root > V:2 > BH:11 > BV:9 > BH:17,evaluated,1,inf,False,222,115,107,107.0,1.0,1.0,True,True,1,1,0,True,1,1,0,0,True,True,0,9,6,9,6,7,RP,sampled_pool,,,False,0.5333333333333333,0.5097728062387514,0.4666666666666667,0.1,adaptive,break_symmetry,offspring,feasible_start_adaptive_spacing,,,,feasible_start_adaptive_spacing,0.5,,True,auto_from_instance,0.75,0.35,"8,9,11,12,13,18,19,25","2,3,4,7,9,19",,,,,,"H[8,9,11,12,13,17,18,19,25]|V[2,3,4,7,9,19]",d89d9c0816652c94552acbfc45afb2cb1c2c8b8e
proposed_nsga2_bs_AT_S_comercial_layout_AW_3_seed_124,proposed_nsga2_bs,AT_S_comercial_layout_AW_3,124,7,auto_from_instance,10,15,3,28,150,,,,,15,10,4,root > V:3 > BH:11 > BV:10 > BV:9,evaluated,2,inf,False,225,115,110,149.0,1.0,1.0,True,True,1,1,0,True,1,1,0,0,True,True,0,8,7,8,7,10,PF_LS,sampled_pool,,,False,0.5333333333333333,0.5484315161973106,0.4666666666666667,0.1,adaptive,break_symmetry,offspring,feasible_start_adaptive_spacing,,,,feasible_start_adaptive_spacing,0.5,,True,auto_from_instance,0.75,0.35,"9,11,12,16,17,18,21,22","0,3,4,8,9,20",,,,,,"H[9,11,12,16,17,18,21,22]|V[0,3,4,8,9,10,20]",ae825089721f98e0d9805014401719023ff6a664
proposed_nsga2_bs_AT_S_comercial_layout_AW_3_seed_124,proposed_nsga2_bs,AT_S_comercial_layout_AW_3,124,7,auto_from_instance,10,15,3,28,150,,,,,16,10,4,root > V:3 > BH:11 > BV:9 > BV:9,evaluated,2,inf,False,225,115,110,149.0,1.0,1.0,True,True,1,1,0,True,1,1,0,0,True,True,0,8,6,8,6,10,PF_LS,sampled_pool,,,False,0.5333333333333333,0.5484315161973106,0.4666666666666667,0.1,adaptive,break_symmetry,offspring,feasible_start_adaptive_spacing,,,,feasible_start_adaptive_spacing,0.5,,True,auto_from_instance,0.75,0.35,"9,11,12,16,17,18,21,22","0,3,4,8,9,20",,,,,,"H[9,11,12,16,17,18,21,22]|V[0,3,4,8,9,20]",0a75f2b327085dc5778e0a33aad21dbd318e0a85
proposed_nsga2_bs_AT_S_comercial_layout_AW_3_seed_124,proposed_nsga2_bs,AT_S_comercial_layout_AW_3,124,7,auto_from_instance,10,15,3,28,150,,,,,17,10,4,root > V:3 > BH:11 > BV:9 > BV:13,evaluated,3,inf,False,225,93,132,226.0,1.0,1.0,True,True,1,1,0,True,1,1,0,0,True,True,0,8,7,8,7,10,PF_LS,sampled_pool,,,False,0.5333333333333333,0.5484315161973106,0.4666666666666667,0.1,adaptive,break_symmetry,offspring,feasible_start_adaptive_spacing,,,,feasible_start_adaptive_spacing,0.5,,True,auto_from_instance,0.75,0.35,"9,11,12,16,17,18,21,22","0,3,4,8,9,20",,,,,,"H[9,11,12,16,17,18,21,22]|V[0,3,4,8,9,13,20]",3fc0967e8cf1acc9db002871d4c6fad00e132dd7
proposed_nsga2_bs_AT_S_comercial_layout_AW_3_seed_124,proposed_nsga2_bs,AT_S_comercial_layout_AW_3,124,8,auto_from_instance,10,15,3,28,150,,,,,1,1,5,root > V:8 > BH:11 > BH:19 > BH:12 > BH:3,evaluated,2,inf,False,234,107,127,184.0,1.0,1.0,True,True,1,1,0,True,1,1,0,0,True,True,0,12,6,12,6,1,PF_RP,sampled_pool,,,False,0.6,0.6174343426328167,0.4,0.1,adaptive,swap_segments,offspring,feasible_start_adaptive_spacing,,,,feasible_start_adaptive_spacing,0.5,,True,auto_from_instance,0.75,0.35,"9,11,13,16,18,20,21,22,25","8,12,13,17,18,20",,,,,,"H[3,9,11,12,13,16,18,19,20,21,22,25]|V[8,12,13,17,18,20]",b4d3081b418ee664c2e14f6da6fe945949d53470
proposed_nsga2_bs_AT_S_comercial_layout_AW_3_seed_124,proposed_nsga2_bs,AT_S_comercial_layout_AW_3,124,8,auto_from_instance,10,15,3,28,150,,,,,2,1,5,root > V:8 > BH:11 > BH:18 > BH:12 > BH:3,evaluated,2,0.0,False,234,107,127,184.0,1.0,1.0,True,True,1,1,0,True,1,1,0,0,True,True,0,11,6,11,6,1,PF_RP,sampled_pool,,,False,0.6,0.6174343426328167,0.4,0.1,adaptive,swap_segments,offspring,feasible_start_adaptive_spacing,,,,feasible_start_adaptive_spacing,0.5,,True,auto_from_instance,0.75,0.35,"9,11,13,16,18,20,21,22,25","8,12,13,17,18,20",,,,,,"H[3,9,11,12,13,16,18,20,21,22,25]|V[8,12,13,17,18,20]",f58db195176e0328e738ab30fdd0d22f3c15ba93
proposed_nsga2_bs_AT_S_comercial_layout_AW_3_seed_124,proposed_nsga2_bs,AT_S_comercial_layout_AW_3,124,8,auto_from_instance,10,15,3,28,150,,,,,3,1,5,root > V:8 > BH:11 > BH:18 > BH:11 > BH:3,evaluated,2,inf,False,234,107,127,184.0,1.0,1.0,True,True,1,1,0,True,1,1,0,0,True,True,0,10,6,10,6,1,PF_RP,sampled_pool,,,False,0.6,0.6174343426328167,0.4,0.1,adaptive,swap_segments,offspring,feasible_start_adaptive_spacing,,,,feasible_start_adaptive_spacing,0.5,,True,auto_from_instance,0.75,0.35,"9,11,13,16,18,20,21,22,25","8,12,13,17,18,20",,,,,,"H[3,9,11,13,16,18,20,21,22,25]|V[8,12,13,17,18,20]",fbfbe28b29151f9c14061704f5030c525664b699
proposed_nsga2_bs_AT_S_comercial_layout_AW_3_seed_124,proposed_nsga2_bs,AT_S_comercial_layout_AW_3,124,8,auto_from_instance,10,15,3,28,150,,,,,4,1,5,root > V:8 > BH:11 > BH:18 > BH:11 > BH:4,evaluated,3,inf,False,234,107,127,200.0,1.0,1.0,True,True,1,1,0,True,1,1,0,0,True,True,0,10,6,10,6,1,PF_RP,sampled_pool,,,False,0.6,0.6174343426328167,0.4,0.1,adaptive,swap_segments,offspring,feasible_start_adaptive_spacing,,,,feasible_start_adaptive_spacing,0.5,,True,auto_from_instance,0.75,0.35,"9,11,13,16,18,20,21,22,25","8,12,13,17,18,20",,,,,,"H[4,9,11,13,16,18,20,21,22,25]|V[8,12,13,17,18,20]",92475ae3763e62bdb0018ee85f16779d88abb365
proposed_nsga2_bs_AT_S_comercial_layout_AW_3_seed_124,proposed_nsga2_bs,AT_S_comercial_layout_AW_3,124,8,auto_from_instance,10,15,3,28,150,,,,,5,2,4,root > V:2 > BH:11 > BH:18 > BV:8,selected,0,inf,True,222,120,102,118.0,1.0,1.0,True,True,1,1,0,True,1,1,0,0,True,True,0,10,6,10,6,2,PF_SS,sampled_pool,,,True,0.6,0.5463024143380326,0.4,0.1,adaptive,remove_random_aisle,offspring,feasible_start_adaptive_spacing,,,,feasible_start_adaptive_spacing,0.5,,True,auto_from_instance,0.75,0.35,"3,8,9,11,12,13,18,19,21,25","2,3,4,9,17",,,,,,"H[3,8,9,11,12,13,18,19,21,25]|V[2,3,4,8,9,17]",c7821f85912c8e5c3b6ca7ddc3262e68ecac8a29
proposed_nsga2_bs_AT_S_comercial_layout_AW_3_seed_124,proposed_nsga2_bs,AT_S_comercial_layout_AW_3,124,8,auto_from_instance,10,15,3,28,150,,,,,6,2,4,root > V:2 > BH:11 > BV:9 > BV:8,selected,0,inf,True,222,120,102,118.0,1.0,1.0,True,True,1,1,0,True,1,1,0,0,True,True,0,10,6,10,6,2,PF_SS,sampled_pool,,,True,0.6,0.5463024143380326,0.4,0.1,adaptive,remove_random_aisle,offspring,feasible_start_adaptive_spacing,,,,feasible_start_adaptive_spacing,0.5,,True,auto_from_instance,0.75,0.35,"3,8,9,11,12,13,18,19,21,25","2,3,4,9,17",,,,,,"H[3,8,9,11,12,13,18,19,21,25]|V[2,3,4,8,9,17]",819b823d42066f1be4d37e503ecee22d07e5a6b0
proposed_nsga2_bs_AT_S_comercial_layout_AW_3_seed_124,proposed_nsga2_bs,AT_S_comercial_layout_AW_3,124,8,auto_from_instance,10,15,3,28,150,,,,,7,2,4,root > V:2 > BH:11 > BH:18 > BV:9,selected,0,inf,True,222,115,107,74.0,1.0,1.0,True,True,1,1,0,True,1,1,0,0,True,True,0,10,5,10,5,2,PF_SS,sampled_pool,,,True,0.6,0.5463024143380326,0.4,0.1,adaptive,remove_random_aisle,offspring,feasible_start_adaptive_spacing,,,,feasible_start_adaptive_spacing,0.5,,True,auto_from_instance,0.75,0.35,"3,8,9,11,12,13,18,19,21,25","2,3,4,9,17",,,,,,"H[3,8,9,11,12,13,18,19,21,25]|V[2,3,4,9,17]",313e3f681b33bc30f90444b0b1b5dd821fed5c79
proposed_nsga2_bs_AT_S_comercial_layout_AW_3_seed_124,proposed_nsga2_bs,AT_S_comercial_layout_AW_3,124,8,auto_from_instance,10,15,3,28,150,,,,,8,2,4,root > V:2 > BH:11 > BV:9 > BV:9,selected,0,inf,True,222,115,107,74.0,1.0,1.0,True,True,1,1,0,True,1,1,0,0,True,True,0,10,5,10,5,2,PF_SS,sampled_pool,,,True,0.6,0.5463024143380326,0.4,0.1,adaptive,remove_random_aisle,offspring,feasible_start_adaptive_spacing,,,,feasible_start_adaptive_spacing,0.5,,True,auto_from_instance,0.75,0.35,"3,8,9,11,12,13,18,19,21,25","2,3,4,9,17",,,,,,"H[3,8,9,11,12,13,18,19,21,25]|V[2,3,4,9,17]",b41b2678f47c3e9bfe9aa6316c7790f5ace7089f
proposed_nsga2_bs_AT_S_comercial_layout_AW_3_seed_124,proposed_nsga2_bs,AT_S_comercial_layout_AW_3,124,8,auto_from_instance,10,15,3,28,150,,,,,9,3,4,root > V:2 > BH:11 > BH:19 > BV:8,selected,1,inf,True,222,120,102,151.0,1.0,1.0,True,True,1,1,0,True,1,1,0,0,True,True,0,8,8,8,8,3,LS,sampled_pool,,,False,0.6,0.5626977270949225,0.4,0.1,adaptive,bit_flip,offspring,feasible_start_adaptive_spacing,,,,feasible_start_adaptive_spacing,0.5,,True,auto_from_instance,0.75,0.35,"3,9,11,12,13,18,19,25","0,2,3,4,7,9,20",,,,,,"H[3,9,11,12,13,18,19,25]|V[0,2,3,4,7,8,9,20]",8ba645c74da6577ac7820f92db785eac755acc05
proposed_nsga2_bs_AT_S_comercial_layout_AW_3_seed_124,proposed_nsga2_bs,AT_S_comercial_layout_AW_3,124,8,auto_from_instance,10,15,3,28,150,,,,,10,3,4,root > V:2 > BH:11 > BH:17 > BV:8,selected,1,0.0,True,222,120,102,151.0,1.0,1.0,True,True,1,1,0,True,1,1,0,0,True,True,0,9,8,9,8,3,LS,sampled_pool,,,False,0.6,0.5626977270949225,0.4,0.1,adaptive,bit_flip,offspring,feasible_start_adaptive_spacing,,,,feasible_start_adaptive_spacing,0.5,,True,auto_from_instance,0.75,0.35,"3,9,11,12,13,18,19,25","0,2,3,4,7,9,20",,,,,,"H[3,9,11,12,13,17,18,19,25]|V[0,2,3,4,7,8,9,20]",2035ca093874466b8e7b1e9f7aa71b738528a47d
proposed_nsga2_bs_AT_S_comercial_layout_AW_3_seed_124,proposed_nsga2_bs,AT_S_comercial_layout_AW_3,124,8,auto_from_instance,10,15,3,28,150,,,,,11,3,4,root > V:2 > BH:11 > BV:10 > BV:8,selected,1,inf,True,222,120,102,151.0,1.0,1.0,True,True,1,1,0,True,1,1,0,0,True,True,0,8,9,8,9,3,LS,sampled_pool,,,False,0.6,0.5626977270949225,0.4,0.1,adaptive,bit_flip,offspring,feasible_start_adaptive_spacing,,,,feasible_start_adaptive_spacing,0.5,,True,auto_from_instance,0.75,0.35,"3,9,11,12,13,18,19,25","0,2,3,4,7,9,20",,,,,,"H[3,9,11,12,13,18,19,25]|V[0,2,3,4,7,8,9,10,20]",03c67b2d4d0ff5d630de950e66baadfff633ff2e
proposed_nsga2_bs_AT_S_comercial_layout_AW_3_seed_124,proposed_nsga2_bs,AT_S_comercial_layout_AW_3,124,8,auto_from_instance,10,15,3,28,150,,,,,12,4,5,root > H:5 > BH:12 > BH:19 > BV:3 > BV:9,selected,0,inf,True,234,127,107,89.0,1.0,1.0,True,True,3,3,0,False,1,1,0,0,True,True,0,11,4,11,4,4,PF_LS_RP,sampled_pool,,,False,0.6,0.6215125239175545,0.4,0.1,adaptive,bit_flip,offspring,feasible_start_adaptive_spacing,,,,feasible_start_adaptive_spacing,0.5,,True,auto_from_instance,0.75,0.35,"5,8,9,11,12,16,17,18,21,22","4,9,19",,,,,,"H[5,8,9,11,12,16,17,18,19,21,22]|V[3,4,9,19]",18b6d90f7bea699e6350792f12a2e443f58c174d
proposed_nsga2_bs_AT_S_comercial_layout_AW_3_seed_124,proposed_nsga2_bs,AT_S_comercial_layout_AW_3,124,8,auto_from_instance,10,15,3,28,150,,,,,13,6,6,root > V:5 > BH:11 > BH:18 > BH:11 > BH:3 > BV:13,evaluated,4,inf,False,219,90,129,209.0,1.0,1.0,True,True,1,1,0,True,1,1,0,0,True,True,0,12,8,12,8,6,SS_PF_LS,sampled_pool,,,True,0.6,0.6074407652153865,0.4,0.1,adaptive,insert_random_aisle,offspring,feasible_start_adaptive_spacing,,,,feasible_start_adaptive_spacing,0.5,,True,auto_from_instance,0.75,0.35,"3,8,9,11,12,13,18,19,20,21,22,25","3,4,5,7,9,17,20",,,,,,"H[3,8,9,11,12,13,18,19,20,21,22,25]|V[3,4,5,7,9,13,17,20]",cbba08a07531cc6542f27ca98621791bd35cab77
proposed_nsga2_bs_AT_S_comercial_layout_AW_3_seed_124,proposed_nsga2_bs,AT_S_comercial_layout_AW_3,124,8,auto_from_instance,10,15,3,28,150,,,,,14,6,6,root > V:5 > BH:11 > BH:18 > BH:11 > BH:4 > BV:13,evaluated,5,inf,False,219,90,129,219.0,1.0,1.0,True,True,1,1,0,True,1,1,0,0,True,True,0,13,8,13,8,6,SS_PF_LS,sampled_pool,,,True,0.6,0.6074407652153865,0.4,0.1,adaptive,insert_random_aisle,offspring,feasible_start_adaptive_spacing,,,,feasible_start_adaptive_spacing,0.5,,True,auto_from_instance,0.75,0.35,"3,8,9,11,12,13,18,19,20,21,22,25","3,4,5,7,9,17,20",,,,,,"H[3,4,8,9,11,12,13,18,19,20,21,22,25]|V[3,4,5,7,9,13,17,20]",921a2f686e289ae60d0982a91fa50f82c81b2441
proposed_nsga2_bs_AT_S_comercial_layout_AW_3_seed_124,proposed_nsga2_bs,AT_S_comercial_layout_AW_3,124,8,auto_from_instance,10,15,3,28,150,,,,,15,6,6,root > V:5 > BH:11 > BH:19 > BH:12 > BH:4 > BV:13,evaluated,6,inf,False,219,90,129,234.0,1.0,1.0,True,True,1,1,0,True,1,1,0,0,True,True,0,13,8,13,8,6,SS_PF_LS,sampled_pool,,,True,0.6,0.6074407652153865,0.4,0.1,adaptive,insert_random_aisle,offspring,feasible_start_adaptive_spacing,,,,feasible_start_adaptive_spacing,0.5,,True,auto_from_instance,0.75,0.35,"3,8,9,11,12,13,18,19,20,21,22,25","3,4,5,7,9,17,20",,,,,,"H[3,4,8,9,11,12,13,18,19,20,21,22,25]|V[3,4,5,7,9,13,17,20]",57428aa232f932ac2cf2f979b5ac4d7a8b3dfc81
proposed_nsga2_bs_AT_S_comercial_layout_AW_3_seed_124,proposed_nsga2_bs,AT_S_comercial_layout_AW_3,124,8,auto_from_instance,10,15,3,28,150,,,,,16,6,6,root > V:5 > BH:11 > BH:19 > BH:12 > BH:5 > BV:13,evaluated,7,inf,False,219,90,129,254.0,1.0,1.0,True,True,1,1,0,True,1,1,0,0,True,True,0,13,8,13,8,6,SS_PF_LS,sampled_pool,,,True,0.6,0.6074407652153865,0.4,0.1,adaptive,insert_random_aisle,offspring,feasible_start_adaptive_spacing,,,,feasible_start_adaptive_spacing,0.5,,True,auto_from_instance,0.75,0.35,"3,8,9,11,12,13,18,19,20,21,22,25","3,4,5,7,9,17,20",,,,,,"H[3,5,8,9,11,12,13,18,19,20,21,22,25]|V[3,4,5,7,9,13,17,20]",a6afd4a98a62064bb62dca5ae3c731f4abbc6e92
proposed_nsga2_bs_AT_S_comercial_layout_AW_3_seed_124,proposed_nsga2_bs,AT_S_comercial_layout_AW_3,124,8,auto_from_instance,10,15,3,28,150,,,,,17,7,4,root > V:3 > BH:11 > BV:10 > BV:9,selected,1,inf,True,225,115,110,149.0,1.0,1.0,True,True,1,1,0,True,1,1,0,0,True,True,0,10,7,10,7,7,LS_SS,sampled_pool,,,True,0.6,0.5741153490711606,0.4,0.1,adaptive,break_symmetry,offspring,feasible_start_adaptive_spacing,,,,feasible_start_adaptive_spacing,0.5,,True,auto_from_instance,0.75,0.35,"9,11,12,13,18,19,20,21,22,25","3,4,8,9,17,19",,,,,,"H[9,11,12,13,18,19,20,21,22,25]|V[3,4,8,9,10,17,19]",ae825089721f98e0d9805014401719023ff6a664
proposed_nsga2_bs_AT_S_comercial_layout_AW_3_seed_124,proposed_nsga2_bs,AT_S_comercial_layout_AW_3,124,8,auto_from_instance,10,15,3,28,150,,,,,18,7,4,root > V:3 > BH:11 > BV:9 > BV:9,selected,1,inf,True,225,115,110,149.0,1.0,1.0,True,True,1,1,0,True,1,1,0,0,True,True,0,10,6,10,6,7,LS_SS,sampled_pool,,,True,0.6,0.5741153490711606,0.4,0.1,adaptive,break_symmetry,offspring,feasible_start_adaptive_spacing,,,,feasible_start_adaptive_spacing,0.5,,True,auto_from_instance,0.75,0.35,"9,11,12,13,18,19,20,21,22,25","3,4,8,9,17,19",,,,,,"H[9,11,12,13,18,19,20,21,22,25]|V[3,4,8,9,17,19]",0a75f2b327085dc5778e0a33aad21dbd318e0a85
proposed_nsga2_bs_AT_S_comercial_layout_AW_3_seed_124,proposed_nsga2_bs,AT_S_comercial_layout_AW_3,124,8,auto_from_instance,10,15,3,28,150,,,,,19,7,4,root > V:3 > BH:11 > BV:9 > BV:13,evaluated,4,inf,False,225,93,132,226.0,1.0,1.0,True,True,1,1,0,True,1,1,0,0,True,True,0,10,7,10,7,7,LS_SS,sampled_pool,,,True,0.6,0.5741153490711606,0.4,0.1,adaptive,break_symmetry,offspring,feasible_start_adaptive_spacing,,,,feasible_start_adaptive_spacing,0.5,,True,auto_from_instance,0.75,0.35,"9,11,12,13,18,19,20,21,22,25","3,4,8,9,17,19",,,,,,"H[9,11,12,13,18,19,20,21,22,25]|V[3,4,8,9,13,17,19]",3fc0967e8cf1acc9db002871d4c6fad00e132dd7
proposed_nsga2_bs_AT_S_comercial_layout_AW_3_seed_124,proposed_nsga2_bs,AT_S_comercial_layout_AW_3,124,9,auto_from_instance,10,15,3,28,150,,,,,1,1,4,root > H:6 > BH:19 > BH:13 > BV:6,evaluated,2,inf,False,246,125,121,220.0,1.0,1.0,True,True,3,3,0,False,1,1,0,0,True,True,0,12,6,12,6,1,PF_LS,sampled_pool,,,False,0.6666666666666666,0.6617409991161798,0.33333333333333337,0.1,adaptive,swap_segments,offspring,feasible_start_adaptive_spacing,,,,feasible_start_adaptive_spacing,0.5,,True,auto_from_instance,0.75,0.35,"5,6,7,8,11,12,13,20,21,22,25","3,4,9,17,19",,,,,,"H[5,6,7,8,11,12,13,19,20,21,22,25]|V[3,4,6,9,17,19]",b7b547cb4691e62927f5ec7084cd7b1a79656bde
proposed_nsga2_bs_AT_S_comercial_layout_AW_3_seed_124,proposed_nsga2_bs,AT_S_comercial_layout_AW_3,124,9,auto_from_instance,10,15,3,28,150,,,,,2,1,4,root > H:6 > BH:19 > BH:12 > BV:6,evaluated,2,0.0,False,246,125,121,220.0,1.0,1.0,True,True,3,3,0,False,1,1,0,0,True,True,0,12,6,12,6,1,PF_LS,sampled_pool,,,False,0.6666666666666666,0.6617409991161798,0.33333333333333337,0.1,adaptive,swap_segments,offspring,feasible_start_adaptive_spacing,,,,feasible_start_adaptive_spacing,0.5,,True,auto_from_instance,0.75,0.35,"5,6,7,8,11,12,13,20,21,22,25","3,4,9,17,19",,,,,,"H[5,6,7,8,11,12,13,19,20,21,22,25]|V[3,4,6,9,17,19]",8fa87276d2b14fc4f92952c7fc191729e3f9d77e
proposed_nsga2_bs_AT_S_comercial_layout_AW_3_seed_124,proposed_nsga2_bs,AT_S_comercial_layout_AW_3,124,9,auto_from_instance,10,15,3,28,150,,,,,3,1,4,root > H:6 > BH:18 > BH:12 > BV:6,evaluated,2,inf,False,246,125,121,220.0,1.0,1.0,True,True,3,3,0,False,1,1,0,0,True,True,0,12,6,12,6,1,PF_LS,sampled_pool,,,False,0.6666666666666666,0.6617409991161798,0.33333333333333337,0.1,adaptive,swap_segments,offspring,feasible_start_adaptive_spacing,,,,feasible_start_adaptive_spacing,0.5,,True,auto_from_instance,0.75,0.35,"5,6,7,8,11,12,13,20,21,22,25","3,4,9,17,19",,,,,,"H[5,6,7,8,11,12,13,18,20,21,22,25]|V[3,4,6,9,17,19]",e0fad9e658853185297715315da7e4e7f9350fec
proposed_nsga2_bs_AT_S_comercial_layout_AW_3_seed_124,proposed_nsga2_bs,AT_S_comercial_layout_AW_3,124,9,auto_from_instance,10,15,3,28,150,,,,,4,1,4,root > H:6 > BH:19 > BH:13 > BV:5,selected,1,inf,True,246,125,121,166.0,1.0,1.0,True,True,3,3,0,False,1,1,0,0,True,True,0,12,6,12,6,1,PF_LS,sampled_pool,,,False,0.6666666666666666,0.6617409991161798,0.33333333333333337,0.1,adaptive,swap_segments,offspring,feasible_start_adaptive_spacing,,,,feasible_start_adaptive_spacing,0.5,,True,auto_from_instance,0.75,0.35,"5,6,7,8,11,12,13,20,21,22,25","3,4,9,17,19",,,,,,"H[5,6,7,8,11,12,13,19,20,21,22,25]|V[3,4,5,9,17,19]",9dc0533fb763078d94e803aee3f3d070aac59a61
proposed_nsga2_bs_AT_S_comercial_layout_AW_3_seed_124,proposed_nsga2_bs,AT_S_comercial_layout_AW_3,124,9,auto_from_instance,10,15,3,28,150,,,,,5,2,4,root > V:2 > BH:11 > BH:19 > BV:8,selected,1,inf,True,222,120,102,151.0,1.0,1.0,True,True,1,1,0,True,1,1,0,0,True,True,0,10,5,10,5,2,LS,sampled_pool,,,False,0.6666666666666666,0.6629936639867802,0.33333333333333337,0.1,adaptive,break_symmetry,offspring,feasible_start_adaptive_spacing,,,,feasible_start_adaptive_spacing,0.5,,True,auto_from_instance,0.75,0.35,"5,8,9,11,12,18,19,20,21,22","2,4,8,9,19",,,,,,"H[5,8,9,11,12,18,19,20,21,22]|V[2,4,8,9,19]",8ba645c74da6577ac7820f92db785eac755acc05
proposed_nsga2_bs_AT_S_comercial_layout_AW_3_seed_124,proposed_nsga2_bs,AT_S_comercial_layout_AW_3,124,9,auto_from_instance,10,15,3,28,150,,,,,6,2,4,root > V:2 > BH:11 > BH:18 > BV:8,selected,0,inf,True,222,120,102,118.0,1.0,1.0,True,True,1,1,0,True,1,1,0,0,True,True,0,10,5,10,5,2,LS,sampled_pool,,,False,0.6666666666666666,0.6629936639867802,0.33333333333333337,0.1,adaptive,break_symmetry,offspring,feasible_start_adaptive_spacing,,,,feasible_start_adaptive_spacing,0.5,,True,auto_from_instance,0.75,0.35,"5,8,9,11,12,18,19,20,21,22","2,4,8,9,19",,,,,,"H[5,8,9,11,12,18,19,20,21,22]|V[2,4,8,9,19]",c7821f85912c8e5c3b6ca7ddc3262e68ecac8a29
proposed_nsga2_bs_AT_S_comercial_layout_AW_3_seed_124,proposed_nsga2_bs,AT_S_comercial_layout_AW_3,124,9,auto_from_instance,10,15,3,28,150,,,,,7,2,4,root > V:2 > BH:11 > BH:17 > BV:8,evaluated,1,0.0,False,222,120,102,151.0,1.0,1.0,True,True,1,1,0,True,1,1,0,0,True,True,0,11,5,11,5,2,LS,sampled_pool,,,False,0.6666666666666666,0.6629936639867802,0.33333333333333337,0.1,adaptive,break_symmetry,offspring,feasible_start_adaptive_spacing,,,,feasible_start_adaptive_spacing,0.5,,True,auto_from_instance,0.75,0.35,"5,8,9,11,12,18,19,20,21,22","2,4,8,9,19",,,,,,"H[5,8,9,11,12,17,18,19,20,21,22]|V[2,4,8,9,19]",2035ca093874466b8e7b1e9f7aa71b738528a47d
proposed_nsga2_bs_AT_S_comercial_layout_AW_3_seed_124,proposed_nsga2_bs,AT_S_comercial_layout_AW_3,124,9,auto_from_instance,10,15,3,28,150,,,,,8,2,4,root > V:2 > BH:11 > BV:10 > BV:8,selected,1,1.0173951828724352,True,222,120,102,151.0,1.0,1.0,True,True,1,1,0,True,1,1,0,0,True,True,0,10,6,10,6,2,LS,sampled_pool,,,False,0.6666666666666666,0.6629936639867802,0.33333333333333337,0.1,adaptive,break_symmetry,offspring,feasible_start_adaptive_spacing,,,,feasible_start_adaptive_spacing,0.5,,True,auto_from_instance,0.75,0.35,"5,8,9,11,12,18,19,20,21,22","2,4,8,9,19",,,,,,"H[5,8,9,11,12,18,19,20,21,22]|V[2,4,8,9,10,19]",03c67b2d4d0ff5d630de950e66baadfff633ff2e
proposed_nsga2_bs_AT_S_comercial_layout_AW_3_seed_124,proposed_nsga2_bs,AT_S_comercial_layout_AW_3,124,9,auto_from_instance,10,15,3,28,150,,,,,9,3,4,root > V:3 > BH:11 > BV:10 > BV:9,evaluated,2,inf,False,225,115,110,149.0,1.0,1.0,True,True,1,1,0,True,1,1,0,0,True,True,0,12,6,12,6,3,PF,sampled_pool,,,False,0.6666666666666666,0.6948664450104866,0.33333333333333337,0.1,adaptive,insert_random_aisle,offspring,feasible_start_adaptive_spacing,,,,feasible_start_adaptive_spacing,0.5,,True,auto_from_instance,0.75,0.35,"3,8,9,11,12,16,17,18,19,21,22,25","0,3,4,9,17",,,,,,"H[3,8,9,11,12,16,17,18,19,21,22,25]|V[0,3,4,9,10,17]",ae825089721f98e0d9805014401719023ff6a664
proposed_nsga2_bs_AT_S_comercial_layout_AW_3_seed_124,proposed_nsga2_bs,AT_S_comercial_layout_AW_3,124,9,auto_from_instance,10,15,3,28,150,,,,,10,3,4,root > V:3 > BH:11 > BV:9 > BV:9,evaluated,2,inf,False,225,115,110,149.0,1.0,1.0,True,True,1,1,0,True,1,1,0,0,True,True,0,12,5,12,5,3,PF,sampled_pool,,,False,0.6666666666666666,0.6948664450104866,0.33333333333333337,0.1,adaptive,insert_random_aisle,offspring,feasible_start_adaptive_spacing,,,,feasible_start_adaptive_spacing,0.5,,True,auto_from_instance,0.75,0.35,"3,8,9,11,12,16,17,18,19,21,22,25","0,3,4,9,17",,,,,,"H[3,8,9,11,12,16,17,18,19,21,22,25]|V[0,3,4,9,17]",0a75f2b327085dc5778e0a33aad21dbd318e0a85
proposed_nsga2_bs_AT_S_comercial_layout_AW_3_seed_124,proposed_nsga2_bs,AT_S_comercial_layout_AW_3,124,9,auto_from_instance,10,15,3,28,150,,,,,11,3,4,root > V:3 > BH:11 > BV:9 > BV:13,evaluated,3,inf,False,225,93,132,226.0,1.0,1.0,True,True,1,1,0,True,1,1,0,0,True,True,0,12,6,12,6,3,PF,sampled_pool,,,False,0.6666666666666666,0.6948664450104866,0.33333333333333337,0.1,adaptive,insert_random_aisle,offspring,feasible_start_adaptive_spacing,,,,feasible_start_adaptive_spacing,0.5,,True,auto_from_instance,0.75,0.35,"3,8,9,11,12,16,17,18,19,21,22,25","0,3,4,9,17",,,,,,"H[3,8,9,11,12,16,17,18,19,21,22,25]|V[0,3,4,9,13,17]",3fc0967e8cf1acc9db002871d4c6fad00e132dd7
proposed_nsga2_bs_AT_S_comercial_layout_AW_3_seed_124,proposed_nsga2_bs,AT_S_comercial_layout_AW_3,124,9,auto_from_instance,10,15,3,28,150,,,,,12,4,4,root > V:2 > BH:11 > BV:9 > BV:8,selected,0,inf,True,222,120,102,118.0,1.0,1.0,True,True,1,1,0,True,1,1,0,0,True,True,0,9,7,9,7,4,PF_LS_RP,sampled_pool,,,False,0.6666666666666666,0.7183292748258757,0.33333333333333337,0.1,adaptive,bit_flip,offspring,feasible_start_adaptive_spacing,,,,feasible_start_adaptive_spacing,0.5,,True,auto_from_instance,0.75,0.35,"5,8,9,11,12,13,18,19,21","1,2,3,4,9,19",,,,,,"H[5,8,9,11,12,13,18,19,21]|V[1,2,3,4,8,9,19]",819b823d42066f1be4d37e503ecee22d07e5a6b0
proposed_nsga2_bs_AT_S_comercial_layout_AW_3_seed_124,proposed_nsga2_bs,AT_S_comercial_layout_AW_3,124,9,auto_from_instance,10,15,3,28,150,,,,,13,5,4,root > V:2 > BH:11 > BV:9 > BH:18,selected,0,inf,True,222,115,107,74.0,1.0,1.0,True,True,1,1,0,True,1,1,0,0,True,True,0,11,5,11,5,5,RP_LS,sampled_pool,,,False,0.6666666666666666,0.7634724541822865,0.33333333333333337,0.1,adaptive,break_symmetry,offspring,feasible_start_adaptive_spacing,,,,feasible_start_adaptive_spacing,0.5,,True,auto_from_instance,0.75,0.35,"3,8,9,11,13,16,17,18,19,21,25","2,3,4,9,17",,,,,,"H[3,8,9,11,13,16,17,18,19,21,25]|V[2,3,4,9,17]",313e3f681b33bc30f90444b0b1b5dd821fed5c79
proposed_nsga2_bs_AT_S_comercial_layout_AW_3_seed_124,proposed_nsga2_bs,AT_S_comercial_layout_AW_3,124,9,auto_from_instance,10,15,3,28,150,,,,,14,5,4,root > V:2 > BH:11 > BV:9 > BV:9,selected,0,inf,True,222,115,107,74.0,1.0,1.0,True,True,1,1,0,True,1,1,0,0,True,True,0,11,5,11,5,5,RP_LS,sampled_pool,,,False,0.6666666666666666,0.7634724541822865,0.33333333333333337,0.1,adaptive,break_symmetry,offspring,feasible_start_adaptive_spacing,,,,feasible_start_adaptive_spacing,0.5,,True,auto_from_instance,0.75,0.35,"3,8,9,11,13,16,17,18,19,21,25","2,3,4,9,17",,,,,,"H[3,8,9,11,13,16,17,18,19,21,25]|V[2,3,4,9,17]",b41b2678f47c3e9bfe9aa6316c7790f5ace7089f
proposed_nsga2_bs_AT_S_comercial_layout_AW_3_seed_124,proposed_nsga2_bs,AT_S_comercial_layout_AW_3,124,9,auto_from_instance,10,15,3,28,150,,,,,15,5,4,root > V:2 > BH:11 > BV:9 > BH:19,selected,1,inf,True,222,115,107,107.0,1.0,1.0,True,True,1,1,0,True,1,1,0,0,True,True,0,11,5,11,5,5,RP_LS,sampled_pool,,,False,0.6666666666666666,0.7634724541822865,0.33333333333333337,0.1,adaptive,break_symmetry,offspring,feasible_start_adaptive_spacing,,,,feasible_start_adaptive_spacing,0.5,,True,auto_from_instance,0.75,0.35,"3,8,9,11,13,16,17,18,19,21,25","2,3,4,9,17",,,,,,"H[3,8,9,11,13,16,17,18,19,21,25]|V[2,3,4,9,17]",a13494f6aa090e10b6ffeff3cbd3e8aae05c5505
proposed_nsga2_bs_AT_S_comercial_layout_AW_3_seed_124,proposed_nsga2_bs,AT_S_comercial_layout_AW_3,124,9,auto_from_instance,10,15,3,28,150,,,,,16,5,4,root > V:2 > BH:11 > BV:9 > BH:17,selected,1,inf,True,222,115,107,107.0,1.0,1.0,True,True,1,1,0,True,1,1,0,0,True,True,0,11,5,11,5,5,RP_LS,sampled_pool,,,False,0.6666666666666666,0.7634724541822865,0.33333333333333337,0.1,adaptive,break_symmetry,offspring,feasible_start_adaptive_spacing,,,,feasible_start_adaptive_spacing,0.5,,True,auto_from_instance,0.75,0.35,"3,8,9,11,13,16,17,18,19,21,25","2,3,4,9,17",,,,,,"H[3,8,9,11,13,16,17,18,19,21,25]|V[2,3,4,9,17]",d89d9c0816652c94552acbfc45afb2cb1c2c8b8e
proposed_nsga2_bs_AT_S_comercial_layout_AW_3_seed_124,proposed_nsga2_bs,AT_S_comercial_layout_AW_3,124,9,auto_from_instance,10,15,3,28,150,,,,,17,9,5,root > H:5 > BH:12 > BH:19 > BV:3 > BV:9,selected,0,inf,True,234,127,107,89.0,1.0,1.0,True,True,3,3,0,False,1,1,0,0,True,True,0,10,5,10,5,9,PF_SS,sampled_pool,,,True,0.6666666666666666,0.7336176852780484,0.33333333333333337,0.1,adaptive,bit_flip,offspring,feasible_start_adaptive_spacing,,,,feasible_start_adaptive_spacing,0.5,,True,auto_from_instance,0.75,0.35,"5,8,9,11,12,16,18,19,21,22","3,4,9,10,19",,,,,,"H[5,8,9,11,12,16,18,19,21,22]|V[3,4,9,10,19]",18b6d90f7bea699e6350792f12a2e443f58c174d
proposed_nsga2_bs_AT_S_comercial_layout_AW_3_seed_124,proposed_nsga2_bs,AT_S_comercial_layout_AW_3,124,10,auto_from_instance,10,15,3,28,150,,,,,1,1,4,root > V:2 > BH:11 > BH:19 > BV:8,selected,1,inf,True,222,120,102,151.0,1.0,1.0,True,True,1,1,0,True,1,1,0,0,True,True,0,9,8,9,8,1,LS,sampled_pool,,,False,0.7333333333333333,0.739208449668411,0.2666666666666667,0.1,adaptive,spacing_aware_flip,offspring,feasible_start_adaptive_spacing,,,,feasible_start_adaptive_spacing,0.5,,True,auto_from_instance,0.75,0.35,"5,8,9,11,12,13,18,19,21","1,2,3,4,9,12,19",,,,,,"H[5,8,9,11,12,13,18,19,21]|V[1,2,3,4,8,9,12,19]",8ba645c74da6577ac7820f92db785eac755acc05
proposed_nsga2_bs_AT_S_comercial_layout_AW_3_seed_124,proposed_nsga2_bs,AT_S_comercial_layout_AW_3,124,10,auto_from_instance,10,15,3,28,150,,,,,2,1,4,root > V:2 > BH:11 > BH:18 > BV:8,selected,0,inf,True,222,120,102,118.0,1.0,1.0,True,True,1,1,0,True,1,1,0,0,True,True,0,9,8,9,8,1,LS,sampled_pool,,,False,0.7333333333333333,0.739208449668411,0.2666666666666667,0.1,adaptive,spacing_aware_flip,offspring,feasible_start_adaptive_spacing,,,,feasible_start_adaptive_spacing,0.5,,True,auto_from_instance,0.75,0.35,"5,8,9,11,12,13,18,19,21","1,2,3,4,9,12,19",,,,,,"H[5,8,9,11,12,13,18,19,21]|V[1,2,3,4,8,9,12,19]",c7821f85912c8e5c3b6ca7ddc3262e68ecac8a29
proposed_nsga2_bs_AT_S_comercial_layout_AW_3_seed_124,proposed_nsga2_bs,AT_S_comercial_layout_AW_3,124,10,auto_from_instance,10,15,3,28,150,,,,,3,1,4,root > V:2 > BH:11 > BH:17 > BV:8,selected,1,0.0,True,222,120,102,151.0,1.0,1.0,True,True,1,1,0,True,1,1,0,0,True,True,0,10,8,10,8,1,LS,sampled_pool,,,False,0.7333333333333333,0.739208449668411,0.2666666666666667,0.1,adaptive,spacing_aware_flip,offspring,feasible_start_adaptive_spacing,,,,feasible_start_adaptive_spacing,0.5,,True,auto_from_instance,0.75,0.35,"5,8,9,11,12,13,18,19,21","1,2,3,4,9,12,19",,,,,,"H[5,8,9,11,12,13,17,18,19,21]|V[1,2,3,4,8,9,12,19]",2035ca093874466b8e7b1e9f7aa71b738528a47d
proposed_nsga2_bs_AT_S_comercial_layout_AW_3_seed_124,proposed_nsga2_bs,AT_S_comercial_layout_AW_3,124,10,auto_from_instance,10,15,3,28,150,,,,,4,1,4,root > V:2 > BH:11 > BV:10 > BV:8,selected,1,inf,True,222,120,102,151.0,1.0,1.0,True,True,1,1,0,True,1,1,0,0,True,True,0,9,9,9,9,1,LS,sampled_pool,,,False,0.7333333333333333,0.739208449668411,0.2666666666666667,0.1,adaptive,spacing_aware_flip,offspring,feasible_start_adaptive_spacing,,,,feasible_start_adaptive_spacing,0.5,,True,auto_from_instance,0.75,0.35,"5,8,9,11,12,13,18,19,21","1,2,3,4,9,12,19",,,,,,"H[5,8,9,11,12,13,18,19,21]|V[1,2,3,4,8,9,10,12,19]",03c67b2d4d0ff5d630de950e66baadfff633ff2e
proposed_nsga2_bs_AT_S_comercial_layout_AW_3_seed_124,proposed_nsga2_bs,AT_S_comercial_layout_AW_3,124,10,auto_from_instance,10,15,3,28,150,,,,,5,2,4,root > V:3 > BH:11 > BV:10 > BV:9,selected,2,inf,True,225,115,110,149.0,1.0,1.0,True,True,1,1,0,True,1,1,0,0,True,True,0,11,8,11,8,2,PF,sampled_pool,,,False,0.7333333333333333,0.695677994174495,0.2666666666666667,0.1,adaptive,spacing_aware_flip,offspring,feasible_start_adaptive_spacing,,,,feasible_start_adaptive_spacing,0.5,,True,auto_from_instance,0.75,0.35,"3,8,9,11,13,16,17,18,19,21,25","2,3,4,8,9,17,20",,,,,,"H[3,8,9,11,13,16,17,18,19,21,25]|V[2,3,4,8,9,10,17,20]",ae825089721f98e0d9805014401719023ff6a664
proposed_nsga2_bs_AT_S_comercial_layout_AW_3_seed_124,proposed_nsga2_bs,AT_S_comercial_layout_AW_3,124,10,auto_from_instance,10,15,3,28,150,,,,,6,2,4,root > V:3 > BH:11 > BV:9 > BV:9,selected,2,inf,True,225,115,110,149.0,1.0,1.0,True,True,1,1,0,True,1,1,0,0,True,True,0,11,7,11,7,2,PF,sampled_pool,,,False,0.7333333333333333,0.695677994174495,0.2666666666666667,0.1,adaptive,spacing_aware_flip,offspring,feasible_start_adaptive_spacing,,,,feasible_start_adaptive_spacing,0.5,,True,auto_from_instance,0.75,0.35,"3,8,9,11,13,16,17,18,19,21,25","2,3,4,8,9,17,20",,,,,,"H[3,8,9,11,13,16,17,18,19,21,25]|V[2,3,4,8,9,17,20]",0a75f2b327085dc5778e0a33aad21dbd318e0a85
proposed_nsga2_bs_AT_S_comercial_layout_AW_3_seed_124,proposed_nsga2_bs,AT_S_comercial_layout_AW_3,124,10,auto_from_instance,10,15,3,28,150,,,,,7,2,4,root > V:2 > BH:11 > BH:19 > BV:9,selected,1,inf,True,222,115,107,107.0,1.0,1.0,True,True,1,1,0,True,1,1,0,0,True,True,0,11,7,11,7,2,PF,sampled_pool,,,False,0.7333333333333333,0.695677994174495,0.2666666666666667,0.1,adaptive,spacing_aware_flip,offspring,feasible_start_adaptive_spacing,,,,feasible_start_adaptive_spacing,0.5,,True,auto_from_instance,0.75,0.35,"3,8,9,11,13,16,17,18,19,21,25","2,3,4,8,9,17,20",,,,,,"H[3,8,9,11,13,16,17,18,19,21,25]|V[2,3,4,8,9,17,20]",a13494f6aa090e10b6ffeff3cbd3e8aae05c5505
proposed_nsga2_bs_AT_S_comercial_layout_AW_3_seed_124,proposed_nsga2_bs,AT_S_comercial_layout_AW_3,124,10,auto_from_instance,10,15,3,28,150,,,,,8,3,4,root > V:3 > BH:11 > BV:9 > BV:13,evaluated,3,inf,False,225,93,132,226.0,1.0,1.0,True,True,1,1,0,True,1,1,0,0,True,True,0,11,6,11,6,3,LS_SS,sampled_pool,,,True,0.7333333333333333,0.7291343504574792,0.2666666666666667,0.1,adaptive,swap_segments,offspring,feasible_start_adaptive_spacing,,,,feasible_start_adaptive_spacing,0.5,,True,auto_from_instance,0.75,0.35,"5,6,7,8,11,12,16,18,19,21,22","3,4,5,9,12",,,,,,"H[5,6,7,8,11,12,16,18,19,21,22]|V[3,4,5,9,12,13]",3fc0967e8cf1acc9db002871d4c6fad00e132dd7
proposed_nsga2_bs_AT_S_comercial_layout_AW_3_seed_124,proposed_nsga2_bs,AT_S_comercial_layout_AW_3,124,10,auto_from_instance,10,15,3,28,150,,,,,9,4,5,root > H:5 > BH:14 > BV:3 > BV:9 > BH:22,evaluated,3,inf,False,234,95,139,169.0,1.0,1.0,True,True,3,3,0,False,1,1,0,0,True,True,0,12,7,12,7,4,SS_PF_LS,sampled_pool,,,True,0.7333333333333333,0.6178423724201112,0.2666666666666667,0.1,adaptive,spacing_aware_flip,offspring,feasible_start_adaptive_spacing,,,,feasible_start_adaptive_spacing,0.5,,True,auto_from_instance,0.75,0.35,"5,8,9,11,12,13,19,20,21,22,25","3,4,9,10,14,17,19",,,,,,"H[5,8,9,11,12,13,14,19,20,21,22,25]|V[3,4,9,10,14,17,19]",48c8db672ad8e38240659b662303c81be57816e3
proposed_nsga2_bs_AT_S_comercial_layout_AW_3_seed_124,proposed_nsga2_bs,AT_S_comercial_layout_AW_3,124,10,auto_from_instance,10,15,3,28,150,,,,,10,4,5,root > H:5 > BH:16 > BV:3 > BV:9 > BH:22,evaluated,4,inf,False,234,95,139,201.0,1.0,1.0,True,True,3,3,0,False,1,1,0,0,True,True,0,12,7,12,7,4,SS_PF_LS,sampled_pool,,,True,0.7333333333333333,0.6178423724201112,0.2666666666666667,0.1,adaptive,spacing_aware_flip,offspring,feasible_start_adaptive_spacing,,,,feasible_start_adaptive_spacing,0.5,,True,auto_from_instance,0.75,0.35,"5,8,9,11,12,13,19,20,21,22,25","3,4,9,10,14,17,19",,,,,,"H[5,8,9,11,12,13,16,19,20,21,22,25]|V[3,4,9,10,14,17,19]",3c5a6154cb0222e9d4782f9e4453518798c314af
proposed_nsga2_bs_AT_S_comercial_layout_AW_3_seed_124,proposed_nsga2_bs,AT_S_comercial_layout_AW_3,124,10,auto_from_instance,10,15,3,28,150,,,,,11,5,4,root > V:2 > BH:11 > BV:9 > BV:8,selected,0,inf,True,222,120,102,118.0,1.0,1.0,True,True,1,1,0,True,1,1,0,0,True,True,0,11,6,11,6,5,PF_RP,sampled_pool,,,False,0.7333333333333333,0.8025815733756702,0.2666666666666667,0.1,adaptive,swap_segments,offspring,feasible_start_adaptive_spacing,,,,feasible_start_adaptive_spacing,0.5,,True,auto_from_instance,0.75,0.35,"5,8,9,11,13,16,17,18,19,21,25","2,3,4,8,9,17",,,,,,"H[5,8,9,11,13,16,17,18,19,21,25]|V[2,3,4,8,9,17]",819b823d42066f1be4d37e503ecee22d07e5a6b0
proposed_nsga2_bs_AT_S_comercial_layout_AW_3_seed_124,proposed_nsga2_bs,AT_S_comercial_layout_AW_3,124,10,auto_from_instance,10,15,3,28,150,,,,,12,5,4,root > V:2 > BH:11 > BH:18 > BV:9,selected,0,inf,True,222,115,107,74.0,1.0,1.0,True,True,1,1,0,True,1,1,0,0,True,True,0,11,6,11,6,5,PF_RP,sampled_pool,,,False,0.7333333333333333,0.8025815733756702,0.2666666666666667,0.1,adaptive,swap_segments,offspring,feasible_start_adaptive_spacing,,,,feasible_start_adaptive_spacing,0.5,,True,auto_from_instance,0.75,0.35,"5,8,9,11,13,16,17,18,19,21,25","2,3,4,8,9,17",,,,,,"H[5,8,9,11,13,16,17,18,19,21,25]|V[2,3,4,8,9,17]",313e3f681b33bc30f90444b0b1b5dd821fed5c79
proposed_nsga2_bs_AT_S_comercial_layout_AW_3_seed_124,proposed_nsga2_bs,AT_S_comercial_layout_AW_3,124,10,auto_from_instance,10,15,3,28,150,,,,,13,5,4,root > V:2 > BH:11 > BV:9 > BV:9,selected,0,inf,True,222,115,107,74.0,1.0,1.0,True,True,1,1,0,True,1,1,0,0,True,True,0,11,6,11,6,5,PF_RP,sampled_pool,,,False,0.7333333333333333,0.8025815733756702,0.2666666666666667,0.1,adaptive,swap_segments,offspring,feasible_start_adaptive_spacing,,,,feasible_start_adaptive_spacing,0.5,,True,auto_from_instance,0.75,0.35,"5,8,9,11,13,16,17,18,19,21,25","2,3,4,8,9,17",,,,,,"H[5,8,9,11,13,16,17,18,19,21,25]|V[2,3,4,8,9,17]",b41b2678f47c3e9bfe9aa6316c7790f5ace7089f
proposed_nsga2_bs_AT_S_comercial_layout_AW_3_seed_124,proposed_nsga2_bs,AT_S_comercial_layout_AW_3,124,11,auto_from_instance,10,15,3,28,150,,,,,1,1,4,root > V:2 > BH:11 > BH:18 > BV:8,selected,0,inf,True,222,120,102,118.0,1.0,1.0,True,True,1,1,0,True,1,1,0,0,True,True,0,10,8,10,8,1,LS_SS,sampled_pool,,,True,0.8,0.7479438133236089,0.19999999999999996,0.1,adaptive,remove_random_aisle,offspring,feasible_start_adaptive_spacing,,,,feasible_start_adaptive_spacing,0.5,,True,auto_from_instance,0.75,0.35,"5,8,9,11,12,13,19,21,25","2,3,4,8,9,12,17,20",,,,,,"H[5,8,9,11,12,13,18,19,21,25]|V[2,3,4,8,9,12,17,20]",c7821f85912c8e5c3b6ca7ddc3262e68ecac8a29
proposed_nsga2_bs_AT_S_comercial_layout_AW_3_seed_124,proposed_nsga2_bs,AT_S_comercial_layout_AW_3,124,11,auto_from_instance,10,15,3,28,150,,,,,2,1,4,root > V:2 > BH:11 > BV:9 > BV:8,selected,0,inf,True,222,120,102,118.0,1.0,1.0,True,True,1,1,0,True,1,1,0,0,True,True,0,9,8,9,8,1,LS_SS,sampled_pool,,,True,0.8,0.7479438133236089,0.19999999999999996,0.1,adaptive,remove_random_aisle,offspring,feasible_start_adaptive_spacing,,,,feasible_start_adaptive_spacing,0.5,,True,auto_from_instance,0.75,0.35,"5,8,9,11,12,13,19,21,25","2,3,4,8,9,12,17,20",,,,,,"H[5,8,9,11,12,13,19,21,25]|V[2,3,4,8,9,12,17,20]",819b823d42066f1be4d37e503ecee22d07e5a6b0
proposed_nsga2_bs_AT_S_comercial_layout_AW_3_seed_124,proposed_nsga2_bs,AT_S_comercial_layout_AW_3,124,11,auto_from_instance,10,15,3,28,150,,,,,3,1,4,root > V:2 > BH:11 > BH:19 > BV:8,selected,1,inf,True,222,120,102,151.0,1.0,1.0,True,True,1,1,0,True,1,1,0,0,True,True,0,9,8,9,8,1,LS_SS,sampled_pool,,,True,0.8,0.7479438133236089,0.19999999999999996,0.1,adaptive,remove_random_aisle,offspring,feasible_start_adaptive_spacing,,,,feasible_start_adaptive_spacing,0.5,,True,auto_from_instance,0.75,0.35,"5,8,9,11,12,13,19,21,25","2,3,4,8,9,12,17,20",,,,,,"H[5,8,9,11,12,13,19,21,25]|V[2,3,4,8,9,12,17,20]",8ba645c74da6577ac7820f92db785eac755acc05
proposed_nsga2_bs_AT_S_comercial_layout_AW_3_seed_124,proposed_nsga2_bs,AT_S_comercial_layout_AW_3,124,11,auto_from_instance,10,15,3,28,150,,,,,4,1,4,root > V:2 > BH:11 > BH:17 > BV:8,selected,1,0.0,True,222,120,102,151.0,1.0,1.0,True,True,1,1,0,True,1,1,0,0,True,True,0,10,8,10,8,1,LS_SS,sampled_pool,,,True,0.8,0.7479438133236089,0.19999999999999996,0.1,adaptive,remove_random_aisle,offspring,feasible_start_adaptive_spacing,,,,feasible_start_adaptive_spacing,0.5,,True,auto_from_instance,0.75,0.35,"5,8,9,11,12,13,19,21,25","2,3,4,8,9,12,17,20",,,,,,"H[5,8,9,11,12,13,17,19,21,25]|V[2,3,4,8,9,12,17,20]",2035ca093874466b8e7b1e9f7aa71b738528a47d
proposed_nsga2_bs_AT_S_comercial_layout_AW_3_seed_124,proposed_nsga2_bs,AT_S_comercial_layout_AW_3,124,11,auto_from_instance,10,15,3,28,150,,,,,5,2,4,root > V:2 > BH:11 > BH:18 > BV:9,selected,0,inf,True,222,115,107,74.0,1.0,1.0,True,True,1,1,0,True,1,1,0,0,True,True,0,11,7,11,7,2,SS_LS_PF,sampled_pool,,,True,0.8,0.8119974625262654,0.19999999999999996,0.1,adaptive,spacing_aware_flip,offspring,feasible_start_adaptive_spacing,,,,feasible_start_adaptive_spacing,0.5,,True,auto_from_instance,0.75,0.35,"3,8,9,11,13,16,17,18,19,21,24","1,2,3,4,8,9,19",,,,,,"H[3,8,9,11,13,16,17,18,19,21,24]|V[1,2,3,4,8,9,19]",313e3f681b33bc30f90444b0b1b5dd821fed5c79
proposed_nsga2_bs_AT_S_comercial_layout_AW_3_seed_124,proposed_nsga2_bs,AT_S_comercial_layout_AW_3,124,11,auto_from_instance,10,15,3,28,150,,,,,6,2,4,root > V:3 > BH:11 > BV:10 > BV:9,selected,2,inf,True,225,115,110,149.0,1.0,1.0,True,True,1,1,0,True,1,1,0,0,True,True,0,11,8,11,8,2,SS_LS_PF,sampled_pool,,,True,0.8,0.8119974625262654,0.19999999999999996,0.1,adaptive,spacing_aware_flip,offspring,feasible_start_adaptive_spacing,,,,feasible_start_adaptive_spacing,0.5,,True,auto_from_instance,0.75,0.35,"3,8,9,11,13,16,17,18,19,21,24","1,2,3,4,8,9,19",,,,,,"H[3,8,9,11,13,16,17,18,19,21,24]|V[1,2,3,4,8,9,10,19]",ae825089721f98e0d9805014401719023ff6a664
proposed_nsga2_bs_AT_S_comercial_layout_AW_3_seed_124,proposed_nsga2_bs,AT_S_comercial_layout_AW_3,124,11,auto_from_instance,10,15,3,28,150,,,,,7,2,4,root > V:3 > BH:11 > BV:9 > BV:9,evaluated,2,inf,False,225,115,110,149.0,1.0,1.0,True,True,1,1,0,True,1,1,0,0,True,True,0,11,7,11,7,2,SS_LS_PF,sampled_pool,,,True,0.8,0.8119974625262654,0.19999999999999996,0.1,adaptive,spacing_aware_flip,offspring,feasible_start_adaptive_spacing,,,,feasible_start_adaptive_spacing,0.5,,True,auto_from_instance,0.75,0.35,"3,8,9,11,13,16,17,18,19,21,24","1,2,3,4,8,9,19",,,,,,"H[3,8,9,11,13,16,17,18,19,21,24]|V[1,2,3,4,8,9,19]",0a75f2b327085dc5778e0a33aad21dbd318e0a85
proposed_nsga2_bs_AT_S_comercial_layout_AW_3_seed_124,proposed_nsga2_bs,AT_S_comercial_layout_AW_3,124,11,auto_from_instance,10,15,3,28,150,,,,,8,3,4,root > V:2 > BH:11 > BH:19 > BV:9,selected,1,inf,True,222,115,107,107.0,1.0,1.0,True,True,1,1,0,True,1,1,0,0,True,True,0,11,8,11,8,3,PF,sampled_pool,,,False,0.8,0.8016496112609093,0.19999999999999996,0.1,adaptive,spacing_aware_flip,offspring,feasible_start_adaptive_spacing,,,,feasible_start_adaptive_spacing,0.5,,True,auto_from_instance,0.75,0.35,"1,5,8,9,11,13,16,17,18,19,21","1,2,3,4,8,9,17,19",,,,,,"H[1,5,8,9,11,13,16,17,18,19,21]|V[1,2,3,4,8,9,17,19]",a13494f6aa090e10b6ffeff3cbd3e8aae05c5505
proposed_nsga2_bs_AT_S_comercial_layout_AW_3_seed_124,proposed_nsga2_bs,AT_S_comercial_layout_AW_3,124,11,auto_from_instance,10,15,3,28,150,,,,,9,4,4,root > V:2 > BH:11 > BV:10 > BV:8,selected,1,inf,True,222,120,102,151.0,1.0,1.0,True,True,1,1,0,True,1,1,0,0,True,True,0,11,7,11,7,4,LS_PF,sampled_pool,,,False,0.8,0.8385015253247449,0.19999999999999996,0.1,adaptive,spacing_aware_flip,offspring,feasible_start_adaptive_spacing,,,,feasible_start_adaptive_spacing,0.5,,True,auto_from_instance,0.75,0.35,"0,5,8,9,11,12,13,18,19,21,25","2,3,4,8,9,12",,,,,,"H[0,5,8,9,11,12,13,18,19,21,25]|V[2,3,4,8,9,10,12]",03c67b2d4d0ff5d630de950e66baadfff633ff2e
proposed_nsga2_bs_AT_S_comercial_layout_AW_3_seed_124,proposed_nsga2_bs,AT_S_comercial_layout_AW_3,124,11,auto_from_instance,10,15,3,28,150,,,,,10,6,4,root > V:2 > BH:11 > BV:9 > BV:9,selected,0,inf,True,222,115,107,74.0,1.0,1.0,True,True,1,1,0,True,1,1,0,0,True,True,0,10,7,10,7,6,PF_SS,sampled_pool,,,True,0.8,0.7385050410359048,0.19999999999999996,0.1,adaptive,break_symmetry,offspring,feasible_start_adaptive_spacing,,,,feasible_start_adaptive_spacing,0.5,,True,auto_from_instance,0.75,0.35,"5,8,9,11,13,16,17,18,19,21","0,2,3,4,8,9,19",,,,,,"H[5,8,9,11,13,16,17,18,19,21]|V[0,2,3,4,8,9,19]",b41b2678f47c3e9bfe9aa6316c7790f5ace7089f
proposed_nsga2_bs_AT_S_comercial_layout_AW_3_seed_124,proposed_nsga2_bs,AT_S_comercial_layout_AW_3,124,11,auto_from_instance,10,15,3,28,150,,,,,11,10,4,root > V:2 > BH:11 > BV:9 > BH:17,selected,1,inf,True,222,115,107,107.0,1.0,1.0,True,True,1,1,0,True,1,1,0,0,True,True,0,11,7,11,7,10,RP,sampled_pool,,,False,0.8,0.8376246788918613,0.19999999999999996,0.1,adaptive,spacing_aware_flip,offspring,feasible_start_adaptive_spacing,,,,feasible_start_adaptive_spacing,0.5,,True,auto_from_instance,0.75,0.35,"3,8,9,11,13,16,17,18,19,21,25","2,3,4,8,9,13,17",,,,,,"H[3,8,9,11,13,16,17,18,19,21,25]|V[2,3,4,8,9,13,17]",d89d9c0816652c94552acbfc45afb2cb1c2c8b8e
proposed_nsga2_bs_AT_S_comercial_layout_AW_3_seed_124,proposed_nsga2_bs,AT_S_comercial_layout_AW_3,124,12,auto_from_instance,10,15,3,28,150,,,,,1,1,4,root > V:2 > BH:11 > BH:19 > BV:8,selected,1,inf,True,222,120,102,151.0,1.0,1.0,True,True,1,1,0,True,1,1,0,0,True,True,0,10,7,10,7,1,LS,sampled_pool,,,False,0.8666666666666667,0.8682326789297208,0.1333333333333333,0.1,adaptive,remove_random_aisle,offspring,feasible_start_adaptive_spacing,,,,feasible_start_adaptive_spacing,0.5,,True,auto_from_instance,0.75,0.35,"5,8,9,11,12,13,18,19,21,25","2,3,4,8,9,17,20",,,,,,"H[5,8,9,11,12,13,18,19,21,25]|V[2,3,4,8,9,17,20]",8ba645c74da6577ac7820f92db785eac755acc05
proposed_nsga2_bs_AT_S_comercial_layout_AW_3_seed_124,proposed_nsga2_bs,AT_S_comercial_layout_AW_3,124,12,auto_from_instance,10,15,3,28,150,,,,,2,1,4,root > V:2 > BH:11 > BH:18 > BV:8,selected,0,inf,True,222,120,102,118.0,1.0,1.0,True,True,1,1,0,True,1,1,0,0,True,True,0,10,7,10,7,1,LS,sampled_pool,,,False,0.8666666666666667,0.8682326789297208,0.1333333333333333,0.1,adaptive,remove_random_aisle,offspring,feasible_start_adaptive_spacing,,,,feasible_start_adaptive_spacing,0.5,,True,auto_from_instance,0.75,0.35,"5,8,9,11,12,13,18,19,21,25","2,3,4,8,9,17,20",,,,,,"H[5,8,9,11,12,13,18,19,21,25]|V[2,3,4,8,9,17,20]",c7821f85912c8e5c3b6ca7ddc3262e68ecac8a29
proposed_nsga2_bs_AT_S_comercial_layout_AW_3_seed_124,proposed_nsga2_bs,AT_S_comercial_layout_AW_3,124,12,auto_from_instance,10,15,3,28,150,,,,,3,1,4,root > V:2 > BH:11 > BH:17 > BV:8,selected,1,0.0,True,222,120,102,151.0,1.0,1.0,True,True,1,1,0,True,1,1,0,0,True,True,0,11,7,11,7,1,LS,sampled_pool,,,False,0.8666666666666667,0.8682326789297208,0.1333333333333333,0.1,adaptive,remove_random_aisle,offspring,feasible_start_adaptive_spacing,,,,feasible_start_adaptive_spacing,0.5,,True,auto_from_instance,0.75,0.35,"5,8,9,11,12,13,18,19,21,25","2,3,4,8,9,17,20",,,,,,"H[5,8,9,11,12,13,17,18,19,21,25]|V[2,3,4,8,9,17,20]",2035ca093874466b8e7b1e9f7aa71b738528a47d
proposed_nsga2_bs_AT_S_comercial_layout_AW_3_seed_124,proposed_nsga2_bs,AT_S_comercial_layout_AW_3,124,12,auto_from_instance,10,15,3,28,150,,,,,4,1,4,root > V:2 > BH:11 > BV:10 > BV:8,selected,1,inf,True,222,120,102,151.0,1.0,1.0,True,True,1,1,0,True,1,1,0,0,True,True,0,10,8,10,8,1,LS,sampled_pool,,,False,0.8666666666666667,0.8682326789297208,0.1333333333333333,0.1,adaptive,remove_random_aisle,offspring,feasible_start_adaptive_spacing,,,,feasible_start_adaptive_spacing,0.5,,True,auto_from_instance,0.75,0.35,"5,8,9,11,12,13,18,19,21,25","2,3,4,8,9,17,20",,,,,,"H[5,8,9,11,12,13,18,19,21,25]|V[2,3,4,8,9,10,17,20]",03c67b2d4d0ff5d630de950e66baadfff633ff2e
proposed_nsga2_bs_AT_S_comercial_layout_AW_3_seed_124,proposed_nsga2_bs,AT_S_comercial_layout_AW_3,124,12,auto_from_instance,10,15,3,28,150,,,,,5,2,4,root > V:2 > BH:11 > BH:18 > BV:9,selected,0,inf,True,222,115,107,74.0,1.0,1.0,True,True,1,1,0,True,1,1,0,0,True,True,0,11,8,11,8,2,SS_LS_PF,sampled_pool,,,True,0.8666666666666667,0.8468537072424648,0.1333333333333333,0.1,adaptive,spacing_aware_flip,offspring,feasible_start_adaptive_spacing,,,,feasible_start_adaptive_spacing,0.5,,True,auto_from_instance,0.75,0.35,"0,5,8,9,11,12,13,18,19,21,25","2,3,4,8,9,10,12,17",,,,,,"H[0,5,8,9,11,12,13,18,19,21,25]|V[2,3,4,8,9,10,12,17]",313e3f681b33bc30f90444b0b1b5dd821fed5c79
proposed_nsga2_bs_AT_S_comercial_layout_AW_3_seed_124,proposed_nsga2_bs,AT_S_comercial_layout_AW_3,124,12,auto_from_instance,10,15,3,28,150,,,,,6,2,4,root > V:3 > BH:11 > BV:10 > BV:9,selected,2,inf,True,225,115,110,149.0,1.0,1.0,True,True,1,1,0,True,1,1,0,0,True,True,0,11,8,11,8,2,SS_LS_PF,sampled_pool,,,True,0.8666666666666667,0.8468537072424648,0.1333333333333333,0.1,adaptive,spacing_aware_flip,offspring,feasible_start_adaptive_spacing,,,,feasible_start_adaptive_spacing,0.5,,True,auto_from_instance,0.75,0.35,"0,5,8,9,11,12,13,18,19,21,25","2,3,4,8,9,10,12,17",,,,,,"H[0,5,8,9,11,12,13,18,19,21,25]|V[2,3,4,8,9,10,12,17]",ae825089721f98e0d9805014401719023ff6a664
proposed_nsga2_bs_AT_S_comercial_layout_AW_3_seed_124,proposed_nsga2_bs,AT_S_comercial_layout_AW_3,124,12,auto_from_instance,10,15,3,28,150,,,,,7,2,4,root > V:3 > BH:11 > BV:9 > BV:9,evaluated,2,inf,False,225,115,110,149.0,1.0,1.0,True,True,1,1,0,True,1,1,0,0,True,True,0,11,8,11,8,2,SS_LS_PF,sampled_pool,,,True,0.8666666666666667,0.8468537072424648,0.1333333333333333,0.1,adaptive,spacing_aware_flip,offspring,feasible_start_adaptive_spacing,,,,feasible_start_adaptive_spacing,0.5,,True,auto_from_instance,0.75,0.35,"0,5,8,9,11,12,13,18,19,21,25","2,3,4,8,9,10,12,17",,,,,,"H[0,5,8,9,11,12,13,18,19,21,25]|V[2,3,4,8,9,10,12,17]",0a75f2b327085dc5778e0a33aad21dbd318e0a85
proposed_nsga2_bs_AT_S_comercial_layout_AW_3_seed_124,proposed_nsga2_bs,AT_S_comercial_layout_AW_3,124,12,auto_from_instance,10,15,3,28,150,,,,,8,4,4,root > V:2 > BH:11 > BV:9 > BV:8,selected,0,inf,True,222,120,102,118.0,1.0,1.0,True,True,1,1,0,True,1,1,0,0,True,True,0,11,8,11,8,4,PF_RP,sampled_pool,,,False,0.8666666666666667,0.9023006020882737,0.1333333333333333,0.1,adaptive,insert_random_aisle,offspring,feasible_start_adaptive_spacing,,,,feasible_start_adaptive_spacing,0.5,,True,auto_from_instance,0.75,0.35,"5,8,9,11,12,13,15,18,19,21,25","2,3,4,8,9,12,17,20",,,,,,"H[5,8,9,11,12,13,15,18,19,21,25]|V[2,3,4,8,9,12,17,20]",819b823d42066f1be4d37e503ecee22d07e5a6b0
proposed_nsga2_bs_AT_S_comercial_layout_AW_3_seed_124,proposed_nsga2_bs,AT_S_comercial_layout_AW_3,124,12,auto_from_instance,10,15,3,28,150,,,,,9,4,4,root > V:2 > BH:11 > BV:9 > BV:9,selected,0,inf,True,222,115,107,74.0,1.0,1.0,True,True,1,1,0,True,1,1,0,0,True,True,0,11,8,11,8,4,PF_RP,sampled_pool,,,False,0.8666666666666667,0.9023006020882737,0.1333333333333333,0.1,adaptive,insert_random_aisle,offspring,feasible_start_adaptive_spacing,,,,feasible_start_adaptive_spacing,0.5,,True,auto_from_instance,0.75,0.35,"5,8,9,11,12,13,15,18,19,21,25","2,3,4,8,9,12,17,20",,,,,,"H[5,8,9,11,12,13,15,18,19,21,25]|V[2,3,4,8,9,12,17,20]",b41b2678f47c3e9bfe9aa6316c7790f5ace7089f
proposed_nsga2_bs_AT_S_comercial_layout_AW_3_seed_124,proposed_nsga2_bs,AT_S_comercial_layout_AW_3,124,12,auto_from_instance,10,15,3,28,150,,,,,10,5,4,root > V:2 > BH:11 > BV:9 > BH:19,selected,1,inf,True,222,115,107,107.0,1.0,1.0,True,True,1,1,0,True,1,1,0,0,True,True,0,11,9,11,9,5,RP,sampled_pool,,,False,0.8666666666666667,0.922475317932619,0.1333333333333333,0.1,adaptive,break_symmetry,offspring,feasible_start_adaptive_spacing,,,,feasible_start_adaptive_spacing,0.5,,True,auto_from_instance,0.75,0.35,"3,8,9,11,13,16,17,18,19,21,25","1,2,3,4,8,9,12,17,20",,,,,,"H[3,8,9,11,13,16,17,18,19,21,25]|V[1,2,3,4,8,9,12,17,20]",a13494f6aa090e10b6ffeff3cbd3e8aae05c5505
proposed_nsga2_bs_AT_S_comercial_layout_AW_3_seed_124,proposed_nsga2_bs,AT_S_comercial_layout_AW_3,124,12,auto_from_instance,10,15,3,28,150,,,,,11,5,4,root > V:2 > BH:11 > BV:9 > BH:17,selected,1,inf,True,222,115,107,107.0,1.0,1.0,True,True,1,1,0,True,1,1,0,0,True,True,0,11,9,11,9,5,RP,sampled_pool,,,False,0.8666666666666667,0.922475317932619,0.1333333333333333,0.1,adaptive,break_symmetry,offspring,feasible_start_adaptive_spacing,,,,feasible_start_adaptive_spacing,0.5,,True,auto_from_instance,0.75,0.35,"3,8,9,11,13,16,17,18,19,21,25","1,2,3,4,8,9,12,17,20",,,,,,"H[3,8,9,11,13,16,17,18,19,21,25]|V[1,2,3,4,8,9,12,17,20]",d89d9c0816652c94552acbfc45afb2cb1c2c8b8e
proposed_nsga2_bs_AT_S_comercial_layout_AW_3_seed_124,proposed_nsga2_bs,AT_S_comercial_layout_AW_3,124,13,auto_from_instance,10,15,3,28,150,,,,,1,1,4,root > V:2 > BH:11 > BH:19 > BV:8,selected,1,inf,True,222,120,102,151.0,1.0,1.0,True,True,1,1,0,True,1,1,0,0,True,True,0,10,8,10,8,1,LS_PF,sampled_pool,,,False,0.9333333333333333,0.9832150607581485,0.1,0.1,adaptive,break_symmetry,offspring,feasible_start_adaptive_spacing,,,,feasible_start_adaptive_spacing,0.5,,True,auto_from_instance,0.75,0.35,"5,7,9,11,12,13,18,19,21,25","2,3,4,8,9,12,17,20",,,,,,"H[5,7,9,11,12,13,18,19,21,25]|V[2,3,4,8,9,12,17,20]",8ba645c74da6577ac7820f92db785eac755acc05
proposed_nsga2_bs_AT_S_comercial_layout_AW_3_seed_124,proposed_nsga2_bs,AT_S_comercial_layout_AW_3,124,13,auto_from_instance,10,15,3,28,150,,,,,2,1,4,root > V:2 > BH:11 > BH:18 > BV:8,selected,0,inf,True,222,120,102,118.0,1.0,1.0,True,True,1,1,0,True,1,1,0,0,True,True,0,10,8,10,8,1,LS_PF,sampled_pool,,,False,0.9333333333333333,0.9832150607581485,0.1,0.1,adaptive,break_symmetry,offspring,feasible_start_adaptive_spacing,,,,feasible_start_adaptive_spacing,0.5,,True,auto_from_instance,0.75,0.35,"5,7,9,11,12,13,18,19,21,25","2,3,4,8,9,12,17,20",,,,,,"H[5,7,9,11,12,13,18,19,21,25]|V[2,3,4,8,9,12,17,20]",c7821f85912c8e5c3b6ca7ddc3262e68ecac8a29
proposed_nsga2_bs_AT_S_comercial_layout_AW_3_seed_124,proposed_nsga2_bs,AT_S_comercial_layout_AW_3,124,13,auto_from_instance,10,15,3,28,150,,,,,3,1,4,root > V:2 > BH:11 > BH:17 > BV:8,selected,1,0.0,True,222,120,102,151.0,1.0,1.0,True,True,1,1,0,True,1,1,0,0,True,True,0,11,8,11,8,1,LS_PF,sampled_pool,,,False,0.9333333333333333,0.9832150607581485,0.1,0.1,adaptive,break_symmetry,offspring,feasible_start_adaptive_spacing,,,,feasible_start_adaptive_spacing,0.5,,True,auto_from_instance,0.75,0.35,"5,7,9,11,12,13,18,19,21,25","2,3,4,8,9,12,17,20",,,,,,"H[5,7,9,11,12,13,17,18,19,21,25]|V[2,3,4,8,9,12,17,20]",2035ca093874466b8e7b1e9f7aa71b738528a47d
proposed_nsga2_bs_AT_S_comercial_layout_AW_3_seed_124,proposed_nsga2_bs,AT_S_comercial_layout_AW_3,124,13,auto_from_instance,10,15,3,28,150,,,,,4,1,4,root > V:2 > BH:11 > BV:10 > BV:8,selected,1,inf,True,222,120,102,151.0,1.0,1.0,True,True,1,1,0,True,1,1,0,0,True,True,0,10,9,10,9,1,LS_PF,sampled_pool,,,False,0.9333333333333333,0.9832150607581485,0.1,0.1,adaptive,break_symmetry,offspring,feasible_start_adaptive_spacing,,,,feasible_start_adaptive_spacing,0.5,,True,auto_from_instance,0.75,0.35,"5,7,9,11,12,13,18,19,21,25","2,3,4,8,9,12,17,20",,,,,,"H[5,7,9,11,12,13,18,19,21,25]|V[2,3,4,8,9,10,12,17,20]",03c67b2d4d0ff5d630de950e66baadfff633ff2e
proposed_nsga2_bs_AT_S_comercial_layout_AW_3_seed_124,proposed_nsga2_bs,AT_S_comercial_layout_AW_3,124,13,auto_from_instance,10,15,3,28,150,,,,,5,2,4,root > V:2 > BH:11 > BV:9 > BV:8,selected,0,inf,True,222,120,102,118.0,1.0,1.0,True,True,1,1,0,True,1,1,0,0,True,True,0,12,7,12,7,2,LS_RP,sampled_pool,,,False,0.9333333333333333,0.9455510339966695,0.1,0.1,adaptive,spacing_aware_flip,offspring,feasible_start_adaptive_spacing,,,,feasible_start_adaptive_spacing,0.5,,True,auto_from_instance,0.75,0.35,"0,5,8,9,11,12,13,15,18,19,21,25","2,3,4,8,9,17,20",,,,,,"H[0,5,8,9,11,12,13,15,18,19,21,25]|V[2,3,4,8,9,17,20]",819b823d42066f1be4d37e503ecee22d07e5a6b0
proposed_nsga2_bs_AT_S_comercial_layout_AW_3_seed_124,proposed_nsga2_bs,AT_S_comercial_layout_AW_3,124,13,auto_from_instance,10,15,3,28,150,,,,,6,4,4,root > V:2 > BH:11 > BH:18 > BV:9,selected,0,inf,True,222,115,107,74.0,1.0,1.0,True,True,1,1,0,True,1,1,0,0,True,True,0,13,10,13,10,4,SS_LS_PF,sampled_pool,,,True,0.9333333333333333,0.8923594140002461,0.1,0.1,adaptive,spacing_aware_flip,offspring,feasible_start_adaptive_spacing,,,,feasible_start_adaptive_spacing,0.5,,True,auto_from_instance,0.75,0.35,"3,5,8,9,11,12,13,16,17,18,19,21,25","1,2,3,4,8,9,10,13,17,20",,,,,,"H[3,5,8,9,11,12,13,16,17,18,19,21,25]|V[1,2,3,4,8,9,10,13,17,20]",313e3f681b33bc30f90444b0b1b5dd821fed5c79
proposed_nsga2_bs_AT_S_comercial_layout_AW_3_seed_124,proposed_nsga2_bs,AT_S_comercial_layout_AW_3,124,13,auto_from_instance,10,15,3,28,150,,,,,7,4,4,root > V:3 > BH:11 > BV:10 > BV:9,selected,2,inf,True,225,115,110,149.0,1.0,1.0,True,True,1,1,0,True,1,1,0,0,True,True,0,13,10,13,10,4,SS_LS_PF,sampled_pool,,,True,0.9333333333333333,0.8923594140002461,0.1,0.1,adaptive,spacing_aware_flip,offspring,feasible_start_adaptive_spacing,,,,feasible_start_adaptive_spacing,0.5,,True,auto_from_instance,0.75,0.35,"3,5,8,9,11,12,13,16,17,18,19,21,25","1,2,3,4,8,9,10,13,17,20",,,,,,"H[3,5,8,9,11,12,13,16,17,18,19,21,25]|V[1,2,3,4,8,9,10,13,17,20]",ae825089721f98e0d9805014401719023ff6a664
proposed_nsga2_bs_AT_S_comercial_layout_AW_3_seed_124,proposed_nsga2_bs,AT_S_comercial_layout_AW_3,124,13,auto_from_instance,10,15,3,28,150,,,,,8,4,4,root > V:3 > BH:11 > BV:9 > BV:9,evaluated,2,inf,False,225,115,110,149.0,1.0,1.0,True,True,1,1,0,True,1,1,0,0,True,True,0,13,10,13,10,4,SS_LS_PF,sampled_pool,,,True,0.9333333333333333,0.8923594140002461,0.1,0.1,adaptive,spacing_aware_flip,offspring,feasible_start_adaptive_spacing,,,,feasible_start_adaptive_spacing,0.5,,True,auto_from_instance,0.75,0.35,"3,5,8,9,11,12,13,16,17,18,19,21,25","1,2,3,4,8,9,10,13,17,20",,,,,,"H[3,5,8,9,11,12,13,16,17,18,19,21,25]|V[1,2,3,4,8,9,10,13,17,20]",0a75f2b327085dc5778e0a33aad21dbd318e0a85
proposed_nsga2_bs_AT_S_comercial_layout_AW_3_seed_124,proposed_nsga2_bs,AT_S_comercial_layout_AW_3,124,13,auto_from_instance,10,15,3,28,150,,,,,9,5,4,root > V:2 > BH:11 > BV:9 > BV:9,selected,0,inf,True,222,115,107,74.0,1.0,1.0,True,True,1,1,0,True,1,1,0,0,True,True,0,11,8,11,8,5,PF_SS_RP,sampled_pool,,,True,0.9333333333333333,0.9281143526039171,0.1,0.1,adaptive,insert_random_aisle,offspring,feasible_start_adaptive_spacing,,,,feasible_start_adaptive_spacing,0.5,,True,auto_from_instance,0.75,0.35,"5,8,9,11,12,13,16,18,19,21,25","2,3,4,8,9,10,17,20",,,,,,"H[5,8,9,11,12,13,16,18,19,21,25]|V[2,3,4,8,9,10,17,20]",b41b2678f47c3e9bfe9aa6316c7790f5ace7089f
proposed_nsga2_bs_AT_S_comercial_layout_AW_3_seed_124,proposed_nsga2_bs,AT_S_comercial_layout_AW_3,124,13,auto_from_instance,10,15,3,28,150,,,,,10,6,4,root > V:2 > BH:11 > BV:9 > BH:19,selected,1,inf,True,222,115,107,107.0,1.0,1.0,True,True,1,1,0,True,1,1,0,0,True,True,0,11,6,11,6,6,RP_LS,sampled_pool,,,False,0.9333333333333333,0.9926003812963495,0.1,0.1,adaptive,bit_flip,offspring,feasible_start_adaptive_spacing,,,,feasible_start_adaptive_spacing,0.5,,True,auto_from_instance,0.75,0.35,"0,5,8,9,11,12,13,18,19,21,25","2,3,8,9,12,17",,,,,,"H[0,5,8,9,11,12,13,18,19,21,25]|V[2,3,8,9,12,17]",a13494f6aa090e10b6ffeff3cbd3e8aae05c5505
proposed_nsga2_bs_AT_S_comercial_layout_AW_3_seed_124,proposed_nsga2_bs,AT_S_comercial_layout_AW_3,124,13,auto_from_instance,10,15,3,28,150,,,,,11,6,4,root > V:2 > BH:11 > BV:9 > BH:17,selected,1,inf,True,222,115,107,107.0,1.0,1.0,True,True,1,1,0,True,1,1,0,0,True,True,0,12,6,12,6,6,RP_LS,sampled_pool,,,False,0.9333333333333333,0.9926003812963495,0.1,0.1,adaptive,bit_flip,offspring,feasible_start_adaptive_spacing,,,,feasible_start_adaptive_spacing,0.5,,True,auto_from_instance,0.75,0.35,"0,5,8,9,11,12,13,18,19,21,25","2,3,8,9,12,17",,,,,,"H[0,5,8,9,11,12,13,17,18,19,21,25]|V[2,3,8,9,12,17]",d89d9c0816652c94552acbfc45afb2cb1c2c8b8e
proposed_nsga2_bs_AT_S_comercial_layout_AW_3_seed_124,proposed_nsga2_bs,AT_S_comercial_layout_AW_3,124,14,auto_from_instance,10,15,3,28,150,,,,,1,1,4,root > V:2 > BH:11 > BH:18 > BV:8,selected,0,inf,True,222,120,102,118.0,1.0,1.0,True,True,1,1,0,True,1,1,0,0,True,True,0,12,8,12,8,1,PF_LS_RP,sampled_pool,,,False,1.0,0.9992885513804188,0.1,0.1,adaptive,swap_segments,offspring,feasible_start_adaptive_spacing,,,,feasible_start_adaptive_spacing,0.5,,True,auto_from_instance,0.75,0.35,"5,6,7,9,11,12,13,17,19,21,25","2,3,4,8,9,12,17,20",,,,,,"H[5,6,7,9,11,12,13,17,18,19,21,25]|V[2,3,4,8,9,12,17,20]",c7821f85912c8e5c3b6ca7ddc3262e68ecac8a29
proposed_nsga2_bs_AT_S_comercial_layout_AW_3_seed_124,proposed_nsga2_bs,AT_S_comercial_layout_AW_3,124,14,auto_from_instance,10,15,3,28,150,,,,,2,1,4,root > V:2 > BH:11 > BV:9 > BV:8,selected,0,inf,True,222,120,102,118.0,1.0,1.0,True,True,1,1,0,True,1,1,0,0,True,True,0,11,8,11,8,1,PF_LS_RP,sampled_pool,,,False,1.0,0.9992885513804188,0.1,0.1,adaptive,swap_segments,offspring,feasible_start_adaptive_spacing,,,,feasible_start_adaptive_spacing,0.5,,True,auto_from_instance,0.75,0.35,"5,6,7,9,11,12,13,17,19,21,25","2,3,4,8,9,12,17,20",,,,,,"H[5,6,7,9,11,12,13,17,19,21,25]|V[2,3,4,8,9,12,17,20]",819b823d42066f1be4d37e503ecee22d07e5a6b0
proposed_nsga2_bs_AT_S_comercial_layout_AW_3_seed_124,proposed_nsga2_bs,AT_S_comercial_layout_AW_3,124,14,auto_from_instance,10,15,3,28,150,,,,,3,1,4,root > V:2 > BH:11 > BH:19 > BV:8,selected,1,inf,True,222,120,102,151.0,1.0,1.0,True,True,1,1,0,True,1,1,0,0,True,True,0,11,8,11,8,1,PF_LS_RP,sampled_pool,,,False,1.0,0.9992885513804188,0.1,0.1,adaptive,swap_segments,offspring,feasible_start_adaptive_spacing,,,,feasible_start_adaptive_spacing,0.5,,True,auto_from_instance,0.75,0.35,"5,6,7,9,11,12,13,17,19,21,25","2,3,4,8,9,12,17,20",,,,,,"H[5,6,7,9,11,12,13,17,19,21,25]|V[2,3,4,8,9,12,17,20]",8ba645c74da6577ac7820f92db785eac755acc05
proposed_nsga2_bs_AT_S_comercial_layout_AW_3_seed_124,proposed_nsga2_bs,AT_S_comercial_layout_AW_3,124,14,auto_from_instance,10,15,3,28,150,,,,,4,1,4,root > V:2 > BH:11 > BH:17 > BV:8,selected,1,0.0,True,222,120,102,151.0,1.0,1.0,True,True,1,1,0,True,1,1,0,0,True,True,0,11,8,11,8,1,PF_LS_RP,sampled_pool,,,False,1.0,0.9992885513804188,0.1,0.1,adaptive,swap_segments,offspring,feasible_start_adaptive_spacing,,,,feasible_start_adaptive_spacing,0.5,,True,auto_from_instance,0.75,0.35,"5,6,7,9,11,12,13,17,19,21,25","2,3,4,8,9,12,17,20",,,,,,"H[5,6,7,9,11,12,13,17,19,21,25]|V[2,3,4,8,9,12,17,20]",2035ca093874466b8e7b1e9f7aa71b738528a47d
proposed_nsga2_bs_AT_S_comercial_layout_AW_3_seed_124,proposed_nsga2_bs,AT_S_comercial_layout_AW_3,124,14,auto_from_instance,10,15,3,28,150,,,,,5,2,4,root > V:2 > BH:11 > BV:9 > BH:18,selected,0,inf,True,222,115,107,74.0,1.0,1.0,True,True,1,1,0,True,1,1,0,0,True,True,0,12,6,12,6,2,RP_LS,sampled_pool,,,False,1.0,0.9346386882122487,0.1,0.1,adaptive,insert_random_aisle,offspring,feasible_start_adaptive_spacing,,,,feasible_start_adaptive_spacing,0.5,,True,auto_from_instance,0.75,0.35,"0,2,5,8,9,11,12,13,18,19,21,25","2,3,8,9,12,17",,,,,,"H[0,2,5,8,9,11,12,13,18,19,21,25]|V[2,3,8,9,12,17]",313e3f681b33bc30f90444b0b1b5dd821fed5c79
proposed_nsga2_bs_AT_S_comercial_layout_AW_3_seed_124,proposed_nsga2_bs,AT_S_comercial_layout_AW_3,124,14,auto_from_instance,10,15,3,28,150,,,,,6,2,4,root > V:2 > BH:11 > BV:9 > BV:9,selected,0,inf,True,222,115,107,74.0,1.0,1.0,True,True,1,1,0,True,1,1,0,0,True,True,0,12,6,12,6,2,RP_LS,sampled_pool,,,False,1.0,0.9346386882122487,0.1,0.1,adaptive,insert_random_aisle,offspring,feasible_start_adaptive_spacing,,,,feasible_start_adaptive_spacing,0.5,,True,auto_from_instance,0.75,0.35,"0,2,5,8,9,11,12,13,18,19,21,25","2,3,8,9,12,17",,,,,,"H[0,2,5,8,9,11,12,13,18,19,21,25]|V[2,3,8,9,12,17]",b41b2678f47c3e9bfe9aa6316c7790f5ace7089f
proposed_nsga2_bs_AT_S_comercial_layout_AW_3_seed_124,proposed_nsga2_bs,AT_S_comercial_layout_AW_3,124,14,auto_from_instance,10,15,3,28,150,,,,,7,2,4,root > V:2 > BH:11 > BV:9 > BH:19,selected,1,inf,True,222,115,107,107.0,1.0,1.0,True,True,1,1,0,True,1,1,0,0,True,True,0,12,6,12,6,2,RP_LS,sampled_pool,,,False,1.0,0.9346386882122487,0.1,0.1,adaptive,insert_random_aisle,offspring,feasible_start_adaptive_spacing,,,,feasible_start_adaptive_spacing,0.5,,True,auto_from_instance,0.75,0.35,"0,2,5,8,9,11,12,13,18,19,21,25","2,3,8,9,12,17",,,,,,"H[0,2,5,8,9,11,12,13,18,19,21,25]|V[2,3,8,9,12,17]",a13494f6aa090e10b6ffeff3cbd3e8aae05c5505
proposed_nsga2_bs_AT_S_comercial_layout_AW_3_seed_124,proposed_nsga2_bs,AT_S_comercial_layout_AW_3,124,14,auto_from_instance,10,15,3,28,150,,,,,8,2,4,root > V:2 > BH:11 > BV:9 > BH:17,selected,1,inf,True,222,115,107,107.0,1.0,1.0,True,True,1,1,0,True,1,1,0,0,True,True,0,13,6,13,6,2,RP_LS,sampled_pool,,,False,1.0,0.9346386882122487,0.1,0.1,adaptive,insert_random_aisle,offspring,feasible_start_adaptive_spacing,,,,feasible_start_adaptive_spacing,0.5,,True,auto_from_instance,0.75,0.35,"0,2,5,8,9,11,12,13,18,19,21,25","2,3,8,9,12,17",,,,,,"H[0,2,5,8,9,11,12,13,17,18,19,21,25]|V[2,3,8,9,12,17]",d89d9c0816652c94552acbfc45afb2cb1c2c8b8e
proposed_nsga2_bs_AT_S_comercial_layout_AW_3_seed_124,proposed_nsga2_bs,AT_S_comercial_layout_AW_3,124,14,auto_from_instance,10,15,3,28,150,,,,,9,3,4,root > V:3 > BH:11 > BV:10 > BV:9,selected,2,inf,True,225,115,110,149.0,1.0,1.0,True,True,1,1,0,True,1,1,0,0,True,True,0,10,6,10,6,3,SS_PF_LS,sampled_pool,,,True,1.0,0.9709161405589266,0.1,0.1,adaptive,bit_flip,offspring,feasible_start_adaptive_spacing,,,,feasible_start_adaptive_spacing,0.5,,True,auto_from_instance,0.75,0.35,"0,5,9,11,12,13,18,19,21,25","3,8,9,12,17",,,,,,"H[0,5,9,11,12,13,18,19,21,25]|V[3,8,9,10,12,17]",ae825089721f98e0d9805014401719023ff6a664
proposed_nsga2_bs_AT_S_comercial_layout_AW_3_seed_124,proposed_nsga2_bs,AT_S_comercial_layout_AW_3,124,14,auto_from_instance,10,15,3,28,150,,,,,10,3,4,root > V:3 > BH:11 > BV:9 > BV:9,evaluated,2,inf,False,225,115,110,149.0,1.0,1.0,True,True,1,1,0,True,1,1,0,0,True,True,0,10,5,10,5,3,SS_PF_LS,sampled_pool,,,True,1.0,0.9709161405589266,0.1,0.1,adaptive,bit_flip,offspring,feasible_start_adaptive_spacing,,,,feasible_start_adaptive_spacing,0.5,,True,auto_from_instance,0.75,0.35,"0,5,9,11,12,13,18,19,21,25","3,8,9,12,17",,,,,,"H[0,5,9,11,12,13,18,19,21,25]|V[3,8,9,12,17]",0a75f2b327085dc5778e0a33aad21dbd318e0a85
proposed_nsga2_bs_AT_S_comercial_layout_AW_3_seed_124,proposed_nsga2_bs,AT_S_comercial_layout_AW_3,124,14,auto_from_instance,10,15,3,28,150,,,,,11,3,4,root > V:3 > BH:11 > BV:9 > BV:13,evaluated,3,inf,False,225,93,132,226.0,1.0,1.0,True,True,1,1,0,True,1,1,0,0,True,True,0,10,6,10,6,3,SS_PF_LS,sampled_pool,,,True,1.0,0.9709161405589266,0.1,0.1,adaptive,bit_flip,offspring,feasible_start_adaptive_spacing,,,,feasible_start_adaptive_spacing,0.5,,True,auto_from_instance,0.75,0.35,"0,5,9,11,12,13,18,19,21,25","3,8,9,12,17",,,,,,"H[0,5,9,11,12,13,18,19,21,25]|V[3,8,9,12,13,17]",3fc0967e8cf1acc9db002871d4c6fad00e132dd7
proposed_nsga2_bs_AT_S_comercial_layout_AW_3_seed_124,proposed_nsga2_bs,AT_S_comercial_layout_AW_3,124,14,auto_from_instance,10,15,3,28,150,,,,,12,8,4,root > V:2 > BH:11 > BV:10 > BV:8,selected,1,inf,True,222,120,102,151.0,1.0,1.0,True,True,1,1,0,True,1,1,0,0,True,True,0,13,10,13,10,8,LS,sampled_pool,,,False,1.0,0.9964298530312851,0.1,0.1,adaptive,spacing_aware_flip,offspring,feasible_start_adaptive_spacing,,,,feasible_start_adaptive_spacing,0.5,,True,auto_from_instance,0.75,0.35,"0,3,5,9,11,12,13,16,17,18,19,21,25","1,2,3,4,8,9,10,13,17,20",,,,,,"H[0,3,5,9,11,12,13,16,17,18,19,21,25]|V[1,2,3,4,8,9,10,13,17,20]",03c67b2d4d0ff5d630de950e66baadfff633ff2e
