run_id,method,instance,seed,generation,budget_policy,auto_population_size,auto_generations,auto_beam_width,auto_max_depth,auto_decode_budget,restart_index,batch_index,within_batch_index,decode_budget,candidate_id,parent_chromosome_id,depth,trace,status,rank,crowding_distance,selected,storage_total,pick_faces,interior_storage,retrieval_penalty,door_connectivity_index,access_anchor_connectivity_index,has_door_connected_aisle,has_access_anchor_connected_aisle,aisle_components,anchor_connected_components,unanchored_aisle_components,single_aisle_component,access_network_components,aisle_access_network_components,unreachable_aisle_components,unreachable_aisle_cells,has_access_anchor_reachable_aisle_network,exact_width_ok,exact_width_violation_count,chromosome_h_active_count,chromosome_v_active_count,active_h_count,active_v_count,chromosome_index,sorting_rule,sorting_rule_mode,bs_rule_policy,bs_weight_policy,uses_scalar_score,rho,beam_w1,beam_w2,beam_lambda,adaptive_weight_mode,mutation_operator,initialization_mode,initialization_spacing_mode,adaptive_spacing_used,feasible_h_start_count,feasible_v_start_count,adaptive_spacing_mode,adaptive_spacing_alpha,adaptive_spacing_bf,auto_params_used,parameter_source,beta_h,beta_v,h_active_starts,v_active_starts,terminal,safety_max_depth_reached,feasible,feasibility_reason,storage_block_count,chromosome_signature,layout_signature
proposed_nsga2_bs_Gyorgy-KOVACS_WH_Wide_AW_5_seed_117,proposed_nsga2_bs,Gyorgy-KOVACS_WH_Wide_AW_5,117,0,auto_from_instance,12,18,4,30,216,,,,,1,1,7,root > V:21 > BH:26 > BH:5 > BH:16 > BH:25 > BH:36 > BH:47,evaluated,8,inf,False,652,180,472,763.0,1.0,1.0,True,True,1,1,0,True,1,1,0,0,True,True,0,9,1,9,1,1,PF_LS_RP,fixed,,,False,0.05555555555555555,0.1,0.9444444444444444,0.1,adaptive,,feasible_start_adaptive_spacing,feasible_start_adaptive_spacing,True,42,11,feasible_start_adaptive_spacing,0.5,,True,auto_from_instance,0.75,0.35,"9,28,50",21,,,,,,"H[5,9,16,25,26,28,36,47,50]|V[21]",01a90fb20467da592e93711ac8a849c3053fcfd6
proposed_nsga2_bs_Gyorgy-KOVACS_WH_Wide_AW_5_seed_117,proposed_nsga2_bs,Gyorgy-KOVACS_WH_Wide_AW_5,117,0,auto_from_instance,12,18,4,30,216,,,,,2,1,7,root > V:21 > BH:26 > BH:5 > BH:14 > BH:25 > BH:36 > BH:47,evaluated,8,inf,False,652,180,472,763.0,1.0,1.0,True,True,1,1,0,True,1,1,0,0,True,True,0,9,1,9,1,1,PF_LS_RP,fixed,,,False,0.05555555555555555,0.1,0.9444444444444444,0.1,adaptive,,feasible_start_adaptive_spacing,feasible_start_adaptive_spacing,True,42,11,feasible_start_adaptive_spacing,0.5,,True,auto_from_instance,0.75,0.35,"9,28,50",21,,,,,,"H[5,9,14,25,26,28,36,47,50]|V[21]",1958a387e19298fbb01706dd6afdd7339df9d6ae
proposed_nsga2_bs_Gyorgy-KOVACS_WH_Wide_AW_5_seed_117,proposed_nsga2_bs,Gyorgy-KOVACS_WH_Wide_AW_5,117,0,auto_from_instance,12,18,4,30,216,,,,,3,1,7,root > V:21 > BH:26 > BH:7 > BH:16 > BH:25 > BH:36 > BH:47,evaluated,9,inf,False,652,180,472,867.0,1.0,1.0,True,True,1,1,0,True,1,1,0,0,True,True,0,9,1,9,1,1,PF_LS_RP,fixed,,,False,0.05555555555555555,0.1,0.9444444444444444,0.1,adaptive,,feasible_start_adaptive_spacing,feasible_start_adaptive_spacing,True,42,11,feasible_start_adaptive_spacing,0.5,,True,auto_from_instance,0.75,0.35,"9,28,50",21,,,,,,"H[7,9,16,25,26,28,36,47,50]|V[21]",b7080d9cb61c36aedc6f73cfe3724fe27e5ce9c6
proposed_nsga2_bs_Gyorgy-KOVACS_WH_Wide_AW_5_seed_117,proposed_nsga2_bs,Gyorgy-KOVACS_WH_Wide_AW_5,117,0,auto_from_instance,12,18,4,30,216,,,,,4,1,7,root > V:21 > BH:26 > BH:5 > BH:16 > BH:25 > BH:36 > BH:45,evaluated,10,inf,False,652,180,472,899.0,1.0,1.0,True,True,1,1,0,True,1,1,0,0,True,True,0,9,1,9,1,1,PF_LS_RP,fixed,,,False,0.05555555555555555,0.1,0.9444444444444444,0.1,adaptive,,feasible_start_adaptive_spacing,feasible_start_adaptive_spacing,True,42,11,feasible_start_adaptive_spacing,0.5,,True,auto_from_instance,0.75,0.35,"9,28,50",21,,,,,,"H[5,9,16,25,26,28,36,45,50]|V[21]",8e88c0c464d5e2054bb58e24df478d0e262d6485
proposed_nsga2_bs_Gyorgy-KOVACS_WH_Wide_AW_5_seed_117,proposed_nsga2_bs,Gyorgy-KOVACS_WH_Wide_AW_5,117,0,auto_from_instance,12,18,4,30,216,,,,,5,2,8,root > V:15 > BH:26 > BH:5 > BH:16 > BH:25 > BH:36 > BH:45 > BV:24,selected,0,inf,True,497,247,250,385.0,1.0,1.0,True,True,1,1,0,True,1,1,0,0,True,True,0,9,4,9,4,2,PF_LS_RP,fixed,,,False,0.05555555555555555,0.1,0.9444444444444444,0.1,adaptive,,feasible_start_adaptive_spacing,feasible_start_adaptive_spacing,True,42,11,feasible_start_adaptive_spacing,0.5,,True,auto_from_instance,0.75,0.35,"7,27,40","15,19,27",,,,,,"H[5,7,16,25,26,27,36,40,45]|V[15,19,24,27]",416c9c0e4f9e06143d78fee04cbc7a8d1c4800ad
proposed_nsga2_bs_Gyorgy-KOVACS_WH_Wide_AW_5_seed_117,proposed_nsga2_bs,Gyorgy-KOVACS_WH_Wide_AW_5,117,0,auto_from_instance,12,18,4,30,216,,,,,6,2,8,root > V:15 > BH:26 > BH:5 > BH:14 > BH:25 > BH:36 > BH:45 > BV:24,selected,0,inf,True,497,247,250,385.0,1.0,1.0,True,True,1,1,0,True,1,1,0,0,True,True,0,9,4,9,4,2,PF_LS_RP,fixed,,,False,0.05555555555555555,0.1,0.9444444444444444,0.1,adaptive,,feasible_start_adaptive_spacing,feasible_start_adaptive_spacing,True,42,11,feasible_start_adaptive_spacing,0.5,,True,auto_from_instance,0.75,0.35,"7,27,40","15,19,27",,,,,,"H[5,7,14,25,26,27,36,40,45]|V[15,19,24,27]",4f5b467192e7c6ce4bc3fd69bf3ce13c31bd8ba0
proposed_nsga2_bs_Gyorgy-KOVACS_WH_Wide_AW_5_seed_117,proposed_nsga2_bs,Gyorgy-KOVACS_WH_Wide_AW_5,117,0,auto_from_instance,12,18,4,30,216,,,,,7,3,8,root > V:18 > BH:26 > BH:5 > BH:16 > BH:25 > BH:36 > BH:45 > BV:29,selected,1,2.291169423314025,True,557,213,344,441.0,1.0,1.0,True,True,1,1,0,True,1,1,0,0,True,True,0,9,3,9,3,3,PF_LS_RP,fixed,,,False,0.05555555555555555,0.1,0.9444444444444444,0.1,adaptive,,feasible_start_adaptive_spacing,feasible_start_adaptive_spacing,True,42,11,feasible_start_adaptive_spacing,0.5,,True,auto_from_instance,0.75,0.35,"10,24,47","18,21,29",,,,,,"H[5,10,16,24,25,26,36,45,47]|V[18,21,29]",71364ffd26b39e09575fe06f8735f14e38505286
proposed_nsga2_bs_Gyorgy-KOVACS_WH_Wide_AW_5_seed_117,proposed_nsga2_bs,Gyorgy-KOVACS_WH_Wide_AW_5,117,0,auto_from_instance,12,18,4,30,216,,,,,8,4,7,root > V:19 > BH:26 > BH:5 > BH:16 > BH:25 > BH:36 > BH:47,evaluated,5,inf,False,612,200,412,584.0,1.0,1.0,True,True,1,1,0,True,1,1,0,0,True,True,0,9,1,9,1,4,PF_LS_RP,fixed,,,False,0.05555555555555555,0.1,0.9444444444444444,0.1,adaptive,,feasible_start_adaptive_spacing,feasible_start_adaptive_spacing,True,42,11,feasible_start_adaptive_spacing,0.5,,True,auto_from_instance,0.75,0.35,"2,15,49",19,,,,,,"H[2,5,15,16,25,26,36,47,49]|V[19]",739f9ec08bf9c56e734297604911aa2f937b0b31
proposed_nsga2_bs_Gyorgy-KOVACS_WH_Wide_AW_5_seed_117,proposed_nsga2_bs,Gyorgy-KOVACS_WH_Wide_AW_5,117,0,auto_from_instance,12,18,4,30,216,,,,,9,4,7,root > V:19 > BH:26 > BH:5 > BH:14 > BH:25 > BH:36 > BH:47,evaluated,5,inf,False,612,200,412,584.0,1.0,1.0,True,True,1,1,0,True,1,1,0,0,True,True,0,9,1,9,1,4,PF_LS_RP,fixed,,,False,0.05555555555555555,0.1,0.9444444444444444,0.1,adaptive,,feasible_start_adaptive_spacing,feasible_start_adaptive_spacing,True,42,11,feasible_start_adaptive_spacing,0.5,,True,auto_from_instance,0.75,0.35,"2,15,49",19,,,,,,"H[2,5,14,15,25,26,36,47,49]|V[19]",18779af2d0583f313025ada9a3c164bb18de6a6f
proposed_nsga2_bs_Gyorgy-KOVACS_WH_Wide_AW_5_seed_117,proposed_nsga2_bs,Gyorgy-KOVACS_WH_Wide_AW_5,117,0,auto_from_instance,12,18,4,30,216,,,,,10,4,7,root > V:19 > BH:26 > BH:7 > BH:16 > BH:25 > BH:36 > BH:47,evaluated,6,inf,False,612,200,412,714.0,1.0,1.0,True,True,1,1,0,True,1,1,0,0,True,True,0,9,1,9,1,4,PF_LS_RP,fixed,,,False,0.05555555555555555,0.1,0.9444444444444444,0.1,adaptive,,feasible_start_adaptive_spacing,feasible_start_adaptive_spacing,True,42,11,feasible_start_adaptive_spacing,0.5,,True,auto_from_instance,0.75,0.35,"2,15,49",19,,,,,,"H[2,7,15,16,25,26,36,47,49]|V[19]",2ba52e7e126777fbaec8ebaebd6fa4ae9f76a172
proposed_nsga2_bs_Gyorgy-KOVACS_WH_Wide_AW_5_seed_117,proposed_nsga2_bs,Gyorgy-KOVACS_WH_Wide_AW_5,117,0,auto_from_instance,12,18,4,30,216,,,,,11,4,7,root > V:19 > BH:26 > BH:5 > BH:16 > BH:25 > BH:36 > BH:45,evaluated,7,inf,False,612,200,412,754.0,1.0,1.0,True,True,1,1,0,True,1,1,0,0,True,True,0,9,1,9,1,4,PF_LS_RP,fixed,,,False,0.05555555555555555,0.1,0.9444444444444444,0.1,adaptive,,feasible_start_adaptive_spacing,feasible_start_adaptive_spacing,True,42,11,feasible_start_adaptive_spacing,0.5,,True,auto_from_instance,0.75,0.35,"2,15,49",19,,,,,,"H[2,5,15,16,25,26,36,45,49]|V[19]",16ed0ad93ee066fd151d5116addbd94cd12b2a32
proposed_nsga2_bs_Gyorgy-KOVACS_WH_Wide_AW_5_seed_117,proposed_nsga2_bs,Gyorgy-KOVACS_WH_Wide_AW_5,117,0,auto_from_instance,12,18,4,30,216,,,,,12,5,8,root > V:20 > BH:26 > BH:5 > BH:16 > BH:25 > BH:36 > BH:45 > BV:29,evaluated,5,inf,False,597,195,402,637.0,1.0,1.0,True,True,1,1,0,True,1,1,0,0,True,True,0,9,3,9,3,5,PF_LS_RP,fixed,,,False,0.05555555555555555,0.11636405322579572,0.9444444444444444,0.1,adaptive,,feasible_start_adaptive_spacing,feasible_start_adaptive_spacing,True,42,11,feasible_start_adaptive_spacing,0.5,,True,auto_from_instance,0.75,0.35,"9,27,40","20,27",,,,,,"H[5,9,16,25,26,27,36,40,45]|V[20,27,29]",981dc6fd2903ad3086847d3b1f7d62614b0319bd
proposed_nsga2_bs_Gyorgy-KOVACS_WH_Wide_AW_5_seed_117,proposed_nsga2_bs,Gyorgy-KOVACS_WH_Wide_AW_5,117,0,auto_from_instance,12,18,4,30,216,,,,,13,5,8,root > V:20 > BH:26 > BH:5 > BH:14 > BH:25 > BH:36 > BH:45 > BV:29,evaluated,5,inf,False,597,195,402,637.0,1.0,1.0,True,True,1,1,0,True,1,1,0,0,True,True,0,9,3,9,3,5,PF_LS_RP,fixed,,,False,0.05555555555555555,0.11636405322579572,0.9444444444444444,0.1,adaptive,,feasible_start_adaptive_spacing,feasible_start_adaptive_spacing,True,42,11,feasible_start_adaptive_spacing,0.5,,True,auto_from_instance,0.75,0.35,"9,27,40","20,27",,,,,,"H[5,9,14,25,26,27,36,40,45]|V[20,27,29]",2082bb77553284a306396971a446c9d5d665af6f
proposed_nsga2_bs_Gyorgy-KOVACS_WH_Wide_AW_5_seed_117,proposed_nsga2_bs,Gyorgy-KOVACS_WH_Wide_AW_5,117,0,auto_from_instance,12,18,4,30,216,,,,,14,6,8,root > V:16 > BH:26 > BH:5 > BH:16 > BH:25 > BH:36 > BH:45 > BV:25,selected,0,inf,True,517,238,279,368.0,1.0,1.0,True,True,1,1,0,True,1,1,0,0,True,True,0,9,3,9,3,6,PF_LS_RP,fixed,,,False,0.05555555555555555,0.1,0.9444444444444444,0.1,adaptive,,feasible_start_adaptive_spacing,feasible_start_adaptive_spacing,True,42,11,feasible_start_adaptive_spacing,0.5,,True,auto_from_instance,0.75,0.35,"1,17,37","16,28",,,,,,"H[1,5,16,17,25,26,36,37,45]|V[16,25,28]",559a078c3ea143504613077c561cb3124d66b767
proposed_nsga2_bs_Gyorgy-KOVACS_WH_Wide_AW_5_seed_117,proposed_nsga2_bs,Gyorgy-KOVACS_WH_Wide_AW_5,117,0,auto_from_instance,12,18,4,30,216,,,,,15,6,8,root > V:16 > BH:26 > BH:5 > BH:16 > BH:25 > BH:36 > BH:45 > BV:29,selected,1,inf,True,517,225,292,586.0,1.0,1.0,True,True,1,1,0,True,1,1,0,0,True,True,0,9,3,9,3,6,PF_LS_RP,fixed,,,False,0.05555555555555555,0.1,0.9444444444444444,0.1,adaptive,,feasible_start_adaptive_spacing,feasible_start_adaptive_spacing,True,42,11,feasible_start_adaptive_spacing,0.5,,True,auto_from_instance,0.75,0.35,"1,17,37","16,28",,,,,,"H[1,5,16,17,25,26,36,37,45]|V[16,28,29]",13a8831f3352523fe53b9477eb693b985fdfc37c
proposed_nsga2_bs_Gyorgy-KOVACS_WH_Wide_AW_5_seed_117,proposed_nsga2_bs,Gyorgy-KOVACS_WH_Wide_AW_5,117,0,auto_from_instance,12,18,4,30,216,,,,,16,7,7,root > V:17 > BH:26 > BH:5 > BH:16 > BH:25 > BH:36 > BH:47,selected,1,0.7151619481858856,True,572,220,352,507.0,1.0,1.0,True,True,1,1,0,True,1,1,0,0,True,True,0,9,3,9,3,7,PF_LS_RP,fixed,,,False,0.05555555555555555,0.1,0.9444444444444444,0.1,adaptive,,feasible_start_adaptive_spacing,feasible_start_adaptive_spacing,True,42,11,feasible_start_adaptive_spacing,0.5,,True,auto_from_instance,0.75,0.35,"6,23,39","17,19,29",,,,,,"H[5,6,16,23,25,26,36,39,47]|V[17,19,29]",173dd91401b4b71d9f20edd9e83506be465b9528
proposed_nsga2_bs_Gyorgy-KOVACS_WH_Wide_AW_5_seed_117,proposed_nsga2_bs,Gyorgy-KOVACS_WH_Wide_AW_5,117,0,auto_from_instance,12,18,4,30,216,,,,,17,7,7,root > V:17 > BH:26 > BH:5 > BH:14 > BH:25 > BH:36 > BH:47,selected,1,0.7957870984251052,True,572,220,352,507.0,1.0,1.0,True,True,1,1,0,True,1,1,0,0,True,True,0,9,3,9,3,7,PF_LS_RP,fixed,,,False,0.05555555555555555,0.1,0.9444444444444444,0.1,adaptive,,feasible_start_adaptive_spacing,feasible_start_adaptive_spacing,True,42,11,feasible_start_adaptive_spacing,0.5,,True,auto_from_instance,0.75,0.35,"6,23,39","17,19,29",,,,,,"H[5,6,14,23,25,26,36,39,47]|V[17,19,29]",e59e5dd5e1537a2d164e028d12bd66f538f0cb70
proposed_nsga2_bs_Gyorgy-KOVACS_WH_Wide_AW_5_seed_117,proposed_nsga2_bs,Gyorgy-KOVACS_WH_Wide_AW_5,117,0,auto_from_instance,12,18,4,30,216,,,,,18,7,7,root > V:17 > BH:26 > BH:7 > BH:16 > BH:25 > BH:36 > BH:47,selected,2,inf,True,572,220,352,663.0,1.0,1.0,True,True,1,1,0,True,1,1,0,0,True,True,0,9,3,9,3,7,PF_LS_RP,fixed,,,False,0.05555555555555555,0.1,0.9444444444444444,0.1,adaptive,,feasible_start_adaptive_spacing,feasible_start_adaptive_spacing,True,42,11,feasible_start_adaptive_spacing,0.5,,True,auto_from_instance,0.75,0.35,"6,23,39","17,19,29",,,,,,"H[6,7,16,23,25,26,36,39,47]|V[17,19,29]",61426df39d9f05da4c561d5073d32a1cf777516d
proposed_nsga2_bs_Gyorgy-KOVACS_WH_Wide_AW_5_seed_117,proposed_nsga2_bs,Gyorgy-KOVACS_WH_Wide_AW_5,117,0,auto_from_instance,12,18,4,30,216,,,,,19,7,7,root > V:17 > BH:26 > BH:5 > BH:16 > BH:25 > BH:36 > BH:45,selected,3,inf,True,572,220,352,711.0,1.0,1.0,True,True,1,1,0,True,1,1,0,0,True,True,0,9,3,9,3,7,PF_LS_RP,fixed,,,False,0.05555555555555555,0.1,0.9444444444444444,0.1,adaptive,,feasible_start_adaptive_spacing,feasible_start_adaptive_spacing,True,42,11,feasible_start_adaptive_spacing,0.5,,True,auto_from_instance,0.75,0.35,"6,23,39","17,19,29",,,,,,"H[5,6,16,23,25,26,36,39,45]|V[17,19,29]",854ec9b997ec508dda6ea9e399147d7a4b626ba8
proposed_nsga2_bs_Gyorgy-KOVACS_WH_Wide_AW_5_seed_117,proposed_nsga2_bs,Gyorgy-KOVACS_WH_Wide_AW_5,117,0,auto_from_instance,12,18,4,30,216,,,,,20,8,4,root > V:29 > BH:26 > BV:19 > BV:19,selected,1,inf,True,557,202,355,408.0,1.0,1.0,True,True,1,1,0,True,1,1,0,0,True,True,0,3,2,3,2,8,PF_LS_RP,fixed,,,False,0.05555555555555555,0.12776230437927216,0.9444444444444444,0.1,adaptive,,feasible_start_adaptive_spacing,feasible_start_adaptive_spacing,True,42,11,feasible_start_adaptive_spacing,0.5,,True,auto_from_instance,0.75,0.35,"15,26,45",29,,,,,,"H[15,26,45]|V[19,29]",225a083d40a70add6d49c842c1ea1b7da9e91627
proposed_nsga2_bs_Gyorgy-KOVACS_WH_Wide_AW_5_seed_117,proposed_nsga2_bs,Gyorgy-KOVACS_WH_Wide_AW_5,117,0,auto_from_instance,12,18,4,30,216,,,,,21,8,4,root > V:29 > BH:26 > BV:19 > BV:17,selected,2,inf,True,557,202,355,458.0,1.0,1.0,True,True,1,1,0,True,1,1,0,0,True,True,0,3,3,3,3,8,PF_LS_RP,fixed,,,False,0.05555555555555555,0.12776230437927216,0.9444444444444444,0.1,adaptive,,feasible_start_adaptive_spacing,feasible_start_adaptive_spacing,True,42,11,feasible_start_adaptive_spacing,0.5,,True,auto_from_instance,0.75,0.35,"15,26,45",29,,,,,,"H[15,26,45]|V[17,19,29]",f590e28c4ca08f01adba87c9244bc357b1edb9bd
proposed_nsga2_bs_Gyorgy-KOVACS_WH_Wide_AW_5_seed_117,proposed_nsga2_bs,Gyorgy-KOVACS_WH_Wide_AW_5,117,0,auto_from_instance,12,18,4,30,216,,,,,22,8,4,root > V:29 > BH:26 > BV:17 > BV:19,selected,3,inf,True,557,202,355,460.0,1.0,1.0,True,True,1,1,0,True,1,1,0,0,True,True,0,3,3,3,3,8,PF_LS_RP,fixed,,,False,0.05555555555555555,0.12776230437927216,0.9444444444444444,0.1,adaptive,,feasible_start_adaptive_spacing,feasible_start_adaptive_spacing,True,42,11,feasible_start_adaptive_spacing,0.5,,True,auto_from_instance,0.75,0.35,"15,26,45",29,,,,,,"H[15,26,45]|V[17,19,29]",0ccd7482bc13afbeac630bd0faf7012fe4b70f5c
proposed_nsga2_bs_Gyorgy-KOVACS_WH_Wide_AW_5_seed_117,proposed_nsga2_bs,Gyorgy-KOVACS_WH_Wide_AW_5,117,0,auto_from_instance,12,18,4,30,216,,,,,23,8,4,root > V:29 > BH:26 > BV:17 > BV:17,evaluated,4,inf,False,557,202,355,510.0,1.0,1.0,True,True,1,1,0,True,1,1,0,0,True,True,0,3,2,3,2,8,PF_LS_RP,fixed,,,False,0.05555555555555555,0.12776230437927216,0.9444444444444444,0.1,adaptive,,feasible_start_adaptive_spacing,feasible_start_adaptive_spacing,True,42,11,feasible_start_adaptive_spacing,0.5,,True,auto_from_instance,0.75,0.35,"15,26,45",29,,,,,,"H[15,26,45]|V[17,29]",01a64afdd46edf4dc6b60538f107b837ec4162f0
proposed_nsga2_bs_Gyorgy-KOVACS_WH_Wide_AW_5_seed_117,proposed_nsga2_bs,Gyorgy-KOVACS_WH_Wide_AW_5,117,1,auto_from_instance,12,18,4,30,216,,,,,1,1,8,root > V:15 > BH:26 > BH:5 > BH:16 > BH:25 > BH:36 > BH:45 > BV:24,selected,0,inf,True,497,247,250,385.0,1.0,1.0,True,True,1,1,0,True,1,1,0,0,True,True,0,10,5,10,5,1,PF_LS_RP,fixed,,,False,0.1111111111111111,0.13107961743560786,0.8888888888888888,0.1,adaptive,bit_flip,offspring,feasible_start_adaptive_spacing,,,,feasible_start_adaptive_spacing,0.5,,True,auto_from_instance,0.75,0.35,"5,16,17,22,25,26,27,36,40,45","15,19,24,25,28",,,,,,"H[5,16,17,22,25,26,27,36,40,45]|V[15,19,24,25,28]",416c9c0e4f9e06143d78fee04cbc7a8d1c4800ad
proposed_nsga2_bs_Gyorgy-KOVACS_WH_Wide_AW_5_seed_117,proposed_nsga2_bs,Gyorgy-KOVACS_WH_Wide_AW_5,117,1,auto_from_instance,12,18,4,30,216,,,,,2,2,8,root > V:15 > BH:26 > BH:5 > BH:14 > BH:25 > BH:36 > BH:45 > BV:24,selected,0,inf,True,497,247,250,385.0,1.0,1.0,True,True,1,1,0,True,1,1,0,0,True,True,0,9,3,9,3,2,PF_LS_RP,fixed,,,False,0.1111111111111111,0.14046398185525819,0.8888888888888888,0.1,adaptive,break_symmetry,offspring,feasible_start_adaptive_spacing,,,,feasible_start_adaptive_spacing,0.5,,True,auto_from_instance,0.75,0.35,"1,5,7,14,25,26,36,37,45","15,27",,,,,,"H[1,5,7,14,25,26,36,37,45]|V[15,24,27]",4f5b467192e7c6ce4bc3fd69bf3ce13c31bd8ba0
proposed_nsga2_bs_Gyorgy-KOVACS_WH_Wide_AW_5_seed_117,proposed_nsga2_bs,Gyorgy-KOVACS_WH_Wide_AW_5,117,1,auto_from_instance,12,18,4,30,216,,,,,3,6,8,root > V:16 > BH:26 > BH:5 > BH:16 > BH:25 > BH:36 > BH:45 > BV:25,selected,0,inf,True,517,238,279,368.0,1.0,1.0,True,True,1,1,0,True,1,1,0,0,True,True,0,10,4,10,4,6,PF_LS_RP,fixed,,,False,0.1111111111111111,0.24867883381241104,0.8888888888888888,0.1,adaptive,break_symmetry,offspring,feasible_start_adaptive_spacing,,,,feasible_start_adaptive_spacing,0.5,,True,auto_from_instance,0.75,0.35,"1,5,16,17,25,26,27,36,40,45","16,27,29",,,,,,"H[1,5,16,17,25,26,27,36,40,45]|V[16,25,27,29]",559a078c3ea143504613077c561cb3124d66b767
proposed_nsga2_bs_Gyorgy-KOVACS_WH_Wide_AW_5_seed_117,proposed_nsga2_bs,Gyorgy-KOVACS_WH_Wide_AW_5,117,1,auto_from_instance,12,18,4,30,216,,,,,4,6,8,root > V:16 > BH:26 > BH:5 > BH:14 > BH:25 > BH:36 > BH:45 > BV:25,selected,0,inf,True,517,238,279,368.0,1.0,1.0,True,True,1,1,0,True,1,1,0,0,True,True,0,11,4,11,4,6,PF_LS_RP,fixed,,,False,0.1111111111111111,0.24867883381241104,0.8888888888888888,0.1,adaptive,break_symmetry,offspring,feasible_start_adaptive_spacing,,,,feasible_start_adaptive_spacing,0.5,,True,auto_from_instance,0.75,0.35,"1,5,16,17,25,26,27,36,40,45","16,27,29",,,,,,"H[1,5,14,16,17,25,26,27,36,40,45]|V[16,25,27,29]",6fcfc694894a367ef71d338faec4ce589ca685b5
proposed_nsga2_bs_Gyorgy-KOVACS_WH_Wide_AW_5_seed_117,proposed_nsga2_bs,Gyorgy-KOVACS_WH_Wide_AW_5,117,1,auto_from_instance,12,18,4,30,216,,,,,5,6,8,root > V:16 > BH:26 > BH:5 > BH:16 > BH:25 > BH:36 > BH:45 > BV:29,selected,1,inf,True,517,225,292,586.0,1.0,1.0,True,True,1,1,0,True,1,1,0,0,True,True,0,10,3,10,3,6,PF_LS_RP,fixed,,,False,0.1111111111111111,0.24867883381241104,0.8888888888888888,0.1,adaptive,break_symmetry,offspring,feasible_start_adaptive_spacing,,,,feasible_start_adaptive_spacing,0.5,,True,auto_from_instance,0.75,0.35,"1,5,16,17,25,26,27,36,40,45","16,27,29",,,,,,"H[1,5,16,17,25,26,27,36,40,45]|V[16,27,29]",13a8831f3352523fe53b9477eb693b985fdfc37c
proposed_nsga2_bs_Gyorgy-KOVACS_WH_Wide_AW_5_seed_117,proposed_nsga2_bs,Gyorgy-KOVACS_WH_Wide_AW_5,117,1,auto_from_instance,12,18,4,30,216,,,,,6,6,8,root > V:16 > BH:26 > BH:5 > BH:14 > BH:25 > BH:36 > BH:45 > BV:29,selected,1,inf,True,517,225,292,586.0,1.0,1.0,True,True,1,1,0,True,1,1,0,0,True,True,0,11,3,11,3,6,PF_LS_RP,fixed,,,False,0.1111111111111111,0.24867883381241104,0.8888888888888888,0.1,adaptive,break_symmetry,offspring,feasible_start_adaptive_spacing,,,,feasible_start_adaptive_spacing,0.5,,True,auto_from_instance,0.75,0.35,"1,5,16,17,25,26,27,36,40,45","16,27,29",,,,,,"H[1,5,14,16,17,25,26,27,36,40,45]|V[16,27,29]",7e0f4d1a90907f684b7d565e90c4ddb6c1ba7c58
proposed_nsga2_bs_Gyorgy-KOVACS_WH_Wide_AW_5_seed_117,proposed_nsga2_bs,Gyorgy-KOVACS_WH_Wide_AW_5,117,1,auto_from_instance,12,18,4,30,216,,,,,7,8,7,root > V:19 > BH:26 > BH:5 > BH:16 > BH:25 > BH:36 > BH:47,selected,2,inf,True,612,200,412,584.0,1.0,1.0,True,True,1,1,0,True,1,1,0,0,True,True,0,7,1,7,1,8,PF_LS_RP,fixed,,,False,0.1111111111111111,0.10048980282465797,0.8888888888888888,0.1,adaptive,remove_random_aisle,offspring,feasible_start_adaptive_spacing,,,,feasible_start_adaptive_spacing,0.5,,True,auto_from_instance,0.75,0.35,"5,16,26,45",19,,,,,,"H[5,16,25,26,36,45,47]|V[19]",739f9ec08bf9c56e734297604911aa2f937b0b31
proposed_nsga2_bs_Gyorgy-KOVACS_WH_Wide_AW_5_seed_117,proposed_nsga2_bs,Gyorgy-KOVACS_WH_Wide_AW_5,117,1,auto_from_instance,12,18,4,30,216,,,,,8,8,7,root > V:19 > BH:26 > BH:5 > BH:14 > BH:25 > BH:36 > BH:47,selected,2,inf,True,612,200,412,584.0,1.0,1.0,True,True,1,1,0,True,1,1,0,0,True,True,0,8,1,8,1,8,PF_LS_RP,fixed,,,False,0.1111111111111111,0.10048980282465797,0.8888888888888888,0.1,adaptive,remove_random_aisle,offspring,feasible_start_adaptive_spacing,,,,feasible_start_adaptive_spacing,0.5,,True,auto_from_instance,0.75,0.35,"5,16,26,45",19,,,,,,"H[5,14,16,25,26,36,45,47]|V[19]",18779af2d0583f313025ada9a3c164bb18de6a6f
proposed_nsga2_bs_Gyorgy-KOVACS_WH_Wide_AW_5_seed_117,proposed_nsga2_bs,Gyorgy-KOVACS_WH_Wide_AW_5,117,1,auto_from_instance,12,18,4,30,216,,,,,9,8,7,root > V:19 > BH:26 > BH:7 > BH:16 > BH:25 > BH:36 > BH:47,evaluated,4,inf,False,612,200,412,714.0,1.0,1.0,True,True,1,1,0,True,1,1,0,0,True,True,0,8,1,8,1,8,PF_LS_RP,fixed,,,False,0.1111111111111111,0.10048980282465797,0.8888888888888888,0.1,adaptive,remove_random_aisle,offspring,feasible_start_adaptive_spacing,,,,feasible_start_adaptive_spacing,0.5,,True,auto_from_instance,0.75,0.35,"5,16,26,45",19,,,,,,"H[5,7,16,25,26,36,45,47]|V[19]",2ba52e7e126777fbaec8ebaebd6fa4ae9f76a172
proposed_nsga2_bs_Gyorgy-KOVACS_WH_Wide_AW_5_seed_117,proposed_nsga2_bs,Gyorgy-KOVACS_WH_Wide_AW_5,117,1,auto_from_instance,12,18,4,30,216,,,,,10,8,7,root > V:19 > BH:26 > BH:5 > BH:16 > BH:25 > BH:36 > BH:45,evaluated,5,inf,False,612,200,412,754.0,1.0,1.0,True,True,1,1,0,True,1,1,0,0,True,True,0,6,1,6,1,8,PF_LS_RP,fixed,,,False,0.1111111111111111,0.10048980282465797,0.8888888888888888,0.1,adaptive,remove_random_aisle,offspring,feasible_start_adaptive_spacing,,,,feasible_start_adaptive_spacing,0.5,,True,auto_from_instance,0.75,0.35,"5,16,26,45",19,,,,,,"H[5,16,25,26,36,45]|V[19]",16ed0ad93ee066fd151d5116addbd94cd12b2a32
proposed_nsga2_bs_Gyorgy-KOVACS_WH_Wide_AW_5_seed_117,proposed_nsga2_bs,Gyorgy-KOVACS_WH_Wide_AW_5,117,1,auto_from_instance,12,18,4,30,216,,,,,11,11,7,root > V:17 > BH:26 > BH:5 > BH:16 > BH:25 > BH:36 > BH:47,selected,1,inf,True,572,220,352,507.0,1.0,1.0,True,True,1,1,0,True,1,1,0,0,True,True,0,9,4,9,4,11,PF_LS_RP,fixed,,,False,0.1111111111111111,0.1,0.8888888888888888,0.1,adaptive,break_symmetry,offspring,feasible_start_adaptive_spacing,,,,feasible_start_adaptive_spacing,0.5,,True,auto_from_instance,0.75,0.35,"1,5,16,23,25,26,36,39,47","17,19,28,30",,,,,,"H[1,5,16,23,25,26,36,39,47]|V[17,19,28,30]",173dd91401b4b71d9f20edd9e83506be465b9528
proposed_nsga2_bs_Gyorgy-KOVACS_WH_Wide_AW_5_seed_117,proposed_nsga2_bs,Gyorgy-KOVACS_WH_Wide_AW_5,117,1,auto_from_instance,12,18,4,30,216,,,,,12,11,7,root > V:17 > BH:26 > BH:5 > BH:14 > BH:25 > BH:36 > BH:47,selected,1,inf,True,572,220,352,507.0,1.0,1.0,True,True,1,1,0,True,1,1,0,0,True,True,0,10,4,10,4,11,PF_LS_RP,fixed,,,False,0.1111111111111111,0.1,0.8888888888888888,0.1,adaptive,break_symmetry,offspring,feasible_start_adaptive_spacing,,,,feasible_start_adaptive_spacing,0.5,,True,auto_from_instance,0.75,0.35,"1,5,16,23,25,26,36,39,47","17,19,28,30",,,,,,"H[1,5,14,16,23,25,26,36,39,47]|V[17,19,28,30]",e59e5dd5e1537a2d164e028d12bd66f538f0cb70
proposed_nsga2_bs_Gyorgy-KOVACS_WH_Wide_AW_5_seed_117,proposed_nsga2_bs,Gyorgy-KOVACS_WH_Wide_AW_5,117,1,auto_from_instance,12,18,4,30,216,,,,,13,11,7,root > V:17 > BH:26 > BH:7 > BH:16 > BH:25 > BH:36 > BH:47,selected,2,inf,True,572,220,352,663.0,1.0,1.0,True,True,1,1,0,True,1,1,0,0,True,True,0,10,4,10,4,11,PF_LS_RP,fixed,,,False,0.1111111111111111,0.1,0.8888888888888888,0.1,adaptive,break_symmetry,offspring,feasible_start_adaptive_spacing,,,,feasible_start_adaptive_spacing,0.5,,True,auto_from_instance,0.75,0.35,"1,5,16,23,25,26,36,39,47","17,19,28,30",,,,,,"H[1,5,7,16,23,25,26,36,39,47]|V[17,19,28,30]",61426df39d9f05da4c561d5073d32a1cf777516d
proposed_nsga2_bs_Gyorgy-KOVACS_WH_Wide_AW_5_seed_117,proposed_nsga2_bs,Gyorgy-KOVACS_WH_Wide_AW_5,117,1,auto_from_instance,12,18,4,30,216,,,,,14,11,7,root > V:17 > BH:26 > BH:5 > BH:16 > BH:25 > BH:36 > BH:45,selected,3,inf,True,572,220,352,711.0,1.0,1.0,True,True,1,1,0,True,1,1,0,0,True,True,0,10,4,10,4,11,PF_LS_RP,fixed,,,False,0.1111111111111111,0.1,0.8888888888888888,0.1,adaptive,break_symmetry,offspring,feasible_start_adaptive_spacing,,,,feasible_start_adaptive_spacing,0.5,,True,auto_from_instance,0.75,0.35,"1,5,16,23,25,26,36,39,47","17,19,28,30",,,,,,"H[1,5,16,23,25,26,36,39,45,47]|V[17,19,28,30]",854ec9b997ec508dda6ea9e399147d7a4b626ba8
proposed_nsga2_bs_Gyorgy-KOVACS_WH_Wide_AW_5_seed_117,proposed_nsga2_bs,Gyorgy-KOVACS_WH_Wide_AW_5,117,2,auto_from_instance,12,18,4,30,216,,,,,1,1,8,root > V:16 > BH:26 > BH:5 > BH:16 > BH:25 > BH:36 > BH:45 > BV:25,selected,0,1.745680106335844,True,517,238,279,368.0,1.0,1.0,True,True,1,1,0,True,1,1,0,0,True,True,0,11,4,11,4,1,PF_LS_RP,fixed,,,False,0.16666666666666666,0.26313694489831396,0.8333333333333334,0.1,adaptive,break_symmetry,offspring,feasible_start_adaptive_spacing,,,,feasible_start_adaptive_spacing,0.5,,True,auto_from_instance,0.75,0.35,"1,5,14,16,18,25,26,27,36,40,45","16,25,27,29",,,,,,"H[1,5,14,16,18,25,26,27,36,40,45]|V[16,25,27,29]",559a078c3ea143504613077c561cb3124d66b767
proposed_nsga2_bs_Gyorgy-KOVACS_WH_Wide_AW_5_seed_117,proposed_nsga2_bs,Gyorgy-KOVACS_WH_Wide_AW_5,117,2,auto_from_instance,12,18,4,30,216,,,,,2,1,8,root > V:16 > BH:26 > BH:5 > BH:14 > BH:25 > BH:36 > BH:45 > BV:25,selected,0,0.0,True,517,238,279,368.0,1.0,1.0,True,True,1,1,0,True,1,1,0,0,True,True,0,11,4,11,4,1,PF_LS_RP,fixed,,,False,0.16666666666666666,0.26313694489831396,0.8333333333333334,0.1,adaptive,break_symmetry,offspring,feasible_start_adaptive_spacing,,,,feasible_start_adaptive_spacing,0.5,,True,auto_from_instance,0.75,0.35,"1,5,14,16,18,25,26,27,36,40,45","16,25,27,29",,,,,,"H[1,5,14,16,18,25,26,27,36,40,45]|V[16,25,27,29]",6fcfc694894a367ef71d338faec4ce589ca685b5
proposed_nsga2_bs_Gyorgy-KOVACS_WH_Wide_AW_5_seed_117,proposed_nsga2_bs,Gyorgy-KOVACS_WH_Wide_AW_5,117,2,auto_from_instance,12,18,4,30,216,,,,,3,1,8,root > V:16 > BH:26 > BH:5 > BH:16 > BH:25 > BH:36 > BH:45 > BV:29,selected,1,inf,True,517,225,292,586.0,1.0,1.0,True,True,1,1,0,True,1,1,0,0,True,True,0,11,4,11,4,1,PF_LS_RP,fixed,,,False,0.16666666666666666,0.26313694489831396,0.8333333333333334,0.1,adaptive,break_symmetry,offspring,feasible_start_adaptive_spacing,,,,feasible_start_adaptive_spacing,0.5,,True,auto_from_instance,0.75,0.35,"1,5,14,16,18,25,26,27,36,40,45","16,25,27,29",,,,,,"H[1,5,14,16,18,25,26,27,36,40,45]|V[16,25,27,29]",13a8831f3352523fe53b9477eb693b985fdfc37c
proposed_nsga2_bs_Gyorgy-KOVACS_WH_Wide_AW_5_seed_117,proposed_nsga2_bs,Gyorgy-KOVACS_WH_Wide_AW_5,117,2,auto_from_instance,12,18,4,30,216,,,,,4,1,8,root > V:16 > BH:26 > BH:5 > BH:14 > BH:25 > BH:36 > BH:45 > BV:29,selected,1,0.0,True,517,225,292,586.0,1.0,1.0,True,True,1,1,0,True,1,1,0,0,True,True,0,11,4,11,4,1,PF_LS_RP,fixed,,,False,0.16666666666666666,0.26313694489831396,0.8333333333333334,0.1,adaptive,break_symmetry,offspring,feasible_start_adaptive_spacing,,,,feasible_start_adaptive_spacing,0.5,,True,auto_from_instance,0.75,0.35,"1,5,14,16,18,25,26,27,36,40,45","16,25,27,29",,,,,,"H[1,5,14,16,18,25,26,27,36,40,45]|V[16,25,27,29]",7e0f4d1a90907f684b7d565e90c4ddb6c1ba7c58
proposed_nsga2_bs_Gyorgy-KOVACS_WH_Wide_AW_5_seed_117,proposed_nsga2_bs,Gyorgy-KOVACS_WH_Wide_AW_5,117,2,auto_from_instance,12,18,4,30,216,,,,,5,2,4,root > V:27 > BH:26 > BV:17 > BV:17,selected,0,inf,True,567,256,311,311.0,1.0,1.0,True,True,1,1,0,True,1,1,0,0,True,True,0,11,3,11,3,2,PF_LS_RP,fixed,,,False,0.16666666666666666,0.22636316254041944,0.8333333333333334,0.1,adaptive,remove_random_aisle,offspring,feasible_start_adaptive_spacing,,,,feasible_start_adaptive_spacing,0.5,,True,auto_from_instance,0.75,0.35,"1,5,14,16,17,25,26,27,36,40,45","27,29",,,,,,"H[1,5,14,16,17,25,26,27,36,40,45]|V[17,27,29]",a8708aef2b1e3127a45cd25328e7b01fe876ac67
proposed_nsga2_bs_Gyorgy-KOVACS_WH_Wide_AW_5_seed_117,proposed_nsga2_bs,Gyorgy-KOVACS_WH_Wide_AW_5,117,2,auto_from_instance,12,18,4,30,216,,,,,6,2,4,root > V:29 > BH:26 > BV:19 > BV:19,selected,1,inf,True,557,202,355,408.0,1.0,1.0,True,True,1,1,0,True,1,1,0,0,True,True,0,11,3,11,3,2,PF_LS_RP,fixed,,,False,0.16666666666666666,0.22636316254041944,0.8333333333333334,0.1,adaptive,remove_random_aisle,offspring,feasible_start_adaptive_spacing,,,,feasible_start_adaptive_spacing,0.5,,True,auto_from_instance,0.75,0.35,"1,5,14,16,17,25,26,27,36,40,45","27,29",,,,,,"H[1,5,14,16,17,25,26,27,36,40,45]|V[19,27,29]",225a083d40a70add6d49c842c1ea1b7da9e91627
proposed_nsga2_bs_Gyorgy-KOVACS_WH_Wide_AW_5_seed_117,proposed_nsga2_bs,Gyorgy-KOVACS_WH_Wide_AW_5,117,2,auto_from_instance,12,18,4,30,216,,,,,7,2,4,root > V:29 > BH:26 > BV:19 > BV:17,evaluated,2,inf,False,557,202,355,458.0,1.0,1.0,True,True,1,1,0,True,1,1,0,0,True,True,0,11,4,11,4,2,PF_LS_RP,fixed,,,False,0.16666666666666666,0.22636316254041944,0.8333333333333334,0.1,adaptive,remove_random_aisle,offspring,feasible_start_adaptive_spacing,,,,feasible_start_adaptive_spacing,0.5,,True,auto_from_instance,0.75,0.35,"1,5,14,16,17,25,26,27,36,40,45","27,29",,,,,,"H[1,5,14,16,17,25,26,27,36,40,45]|V[17,19,27,29]",f590e28c4ca08f01adba87c9244bc357b1edb9bd
proposed_nsga2_bs_Gyorgy-KOVACS_WH_Wide_AW_5_seed_117,proposed_nsga2_bs,Gyorgy-KOVACS_WH_Wide_AW_5,117,2,auto_from_instance,12,18,4,30,216,,,,,8,2,4,root > V:29 > BH:26 > BV:17 > BV:19,evaluated,3,inf,False,557,202,355,460.0,1.0,1.0,True,True,1,1,0,True,1,1,0,0,True,True,0,11,4,11,4,2,PF_LS_RP,fixed,,,False,0.16666666666666666,0.22636316254041944,0.8333333333333334,0.1,adaptive,remove_random_aisle,offspring,feasible_start_adaptive_spacing,,,,feasible_start_adaptive_spacing,0.5,,True,auto_from_instance,0.75,0.35,"1,5,14,16,17,25,26,27,36,40,45","27,29",,,,,,"H[1,5,14,16,17,25,26,27,36,40,45]|V[17,19,27,29]",0ccd7482bc13afbeac630bd0faf7012fe4b70f5c
proposed_nsga2_bs_Gyorgy-KOVACS_WH_Wide_AW_5_seed_117,proposed_nsga2_bs,Gyorgy-KOVACS_WH_Wide_AW_5,117,2,auto_from_instance,12,18,4,30,216,,,,,9,6,8,root > V:16 > BH:26 > BH:5 > BH:16 > BH:27 > BH:36 > BH:45 > BV:25,selected,0,inf,True,517,238,279,368.0,1.0,1.0,True,True,1,1,0,True,1,1,0,0,True,True,0,11,6,11,6,6,PF_LS_RP,fixed,,,False,0.16666666666666666,0.11131990132418336,0.8333333333333334,0.1,adaptive,bit_flip,offspring,feasible_start_adaptive_spacing,,,,feasible_start_adaptive_spacing,0.5,,True,auto_from_instance,0.75,0.35,"1,5,16,17,25,26,36,39,47","16,17,19,25,27,29",,,,,,"H[1,5,16,17,25,26,27,36,39,45,47]|V[16,17,19,25,27,29]",015ee1c8318bbe65f9d75b3878c91b9d7be2a076
proposed_nsga2_bs_Gyorgy-KOVACS_WH_Wide_AW_5_seed_117,proposed_nsga2_bs,Gyorgy-KOVACS_WH_Wide_AW_5,117,2,auto_from_instance,12,18,4,30,216,,,,,10,6,8,root > V:16 > BH:26 > BH:5 > BH:16 > BH:27 > BH:36 > BH:45 > BV:29,selected,1,inf,True,517,225,292,586.0,1.0,1.0,True,True,1,1,0,True,1,1,0,0,True,True,0,11,6,11,6,6,PF_LS_RP,fixed,,,False,0.16666666666666666,0.11131990132418336,0.8333333333333334,0.1,adaptive,bit_flip,offspring,feasible_start_adaptive_spacing,,,,feasible_start_adaptive_spacing,0.5,,True,auto_from_instance,0.75,0.35,"1,5,16,17,25,26,36,39,47","16,17,19,25,27,29",,,,,,"H[1,5,16,17,25,26,27,36,39,45,47]|V[16,17,19,25,27,29]",ed71c8d546062d956359fd31a02e14699e745412
proposed_nsga2_bs_Gyorgy-KOVACS_WH_Wide_AW_5_seed_117,proposed_nsga2_bs,Gyorgy-KOVACS_WH_Wide_AW_5,117,2,auto_from_instance,12,18,4,30,216,,,,,11,9,8,root > V:15 > BH:26 > BH:5 > BH:16 > BH:25 > BH:36 > BH:45 > BV:24,selected,0,inf,True,497,247,250,385.0,1.0,1.0,True,True,1,1,0,True,1,1,0,0,True,True,0,12,4,12,4,9,PF_LS_RP,fixed,,,False,0.16666666666666666,0.17350733552531405,0.8333333333333334,0.1,adaptive,bit_flip,offspring,feasible_start_adaptive_spacing,,,,feasible_start_adaptive_spacing,0.5,,True,auto_from_instance,0.75,0.35,"5,16,17,22,25,26,27,36,39,47,55","15,19,28",,,,,,"H[5,16,17,22,25,26,27,36,39,45,47,55]|V[15,19,24,28]",416c9c0e4f9e06143d78fee04cbc7a8d1c4800ad
proposed_nsga2_bs_Gyorgy-KOVACS_WH_Wide_AW_5_seed_117,proposed_nsga2_bs,Gyorgy-KOVACS_WH_Wide_AW_5,117,2,auto_from_instance,12,18,4,30,216,,,,,12,10,7,root > V:17 > BH:26 > BH:5 > BH:16 > BH:25 > BH:36 > BH:47,selected,1,1.7259520320096775,True,572,220,352,507.0,1.0,1.0,True,True,1,1,0,True,1,1,0,0,True,True,0,11,6,11,6,10,PF_LS_RP,fixed,,,False,0.16666666666666666,0.12002648463095711,0.8333333333333334,0.1,adaptive,break_symmetry,offspring,feasible_start_adaptive_spacing,,,,feasible_start_adaptive_spacing,0.5,,True,auto_from_instance,0.75,0.35,"1,5,7,16,23,25,26,36,41,45","17,19,24,25,28,30",,,,,,"H[1,5,7,16,23,25,26,36,41,45,47]|V[17,19,24,25,28,30]",173dd91401b4b71d9f20edd9e83506be465b9528
proposed_nsga2_bs_Gyorgy-KOVACS_WH_Wide_AW_5_seed_117,proposed_nsga2_bs,Gyorgy-KOVACS_WH_Wide_AW_5,117,2,auto_from_instance,12,18,4,30,216,,,,,13,10,7,root > V:17 > BH:26 > BH:5 > BH:14 > BH:25 > BH:36 > BH:47,selected,1,1.2740479679903227,True,572,220,352,507.0,1.0,1.0,True,True,1,1,0,True,1,1,0,0,True,True,0,12,6,12,6,10,PF_LS_RP,fixed,,,False,0.16666666666666666,0.12002648463095711,0.8333333333333334,0.1,adaptive,break_symmetry,offspring,feasible_start_adaptive_spacing,,,,feasible_start_adaptive_spacing,0.5,,True,auto_from_instance,0.75,0.35,"1,5,7,16,23,25,26,36,41,45","17,19,24,25,28,30",,,,,,"H[1,5,7,14,16,23,25,26,36,41,45,47]|V[17,19,24,25,28,30]",e59e5dd5e1537a2d164e028d12bd66f538f0cb70
proposed_nsga2_bs_Gyorgy-KOVACS_WH_Wide_AW_5_seed_117,proposed_nsga2_bs,Gyorgy-KOVACS_WH_Wide_AW_5,117,2,auto_from_instance,12,18,4,30,216,,,,,14,10,7,root > V:17 > BH:26 > BH:7 > BH:16 > BH:25 > BH:36 > BH:47,evaluated,2,inf,False,572,220,352,663.0,1.0,1.0,True,True,1,1,0,True,1,1,0,0,True,True,0,11,6,11,6,10,PF_LS_RP,fixed,,,False,0.16666666666666666,0.12002648463095711,0.8333333333333334,0.1,adaptive,break_symmetry,offspring,feasible_start_adaptive_spacing,,,,feasible_start_adaptive_spacing,0.5,,True,auto_from_instance,0.75,0.35,"1,5,7,16,23,25,26,36,41,45","17,19,24,25,28,30",,,,,,"H[1,5,7,16,23,25,26,36,41,45,47]|V[17,19,24,25,28,30]",61426df39d9f05da4c561d5073d32a1cf777516d
proposed_nsga2_bs_Gyorgy-KOVACS_WH_Wide_AW_5_seed_117,proposed_nsga2_bs,Gyorgy-KOVACS_WH_Wide_AW_5,117,2,auto_from_instance,12,18,4,30,216,,,,,15,10,7,root > V:17 > BH:26 > BH:5 > BH:16 > BH:25 > BH:36 > BH:45,evaluated,3,inf,False,572,220,352,711.0,1.0,1.0,True,True,1,1,0,True,1,1,0,0,True,True,0,10,6,10,6,10,PF_LS_RP,fixed,,,False,0.16666666666666666,0.12002648463095711,0.8333333333333334,0.1,adaptive,break_symmetry,offspring,feasible_start_adaptive_spacing,,,,feasible_start_adaptive_spacing,0.5,,True,auto_from_instance,0.75,0.35,"1,5,7,16,23,25,26,36,41,45","17,19,24,25,28,30",,,,,,"H[1,5,7,16,23,25,26,36,41,45]|V[17,19,24,25,28,30]",854ec9b997ec508dda6ea9e399147d7a4b626ba8
proposed_nsga2_bs_Gyorgy-KOVACS_WH_Wide_AW_5_seed_117,proposed_nsga2_bs,Gyorgy-KOVACS_WH_Wide_AW_5,117,2,auto_from_instance,12,18,4,30,216,,,,,16,12,8,root > V:15 > BH:26 > BH:5 > BH:14 > BH:25 > BH:36 > BH:45 > BV:24,selected,0,inf,True,497,247,250,385.0,1.0,1.0,True,True,1,1,0,True,1,1,0,0,True,True,0,14,4,14,4,12,PF_LS_RP,fixed,,,False,0.16666666666666666,0.20800794477612855,0.8333333333333334,0.1,adaptive,swap_segments,offspring,feasible_start_adaptive_spacing,,,,feasible_start_adaptive_spacing,0.5,,True,auto_from_instance,0.75,0.35,"1,11,15,22,25,26,27,30,41,42,45","15,27,29",,,,,,"H[1,5,11,14,15,22,25,26,27,30,36,41,42,45]|V[15,24,27,29]",4f5b467192e7c6ce4bc3fd69bf3ce13c31bd8ba0
proposed_nsga2_bs_Gyorgy-KOVACS_WH_Wide_AW_5_seed_117,proposed_nsga2_bs,Gyorgy-KOVACS_WH_Wide_AW_5,117,3,auto_from_instance,12,18,4,30,216,,,,,1,1,8,root > V:15 > BH:26 > BH:5 > BH:16 > BH:25 > BH:36 > BH:45 > BV:24,selected,0,inf,True,497,247,250,385.0,1.0,1.0,True,True,1,1,0,True,1,1,0,0,True,True,0,15,5,15,5,1,PF_LS_RP,fixed,,,False,0.2222222222222222,0.15939864919833924,0.7777777777777778,0.1,adaptive,break_symmetry,offspring,feasible_start_adaptive_spacing,,,,feasible_start_adaptive_spacing,0.5,,True,auto_from_instance,0.75,0.35,"1,5,11,14,15,22,25,26,27,30,36,41,42,45","15,19,24,27,28",,,,,,"H[1,5,11,14,15,16,22,25,26,27,30,36,41,42,45]|V[15,19,24,27,28]",416c9c0e4f9e06143d78fee04cbc7a8d1c4800ad
proposed_nsga2_bs_Gyorgy-KOVACS_WH_Wide_AW_5_seed_117,proposed_nsga2_bs,Gyorgy-KOVACS_WH_Wide_AW_5,117,3,auto_from_instance,12,18,4,30,216,,,,,2,1,8,root > V:15 > BH:26 > BH:5 > BH:14 > BH:25 > BH:36 > BH:45 > BV:24,selected,0,inf,True,497,247,250,385.0,1.0,1.0,True,True,1,1,0,True,1,1,0,0,True,True,0,14,5,14,5,1,PF_LS_RP,fixed,,,False,0.2222222222222222,0.15939864919833924,0.7777777777777778,0.1,adaptive,break_symmetry,offspring,feasible_start_adaptive_spacing,,,,feasible_start_adaptive_spacing,0.5,,True,auto_from_instance,0.75,0.35,"1,5,11,14,15,22,25,26,27,30,36,41,42,45","15,19,24,27,28",,,,,,"H[1,5,11,14,15,22,25,26,27,30,36,41,42,45]|V[15,19,24,27,28]",4f5b467192e7c6ce4bc3fd69bf3ce13c31bd8ba0
proposed_nsga2_bs_Gyorgy-KOVACS_WH_Wide_AW_5_seed_117,proposed_nsga2_bs,Gyorgy-KOVACS_WH_Wide_AW_5,117,3,auto_from_instance,12,18,4,30,216,,,,,3,3,7,root > V:17 > BH:26 > BH:5 > BH:16 > BH:25 > BH:36 > BH:47,selected,1,1.7259520320096775,True,572,220,352,507.0,1.0,1.0,True,True,1,1,0,True,1,1,0,0,True,True,0,12,4,12,4,3,PF_LS_RP,fixed,,,False,0.2222222222222222,0.3061953751407375,0.7777777777777778,0.1,adaptive,break_symmetry,offspring,feasible_start_adaptive_spacing,,,,feasible_start_adaptive_spacing,0.5,,True,auto_from_instance,0.75,0.35,"1,5,14,16,18,25,26,27,36,40,45","17,25,27,28",,,,,,"H[1,5,14,16,18,25,26,27,36,40,45,47]|V[17,25,27,28]",173dd91401b4b71d9f20edd9e83506be465b9528
proposed_nsga2_bs_Gyorgy-KOVACS_WH_Wide_AW_5_seed_117,proposed_nsga2_bs,Gyorgy-KOVACS_WH_Wide_AW_5,117,3,auto_from_instance,12,18,4,30,216,,,,,4,3,7,root > V:17 > BH:26 > BH:5 > BH:14 > BH:25 > BH:36 > BH:47,selected,1,1.2740479679903227,True,572,220,352,507.0,1.0,1.0,True,True,1,1,0,True,1,1,0,0,True,True,0,12,4,12,4,3,PF_LS_RP,fixed,,,False,0.2222222222222222,0.3061953751407375,0.7777777777777778,0.1,adaptive,break_symmetry,offspring,feasible_start_adaptive_spacing,,,,feasible_start_adaptive_spacing,0.5,,True,auto_from_instance,0.75,0.35,"1,5,14,16,18,25,26,27,36,40,45","17,25,27,28",,,,,,"H[1,5,14,16,18,25,26,27,36,40,45,47]|V[17,25,27,28]",e59e5dd5e1537a2d164e028d12bd66f538f0cb70
proposed_nsga2_bs_Gyorgy-KOVACS_WH_Wide_AW_5_seed_117,proposed_nsga2_bs,Gyorgy-KOVACS_WH_Wide_AW_5,117,3,auto_from_instance,12,18,4,30,216,,,,,5,3,7,root > V:17 > BH:26 > BH:5 > BH:16 > BH:25 > BH:36 > BH:45,evaluated,2,inf,False,572,220,352,711.0,1.0,1.0,True,True,1,1,0,True,1,1,0,0,True,True,0,11,4,11,4,3,PF_LS_RP,fixed,,,False,0.2222222222222222,0.3061953751407375,0.7777777777777778,0.1,adaptive,break_symmetry,offspring,feasible_start_adaptive_spacing,,,,feasible_start_adaptive_spacing,0.5,,True,auto_from_instance,0.75,0.35,"1,5,14,16,18,25,26,27,36,40,45","17,25,27,28",,,,,,"H[1,5,14,16,18,25,26,27,36,40,45]|V[17,25,27,28]",854ec9b997ec508dda6ea9e399147d7a4b626ba8
proposed_nsga2_bs_Gyorgy-KOVACS_WH_Wide_AW_5_seed_117,proposed_nsga2_bs,Gyorgy-KOVACS_WH_Wide_AW_5,117,3,auto_from_instance,12,18,4,30,216,,,,,6,3,7,root > V:17 > BH:26 > BH:5 > BH:14 > BH:25 > BH:36 > BH:45,evaluated,2,inf,False,572,220,352,711.0,1.0,1.0,True,True,1,1,0,True,1,1,0,0,True,True,0,11,4,11,4,3,PF_LS_RP,fixed,,,False,0.2222222222222222,0.3061953751407375,0.7777777777777778,0.1,adaptive,break_symmetry,offspring,feasible_start_adaptive_spacing,,,,feasible_start_adaptive_spacing,0.5,,True,auto_from_instance,0.75,0.35,"1,5,14,16,18,25,26,27,36,40,45","17,25,27,28",,,,,,"H[1,5,14,16,18,25,26,27,36,40,45]|V[17,25,27,28]",ef95c5265d039c602cc7246bb99c122e90a60068
proposed_nsga2_bs_Gyorgy-KOVACS_WH_Wide_AW_5_seed_117,proposed_nsga2_bs,Gyorgy-KOVACS_WH_Wide_AW_5,117,3,auto_from_instance,12,18,4,30,216,,,,,7,4,8,root > V:16 > BH:26 > BH:5 > BH:16 > BH:25 > BH:36 > BH:45 > BV:25,selected,0,1.745680106335844,True,517,238,279,368.0,1.0,1.0,True,True,1,1,0,True,1,1,0,0,True,True,0,12,4,12,4,4,PF_LS_RP,fixed,,,False,0.2222222222222222,0.3715146834684548,0.7777777777777778,0.1,adaptive,spacing_aware_flip,offspring,feasible_start_adaptive_spacing,,,,feasible_start_adaptive_spacing,0.5,,True,auto_from_instance,0.75,0.35,"1,5,14,16,17,25,26,27,36,40,45,52","16,27,29",,,,,,"H[1,5,14,16,17,25,26,27,36,40,45,52]|V[16,25,27,29]",559a078c3ea143504613077c561cb3124d66b767
proposed_nsga2_bs_Gyorgy-KOVACS_WH_Wide_AW_5_seed_117,proposed_nsga2_bs,Gyorgy-KOVACS_WH_Wide_AW_5,117,3,auto_from_instance,12,18,4,30,216,,,,,8,4,8,root > V:16 > BH:26 > BH:5 > BH:14 > BH:25 > BH:36 > BH:45 > BV:25,selected,0,0.0,True,517,238,279,368.0,1.0,1.0,True,True,1,1,0,True,1,1,0,0,True,True,0,12,4,12,4,4,PF_LS_RP,fixed,,,False,0.2222222222222222,0.3715146834684548,0.7777777777777778,0.1,adaptive,spacing_aware_flip,offspring,feasible_start_adaptive_spacing,,,,feasible_start_adaptive_spacing,0.5,,True,auto_from_instance,0.75,0.35,"1,5,14,16,17,25,26,27,36,40,45,52","16,27,29",,,,,,"H[1,5,14,16,17,25,26,27,36,40,45,52]|V[16,25,27,29]",6fcfc694894a367ef71d338faec4ce589ca685b5
proposed_nsga2_bs_Gyorgy-KOVACS_WH_Wide_AW_5_seed_117,proposed_nsga2_bs,Gyorgy-KOVACS_WH_Wide_AW_5,117,3,auto_from_instance,12,18,4,30,216,,,,,9,4,8,root > V:16 > BH:26 > BH:5 > BH:16 > BH:25 > BH:36 > BH:45 > BV:29,selected,1,inf,True,517,225,292,586.0,1.0,1.0,True,True,1,1,0,True,1,1,0,0,True,True,0,12,3,12,3,4,PF_LS_RP,fixed,,,False,0.2222222222222222,0.3715146834684548,0.7777777777777778,0.1,adaptive,spacing_aware_flip,offspring,feasible_start_adaptive_spacing,,,,feasible_start_adaptive_spacing,0.5,,True,auto_from_instance,0.75,0.35,"1,5,14,16,17,25,26,27,36,40,45,52","16,27,29",,,,,,"H[1,5,14,16,17,25,26,27,36,40,45,52]|V[16,27,29]",13a8831f3352523fe53b9477eb693b985fdfc37c
proposed_nsga2_bs_Gyorgy-KOVACS_WH_Wide_AW_5_seed_117,proposed_nsga2_bs,Gyorgy-KOVACS_WH_Wide_AW_5,117,3,auto_from_instance,12,18,4,30,216,,,,,10,4,8,root > V:16 > BH:26 > BH:5 > BH:14 > BH:25 > BH:36 > BH:45 > BV:29,selected,1,0.0,True,517,225,292,586.0,1.0,1.0,True,True,1,1,0,True,1,1,0,0,True,True,0,12,3,12,3,4,PF_LS_RP,fixed,,,False,0.2222222222222222,0.3715146834684548,0.7777777777777778,0.1,adaptive,spacing_aware_flip,offspring,feasible_start_adaptive_spacing,,,,feasible_start_adaptive_spacing,0.5,,True,auto_from_instance,0.75,0.35,"1,5,14,16,17,25,26,27,36,40,45,52","16,27,29",,,,,,"H[1,5,14,16,17,25,26,27,36,40,45,52]|V[16,27,29]",7e0f4d1a90907f684b7d565e90c4ddb6c1ba7c58
proposed_nsga2_bs_Gyorgy-KOVACS_WH_Wide_AW_5_seed_117,proposed_nsga2_bs,Gyorgy-KOVACS_WH_Wide_AW_5,117,3,auto_from_instance,12,18,4,30,216,,,,,11,5,8,root > V:16 > BH:26 > BH:5 > BH:16 > BH:27 > BH:36 > BH:45 > BV:25,selected,0,inf,True,517,238,279,368.0,1.0,1.0,True,True,1,1,0,True,1,1,0,0,True,True,0,15,6,15,6,5,PF_LS_RP,fixed,,,False,0.2222222222222222,0.17691028530513284,0.7777777777777778,0.1,adaptive,swap_segments,offspring,feasible_start_adaptive_spacing,,,,feasible_start_adaptive_spacing,0.5,,True,auto_from_instance,0.75,0.35,"1,5,11,14,15,22,25,26,27,30,36,39,45,47","2,16,17,25,27,29",,,,,,"H[1,5,11,14,15,16,22,25,26,27,30,36,39,45,47]|V[2,16,17,25,27,29]",015ee1c8318bbe65f9d75b3878c91b9d7be2a076
proposed_nsga2_bs_Gyorgy-KOVACS_WH_Wide_AW_5_seed_117,proposed_nsga2_bs,Gyorgy-KOVACS_WH_Wide_AW_5,117,3,auto_from_instance,12,18,4,30,216,,,,,12,5,8,root > V:16 > BH:26 > BH:5 > BH:16 > BH:27 > BH:36 > BH:45 > BV:29,selected,1,inf,True,517,225,292,586.0,1.0,1.0,True,True,1,1,0,True,1,1,0,0,True,True,0,15,6,15,6,5,PF_LS_RP,fixed,,,False,0.2222222222222222,0.17691028530513284,0.7777777777777778,0.1,adaptive,swap_segments,offspring,feasible_start_adaptive_spacing,,,,feasible_start_adaptive_spacing,0.5,,True,auto_from_instance,0.75,0.35,"1,5,11,14,15,22,25,26,27,30,36,39,45,47","2,16,17,25,27,29",,,,,,"H[1,5,11,14,15,16,22,25,26,27,30,36,39,45,47]|V[2,16,17,25,27,29]",ed71c8d546062d956359fd31a02e14699e745412
proposed_nsga2_bs_Gyorgy-KOVACS_WH_Wide_AW_5_seed_117,proposed_nsga2_bs,Gyorgy-KOVACS_WH_Wide_AW_5,117,3,auto_from_instance,12,18,4,30,216,,,,,13,6,4,root > V:27 > BH:26 > BV:17 > BV:17,selected,0,inf,True,567,256,311,311.0,1.0,1.0,True,True,1,1,0,True,1,1,0,0,True,True,0,11,5,11,5,6,PF_LS_RP,fixed,,,False,0.2222222222222222,0.2926881564915864,0.7777777777777778,0.1,adaptive,break_symmetry,offspring,feasible_start_adaptive_spacing,,,,feasible_start_adaptive_spacing,0.5,,True,auto_from_instance,0.75,0.35,"1,5,16,17,25,26,27,36,41,42,45","14,24,27,29",,,,,,"H[1,5,16,17,25,26,27,36,41,42,45]|V[14,17,24,27,29]",a8708aef2b1e3127a45cd25328e7b01fe876ac67
proposed_nsga2_bs_Gyorgy-KOVACS_WH_Wide_AW_5_seed_117,proposed_nsga2_bs,Gyorgy-KOVACS_WH_Wide_AW_5,117,3,auto_from_instance,12,18,4,30,216,,,,,14,6,4,root > V:29 > BH:26 > BV:19 > BV:19,selected,1,inf,True,557,202,355,408.0,1.0,1.0,True,True,1,1,0,True,1,1,0,0,True,True,0,11,5,11,5,6,PF_LS_RP,fixed,,,False,0.2222222222222222,0.2926881564915864,0.7777777777777778,0.1,adaptive,break_symmetry,offspring,feasible_start_adaptive_spacing,,,,feasible_start_adaptive_spacing,0.5,,True,auto_from_instance,0.75,0.35,"1,5,16,17,25,26,27,36,41,42,45","14,24,27,29",,,,,,"H[1,5,16,17,25,26,27,36,41,42,45]|V[14,19,24,27,29]",225a083d40a70add6d49c842c1ea1b7da9e91627
proposed_nsga2_bs_Gyorgy-KOVACS_WH_Wide_AW_5_seed_117,proposed_nsga2_bs,Gyorgy-KOVACS_WH_Wide_AW_5,117,3,auto_from_instance,12,18,4,30,216,,,,,15,6,4,root > V:29 > BH:26 > BV:19 > BV:17,evaluated,2,inf,False,557,202,355,458.0,1.0,1.0,True,True,1,1,0,True,1,1,0,0,True,True,0,11,6,11,6,6,PF_LS_RP,fixed,,,False,0.2222222222222222,0.2926881564915864,0.7777777777777778,0.1,adaptive,break_symmetry,offspring,feasible_start_adaptive_spacing,,,,feasible_start_adaptive_spacing,0.5,,True,auto_from_instance,0.75,0.35,"1,5,16,17,25,26,27,36,41,42,45","14,24,27,29",,,,,,"H[1,5,16,17,25,26,27,36,41,42,45]|V[14,17,19,24,27,29]",f590e28c4ca08f01adba87c9244bc357b1edb9bd
proposed_nsga2_bs_Gyorgy-KOVACS_WH_Wide_AW_5_seed_117,proposed_nsga2_bs,Gyorgy-KOVACS_WH_Wide_AW_5,117,3,auto_from_instance,12,18,4,30,216,,,,,16,6,4,root > V:29 > BH:26 > BV:17 > BV:19,evaluated,3,inf,False,557,202,355,460.0,1.0,1.0,True,True,1,1,0,True,1,1,0,0,True,True,0,11,6,11,6,6,PF_LS_RP,fixed,,,False,0.2222222222222222,0.2926881564915864,0.7777777777777778,0.1,adaptive,break_symmetry,offspring,feasible_start_adaptive_spacing,,,,feasible_start_adaptive_spacing,0.5,,True,auto_from_instance,0.75,0.35,"1,5,16,17,25,26,27,36,41,42,45","14,24,27,29",,,,,,"H[1,5,16,17,25,26,27,36,41,42,45]|V[14,17,19,24,27,29]",0ccd7482bc13afbeac630bd0faf7012fe4b70f5c
proposed_nsga2_bs_Gyorgy-KOVACS_WH_Wide_AW_5_seed_117,proposed_nsga2_bs,Gyorgy-KOVACS_WH_Wide_AW_5,117,4,auto_from_instance,12,18,4,30,216,,,,,1,1,4,root > V:27 > BH:26 > BV:17 > BV:17,selected,0,inf,True,567,256,311,311.0,1.0,1.0,True,True,1,1,0,True,1,1,0,0,True,True,0,12,7,12,7,1,PF_LS_RP,fixed,,,False,0.2777777777777778,0.3057774668515208,0.7222222222222222,0.1,adaptive,swap_segments,offspring,feasible_start_adaptive_spacing,,,,feasible_start_adaptive_spacing,0.5,,True,auto_from_instance,0.75,0.35,"1,5,16,17,25,26,27,30,36,39,45,47","2,9,14,25,27,29",,,,,,"H[1,5,16,17,25,26,27,30,36,39,45,47]|V[2,9,14,17,25,27,29]",a8708aef2b1e3127a45cd25328e7b01fe876ac67
proposed_nsga2_bs_Gyorgy-KOVACS_WH_Wide_AW_5_seed_117,proposed_nsga2_bs,Gyorgy-KOVACS_WH_Wide_AW_5,117,4,auto_from_instance,12,18,4,30,216,,,,,2,1,4,root > V:29 > BH:26 > BV:19 > BV:19,selected,1,inf,True,557,202,355,408.0,1.0,1.0,True,True,1,1,0,True,1,1,0,0,True,True,0,12,7,12,7,1,PF_LS_RP,fixed,,,False,0.2777777777777778,0.3057774668515208,0.7222222222222222,0.1,adaptive,swap_segments,offspring,feasible_start_adaptive_spacing,,,,feasible_start_adaptive_spacing,0.5,,True,auto_from_instance,0.75,0.35,"1,5,16,17,25,26,27,30,36,39,45,47","2,9,14,25,27,29",,,,,,"H[1,5,16,17,25,26,27,30,36,39,45,47]|V[2,9,14,19,25,27,29]",225a083d40a70add6d49c842c1ea1b7da9e91627
proposed_nsga2_bs_Gyorgy-KOVACS_WH_Wide_AW_5_seed_117,proposed_nsga2_bs,Gyorgy-KOVACS_WH_Wide_AW_5,117,4,auto_from_instance,12,18,4,30,216,,,,,3,1,4,root > V:29 > BH:26 > BV:19 > BV:17,evaluated,2,inf,False,557,202,355,458.0,1.0,1.0,True,True,1,1,0,True,1,1,0,0,True,True,0,12,8,12,8,1,PF_LS_RP,fixed,,,False,0.2777777777777778,0.3057774668515208,0.7222222222222222,0.1,adaptive,swap_segments,offspring,feasible_start_adaptive_spacing,,,,feasible_start_adaptive_spacing,0.5,,True,auto_from_instance,0.75,0.35,"1,5,16,17,25,26,27,30,36,39,45,47","2,9,14,25,27,29",,,,,,"H[1,5,16,17,25,26,27,30,36,39,45,47]|V[2,9,14,17,19,25,27,29]",f590e28c4ca08f01adba87c9244bc357b1edb9bd
proposed_nsga2_bs_Gyorgy-KOVACS_WH_Wide_AW_5_seed_117,proposed_nsga2_bs,Gyorgy-KOVACS_WH_Wide_AW_5,117,4,auto_from_instance,12,18,4,30,216,,,,,4,1,4,root > V:29 > BH:26 > BV:17 > BV:19,evaluated,3,inf,False,557,202,355,460.0,1.0,1.0,True,True,1,1,0,True,1,1,0,0,True,True,0,12,8,12,8,1,PF_LS_RP,fixed,,,False,0.2777777777777778,0.3057774668515208,0.7222222222222222,0.1,adaptive,swap_segments,offspring,feasible_start_adaptive_spacing,,,,feasible_start_adaptive_spacing,0.5,,True,auto_from_instance,0.75,0.35,"1,5,16,17,25,26,27,30,36,39,45,47","2,9,14,25,27,29",,,,,,"H[1,5,16,17,25,26,27,30,36,39,45,47]|V[2,9,14,17,19,25,27,29]",0ccd7482bc13afbeac630bd0faf7012fe4b70f5c
proposed_nsga2_bs_Gyorgy-KOVACS_WH_Wide_AW_5_seed_117,proposed_nsga2_bs,Gyorgy-KOVACS_WH_Wide_AW_5,117,4,auto_from_instance,12,18,4,30,216,,,,,5,2,8,root > V:16 > BH:26 > BH:5 > BH:16 > BH:27 > BH:36 > BH:45 > BV:25,selected,0,1.745680106335844,True,517,238,279,368.0,1.0,1.0,True,True,1,1,0,True,1,1,0,0,True,True,0,13,6,13,6,2,PF_LS_RP,fixed,,,False,0.2777777777777778,0.24780333790429274,0.7222222222222222,0.1,adaptive,remove_random_aisle,offspring,feasible_start_adaptive_spacing,,,,feasible_start_adaptive_spacing,0.5,,True,auto_from_instance,0.75,0.35,"1,5,11,14,15,16,25,26,27,36,41,42,45","16,17,24,27,29",,,,,,"H[1,5,11,14,15,16,25,26,27,36,41,42,45]|V[16,17,24,25,27,29]",015ee1c8318bbe65f9d75b3878c91b9d7be2a076
proposed_nsga2_bs_Gyorgy-KOVACS_WH_Wide_AW_5_seed_117,proposed_nsga2_bs,Gyorgy-KOVACS_WH_Wide_AW_5,117,4,auto_from_instance,12,18,4,30,216,,,,,6,2,8,root > V:16 > BH:26 > BH:5 > BH:16 > BH:27 > BH:36 > BH:45 > BV:29,selected,1,inf,True,517,225,292,586.0,1.0,1.0,True,True,1,1,0,True,1,1,0,0,True,True,0,13,5,13,5,2,PF_LS_RP,fixed,,,False,0.2777777777777778,0.24780333790429274,0.7222222222222222,0.1,adaptive,remove_random_aisle,offspring,feasible_start_adaptive_spacing,,,,feasible_start_adaptive_spacing,0.5,,True,auto_from_instance,0.75,0.35,"1,5,11,14,15,16,25,26,27,36,41,42,45","16,17,24,27,29",,,,,,"H[1,5,11,14,15,16,25,26,27,36,41,42,45]|V[16,17,24,27,29]",ed71c8d546062d956359fd31a02e14699e745412
proposed_nsga2_bs_Gyorgy-KOVACS_WH_Wide_AW_5_seed_117,proposed_nsga2_bs,Gyorgy-KOVACS_WH_Wide_AW_5,117,4,auto_from_instance,12,18,4,30,216,,,,,7,3,7,root > V:17 > BH:26 > BH:5 > BH:16 > BH:25 > BH:36 > BH:47,selected,1,1.7259520320096775,True,572,220,352,507.0,1.0,1.0,True,True,1,1,0,True,1,1,0,0,True,True,0,12,6,12,6,3,PF_LS_RP,fixed,,,False,0.2777777777777778,0.1961924787705901,0.7222222222222222,0.1,adaptive,insert_random_aisle,offspring,feasible_start_adaptive_spacing,,,,feasible_start_adaptive_spacing,0.5,,True,auto_from_instance,0.75,0.35,"1,5,16,17,25,26,27,36,41,42,45","14,17,20,24,27,29",,,,,,"H[1,5,16,17,25,26,27,36,41,42,45,47]|V[14,17,20,24,27,29]",173dd91401b4b71d9f20edd9e83506be465b9528
proposed_nsga2_bs_Gyorgy-KOVACS_WH_Wide_AW_5_seed_117,proposed_nsga2_bs,Gyorgy-KOVACS_WH_Wide_AW_5,117,4,auto_from_instance,12,18,4,30,216,,,,,8,3,7,root > V:17 > BH:26 > BH:5 > BH:14 > BH:25 > BH:36 > BH:47,selected,1,1.2740479679903227,True,572,220,352,507.0,1.0,1.0,True,True,1,1,0,True,1,1,0,0,True,True,0,13,6,13,6,3,PF_LS_RP,fixed,,,False,0.2777777777777778,0.1961924787705901,0.7222222222222222,0.1,adaptive,insert_random_aisle,offspring,feasible_start_adaptive_spacing,,,,feasible_start_adaptive_spacing,0.5,,True,auto_from_instance,0.75,0.35,"1,5,16,17,25,26,27,36,41,42,45","14,17,20,24,27,29",,,,,,"H[1,5,14,16,17,25,26,27,36,41,42,45,47]|V[14,17,20,24,27,29]",e59e5dd5e1537a2d164e028d12bd66f538f0cb70
proposed_nsga2_bs_Gyorgy-KOVACS_WH_Wide_AW_5_seed_117,proposed_nsga2_bs,Gyorgy-KOVACS_WH_Wide_AW_5,117,4,auto_from_instance,12,18,4,30,216,,,,,9,3,7,root > V:17 > BH:26 > BH:5 > BH:16 > BH:25 > BH:36 > BH:45,evaluated,2,inf,False,572,220,352,711.0,1.0,1.0,True,True,1,1,0,True,1,1,0,0,True,True,0,11,6,11,6,3,PF_LS_RP,fixed,,,False,0.2777777777777778,0.1961924787705901,0.7222222222222222,0.1,adaptive,insert_random_aisle,offspring,feasible_start_adaptive_spacing,,,,feasible_start_adaptive_spacing,0.5,,True,auto_from_instance,0.75,0.35,"1,5,16,17,25,26,27,36,41,42,45","14,17,20,24,27,29",,,,,,"H[1,5,16,17,25,26,27,36,41,42,45]|V[14,17,20,24,27,29]",854ec9b997ec508dda6ea9e399147d7a4b626ba8
proposed_nsga2_bs_Gyorgy-KOVACS_WH_Wide_AW_5_seed_117,proposed_nsga2_bs,Gyorgy-KOVACS_WH_Wide_AW_5,117,4,auto_from_instance,12,18,4,30,216,,,,,10,3,7,root > V:17 > BH:26 > BH:5 > BH:14 > BH:25 > BH:36 > BH:45,evaluated,2,inf,False,572,220,352,711.0,1.0,1.0,True,True,1,1,0,True,1,1,0,0,True,True,0,12,6,12,6,3,PF_LS_RP,fixed,,,False,0.2777777777777778,0.1961924787705901,0.7222222222222222,0.1,adaptive,insert_random_aisle,offspring,feasible_start_adaptive_spacing,,,,feasible_start_adaptive_spacing,0.5,,True,auto_from_instance,0.75,0.35,"1,5,16,17,25,26,27,36,41,42,45","14,17,20,24,27,29",,,,,,"H[1,5,14,16,17,25,26,27,36,41,42,45]|V[14,17,20,24,27,29]",ef95c5265d039c602cc7246bb99c122e90a60068
proposed_nsga2_bs_Gyorgy-KOVACS_WH_Wide_AW_5_seed_117,proposed_nsga2_bs,Gyorgy-KOVACS_WH_Wide_AW_5,117,4,auto_from_instance,12,18,4,30,216,,,,,11,4,8,root > V:16 > BH:26 > BH:5 > BH:16 > BH:25 > BH:36 > BH:45 > BV:25,selected,0,0.0,True,517,238,279,368.0,1.0,1.0,True,True,1,1,0,True,1,1,0,0,True,True,0,12,4,12,4,4,PF_LS_RP,fixed,,,False,0.2777777777777778,0.1903927217830671,0.7222222222222222,0.1,adaptive,break_symmetry,offspring,feasible_start_adaptive_spacing,,,,feasible_start_adaptive_spacing,0.5,,True,auto_from_instance,0.75,0.35,"2,5,14,16,17,25,26,27,36,40,45,52","16,25,27,29",,,,,,"H[2,5,14,16,17,25,26,27,36,40,45,52]|V[16,25,27,29]",559a078c3ea143504613077c561cb3124d66b767
proposed_nsga2_bs_Gyorgy-KOVACS_WH_Wide_AW_5_seed_117,proposed_nsga2_bs,Gyorgy-KOVACS_WH_Wide_AW_5,117,4,auto_from_instance,12,18,4,30,216,,,,,12,4,8,root > V:16 > BH:26 > BH:5 > BH:14 > BH:25 > BH:36 > BH:45 > BV:25,selected,0,inf,True,517,238,279,368.0,1.0,1.0,True,True,1,1,0,True,1,1,0,0,True,True,0,12,4,12,4,4,PF_LS_RP,fixed,,,False,0.2777777777777778,0.1903927217830671,0.7222222222222222,0.1,adaptive,break_symmetry,offspring,feasible_start_adaptive_spacing,,,,feasible_start_adaptive_spacing,0.5,,True,auto_from_instance,0.75,0.35,"2,5,14,16,17,25,26,27,36,40,45,52","16,25,27,29",,,,,,"H[2,5,14,16,17,25,26,27,36,40,45,52]|V[16,25,27,29]",6fcfc694894a367ef71d338faec4ce589ca685b5
proposed_nsga2_bs_Gyorgy-KOVACS_WH_Wide_AW_5_seed_117,proposed_nsga2_bs,Gyorgy-KOVACS_WH_Wide_AW_5,117,4,auto_from_instance,12,18,4,30,216,,,,,13,4,8,root > V:16 > BH:26 > BH:5 > BH:16 > BH:25 > BH:36 > BH:45 > BV:29,selected,1,0.0,True,517,225,292,586.0,1.0,1.0,True,True,1,1,0,True,1,1,0,0,True,True,0,12,4,12,4,4,PF_LS_RP,fixed,,,False,0.2777777777777778,0.1903927217830671,0.7222222222222222,0.1,adaptive,break_symmetry,offspring,feasible_start_adaptive_spacing,,,,feasible_start_adaptive_spacing,0.5,,True,auto_from_instance,0.75,0.35,"2,5,14,16,17,25,26,27,36,40,45,52","16,25,27,29",,,,,,"H[2,5,14,16,17,25,26,27,36,40,45,52]|V[16,25,27,29]",13a8831f3352523fe53b9477eb693b985fdfc37c
proposed_nsga2_bs_Gyorgy-KOVACS_WH_Wide_AW_5_seed_117,proposed_nsga2_bs,Gyorgy-KOVACS_WH_Wide_AW_5,117,4,auto_from_instance,12,18,4,30,216,,,,,14,4,8,root > V:16 > BH:26 > BH:5 > BH:14 > BH:25 > BH:36 > BH:45 > BV:29,selected,1,inf,True,517,225,292,586.0,1.0,1.0,True,True,1,1,0,True,1,1,0,0,True,True,0,12,4,12,4,4,PF_LS_RP,fixed,,,False,0.2777777777777778,0.1903927217830671,0.7222222222222222,0.1,adaptive,break_symmetry,offspring,feasible_start_adaptive_spacing,,,,feasible_start_adaptive_spacing,0.5,,True,auto_from_instance,0.75,0.35,"2,5,14,16,17,25,26,27,36,40,45,52","16,25,27,29",,,,,,"H[2,5,14,16,17,25,26,27,36,40,45,52]|V[16,25,27,29]",7e0f4d1a90907f684b7d565e90c4ddb6c1ba7c58
proposed_nsga2_bs_Gyorgy-KOVACS_WH_Wide_AW_5_seed_117,proposed_nsga2_bs,Gyorgy-KOVACS_WH_Wide_AW_5,117,4,auto_from_instance,12,18,4,30,216,,,,,15,7,8,root > V:15 > BH:26 > BH:5 > BH:16 > BH:25 > BH:36 > BH:45 > BV:24,selected,0,inf,True,497,247,250,385.0,1.0,1.0,True,True,1,1,0,True,1,1,0,0,True,True,0,12,5,12,5,7,PF_LS_RP,fixed,,,False,0.2777777777777778,0.2939225615197365,0.7222222222222222,0.1,adaptive,bit_flip,offspring,feasible_start_adaptive_spacing,,,,feasible_start_adaptive_spacing,0.5,,True,auto_from_instance,0.75,0.35,"1,5,16,17,20,25,26,27,36,41,42,45","15,17,24,27,29",,,,,,"H[1,5,16,17,20,25,26,27,36,41,42,45]|V[15,17,24,27,29]",416c9c0e4f9e06143d78fee04cbc7a8d1c4800ad
proposed_nsga2_bs_Gyorgy-KOVACS_WH_Wide_AW_5_seed_117,proposed_nsga2_bs,Gyorgy-KOVACS_WH_Wide_AW_5,117,4,auto_from_instance,12,18,4,30,216,,,,,16,7,8,root > V:15 > BH:26 > BH:5 > BH:14 > BH:25 > BH:36 > BH:45 > BV:24,selected,0,inf,True,497,247,250,385.0,1.0,1.0,True,True,1,1,0,True,1,1,0,0,True,True,0,13,5,13,5,7,PF_LS_RP,fixed,,,False,0.2777777777777778,0.2939225615197365,0.7222222222222222,0.1,adaptive,bit_flip,offspring,feasible_start_adaptive_spacing,,,,feasible_start_adaptive_spacing,0.5,,True,auto_from_instance,0.75,0.35,"1,5,16,17,20,25,26,27,36,41,42,45","15,17,24,27,29",,,,,,"H[1,5,14,16,17,20,25,26,27,36,41,42,45]|V[15,17,24,27,29]",4f5b467192e7c6ce4bc3fd69bf3ce13c31bd8ba0
proposed_nsga2_bs_Gyorgy-KOVACS_WH_Wide_AW_5_seed_117,proposed_nsga2_bs,Gyorgy-KOVACS_WH_Wide_AW_5,117,4,auto_from_instance,12,18,4,30,216,,,,,17,10,7,root > V:19 > BH:26 > BH:5 > BH:16 > BH:25 > BH:36 > BH:47,evaluated,4,inf,False,612,200,412,584.0,1.0,1.0,True,True,1,1,0,True,1,1,0,0,True,True,0,15,5,15,5,10,PF_LS_RP,fixed,,,False,0.2777777777777778,0.31133948090911356,0.7222222222222222,0.1,adaptive,break_symmetry,offspring,feasible_start_adaptive_spacing,,,,feasible_start_adaptive_spacing,0.5,,True,auto_from_instance,0.75,0.35,"1,5,14,16,17,22,25,26,27,30,36,41,42,45","14,19,24,27,28",,,,,,"H[1,5,14,16,17,22,25,26,27,30,36,41,42,45,47]|V[14,19,24,27,28]",739f9ec08bf9c56e734297604911aa2f937b0b31
proposed_nsga2_bs_Gyorgy-KOVACS_WH_Wide_AW_5_seed_117,proposed_nsga2_bs,Gyorgy-KOVACS_WH_Wide_AW_5,117,4,auto_from_instance,12,18,4,30,216,,,,,18,10,7,root > V:19 > BH:26 > BH:5 > BH:14 > BH:25 > BH:36 > BH:47,evaluated,4,inf,False,612,200,412,584.0,1.0,1.0,True,True,1,1,0,True,1,1,0,0,True,True,0,15,5,15,5,10,PF_LS_RP,fixed,,,False,0.2777777777777778,0.31133948090911356,0.7222222222222222,0.1,adaptive,break_symmetry,offspring,feasible_start_adaptive_spacing,,,,feasible_start_adaptive_spacing,0.5,,True,auto_from_instance,0.75,0.35,"1,5,14,16,17,22,25,26,27,30,36,41,42,45","14,19,24,27,28",,,,,,"H[1,5,14,16,17,22,25,26,27,30,36,41,42,45,47]|V[14,19,24,27,28]",18779af2d0583f313025ada9a3c164bb18de6a6f
proposed_nsga2_bs_Gyorgy-KOVACS_WH_Wide_AW_5_seed_117,proposed_nsga2_bs,Gyorgy-KOVACS_WH_Wide_AW_5,117,4,auto_from_instance,12,18,4,30,216,,,,,19,10,7,root > V:19 > BH:26 > BH:5 > BH:16 > BH:25 > BH:36 > BH:45,evaluated,5,inf,False,612,200,412,754.0,1.0,1.0,True,True,1,1,0,True,1,1,0,0,True,True,0,14,5,14,5,10,PF_LS_RP,fixed,,,False,0.2777777777777778,0.31133948090911356,0.7222222222222222,0.1,adaptive,break_symmetry,offspring,feasible_start_adaptive_spacing,,,,feasible_start_adaptive_spacing,0.5,,True,auto_from_instance,0.75,0.35,"1,5,14,16,17,22,25,26,27,30,36,41,42,45","14,19,24,27,28",,,,,,"H[1,5,14,16,17,22,25,26,27,30,36,41,42,45]|V[14,19,24,27,28]",16ed0ad93ee066fd151d5116addbd94cd12b2a32
proposed_nsga2_bs_Gyorgy-KOVACS_WH_Wide_AW_5_seed_117,proposed_nsga2_bs,Gyorgy-KOVACS_WH_Wide_AW_5,117,4,auto_from_instance,12,18,4,30,216,,,,,20,10,7,root > V:19 > BH:26 > BH:5 > BH:14 > BH:25 > BH:36 > BH:45,evaluated,5,inf,False,612,200,412,754.0,1.0,1.0,True,True,1,1,0,True,1,1,0,0,True,True,0,14,5,14,5,10,PF_LS_RP,fixed,,,False,0.2777777777777778,0.31133948090911356,0.7222222222222222,0.1,adaptive,break_symmetry,offspring,feasible_start_adaptive_spacing,,,,feasible_start_adaptive_spacing,0.5,,True,auto_from_instance,0.75,0.35,"1,5,14,16,17,22,25,26,27,30,36,41,42,45","14,19,24,27,28",,,,,,"H[1,5,14,16,17,22,25,26,27,30,36,41,42,45]|V[14,19,24,27,28]",e3a802ef145afaa17bc3eca719e3ef8051b94b10
proposed_nsga2_bs_Gyorgy-KOVACS_WH_Wide_AW_5_seed_117,proposed_nsga2_bs,Gyorgy-KOVACS_WH_Wide_AW_5,117,5,auto_from_instance,12,18,4,30,216,,,,,1,1,8,root > V:16 > BH:26 > BH:5 > BH:16 > BH:25 > BH:36 > BH:45 > BV:25,selected,0,inf,True,517,238,279,368.0,1.0,1.0,True,True,1,1,0,True,1,1,0,0,True,True,0,13,5,13,5,1,PF_LS_RP,fixed,,,False,0.3333333333333333,0.27971600687333764,0.6666666666666667,0.1,adaptive,remove_random_aisle,offspring,feasible_start_adaptive_spacing,,,,feasible_start_adaptive_spacing,0.5,,True,auto_from_instance,0.75,0.35,"1,5,11,14,15,16,25,26,27,36,41,42,45","16,24,27,29",,,,,,"H[1,5,11,14,15,16,25,26,27,36,41,42,45]|V[16,24,25,27,29]",559a078c3ea143504613077c561cb3124d66b767
proposed_nsga2_bs_Gyorgy-KOVACS_WH_Wide_AW_5_seed_117,proposed_nsga2_bs,Gyorgy-KOVACS_WH_Wide_AW_5,117,5,auto_from_instance,12,18,4,30,216,,,,,2,1,8,root > V:16 > BH:26 > BH:5 > BH:14 > BH:25 > BH:36 > BH:45 > BV:25,selected,0,0.0,True,517,238,279,368.0,1.0,1.0,True,True,1,1,0,True,1,1,0,0,True,True,0,13,5,13,5,1,PF_LS_RP,fixed,,,False,0.3333333333333333,0.27971600687333764,0.6666666666666667,0.1,adaptive,remove_random_aisle,offspring,feasible_start_adaptive_spacing,,,,feasible_start_adaptive_spacing,0.5,,True,auto_from_instance,0.75,0.35,"1,5,11,14,15,16,25,26,27,36,41,42,45","16,24,27,29",,,,,,"H[1,5,11,14,15,16,25,26,27,36,41,42,45]|V[16,24,25,27,29]",6fcfc694894a367ef71d338faec4ce589ca685b5
proposed_nsga2_bs_Gyorgy-KOVACS_WH_Wide_AW_5_seed_117,proposed_nsga2_bs,Gyorgy-KOVACS_WH_Wide_AW_5,117,5,auto_from_instance,12,18,4,30,216,,,,,3,1,8,root > V:16 > BH:26 > BH:5 > BH:16 > BH:25 > BH:36 > BH:45 > BV:29,selected,1,inf,True,517,225,292,586.0,1.0,1.0,True,True,1,1,0,True,1,1,0,0,True,True,0,13,4,13,4,1,PF_LS_RP,fixed,,,False,0.3333333333333333,0.27971600687333764,0.6666666666666667,0.1,adaptive,remove_random_aisle,offspring,feasible_start_adaptive_spacing,,,,feasible_start_adaptive_spacing,0.5,,True,auto_from_instance,0.75,0.35,"1,5,11,14,15,16,25,26,27,36,41,42,45","16,24,27,29",,,,,,"H[1,5,11,14,15,16,25,26,27,36,41,42,45]|V[16,24,27,29]",13a8831f3352523fe53b9477eb693b985fdfc37c
proposed_nsga2_bs_Gyorgy-KOVACS_WH_Wide_AW_5_seed_117,proposed_nsga2_bs,Gyorgy-KOVACS_WH_Wide_AW_5,117,5,auto_from_instance,12,18,4,30,216,,,,,4,1,8,root > V:16 > BH:26 > BH:5 > BH:14 > BH:25 > BH:36 > BH:45 > BV:29,selected,1,0.0,True,517,225,292,586.0,1.0,1.0,True,True,1,1,0,True,1,1,0,0,True,True,0,13,4,13,4,1,PF_LS_RP,fixed,,,False,0.3333333333333333,0.27971600687333764,0.6666666666666667,0.1,adaptive,remove_random_aisle,offspring,feasible_start_adaptive_spacing,,,,feasible_start_adaptive_spacing,0.5,,True,auto_from_instance,0.75,0.35,"1,5,11,14,15,16,25,26,27,36,41,42,45","16,24,27,29",,,,,,"H[1,5,11,14,15,16,25,26,27,36,41,42,45]|V[16,24,27,29]",7e0f4d1a90907f684b7d565e90c4ddb6c1ba7c58
proposed_nsga2_bs_Gyorgy-KOVACS_WH_Wide_AW_5_seed_117,proposed_nsga2_bs,Gyorgy-KOVACS_WH_Wide_AW_5,117,5,auto_from_instance,12,18,4,30,216,,,,,5,2,8,root > V:16 > BH:26 > BH:5 > BH:16 > BH:27 > BH:36 > BH:45 > BV:25,selected,0,inf,True,517,238,279,368.0,1.0,1.0,True,True,1,1,0,True,1,1,0,0,True,True,0,14,6,14,6,2,PF_LS_RP,fixed,,,False,0.3333333333333333,0.3344270432693713,0.6666666666666667,0.1,adaptive,insert_random_aisle,offspring,feasible_start_adaptive_spacing,,,,feasible_start_adaptive_spacing,0.5,,True,auto_from_instance,0.75,0.35,"1,5,11,14,15,16,25,26,27,36,41,42,45,57","16,17,24,25,27,29",,,,,,"H[1,5,11,14,15,16,25,26,27,36,41,42,45,57]|V[16,17,24,25,27,29]",015ee1c8318bbe65f9d75b3878c91b9d7be2a076
proposed_nsga2_bs_Gyorgy-KOVACS_WH_Wide_AW_5_seed_117,proposed_nsga2_bs,Gyorgy-KOVACS_WH_Wide_AW_5,117,5,auto_from_instance,12,18,4,30,216,,,,,6,2,8,root > V:16 > BH:26 > BH:5 > BH:16 > BH:27 > BH:36 > BH:45 > BV:29,selected,1,inf,True,517,225,292,586.0,1.0,1.0,True,True,1,1,0,True,1,1,0,0,True,True,0,14,6,14,6,2,PF_LS_RP,fixed,,,False,0.3333333333333333,0.3344270432693713,0.6666666666666667,0.1,adaptive,insert_random_aisle,offspring,feasible_start_adaptive_spacing,,,,feasible_start_adaptive_spacing,0.5,,True,auto_from_instance,0.75,0.35,"1,5,11,14,15,16,25,26,27,36,41,42,45,57","16,17,24,25,27,29",,,,,,"H[1,5,11,14,15,16,25,26,27,36,41,42,45,57]|V[16,17,24,25,27,29]",ed71c8d546062d956359fd31a02e14699e745412
proposed_nsga2_bs_Gyorgy-KOVACS_WH_Wide_AW_5_seed_117,proposed_nsga2_bs,Gyorgy-KOVACS_WH_Wide_AW_5,117,5,auto_from_instance,12,18,4,30,216,,,,,7,3,8,root > V:15 > BH:26 > BH:5 > BH:16 > BH:25 > BH:36 > BH:45 > BV:24,selected,0,inf,True,497,247,250,385.0,1.0,1.0,True,True,1,1,0,True,1,1,0,0,True,True,0,13,7,13,7,3,PF_LS_RP,fixed,,,False,0.3333333333333333,0.35587709922059185,0.6666666666666667,0.1,adaptive,spacing_aware_flip,offspring,feasible_start_adaptive_spacing,,,,feasible_start_adaptive_spacing,0.5,,True,auto_from_instance,0.75,0.35,"1,5,14,16,17,20,25,26,27,36,41,42,45","5,15,17,20,24,27,29",,,,,,"H[1,5,14,16,17,20,25,26,27,36,41,42,45]|V[5,15,17,20,24,27,29]",416c9c0e4f9e06143d78fee04cbc7a8d1c4800ad
proposed_nsga2_bs_Gyorgy-KOVACS_WH_Wide_AW_5_seed_117,proposed_nsga2_bs,Gyorgy-KOVACS_WH_Wide_AW_5,117,5,auto_from_instance,12,18,4,30,216,,,,,8,3,8,root > V:15 > BH:26 > BH:5 > BH:14 > BH:25 > BH:36 > BH:45 > BV:24,selected,0,inf,True,497,247,250,385.0,1.0,1.0,True,True,1,1,0,True,1,1,0,0,True,True,0,13,7,13,7,3,PF_LS_RP,fixed,,,False,0.3333333333333333,0.35587709922059185,0.6666666666666667,0.1,adaptive,spacing_aware_flip,offspring,feasible_start_adaptive_spacing,,,,feasible_start_adaptive_spacing,0.5,,True,auto_from_instance,0.75,0.35,"1,5,14,16,17,20,25,26,27,36,41,42,45","5,15,17,20,24,27,29",,,,,,"H[1,5,14,16,17,20,25,26,27,36,41,42,45]|V[5,15,17,20,24,27,29]",4f5b467192e7c6ce4bc3fd69bf3ce13c31bd8ba0
proposed_nsga2_bs_Gyorgy-KOVACS_WH_Wide_AW_5_seed_117,proposed_nsga2_bs,Gyorgy-KOVACS_WH_Wide_AW_5,117,5,auto_from_instance,12,18,4,30,216,,,,,9,4,7,root > V:17 > BH:26 > BH:5 > BH:16 > BH:25 > BH:36 > BH:47,selected,1,inf,True,572,220,352,507.0,1.0,1.0,True,True,1,1,0,True,1,1,0,0,True,True,0,12,4,12,4,4,PF_LS_RP,fixed,,,False,0.3333333333333333,0.3694516366693582,0.6666666666666667,0.1,adaptive,remove_random_aisle,offspring,feasible_start_adaptive_spacing,,,,feasible_start_adaptive_spacing,0.5,,True,auto_from_instance,0.75,0.35,"1,5,16,17,25,26,27,36,41,42,45,47","17,24,27,29",,,,,,"H[1,5,16,17,25,26,27,36,41,42,45,47]|V[17,24,27,29]",173dd91401b4b71d9f20edd9e83506be465b9528
proposed_nsga2_bs_Gyorgy-KOVACS_WH_Wide_AW_5_seed_117,proposed_nsga2_bs,Gyorgy-KOVACS_WH_Wide_AW_5,117,5,auto_from_instance,12,18,4,30,216,,,,,10,4,7,root > V:17 > BH:26 > BH:5 > BH:14 > BH:25 > BH:36 > BH:47,selected,1,0.0,True,572,220,352,507.0,1.0,1.0,True,True,1,1,0,True,1,1,0,0,True,True,0,13,4,13,4,4,PF_LS_RP,fixed,,,False,0.3333333333333333,0.3694516366693582,0.6666666666666667,0.1,adaptive,remove_random_aisle,offspring,feasible_start_adaptive_spacing,,,,feasible_start_adaptive_spacing,0.5,,True,auto_from_instance,0.75,0.35,"1,5,16,17,25,26,27,36,41,42,45,47","17,24,27,29",,,,,,"H[1,5,14,16,17,25,26,27,36,41,42,45,47]|V[17,24,27,29]",e59e5dd5e1537a2d164e028d12bd66f538f0cb70
proposed_nsga2_bs_Gyorgy-KOVACS_WH_Wide_AW_5_seed_117,proposed_nsga2_bs,Gyorgy-KOVACS_WH_Wide_AW_5,117,5,auto_from_instance,12,18,4,30,216,,,,,11,4,7,root > V:17 > BH:26 > BH:5 > BH:16 > BH:25 > BH:36 > BH:45,selected,2,inf,True,572,220,352,711.0,1.0,1.0,True,True,1,1,0,True,1,1,0,0,True,True,0,12,4,12,4,4,PF_LS_RP,fixed,,,False,0.3333333333333333,0.3694516366693582,0.6666666666666667,0.1,adaptive,remove_random_aisle,offspring,feasible_start_adaptive_spacing,,,,feasible_start_adaptive_spacing,0.5,,True,auto_from_instance,0.75,0.35,"1,5,16,17,25,26,27,36,41,42,45,47","17,24,27,29",,,,,,"H[1,5,16,17,25,26,27,36,41,42,45,47]|V[17,24,27,29]",854ec9b997ec508dda6ea9e399147d7a4b626ba8
proposed_nsga2_bs_Gyorgy-KOVACS_WH_Wide_AW_5_seed_117,proposed_nsga2_bs,Gyorgy-KOVACS_WH_Wide_AW_5,117,5,auto_from_instance,12,18,4,30,216,,,,,12,4,7,root > V:17 > BH:26 > BH:5 > BH:14 > BH:25 > BH:36 > BH:45,evaluated,2,0.0,False,572,220,352,711.0,1.0,1.0,True,True,1,1,0,True,1,1,0,0,True,True,0,13,4,13,4,4,PF_LS_RP,fixed,,,False,0.3333333333333333,0.3694516366693582,0.6666666666666667,0.1,adaptive,remove_random_aisle,offspring,feasible_start_adaptive_spacing,,,,feasible_start_adaptive_spacing,0.5,,True,auto_from_instance,0.75,0.35,"1,5,16,17,25,26,27,36,41,42,45,47","17,24,27,29",,,,,,"H[1,5,14,16,17,25,26,27,36,41,42,45,47]|V[17,24,27,29]",ef95c5265d039c602cc7246bb99c122e90a60068
proposed_nsga2_bs_Gyorgy-KOVACS_WH_Wide_AW_5_seed_117,proposed_nsga2_bs,Gyorgy-KOVACS_WH_Wide_AW_5,117,5,auto_from_instance,12,18,4,30,216,,,,,13,11,7,root > V:19 > BH:26 > BH:5 > BH:16 > BH:25 > BH:36 > BH:47,evaluated,2,inf,False,612,200,412,584.0,1.0,1.0,True,True,1,1,0,True,1,1,0,0,True,True,0,12,6,12,6,11,PF_LS_RP,fixed,,,False,0.3333333333333333,0.32521378259900885,0.6666666666666667,0.1,adaptive,remove_random_aisle,offspring,feasible_start_adaptive_spacing,,,,feasible_start_adaptive_spacing,0.5,,True,auto_from_instance,0.75,0.35,"1,5,16,17,25,26,27,30,36,39,45,47","2,9,14,19,25,29",,,,,,"H[1,5,16,17,25,26,27,30,36,39,45,47]|V[2,9,14,19,25,29]",739f9ec08bf9c56e734297604911aa2f937b0b31
proposed_nsga2_bs_Gyorgy-KOVACS_WH_Wide_AW_5_seed_117,proposed_nsga2_bs,Gyorgy-KOVACS_WH_Wide_AW_5,117,5,auto_from_instance,12,18,4,30,216,,,,,14,11,7,root > V:19 > BH:26 > BH:5 > BH:14 > BH:25 > BH:36 > BH:47,evaluated,2,inf,False,612,200,412,584.0,1.0,1.0,True,True,1,1,0,True,1,1,0,0,True,True,0,13,6,13,6,11,PF_LS_RP,fixed,,,False,0.3333333333333333,0.32521378259900885,0.6666666666666667,0.1,adaptive,remove_random_aisle,offspring,feasible_start_adaptive_spacing,,,,feasible_start_adaptive_spacing,0.5,,True,auto_from_instance,0.75,0.35,"1,5,16,17,25,26,27,30,36,39,45,47","2,9,14,19,25,29",,,,,,"H[1,5,14,16,17,25,26,27,30,36,39,45,47]|V[2,9,14,19,25,29]",18779af2d0583f313025ada9a3c164bb18de6a6f
proposed_nsga2_bs_Gyorgy-KOVACS_WH_Wide_AW_5_seed_117,proposed_nsga2_bs,Gyorgy-KOVACS_WH_Wide_AW_5,117,5,auto_from_instance,12,18,4,30,216,,,,,15,11,7,root > V:19 > BH:26 > BH:7 > BH:16 > BH:25 > BH:36 > BH:47,evaluated,3,inf,False,612,200,412,714.0,1.0,1.0,True,True,1,1,0,True,1,1,0,0,True,True,0,13,6,13,6,11,PF_LS_RP,fixed,,,False,0.3333333333333333,0.32521378259900885,0.6666666666666667,0.1,adaptive,remove_random_aisle,offspring,feasible_start_adaptive_spacing,,,,feasible_start_adaptive_spacing,0.5,,True,auto_from_instance,0.75,0.35,"1,5,16,17,25,26,27,30,36,39,45,47","2,9,14,19,25,29",,,,,,"H[1,5,7,16,17,25,26,27,30,36,39,45,47]|V[2,9,14,19,25,29]",2ba52e7e126777fbaec8ebaebd6fa4ae9f76a172
proposed_nsga2_bs_Gyorgy-KOVACS_WH_Wide_AW_5_seed_117,proposed_nsga2_bs,Gyorgy-KOVACS_WH_Wide_AW_5,117,5,auto_from_instance,12,18,4,30,216,,,,,16,11,7,root > V:19 > BH:26 > BH:5 > BH:16 > BH:25 > BH:36 > BH:45,evaluated,4,inf,False,612,200,412,754.0,1.0,1.0,True,True,1,1,0,True,1,1,0,0,True,True,0,12,6,12,6,11,PF_LS_RP,fixed,,,False,0.3333333333333333,0.32521378259900885,0.6666666666666667,0.1,adaptive,remove_random_aisle,offspring,feasible_start_adaptive_spacing,,,,feasible_start_adaptive_spacing,0.5,,True,auto_from_instance,0.75,0.35,"1,5,16,17,25,26,27,30,36,39,45,47","2,9,14,19,25,29",,,,,,"H[1,5,16,17,25,26,27,30,36,39,45,47]|V[2,9,14,19,25,29]",16ed0ad93ee066fd151d5116addbd94cd12b2a32
proposed_nsga2_bs_Gyorgy-KOVACS_WH_Wide_AW_5_seed_117,proposed_nsga2_bs,Gyorgy-KOVACS_WH_Wide_AW_5,117,5,auto_from_instance,12,18,4,30,216,,,,,17,12,7,root > V:17 > BH:26 > BH:5 > BH:16 > BH:27 > BH:36 > BH:47,selected,1,inf,True,572,220,352,507.0,1.0,1.0,True,True,1,1,0,True,1,1,0,0,True,True,0,12,8,12,8,12,PF_LS_RP,fixed,,,False,0.3333333333333333,0.3640630930330083,0.6666666666666667,0.1,adaptive,bit_flip,offspring,feasible_start_adaptive_spacing,,,,feasible_start_adaptive_spacing,0.5,,True,auto_from_instance,0.75,0.35,"1,5,16,17,25,26,27,30,36,39,45,47","2,9,14,17,18,25,27,29",,,,,,"H[1,5,16,17,25,26,27,30,36,39,45,47]|V[2,9,14,17,18,25,27,29]",e2fbbe10c6b34c6ad385ed07a85e04980f6c0fd6
proposed_nsga2_bs_Gyorgy-KOVACS_WH_Wide_AW_5_seed_117,proposed_nsga2_bs,Gyorgy-KOVACS_WH_Wide_AW_5,117,5,auto_from_instance,12,18,4,30,216,,,,,18,12,7,root > V:17 > BH:26 > BH:5 > BH:16 > BH:27 > BH:36 > BH:45,evaluated,2,inf,False,572,220,352,711.0,1.0,1.0,True,True,1,1,0,True,1,1,0,0,True,True,0,12,8,12,8,12,PF_LS_RP,fixed,,,False,0.3333333333333333,0.3640630930330083,0.6666666666666667,0.1,adaptive,bit_flip,offspring,feasible_start_adaptive_spacing,,,,feasible_start_adaptive_spacing,0.5,,True,auto_from_instance,0.75,0.35,"1,5,16,17,25,26,27,30,36,39,45,47","2,9,14,17,18,25,27,29",,,,,,"H[1,5,16,17,25,26,27,30,36,39,45,47]|V[2,9,14,17,18,25,27,29]",d4972697f5cec94e08b9be11a75b7e3201e83de4
proposed_nsga2_bs_Gyorgy-KOVACS_WH_Wide_AW_5_seed_117,proposed_nsga2_bs,Gyorgy-KOVACS_WH_Wide_AW_5,117,6,auto_from_instance,12,18,4,30,216,,,,,1,1,8,root > V:15 > BH:26 > BH:5 > BH:16 > BH:25 > BH:36 > BH:45 > BV:24,selected,0,inf,True,497,247,250,385.0,1.0,1.0,True,True,1,1,0,True,1,1,0,0,True,True,0,13,7,13,7,1,PF_LS_RP,fixed,,,False,0.3888888888888889,0.35127717244086537,0.6111111111111112,0.1,adaptive,swap_segments,offspring,feasible_start_adaptive_spacing,,,,feasible_start_adaptive_spacing,0.5,,True,auto_from_instance,0.75,0.35,"4,5,8,14,16,20,25,26,27,36,38,42","5,15,17,20,24,27,29",,,,,,"H[4,5,8,14,16,20,25,26,27,36,38,42,45]|V[5,15,17,20,24,27,29]",416c9c0e4f9e06143d78fee04cbc7a8d1c4800ad
proposed_nsga2_bs_Gyorgy-KOVACS_WH_Wide_AW_5_seed_117,proposed_nsga2_bs,Gyorgy-KOVACS_WH_Wide_AW_5,117,6,auto_from_instance,12,18,4,30,216,,,,,2,1,8,root > V:15 > BH:26 > BH:5 > BH:14 > BH:25 > BH:36 > BH:45 > BV:24,selected,0,inf,True,497,247,250,385.0,1.0,1.0,True,True,1,1,0,True,1,1,0,0,True,True,0,13,7,13,7,1,PF_LS_RP,fixed,,,False,0.3888888888888889,0.35127717244086537,0.6111111111111112,0.1,adaptive,swap_segments,offspring,feasible_start_adaptive_spacing,,,,feasible_start_adaptive_spacing,0.5,,True,auto_from_instance,0.75,0.35,"4,5,8,14,16,20,25,26,27,36,38,42","5,15,17,20,24,27,29",,,,,,"H[4,5,8,14,16,20,25,26,27,36,38,42,45]|V[5,15,17,20,24,27,29]",4f5b467192e7c6ce4bc3fd69bf3ce13c31bd8ba0
proposed_nsga2_bs_Gyorgy-KOVACS_WH_Wide_AW_5_seed_117,proposed_nsga2_bs,Gyorgy-KOVACS_WH_Wide_AW_5,117,6,auto_from_instance,12,18,4,30,216,,,,,3,2,8,root > V:16 > BH:26 > BH:5 > BH:16 > BH:25 > BH:36 > BH:45 > BV:25,selected,0,1.745680106335844,True,517,238,279,368.0,1.0,1.0,True,True,1,1,0,True,1,1,0,0,True,True,0,15,5,15,5,2,PF_LS_RP,fixed,,,False,0.3888888888888889,0.33453848220385723,0.6111111111111112,0.1,adaptive,bit_flip,offspring,feasible_start_adaptive_spacing,,,,feasible_start_adaptive_spacing,0.5,,True,auto_from_instance,0.75,0.35,"1,5,11,14,15,16,17,18,25,26,27,36,41,42,45","16,24,25,27,29",,,,,,"H[1,5,11,14,15,16,17,18,25,26,27,36,41,42,45]|V[16,24,25,27,29]",559a078c3ea143504613077c561cb3124d66b767
proposed_nsga2_bs_Gyorgy-KOVACS_WH_Wide_AW_5_seed_117,proposed_nsga2_bs,Gyorgy-KOVACS_WH_Wide_AW_5,117,6,auto_from_instance,12,18,4,30,216,,,,,4,2,8,root > V:16 > BH:26 > BH:5 > BH:14 > BH:25 > BH:36 > BH:45 > BV:25,selected,0,0.0,True,517,238,279,368.0,1.0,1.0,True,True,1,1,0,True,1,1,0,0,True,True,0,15,5,15,5,2,PF_LS_RP,fixed,,,False,0.3888888888888889,0.33453848220385723,0.6111111111111112,0.1,adaptive,bit_flip,offspring,feasible_start_adaptive_spacing,,,,feasible_start_adaptive_spacing,0.5,,True,auto_from_instance,0.75,0.35,"1,5,11,14,15,16,17,18,25,26,27,36,41,42,45","16,24,25,27,29",,,,,,"H[1,5,11,14,15,16,17,18,25,26,27,36,41,42,45]|V[16,24,25,27,29]",6fcfc694894a367ef71d338faec4ce589ca685b5
proposed_nsga2_bs_Gyorgy-KOVACS_WH_Wide_AW_5_seed_117,proposed_nsga2_bs,Gyorgy-KOVACS_WH_Wide_AW_5,117,6,auto_from_instance,12,18,4,30,216,,,,,5,2,8,root > V:16 > BH:26 > BH:5 > BH:16 > BH:25 > BH:36 > BH:45 > BV:29,selected,1,inf,True,517,225,292,586.0,1.0,1.0,True,True,1,1,0,True,1,1,0,0,True,True,0,15,5,15,5,2,PF_LS_RP,fixed,,,False,0.3888888888888889,0.33453848220385723,0.6111111111111112,0.1,adaptive,bit_flip,offspring,feasible_start_adaptive_spacing,,,,feasible_start_adaptive_spacing,0.5,,True,auto_from_instance,0.75,0.35,"1,5,11,14,15,16,17,18,25,26,27,36,41,42,45","16,24,25,27,29",,,,,,"H[1,5,11,14,15,16,17,18,25,26,27,36,41,42,45]|V[16,24,25,27,29]",13a8831f3352523fe53b9477eb693b985fdfc37c
proposed_nsga2_bs_Gyorgy-KOVACS_WH_Wide_AW_5_seed_117,proposed_nsga2_bs,Gyorgy-KOVACS_WH_Wide_AW_5,117,6,auto_from_instance,12,18,4,30,216,,,,,6,2,8,root > V:16 > BH:26 > BH:5 > BH:14 > BH:25 > BH:36 > BH:45 > BV:29,selected,1,0.0,True,517,225,292,586.0,1.0,1.0,True,True,1,1,0,True,1,1,0,0,True,True,0,15,5,15,5,2,PF_LS_RP,fixed,,,False,0.3888888888888889,0.33453848220385723,0.6111111111111112,0.1,adaptive,bit_flip,offspring,feasible_start_adaptive_spacing,,,,feasible_start_adaptive_spacing,0.5,,True,auto_from_instance,0.75,0.35,"1,5,11,14,15,16,17,18,25,26,27,36,41,42,45","16,24,25,27,29",,,,,,"H[1,5,11,14,15,16,17,18,25,26,27,36,41,42,45]|V[16,24,25,27,29]",7e0f4d1a90907f684b7d565e90c4ddb6c1ba7c58
proposed_nsga2_bs_Gyorgy-KOVACS_WH_Wide_AW_5_seed_117,proposed_nsga2_bs,Gyorgy-KOVACS_WH_Wide_AW_5,117,6,auto_from_instance,12,18,4,30,216,,,,,7,3,7,root > V:17 > BH:26 > BH:5 > BH:16 > BH:27 > BH:36 > BH:47,selected,1,1.7259520320096775,True,572,220,352,507.0,1.0,1.0,True,True,1,1,0,True,1,1,0,0,True,True,0,17,7,17,7,3,PF_LS_RP,fixed,,,False,0.3888888888888889,0.3983552394987846,0.6111111111111112,0.1,adaptive,swap_segments,offspring,feasible_start_adaptive_spacing,,,,feasible_start_adaptive_spacing,0.5,,True,auto_from_instance,0.75,0.35,"1,5,11,14,15,16,36,41,42,45,49,50,51,57","14,17,18,24,25,27,29",,,,,,"H[1,5,11,14,15,16,26,27,36,41,42,45,47,49,50,51,57]|V[14,17,18,24,25,27,29]",e2fbbe10c6b34c6ad385ed07a85e04980f6c0fd6
proposed_nsga2_bs_Gyorgy-KOVACS_WH_Wide_AW_5_seed_117,proposed_nsga2_bs,Gyorgy-KOVACS_WH_Wide_AW_5,117,6,auto_from_instance,12,18,4,30,216,,,,,8,3,7,root > V:17 > BH:26 > BH:5 > BH:16 > BH:25 > BH:36 > BH:47,evaluated,1,0.0,False,572,220,352,507.0,1.0,1.0,True,True,1,1,0,True,1,1,0,0,True,True,0,17,7,17,7,3,PF_LS_RP,fixed,,,False,0.3888888888888889,0.3983552394987846,0.6111111111111112,0.1,adaptive,swap_segments,offspring,feasible_start_adaptive_spacing,,,,feasible_start_adaptive_spacing,0.5,,True,auto_from_instance,0.75,0.35,"1,5,11,14,15,16,36,41,42,45,49,50,51,57","14,17,18,24,25,27,29",,,,,,"H[1,5,11,14,15,16,25,26,36,41,42,45,47,49,50,51,57]|V[14,17,18,24,25,27,29]",173dd91401b4b71d9f20edd9e83506be465b9528
proposed_nsga2_bs_Gyorgy-KOVACS_WH_Wide_AW_5_seed_117,proposed_nsga2_bs,Gyorgy-KOVACS_WH_Wide_AW_5,117,6,auto_from_instance,12,18,4,30,216,,,,,9,3,7,root > V:17 > BH:26 > BH:5 > BH:14 > BH:25 > BH:36 > BH:47,selected,1,1.2740479679903227,True,572,220,352,507.0,1.0,1.0,True,True,1,1,0,True,1,1,0,0,True,True,0,17,7,17,7,3,PF_LS_RP,fixed,,,False,0.3888888888888889,0.3983552394987846,0.6111111111111112,0.1,adaptive,swap_segments,offspring,feasible_start_adaptive_spacing,,,,feasible_start_adaptive_spacing,0.5,,True,auto_from_instance,0.75,0.35,"1,5,11,14,15,16,36,41,42,45,49,50,51,57","14,17,18,24,25,27,29",,,,,,"H[1,5,11,14,15,16,25,26,36,41,42,45,47,49,50,51,57]|V[14,17,18,24,25,27,29]",e59e5dd5e1537a2d164e028d12bd66f538f0cb70
proposed_nsga2_bs_Gyorgy-KOVACS_WH_Wide_AW_5_seed_117,proposed_nsga2_bs,Gyorgy-KOVACS_WH_Wide_AW_5,117,6,auto_from_instance,12,18,4,30,216,,,,,10,3,7,root > V:17 > BH:26 > BH:5 > BH:16 > BH:27 > BH:36 > BH:45,evaluated,2,inf,False,572,220,352,711.0,1.0,1.0,True,True,1,1,0,True,1,1,0,0,True,True,0,16,7,16,7,3,PF_LS_RP,fixed,,,False,0.3888888888888889,0.3983552394987846,0.6111111111111112,0.1,adaptive,swap_segments,offspring,feasible_start_adaptive_spacing,,,,feasible_start_adaptive_spacing,0.5,,True,auto_from_instance,0.75,0.35,"1,5,11,14,15,16,36,41,42,45,49,50,51,57","14,17,18,24,25,27,29",,,,,,"H[1,5,11,14,15,16,26,27,36,41,42,45,49,50,51,57]|V[14,17,18,24,25,27,29]",d4972697f5cec94e08b9be11a75b7e3201e83de4
proposed_nsga2_bs_Gyorgy-KOVACS_WH_Wide_AW_5_seed_117,proposed_nsga2_bs,Gyorgy-KOVACS_WH_Wide_AW_5,117,6,auto_from_instance,12,18,4,30,216,,,,,11,4,8,root > V:16 > BH:26 > BH:5 > BH:16 > BH:27 > BH:36 > BH:45 > BV:25,selected,0,inf,True,517,238,279,368.0,1.0,1.0,True,True,1,1,0,True,1,1,0,0,True,True,0,11,7,11,7,4,PF_LS_RP,fixed,,,False,0.3888888888888889,0.3075054151805121,0.6111111111111112,0.1,adaptive,remove_random_aisle,offspring,feasible_start_adaptive_spacing,,,,feasible_start_adaptive_spacing,0.5,,True,auto_from_instance,0.75,0.35,"1,5,16,17,25,26,27,36,39,45,47","2,9,16,17,25,27,29",,,,,,"H[1,5,16,17,25,26,27,36,39,45,47]|V[2,9,16,17,25,27,29]",015ee1c8318bbe65f9d75b3878c91b9d7be2a076
proposed_nsga2_bs_Gyorgy-KOVACS_WH_Wide_AW_5_seed_117,proposed_nsga2_bs,Gyorgy-KOVACS_WH_Wide_AW_5,117,6,auto_from_instance,12,18,4,30,216,,,,,12,4,8,root > V:16 > BH:26 > BH:5 > BH:16 > BH:27 > BH:36 > BH:45 > BV:29,selected,1,inf,True,517,225,292,586.0,1.0,1.0,True,True,1,1,0,True,1,1,0,0,True,True,0,11,7,11,7,4,PF_LS_RP,fixed,,,False,0.3888888888888889,0.3075054151805121,0.6111111111111112,0.1,adaptive,remove_random_aisle,offspring,feasible_start_adaptive_spacing,,,,feasible_start_adaptive_spacing,0.5,,True,auto_from_instance,0.75,0.35,"1,5,16,17,25,26,27,36,39,45,47","2,9,16,17,25,27,29",,,,,,"H[1,5,16,17,25,26,27,36,39,45,47]|V[2,9,16,17,25,27,29]",ed71c8d546062d956359fd31a02e14699e745412
proposed_nsga2_bs_Gyorgy-KOVACS_WH_Wide_AW_5_seed_117,proposed_nsga2_bs,Gyorgy-KOVACS_WH_Wide_AW_5,117,6,auto_from_instance,12,18,4,30,216,,,,,13,9,7,root > V:17 > BH:26 > BH:5 > BH:16 > BH:25 > BH:36 > BH:45,evaluated,2,0.0,False,572,220,352,711.0,1.0,1.0,True,True,1,1,0,True,1,1,0,0,True,True,0,12,5,12,5,9,PF_LS_RP,fixed,,,False,0.3888888888888889,0.37847413091245335,0.6111111111111112,0.1,adaptive,spacing_aware_flip,offspring,feasible_start_adaptive_spacing,,,,feasible_start_adaptive_spacing,0.5,,True,auto_from_instance,0.75,0.35,"1,5,16,17,25,26,27,36,41,42,45,47","12,17,24,27,29",,,,,,"H[1,5,16,17,25,26,27,36,41,42,45,47]|V[12,17,24,27,29]",854ec9b997ec508dda6ea9e399147d7a4b626ba8
proposed_nsga2_bs_Gyorgy-KOVACS_WH_Wide_AW_5_seed_117,proposed_nsga2_bs,Gyorgy-KOVACS_WH_Wide_AW_5,117,6,auto_from_instance,12,18,4,30,216,,,,,14,9,7,root > V:17 > BH:26 > BH:5 > BH:14 > BH:25 > BH:36 > BH:45,evaluated,2,inf,False,572,220,352,711.0,1.0,1.0,True,True,1,1,0,True,1,1,0,0,True,True,0,13,5,13,5,9,PF_LS_RP,fixed,,,False,0.3888888888888889,0.37847413091245335,0.6111111111111112,0.1,adaptive,spacing_aware_flip,offspring,feasible_start_adaptive_spacing,,,,feasible_start_adaptive_spacing,0.5,,True,auto_from_instance,0.75,0.35,"1,5,16,17,25,26,27,36,41,42,45,47","12,17,24,27,29",,,,,,"H[1,5,14,16,17,25,26,27,36,41,42,45,47]|V[12,17,24,27,29]",ef95c5265d039c602cc7246bb99c122e90a60068
proposed_nsga2_bs_Gyorgy-KOVACS_WH_Wide_AW_5_seed_117,proposed_nsga2_bs,Gyorgy-KOVACS_WH_Wide_AW_5,117,6,auto_from_instance,12,18,4,30,216,,,,,15,11,4,root > V:27 > BH:26 > BV:17 > BV:17,selected,0,inf,True,567,256,311,311.0,1.0,1.0,True,True,1,1,0,True,1,1,0,0,True,True,0,13,5,13,5,11,PF_LS_RP,fixed,,,False,0.3888888888888889,0.24072624213360777,0.6111111111111112,0.1,adaptive,remove_random_aisle,offspring,feasible_start_adaptive_spacing,,,,feasible_start_adaptive_spacing,0.5,,True,auto_from_instance,0.75,0.35,"1,5,11,14,15,16,25,26,27,36,41,42,45","24,25,27,29",,,,,,"H[1,5,11,14,15,16,25,26,27,36,41,42,45]|V[17,24,25,27,29]",a8708aef2b1e3127a45cd25328e7b01fe876ac67
proposed_nsga2_bs_Gyorgy-KOVACS_WH_Wide_AW_5_seed_117,proposed_nsga2_bs,Gyorgy-KOVACS_WH_Wide_AW_5,117,6,auto_from_instance,12,18,4,30,216,,,,,16,11,4,root > V:29 > BH:26 > BV:19 > BV:19,selected,1,inf,True,557,202,355,408.0,1.0,1.0,True,True,1,1,0,True,1,1,0,0,True,True,0,13,5,13,5,11,PF_LS_RP,fixed,,,False,0.3888888888888889,0.24072624213360777,0.6111111111111112,0.1,adaptive,remove_random_aisle,offspring,feasible_start_adaptive_spacing,,,,feasible_start_adaptive_spacing,0.5,,True,auto_from_instance,0.75,0.35,"1,5,11,14,15,16,25,26,27,36,41,42,45","24,25,27,29",,,,,,"H[1,5,11,14,15,16,25,26,27,36,41,42,45]|V[19,24,25,27,29]",225a083d40a70add6d49c842c1ea1b7da9e91627
proposed_nsga2_bs_Gyorgy-KOVACS_WH_Wide_AW_5_seed_117,proposed_nsga2_bs,Gyorgy-KOVACS_WH_Wide_AW_5,117,6,auto_from_instance,12,18,4,30,216,,,,,17,11,4,root > V:29 > BH:26 > BV:19 > BV:17,evaluated,2,inf,False,557,202,355,458.0,1.0,1.0,True,True,1,1,0,True,1,1,0,0,True,True,0,13,6,13,6,11,PF_LS_RP,fixed,,,False,0.3888888888888889,0.24072624213360777,0.6111111111111112,0.1,adaptive,remove_random_aisle,offspring,feasible_start_adaptive_spacing,,,,feasible_start_adaptive_spacing,0.5,,True,auto_from_instance,0.75,0.35,"1,5,11,14,15,16,25,26,27,36,41,42,45","24,25,27,29",,,,,,"H[1,5,11,14,15,16,25,26,27,36,41,42,45]|V[17,19,24,25,27,29]",f590e28c4ca08f01adba87c9244bc357b1edb9bd
proposed_nsga2_bs_Gyorgy-KOVACS_WH_Wide_AW_5_seed_117,proposed_nsga2_bs,Gyorgy-KOVACS_WH_Wide_AW_5,117,6,auto_from_instance,12,18,4,30,216,,,,,18,11,4,root > V:29 > BH:26 > BV:17 > BV:19,evaluated,3,inf,False,557,202,355,460.0,1.0,1.0,True,True,1,1,0,True,1,1,0,0,True,True,0,13,6,13,6,11,PF_LS_RP,fixed,,,False,0.3888888888888889,0.24072624213360777,0.6111111111111112,0.1,adaptive,remove_random_aisle,offspring,feasible_start_adaptive_spacing,,,,feasible_start_adaptive_spacing,0.5,,True,auto_from_instance,0.75,0.35,"1,5,11,14,15,16,25,26,27,36,41,42,45","24,25,27,29",,,,,,"H[1,5,11,14,15,16,25,26,27,36,41,42,45]|V[17,19,24,25,27,29]",0ccd7482bc13afbeac630bd0faf7012fe4b70f5c
proposed_nsga2_bs_Gyorgy-KOVACS_WH_Wide_AW_5_seed_117,proposed_nsga2_bs,Gyorgy-KOVACS_WH_Wide_AW_5,117,7,auto_from_instance,12,18,4,30,216,,,,,1,1,7,root > V:17 > BH:26 > BH:5 > BH:16 > BH:25 > BH:36 > BH:47,selected,1,inf,True,572,220,352,507.0,1.0,1.0,True,True,1,1,0,True,1,1,0,0,True,True,0,13,6,13,6,1,PF_LS_RP,fixed,,,False,0.4444444444444444,0.39401734967651947,0.5555555555555556,0.1,adaptive,break_symmetry,offspring,feasible_start_adaptive_spacing,,,,feasible_start_adaptive_spacing,0.5,,True,auto_from_instance,0.75,0.35,"4,5,8,14,15,25,26,27,36,42,45","5,17,20,24,27,29",,,,,,"H[4,5,8,14,15,16,25,26,27,36,42,45,47]|V[5,17,20,24,27,29]",173dd91401b4b71d9f20edd9e83506be465b9528
proposed_nsga2_bs_Gyorgy-KOVACS_WH_Wide_AW_5_seed_117,proposed_nsga2_bs,Gyorgy-KOVACS_WH_Wide_AW_5,117,7,auto_from_instance,12,18,4,30,216,,,,,2,1,7,root > V:17 > BH:26 > BH:5 > BH:14 > BH:25 > BH:36 > BH:47,selected,1,0.0,True,572,220,352,507.0,1.0,1.0,True,True,1,1,0,True,1,1,0,0,True,True,0,12,6,12,6,1,PF_LS_RP,fixed,,,False,0.4444444444444444,0.39401734967651947,0.5555555555555556,0.1,adaptive,break_symmetry,offspring,feasible_start_adaptive_spacing,,,,feasible_start_adaptive_spacing,0.5,,True,auto_from_instance,0.75,0.35,"4,5,8,14,15,25,26,27,36,42,45","5,17,20,24,27,29",,,,,,"H[4,5,8,14,15,25,26,27,36,42,45,47]|V[5,17,20,24,27,29]",e59e5dd5e1537a2d164e028d12bd66f538f0cb70
proposed_nsga2_bs_Gyorgy-KOVACS_WH_Wide_AW_5_seed_117,proposed_nsga2_bs,Gyorgy-KOVACS_WH_Wide_AW_5,117,7,auto_from_instance,12,18,4,30,216,,,,,3,1,7,root > V:17 > BH:26 > BH:5 > BH:16 > BH:25 > BH:36 > BH:45,selected,2,inf,True,572,220,352,711.0,1.0,1.0,True,True,1,1,0,True,1,1,0,0,True,True,0,12,6,12,6,1,PF_LS_RP,fixed,,,False,0.4444444444444444,0.39401734967651947,0.5555555555555556,0.1,adaptive,break_symmetry,offspring,feasible_start_adaptive_spacing,,,,feasible_start_adaptive_spacing,0.5,,True,auto_from_instance,0.75,0.35,"4,5,8,14,15,25,26,27,36,42,45","5,17,20,24,27,29",,,,,,"H[4,5,8,14,15,16,25,26,27,36,42,45]|V[5,17,20,24,27,29]",854ec9b997ec508dda6ea9e399147d7a4b626ba8
proposed_nsga2_bs_Gyorgy-KOVACS_WH_Wide_AW_5_seed_117,proposed_nsga2_bs,Gyorgy-KOVACS_WH_Wide_AW_5,117,7,auto_from_instance,12,18,4,30,216,,,,,4,1,7,root > V:17 > BH:26 > BH:5 > BH:14 > BH:25 > BH:36 > BH:45,evaluated,2,0.0,False,572,220,352,711.0,1.0,1.0,True,True,1,1,0,True,1,1,0,0,True,True,0,11,6,11,6,1,PF_LS_RP,fixed,,,False,0.4444444444444444,0.39401734967651947,0.5555555555555556,0.1,adaptive,break_symmetry,offspring,feasible_start_adaptive_spacing,,,,feasible_start_adaptive_spacing,0.5,,True,auto_from_instance,0.75,0.35,"4,5,8,14,15,25,26,27,36,42,45","5,17,20,24,27,29",,,,,,"H[4,5,8,14,15,25,26,27,36,42,45]|V[5,17,20,24,27,29]",ef95c5265d039c602cc7246bb99c122e90a60068
proposed_nsga2_bs_Gyorgy-KOVACS_WH_Wide_AW_5_seed_117,proposed_nsga2_bs,Gyorgy-KOVACS_WH_Wide_AW_5,117,7,auto_from_instance,12,18,4,30,216,,,,,5,2,8,root > V:15 > BH:26 > BH:5 > BH:16 > BH:25 > BH:36 > BH:45 > BV:24,selected,0,inf,True,497,247,250,385.0,1.0,1.0,True,True,1,1,0,True,1,1,0,0,True,True,0,16,6,16,6,2,PF_LS_RP,fixed,,,False,0.4444444444444444,0.5070370563743621,0.5555555555555556,0.1,adaptive,break_symmetry,offspring,feasible_start_adaptive_spacing,,,,feasible_start_adaptive_spacing,0.5,,True,auto_from_instance,0.75,0.35,"1,5,11,14,15,16,20,25,26,27,35,38,41,42,45","15,19,24,25,27,29",,,,,,"H[1,5,11,14,15,16,20,25,26,27,35,36,38,41,42,45]|V[15,19,24,25,27,29]",416c9c0e4f9e06143d78fee04cbc7a8d1c4800ad
proposed_nsga2_bs_Gyorgy-KOVACS_WH_Wide_AW_5_seed_117,proposed_nsga2_bs,Gyorgy-KOVACS_WH_Wide_AW_5,117,7,auto_from_instance,12,18,4,30,216,,,,,6,2,8,root > V:15 > BH:26 > BH:5 > BH:14 > BH:25 > BH:36 > BH:45 > BV:24,selected,0,inf,True,497,247,250,385.0,1.0,1.0,True,True,1,1,0,True,1,1,0,0,True,True,0,16,6,16,6,2,PF_LS_RP,fixed,,,False,0.4444444444444444,0.5070370563743621,0.5555555555555556,0.1,adaptive,break_symmetry,offspring,feasible_start_adaptive_spacing,,,,feasible_start_adaptive_spacing,0.5,,True,auto_from_instance,0.75,0.35,"1,5,11,14,15,16,20,25,26,27,35,38,41,42,45","15,19,24,25,27,29",,,,,,"H[1,5,11,14,15,16,20,25,26,27,35,36,38,41,42,45]|V[15,19,24,25,27,29]",4f5b467192e7c6ce4bc3fd69bf3ce13c31bd8ba0
proposed_nsga2_bs_Gyorgy-KOVACS_WH_Wide_AW_5_seed_117,proposed_nsga2_bs,Gyorgy-KOVACS_WH_Wide_AW_5,117,7,auto_from_instance,12,18,4,30,216,,,,,7,4,8,root > V:20 > BH:26 > BH:5 > BH:16 > BH:25 > BH:36 > BH:45 > BV:29,evaluated,2,1.4506561679790027,False,597,195,402,637.0,1.0,1.0,True,True,1,1,0,True,1,1,0,0,True,True,0,13,5,13,5,4,PF_LS_RP,fixed,,,False,0.4444444444444444,0.425268940269619,0.5555555555555556,0.1,adaptive,spacing_aware_flip,offspring,feasible_start_adaptive_spacing,,,,feasible_start_adaptive_spacing,0.5,,True,auto_from_instance,0.75,0.35,"1,5,8,14,16,20,25,26,27,36,41,42,45","14,20,24,27,29",,,,,,"H[1,5,8,14,16,20,25,26,27,36,41,42,45]|V[14,20,24,27,29]",981dc6fd2903ad3086847d3b1f7d62614b0319bd
proposed_nsga2_bs_Gyorgy-KOVACS_WH_Wide_AW_5_seed_117,proposed_nsga2_bs,Gyorgy-KOVACS_WH_Wide_AW_5,117,7,auto_from_instance,12,18,4,30,216,,,,,8,4,8,root > V:20 > BH:26 > BH:5 > BH:14 > BH:25 > BH:36 > BH:45 > BV:29,evaluated,2,inf,False,597,195,402,637.0,1.0,1.0,True,True,1,1,0,True,1,1,0,0,True,True,0,13,5,13,5,4,PF_LS_RP,fixed,,,False,0.4444444444444444,0.425268940269619,0.5555555555555556,0.1,adaptive,spacing_aware_flip,offspring,feasible_start_adaptive_spacing,,,,feasible_start_adaptive_spacing,0.5,,True,auto_from_instance,0.75,0.35,"1,5,8,14,16,20,25,26,27,36,41,42,45","14,20,24,27,29",,,,,,"H[1,5,8,14,16,20,25,26,27,36,41,42,45]|V[14,20,24,27,29]",2082bb77553284a306396971a446c9d5d665af6f
proposed_nsga2_bs_Gyorgy-KOVACS_WH_Wide_AW_5_seed_117,proposed_nsga2_bs,Gyorgy-KOVACS_WH_Wide_AW_5,117,7,auto_from_instance,12,18,4,30,216,,,,,9,6,8,root > V:16 > BH:26 > BH:5 > BH:16 > BH:25 > BH:36 > BH:45 > BV:25,selected,0,inf,True,517,238,279,368.0,1.0,1.0,True,True,1,1,0,True,1,1,0,0,True,True,0,15,5,15,5,6,PF_LS_RP,fixed,,,False,0.4444444444444444,0.3338368574112954,0.5555555555555556,0.1,adaptive,remove_random_aisle,offspring,feasible_start_adaptive_spacing,,,,feasible_start_adaptive_spacing,0.5,,True,auto_from_instance,0.75,0.35,"4,5,11,14,15,16,17,18,25,26,27,36,38,42,45","5,16,27,29",,,,,,"H[4,5,11,14,15,16,17,18,25,26,27,36,38,42,45]|V[5,16,25,27,29]",559a078c3ea143504613077c561cb3124d66b767
proposed_nsga2_bs_Gyorgy-KOVACS_WH_Wide_AW_5_seed_117,proposed_nsga2_bs,Gyorgy-KOVACS_WH_Wide_AW_5,117,7,auto_from_instance,12,18,4,30,216,,,,,10,6,8,root > V:16 > BH:26 > BH:5 > BH:14 > BH:25 > BH:36 > BH:45 > BV:25,selected,0,0.0,True,517,238,279,368.0,1.0,1.0,True,True,1,1,0,True,1,1,0,0,True,True,0,15,5,15,5,6,PF_LS_RP,fixed,,,False,0.4444444444444444,0.3338368574112954,0.5555555555555556,0.1,adaptive,remove_random_aisle,offspring,feasible_start_adaptive_spacing,,,,feasible_start_adaptive_spacing,0.5,,True,auto_from_instance,0.75,0.35,"4,5,11,14,15,16,17,18,25,26,27,36,38,42,45","5,16,27,29",,,,,,"H[4,5,11,14,15,16,17,18,25,26,27,36,38,42,45]|V[5,16,25,27,29]",6fcfc694894a367ef71d338faec4ce589ca685b5
proposed_nsga2_bs_Gyorgy-KOVACS_WH_Wide_AW_5_seed_117,proposed_nsga2_bs,Gyorgy-KOVACS_WH_Wide_AW_5,117,7,auto_from_instance,12,18,4,30,216,,,,,11,6,8,root > V:16 > BH:26 > BH:5 > BH:16 > BH:25 > BH:36 > BH:45 > BV:29,selected,1,inf,True,517,225,292,586.0,1.0,1.0,True,True,1,1,0,True,1,1,0,0,True,True,0,15,4,15,4,6,PF_LS_RP,fixed,,,False,0.4444444444444444,0.3338368574112954,0.5555555555555556,0.1,adaptive,remove_random_aisle,offspring,feasible_start_adaptive_spacing,,,,feasible_start_adaptive_spacing,0.5,,True,auto_from_instance,0.75,0.35,"4,5,11,14,15,16,17,18,25,26,27,36,38,42,45","5,16,27,29",,,,,,"H[4,5,11,14,15,16,17,18,25,26,27,36,38,42,45]|V[5,16,27,29]",13a8831f3352523fe53b9477eb693b985fdfc37c
proposed_nsga2_bs_Gyorgy-KOVACS_WH_Wide_AW_5_seed_117,proposed_nsga2_bs,Gyorgy-KOVACS_WH_Wide_AW_5,117,7,auto_from_instance,12,18,4,30,216,,,,,12,6,8,root > V:16 > BH:26 > BH:5 > BH:14 > BH:25 > BH:36 > BH:45 > BV:29,selected,1,0.0,True,517,225,292,586.0,1.0,1.0,True,True,1,1,0,True,1,1,0,0,True,True,0,15,4,15,4,6,PF_LS_RP,fixed,,,False,0.4444444444444444,0.3338368574112954,0.5555555555555556,0.1,adaptive,remove_random_aisle,offspring,feasible_start_adaptive_spacing,,,,feasible_start_adaptive_spacing,0.5,,True,auto_from_instance,0.75,0.35,"4,5,11,14,15,16,17,18,25,26,27,36,38,42,45","5,16,27,29",,,,,,"H[4,5,11,14,15,16,17,18,25,26,27,36,38,42,45]|V[5,16,27,29]",7e0f4d1a90907f684b7d565e90c4ddb6c1ba7c58
proposed_nsga2_bs_Gyorgy-KOVACS_WH_Wide_AW_5_seed_117,proposed_nsga2_bs,Gyorgy-KOVACS_WH_Wide_AW_5,117,7,auto_from_instance,12,18,4,30,216,,,,,13,8,8,root > V:16 > BH:26 > BH:5 > BH:16 > BH:27 > BH:36 > BH:45 > BV:25,selected,0,inf,True,517,238,279,368.0,1.0,1.0,True,True,1,1,0,True,1,1,0,0,True,True,0,12,7,12,7,8,PF_LS_RP,fixed,,,False,0.4444444444444444,0.3947529512775811,0.5555555555555556,0.1,adaptive,swap_segments,offspring,feasible_start_adaptive_spacing,,,,feasible_start_adaptive_spacing,0.5,,True,auto_from_instance,0.75,0.35,"1,16,17,19,25,26,27,36,41,42,45","2,9,16,17,25,27,29",,,,,,"H[1,5,16,17,19,25,26,27,36,41,42,45]|V[2,9,16,17,25,27,29]",015ee1c8318bbe65f9d75b3878c91b9d7be2a076
proposed_nsga2_bs_Gyorgy-KOVACS_WH_Wide_AW_5_seed_117,proposed_nsga2_bs,Gyorgy-KOVACS_WH_Wide_AW_5,117,7,auto_from_instance,12,18,4,30,216,,,,,14,8,8,root > V:16 > BH:26 > BH:5 > BH:16 > BH:27 > BH:36 > BH:45 > BV:29,selected,1,inf,True,517,225,292,586.0,1.0,1.0,True,True,1,1,0,True,1,1,0,0,True,True,0,12,7,12,7,8,PF_LS_RP,fixed,,,False,0.4444444444444444,0.3947529512775811,0.5555555555555556,0.1,adaptive,swap_segments,offspring,feasible_start_adaptive_spacing,,,,feasible_start_adaptive_spacing,0.5,,True,auto_from_instance,0.75,0.35,"1,16,17,19,25,26,27,36,41,42,45","2,9,16,17,25,27,29",,,,,,"H[1,5,16,17,19,25,26,27,36,41,42,45]|V[2,9,16,17,25,27,29]",ed71c8d546062d956359fd31a02e14699e745412
proposed_nsga2_bs_Gyorgy-KOVACS_WH_Wide_AW_5_seed_117,proposed_nsga2_bs,Gyorgy-KOVACS_WH_Wide_AW_5,117,7,auto_from_instance,12,18,4,30,216,,,,,15,10,7,root > V:17 > BH:26 > BH:5 > BH:16 > BH:27 > BH:36 > BH:47,selected,1,inf,True,572,220,352,507.0,1.0,1.0,True,True,1,1,0,True,1,1,0,0,True,True,0,15,6,15,6,10,PF_LS_RP,fixed,,,False,0.4444444444444444,0.4277227268316697,0.5555555555555556,0.1,adaptive,insert_random_aisle,offspring,feasible_start_adaptive_spacing,,,,feasible_start_adaptive_spacing,0.5,,True,auto_from_instance,0.75,0.35,"1,5,11,14,15,16,25,26,27,36,41,42,45,55","17,18,24,25,27,29",,,,,,"H[1,5,11,14,15,16,25,26,27,36,41,42,45,47,55]|V[17,18,24,25,27,29]",e2fbbe10c6b34c6ad385ed07a85e04980f6c0fd6
proposed_nsga2_bs_Gyorgy-KOVACS_WH_Wide_AW_5_seed_117,proposed_nsga2_bs,Gyorgy-KOVACS_WH_Wide_AW_5,117,7,auto_from_instance,12,18,4,30,216,,,,,16,10,7,root > V:17 > BH:26 > BH:5 > BH:16 > BH:27 > BH:36 > BH:45,evaluated,2,inf,False,572,220,352,711.0,1.0,1.0,True,True,1,1,0,True,1,1,0,0,True,True,0,14,6,14,6,10,PF_LS_RP,fixed,,,False,0.4444444444444444,0.4277227268316697,0.5555555555555556,0.1,adaptive,insert_random_aisle,offspring,feasible_start_adaptive_spacing,,,,feasible_start_adaptive_spacing,0.5,,True,auto_from_instance,0.75,0.35,"1,5,11,14,15,16,25,26,27,36,41,42,45,55","17,18,24,25,27,29",,,,,,"H[1,5,11,14,15,16,25,26,27,36,41,42,45,55]|V[17,18,24,25,27,29]",d4972697f5cec94e08b9be11a75b7e3201e83de4
proposed_nsga2_bs_Gyorgy-KOVACS_WH_Wide_AW_5_seed_117,proposed_nsga2_bs,Gyorgy-KOVACS_WH_Wide_AW_5,117,7,auto_from_instance,12,18,4,30,216,,,,,17,12,7,root > V:19 > BH:26 > BH:5 > BH:16 > BH:25 > BH:36 > BH:47,evaluated,2,inf,False,612,200,412,584.0,1.0,1.0,True,True,1,1,0,True,1,1,0,0,True,True,0,14,6,14,6,12,PF_LS_RP,fixed,,,False,0.4444444444444444,0.4608463520427265,0.5555555555555556,0.1,adaptive,bit_flip,offspring,feasible_start_adaptive_spacing,,,,feasible_start_adaptive_spacing,0.5,,True,auto_from_instance,0.75,0.35,"1,5,11,14,15,16,25,26,27,36,41,42,45","19,22,24,25,27,29",,,,,,"H[1,5,11,14,15,16,25,26,27,36,41,42,45,47]|V[19,22,24,25,27,29]",739f9ec08bf9c56e734297604911aa2f937b0b31
proposed_nsga2_bs_Gyorgy-KOVACS_WH_Wide_AW_5_seed_117,proposed_nsga2_bs,Gyorgy-KOVACS_WH_Wide_AW_5,117,7,auto_from_instance,12,18,4,30,216,,,,,18,12,7,root > V:19 > BH:26 > BH:5 > BH:14 > BH:25 > BH:36 > BH:47,evaluated,2,inf,False,612,200,412,584.0,1.0,1.0,True,True,1,1,0,True,1,1,0,0,True,True,0,14,6,14,6,12,PF_LS_RP,fixed,,,False,0.4444444444444444,0.4608463520427265,0.5555555555555556,0.1,adaptive,bit_flip,offspring,feasible_start_adaptive_spacing,,,,feasible_start_adaptive_spacing,0.5,,True,auto_from_instance,0.75,0.35,"1,5,11,14,15,16,25,26,27,36,41,42,45","19,22,24,25,27,29",,,,,,"H[1,5,11,14,15,16,25,26,27,36,41,42,45,47]|V[19,22,24,25,27,29]",18779af2d0583f313025ada9a3c164bb18de6a6f
proposed_nsga2_bs_Gyorgy-KOVACS_WH_Wide_AW_5_seed_117,proposed_nsga2_bs,Gyorgy-KOVACS_WH_Wide_AW_5,117,7,auto_from_instance,12,18,4,30,216,,,,,19,12,7,root > V:19 > BH:26 > BH:5 > BH:16 > BH:25 > BH:36 > BH:45,evaluated,3,inf,False,612,200,412,754.0,1.0,1.0,True,True,1,1,0,True,1,1,0,0,True,True,0,13,6,13,6,12,PF_LS_RP,fixed,,,False,0.4444444444444444,0.4608463520427265,0.5555555555555556,0.1,adaptive,bit_flip,offspring,feasible_start_adaptive_spacing,,,,feasible_start_adaptive_spacing,0.5,,True,auto_from_instance,0.75,0.35,"1,5,11,14,15,16,25,26,27,36,41,42,45","19,22,24,25,27,29",,,,,,"H[1,5,11,14,15,16,25,26,27,36,41,42,45]|V[19,22,24,25,27,29]",16ed0ad93ee066fd151d5116addbd94cd12b2a32
proposed_nsga2_bs_Gyorgy-KOVACS_WH_Wide_AW_5_seed_117,proposed_nsga2_bs,Gyorgy-KOVACS_WH_Wide_AW_5,117,7,auto_from_instance,12,18,4,30,216,,,,,20,12,7,root > V:19 > BH:26 > BH:5 > BH:14 > BH:25 > BH:36 > BH:45,evaluated,3,inf,False,612,200,412,754.0,1.0,1.0,True,True,1,1,0,True,1,1,0,0,True,True,0,13,6,13,6,12,PF_LS_RP,fixed,,,False,0.4444444444444444,0.4608463520427265,0.5555555555555556,0.1,adaptive,bit_flip,offspring,feasible_start_adaptive_spacing,,,,feasible_start_adaptive_spacing,0.5,,True,auto_from_instance,0.75,0.35,"1,5,11,14,15,16,25,26,27,36,41,42,45","19,22,24,25,27,29",,,,,,"H[1,5,11,14,15,16,25,26,27,36,41,42,45]|V[19,22,24,25,27,29]",e3a802ef145afaa17bc3eca719e3ef8051b94b10
proposed_nsga2_bs_Gyorgy-KOVACS_WH_Wide_AW_5_seed_117,proposed_nsga2_bs,Gyorgy-KOVACS_WH_Wide_AW_5,117,8,auto_from_instance,12,18,4,30,216,,,,,1,1,8,root > V:15 > BH:26 > BH:5 > BH:16 > BH:25 > BH:36 > BH:45 > BV:24,selected,0,inf,True,497,247,250,385.0,1.0,1.0,True,True,1,1,0,True,1,1,0,0,True,True,0,12,5,12,5,1,PF_LS_RP,fixed,,,False,0.5,0.5303629719295337,0.5,0.1,adaptive,break_symmetry,offspring,feasible_start_adaptive_spacing,,,,feasible_start_adaptive_spacing,0.5,,True,auto_from_instance,0.75,0.35,"1,5,16,17,20,25,26,27,36,41,42,45","15,25,27,29",,,,,,"H[1,5,16,17,20,25,26,27,36,41,42,45]|V[15,24,25,27,29]",416c9c0e4f9e06143d78fee04cbc7a8d1c4800ad
proposed_nsga2_bs_Gyorgy-KOVACS_WH_Wide_AW_5_seed_117,proposed_nsga2_bs,Gyorgy-KOVACS_WH_Wide_AW_5,117,8,auto_from_instance,12,18,4,30,216,,,,,2,1,8,root > V:15 > BH:26 > BH:5 > BH:14 > BH:25 > BH:36 > BH:45 > BV:24,selected,0,inf,True,497,247,250,385.0,1.0,1.0,True,True,1,1,0,True,1,1,0,0,True,True,0,13,5,13,5,1,PF_LS_RP,fixed,,,False,0.5,0.5303629719295337,0.5,0.1,adaptive,break_symmetry,offspring,feasible_start_adaptive_spacing,,,,feasible_start_adaptive_spacing,0.5,,True,auto_from_instance,0.75,0.35,"1,5,16,17,20,25,26,27,36,41,42,45","15,25,27,29",,,,,,"H[1,5,14,16,17,20,25,26,27,36,41,42,45]|V[15,24,25,27,29]",4f5b467192e7c6ce4bc3fd69bf3ce13c31bd8ba0
proposed_nsga2_bs_Gyorgy-KOVACS_WH_Wide_AW_5_seed_117,proposed_nsga2_bs,Gyorgy-KOVACS_WH_Wide_AW_5,117,8,auto_from_instance,12,18,4,30,216,,,,,3,2,8,root > V:16 > BH:26 > BH:5 > BH:16 > BH:27 > BH:36 > BH:45 > BV:25,selected,0,inf,True,517,238,279,368.0,1.0,1.0,True,True,1,1,0,True,1,1,0,0,True,True,0,17,9,17,9,2,PF_LS_RP,fixed,,,False,0.5,0.47327393939466555,0.5,0.1,adaptive,spacing_aware_flip,offspring,feasible_start_adaptive_spacing,,,,feasible_start_adaptive_spacing,0.5,,True,auto_from_instance,0.75,0.35,"1,5,11,14,15,16,20,25,26,27,35,36,38,41,42,45,53","2,9,16,17,19,24,25,27,29",,,,,,"H[1,5,11,14,15,16,20,25,26,27,35,36,38,41,42,45,53]|V[2,9,16,17,19,24,25,27,29]",015ee1c8318bbe65f9d75b3878c91b9d7be2a076
proposed_nsga2_bs_Gyorgy-KOVACS_WH_Wide_AW_5_seed_117,proposed_nsga2_bs,Gyorgy-KOVACS_WH_Wide_AW_5,117,8,auto_from_instance,12,18,4,30,216,,,,,4,2,8,root > V:16 > BH:26 > BH:5 > BH:16 > BH:27 > BH:36 > BH:45 > BV:29,selected,1,inf,True,517,225,292,586.0,1.0,1.0,True,True,1,1,0,True,1,1,0,0,True,True,0,17,9,17,9,2,PF_LS_RP,fixed,,,False,0.5,0.47327393939466555,0.5,0.1,adaptive,spacing_aware_flip,offspring,feasible_start_adaptive_spacing,,,,feasible_start_adaptive_spacing,0.5,,True,auto_from_instance,0.75,0.35,"1,5,11,14,15,16,20,25,26,27,35,36,38,41,42,45,53","2,9,16,17,19,24,25,27,29",,,,,,"H[1,5,11,14,15,16,20,25,26,27,35,36,38,41,42,45,53]|V[2,9,16,17,19,24,25,27,29]",ed71c8d546062d956359fd31a02e14699e745412
proposed_nsga2_bs_Gyorgy-KOVACS_WH_Wide_AW_5_seed_117,proposed_nsga2_bs,Gyorgy-KOVACS_WH_Wide_AW_5,117,8,auto_from_instance,12,18,4,30,216,,,,,5,6,8,root > V:16 > BH:26 > BH:5 > BH:16 > BH:25 > BH:36 > BH:45 > BV:25,selected,0,0.0,True,517,238,279,368.0,1.0,1.0,True,True,1,1,0,True,1,1,0,0,True,True,0,14,6,14,6,6,PF_LS_RP,fixed,,,False,0.5,0.4494743891578648,0.5,0.1,adaptive,bit_flip,offspring,feasible_start_adaptive_spacing,,,,feasible_start_adaptive_spacing,0.5,,True,auto_from_instance,0.75,0.35,"4,5,11,14,15,16,17,19,25,26,27,36,42,45","5,8,16,25,27,29",,,,,,"H[4,5,11,14,15,16,17,19,25,26,27,36,42,45]|V[5,8,16,25,27,29]",559a078c3ea143504613077c561cb3124d66b767
proposed_nsga2_bs_Gyorgy-KOVACS_WH_Wide_AW_5_seed_117,proposed_nsga2_bs,Gyorgy-KOVACS_WH_Wide_AW_5,117,8,auto_from_instance,12,18,4,30,216,,,,,6,6,8,root > V:16 > BH:26 > BH:5 > BH:14 > BH:25 > BH:36 > BH:45 > BV:25,selected,0,inf,True,517,238,279,368.0,1.0,1.0,True,True,1,1,0,True,1,1,0,0,True,True,0,14,6,14,6,6,PF_LS_RP,fixed,,,False,0.5,0.4494743891578648,0.5,0.1,adaptive,bit_flip,offspring,feasible_start_adaptive_spacing,,,,feasible_start_adaptive_spacing,0.5,,True,auto_from_instance,0.75,0.35,"4,5,11,14,15,16,17,19,25,26,27,36,42,45","5,8,16,25,27,29",,,,,,"H[4,5,11,14,15,16,17,19,25,26,27,36,42,45]|V[5,8,16,25,27,29]",6fcfc694894a367ef71d338faec4ce589ca685b5
proposed_nsga2_bs_Gyorgy-KOVACS_WH_Wide_AW_5_seed_117,proposed_nsga2_bs,Gyorgy-KOVACS_WH_Wide_AW_5,117,8,auto_from_instance,12,18,4,30,216,,,,,7,6,8,root > V:16 > BH:26 > BH:5 > BH:16 > BH:25 > BH:36 > BH:45 > BV:29,selected,1,0.0,True,517,225,292,586.0,1.0,1.0,True,True,1,1,0,True,1,1,0,0,True,True,0,14,6,14,6,6,PF_LS_RP,fixed,,,False,0.5,0.4494743891578648,0.5,0.1,adaptive,bit_flip,offspring,feasible_start_adaptive_spacing,,,,feasible_start_adaptive_spacing,0.5,,True,auto_from_instance,0.75,0.35,"4,5,11,14,15,16,17,19,25,26,27,36,42,45","5,8,16,25,27,29",,,,,,"H[4,5,11,14,15,16,17,19,25,26,27,36,42,45]|V[5,8,16,25,27,29]",13a8831f3352523fe53b9477eb693b985fdfc37c
proposed_nsga2_bs_Gyorgy-KOVACS_WH_Wide_AW_5_seed_117,proposed_nsga2_bs,Gyorgy-KOVACS_WH_Wide_AW_5,117,8,auto_from_instance,12,18,4,30,216,,,,,8,6,8,root > V:16 > BH:26 > BH:5 > BH:14 > BH:25 > BH:36 > BH:45 > BV:29,selected,1,inf,True,517,225,292,586.0,1.0,1.0,True,True,1,1,0,True,1,1,0,0,True,True,0,14,6,14,6,6,PF_LS_RP,fixed,,,False,0.5,0.4494743891578648,0.5,0.1,adaptive,bit_flip,offspring,feasible_start_adaptive_spacing,,,,feasible_start_adaptive_spacing,0.5,,True,auto_from_instance,0.75,0.35,"4,5,11,14,15,16,17,19,25,26,27,36,42,45","5,8,16,25,27,29",,,,,,"H[4,5,11,14,15,16,17,19,25,26,27,36,42,45]|V[5,8,16,25,27,29]",7e0f4d1a90907f684b7d565e90c4ddb6c1ba7c58
proposed_nsga2_bs_Gyorgy-KOVACS_WH_Wide_AW_5_seed_117,proposed_nsga2_bs,Gyorgy-KOVACS_WH_Wide_AW_5,117,8,auto_from_instance,12,18,4,30,216,,,,,9,11,7,root > V:17 > BH:26 > BH:5 > BH:16 > BH:25 > BH:36 > BH:47,selected,1,inf,True,572,220,352,507.0,1.0,1.0,True,True,1,1,0,True,1,1,0,0,True,True,0,15,6,15,6,11,PF_LS_RP,fixed,,,False,0.5,0.5053322919367365,0.5,0.1,adaptive,bit_flip,offspring,feasible_start_adaptive_spacing,,,,feasible_start_adaptive_spacing,0.5,,True,auto_from_instance,0.75,0.35,"4,5,11,14,15,16,25,26,27,36,37,38,42,45","5,17,20,24,27,29",,,,,,"H[4,5,11,14,15,16,25,26,27,36,37,38,42,45,47]|V[5,17,20,24,27,29]",173dd91401b4b71d9f20edd9e83506be465b9528
proposed_nsga2_bs_Gyorgy-KOVACS_WH_Wide_AW_5_seed_117,proposed_nsga2_bs,Gyorgy-KOVACS_WH_Wide_AW_5,117,8,auto_from_instance,12,18,4,30,216,,,,,10,11,7,root > V:17 > BH:26 > BH:5 > BH:14 > BH:25 > BH:36 > BH:47,selected,1,inf,True,572,220,352,507.0,1.0,1.0,True,True,1,1,0,True,1,1,0,0,True,True,0,15,6,15,6,11,PF_LS_RP,fixed,,,False,0.5,0.5053322919367365,0.5,0.1,adaptive,bit_flip,offspring,feasible_start_adaptive_spacing,,,,feasible_start_adaptive_spacing,0.5,,True,auto_from_instance,0.75,0.35,"4,5,11,14,15,16,25,26,27,36,37,38,42,45","5,17,20,24,27,29",,,,,,"H[4,5,11,14,15,16,25,26,27,36,37,38,42,45,47]|V[5,17,20,24,27,29]",e59e5dd5e1537a2d164e028d12bd66f538f0cb70
proposed_nsga2_bs_Gyorgy-KOVACS_WH_Wide_AW_5_seed_117,proposed_nsga2_bs,Gyorgy-KOVACS_WH_Wide_AW_5,117,8,auto_from_instance,12,18,4,30,216,,,,,11,11,7,root > V:17 > BH:26 > BH:5 > BH:16 > BH:25 > BH:36 > BH:45,selected,2,inf,True,572,220,352,711.0,1.0,1.0,True,True,1,1,0,True,1,1,0,0,True,True,0,14,6,14,6,11,PF_LS_RP,fixed,,,False,0.5,0.5053322919367365,0.5,0.1,adaptive,bit_flip,offspring,feasible_start_adaptive_spacing,,,,feasible_start_adaptive_spacing,0.5,,True,auto_from_instance,0.75,0.35,"4,5,11,14,15,16,25,26,27,36,37,38,42,45","5,17,20,24,27,29",,,,,,"H[4,5,11,14,15,16,25,26,27,36,37,38,42,45]|V[5,17,20,24,27,29]",854ec9b997ec508dda6ea9e399147d7a4b626ba8
proposed_nsga2_bs_Gyorgy-KOVACS_WH_Wide_AW_5_seed_117,proposed_nsga2_bs,Gyorgy-KOVACS_WH_Wide_AW_5,117,8,auto_from_instance,12,18,4,30,216,,,,,12,11,7,root > V:17 > BH:26 > BH:5 > BH:14 > BH:25 > BH:36 > BH:45,selected,2,inf,True,572,220,352,711.0,1.0,1.0,True,True,1,1,0,True,1,1,0,0,True,True,0,14,6,14,6,11,PF_LS_RP,fixed,,,False,0.5,0.5053322919367365,0.5,0.1,adaptive,bit_flip,offspring,feasible_start_adaptive_spacing,,,,feasible_start_adaptive_spacing,0.5,,True,auto_from_instance,0.75,0.35,"4,5,11,14,15,16,25,26,27,36,37,38,42,45","5,17,20,24,27,29",,,,,,"H[4,5,11,14,15,16,25,26,27,36,37,38,42,45]|V[5,17,20,24,27,29]",ef95c5265d039c602cc7246bb99c122e90a60068
proposed_nsga2_bs_Gyorgy-KOVACS_WH_Wide_AW_5_seed_117,proposed_nsga2_bs,Gyorgy-KOVACS_WH_Wide_AW_5,117,9,auto_from_instance,12,18,4,30,216,,,,,1,1,8,root > V:15 > BH:26 > BH:5 > BH:16 > BH:25 > BH:36 > BH:45 > BV:24,selected,0,inf,True,497,247,250,385.0,1.0,1.0,True,True,1,1,0,True,1,1,0,0,True,True,0,15,6,15,6,1,PF_LS_RP,fixed,,,False,0.5555555555555556,0.5924079477780195,0.4444444444444444,0.1,adaptive,insert_random_aisle,offspring,feasible_start_adaptive_spacing,,,,feasible_start_adaptive_spacing,0.5,,True,auto_from_instance,0.75,0.35,"1,4,5,11,14,15,16,17,19,25,26,27,36,42,45","15,20,25,27,29",,,,,,"H[1,4,5,11,14,15,16,17,19,25,26,27,36,42,45]|V[15,20,24,25,27,29]",416c9c0e4f9e06143d78fee04cbc7a8d1c4800ad
proposed_nsga2_bs_Gyorgy-KOVACS_WH_Wide_AW_5_seed_117,proposed_nsga2_bs,Gyorgy-KOVACS_WH_Wide_AW_5,117,9,auto_from_instance,12,18,4,30,216,,,,,2,1,8,root > V:15 > BH:26 > BH:5 > BH:14 > BH:25 > BH:36 > BH:45 > BV:24,selected,0,inf,True,497,247,250,385.0,1.0,1.0,True,True,1,1,0,True,1,1,0,0,True,True,0,15,6,15,6,1,PF_LS_RP,fixed,,,False,0.5555555555555556,0.5924079477780195,0.4444444444444444,0.1,adaptive,insert_random_aisle,offspring,feasible_start_adaptive_spacing,,,,feasible_start_adaptive_spacing,0.5,,True,auto_from_instance,0.75,0.35,"1,4,5,11,14,15,16,17,19,25,26,27,36,42,45","15,20,25,27,29",,,,,,"H[1,4,5,11,14,15,16,17,19,25,26,27,36,42,45]|V[15,20,24,25,27,29]",4f5b467192e7c6ce4bc3fd69bf3ce13c31bd8ba0
proposed_nsga2_bs_Gyorgy-KOVACS_WH_Wide_AW_5_seed_117,proposed_nsga2_bs,Gyorgy-KOVACS_WH_Wide_AW_5,117,9,auto_from_instance,12,18,4,30,216,,,,,3,2,8,root > V:16 > BH:26 > BH:5 > BH:16 > BH:25 > BH:36 > BH:45 > BV:25,selected,0,inf,True,517,238,279,368.0,1.0,1.0,True,True,1,1,0,True,1,1,0,0,True,True,0,12,7,12,7,2,PF_LS_RP,fixed,,,False,0.5555555555555556,0.6740168529321149,0.4444444444444444,0.1,adaptive,remove_random_aisle,offspring,feasible_start_adaptive_spacing,,,,feasible_start_adaptive_spacing,0.5,,True,auto_from_instance,0.75,0.35,"14,16,17,20,25,26,27,36,41,42,45","5,8,16,24,25,27,29",,,,,,"H[5,14,16,17,20,25,26,27,36,41,42,45]|V[5,8,16,24,25,27,29]",559a078c3ea143504613077c561cb3124d66b767
proposed_nsga2_bs_Gyorgy-KOVACS_WH_Wide_AW_5_seed_117,proposed_nsga2_bs,Gyorgy-KOVACS_WH_Wide_AW_5,117,9,auto_from_instance,12,18,4,30,216,,,,,4,2,8,root > V:16 > BH:26 > BH:5 > BH:14 > BH:25 > BH:36 > BH:45 > BV:25,selected,0,0.0,True,517,238,279,368.0,1.0,1.0,True,True,1,1,0,True,1,1,0,0,True,True,0,12,7,12,7,2,PF_LS_RP,fixed,,,False,0.5555555555555556,0.6740168529321149,0.4444444444444444,0.1,adaptive,remove_random_aisle,offspring,feasible_start_adaptive_spacing,,,,feasible_start_adaptive_spacing,0.5,,True,auto_from_instance,0.75,0.35,"14,16,17,20,25,26,27,36,41,42,45","5,8,16,24,25,27,29",,,,,,"H[5,14,16,17,20,25,26,27,36,41,42,45]|V[5,8,16,24,25,27,29]",6fcfc694894a367ef71d338faec4ce589ca685b5
proposed_nsga2_bs_Gyorgy-KOVACS_WH_Wide_AW_5_seed_117,proposed_nsga2_bs,Gyorgy-KOVACS_WH_Wide_AW_5,117,9,auto_from_instance,12,18,4,30,216,,,,,5,2,8,root > V:16 > BH:26 > BH:5 > BH:16 > BH:25 > BH:36 > BH:45 > BV:29,selected,1,inf,True,517,225,292,586.0,1.0,1.0,True,True,1,1,0,True,1,1,0,0,True,True,0,12,7,12,7,2,PF_LS_RP,fixed,,,False,0.5555555555555556,0.6740168529321149,0.4444444444444444,0.1,adaptive,remove_random_aisle,offspring,feasible_start_adaptive_spacing,,,,feasible_start_adaptive_spacing,0.5,,True,auto_from_instance,0.75,0.35,"14,16,17,20,25,26,27,36,41,42,45","5,8,16,24,25,27,29",,,,,,"H[5,14,16,17,20,25,26,27,36,41,42,45]|V[5,8,16,24,25,27,29]",13a8831f3352523fe53b9477eb693b985fdfc37c
proposed_nsga2_bs_Gyorgy-KOVACS_WH_Wide_AW_5_seed_117,proposed_nsga2_bs,Gyorgy-KOVACS_WH_Wide_AW_5,117,9,auto_from_instance,12,18,4,30,216,,,,,6,2,8,root > V:16 > BH:26 > BH:5 > BH:14 > BH:25 > BH:36 > BH:45 > BV:29,selected,1,0.0,True,517,225,292,586.0,1.0,1.0,True,True,1,1,0,True,1,1,0,0,True,True,0,12,7,12,7,2,PF_LS_RP,fixed,,,False,0.5555555555555556,0.6740168529321149,0.4444444444444444,0.1,adaptive,remove_random_aisle,offspring,feasible_start_adaptive_spacing,,,,feasible_start_adaptive_spacing,0.5,,True,auto_from_instance,0.75,0.35,"14,16,17,20,25,26,27,36,41,42,45","5,8,16,24,25,27,29",,,,,,"H[5,14,16,17,20,25,26,27,36,41,42,45]|V[5,8,16,24,25,27,29]",7e0f4d1a90907f684b7d565e90c4ddb6c1ba7c58
proposed_nsga2_bs_Gyorgy-KOVACS_WH_Wide_AW_5_seed_117,proposed_nsga2_bs,Gyorgy-KOVACS_WH_Wide_AW_5,117,9,auto_from_instance,12,18,4,30,216,,,,,7,3,7,root > V:17 > BH:26 > BH:5 > BH:16 > BH:25 > BH:36 > BH:47,selected,1,inf,True,572,220,352,507.0,1.0,1.0,True,True,1,1,0,True,1,1,0,0,True,True,0,16,5,16,5,3,PF_LS_RP,fixed,,,False,0.5555555555555556,0.5772665030191744,0.4444444444444444,0.1,adaptive,spacing_aware_flip,offspring,feasible_start_adaptive_spacing,,,,feasible_start_adaptive_spacing,0.5,,True,auto_from_instance,0.75,0.35,"1,5,11,14,15,16,25,26,27,36,37,38,42,45,47,56","17,20,24,27,29",,,,,,"H[1,5,11,14,15,16,25,26,27,36,37,38,42,45,47,56]|V[17,20,24,27,29]",173dd91401b4b71d9f20edd9e83506be465b9528
proposed_nsga2_bs_Gyorgy-KOVACS_WH_Wide_AW_5_seed_117,proposed_nsga2_bs,Gyorgy-KOVACS_WH_Wide_AW_5,117,9,auto_from_instance,12,18,4,30,216,,,,,8,3,7,root > V:17 > BH:26 > BH:5 > BH:14 > BH:25 > BH:36 > BH:47,selected,1,inf,True,572,220,352,507.0,1.0,1.0,True,True,1,1,0,True,1,1,0,0,True,True,0,16,5,16,5,3,PF_LS_RP,fixed,,,False,0.5555555555555556,0.5772665030191744,0.4444444444444444,0.1,adaptive,spacing_aware_flip,offspring,feasible_start_adaptive_spacing,,,,feasible_start_adaptive_spacing,0.5,,True,auto_from_instance,0.75,0.35,"1,5,11,14,15,16,25,26,27,36,37,38,42,45,47,56","17,20,24,27,29",,,,,,"H[1,5,11,14,15,16,25,26,27,36,37,38,42,45,47,56]|V[17,20,24,27,29]",e59e5dd5e1537a2d164e028d12bd66f538f0cb70
proposed_nsga2_bs_Gyorgy-KOVACS_WH_Wide_AW_5_seed_117,proposed_nsga2_bs,Gyorgy-KOVACS_WH_Wide_AW_5,117,9,auto_from_instance,12,18,4,30,216,,,,,9,3,7,root > V:17 > BH:26 > BH:5 > BH:16 > BH:25 > BH:36 > BH:45,selected,2,inf,True,572,220,352,711.0,1.0,1.0,True,True,1,1,0,True,1,1,0,0,True,True,0,16,5,16,5,3,PF_LS_RP,fixed,,,False,0.5555555555555556,0.5772665030191744,0.4444444444444444,0.1,adaptive,spacing_aware_flip,offspring,feasible_start_adaptive_spacing,,,,feasible_start_adaptive_spacing,0.5,,True,auto_from_instance,0.75,0.35,"1,5,11,14,15,16,25,26,27,36,37,38,42,45,47,56","17,20,24,27,29",,,,,,"H[1,5,11,14,15,16,25,26,27,36,37,38,42,45,47,56]|V[17,20,24,27,29]",854ec9b997ec508dda6ea9e399147d7a4b626ba8
proposed_nsga2_bs_Gyorgy-KOVACS_WH_Wide_AW_5_seed_117,proposed_nsga2_bs,Gyorgy-KOVACS_WH_Wide_AW_5,117,9,auto_from_instance,12,18,4,30,216,,,,,10,3,7,root > V:17 > BH:26 > BH:5 > BH:14 > BH:25 > BH:36 > BH:45,selected,2,inf,True,572,220,352,711.0,1.0,1.0,True,True,1,1,0,True,1,1,0,0,True,True,0,16,5,16,5,3,PF_LS_RP,fixed,,,False,0.5555555555555556,0.5772665030191744,0.4444444444444444,0.1,adaptive,spacing_aware_flip,offspring,feasible_start_adaptive_spacing,,,,feasible_start_adaptive_spacing,0.5,,True,auto_from_instance,0.75,0.35,"1,5,11,14,15,16,25,26,27,36,37,38,42,45,47,56","17,20,24,27,29",,,,,,"H[1,5,11,14,15,16,25,26,27,36,37,38,42,45,47,56]|V[17,20,24,27,29]",ef95c5265d039c602cc7246bb99c122e90a60068
proposed_nsga2_bs_Gyorgy-KOVACS_WH_Wide_AW_5_seed_117,proposed_nsga2_bs,Gyorgy-KOVACS_WH_Wide_AW_5,117,9,auto_from_instance,12,18,4,30,216,,,,,11,5,8,root > V:16 > BH:26 > BH:5 > BH:16 > BH:27 > BH:36 > BH:45 > BV:25,selected,0,inf,True,517,238,279,368.0,1.0,1.0,True,True,1,1,0,True,1,1,0,0,True,True,0,17,10,17,10,5,PF_LS_RP,fixed,,,False,0.5555555555555556,0.56081779607885,0.4444444444444444,0.1,adaptive,bit_flip,offspring,feasible_start_adaptive_spacing,,,,feasible_start_adaptive_spacing,0.5,,True,auto_from_instance,0.75,0.35,"4,5,11,14,15,16,20,25,26,27,35,36,38,41,42,45,53","2,9,14,16,17,19,24,25,27,29",,,,,,"H[4,5,11,14,15,16,20,25,26,27,35,36,38,41,42,45,53]|V[2,9,14,16,17,19,24,25,27,29]",015ee1c8318bbe65f9d75b3878c91b9d7be2a076
proposed_nsga2_bs_Gyorgy-KOVACS_WH_Wide_AW_5_seed_117,proposed_nsga2_bs,Gyorgy-KOVACS_WH_Wide_AW_5,117,9,auto_from_instance,12,18,4,30,216,,,,,12,5,8,root > V:16 > BH:26 > BH:5 > BH:16 > BH:27 > BH:36 > BH:45 > BV:29,selected,1,inf,True,517,225,292,586.0,1.0,1.0,True,True,1,1,0,True,1,1,0,0,True,True,0,17,10,17,10,5,PF_LS_RP,fixed,,,False,0.5555555555555556,0.56081779607885,0.4444444444444444,0.1,adaptive,bit_flip,offspring,feasible_start_adaptive_spacing,,,,feasible_start_adaptive_spacing,0.5,,True,auto_from_instance,0.75,0.35,"4,5,11,14,15,16,20,25,26,27,35,36,38,41,42,45,53","2,9,14,16,17,19,24,25,27,29",,,,,,"H[4,5,11,14,15,16,20,25,26,27,35,36,38,41,42,45,53]|V[2,9,14,16,17,19,24,25,27,29]",ed71c8d546062d956359fd31a02e14699e745412
proposed_nsga2_bs_Gyorgy-KOVACS_WH_Wide_AW_5_seed_117,proposed_nsga2_bs,Gyorgy-KOVACS_WH_Wide_AW_5,117,9,auto_from_instance,12,18,4,30,216,,,,,13,8,5,root > H:5 > BH:16 > BH:25 > BH:48 > BH:38,evaluated,3,inf,False,647,210,437,756.0,1.0,1.0,True,True,1,1,0,True,1,1,0,0,True,True,0,17,4,17,4,8,PF_LS_RP,fixed,,,False,0.5555555555555556,0.5367108125423281,0.4444444444444444,0.1,adaptive,swap_segments,offspring,feasible_start_adaptive_spacing,,,,feasible_start_adaptive_spacing,0.5,,True,auto_from_instance,0.75,0.35,"1,4,5,11,14,15,16,17,19,25,26,27,36,42,45","10,12,14,30",,,,,,"H[1,4,5,11,14,15,16,17,19,25,26,27,36,38,42,45,48]|V[10,12,14,30]",999eacca5cc7a660b0a035b6630977186b2ab9bf
proposed_nsga2_bs_Gyorgy-KOVACS_WH_Wide_AW_5_seed_117,proposed_nsga2_bs,Gyorgy-KOVACS_WH_Wide_AW_5,117,9,auto_from_instance,12,18,4,30,216,,,,,14,8,5,root > H:5 > BH:16 > BH:25 > BH:48 > BH:36,evaluated,3,0.0,False,647,210,437,756.0,1.0,1.0,True,True,1,1,0,True,1,1,0,0,True,True,0,16,4,16,4,8,PF_LS_RP,fixed,,,False,0.5555555555555556,0.5367108125423281,0.4444444444444444,0.1,adaptive,swap_segments,offspring,feasible_start_adaptive_spacing,,,,feasible_start_adaptive_spacing,0.5,,True,auto_from_instance,0.75,0.35,"1,4,5,11,14,15,16,17,19,25,26,27,36,42,45","10,12,14,30",,,,,,"H[1,4,5,11,14,15,16,17,19,25,26,27,36,42,45,48]|V[10,12,14,30]",58d8a9e7fdd3f748ebaf20f412aa3ce4eb5e1852
proposed_nsga2_bs_Gyorgy-KOVACS_WH_Wide_AW_5_seed_117,proposed_nsga2_bs,Gyorgy-KOVACS_WH_Wide_AW_5,117,9,auto_from_instance,12,18,4,30,216,,,,,15,8,5,root > H:5 > BH:14 > BH:25 > BH:48 > BH:38,evaluated,3,0.0,False,647,210,437,756.0,1.0,1.0,True,True,1,1,0,True,1,1,0,0,True,True,0,17,4,17,4,8,PF_LS_RP,fixed,,,False,0.5555555555555556,0.5367108125423281,0.4444444444444444,0.1,adaptive,swap_segments,offspring,feasible_start_adaptive_spacing,,,,feasible_start_adaptive_spacing,0.5,,True,auto_from_instance,0.75,0.35,"1,4,5,11,14,15,16,17,19,25,26,27,36,42,45","10,12,14,30",,,,,,"H[1,4,5,11,14,15,16,17,19,25,26,27,36,38,42,45,48]|V[10,12,14,30]",c014d2b62813e3d993b1943f62916e0131f1543d
proposed_nsga2_bs_Gyorgy-KOVACS_WH_Wide_AW_5_seed_117,proposed_nsga2_bs,Gyorgy-KOVACS_WH_Wide_AW_5,117,9,auto_from_instance,12,18,4,30,216,,,,,16,8,5,root > H:5 > BH:14 > BH:25 > BH:48 > BH:36,evaluated,3,inf,False,647,210,437,756.0,1.0,1.0,True,True,1,1,0,True,1,1,0,0,True,True,0,16,4,16,4,8,PF_LS_RP,fixed,,,False,0.5555555555555556,0.5367108125423281,0.4444444444444444,0.1,adaptive,swap_segments,offspring,feasible_start_adaptive_spacing,,,,feasible_start_adaptive_spacing,0.5,,True,auto_from_instance,0.75,0.35,"1,4,5,11,14,15,16,17,19,25,26,27,36,42,45","10,12,14,30",,,,,,"H[1,4,5,11,14,15,16,17,19,25,26,27,36,42,45,48]|V[10,12,14,30]",4106934909f321a86b6b21d5fe4c2a00e9467f8a
proposed_nsga2_bs_Gyorgy-KOVACS_WH_Wide_AW_5_seed_117,proposed_nsga2_bs,Gyorgy-KOVACS_WH_Wide_AW_5,117,10,auto_from_instance,12,18,4,30,216,,,,,1,1,8,root > V:15 > BH:26 > BH:5 > BH:16 > BH:25 > BH:36 > BH:45 > BV:24,selected,0,inf,True,497,247,250,385.0,1.0,1.0,True,True,1,1,0,True,1,1,0,0,True,True,0,15,7,15,7,1,PF_LS_RP,fixed,,,False,0.6111111111111112,0.6603506300017027,0.38888888888888884,0.1,adaptive,remove_random_aisle,offspring,feasible_start_adaptive_spacing,,,,feasible_start_adaptive_spacing,0.5,,True,auto_from_instance,0.75,0.35,"1,4,5,11,14,15,16,17,19,25,26,27,36,42,45","9,15,20,24,25,27,29",,,,,,"H[1,4,5,11,14,15,16,17,19,25,26,27,36,42,45]|V[9,15,20,24,25,27,29]",416c9c0e4f9e06143d78fee04cbc7a8d1c4800ad
proposed_nsga2_bs_Gyorgy-KOVACS_WH_Wide_AW_5_seed_117,proposed_nsga2_bs,Gyorgy-KOVACS_WH_Wide_AW_5,117,10,auto_from_instance,12,18,4,30,216,,,,,2,1,8,root > V:15 > BH:26 > BH:5 > BH:14 > BH:25 > BH:36 > BH:45 > BV:24,selected,0,inf,True,497,247,250,385.0,1.0,1.0,True,True,1,1,0,True,1,1,0,0,True,True,0,15,7,15,7,1,PF_LS_RP,fixed,,,False,0.6111111111111112,0.6603506300017027,0.38888888888888884,0.1,adaptive,remove_random_aisle,offspring,feasible_start_adaptive_spacing,,,,feasible_start_adaptive_spacing,0.5,,True,auto_from_instance,0.75,0.35,"1,4,5,11,14,15,16,17,19,25,26,27,36,42,45","9,15,20,24,25,27,29",,,,,,"H[1,4,5,11,14,15,16,17,19,25,26,27,36,42,45]|V[9,15,20,24,25,27,29]",4f5b467192e7c6ce4bc3fd69bf3ce13c31bd8ba0
proposed_nsga2_bs_Gyorgy-KOVACS_WH_Wide_AW_5_seed_117,proposed_nsga2_bs,Gyorgy-KOVACS_WH_Wide_AW_5,117,10,auto_from_instance,12,18,4,30,216,,,,,3,2,8,root > V:16 > BH:26 > BH:5 > BH:16 > BH:27 > BH:36 > BH:45 > BV:25,selected,0,inf,True,517,238,279,368.0,1.0,1.0,True,True,1,1,0,True,1,1,0,0,True,True,0,18,8,18,8,2,PF_LS_RP,fixed,,,False,0.6111111111111112,0.5921090916620486,0.38888888888888884,0.1,adaptive,bit_flip,offspring,feasible_start_adaptive_spacing,,,,feasible_start_adaptive_spacing,0.5,,True,auto_from_instance,0.75,0.35,"4,5,11,14,15,16,20,21,25,26,27,35,36,38,41,42,45,53","2,16,17,19,24,25,27,29",,,,,,"H[4,5,11,14,15,16,20,21,25,26,27,35,36,38,41,42,45,53]|V[2,16,17,19,24,25,27,29]",015ee1c8318bbe65f9d75b3878c91b9d7be2a076
proposed_nsga2_bs_Gyorgy-KOVACS_WH_Wide_AW_5_seed_117,proposed_nsga2_bs,Gyorgy-KOVACS_WH_Wide_AW_5,117,10,auto_from_instance,12,18,4,30,216,,,,,4,2,8,root > V:16 > BH:26 > BH:5 > BH:16 > BH:27 > BH:36 > BH:45 > BV:29,selected,1,inf,True,517,225,292,586.0,1.0,1.0,True,True,1,1,0,True,1,1,0,0,True,True,0,18,8,18,8,2,PF_LS_RP,fixed,,,False,0.6111111111111112,0.5921090916620486,0.38888888888888884,0.1,adaptive,bit_flip,offspring,feasible_start_adaptive_spacing,,,,feasible_start_adaptive_spacing,0.5,,True,auto_from_instance,0.75,0.35,"4,5,11,14,15,16,20,21,25,26,27,35,36,38,41,42,45,53","2,16,17,19,24,25,27,29",,,,,,"H[4,5,11,14,15,16,20,21,25,26,27,35,36,38,41,42,45,53]|V[2,16,17,19,24,25,27,29]",ed71c8d546062d956359fd31a02e14699e745412
proposed_nsga2_bs_Gyorgy-KOVACS_WH_Wide_AW_5_seed_117,proposed_nsga2_bs,Gyorgy-KOVACS_WH_Wide_AW_5,117,10,auto_from_instance,12,18,4,30,216,,,,,5,3,8,root > V:16 > BH:26 > BH:5 > BH:16 > BH:25 > BH:36 > BH:45 > BV:25,selected,0,0.0,True,517,238,279,368.0,1.0,1.0,True,True,1,1,0,True,1,1,0,0,True,True,0,14,8,14,8,3,PF_LS_RP,fixed,,,False,0.6111111111111112,0.6013961011632103,0.38888888888888884,0.1,adaptive,bit_flip,offspring,feasible_start_adaptive_spacing,,,,feasible_start_adaptive_spacing,0.5,,True,auto_from_instance,0.75,0.35,"5,11,14,15,16,20,25,26,27,30,36,41,42,45","5,8,16,19,24,25,27,29",,,,,,"H[5,11,14,15,16,20,25,26,27,30,36,41,42,45]|V[5,8,16,19,24,25,27,29]",559a078c3ea143504613077c561cb3124d66b767
proposed_nsga2_bs_Gyorgy-KOVACS_WH_Wide_AW_5_seed_117,proposed_nsga2_bs,Gyorgy-KOVACS_WH_Wide_AW_5,117,10,auto_from_instance,12,18,4,30,216,,,,,6,3,8,root > V:16 > BH:26 > BH:5 > BH:14 > BH:25 > BH:36 > BH:45 > BV:25,selected,0,inf,True,517,238,279,368.0,1.0,1.0,True,True,1,1,0,True,1,1,0,0,True,True,0,14,8,14,8,3,PF_LS_RP,fixed,,,False,0.6111111111111112,0.6013961011632103,0.38888888888888884,0.1,adaptive,bit_flip,offspring,feasible_start_adaptive_spacing,,,,feasible_start_adaptive_spacing,0.5,,True,auto_from_instance,0.75,0.35,"5,11,14,15,16,20,25,26,27,30,36,41,42,45","5,8,16,19,24,25,27,29",,,,,,"H[5,11,14,15,16,20,25,26,27,30,36,41,42,45]|V[5,8,16,19,24,25,27,29]",6fcfc694894a367ef71d338faec4ce589ca685b5
proposed_nsga2_bs_Gyorgy-KOVACS_WH_Wide_AW_5_seed_117,proposed_nsga2_bs,Gyorgy-KOVACS_WH_Wide_AW_5,117,10,auto_from_instance,12,18,4,30,216,,,,,7,3,8,root > V:16 > BH:26 > BH:5 > BH:16 > BH:25 > BH:36 > BH:45 > BV:29,selected,1,0.0,True,517,225,292,586.0,1.0,1.0,True,True,1,1,0,True,1,1,0,0,True,True,0,14,8,14,8,3,PF_LS_RP,fixed,,,False,0.6111111111111112,0.6013961011632103,0.38888888888888884,0.1,adaptive,bit_flip,offspring,feasible_start_adaptive_spacing,,,,feasible_start_adaptive_spacing,0.5,,True,auto_from_instance,0.75,0.35,"5,11,14,15,16,20,25,26,27,30,36,41,42,45","5,8,16,19,24,25,27,29",,,,,,"H[5,11,14,15,16,20,25,26,27,30,36,41,42,45]|V[5,8,16,19,24,25,27,29]",13a8831f3352523fe53b9477eb693b985fdfc37c
proposed_nsga2_bs_Gyorgy-KOVACS_WH_Wide_AW_5_seed_117,proposed_nsga2_bs,Gyorgy-KOVACS_WH_Wide_AW_5,117,10,auto_from_instance,12,18,4,30,216,,,,,8,3,8,root > V:16 > BH:26 > BH:5 > BH:14 > BH:25 > BH:36 > BH:45 > BV:29,selected,1,inf,True,517,225,292,586.0,1.0,1.0,True,True,1,1,0,True,1,1,0,0,True,True,0,14,8,14,8,3,PF_LS_RP,fixed,,,False,0.6111111111111112,0.6013961011632103,0.38888888888888884,0.1,adaptive,bit_flip,offspring,feasible_start_adaptive_spacing,,,,feasible_start_adaptive_spacing,0.5,,True,auto_from_instance,0.75,0.35,"5,11,14,15,16,20,25,26,27,30,36,41,42,45","5,8,16,19,24,25,27,29",,,,,,"H[5,11,14,15,16,20,25,26,27,30,36,41,42,45]|V[5,8,16,19,24,25,27,29]",7e0f4d1a90907f684b7d565e90c4ddb6c1ba7c58
proposed_nsga2_bs_Gyorgy-KOVACS_WH_Wide_AW_5_seed_117,proposed_nsga2_bs,Gyorgy-KOVACS_WH_Wide_AW_5,117,11,auto_from_instance,12,18,4,30,216,,,,,1,1,8,root > V:16 > BH:26 > BH:5 > BH:16 > BH:27 > BH:36 > BH:45 > BV:25,selected,0,inf,True,517,238,279,368.0,1.0,1.0,True,True,1,1,0,True,1,1,0,0,True,True,0,19,7,19,7,1,PF_LS_RP,fixed,,,False,0.6666666666666666,0.6731135589294903,0.33333333333333337,0.1,adaptive,swap_segments,offspring,feasible_start_adaptive_spacing,,,,feasible_start_adaptive_spacing,0.5,,True,auto_from_instance,0.75,0.35,"1,3,6,15,16,17,19,20,21,25,26,27,36,43,44,50,53","16,17,19,24,25,27,29",,,,,,"H[1,3,5,6,15,16,17,19,20,21,25,26,27,36,43,44,45,50,53]|V[16,17,19,24,25,27,29]",015ee1c8318bbe65f9d75b3878c91b9d7be2a076
proposed_nsga2_bs_Gyorgy-KOVACS_WH_Wide_AW_5_seed_117,proposed_nsga2_bs,Gyorgy-KOVACS_WH_Wide_AW_5,117,11,auto_from_instance,12,18,4,30,216,,,,,2,1,8,root > V:16 > BH:26 > BH:5 > BH:16 > BH:27 > BH:36 > BH:45 > BV:29,selected,1,inf,True,517,225,292,586.0,1.0,1.0,True,True,1,1,0,True,1,1,0,0,True,True,0,19,7,19,7,1,PF_LS_RP,fixed,,,False,0.6666666666666666,0.6731135589294903,0.33333333333333337,0.1,adaptive,swap_segments,offspring,feasible_start_adaptive_spacing,,,,feasible_start_adaptive_spacing,0.5,,True,auto_from_instance,0.75,0.35,"1,3,6,15,16,17,19,20,21,25,26,27,36,43,44,50,53","16,17,19,24,25,27,29",,,,,,"H[1,3,5,6,15,16,17,19,20,21,25,26,27,36,43,44,45,50,53]|V[16,17,19,24,25,27,29]",ed71c8d546062d956359fd31a02e14699e745412
proposed_nsga2_bs_Gyorgy-KOVACS_WH_Wide_AW_5_seed_117,proposed_nsga2_bs,Gyorgy-KOVACS_WH_Wide_AW_5,117,11,auto_from_instance,12,18,4,30,216,,,,,3,2,8,root > V:15 > BH:26 > BH:5 > BH:16 > BH:25 > BH:36 > BH:45 > BV:24,selected,0,inf,True,497,247,250,385.0,1.0,1.0,True,True,1,1,0,True,1,1,0,0,True,True,0,16,8,16,8,2,PF_LS_RP,fixed,,,False,0.6666666666666666,0.6607087231537188,0.33333333333333337,0.1,adaptive,swap_segments,offspring,feasible_start_adaptive_spacing,,,,feasible_start_adaptive_spacing,0.5,,True,auto_from_instance,0.75,0.35,"4,5,11,14,15,16,25,26,27,35,36,38,41,42,45,53","2,11,15,18,24,25,27,29",,,,,,"H[4,5,11,14,15,16,25,26,27,35,36,38,41,42,45,53]|V[2,11,15,18,24,25,27,29]",416c9c0e4f9e06143d78fee04cbc7a8d1c4800ad
proposed_nsga2_bs_Gyorgy-KOVACS_WH_Wide_AW_5_seed_117,proposed_nsga2_bs,Gyorgy-KOVACS_WH_Wide_AW_5,117,11,auto_from_instance,12,18,4,30,216,,,,,4,2,8,root > V:15 > BH:26 > BH:5 > BH:14 > BH:25 > BH:36 > BH:45 > BV:24,selected,0,inf,True,497,247,250,385.0,1.0,1.0,True,True,1,1,0,True,1,1,0,0,True,True,0,16,8,16,8,2,PF_LS_RP,fixed,,,False,0.6666666666666666,0.6607087231537188,0.33333333333333337,0.1,adaptive,swap_segments,offspring,feasible_start_adaptive_spacing,,,,feasible_start_adaptive_spacing,0.5,,True,auto_from_instance,0.75,0.35,"4,5,11,14,15,16,25,26,27,35,36,38,41,42,45,53","2,11,15,18,24,25,27,29",,,,,,"H[4,5,11,14,15,16,25,26,27,35,36,38,41,42,45,53]|V[2,11,15,18,24,25,27,29]",4f5b467192e7c6ce4bc3fd69bf3ce13c31bd8ba0
proposed_nsga2_bs_Gyorgy-KOVACS_WH_Wide_AW_5_seed_117,proposed_nsga2_bs,Gyorgy-KOVACS_WH_Wide_AW_5,117,11,auto_from_instance,12,18,4,30,216,,,,,5,5,8,root > V:16 > BH:26 > BH:5 > BH:16 > BH:25 > BH:36 > BH:45 > BV:25,selected,0,0.0,True,517,238,279,368.0,1.0,1.0,True,True,1,1,0,True,1,1,0,0,True,True,0,15,7,15,7,5,PF_LS_RP,fixed,,,False,0.6666666666666666,0.7476722635246107,0.33333333333333337,0.1,adaptive,swap_segments,offspring,feasible_start_adaptive_spacing,,,,feasible_start_adaptive_spacing,0.5,,True,auto_from_instance,0.75,0.35,"4,5,11,14,15,16,20,25,26,27,30,36,41,42,45","2,9,16,24,25,27,29",,,,,,"H[4,5,11,14,15,16,20,25,26,27,30,36,41,42,45]|V[2,9,16,24,25,27,29]",559a078c3ea143504613077c561cb3124d66b767
proposed_nsga2_bs_Gyorgy-KOVACS_WH_Wide_AW_5_seed_117,proposed_nsga2_bs,Gyorgy-KOVACS_WH_Wide_AW_5,117,11,auto_from_instance,12,18,4,30,216,,,,,6,5,8,root > V:16 > BH:26 > BH:5 > BH:14 > BH:25 > BH:36 > BH:45 > BV:25,selected,0,inf,True,517,238,279,368.0,1.0,1.0,True,True,1,1,0,True,1,1,0,0,True,True,0,15,7,15,7,5,PF_LS_RP,fixed,,,False,0.6666666666666666,0.7476722635246107,0.33333333333333337,0.1,adaptive,swap_segments,offspring,feasible_start_adaptive_spacing,,,,feasible_start_adaptive_spacing,0.5,,True,auto_from_instance,0.75,0.35,"4,5,11,14,15,16,20,25,26,27,30,36,41,42,45","2,9,16,24,25,27,29",,,,,,"H[4,5,11,14,15,16,20,25,26,27,30,36,41,42,45]|V[2,9,16,24,25,27,29]",6fcfc694894a367ef71d338faec4ce589ca685b5
proposed_nsga2_bs_Gyorgy-KOVACS_WH_Wide_AW_5_seed_117,proposed_nsga2_bs,Gyorgy-KOVACS_WH_Wide_AW_5,117,11,auto_from_instance,12,18,4,30,216,,,,,7,5,8,root > V:16 > BH:26 > BH:5 > BH:16 > BH:25 > BH:36 > BH:45 > BV:29,selected,1,0.0,True,517,225,292,586.0,1.0,1.0,True,True,1,1,0,True,1,1,0,0,True,True,0,15,7,15,7,5,PF_LS_RP,fixed,,,False,0.6666666666666666,0.7476722635246107,0.33333333333333337,0.1,adaptive,swap_segments,offspring,feasible_start_adaptive_spacing,,,,feasible_start_adaptive_spacing,0.5,,True,auto_from_instance,0.75,0.35,"4,5,11,14,15,16,20,25,26,27,30,36,41,42,45","2,9,16,24,25,27,29",,,,,,"H[4,5,11,14,15,16,20,25,26,27,30,36,41,42,45]|V[2,9,16,24,25,27,29]",13a8831f3352523fe53b9477eb693b985fdfc37c
proposed_nsga2_bs_Gyorgy-KOVACS_WH_Wide_AW_5_seed_117,proposed_nsga2_bs,Gyorgy-KOVACS_WH_Wide_AW_5,117,11,auto_from_instance,12,18,4,30,216,,,,,8,5,8,root > V:16 > BH:26 > BH:5 > BH:14 > BH:25 > BH:36 > BH:45 > BV:29,selected,1,inf,True,517,225,292,586.0,1.0,1.0,True,True,1,1,0,True,1,1,0,0,True,True,0,15,7,15,7,5,PF_LS_RP,fixed,,,False,0.6666666666666666,0.7476722635246107,0.33333333333333337,0.1,adaptive,swap_segments,offspring,feasible_start_adaptive_spacing,,,,feasible_start_adaptive_spacing,0.5,,True,auto_from_instance,0.75,0.35,"4,5,11,14,15,16,20,25,26,27,30,36,41,42,45","2,9,16,24,25,27,29",,,,,,"H[4,5,11,14,15,16,20,25,26,27,30,36,41,42,45]|V[2,9,16,24,25,27,29]",7e0f4d1a90907f684b7d565e90c4ddb6c1ba7c58
proposed_nsga2_bs_Gyorgy-KOVACS_WH_Wide_AW_5_seed_117,proposed_nsga2_bs,Gyorgy-KOVACS_WH_Wide_AW_5,117,11,auto_from_instance,12,18,4,30,216,,,,,9,11,7,root > V:17 > BH:26 > BH:5 > BH:16 > BH:25 > BH:36 > BH:47,selected,1,inf,True,572,220,352,507.0,1.0,1.0,True,True,1,1,0,True,1,1,0,0,True,True,0,15,7,15,7,11,PF_LS_RP,fixed,,,False,0.6666666666666666,0.6586058067465219,0.33333333333333337,0.1,adaptive,bit_flip,offspring,feasible_start_adaptive_spacing,,,,feasible_start_adaptive_spacing,0.5,,True,auto_from_instance,0.75,0.35,"4,5,11,14,15,16,19,25,26,27,36,42,45,53","2,17,20,24,25,27,29",,,,,,"H[4,5,11,14,15,16,19,25,26,27,36,42,45,47,53]|V[2,17,20,24,25,27,29]",173dd91401b4b71d9f20edd9e83506be465b9528
proposed_nsga2_bs_Gyorgy-KOVACS_WH_Wide_AW_5_seed_117,proposed_nsga2_bs,Gyorgy-KOVACS_WH_Wide_AW_5,117,11,auto_from_instance,12,18,4,30,216,,,,,10,11,7,root > V:17 > BH:26 > BH:5 > BH:14 > BH:25 > BH:36 > BH:47,selected,1,inf,True,572,220,352,507.0,1.0,1.0,True,True,1,1,0,True,1,1,0,0,True,True,0,15,7,15,7,11,PF_LS_RP,fixed,,,False,0.6666666666666666,0.6586058067465219,0.33333333333333337,0.1,adaptive,bit_flip,offspring,feasible_start_adaptive_spacing,,,,feasible_start_adaptive_spacing,0.5,,True,auto_from_instance,0.75,0.35,"4,5,11,14,15,16,19,25,26,27,36,42,45,53","2,17,20,24,25,27,29",,,,,,"H[4,5,11,14,15,16,19,25,26,27,36,42,45,47,53]|V[2,17,20,24,25,27,29]",e59e5dd5e1537a2d164e028d12bd66f538f0cb70
proposed_nsga2_bs_Gyorgy-KOVACS_WH_Wide_AW_5_seed_117,proposed_nsga2_bs,Gyorgy-KOVACS_WH_Wide_AW_5,117,11,auto_from_instance,12,18,4,30,216,,,,,11,11,7,root > V:17 > BH:26 > BH:5 > BH:16 > BH:25 > BH:36 > BH:45,selected,2,inf,True,572,220,352,711.0,1.0,1.0,True,True,1,1,0,True,1,1,0,0,True,True,0,14,7,14,7,11,PF_LS_RP,fixed,,,False,0.6666666666666666,0.6586058067465219,0.33333333333333337,0.1,adaptive,bit_flip,offspring,feasible_start_adaptive_spacing,,,,feasible_start_adaptive_spacing,0.5,,True,auto_from_instance,0.75,0.35,"4,5,11,14,15,16,19,25,26,27,36,42,45,53","2,17,20,24,25,27,29",,,,,,"H[4,5,11,14,15,16,19,25,26,27,36,42,45,53]|V[2,17,20,24,25,27,29]",854ec9b997ec508dda6ea9e399147d7a4b626ba8
proposed_nsga2_bs_Gyorgy-KOVACS_WH_Wide_AW_5_seed_117,proposed_nsga2_bs,Gyorgy-KOVACS_WH_Wide_AW_5,117,11,auto_from_instance,12,18,4,30,216,,,,,12,11,7,root > V:17 > BH:26 > BH:5 > BH:14 > BH:25 > BH:36 > BH:45,selected,2,inf,True,572,220,352,711.0,1.0,1.0,True,True,1,1,0,True,1,1,0,0,True,True,0,14,7,14,7,11,PF_LS_RP,fixed,,,False,0.6666666666666666,0.6586058067465219,0.33333333333333337,0.1,adaptive,bit_flip,offspring,feasible_start_adaptive_spacing,,,,feasible_start_adaptive_spacing,0.5,,True,auto_from_instance,0.75,0.35,"4,5,11,14,15,16,19,25,26,27,36,42,45,53","2,17,20,24,25,27,29",,,,,,"H[4,5,11,14,15,16,19,25,26,27,36,42,45,53]|V[2,17,20,24,25,27,29]",ef95c5265d039c602cc7246bb99c122e90a60068
proposed_nsga2_bs_Gyorgy-KOVACS_WH_Wide_AW_5_seed_117,proposed_nsga2_bs,Gyorgy-KOVACS_WH_Wide_AW_5,117,12,auto_from_instance,12,18,4,30,216,,,,,1,1,7,root > V:17 > BH:26 > BH:5 > BH:16 > BH:25 > BH:36 > BH:47,selected,1,inf,True,572,220,352,507.0,1.0,1.0,True,True,1,1,0,True,1,1,0,0,True,True,0,18,8,18,8,1,PF_LS_RP,fixed,,,False,0.7222222222222222,0.7494203157499842,0.2777777777777778,0.1,adaptive,insert_random_aisle,offspring,feasible_start_adaptive_spacing,,,,feasible_start_adaptive_spacing,0.5,,True,auto_from_instance,0.75,0.35,"4,5,11,14,15,16,19,25,26,27,35,36,38,41,42,45,53","2,17,20,24,25,27,29,34",,,,,,"H[4,5,11,14,15,16,19,25,26,27,35,36,38,41,42,45,47,53]|V[2,17,20,24,25,27,29,34]",173dd91401b4b71d9f20edd9e83506be465b9528
proposed_nsga2_bs_Gyorgy-KOVACS_WH_Wide_AW_5_seed_117,proposed_nsga2_bs,Gyorgy-KOVACS_WH_Wide_AW_5,117,12,auto_from_instance,12,18,4,30,216,,,,,2,1,7,root > V:17 > BH:26 > BH:5 > BH:14 > BH:25 > BH:36 > BH:47,selected,1,inf,True,572,220,352,507.0,1.0,1.0,True,True,1,1,0,True,1,1,0,0,True,True,0,18,8,18,8,1,PF_LS_RP,fixed,,,False,0.7222222222222222,0.7494203157499842,0.2777777777777778,0.1,adaptive,insert_random_aisle,offspring,feasible_start_adaptive_spacing,,,,feasible_start_adaptive_spacing,0.5,,True,auto_from_instance,0.75,0.35,"4,5,11,14,15,16,19,25,26,27,35,36,38,41,42,45,53","2,17,20,24,25,27,29,34",,,,,,"H[4,5,11,14,15,16,19,25,26,27,35,36,38,41,42,45,47,53]|V[2,17,20,24,25,27,29,34]",e59e5dd5e1537a2d164e028d12bd66f538f0cb70
proposed_nsga2_bs_Gyorgy-KOVACS_WH_Wide_AW_5_seed_117,proposed_nsga2_bs,Gyorgy-KOVACS_WH_Wide_AW_5,117,12,auto_from_instance,12,18,4,30,216,,,,,3,1,7,root > V:17 > BH:26 > BH:5 > BH:16 > BH:25 > BH:36 > BH:45,selected,2,inf,True,572,220,352,711.0,1.0,1.0,True,True,1,1,0,True,1,1,0,0,True,True,0,17,8,17,8,1,PF_LS_RP,fixed,,,False,0.7222222222222222,0.7494203157499842,0.2777777777777778,0.1,adaptive,insert_random_aisle,offspring,feasible_start_adaptive_spacing,,,,feasible_start_adaptive_spacing,0.5,,True,auto_from_instance,0.75,0.35,"4,5,11,14,15,16,19,25,26,27,35,36,38,41,42,45,53","2,17,20,24,25,27,29,34",,,,,,"H[4,5,11,14,15,16,19,25,26,27,35,36,38,41,42,45,53]|V[2,17,20,24,25,27,29,34]",854ec9b997ec508dda6ea9e399147d7a4b626ba8
proposed_nsga2_bs_Gyorgy-KOVACS_WH_Wide_AW_5_seed_117,proposed_nsga2_bs,Gyorgy-KOVACS_WH_Wide_AW_5,117,12,auto_from_instance,12,18,4,30,216,,,,,4,1,7,root > V:17 > BH:26 > BH:5 > BH:14 > BH:25 > BH:36 > BH:45,selected,2,inf,True,572,220,352,711.0,1.0,1.0,True,True,1,1,0,True,1,1,0,0,True,True,0,17,8,17,8,1,PF_LS_RP,fixed,,,False,0.7222222222222222,0.7494203157499842,0.2777777777777778,0.1,adaptive,insert_random_aisle,offspring,feasible_start_adaptive_spacing,,,,feasible_start_adaptive_spacing,0.5,,True,auto_from_instance,0.75,0.35,"4,5,11,14,15,16,19,25,26,27,35,36,38,41,42,45,53","2,17,20,24,25,27,29,34",,,,,,"H[4,5,11,14,15,16,19,25,26,27,35,36,38,41,42,45,53]|V[2,17,20,24,25,27,29,34]",ef95c5265d039c602cc7246bb99c122e90a60068
proposed_nsga2_bs_Gyorgy-KOVACS_WH_Wide_AW_5_seed_117,proposed_nsga2_bs,Gyorgy-KOVACS_WH_Wide_AW_5,117,12,auto_from_instance,12,18,4,30,216,,,,,5,2,8,root > V:15 > BH:26 > BH:5 > BH:16 > BH:25 > BH:36 > BH:45 > BV:24,selected,0,inf,True,497,247,250,385.0,1.0,1.0,True,True,1,1,0,True,1,1,0,0,True,True,0,14,9,14,9,2,PF_LS_RP,fixed,,,False,0.7222222222222222,0.7156519168191888,0.2777777777777778,0.1,adaptive,bit_flip,offspring,feasible_start_adaptive_spacing,,,,feasible_start_adaptive_spacing,0.5,,True,auto_from_instance,0.75,0.35,"4,5,11,14,15,16,25,26,27,36,42,45,47,53","2,4,11,15,18,24,25,27,29",,,,,,"H[4,5,11,14,15,16,25,26,27,36,42,45,47,53]|V[2,4,11,15,18,24,25,27,29]",416c9c0e4f9e06143d78fee04cbc7a8d1c4800ad
proposed_nsga2_bs_Gyorgy-KOVACS_WH_Wide_AW_5_seed_117,proposed_nsga2_bs,Gyorgy-KOVACS_WH_Wide_AW_5,117,12,auto_from_instance,12,18,4,30,216,,,,,6,2,8,root > V:15 > BH:26 > BH:5 > BH:14 > BH:25 > BH:36 > BH:45 > BV:24,selected,0,inf,True,497,247,250,385.0,1.0,1.0,True,True,1,1,0,True,1,1,0,0,True,True,0,14,9,14,9,2,PF_LS_RP,fixed,,,False,0.7222222222222222,0.7156519168191888,0.2777777777777778,0.1,adaptive,bit_flip,offspring,feasible_start_adaptive_spacing,,,,feasible_start_adaptive_spacing,0.5,,True,auto_from_instance,0.75,0.35,"4,5,11,14,15,16,25,26,27,36,42,45,47,53","2,4,11,15,18,24,25,27,29",,,,,,"H[4,5,11,14,15,16,25,26,27,36,42,45,47,53]|V[2,4,11,15,18,24,25,27,29]",4f5b467192e7c6ce4bc3fd69bf3ce13c31bd8ba0
proposed_nsga2_bs_Gyorgy-KOVACS_WH_Wide_AW_5_seed_117,proposed_nsga2_bs,Gyorgy-KOVACS_WH_Wide_AW_5,117,12,auto_from_instance,12,18,4,30,216,,,,,7,3,8,root > V:16 > BH:26 > BH:5 > BH:16 > BH:25 > BH:36 > BH:45 > BV:25,selected,0,inf,True,517,238,279,368.0,1.0,1.0,True,True,1,1,0,True,1,1,0,0,True,True,0,14,7,14,7,3,PF_LS_RP,fixed,,,False,0.7222222222222222,0.7595010899375911,0.2777777777777778,0.1,adaptive,remove_random_aisle,offspring,feasible_start_adaptive_spacing,,,,feasible_start_adaptive_spacing,0.5,,True,auto_from_instance,0.75,0.35,"4,5,14,15,16,19,25,26,27,30,36,41,42,45","2,9,16,24,25,27,29",,,,,,"H[4,5,14,15,16,19,25,26,27,30,36,41,42,45]|V[2,9,16,24,25,27,29]",559a078c3ea143504613077c561cb3124d66b767
proposed_nsga2_bs_Gyorgy-KOVACS_WH_Wide_AW_5_seed_117,proposed_nsga2_bs,Gyorgy-KOVACS_WH_Wide_AW_5,117,12,auto_from_instance,12,18,4,30,216,,,,,8,3,8,root > V:16 > BH:26 > BH:5 > BH:14 > BH:25 > BH:36 > BH:45 > BV:25,selected,0,0.0,True,517,238,279,368.0,1.0,1.0,True,True,1,1,0,True,1,1,0,0,True,True,0,14,7,14,7,3,PF_LS_RP,fixed,,,False,0.7222222222222222,0.7595010899375911,0.2777777777777778,0.1,adaptive,remove_random_aisle,offspring,feasible_start_adaptive_spacing,,,,feasible_start_adaptive_spacing,0.5,,True,auto_from_instance,0.75,0.35,"4,5,14,15,16,19,25,26,27,30,36,41,42,45","2,9,16,24,25,27,29",,,,,,"H[4,5,14,15,16,19,25,26,27,30,36,41,42,45]|V[2,9,16,24,25,27,29]",6fcfc694894a367ef71d338faec4ce589ca685b5
proposed_nsga2_bs_Gyorgy-KOVACS_WH_Wide_AW_5_seed_117,proposed_nsga2_bs,Gyorgy-KOVACS_WH_Wide_AW_5,117,12,auto_from_instance,12,18,4,30,216,,,,,9,3,8,root > V:16 > BH:26 > BH:5 > BH:16 > BH:25 > BH:36 > BH:45 > BV:29,selected,1,inf,True,517,225,292,586.0,1.0,1.0,True,True,1,1,0,True,1,1,0,0,True,True,0,14,7,14,7,3,PF_LS_RP,fixed,,,False,0.7222222222222222,0.7595010899375911,0.2777777777777778,0.1,adaptive,remove_random_aisle,offspring,feasible_start_adaptive_spacing,,,,feasible_start_adaptive_spacing,0.5,,True,auto_from_instance,0.75,0.35,"4,5,14,15,16,19,25,26,27,30,36,41,42,45","2,9,16,24,25,27,29",,,,,,"H[4,5,14,15,16,19,25,26,27,30,36,41,42,45]|V[2,9,16,24,25,27,29]",13a8831f3352523fe53b9477eb693b985fdfc37c
proposed_nsga2_bs_Gyorgy-KOVACS_WH_Wide_AW_5_seed_117,proposed_nsga2_bs,Gyorgy-KOVACS_WH_Wide_AW_5,117,12,auto_from_instance,12,18,4,30,216,,,,,10,3,8,root > V:16 > BH:26 > BH:5 > BH:14 > BH:25 > BH:36 > BH:45 > BV:29,selected,1,0.0,True,517,225,292,586.0,1.0,1.0,True,True,1,1,0,True,1,1,0,0,True,True,0,14,7,14,7,3,PF_LS_RP,fixed,,,False,0.7222222222222222,0.7595010899375911,0.2777777777777778,0.1,adaptive,remove_random_aisle,offspring,feasible_start_adaptive_spacing,,,,feasible_start_adaptive_spacing,0.5,,True,auto_from_instance,0.75,0.35,"4,5,14,15,16,19,25,26,27,30,36,41,42,45","2,9,16,24,25,27,29",,,,,,"H[4,5,14,15,16,19,25,26,27,30,36,41,42,45]|V[2,9,16,24,25,27,29]",7e0f4d1a90907f684b7d565e90c4ddb6c1ba7c58
proposed_nsga2_bs_Gyorgy-KOVACS_WH_Wide_AW_5_seed_117,proposed_nsga2_bs,Gyorgy-KOVACS_WH_Wide_AW_5,117,12,auto_from_instance,12,18,4,30,216,,,,,11,11,8,root > V:16 > BH:26 > BH:5 > BH:16 > BH:27 > BH:36 > BH:45 > BV:25,selected,0,inf,True,517,238,279,368.0,1.0,1.0,True,True,1,1,0,True,1,1,0,0,True,True,0,16,9,16,9,11,PF_LS_RP,fixed,,,False,0.7222222222222222,0.708174898027616,0.2777777777777778,0.1,adaptive,spacing_aware_flip,offspring,feasible_start_adaptive_spacing,,,,feasible_start_adaptive_spacing,0.5,,True,auto_from_instance,0.75,0.35,"1,3,5,6,14,15,16,25,26,27,36,43,44,45,50,53","2,7,16,17,19,24,25,27,29",,,,,,"H[1,3,5,6,14,15,16,25,26,27,36,43,44,45,50,53]|V[2,7,16,17,19,24,25,27,29]",015ee1c8318bbe65f9d75b3878c91b9d7be2a076
proposed_nsga2_bs_Gyorgy-KOVACS_WH_Wide_AW_5_seed_117,proposed_nsga2_bs,Gyorgy-KOVACS_WH_Wide_AW_5,117,12,auto_from_instance,12,18,4,30,216,,,,,12,11,8,root > V:16 > BH:26 > BH:5 > BH:16 > BH:27 > BH:36 > BH:45 > BV:29,selected,1,inf,True,517,225,292,586.0,1.0,1.0,True,True,1,1,0,True,1,1,0,0,True,True,0,16,9,16,9,11,PF_LS_RP,fixed,,,False,0.7222222222222222,0.708174898027616,0.2777777777777778,0.1,adaptive,spacing_aware_flip,offspring,feasible_start_adaptive_spacing,,,,feasible_start_adaptive_spacing,0.5,,True,auto_from_instance,0.75,0.35,"1,3,5,6,14,15,16,25,26,27,36,43,44,45,50,53","2,7,16,17,19,24,25,27,29",,,,,,"H[1,3,5,6,14,15,16,25,26,27,36,43,44,45,50,53]|V[2,7,16,17,19,24,25,27,29]",ed71c8d546062d956359fd31a02e14699e745412
proposed_nsga2_bs_Gyorgy-KOVACS_WH_Wide_AW_5_seed_117,proposed_nsga2_bs,Gyorgy-KOVACS_WH_Wide_AW_5,117,13,auto_from_instance,12,18,4,30,216,,,,,1,1,4,root > V:27 > BH:26 > BV:17 > BV:17,selected,0,inf,True,567,256,311,311.0,1.0,1.0,True,True,1,1,0,True,1,1,0,0,True,True,0,12,7,12,7,1,PF_LS_RP,fixed,,,False,0.7777777777777778,0.7670212064278042,0.2222222222222222,0.1,adaptive,remove_random_aisle,offspring,feasible_start_adaptive_spacing,,,,feasible_start_adaptive_spacing,0.5,,True,auto_from_instance,0.75,0.35,"4,5,14,15,16,25,26,27,36,41,42,45","2,11,24,25,27,29",,,,,,"H[4,5,14,15,16,25,26,27,36,41,42,45]|V[2,11,17,24,25,27,29]",a8708aef2b1e3127a45cd25328e7b01fe876ac67
proposed_nsga2_bs_Gyorgy-KOVACS_WH_Wide_AW_5_seed_117,proposed_nsga2_bs,Gyorgy-KOVACS_WH_Wide_AW_5,117,13,auto_from_instance,12,18,4,30,216,,,,,2,1,4,root > V:29 > BH:26 > BV:19 > BV:19,selected,1,inf,True,557,202,355,408.0,1.0,1.0,True,True,1,1,0,True,1,1,0,0,True,True,0,12,7,12,7,1,PF_LS_RP,fixed,,,False,0.7777777777777778,0.7670212064278042,0.2222222222222222,0.1,adaptive,remove_random_aisle,offspring,feasible_start_adaptive_spacing,,,,feasible_start_adaptive_spacing,0.5,,True,auto_from_instance,0.75,0.35,"4,5,14,15,16,25,26,27,36,41,42,45","2,11,24,25,27,29",,,,,,"H[4,5,14,15,16,25,26,27,36,41,42,45]|V[2,11,19,24,25,27,29]",225a083d40a70add6d49c842c1ea1b7da9e91627
proposed_nsga2_bs_Gyorgy-KOVACS_WH_Wide_AW_5_seed_117,proposed_nsga2_bs,Gyorgy-KOVACS_WH_Wide_AW_5,117,13,auto_from_instance,12,18,4,30,216,,,,,3,1,4,root > V:29 > BH:26 > BV:19 > BV:17,selected,2,inf,True,557,202,355,458.0,1.0,1.0,True,True,1,1,0,True,1,1,0,0,True,True,0,12,8,12,8,1,PF_LS_RP,fixed,,,False,0.7777777777777778,0.7670212064278042,0.2222222222222222,0.1,adaptive,remove_random_aisle,offspring,feasible_start_adaptive_spacing,,,,feasible_start_adaptive_spacing,0.5,,True,auto_from_instance,0.75,0.35,"4,5,14,15,16,25,26,27,36,41,42,45","2,11,24,25,27,29",,,,,,"H[4,5,14,15,16,25,26,27,36,41,42,45]|V[2,11,17,19,24,25,27,29]",f590e28c4ca08f01adba87c9244bc357b1edb9bd
proposed_nsga2_bs_Gyorgy-KOVACS_WH_Wide_AW_5_seed_117,proposed_nsga2_bs,Gyorgy-KOVACS_WH_Wide_AW_5,117,13,auto_from_instance,12,18,4,30,216,,,,,4,1,4,root > V:29 > BH:26 > BV:17 > BV:19,selected,3,inf,True,557,202,355,460.0,1.0,1.0,True,True,1,1,0,True,1,1,0,0,True,True,0,12,8,12,8,1,PF_LS_RP,fixed,,,False,0.7777777777777778,0.7670212064278042,0.2222222222222222,0.1,adaptive,remove_random_aisle,offspring,feasible_start_adaptive_spacing,,,,feasible_start_adaptive_spacing,0.5,,True,auto_from_instance,0.75,0.35,"4,5,14,15,16,25,26,27,36,41,42,45","2,11,24,25,27,29",,,,,,"H[4,5,14,15,16,25,26,27,36,41,42,45]|V[2,11,17,19,24,25,27,29]",0ccd7482bc13afbeac630bd0faf7012fe4b70f5c
proposed_nsga2_bs_Gyorgy-KOVACS_WH_Wide_AW_5_seed_117,proposed_nsga2_bs,Gyorgy-KOVACS_WH_Wide_AW_5,117,13,auto_from_instance,12,18,4,30,216,,,,,5,2,8,root > V:15 > BH:26 > BH:5 > BH:16 > BH:25 > BH:36 > BH:45 > BV:24,selected,0,inf,True,497,247,250,385.0,1.0,1.0,True,True,1,1,0,True,1,1,0,0,True,True,0,16,10,16,10,2,PF_LS_RP,fixed,,,False,0.7777777777777778,0.746242543453598,0.2222222222222222,0.1,adaptive,insert_random_aisle,offspring,feasible_start_adaptive_spacing,,,,feasible_start_adaptive_spacing,0.5,,True,auto_from_instance,0.75,0.35,"4,5,11,14,15,16,19,25,26,27,30,36,42,45,47,53","2,4,9,15,18,22,24,25,27,29",,,,,,"H[4,5,11,14,15,16,19,25,26,27,30,36,42,45,47,53]|V[2,4,9,15,18,22,24,25,27,29]",416c9c0e4f9e06143d78fee04cbc7a8d1c4800ad
proposed_nsga2_bs_Gyorgy-KOVACS_WH_Wide_AW_5_seed_117,proposed_nsga2_bs,Gyorgy-KOVACS_WH_Wide_AW_5,117,13,auto_from_instance,12,18,4,30,216,,,,,6,2,8,root > V:15 > BH:26 > BH:5 > BH:14 > BH:25 > BH:36 > BH:45 > BV:24,selected,0,inf,True,497,247,250,385.0,1.0,1.0,True,True,1,1,0,True,1,1,0,0,True,True,0,16,10,16,10,2,PF_LS_RP,fixed,,,False,0.7777777777777778,0.746242543453598,0.2222222222222222,0.1,adaptive,insert_random_aisle,offspring,feasible_start_adaptive_spacing,,,,feasible_start_adaptive_spacing,0.5,,True,auto_from_instance,0.75,0.35,"4,5,11,14,15,16,19,25,26,27,30,36,42,45,47,53","2,4,9,15,18,22,24,25,27,29",,,,,,"H[4,5,11,14,15,16,19,25,26,27,30,36,42,45,47,53]|V[2,4,9,15,18,22,24,25,27,29]",4f5b467192e7c6ce4bc3fd69bf3ce13c31bd8ba0
proposed_nsga2_bs_Gyorgy-KOVACS_WH_Wide_AW_5_seed_117,proposed_nsga2_bs,Gyorgy-KOVACS_WH_Wide_AW_5,117,13,auto_from_instance,12,18,4,30,216,,,,,7,4,8,root > V:16 > BH:26 > BH:5 > BH:16 > BH:27 > BH:36 > BH:45 > BV:25,selected,0,1.745680106335844,True,517,238,279,368.0,1.0,1.0,True,True,1,1,0,True,1,1,0,0,True,True,0,15,10,15,10,4,PF_LS_RP,fixed,,,False,0.7777777777777778,0.7206745273078375,0.2222222222222222,0.1,adaptive,spacing_aware_flip,offspring,feasible_start_adaptive_spacing,,,,feasible_start_adaptive_spacing,0.5,,True,auto_from_instance,0.75,0.35,"1,4,5,11,14,15,16,25,26,27,36,42,45,50,53","2,7,16,17,19,24,25,27,29,34",,,,,,"H[1,4,5,11,14,15,16,25,26,27,36,42,45,50,53]|V[2,7,16,17,19,24,25,27,29,34]",015ee1c8318bbe65f9d75b3878c91b9d7be2a076
proposed_nsga2_bs_Gyorgy-KOVACS_WH_Wide_AW_5_seed_117,proposed_nsga2_bs,Gyorgy-KOVACS_WH_Wide_AW_5,117,13,auto_from_instance,12,18,4,30,216,,,,,8,4,8,root > V:16 > BH:26 > BH:5 > BH:16 > BH:27 > BH:36 > BH:45 > BV:29,selected,1,inf,True,517,225,292,586.0,1.0,1.0,True,True,1,1,0,True,1,1,0,0,True,True,0,15,10,15,10,4,PF_LS_RP,fixed,,,False,0.7777777777777778,0.7206745273078375,0.2222222222222222,0.1,adaptive,spacing_aware_flip,offspring,feasible_start_adaptive_spacing,,,,feasible_start_adaptive_spacing,0.5,,True,auto_from_instance,0.75,0.35,"1,4,5,11,14,15,16,25,26,27,36,42,45,50,53","2,7,16,17,19,24,25,27,29,34",,,,,,"H[1,4,5,11,14,15,16,25,26,27,36,42,45,50,53]|V[2,7,16,17,19,24,25,27,29,34]",ed71c8d546062d956359fd31a02e14699e745412
proposed_nsga2_bs_Gyorgy-KOVACS_WH_Wide_AW_5_seed_117,proposed_nsga2_bs,Gyorgy-KOVACS_WH_Wide_AW_5,117,13,auto_from_instance,12,18,4,30,216,,,,,9,5,8,root > V:16 > BH:26 > BH:5 > BH:16 > BH:25 > BH:36 > BH:45 > BV:25,selected,0,0.0,True,517,238,279,368.0,1.0,1.0,True,True,1,1,0,True,1,1,0,0,True,True,0,16,8,16,8,5,PF_LS_RP,fixed,,,False,0.7777777777777778,0.7804696577910651,0.2222222222222222,0.1,adaptive,break_symmetry,offspring,feasible_start_adaptive_spacing,,,,feasible_start_adaptive_spacing,0.5,,True,auto_from_instance,0.75,0.35,"4,5,11,14,15,16,19,25,26,27,35,36,38,41,42,45","2,16,20,24,25,27,29,34",,,,,,"H[4,5,11,14,15,16,19,25,26,27,35,36,38,41,42,45]|V[2,16,20,24,25,27,29,34]",559a078c3ea143504613077c561cb3124d66b767
proposed_nsga2_bs_Gyorgy-KOVACS_WH_Wide_AW_5_seed_117,proposed_nsga2_bs,Gyorgy-KOVACS_WH_Wide_AW_5,117,13,auto_from_instance,12,18,4,30,216,,,,,10,5,8,root > V:16 > BH:26 > BH:5 > BH:14 > BH:25 > BH:36 > BH:45 > BV:25,selected,0,inf,True,517,238,279,368.0,1.0,1.0,True,True,1,1,0,True,1,1,0,0,True,True,0,16,8,16,8,5,PF_LS_RP,fixed,,,False,0.7777777777777778,0.7804696577910651,0.2222222222222222,0.1,adaptive,break_symmetry,offspring,feasible_start_adaptive_spacing,,,,feasible_start_adaptive_spacing,0.5,,True,auto_from_instance,0.75,0.35,"4,5,11,14,15,16,19,25,26,27,35,36,38,41,42,45","2,16,20,24,25,27,29,34",,,,,,"H[4,5,11,14,15,16,19,25,26,27,35,36,38,41,42,45]|V[2,16,20,24,25,27,29,34]",6fcfc694894a367ef71d338faec4ce589ca685b5
proposed_nsga2_bs_Gyorgy-KOVACS_WH_Wide_AW_5_seed_117,proposed_nsga2_bs,Gyorgy-KOVACS_WH_Wide_AW_5,117,13,auto_from_instance,12,18,4,30,216,,,,,11,5,8,root > V:16 > BH:26 > BH:5 > BH:16 > BH:25 > BH:36 > BH:45 > BV:29,selected,1,0.0,True,517,225,292,586.0,1.0,1.0,True,True,1,1,0,True,1,1,0,0,True,True,0,16,8,16,8,5,PF_LS_RP,fixed,,,False,0.7777777777777778,0.7804696577910651,0.2222222222222222,0.1,adaptive,break_symmetry,offspring,feasible_start_adaptive_spacing,,,,feasible_start_adaptive_spacing,0.5,,True,auto_from_instance,0.75,0.35,"4,5,11,14,15,16,19,25,26,27,35,36,38,41,42,45","2,16,20,24,25,27,29,34",,,,,,"H[4,5,11,14,15,16,19,25,26,27,35,36,38,41,42,45]|V[2,16,20,24,25,27,29,34]",13a8831f3352523fe53b9477eb693b985fdfc37c
proposed_nsga2_bs_Gyorgy-KOVACS_WH_Wide_AW_5_seed_117,proposed_nsga2_bs,Gyorgy-KOVACS_WH_Wide_AW_5,117,13,auto_from_instance,12,18,4,30,216,,,,,12,5,8,root > V:16 > BH:26 > BH:5 > BH:14 > BH:25 > BH:36 > BH:45 > BV:29,selected,1,inf,True,517,225,292,586.0,1.0,1.0,True,True,1,1,0,True,1,1,0,0,True,True,0,16,8,16,8,5,PF_LS_RP,fixed,,,False,0.7777777777777778,0.7804696577910651,0.2222222222222222,0.1,adaptive,break_symmetry,offspring,feasible_start_adaptive_spacing,,,,feasible_start_adaptive_spacing,0.5,,True,auto_from_instance,0.75,0.35,"4,5,11,14,15,16,19,25,26,27,35,36,38,41,42,45","2,16,20,24,25,27,29,34",,,,,,"H[4,5,11,14,15,16,19,25,26,27,35,36,38,41,42,45]|V[2,16,20,24,25,27,29,34]",7e0f4d1a90907f684b7d565e90c4ddb6c1ba7c58
proposed_nsga2_bs_Gyorgy-KOVACS_WH_Wide_AW_5_seed_117,proposed_nsga2_bs,Gyorgy-KOVACS_WH_Wide_AW_5,117,14,auto_from_instance,12,18,4,30,216,,,,,1,1,8,root > V:15 > BH:26 > BH:5 > BH:16 > BH:25 > BH:36 > BH:45 > BV:24,selected,0,inf,True,497,247,250,385.0,1.0,1.0,True,True,1,1,0,True,1,1,0,0,True,True,0,17,10,17,10,1,PF_LS_RP,fixed,,,False,0.8333333333333334,0.8853262450800841,0.16666666666666663,0.1,adaptive,insert_random_aisle,offspring,feasible_start_adaptive_spacing,,,,feasible_start_adaptive_spacing,0.5,,True,auto_from_instance,0.75,0.35,"4,5,11,14,15,16,19,25,26,27,30,36,42,45,47,53,54","2,4,9,15,18,22,24,25,27,29",,,,,,"H[4,5,11,14,15,16,19,25,26,27,30,36,42,45,47,53,54]|V[2,4,9,15,18,22,24,25,27,29]",416c9c0e4f9e06143d78fee04cbc7a8d1c4800ad
proposed_nsga2_bs_Gyorgy-KOVACS_WH_Wide_AW_5_seed_117,proposed_nsga2_bs,Gyorgy-KOVACS_WH_Wide_AW_5,117,14,auto_from_instance,12,18,4,30,216,,,,,2,1,8,root > V:15 > BH:26 > BH:5 > BH:14 > BH:25 > BH:36 > BH:45 > BV:24,selected,0,inf,True,497,247,250,385.0,1.0,1.0,True,True,1,1,0,True,1,1,0,0,True,True,0,17,10,17,10,1,PF_LS_RP,fixed,,,False,0.8333333333333334,0.8853262450800841,0.16666666666666663,0.1,adaptive,insert_random_aisle,offspring,feasible_start_adaptive_spacing,,,,feasible_start_adaptive_spacing,0.5,,True,auto_from_instance,0.75,0.35,"4,5,11,14,15,16,19,25,26,27,30,36,42,45,47,53,54","2,4,9,15,18,22,24,25,27,29",,,,,,"H[4,5,11,14,15,16,19,25,26,27,30,36,42,45,47,53,54]|V[2,4,9,15,18,22,24,25,27,29]",4f5b467192e7c6ce4bc3fd69bf3ce13c31bd8ba0
proposed_nsga2_bs_Gyorgy-KOVACS_WH_Wide_AW_5_seed_117,proposed_nsga2_bs,Gyorgy-KOVACS_WH_Wide_AW_5,117,14,auto_from_instance,12,18,4,30,216,,,,,3,2,8,root > V:16 > BH:26 > BH:5 > BH:16 > BH:25 > BH:36 > BH:45 > BV:25,selected,0,inf,True,517,238,279,368.0,1.0,1.0,True,True,1,1,0,True,1,1,0,0,True,True,0,17,8,17,8,2,PF_LS_RP,fixed,,,False,0.8333333333333334,0.9174018233503116,0.16666666666666663,0.1,adaptive,insert_random_aisle,offspring,feasible_start_adaptive_spacing,,,,feasible_start_adaptive_spacing,0.5,,True,auto_from_instance,0.75,0.35,"4,5,7,11,14,15,16,19,25,26,27,35,36,38,41,42,45","2,16,20,24,25,27,29,34",,,,,,"H[4,5,7,11,14,15,16,19,25,26,27,35,36,38,41,42,45]|V[2,16,20,24,25,27,29,34]",559a078c3ea143504613077c561cb3124d66b767
proposed_nsga2_bs_Gyorgy-KOVACS_WH_Wide_AW_5_seed_117,proposed_nsga2_bs,Gyorgy-KOVACS_WH_Wide_AW_5,117,14,auto_from_instance,12,18,4,30,216,,,,,4,2,8,root > V:16 > BH:26 > BH:5 > BH:14 > BH:25 > BH:36 > BH:45 > BV:25,selected,0,0.0,True,517,238,279,368.0,1.0,1.0,True,True,1,1,0,True,1,1,0,0,True,True,0,17,8,17,8,2,PF_LS_RP,fixed,,,False,0.8333333333333334,0.9174018233503116,0.16666666666666663,0.1,adaptive,insert_random_aisle,offspring,feasible_start_adaptive_spacing,,,,feasible_start_adaptive_spacing,0.5,,True,auto_from_instance,0.75,0.35,"4,5,7,11,14,15,16,19,25,26,27,35,36,38,41,42,45","2,16,20,24,25,27,29,34",,,,,,"H[4,5,7,11,14,15,16,19,25,26,27,35,36,38,41,42,45]|V[2,16,20,24,25,27,29,34]",6fcfc694894a367ef71d338faec4ce589ca685b5
proposed_nsga2_bs_Gyorgy-KOVACS_WH_Wide_AW_5_seed_117,proposed_nsga2_bs,Gyorgy-KOVACS_WH_Wide_AW_5,117,14,auto_from_instance,12,18,4,30,216,,,,,5,2,8,root > V:16 > BH:26 > BH:5 > BH:16 > BH:25 > BH:36 > BH:45 > BV:29,selected,1,inf,True,517,225,292,586.0,1.0,1.0,True,True,1,1,0,True,1,1,0,0,True,True,0,17,8,17,8,2,PF_LS_RP,fixed,,,False,0.8333333333333334,0.9174018233503116,0.16666666666666663,0.1,adaptive,insert_random_aisle,offspring,feasible_start_adaptive_spacing,,,,feasible_start_adaptive_spacing,0.5,,True,auto_from_instance,0.75,0.35,"4,5,7,11,14,15,16,19,25,26,27,35,36,38,41,42,45","2,16,20,24,25,27,29,34",,,,,,"H[4,5,7,11,14,15,16,19,25,26,27,35,36,38,41,42,45]|V[2,16,20,24,25,27,29,34]",13a8831f3352523fe53b9477eb693b985fdfc37c
proposed_nsga2_bs_Gyorgy-KOVACS_WH_Wide_AW_5_seed_117,proposed_nsga2_bs,Gyorgy-KOVACS_WH_Wide_AW_5,117,14,auto_from_instance,12,18,4,30,216,,,,,6,2,8,root > V:16 > BH:26 > BH:5 > BH:14 > BH:25 > BH:36 > BH:45 > BV:29,selected,1,0.0,True,517,225,292,586.0,1.0,1.0,True,True,1,1,0,True,1,1,0,0,True,True,0,17,8,17,8,2,PF_LS_RP,fixed,,,False,0.8333333333333334,0.9174018233503116,0.16666666666666663,0.1,adaptive,insert_random_aisle,offspring,feasible_start_adaptive_spacing,,,,feasible_start_adaptive_spacing,0.5,,True,auto_from_instance,0.75,0.35,"4,5,7,11,14,15,16,19,25,26,27,35,36,38,41,42,45","2,16,20,24,25,27,29,34",,,,,,"H[4,5,7,11,14,15,16,19,25,26,27,35,36,38,41,42,45]|V[2,16,20,24,25,27,29,34]",7e0f4d1a90907f684b7d565e90c4ddb6c1ba7c58
proposed_nsga2_bs_Gyorgy-KOVACS_WH_Wide_AW_5_seed_117,proposed_nsga2_bs,Gyorgy-KOVACS_WH_Wide_AW_5,117,14,auto_from_instance,12,18,4,30,216,,,,,7,3,8,root > V:16 > BH:26 > BH:5 > BH:16 > BH:27 > BH:36 > BH:45 > BV:25,selected,0,inf,True,517,238,279,368.0,1.0,1.0,True,True,1,1,0,True,1,1,0,0,True,True,0,19,9,19,9,3,PF_LS_RP,fixed,,,False,0.8333333333333334,0.8514028149536504,0.16666666666666663,0.1,adaptive,break_symmetry,offspring,feasible_start_adaptive_spacing,,,,feasible_start_adaptive_spacing,0.5,,True,auto_from_instance,0.75,0.35,"1,4,6,11,14,15,16,25,26,27,35,36,38,41,42,45,50,53","2,16,17,19,24,25,27,29,34",,,,,,"H[1,4,5,6,11,14,15,16,25,26,27,35,36,38,41,42,45,50,53]|V[2,16,17,19,24,25,27,29,34]",015ee1c8318bbe65f9d75b3878c91b9d7be2a076
proposed_nsga2_bs_Gyorgy-KOVACS_WH_Wide_AW_5_seed_117,proposed_nsga2_bs,Gyorgy-KOVACS_WH_Wide_AW_5,117,14,auto_from_instance,12,18,4,30,216,,,,,8,3,8,root > V:16 > BH:26 > BH:5 > BH:16 > BH:27 > BH:36 > BH:45 > BV:29,selected,1,inf,True,517,225,292,586.0,1.0,1.0,True,True,1,1,0,True,1,1,0,0,True,True,0,19,9,19,9,3,PF_LS_RP,fixed,,,False,0.8333333333333334,0.8514028149536504,0.16666666666666663,0.1,adaptive,break_symmetry,offspring,feasible_start_adaptive_spacing,,,,feasible_start_adaptive_spacing,0.5,,True,auto_from_instance,0.75,0.35,"1,4,6,11,14,15,16,25,26,27,35,36,38,41,42,45,50,53","2,16,17,19,24,25,27,29,34",,,,,,"H[1,4,5,6,11,14,15,16,25,26,27,35,36,38,41,42,45,50,53]|V[2,16,17,19,24,25,27,29,34]",ed71c8d546062d956359fd31a02e14699e745412
proposed_nsga2_bs_Gyorgy-KOVACS_WH_Wide_AW_5_seed_117,proposed_nsga2_bs,Gyorgy-KOVACS_WH_Wide_AW_5,117,14,auto_from_instance,12,18,4,30,216,,,,,9,11,7,root > V:17 > BH:26 > BH:5 > BH:16 > BH:25 > BH:36 > BH:47,selected,1,inf,True,572,220,352,507.0,1.0,1.0,True,True,1,1,0,True,1,1,0,0,True,True,0,16,10,16,10,11,PF_LS_RP,fixed,,,False,0.8333333333333334,0.8188456775999576,0.16666666666666663,0.1,adaptive,insert_random_aisle,offspring,feasible_start_adaptive_spacing,,,,feasible_start_adaptive_spacing,0.5,,True,auto_from_instance,0.75,0.35,"1,4,5,11,14,15,16,25,26,27,36,42,45,50,53","2,11,17,19,24,25,27,29,33,34",,,,,,"H[1,4,5,11,14,15,16,25,26,27,36,42,45,47,50,53]|V[2,11,17,19,24,25,27,29,33,34]",173dd91401b4b71d9f20edd9e83506be465b9528
proposed_nsga2_bs_Gyorgy-KOVACS_WH_Wide_AW_5_seed_117,proposed_nsga2_bs,Gyorgy-KOVACS_WH_Wide_AW_5,117,14,auto_from_instance,12,18,4,30,216,,,,,10,11,7,root > V:17 > BH:26 > BH:5 > BH:14 > BH:25 > BH:36 > BH:47,selected,1,inf,True,572,220,352,507.0,1.0,1.0,True,True,1,1,0,True,1,1,0,0,True,True,0,16,10,16,10,11,PF_LS_RP,fixed,,,False,0.8333333333333334,0.8188456775999576,0.16666666666666663,0.1,adaptive,insert_random_aisle,offspring,feasible_start_adaptive_spacing,,,,feasible_start_adaptive_spacing,0.5,,True,auto_from_instance,0.75,0.35,"1,4,5,11,14,15,16,25,26,27,36,42,45,50,53","2,11,17,19,24,25,27,29,33,34",,,,,,"H[1,4,5,11,14,15,16,25,26,27,36,42,45,47,50,53]|V[2,11,17,19,24,25,27,29,33,34]",e59e5dd5e1537a2d164e028d12bd66f538f0cb70
proposed_nsga2_bs_Gyorgy-KOVACS_WH_Wide_AW_5_seed_117,proposed_nsga2_bs,Gyorgy-KOVACS_WH_Wide_AW_5,117,14,auto_from_instance,12,18,4,30,216,,,,,11,11,7,root > V:17 > BH:26 > BH:5 > BH:16 > BH:25 > BH:36 > BH:45,selected,2,inf,True,572,220,352,711.0,1.0,1.0,True,True,1,1,0,True,1,1,0,0,True,True,0,15,10,15,10,11,PF_LS_RP,fixed,,,False,0.8333333333333334,0.8188456775999576,0.16666666666666663,0.1,adaptive,insert_random_aisle,offspring,feasible_start_adaptive_spacing,,,,feasible_start_adaptive_spacing,0.5,,True,auto_from_instance,0.75,0.35,"1,4,5,11,14,15,16,25,26,27,36,42,45,50,53","2,11,17,19,24,25,27,29,33,34",,,,,,"H[1,4,5,11,14,15,16,25,26,27,36,42,45,50,53]|V[2,11,17,19,24,25,27,29,33,34]",854ec9b997ec508dda6ea9e399147d7a4b626ba8
proposed_nsga2_bs_Gyorgy-KOVACS_WH_Wide_AW_5_seed_117,proposed_nsga2_bs,Gyorgy-KOVACS_WH_Wide_AW_5,117,14,auto_from_instance,12,18,4,30,216,,,,,12,11,7,root > V:17 > BH:26 > BH:5 > BH:14 > BH:25 > BH:36 > BH:45,selected,2,inf,True,572,220,352,711.0,1.0,1.0,True,True,1,1,0,True,1,1,0,0,True,True,0,15,10,15,10,11,PF_LS_RP,fixed,,,False,0.8333333333333334,0.8188456775999576,0.16666666666666663,0.1,adaptive,insert_random_aisle,offspring,feasible_start_adaptive_spacing,,,,feasible_start_adaptive_spacing,0.5,,True,auto_from_instance,0.75,0.35,"1,4,5,11,14,15,16,25,26,27,36,42,45,50,53","2,11,17,19,24,25,27,29,33,34",,,,,,"H[1,4,5,11,14,15,16,25,26,27,36,42,45,50,53]|V[2,11,17,19,24,25,27,29,33,34]",ef95c5265d039c602cc7246bb99c122e90a60068
proposed_nsga2_bs_Gyorgy-KOVACS_WH_Wide_AW_5_seed_117,proposed_nsga2_bs,Gyorgy-KOVACS_WH_Wide_AW_5,117,15,auto_from_instance,12,18,4,30,216,,,,,1,1,8,root > V:15 > BH:26 > BH:5 > BH:16 > BH:25 > BH:36 > BH:45 > BV:24,selected,0,inf,True,497,247,250,385.0,1.0,1.0,True,True,1,1,0,True,1,1,0,0,True,True,0,18,11,18,11,1,PF_LS_RP,fixed,,,False,0.8888888888888888,0.9129748953019997,0.11111111111111116,0.1,adaptive,bit_flip,offspring,feasible_start_adaptive_spacing,,,,feasible_start_adaptive_spacing,0.5,,True,auto_from_instance,0.75,0.35,"4,5,11,14,15,16,19,25,26,27,30,36,42,45,47,53,54,55","2,4,9,15,18,22,24,25,27,29,34",,,,,,"H[4,5,11,14,15,16,19,25,26,27,30,36,42,45,47,53,54,55]|V[2,4,9,15,18,22,24,25,27,29,34]",416c9c0e4f9e06143d78fee04cbc7a8d1c4800ad
proposed_nsga2_bs_Gyorgy-KOVACS_WH_Wide_AW_5_seed_117,proposed_nsga2_bs,Gyorgy-KOVACS_WH_Wide_AW_5,117,15,auto_from_instance,12,18,4,30,216,,,,,2,1,8,root > V:15 > BH:26 > BH:5 > BH:14 > BH:25 > BH:36 > BH:45 > BV:24,selected,0,inf,True,497,247,250,385.0,1.0,1.0,True,True,1,1,0,True,1,1,0,0,True,True,0,18,11,18,11,1,PF_LS_RP,fixed,,,False,0.8888888888888888,0.9129748953019997,0.11111111111111116,0.1,adaptive,bit_flip,offspring,feasible_start_adaptive_spacing,,,,feasible_start_adaptive_spacing,0.5,,True,auto_from_instance,0.75,0.35,"4,5,11,14,15,16,19,25,26,27,30,36,42,45,47,53,54,55","2,4,9,15,18,22,24,25,27,29,34",,,,,,"H[4,5,11,14,15,16,19,25,26,27,30,36,42,45,47,53,54,55]|V[2,4,9,15,18,22,24,25,27,29,34]",4f5b467192e7c6ce4bc3fd69bf3ce13c31bd8ba0
proposed_nsga2_bs_Gyorgy-KOVACS_WH_Wide_AW_5_seed_117,proposed_nsga2_bs,Gyorgy-KOVACS_WH_Wide_AW_5,117,15,auto_from_instance,12,18,4,30,216,,,,,3,2,8,root > V:16 > BH:26 > BH:5 > BH:16 > BH:25 > BH:36 > BH:45 > BV:25,selected,0,inf,True,517,238,279,368.0,1.0,1.0,True,True,1,1,0,True,1,1,0,0,True,True,0,18,7,18,7,2,PF_LS_RP,fixed,,,False,0.8888888888888888,0.8580362044398012,0.11111111111111116,0.1,adaptive,spacing_aware_flip,offspring,feasible_start_adaptive_spacing,,,,feasible_start_adaptive_spacing,0.5,,True,auto_from_instance,0.75,0.35,"4,5,7,11,14,15,16,19,25,26,27,35,36,38,41,42,45,54","2,16,20,24,25,27,29",,,,,,"H[4,5,7,11,14,15,16,19,25,26,27,35,36,38,41,42,45,54]|V[2,16,20,24,25,27,29]",559a078c3ea143504613077c561cb3124d66b767
proposed_nsga2_bs_Gyorgy-KOVACS_WH_Wide_AW_5_seed_117,proposed_nsga2_bs,Gyorgy-KOVACS_WH_Wide_AW_5,117,15,auto_from_instance,12,18,4,30,216,,,,,4,2,8,root > V:16 > BH:26 > BH:5 > BH:14 > BH:25 > BH:36 > BH:45 > BV:25,selected,0,0.0,True,517,238,279,368.0,1.0,1.0,True,True,1,1,0,True,1,1,0,0,True,True,0,18,7,18,7,2,PF_LS_RP,fixed,,,False,0.8888888888888888,0.8580362044398012,0.11111111111111116,0.1,adaptive,spacing_aware_flip,offspring,feasible_start_adaptive_spacing,,,,feasible_start_adaptive_spacing,0.5,,True,auto_from_instance,0.75,0.35,"4,5,7,11,14,15,16,19,25,26,27,35,36,38,41,42,45,54","2,16,20,24,25,27,29",,,,,,"H[4,5,7,11,14,15,16,19,25,26,27,35,36,38,41,42,45,54]|V[2,16,20,24,25,27,29]",6fcfc694894a367ef71d338faec4ce589ca685b5
proposed_nsga2_bs_Gyorgy-KOVACS_WH_Wide_AW_5_seed_117,proposed_nsga2_bs,Gyorgy-KOVACS_WH_Wide_AW_5,117,15,auto_from_instance,12,18,4,30,216,,,,,5,2,8,root > V:16 > BH:26 > BH:5 > BH:16 > BH:25 > BH:36 > BH:45 > BV:29,selected,1,inf,True,517,225,292,586.0,1.0,1.0,True,True,1,1,0,True,1,1,0,0,True,True,0,18,7,18,7,2,PF_LS_RP,fixed,,,False,0.8888888888888888,0.8580362044398012,0.11111111111111116,0.1,adaptive,spacing_aware_flip,offspring,feasible_start_adaptive_spacing,,,,feasible_start_adaptive_spacing,0.5,,True,auto_from_instance,0.75,0.35,"4,5,7,11,14,15,16,19,25,26,27,35,36,38,41,42,45,54","2,16,20,24,25,27,29",,,,,,"H[4,5,7,11,14,15,16,19,25,26,27,35,36,38,41,42,45,54]|V[2,16,20,24,25,27,29]",13a8831f3352523fe53b9477eb693b985fdfc37c
proposed_nsga2_bs_Gyorgy-KOVACS_WH_Wide_AW_5_seed_117,proposed_nsga2_bs,Gyorgy-KOVACS_WH_Wide_AW_5,117,15,auto_from_instance,12,18,4,30,216,,,,,6,2,8,root > V:16 > BH:26 > BH:5 > BH:14 > BH:25 > BH:36 > BH:45 > BV:29,selected,1,0.0,True,517,225,292,586.0,1.0,1.0,True,True,1,1,0,True,1,1,0,0,True,True,0,18,7,18,7,2,PF_LS_RP,fixed,,,False,0.8888888888888888,0.8580362044398012,0.11111111111111116,0.1,adaptive,spacing_aware_flip,offspring,feasible_start_adaptive_spacing,,,,feasible_start_adaptive_spacing,0.5,,True,auto_from_instance,0.75,0.35,"4,5,7,11,14,15,16,19,25,26,27,35,36,38,41,42,45,54","2,16,20,24,25,27,29",,,,,,"H[4,5,7,11,14,15,16,19,25,26,27,35,36,38,41,42,45,54]|V[2,16,20,24,25,27,29]",7e0f4d1a90907f684b7d565e90c4ddb6c1ba7c58
proposed_nsga2_bs_Gyorgy-KOVACS_WH_Wide_AW_5_seed_117,proposed_nsga2_bs,Gyorgy-KOVACS_WH_Wide_AW_5,117,15,auto_from_instance,12,18,4,30,216,,,,,7,3,7,root > V:17 > BH:26 > BH:5 > BH:16 > BH:25 > BH:36 > BH:47,selected,1,inf,True,572,220,352,507.0,1.0,1.0,True,True,1,1,0,True,1,1,0,0,True,True,0,16,9,16,9,3,PF_LS_RP,fixed,,,False,0.8888888888888888,0.9303682338828423,0.11111111111111116,0.1,adaptive,insert_random_aisle,offspring,feasible_start_adaptive_spacing,,,,feasible_start_adaptive_spacing,0.5,,True,auto_from_instance,0.75,0.35,"1,4,5,11,14,15,16,25,26,27,36,42,45,47,50,53","2,11,17,19,24,25,27,29,31",,,,,,"H[1,4,5,11,14,15,16,25,26,27,36,42,45,47,50,53]|V[2,11,17,19,24,25,27,29,31]",173dd91401b4b71d9f20edd9e83506be465b9528
proposed_nsga2_bs_Gyorgy-KOVACS_WH_Wide_AW_5_seed_117,proposed_nsga2_bs,Gyorgy-KOVACS_WH_Wide_AW_5,117,15,auto_from_instance,12,18,4,30,216,,,,,8,3,7,root > V:17 > BH:26 > BH:5 > BH:14 > BH:25 > BH:36 > BH:47,selected,1,inf,True,572,220,352,507.0,1.0,1.0,True,True,1,1,0,True,1,1,0,0,True,True,0,16,9,16,9,3,PF_LS_RP,fixed,,,False,0.8888888888888888,0.9303682338828423,0.11111111111111116,0.1,adaptive,insert_random_aisle,offspring,feasible_start_adaptive_spacing,,,,feasible_start_adaptive_spacing,0.5,,True,auto_from_instance,0.75,0.35,"1,4,5,11,14,15,16,25,26,27,36,42,45,47,50,53","2,11,17,19,24,25,27,29,31",,,,,,"H[1,4,5,11,14,15,16,25,26,27,36,42,45,47,50,53]|V[2,11,17,19,24,25,27,29,31]",e59e5dd5e1537a2d164e028d12bd66f538f0cb70
proposed_nsga2_bs_Gyorgy-KOVACS_WH_Wide_AW_5_seed_117,proposed_nsga2_bs,Gyorgy-KOVACS_WH_Wide_AW_5,117,15,auto_from_instance,12,18,4,30,216,,,,,9,3,7,root > V:17 > BH:26 > BH:5 > BH:16 > BH:25 > BH:36 > BH:45,selected,2,inf,True,572,220,352,711.0,1.0,1.0,True,True,1,1,0,True,1,1,0,0,True,True,0,16,9,16,9,3,PF_LS_RP,fixed,,,False,0.8888888888888888,0.9303682338828423,0.11111111111111116,0.1,adaptive,insert_random_aisle,offspring,feasible_start_adaptive_spacing,,,,feasible_start_adaptive_spacing,0.5,,True,auto_from_instance,0.75,0.35,"1,4,5,11,14,15,16,25,26,27,36,42,45,47,50,53","2,11,17,19,24,25,27,29,31",,,,,,"H[1,4,5,11,14,15,16,25,26,27,36,42,45,47,50,53]|V[2,11,17,19,24,25,27,29,31]",854ec9b997ec508dda6ea9e399147d7a4b626ba8
proposed_nsga2_bs_Gyorgy-KOVACS_WH_Wide_AW_5_seed_117,proposed_nsga2_bs,Gyorgy-KOVACS_WH_Wide_AW_5,117,15,auto_from_instance,12,18,4,30,216,,,,,10,3,7,root > V:17 > BH:26 > BH:5 > BH:14 > BH:25 > BH:36 > BH:45,selected,2,inf,True,572,220,352,711.0,1.0,1.0,True,True,1,1,0,True,1,1,0,0,True,True,0,16,9,16,9,3,PF_LS_RP,fixed,,,False,0.8888888888888888,0.9303682338828423,0.11111111111111116,0.1,adaptive,insert_random_aisle,offspring,feasible_start_adaptive_spacing,,,,feasible_start_adaptive_spacing,0.5,,True,auto_from_instance,0.75,0.35,"1,4,5,11,14,15,16,25,26,27,36,42,45,47,50,53","2,11,17,19,24,25,27,29,31",,,,,,"H[1,4,5,11,14,15,16,25,26,27,36,42,45,47,50,53]|V[2,11,17,19,24,25,27,29,31]",ef95c5265d039c602cc7246bb99c122e90a60068
proposed_nsga2_bs_Gyorgy-KOVACS_WH_Wide_AW_5_seed_117,proposed_nsga2_bs,Gyorgy-KOVACS_WH_Wide_AW_5,117,15,auto_from_instance,12,18,4,30,216,,,,,11,5,8,root > V:16 > BH:26 > BH:5 > BH:16 > BH:27 > BH:36 > BH:45 > BV:25,selected,0,inf,True,517,238,279,368.0,1.0,1.0,True,True,1,1,0,True,1,1,0,0,True,True,0,20,9,20,9,5,PF_LS_RP,fixed,,,False,0.8888888888888888,0.8359076044019863,0.11111111111111116,0.1,adaptive,insert_random_aisle,offspring,feasible_start_adaptive_spacing,,,,feasible_start_adaptive_spacing,0.5,,True,auto_from_instance,0.75,0.35,"4,5,7,11,14,15,16,19,25,26,27,35,36,38,41,42,45,50,52,53","2,16,17,19,24,25,27,29,34",,,,,,"H[4,5,7,11,14,15,16,19,25,26,27,35,36,38,41,42,45,50,52,53]|V[2,16,17,19,24,25,27,29,34]",015ee1c8318bbe65f9d75b3878c91b9d7be2a076
proposed_nsga2_bs_Gyorgy-KOVACS_WH_Wide_AW_5_seed_117,proposed_nsga2_bs,Gyorgy-KOVACS_WH_Wide_AW_5,117,15,auto_from_instance,12,18,4,30,216,,,,,12,5,8,root > V:16 > BH:26 > BH:5 > BH:16 > BH:27 > BH:36 > BH:45 > BV:29,selected,1,inf,True,517,225,292,586.0,1.0,1.0,True,True,1,1,0,True,1,1,0,0,True,True,0,20,9,20,9,5,PF_LS_RP,fixed,,,False,0.8888888888888888,0.8359076044019863,0.11111111111111116,0.1,adaptive,insert_random_aisle,offspring,feasible_start_adaptive_spacing,,,,feasible_start_adaptive_spacing,0.5,,True,auto_from_instance,0.75,0.35,"4,5,7,11,14,15,16,19,25,26,27,35,36,38,41,42,45,50,52,53","2,16,17,19,24,25,27,29,34",,,,,,"H[4,5,7,11,14,15,16,19,25,26,27,35,36,38,41,42,45,50,52,53]|V[2,16,17,19,24,25,27,29,34]",ed71c8d546062d956359fd31a02e14699e745412
proposed_nsga2_bs_Gyorgy-KOVACS_WH_Wide_AW_5_seed_117,proposed_nsga2_bs,Gyorgy-KOVACS_WH_Wide_AW_5,117,16,auto_from_instance,12,18,4,30,216,,,,,1,1,8,root > V:16 > BH:26 > BH:5 > BH:16 > BH:25 > BH:36 > BH:45 > BV:25,selected,0,inf,True,517,238,279,368.0,1.0,1.0,True,True,1,1,0,True,1,1,0,0,True,True,0,18,8,18,8,1,PF_LS_RP,fixed,,,False,0.9444444444444444,0.8662304301368544,0.1,0.1,adaptive,spacing_aware_flip,offspring,feasible_start_adaptive_spacing,,,,feasible_start_adaptive_spacing,0.5,,True,auto_from_instance,0.75,0.35,"4,5,7,11,14,15,16,19,25,26,27,35,36,38,41,42,45,54","2,9,16,20,24,25,27,29",,,,,,"H[4,5,7,11,14,15,16,19,25,26,27,35,36,38,41,42,45,54]|V[2,9,16,20,24,25,27,29]",559a078c3ea143504613077c561cb3124d66b767
proposed_nsga2_bs_Gyorgy-KOVACS_WH_Wide_AW_5_seed_117,proposed_nsga2_bs,Gyorgy-KOVACS_WH_Wide_AW_5,117,16,auto_from_instance,12,18,4,30,216,,,,,2,1,8,root > V:16 > BH:26 > BH:5 > BH:14 > BH:25 > BH:36 > BH:45 > BV:25,selected,0,0.0,True,517,238,279,368.0,1.0,1.0,True,True,1,1,0,True,1,1,0,0,True,True,0,18,8,18,8,1,PF_LS_RP,fixed,,,False,0.9444444444444444,0.8662304301368544,0.1,0.1,adaptive,spacing_aware_flip,offspring,feasible_start_adaptive_spacing,,,,feasible_start_adaptive_spacing,0.5,,True,auto_from_instance,0.75,0.35,"4,5,7,11,14,15,16,19,25,26,27,35,36,38,41,42,45,54","2,9,16,20,24,25,27,29",,,,,,"H[4,5,7,11,14,15,16,19,25,26,27,35,36,38,41,42,45,54]|V[2,9,16,20,24,25,27,29]",6fcfc694894a367ef71d338faec4ce589ca685b5
proposed_nsga2_bs_Gyorgy-KOVACS_WH_Wide_AW_5_seed_117,proposed_nsga2_bs,Gyorgy-KOVACS_WH_Wide_AW_5,117,16,auto_from_instance,12,18,4,30,216,,,,,3,1,8,root > V:16 > BH:26 > BH:5 > BH:16 > BH:25 > BH:36 > BH:45 > BV:29,selected,1,inf,True,517,225,292,586.0,1.0,1.0,True,True,1,1,0,True,1,1,0,0,True,True,0,18,8,18,8,1,PF_LS_RP,fixed,,,False,0.9444444444444444,0.8662304301368544,0.1,0.1,adaptive,spacing_aware_flip,offspring,feasible_start_adaptive_spacing,,,,feasible_start_adaptive_spacing,0.5,,True,auto_from_instance,0.75,0.35,"4,5,7,11,14,15,16,19,25,26,27,35,36,38,41,42,45,54","2,9,16,20,24,25,27,29",,,,,,"H[4,5,7,11,14,15,16,19,25,26,27,35,36,38,41,42,45,54]|V[2,9,16,20,24,25,27,29]",13a8831f3352523fe53b9477eb693b985fdfc37c
proposed_nsga2_bs_Gyorgy-KOVACS_WH_Wide_AW_5_seed_117,proposed_nsga2_bs,Gyorgy-KOVACS_WH_Wide_AW_5,117,16,auto_from_instance,12,18,4,30,216,,,,,4,1,8,root > V:16 > BH:26 > BH:5 > BH:14 > BH:25 > BH:36 > BH:45 > BV:29,selected,1,0.0,True,517,225,292,586.0,1.0,1.0,True,True,1,1,0,True,1,1,0,0,True,True,0,18,8,18,8,1,PF_LS_RP,fixed,,,False,0.9444444444444444,0.8662304301368544,0.1,0.1,adaptive,spacing_aware_flip,offspring,feasible_start_adaptive_spacing,,,,feasible_start_adaptive_spacing,0.5,,True,auto_from_instance,0.75,0.35,"4,5,7,11,14,15,16,19,25,26,27,35,36,38,41,42,45,54","2,9,16,20,24,25,27,29",,,,,,"H[4,5,7,11,14,15,16,19,25,26,27,35,36,38,41,42,45,54]|V[2,9,16,20,24,25,27,29]",7e0f4d1a90907f684b7d565e90c4ddb6c1ba7c58
proposed_nsga2_bs_Gyorgy-KOVACS_WH_Wide_AW_5_seed_117,proposed_nsga2_bs,Gyorgy-KOVACS_WH_Wide_AW_5,117,16,auto_from_instance,12,18,4,30,216,,,,,5,2,8,root > V:16 > BH:26 > BH:5 > BH:16 > BH:27 > BH:36 > BH:45 > BV:25,selected,0,inf,True,517,238,279,368.0,1.0,1.0,True,True,1,1,0,True,1,1,0,0,True,True,0,20,10,20,10,2,PF_LS_RP,fixed,,,False,0.9444444444444444,0.9698823761552339,0.1,0.1,adaptive,spacing_aware_flip,offspring,feasible_start_adaptive_spacing,,,,feasible_start_adaptive_spacing,0.5,,True,auto_from_instance,0.75,0.35,"4,5,7,11,14,15,16,19,25,26,27,35,36,38,41,42,45,50,52,53","2,7,16,17,19,24,25,27,29,34",,,,,,"H[4,5,7,11,14,15,16,19,25,26,27,35,36,38,41,42,45,50,52,53]|V[2,7,16,17,19,24,25,27,29,34]",015ee1c8318bbe65f9d75b3878c91b9d7be2a076
proposed_nsga2_bs_Gyorgy-KOVACS_WH_Wide_AW_5_seed_117,proposed_nsga2_bs,Gyorgy-KOVACS_WH_Wide_AW_5,117,16,auto_from_instance,12,18,4,30,216,,,,,6,2,8,root > V:16 > BH:26 > BH:5 > BH:16 > BH:27 > BH:36 > BH:45 > BV:29,selected,1,inf,True,517,225,292,586.0,1.0,1.0,True,True,1,1,0,True,1,1,0,0,True,True,0,20,10,20,10,2,PF_LS_RP,fixed,,,False,0.9444444444444444,0.9698823761552339,0.1,0.1,adaptive,spacing_aware_flip,offspring,feasible_start_adaptive_spacing,,,,feasible_start_adaptive_spacing,0.5,,True,auto_from_instance,0.75,0.35,"4,5,7,11,14,15,16,19,25,26,27,35,36,38,41,42,45,50,52,53","2,7,16,17,19,24,25,27,29,34",,,,,,"H[4,5,7,11,14,15,16,19,25,26,27,35,36,38,41,42,45,50,52,53]|V[2,7,16,17,19,24,25,27,29,34]",ed71c8d546062d956359fd31a02e14699e745412
proposed_nsga2_bs_Gyorgy-KOVACS_WH_Wide_AW_5_seed_117,proposed_nsga2_bs,Gyorgy-KOVACS_WH_Wide_AW_5,117,16,auto_from_instance,12,18,4,30,216,,,,,7,6,8,root > V:15 > BH:26 > BH:5 > BH:16 > BH:25 > BH:36 > BH:45 > BV:24,selected,0,inf,True,497,247,250,385.0,1.0,1.0,True,True,1,1,0,True,1,1,0,0,True,True,0,18,8,18,8,6,PF_LS_RP,fixed,,,False,0.9444444444444444,1.0,0.1,0.1,adaptive,break_symmetry,offspring,feasible_start_adaptive_spacing,,,,feasible_start_adaptive_spacing,0.5,,True,auto_from_instance,0.75,0.35,"4,5,7,11,14,15,16,19,25,26,27,35,36,38,41,42,45,54","3,15,18,22,24,25,27,29",,,,,,"H[4,5,7,11,14,15,16,19,25,26,27,35,36,38,41,42,45,54]|V[3,15,18,22,24,25,27,29]",416c9c0e4f9e06143d78fee04cbc7a8d1c4800ad
proposed_nsga2_bs_Gyorgy-KOVACS_WH_Wide_AW_5_seed_117,proposed_nsga2_bs,Gyorgy-KOVACS_WH_Wide_AW_5,117,16,auto_from_instance,12,18,4,30,216,,,,,8,6,8,root > V:15 > BH:26 > BH:5 > BH:14 > BH:25 > BH:36 > BH:45 > BV:24,selected,0,inf,True,497,247,250,385.0,1.0,1.0,True,True,1,1,0,True,1,1,0,0,True,True,0,18,8,18,8,6,PF_LS_RP,fixed,,,False,0.9444444444444444,1.0,0.1,0.1,adaptive,break_symmetry,offspring,feasible_start_adaptive_spacing,,,,feasible_start_adaptive_spacing,0.5,,True,auto_from_instance,0.75,0.35,"4,5,7,11,14,15,16,19,25,26,27,35,36,38,41,42,45,54","3,15,18,22,24,25,27,29",,,,,,"H[4,5,7,11,14,15,16,19,25,26,27,35,36,38,41,42,45,54]|V[3,15,18,22,24,25,27,29]",4f5b467192e7c6ce4bc3fd69bf3ce13c31bd8ba0
proposed_nsga2_bs_Gyorgy-KOVACS_WH_Wide_AW_5_seed_117,proposed_nsga2_bs,Gyorgy-KOVACS_WH_Wide_AW_5,117,16,auto_from_instance,12,18,4,30,216,,,,,9,10,8,root > V:18 > BH:26 > BH:5 > BH:16 > BH:25 > BH:36 > BH:45 > BV:29,selected,1,inf,True,557,213,344,441.0,1.0,1.0,True,True,1,1,0,True,1,1,0,0,True,True,0,21,9,21,9,10,PF_LS_RP,fixed,,,False,0.9444444444444444,0.935713055540303,0.1,0.1,adaptive,spacing_aware_flip,offspring,feasible_start_adaptive_spacing,,,,feasible_start_adaptive_spacing,0.5,,True,auto_from_instance,0.75,0.35,"4,5,11,14,15,16,19,25,26,27,30,35,36,38,41,42,45,50,53,54,55","2,4,9,18,24,25,27,29,34",,,,,,"H[4,5,11,14,15,16,19,25,26,27,30,35,36,38,41,42,45,50,53,54,55]|V[2,4,9,18,24,25,27,29,34]",71364ffd26b39e09575fe06f8735f14e38505286
proposed_nsga2_bs_Gyorgy-KOVACS_WH_Wide_AW_5_seed_117,proposed_nsga2_bs,Gyorgy-KOVACS_WH_Wide_AW_5,117,16,auto_from_instance,12,18,4,30,216,,,,,10,10,8,root > V:18 > BH:26 > BH:5 > BH:14 > BH:25 > BH:36 > BH:45 > BV:29,selected,1,inf,True,557,213,344,441.0,1.0,1.0,True,True,1,1,0,True,1,1,0,0,True,True,0,21,9,21,9,10,PF_LS_RP,fixed,,,False,0.9444444444444444,0.935713055540303,0.1,0.1,adaptive,spacing_aware_flip,offspring,feasible_start_adaptive_spacing,,,,feasible_start_adaptive_spacing,0.5,,True,auto_from_instance,0.75,0.35,"4,5,11,14,15,16,19,25,26,27,30,35,36,38,41,42,45,50,53,54,55","2,4,9,18,24,25,27,29,34",,,,,,"H[4,5,11,14,15,16,19,25,26,27,30,35,36,38,41,42,45,50,53,54,55]|V[2,4,9,18,24,25,27,29,34]",adb10b87ca2484934e3d25903be5b527b7a6f960
proposed_nsga2_bs_Gyorgy-KOVACS_WH_Wide_AW_5_seed_117,proposed_nsga2_bs,Gyorgy-KOVACS_WH_Wide_AW_5,117,17,auto_from_instance,12,18,4,30,216,,,,,1,1,8,root > V:16 > BH:26 > BH:5 > BH:16 > BH:25 > BH:36 > BH:45 > BV:25,selected,0,inf,True,517,238,279,368.0,1.0,1.0,True,True,1,1,0,True,1,1,0,0,True,True,0,18,9,18,9,1,PF_LS_RP,fixed,,,False,1.0,1.0,0.1,0.1,adaptive,spacing_aware_flip,offspring,feasible_start_adaptive_spacing,,,,feasible_start_adaptive_spacing,0.5,,True,auto_from_instance,0.75,0.35,"4,5,7,11,14,15,16,19,25,26,27,35,36,38,41,42,45,54","3,16,18,22,24,25,27,29,34",,,,,,"H[4,5,7,11,14,15,16,19,25,26,27,35,36,38,41,42,45,54]|V[3,16,18,22,24,25,27,29,34]",559a078c3ea143504613077c561cb3124d66b767
proposed_nsga2_bs_Gyorgy-KOVACS_WH_Wide_AW_5_seed_117,proposed_nsga2_bs,Gyorgy-KOVACS_WH_Wide_AW_5,117,17,auto_from_instance,12,18,4,30,216,,,,,2,1,8,root > V:16 > BH:26 > BH:5 > BH:14 > BH:25 > BH:36 > BH:45 > BV:25,selected,0,0.0,True,517,238,279,368.0,1.0,1.0,True,True,1,1,0,True,1,1,0,0,True,True,0,18,9,18,9,1,PF_LS_RP,fixed,,,False,1.0,1.0,0.1,0.1,adaptive,spacing_aware_flip,offspring,feasible_start_adaptive_spacing,,,,feasible_start_adaptive_spacing,0.5,,True,auto_from_instance,0.75,0.35,"4,5,7,11,14,15,16,19,25,26,27,35,36,38,41,42,45,54","3,16,18,22,24,25,27,29,34",,,,,,"H[4,5,7,11,14,15,16,19,25,26,27,35,36,38,41,42,45,54]|V[3,16,18,22,24,25,27,29,34]",6fcfc694894a367ef71d338faec4ce589ca685b5
proposed_nsga2_bs_Gyorgy-KOVACS_WH_Wide_AW_5_seed_117,proposed_nsga2_bs,Gyorgy-KOVACS_WH_Wide_AW_5,117,17,auto_from_instance,12,18,4,30,216,,,,,3,1,8,root > V:16 > BH:26 > BH:5 > BH:16 > BH:25 > BH:36 > BH:45 > BV:29,selected,1,inf,True,517,225,292,586.0,1.0,1.0,True,True,1,1,0,True,1,1,0,0,True,True,0,18,9,18,9,1,PF_LS_RP,fixed,,,False,1.0,1.0,0.1,0.1,adaptive,spacing_aware_flip,offspring,feasible_start_adaptive_spacing,,,,feasible_start_adaptive_spacing,0.5,,True,auto_from_instance,0.75,0.35,"4,5,7,11,14,15,16,19,25,26,27,35,36,38,41,42,45,54","3,16,18,22,24,25,27,29,34",,,,,,"H[4,5,7,11,14,15,16,19,25,26,27,35,36,38,41,42,45,54]|V[3,16,18,22,24,25,27,29,34]",13a8831f3352523fe53b9477eb693b985fdfc37c
proposed_nsga2_bs_Gyorgy-KOVACS_WH_Wide_AW_5_seed_117,proposed_nsga2_bs,Gyorgy-KOVACS_WH_Wide_AW_5,117,17,auto_from_instance,12,18,4,30,216,,,,,4,1,8,root > V:16 > BH:26 > BH:5 > BH:14 > BH:25 > BH:36 > BH:45 > BV:29,selected,1,0.0,True,517,225,292,586.0,1.0,1.0,True,True,1,1,0,True,1,1,0,0,True,True,0,18,9,18,9,1,PF_LS_RP,fixed,,,False,1.0,1.0,0.1,0.1,adaptive,spacing_aware_flip,offspring,feasible_start_adaptive_spacing,,,,feasible_start_adaptive_spacing,0.5,,True,auto_from_instance,0.75,0.35,"4,5,7,11,14,15,16,19,25,26,27,35,36,38,41,42,45,54","3,16,18,22,24,25,27,29,34",,,,,,"H[4,5,7,11,14,15,16,19,25,26,27,35,36,38,41,42,45,54]|V[3,16,18,22,24,25,27,29,34]",7e0f4d1a90907f684b7d565e90c4ddb6c1ba7c58
proposed_nsga2_bs_Gyorgy-KOVACS_WH_Wide_AW_5_seed_117,proposed_nsga2_bs,Gyorgy-KOVACS_WH_Wide_AW_5,117,17,auto_from_instance,12,18,4,30,216,,,,,5,2,8,root > V:15 > BH:26 > BH:5 > BH:16 > BH:25 > BH:36 > BH:45 > BV:24,selected,0,inf,True,497,247,250,385.0,1.0,1.0,True,True,1,1,0,True,1,1,0,0,True,True,0,20,11,20,11,2,PF_LS_RP,fixed,,,False,1.0,1.0,0.1,0.1,adaptive,insert_random_aisle,offspring,feasible_start_adaptive_spacing,,,,feasible_start_adaptive_spacing,0.5,,True,auto_from_instance,0.75,0.35,"4,5,7,11,14,15,16,19,25,26,27,35,36,38,41,42,45,50,52,53","2,7,8,15,17,19,24,25,27,29,34",,,,,,"H[4,5,7,11,14,15,16,19,25,26,27,35,36,38,41,42,45,50,52,53]|V[2,7,8,15,17,19,24,25,27,29,34]",416c9c0e4f9e06143d78fee04cbc7a8d1c4800ad
proposed_nsga2_bs_Gyorgy-KOVACS_WH_Wide_AW_5_seed_117,proposed_nsga2_bs,Gyorgy-KOVACS_WH_Wide_AW_5,117,17,auto_from_instance,12,18,4,30,216,,,,,6,2,8,root > V:15 > BH:26 > BH:5 > BH:14 > BH:25 > BH:36 > BH:45 > BV:24,selected,0,inf,True,497,247,250,385.0,1.0,1.0,True,True,1,1,0,True,1,1,0,0,True,True,0,20,11,20,11,2,PF_LS_RP,fixed,,,False,1.0,1.0,0.1,0.1,adaptive,insert_random_aisle,offspring,feasible_start_adaptive_spacing,,,,feasible_start_adaptive_spacing,0.5,,True,auto_from_instance,0.75,0.35,"4,5,7,11,14,15,16,19,25,26,27,35,36,38,41,42,45,50,52,53","2,7,8,15,17,19,24,25,27,29,34",,,,,,"H[4,5,7,11,14,15,16,19,25,26,27,35,36,38,41,42,45,50,52,53]|V[2,7,8,15,17,19,24,25,27,29,34]",4f5b467192e7c6ce4bc3fd69bf3ce13c31bd8ba0
proposed_nsga2_bs_Gyorgy-KOVACS_WH_Wide_AW_5_seed_117,proposed_nsga2_bs,Gyorgy-KOVACS_WH_Wide_AW_5,117,17,auto_from_instance,12,18,4,30,216,,,,,7,3,8,root > V:16 > BH:26 > BH:5 > BH:16 > BH:27 > BH:36 > BH:45 > BV:25,selected,0,inf,True,517,238,279,368.0,1.0,1.0,True,True,1,1,0,True,1,1,0,0,True,True,0,20,10,20,10,3,PF_LS_RP,fixed,,,False,1.0,0.9963930229083792,0.1,0.1,adaptive,bit_flip,offspring,feasible_start_adaptive_spacing,,,,feasible_start_adaptive_spacing,0.5,,True,auto_from_instance,0.75,0.35,"4,5,7,11,14,15,16,19,25,26,27,35,36,38,41,42,45,50,52,53","2,3,16,17,19,24,25,27,29,34",,,,,,"H[4,5,7,11,14,15,16,19,25,26,27,35,36,38,41,42,45,50,52,53]|V[2,3,16,17,19,24,25,27,29,34]",015ee1c8318bbe65f9d75b3878c91b9d7be2a076
proposed_nsga2_bs_Gyorgy-KOVACS_WH_Wide_AW_5_seed_117,proposed_nsga2_bs,Gyorgy-KOVACS_WH_Wide_AW_5,117,17,auto_from_instance,12,18,4,30,216,,,,,8,3,8,root > V:16 > BH:26 > BH:5 > BH:16 > BH:27 > BH:36 > BH:45 > BV:29,selected,1,inf,True,517,225,292,586.0,1.0,1.0,True,True,1,1,0,True,1,1,0,0,True,True,0,20,10,20,10,3,PF_LS_RP,fixed,,,False,1.0,0.9963930229083792,0.1,0.1,adaptive,bit_flip,offspring,feasible_start_adaptive_spacing,,,,feasible_start_adaptive_spacing,0.5,,True,auto_from_instance,0.75,0.35,"4,5,7,11,14,15,16,19,25,26,27,35,36,38,41,42,45,50,52,53","2,3,16,17,19,24,25,27,29,34",,,,,,"H[4,5,7,11,14,15,16,19,25,26,27,35,36,38,41,42,45,50,52,53]|V[2,3,16,17,19,24,25,27,29,34]",ed71c8d546062d956359fd31a02e14699e745412
proposed_nsga2_bs_Gyorgy-KOVACS_WH_Wide_AW_5_seed_117,proposed_nsga2_bs,Gyorgy-KOVACS_WH_Wide_AW_5,117,17,auto_from_instance,12,18,4,30,216,,,,,9,10,8,root > V:18 > BH:26 > BH:5 > BH:16 > BH:25 > BH:36 > BH:45 > BV:29,selected,1,inf,True,557,213,344,441.0,1.0,1.0,True,True,1,1,0,True,1,1,0,0,True,True,0,19,7,19,7,10,PF_LS_RP,fixed,,,False,1.0,1.0,0.1,0.1,adaptive,bit_flip,offspring,feasible_start_adaptive_spacing,,,,feasible_start_adaptive_spacing,0.5,,True,auto_from_instance,0.75,0.35,"4,5,7,11,14,15,16,19,24,25,26,27,35,36,38,41,42,45,54","2,9,18,24,25,27,29",,,,,,"H[4,5,7,11,14,15,16,19,24,25,26,27,35,36,38,41,42,45,54]|V[2,9,18,24,25,27,29]",71364ffd26b39e09575fe06f8735f14e38505286
proposed_nsga2_bs_Gyorgy-KOVACS_WH_Wide_AW_5_seed_117,proposed_nsga2_bs,Gyorgy-KOVACS_WH_Wide_AW_5,117,17,auto_from_instance,12,18,4,30,216,,,,,10,10,8,root > V:18 > BH:26 > BH:5 > BH:14 > BH:25 > BH:36 > BH:45 > BV:29,selected,1,inf,True,557,213,344,441.0,1.0,1.0,True,True,1,1,0,True,1,1,0,0,True,True,0,19,7,19,7,10,PF_LS_RP,fixed,,,False,1.0,1.0,0.1,0.1,adaptive,bit_flip,offspring,feasible_start_adaptive_spacing,,,,feasible_start_adaptive_spacing,0.5,,True,auto_from_instance,0.75,0.35,"4,5,7,11,14,15,16,19,24,25,26,27,35,36,38,41,42,45,54","2,9,18,24,25,27,29",,,,,,"H[4,5,7,11,14,15,16,19,24,25,26,27,35,36,38,41,42,45,54]|V[2,9,18,24,25,27,29]",adb10b87ca2484934e3d25903be5b527b7a6f960
