run_id,method,instance,seed,generation,budget_policy,auto_population_size,auto_generations,auto_beam_width,auto_max_depth,auto_decode_budget,restart_index,batch_index,within_batch_index,decode_budget,candidate_id,parent_chromosome_id,depth,trace,status,rank,crowding_distance,selected,storage_total,pick_faces,interior_storage,retrieval_penalty,door_connectivity_index,access_anchor_connectivity_index,has_door_connected_aisle,has_access_anchor_connected_aisle,aisle_components,anchor_connected_components,unanchored_aisle_components,single_aisle_component,access_network_components,aisle_access_network_components,unreachable_aisle_components,unreachable_aisle_cells,has_access_anchor_reachable_aisle_network,exact_width_ok,exact_width_violation_count,chromosome_h_active_count,chromosome_v_active_count,active_h_count,active_v_count,chromosome_index,sorting_rule,sorting_rule_mode,bs_rule_policy,bs_weight_policy,uses_scalar_score,rho,beam_w1,beam_w2,beam_lambda,adaptive_weight_mode,mutation_operator,initialization_mode,initialization_spacing_mode,adaptive_spacing_used,feasible_h_start_count,feasible_v_start_count,adaptive_spacing_mode,adaptive_spacing_alpha,adaptive_spacing_bf,auto_params_used,parameter_source,beta_h,beta_v,h_active_starts,v_active_starts,terminal,safety_max_depth_reached,feasible,feasibility_reason,storage_block_count,chromosome_signature,layout_signature
proposed_nsga2_bs_Gyorgy-KOVACS_WH_Wide_AW_5_seed_123,proposed_nsga2_bs,Gyorgy-KOVACS_WH_Wide_AW_5,123,0,auto_from_instance,12,18,4,30,216,,,,,1,1,5,root > H:28 > BH:5 > BH:47 > BH:16 > BH:37,evaluated,5,inf,False,647,210,437,903.0,1.0,1.0,True,True,1,1,0,True,1,1,0,0,True,True,0,6,1,6,1,1,SS,sampled_pool,,,True,0.05555555555555555,0.14842363573413525,0.9444444444444444,0.1,adaptive,,feasible_start_adaptive_spacing,feasible_start_adaptive_spacing,True,42,11,feasible_start_adaptive_spacing,0.5,,True,auto_from_instance,0.75,0.35,"12,28,47",14,,,,,,"H[5,12,16,28,37,47]|V[14]",93d7b2c15147750d6dbeb7b50996c57ed11389b1
proposed_nsga2_bs_Gyorgy-KOVACS_WH_Wide_AW_5_seed_123,proposed_nsga2_bs,Gyorgy-KOVACS_WH_Wide_AW_5,123,0,auto_from_instance,12,18,4,30,216,,,,,2,1,5,root > H:28 > BH:5 > BH:47 > BH:14 > BH:37,evaluated,6,inf,False,647,210,437,987.0,1.0,1.0,True,True,1,1,0,True,1,1,0,0,True,True,0,6,1,6,1,1,SS,sampled_pool,,,True,0.05555555555555555,0.14842363573413525,0.9444444444444444,0.1,adaptive,,feasible_start_adaptive_spacing,feasible_start_adaptive_spacing,True,42,11,feasible_start_adaptive_spacing,0.5,,True,auto_from_instance,0.75,0.35,"12,28,47",14,,,,,,"H[5,12,14,28,37,47]|V[14]",838b453c7061c8864181467be9dc896ee4168eb5
proposed_nsga2_bs_Gyorgy-KOVACS_WH_Wide_AW_5_seed_123,proposed_nsga2_bs,Gyorgy-KOVACS_WH_Wide_AW_5,123,0,auto_from_instance,12,18,4,30,216,,,,,3,1,5,root > H:47 > BH:23 > BH:5 > BH:36 > BH:14,evaluated,5,inf,False,647,208,439,840.0,1.0,1.0,True,True,1,1,0,True,1,1,0,0,True,True,0,7,1,7,1,1,SS,sampled_pool,,,True,0.05555555555555555,0.14842363573413525,0.9444444444444444,0.1,adaptive,,feasible_start_adaptive_spacing,feasible_start_adaptive_spacing,True,42,11,feasible_start_adaptive_spacing,0.5,,True,auto_from_instance,0.75,0.35,"12,28,47",14,,,,,,"H[5,12,14,23,28,36,47]|V[14]",3038576964c70446d8af656eb7cd065c5c1a9046
proposed_nsga2_bs_Gyorgy-KOVACS_WH_Wide_AW_5_seed_123,proposed_nsga2_bs,Gyorgy-KOVACS_WH_Wide_AW_5,123,0,auto_from_instance,12,18,4,30,216,,,,,4,1,5,root > H:28 > BH:7 > BH:47 > BH:16 > BH:37,evaluated,7,inf,False,647,210,437,1176.0,1.0,1.0,True,True,1,1,0,True,1,1,0,0,True,True,0,6,1,6,1,1,SS,sampled_pool,,,True,0.05555555555555555,0.14842363573413525,0.9444444444444444,0.1,adaptive,,feasible_start_adaptive_spacing,feasible_start_adaptive_spacing,True,42,11,feasible_start_adaptive_spacing,0.5,,True,auto_from_instance,0.75,0.35,"12,28,47",14,,,,,,"H[7,12,16,28,37,47]|V[14]",844f18716750a46d8574f492c5566b107129f2de
proposed_nsga2_bs_Gyorgy-KOVACS_WH_Wide_AW_5_seed_123,proposed_nsga2_bs,Gyorgy-KOVACS_WH_Wide_AW_5,123,0,auto_from_instance,12,18,4,30,216,,,,,5,1,5,root > H:28 > BH:5 > BH:45 > BH:16 > BV:17,evaluated,10,inf,False,717,173,544,1426.0,1.0,1.0,True,True,1,1,0,True,1,1,0,0,True,True,0,6,2,6,2,1,SS,sampled_pool,,,True,0.05555555555555555,0.14842363573413525,0.9444444444444444,0.1,adaptive,,feasible_start_adaptive_spacing,feasible_start_adaptive_spacing,True,42,11,feasible_start_adaptive_spacing,0.5,,True,auto_from_instance,0.75,0.35,"12,28,47",14,,,,,,"H[5,12,16,28,45,47]|V[14,17]",971fee63e72de23bf36742360b4674e987e1173b
proposed_nsga2_bs_Gyorgy-KOVACS_WH_Wide_AW_5_seed_123,proposed_nsga2_bs,Gyorgy-KOVACS_WH_Wide_AW_5,123,0,auto_from_instance,12,18,4,30,216,,,,,6,2,8,root > V:20 > BH:26 > BH:5 > BH:16 > BH:25 > BH:36 > BH:45 > BV:29,evaluated,3,0.8417445482866044,False,597,195,402,637.0,1.0,1.0,True,True,1,1,0,True,1,1,0,0,True,True,0,9,3,9,3,2,SS_LS_PF,sampled_pool,,,True,0.05555555555555555,0.1,0.9444444444444444,0.1,adaptive,,feasible_start_adaptive_spacing,feasible_start_adaptive_spacing,True,42,11,feasible_start_adaptive_spacing,0.5,,True,auto_from_instance,0.75,0.35,"14,29,42","20,27",,,,,,"H[5,14,16,25,26,29,36,42,45]|V[20,27,29]",981dc6fd2903ad3086847d3b1f7d62614b0319bd
proposed_nsga2_bs_Gyorgy-KOVACS_WH_Wide_AW_5_seed_123,proposed_nsga2_bs,Gyorgy-KOVACS_WH_Wide_AW_5,123,0,auto_from_instance,12,18,4,30,216,,,,,7,2,8,root > V:20 > BH:26 > BH:5 > BH:14 > BH:25 > BH:36 > BH:45 > BV:29,selected,3,inf,True,597,195,402,637.0,1.0,1.0,True,True,1,1,0,True,1,1,0,0,True,True,0,8,3,8,3,2,SS_LS_PF,sampled_pool,,,True,0.05555555555555555,0.1,0.9444444444444444,0.1,adaptive,,feasible_start_adaptive_spacing,feasible_start_adaptive_spacing,True,42,11,feasible_start_adaptive_spacing,0.5,,True,auto_from_instance,0.75,0.35,"14,29,42","20,27",,,,,,"H[5,14,25,26,29,36,42,45]|V[20,27,29]",2082bb77553284a306396971a446c9d5d665af6f
proposed_nsga2_bs_Gyorgy-KOVACS_WH_Wide_AW_5_seed_123,proposed_nsga2_bs,Gyorgy-KOVACS_WH_Wide_AW_5,123,0,auto_from_instance,12,18,4,30,216,,,,,8,3,7,root > V:18 > BH:26 > BH:5 > BH:16 > BH:27 > BH:38 > BH:47,selected,2,1.481012658227848,True,592,210,382,622.0,1.0,1.0,True,True,1,1,0,True,1,1,0,0,True,True,0,7,2,7,2,3,SS_PF_LS,sampled_pool,,,True,0.05555555555555555,0.1441615851186555,0.9444444444444444,0.1,adaptive,,feasible_start_adaptive_spacing,feasible_start_adaptive_spacing,True,42,11,feasible_start_adaptive_spacing,0.5,,True,auto_from_instance,0.75,0.35,"5,16,51","18,27",,,,,,"H[5,16,26,27,38,47,51]|V[18,27]",11e4fde9b36cebfd495a90cde5cba826c2944190
proposed_nsga2_bs_Gyorgy-KOVACS_WH_Wide_AW_5_seed_123,proposed_nsga2_bs,Gyorgy-KOVACS_WH_Wide_AW_5,123,0,auto_from_instance,12,18,4,30,216,,,,,9,3,7,root > V:18 > BH:26 > BH:5 > BH:16 > BH:27 > BH:36 > BH:47,selected,2,0.0,True,592,210,382,622.0,1.0,1.0,True,True,1,1,0,True,1,1,0,0,True,True,0,7,2,7,2,3,SS_PF_LS,sampled_pool,,,True,0.05555555555555555,0.1441615851186555,0.9444444444444444,0.1,adaptive,,feasible_start_adaptive_spacing,feasible_start_adaptive_spacing,True,42,11,feasible_start_adaptive_spacing,0.5,,True,auto_from_instance,0.75,0.35,"5,16,51","18,27",,,,,,"H[5,16,26,27,36,47,51]|V[18,27]",f49158e327ab7655c891631784656ec5e16a2d94
proposed_nsga2_bs_Gyorgy-KOVACS_WH_Wide_AW_5_seed_123,proposed_nsga2_bs,Gyorgy-KOVACS_WH_Wide_AW_5,123,0,auto_from_instance,12,18,4,30,216,,,,,10,3,7,root > V:18 > BH:26 > BH:5 > BH:16 > BH:25 > BH:36 > BH:47,selected,2,0.0,True,592,210,382,622.0,1.0,1.0,True,True,1,1,0,True,1,1,0,0,True,True,0,7,2,7,2,3,SS_PF_LS,sampled_pool,,,True,0.05555555555555555,0.1441615851186555,0.9444444444444444,0.1,adaptive,,feasible_start_adaptive_spacing,feasible_start_adaptive_spacing,True,42,11,feasible_start_adaptive_spacing,0.5,,True,auto_from_instance,0.75,0.35,"5,16,51","18,27",,,,,,"H[5,16,25,26,36,47,51]|V[18,27]",05179d8fe0fbee4eb204fd4a52656b7874f6041f
proposed_nsga2_bs_Gyorgy-KOVACS_WH_Wide_AW_5_seed_123,proposed_nsga2_bs,Gyorgy-KOVACS_WH_Wide_AW_5,123,0,auto_from_instance,12,18,4,30,216,,,,,11,3,7,root > V:18 > BH:26 > BH:5 > BH:14 > BH:25 > BH:36 > BH:47,selected,2,1.518987341772152,True,592,210,382,622.0,1.0,1.0,True,True,1,1,0,True,1,1,0,0,True,True,0,8,2,8,2,3,SS_PF_LS,sampled_pool,,,True,0.05555555555555555,0.1441615851186555,0.9444444444444444,0.1,adaptive,,feasible_start_adaptive_spacing,feasible_start_adaptive_spacing,True,42,11,feasible_start_adaptive_spacing,0.5,,True,auto_from_instance,0.75,0.35,"5,16,51","18,27",,,,,,"H[5,14,16,25,26,36,47,51]|V[18,27]",92218b90228b33298b2e8fa6be4e5d2d4d0cf847
proposed_nsga2_bs_Gyorgy-KOVACS_WH_Wide_AW_5_seed_123,proposed_nsga2_bs,Gyorgy-KOVACS_WH_Wide_AW_5,123,0,auto_from_instance,12,18,4,30,216,,,,,12,3,7,root > V:18 > BH:26 > BH:5 > BH:14 > BH:27 > BH:36 > BH:47,evaluated,3,2.324922118380062,False,592,210,382,644.0,1.0,1.0,True,True,1,1,0,True,1,1,0,0,True,True,0,8,2,8,2,3,SS_PF_LS,sampled_pool,,,True,0.05555555555555555,0.1441615851186555,0.9444444444444444,0.1,adaptive,,feasible_start_adaptive_spacing,feasible_start_adaptive_spacing,True,42,11,feasible_start_adaptive_spacing,0.5,,True,auto_from_instance,0.75,0.35,"5,16,51","18,27",,,,,,"H[5,14,16,26,27,36,47,51]|V[18,27]",ee3f7d14987d525282bc785b49669d9e2cb5350a
proposed_nsga2_bs_Gyorgy-KOVACS_WH_Wide_AW_5_seed_123,proposed_nsga2_bs,Gyorgy-KOVACS_WH_Wide_AW_5,123,0,auto_from_instance,12,18,4,30,216,,,,,13,4,6,root > H:43 > BH:27 > BH:15 > BV:25 > BV:21 > BH:52,evaluated,10,inf,False,702,160,542,1279.0,1.0,1.0,True,True,1,1,0,True,1,1,0,0,True,True,0,5,3,5,3,4,LS,sampled_pool,,,False,0.05555555555555555,0.1,0.9444444444444444,0.1,adaptive,,feasible_start_adaptive_spacing,feasible_start_adaptive_spacing,True,42,11,feasible_start_adaptive_spacing,0.5,,True,auto_from_instance,0.75,0.35,"2,15,43",29,,,,,,"H[2,15,27,43,52]|V[21,25,29]",147e3f5f96b20f755563e1aa55e4db75b10458d1
proposed_nsga2_bs_Gyorgy-KOVACS_WH_Wide_AW_5_seed_123,proposed_nsga2_bs,Gyorgy-KOVACS_WH_Wide_AW_5,123,0,auto_from_instance,12,18,4,30,216,,,,,14,5,7,root > V:21 > BH:26 > BH:5 > BH:16 > BH:25 > BH:36 > BH:47,evaluated,6,inf,False,652,180,472,763.0,1.0,1.0,True,True,1,1,0,True,1,1,0,0,True,True,0,9,3,9,3,5,SS_LS_PF,sampled_pool,,,True,0.05555555555555555,0.11857700148141073,0.9444444444444444,0.1,adaptive,,feasible_start_adaptive_spacing,feasible_start_adaptive_spacing,True,42,11,feasible_start_adaptive_spacing,0.5,,True,auto_from_instance,0.75,0.35,"1,28,42","16,21,29",,,,,,"H[1,5,16,25,26,28,36,42,47]|V[16,21,29]",01a90fb20467da592e93711ac8a849c3053fcfd6
proposed_nsga2_bs_Gyorgy-KOVACS_WH_Wide_AW_5_seed_123,proposed_nsga2_bs,Gyorgy-KOVACS_WH_Wide_AW_5,123,0,auto_from_instance,12,18,4,30,216,,,,,15,5,7,root > V:21 > BH:26 > BH:5 > BH:14 > BH:25 > BH:36 > BH:47,evaluated,6,inf,False,652,180,472,763.0,1.0,1.0,True,True,1,1,0,True,1,1,0,0,True,True,0,9,3,9,3,5,SS_LS_PF,sampled_pool,,,True,0.05555555555555555,0.11857700148141073,0.9444444444444444,0.1,adaptive,,feasible_start_adaptive_spacing,feasible_start_adaptive_spacing,True,42,11,feasible_start_adaptive_spacing,0.5,,True,auto_from_instance,0.75,0.35,"1,28,42","16,21,29",,,,,,"H[1,5,14,25,26,28,36,42,47]|V[16,21,29]",1958a387e19298fbb01706dd6afdd7339df9d6ae
proposed_nsga2_bs_Gyorgy-KOVACS_WH_Wide_AW_5_seed_123,proposed_nsga2_bs,Gyorgy-KOVACS_WH_Wide_AW_5,123,0,auto_from_instance,12,18,4,30,216,,,,,16,5,7,root > V:21 > BH:26 > BH:5 > BH:16 > BH:25 > BH:38 > BH:47,evaluated,7,inf,False,652,180,472,779.0,1.0,1.0,True,True,1,1,0,True,1,1,0,0,True,True,0,9,3,9,3,5,SS_LS_PF,sampled_pool,,,True,0.05555555555555555,0.11857700148141073,0.9444444444444444,0.1,adaptive,,feasible_start_adaptive_spacing,feasible_start_adaptive_spacing,True,42,11,feasible_start_adaptive_spacing,0.5,,True,auto_from_instance,0.75,0.35,"1,28,42","16,21,29",,,,,,"H[1,5,16,25,26,28,38,42,47]|V[16,21,29]",a792a56432daab33caeba3cd7c76504fd95e9146
proposed_nsga2_bs_Gyorgy-KOVACS_WH_Wide_AW_5_seed_123,proposed_nsga2_bs,Gyorgy-KOVACS_WH_Wide_AW_5,123,0,auto_from_instance,12,18,4,30,216,,,,,17,5,7,root > V:21 > BH:26 > BH:5 > BH:14 > BH:25 > BH:38 > BH:47,evaluated,7,inf,False,652,180,472,779.0,1.0,1.0,True,True,1,1,0,True,1,1,0,0,True,True,0,9,3,9,3,5,SS_LS_PF,sampled_pool,,,True,0.05555555555555555,0.11857700148141073,0.9444444444444444,0.1,adaptive,,feasible_start_adaptive_spacing,feasible_start_adaptive_spacing,True,42,11,feasible_start_adaptive_spacing,0.5,,True,auto_from_instance,0.75,0.35,"1,28,42","16,21,29",,,,,,"H[1,5,14,25,26,28,38,42,47]|V[16,21,29]",32ec0e923b126de239ac65cafc1e8e74c81f788e
proposed_nsga2_bs_Gyorgy-KOVACS_WH_Wide_AW_5_seed_123,proposed_nsga2_bs,Gyorgy-KOVACS_WH_Wide_AW_5,123,0,auto_from_instance,12,18,4,30,216,,,,,18,5,7,root > V:21 > BH:26 > BH:5 > BH:16 > BH:25 > BH:36 > BH:45,evaluated,9,inf,False,652,180,472,899.0,1.0,1.0,True,True,1,1,0,True,1,1,0,0,True,True,0,9,3,9,3,5,SS_LS_PF,sampled_pool,,,True,0.05555555555555555,0.11857700148141073,0.9444444444444444,0.1,adaptive,,feasible_start_adaptive_spacing,feasible_start_adaptive_spacing,True,42,11,feasible_start_adaptive_spacing,0.5,,True,auto_from_instance,0.75,0.35,"1,28,42","16,21,29",,,,,,"H[1,5,16,25,26,28,36,42,45]|V[16,21,29]",8e88c0c464d5e2054bb58e24df478d0e262d6485
proposed_nsga2_bs_Gyorgy-KOVACS_WH_Wide_AW_5_seed_123,proposed_nsga2_bs,Gyorgy-KOVACS_WH_Wide_AW_5,123,0,auto_from_instance,12,18,4,30,216,,,,,19,6,5,root > H:24 > BH:47 > BH:5 > BH:37 > BH:14,evaluated,5,inf,False,647,210,437,903.0,1.0,1.0,True,True,1,1,0,True,1,1,0,0,True,True,0,7,2,7,2,6,RP,sampled_pool,,,False,0.05555555555555555,0.1,0.9444444444444444,0.1,adaptive,,feasible_start_adaptive_spacing,feasible_start_adaptive_spacing,True,42,11,feasible_start_adaptive_spacing,0.5,,True,auto_from_instance,0.75,0.35,"24,42,52","18,29",,,,,,"H[5,14,24,37,42,47,52]|V[18,29]",d821d772e58fc2011e22adb6c4d1e8617991ee69
proposed_nsga2_bs_Gyorgy-KOVACS_WH_Wide_AW_5_seed_123,proposed_nsga2_bs,Gyorgy-KOVACS_WH_Wide_AW_5,123,0,auto_from_instance,12,18,4,30,216,,,,,20,7,8,root > V:15 > BH:26 > BH:7 > BH:16 > BH:25 > BH:36 > BH:45 > BV:24,selected,1,inf,True,497,247,250,567.0,1.0,1.0,True,True,1,1,0,True,1,1,0,0,True,True,0,8,4,8,4,7,LS_PF,sampled_pool,,,False,0.05555555555555555,0.11770574951748791,0.9444444444444444,0.1,adaptive,,feasible_start_adaptive_spacing,feasible_start_adaptive_spacing,True,42,11,feasible_start_adaptive_spacing,0.5,,True,auto_from_instance,0.75,0.35,"11,23,45","15,18,21",,,,,,"H[7,11,16,23,25,26,36,45]|V[15,18,21,24]",bad25caaf4e753481b1b798360caa6634ad939f7
proposed_nsga2_bs_Gyorgy-KOVACS_WH_Wide_AW_5_seed_123,proposed_nsga2_bs,Gyorgy-KOVACS_WH_Wide_AW_5,123,0,auto_from_instance,12,18,4,30,216,,,,,21,7,8,root > V:15 > BH:26 > BH:5 > BH:16 > BH:25 > BH:36 > BH:45 > BV:24,selected,0,inf,True,497,247,250,385.0,1.0,1.0,True,True,1,1,0,True,1,1,0,0,True,True,0,8,4,8,4,7,LS_PF,sampled_pool,,,False,0.05555555555555555,0.11770574951748791,0.9444444444444444,0.1,adaptive,,feasible_start_adaptive_spacing,feasible_start_adaptive_spacing,True,42,11,feasible_start_adaptive_spacing,0.5,,True,auto_from_instance,0.75,0.35,"11,23,45","15,18,21",,,,,,"H[5,11,16,23,25,26,36,45]|V[15,18,21,24]",416c9c0e4f9e06143d78fee04cbc7a8d1c4800ad
proposed_nsga2_bs_Gyorgy-KOVACS_WH_Wide_AW_5_seed_123,proposed_nsga2_bs,Gyorgy-KOVACS_WH_Wide_AW_5,123,0,auto_from_instance,12,18,4,30,216,,,,,22,8,7,root > V:17 > BH:26 > BH:5 > BH:16 > BH:25 > BH:36 > BH:47,selected,1,inf,True,572,220,352,507.0,1.0,1.0,True,True,1,1,0,True,1,1,0,0,True,True,0,9,3,9,3,8,PF_SS,sampled_pool,,,True,0.05555555555555555,0.1,0.9444444444444444,0.1,adaptive,,feasible_start_adaptive_spacing,feasible_start_adaptive_spacing,True,42,11,feasible_start_adaptive_spacing,0.5,,True,auto_from_instance,0.75,0.35,"17,37,49","17,19,21",,,,,,"H[5,16,17,25,26,36,37,47,49]|V[17,19,21]",173dd91401b4b71d9f20edd9e83506be465b9528
proposed_nsga2_bs_Gyorgy-KOVACS_WH_Wide_AW_5_seed_123,proposed_nsga2_bs,Gyorgy-KOVACS_WH_Wide_AW_5,123,0,auto_from_instance,12,18,4,30,216,,,,,23,8,7,root > V:17 > BH:26 > BH:5 > BH:14 > BH:25 > BH:36 > BH:47,selected,1,inf,True,572,220,352,507.0,1.0,1.0,True,True,1,1,0,True,1,1,0,0,True,True,0,9,3,9,3,8,PF_SS,sampled_pool,,,True,0.05555555555555555,0.1,0.9444444444444444,0.1,adaptive,,feasible_start_adaptive_spacing,feasible_start_adaptive_spacing,True,42,11,feasible_start_adaptive_spacing,0.5,,True,auto_from_instance,0.75,0.35,"17,37,49","17,19,21",,,,,,"H[5,14,17,25,26,36,37,47,49]|V[17,19,21]",e59e5dd5e1537a2d164e028d12bd66f538f0cb70
proposed_nsga2_bs_Gyorgy-KOVACS_WH_Wide_AW_5_seed_123,proposed_nsga2_bs,Gyorgy-KOVACS_WH_Wide_AW_5,123,0,auto_from_instance,12,18,4,30,216,,,,,24,8,7,root > V:17 > BH:26 > BH:7 > BH:16 > BH:25 > BH:36 > BH:47,selected,2,inf,True,572,220,352,663.0,1.0,1.0,True,True,1,1,0,True,1,1,0,0,True,True,0,9,3,9,3,8,PF_SS,sampled_pool,,,True,0.05555555555555555,0.1,0.9444444444444444,0.1,adaptive,,feasible_start_adaptive_spacing,feasible_start_adaptive_spacing,True,42,11,feasible_start_adaptive_spacing,0.5,,True,auto_from_instance,0.75,0.35,"17,37,49","17,19,21",,,,,,"H[7,16,17,25,26,36,37,47,49]|V[17,19,21]",61426df39d9f05da4c561d5073d32a1cf777516d
proposed_nsga2_bs_Gyorgy-KOVACS_WH_Wide_AW_5_seed_123,proposed_nsga2_bs,Gyorgy-KOVACS_WH_Wide_AW_5,123,0,auto_from_instance,12,18,4,30,216,,,,,25,8,7,root > V:17 > BH:26 > BH:5 > BH:16 > BH:25 > BH:36 > BH:45,evaluated,3,inf,False,572,220,352,711.0,1.0,1.0,True,True,1,1,0,True,1,1,0,0,True,True,0,9,3,9,3,8,PF_SS,sampled_pool,,,True,0.05555555555555555,0.1,0.9444444444444444,0.1,adaptive,,feasible_start_adaptive_spacing,feasible_start_adaptive_spacing,True,42,11,feasible_start_adaptive_spacing,0.5,,True,auto_from_instance,0.75,0.35,"17,37,49","17,19,21",,,,,,"H[5,16,17,25,26,36,37,45,49]|V[17,19,21]",854ec9b997ec508dda6ea9e399147d7a4b626ba8
proposed_nsga2_bs_Gyorgy-KOVACS_WH_Wide_AW_5_seed_123,proposed_nsga2_bs,Gyorgy-KOVACS_WH_Wide_AW_5,123,0,auto_from_instance,12,18,4,30,216,,,,,26,8,7,root > V:17 > BH:26 > BH:5 > BH:14 > BH:25 > BH:36 > BH:45,evaluated,3,inf,False,572,220,352,711.0,1.0,1.0,True,True,1,1,0,True,1,1,0,0,True,True,0,9,3,9,3,8,PF_SS,sampled_pool,,,True,0.05555555555555555,0.1,0.9444444444444444,0.1,adaptive,,feasible_start_adaptive_spacing,feasible_start_adaptive_spacing,True,42,11,feasible_start_adaptive_spacing,0.5,,True,auto_from_instance,0.75,0.35,"17,37,49","17,19,21",,,,,,"H[5,14,17,25,26,36,37,45,49]|V[17,19,21]",ef95c5265d039c602cc7246bb99c122e90a60068
proposed_nsga2_bs_Gyorgy-KOVACS_WH_Wide_AW_5_seed_123,proposed_nsga2_bs,Gyorgy-KOVACS_WH_Wide_AW_5,123,0,auto_from_instance,12,18,4,30,216,,,,,27,9,7,root > V:21 > BH:26 > BH:7 > BH:16 > BH:25 > BH:36 > BH:47,evaluated,8,inf,False,652,180,472,867.0,1.0,1.0,True,True,1,1,0,True,1,1,0,0,True,True,0,9,2,9,2,9,SS_PF_LS,sampled_pool,,,True,0.05555555555555555,0.1,0.9444444444444444,0.1,adaptive,,feasible_start_adaptive_spacing,feasible_start_adaptive_spacing,True,42,11,feasible_start_adaptive_spacing,0.5,,True,auto_from_instance,0.75,0.35,"14,44,52","21,28",,,,,,"H[7,14,16,25,26,36,44,47,52]|V[21,28]",b7080d9cb61c36aedc6f73cfe3724fe27e5ce9c6
proposed_nsga2_bs_Gyorgy-KOVACS_WH_Wide_AW_5_seed_123,proposed_nsga2_bs,Gyorgy-KOVACS_WH_Wide_AW_5,123,0,auto_from_instance,12,18,4,30,216,,,,,28,9,7,root > V:21 > BH:26 > BH:5 > BH:14 > BH:25 > BH:36 > BH:45,evaluated,9,inf,False,652,180,472,899.0,1.0,1.0,True,True,1,1,0,True,1,1,0,0,True,True,0,8,2,8,2,9,SS_PF_LS,sampled_pool,,,True,0.05555555555555555,0.1,0.9444444444444444,0.1,adaptive,,feasible_start_adaptive_spacing,feasible_start_adaptive_spacing,True,42,11,feasible_start_adaptive_spacing,0.5,,True,auto_from_instance,0.75,0.35,"14,44,52","21,28",,,,,,"H[5,14,25,26,36,44,45,52]|V[21,28]",f2b245d80a9e03cb9543fcc56f57562ad4aadb7c
proposed_nsga2_bs_Gyorgy-KOVACS_WH_Wide_AW_5_seed_123,proposed_nsga2_bs,Gyorgy-KOVACS_WH_Wide_AW_5,123,0,auto_from_instance,12,18,4,30,216,,,,,29,10,5,root > H:25 > BH:5 > BH:48 > BH:38 > BH:16,evaluated,4,1.0686274509803921,False,647,210,437,756.0,1.0,1.0,True,True,1,1,0,True,1,1,0,0,True,True,0,7,0,7,0,10,PF_SS,sampled_pool,,,True,0.05555555555555555,0.1,0.9444444444444444,0.1,adaptive,,feasible_start_adaptive_spacing,feasible_start_adaptive_spacing,True,42,11,feasible_start_adaptive_spacing,0.5,,True,auto_from_instance,0.75,0.35,"2,17,25",,,,,,,"H[2,5,16,17,25,38,48]|V[]",bca84b077de5eac8406e9cf3c5bb186bd1a94a5d
proposed_nsga2_bs_Gyorgy-KOVACS_WH_Wide_AW_5_seed_123,proposed_nsga2_bs,Gyorgy-KOVACS_WH_Wide_AW_5,123,0,auto_from_instance,12,18,4,30,216,,,,,30,10,5,root > H:25 > BH:5 > BH:48 > BH:36 > BH:16,evaluated,4,0.0,False,647,210,437,756.0,1.0,1.0,True,True,1,1,0,True,1,1,0,0,True,True,0,7,0,7,0,10,PF_SS,sampled_pool,,,True,0.05555555555555555,0.1,0.9444444444444444,0.1,adaptive,,feasible_start_adaptive_spacing,feasible_start_adaptive_spacing,True,42,11,feasible_start_adaptive_spacing,0.5,,True,auto_from_instance,0.75,0.35,"2,17,25",,,,,,,"H[2,5,16,17,25,36,48]|V[]",4e82d260fb0458a5647d9b3a0368be485d5720c3
proposed_nsga2_bs_Gyorgy-KOVACS_WH_Wide_AW_5_seed_123,proposed_nsga2_bs,Gyorgy-KOVACS_WH_Wide_AW_5,123,0,auto_from_instance,12,18,4,30,216,,,,,31,10,5,root > H:25 > BH:5 > BH:48 > BH:38 > BH:14,evaluated,4,0.0,False,647,210,437,756.0,1.0,1.0,True,True,1,1,0,True,1,1,0,0,True,True,0,7,0,7,0,10,PF_SS,sampled_pool,,,True,0.05555555555555555,0.1,0.9444444444444444,0.1,adaptive,,feasible_start_adaptive_spacing,feasible_start_adaptive_spacing,True,42,11,feasible_start_adaptive_spacing,0.5,,True,auto_from_instance,0.75,0.35,"2,17,25",,,,,,,"H[2,5,14,17,25,38,48]|V[]",c7ea92a64f028d4d763493310d0a9c2069886c55
proposed_nsga2_bs_Gyorgy-KOVACS_WH_Wide_AW_5_seed_123,proposed_nsga2_bs,Gyorgy-KOVACS_WH_Wide_AW_5,123,0,auto_from_instance,12,18,4,30,216,,,,,32,10,5,root > H:25 > BH:5 > BH:48 > BH:36 > BH:14,evaluated,4,inf,False,647,210,437,756.0,1.0,1.0,True,True,1,1,0,True,1,1,0,0,True,True,0,7,0,7,0,10,PF_SS,sampled_pool,,,True,0.05555555555555555,0.1,0.9444444444444444,0.1,adaptive,,feasible_start_adaptive_spacing,feasible_start_adaptive_spacing,True,42,11,feasible_start_adaptive_spacing,0.5,,True,auto_from_instance,0.75,0.35,"2,17,25",,,,,,,"H[2,5,14,17,25,36,48]|V[]",adda0395899f002df0082b337e594c20847b68fa
proposed_nsga2_bs_Gyorgy-KOVACS_WH_Wide_AW_5_seed_123,proposed_nsga2_bs,Gyorgy-KOVACS_WH_Wide_AW_5,123,0,auto_from_instance,12,18,4,30,216,,,,,33,10,5,root > H:25 > BH:5 > BH:16 > BH:46 > BH:36,evaluated,6,inf,False,647,210,437,987.0,1.0,1.0,True,True,1,1,0,True,1,1,0,0,True,True,0,7,0,7,0,10,PF_SS,sampled_pool,,,True,0.05555555555555555,0.1,0.9444444444444444,0.1,adaptive,,feasible_start_adaptive_spacing,feasible_start_adaptive_spacing,True,42,11,feasible_start_adaptive_spacing,0.5,,True,auto_from_instance,0.75,0.35,"2,17,25",,,,,,,"H[2,5,16,17,25,36,46]|V[]",f0bee5c461cd63dc81d3d5f1460554a4e5f03716
proposed_nsga2_bs_Gyorgy-KOVACS_WH_Wide_AW_5_seed_123,proposed_nsga2_bs,Gyorgy-KOVACS_WH_Wide_AW_5,123,0,auto_from_instance,12,18,4,30,216,,,,,34,11,7,root > V:17 > BH:26 > BH:7 > BH:16 > BH:25 > BH:36 > BH:45,evaluated,4,inf,False,572,220,352,867.0,1.0,1.0,True,True,1,1,0,True,1,1,0,0,True,True,0,9,2,9,2,11,LS_PF,sampled_pool,,,False,0.05555555555555555,0.1,0.9444444444444444,0.1,adaptive,,feasible_start_adaptive_spacing,feasible_start_adaptive_spacing,True,42,11,feasible_start_adaptive_spacing,0.5,,True,auto_from_instance,0.75,0.35,"5,37,49","17,27",,,,,,"H[5,7,16,25,26,36,37,45,49]|V[17,27]",90295bddff4683947eef98c9cba63e2b098e11a6
proposed_nsga2_bs_Gyorgy-KOVACS_WH_Wide_AW_5_seed_123,proposed_nsga2_bs,Gyorgy-KOVACS_WH_Wide_AW_5,123,0,auto_from_instance,12,18,4,30,216,,,,,35,12,7,root > V:19 > BH:26 > BH:5 > BH:16 > BH:25 > BH:36 > BH:47,selected,2,inf,True,612,200,412,584.0,1.0,1.0,True,True,1,1,0,True,1,1,0,0,True,True,0,8,3,8,3,12,SS_PF_LS,sampled_pool,,,True,0.05555555555555555,0.1,0.9444444444444444,0.1,adaptive,,feasible_start_adaptive_spacing,feasible_start_adaptive_spacing,True,42,11,feasible_start_adaptive_spacing,0.5,,True,auto_from_instance,0.75,0.35,"11,39,47","14,19,27",,,,,,"H[5,11,16,25,26,36,39,47]|V[14,19,27]",739f9ec08bf9c56e734297604911aa2f937b0b31
proposed_nsga2_bs_Gyorgy-KOVACS_WH_Wide_AW_5_seed_123,proposed_nsga2_bs,Gyorgy-KOVACS_WH_Wide_AW_5,123,0,auto_from_instance,12,18,4,30,216,,,,,36,12,7,root > V:19 > BH:26 > BH:5 > BH:14 > BH:25 > BH:36 > BH:47,selected,2,inf,True,612,200,412,584.0,1.0,1.0,True,True,1,1,0,True,1,1,0,0,True,True,0,8,3,8,3,12,SS_PF_LS,sampled_pool,,,True,0.05555555555555555,0.1,0.9444444444444444,0.1,adaptive,,feasible_start_adaptive_spacing,feasible_start_adaptive_spacing,True,42,11,feasible_start_adaptive_spacing,0.5,,True,auto_from_instance,0.75,0.35,"11,39,47","14,19,27",,,,,,"H[5,11,14,25,26,36,39,47]|V[14,19,27]",18779af2d0583f313025ada9a3c164bb18de6a6f
proposed_nsga2_bs_Gyorgy-KOVACS_WH_Wide_AW_5_seed_123,proposed_nsga2_bs,Gyorgy-KOVACS_WH_Wide_AW_5,123,0,auto_from_instance,12,18,4,30,216,,,,,37,12,7,root > V:19 > BH:26 > BH:5 > BH:16 > BH:25 > BH:38 > BH:47,evaluated,3,inf,False,612,200,412,604.0,1.0,1.0,True,True,1,1,0,True,1,1,0,0,True,True,0,8,3,8,3,12,SS_PF_LS,sampled_pool,,,True,0.05555555555555555,0.1,0.9444444444444444,0.1,adaptive,,feasible_start_adaptive_spacing,feasible_start_adaptive_spacing,True,42,11,feasible_start_adaptive_spacing,0.5,,True,auto_from_instance,0.75,0.35,"11,39,47","14,19,27",,,,,,"H[5,11,16,25,26,38,39,47]|V[14,19,27]",758ad2be8f060369a7ed5854bddec77c27efbd19
proposed_nsga2_bs_Gyorgy-KOVACS_WH_Wide_AW_5_seed_123,proposed_nsga2_bs,Gyorgy-KOVACS_WH_Wide_AW_5,123,0,auto_from_instance,12,18,4,30,216,,,,,38,12,7,root > V:19 > BH:26 > BH:7 > BH:16 > BH:25 > BH:36 > BH:47,evaluated,4,inf,False,612,200,412,714.0,1.0,1.0,True,True,1,1,0,True,1,1,0,0,True,True,0,8,3,8,3,12,SS_PF_LS,sampled_pool,,,True,0.05555555555555555,0.1,0.9444444444444444,0.1,adaptive,,feasible_start_adaptive_spacing,feasible_start_adaptive_spacing,True,42,11,feasible_start_adaptive_spacing,0.5,,True,auto_from_instance,0.75,0.35,"11,39,47","14,19,27",,,,,,"H[7,11,16,25,26,36,39,47]|V[14,19,27]",2ba52e7e126777fbaec8ebaebd6fa4ae9f76a172
proposed_nsga2_bs_Gyorgy-KOVACS_WH_Wide_AW_5_seed_123,proposed_nsga2_bs,Gyorgy-KOVACS_WH_Wide_AW_5,123,0,auto_from_instance,12,18,4,30,216,,,,,39,12,7,root > V:19 > BH:26 > BH:5 > BH:16 > BH:25 > BH:36 > BH:45,evaluated,5,inf,False,612,200,412,754.0,1.0,1.0,True,True,1,1,0,True,1,1,0,0,True,True,0,9,3,9,3,12,SS_PF_LS,sampled_pool,,,True,0.05555555555555555,0.1,0.9444444444444444,0.1,adaptive,,feasible_start_adaptive_spacing,feasible_start_adaptive_spacing,True,42,11,feasible_start_adaptive_spacing,0.5,,True,auto_from_instance,0.75,0.35,"11,39,47","14,19,27",,,,,,"H[5,11,16,25,26,36,39,45,47]|V[14,19,27]",16ed0ad93ee066fd151d5116addbd94cd12b2a32
proposed_nsga2_bs_Gyorgy-KOVACS_WH_Wide_AW_5_seed_123,proposed_nsga2_bs,Gyorgy-KOVACS_WH_Wide_AW_5,123,1,auto_from_instance,12,18,4,30,216,,,,,1,1,8,root > V:18 > BH:26 > BH:7 > BH:16 > BH:25 > BH:36 > BH:45 > BV:29,selected,2,inf,True,557,213,344,584.0,1.0,1.0,True,True,1,1,0,True,1,1,0,0,True,True,0,8,4,8,4,1,LS_PF,sampled_pool,,,False,0.1111111111111111,0.15524775391794318,0.8888888888888888,0.1,adaptive,break_symmetry,offspring,feasible_start_adaptive_spacing,,,,feasible_start_adaptive_spacing,0.5,,True,auto_from_instance,0.75,0.35,"5,16,17,25,26,36,45","18,21,23",,,,,,"H[5,7,16,17,25,26,36,45]|V[18,21,23,29]",ca6056164ee367eba08d7b33e7aaac0e0cb070b3
proposed_nsga2_bs_Gyorgy-KOVACS_WH_Wide_AW_5_seed_123,proposed_nsga2_bs,Gyorgy-KOVACS_WH_Wide_AW_5,123,1,auto_from_instance,12,18,4,30,216,,,,,2,1,8,root > V:18 > BH:26 > BH:5 > BH:16 > BH:25 > BH:36 > BH:45 > BV:29,selected,1,inf,True,557,213,344,441.0,1.0,1.0,True,True,1,1,0,True,1,1,0,0,True,True,0,7,4,7,4,1,LS_PF,sampled_pool,,,False,0.1111111111111111,0.15524775391794318,0.8888888888888888,0.1,adaptive,break_symmetry,offspring,feasible_start_adaptive_spacing,,,,feasible_start_adaptive_spacing,0.5,,True,auto_from_instance,0.75,0.35,"5,16,17,25,26,36,45","18,21,23",,,,,,"H[5,16,17,25,26,36,45]|V[18,21,23,29]",71364ffd26b39e09575fe06f8735f14e38505286
proposed_nsga2_bs_Gyorgy-KOVACS_WH_Wide_AW_5_seed_123,proposed_nsga2_bs,Gyorgy-KOVACS_WH_Wide_AW_5,123,1,auto_from_instance,12,18,4,30,216,,,,,3,2,8,root > V:15 > BH:26 > BH:5 > BH:16 > BH:25 > BH:36 > BH:45 > BV:24,selected,0,inf,True,497,247,250,385.0,1.0,1.0,True,True,1,1,0,True,1,1,0,0,True,True,0,12,5,12,5,2,LS_SS,sampled_pool,,,True,0.1111111111111111,0.21207462706754399,0.8888888888888888,0.1,adaptive,break_symmetry,offspring,feasible_start_adaptive_spacing,,,,feasible_start_adaptive_spacing,0.5,,True,auto_from_instance,0.75,0.35,"5,11,15,23,25,26,36,37,47,49","15,17,19,21",,,,,,"H[5,11,15,16,23,25,26,36,37,45,47,49]|V[15,17,19,21,24]",416c9c0e4f9e06143d78fee04cbc7a8d1c4800ad
proposed_nsga2_bs_Gyorgy-KOVACS_WH_Wide_AW_5_seed_123,proposed_nsga2_bs,Gyorgy-KOVACS_WH_Wide_AW_5,123,1,auto_from_instance,12,18,4,30,216,,,,,4,2,8,root > V:15 > BH:26 > BH:5 > BH:14 > BH:25 > BH:36 > BH:45 > BV:24,selected,0,inf,True,497,247,250,385.0,1.0,1.0,True,True,1,1,0,True,1,1,0,0,True,True,0,12,5,12,5,2,LS_SS,sampled_pool,,,True,0.1111111111111111,0.21207462706754399,0.8888888888888888,0.1,adaptive,break_symmetry,offspring,feasible_start_adaptive_spacing,,,,feasible_start_adaptive_spacing,0.5,,True,auto_from_instance,0.75,0.35,"5,11,15,23,25,26,36,37,47,49","15,17,19,21",,,,,,"H[5,11,14,15,23,25,26,36,37,45,47,49]|V[15,17,19,21,24]",4f5b467192e7c6ce4bc3fd69bf3ce13c31bd8ba0
proposed_nsga2_bs_Gyorgy-KOVACS_WH_Wide_AW_5_seed_123,proposed_nsga2_bs,Gyorgy-KOVACS_WH_Wide_AW_5,123,1,auto_from_instance,12,18,4,30,216,,,,,5,3,7,root > V:19 > BH:26 > BH:5 > BH:16 > BH:25 > BH:36 > BH:47,selected,3,inf,True,612,200,412,584.0,1.0,1.0,True,True,1,1,0,True,1,1,0,0,True,True,0,9,3,9,3,3,PF_RP,sampled_pool,,,False,0.1111111111111111,0.1,0.8888888888888888,0.1,adaptive,remove_random_aisle,offspring,feasible_start_adaptive_spacing,,,,feasible_start_adaptive_spacing,0.5,,True,auto_from_instance,0.75,0.35,"5,11,16,23,25,26,36,39","14,19,27",,,,,,"H[5,11,16,23,25,26,36,39,47]|V[14,19,27]",739f9ec08bf9c56e734297604911aa2f937b0b31
proposed_nsga2_bs_Gyorgy-KOVACS_WH_Wide_AW_5_seed_123,proposed_nsga2_bs,Gyorgy-KOVACS_WH_Wide_AW_5,123,1,auto_from_instance,12,18,4,30,216,,,,,6,3,7,root > V:19 > BH:26 > BH:5 > BH:14 > BH:25 > BH:36 > BH:47,evaluated,3,inf,False,612,200,412,584.0,1.0,1.0,True,True,1,1,0,True,1,1,0,0,True,True,0,10,3,10,3,3,PF_RP,sampled_pool,,,False,0.1111111111111111,0.1,0.8888888888888888,0.1,adaptive,remove_random_aisle,offspring,feasible_start_adaptive_spacing,,,,feasible_start_adaptive_spacing,0.5,,True,auto_from_instance,0.75,0.35,"5,11,16,23,25,26,36,39","14,19,27",,,,,,"H[5,11,14,16,23,25,26,36,39,47]|V[14,19,27]",18779af2d0583f313025ada9a3c164bb18de6a6f
proposed_nsga2_bs_Gyorgy-KOVACS_WH_Wide_AW_5_seed_123,proposed_nsga2_bs,Gyorgy-KOVACS_WH_Wide_AW_5,123,1,auto_from_instance,12,18,4,30,216,,,,,7,3,7,root > V:19 > BH:26 > BH:7 > BH:16 > BH:25 > BH:36 > BH:47,evaluated,5,inf,False,612,200,412,714.0,1.0,1.0,True,True,1,1,0,True,1,1,0,0,True,True,0,10,3,10,3,3,PF_RP,sampled_pool,,,False,0.1111111111111111,0.1,0.8888888888888888,0.1,adaptive,remove_random_aisle,offspring,feasible_start_adaptive_spacing,,,,feasible_start_adaptive_spacing,0.5,,True,auto_from_instance,0.75,0.35,"5,11,16,23,25,26,36,39","14,19,27",,,,,,"H[5,7,11,16,23,25,26,36,39,47]|V[14,19,27]",2ba52e7e126777fbaec8ebaebd6fa4ae9f76a172
proposed_nsga2_bs_Gyorgy-KOVACS_WH_Wide_AW_5_seed_123,proposed_nsga2_bs,Gyorgy-KOVACS_WH_Wide_AW_5,123,1,auto_from_instance,12,18,4,30,216,,,,,8,3,7,root > V:19 > BH:26 > BH:5 > BH:16 > BH:25 > BH:36 > BH:45,evaluated,6,inf,False,612,200,412,754.0,1.0,1.0,True,True,1,1,0,True,1,1,0,0,True,True,0,9,3,9,3,3,PF_RP,sampled_pool,,,False,0.1111111111111111,0.1,0.8888888888888888,0.1,adaptive,remove_random_aisle,offspring,feasible_start_adaptive_spacing,,,,feasible_start_adaptive_spacing,0.5,,True,auto_from_instance,0.75,0.35,"5,11,16,23,25,26,36,39","14,19,27",,,,,,"H[5,11,16,23,25,26,36,39,45]|V[14,19,27]",16ed0ad93ee066fd151d5116addbd94cd12b2a32
proposed_nsga2_bs_Gyorgy-KOVACS_WH_Wide_AW_5_seed_123,proposed_nsga2_bs,Gyorgy-KOVACS_WH_Wide_AW_5,123,1,auto_from_instance,12,18,4,30,216,,,,,9,3,7,root > V:19 > BH:26 > BH:5 > BH:14 > BH:25 > BH:36 > BH:45,evaluated,6,inf,False,612,200,412,754.0,1.0,1.0,True,True,1,1,0,True,1,1,0,0,True,True,0,10,3,10,3,3,PF_RP,sampled_pool,,,False,0.1111111111111111,0.1,0.8888888888888888,0.1,adaptive,remove_random_aisle,offspring,feasible_start_adaptive_spacing,,,,feasible_start_adaptive_spacing,0.5,,True,auto_from_instance,0.75,0.35,"5,11,16,23,25,26,36,39","14,19,27",,,,,,"H[5,11,14,16,23,25,26,36,39,45]|V[14,19,27]",e3a802ef145afaa17bc3eca719e3ef8051b94b10
proposed_nsga2_bs_Gyorgy-KOVACS_WH_Wide_AW_5_seed_123,proposed_nsga2_bs,Gyorgy-KOVACS_WH_Wide_AW_5,123,1,auto_from_instance,12,18,4,30,216,,,,,10,5,7,root > V:19 > BH:26 > BH:5 > BH:14 > BH:25 > BH:38 > BH:47,evaluated,4,inf,False,612,200,412,604.0,1.0,1.0,True,True,1,1,0,True,1,1,0,0,True,True,0,10,5,10,5,5,SS_PF_LS,sampled_pool,,,True,0.1111111111111111,0.1,0.8888888888888888,0.1,adaptive,spacing_aware_flip,offspring,feasible_start_adaptive_spacing,,,,feasible_start_adaptive_spacing,0.5,,True,auto_from_instance,0.75,0.35,"5,11,14,17,25,26,36,39,47","14,17,19,21,26",,,,,,"H[5,11,14,17,25,26,36,38,39,47]|V[14,17,19,21,26]",e7f74a96b5d790b893797c6a45c9d86c70b644bb
proposed_nsga2_bs_Gyorgy-KOVACS_WH_Wide_AW_5_seed_123,proposed_nsga2_bs,Gyorgy-KOVACS_WH_Wide_AW_5,123,1,auto_from_instance,12,18,4,30,216,,,,,11,5,7,root > V:19 > BH:26 > BH:5 > BH:14 > BH:23 > BH:36 > BH:47,evaluated,5,inf,False,612,199,413,604.0,1.0,1.0,True,True,1,1,0,True,1,1,0,0,True,True,0,10,5,10,5,5,SS_PF_LS,sampled_pool,,,True,0.1111111111111111,0.1,0.8888888888888888,0.1,adaptive,spacing_aware_flip,offspring,feasible_start_adaptive_spacing,,,,feasible_start_adaptive_spacing,0.5,,True,auto_from_instance,0.75,0.35,"5,11,14,17,25,26,36,39,47","14,17,19,21,26",,,,,,"H[5,11,14,17,23,25,26,36,39,47]|V[14,17,19,21,26]",cbd1e8b18a150b427ddfe8e495c685d4d3a50fd3
proposed_nsga2_bs_Gyorgy-KOVACS_WH_Wide_AW_5_seed_123,proposed_nsga2_bs,Gyorgy-KOVACS_WH_Wide_AW_5,123,1,auto_from_instance,12,18,4,30,216,,,,,12,5,7,root > V:19 > BH:26 > BH:5 > BH:14 > BH:23 > BH:38 > BH:47,evaluated,6,inf,False,612,199,413,644.0,1.0,1.0,True,True,1,1,0,True,1,1,0,0,True,True,0,11,5,11,5,5,SS_PF_LS,sampled_pool,,,True,0.1111111111111111,0.1,0.8888888888888888,0.1,adaptive,spacing_aware_flip,offspring,feasible_start_adaptive_spacing,,,,feasible_start_adaptive_spacing,0.5,,True,auto_from_instance,0.75,0.35,"5,11,14,17,25,26,36,39,47","14,17,19,21,26",,,,,,"H[5,11,14,17,23,25,26,36,38,39,47]|V[14,17,19,21,26]",a1a7760e9be75b4ceb3e73e28a41b3f58fe1c076
proposed_nsga2_bs_Gyorgy-KOVACS_WH_Wide_AW_5_seed_123,proposed_nsga2_bs,Gyorgy-KOVACS_WH_Wide_AW_5,123,1,auto_from_instance,12,18,4,30,216,,,,,13,6,5,root > H:5 > BH:28 > BH:47 > BH:16 > BH:37,evaluated,4,inf,False,647,210,437,903.0,1.0,1.0,True,True,1,1,0,True,1,1,0,0,True,True,0,10,2,10,2,6,SS,sampled_pool,,,True,0.1111111111111111,0.1,0.8888888888888888,0.1,adaptive,bit_flip,offspring,feasible_start_adaptive_spacing,,,,feasible_start_adaptive_spacing,0.5,,True,auto_from_instance,0.75,0.35,"5,16,25,26,33,36,37,47,49","19,27",,,,,,"H[5,16,25,26,28,33,36,37,47,49]|V[19,27]",cbb12ae9bfe2c1e90668e57e4b7a75d2f09604e9
proposed_nsga2_bs_Gyorgy-KOVACS_WH_Wide_AW_5_seed_123,proposed_nsga2_bs,Gyorgy-KOVACS_WH_Wide_AW_5,123,1,auto_from_instance,12,18,4,30,216,,,,,14,6,5,root > H:5 > BH:28 > BH:47 > BH:14 > BH:37,evaluated,5,inf,False,647,210,437,987.0,1.0,1.0,True,True,1,1,0,True,1,1,0,0,True,True,0,11,2,11,2,6,SS,sampled_pool,,,True,0.1111111111111111,0.1,0.8888888888888888,0.1,adaptive,bit_flip,offspring,feasible_start_adaptive_spacing,,,,feasible_start_adaptive_spacing,0.5,,True,auto_from_instance,0.75,0.35,"5,16,25,26,33,36,37,47,49","19,27",,,,,,"H[5,14,16,25,26,28,33,36,37,47,49]|V[19,27]",2a3c92a114ba9c1f0a14c4b5d5485596d257bc5c
proposed_nsga2_bs_Gyorgy-KOVACS_WH_Wide_AW_5_seed_123,proposed_nsga2_bs,Gyorgy-KOVACS_WH_Wide_AW_5,123,1,auto_from_instance,12,18,4,30,216,,,,,15,6,5,root > H:5 > BH:28 > BH:45 > BH:16 > BV:17,evaluated,7,inf,False,717,173,544,1426.0,1.0,1.0,True,True,1,1,0,True,1,1,0,0,True,True,0,11,3,11,3,6,SS,sampled_pool,,,True,0.1111111111111111,0.1,0.8888888888888888,0.1,adaptive,bit_flip,offspring,feasible_start_adaptive_spacing,,,,feasible_start_adaptive_spacing,0.5,,True,auto_from_instance,0.75,0.35,"5,16,25,26,33,36,37,47,49","19,27",,,,,,"H[5,16,25,26,28,33,36,37,45,47,49]|V[17,19,27]",c37d40b6ba712bb8cb7c02eb7d1c3f8aa114e6ef
proposed_nsga2_bs_Gyorgy-KOVACS_WH_Wide_AW_5_seed_123,proposed_nsga2_bs,Gyorgy-KOVACS_WH_Wide_AW_5,123,1,auto_from_instance,12,18,4,30,216,,,,,16,6,5,root > H:5 > BH:28 > BH:45 > BH:14 > BV:17,evaluated,8,inf,False,717,173,544,1510.0,1.0,1.0,True,True,1,1,0,True,1,1,0,0,True,True,0,12,3,12,3,6,SS,sampled_pool,,,True,0.1111111111111111,0.1,0.8888888888888888,0.1,adaptive,bit_flip,offspring,feasible_start_adaptive_spacing,,,,feasible_start_adaptive_spacing,0.5,,True,auto_from_instance,0.75,0.35,"5,16,25,26,33,36,37,47,49","19,27",,,,,,"H[5,14,16,25,26,28,33,36,37,45,47,49]|V[17,19,27]",bafe1c958797e0accd284f055474035a65c65f98
proposed_nsga2_bs_Gyorgy-KOVACS_WH_Wide_AW_5_seed_123,proposed_nsga2_bs,Gyorgy-KOVACS_WH_Wide_AW_5,123,1,auto_from_instance,12,18,4,30,216,,,,,17,6,5,root > H:5 > BH:28 > BH:45 > BH:16 > BV:19,evaluated,7,inf,False,717,171,546,1375.0,1.0,1.0,True,True,1,1,0,True,1,1,0,0,True,True,0,11,2,11,2,6,SS,sampled_pool,,,True,0.1111111111111111,0.1,0.8888888888888888,0.1,adaptive,bit_flip,offspring,feasible_start_adaptive_spacing,,,,feasible_start_adaptive_spacing,0.5,,True,auto_from_instance,0.75,0.35,"5,16,25,26,33,36,37,47,49","19,27",,,,,,"H[5,16,25,26,28,33,36,37,45,47,49]|V[19,27]",62cfccfb6f2eceba77412c1f234854f9ea0397ad
proposed_nsga2_bs_Gyorgy-KOVACS_WH_Wide_AW_5_seed_123,proposed_nsga2_bs,Gyorgy-KOVACS_WH_Wide_AW_5,123,1,auto_from_instance,12,18,4,30,216,,,,,18,8,7,root > V:17 > BH:26 > BH:5 > BH:16 > BH:25 > BH:36 > BH:47,selected,1,1.0051724137931035,True,572,220,352,507.0,1.0,1.0,True,True,1,1,0,True,1,1,0,0,True,True,0,10,3,10,3,8,PF_LS_RP,sampled_pool,,,False,0.1111111111111111,0.11167146039130006,0.8888888888888888,0.1,adaptive,insert_random_aisle,offspring,feasible_start_adaptive_spacing,,,,feasible_start_adaptive_spacing,0.5,,True,auto_from_instance,0.75,0.35,"5,14,16,17,25,26,36,37,47,49","17,19,21",,,,,,"H[5,14,16,17,25,26,36,37,47,49]|V[17,19,21]",173dd91401b4b71d9f20edd9e83506be465b9528
proposed_nsga2_bs_Gyorgy-KOVACS_WH_Wide_AW_5_seed_123,proposed_nsga2_bs,Gyorgy-KOVACS_WH_Wide_AW_5,123,1,auto_from_instance,12,18,4,30,216,,,,,19,8,7,root > V:17 > BH:26 > BH:5 > BH:14 > BH:25 > BH:36 > BH:47,selected,1,inf,True,572,220,352,507.0,1.0,1.0,True,True,1,1,0,True,1,1,0,0,True,True,0,10,3,10,3,8,PF_LS_RP,sampled_pool,,,False,0.1111111111111111,0.11167146039130006,0.8888888888888888,0.1,adaptive,insert_random_aisle,offspring,feasible_start_adaptive_spacing,,,,feasible_start_adaptive_spacing,0.5,,True,auto_from_instance,0.75,0.35,"5,14,16,17,25,26,36,37,47,49","17,19,21",,,,,,"H[5,14,16,17,25,26,36,37,47,49]|V[17,19,21]",e59e5dd5e1537a2d164e028d12bd66f538f0cb70
proposed_nsga2_bs_Gyorgy-KOVACS_WH_Wide_AW_5_seed_123,proposed_nsga2_bs,Gyorgy-KOVACS_WH_Wide_AW_5,123,1,auto_from_instance,12,18,4,30,216,,,,,20,8,7,root > V:17 > BH:26 > BH:7 > BH:16 > BH:25 > BH:36 > BH:47,selected,2,inf,True,572,220,352,663.0,1.0,1.0,True,True,1,1,0,True,1,1,0,0,True,True,0,11,3,11,3,8,PF_LS_RP,sampled_pool,,,False,0.1111111111111111,0.11167146039130006,0.8888888888888888,0.1,adaptive,insert_random_aisle,offspring,feasible_start_adaptive_spacing,,,,feasible_start_adaptive_spacing,0.5,,True,auto_from_instance,0.75,0.35,"5,14,16,17,25,26,36,37,47,49","17,19,21",,,,,,"H[5,7,14,16,17,25,26,36,37,47,49]|V[17,19,21]",61426df39d9f05da4c561d5073d32a1cf777516d
proposed_nsga2_bs_Gyorgy-KOVACS_WH_Wide_AW_5_seed_123,proposed_nsga2_bs,Gyorgy-KOVACS_WH_Wide_AW_5,123,1,auto_from_instance,12,18,4,30,216,,,,,21,8,7,root > V:17 > BH:26 > BH:5 > BH:16 > BH:25 > BH:36 > BH:45,evaluated,3,inf,False,572,220,352,711.0,1.0,1.0,True,True,1,1,0,True,1,1,0,0,True,True,0,11,3,11,3,8,PF_LS_RP,sampled_pool,,,False,0.1111111111111111,0.11167146039130006,0.8888888888888888,0.1,adaptive,insert_random_aisle,offspring,feasible_start_adaptive_spacing,,,,feasible_start_adaptive_spacing,0.5,,True,auto_from_instance,0.75,0.35,"5,14,16,17,25,26,36,37,47,49","17,19,21",,,,,,"H[5,14,16,17,25,26,36,37,45,47,49]|V[17,19,21]",854ec9b997ec508dda6ea9e399147d7a4b626ba8
proposed_nsga2_bs_Gyorgy-KOVACS_WH_Wide_AW_5_seed_123,proposed_nsga2_bs,Gyorgy-KOVACS_WH_Wide_AW_5,123,1,auto_from_instance,12,18,4,30,216,,,,,22,8,7,root > V:17 > BH:26 > BH:5 > BH:14 > BH:25 > BH:36 > BH:45,evaluated,3,inf,False,572,220,352,711.0,1.0,1.0,True,True,1,1,0,True,1,1,0,0,True,True,0,11,3,11,3,8,PF_LS_RP,sampled_pool,,,False,0.1111111111111111,0.11167146039130006,0.8888888888888888,0.1,adaptive,insert_random_aisle,offspring,feasible_start_adaptive_spacing,,,,feasible_start_adaptive_spacing,0.5,,True,auto_from_instance,0.75,0.35,"5,14,16,17,25,26,36,37,47,49","17,19,21",,,,,,"H[5,14,16,17,25,26,36,37,45,47,49]|V[17,19,21]",ef95c5265d039c602cc7246bb99c122e90a60068
proposed_nsga2_bs_Gyorgy-KOVACS_WH_Wide_AW_5_seed_123,proposed_nsga2_bs,Gyorgy-KOVACS_WH_Wide_AW_5,123,1,auto_from_instance,12,18,4,30,216,,,,,23,9,8,root > V:16 > BH:26 > BH:5 > BH:16 > BH:25 > BH:36 > BH:45 > BV:25,selected,0,inf,True,517,238,279,368.0,1.0,1.0,True,True,1,1,0,True,1,1,0,0,True,True,0,10,5,10,5,9,PF_SS,sampled_pool,,,True,0.1111111111111111,0.12421551222163141,0.8888888888888888,0.1,adaptive,swap_segments,offspring,feasible_start_adaptive_spacing,,,,feasible_start_adaptive_spacing,0.5,,True,auto_from_instance,0.75,0.35,"5,16,26,27,38,47,51","16,21,24,27",,,,,,"H[5,16,25,26,27,36,38,45,47,51]|V[16,21,24,25,27]",559a078c3ea143504613077c561cb3124d66b767
proposed_nsga2_bs_Gyorgy-KOVACS_WH_Wide_AW_5_seed_123,proposed_nsga2_bs,Gyorgy-KOVACS_WH_Wide_AW_5,123,1,auto_from_instance,12,18,4,30,216,,,,,24,9,8,root > V:16 > BH:26 > BH:5 > BH:14 > BH:25 > BH:36 > BH:45 > BV:25,selected,0,inf,True,517,238,279,368.0,1.0,1.0,True,True,1,1,0,True,1,1,0,0,True,True,0,11,5,11,5,9,PF_SS,sampled_pool,,,True,0.1111111111111111,0.12421551222163141,0.8888888888888888,0.1,adaptive,swap_segments,offspring,feasible_start_adaptive_spacing,,,,feasible_start_adaptive_spacing,0.5,,True,auto_from_instance,0.75,0.35,"5,16,26,27,38,47,51","16,21,24,27",,,,,,"H[5,14,16,25,26,27,36,38,45,47,51]|V[16,21,24,25,27]",6fcfc694894a367ef71d338faec4ce589ca685b5
proposed_nsga2_bs_Gyorgy-KOVACS_WH_Wide_AW_5_seed_123,proposed_nsga2_bs,Gyorgy-KOVACS_WH_Wide_AW_5,123,1,auto_from_instance,12,18,4,30,216,,,,,25,9,8,root > V:16 > BH:26 > BH:5 > BH:16 > BH:25 > BH:36 > BH:45 > BV:29,selected,1,inf,True,517,225,292,586.0,1.0,1.0,True,True,1,1,0,True,1,1,0,0,True,True,0,10,5,10,5,9,PF_SS,sampled_pool,,,True,0.1111111111111111,0.12421551222163141,0.8888888888888888,0.1,adaptive,swap_segments,offspring,feasible_start_adaptive_spacing,,,,feasible_start_adaptive_spacing,0.5,,True,auto_from_instance,0.75,0.35,"5,16,26,27,38,47,51","16,21,24,27",,,,,,"H[5,16,25,26,27,36,38,45,47,51]|V[16,21,24,27,29]",13a8831f3352523fe53b9477eb693b985fdfc37c
proposed_nsga2_bs_Gyorgy-KOVACS_WH_Wide_AW_5_seed_123,proposed_nsga2_bs,Gyorgy-KOVACS_WH_Wide_AW_5,123,1,auto_from_instance,12,18,4,30,216,,,,,26,9,8,root > V:16 > BH:26 > BH:5 > BH:14 > BH:25 > BH:36 > BH:45 > BV:29,selected,1,inf,True,517,225,292,586.0,1.0,1.0,True,True,1,1,0,True,1,1,0,0,True,True,0,11,5,11,5,9,PF_SS,sampled_pool,,,True,0.1111111111111111,0.12421551222163141,0.8888888888888888,0.1,adaptive,swap_segments,offspring,feasible_start_adaptive_spacing,,,,feasible_start_adaptive_spacing,0.5,,True,auto_from_instance,0.75,0.35,"5,16,26,27,38,47,51","16,21,24,27",,,,,,"H[5,14,16,25,26,27,36,38,45,47,51]|V[16,21,24,27,29]",7e0f4d1a90907f684b7d565e90c4ddb6c1ba7c58
proposed_nsga2_bs_Gyorgy-KOVACS_WH_Wide_AW_5_seed_123,proposed_nsga2_bs,Gyorgy-KOVACS_WH_Wide_AW_5,123,2,auto_from_instance,12,18,4,30,216,,,,,1,1,8,root > V:18 > BH:26 > BH:5 > BH:14 > BH:25 > BH:36 > BH:45 > BV:29,selected,1,2.22796817625459,True,557,213,344,441.0,1.0,1.0,True,True,1,1,0,True,1,1,0,0,True,True,0,9,5,9,5,1,LS_RP,sampled_pool,,,False,0.16666666666666666,0.14457924170190325,0.8333333333333334,0.1,adaptive,spacing_aware_flip,offspring,feasible_start_adaptive_spacing,,,,feasible_start_adaptive_spacing,0.5,,True,auto_from_instance,0.75,0.35,"5,11,15,16,25,26,36,45","5,18,21,23,29",,,,,,"H[5,11,14,15,16,25,26,36,45]|V[5,18,21,23,29]",adb10b87ca2484934e3d25903be5b527b7a6f960
proposed_nsga2_bs_Gyorgy-KOVACS_WH_Wide_AW_5_seed_123,proposed_nsga2_bs,Gyorgy-KOVACS_WH_Wide_AW_5,123,2,auto_from_instance,12,18,4,30,216,,,,,2,2,8,root > V:15 > BH:26 > BH:5 > BH:16 > BH:25 > BH:36 > BH:45 > BV:24,selected,0,inf,True,497,247,250,385.0,1.0,1.0,True,True,1,1,0,True,1,1,0,0,True,True,0,12,5,12,5,2,PF_RP,sampled_pool,,,False,0.16666666666666666,0.13923369407654987,0.8333333333333334,0.1,adaptive,remove_random_aisle,offspring,feasible_start_adaptive_spacing,,,,feasible_start_adaptive_spacing,0.5,,True,auto_from_instance,0.75,0.35,"5,7,16,17,23,25,26,36,37,45,47,49","15,17,19,21",,,,,,"H[5,7,16,17,23,25,26,36,37,45,47,49]|V[15,17,19,21,24]",416c9c0e4f9e06143d78fee04cbc7a8d1c4800ad
proposed_nsga2_bs_Gyorgy-KOVACS_WH_Wide_AW_5_seed_123,proposed_nsga2_bs,Gyorgy-KOVACS_WH_Wide_AW_5,123,2,auto_from_instance,12,18,4,30,216,,,,,3,2,8,root > V:15 > BH:26 > BH:5 > BH:14 > BH:25 > BH:36 > BH:45 > BV:24,selected,0,inf,True,497,247,250,385.0,1.0,1.0,True,True,1,1,0,True,1,1,0,0,True,True,0,13,5,13,5,2,PF_RP,sampled_pool,,,False,0.16666666666666666,0.13923369407654987,0.8333333333333334,0.1,adaptive,remove_random_aisle,offspring,feasible_start_adaptive_spacing,,,,feasible_start_adaptive_spacing,0.5,,True,auto_from_instance,0.75,0.35,"5,7,16,17,23,25,26,36,37,45,47,49","15,17,19,21",,,,,,"H[5,7,14,16,17,23,25,26,36,37,45,47,49]|V[15,17,19,21,24]",4f5b467192e7c6ce4bc3fd69bf3ce13c31bd8ba0
proposed_nsga2_bs_Gyorgy-KOVACS_WH_Wide_AW_5_seed_123,proposed_nsga2_bs,Gyorgy-KOVACS_WH_Wide_AW_5,123,2,auto_from_instance,12,18,4,30,216,,,,,4,3,7,root > V:21 > BH:26 > BH:5 > BH:16 > BH:27 > BH:38 > BH:47,evaluated,5,inf,False,652,180,472,763.0,1.0,1.0,True,True,1,1,0,True,1,1,0,0,True,True,0,11,5,11,5,3,SS_LS_PF,sampled_pool,,,True,0.16666666666666666,0.26543554879534625,0.8333333333333334,0.1,adaptive,swap_segments,offspring,feasible_start_adaptive_spacing,,,,feasible_start_adaptive_spacing,0.5,,True,auto_from_instance,0.75,0.35,"5,11,16,25,26,27,36,38,45,47,51","15,17,19,21,24",,,,,,"H[5,11,16,25,26,27,36,38,45,47,51]|V[15,17,19,21,24]",2f63addef0a564eaffadcb442913b04bcdb20a31
proposed_nsga2_bs_Gyorgy-KOVACS_WH_Wide_AW_5_seed_123,proposed_nsga2_bs,Gyorgy-KOVACS_WH_Wide_AW_5,123,2,auto_from_instance,12,18,4,30,216,,,,,5,3,7,root > V:21 > BH:26 > BH:5 > BH:16 > BH:27 > BH:36 > BH:47,evaluated,5,0.0,False,652,180,472,763.0,1.0,1.0,True,True,1,1,0,True,1,1,0,0,True,True,0,11,5,11,5,3,SS_LS_PF,sampled_pool,,,True,0.16666666666666666,0.26543554879534625,0.8333333333333334,0.1,adaptive,swap_segments,offspring,feasible_start_adaptive_spacing,,,,feasible_start_adaptive_spacing,0.5,,True,auto_from_instance,0.75,0.35,"5,11,16,25,26,27,36,38,45,47,51","15,17,19,21,24",,,,,,"H[5,11,16,25,26,27,36,38,45,47,51]|V[15,17,19,21,24]",0f96e027200fa1a1c0edb07d21a5eb62a8ebadb2
proposed_nsga2_bs_Gyorgy-KOVACS_WH_Wide_AW_5_seed_123,proposed_nsga2_bs,Gyorgy-KOVACS_WH_Wide_AW_5,123,2,auto_from_instance,12,18,4,30,216,,,,,6,3,7,root > V:21 > BH:26 > BH:5 > BH:16 > BH:25 > BH:36 > BH:47,evaluated,5,0.0,False,652,180,472,763.0,1.0,1.0,True,True,1,1,0,True,1,1,0,0,True,True,0,11,5,11,5,3,SS_LS_PF,sampled_pool,,,True,0.16666666666666666,0.26543554879534625,0.8333333333333334,0.1,adaptive,swap_segments,offspring,feasible_start_adaptive_spacing,,,,feasible_start_adaptive_spacing,0.5,,True,auto_from_instance,0.75,0.35,"5,11,16,25,26,27,36,38,45,47,51","15,17,19,21,24",,,,,,"H[5,11,16,25,26,27,36,38,45,47,51]|V[15,17,19,21,24]",01a90fb20467da592e93711ac8a849c3053fcfd6
proposed_nsga2_bs_Gyorgy-KOVACS_WH_Wide_AW_5_seed_123,proposed_nsga2_bs,Gyorgy-KOVACS_WH_Wide_AW_5,123,2,auto_from_instance,12,18,4,30,216,,,,,7,3,7,root > V:21 > BH:26 > BH:5 > BH:14 > BH:25 > BH:36 > BH:47,evaluated,5,inf,False,652,180,472,763.0,1.0,1.0,True,True,1,1,0,True,1,1,0,0,True,True,0,12,5,12,5,3,SS_LS_PF,sampled_pool,,,True,0.16666666666666666,0.26543554879534625,0.8333333333333334,0.1,adaptive,swap_segments,offspring,feasible_start_adaptive_spacing,,,,feasible_start_adaptive_spacing,0.5,,True,auto_from_instance,0.75,0.35,"5,11,16,25,26,27,36,38,45,47,51","15,17,19,21,24",,,,,,"H[5,11,14,16,25,26,27,36,38,45,47,51]|V[15,17,19,21,24]",1958a387e19298fbb01706dd6afdd7339df9d6ae
proposed_nsga2_bs_Gyorgy-KOVACS_WH_Wide_AW_5_seed_123,proposed_nsga2_bs,Gyorgy-KOVACS_WH_Wide_AW_5,123,2,auto_from_instance,12,18,4,30,216,,,,,8,3,7,root > V:21 > BH:26 > BH:5 > BH:14 > BH:27 > BH:36 > BH:47,evaluated,6,inf,False,652,180,472,779.0,1.0,1.0,True,True,1,1,0,True,1,1,0,0,True,True,0,12,5,12,5,3,SS_LS_PF,sampled_pool,,,True,0.16666666666666666,0.26543554879534625,0.8333333333333334,0.1,adaptive,swap_segments,offspring,feasible_start_adaptive_spacing,,,,feasible_start_adaptive_spacing,0.5,,True,auto_from_instance,0.75,0.35,"5,11,16,25,26,27,36,38,45,47,51","15,17,19,21,24",,,,,,"H[5,11,14,16,25,26,27,36,38,45,47,51]|V[15,17,19,21,24]",7fe0a40c905a1e1db7529fac1c24ec9689fa56fb
proposed_nsga2_bs_Gyorgy-KOVACS_WH_Wide_AW_5_seed_123,proposed_nsga2_bs,Gyorgy-KOVACS_WH_Wide_AW_5,123,2,auto_from_instance,12,18,4,30,216,,,,,9,4,4,root > V:27 > BH:26 > BV:17 > BV:17,selected,0,inf,True,567,256,311,311.0,1.0,1.0,True,True,1,1,0,True,1,1,0,0,True,True,0,12,6,12,6,4,LS_PF,sampled_pool,,,False,0.16666666666666666,0.23448050965948553,0.8333333333333334,0.1,adaptive,spacing_aware_flip,offspring,feasible_start_adaptive_spacing,,,,feasible_start_adaptive_spacing,0.5,,True,auto_from_instance,0.75,0.35,"5,15,16,23,25,26,36,37,45,47,49,54","16,21,24,27,29",,,,,,"H[5,15,16,23,25,26,36,37,45,47,49,54]|V[16,17,21,24,27,29]",a8708aef2b1e3127a45cd25328e7b01fe876ac67
proposed_nsga2_bs_Gyorgy-KOVACS_WH_Wide_AW_5_seed_123,proposed_nsga2_bs,Gyorgy-KOVACS_WH_Wide_AW_5,123,2,auto_from_instance,12,18,4,30,216,,,,,10,4,4,root > V:29 > BH:26 > BV:19 > BV:19,selected,1,inf,True,557,202,355,408.0,1.0,1.0,True,True,1,1,0,True,1,1,0,0,True,True,0,12,6,12,6,4,LS_PF,sampled_pool,,,False,0.16666666666666666,0.23448050965948553,0.8333333333333334,0.1,adaptive,spacing_aware_flip,offspring,feasible_start_adaptive_spacing,,,,feasible_start_adaptive_spacing,0.5,,True,auto_from_instance,0.75,0.35,"5,15,16,23,25,26,36,37,45,47,49,54","16,21,24,27,29",,,,,,"H[5,15,16,23,25,26,36,37,45,47,49,54]|V[16,19,21,24,27,29]",225a083d40a70add6d49c842c1ea1b7da9e91627
proposed_nsga2_bs_Gyorgy-KOVACS_WH_Wide_AW_5_seed_123,proposed_nsga2_bs,Gyorgy-KOVACS_WH_Wide_AW_5,123,2,auto_from_instance,12,18,4,30,216,,,,,11,4,4,root > V:29 > BH:26 > BV:17 > BV:19,evaluated,3,inf,False,557,202,355,460.0,1.0,1.0,True,True,1,1,0,True,1,1,0,0,True,True,0,12,7,12,7,4,LS_PF,sampled_pool,,,False,0.16666666666666666,0.23448050965948553,0.8333333333333334,0.1,adaptive,spacing_aware_flip,offspring,feasible_start_adaptive_spacing,,,,feasible_start_adaptive_spacing,0.5,,True,auto_from_instance,0.75,0.35,"5,15,16,23,25,26,36,37,45,47,49,54","16,21,24,27,29",,,,,,"H[5,15,16,23,25,26,36,37,45,47,49,54]|V[16,17,19,21,24,27,29]",0ccd7482bc13afbeac630bd0faf7012fe4b70f5c
proposed_nsga2_bs_Gyorgy-KOVACS_WH_Wide_AW_5_seed_123,proposed_nsga2_bs,Gyorgy-KOVACS_WH_Wide_AW_5,123,2,auto_from_instance,12,18,4,30,216,,,,,12,4,4,root > V:29 > BH:26 > BV:19 > BV:17,selected,2,inf,True,557,202,355,458.0,1.0,1.0,True,True,1,1,0,True,1,1,0,0,True,True,0,12,7,12,7,4,LS_PF,sampled_pool,,,False,0.16666666666666666,0.23448050965948553,0.8333333333333334,0.1,adaptive,spacing_aware_flip,offspring,feasible_start_adaptive_spacing,,,,feasible_start_adaptive_spacing,0.5,,True,auto_from_instance,0.75,0.35,"5,15,16,23,25,26,36,37,45,47,49,54","16,21,24,27,29",,,,,,"H[5,15,16,23,25,26,36,37,45,47,49,54]|V[16,17,19,21,24,27,29]",f590e28c4ca08f01adba87c9244bc357b1edb9bd
proposed_nsga2_bs_Gyorgy-KOVACS_WH_Wide_AW_5_seed_123,proposed_nsga2_bs,Gyorgy-KOVACS_WH_Wide_AW_5,123,2,auto_from_instance,12,18,4,30,216,,,,,13,4,4,root > V:29 > BH:26 > BV:17 > BV:17,evaluated,4,inf,False,557,202,355,510.0,1.0,1.0,True,True,1,1,0,True,1,1,0,0,True,True,0,12,6,12,6,4,LS_PF,sampled_pool,,,False,0.16666666666666666,0.23448050965948553,0.8333333333333334,0.1,adaptive,spacing_aware_flip,offspring,feasible_start_adaptive_spacing,,,,feasible_start_adaptive_spacing,0.5,,True,auto_from_instance,0.75,0.35,"5,15,16,23,25,26,36,37,45,47,49,54","16,21,24,27,29",,,,,,"H[5,15,16,23,25,26,36,37,45,47,49,54]|V[16,17,21,24,27,29]",01a64afdd46edf4dc6b60538f107b837ec4162f0
proposed_nsga2_bs_Gyorgy-KOVACS_WH_Wide_AW_5_seed_123,proposed_nsga2_bs,Gyorgy-KOVACS_WH_Wide_AW_5,123,2,auto_from_instance,12,18,4,30,216,,,,,14,5,8,root > V:16 > BH:26 > BH:7 > BH:16 > BH:25 > BH:36 > BH:45 > BV:25,selected,1,inf,True,517,238,279,537.0,1.0,1.0,True,True,1,1,0,True,1,1,0,0,True,True,0,12,5,12,5,5,LS_PF,sampled_pool,,,False,0.16666666666666666,0.16935043574703582,0.8333333333333334,0.1,adaptive,spacing_aware_flip,offspring,feasible_start_adaptive_spacing,,,,feasible_start_adaptive_spacing,0.5,,True,auto_from_instance,0.75,0.35,"5,14,16,17,25,26,36,37,45,47,49","6,16,21,24",,,,,,"H[5,7,14,16,17,25,26,36,37,45,47,49]|V[6,16,21,24,25]",5f183debb27c7a24bc0f9f82fc27ee77d3fc24d8
proposed_nsga2_bs_Gyorgy-KOVACS_WH_Wide_AW_5_seed_123,proposed_nsga2_bs,Gyorgy-KOVACS_WH_Wide_AW_5,123,2,auto_from_instance,12,18,4,30,216,,,,,15,5,8,root > V:16 > BH:26 > BH:5 > BH:16 > BH:25 > BH:36 > BH:45 > BV:25,selected,0,1.745680106335844,True,517,238,279,368.0,1.0,1.0,True,True,1,1,0,True,1,1,0,0,True,True,0,11,5,11,5,5,LS_PF,sampled_pool,,,False,0.16666666666666666,0.16935043574703582,0.8333333333333334,0.1,adaptive,spacing_aware_flip,offspring,feasible_start_adaptive_spacing,,,,feasible_start_adaptive_spacing,0.5,,True,auto_from_instance,0.75,0.35,"5,14,16,17,25,26,36,37,45,47,49","6,16,21,24",,,,,,"H[5,14,16,17,25,26,36,37,45,47,49]|V[6,16,21,24,25]",559a078c3ea143504613077c561cb3124d66b767
proposed_nsga2_bs_Gyorgy-KOVACS_WH_Wide_AW_5_seed_123,proposed_nsga2_bs,Gyorgy-KOVACS_WH_Wide_AW_5,123,2,auto_from_instance,12,18,4,30,216,,,,,16,5,8,root > V:16 > BH:26 > BH:7 > BH:16 > BH:25 > BH:36 > BH:45 > BV:29,evaluated,3,inf,False,517,225,292,755.0,1.0,1.0,True,True,1,1,0,True,1,1,0,0,True,True,0,12,5,12,5,5,LS_PF,sampled_pool,,,False,0.16666666666666666,0.16935043574703582,0.8333333333333334,0.1,adaptive,spacing_aware_flip,offspring,feasible_start_adaptive_spacing,,,,feasible_start_adaptive_spacing,0.5,,True,auto_from_instance,0.75,0.35,"5,14,16,17,25,26,36,37,45,47,49","6,16,21,24",,,,,,"H[5,7,14,16,17,25,26,36,37,45,47,49]|V[6,16,21,24,29]",03af9372cf0d8e782f6e425ae89227ab68d20a8e
proposed_nsga2_bs_Gyorgy-KOVACS_WH_Wide_AW_5_seed_123,proposed_nsga2_bs,Gyorgy-KOVACS_WH_Wide_AW_5,123,2,auto_from_instance,12,18,4,30,216,,,,,17,5,8,root > V:16 > BH:26 > BH:5 > BH:16 > BH:25 > BH:36 > BH:45 > BV:29,evaluated,2,inf,False,517,225,292,586.0,1.0,1.0,True,True,1,1,0,True,1,1,0,0,True,True,0,11,5,11,5,5,LS_PF,sampled_pool,,,False,0.16666666666666666,0.16935043574703582,0.8333333333333334,0.1,adaptive,spacing_aware_flip,offspring,feasible_start_adaptive_spacing,,,,feasible_start_adaptive_spacing,0.5,,True,auto_from_instance,0.75,0.35,"5,14,16,17,25,26,36,37,45,47,49","6,16,21,24",,,,,,"H[5,14,16,17,25,26,36,37,45,47,49]|V[6,16,21,24,29]",13a8831f3352523fe53b9477eb693b985fdfc37c
proposed_nsga2_bs_Gyorgy-KOVACS_WH_Wide_AW_5_seed_123,proposed_nsga2_bs,Gyorgy-KOVACS_WH_Wide_AW_5,123,2,auto_from_instance,12,18,4,30,216,,,,,18,6,7,root > V:17 > BH:26 > BH:5 > BH:16 > BH:27 > BH:36 > BH:47,selected,1,1.116891064871481,True,572,220,352,507.0,1.0,1.0,True,True,1,1,0,True,1,1,0,0,True,True,0,9,6,9,6,6,LS,sampled_pool,,,False,0.16666666666666666,0.16513282674568552,0.8333333333333334,0.1,adaptive,spacing_aware_flip,offspring,feasible_start_adaptive_spacing,,,,feasible_start_adaptive_spacing,0.5,,True,auto_from_instance,0.75,0.35,"5,16,25,26,27,36,38,47,51","9,17,19,21,25,27",,,,,,"H[5,16,25,26,27,36,38,47,51]|V[9,17,19,21,25,27]",e2fbbe10c6b34c6ad385ed07a85e04980f6c0fd6
proposed_nsga2_bs_Gyorgy-KOVACS_WH_Wide_AW_5_seed_123,proposed_nsga2_bs,Gyorgy-KOVACS_WH_Wide_AW_5,123,2,auto_from_instance,12,18,4,30,216,,,,,19,6,7,root > V:17 > BH:26 > BH:5 > BH:16 > BH:27 > BH:36 > BH:45,evaluated,3,2.020619714355897,False,572,220,352,711.0,1.0,1.0,True,True,1,1,0,True,1,1,0,0,True,True,0,10,6,10,6,6,LS,sampled_pool,,,False,0.16666666666666666,0.16513282674568552,0.8333333333333334,0.1,adaptive,spacing_aware_flip,offspring,feasible_start_adaptive_spacing,,,,feasible_start_adaptive_spacing,0.5,,True,auto_from_instance,0.75,0.35,"5,16,25,26,27,36,38,47,51","9,17,19,21,25,27",,,,,,"H[5,16,25,26,27,36,38,45,47,51]|V[9,17,19,21,25,27]",d4972697f5cec94e08b9be11a75b7e3201e83de4
proposed_nsga2_bs_Gyorgy-KOVACS_WH_Wide_AW_5_seed_123,proposed_nsga2_bs,Gyorgy-KOVACS_WH_Wide_AW_5,123,2,auto_from_instance,12,18,4,30,216,,,,,20,6,7,root > V:17 > BH:26 > BH:5 > BH:16 > BH:25 > BH:36 > BH:47,selected,1,0.0,True,572,220,352,507.0,1.0,1.0,True,True,1,1,0,True,1,1,0,0,True,True,0,9,6,9,6,6,LS,sampled_pool,,,False,0.16666666666666666,0.16513282674568552,0.8333333333333334,0.1,adaptive,spacing_aware_flip,offspring,feasible_start_adaptive_spacing,,,,feasible_start_adaptive_spacing,0.5,,True,auto_from_instance,0.75,0.35,"5,16,25,26,27,36,38,47,51","9,17,19,21,25,27",,,,,,"H[5,16,25,26,27,36,38,47,51]|V[9,17,19,21,25,27]",173dd91401b4b71d9f20edd9e83506be465b9528
proposed_nsga2_bs_Gyorgy-KOVACS_WH_Wide_AW_5_seed_123,proposed_nsga2_bs,Gyorgy-KOVACS_WH_Wide_AW_5,123,2,auto_from_instance,12,18,4,30,216,,,,,21,6,7,root > V:17 > BH:26 > BH:5 > BH:16 > BH:25 > BH:36 > BH:45,evaluated,3,0.979380285644103,False,572,220,352,711.0,1.0,1.0,True,True,1,1,0,True,1,1,0,0,True,True,0,10,6,10,6,6,LS,sampled_pool,,,False,0.16666666666666666,0.16513282674568552,0.8333333333333334,0.1,adaptive,spacing_aware_flip,offspring,feasible_start_adaptive_spacing,,,,feasible_start_adaptive_spacing,0.5,,True,auto_from_instance,0.75,0.35,"5,16,25,26,27,36,38,47,51","9,17,19,21,25,27",,,,,,"H[5,16,25,26,27,36,38,45,47,51]|V[9,17,19,21,25,27]",854ec9b997ec508dda6ea9e399147d7a4b626ba8
proposed_nsga2_bs_Gyorgy-KOVACS_WH_Wide_AW_5_seed_123,proposed_nsga2_bs,Gyorgy-KOVACS_WH_Wide_AW_5,123,2,auto_from_instance,12,18,4,30,216,,,,,22,6,7,root > V:17 > BH:26 > BH:5 > BH:14 > BH:25 > BH:36 > BH:47,selected,1,0.46647626818985444,True,572,220,352,507.0,1.0,1.0,True,True,1,1,0,True,1,1,0,0,True,True,0,10,6,10,6,6,LS,sampled_pool,,,False,0.16666666666666666,0.16513282674568552,0.8333333333333334,0.1,adaptive,spacing_aware_flip,offspring,feasible_start_adaptive_spacing,,,,feasible_start_adaptive_spacing,0.5,,True,auto_from_instance,0.75,0.35,"5,16,25,26,27,36,38,47,51","9,17,19,21,25,27",,,,,,"H[5,14,16,25,26,27,36,38,47,51]|V[9,17,19,21,25,27]",e59e5dd5e1537a2d164e028d12bd66f538f0cb70
proposed_nsga2_bs_Gyorgy-KOVACS_WH_Wide_AW_5_seed_123,proposed_nsga2_bs,Gyorgy-KOVACS_WH_Wide_AW_5,123,2,auto_from_instance,12,18,4,30,216,,,,,23,7,7,root > V:21 > BH:26 > BH:7 > BH:16 > BH:25 > BH:36 > BH:47,evaluated,7,inf,False,652,180,472,867.0,1.0,1.0,True,True,1,1,0,True,1,1,0,0,True,True,0,12,4,12,4,7,SS_PF_LS,sampled_pool,,,True,0.16666666666666666,0.18468307892549463,0.8333333333333334,0.1,adaptive,bit_flip,offspring,feasible_start_adaptive_spacing,,,,feasible_start_adaptive_spacing,0.5,,True,auto_from_instance,0.75,0.35,"1,5,16,17,25,26,36,38,45,47,51","16,21,24,29",,,,,,"H[1,5,7,16,17,25,26,36,38,45,47,51]|V[16,21,24,29]",b7080d9cb61c36aedc6f73cfe3724fe27e5ce9c6
proposed_nsga2_bs_Gyorgy-KOVACS_WH_Wide_AW_5_seed_123,proposed_nsga2_bs,Gyorgy-KOVACS_WH_Wide_AW_5,123,2,auto_from_instance,12,18,4,30,216,,,,,24,7,7,root > V:21 > BH:26 > BH:5 > BH:14 > BH:23 > BH:36 > BH:47,evaluated,7,inf,False,652,179,473,779.0,1.0,1.0,True,True,1,1,0,True,1,1,0,0,True,True,0,13,4,13,4,7,SS_PF_LS,sampled_pool,,,True,0.16666666666666666,0.18468307892549463,0.8333333333333334,0.1,adaptive,bit_flip,offspring,feasible_start_adaptive_spacing,,,,feasible_start_adaptive_spacing,0.5,,True,auto_from_instance,0.75,0.35,"1,5,16,17,25,26,36,38,45,47,51","16,21,24,29",,,,,,"H[1,5,14,16,17,23,25,26,36,38,45,47,51]|V[16,21,24,29]",80759a258a3a591897561d7fa21252f89316e96e
proposed_nsga2_bs_Gyorgy-KOVACS_WH_Wide_AW_5_seed_123,proposed_nsga2_bs,Gyorgy-KOVACS_WH_Wide_AW_5,123,2,auto_from_instance,12,18,4,30,216,,,,,25,8,6,root > V:21 > BH:26 > BH:5 > BH:16 > BH:29 > BH:42,evaluated,9,inf,False,692,165,527,1197.0,1.0,1.0,True,True,1,1,0,True,1,1,0,0,True,True,0,11,5,11,5,8,RP_LS,sampled_pool,,,False,0.16666666666666666,0.15609633809245424,0.8333333333333334,0.1,adaptive,insert_random_aisle,offspring,feasible_start_adaptive_spacing,,,,feasible_start_adaptive_spacing,0.5,,True,auto_from_instance,0.75,0.35,"5,14,16,25,26,27,36,45,51","18,21,23,25,27",,,,,,"H[5,14,16,25,26,27,29,36,42,45,51]|V[18,21,23,25,27]",3e80fff572b45638d4c993741f9187431fecc243
proposed_nsga2_bs_Gyorgy-KOVACS_WH_Wide_AW_5_seed_123,proposed_nsga2_bs,Gyorgy-KOVACS_WH_Wide_AW_5,123,2,auto_from_instance,12,18,4,30,216,,,,,26,8,6,root > V:21 > BH:26 > BH:5 > BH:16 > BH:27 > BH:40,evaluated,9,inf,False,692,168,524,1255.0,1.0,1.0,True,True,1,1,0,True,1,1,0,0,True,True,0,10,5,10,5,8,RP_LS,sampled_pool,,,False,0.16666666666666666,0.15609633809245424,0.8333333333333334,0.1,adaptive,insert_random_aisle,offspring,feasible_start_adaptive_spacing,,,,feasible_start_adaptive_spacing,0.5,,True,auto_from_instance,0.75,0.35,"5,14,16,25,26,27,36,45,51","18,21,23,25,27",,,,,,"H[5,14,16,25,26,27,36,40,45,51]|V[18,21,23,25,27]",c29204a760792de9b5fff7fd1f22463071b8fe3a
proposed_nsga2_bs_Gyorgy-KOVACS_WH_Wide_AW_5_seed_123,proposed_nsga2_bs,Gyorgy-KOVACS_WH_Wide_AW_5,123,2,auto_from_instance,12,18,4,30,216,,,,,27,8,6,root > V:21 > BH:26 > BH:5 > BH:16 > BH:29 > BH:40,evaluated,10,inf,False,692,167,525,1255.0,1.0,1.0,True,True,1,1,0,True,1,1,0,0,True,True,0,11,5,11,5,8,RP_LS,sampled_pool,,,False,0.16666666666666666,0.15609633809245424,0.8333333333333334,0.1,adaptive,insert_random_aisle,offspring,feasible_start_adaptive_spacing,,,,feasible_start_adaptive_spacing,0.5,,True,auto_from_instance,0.75,0.35,"5,14,16,25,26,27,36,45,51","18,21,23,25,27",,,,,,"H[5,14,16,25,26,27,29,36,40,45,51]|V[18,21,23,25,27]",4438a07913bba44771acc09fec1861ea8b6e3d46
proposed_nsga2_bs_Gyorgy-KOVACS_WH_Wide_AW_5_seed_123,proposed_nsga2_bs,Gyorgy-KOVACS_WH_Wide_AW_5,123,2,auto_from_instance,12,18,4,30,216,,,,,28,8,6,root > V:21 > BH:26 > BH:5 > BH:14 > BH:27 > BH:40,evaluated,10,inf,False,692,168,524,1271.0,1.0,1.0,True,True,1,1,0,True,1,1,0,0,True,True,0,10,5,10,5,8,RP_LS,sampled_pool,,,False,0.16666666666666666,0.15609633809245424,0.8333333333333334,0.1,adaptive,insert_random_aisle,offspring,feasible_start_adaptive_spacing,,,,feasible_start_adaptive_spacing,0.5,,True,auto_from_instance,0.75,0.35,"5,14,16,25,26,27,36,45,51","18,21,23,25,27",,,,,,"H[5,14,16,25,26,27,36,40,45,51]|V[18,21,23,25,27]",d6f556ce4388bf7e47d115315ffef16b2112220e
proposed_nsga2_bs_Gyorgy-KOVACS_WH_Wide_AW_5_seed_123,proposed_nsga2_bs,Gyorgy-KOVACS_WH_Wide_AW_5,123,2,auto_from_instance,12,18,4,30,216,,,,,29,8,6,root > V:21 > BH:26 > BH:47 > BH:35 > BH:23 > BH:11,evaluated,11,inf,False,692,164,528,1293.0,1.0,1.0,True,True,1,1,0,True,1,1,0,0,True,True,0,13,5,13,5,8,RP_LS,sampled_pool,,,False,0.16666666666666666,0.15609633809245424,0.8333333333333334,0.1,adaptive,insert_random_aisle,offspring,feasible_start_adaptive_spacing,,,,feasible_start_adaptive_spacing,0.5,,True,auto_from_instance,0.75,0.35,"5,14,16,25,26,27,36,45,51","18,21,23,25,27",,,,,,"H[5,11,14,16,23,25,26,27,35,36,45,47,51]|V[18,21,23,25,27]",aefb6def61337c0811fe5b11c3859df6b4d263cc
proposed_nsga2_bs_Gyorgy-KOVACS_WH_Wide_AW_5_seed_123,proposed_nsga2_bs,Gyorgy-KOVACS_WH_Wide_AW_5,123,2,auto_from_instance,12,18,4,30,216,,,,,30,9,7,root > V:21 > BH:26 > BH:5 > BH:16 > BH:25 > BH:36 > BH:45,evaluated,8,inf,False,652,180,472,899.0,1.0,1.0,True,True,1,1,0,True,1,1,0,0,True,True,0,11,5,11,5,9,SS,sampled_pool,,,True,0.16666666666666666,0.1,0.8333333333333334,0.1,adaptive,break_symmetry,offspring,feasible_start_adaptive_spacing,,,,feasible_start_adaptive_spacing,0.5,,True,auto_from_instance,0.75,0.35,"5,15,16,25,26,27,36,38,45,47,51","16,21,24,25,27",,,,,,"H[5,15,16,25,26,27,36,38,45,47,51]|V[16,21,24,25,27]",8e88c0c464d5e2054bb58e24df478d0e262d6485
proposed_nsga2_bs_Gyorgy-KOVACS_WH_Wide_AW_5_seed_123,proposed_nsga2_bs,Gyorgy-KOVACS_WH_Wide_AW_5,123,2,auto_from_instance,12,18,4,30,216,,,,,31,9,7,root > V:21 > BH:26 > BH:5 > BH:14 > BH:25 > BH:36 > BH:45,evaluated,8,inf,False,652,180,472,899.0,1.0,1.0,True,True,1,1,0,True,1,1,0,0,True,True,0,12,5,12,5,9,SS,sampled_pool,,,True,0.16666666666666666,0.1,0.8333333333333334,0.1,adaptive,break_symmetry,offspring,feasible_start_adaptive_spacing,,,,feasible_start_adaptive_spacing,0.5,,True,auto_from_instance,0.75,0.35,"5,15,16,25,26,27,36,38,45,47,51","16,21,24,25,27",,,,,,"H[5,14,15,16,25,26,27,36,38,45,47,51]|V[16,21,24,25,27]",f2b245d80a9e03cb9543fcc56f57562ad4aadb7c
proposed_nsga2_bs_Gyorgy-KOVACS_WH_Wide_AW_5_seed_123,proposed_nsga2_bs,Gyorgy-KOVACS_WH_Wide_AW_5,123,2,auto_from_instance,12,18,4,30,216,,,,,32,11,8,root > V:16 > BH:26 > BH:5 > BH:14 > BH:25 > BH:36 > BH:45 > BV:25,selected,0,inf,True,517,238,279,368.0,1.0,1.0,True,True,1,1,0,True,1,1,0,0,True,True,0,12,5,12,5,11,PF_SS,sampled_pool,,,True,0.16666666666666666,0.12992367338995134,0.8333333333333334,0.1,adaptive,spacing_aware_flip,offspring,feasible_start_adaptive_spacing,,,,feasible_start_adaptive_spacing,0.5,,True,auto_from_instance,0.75,0.35,"0,5,14,16,25,26,27,36,38,45,47,51","16,21,24,25,27",,,,,,"H[0,5,14,16,25,26,27,36,38,45,47,51]|V[16,21,24,25,27]",6fcfc694894a367ef71d338faec4ce589ca685b5
proposed_nsga2_bs_Gyorgy-KOVACS_WH_Wide_AW_5_seed_123,proposed_nsga2_bs,Gyorgy-KOVACS_WH_Wide_AW_5,123,2,auto_from_instance,12,18,4,30,216,,,,,33,11,8,root > V:16 > BH:26 > BH:5 > BH:14 > BH:25 > BH:36 > BH:45 > BV:29,evaluated,2,inf,False,517,225,292,586.0,1.0,1.0,True,True,1,1,0,True,1,1,0,0,True,True,0,12,6,12,6,11,PF_SS,sampled_pool,,,True,0.16666666666666666,0.12992367338995134,0.8333333333333334,0.1,adaptive,spacing_aware_flip,offspring,feasible_start_adaptive_spacing,,,,feasible_start_adaptive_spacing,0.5,,True,auto_from_instance,0.75,0.35,"0,5,14,16,25,26,27,36,38,45,47,51","16,21,24,25,27",,,,,,"H[0,5,14,16,25,26,27,36,38,45,47,51]|V[16,21,24,25,27,29]",7e0f4d1a90907f684b7d565e90c4ddb6c1ba7c58
proposed_nsga2_bs_Gyorgy-KOVACS_WH_Wide_AW_5_seed_123,proposed_nsga2_bs,Gyorgy-KOVACS_WH_Wide_AW_5,123,3,auto_from_instance,12,18,4,30,216,,,,,1,1,6,root > V:21 > BH:26 > BH:5 > BH:16 > BH:29 > BH:42,evaluated,7,inf,False,692,165,527,1197.0,1.0,1.0,True,True,1,1,0,True,1,1,0,0,True,True,0,13,6,13,6,1,RP,sampled_pool,,,False,0.2222222222222222,0.17423510897043254,0.7777777777777778,0.1,adaptive,bit_flip,offspring,feasible_start_adaptive_spacing,,,,feasible_start_adaptive_spacing,0.5,,True,auto_from_instance,0.75,0.35,"5,14,16,17,25,26,36,37,42,45,47,49","6,15,17,19,21,24",,,,,,"H[5,14,16,17,25,26,29,36,37,42,45,47,49]|V[6,15,17,19,21,24]",3e80fff572b45638d4c993741f9187431fecc243
proposed_nsga2_bs_Gyorgy-KOVACS_WH_Wide_AW_5_seed_123,proposed_nsga2_bs,Gyorgy-KOVACS_WH_Wide_AW_5,123,3,auto_from_instance,12,18,4,30,216,,,,,2,1,6,root > V:21 > BH:26 > BH:5 > BH:16 > BH:29 > BH:40,evaluated,8,inf,False,692,167,525,1255.0,1.0,1.0,True,True,1,1,0,True,1,1,0,0,True,True,0,14,6,14,6,1,RP,sampled_pool,,,False,0.2222222222222222,0.17423510897043254,0.7777777777777778,0.1,adaptive,bit_flip,offspring,feasible_start_adaptive_spacing,,,,feasible_start_adaptive_spacing,0.5,,True,auto_from_instance,0.75,0.35,"5,14,16,17,25,26,36,37,42,45,47,49","6,15,17,19,21,24",,,,,,"H[5,14,16,17,25,26,29,36,37,40,42,45,47,49]|V[6,15,17,19,21,24]",4438a07913bba44771acc09fec1861ea8b6e3d46
proposed_nsga2_bs_Gyorgy-KOVACS_WH_Wide_AW_5_seed_123,proposed_nsga2_bs,Gyorgy-KOVACS_WH_Wide_AW_5,123,3,auto_from_instance,12,18,4,30,216,,,,,3,1,6,root > V:21 > BH:26 > BH:5 > BH:16 > BH:27 > BH:40,evaluated,7,inf,False,692,168,524,1255.0,1.0,1.0,True,True,1,1,0,True,1,1,0,0,True,True,0,14,6,14,6,1,RP,sampled_pool,,,False,0.2222222222222222,0.17423510897043254,0.7777777777777778,0.1,adaptive,bit_flip,offspring,feasible_start_adaptive_spacing,,,,feasible_start_adaptive_spacing,0.5,,True,auto_from_instance,0.75,0.35,"5,14,16,17,25,26,36,37,42,45,47,49","6,15,17,19,21,24",,,,,,"H[5,14,16,17,25,26,27,36,37,40,42,45,47,49]|V[6,15,17,19,21,24]",c29204a760792de9b5fff7fd1f22463071b8fe3a
proposed_nsga2_bs_Gyorgy-KOVACS_WH_Wide_AW_5_seed_123,proposed_nsga2_bs,Gyorgy-KOVACS_WH_Wide_AW_5,123,3,auto_from_instance,12,18,4,30,216,,,,,4,1,6,root > V:21 > BH:26 > BH:5 > BH:14 > BH:27 > BH:40,evaluated,8,inf,False,692,168,524,1271.0,1.0,1.0,True,True,1,1,0,True,1,1,0,0,True,True,0,14,6,14,6,1,RP,sampled_pool,,,False,0.2222222222222222,0.17423510897043254,0.7777777777777778,0.1,adaptive,bit_flip,offspring,feasible_start_adaptive_spacing,,,,feasible_start_adaptive_spacing,0.5,,True,auto_from_instance,0.75,0.35,"5,14,16,17,25,26,36,37,42,45,47,49","6,15,17,19,21,24",,,,,,"H[5,14,16,17,25,26,27,36,37,40,42,45,47,49]|V[6,15,17,19,21,24]",d6f556ce4388bf7e47d115315ffef16b2112220e
proposed_nsga2_bs_Gyorgy-KOVACS_WH_Wide_AW_5_seed_123,proposed_nsga2_bs,Gyorgy-KOVACS_WH_Wide_AW_5,123,3,auto_from_instance,12,18,4,30,216,,,,,5,1,6,root > V:21 > BH:26 > BH:47 > BH:35 > BH:23 > BH:11,evaluated,9,inf,False,692,164,528,1293.0,1.0,1.0,True,True,1,1,0,True,1,1,0,0,True,True,0,15,6,15,6,1,RP,sampled_pool,,,False,0.2222222222222222,0.17423510897043254,0.7777777777777778,0.1,adaptive,bit_flip,offspring,feasible_start_adaptive_spacing,,,,feasible_start_adaptive_spacing,0.5,,True,auto_from_instance,0.75,0.35,"5,14,16,17,25,26,36,37,42,45,47,49","6,15,17,19,21,24",,,,,,"H[5,11,14,16,17,23,25,26,35,36,37,42,45,47,49]|V[6,15,17,19,21,24]",aefb6def61337c0811fe5b11c3859df6b4d263cc
proposed_nsga2_bs_Gyorgy-KOVACS_WH_Wide_AW_5_seed_123,proposed_nsga2_bs,Gyorgy-KOVACS_WH_Wide_AW_5,123,3,auto_from_instance,12,18,4,30,216,,,,,6,2,8,root > V:16 > BH:26 > BH:5 > BH:16 > BH:25 > BH:36 > BH:45 > BV:25,selected,0,inf,True,517,238,279,368.0,1.0,1.0,True,True,1,1,0,True,1,1,0,0,True,True,0,13,4,13,4,2,PF_SS,sampled_pool,,,True,0.2222222222222222,0.21914351662479878,0.7777777777777778,0.1,adaptive,swap_segments,offspring,feasible_start_adaptive_spacing,,,,feasible_start_adaptive_spacing,0.5,,True,auto_from_instance,0.75,0.35,"5,7,14,16,17,23,25,26,36,37,45,47,49","14,16,24,25",,,,,,"H[5,7,14,16,17,23,25,26,36,37,45,47,49]|V[14,16,24,25]",559a078c3ea143504613077c561cb3124d66b767
proposed_nsga2_bs_Gyorgy-KOVACS_WH_Wide_AW_5_seed_123,proposed_nsga2_bs,Gyorgy-KOVACS_WH_Wide_AW_5,123,3,auto_from_instance,12,18,4,30,216,,,,,7,2,8,root > V:16 > BH:26 > BH:5 > BH:14 > BH:25 > BH:36 > BH:45 > BV:25,selected,0,inf,True,517,238,279,368.0,1.0,1.0,True,True,1,1,0,True,1,1,0,0,True,True,0,13,4,13,4,2,PF_SS,sampled_pool,,,True,0.2222222222222222,0.21914351662479878,0.7777777777777778,0.1,adaptive,swap_segments,offspring,feasible_start_adaptive_spacing,,,,feasible_start_adaptive_spacing,0.5,,True,auto_from_instance,0.75,0.35,"5,7,14,16,17,23,25,26,36,37,45,47,49","14,16,24,25",,,,,,"H[5,7,14,16,17,23,25,26,36,37,45,47,49]|V[14,16,24,25]",6fcfc694894a367ef71d338faec4ce589ca685b5
proposed_nsga2_bs_Gyorgy-KOVACS_WH_Wide_AW_5_seed_123,proposed_nsga2_bs,Gyorgy-KOVACS_WH_Wide_AW_5,123,3,auto_from_instance,12,18,4,30,216,,,,,8,2,8,root > V:16 > BH:26 > BH:5 > BH:16 > BH:25 > BH:36 > BH:45 > BV:29,selected,2,inf,True,517,225,292,586.0,1.0,1.0,True,True,1,1,0,True,1,1,0,0,True,True,0,13,5,13,5,2,PF_SS,sampled_pool,,,True,0.2222222222222222,0.21914351662479878,0.7777777777777778,0.1,adaptive,swap_segments,offspring,feasible_start_adaptive_spacing,,,,feasible_start_adaptive_spacing,0.5,,True,auto_from_instance,0.75,0.35,"5,7,14,16,17,23,25,26,36,37,45,47,49","14,16,24,25",,,,,,"H[5,7,14,16,17,23,25,26,36,37,45,47,49]|V[14,16,24,25,29]",13a8831f3352523fe53b9477eb693b985fdfc37c
proposed_nsga2_bs_Gyorgy-KOVACS_WH_Wide_AW_5_seed_123,proposed_nsga2_bs,Gyorgy-KOVACS_WH_Wide_AW_5,123,3,auto_from_instance,12,18,4,30,216,,,,,9,2,8,root > V:16 > BH:26 > BH:5 > BH:14 > BH:25 > BH:36 > BH:45 > BV:29,selected,2,inf,True,517,225,292,586.0,1.0,1.0,True,True,1,1,0,True,1,1,0,0,True,True,0,13,5,13,5,2,PF_SS,sampled_pool,,,True,0.2222222222222222,0.21914351662479878,0.7777777777777778,0.1,adaptive,swap_segments,offspring,feasible_start_adaptive_spacing,,,,feasible_start_adaptive_spacing,0.5,,True,auto_from_instance,0.75,0.35,"5,7,14,16,17,23,25,26,36,37,45,47,49","14,16,24,25",,,,,,"H[5,7,14,16,17,23,25,26,36,37,45,47,49]|V[14,16,24,25,29]",7e0f4d1a90907f684b7d565e90c4ddb6c1ba7c58
proposed_nsga2_bs_Gyorgy-KOVACS_WH_Wide_AW_5_seed_123,proposed_nsga2_bs,Gyorgy-KOVACS_WH_Wide_AW_5,123,3,auto_from_instance,12,18,4,30,216,,,,,10,3,8,root > V:15 > BH:26 > BH:5 > BH:16 > BH:25 > BH:36 > BH:45 > BV:24,selected,0,inf,True,497,247,250,385.0,1.0,1.0,True,True,1,1,0,True,1,1,0,0,True,True,0,12,7,12,7,3,PF_LS_RP,sampled_pool,,,False,0.2222222222222222,0.2690795001912663,0.7777777777777778,0.1,adaptive,spacing_aware_flip,offspring,feasible_start_adaptive_spacing,,,,feasible_start_adaptive_spacing,0.5,,True,auto_from_instance,0.75,0.35,"5,7,14,16,17,25,26,36,37,45,47,49","0,6,15,17,19,21,24",,,,,,"H[5,7,14,16,17,25,26,36,37,45,47,49]|V[0,6,15,17,19,21,24]",416c9c0e4f9e06143d78fee04cbc7a8d1c4800ad
proposed_nsga2_bs_Gyorgy-KOVACS_WH_Wide_AW_5_seed_123,proposed_nsga2_bs,Gyorgy-KOVACS_WH_Wide_AW_5,123,3,auto_from_instance,12,18,4,30,216,,,,,11,3,8,root > V:15 > BH:26 > BH:5 > BH:14 > BH:25 > BH:36 > BH:45 > BV:24,selected,0,inf,True,497,247,250,385.0,1.0,1.0,True,True,1,1,0,True,1,1,0,0,True,True,0,12,7,12,7,3,PF_LS_RP,sampled_pool,,,False,0.2222222222222222,0.2690795001912663,0.7777777777777778,0.1,adaptive,spacing_aware_flip,offspring,feasible_start_adaptive_spacing,,,,feasible_start_adaptive_spacing,0.5,,True,auto_from_instance,0.75,0.35,"5,7,14,16,17,25,26,36,37,45,47,49","0,6,15,17,19,21,24",,,,,,"H[5,7,14,16,17,25,26,36,37,45,47,49]|V[0,6,15,17,19,21,24]",4f5b467192e7c6ce4bc3fd69bf3ce13c31bd8ba0
proposed_nsga2_bs_Gyorgy-KOVACS_WH_Wide_AW_5_seed_123,proposed_nsga2_bs,Gyorgy-KOVACS_WH_Wide_AW_5,123,3,auto_from_instance,12,18,4,30,216,,,,,12,5,8,root > V:16 > BH:26 > BH:7 > BH:16 > BH:25 > BH:36 > BH:45 > BV:25,selected,1,inf,True,517,238,279,537.0,1.0,1.0,True,True,1,1,0,True,1,1,0,0,True,True,0,12,6,12,6,5,LS_PF,sampled_pool,,,False,0.2222222222222222,0.20527740340330958,0.7777777777777778,0.1,adaptive,swap_segments,offspring,feasible_start_adaptive_spacing,,,,feasible_start_adaptive_spacing,0.5,,True,auto_from_instance,0.75,0.35,"6,13,16,17,25,26,36,37,45,47,51","6,16,21,24,25,27",,,,,,"H[6,7,13,16,17,25,26,36,37,45,47,51]|V[6,16,21,24,25,27]",5f183debb27c7a24bc0f9f82fc27ee77d3fc24d8
proposed_nsga2_bs_Gyorgy-KOVACS_WH_Wide_AW_5_seed_123,proposed_nsga2_bs,Gyorgy-KOVACS_WH_Wide_AW_5,123,3,auto_from_instance,12,18,4,30,216,,,,,13,5,8,root > V:16 > BH:26 > BH:7 > BH:16 > BH:25 > BH:36 > BH:45 > BV:29,selected,3,inf,True,517,225,292,755.0,1.0,1.0,True,True,1,1,0,True,1,1,0,0,True,True,0,12,7,12,7,5,LS_PF,sampled_pool,,,False,0.2222222222222222,0.20527740340330958,0.7777777777777778,0.1,adaptive,swap_segments,offspring,feasible_start_adaptive_spacing,,,,feasible_start_adaptive_spacing,0.5,,True,auto_from_instance,0.75,0.35,"6,13,16,17,25,26,36,37,45,47,51","6,16,21,24,25,27",,,,,,"H[6,7,13,16,17,25,26,36,37,45,47,51]|V[6,16,21,24,25,27,29]",03af9372cf0d8e782f6e425ae89227ab68d20a8e
proposed_nsga2_bs_Gyorgy-KOVACS_WH_Wide_AW_5_seed_123,proposed_nsga2_bs,Gyorgy-KOVACS_WH_Wide_AW_5,123,3,auto_from_instance,12,18,4,30,216,,,,,14,6,7,root > V:17 > BH:26 > BH:7 > BH:16 > BH:25 > BH:36 > BH:47,selected,3,inf,True,572,220,352,663.0,1.0,1.0,True,True,1,1,0,True,1,1,0,0,True,True,0,11,5,11,5,6,LS,sampled_pool,,,False,0.2222222222222222,0.3133229850433573,0.7777777777777778,0.1,adaptive,bit_flip,offspring,feasible_start_adaptive_spacing,,,,feasible_start_adaptive_spacing,0.5,,True,auto_from_instance,0.75,0.35,"5,7,14,16,25,26,27,36,38,47,49","9,17,19,21,25",,,,,,"H[5,7,14,16,25,26,27,36,38,47,49]|V[9,17,19,21,25]",61426df39d9f05da4c561d5073d32a1cf777516d
proposed_nsga2_bs_Gyorgy-KOVACS_WH_Wide_AW_5_seed_123,proposed_nsga2_bs,Gyorgy-KOVACS_WH_Wide_AW_5,123,3,auto_from_instance,12,18,4,30,216,,,,,15,6,7,root > V:17 > BH:26 > BH:7 > BH:16 > BH:25 > BH:36 > BH:45,evaluated,5,inf,False,572,220,352,867.0,1.0,1.0,True,True,1,1,0,True,1,1,0,0,True,True,0,12,5,12,5,6,LS,sampled_pool,,,False,0.2222222222222222,0.3133229850433573,0.7777777777777778,0.1,adaptive,bit_flip,offspring,feasible_start_adaptive_spacing,,,,feasible_start_adaptive_spacing,0.5,,True,auto_from_instance,0.75,0.35,"5,7,14,16,25,26,27,36,38,47,49","9,17,19,21,25",,,,,,"H[5,7,14,16,25,26,27,36,38,45,47,49]|V[9,17,19,21,25]",90295bddff4683947eef98c9cba63e2b098e11a6
proposed_nsga2_bs_Gyorgy-KOVACS_WH_Wide_AW_5_seed_123,proposed_nsga2_bs,Gyorgy-KOVACS_WH_Wide_AW_5,123,3,auto_from_instance,12,18,4,30,216,,,,,16,6,7,root > V:17 > BH:26 > BH:5 > BH:16 > BH:25 > BH:36 > BH:47,selected,1,inf,True,572,220,352,507.0,1.0,1.0,True,True,1,1,0,True,1,1,0,0,True,True,0,11,5,11,5,6,LS,sampled_pool,,,False,0.2222222222222222,0.3133229850433573,0.7777777777777778,0.1,adaptive,bit_flip,offspring,feasible_start_adaptive_spacing,,,,feasible_start_adaptive_spacing,0.5,,True,auto_from_instance,0.75,0.35,"5,7,14,16,25,26,27,36,38,47,49","9,17,19,21,25",,,,,,"H[5,7,14,16,25,26,27,36,38,47,49]|V[9,17,19,21,25]",173dd91401b4b71d9f20edd9e83506be465b9528
proposed_nsga2_bs_Gyorgy-KOVACS_WH_Wide_AW_5_seed_123,proposed_nsga2_bs,Gyorgy-KOVACS_WH_Wide_AW_5,123,3,auto_from_instance,12,18,4,30,216,,,,,17,6,7,root > V:17 > BH:26 > BH:5 > BH:16 > BH:25 > BH:36 > BH:45,selected,4,inf,True,572,220,352,711.0,1.0,1.0,True,True,1,1,0,True,1,1,0,0,True,True,0,12,5,12,5,6,LS,sampled_pool,,,False,0.2222222222222222,0.3133229850433573,0.7777777777777778,0.1,adaptive,bit_flip,offspring,feasible_start_adaptive_spacing,,,,feasible_start_adaptive_spacing,0.5,,True,auto_from_instance,0.75,0.35,"5,7,14,16,25,26,27,36,38,47,49","9,17,19,21,25",,,,,,"H[5,7,14,16,25,26,27,36,38,45,47,49]|V[9,17,19,21,25]",854ec9b997ec508dda6ea9e399147d7a4b626ba8
proposed_nsga2_bs_Gyorgy-KOVACS_WH_Wide_AW_5_seed_123,proposed_nsga2_bs,Gyorgy-KOVACS_WH_Wide_AW_5,123,3,auto_from_instance,12,18,4,30,216,,,,,18,6,7,root > V:17 > BH:26 > BH:5 > BH:14 > BH:25 > BH:36 > BH:47,selected,1,inf,True,572,220,352,507.0,1.0,1.0,True,True,1,1,0,True,1,1,0,0,True,True,0,11,5,11,5,6,LS,sampled_pool,,,False,0.2222222222222222,0.3133229850433573,0.7777777777777778,0.1,adaptive,bit_flip,offspring,feasible_start_adaptive_spacing,,,,feasible_start_adaptive_spacing,0.5,,True,auto_from_instance,0.75,0.35,"5,7,14,16,25,26,27,36,38,47,49","9,17,19,21,25",,,,,,"H[5,7,14,16,25,26,27,36,38,47,49]|V[9,17,19,21,25]",e59e5dd5e1537a2d164e028d12bd66f538f0cb70
proposed_nsga2_bs_Gyorgy-KOVACS_WH_Wide_AW_5_seed_123,proposed_nsga2_bs,Gyorgy-KOVACS_WH_Wide_AW_5,123,3,auto_from_instance,12,18,4,30,216,,,,,19,10,7,root > V:21 > BH:26 > BH:5 > BH:16 > BH:27 > BH:38 > BH:47,evaluated,5,inf,False,652,180,472,763.0,1.0,1.0,True,True,1,1,0,True,1,1,0,0,True,True,0,15,7,15,7,10,SS_PF_LS,sampled_pool,,,True,0.2222222222222222,0.20936805789513394,0.7777777777777778,0.1,adaptive,spacing_aware_flip,offspring,feasible_start_adaptive_spacing,,,,feasible_start_adaptive_spacing,0.5,,True,auto_from_instance,0.75,0.35,"5,11,14,15,16,25,26,36,37,45,47,49,55","5,15,17,19,21,24,29",,,,,,"H[5,11,14,15,16,25,26,27,36,37,38,45,47,49,55]|V[5,15,17,19,21,24,29]",2f63addef0a564eaffadcb442913b04bcdb20a31
proposed_nsga2_bs_Gyorgy-KOVACS_WH_Wide_AW_5_seed_123,proposed_nsga2_bs,Gyorgy-KOVACS_WH_Wide_AW_5,123,3,auto_from_instance,12,18,4,30,216,,,,,20,10,7,root > V:21 > BH:26 > BH:5 > BH:16 > BH:27 > BH:36 > BH:47,evaluated,5,0.0,False,652,180,472,763.0,1.0,1.0,True,True,1,1,0,True,1,1,0,0,True,True,0,14,7,14,7,10,SS_PF_LS,sampled_pool,,,True,0.2222222222222222,0.20936805789513394,0.7777777777777778,0.1,adaptive,spacing_aware_flip,offspring,feasible_start_adaptive_spacing,,,,feasible_start_adaptive_spacing,0.5,,True,auto_from_instance,0.75,0.35,"5,11,14,15,16,25,26,36,37,45,47,49,55","5,15,17,19,21,24,29",,,,,,"H[5,11,14,15,16,25,26,27,36,37,45,47,49,55]|V[5,15,17,19,21,24,29]",0f96e027200fa1a1c0edb07d21a5eb62a8ebadb2
proposed_nsga2_bs_Gyorgy-KOVACS_WH_Wide_AW_5_seed_123,proposed_nsga2_bs,Gyorgy-KOVACS_WH_Wide_AW_5,123,3,auto_from_instance,12,18,4,30,216,,,,,21,10,7,root > V:21 > BH:26 > BH:5 > BH:16 > BH:25 > BH:36 > BH:47,evaluated,5,0.0,False,652,180,472,763.0,1.0,1.0,True,True,1,1,0,True,1,1,0,0,True,True,0,13,7,13,7,10,SS_PF_LS,sampled_pool,,,True,0.2222222222222222,0.20936805789513394,0.7777777777777778,0.1,adaptive,spacing_aware_flip,offspring,feasible_start_adaptive_spacing,,,,feasible_start_adaptive_spacing,0.5,,True,auto_from_instance,0.75,0.35,"5,11,14,15,16,25,26,36,37,45,47,49,55","5,15,17,19,21,24,29",,,,,,"H[5,11,14,15,16,25,26,36,37,45,47,49,55]|V[5,15,17,19,21,24,29]",01a90fb20467da592e93711ac8a849c3053fcfd6
proposed_nsga2_bs_Gyorgy-KOVACS_WH_Wide_AW_5_seed_123,proposed_nsga2_bs,Gyorgy-KOVACS_WH_Wide_AW_5,123,3,auto_from_instance,12,18,4,30,216,,,,,22,10,7,root > V:21 > BH:26 > BH:5 > BH:14 > BH:25 > BH:36 > BH:47,evaluated,5,inf,False,652,180,472,763.0,1.0,1.0,True,True,1,1,0,True,1,1,0,0,True,True,0,13,7,13,7,10,SS_PF_LS,sampled_pool,,,True,0.2222222222222222,0.20936805789513394,0.7777777777777778,0.1,adaptive,spacing_aware_flip,offspring,feasible_start_adaptive_spacing,,,,feasible_start_adaptive_spacing,0.5,,True,auto_from_instance,0.75,0.35,"5,11,14,15,16,25,26,36,37,45,47,49,55","5,15,17,19,21,24,29",,,,,,"H[5,11,14,15,16,25,26,36,37,45,47,49,55]|V[5,15,17,19,21,24,29]",1958a387e19298fbb01706dd6afdd7339df9d6ae
proposed_nsga2_bs_Gyorgy-KOVACS_WH_Wide_AW_5_seed_123,proposed_nsga2_bs,Gyorgy-KOVACS_WH_Wide_AW_5,123,3,auto_from_instance,12,18,4,30,216,,,,,23,10,7,root > V:21 > BH:26 > BH:5 > BH:14 > BH:27 > BH:36 > BH:47,evaluated,6,inf,False,652,180,472,779.0,1.0,1.0,True,True,1,1,0,True,1,1,0,0,True,True,0,14,7,14,7,10,SS_PF_LS,sampled_pool,,,True,0.2222222222222222,0.20936805789513394,0.7777777777777778,0.1,adaptive,spacing_aware_flip,offspring,feasible_start_adaptive_spacing,,,,feasible_start_adaptive_spacing,0.5,,True,auto_from_instance,0.75,0.35,"5,11,14,15,16,25,26,36,37,45,47,49,55","5,15,17,19,21,24,29",,,,,,"H[5,11,14,15,16,25,26,27,36,37,45,47,49,55]|V[5,15,17,19,21,24,29]",7fe0a40c905a1e1db7529fac1c24ec9689fa56fb
proposed_nsga2_bs_Gyorgy-KOVACS_WH_Wide_AW_5_seed_123,proposed_nsga2_bs,Gyorgy-KOVACS_WH_Wide_AW_5,123,4,auto_from_instance,12,18,4,30,216,,,,,1,1,7,root > V:17 > BH:26 > BH:5 > BH:16 > BH:25 > BH:36 > BH:47,selected,1,1.3571428571428572,True,572,220,352,507.0,1.0,1.0,True,True,1,1,0,True,1,1,0,0,True,True,0,13,4,13,4,1,PF_SS,sampled_pool,,,True,0.2777777777777778,0.21179887339565517,0.7222222222222222,0.1,adaptive,spacing_aware_flip,offspring,feasible_start_adaptive_spacing,,,,feasible_start_adaptive_spacing,0.5,,True,auto_from_instance,0.75,0.35,"5,7,14,16,17,23,25,26,36,38,47,49,55","17,19,21,25",,,,,,"H[5,7,14,16,17,23,25,26,36,38,47,49,55]|V[17,19,21,25]",173dd91401b4b71d9f20edd9e83506be465b9528
proposed_nsga2_bs_Gyorgy-KOVACS_WH_Wide_AW_5_seed_123,proposed_nsga2_bs,Gyorgy-KOVACS_WH_Wide_AW_5,123,4,auto_from_instance,12,18,4,30,216,,,,,2,1,7,root > V:17 > BH:26 > BH:5 > BH:14 > BH:25 > BH:36 > BH:47,selected,1,0.6741071428571428,True,572,220,352,507.0,1.0,1.0,True,True,1,1,0,True,1,1,0,0,True,True,0,13,4,13,4,1,PF_SS,sampled_pool,,,True,0.2777777777777778,0.21179887339565517,0.7222222222222222,0.1,adaptive,spacing_aware_flip,offspring,feasible_start_adaptive_spacing,,,,feasible_start_adaptive_spacing,0.5,,True,auto_from_instance,0.75,0.35,"5,7,14,16,17,23,25,26,36,38,47,49,55","17,19,21,25",,,,,,"H[5,7,14,16,17,23,25,26,36,38,47,49,55]|V[17,19,21,25]",e59e5dd5e1537a2d164e028d12bd66f538f0cb70
proposed_nsga2_bs_Gyorgy-KOVACS_WH_Wide_AW_5_seed_123,proposed_nsga2_bs,Gyorgy-KOVACS_WH_Wide_AW_5,123,4,auto_from_instance,12,18,4,30,216,,,,,3,1,7,root > V:17 > BH:26 > BH:7 > BH:16 > BH:25 > BH:36 > BH:47,selected,3,inf,True,572,220,352,663.0,1.0,1.0,True,True,1,1,0,True,1,1,0,0,True,True,0,13,4,13,4,1,PF_SS,sampled_pool,,,True,0.2777777777777778,0.21179887339565517,0.7222222222222222,0.1,adaptive,spacing_aware_flip,offspring,feasible_start_adaptive_spacing,,,,feasible_start_adaptive_spacing,0.5,,True,auto_from_instance,0.75,0.35,"5,7,14,16,17,23,25,26,36,38,47,49,55","17,19,21,25",,,,,,"H[5,7,14,16,17,23,25,26,36,38,47,49,55]|V[17,19,21,25]",61426df39d9f05da4c561d5073d32a1cf777516d
proposed_nsga2_bs_Gyorgy-KOVACS_WH_Wide_AW_5_seed_123,proposed_nsga2_bs,Gyorgy-KOVACS_WH_Wide_AW_5,123,4,auto_from_instance,12,18,4,30,216,,,,,4,1,7,root > V:17 > BH:26 > BH:5 > BH:16 > BH:25 > BH:36 > BH:45,evaluated,4,inf,False,572,220,352,711.0,1.0,1.0,True,True,1,1,0,True,1,1,0,0,True,True,0,14,4,14,4,1,PF_SS,sampled_pool,,,True,0.2777777777777778,0.21179887339565517,0.7222222222222222,0.1,adaptive,spacing_aware_flip,offspring,feasible_start_adaptive_spacing,,,,feasible_start_adaptive_spacing,0.5,,True,auto_from_instance,0.75,0.35,"5,7,14,16,17,23,25,26,36,38,47,49,55","17,19,21,25",,,,,,"H[5,7,14,16,17,23,25,26,36,38,45,47,49,55]|V[17,19,21,25]",854ec9b997ec508dda6ea9e399147d7a4b626ba8
proposed_nsga2_bs_Gyorgy-KOVACS_WH_Wide_AW_5_seed_123,proposed_nsga2_bs,Gyorgy-KOVACS_WH_Wide_AW_5,123,4,auto_from_instance,12,18,4,30,216,,,,,5,1,7,root > V:17 > BH:26 > BH:5 > BH:14 > BH:25 > BH:36 > BH:45,evaluated,4,inf,False,572,220,352,711.0,1.0,1.0,True,True,1,1,0,True,1,1,0,0,True,True,0,14,4,14,4,1,PF_SS,sampled_pool,,,True,0.2777777777777778,0.21179887339565517,0.7222222222222222,0.1,adaptive,spacing_aware_flip,offspring,feasible_start_adaptive_spacing,,,,feasible_start_adaptive_spacing,0.5,,True,auto_from_instance,0.75,0.35,"5,7,14,16,17,23,25,26,36,38,47,49,55","17,19,21,25",,,,,,"H[5,7,14,16,17,23,25,26,36,38,45,47,49,55]|V[17,19,21,25]",ef95c5265d039c602cc7246bb99c122e90a60068
proposed_nsga2_bs_Gyorgy-KOVACS_WH_Wide_AW_5_seed_123,proposed_nsga2_bs,Gyorgy-KOVACS_WH_Wide_AW_5,123,4,auto_from_instance,12,18,4,30,216,,,,,6,2,5,root > H:37 > BH:11 > BV:25 > BH:24 > BV:23,evaluated,8,inf,False,732,159,573,1298.0,1.0,1.0,True,True,1,1,0,True,1,1,0,0,True,True,0,14,5,14,5,2,RP,sampled_pool,,,False,0.2777777777777778,0.18684751526172405,0.7222222222222222,0.1,adaptive,remove_random_aisle,offspring,feasible_start_adaptive_spacing,,,,feasible_start_adaptive_spacing,0.5,,True,auto_from_instance,0.75,0.35,"5,7,14,16,25,26,27,36,37,45,47,49","9,14,24,25",,,,,,"H[5,7,11,14,16,24,25,26,27,36,37,45,47,49]|V[9,14,23,24,25]",d723336d57e3b9fb8e17f65356d636eca47af067
proposed_nsga2_bs_Gyorgy-KOVACS_WH_Wide_AW_5_seed_123,proposed_nsga2_bs,Gyorgy-KOVACS_WH_Wide_AW_5,123,4,auto_from_instance,12,18,4,30,216,,,,,7,2,5,root > H:16 > BH:41 > BV:25 > BV:23 > BH:29,evaluated,8,0.7911436179410035,False,727,160,567,1339.0,1.0,1.0,True,True,1,1,0,True,1,1,0,0,True,True,0,14,5,14,5,2,RP,sampled_pool,,,False,0.2777777777777778,0.18684751526172405,0.7222222222222222,0.1,adaptive,remove_random_aisle,offspring,feasible_start_adaptive_spacing,,,,feasible_start_adaptive_spacing,0.5,,True,auto_from_instance,0.75,0.35,"5,7,14,16,25,26,27,36,37,45,47,49","9,14,24,25",,,,,,"H[5,7,14,16,25,26,27,29,36,37,41,45,47,49]|V[9,14,23,24,25]",a4fb711bd985b259f65c3907c4656248cf44a682
proposed_nsga2_bs_Gyorgy-KOVACS_WH_Wide_AW_5_seed_123,proposed_nsga2_bs,Gyorgy-KOVACS_WH_Wide_AW_5,123,4,auto_from_instance,12,18,4,30,216,,,,,8,2,5,root > H:37 > BH:11 > BV:25 > BH:26 > BV:23,evaluated,9,inf,False,732,159,573,1340.0,1.0,1.0,True,True,1,1,0,True,1,1,0,0,True,True,0,13,5,13,5,2,RP,sampled_pool,,,False,0.2777777777777778,0.18684751526172405,0.7222222222222222,0.1,adaptive,remove_random_aisle,offspring,feasible_start_adaptive_spacing,,,,feasible_start_adaptive_spacing,0.5,,True,auto_from_instance,0.75,0.35,"5,7,14,16,25,26,27,36,37,45,47,49","9,14,24,25",,,,,,"H[5,7,11,14,16,25,26,27,36,37,45,47,49]|V[9,14,23,24,25]",a6ee68e8694122783dfb2b672f6aae297d2057f0
proposed_nsga2_bs_Gyorgy-KOVACS_WH_Wide_AW_5_seed_123,proposed_nsga2_bs,Gyorgy-KOVACS_WH_Wide_AW_5,123,4,auto_from_instance,12,18,4,30,216,,,,,9,2,5,root > H:16 > BH:41 > BV:25 > BV:23 > BH:27,evaluated,8,1.6368053394197186,False,727,162,565,1381.0,1.0,1.0,True,True,1,1,0,True,1,1,0,0,True,True,0,13,5,13,5,2,RP,sampled_pool,,,False,0.2777777777777778,0.18684751526172405,0.7222222222222222,0.1,adaptive,remove_random_aisle,offspring,feasible_start_adaptive_spacing,,,,feasible_start_adaptive_spacing,0.5,,True,auto_from_instance,0.75,0.35,"5,7,14,16,25,26,27,36,37,45,47,49","9,14,24,25",,,,,,"H[5,7,14,16,25,26,27,36,37,41,45,47,49]|V[9,14,23,24,25]",54cbc5ac34214390e653e73e8f68ca28b5de621b
proposed_nsga2_bs_Gyorgy-KOVACS_WH_Wide_AW_5_seed_123,proposed_nsga2_bs,Gyorgy-KOVACS_WH_Wide_AW_5,123,4,auto_from_instance,12,18,4,30,216,,,,,10,2,5,root > H:37 > BH:11 > BV:23 > BH:24 > BV:23,evaluated,10,inf,False,732,159,573,1403.0,1.0,1.0,True,True,1,1,0,True,1,1,0,0,True,True,0,14,5,14,5,2,RP,sampled_pool,,,False,0.2777777777777778,0.18684751526172405,0.7222222222222222,0.1,adaptive,remove_random_aisle,offspring,feasible_start_adaptive_spacing,,,,feasible_start_adaptive_spacing,0.5,,True,auto_from_instance,0.75,0.35,"5,7,14,16,25,26,27,36,37,45,47,49","9,14,24,25",,,,,,"H[5,7,11,14,16,24,25,26,27,36,37,45,47,49]|V[9,14,23,24,25]",59be8c99e38bd5117653c536a3b43c6cd3d6e663
proposed_nsga2_bs_Gyorgy-KOVACS_WH_Wide_AW_5_seed_123,proposed_nsga2_bs,Gyorgy-KOVACS_WH_Wide_AW_5,123,4,auto_from_instance,12,18,4,30,216,,,,,11,3,8,root > V:15 > BH:26 > BH:7 > BH:16 > BH:25 > BH:36 > BH:45 > BV:24,selected,1,inf,True,497,247,250,567.0,1.0,1.0,True,True,1,1,0,True,1,1,0,0,True,True,0,13,6,13,6,3,PF_LS,sampled_pool,,,False,0.2777777777777778,0.21216448156390694,0.7222222222222222,0.1,adaptive,spacing_aware_flip,offspring,feasible_start_adaptive_spacing,,,,feasible_start_adaptive_spacing,0.5,,True,auto_from_instance,0.75,0.35,"5,7,14,16,17,25,26,31,36,37,45,47,49","15,17,19,21,25",,,,,,"H[5,7,14,16,17,25,26,31,36,37,45,47,49]|V[15,17,19,21,24,25]",bad25caaf4e753481b1b798360caa6634ad939f7
proposed_nsga2_bs_Gyorgy-KOVACS_WH_Wide_AW_5_seed_123,proposed_nsga2_bs,Gyorgy-KOVACS_WH_Wide_AW_5,123,4,auto_from_instance,12,18,4,30,216,,,,,12,3,8,root > V:15 > BH:26 > BH:5 > BH:16 > BH:25 > BH:36 > BH:45 > BV:24,selected,0,inf,True,497,247,250,385.0,1.0,1.0,True,True,1,1,0,True,1,1,0,0,True,True,0,13,6,13,6,3,PF_LS,sampled_pool,,,False,0.2777777777777778,0.21216448156390694,0.7222222222222222,0.1,adaptive,spacing_aware_flip,offspring,feasible_start_adaptive_spacing,,,,feasible_start_adaptive_spacing,0.5,,True,auto_from_instance,0.75,0.35,"5,7,14,16,17,25,26,31,36,37,45,47,49","15,17,19,21,25",,,,,,"H[5,7,14,16,17,25,26,31,36,37,45,47,49]|V[15,17,19,21,24,25]",416c9c0e4f9e06143d78fee04cbc7a8d1c4800ad
proposed_nsga2_bs_Gyorgy-KOVACS_WH_Wide_AW_5_seed_123,proposed_nsga2_bs,Gyorgy-KOVACS_WH_Wide_AW_5,123,4,auto_from_instance,12,18,4,30,216,,,,,13,5,8,root > V:16 > BH:26 > BH:7 > BH:16 > BH:25 > BH:36 > BH:45 > BV:25,selected,1,2.611607142857143,True,517,238,279,537.0,1.0,1.0,True,True,1,1,0,True,1,1,0,0,True,True,0,14,5,14,5,5,PF_LS,sampled_pool,,,False,0.2777777777777778,0.24130401974029916,0.7222222222222222,0.1,adaptive,bit_flip,offspring,feasible_start_adaptive_spacing,,,,feasible_start_adaptive_spacing,0.5,,True,auto_from_instance,0.75,0.35,"6,7,13,14,16,17,23,25,26,36,37,45,47,49","14,16,24,25,33",,,,,,"H[6,7,13,14,16,17,23,25,26,36,37,45,47,49]|V[14,16,24,25,33]",5f183debb27c7a24bc0f9f82fc27ee77d3fc24d8
proposed_nsga2_bs_Gyorgy-KOVACS_WH_Wide_AW_5_seed_123,proposed_nsga2_bs,Gyorgy-KOVACS_WH_Wide_AW_5,123,4,auto_from_instance,12,18,4,30,216,,,,,14,5,8,root > V:16 > BH:26 > BH:5 > BH:16 > BH:25 > BH:36 > BH:45 > BV:25,selected,0,inf,True,517,238,279,368.0,1.0,1.0,True,True,1,1,0,True,1,1,0,0,True,True,0,15,5,15,5,5,PF_LS,sampled_pool,,,False,0.2777777777777778,0.24130401974029916,0.7222222222222222,0.1,adaptive,bit_flip,offspring,feasible_start_adaptive_spacing,,,,feasible_start_adaptive_spacing,0.5,,True,auto_from_instance,0.75,0.35,"6,7,13,14,16,17,23,25,26,36,37,45,47,49","14,16,24,25,33",,,,,,"H[5,6,7,13,14,16,17,23,25,26,36,37,45,47,49]|V[14,16,24,25,33]",559a078c3ea143504613077c561cb3124d66b767
proposed_nsga2_bs_Gyorgy-KOVACS_WH_Wide_AW_5_seed_123,proposed_nsga2_bs,Gyorgy-KOVACS_WH_Wide_AW_5,123,4,auto_from_instance,12,18,4,30,216,,,,,15,5,8,root > V:16 > BH:26 > BH:7 > BH:16 > BH:25 > BH:36 > BH:45 > BV:29,evaluated,3,inf,False,517,225,292,755.0,1.0,1.0,True,True,1,1,0,True,1,1,0,0,True,True,0,14,6,14,6,5,PF_LS,sampled_pool,,,False,0.2777777777777778,0.24130401974029916,0.7222222222222222,0.1,adaptive,bit_flip,offspring,feasible_start_adaptive_spacing,,,,feasible_start_adaptive_spacing,0.5,,True,auto_from_instance,0.75,0.35,"6,7,13,14,16,17,23,25,26,36,37,45,47,49","14,16,24,25,33",,,,,,"H[6,7,13,14,16,17,23,25,26,36,37,45,47,49]|V[14,16,24,25,29,33]",03af9372cf0d8e782f6e425ae89227ab68d20a8e
proposed_nsga2_bs_Gyorgy-KOVACS_WH_Wide_AW_5_seed_123,proposed_nsga2_bs,Gyorgy-KOVACS_WH_Wide_AW_5,123,4,auto_from_instance,12,18,4,30,216,,,,,16,5,8,root > V:16 > BH:26 > BH:5 > BH:16 > BH:25 > BH:36 > BH:45 > BV:29,selected,2,inf,True,517,225,292,586.0,1.0,1.0,True,True,1,1,0,True,1,1,0,0,True,True,0,15,6,15,6,5,PF_LS,sampled_pool,,,False,0.2777777777777778,0.24130401974029916,0.7222222222222222,0.1,adaptive,bit_flip,offspring,feasible_start_adaptive_spacing,,,,feasible_start_adaptive_spacing,0.5,,True,auto_from_instance,0.75,0.35,"6,7,13,14,16,17,23,25,26,36,37,45,47,49","14,16,24,25,33",,,,,,"H[5,6,7,13,14,16,17,23,25,26,36,37,45,47,49]|V[14,16,24,25,29,33]",13a8831f3352523fe53b9477eb693b985fdfc37c
proposed_nsga2_bs_Gyorgy-KOVACS_WH_Wide_AW_5_seed_123,proposed_nsga2_bs,Gyorgy-KOVACS_WH_Wide_AW_5,123,4,auto_from_instance,12,18,4,30,216,,,,,17,6,8,root > V:16 > BH:26 > BH:5 > BH:14 > BH:25 > BH:36 > BH:45 > BV:25,selected,0,inf,True,517,238,279,368.0,1.0,1.0,True,True,1,1,0,True,1,1,0,0,True,True,0,12,7,12,7,6,PF_RP,sampled_pool,,,False,0.2777777777777778,0.26119878788268125,0.7222222222222222,0.1,adaptive,spacing_aware_flip,offspring,feasible_start_adaptive_spacing,,,,feasible_start_adaptive_spacing,0.5,,True,auto_from_instance,0.75,0.35,"5,7,16,17,25,26,36,37,45,47,51","0,6,16,21,24,25,27",,,,,,"H[5,7,14,16,17,25,26,36,37,45,47,51]|V[0,6,16,21,24,25,27]",6fcfc694894a367ef71d338faec4ce589ca685b5
proposed_nsga2_bs_Gyorgy-KOVACS_WH_Wide_AW_5_seed_123,proposed_nsga2_bs,Gyorgy-KOVACS_WH_Wide_AW_5,123,4,auto_from_instance,12,18,4,30,216,,,,,18,6,8,root > V:16 > BH:26 > BH:5 > BH:14 > BH:25 > BH:36 > BH:45 > BV:29,selected,2,inf,True,517,225,292,586.0,1.0,1.0,True,True,1,1,0,True,1,1,0,0,True,True,0,12,8,12,8,6,PF_RP,sampled_pool,,,False,0.2777777777777778,0.26119878788268125,0.7222222222222222,0.1,adaptive,spacing_aware_flip,offspring,feasible_start_adaptive_spacing,,,,feasible_start_adaptive_spacing,0.5,,True,auto_from_instance,0.75,0.35,"5,7,16,17,25,26,36,37,45,47,51","0,6,16,21,24,25,27",,,,,,"H[5,7,14,16,17,25,26,36,37,45,47,51]|V[0,6,16,21,24,25,27,29]",7e0f4d1a90907f684b7d565e90c4ddb6c1ba7c58
proposed_nsga2_bs_Gyorgy-KOVACS_WH_Wide_AW_5_seed_123,proposed_nsga2_bs,Gyorgy-KOVACS_WH_Wide_AW_5,123,4,auto_from_instance,12,18,4,30,216,,,,,19,7,5,root > H:47 > BH:23 > BH:5 > BH:36 > BH:14,evaluated,5,3.0,False,647,208,439,840.0,1.0,1.0,True,True,1,1,0,True,1,1,0,0,True,True,0,13,5,13,5,7,SS,sampled_pool,,,True,0.2777777777777778,0.267509541888062,0.7222222222222222,0.1,adaptive,bit_flip,offspring,feasible_start_adaptive_spacing,,,,feasible_start_adaptive_spacing,0.5,,True,auto_from_instance,0.75,0.35,"5,7,14,16,17,23,25,26,36,37,45,47,49","6,9,16,24,25",,,,,,"H[5,7,14,16,17,23,25,26,36,37,45,47,49]|V[6,9,16,24,25]",3038576964c70446d8af656eb7cd065c5c1a9046
proposed_nsga2_bs_Gyorgy-KOVACS_WH_Wide_AW_5_seed_123,proposed_nsga2_bs,Gyorgy-KOVACS_WH_Wide_AW_5,123,4,auto_from_instance,12,18,4,30,216,,,,,20,7,5,root > H:47 > BH:23 > BH:5 > BH:38 > BH:14,evaluated,6,inf,False,647,208,439,924.0,1.0,1.0,True,True,1,1,0,True,1,1,0,0,True,True,0,14,5,14,5,7,SS,sampled_pool,,,True,0.2777777777777778,0.267509541888062,0.7222222222222222,0.1,adaptive,bit_flip,offspring,feasible_start_adaptive_spacing,,,,feasible_start_adaptive_spacing,0.5,,True,auto_from_instance,0.75,0.35,"5,7,14,16,17,23,25,26,36,37,45,47,49","6,9,16,24,25",,,,,,"H[5,7,14,16,17,23,25,26,36,37,38,45,47,49]|V[6,9,16,24,25]",122602b02cb15adba8b6c607260cd63777277b62
proposed_nsga2_bs_Gyorgy-KOVACS_WH_Wide_AW_5_seed_123,proposed_nsga2_bs,Gyorgy-KOVACS_WH_Wide_AW_5,123,4,auto_from_instance,12,18,4,30,216,,,,,21,7,5,root > H:47 > BH:23 > BH:9 > BH:36 > BV:17,evaluated,8,inf,False,712,173,539,1541.0,1.0,1.0,True,True,1,1,0,True,1,1,0,0,True,True,0,14,6,14,6,7,SS,sampled_pool,,,True,0.2777777777777778,0.267509541888062,0.7222222222222222,0.1,adaptive,bit_flip,offspring,feasible_start_adaptive_spacing,,,,feasible_start_adaptive_spacing,0.5,,True,auto_from_instance,0.75,0.35,"5,7,14,16,17,23,25,26,36,37,45,47,49","6,9,16,24,25",,,,,,"H[5,7,9,14,16,17,23,25,26,36,37,45,47,49]|V[6,9,16,17,24,25]",d7abc51f803709c6d1755373736fb909fd1b0038
proposed_nsga2_bs_Gyorgy-KOVACS_WH_Wide_AW_5_seed_123,proposed_nsga2_bs,Gyorgy-KOVACS_WH_Wide_AW_5,123,4,auto_from_instance,12,18,4,30,216,,,,,22,7,5,root > H:47 > BH:23 > BH:9 > BH:36 > BV:19,evaluated,8,0.946571221081025,False,712,171,541,1467.0,1.0,1.0,True,True,1,1,0,True,1,1,0,0,True,True,0,14,6,14,6,7,SS,sampled_pool,,,True,0.2777777777777778,0.267509541888062,0.7222222222222222,0.1,adaptive,bit_flip,offspring,feasible_start_adaptive_spacing,,,,feasible_start_adaptive_spacing,0.5,,True,auto_from_instance,0.75,0.35,"5,7,14,16,17,23,25,26,36,37,45,47,49","6,9,16,24,25",,,,,,"H[5,7,9,14,16,17,23,25,26,36,37,45,47,49]|V[6,9,16,19,24,25]",0827690a52754d7efd921fdbd79f7a76ea1d0aa8
proposed_nsga2_bs_Gyorgy-KOVACS_WH_Wide_AW_5_seed_123,proposed_nsga2_bs,Gyorgy-KOVACS_WH_Wide_AW_5,123,4,auto_from_instance,12,18,4,30,216,,,,,23,7,5,root > H:47 > BH:23 > BH:9 > BH:36 > BV:21,evaluated,8,1.7026489608188955,False,712,169,543,1409.0,1.0,1.0,True,True,1,1,0,True,1,1,0,0,True,True,0,14,6,14,6,7,SS,sampled_pool,,,True,0.2777777777777778,0.267509541888062,0.7222222222222222,0.1,adaptive,bit_flip,offspring,feasible_start_adaptive_spacing,,,,feasible_start_adaptive_spacing,0.5,,True,auto_from_instance,0.75,0.35,"5,7,14,16,17,23,25,26,36,37,45,47,49","6,9,16,24,25",,,,,,"H[5,7,9,14,16,17,23,25,26,36,37,45,47,49]|V[6,9,16,21,24,25]",64bc4004c1ced6e611f640c163427b7cba3be756
proposed_nsga2_bs_Gyorgy-KOVACS_WH_Wide_AW_5_seed_123,proposed_nsga2_bs,Gyorgy-KOVACS_WH_Wide_AW_5,123,4,auto_from_instance,12,18,4,30,216,,,,,24,8,7,root > V:21 > BH:26 > BH:5 > BH:16 > BH:27 > BH:38 > BH:47,evaluated,5,inf,False,652,180,472,763.0,1.0,1.0,True,True,1,1,0,True,1,1,0,0,True,True,0,15,7,15,7,8,SS_LS_PF,sampled_pool,,,True,0.2777777777777778,0.21956725012297618,0.7222222222222222,0.1,adaptive,bit_flip,offspring,feasible_start_adaptive_spacing,,,,feasible_start_adaptive_spacing,0.5,,True,auto_from_instance,0.75,0.35,"5,7,14,16,17,25,26,36,37,45,47,49,50","0,14,15,17,19,21,24",,,,,,"H[5,7,14,16,17,25,26,27,36,37,38,45,47,49,50]|V[0,14,15,17,19,21,24]",2f63addef0a564eaffadcb442913b04bcdb20a31
proposed_nsga2_bs_Gyorgy-KOVACS_WH_Wide_AW_5_seed_123,proposed_nsga2_bs,Gyorgy-KOVACS_WH_Wide_AW_5,123,4,auto_from_instance,12,18,4,30,216,,,,,25,8,7,root > V:21 > BH:26 > BH:5 > BH:16 > BH:27 > BH:36 > BH:47,evaluated,5,0.0,False,652,180,472,763.0,1.0,1.0,True,True,1,1,0,True,1,1,0,0,True,True,0,14,7,14,7,8,SS_LS_PF,sampled_pool,,,True,0.2777777777777778,0.21956725012297618,0.7222222222222222,0.1,adaptive,bit_flip,offspring,feasible_start_adaptive_spacing,,,,feasible_start_adaptive_spacing,0.5,,True,auto_from_instance,0.75,0.35,"5,7,14,16,17,25,26,36,37,45,47,49,50","0,14,15,17,19,21,24",,,,,,"H[5,7,14,16,17,25,26,27,36,37,45,47,49,50]|V[0,14,15,17,19,21,24]",0f96e027200fa1a1c0edb07d21a5eb62a8ebadb2
proposed_nsga2_bs_Gyorgy-KOVACS_WH_Wide_AW_5_seed_123,proposed_nsga2_bs,Gyorgy-KOVACS_WH_Wide_AW_5,123,4,auto_from_instance,12,18,4,30,216,,,,,26,8,7,root > V:21 > BH:26 > BH:5 > BH:16 > BH:25 > BH:36 > BH:47,evaluated,5,0.0,False,652,180,472,763.0,1.0,1.0,True,True,1,1,0,True,1,1,0,0,True,True,0,13,7,13,7,8,SS_LS_PF,sampled_pool,,,True,0.2777777777777778,0.21956725012297618,0.7222222222222222,0.1,adaptive,bit_flip,offspring,feasible_start_adaptive_spacing,,,,feasible_start_adaptive_spacing,0.5,,True,auto_from_instance,0.75,0.35,"5,7,14,16,17,25,26,36,37,45,47,49,50","0,14,15,17,19,21,24",,,,,,"H[5,7,14,16,17,25,26,36,37,45,47,49,50]|V[0,14,15,17,19,21,24]",01a90fb20467da592e93711ac8a849c3053fcfd6
proposed_nsga2_bs_Gyorgy-KOVACS_WH_Wide_AW_5_seed_123,proposed_nsga2_bs,Gyorgy-KOVACS_WH_Wide_AW_5,123,4,auto_from_instance,12,18,4,30,216,,,,,27,8,7,root > V:21 > BH:26 > BH:5 > BH:14 > BH:25 > BH:36 > BH:47,evaluated,5,inf,False,652,180,472,763.0,1.0,1.0,True,True,1,1,0,True,1,1,0,0,True,True,0,13,7,13,7,8,SS_LS_PF,sampled_pool,,,True,0.2777777777777778,0.21956725012297618,0.7222222222222222,0.1,adaptive,bit_flip,offspring,feasible_start_adaptive_spacing,,,,feasible_start_adaptive_spacing,0.5,,True,auto_from_instance,0.75,0.35,"5,7,14,16,17,25,26,36,37,45,47,49,50","0,14,15,17,19,21,24",,,,,,"H[5,7,14,16,17,25,26,36,37,45,47,49,50]|V[0,14,15,17,19,21,24]",1958a387e19298fbb01706dd6afdd7339df9d6ae
proposed_nsga2_bs_Gyorgy-KOVACS_WH_Wide_AW_5_seed_123,proposed_nsga2_bs,Gyorgy-KOVACS_WH_Wide_AW_5,123,4,auto_from_instance,12,18,4,30,216,,,,,28,8,7,root > V:21 > BH:26 > BH:5 > BH:14 > BH:27 > BH:36 > BH:47,evaluated,6,inf,False,652,180,472,779.0,1.0,1.0,True,True,1,1,0,True,1,1,0,0,True,True,0,14,7,14,7,8,SS_LS_PF,sampled_pool,,,True,0.2777777777777778,0.21956725012297618,0.7222222222222222,0.1,adaptive,bit_flip,offspring,feasible_start_adaptive_spacing,,,,feasible_start_adaptive_spacing,0.5,,True,auto_from_instance,0.75,0.35,"5,7,14,16,17,25,26,36,37,45,47,49,50","0,14,15,17,19,21,24",,,,,,"H[5,7,14,16,17,25,26,27,36,37,45,47,49,50]|V[0,14,15,17,19,21,24]",7fe0a40c905a1e1db7529fac1c24ec9689fa56fb
proposed_nsga2_bs_Gyorgy-KOVACS_WH_Wide_AW_5_seed_123,proposed_nsga2_bs,Gyorgy-KOVACS_WH_Wide_AW_5,123,4,auto_from_instance,12,18,4,30,216,,,,,29,9,7,root > H:45 > BH:23 > BH:5 > BH:36 > BH:14 > BV:29 > BV:19,selected,1,inf,True,577,215,362,497.0,1.0,1.0,True,True,1,1,0,True,1,1,0,0,True,True,0,14,8,14,8,9,SS_LS_PF,sampled_pool,,,True,0.2777777777777778,0.3028679924590225,0.7222222222222222,0.1,adaptive,spacing_aware_flip,offspring,feasible_start_adaptive_spacing,,,,feasible_start_adaptive_spacing,0.5,,True,auto_from_instance,0.75,0.35,"5,7,13,16,17,25,26,36,37,45,47,49","14,16,24,25,27,33",,,,,,"H[5,7,13,14,16,17,23,25,26,36,37,45,47,49]|V[14,16,19,24,25,27,29,33]",fa8ee0c607602449ee5747931b7f8eccda536baf
proposed_nsga2_bs_Gyorgy-KOVACS_WH_Wide_AW_5_seed_123,proposed_nsga2_bs,Gyorgy-KOVACS_WH_Wide_AW_5,123,4,auto_from_instance,12,18,4,30,216,,,,,30,9,7,root > H:45 > BH:23 > BH:5 > BH:36 > BH:14 > BV:29 > BV:17,selected,2,inf,True,577,215,362,511.0,1.0,1.0,True,True,1,1,0,True,1,1,0,0,True,True,0,14,8,14,8,9,SS_LS_PF,sampled_pool,,,True,0.2777777777777778,0.3028679924590225,0.7222222222222222,0.1,adaptive,spacing_aware_flip,offspring,feasible_start_adaptive_spacing,,,,feasible_start_adaptive_spacing,0.5,,True,auto_from_instance,0.75,0.35,"5,7,13,16,17,25,26,36,37,45,47,49","14,16,24,25,27,33",,,,,,"H[5,7,13,14,16,17,23,25,26,36,37,45,47,49]|V[14,16,17,24,25,27,29,33]",ce2749a27096b722c6849b42c8709586c061c1f4
proposed_nsga2_bs_Gyorgy-KOVACS_WH_Wide_AW_5_seed_123,proposed_nsga2_bs,Gyorgy-KOVACS_WH_Wide_AW_5,123,4,auto_from_instance,12,18,4,30,216,,,,,31,10,7,root > V:21 > BH:26 > BH:5 > BH:16 > BH:29 > BH:38 > BH:47,evaluated,7,inf,False,652,179,473,779.0,1.0,1.0,True,True,1,1,0,True,1,1,0,0,True,True,0,17,6,17,6,10,RP,sampled_pool,,,False,0.2777777777777778,0.25590655329253686,0.7222222222222222,0.1,adaptive,spacing_aware_flip,offspring,feasible_start_adaptive_spacing,,,,feasible_start_adaptive_spacing,0.5,,True,auto_from_instance,0.75,0.35,"6,7,14,16,17,23,25,26,31,36,37,45,47,51","6,16,21,24,25,29",,,,,,"H[5,6,7,14,16,17,23,25,26,29,31,36,37,38,45,47,51]|V[6,16,21,24,25,29]",b4635755cd0052720e60436f85ec83f09d8198b1
proposed_nsga2_bs_Gyorgy-KOVACS_WH_Wide_AW_5_seed_123,proposed_nsga2_bs,Gyorgy-KOVACS_WH_Wide_AW_5,123,4,auto_from_instance,12,18,4,30,216,,,,,32,12,7,root > V:17 > BH:26 > BH:7 > BH:16 > BH:25 > BH:36 > BH:45,evaluated,5,inf,False,572,220,352,867.0,1.0,1.0,True,True,1,1,0,True,1,1,0,0,True,True,0,14,7,14,7,12,LS_PF,sampled_pool,,,False,0.2777777777777778,0.3886873833808989,0.7222222222222222,0.1,adaptive,spacing_aware_flip,offspring,feasible_start_adaptive_spacing,,,,feasible_start_adaptive_spacing,0.5,,True,auto_from_instance,0.75,0.35,"5,7,14,16,17,23,25,26,27,36,38,47,49","9,14,17,19,21,25,34",,,,,,"H[5,7,14,16,17,23,25,26,27,36,38,45,47,49]|V[9,14,17,19,21,25,34]",90295bddff4683947eef98c9cba63e2b098e11a6
proposed_nsga2_bs_Gyorgy-KOVACS_WH_Wide_AW_5_seed_123,proposed_nsga2_bs,Gyorgy-KOVACS_WH_Wide_AW_5,123,5,auto_from_instance,12,18,4,30,216,,,,,1,1,8,root > V:16 > BH:26 > BH:5 > BH:16 > BH:27 > BH:36 > BH:45 > BV:25,selected,0,inf,True,517,238,279,368.0,1.0,1.0,True,True,1,1,0,True,1,1,0,0,True,True,0,16,7,16,7,1,PF_LS_RP,sampled_pool,,,False,0.3333333333333333,0.337722893460853,0.6666666666666667,0.1,adaptive,insert_random_aisle,offspring,feasible_start_adaptive_spacing,,,,feasible_start_adaptive_spacing,0.5,,True,auto_from_instance,0.75,0.35,"5,7,13,14,16,17,23,25,26,32,36,37,45,47,49","14,16,17,24,25,27,33",,,,,,"H[5,7,13,14,16,17,23,25,26,27,32,36,37,45,47,49]|V[14,16,17,24,25,27,33]",015ee1c8318bbe65f9d75b3878c91b9d7be2a076
proposed_nsga2_bs_Gyorgy-KOVACS_WH_Wide_AW_5_seed_123,proposed_nsga2_bs,Gyorgy-KOVACS_WH_Wide_AW_5,123,5,auto_from_instance,12,18,4,30,216,,,,,2,1,8,root > V:16 > BH:26 > BH:5 > BH:16 > BH:25 > BH:36 > BH:45 > BV:25,selected,0,0.0,True,517,238,279,368.0,1.0,1.0,True,True,1,1,0,True,1,1,0,0,True,True,0,15,7,15,7,1,PF_LS_RP,sampled_pool,,,False,0.3333333333333333,0.337722893460853,0.6666666666666667,0.1,adaptive,insert_random_aisle,offspring,feasible_start_adaptive_spacing,,,,feasible_start_adaptive_spacing,0.5,,True,auto_from_instance,0.75,0.35,"5,7,13,14,16,17,23,25,26,32,36,37,45,47,49","14,16,17,24,25,27,33",,,,,,"H[5,7,13,14,16,17,23,25,26,32,36,37,45,47,49]|V[14,16,17,24,25,27,33]",559a078c3ea143504613077c561cb3124d66b767
proposed_nsga2_bs_Gyorgy-KOVACS_WH_Wide_AW_5_seed_123,proposed_nsga2_bs,Gyorgy-KOVACS_WH_Wide_AW_5,123,5,auto_from_instance,12,18,4,30,216,,,,,3,1,8,root > V:16 > BH:26 > BH:5 > BH:16 > BH:27 > BH:36 > BH:45 > BV:29,selected,2,inf,True,517,225,292,586.0,1.0,1.0,True,True,1,1,0,True,1,1,0,0,True,True,0,16,8,16,8,1,PF_LS_RP,sampled_pool,,,False,0.3333333333333333,0.337722893460853,0.6666666666666667,0.1,adaptive,insert_random_aisle,offspring,feasible_start_adaptive_spacing,,,,feasible_start_adaptive_spacing,0.5,,True,auto_from_instance,0.75,0.35,"5,7,13,14,16,17,23,25,26,32,36,37,45,47,49","14,16,17,24,25,27,33",,,,,,"H[5,7,13,14,16,17,23,25,26,27,32,36,37,45,47,49]|V[14,16,17,24,25,27,29,33]",ed71c8d546062d956359fd31a02e14699e745412
proposed_nsga2_bs_Gyorgy-KOVACS_WH_Wide_AW_5_seed_123,proposed_nsga2_bs,Gyorgy-KOVACS_WH_Wide_AW_5,123,5,auto_from_instance,12,18,4,30,216,,,,,4,1,8,root > V:16 > BH:26 > BH:5 > BH:16 > BH:25 > BH:36 > BH:45 > BV:29,evaluated,2,0.0,False,517,225,292,586.0,1.0,1.0,True,True,1,1,0,True,1,1,0,0,True,True,0,15,8,15,8,1,PF_LS_RP,sampled_pool,,,False,0.3333333333333333,0.337722893460853,0.6666666666666667,0.1,adaptive,insert_random_aisle,offspring,feasible_start_adaptive_spacing,,,,feasible_start_adaptive_spacing,0.5,,True,auto_from_instance,0.75,0.35,"5,7,13,14,16,17,23,25,26,32,36,37,45,47,49","14,16,17,24,25,27,33",,,,,,"H[5,7,13,14,16,17,23,25,26,32,36,37,45,47,49]|V[14,16,17,24,25,27,29,33]",13a8831f3352523fe53b9477eb693b985fdfc37c
proposed_nsga2_bs_Gyorgy-KOVACS_WH_Wide_AW_5_seed_123,proposed_nsga2_bs,Gyorgy-KOVACS_WH_Wide_AW_5,123,5,auto_from_instance,12,18,4,30,216,,,,,5,2,8,root > V:15 > BH:26 > BH:5 > BH:16 > BH:25 > BH:36 > BH:45 > BV:24,selected,0,inf,True,497,247,250,385.0,1.0,1.0,True,True,1,1,0,True,1,1,0,0,True,True,0,13,8,13,8,2,PF_SS,sampled_pool,,,True,0.3333333333333333,0.29681160024277964,0.6666666666666667,0.1,adaptive,bit_flip,offspring,feasible_start_adaptive_spacing,,,,feasible_start_adaptive_spacing,0.5,,True,auto_from_instance,0.75,0.35,"5,7,14,16,17,25,26,31,36,37,45,47,49","3,15,17,19,21,24,25,29",,,,,,"H[5,7,14,16,17,25,26,31,36,37,45,47,49]|V[3,15,17,19,21,24,25,29]",416c9c0e4f9e06143d78fee04cbc7a8d1c4800ad
proposed_nsga2_bs_Gyorgy-KOVACS_WH_Wide_AW_5_seed_123,proposed_nsga2_bs,Gyorgy-KOVACS_WH_Wide_AW_5,123,5,auto_from_instance,12,18,4,30,216,,,,,6,2,8,root > V:15 > BH:26 > BH:5 > BH:14 > BH:25 > BH:36 > BH:45 > BV:24,selected,0,0.0,True,497,247,250,385.0,1.0,1.0,True,True,1,1,0,True,1,1,0,0,True,True,0,13,8,13,8,2,PF_SS,sampled_pool,,,True,0.3333333333333333,0.29681160024277964,0.6666666666666667,0.1,adaptive,bit_flip,offspring,feasible_start_adaptive_spacing,,,,feasible_start_adaptive_spacing,0.5,,True,auto_from_instance,0.75,0.35,"5,7,14,16,17,25,26,31,36,37,45,47,49","3,15,17,19,21,24,25,29",,,,,,"H[5,7,14,16,17,25,26,31,36,37,45,47,49]|V[3,15,17,19,21,24,25,29]",4f5b467192e7c6ce4bc3fd69bf3ce13c31bd8ba0
proposed_nsga2_bs_Gyorgy-KOVACS_WH_Wide_AW_5_seed_123,proposed_nsga2_bs,Gyorgy-KOVACS_WH_Wide_AW_5,123,5,auto_from_instance,12,18,4,30,216,,,,,7,3,5,root > H:38 > BH:13 > BV:25 > BV:25 > BH:26,evaluated,9,inf,False,727,162,565,1262.0,1.0,1.0,True,True,1,1,0,True,1,1,0,0,True,True,0,13,4,13,4,3,RP_LS,sampled_pool,,,False,0.3333333333333333,0.3135227298381789,0.6666666666666667,0.1,adaptive,remove_random_aisle,offspring,feasible_start_adaptive_spacing,,,,feasible_start_adaptive_spacing,0.5,,True,auto_from_instance,0.75,0.35,"6,7,14,16,17,23,25,26,36,38,47,49","16,24,25,33",,,,,,"H[6,7,13,14,16,17,23,25,26,36,38,47,49]|V[16,24,25,33]",9defe12d74509891915e4bdebd6a12ae30507c3b
proposed_nsga2_bs_Gyorgy-KOVACS_WH_Wide_AW_5_seed_123,proposed_nsga2_bs,Gyorgy-KOVACS_WH_Wide_AW_5,123,5,auto_from_instance,12,18,4,30,216,,,,,8,3,5,root > H:38 > BH:13 > BV:25 > BV:25 > BH:28,evaluated,10,inf,False,727,162,565,1304.0,1.0,1.0,True,True,1,1,0,True,1,1,0,0,True,True,0,14,4,14,4,3,RP_LS,sampled_pool,,,False,0.3333333333333333,0.3135227298381789,0.6666666666666667,0.1,adaptive,remove_random_aisle,offspring,feasible_start_adaptive_spacing,,,,feasible_start_adaptive_spacing,0.5,,True,auto_from_instance,0.75,0.35,"6,7,14,16,17,23,25,26,36,38,47,49","16,24,25,33",,,,,,"H[6,7,13,14,16,17,23,25,26,28,36,38,47,49]|V[16,24,25,33]",e7a53237b0e702a276b0f2c3994baf98976fe371
proposed_nsga2_bs_Gyorgy-KOVACS_WH_Wide_AW_5_seed_123,proposed_nsga2_bs,Gyorgy-KOVACS_WH_Wide_AW_5,123,5,auto_from_instance,12,18,4,30,216,,,,,9,3,5,root > H:38 > BH:13 > BV:25 > BV:25 > BH:24,evaluated,10,inf,False,727,162,565,1304.0,1.0,1.0,True,True,1,1,0,True,1,1,0,0,True,True,0,14,4,14,4,3,RP_LS,sampled_pool,,,False,0.3333333333333333,0.3135227298381789,0.6666666666666667,0.1,adaptive,remove_random_aisle,offspring,feasible_start_adaptive_spacing,,,,feasible_start_adaptive_spacing,0.5,,True,auto_from_instance,0.75,0.35,"6,7,14,16,17,23,25,26,36,38,47,49","16,24,25,33",,,,,,"H[6,7,13,14,16,17,23,24,25,26,36,38,47,49]|V[16,24,25,33]",79066e0974a982854d4d33c21116a91d12acdbf5
proposed_nsga2_bs_Gyorgy-KOVACS_WH_Wide_AW_5_seed_123,proposed_nsga2_bs,Gyorgy-KOVACS_WH_Wide_AW_5,123,5,auto_from_instance,12,18,4,30,216,,,,,10,3,5,root > H:16 > BH:41 > BV:25 > BV:23 > BH:29,evaluated,11,inf,False,727,160,567,1339.0,1.0,1.0,True,True,1,1,0,True,1,1,0,0,True,True,0,14,5,14,5,3,RP_LS,sampled_pool,,,False,0.3333333333333333,0.3135227298381789,0.6666666666666667,0.1,adaptive,remove_random_aisle,offspring,feasible_start_adaptive_spacing,,,,feasible_start_adaptive_spacing,0.5,,True,auto_from_instance,0.75,0.35,"6,7,14,16,17,23,25,26,36,38,47,49","16,24,25,33",,,,,,"H[6,7,14,16,17,23,25,26,29,36,38,41,47,49]|V[16,23,24,25,33]",a4fb711bd985b259f65c3907c4656248cf44a682
proposed_nsga2_bs_Gyorgy-KOVACS_WH_Wide_AW_5_seed_123,proposed_nsga2_bs,Gyorgy-KOVACS_WH_Wide_AW_5,123,5,auto_from_instance,12,18,4,30,216,,,,,11,3,5,root > H:38 > BH:13 > BV:25 > BV:23 > BH:26,evaluated,11,inf,False,727,162,565,1346.0,1.0,1.0,True,True,1,1,0,True,1,1,0,0,True,True,0,13,5,13,5,3,RP_LS,sampled_pool,,,False,0.3333333333333333,0.3135227298381789,0.6666666666666667,0.1,adaptive,remove_random_aisle,offspring,feasible_start_adaptive_spacing,,,,feasible_start_adaptive_spacing,0.5,,True,auto_from_instance,0.75,0.35,"6,7,14,16,17,23,25,26,36,38,47,49","16,24,25,33",,,,,,"H[6,7,13,14,16,17,23,25,26,36,38,47,49]|V[16,23,24,25,33]",380be2ed36b16993dbde4b3bcd84854615e4797d
proposed_nsga2_bs_Gyorgy-KOVACS_WH_Wide_AW_5_seed_123,proposed_nsga2_bs,Gyorgy-KOVACS_WH_Wide_AW_5,123,5,auto_from_instance,12,18,4,30,216,,,,,12,4,7,root > V:17 > BH:26 > BH:5 > BH:16 > BH:25 > BH:36 > BH:47,selected,1,1.3571428571428572,True,572,220,352,507.0,1.0,1.0,True,True,1,1,0,True,1,1,0,0,True,True,0,15,5,15,5,4,LS_RP,sampled_pool,,,False,0.3333333333333333,0.3212060686354062,0.6666666666666667,0.1,adaptive,bit_flip,offspring,feasible_start_adaptive_spacing,,,,feasible_start_adaptive_spacing,0.5,,True,auto_from_instance,0.75,0.35,"5,7,13,14,16,17,23,25,26,36,37,45,47,49,55","17,19,21,24,25",,,,,,"H[5,7,13,14,16,17,23,25,26,36,37,45,47,49,55]|V[17,19,21,24,25]",173dd91401b4b71d9f20edd9e83506be465b9528
proposed_nsga2_bs_Gyorgy-KOVACS_WH_Wide_AW_5_seed_123,proposed_nsga2_bs,Gyorgy-KOVACS_WH_Wide_AW_5,123,5,auto_from_instance,12,18,4,30,216,,,,,13,4,7,root > V:17 > BH:26 > BH:5 > BH:14 > BH:25 > BH:36 > BH:47,selected,1,0.6741071428571428,True,572,220,352,507.0,1.0,1.0,True,True,1,1,0,True,1,1,0,0,True,True,0,15,5,15,5,4,LS_RP,sampled_pool,,,False,0.3333333333333333,0.3212060686354062,0.6666666666666667,0.1,adaptive,bit_flip,offspring,feasible_start_adaptive_spacing,,,,feasible_start_adaptive_spacing,0.5,,True,auto_from_instance,0.75,0.35,"5,7,13,14,16,17,23,25,26,36,37,45,47,49,55","17,19,21,24,25",,,,,,"H[5,7,13,14,16,17,23,25,26,36,37,45,47,49,55]|V[17,19,21,24,25]",e59e5dd5e1537a2d164e028d12bd66f538f0cb70
proposed_nsga2_bs_Gyorgy-KOVACS_WH_Wide_AW_5_seed_123,proposed_nsga2_bs,Gyorgy-KOVACS_WH_Wide_AW_5,123,5,auto_from_instance,12,18,4,30,216,,,,,14,4,7,root > V:17 > BH:26 > BH:7 > BH:16 > BH:25 > BH:36 > BH:47,evaluated,3,inf,False,572,220,352,663.0,1.0,1.0,True,True,1,1,0,True,1,1,0,0,True,True,0,15,5,15,5,4,LS_RP,sampled_pool,,,False,0.3333333333333333,0.3212060686354062,0.6666666666666667,0.1,adaptive,bit_flip,offspring,feasible_start_adaptive_spacing,,,,feasible_start_adaptive_spacing,0.5,,True,auto_from_instance,0.75,0.35,"5,7,13,14,16,17,23,25,26,36,37,45,47,49,55","17,19,21,24,25",,,,,,"H[5,7,13,14,16,17,23,25,26,36,37,45,47,49,55]|V[17,19,21,24,25]",61426df39d9f05da4c561d5073d32a1cf777516d
proposed_nsga2_bs_Gyorgy-KOVACS_WH_Wide_AW_5_seed_123,proposed_nsga2_bs,Gyorgy-KOVACS_WH_Wide_AW_5,123,5,auto_from_instance,12,18,4,30,216,,,,,15,4,7,root > V:17 > BH:26 > BH:5 > BH:16 > BH:25 > BH:36 > BH:45,evaluated,4,inf,False,572,220,352,711.0,1.0,1.0,True,True,1,1,0,True,1,1,0,0,True,True,0,15,5,15,5,4,LS_RP,sampled_pool,,,False,0.3333333333333333,0.3212060686354062,0.6666666666666667,0.1,adaptive,bit_flip,offspring,feasible_start_adaptive_spacing,,,,feasible_start_adaptive_spacing,0.5,,True,auto_from_instance,0.75,0.35,"5,7,13,14,16,17,23,25,26,36,37,45,47,49,55","17,19,21,24,25",,,,,,"H[5,7,13,14,16,17,23,25,26,36,37,45,47,49,55]|V[17,19,21,24,25]",854ec9b997ec508dda6ea9e399147d7a4b626ba8
proposed_nsga2_bs_Gyorgy-KOVACS_WH_Wide_AW_5_seed_123,proposed_nsga2_bs,Gyorgy-KOVACS_WH_Wide_AW_5,123,5,auto_from_instance,12,18,4,30,216,,,,,16,4,7,root > V:17 > BH:26 > BH:5 > BH:14 > BH:25 > BH:36 > BH:45,evaluated,4,inf,False,572,220,352,711.0,1.0,1.0,True,True,1,1,0,True,1,1,0,0,True,True,0,15,5,15,5,4,LS_RP,sampled_pool,,,False,0.3333333333333333,0.3212060686354062,0.6666666666666667,0.1,adaptive,bit_flip,offspring,feasible_start_adaptive_spacing,,,,feasible_start_adaptive_spacing,0.5,,True,auto_from_instance,0.75,0.35,"5,7,13,14,16,17,23,25,26,36,37,45,47,49,55","17,19,21,24,25",,,,,,"H[5,7,13,14,16,17,23,25,26,36,37,45,47,49,55]|V[17,19,21,24,25]",ef95c5265d039c602cc7246bb99c122e90a60068
proposed_nsga2_bs_Gyorgy-KOVACS_WH_Wide_AW_5_seed_123,proposed_nsga2_bs,Gyorgy-KOVACS_WH_Wide_AW_5,123,5,auto_from_instance,12,18,4,30,216,,,,,17,5,8,root > V:16 > BH:26 > BH:7 > BH:16 > BH:25 > BH:36 > BH:45 > BV:25,selected,1,2.611607142857143,True,517,238,279,537.0,1.0,1.0,True,True,1,1,0,True,1,1,0,0,True,True,0,14,5,14,5,5,PF_LS,sampled_pool,,,False,0.3333333333333333,0.30855103498919656,0.6666666666666667,0.1,adaptive,break_symmetry,offspring,feasible_start_adaptive_spacing,,,,feasible_start_adaptive_spacing,0.5,,True,auto_from_instance,0.75,0.35,"5,7,13,14,16,17,23,25,26,36,37,45,47,49","14,16,24,26",,,,,,"H[5,7,13,14,16,17,23,25,26,36,37,45,47,49]|V[14,16,24,25,26]",5f183debb27c7a24bc0f9f82fc27ee77d3fc24d8
proposed_nsga2_bs_Gyorgy-KOVACS_WH_Wide_AW_5_seed_123,proposed_nsga2_bs,Gyorgy-KOVACS_WH_Wide_AW_5,123,5,auto_from_instance,12,18,4,30,216,,,,,18,5,8,root > V:16 > BH:26 > BH:7 > BH:16 > BH:25 > BH:36 > BH:45 > BV:29,evaluated,3,inf,False,517,225,292,755.0,1.0,1.0,True,True,1,1,0,True,1,1,0,0,True,True,0,14,5,14,5,5,PF_LS,sampled_pool,,,False,0.3333333333333333,0.30855103498919656,0.6666666666666667,0.1,adaptive,break_symmetry,offspring,feasible_start_adaptive_spacing,,,,feasible_start_adaptive_spacing,0.5,,True,auto_from_instance,0.75,0.35,"5,7,13,14,16,17,23,25,26,36,37,45,47,49","14,16,24,26",,,,,,"H[5,7,13,14,16,17,23,25,26,36,37,45,47,49]|V[14,16,24,26,29]",03af9372cf0d8e782f6e425ae89227ab68d20a8e
proposed_nsga2_bs_Gyorgy-KOVACS_WH_Wide_AW_5_seed_123,proposed_nsga2_bs,Gyorgy-KOVACS_WH_Wide_AW_5,123,5,auto_from_instance,12,18,4,30,216,,,,,19,6,7,root > H:45 > BH:23 > BH:5 > BH:36 > BH:14 > BV:29 > BV:19,selected,1,inf,True,577,215,362,497.0,1.0,1.0,True,True,1,1,0,True,1,1,0,0,True,True,0,15,9,15,9,6,SS,sampled_pool,,,True,0.3333333333333333,0.262852600372869,0.6666666666666667,0.1,adaptive,bit_flip,offspring,feasible_start_adaptive_spacing,,,,feasible_start_adaptive_spacing,0.5,,True,auto_from_instance,0.75,0.35,"6,7,14,16,17,25,26,31,36,37,45,47,49","11,15,17,19,21,24,25,33",,,,,,"H[5,6,7,14,16,17,23,25,26,31,36,37,45,47,49]|V[11,15,17,19,21,24,25,29,33]",fa8ee0c607602449ee5747931b7f8eccda536baf
proposed_nsga2_bs_Gyorgy-KOVACS_WH_Wide_AW_5_seed_123,proposed_nsga2_bs,Gyorgy-KOVACS_WH_Wide_AW_5,123,5,auto_from_instance,12,18,4,30,216,,,,,20,6,7,root > H:45 > BH:23 > BH:5 > BH:36 > BH:14 > BV:29 > BV:17,evaluated,2,inf,False,577,215,362,511.0,1.0,1.0,True,True,1,1,0,True,1,1,0,0,True,True,0,15,9,15,9,6,SS,sampled_pool,,,True,0.3333333333333333,0.262852600372869,0.6666666666666667,0.1,adaptive,bit_flip,offspring,feasible_start_adaptive_spacing,,,,feasible_start_adaptive_spacing,0.5,,True,auto_from_instance,0.75,0.35,"6,7,14,16,17,25,26,31,36,37,45,47,49","11,15,17,19,21,24,25,33",,,,,,"H[5,6,7,14,16,17,23,25,26,31,36,37,45,47,49]|V[11,15,17,19,21,24,25,29,33]",ce2749a27096b722c6849b42c8709586c061c1f4
proposed_nsga2_bs_Gyorgy-KOVACS_WH_Wide_AW_5_seed_123,proposed_nsga2_bs,Gyorgy-KOVACS_WH_Wide_AW_5,123,5,auto_from_instance,12,18,4,30,216,,,,,21,7,8,root > V:15 > BH:26 > BH:5 > BH:16 > BH:27 > BH:36 > BH:45 > BV:24,selected,0,inf,True,497,247,250,385.0,1.0,1.0,True,True,1,1,0,True,1,1,0,0,True,True,0,14,9,14,9,7,LS_PF,sampled_pool,,,False,0.3333333333333333,0.3079816558770622,0.6666666666666667,0.1,adaptive,bit_flip,offspring,feasible_start_adaptive_spacing,,,,feasible_start_adaptive_spacing,0.5,,True,auto_from_instance,0.75,0.35,"5,7,14,16,17,25,26,36,37,45,47,48,51","0,6,15,17,19,21,24,25,27",,,,,,"H[5,7,14,16,17,25,26,27,36,37,45,47,48,51]|V[0,6,15,17,19,21,24,25,27]",9367037dc0304e9a893380cb68f03b46b0c6f55b
proposed_nsga2_bs_Gyorgy-KOVACS_WH_Wide_AW_5_seed_123,proposed_nsga2_bs,Gyorgy-KOVACS_WH_Wide_AW_5,123,5,auto_from_instance,12,18,4,30,216,,,,,22,8,6,root > V:21 > BH:26 > BH:5 > BH:16 > BH:29 > BH:42,evaluated,7,3.0,False,692,165,527,1197.0,1.0,1.0,True,True,1,1,0,True,1,1,0,0,True,True,0,16,4,16,4,8,RP_LS,sampled_pool,,,False,0.3333333333333333,0.34801302098967724,0.6666666666666667,0.1,adaptive,swap_segments,offspring,feasible_start_adaptive_spacing,,,,feasible_start_adaptive_spacing,0.5,,True,auto_from_instance,0.75,0.35,"14,16,17,25,26,31,36,37,45,47,49,50,52","16,21,24,25",,,,,,"H[5,14,16,17,25,26,29,31,36,37,42,45,47,49,50,52]|V[16,21,24,25]",3e80fff572b45638d4c993741f9187431fecc243
proposed_nsga2_bs_Gyorgy-KOVACS_WH_Wide_AW_5_seed_123,proposed_nsga2_bs,Gyorgy-KOVACS_WH_Wide_AW_5,123,5,auto_from_instance,12,18,4,30,216,,,,,23,8,6,root > V:21 > BH:26 > BH:5 > BH:16 > BH:27 > BH:40,evaluated,7,inf,False,692,168,524,1255.0,1.0,1.0,True,True,1,1,0,True,1,1,0,0,True,True,0,16,4,16,4,8,RP_LS,sampled_pool,,,False,0.3333333333333333,0.34801302098967724,0.6666666666666667,0.1,adaptive,swap_segments,offspring,feasible_start_adaptive_spacing,,,,feasible_start_adaptive_spacing,0.5,,True,auto_from_instance,0.75,0.35,"14,16,17,25,26,31,36,37,45,47,49,50,52","16,21,24,25",,,,,,"H[5,14,16,17,25,26,27,31,36,37,40,45,47,49,50,52]|V[16,21,24,25]",c29204a760792de9b5fff7fd1f22463071b8fe3a
proposed_nsga2_bs_Gyorgy-KOVACS_WH_Wide_AW_5_seed_123,proposed_nsga2_bs,Gyorgy-KOVACS_WH_Wide_AW_5,123,5,auto_from_instance,12,18,4,30,216,,,,,24,8,6,root > V:21 > BH:26 > BH:5 > BH:16 > BH:29 > BH:40,evaluated,8,inf,False,692,167,525,1255.0,1.0,1.0,True,True,1,1,0,True,1,1,0,0,True,True,0,16,4,16,4,8,RP_LS,sampled_pool,,,False,0.3333333333333333,0.34801302098967724,0.6666666666666667,0.1,adaptive,swap_segments,offspring,feasible_start_adaptive_spacing,,,,feasible_start_adaptive_spacing,0.5,,True,auto_from_instance,0.75,0.35,"14,16,17,25,26,31,36,37,45,47,49,50,52","16,21,24,25",,,,,,"H[5,14,16,17,25,26,29,31,36,37,40,45,47,49,50,52]|V[16,21,24,25]",4438a07913bba44771acc09fec1861ea8b6e3d46
proposed_nsga2_bs_Gyorgy-KOVACS_WH_Wide_AW_5_seed_123,proposed_nsga2_bs,Gyorgy-KOVACS_WH_Wide_AW_5,123,5,auto_from_instance,12,18,4,30,216,,,,,25,8,6,root > V:21 > BH:26 > BH:5 > BH:14 > BH:27 > BH:40,evaluated,8,inf,False,692,168,524,1271.0,1.0,1.0,True,True,1,1,0,True,1,1,0,0,True,True,0,16,4,16,4,8,RP_LS,sampled_pool,,,False,0.3333333333333333,0.34801302098967724,0.6666666666666667,0.1,adaptive,swap_segments,offspring,feasible_start_adaptive_spacing,,,,feasible_start_adaptive_spacing,0.5,,True,auto_from_instance,0.75,0.35,"14,16,17,25,26,31,36,37,45,47,49,50,52","16,21,24,25",,,,,,"H[5,14,16,17,25,26,27,31,36,37,40,45,47,49,50,52]|V[16,21,24,25]",d6f556ce4388bf7e47d115315ffef16b2112220e
proposed_nsga2_bs_Gyorgy-KOVACS_WH_Wide_AW_5_seed_123,proposed_nsga2_bs,Gyorgy-KOVACS_WH_Wide_AW_5,123,5,auto_from_instance,12,18,4,30,216,,,,,26,8,6,root > V:21 > BH:26 > BH:47 > BH:35 > BH:23 > BH:11,evaluated,9,inf,False,692,164,528,1293.0,1.0,1.0,True,True,1,1,0,True,1,1,0,0,True,True,0,16,4,16,4,8,RP_LS,sampled_pool,,,False,0.3333333333333333,0.34801302098967724,0.6666666666666667,0.1,adaptive,swap_segments,offspring,feasible_start_adaptive_spacing,,,,feasible_start_adaptive_spacing,0.5,,True,auto_from_instance,0.75,0.35,"14,16,17,25,26,31,36,37,45,47,49,50,52","16,21,24,25",,,,,,"H[11,14,16,17,23,25,26,31,35,36,37,45,47,49,50,52]|V[16,21,24,25]",aefb6def61337c0811fe5b11c3859df6b4d263cc
proposed_nsga2_bs_Gyorgy-KOVACS_WH_Wide_AW_5_seed_123,proposed_nsga2_bs,Gyorgy-KOVACS_WH_Wide_AW_5,123,5,auto_from_instance,12,18,4,30,216,,,,,27,9,7,root > V:21 > BH:26 > BH:5 > BH:16 > BH:27 > BH:38 > BH:47,evaluated,5,inf,False,652,180,472,763.0,1.0,1.0,True,True,1,1,0,True,1,1,0,0,True,True,0,17,8,17,8,9,RP,sampled_pool,,,False,0.3333333333333333,0.36286262985191353,0.6666666666666667,0.1,adaptive,spacing_aware_flip,offspring,feasible_start_adaptive_spacing,,,,feasible_start_adaptive_spacing,0.5,,True,auto_from_instance,0.75,0.35,"5,6,7,13,14,16,17,25,26,36,37,45,47,49,55","15,17,19,21,24,25,29,33",,,,,,"H[5,6,7,13,14,16,17,25,26,27,36,37,38,45,47,49,55]|V[15,17,19,21,24,25,29,33]",2f63addef0a564eaffadcb442913b04bcdb20a31
proposed_nsga2_bs_Gyorgy-KOVACS_WH_Wide_AW_5_seed_123,proposed_nsga2_bs,Gyorgy-KOVACS_WH_Wide_AW_5,123,5,auto_from_instance,12,18,4,30,216,,,,,28,9,7,root > V:21 > BH:26 > BH:5 > BH:16 > BH:29 > BH:38 > BH:47,evaluated,6,inf,False,652,179,473,779.0,1.0,1.0,True,True,1,1,0,True,1,1,0,0,True,True,0,17,8,17,8,9,RP,sampled_pool,,,False,0.3333333333333333,0.36286262985191353,0.6666666666666667,0.1,adaptive,spacing_aware_flip,offspring,feasible_start_adaptive_spacing,,,,feasible_start_adaptive_spacing,0.5,,True,auto_from_instance,0.75,0.35,"5,6,7,13,14,16,17,25,26,36,37,45,47,49,55","15,17,19,21,24,25,29,33",,,,,,"H[5,6,7,13,14,16,17,25,26,29,36,37,38,45,47,49,55]|V[15,17,19,21,24,25,29,33]",b4635755cd0052720e60436f85ec83f09d8198b1
proposed_nsga2_bs_Gyorgy-KOVACS_WH_Wide_AW_5_seed_123,proposed_nsga2_bs,Gyorgy-KOVACS_WH_Wide_AW_5,123,5,auto_from_instance,12,18,4,30,216,,,,,29,10,5,root > H:37 > BH:13 > BV:25 > BV:25 > BH:26,evaluated,7,inf,False,722,165,557,1191.0,1.0,1.0,True,True,1,1,0,True,1,1,0,0,True,True,0,15,3,15,3,10,RP,sampled_pool,,,False,0.3333333333333333,0.3027019218842022,0.6666666666666667,0.1,adaptive,remove_random_aisle,offspring,feasible_start_adaptive_spacing,,,,feasible_start_adaptive_spacing,0.5,,True,auto_from_instance,0.75,0.35,"5,7,14,16,17,23,25,26,31,36,37,45,47,49","14,16,25",,,,,,"H[5,7,13,14,16,17,23,25,26,31,36,37,45,47,49]|V[14,16,25]",7c5be3747e502184b062413718c4453a1bb573f5
proposed_nsga2_bs_Gyorgy-KOVACS_WH_Wide_AW_5_seed_123,proposed_nsga2_bs,Gyorgy-KOVACS_WH_Wide_AW_5,123,5,auto_from_instance,12,18,4,30,216,,,,,30,10,5,root > H:37 > BH:13 > BV:25 > BV:25 > BH:24,evaluated,7,inf,False,722,165,557,1191.0,1.0,1.0,True,True,1,1,0,True,1,1,0,0,True,True,0,16,3,16,3,10,RP,sampled_pool,,,False,0.3333333333333333,0.3027019218842022,0.6666666666666667,0.1,adaptive,remove_random_aisle,offspring,feasible_start_adaptive_spacing,,,,feasible_start_adaptive_spacing,0.5,,True,auto_from_instance,0.75,0.35,"5,7,14,16,17,23,25,26,31,36,37,45,47,49","14,16,25",,,,,,"H[5,7,13,14,16,17,23,24,25,26,31,36,37,45,47,49]|V[14,16,25]",52972dc5e068ea34a87fafaa3cbf21b9b7ccc45d
proposed_nsga2_bs_Gyorgy-KOVACS_WH_Wide_AW_5_seed_123,proposed_nsga2_bs,Gyorgy-KOVACS_WH_Wide_AW_5,123,5,auto_from_instance,12,18,4,30,216,,,,,31,10,5,root > H:37 > BH:13 > BV:25 > BV:25 > BH:28,evaluated,9,inf,False,722,165,557,1275.0,1.0,1.0,True,True,1,1,0,True,1,1,0,0,True,True,0,16,3,16,3,10,RP,sampled_pool,,,False,0.3333333333333333,0.3027019218842022,0.6666666666666667,0.1,adaptive,remove_random_aisle,offspring,feasible_start_adaptive_spacing,,,,feasible_start_adaptive_spacing,0.5,,True,auto_from_instance,0.75,0.35,"5,7,14,16,17,23,25,26,31,36,37,45,47,49","14,16,25",,,,,,"H[5,7,13,14,16,17,23,25,26,28,31,36,37,45,47,49]|V[14,16,25]",d916384f76b4c5785e588b94f0481ed5a87a1aaf
proposed_nsga2_bs_Gyorgy-KOVACS_WH_Wide_AW_5_seed_123,proposed_nsga2_bs,Gyorgy-KOVACS_WH_Wide_AW_5,123,5,auto_from_instance,12,18,4,30,216,,,,,32,10,5,root > H:37 > BH:13 > BV:25 > BV:23 > BH:26,evaluated,9,0.0,False,722,165,557,1275.0,1.0,1.0,True,True,1,1,0,True,1,1,0,0,True,True,0,15,4,15,4,10,RP,sampled_pool,,,False,0.3333333333333333,0.3027019218842022,0.6666666666666667,0.1,adaptive,remove_random_aisle,offspring,feasible_start_adaptive_spacing,,,,feasible_start_adaptive_spacing,0.5,,True,auto_from_instance,0.75,0.35,"5,7,14,16,17,23,25,26,31,36,37,45,47,49","14,16,25",,,,,,"H[5,7,13,14,16,17,23,25,26,31,36,37,45,47,49]|V[14,16,23,25]",883c42161f29edad8a47fe5cfe659a71d30ecbe3
proposed_nsga2_bs_Gyorgy-KOVACS_WH_Wide_AW_5_seed_123,proposed_nsga2_bs,Gyorgy-KOVACS_WH_Wide_AW_5,123,5,auto_from_instance,12,18,4,30,216,,,,,33,10,5,root > H:37 > BH:13 > BV:25 > BV:23 > BH:24,evaluated,9,1.1301947108398722,False,722,165,557,1275.0,1.0,1.0,True,True,1,1,0,True,1,1,0,0,True,True,0,16,4,16,4,10,RP,sampled_pool,,,False,0.3333333333333333,0.3027019218842022,0.6666666666666667,0.1,adaptive,remove_random_aisle,offspring,feasible_start_adaptive_spacing,,,,feasible_start_adaptive_spacing,0.5,,True,auto_from_instance,0.75,0.35,"5,7,14,16,17,23,25,26,31,36,37,45,47,49","14,16,25",,,,,,"H[5,7,13,14,16,17,23,24,25,26,31,36,37,45,47,49]|V[14,16,23,25]",251fd8bbda8b8eff589cdb3759b3e3cd414dd562
proposed_nsga2_bs_Gyorgy-KOVACS_WH_Wide_AW_5_seed_123,proposed_nsga2_bs,Gyorgy-KOVACS_WH_Wide_AW_5,123,5,auto_from_instance,12,18,4,30,216,,,,,34,11,8,root > V:16 > BH:26 > BH:5 > BH:14 > BH:25 > BH:36 > BH:45 > BV:25,selected,0,inf,True,517,238,279,368.0,1.0,1.0,True,True,1,1,0,True,1,1,0,0,True,True,0,12,7,12,7,11,LS_RP,sampled_pool,,,False,0.3333333333333333,0.28201134606010736,0.6666666666666667,0.1,adaptive,bit_flip,offspring,feasible_start_adaptive_spacing,,,,feasible_start_adaptive_spacing,0.5,,True,auto_from_instance,0.75,0.35,"5,7,14,16,17,25,26,31,36,37,45,47","6,16,17,19,21,24,25",,,,,,"H[5,7,14,16,17,25,26,31,36,37,45,47]|V[6,16,17,19,21,24,25]",6fcfc694894a367ef71d338faec4ce589ca685b5
proposed_nsga2_bs_Gyorgy-KOVACS_WH_Wide_AW_5_seed_123,proposed_nsga2_bs,Gyorgy-KOVACS_WH_Wide_AW_5,123,5,auto_from_instance,12,18,4,30,216,,,,,35,11,8,root > V:16 > BH:26 > BH:5 > BH:14 > BH:25 > BH:36 > BH:45 > BV:29,evaluated,2,inf,False,517,225,292,586.0,1.0,1.0,True,True,1,1,0,True,1,1,0,0,True,True,0,12,8,12,8,11,LS_RP,sampled_pool,,,False,0.3333333333333333,0.28201134606010736,0.6666666666666667,0.1,adaptive,bit_flip,offspring,feasible_start_adaptive_spacing,,,,feasible_start_adaptive_spacing,0.5,,True,auto_from_instance,0.75,0.35,"5,7,14,16,17,25,26,31,36,37,45,47","6,16,17,19,21,24,25",,,,,,"H[5,7,14,16,17,25,26,31,36,37,45,47]|V[6,16,17,19,21,24,25,29]",7e0f4d1a90907f684b7d565e90c4ddb6c1ba7c58
proposed_nsga2_bs_Gyorgy-KOVACS_WH_Wide_AW_5_seed_123,proposed_nsga2_bs,Gyorgy-KOVACS_WH_Wide_AW_5,123,5,auto_from_instance,12,18,4,30,216,,,,,36,12,8,root > V:15 > BH:26 > BH:7 > BH:16 > BH:25 > BH:36 > BH:45 > BV:24,selected,1,inf,True,497,247,250,567.0,1.0,1.0,True,True,1,1,0,True,1,1,0,0,True,True,0,12,6,12,6,12,PF_LS,sampled_pool,,,False,0.3333333333333333,0.37302984554253493,0.6666666666666667,0.1,adaptive,remove_random_aisle,offspring,feasible_start_adaptive_spacing,,,,feasible_start_adaptive_spacing,0.5,,True,auto_from_instance,0.75,0.35,"5,7,14,16,17,25,26,37,45,47,51","0,15,21,24,25,27",,,,,,"H[5,7,14,16,17,25,26,36,37,45,47,51]|V[0,15,21,24,25,27]",bad25caaf4e753481b1b798360caa6634ad939f7
proposed_nsga2_bs_Gyorgy-KOVACS_WH_Wide_AW_5_seed_123,proposed_nsga2_bs,Gyorgy-KOVACS_WH_Wide_AW_5,123,6,auto_from_instance,12,18,4,30,216,,,,,1,1,6,root > V:21 > BH:26 > BH:5 > BH:16 > BH:29 > BH:42,evaluated,5,inf,False,692,165,527,1197.0,1.0,1.0,True,True,1,1,0,True,1,1,0,0,True,True,0,16,7,16,7,1,RP_LS,sampled_pool,,,False,0.3888888888888889,0.3850746259676683,0.6111111111111112,0.1,adaptive,break_symmetry,offspring,feasible_start_adaptive_spacing,,,,feasible_start_adaptive_spacing,0.5,,True,auto_from_instance,0.75,0.35,"5,7,14,16,17,25,26,28,36,37,45,47,48,51","0,6,15,21,24,25,27",,,,,,"H[5,7,14,16,17,25,26,28,29,36,37,42,45,47,48,51]|V[0,6,15,21,24,25,27]",3e80fff572b45638d4c993741f9187431fecc243
proposed_nsga2_bs_Gyorgy-KOVACS_WH_Wide_AW_5_seed_123,proposed_nsga2_bs,Gyorgy-KOVACS_WH_Wide_AW_5,123,6,auto_from_instance,12,18,4,30,216,,,,,2,1,6,root > V:21 > BH:26 > BH:5 > BH:16 > BH:27 > BH:40,evaluated,5,inf,False,692,168,524,1255.0,1.0,1.0,True,True,1,1,0,True,1,1,0,0,True,True,0,16,7,16,7,1,RP_LS,sampled_pool,,,False,0.3888888888888889,0.3850746259676683,0.6111111111111112,0.1,adaptive,break_symmetry,offspring,feasible_start_adaptive_spacing,,,,feasible_start_adaptive_spacing,0.5,,True,auto_from_instance,0.75,0.35,"5,7,14,16,17,25,26,28,36,37,45,47,48,51","0,6,15,21,24,25,27",,,,,,"H[5,7,14,16,17,25,26,27,28,36,37,40,45,47,48,51]|V[0,6,15,21,24,25,27]",c29204a760792de9b5fff7fd1f22463071b8fe3a
proposed_nsga2_bs_Gyorgy-KOVACS_WH_Wide_AW_5_seed_123,proposed_nsga2_bs,Gyorgy-KOVACS_WH_Wide_AW_5,123,6,auto_from_instance,12,18,4,30,216,,,,,3,1,6,root > V:21 > BH:26 > BH:5 > BH:16 > BH:29 > BH:40,evaluated,6,inf,False,692,167,525,1255.0,1.0,1.0,True,True,1,1,0,True,1,1,0,0,True,True,0,16,7,16,7,1,RP_LS,sampled_pool,,,False,0.3888888888888889,0.3850746259676683,0.6111111111111112,0.1,adaptive,break_symmetry,offspring,feasible_start_adaptive_spacing,,,,feasible_start_adaptive_spacing,0.5,,True,auto_from_instance,0.75,0.35,"5,7,14,16,17,25,26,28,36,37,45,47,48,51","0,6,15,21,24,25,27",,,,,,"H[5,7,14,16,17,25,26,28,29,36,37,40,45,47,48,51]|V[0,6,15,21,24,25,27]",4438a07913bba44771acc09fec1861ea8b6e3d46
proposed_nsga2_bs_Gyorgy-KOVACS_WH_Wide_AW_5_seed_123,proposed_nsga2_bs,Gyorgy-KOVACS_WH_Wide_AW_5,123,6,auto_from_instance,12,18,4,30,216,,,,,4,1,6,root > V:21 > BH:26 > BH:5 > BH:14 > BH:27 > BH:40,evaluated,6,inf,False,692,168,524,1271.0,1.0,1.0,True,True,1,1,0,True,1,1,0,0,True,True,0,16,7,16,7,1,RP_LS,sampled_pool,,,False,0.3888888888888889,0.3850746259676683,0.6111111111111112,0.1,adaptive,break_symmetry,offspring,feasible_start_adaptive_spacing,,,,feasible_start_adaptive_spacing,0.5,,True,auto_from_instance,0.75,0.35,"5,7,14,16,17,25,26,28,36,37,45,47,48,51","0,6,15,21,24,25,27",,,,,,"H[5,7,14,16,17,25,26,27,28,36,37,40,45,47,48,51]|V[0,6,15,21,24,25,27]",d6f556ce4388bf7e47d115315ffef16b2112220e
proposed_nsga2_bs_Gyorgy-KOVACS_WH_Wide_AW_5_seed_123,proposed_nsga2_bs,Gyorgy-KOVACS_WH_Wide_AW_5,123,6,auto_from_instance,12,18,4,30,216,,,,,5,1,6,root > V:21 > BH:26 > BH:47 > BH:35 > BH:23 > BH:11,evaluated,7,inf,False,692,164,528,1293.0,1.0,1.0,True,True,1,1,0,True,1,1,0,0,True,True,0,17,7,17,7,1,RP_LS,sampled_pool,,,False,0.3888888888888889,0.3850746259676683,0.6111111111111112,0.1,adaptive,break_symmetry,offspring,feasible_start_adaptive_spacing,,,,feasible_start_adaptive_spacing,0.5,,True,auto_from_instance,0.75,0.35,"5,7,14,16,17,25,26,28,36,37,45,47,48,51","0,6,15,21,24,25,27",,,,,,"H[5,7,11,14,16,17,23,25,26,28,35,36,37,45,47,48,51]|V[0,6,15,21,24,25,27]",aefb6def61337c0811fe5b11c3859df6b4d263cc
proposed_nsga2_bs_Gyorgy-KOVACS_WH_Wide_AW_5_seed_123,proposed_nsga2_bs,Gyorgy-KOVACS_WH_Wide_AW_5,123,6,auto_from_instance,12,18,4,30,216,,,,,6,3,8,root > V:15 > BH:26 > BH:7 > BH:16 > BH:25 > BH:36 > BH:45 > BV:24,selected,1,inf,True,497,247,250,567.0,1.0,1.0,True,True,1,1,0,True,1,1,0,0,True,True,0,14,9,14,9,3,PF,sampled_pool,,,False,0.3888888888888889,0.3994819044909192,0.6111111111111112,0.1,adaptive,remove_random_aisle,offspring,feasible_start_adaptive_spacing,,,,feasible_start_adaptive_spacing,0.5,,True,auto_from_instance,0.75,0.35,"5,7,14,16,17,25,26,27,36,37,45,47,49,51","0,6,15,17,19,21,24,25,29",,,,,,"H[5,7,14,16,17,25,26,27,36,37,45,47,49,51]|V[0,6,15,17,19,21,24,25,29]",bad25caaf4e753481b1b798360caa6634ad939f7
proposed_nsga2_bs_Gyorgy-KOVACS_WH_Wide_AW_5_seed_123,proposed_nsga2_bs,Gyorgy-KOVACS_WH_Wide_AW_5,123,6,auto_from_instance,12,18,4,30,216,,,,,7,3,8,root > V:15 > BH:26 > BH:5 > BH:16 > BH:25 > BH:36 > BH:45 > BV:24,selected,0,inf,True,497,247,250,385.0,1.0,1.0,True,True,1,1,0,True,1,1,0,0,True,True,0,14,9,14,9,3,PF,sampled_pool,,,False,0.3888888888888889,0.3994819044909192,0.6111111111111112,0.1,adaptive,remove_random_aisle,offspring,feasible_start_adaptive_spacing,,,,feasible_start_adaptive_spacing,0.5,,True,auto_from_instance,0.75,0.35,"5,7,14,16,17,25,26,27,36,37,45,47,49,51","0,6,15,17,19,21,24,25,29",,,,,,"H[5,7,14,16,17,25,26,27,36,37,45,47,49,51]|V[0,6,15,17,19,21,24,25,29]",416c9c0e4f9e06143d78fee04cbc7a8d1c4800ad
proposed_nsga2_bs_Gyorgy-KOVACS_WH_Wide_AW_5_seed_123,proposed_nsga2_bs,Gyorgy-KOVACS_WH_Wide_AW_5,123,6,auto_from_instance,12,18,4,30,216,,,,,8,4,8,root > V:15 > BH:26 > BH:5 > BH:16 > BH:27 > BH:36 > BH:45 > BV:24,selected,0,inf,True,497,247,250,385.0,1.0,1.0,True,True,1,1,0,True,1,1,0,0,True,True,0,16,9,16,9,4,PF_SS_RP,sampled_pool,,,True,0.3888888888888889,0.4311456972347969,0.6111111111111112,0.1,adaptive,insert_random_aisle,offspring,feasible_start_adaptive_spacing,,,,feasible_start_adaptive_spacing,0.5,,True,auto_from_instance,0.75,0.35,"5,6,7,14,16,17,23,25,26,31,36,37,45,47,48","2,11,15,17,19,21,24,25,27",,,,,,"H[5,6,7,14,16,17,23,25,26,27,31,36,37,45,47,48]|V[2,11,15,17,19,21,24,25,27]",9367037dc0304e9a893380cb68f03b46b0c6f55b
proposed_nsga2_bs_Gyorgy-KOVACS_WH_Wide_AW_5_seed_123,proposed_nsga2_bs,Gyorgy-KOVACS_WH_Wide_AW_5,123,6,auto_from_instance,12,18,4,30,216,,,,,9,6,8,root > V:18 > BH:26 > BH:5 > BH:16 > BH:25 > BH:36 > BH:45 > BV:29,selected,1,inf,True,557,213,344,441.0,1.0,1.0,True,True,1,1,0,True,1,1,0,0,True,True,0,14,9,14,9,6,LS_RP,sampled_pool,,,False,0.3888888888888889,0.34629074237467083,0.6111111111111112,0.1,adaptive,swap_segments,offspring,feasible_start_adaptive_spacing,,,,feasible_start_adaptive_spacing,0.5,,True,auto_from_instance,0.75,0.35,"5,6,7,14,16,17,25,26,31,36,37,45,47,49","14,18,24,26,28,30,32,33",,,,,,"H[5,6,7,14,16,17,25,26,31,36,37,45,47,49]|V[14,18,24,26,28,29,30,32,33]",71364ffd26b39e09575fe06f8735f14e38505286
proposed_nsga2_bs_Gyorgy-KOVACS_WH_Wide_AW_5_seed_123,proposed_nsga2_bs,Gyorgy-KOVACS_WH_Wide_AW_5,123,6,auto_from_instance,12,18,4,30,216,,,,,10,6,8,root > V:18 > BH:26 > BH:5 > BH:14 > BH:25 > BH:36 > BH:45 > BV:29,selected,1,inf,True,557,213,344,441.0,1.0,1.0,True,True,1,1,0,True,1,1,0,0,True,True,0,14,9,14,9,6,LS_RP,sampled_pool,,,False,0.3888888888888889,0.34629074237467083,0.6111111111111112,0.1,adaptive,swap_segments,offspring,feasible_start_adaptive_spacing,,,,feasible_start_adaptive_spacing,0.5,,True,auto_from_instance,0.75,0.35,"5,6,7,14,16,17,25,26,31,36,37,45,47,49","14,18,24,26,28,30,32,33",,,,,,"H[5,6,7,14,16,17,25,26,31,36,37,45,47,49]|V[14,18,24,26,28,29,30,32,33]",adb10b87ca2484934e3d25903be5b527b7a6f960
proposed_nsga2_bs_Gyorgy-KOVACS_WH_Wide_AW_5_seed_123,proposed_nsga2_bs,Gyorgy-KOVACS_WH_Wide_AW_5,123,6,auto_from_instance,12,18,4,30,216,,,,,11,8,8,root > V:16 > BH:26 > BH:5 > BH:16 > BH:25 > BH:36 > BH:45 > BV:25,selected,0,inf,True,517,238,279,368.0,1.0,1.0,True,True,1,1,0,True,1,1,0,0,True,True,0,13,7,13,7,8,PF_LS_RP,sampled_pool,,,False,0.3888888888888889,0.477809279638102,0.6111111111111112,0.1,adaptive,insert_random_aisle,offspring,feasible_start_adaptive_spacing,,,,feasible_start_adaptive_spacing,0.5,,True,auto_from_instance,0.75,0.35,"5,7,14,16,17,24,25,26,27,36,37,45,47","6,16,17,19,21,24,25",,,,,,"H[5,7,14,16,17,24,25,26,27,36,37,45,47]|V[6,16,17,19,21,24,25]",559a078c3ea143504613077c561cb3124d66b767
proposed_nsga2_bs_Gyorgy-KOVACS_WH_Wide_AW_5_seed_123,proposed_nsga2_bs,Gyorgy-KOVACS_WH_Wide_AW_5,123,6,auto_from_instance,12,18,4,30,216,,,,,12,8,8,root > V:16 > BH:26 > BH:5 > BH:14 > BH:25 > BH:36 > BH:45 > BV:25,selected,0,0.0,True,517,238,279,368.0,1.0,1.0,True,True,1,1,0,True,1,1,0,0,True,True,0,13,7,13,7,8,PF_LS_RP,sampled_pool,,,False,0.3888888888888889,0.477809279638102,0.6111111111111112,0.1,adaptive,insert_random_aisle,offspring,feasible_start_adaptive_spacing,,,,feasible_start_adaptive_spacing,0.5,,True,auto_from_instance,0.75,0.35,"5,7,14,16,17,24,25,26,27,36,37,45,47","6,16,17,19,21,24,25",,,,,,"H[5,7,14,16,17,24,25,26,27,36,37,45,47]|V[6,16,17,19,21,24,25]",6fcfc694894a367ef71d338faec4ce589ca685b5
proposed_nsga2_bs_Gyorgy-KOVACS_WH_Wide_AW_5_seed_123,proposed_nsga2_bs,Gyorgy-KOVACS_WH_Wide_AW_5,123,6,auto_from_instance,12,18,4,30,216,,,,,13,8,8,root > V:16 > BH:26 > BH:5 > BH:16 > BH:25 > BH:36 > BH:45 > BV:29,selected,2,inf,True,517,225,292,586.0,1.0,1.0,True,True,1,1,0,True,1,1,0,0,True,True,0,13,8,13,8,8,PF_LS_RP,sampled_pool,,,False,0.3888888888888889,0.477809279638102,0.6111111111111112,0.1,adaptive,insert_random_aisle,offspring,feasible_start_adaptive_spacing,,,,feasible_start_adaptive_spacing,0.5,,True,auto_from_instance,0.75,0.35,"5,7,14,16,17,24,25,26,27,36,37,45,47","6,16,17,19,21,24,25",,,,,,"H[5,7,14,16,17,24,25,26,27,36,37,45,47]|V[6,16,17,19,21,24,25,29]",13a8831f3352523fe53b9477eb693b985fdfc37c
proposed_nsga2_bs_Gyorgy-KOVACS_WH_Wide_AW_5_seed_123,proposed_nsga2_bs,Gyorgy-KOVACS_WH_Wide_AW_5,123,6,auto_from_instance,12,18,4,30,216,,,,,14,8,8,root > V:16 > BH:26 > BH:5 > BH:14 > BH:25 > BH:36 > BH:45 > BV:29,evaluated,2,0.0,False,517,225,292,586.0,1.0,1.0,True,True,1,1,0,True,1,1,0,0,True,True,0,13,8,13,8,8,PF_LS_RP,sampled_pool,,,False,0.3888888888888889,0.477809279638102,0.6111111111111112,0.1,adaptive,insert_random_aisle,offspring,feasible_start_adaptive_spacing,,,,feasible_start_adaptive_spacing,0.5,,True,auto_from_instance,0.75,0.35,"5,7,14,16,17,24,25,26,27,36,37,45,47","6,16,17,19,21,24,25",,,,,,"H[5,7,14,16,17,24,25,26,27,36,37,45,47]|V[6,16,17,19,21,24,25,29]",7e0f4d1a90907f684b7d565e90c4ddb6c1ba7c58
proposed_nsga2_bs_Gyorgy-KOVACS_WH_Wide_AW_5_seed_123,proposed_nsga2_bs,Gyorgy-KOVACS_WH_Wide_AW_5,123,6,auto_from_instance,12,18,4,30,216,,,,,15,9,8,root > V:16 > BH:26 > BH:5 > BH:16 > BH:27 > BH:36 > BH:45 > BV:25,selected,0,inf,True,517,238,279,368.0,1.0,1.0,True,True,1,1,0,True,1,1,0,0,True,True,0,14,7,14,7,9,LS_RP,sampled_pool,,,False,0.3888888888888889,0.4236003141022905,0.6111111111111112,0.1,adaptive,break_symmetry,offspring,feasible_start_adaptive_spacing,,,,feasible_start_adaptive_spacing,0.5,,True,auto_from_instance,0.75,0.35,"5,7,14,16,17,25,26,32,36,37,45,47,51","0,14,16,17,23,25,27",,,,,,"H[5,7,14,16,17,25,26,27,32,36,37,45,47,51]|V[0,14,16,17,23,25,27]",015ee1c8318bbe65f9d75b3878c91b9d7be2a076
proposed_nsga2_bs_Gyorgy-KOVACS_WH_Wide_AW_5_seed_123,proposed_nsga2_bs,Gyorgy-KOVACS_WH_Wide_AW_5,123,6,auto_from_instance,12,18,4,30,216,,,,,16,9,8,root > V:16 > BH:26 > BH:5 > BH:16 > BH:27 > BH:36 > BH:45 > BV:29,selected,2,inf,True,517,225,292,586.0,1.0,1.0,True,True,1,1,0,True,1,1,0,0,True,True,0,14,8,14,8,9,LS_RP,sampled_pool,,,False,0.3888888888888889,0.4236003141022905,0.6111111111111112,0.1,adaptive,break_symmetry,offspring,feasible_start_adaptive_spacing,,,,feasible_start_adaptive_spacing,0.5,,True,auto_from_instance,0.75,0.35,"5,7,14,16,17,25,26,32,36,37,45,47,51","0,14,16,17,23,25,27",,,,,,"H[5,7,14,16,17,25,26,27,32,36,37,45,47,51]|V[0,14,16,17,23,25,27,29]",ed71c8d546062d956359fd31a02e14699e745412
proposed_nsga2_bs_Gyorgy-KOVACS_WH_Wide_AW_5_seed_123,proposed_nsga2_bs,Gyorgy-KOVACS_WH_Wide_AW_5,123,6,auto_from_instance,12,18,4,30,216,,,,,17,12,7,root > V:17 > BH:26 > BH:5 > BH:16 > BH:25 > BH:36 > BH:47,selected,1,1.3963585434173669,True,572,220,352,507.0,1.0,1.0,True,True,1,1,0,True,1,1,0,0,True,True,0,16,6,16,6,12,PF_SS_RP,sampled_pool,,,True,0.3888888888888889,0.4575507883992542,0.6111111111111112,0.1,adaptive,remove_random_aisle,offspring,feasible_start_adaptive_spacing,,,,feasible_start_adaptive_spacing,0.5,,True,auto_from_instance,0.75,0.35,"5,7,13,14,16,17,23,26,27,32,36,37,45,47,49","17,19,21,24,25,33",,,,,,"H[5,7,13,14,16,17,23,25,26,27,32,36,37,45,47,49]|V[17,19,21,24,25,33]",173dd91401b4b71d9f20edd9e83506be465b9528
proposed_nsga2_bs_Gyorgy-KOVACS_WH_Wide_AW_5_seed_123,proposed_nsga2_bs,Gyorgy-KOVACS_WH_Wide_AW_5,123,6,auto_from_instance,12,18,4,30,216,,,,,18,12,7,root > V:17 > BH:26 > BH:5 > BH:14 > BH:25 > BH:36 > BH:47,selected,1,inf,True,572,220,352,507.0,1.0,1.0,True,True,1,1,0,True,1,1,0,0,True,True,0,16,6,16,6,12,PF_SS_RP,sampled_pool,,,True,0.3888888888888889,0.4575507883992542,0.6111111111111112,0.1,adaptive,remove_random_aisle,offspring,feasible_start_adaptive_spacing,,,,feasible_start_adaptive_spacing,0.5,,True,auto_from_instance,0.75,0.35,"5,7,13,14,16,17,23,26,27,32,36,37,45,47,49","17,19,21,24,25,33",,,,,,"H[5,7,13,14,16,17,23,25,26,27,32,36,37,45,47,49]|V[17,19,21,24,25,33]",e59e5dd5e1537a2d164e028d12bd66f538f0cb70
proposed_nsga2_bs_Gyorgy-KOVACS_WH_Wide_AW_5_seed_123,proposed_nsga2_bs,Gyorgy-KOVACS_WH_Wide_AW_5,123,6,auto_from_instance,12,18,4,30,216,,,,,19,12,7,root > V:17 > BH:26 > BH:7 > BH:16 > BH:25 > BH:36 > BH:47,evaluated,3,inf,False,572,220,352,663.0,1.0,1.0,True,True,1,1,0,True,1,1,0,0,True,True,0,16,6,16,6,12,PF_SS_RP,sampled_pool,,,True,0.3888888888888889,0.4575507883992542,0.6111111111111112,0.1,adaptive,remove_random_aisle,offspring,feasible_start_adaptive_spacing,,,,feasible_start_adaptive_spacing,0.5,,True,auto_from_instance,0.75,0.35,"5,7,13,14,16,17,23,26,27,32,36,37,45,47,49","17,19,21,24,25,33",,,,,,"H[5,7,13,14,16,17,23,25,26,27,32,36,37,45,47,49]|V[17,19,21,24,25,33]",61426df39d9f05da4c561d5073d32a1cf777516d
proposed_nsga2_bs_Gyorgy-KOVACS_WH_Wide_AW_5_seed_123,proposed_nsga2_bs,Gyorgy-KOVACS_WH_Wide_AW_5,123,6,auto_from_instance,12,18,4,30,216,,,,,20,12,7,root > V:17 > BH:26 > BH:5 > BH:16 > BH:25 > BH:36 > BH:45,evaluated,4,inf,False,572,220,352,711.0,1.0,1.0,True,True,1,1,0,True,1,1,0,0,True,True,0,16,6,16,6,12,PF_SS_RP,sampled_pool,,,True,0.3888888888888889,0.4575507883992542,0.6111111111111112,0.1,adaptive,remove_random_aisle,offspring,feasible_start_adaptive_spacing,,,,feasible_start_adaptive_spacing,0.5,,True,auto_from_instance,0.75,0.35,"5,7,13,14,16,17,23,26,27,32,36,37,45,47,49","17,19,21,24,25,33",,,,,,"H[5,7,13,14,16,17,23,25,26,27,32,36,37,45,47,49]|V[17,19,21,24,25,33]",854ec9b997ec508dda6ea9e399147d7a4b626ba8
proposed_nsga2_bs_Gyorgy-KOVACS_WH_Wide_AW_5_seed_123,proposed_nsga2_bs,Gyorgy-KOVACS_WH_Wide_AW_5,123,6,auto_from_instance,12,18,4,30,216,,,,,21,12,7,root > V:17 > BH:26 > BH:5 > BH:14 > BH:25 > BH:36 > BH:45,evaluated,4,inf,False,572,220,352,711.0,1.0,1.0,True,True,1,1,0,True,1,1,0,0,True,True,0,16,6,16,6,12,PF_SS_RP,sampled_pool,,,True,0.3888888888888889,0.4575507883992542,0.6111111111111112,0.1,adaptive,remove_random_aisle,offspring,feasible_start_adaptive_spacing,,,,feasible_start_adaptive_spacing,0.5,,True,auto_from_instance,0.75,0.35,"5,7,13,14,16,17,23,26,27,32,36,37,45,47,49","17,19,21,24,25,33",,,,,,"H[5,7,13,14,16,17,23,25,26,27,32,36,37,45,47,49]|V[17,19,21,24,25,33]",ef95c5265d039c602cc7246bb99c122e90a60068
proposed_nsga2_bs_Gyorgy-KOVACS_WH_Wide_AW_5_seed_123,proposed_nsga2_bs,Gyorgy-KOVACS_WH_Wide_AW_5,123,7,auto_from_instance,12,18,4,30,216,,,,,1,1,8,root > V:16 > BH:26 > BH:5 > BH:16 > BH:27 > BH:36 > BH:45 > BV:25,selected,0,inf,True,517,238,279,368.0,1.0,1.0,True,True,1,1,0,True,1,1,0,0,True,True,0,15,8,15,8,1,PF_SS_RP,sampled_pool,,,True,0.4444444444444444,0.48458503742210257,0.5555555555555556,0.1,adaptive,break_symmetry,offspring,feasible_start_adaptive_spacing,,,,feasible_start_adaptive_spacing,0.5,,True,auto_from_instance,0.75,0.35,"5,6,7,14,16,17,25,26,27,31,36,38,45,47,48","2,16,17,19,21,24,25,27",,,,,,"H[5,6,7,14,16,17,25,26,27,31,36,38,45,47,48]|V[2,16,17,19,21,24,25,27]",015ee1c8318bbe65f9d75b3878c91b9d7be2a076
proposed_nsga2_bs_Gyorgy-KOVACS_WH_Wide_AW_5_seed_123,proposed_nsga2_bs,Gyorgy-KOVACS_WH_Wide_AW_5,123,7,auto_from_instance,12,18,4,30,216,,,,,2,1,8,root > V:16 > BH:26 > BH:5 > BH:16 > BH:25 > BH:36 > BH:45 > BV:25,selected,0,0.0,True,517,238,279,368.0,1.0,1.0,True,True,1,1,0,True,1,1,0,0,True,True,0,15,8,15,8,1,PF_SS_RP,sampled_pool,,,True,0.4444444444444444,0.48458503742210257,0.5555555555555556,0.1,adaptive,break_symmetry,offspring,feasible_start_adaptive_spacing,,,,feasible_start_adaptive_spacing,0.5,,True,auto_from_instance,0.75,0.35,"5,6,7,14,16,17,25,26,27,31,36,38,45,47,48","2,16,17,19,21,24,25,27",,,,,,"H[5,6,7,14,16,17,25,26,27,31,36,38,45,47,48]|V[2,16,17,19,21,24,25,27]",559a078c3ea143504613077c561cb3124d66b767
proposed_nsga2_bs_Gyorgy-KOVACS_WH_Wide_AW_5_seed_123,proposed_nsga2_bs,Gyorgy-KOVACS_WH_Wide_AW_5,123,7,auto_from_instance,12,18,4,30,216,,,,,3,1,8,root > V:16 > BH:26 > BH:5 > BH:16 > BH:27 > BH:36 > BH:45 > BV:29,selected,3,inf,True,517,225,292,586.0,1.0,1.0,True,True,1,1,0,True,1,1,0,0,True,True,0,15,9,15,9,1,PF_SS_RP,sampled_pool,,,True,0.4444444444444444,0.48458503742210257,0.5555555555555556,0.1,adaptive,break_symmetry,offspring,feasible_start_adaptive_spacing,,,,feasible_start_adaptive_spacing,0.5,,True,auto_from_instance,0.75,0.35,"5,6,7,14,16,17,25,26,27,31,36,38,45,47,48","2,16,17,19,21,24,25,27",,,,,,"H[5,6,7,14,16,17,25,26,27,31,36,38,45,47,48]|V[2,16,17,19,21,24,25,27,29]",ed71c8d546062d956359fd31a02e14699e745412
proposed_nsga2_bs_Gyorgy-KOVACS_WH_Wide_AW_5_seed_123,proposed_nsga2_bs,Gyorgy-KOVACS_WH_Wide_AW_5,123,7,auto_from_instance,12,18,4,30,216,,,,,4,1,8,root > V:16 > BH:26 > BH:5 > BH:16 > BH:25 > BH:36 > BH:45 > BV:29,evaluated,3,0.0,False,517,225,292,586.0,1.0,1.0,True,True,1,1,0,True,1,1,0,0,True,True,0,15,9,15,9,1,PF_SS_RP,sampled_pool,,,True,0.4444444444444444,0.48458503742210257,0.5555555555555556,0.1,adaptive,break_symmetry,offspring,feasible_start_adaptive_spacing,,,,feasible_start_adaptive_spacing,0.5,,True,auto_from_instance,0.75,0.35,"5,6,7,14,16,17,25,26,27,31,36,38,45,47,48","2,16,17,19,21,24,25,27",,,,,,"H[5,6,7,14,16,17,25,26,27,31,36,38,45,47,48]|V[2,16,17,19,21,24,25,27,29]",13a8831f3352523fe53b9477eb693b985fdfc37c
proposed_nsga2_bs_Gyorgy-KOVACS_WH_Wide_AW_5_seed_123,proposed_nsga2_bs,Gyorgy-KOVACS_WH_Wide_AW_5,123,7,auto_from_instance,12,18,4,30,216,,,,,5,2,8,root > V:15 > BH:26 > BH:5 > BH:16 > BH:25 > BH:36 > BH:45 > BV:24,selected,0,inf,True,497,247,250,385.0,1.0,1.0,True,True,1,1,0,True,1,1,0,0,True,True,0,15,8,15,8,2,LS_RP,sampled_pool,,,False,0.4444444444444444,0.47053205246206015,0.5555555555555556,0.1,adaptive,break_symmetry,offspring,feasible_start_adaptive_spacing,,,,feasible_start_adaptive_spacing,0.5,,True,auto_from_instance,0.75,0.35,"4,7,14,16,17,23,24,25,26,27,36,37,45,47","6,11,15,17,19,21,24,25",,,,,,"H[4,5,7,14,16,17,23,24,25,26,27,36,37,45,47]|V[6,11,15,17,19,21,24,25]",416c9c0e4f9e06143d78fee04cbc7a8d1c4800ad
proposed_nsga2_bs_Gyorgy-KOVACS_WH_Wide_AW_5_seed_123,proposed_nsga2_bs,Gyorgy-KOVACS_WH_Wide_AW_5,123,7,auto_from_instance,12,18,4,30,216,,,,,6,2,8,root > V:15 > BH:26 > BH:5 > BH:14 > BH:25 > BH:36 > BH:45 > BV:24,selected,0,0.0,True,497,247,250,385.0,1.0,1.0,True,True,1,1,0,True,1,1,0,0,True,True,0,15,8,15,8,2,LS_RP,sampled_pool,,,False,0.4444444444444444,0.47053205246206015,0.5555555555555556,0.1,adaptive,break_symmetry,offspring,feasible_start_adaptive_spacing,,,,feasible_start_adaptive_spacing,0.5,,True,auto_from_instance,0.75,0.35,"4,7,14,16,17,23,24,25,26,27,36,37,45,47","6,11,15,17,19,21,24,25",,,,,,"H[4,5,7,14,16,17,23,24,25,26,27,36,37,45,47]|V[6,11,15,17,19,21,24,25]",4f5b467192e7c6ce4bc3fd69bf3ce13c31bd8ba0
proposed_nsga2_bs_Gyorgy-KOVACS_WH_Wide_AW_5_seed_123,proposed_nsga2_bs,Gyorgy-KOVACS_WH_Wide_AW_5,123,7,auto_from_instance,12,18,4,30,216,,,,,7,3,8,root > V:16 > BH:26 > BH:5 > BH:14 > BH:25 > BH:36 > BH:45 > BV:25,selected,0,inf,True,517,238,279,368.0,1.0,1.0,True,True,1,1,0,True,1,1,0,0,True,True,0,12,11,12,11,3,PF_LS_RP,sampled_pool,,,False,0.4444444444444444,0.47991643023697816,0.5555555555555556,0.1,adaptive,break_symmetry,offspring,feasible_start_adaptive_spacing,,,,feasible_start_adaptive_spacing,0.5,,True,auto_from_instance,0.75,0.35,"5,6,7,14,16,17,25,26,36,37,45,47","6,16,17,19,21,24,25,29,30,32,34",,,,,,"H[5,6,7,14,16,17,25,26,36,37,45,47]|V[6,16,17,19,21,24,25,29,30,32,34]",6fcfc694894a367ef71d338faec4ce589ca685b5
proposed_nsga2_bs_Gyorgy-KOVACS_WH_Wide_AW_5_seed_123,proposed_nsga2_bs,Gyorgy-KOVACS_WH_Wide_AW_5,123,7,auto_from_instance,12,18,4,30,216,,,,,8,3,8,root > V:16 > BH:26 > BH:5 > BH:14 > BH:25 > BH:36 > BH:45 > BV:29,selected,3,inf,True,517,225,292,586.0,1.0,1.0,True,True,1,1,0,True,1,1,0,0,True,True,0,12,11,12,11,3,PF_LS_RP,sampled_pool,,,False,0.4444444444444444,0.47991643023697816,0.5555555555555556,0.1,adaptive,break_symmetry,offspring,feasible_start_adaptive_spacing,,,,feasible_start_adaptive_spacing,0.5,,True,auto_from_instance,0.75,0.35,"5,6,7,14,16,17,25,26,36,37,45,47","6,16,17,19,21,24,25,29,30,32,34",,,,,,"H[5,6,7,14,16,17,25,26,36,37,45,47]|V[6,16,17,19,21,24,25,29,30,32,34]",7e0f4d1a90907f684b7d565e90c4ddb6c1ba7c58
proposed_nsga2_bs_Gyorgy-KOVACS_WH_Wide_AW_5_seed_123,proposed_nsga2_bs,Gyorgy-KOVACS_WH_Wide_AW_5,123,7,auto_from_instance,12,18,4,30,216,,,,,9,4,8,root > V:18 > BH:26 > BH:7 > BH:16 > BH:25 > BH:36 > BH:45 > BV:29,evaluated,3,inf,False,557,213,344,584.0,1.0,1.0,True,True,1,1,0,True,1,1,0,0,True,True,0,16,6,16,6,4,LS,sampled_pool,,,False,0.4444444444444444,0.45660450184215656,0.5555555555555556,0.1,adaptive,bit_flip,offspring,feasible_start_adaptive_spacing,,,,feasible_start_adaptive_spacing,0.5,,True,auto_from_instance,0.75,0.35,"5,7,14,16,17,24,25,26,27,31,36,37,39,45,47,49","14,18,24,26,28",,,,,,"H[5,7,14,16,17,24,25,26,27,31,36,37,39,45,47,49]|V[14,18,24,26,28,29]",ca6056164ee367eba08d7b33e7aaac0e0cb070b3
proposed_nsga2_bs_Gyorgy-KOVACS_WH_Wide_AW_5_seed_123,proposed_nsga2_bs,Gyorgy-KOVACS_WH_Wide_AW_5,123,7,auto_from_instance,12,18,4,30,216,,,,,10,4,8,root > V:18 > BH:26 > BH:5 > BH:16 > BH:25 > BH:36 > BH:45 > BV:29,selected,2,inf,True,557,213,344,441.0,1.0,1.0,True,True,1,1,0,True,1,1,0,0,True,True,0,16,6,16,6,4,LS,sampled_pool,,,False,0.4444444444444444,0.45660450184215656,0.5555555555555556,0.1,adaptive,bit_flip,offspring,feasible_start_adaptive_spacing,,,,feasible_start_adaptive_spacing,0.5,,True,auto_from_instance,0.75,0.35,"5,7,14,16,17,24,25,26,27,31,36,37,39,45,47,49","14,18,24,26,28",,,,,,"H[5,7,14,16,17,24,25,26,27,31,36,37,39,45,47,49]|V[14,18,24,26,28,29]",71364ffd26b39e09575fe06f8735f14e38505286
proposed_nsga2_bs_Gyorgy-KOVACS_WH_Wide_AW_5_seed_123,proposed_nsga2_bs,Gyorgy-KOVACS_WH_Wide_AW_5,123,7,auto_from_instance,12,18,4,30,216,,,,,11,5,7,root > V:21 > BH:26 > BH:5 > BH:16 > BH:27 > BH:38 > BH:47,evaluated,5,inf,False,652,180,472,763.0,1.0,1.0,True,True,1,1,0,True,1,1,0,0,True,True,0,17,9,17,9,5,SS,sampled_pool,,,True,0.4444444444444444,0.5540917147893857,0.5555555555555556,0.1,adaptive,spacing_aware_flip,offspring,feasible_start_adaptive_spacing,,,,feasible_start_adaptive_spacing,0.5,,True,auto_from_instance,0.75,0.35,"5,6,7,14,16,17,23,25,26,27,31,36,37,45,47,48","2,11,16,17,19,21,24,25,32",,,,,,"H[5,6,7,14,16,17,23,25,26,27,31,36,37,38,45,47,48]|V[2,11,16,17,19,21,24,25,32]",2f63addef0a564eaffadcb442913b04bcdb20a31
proposed_nsga2_bs_Gyorgy-KOVACS_WH_Wide_AW_5_seed_123,proposed_nsga2_bs,Gyorgy-KOVACS_WH_Wide_AW_5,123,7,auto_from_instance,12,18,4,30,216,,,,,12,6,8,root > V:15 > BH:26 > BH:5 > BH:16 > BH:27 > BH:36 > BH:45 > BV:24,selected,0,inf,True,497,247,250,385.0,1.0,1.0,True,True,1,1,0,True,1,1,0,0,True,True,0,14,8,14,8,6,LS,sampled_pool,,,False,0.4444444444444444,0.45830867380065543,0.5555555555555556,0.1,adaptive,spacing_aware_flip,offspring,feasible_start_adaptive_spacing,,,,feasible_start_adaptive_spacing,0.5,,True,auto_from_instance,0.75,0.35,"5,7,14,16,17,24,25,26,27,36,37,45,47,57","6,15,17,19,21,24,25,27",,,,,,"H[5,7,14,16,17,24,25,26,27,36,37,45,47,57]|V[6,15,17,19,21,24,25,27]",9367037dc0304e9a893380cb68f03b46b0c6f55b
proposed_nsga2_bs_Gyorgy-KOVACS_WH_Wide_AW_5_seed_123,proposed_nsga2_bs,Gyorgy-KOVACS_WH_Wide_AW_5,123,7,auto_from_instance,12,18,4,30,216,,,,,13,7,8,root > V:15 > BH:26 > BH:5 > BH:14 > BH:27 > BH:36 > BH:45 > BV:24,selected,1,inf,True,497,247,250,413.0,1.0,1.0,True,True,1,1,0,True,1,1,0,0,True,True,0,15,9,15,9,7,LS_RP,sampled_pool,,,False,0.4444444444444444,0.45106863322571816,0.5555555555555556,0.1,adaptive,swap_segments,offspring,feasible_start_adaptive_spacing,,,,feasible_start_adaptive_spacing,0.5,,True,auto_from_instance,0.75,0.35,"5,7,14,16,17,24,25,26,27,36,37,45,47,49,51","0,6,10,15,17,19,24,25,29",,,,,,"H[5,7,14,16,17,24,25,26,27,36,37,45,47,49,51]|V[0,6,10,15,17,19,24,25,29]",260175b1e980c085f6fc552a8d4b0d7305d33a59
proposed_nsga2_bs_Gyorgy-KOVACS_WH_Wide_AW_5_seed_123,proposed_nsga2_bs,Gyorgy-KOVACS_WH_Wide_AW_5,123,7,auto_from_instance,12,18,4,30,216,,,,,14,9,8,root > V:18 > BH:26 > BH:5 > BH:14 > BH:25 > BH:36 > BH:45 > BV:29,selected,2,inf,True,557,213,344,441.0,1.0,1.0,True,True,1,1,0,True,1,1,0,0,True,True,0,14,9,14,9,9,PF_SS,sampled_pool,,,True,0.4444444444444444,0.4766906030146308,0.5555555555555556,0.1,adaptive,remove_random_aisle,offspring,feasible_start_adaptive_spacing,,,,feasible_start_adaptive_spacing,0.5,,True,auto_from_instance,0.75,0.35,"5,6,7,14,16,17,25,26,31,36,37,45,47,49","14,18,21,24,25,28,29,30,32",,,,,,"H[5,6,7,14,16,17,25,26,31,36,37,45,47,49]|V[14,18,21,24,25,28,29,30,32]",adb10b87ca2484934e3d25903be5b527b7a6f960
proposed_nsga2_bs_Gyorgy-KOVACS_WH_Wide_AW_5_seed_123,proposed_nsga2_bs,Gyorgy-KOVACS_WH_Wide_AW_5,123,7,auto_from_instance,12,18,4,30,216,,,,,15,11,8,root > V:16 > BH:26 > BH:7 > BH:16 > BH:25 > BH:36 > BH:45 > BV:25,selected,2,inf,True,517,238,279,537.0,1.0,1.0,True,True,1,1,0,True,1,1,0,0,True,True,0,15,8,15,8,11,PF_LS,sampled_pool,,,False,0.4444444444444444,0.48498795337310924,0.5555555555555556,0.1,adaptive,break_symmetry,offspring,feasible_start_adaptive_spacing,,,,feasible_start_adaptive_spacing,0.5,,True,auto_from_instance,0.75,0.35,"5,7,14,16,17,23,25,26,27,32,36,37,45,47,49","16,17,19,21,24,26,33",,,,,,"H[5,7,14,16,17,23,25,26,27,32,36,37,45,47,49]|V[16,17,19,21,24,25,26,33]",5f183debb27c7a24bc0f9f82fc27ee77d3fc24d8
proposed_nsga2_bs_Gyorgy-KOVACS_WH_Wide_AW_5_seed_123,proposed_nsga2_bs,Gyorgy-KOVACS_WH_Wide_AW_5,123,7,auto_from_instance,12,18,4,30,216,,,,,16,11,8,root > V:16 > BH:26 > BH:7 > BH:16 > BH:25 > BH:36 > BH:45 > BV:29,evaluated,4,inf,False,517,225,292,755.0,1.0,1.0,True,True,1,1,0,True,1,1,0,0,True,True,0,15,8,15,8,11,PF_LS,sampled_pool,,,False,0.4444444444444444,0.48498795337310924,0.5555555555555556,0.1,adaptive,break_symmetry,offspring,feasible_start_adaptive_spacing,,,,feasible_start_adaptive_spacing,0.5,,True,auto_from_instance,0.75,0.35,"5,7,14,16,17,23,25,26,27,32,36,37,45,47,49","16,17,19,21,24,26,33",,,,,,"H[5,7,14,16,17,23,25,26,27,32,36,37,45,47,49]|V[16,17,19,21,24,26,29,33]",03af9372cf0d8e782f6e425ae89227ab68d20a8e
proposed_nsga2_bs_Gyorgy-KOVACS_WH_Wide_AW_5_seed_123,proposed_nsga2_bs,Gyorgy-KOVACS_WH_Wide_AW_5,123,7,auto_from_instance,12,18,4,30,216,,,,,17,12,7,root > V:21 > BH:26 > BH:5 > BH:16 > BH:27 > BH:36 > BH:47,evaluated,5,0.0,False,652,180,472,763.0,1.0,1.0,True,True,1,1,0,True,1,1,0,0,True,True,0,14,8,14,8,12,SS_PF_LS,sampled_pool,,,True,0.4444444444444444,0.3541985858352685,0.5555555555555556,0.1,adaptive,insert_random_aisle,offspring,feasible_start_adaptive_spacing,,,,feasible_start_adaptive_spacing,0.5,,True,auto_from_instance,0.75,0.35,"5,7,13,14,16,17,24,25,26,27,36,37,45,47","6,13,17,19,21,24,25,29",,,,,,"H[5,7,13,14,16,17,24,25,26,27,36,37,45,47]|V[6,13,17,19,21,24,25,29]",0f96e027200fa1a1c0edb07d21a5eb62a8ebadb2
proposed_nsga2_bs_Gyorgy-KOVACS_WH_Wide_AW_5_seed_123,proposed_nsga2_bs,Gyorgy-KOVACS_WH_Wide_AW_5,123,7,auto_from_instance,12,18,4,30,216,,,,,18,12,7,root > V:21 > BH:26 > BH:5 > BH:16 > BH:25 > BH:36 > BH:47,evaluated,5,0.0,False,652,180,472,763.0,1.0,1.0,True,True,1,1,0,True,1,1,0,0,True,True,0,14,8,14,8,12,SS_PF_LS,sampled_pool,,,True,0.4444444444444444,0.3541985858352685,0.5555555555555556,0.1,adaptive,insert_random_aisle,offspring,feasible_start_adaptive_spacing,,,,feasible_start_adaptive_spacing,0.5,,True,auto_from_instance,0.75,0.35,"5,7,13,14,16,17,24,25,26,27,36,37,45,47","6,13,17,19,21,24,25,29",,,,,,"H[5,7,13,14,16,17,24,25,26,27,36,37,45,47]|V[6,13,17,19,21,24,25,29]",01a90fb20467da592e93711ac8a849c3053fcfd6
proposed_nsga2_bs_Gyorgy-KOVACS_WH_Wide_AW_5_seed_123,proposed_nsga2_bs,Gyorgy-KOVACS_WH_Wide_AW_5,123,7,auto_from_instance,12,18,4,30,216,,,,,19,12,7,root > V:21 > BH:26 > BH:5 > BH:14 > BH:25 > BH:36 > BH:47,evaluated,5,inf,False,652,180,472,763.0,1.0,1.0,True,True,1,1,0,True,1,1,0,0,True,True,0,14,8,14,8,12,SS_PF_LS,sampled_pool,,,True,0.4444444444444444,0.3541985858352685,0.5555555555555556,0.1,adaptive,insert_random_aisle,offspring,feasible_start_adaptive_spacing,,,,feasible_start_adaptive_spacing,0.5,,True,auto_from_instance,0.75,0.35,"5,7,13,14,16,17,24,25,26,27,36,37,45,47","6,13,17,19,21,24,25,29",,,,,,"H[5,7,13,14,16,17,24,25,26,27,36,37,45,47]|V[6,13,17,19,21,24,25,29]",1958a387e19298fbb01706dd6afdd7339df9d6ae
proposed_nsga2_bs_Gyorgy-KOVACS_WH_Wide_AW_5_seed_123,proposed_nsga2_bs,Gyorgy-KOVACS_WH_Wide_AW_5,123,7,auto_from_instance,12,18,4,30,216,,,,,20,12,7,root > V:21 > BH:26 > BH:5 > BH:16 > BH:27 > BH:36 > BH:45,evaluated,6,inf,False,652,180,472,899.0,1.0,1.0,True,True,1,1,0,True,1,1,0,0,True,True,0,14,8,14,8,12,SS_PF_LS,sampled_pool,,,True,0.4444444444444444,0.3541985858352685,0.5555555555555556,0.1,adaptive,insert_random_aisle,offspring,feasible_start_adaptive_spacing,,,,feasible_start_adaptive_spacing,0.5,,True,auto_from_instance,0.75,0.35,"5,7,13,14,16,17,24,25,26,27,36,37,45,47","6,13,17,19,21,24,25,29",,,,,,"H[5,7,13,14,16,17,24,25,26,27,36,37,45,47]|V[6,13,17,19,21,24,25,29]",26574714fdf7ac272cc6e5906acef604fb0be3f4
proposed_nsga2_bs_Gyorgy-KOVACS_WH_Wide_AW_5_seed_123,proposed_nsga2_bs,Gyorgy-KOVACS_WH_Wide_AW_5,123,8,auto_from_instance,12,18,4,30,216,,,,,1,1,7,root > V:21 > BH:26 > BH:5 > BH:16 > BH:27 > BH:38 > BH:47,evaluated,4,inf,False,652,180,472,763.0,1.0,1.0,True,True,1,1,0,True,1,1,0,0,True,True,0,15,8,15,8,1,SS_LS_PF,sampled_pool,,,True,0.5,0.4808035902230157,0.5,0.1,adaptive,swap_segments,offspring,feasible_start_adaptive_spacing,,,,feasible_start_adaptive_spacing,0.5,,True,auto_from_instance,0.75,0.35,"5,6,7,9,11,14,16,17,25,26,27,31,36,38","6,11,15,17,19,21,24,25",,,,,,"H[5,6,7,9,11,14,16,17,25,26,27,31,36,38,47]|V[6,11,15,17,19,21,24,25]",2f63addef0a564eaffadcb442913b04bcdb20a31
proposed_nsga2_bs_Gyorgy-KOVACS_WH_Wide_AW_5_seed_123,proposed_nsga2_bs,Gyorgy-KOVACS_WH_Wide_AW_5,123,8,auto_from_instance,12,18,4,30,216,,,,,2,2,6,root > V:21 > BH:26 > BH:5 > BH:16 > BH:29 > BH:42,evaluated,6,inf,False,692,165,527,1197.0,1.0,1.0,True,True,1,1,0,True,1,1,0,0,True,True,0,18,9,18,9,2,RP,sampled_pool,,,False,0.5,0.4082139328805225,0.5,0.1,adaptive,insert_random_aisle,offspring,feasible_start_adaptive_spacing,,,,feasible_start_adaptive_spacing,0.5,,True,auto_from_instance,0.75,0.35,"4,5,7,14,16,17,23,24,25,26,27,36,37,45,47,48","2,15,16,17,19,21,24,25,27",,,,,,"H[4,5,7,14,16,17,23,24,25,26,27,29,36,37,42,45,47,48]|V[2,15,16,17,19,21,24,25,27]",3e80fff572b45638d4c993741f9187431fecc243
proposed_nsga2_bs_Gyorgy-KOVACS_WH_Wide_AW_5_seed_123,proposed_nsga2_bs,Gyorgy-KOVACS_WH_Wide_AW_5,123,8,auto_from_instance,12,18,4,30,216,,,,,3,2,6,root > V:21 > BH:26 > BH:5 > BH:16 > BH:29 > BH:40,evaluated,7,inf,False,692,167,525,1255.0,1.0,1.0,True,True,1,1,0,True,1,1,0,0,True,True,0,18,9,18,9,2,RP,sampled_pool,,,False,0.5,0.4082139328805225,0.5,0.1,adaptive,insert_random_aisle,offspring,feasible_start_adaptive_spacing,,,,feasible_start_adaptive_spacing,0.5,,True,auto_from_instance,0.75,0.35,"4,5,7,14,16,17,23,24,25,26,27,36,37,45,47,48","2,15,16,17,19,21,24,25,27",,,,,,"H[4,5,7,14,16,17,23,24,25,26,27,29,36,37,40,45,47,48]|V[2,15,16,17,19,21,24,25,27]",4438a07913bba44771acc09fec1861ea8b6e3d46
proposed_nsga2_bs_Gyorgy-KOVACS_WH_Wide_AW_5_seed_123,proposed_nsga2_bs,Gyorgy-KOVACS_WH_Wide_AW_5,123,8,auto_from_instance,12,18,4,30,216,,,,,4,2,6,root > V:21 > BH:26 > BH:5 > BH:16 > BH:27 > BH:40,evaluated,6,inf,False,692,168,524,1255.0,1.0,1.0,True,True,1,1,0,True,1,1,0,0,True,True,0,17,9,17,9,2,RP,sampled_pool,,,False,0.5,0.4082139328805225,0.5,0.1,adaptive,insert_random_aisle,offspring,feasible_start_adaptive_spacing,,,,feasible_start_adaptive_spacing,0.5,,True,auto_from_instance,0.75,0.35,"4,5,7,14,16,17,23,24,25,26,27,36,37,45,47,48","2,15,16,17,19,21,24,25,27",,,,,,"H[4,5,7,14,16,17,23,24,25,26,27,36,37,40,45,47,48]|V[2,15,16,17,19,21,24,25,27]",c29204a760792de9b5fff7fd1f22463071b8fe3a
proposed_nsga2_bs_Gyorgy-KOVACS_WH_Wide_AW_5_seed_123,proposed_nsga2_bs,Gyorgy-KOVACS_WH_Wide_AW_5,123,8,auto_from_instance,12,18,4,30,216,,,,,5,2,6,root > V:21 > BH:26 > BH:5 > BH:14 > BH:27 > BH:40,evaluated,7,inf,False,692,168,524,1271.0,1.0,1.0,True,True,1,1,0,True,1,1,0,0,True,True,0,17,9,17,9,2,RP,sampled_pool,,,False,0.5,0.4082139328805225,0.5,0.1,adaptive,insert_random_aisle,offspring,feasible_start_adaptive_spacing,,,,feasible_start_adaptive_spacing,0.5,,True,auto_from_instance,0.75,0.35,"4,5,7,14,16,17,23,24,25,26,27,36,37,45,47,48","2,15,16,17,19,21,24,25,27",,,,,,"H[4,5,7,14,16,17,23,24,25,26,27,36,37,40,45,47,48]|V[2,15,16,17,19,21,24,25,27]",d6f556ce4388bf7e47d115315ffef16b2112220e
proposed_nsga2_bs_Gyorgy-KOVACS_WH_Wide_AW_5_seed_123,proposed_nsga2_bs,Gyorgy-KOVACS_WH_Wide_AW_5,123,8,auto_from_instance,12,18,4,30,216,,,,,6,2,6,root > V:21 > BH:26 > BH:47 > BH:35 > BH:23 > BH:11,evaluated,8,inf,False,692,164,528,1293.0,1.0,1.0,True,True,1,1,0,True,1,1,0,0,True,True,0,18,9,18,9,2,RP,sampled_pool,,,False,0.5,0.4082139328805225,0.5,0.1,adaptive,insert_random_aisle,offspring,feasible_start_adaptive_spacing,,,,feasible_start_adaptive_spacing,0.5,,True,auto_from_instance,0.75,0.35,"4,5,7,14,16,17,23,24,25,26,27,36,37,45,47,48","2,15,16,17,19,21,24,25,27",,,,,,"H[4,5,7,11,14,16,17,23,24,25,26,27,35,36,37,45,47,48]|V[2,15,16,17,19,21,24,25,27]",aefb6def61337c0811fe5b11c3859df6b4d263cc
proposed_nsga2_bs_Gyorgy-KOVACS_WH_Wide_AW_5_seed_123,proposed_nsga2_bs,Gyorgy-KOVACS_WH_Wide_AW_5,123,8,auto_from_instance,12,18,4,30,216,,,,,7,3,8,root > V:15 > BH:26 > BH:5 > BH:16 > BH:27 > BH:36 > BH:45 > BV:24,selected,0,inf,True,497,247,250,385.0,1.0,1.0,True,True,1,1,0,True,1,1,0,0,True,True,0,16,7,16,7,3,LS_RP,sampled_pool,,,False,0.5,0.5200611494751103,0.5,0.1,adaptive,spacing_aware_flip,offspring,feasible_start_adaptive_spacing,,,,feasible_start_adaptive_spacing,0.5,,True,auto_from_instance,0.75,0.35,"0,5,7,14,16,17,24,25,26,27,36,37,45,47,48,57","15,17,19,21,24,25,27",,,,,,"H[0,5,7,14,16,17,24,25,26,27,36,37,45,47,48,57]|V[15,17,19,21,24,25,27]",9367037dc0304e9a893380cb68f03b46b0c6f55b
proposed_nsga2_bs_Gyorgy-KOVACS_WH_Wide_AW_5_seed_123,proposed_nsga2_bs,Gyorgy-KOVACS_WH_Wide_AW_5,123,8,auto_from_instance,12,18,4,30,216,,,,,8,3,8,root > V:15 > BH:26 > BH:5 > BH:16 > BH:25 > BH:36 > BH:45 > BV:24,selected,0,inf,True,497,247,250,385.0,1.0,1.0,True,True,1,1,0,True,1,1,0,0,True,True,0,16,7,16,7,3,LS_RP,sampled_pool,,,False,0.5,0.5200611494751103,0.5,0.1,adaptive,spacing_aware_flip,offspring,feasible_start_adaptive_spacing,,,,feasible_start_adaptive_spacing,0.5,,True,auto_from_instance,0.75,0.35,"0,5,7,14,16,17,24,25,26,27,36,37,45,47,48,57","15,17,19,21,24,25,27",,,,,,"H[0,5,7,14,16,17,24,25,26,27,36,37,45,47,48,57]|V[15,17,19,21,24,25,27]",416c9c0e4f9e06143d78fee04cbc7a8d1c4800ad
proposed_nsga2_bs_Gyorgy-KOVACS_WH_Wide_AW_5_seed_123,proposed_nsga2_bs,Gyorgy-KOVACS_WH_Wide_AW_5,123,8,auto_from_instance,12,18,4,30,216,,,,,9,5,8,root > V:16 > BH:26 > BH:5 > BH:16 > BH:27 > BH:36 > BH:45 > BV:25,selected,0,inf,True,517,238,279,368.0,1.0,1.0,True,True,1,1,0,True,1,1,0,0,True,True,0,14,9,14,9,5,PF_SS_RP,sampled_pool,,,True,0.5,0.5551532471930475,0.5,0.1,adaptive,remove_random_aisle,offspring,feasible_start_adaptive_spacing,,,,feasible_start_adaptive_spacing,0.5,,True,auto_from_instance,0.75,0.35,"6,7,14,16,17,25,26,36,37,45,47,48","6,16,17,19,21,24,25,27,34",,,,,,"H[5,6,7,14,16,17,25,26,27,36,37,45,47,48]|V[6,16,17,19,21,24,25,27,34]",015ee1c8318bbe65f9d75b3878c91b9d7be2a076
proposed_nsga2_bs_Gyorgy-KOVACS_WH_Wide_AW_5_seed_123,proposed_nsga2_bs,Gyorgy-KOVACS_WH_Wide_AW_5,123,8,auto_from_instance,12,18,4,30,216,,,,,10,5,8,root > V:16 > BH:26 > BH:5 > BH:16 > BH:25 > BH:36 > BH:45 > BV:25,selected,0,0.0,True,517,238,279,368.0,1.0,1.0,True,True,1,1,0,True,1,1,0,0,True,True,0,13,9,13,9,5,PF_SS_RP,sampled_pool,,,True,0.5,0.5551532471930475,0.5,0.1,adaptive,remove_random_aisle,offspring,feasible_start_adaptive_spacing,,,,feasible_start_adaptive_spacing,0.5,,True,auto_from_instance,0.75,0.35,"6,7,14,16,17,25,26,36,37,45,47,48","6,16,17,19,21,24,25,27,34",,,,,,"H[5,6,7,14,16,17,25,26,36,37,45,47,48]|V[6,16,17,19,21,24,25,27,34]",559a078c3ea143504613077c561cb3124d66b767
proposed_nsga2_bs_Gyorgy-KOVACS_WH_Wide_AW_5_seed_123,proposed_nsga2_bs,Gyorgy-KOVACS_WH_Wide_AW_5,123,8,auto_from_instance,12,18,4,30,216,,,,,11,5,8,root > V:16 > BH:26 > BH:5 > BH:16 > BH:27 > BH:36 > BH:45 > BV:29,selected,1,inf,True,517,225,292,586.0,1.0,1.0,True,True,1,1,0,True,1,1,0,0,True,True,0,14,10,14,10,5,PF_SS_RP,sampled_pool,,,True,0.5,0.5551532471930475,0.5,0.1,adaptive,remove_random_aisle,offspring,feasible_start_adaptive_spacing,,,,feasible_start_adaptive_spacing,0.5,,True,auto_from_instance,0.75,0.35,"6,7,14,16,17,25,26,36,37,45,47,48","6,16,17,19,21,24,25,27,34",,,,,,"H[5,6,7,14,16,17,25,26,27,36,37,45,47,48]|V[6,16,17,19,21,24,25,27,29,34]",ed71c8d546062d956359fd31a02e14699e745412
proposed_nsga2_bs_Gyorgy-KOVACS_WH_Wide_AW_5_seed_123,proposed_nsga2_bs,Gyorgy-KOVACS_WH_Wide_AW_5,123,8,auto_from_instance,12,18,4,30,216,,,,,12,5,8,root > V:16 > BH:26 > BH:5 > BH:16 > BH:25 > BH:36 > BH:45 > BV:29,selected,1,0.0,True,517,225,292,586.0,1.0,1.0,True,True,1,1,0,True,1,1,0,0,True,True,0,13,10,13,10,5,PF_SS_RP,sampled_pool,,,True,0.5,0.5551532471930475,0.5,0.1,adaptive,remove_random_aisle,offspring,feasible_start_adaptive_spacing,,,,feasible_start_adaptive_spacing,0.5,,True,auto_from_instance,0.75,0.35,"6,7,14,16,17,25,26,36,37,45,47,48","6,16,17,19,21,24,25,27,34",,,,,,"H[5,6,7,14,16,17,25,26,36,37,45,47,48]|V[6,16,17,19,21,24,25,27,29,34]",13a8831f3352523fe53b9477eb693b985fdfc37c
proposed_nsga2_bs_Gyorgy-KOVACS_WH_Wide_AW_5_seed_123,proposed_nsga2_bs,Gyorgy-KOVACS_WH_Wide_AW_5,123,8,auto_from_instance,12,18,4,30,216,,,,,13,6,8,root > V:16 > BH:26 > BH:5 > BH:14 > BH:25 > BH:36 > BH:45 > BV:25,selected,0,inf,True,517,238,279,368.0,1.0,1.0,True,True,1,1,0,True,1,1,0,0,True,True,0,14,11,14,11,6,LS_RP,sampled_pool,,,False,0.5,0.40835344862874223,0.5,0.1,adaptive,spacing_aware_flip,offspring,feasible_start_adaptive_spacing,,,,feasible_start_adaptive_spacing,0.5,,True,auto_from_instance,0.75,0.35,"5,6,7,14,16,17,25,26,27,31,36,38,45,47","2,10,16,17,19,21,24,25,29,30,32",,,,,,"H[5,6,7,14,16,17,25,26,27,31,36,38,45,47]|V[2,10,16,17,19,21,24,25,29,30,32]",6fcfc694894a367ef71d338faec4ce589ca685b5
proposed_nsga2_bs_Gyorgy-KOVACS_WH_Wide_AW_5_seed_123,proposed_nsga2_bs,Gyorgy-KOVACS_WH_Wide_AW_5,123,8,auto_from_instance,12,18,4,30,216,,,,,14,6,8,root > V:16 > BH:26 > BH:5 > BH:14 > BH:25 > BH:36 > BH:45 > BV:29,selected,1,inf,True,517,225,292,586.0,1.0,1.0,True,True,1,1,0,True,1,1,0,0,True,True,0,14,11,14,11,6,LS_RP,sampled_pool,,,False,0.5,0.40835344862874223,0.5,0.1,adaptive,spacing_aware_flip,offspring,feasible_start_adaptive_spacing,,,,feasible_start_adaptive_spacing,0.5,,True,auto_from_instance,0.75,0.35,"5,6,7,14,16,17,25,26,27,31,36,38,45,47","2,10,16,17,19,21,24,25,29,30,32",,,,,,"H[5,6,7,14,16,17,25,26,27,31,36,38,45,47]|V[2,10,16,17,19,21,24,25,29,30,32]",7e0f4d1a90907f684b7d565e90c4ddb6c1ba7c58
proposed_nsga2_bs_Gyorgy-KOVACS_WH_Wide_AW_5_seed_123,proposed_nsga2_bs,Gyorgy-KOVACS_WH_Wide_AW_5,123,8,auto_from_instance,12,18,4,30,216,,,,,15,9,7,root > V:21 > BH:26 > BH:5 > BH:16 > BH:25 > BH:38 > BH:47,evaluated,5,inf,False,652,180,472,779.0,1.0,1.0,True,True,1,1,0,True,1,1,0,0,True,True,0,17,8,17,8,9,SS_PF_LS,sampled_pool,,,True,0.5,0.3880073859435712,0.5,0.1,adaptive,bit_flip,offspring,feasible_start_adaptive_spacing,,,,feasible_start_adaptive_spacing,0.5,,True,auto_from_instance,0.75,0.35,"5,7,14,16,17,23,25,26,27,32,36,37,45,47,49,54","16,17,19,21,24,25,26,33",,,,,,"H[5,7,14,16,17,23,25,26,27,32,36,37,38,45,47,49,54]|V[16,17,19,21,24,25,26,33]",a792a56432daab33caeba3cd7c76504fd95e9146
proposed_nsga2_bs_Gyorgy-KOVACS_WH_Wide_AW_5_seed_123,proposed_nsga2_bs,Gyorgy-KOVACS_WH_Wide_AW_5,123,8,auto_from_instance,12,18,4,30,216,,,,,16,12,7,root > V:17 > BH:26 > BH:7 > BH:16 > BH:25 > BH:36 > BH:47,selected,2,inf,True,572,220,352,663.0,1.0,1.0,True,True,1,1,0,True,1,1,0,0,True,True,0,15,6,15,6,12,PF,sampled_pool,,,False,0.5,0.5145351634692509,0.5,0.1,adaptive,bit_flip,offspring,feasible_start_adaptive_spacing,,,,feasible_start_adaptive_spacing,0.5,,True,auto_from_instance,0.75,0.35,"5,7,14,16,17,23,24,25,26,27,36,37,45,47,57","6,17,19,21,24,25",,,,,,"H[5,7,14,16,17,23,24,25,26,27,36,37,45,47,57]|V[6,17,19,21,24,25]",61426df39d9f05da4c561d5073d32a1cf777516d
proposed_nsga2_bs_Gyorgy-KOVACS_WH_Wide_AW_5_seed_123,proposed_nsga2_bs,Gyorgy-KOVACS_WH_Wide_AW_5,123,8,auto_from_instance,12,18,4,30,216,,,,,17,12,7,root > V:17 > BH:26 > BH:7 > BH:16 > BH:25 > BH:36 > BH:45,evaluated,4,inf,False,572,220,352,867.0,1.0,1.0,True,True,1,1,0,True,1,1,0,0,True,True,0,15,6,15,6,12,PF,sampled_pool,,,False,0.5,0.5145351634692509,0.5,0.1,adaptive,bit_flip,offspring,feasible_start_adaptive_spacing,,,,feasible_start_adaptive_spacing,0.5,,True,auto_from_instance,0.75,0.35,"5,7,14,16,17,23,24,25,26,27,36,37,45,47,57","6,17,19,21,24,25",,,,,,"H[5,7,14,16,17,23,24,25,26,27,36,37,45,47,57]|V[6,17,19,21,24,25]",90295bddff4683947eef98c9cba63e2b098e11a6
proposed_nsga2_bs_Gyorgy-KOVACS_WH_Wide_AW_5_seed_123,proposed_nsga2_bs,Gyorgy-KOVACS_WH_Wide_AW_5,123,8,auto_from_instance,12,18,4,30,216,,,,,18,12,7,root > V:17 > BH:26 > BH:5 > BH:16 > BH:25 > BH:36 > BH:47,selected,1,inf,True,572,220,352,507.0,1.0,1.0,True,True,1,1,0,True,1,1,0,0,True,True,0,15,6,15,6,12,PF,sampled_pool,,,False,0.5,0.5145351634692509,0.5,0.1,adaptive,bit_flip,offspring,feasible_start_adaptive_spacing,,,,feasible_start_adaptive_spacing,0.5,,True,auto_from_instance,0.75,0.35,"5,7,14,16,17,23,24,25,26,27,36,37,45,47,57","6,17,19,21,24,25",,,,,,"H[5,7,14,16,17,23,24,25,26,27,36,37,45,47,57]|V[6,17,19,21,24,25]",173dd91401b4b71d9f20edd9e83506be465b9528
proposed_nsga2_bs_Gyorgy-KOVACS_WH_Wide_AW_5_seed_123,proposed_nsga2_bs,Gyorgy-KOVACS_WH_Wide_AW_5,123,8,auto_from_instance,12,18,4,30,216,,,,,19,12,7,root > V:17 > BH:26 > BH:5 > BH:16 > BH:25 > BH:36 > BH:45,selected,3,inf,True,572,220,352,711.0,1.0,1.0,True,True,1,1,0,True,1,1,0,0,True,True,0,15,6,15,6,12,PF,sampled_pool,,,False,0.5,0.5145351634692509,0.5,0.1,adaptive,bit_flip,offspring,feasible_start_adaptive_spacing,,,,feasible_start_adaptive_spacing,0.5,,True,auto_from_instance,0.75,0.35,"5,7,14,16,17,23,24,25,26,27,36,37,45,47,57","6,17,19,21,24,25",,,,,,"H[5,7,14,16,17,23,24,25,26,27,36,37,45,47,57]|V[6,17,19,21,24,25]",854ec9b997ec508dda6ea9e399147d7a4b626ba8
proposed_nsga2_bs_Gyorgy-KOVACS_WH_Wide_AW_5_seed_123,proposed_nsga2_bs,Gyorgy-KOVACS_WH_Wide_AW_5,123,8,auto_from_instance,12,18,4,30,216,,,,,20,12,7,root > V:17 > BH:26 > BH:5 > BH:14 > BH:25 > BH:36 > BH:47,selected,1,inf,True,572,220,352,507.0,1.0,1.0,True,True,1,1,0,True,1,1,0,0,True,True,0,15,6,15,6,12,PF,sampled_pool,,,False,0.5,0.5145351634692509,0.5,0.1,adaptive,bit_flip,offspring,feasible_start_adaptive_spacing,,,,feasible_start_adaptive_spacing,0.5,,True,auto_from_instance,0.75,0.35,"5,7,14,16,17,23,24,25,26,27,36,37,45,47,57","6,17,19,21,24,25",,,,,,"H[5,7,14,16,17,23,24,25,26,27,36,37,45,47,57]|V[6,17,19,21,24,25]",e59e5dd5e1537a2d164e028d12bd66f538f0cb70
proposed_nsga2_bs_Gyorgy-KOVACS_WH_Wide_AW_5_seed_123,proposed_nsga2_bs,Gyorgy-KOVACS_WH_Wide_AW_5,123,9,auto_from_instance,12,18,4,30,216,,,,,1,1,8,root > V:15 > BH:26 > BH:5 > BH:16 > BH:27 > BH:36 > BH:45 > BV:24,selected,0,inf,True,497,247,250,385.0,1.0,1.0,True,True,1,1,0,True,1,1,0,0,True,True,0,14,7,14,7,1,LS_PF,sampled_pool,,,False,0.5555555555555556,0.6034475271404341,0.4444444444444444,0.1,adaptive,remove_random_aisle,offspring,feasible_start_adaptive_spacing,,,,feasible_start_adaptive_spacing,0.5,,True,auto_from_instance,0.75,0.35,"0,5,7,14,16,17,24,25,26,27,36,37,45,47","15,17,19,21,24,25,27",,,,,,"H[0,5,7,14,16,17,24,25,26,27,36,37,45,47]|V[15,17,19,21,24,25,27]",9367037dc0304e9a893380cb68f03b46b0c6f55b
proposed_nsga2_bs_Gyorgy-KOVACS_WH_Wide_AW_5_seed_123,proposed_nsga2_bs,Gyorgy-KOVACS_WH_Wide_AW_5,123,9,auto_from_instance,12,18,4,30,216,,,,,2,1,8,root > V:15 > BH:26 > BH:5 > BH:16 > BH:25 > BH:36 > BH:45 > BV:24,selected,0,inf,True,497,247,250,385.0,1.0,1.0,True,True,1,1,0,True,1,1,0,0,True,True,0,14,7,14,7,1,LS_PF,sampled_pool,,,False,0.5555555555555556,0.6034475271404341,0.4444444444444444,0.1,adaptive,remove_random_aisle,offspring,feasible_start_adaptive_spacing,,,,feasible_start_adaptive_spacing,0.5,,True,auto_from_instance,0.75,0.35,"0,5,7,14,16,17,24,25,26,27,36,37,45,47","15,17,19,21,24,25,27",,,,,,"H[0,5,7,14,16,17,24,25,26,27,36,37,45,47]|V[15,17,19,21,24,25,27]",416c9c0e4f9e06143d78fee04cbc7a8d1c4800ad
proposed_nsga2_bs_Gyorgy-KOVACS_WH_Wide_AW_5_seed_123,proposed_nsga2_bs,Gyorgy-KOVACS_WH_Wide_AW_5,123,9,auto_from_instance,12,18,4,30,216,,,,,3,2,7,root > V:17 > BH:26 > BH:7 > BH:16 > BH:25 > BH:36 > BH:47,selected,3,inf,True,572,220,352,663.0,1.0,1.0,True,True,1,1,0,True,1,1,0,0,True,True,0,15,6,15,6,2,LS_PF,sampled_pool,,,False,0.5555555555555556,0.6265477970833464,0.4444444444444444,0.1,adaptive,remove_random_aisle,offspring,feasible_start_adaptive_spacing,,,,feasible_start_adaptive_spacing,0.5,,True,auto_from_instance,0.75,0.35,"5,7,14,16,17,23,24,25,26,27,36,45,47,48,57","6,17,19,21,24,25",,,,,,"H[5,7,14,16,17,23,24,25,26,27,36,45,47,48,57]|V[6,17,19,21,24,25]",61426df39d9f05da4c561d5073d32a1cf777516d
proposed_nsga2_bs_Gyorgy-KOVACS_WH_Wide_AW_5_seed_123,proposed_nsga2_bs,Gyorgy-KOVACS_WH_Wide_AW_5,123,9,auto_from_instance,12,18,4,30,216,,,,,4,2,7,root > V:17 > BH:26 > BH:7 > BH:16 > BH:25 > BH:36 > BH:45,evaluated,5,inf,False,572,220,352,867.0,1.0,1.0,True,True,1,1,0,True,1,1,0,0,True,True,0,15,6,15,6,2,LS_PF,sampled_pool,,,False,0.5555555555555556,0.6265477970833464,0.4444444444444444,0.1,adaptive,remove_random_aisle,offspring,feasible_start_adaptive_spacing,,,,feasible_start_adaptive_spacing,0.5,,True,auto_from_instance,0.75,0.35,"5,7,14,16,17,23,24,25,26,27,36,45,47,48,57","6,17,19,21,24,25",,,,,,"H[5,7,14,16,17,23,24,25,26,27,36,45,47,48,57]|V[6,17,19,21,24,25]",90295bddff4683947eef98c9cba63e2b098e11a6
proposed_nsga2_bs_Gyorgy-KOVACS_WH_Wide_AW_5_seed_123,proposed_nsga2_bs,Gyorgy-KOVACS_WH_Wide_AW_5,123,9,auto_from_instance,12,18,4,30,216,,,,,5,2,7,root > V:17 > BH:26 > BH:5 > BH:16 > BH:25 > BH:36 > BH:47,selected,1,inf,True,572,220,352,507.0,1.0,1.0,True,True,1,1,0,True,1,1,0,0,True,True,0,15,6,15,6,2,LS_PF,sampled_pool,,,False,0.5555555555555556,0.6265477970833464,0.4444444444444444,0.1,adaptive,remove_random_aisle,offspring,feasible_start_adaptive_spacing,,,,feasible_start_adaptive_spacing,0.5,,True,auto_from_instance,0.75,0.35,"5,7,14,16,17,23,24,25,26,27,36,45,47,48,57","6,17,19,21,24,25",,,,,,"H[5,7,14,16,17,23,24,25,26,27,36,45,47,48,57]|V[6,17,19,21,24,25]",173dd91401b4b71d9f20edd9e83506be465b9528
proposed_nsga2_bs_Gyorgy-KOVACS_WH_Wide_AW_5_seed_123,proposed_nsga2_bs,Gyorgy-KOVACS_WH_Wide_AW_5,123,9,auto_from_instance,12,18,4,30,216,,,,,6,2,7,root > V:17 > BH:26 > BH:5 > BH:16 > BH:25 > BH:36 > BH:45,evaluated,4,inf,False,572,220,352,711.0,1.0,1.0,True,True,1,1,0,True,1,1,0,0,True,True,0,15,6,15,6,2,LS_PF,sampled_pool,,,False,0.5555555555555556,0.6265477970833464,0.4444444444444444,0.1,adaptive,remove_random_aisle,offspring,feasible_start_adaptive_spacing,,,,feasible_start_adaptive_spacing,0.5,,True,auto_from_instance,0.75,0.35,"5,7,14,16,17,23,24,25,26,27,36,45,47,48,57","6,17,19,21,24,25",,,,,,"H[5,7,14,16,17,23,24,25,26,27,36,45,47,48,57]|V[6,17,19,21,24,25]",854ec9b997ec508dda6ea9e399147d7a4b626ba8
proposed_nsga2_bs_Gyorgy-KOVACS_WH_Wide_AW_5_seed_123,proposed_nsga2_bs,Gyorgy-KOVACS_WH_Wide_AW_5,123,9,auto_from_instance,12,18,4,30,216,,,,,7,2,7,root > V:17 > BH:26 > BH:5 > BH:14 > BH:25 > BH:36 > BH:47,selected,1,inf,True,572,220,352,507.0,1.0,1.0,True,True,1,1,0,True,1,1,0,0,True,True,0,15,6,15,6,2,LS_PF,sampled_pool,,,False,0.5555555555555556,0.6265477970833464,0.4444444444444444,0.1,adaptive,remove_random_aisle,offspring,feasible_start_adaptive_spacing,,,,feasible_start_adaptive_spacing,0.5,,True,auto_from_instance,0.75,0.35,"5,7,14,16,17,23,24,25,26,27,36,45,47,48,57","6,17,19,21,24,25",,,,,,"H[5,7,14,16,17,23,24,25,26,27,36,45,47,48,57]|V[6,17,19,21,24,25]",e59e5dd5e1537a2d164e028d12bd66f538f0cb70
proposed_nsga2_bs_Gyorgy-KOVACS_WH_Wide_AW_5_seed_123,proposed_nsga2_bs,Gyorgy-KOVACS_WH_Wide_AW_5,123,9,auto_from_instance,12,18,4,30,216,,,,,8,3,8,root > V:16 > BH:26 > BH:5 > BH:14 > BH:25 > BH:36 > BH:45 > BV:25,selected,0,inf,True,517,238,279,368.0,1.0,1.0,True,True,1,1,0,True,1,1,0,0,True,True,0,13,11,13,11,3,LS_RP,sampled_pool,,,False,0.5555555555555556,0.6394884406771303,0.4444444444444444,0.1,adaptive,spacing_aware_flip,offspring,feasible_start_adaptive_spacing,,,,feasible_start_adaptive_spacing,0.5,,True,auto_from_instance,0.75,0.35,"5,6,7,14,16,17,25,26,31,36,38,45,47","2,8,16,17,19,21,24,25,29,30,32",,,,,,"H[5,6,7,14,16,17,25,26,31,36,38,45,47]|V[2,8,16,17,19,21,24,25,29,30,32]",6fcfc694894a367ef71d338faec4ce589ca685b5
proposed_nsga2_bs_Gyorgy-KOVACS_WH_Wide_AW_5_seed_123,proposed_nsga2_bs,Gyorgy-KOVACS_WH_Wide_AW_5,123,9,auto_from_instance,12,18,4,30,216,,,,,9,3,8,root > V:16 > BH:26 > BH:5 > BH:14 > BH:25 > BH:36 > BH:45 > BV:29,selected,2,inf,True,517,225,292,586.0,1.0,1.0,True,True,1,1,0,True,1,1,0,0,True,True,0,13,11,13,11,3,LS_RP,sampled_pool,,,False,0.5555555555555556,0.6394884406771303,0.4444444444444444,0.1,adaptive,spacing_aware_flip,offspring,feasible_start_adaptive_spacing,,,,feasible_start_adaptive_spacing,0.5,,True,auto_from_instance,0.75,0.35,"5,6,7,14,16,17,25,26,31,36,38,45,47","2,8,16,17,19,21,24,25,29,30,32",,,,,,"H[5,6,7,14,16,17,25,26,31,36,38,45,47]|V[2,8,16,17,19,21,24,25,29,30,32]",7e0f4d1a90907f684b7d565e90c4ddb6c1ba7c58
proposed_nsga2_bs_Gyorgy-KOVACS_WH_Wide_AW_5_seed_123,proposed_nsga2_bs,Gyorgy-KOVACS_WH_Wide_AW_5,123,9,auto_from_instance,12,18,4,30,216,,,,,10,4,8,root > V:16 > BH:26 > BH:5 > BH:16 > BH:25 > BH:36 > BH:45 > BV:25,selected,0,0.0,True,517,238,279,368.0,1.0,1.0,True,True,1,1,0,True,1,1,0,0,True,True,0,14,9,14,9,4,LS_SS,sampled_pool,,,True,0.5555555555555556,0.58742762111083,0.4444444444444444,0.1,adaptive,remove_random_aisle,offspring,feasible_start_adaptive_spacing,,,,feasible_start_adaptive_spacing,0.5,,True,auto_from_instance,0.75,0.35,"5,6,7,14,16,17,25,26,27,36,37,45,47,48","6,10,16,17,19,21,24,25,34",,,,,,"H[5,6,7,14,16,17,25,26,27,36,37,45,47,48]|V[6,10,16,17,19,21,24,25,34]",559a078c3ea143504613077c561cb3124d66b767
proposed_nsga2_bs_Gyorgy-KOVACS_WH_Wide_AW_5_seed_123,proposed_nsga2_bs,Gyorgy-KOVACS_WH_Wide_AW_5,123,9,auto_from_instance,12,18,4,30,216,,,,,11,4,8,root > V:16 > BH:26 > BH:5 > BH:16 > BH:25 > BH:36 > BH:45 > BV:29,selected,2,0.0,True,517,225,292,586.0,1.0,1.0,True,True,1,1,0,True,1,1,0,0,True,True,0,14,10,14,10,4,LS_SS,sampled_pool,,,True,0.5555555555555556,0.58742762111083,0.4444444444444444,0.1,adaptive,remove_random_aisle,offspring,feasible_start_adaptive_spacing,,,,feasible_start_adaptive_spacing,0.5,,True,auto_from_instance,0.75,0.35,"5,6,7,14,16,17,25,26,27,36,37,45,47,48","6,10,16,17,19,21,24,25,34",,,,,,"H[5,6,7,14,16,17,25,26,27,36,37,45,47,48]|V[6,10,16,17,19,21,24,25,29,34]",13a8831f3352523fe53b9477eb693b985fdfc37c
proposed_nsga2_bs_Gyorgy-KOVACS_WH_Wide_AW_5_seed_123,proposed_nsga2_bs,Gyorgy-KOVACS_WH_Wide_AW_5,123,9,auto_from_instance,12,18,4,30,216,,,,,12,6,6,root > V:21 > BH:26 > BH:5 > BH:16 > BH:29 > BH:42,evaluated,7,inf,False,692,165,527,1197.0,1.0,1.0,True,True,1,1,0,True,1,1,0,0,True,True,0,16,9,16,9,6,RP_LS,sampled_pool,,,False,0.5555555555555556,0.5779203325808437,0.4444444444444444,0.1,adaptive,bit_flip,offspring,feasible_start_adaptive_spacing,,,,feasible_start_adaptive_spacing,0.5,,True,auto_from_instance,0.75,0.35,"5,6,7,14,16,17,24,25,26,36,37,45,47,48","2,16,17,19,21,24,25,27,34",,,,,,"H[5,6,7,14,16,17,24,25,26,29,36,37,42,45,47,48]|V[2,16,17,19,21,24,25,27,34]",3e80fff572b45638d4c993741f9187431fecc243
proposed_nsga2_bs_Gyorgy-KOVACS_WH_Wide_AW_5_seed_123,proposed_nsga2_bs,Gyorgy-KOVACS_WH_Wide_AW_5,123,9,auto_from_instance,12,18,4,30,216,,,,,13,6,6,root > V:21 > BH:26 > BH:5 > BH:16 > BH:27 > BH:40,evaluated,7,inf,False,692,168,524,1255.0,1.0,1.0,True,True,1,1,0,True,1,1,0,0,True,True,0,16,9,16,9,6,RP_LS,sampled_pool,,,False,0.5555555555555556,0.5779203325808437,0.4444444444444444,0.1,adaptive,bit_flip,offspring,feasible_start_adaptive_spacing,,,,feasible_start_adaptive_spacing,0.5,,True,auto_from_instance,0.75,0.35,"5,6,7,14,16,17,24,25,26,36,37,45,47,48","2,16,17,19,21,24,25,27,34",,,,,,"H[5,6,7,14,16,17,24,25,26,27,36,37,40,45,47,48]|V[2,16,17,19,21,24,25,27,34]",c29204a760792de9b5fff7fd1f22463071b8fe3a
proposed_nsga2_bs_Gyorgy-KOVACS_WH_Wide_AW_5_seed_123,proposed_nsga2_bs,Gyorgy-KOVACS_WH_Wide_AW_5,123,9,auto_from_instance,12,18,4,30,216,,,,,14,6,6,root > V:21 > BH:26 > BH:5 > BH:16 > BH:29 > BH:40,evaluated,8,inf,False,692,167,525,1255.0,1.0,1.0,True,True,1,1,0,True,1,1,0,0,True,True,0,16,9,16,9,6,RP_LS,sampled_pool,,,False,0.5555555555555556,0.5779203325808437,0.4444444444444444,0.1,adaptive,bit_flip,offspring,feasible_start_adaptive_spacing,,,,feasible_start_adaptive_spacing,0.5,,True,auto_from_instance,0.75,0.35,"5,6,7,14,16,17,24,25,26,36,37,45,47,48","2,16,17,19,21,24,25,27,34",,,,,,"H[5,6,7,14,16,17,24,25,26,29,36,37,40,45,47,48]|V[2,16,17,19,21,24,25,27,34]",4438a07913bba44771acc09fec1861ea8b6e3d46
proposed_nsga2_bs_Gyorgy-KOVACS_WH_Wide_AW_5_seed_123,proposed_nsga2_bs,Gyorgy-KOVACS_WH_Wide_AW_5,123,9,auto_from_instance,12,18,4,30,216,,,,,15,6,6,root > V:21 > BH:26 > BH:5 > BH:14 > BH:27 > BH:40,evaluated,8,inf,False,692,168,524,1271.0,1.0,1.0,True,True,1,1,0,True,1,1,0,0,True,True,0,16,9,16,9,6,RP_LS,sampled_pool,,,False,0.5555555555555556,0.5779203325808437,0.4444444444444444,0.1,adaptive,bit_flip,offspring,feasible_start_adaptive_spacing,,,,feasible_start_adaptive_spacing,0.5,,True,auto_from_instance,0.75,0.35,"5,6,7,14,16,17,24,25,26,36,37,45,47,48","2,16,17,19,21,24,25,27,34",,,,,,"H[5,6,7,14,16,17,24,25,26,27,36,37,40,45,47,48]|V[2,16,17,19,21,24,25,27,34]",d6f556ce4388bf7e47d115315ffef16b2112220e
proposed_nsga2_bs_Gyorgy-KOVACS_WH_Wide_AW_5_seed_123,proposed_nsga2_bs,Gyorgy-KOVACS_WH_Wide_AW_5,123,9,auto_from_instance,12,18,4,30,216,,,,,16,6,6,root > V:21 > BH:26 > BH:47 > BH:35 > BH:23 > BH:11,evaluated,9,inf,False,692,164,528,1293.0,1.0,1.0,True,True,1,1,0,True,1,1,0,0,True,True,0,17,9,17,9,6,RP_LS,sampled_pool,,,False,0.5555555555555556,0.5779203325808437,0.4444444444444444,0.1,adaptive,bit_flip,offspring,feasible_start_adaptive_spacing,,,,feasible_start_adaptive_spacing,0.5,,True,auto_from_instance,0.75,0.35,"5,6,7,14,16,17,24,25,26,36,37,45,47,48","2,16,17,19,21,24,25,27,34",,,,,,"H[5,6,7,11,14,16,17,23,24,25,26,35,36,37,45,47,48]|V[2,16,17,19,21,24,25,27,34]",aefb6def61337c0811fe5b11c3859df6b4d263cc
proposed_nsga2_bs_Gyorgy-KOVACS_WH_Wide_AW_5_seed_123,proposed_nsga2_bs,Gyorgy-KOVACS_WH_Wide_AW_5,123,9,auto_from_instance,12,18,4,30,216,,,,,17,7,8,root > V:16 > BH:26 > BH:5 > BH:16 > BH:27 > BH:36 > BH:45 > BV:25,selected,0,inf,True,517,238,279,368.0,1.0,1.0,True,True,1,1,0,True,1,1,0,0,True,True,0,16,9,16,9,7,PF_SS,sampled_pool,,,True,0.5555555555555556,0.5935440423841197,0.4444444444444444,0.1,adaptive,remove_random_aisle,offspring,feasible_start_adaptive_spacing,,,,feasible_start_adaptive_spacing,0.5,,True,auto_from_instance,0.75,0.35,"0,5,6,7,14,16,17,25,27,36,37,45,47,48,57","16,17,19,21,24,25,27,29,34",,,,,,"H[0,5,6,7,14,16,17,25,26,27,36,37,45,47,48,57]|V[16,17,19,21,24,25,27,29,34]",015ee1c8318bbe65f9d75b3878c91b9d7be2a076
proposed_nsga2_bs_Gyorgy-KOVACS_WH_Wide_AW_5_seed_123,proposed_nsga2_bs,Gyorgy-KOVACS_WH_Wide_AW_5,123,9,auto_from_instance,12,18,4,30,216,,,,,18,7,8,root > V:16 > BH:26 > BH:5 > BH:16 > BH:27 > BH:36 > BH:45 > BV:29,selected,2,inf,True,517,225,292,586.0,1.0,1.0,True,True,1,1,0,True,1,1,0,0,True,True,0,16,9,16,9,7,PF_SS,sampled_pool,,,True,0.5555555555555556,0.5935440423841197,0.4444444444444444,0.1,adaptive,remove_random_aisle,offspring,feasible_start_adaptive_spacing,,,,feasible_start_adaptive_spacing,0.5,,True,auto_from_instance,0.75,0.35,"0,5,6,7,14,16,17,25,27,36,37,45,47,48,57","16,17,19,21,24,25,27,29,34",,,,,,"H[0,5,6,7,14,16,17,25,26,27,36,37,45,47,48,57]|V[16,17,19,21,24,25,27,29,34]",ed71c8d546062d956359fd31a02e14699e745412
proposed_nsga2_bs_Gyorgy-KOVACS_WH_Wide_AW_5_seed_123,proposed_nsga2_bs,Gyorgy-KOVACS_WH_Wide_AW_5,123,9,auto_from_instance,12,18,4,30,216,,,,,19,8,7,root > V:21 > BH:26 > BH:5 > BH:16 > BH:27 > BH:38 > BH:47,evaluated,5,inf,False,652,180,472,763.0,1.0,1.0,True,True,1,1,0,True,1,1,0,0,True,True,0,16,8,16,8,8,SS_LS_PF,sampled_pool,,,True,0.5555555555555556,0.5077284761831226,0.4444444444444444,0.1,adaptive,spacing_aware_flip,offspring,feasible_start_adaptive_spacing,,,,feasible_start_adaptive_spacing,0.5,,True,auto_from_instance,0.75,0.35,"5,7,14,16,17,24,25,26,27,36,37,45,47,48,54","6,15,17,19,21,24,25,27",,,,,,"H[5,7,14,16,17,24,25,26,27,36,37,38,45,47,48,54]|V[6,15,17,19,21,24,25,27]",2f63addef0a564eaffadcb442913b04bcdb20a31
proposed_nsga2_bs_Gyorgy-KOVACS_WH_Wide_AW_5_seed_123,proposed_nsga2_bs,Gyorgy-KOVACS_WH_Wide_AW_5,123,9,auto_from_instance,12,18,4,30,216,,,,,20,9,8,root > V:16 > BH:26 > BH:7 > BH:16 > BH:25 > BH:36 > BH:45 > BV:25,selected,1,inf,True,517,238,279,537.0,1.0,1.0,True,True,1,1,0,True,1,1,0,0,True,True,0,14,10,14,10,9,PF,sampled_pool,,,False,0.5555555555555556,0.6125730840887692,0.4444444444444444,0.1,adaptive,break_symmetry,offspring,feasible_start_adaptive_spacing,,,,feasible_start_adaptive_spacing,0.5,,True,auto_from_instance,0.75,0.35,"5,6,7,14,16,17,25,26,27,36,37,38,45,47","2,10,16,17,19,21,24,25,28,34",,,,,,"H[5,6,7,14,16,17,25,26,27,36,37,38,45,47]|V[2,10,16,17,19,21,24,25,28,34]",5f183debb27c7a24bc0f9f82fc27ee77d3fc24d8
proposed_nsga2_bs_Gyorgy-KOVACS_WH_Wide_AW_5_seed_123,proposed_nsga2_bs,Gyorgy-KOVACS_WH_Wide_AW_5,123,9,auto_from_instance,12,18,4,30,216,,,,,21,9,8,root > V:16 > BH:26 > BH:7 > BH:16 > BH:25 > BH:36 > BH:45 > BV:29,evaluated,3,inf,False,517,225,292,755.0,1.0,1.0,True,True,1,1,0,True,1,1,0,0,True,True,0,14,11,14,11,9,PF,sampled_pool,,,False,0.5555555555555556,0.6125730840887692,0.4444444444444444,0.1,adaptive,break_symmetry,offspring,feasible_start_adaptive_spacing,,,,feasible_start_adaptive_spacing,0.5,,True,auto_from_instance,0.75,0.35,"5,6,7,14,16,17,25,26,27,36,37,38,45,47","2,10,16,17,19,21,24,25,28,34",,,,,,"H[5,6,7,14,16,17,25,26,27,36,37,38,45,47]|V[2,10,16,17,19,21,24,25,28,29,34]",03af9372cf0d8e782f6e425ae89227ab68d20a8e
proposed_nsga2_bs_Gyorgy-KOVACS_WH_Wide_AW_5_seed_123,proposed_nsga2_bs,Gyorgy-KOVACS_WH_Wide_AW_5,123,9,auto_from_instance,12,18,4,30,216,,,,,22,12,7,root > V:21 > BH:26 > BH:5 > BH:16 > BH:25 > BH:38 > BH:47,evaluated,6,inf,False,652,180,472,779.0,1.0,1.0,True,True,1,1,0,True,1,1,0,0,True,True,0,14,9,14,9,12,RP_LS,sampled_pool,,,False,0.5555555555555556,0.6010072375154861,0.4444444444444444,0.1,adaptive,remove_random_aisle,offspring,feasible_start_adaptive_spacing,,,,feasible_start_adaptive_spacing,0.5,,True,auto_from_instance,0.75,0.35,"5,7,14,16,23,24,25,26,27,36,38,45,47,57","6,10,16,17,19,21,24,25,29",,,,,,"H[5,7,14,16,23,24,25,26,27,36,38,45,47,57]|V[6,10,16,17,19,21,24,25,29]",a792a56432daab33caeba3cd7c76504fd95e9146
proposed_nsga2_bs_Gyorgy-KOVACS_WH_Wide_AW_5_seed_123,proposed_nsga2_bs,Gyorgy-KOVACS_WH_Wide_AW_5,123,10,auto_from_instance,12,18,4,30,216,,,,,1,1,6,root > V:21 > BH:26 > BH:5 > BH:16 > BH:29 > BH:42,selected,5,inf,True,692,165,527,1197.0,1.0,1.0,True,True,1,1,0,True,1,1,0,0,True,True,0,17,7,17,7,1,RP,sampled_pool,,,False,0.6111111111111112,0.7279342358924663,0.38888888888888884,0.1,adaptive,break_symmetry,offspring,feasible_start_adaptive_spacing,,,,feasible_start_adaptive_spacing,0.5,,True,auto_from_instance,0.75,0.35,"0,5,6,7,14,16,17,24,25,26,27,36,37,45,47","16,17,18,21,24,25,27",,,,,,"H[0,5,6,7,14,16,17,24,25,26,27,29,36,37,42,45,47]|V[16,17,18,21,24,25,27]",3e80fff572b45638d4c993741f9187431fecc243
proposed_nsga2_bs_Gyorgy-KOVACS_WH_Wide_AW_5_seed_123,proposed_nsga2_bs,Gyorgy-KOVACS_WH_Wide_AW_5,123,10,auto_from_instance,12,18,4,30,216,,,,,2,1,6,root > V:21 > BH:26 > BH:5 > BH:16 > BH:29 > BH:40,evaluated,6,inf,False,692,167,525,1255.0,1.0,1.0,True,True,1,1,0,True,1,1,0,0,True,True,0,17,7,17,7,1,RP,sampled_pool,,,False,0.6111111111111112,0.7279342358924663,0.38888888888888884,0.1,adaptive,break_symmetry,offspring,feasible_start_adaptive_spacing,,,,feasible_start_adaptive_spacing,0.5,,True,auto_from_instance,0.75,0.35,"0,5,6,7,14,16,17,24,25,26,27,36,37,45,47","16,17,18,21,24,25,27",,,,,,"H[0,5,6,7,14,16,17,24,25,26,27,29,36,37,40,45,47]|V[16,17,18,21,24,25,27]",4438a07913bba44771acc09fec1861ea8b6e3d46
proposed_nsga2_bs_Gyorgy-KOVACS_WH_Wide_AW_5_seed_123,proposed_nsga2_bs,Gyorgy-KOVACS_WH_Wide_AW_5,123,10,auto_from_instance,12,18,4,30,216,,,,,3,1,6,root > V:21 > BH:26 > BH:5 > BH:16 > BH:27 > BH:40,evaluated,5,inf,False,692,168,524,1255.0,1.0,1.0,True,True,1,1,0,True,1,1,0,0,True,True,0,16,7,16,7,1,RP,sampled_pool,,,False,0.6111111111111112,0.7279342358924663,0.38888888888888884,0.1,adaptive,break_symmetry,offspring,feasible_start_adaptive_spacing,,,,feasible_start_adaptive_spacing,0.5,,True,auto_from_instance,0.75,0.35,"0,5,6,7,14,16,17,24,25,26,27,36,37,45,47","16,17,18,21,24,25,27",,,,,,"H[0,5,6,7,14,16,17,24,25,26,27,36,37,40,45,47]|V[16,17,18,21,24,25,27]",c29204a760792de9b5fff7fd1f22463071b8fe3a
proposed_nsga2_bs_Gyorgy-KOVACS_WH_Wide_AW_5_seed_123,proposed_nsga2_bs,Gyorgy-KOVACS_WH_Wide_AW_5,123,10,auto_from_instance,12,18,4,30,216,,,,,4,1,6,root > V:21 > BH:26 > BH:5 > BH:14 > BH:27 > BH:40,evaluated,6,inf,False,692,168,524,1271.0,1.0,1.0,True,True,1,1,0,True,1,1,0,0,True,True,0,16,7,16,7,1,RP,sampled_pool,,,False,0.6111111111111112,0.7279342358924663,0.38888888888888884,0.1,adaptive,break_symmetry,offspring,feasible_start_adaptive_spacing,,,,feasible_start_adaptive_spacing,0.5,,True,auto_from_instance,0.75,0.35,"0,5,6,7,14,16,17,24,25,26,27,36,37,45,47","16,17,18,21,24,25,27",,,,,,"H[0,5,6,7,14,16,17,24,25,26,27,36,37,40,45,47]|V[16,17,18,21,24,25,27]",d6f556ce4388bf7e47d115315ffef16b2112220e
proposed_nsga2_bs_Gyorgy-KOVACS_WH_Wide_AW_5_seed_123,proposed_nsga2_bs,Gyorgy-KOVACS_WH_Wide_AW_5,123,10,auto_from_instance,12,18,4,30,216,,,,,5,1,6,root > V:21 > BH:26 > BH:47 > BH:35 > BH:23 > BH:11,evaluated,7,inf,False,692,164,528,1293.0,1.0,1.0,True,True,1,1,0,True,1,1,0,0,True,True,0,18,7,18,7,1,RP,sampled_pool,,,False,0.6111111111111112,0.7279342358924663,0.38888888888888884,0.1,adaptive,break_symmetry,offspring,feasible_start_adaptive_spacing,,,,feasible_start_adaptive_spacing,0.5,,True,auto_from_instance,0.75,0.35,"0,5,6,7,14,16,17,24,25,26,27,36,37,45,47","16,17,18,21,24,25,27",,,,,,"H[0,5,6,7,11,14,16,17,23,24,25,26,27,35,36,37,45,47]|V[16,17,18,21,24,25,27]",aefb6def61337c0811fe5b11c3859df6b4d263cc
proposed_nsga2_bs_Gyorgy-KOVACS_WH_Wide_AW_5_seed_123,proposed_nsga2_bs,Gyorgy-KOVACS_WH_Wide_AW_5,123,10,auto_from_instance,12,18,4,30,216,,,,,6,2,8,root > V:15 > BH:26 > BH:5 > BH:16 > BH:25 > BH:36 > BH:45 > BV:24,selected,0,inf,True,497,247,250,385.0,1.0,1.0,True,True,1,1,0,True,1,1,0,0,True,True,0,13,10,13,10,2,PF_LS_RP,sampled_pool,,,False,0.6111111111111112,0.6861372107329139,0.38888888888888884,0.1,adaptive,swap_segments,offspring,feasible_start_adaptive_spacing,,,,feasible_start_adaptive_spacing,0.5,,True,auto_from_instance,0.75,0.35,"5,7,14,16,17,25,26,27,36,37,38,45,47","2,9,11,15,18,21,24,25,28,34",,,,,,"H[5,7,14,16,17,25,26,27,36,37,38,45,47]|V[2,9,11,15,18,21,24,25,28,34]",416c9c0e4f9e06143d78fee04cbc7a8d1c4800ad
proposed_nsga2_bs_Gyorgy-KOVACS_WH_Wide_AW_5_seed_123,proposed_nsga2_bs,Gyorgy-KOVACS_WH_Wide_AW_5,123,10,auto_from_instance,12,18,4,30,216,,,,,7,2,8,root > V:15 > BH:26 > BH:5 > BH:14 > BH:25 > BH:36 > BH:45 > BV:24,selected,0,inf,True,497,247,250,385.0,1.0,1.0,True,True,1,1,0,True,1,1,0,0,True,True,0,13,10,13,10,2,PF_LS_RP,sampled_pool,,,False,0.6111111111111112,0.6861372107329139,0.38888888888888884,0.1,adaptive,swap_segments,offspring,feasible_start_adaptive_spacing,,,,feasible_start_adaptive_spacing,0.5,,True,auto_from_instance,0.75,0.35,"5,7,14,16,17,25,26,27,36,37,38,45,47","2,9,11,15,18,21,24,25,28,34",,,,,,"H[5,7,14,16,17,25,26,27,36,37,38,45,47]|V[2,9,11,15,18,21,24,25,28,34]",4f5b467192e7c6ce4bc3fd69bf3ce13c31bd8ba0
proposed_nsga2_bs_Gyorgy-KOVACS_WH_Wide_AW_5_seed_123,proposed_nsga2_bs,Gyorgy-KOVACS_WH_Wide_AW_5,123,10,auto_from_instance,12,18,4,30,216,,,,,8,3,7,root > V:21 > BH:26 > BH:5 > BH:16 > BH:27 > BH:38 > BH:47,selected,4,inf,True,652,180,472,763.0,1.0,1.0,True,True,1,1,0,True,1,1,0,0,True,True,0,15,10,15,10,3,SS_PF_LS,sampled_pool,,,True,0.6111111111111112,0.5662004261223017,0.38888888888888884,0.1,adaptive,bit_flip,offspring,feasible_start_adaptive_spacing,,,,feasible_start_adaptive_spacing,0.5,,True,auto_from_instance,0.75,0.35,"0,5,6,7,14,16,17,25,26,27,37,38,45,47,57","10,16,17,19,21,24,25,27,29,34",,,,,,"H[0,5,6,7,14,16,17,25,26,27,37,38,45,47,57]|V[10,16,17,19,21,24,25,27,29,34]",2f63addef0a564eaffadcb442913b04bcdb20a31
proposed_nsga2_bs_Gyorgy-KOVACS_WH_Wide_AW_5_seed_123,proposed_nsga2_bs,Gyorgy-KOVACS_WH_Wide_AW_5,123,10,auto_from_instance,12,18,4,30,216,,,,,9,6,8,root > V:16 > BH:26 > BH:7 > BH:16 > BH:25 > BH:36 > BH:45 > BV:25,selected,1,inf,True,517,238,279,537.0,1.0,1.0,True,True,1,1,0,True,1,1,0,0,True,True,0,13,10,13,10,6,PF_LS,sampled_pool,,,False,0.6111111111111112,0.5682564105421931,0.38888888888888884,0.1,adaptive,bit_flip,offspring,feasible_start_adaptive_spacing,,,,feasible_start_adaptive_spacing,0.5,,True,auto_from_instance,0.75,0.35,"5,6,7,14,16,17,25,26,31,36,38,45,47","2,8,16,17,19,21,24,25,29,32",,,,,,"H[5,6,7,14,16,17,25,26,31,36,38,45,47]|V[2,8,16,17,19,21,24,25,29,32]",5f183debb27c7a24bc0f9f82fc27ee77d3fc24d8
proposed_nsga2_bs_Gyorgy-KOVACS_WH_Wide_AW_5_seed_123,proposed_nsga2_bs,Gyorgy-KOVACS_WH_Wide_AW_5,123,10,auto_from_instance,12,18,4,30,216,,,,,10,6,8,root > V:16 > BH:26 > BH:5 > BH:16 > BH:25 > BH:36 > BH:45 > BV:25,selected,0,inf,True,517,238,279,368.0,1.0,1.0,True,True,1,1,0,True,1,1,0,0,True,True,0,13,10,13,10,6,PF_LS,sampled_pool,,,False,0.6111111111111112,0.5682564105421931,0.38888888888888884,0.1,adaptive,bit_flip,offspring,feasible_start_adaptive_spacing,,,,feasible_start_adaptive_spacing,0.5,,True,auto_from_instance,0.75,0.35,"5,6,7,14,16,17,25,26,31,36,38,45,47","2,8,16,17,19,21,24,25,29,32",,,,,,"H[5,6,7,14,16,17,25,26,31,36,38,45,47]|V[2,8,16,17,19,21,24,25,29,32]",559a078c3ea143504613077c561cb3124d66b767
proposed_nsga2_bs_Gyorgy-KOVACS_WH_Wide_AW_5_seed_123,proposed_nsga2_bs,Gyorgy-KOVACS_WH_Wide_AW_5,123,10,auto_from_instance,12,18,4,30,216,,,,,11,6,8,root > V:16 > BH:26 > BH:7 > BH:16 > BH:25 > BH:36 > BH:45 > BV:29,selected,3,inf,True,517,225,292,755.0,1.0,1.0,True,True,1,1,0,True,1,1,0,0,True,True,0,13,10,13,10,6,PF_LS,sampled_pool,,,False,0.6111111111111112,0.5682564105421931,0.38888888888888884,0.1,adaptive,bit_flip,offspring,feasible_start_adaptive_spacing,,,,feasible_start_adaptive_spacing,0.5,,True,auto_from_instance,0.75,0.35,"5,6,7,14,16,17,25,26,31,36,38,45,47","2,8,16,17,19,21,24,25,29,32",,,,,,"H[5,6,7,14,16,17,25,26,31,36,38,45,47]|V[2,8,16,17,19,21,24,25,29,32]",03af9372cf0d8e782f6e425ae89227ab68d20a8e
proposed_nsga2_bs_Gyorgy-KOVACS_WH_Wide_AW_5_seed_123,proposed_nsga2_bs,Gyorgy-KOVACS_WH_Wide_AW_5,123,10,auto_from_instance,12,18,4,30,216,,,,,12,6,8,root > V:16 > BH:26 > BH:5 > BH:16 > BH:25 > BH:36 > BH:45 > BV:29,selected,2,inf,True,517,225,292,586.0,1.0,1.0,True,True,1,1,0,True,1,1,0,0,True,True,0,13,10,13,10,6,PF_LS,sampled_pool,,,False,0.6111111111111112,0.5682564105421931,0.38888888888888884,0.1,adaptive,bit_flip,offspring,feasible_start_adaptive_spacing,,,,feasible_start_adaptive_spacing,0.5,,True,auto_from_instance,0.75,0.35,"5,6,7,14,16,17,25,26,31,36,38,45,47","2,8,16,17,19,21,24,25,29,32",,,,,,"H[5,6,7,14,16,17,25,26,31,36,38,45,47]|V[2,8,16,17,19,21,24,25,29,32]",13a8831f3352523fe53b9477eb693b985fdfc37c
proposed_nsga2_bs_Gyorgy-KOVACS_WH_Wide_AW_5_seed_123,proposed_nsga2_bs,Gyorgy-KOVACS_WH_Wide_AW_5,123,10,auto_from_instance,12,18,4,30,216,,,,,13,9,8,root > V:16 > BH:26 > BH:5 > BH:16 > BH:27 > BH:36 > BH:45 > BV:25,selected,0,0.0,True,517,238,279,368.0,1.0,1.0,True,True,1,1,0,True,1,1,0,0,True,True,0,14,9,14,9,9,PF_SS_RP,sampled_pool,,,True,0.6111111111111112,0.5824585184136868,0.38888888888888884,0.1,adaptive,remove_random_aisle,offspring,feasible_start_adaptive_spacing,,,,feasible_start_adaptive_spacing,0.5,,True,auto_from_instance,0.75,0.35,"5,6,7,14,16,17,25,26,27,36,37,38,45,47","2,16,17,19,21,24,25,27,28",,,,,,"H[5,6,7,14,16,17,25,26,27,36,37,38,45,47]|V[2,16,17,19,21,24,25,27,28]",015ee1c8318bbe65f9d75b3878c91b9d7be2a076
proposed_nsga2_bs_Gyorgy-KOVACS_WH_Wide_AW_5_seed_123,proposed_nsga2_bs,Gyorgy-KOVACS_WH_Wide_AW_5,123,10,auto_from_instance,12,18,4,30,216,,,,,14,9,8,root > V:16 > BH:26 > BH:5 > BH:16 > BH:27 > BH:36 > BH:45 > BV:29,selected,2,0.0,True,517,225,292,586.0,1.0,1.0,True,True,1,1,0,True,1,1,0,0,True,True,0,14,10,14,10,9,PF_SS_RP,sampled_pool,,,True,0.6111111111111112,0.5824585184136868,0.38888888888888884,0.1,adaptive,remove_random_aisle,offspring,feasible_start_adaptive_spacing,,,,feasible_start_adaptive_spacing,0.5,,True,auto_from_instance,0.75,0.35,"5,6,7,14,16,17,25,26,27,36,37,38,45,47","2,16,17,19,21,24,25,27,28",,,,,,"H[5,6,7,14,16,17,25,26,27,36,37,38,45,47]|V[2,16,17,19,21,24,25,27,28,29]",ed71c8d546062d956359fd31a02e14699e745412
proposed_nsga2_bs_Gyorgy-KOVACS_WH_Wide_AW_5_seed_123,proposed_nsga2_bs,Gyorgy-KOVACS_WH_Wide_AW_5,123,10,auto_from_instance,12,18,4,30,216,,,,,15,12,8,root > V:16 > BH:26 > BH:5 > BH:14 > BH:25 > BH:36 > BH:45 > BV:25,selected,0,inf,True,517,238,279,368.0,1.0,1.0,True,True,1,1,0,True,1,1,0,0,True,True,0,12,7,12,7,12,PF_SS,sampled_pool,,,True,0.6111111111111112,0.5662932069209402,0.38888888888888884,0.1,adaptive,remove_random_aisle,offspring,feasible_start_adaptive_spacing,,,,feasible_start_adaptive_spacing,0.5,,True,auto_from_instance,0.75,0.35,"5,7,14,16,17,25,26,36,45,47,48,57","8,16,17,19,21,24,25",,,,,,"H[5,7,14,16,17,25,26,36,45,47,48,57]|V[8,16,17,19,21,24,25]",6fcfc694894a367ef71d338faec4ce589ca685b5
proposed_nsga2_bs_Gyorgy-KOVACS_WH_Wide_AW_5_seed_123,proposed_nsga2_bs,Gyorgy-KOVACS_WH_Wide_AW_5,123,10,auto_from_instance,12,18,4,30,216,,,,,16,12,8,root > V:16 > BH:26 > BH:5 > BH:14 > BH:25 > BH:36 > BH:45 > BV:29,selected,2,inf,True,517,225,292,586.0,1.0,1.0,True,True,1,1,0,True,1,1,0,0,True,True,0,12,8,12,8,12,PF_SS,sampled_pool,,,True,0.6111111111111112,0.5662932069209402,0.38888888888888884,0.1,adaptive,remove_random_aisle,offspring,feasible_start_adaptive_spacing,,,,feasible_start_adaptive_spacing,0.5,,True,auto_from_instance,0.75,0.35,"5,7,14,16,17,25,26,36,45,47,48,57","8,16,17,19,21,24,25",,,,,,"H[5,7,14,16,17,25,26,36,45,47,48,57]|V[8,16,17,19,21,24,25,29]",7e0f4d1a90907f684b7d565e90c4ddb6c1ba7c58
proposed_nsga2_bs_Gyorgy-KOVACS_WH_Wide_AW_5_seed_123,proposed_nsga2_bs,Gyorgy-KOVACS_WH_Wide_AW_5,123,11,auto_from_instance,12,18,4,30,216,,,,,1,1,8,root > V:16 > BH:26 > BH:5 > BH:16 > BH:25 > BH:36 > BH:45 > BV:25,selected,0,inf,True,517,238,279,368.0,1.0,1.0,True,True,1,1,0,True,1,1,0,0,True,True,0,13,11,13,11,1,PF_SS_RP,sampled_pool,,,True,0.6666666666666666,0.697745815632416,0.33333333333333337,0.1,adaptive,bit_flip,offspring,feasible_start_adaptive_spacing,,,,feasible_start_adaptive_spacing,0.5,,True,auto_from_instance,0.75,0.35,"5,6,7,14,16,17,25,26,31,36,38,45,47","2,8,13,16,17,19,21,24,25,29,32",,,,,,"H[5,6,7,14,16,17,25,26,31,36,38,45,47]|V[2,8,13,16,17,19,21,24,25,29,32]",559a078c3ea143504613077c561cb3124d66b767
proposed_nsga2_bs_Gyorgy-KOVACS_WH_Wide_AW_5_seed_123,proposed_nsga2_bs,Gyorgy-KOVACS_WH_Wide_AW_5,123,11,auto_from_instance,12,18,4,30,216,,,,,2,1,8,root > V:16 > BH:26 > BH:5 > BH:14 > BH:25 > BH:36 > BH:45 > BV:25,selected,0,0.0,True,517,238,279,368.0,1.0,1.0,True,True,1,1,0,True,1,1,0,0,True,True,0,13,11,13,11,1,PF_SS_RP,sampled_pool,,,True,0.6666666666666666,0.697745815632416,0.33333333333333337,0.1,adaptive,bit_flip,offspring,feasible_start_adaptive_spacing,,,,feasible_start_adaptive_spacing,0.5,,True,auto_from_instance,0.75,0.35,"5,6,7,14,16,17,25,26,31,36,38,45,47","2,8,13,16,17,19,21,24,25,29,32",,,,,,"H[5,6,7,14,16,17,25,26,31,36,38,45,47]|V[2,8,13,16,17,19,21,24,25,29,32]",6fcfc694894a367ef71d338faec4ce589ca685b5
proposed_nsga2_bs_Gyorgy-KOVACS_WH_Wide_AW_5_seed_123,proposed_nsga2_bs,Gyorgy-KOVACS_WH_Wide_AW_5,123,11,auto_from_instance,12,18,4,30,216,,,,,3,1,8,root > V:16 > BH:26 > BH:5 > BH:16 > BH:25 > BH:36 > BH:45 > BV:29,selected,3,inf,True,517,225,292,586.0,1.0,1.0,True,True,1,1,0,True,1,1,0,0,True,True,0,13,11,13,11,1,PF_SS_RP,sampled_pool,,,True,0.6666666666666666,0.697745815632416,0.33333333333333337,0.1,adaptive,bit_flip,offspring,feasible_start_adaptive_spacing,,,,feasible_start_adaptive_spacing,0.5,,True,auto_from_instance,0.75,0.35,"5,6,7,14,16,17,25,26,31,36,38,45,47","2,8,13,16,17,19,21,24,25,29,32",,,,,,"H[5,6,7,14,16,17,25,26,31,36,38,45,47]|V[2,8,13,16,17,19,21,24,25,29,32]",13a8831f3352523fe53b9477eb693b985fdfc37c
proposed_nsga2_bs_Gyorgy-KOVACS_WH_Wide_AW_5_seed_123,proposed_nsga2_bs,Gyorgy-KOVACS_WH_Wide_AW_5,123,11,auto_from_instance,12,18,4,30,216,,,,,4,1,8,root > V:16 > BH:26 > BH:5 > BH:14 > BH:25 > BH:36 > BH:45 > BV:29,selected,3,0.0,True,517,225,292,586.0,1.0,1.0,True,True,1,1,0,True,1,1,0,0,True,True,0,13,11,13,11,1,PF_SS_RP,sampled_pool,,,True,0.6666666666666666,0.697745815632416,0.33333333333333337,0.1,adaptive,bit_flip,offspring,feasible_start_adaptive_spacing,,,,feasible_start_adaptive_spacing,0.5,,True,auto_from_instance,0.75,0.35,"5,6,7,14,16,17,25,26,31,36,38,45,47","2,8,13,16,17,19,21,24,25,29,32",,,,,,"H[5,6,7,14,16,17,25,26,31,36,38,45,47]|V[2,8,13,16,17,19,21,24,25,29,32]",7e0f4d1a90907f684b7d565e90c4ddb6c1ba7c58
proposed_nsga2_bs_Gyorgy-KOVACS_WH_Wide_AW_5_seed_123,proposed_nsga2_bs,Gyorgy-KOVACS_WH_Wide_AW_5,123,11,auto_from_instance,12,18,4,30,216,,,,,5,2,8,root > V:16 > BH:26 > BH:7 > BH:16 > BH:25 > BH:36 > BH:45 > BV:25,selected,2,inf,True,517,238,279,537.0,1.0,1.0,True,True,1,1,0,True,1,1,0,0,True,True,0,12,8,12,8,2,LS,sampled_pool,,,False,0.6666666666666666,0.6224975912232681,0.33333333333333337,0.1,adaptive,bit_flip,offspring,feasible_start_adaptive_spacing,,,,feasible_start_adaptive_spacing,0.5,,True,auto_from_instance,0.75,0.35,"5,7,14,16,17,25,26,36,45,47,48,57","8,16,17,19,21,22,24,25",,,,,,"H[5,7,14,16,17,25,26,36,45,47,48,57]|V[8,16,17,19,21,22,24,25]",5f183debb27c7a24bc0f9f82fc27ee77d3fc24d8
proposed_nsga2_bs_Gyorgy-KOVACS_WH_Wide_AW_5_seed_123,proposed_nsga2_bs,Gyorgy-KOVACS_WH_Wide_AW_5,123,11,auto_from_instance,12,18,4,30,216,,,,,6,2,8,root > V:16 > BH:26 > BH:7 > BH:16 > BH:25 > BH:36 > BH:45 > BV:29,selected,5,inf,True,517,225,292,755.0,1.0,1.0,True,True,1,1,0,True,1,1,0,0,True,True,0,12,9,12,9,2,LS,sampled_pool,,,False,0.6666666666666666,0.6224975912232681,0.33333333333333337,0.1,adaptive,bit_flip,offspring,feasible_start_adaptive_spacing,,,,feasible_start_adaptive_spacing,0.5,,True,auto_from_instance,0.75,0.35,"5,7,14,16,17,25,26,36,45,47,48,57","8,16,17,19,21,22,24,25",,,,,,"H[5,7,14,16,17,25,26,36,45,47,48,57]|V[8,16,17,19,21,22,24,25,29]",03af9372cf0d8e782f6e425ae89227ab68d20a8e
proposed_nsga2_bs_Gyorgy-KOVACS_WH_Wide_AW_5_seed_123,proposed_nsga2_bs,Gyorgy-KOVACS_WH_Wide_AW_5,123,11,auto_from_instance,12,18,4,30,216,,,,,7,3,8,root > V:16 > BH:26 > BH:5 > BH:16 > BH:27 > BH:36 > BH:45 > BV:25,selected,0,inf,True,517,238,279,368.0,1.0,1.0,True,True,1,1,0,True,1,1,0,0,True,True,0,14,11,14,11,3,PF_RP,sampled_pool,,,False,0.6666666666666666,0.6627056087857853,0.33333333333333337,0.1,adaptive,insert_random_aisle,offspring,feasible_start_adaptive_spacing,,,,feasible_start_adaptive_spacing,0.5,,True,auto_from_instance,0.75,0.35,"5,6,7,14,16,17,25,26,27,36,37,38,45,47","2,8,9,16,17,18,21,24,25,29,32",,,,,,"H[5,6,7,14,16,17,25,26,27,36,37,38,45,47]|V[2,8,9,16,17,18,21,24,25,29,32]",015ee1c8318bbe65f9d75b3878c91b9d7be2a076
proposed_nsga2_bs_Gyorgy-KOVACS_WH_Wide_AW_5_seed_123,proposed_nsga2_bs,Gyorgy-KOVACS_WH_Wide_AW_5,123,11,auto_from_instance,12,18,4,30,216,,,,,8,3,8,root > V:16 > BH:26 > BH:5 > BH:16 > BH:27 > BH:36 > BH:45 > BV:29,selected,3,inf,True,517,225,292,586.0,1.0,1.0,True,True,1,1,0,True,1,1,0,0,True,True,0,14,11,14,11,3,PF_RP,sampled_pool,,,False,0.6666666666666666,0.6627056087857853,0.33333333333333337,0.1,adaptive,insert_random_aisle,offspring,feasible_start_adaptive_spacing,,,,feasible_start_adaptive_spacing,0.5,,True,auto_from_instance,0.75,0.35,"5,6,7,14,16,17,25,26,27,36,37,38,45,47","2,8,9,16,17,18,21,24,25,29,32",,,,,,"H[5,6,7,14,16,17,25,26,27,36,37,38,45,47]|V[2,8,9,16,17,18,21,24,25,29,32]",ed71c8d546062d956359fd31a02e14699e745412
proposed_nsga2_bs_Gyorgy-KOVACS_WH_Wide_AW_5_seed_123,proposed_nsga2_bs,Gyorgy-KOVACS_WH_Wide_AW_5,123,11,auto_from_instance,12,18,4,30,216,,,,,9,4,8,root > V:15 > BH:26 > BH:5 > BH:16 > BH:25 > BH:36 > BH:45 > BV:24,selected,0,inf,True,497,247,250,385.0,1.0,1.0,True,True,1,1,0,True,1,1,0,0,True,True,0,13,10,13,10,4,LS_RP,sampled_pool,,,False,0.6666666666666666,0.585044180345939,0.33333333333333337,0.1,adaptive,break_symmetry,offspring,feasible_start_adaptive_spacing,,,,feasible_start_adaptive_spacing,0.5,,True,auto_from_instance,0.75,0.35,"5,7,14,16,17,25,26,31,36,38,46,47","2,9,11,15,19,21,24,25,28,34",,,,,,"H[5,7,14,16,17,25,26,31,36,38,45,46,47]|V[2,9,11,15,19,21,24,25,28,34]",416c9c0e4f9e06143d78fee04cbc7a8d1c4800ad
proposed_nsga2_bs_Gyorgy-KOVACS_WH_Wide_AW_5_seed_123,proposed_nsga2_bs,Gyorgy-KOVACS_WH_Wide_AW_5,123,11,auto_from_instance,12,18,4,30,216,,,,,10,4,8,root > V:15 > BH:26 > BH:5 > BH:14 > BH:25 > BH:36 > BH:45 > BV:24,selected,0,inf,True,497,247,250,385.0,1.0,1.0,True,True,1,1,0,True,1,1,0,0,True,True,0,13,10,13,10,4,LS_RP,sampled_pool,,,False,0.6666666666666666,0.585044180345939,0.33333333333333337,0.1,adaptive,break_symmetry,offspring,feasible_start_adaptive_spacing,,,,feasible_start_adaptive_spacing,0.5,,True,auto_from_instance,0.75,0.35,"5,7,14,16,17,25,26,31,36,38,46,47","2,9,11,15,19,21,24,25,28,34",,,,,,"H[5,7,14,16,17,25,26,31,36,38,45,46,47]|V[2,9,11,15,19,21,24,25,28,34]",4f5b467192e7c6ce4bc3fd69bf3ce13c31bd8ba0
proposed_nsga2_bs_Gyorgy-KOVACS_WH_Wide_AW_5_seed_123,proposed_nsga2_bs,Gyorgy-KOVACS_WH_Wide_AW_5,123,11,auto_from_instance,12,18,4,30,216,,,,,11,5,8,root > V:16 > BH:26 > BH:5 > BH:14 > BH:27 > BH:36 > BH:45 > BV:25,selected,1,inf,True,517,238,279,394.0,1.0,1.0,True,True,1,1,0,True,1,1,0,0,True,True,0,15,10,15,10,5,LS,sampled_pool,,,False,0.6666666666666666,0.6492261977769161,0.33333333333333337,0.1,adaptive,break_symmetry,offspring,feasible_start_adaptive_spacing,,,,feasible_start_adaptive_spacing,0.5,,True,auto_from_instance,0.75,0.35,"5,6,7,14,16,17,25,26,27,36,37,38,46,47","2,8,16,17,19,21,24,25,29,32",,,,,,"H[5,6,7,14,16,17,25,26,27,36,37,38,45,46,47]|V[2,8,16,17,19,21,24,25,29,32]",4bede7bfd994b3fc49c6e6a296741a248f655e92
proposed_nsga2_bs_Gyorgy-KOVACS_WH_Wide_AW_5_seed_123,proposed_nsga2_bs,Gyorgy-KOVACS_WH_Wide_AW_5,123,11,auto_from_instance,12,18,4,30,216,,,,,12,5,8,root > V:16 > BH:26 > BH:5 > BH:14 > BH:27 > BH:36 > BH:45 > BV:29,selected,4,inf,True,517,225,292,612.0,1.0,1.0,True,True,1,1,0,True,1,1,0,0,True,True,0,15,10,15,10,5,LS,sampled_pool,,,False,0.6666666666666666,0.6492261977769161,0.33333333333333337,0.1,adaptive,break_symmetry,offspring,feasible_start_adaptive_spacing,,,,feasible_start_adaptive_spacing,0.5,,True,auto_from_instance,0.75,0.35,"5,6,7,14,16,17,25,26,27,36,37,38,46,47","2,8,16,17,19,21,24,25,29,32",,,,,,"H[5,6,7,14,16,17,25,26,27,36,37,38,45,46,47]|V[2,8,16,17,19,21,24,25,29,32]",d69cf9fcac3a7c4a4c2f67adb71a7c7abf68b633
proposed_nsga2_bs_Gyorgy-KOVACS_WH_Wide_AW_5_seed_123,proposed_nsga2_bs,Gyorgy-KOVACS_WH_Wide_AW_5,123,11,auto_from_instance,12,18,4,30,216,,,,,13,6,5,root > H:38 > BH:13 > BV:25 > BV:25 > BH:26,evaluated,8,inf,False,727,162,565,1262.0,1.0,1.0,True,True,1,1,0,True,1,1,0,0,True,True,0,13,10,13,10,6,SS_LS_PF,sampled_pool,,,True,0.6666666666666666,0.6552660887576267,0.33333333333333337,0.1,adaptive,swap_segments,offspring,feasible_start_adaptive_spacing,,,,feasible_start_adaptive_spacing,0.5,,True,auto_from_instance,0.75,0.35,"5,7,14,16,17,25,26,31,36,38,45,47","2,4,7,10,11,15,23,25,28,34",,,,,,"H[5,7,13,14,16,17,25,26,31,36,38,45,47]|V[2,4,7,10,11,15,23,25,28,34]",9defe12d74509891915e4bdebd6a12ae30507c3b
proposed_nsga2_bs_Gyorgy-KOVACS_WH_Wide_AW_5_seed_123,proposed_nsga2_bs,Gyorgy-KOVACS_WH_Wide_AW_5,123,11,auto_from_instance,12,18,4,30,216,,,,,14,6,5,root > H:14 > BH:37 > BV:25 > BV:25 > BH:27,evaluated,7,inf,False,717,168,549,1225.0,1.0,1.0,True,True,1,1,0,True,1,1,0,0,True,True,0,14,10,14,10,6,SS_LS_PF,sampled_pool,,,True,0.6666666666666666,0.6552660887576267,0.33333333333333337,0.1,adaptive,swap_segments,offspring,feasible_start_adaptive_spacing,,,,feasible_start_adaptive_spacing,0.5,,True,auto_from_instance,0.75,0.35,"5,7,14,16,17,25,26,31,36,38,45,47","2,4,7,10,11,15,23,25,28,34",,,,,,"H[5,7,14,16,17,25,26,27,31,36,37,38,45,47]|V[2,4,7,10,11,15,23,25,28,34]",afe886326d4751ad49ab26d1d46274a0c4fd625a
proposed_nsga2_bs_Gyorgy-KOVACS_WH_Wide_AW_5_seed_123,proposed_nsga2_bs,Gyorgy-KOVACS_WH_Wide_AW_5,123,11,auto_from_instance,12,18,4,30,216,,,,,15,6,5,root > H:14 > BH:37 > BV:25 > BV:25 > BH:25,evaluated,7,inf,False,717,168,549,1225.0,1.0,1.0,True,True,1,1,0,True,1,1,0,0,True,True,0,13,10,13,10,6,SS_LS_PF,sampled_pool,,,True,0.6666666666666666,0.6552660887576267,0.33333333333333337,0.1,adaptive,swap_segments,offspring,feasible_start_adaptive_spacing,,,,feasible_start_adaptive_spacing,0.5,,True,auto_from_instance,0.75,0.35,"5,7,14,16,17,25,26,31,36,38,45,47","2,4,7,10,11,15,23,25,28,34",,,,,,"H[5,7,14,16,17,25,26,31,36,37,38,45,47]|V[2,4,7,10,11,15,23,25,28,34]",68543fe424a3c5e9c649d01a634c606277c3b89e
proposed_nsga2_bs_Gyorgy-KOVACS_WH_Wide_AW_5_seed_123,proposed_nsga2_bs,Gyorgy-KOVACS_WH_Wide_AW_5,123,11,auto_from_instance,12,18,4,30,216,,,,,16,6,5,root > H:38 > BH:13 > BV:25 > BV:25 > BH:28,evaluated,9,inf,False,727,162,565,1304.0,1.0,1.0,True,True,1,1,0,True,1,1,0,0,True,True,0,14,10,14,10,6,SS_LS_PF,sampled_pool,,,True,0.6666666666666666,0.6552660887576267,0.33333333333333337,0.1,adaptive,swap_segments,offspring,feasible_start_adaptive_spacing,,,,feasible_start_adaptive_spacing,0.5,,True,auto_from_instance,0.75,0.35,"5,7,14,16,17,25,26,31,36,38,45,47","2,4,7,10,11,15,23,25,28,34",,,,,,"H[5,7,13,14,16,17,25,26,28,31,36,38,45,47]|V[2,4,7,10,11,15,23,25,28,34]",e7a53237b0e702a276b0f2c3994baf98976fe371
proposed_nsga2_bs_Gyorgy-KOVACS_WH_Wide_AW_5_seed_123,proposed_nsga2_bs,Gyorgy-KOVACS_WH_Wide_AW_5,123,11,auto_from_instance,12,18,4,30,216,,,,,17,6,5,root > H:38 > BH:13 > BV:25 > BV:25 > BH:24,evaluated,9,inf,False,727,162,565,1304.0,1.0,1.0,True,True,1,1,0,True,1,1,0,0,True,True,0,14,10,14,10,6,SS_LS_PF,sampled_pool,,,True,0.6666666666666666,0.6552660887576267,0.33333333333333337,0.1,adaptive,swap_segments,offspring,feasible_start_adaptive_spacing,,,,feasible_start_adaptive_spacing,0.5,,True,auto_from_instance,0.75,0.35,"5,7,14,16,17,25,26,31,36,38,45,47","2,4,7,10,11,15,23,25,28,34",,,,,,"H[5,7,13,14,16,17,24,25,26,31,36,38,45,47]|V[2,4,7,10,11,15,23,25,28,34]",79066e0974a982854d4d33c21116a91d12acdbf5
proposed_nsga2_bs_Gyorgy-KOVACS_WH_Wide_AW_5_seed_123,proposed_nsga2_bs,Gyorgy-KOVACS_WH_Wide_AW_5,123,11,auto_from_instance,12,18,4,30,216,,,,,18,9,5,root > H:14 > BH:37 > BV:25 > BV:25 > BH:23,evaluated,8,inf,False,717,166,551,1309.0,1.0,1.0,True,True,1,1,0,True,1,1,0,0,True,True,0,13,9,13,9,9,RP,sampled_pool,,,False,0.6666666666666666,0.6985577770368425,0.33333333333333337,0.1,adaptive,swap_segments,offspring,feasible_start_adaptive_spacing,,,,feasible_start_adaptive_spacing,0.5,,True,auto_from_instance,0.75,0.35,"5,7,14,16,17,25,26,36,45,47,48","4,6,9,16,17,23,25,29,32",,,,,,"H[5,7,14,16,17,23,25,26,36,37,45,47,48]|V[4,6,9,16,17,23,25,29,32]",56d1e076b97a30ae27d99a42a3ec6e5dc49122f1
proposed_nsga2_bs_Gyorgy-KOVACS_WH_Wide_AW_5_seed_123,proposed_nsga2_bs,Gyorgy-KOVACS_WH_Wide_AW_5,123,11,auto_from_instance,12,18,4,30,216,,,,,19,12,7,root > V:21 > BH:26 > BH:5 > BH:16 > BH:27 > BH:38 > BH:47,evaluated,6,inf,False,652,180,472,763.0,1.0,1.0,True,True,1,1,0,True,1,1,0,0,True,True,0,14,10,14,10,12,SS,sampled_pool,,,True,0.6666666666666666,0.6422718855127368,0.33333333333333337,0.1,adaptive,insert_random_aisle,offspring,feasible_start_adaptive_spacing,,,,feasible_start_adaptive_spacing,0.5,,True,auto_from_instance,0.75,0.35,"5,6,7,14,16,17,25,26,36,45,47,48","2,8,16,17,19,21,24,25,32,34",,,,,,"H[5,6,7,14,16,17,25,26,27,36,38,45,47,48]|V[2,8,16,17,19,21,24,25,32,34]",2f63addef0a564eaffadcb442913b04bcdb20a31
proposed_nsga2_bs_Gyorgy-KOVACS_WH_Wide_AW_5_seed_123,proposed_nsga2_bs,Gyorgy-KOVACS_WH_Wide_AW_5,123,12,auto_from_instance,12,18,4,30,216,,,,,1,1,8,root > V:15 > BH:26 > BH:7 > BH:16 > BH:25 > BH:36 > BH:45 > BV:24,selected,1,inf,True,497,247,250,567.0,1.0,1.0,True,True,1,1,0,True,1,1,0,0,True,True,0,13,10,13,10,1,LS_PF,sampled_pool,,,False,0.7222222222222222,0.7595401288341013,0.2777777777777778,0.1,adaptive,insert_random_aisle,offspring,feasible_start_adaptive_spacing,,,,feasible_start_adaptive_spacing,0.5,,True,auto_from_instance,0.75,0.35,"5,7,14,16,17,25,26,31,36,38,45,46,47","2,9,11,15,19,20,21,24,25,34",,,,,,"H[5,7,14,16,17,25,26,31,36,38,45,46,47]|V[2,9,11,15,19,20,21,24,25,34]",bad25caaf4e753481b1b798360caa6634ad939f7
proposed_nsga2_bs_Gyorgy-KOVACS_WH_Wide_AW_5_seed_123,proposed_nsga2_bs,Gyorgy-KOVACS_WH_Wide_AW_5,123,12,auto_from_instance,12,18,4,30,216,,,,,2,1,8,root > V:15 > BH:26 > BH:5 > BH:16 > BH:25 > BH:36 > BH:45 > BV:24,selected,0,inf,True,497,247,250,385.0,1.0,1.0,True,True,1,1,0,True,1,1,0,0,True,True,0,13,10,13,10,1,LS_PF,sampled_pool,,,False,0.7222222222222222,0.7595401288341013,0.2777777777777778,0.1,adaptive,insert_random_aisle,offspring,feasible_start_adaptive_spacing,,,,feasible_start_adaptive_spacing,0.5,,True,auto_from_instance,0.75,0.35,"5,7,14,16,17,25,26,31,36,38,45,46,47","2,9,11,15,19,20,21,24,25,34",,,,,,"H[5,7,14,16,17,25,26,31,36,38,45,46,47]|V[2,9,11,15,19,20,21,24,25,34]",416c9c0e4f9e06143d78fee04cbc7a8d1c4800ad
proposed_nsga2_bs_Gyorgy-KOVACS_WH_Wide_AW_5_seed_123,proposed_nsga2_bs,Gyorgy-KOVACS_WH_Wide_AW_5,123,12,auto_from_instance,12,18,4,30,216,,,,,3,2,8,root > V:16 > BH:26 > BH:5 > BH:16 > BH:25 > BH:36 > BH:45 > BV:25,selected,0,inf,True,517,238,279,368.0,1.0,1.0,True,True,1,1,0,True,1,1,0,0,True,True,0,14,12,14,12,2,PF_RP,sampled_pool,,,False,0.7222222222222222,0.7433454229479519,0.2777777777777778,0.1,adaptive,bit_flip,offspring,feasible_start_adaptive_spacing,,,,feasible_start_adaptive_spacing,0.5,,True,auto_from_instance,0.75,0.35,"5,6,7,14,16,17,22,25,26,31,36,38,45,47","2,8,13,16,17,19,21,24,25,28,29,32",,,,,,"H[5,6,7,14,16,17,22,25,26,31,36,38,45,47]|V[2,8,13,16,17,19,21,24,25,28,29,32]",559a078c3ea143504613077c561cb3124d66b767
proposed_nsga2_bs_Gyorgy-KOVACS_WH_Wide_AW_5_seed_123,proposed_nsga2_bs,Gyorgy-KOVACS_WH_Wide_AW_5,123,12,auto_from_instance,12,18,4,30,216,,,,,4,2,8,root > V:16 > BH:26 > BH:5 > BH:14 > BH:25 > BH:36 > BH:45 > BV:25,selected,0,0.0,True,517,238,279,368.0,1.0,1.0,True,True,1,1,0,True,1,1,0,0,True,True,0,14,12,14,12,2,PF_RP,sampled_pool,,,False,0.7222222222222222,0.7433454229479519,0.2777777777777778,0.1,adaptive,bit_flip,offspring,feasible_start_adaptive_spacing,,,,feasible_start_adaptive_spacing,0.5,,True,auto_from_instance,0.75,0.35,"5,6,7,14,16,17,22,25,26,31,36,38,45,47","2,8,13,16,17,19,21,24,25,28,29,32",,,,,,"H[5,6,7,14,16,17,22,25,26,31,36,38,45,47]|V[2,8,13,16,17,19,21,24,25,28,29,32]",6fcfc694894a367ef71d338faec4ce589ca685b5
proposed_nsga2_bs_Gyorgy-KOVACS_WH_Wide_AW_5_seed_123,proposed_nsga2_bs,Gyorgy-KOVACS_WH_Wide_AW_5,123,12,auto_from_instance,12,18,4,30,216,,,,,5,2,8,root > V:16 > BH:26 > BH:5 > BH:16 > BH:25 > BH:36 > BH:45 > BV:29,selected,2,inf,True,517,225,292,586.0,1.0,1.0,True,True,1,1,0,True,1,1,0,0,True,True,0,14,12,14,12,2,PF_RP,sampled_pool,,,False,0.7222222222222222,0.7433454229479519,0.2777777777777778,0.1,adaptive,bit_flip,offspring,feasible_start_adaptive_spacing,,,,feasible_start_adaptive_spacing,0.5,,True,auto_from_instance,0.75,0.35,"5,6,7,14,16,17,22,25,26,31,36,38,45,47","2,8,13,16,17,19,21,24,25,28,29,32",,,,,,"H[5,6,7,14,16,17,22,25,26,31,36,38,45,47]|V[2,8,13,16,17,19,21,24,25,28,29,32]",13a8831f3352523fe53b9477eb693b985fdfc37c
proposed_nsga2_bs_Gyorgy-KOVACS_WH_Wide_AW_5_seed_123,proposed_nsga2_bs,Gyorgy-KOVACS_WH_Wide_AW_5,123,12,auto_from_instance,12,18,4,30,216,,,,,6,2,8,root > V:16 > BH:26 > BH:5 > BH:14 > BH:25 > BH:36 > BH:45 > BV:29,selected,2,0.0,True,517,225,292,586.0,1.0,1.0,True,True,1,1,0,True,1,1,0,0,True,True,0,14,12,14,12,2,PF_RP,sampled_pool,,,False,0.7222222222222222,0.7433454229479519,0.2777777777777778,0.1,adaptive,bit_flip,offspring,feasible_start_adaptive_spacing,,,,feasible_start_adaptive_spacing,0.5,,True,auto_from_instance,0.75,0.35,"5,6,7,14,16,17,22,25,26,31,36,38,45,47","2,8,13,16,17,19,21,24,25,28,29,32",,,,,,"H[5,6,7,14,16,17,22,25,26,31,36,38,45,47]|V[2,8,13,16,17,19,21,24,25,28,29,32]",7e0f4d1a90907f684b7d565e90c4ddb6c1ba7c58
proposed_nsga2_bs_Gyorgy-KOVACS_WH_Wide_AW_5_seed_123,proposed_nsga2_bs,Gyorgy-KOVACS_WH_Wide_AW_5,123,12,auto_from_instance,12,18,4,30,216,,,,,7,3,8,root > V:16 > BH:26 > BH:5 > BH:16 > BH:27 > BH:36 > BH:45 > BV:25,selected,0,inf,True,517,238,279,368.0,1.0,1.0,True,True,1,1,0,True,1,1,0,0,True,True,0,14,11,14,11,3,PF_LS,sampled_pool,,,False,0.7222222222222222,0.7075554455533172,0.2777777777777778,0.1,adaptive,bit_flip,offspring,feasible_start_adaptive_spacing,,,,feasible_start_adaptive_spacing,0.5,,True,auto_from_instance,0.75,0.35,"5,7,14,16,17,25,26,36,37,38,45,47,57","2,9,11,16,17,18,21,24,25,29,32",,,,,,"H[5,7,14,16,17,25,26,27,36,37,38,45,47,57]|V[2,9,11,16,17,18,21,24,25,29,32]",015ee1c8318bbe65f9d75b3878c91b9d7be2a076
proposed_nsga2_bs_Gyorgy-KOVACS_WH_Wide_AW_5_seed_123,proposed_nsga2_bs,Gyorgy-KOVACS_WH_Wide_AW_5,123,12,auto_from_instance,12,18,4,30,216,,,,,8,3,8,root > V:16 > BH:26 > BH:5 > BH:16 > BH:27 > BH:36 > BH:45 > BV:29,selected,2,inf,True,517,225,292,586.0,1.0,1.0,True,True,1,1,0,True,1,1,0,0,True,True,0,14,11,14,11,3,PF_LS,sampled_pool,,,False,0.7222222222222222,0.7075554455533172,0.2777777777777778,0.1,adaptive,bit_flip,offspring,feasible_start_adaptive_spacing,,,,feasible_start_adaptive_spacing,0.5,,True,auto_from_instance,0.75,0.35,"5,7,14,16,17,25,26,36,37,38,45,47,57","2,9,11,16,17,18,21,24,25,29,32",,,,,,"H[5,7,14,16,17,25,26,27,36,37,38,45,47,57]|V[2,9,11,16,17,18,21,24,25,29,32]",ed71c8d546062d956359fd31a02e14699e745412
proposed_nsga2_bs_Gyorgy-KOVACS_WH_Wide_AW_5_seed_123,proposed_nsga2_bs,Gyorgy-KOVACS_WH_Wide_AW_5,123,12,auto_from_instance,12,18,4,30,216,,,,,9,5,8,root > V:16 > BH:26 > BH:5 > BH:14 > BH:27 > BH:36 > BH:45 > BV:25,selected,1,inf,True,517,238,279,394.0,1.0,1.0,True,True,1,1,0,True,1,1,0,0,True,True,0,11,10,11,10,5,LS_PF,sampled_pool,,,False,0.7222222222222222,0.7244623585621762,0.2777777777777778,0.1,adaptive,break_symmetry,offspring,feasible_start_adaptive_spacing,,,,feasible_start_adaptive_spacing,0.5,,True,auto_from_instance,0.75,0.35,"5,7,14,16,17,25,26,36,45,47","8,9,16,17,19,21,24,25,29,32",,,,,,"H[5,7,14,16,17,25,26,27,36,45,47]|V[8,9,16,17,19,21,24,25,29,32]",4bede7bfd994b3fc49c6e6a296741a248f655e92
proposed_nsga2_bs_Gyorgy-KOVACS_WH_Wide_AW_5_seed_123,proposed_nsga2_bs,Gyorgy-KOVACS_WH_Wide_AW_5,123,12,auto_from_instance,12,18,4,30,216,,,,,10,5,8,root > V:16 > BH:26 > BH:5 > BH:14 > BH:27 > BH:36 > BH:45 > BV:29,selected,3,inf,True,517,225,292,612.0,1.0,1.0,True,True,1,1,0,True,1,1,0,0,True,True,0,11,10,11,10,5,LS_PF,sampled_pool,,,False,0.7222222222222222,0.7244623585621762,0.2777777777777778,0.1,adaptive,break_symmetry,offspring,feasible_start_adaptive_spacing,,,,feasible_start_adaptive_spacing,0.5,,True,auto_from_instance,0.75,0.35,"5,7,14,16,17,25,26,36,45,47","8,9,16,17,19,21,24,25,29,32",,,,,,"H[5,7,14,16,17,25,26,27,36,45,47]|V[8,9,16,17,19,21,24,25,29,32]",d69cf9fcac3a7c4a4c2f67adb71a7c7abf68b633
proposed_nsga2_bs_Gyorgy-KOVACS_WH_Wide_AW_5_seed_123,proposed_nsga2_bs,Gyorgy-KOVACS_WH_Wide_AW_5,123,12,auto_from_instance,12,18,4,30,216,,,,,11,12,8,root > V:15 > BH:26 > BH:5 > BH:14 > BH:25 > BH:36 > BH:45 > BV:24,selected,0,inf,True,497,247,250,385.0,1.0,1.0,True,True,1,1,0,True,1,1,0,0,True,True,0,13,10,13,10,12,PF_SS,sampled_pool,,,True,0.7222222222222222,0.7184182919576091,0.2777777777777778,0.1,adaptive,swap_segments,offspring,feasible_start_adaptive_spacing,,,,feasible_start_adaptive_spacing,0.5,,True,auto_from_instance,0.75,0.35,"5,7,14,16,17,25,26,31,36,38,45,46,47","2,9,11,13,15,21,24,25,28,34",,,,,,"H[5,7,14,16,17,25,26,31,36,38,45,46,47]|V[2,9,11,13,15,21,24,25,28,34]",4f5b467192e7c6ce4bc3fd69bf3ce13c31bd8ba0
proposed_nsga2_bs_Gyorgy-KOVACS_WH_Wide_AW_5_seed_123,proposed_nsga2_bs,Gyorgy-KOVACS_WH_Wide_AW_5,123,13,auto_from_instance,12,18,4,30,216,,,,,1,1,7,root > V:21 > BH:26 > BH:5 > BH:16 > BH:25 > BH:36 > BH:47,evaluated,5,inf,False,652,180,472,763.0,1.0,1.0,True,True,1,1,0,True,1,1,0,0,True,True,0,13,8,13,8,1,LS_RP,sampled_pool,,,False,0.7777777777777778,0.8465477699258617,0.2222222222222222,0.1,adaptive,remove_random_aisle,offspring,feasible_start_adaptive_spacing,,,,feasible_start_adaptive_spacing,0.5,,True,auto_from_instance,0.75,0.35,"5,7,14,16,17,25,26,31,36,38,45,46","2,9,11,21,24,25,28,34",,,,,,"H[5,7,14,16,17,25,26,31,36,38,45,46,47]|V[2,9,11,21,24,25,28,34]",01a90fb20467da592e93711ac8a849c3053fcfd6
proposed_nsga2_bs_Gyorgy-KOVACS_WH_Wide_AW_5_seed_123,proposed_nsga2_bs,Gyorgy-KOVACS_WH_Wide_AW_5,123,13,auto_from_instance,12,18,4,30,216,,,,,2,1,7,root > V:21 > BH:26 > BH:5 > BH:14 > BH:25 > BH:36 > BH:47,evaluated,5,0.0,False,652,180,472,763.0,1.0,1.0,True,True,1,1,0,True,1,1,0,0,True,True,0,13,8,13,8,1,LS_RP,sampled_pool,,,False,0.7777777777777778,0.8465477699258617,0.2222222222222222,0.1,adaptive,remove_random_aisle,offspring,feasible_start_adaptive_spacing,,,,feasible_start_adaptive_spacing,0.5,,True,auto_from_instance,0.75,0.35,"5,7,14,16,17,25,26,31,36,38,45,46","2,9,11,21,24,25,28,34",,,,,,"H[5,7,14,16,17,25,26,31,36,38,45,46,47]|V[2,9,11,21,24,25,28,34]",1958a387e19298fbb01706dd6afdd7339df9d6ae
proposed_nsga2_bs_Gyorgy-KOVACS_WH_Wide_AW_5_seed_123,proposed_nsga2_bs,Gyorgy-KOVACS_WH_Wide_AW_5,123,13,auto_from_instance,12,18,4,30,216,,,,,3,1,7,root > V:21 > BH:26 > BH:7 > BH:16 > BH:25 > BH:36 > BH:47,evaluated,7,inf,False,652,180,472,867.0,1.0,1.0,True,True,1,1,0,True,1,1,0,0,True,True,0,13,8,13,8,1,LS_RP,sampled_pool,,,False,0.7777777777777778,0.8465477699258617,0.2222222222222222,0.1,adaptive,remove_random_aisle,offspring,feasible_start_adaptive_spacing,,,,feasible_start_adaptive_spacing,0.5,,True,auto_from_instance,0.75,0.35,"5,7,14,16,17,25,26,31,36,38,45,46","2,9,11,21,24,25,28,34",,,,,,"H[5,7,14,16,17,25,26,31,36,38,45,46,47]|V[2,9,11,21,24,25,28,34]",b7080d9cb61c36aedc6f73cfe3724fe27e5ce9c6
proposed_nsga2_bs_Gyorgy-KOVACS_WH_Wide_AW_5_seed_123,proposed_nsga2_bs,Gyorgy-KOVACS_WH_Wide_AW_5,123,13,auto_from_instance,12,18,4,30,216,,,,,4,1,7,root > V:21 > BH:26 > BH:5 > BH:16 > BH:25 > BH:36 > BH:45,evaluated,8,inf,False,652,180,472,899.0,1.0,1.0,True,True,1,1,0,True,1,1,0,0,True,True,0,12,8,12,8,1,LS_RP,sampled_pool,,,False,0.7777777777777778,0.8465477699258617,0.2222222222222222,0.1,adaptive,remove_random_aisle,offspring,feasible_start_adaptive_spacing,,,,feasible_start_adaptive_spacing,0.5,,True,auto_from_instance,0.75,0.35,"5,7,14,16,17,25,26,31,36,38,45,46","2,9,11,21,24,25,28,34",,,,,,"H[5,7,14,16,17,25,26,31,36,38,45,46]|V[2,9,11,21,24,25,28,34]",8e88c0c464d5e2054bb58e24df478d0e262d6485
proposed_nsga2_bs_Gyorgy-KOVACS_WH_Wide_AW_5_seed_123,proposed_nsga2_bs,Gyorgy-KOVACS_WH_Wide_AW_5,123,13,auto_from_instance,12,18,4,30,216,,,,,5,1,7,root > V:21 > BH:26 > BH:5 > BH:14 > BH:25 > BH:36 > BH:45,evaluated,8,inf,False,652,180,472,899.0,1.0,1.0,True,True,1,1,0,True,1,1,0,0,True,True,0,12,8,12,8,1,LS_RP,sampled_pool,,,False,0.7777777777777778,0.8465477699258617,0.2222222222222222,0.1,adaptive,remove_random_aisle,offspring,feasible_start_adaptive_spacing,,,,feasible_start_adaptive_spacing,0.5,,True,auto_from_instance,0.75,0.35,"5,7,14,16,17,25,26,31,36,38,45,46","2,9,11,21,24,25,28,34",,,,,,"H[5,7,14,16,17,25,26,31,36,38,45,46]|V[2,9,11,21,24,25,28,34]",f2b245d80a9e03cb9543fcc56f57562ad4aadb7c
proposed_nsga2_bs_Gyorgy-KOVACS_WH_Wide_AW_5_seed_123,proposed_nsga2_bs,Gyorgy-KOVACS_WH_Wide_AW_5,123,13,auto_from_instance,12,18,4,30,216,,,,,6,2,7,root > V:21 > BH:26 > BH:5 > BH:16 > BH:27 > BH:38 > BH:47,evaluated,5,inf,False,652,180,472,763.0,1.0,1.0,True,True,1,1,0,True,1,1,0,0,True,True,0,16,13,16,13,2,RP_LS,sampled_pool,,,False,0.7777777777777778,0.7654682462022255,0.2222222222222222,0.1,adaptive,swap_segments,offspring,feasible_start_adaptive_spacing,,,,feasible_start_adaptive_spacing,0.5,,True,auto_from_instance,0.75,0.35,"5,7,14,16,17,18,25,27,36,37,45,46,47,57","2,9,11,13,15,16,17,18,21,24,25,29,32",,,,,,"H[5,7,14,16,17,18,25,26,27,36,37,38,45,46,47,57]|V[2,9,11,13,15,16,17,18,21,24,25,29,32]",2f63addef0a564eaffadcb442913b04bcdb20a31
proposed_nsga2_bs_Gyorgy-KOVACS_WH_Wide_AW_5_seed_123,proposed_nsga2_bs,Gyorgy-KOVACS_WH_Wide_AW_5,123,13,auto_from_instance,12,18,4,30,216,,,,,7,2,7,root > V:21 > BH:26 > BH:5 > BH:16 > BH:25 > BH:38 > BH:47,evaluated,6,inf,False,652,180,472,779.0,1.0,1.0,True,True,1,1,0,True,1,1,0,0,True,True,0,16,13,16,13,2,RP_LS,sampled_pool,,,False,0.7777777777777778,0.7654682462022255,0.2222222222222222,0.1,adaptive,swap_segments,offspring,feasible_start_adaptive_spacing,,,,feasible_start_adaptive_spacing,0.5,,True,auto_from_instance,0.75,0.35,"5,7,14,16,17,18,25,27,36,37,45,46,47,57","2,9,11,13,15,16,17,18,21,24,25,29,32",,,,,,"H[5,7,14,16,17,18,25,26,27,36,37,38,45,46,47,57]|V[2,9,11,13,15,16,17,18,21,24,25,29,32]",a792a56432daab33caeba3cd7c76504fd95e9146
proposed_nsga2_bs_Gyorgy-KOVACS_WH_Wide_AW_5_seed_123,proposed_nsga2_bs,Gyorgy-KOVACS_WH_Wide_AW_5,123,13,auto_from_instance,12,18,4,30,216,,,,,8,4,8,root > V:16 > BH:26 > BH:5 > BH:16 > BH:25 > BH:36 > BH:45 > BV:25,selected,0,inf,True,517,238,279,368.0,1.0,1.0,True,True,1,1,0,True,1,1,0,0,True,True,0,14,12,14,12,4,PF_RP,sampled_pool,,,False,0.7777777777777778,0.8391804960745108,0.2222222222222222,0.1,adaptive,insert_random_aisle,offspring,feasible_start_adaptive_spacing,,,,feasible_start_adaptive_spacing,0.5,,True,auto_from_instance,0.75,0.35,"5,6,7,14,16,17,22,25,26,27,36,38,45,47","2,8,9,16,17,19,21,24,25,28,29,32",,,,,,"H[5,6,7,14,16,17,22,25,26,27,36,38,45,47]|V[2,8,9,16,17,19,21,24,25,28,29,32]",559a078c3ea143504613077c561cb3124d66b767
proposed_nsga2_bs_Gyorgy-KOVACS_WH_Wide_AW_5_seed_123,proposed_nsga2_bs,Gyorgy-KOVACS_WH_Wide_AW_5,123,13,auto_from_instance,12,18,4,30,216,,,,,9,4,8,root > V:16 > BH:26 > BH:5 > BH:14 > BH:25 > BH:36 > BH:45 > BV:25,selected,0,0.0,True,517,238,279,368.0,1.0,1.0,True,True,1,1,0,True,1,1,0,0,True,True,0,14,12,14,12,4,PF_RP,sampled_pool,,,False,0.7777777777777778,0.8391804960745108,0.2222222222222222,0.1,adaptive,insert_random_aisle,offspring,feasible_start_adaptive_spacing,,,,feasible_start_adaptive_spacing,0.5,,True,auto_from_instance,0.75,0.35,"5,6,7,14,16,17,22,25,26,27,36,38,45,47","2,8,9,16,17,19,21,24,25,28,29,32",,,,,,"H[5,6,7,14,16,17,22,25,26,27,36,38,45,47]|V[2,8,9,16,17,19,21,24,25,28,29,32]",6fcfc694894a367ef71d338faec4ce589ca685b5
proposed_nsga2_bs_Gyorgy-KOVACS_WH_Wide_AW_5_seed_123,proposed_nsga2_bs,Gyorgy-KOVACS_WH_Wide_AW_5,123,13,auto_from_instance,12,18,4,30,216,,,,,10,4,8,root > V:16 > BH:26 > BH:5 > BH:16 > BH:25 > BH:36 > BH:45 > BV:29,selected,2,inf,True,517,225,292,586.0,1.0,1.0,True,True,1,1,0,True,1,1,0,0,True,True,0,14,12,14,12,4,PF_RP,sampled_pool,,,False,0.7777777777777778,0.8391804960745108,0.2222222222222222,0.1,adaptive,insert_random_aisle,offspring,feasible_start_adaptive_spacing,,,,feasible_start_adaptive_spacing,0.5,,True,auto_from_instance,0.75,0.35,"5,6,7,14,16,17,22,25,26,27,36,38,45,47","2,8,9,16,17,19,21,24,25,28,29,32",,,,,,"H[5,6,7,14,16,17,22,25,26,27,36,38,45,47]|V[2,8,9,16,17,19,21,24,25,28,29,32]",13a8831f3352523fe53b9477eb693b985fdfc37c
proposed_nsga2_bs_Gyorgy-KOVACS_WH_Wide_AW_5_seed_123,proposed_nsga2_bs,Gyorgy-KOVACS_WH_Wide_AW_5,123,13,auto_from_instance,12,18,4,30,216,,,,,11,4,8,root > V:16 > BH:26 > BH:5 > BH:14 > BH:25 > BH:36 > BH:45 > BV:29,selected,2,0.0,True,517,225,292,586.0,1.0,1.0,True,True,1,1,0,True,1,1,0,0,True,True,0,14,12,14,12,4,PF_RP,sampled_pool,,,False,0.7777777777777778,0.8391804960745108,0.2222222222222222,0.1,adaptive,insert_random_aisle,offspring,feasible_start_adaptive_spacing,,,,feasible_start_adaptive_spacing,0.5,,True,auto_from_instance,0.75,0.35,"5,6,7,14,16,17,22,25,26,27,36,38,45,47","2,8,9,16,17,19,21,24,25,28,29,32",,,,,,"H[5,6,7,14,16,17,22,25,26,27,36,38,45,47]|V[2,8,9,16,17,19,21,24,25,28,29,32]",7e0f4d1a90907f684b7d565e90c4ddb6c1ba7c58
proposed_nsga2_bs_Gyorgy-KOVACS_WH_Wide_AW_5_seed_123,proposed_nsga2_bs,Gyorgy-KOVACS_WH_Wide_AW_5,123,13,auto_from_instance,12,18,4,30,216,,,,,12,5,8,root > V:15 > BH:26 > BH:5 > BH:14 > BH:25 > BH:36 > BH:45 > BV:24,selected,0,inf,True,497,247,250,385.0,1.0,1.0,True,True,1,1,0,True,1,1,0,0,True,True,0,14,11,14,11,5,LS_RP,sampled_pool,,,False,0.7777777777777778,0.8175285176137882,0.2222222222222222,0.1,adaptive,break_symmetry,offspring,feasible_start_adaptive_spacing,,,,feasible_start_adaptive_spacing,0.5,,True,auto_from_instance,0.75,0.35,"5,6,7,14,16,17,22,25,26,31,36,38,45,47","2,9,11,15,19,20,22,24,25,29,32",,,,,,"H[5,6,7,14,16,17,22,25,26,31,36,38,45,47]|V[2,9,11,15,19,20,22,24,25,29,32]",4f5b467192e7c6ce4bc3fd69bf3ce13c31bd8ba0
proposed_nsga2_bs_Gyorgy-KOVACS_WH_Wide_AW_5_seed_123,proposed_nsga2_bs,Gyorgy-KOVACS_WH_Wide_AW_5,123,13,auto_from_instance,12,18,4,30,216,,,,,13,5,8,root > V:15 > BH:26 > BH:5 > BH:14 > BH:27 > BH:36 > BH:45 > BV:24,selected,1,inf,True,497,247,250,413.0,1.0,1.0,True,True,1,1,0,True,1,1,0,0,True,True,0,15,11,15,11,5,LS_RP,sampled_pool,,,False,0.7777777777777778,0.8175285176137882,0.2222222222222222,0.1,adaptive,break_symmetry,offspring,feasible_start_adaptive_spacing,,,,feasible_start_adaptive_spacing,0.5,,True,auto_from_instance,0.75,0.35,"5,6,7,14,16,17,22,25,26,31,36,38,45,47","2,9,11,15,19,20,22,24,25,29,32",,,,,,"H[5,6,7,14,16,17,22,25,26,27,31,36,38,45,47]|V[2,9,11,15,19,20,22,24,25,29,32]",260175b1e980c085f6fc552a8d4b0d7305d33a59
proposed_nsga2_bs_Gyorgy-KOVACS_WH_Wide_AW_5_seed_123,proposed_nsga2_bs,Gyorgy-KOVACS_WH_Wide_AW_5,123,13,auto_from_instance,12,18,4,30,216,,,,,14,6,6,root > V:21 > BH:26 > BH:5 > BH:16 > BH:29 > BH:42,evaluated,9,inf,False,692,165,527,1197.0,1.0,1.0,True,True,1,1,0,True,1,1,0,0,True,True,0,16,11,16,11,6,RP_LS,sampled_pool,,,False,0.7777777777777778,0.7647406057081269,0.2222222222222222,0.1,adaptive,swap_segments,offspring,feasible_start_adaptive_spacing,,,,feasible_start_adaptive_spacing,0.5,,True,auto_from_instance,0.75,0.35,"7,14,16,17,23,25,26,31,36,38,45,46,47","2,8,13,16,17,19,21,24,25,28,34",,,,,,"H[5,7,14,16,17,23,25,26,29,31,36,38,42,45,46,47]|V[2,8,13,16,17,19,21,24,25,28,34]",3e80fff572b45638d4c993741f9187431fecc243
proposed_nsga2_bs_Gyorgy-KOVACS_WH_Wide_AW_5_seed_123,proposed_nsga2_bs,Gyorgy-KOVACS_WH_Wide_AW_5,123,13,auto_from_instance,12,18,4,30,216,,,,,15,6,6,root > V:21 > BH:26 > BH:5 > BH:16 > BH:27 > BH:40,evaluated,9,inf,False,692,168,524,1255.0,1.0,1.0,True,True,1,1,0,True,1,1,0,0,True,True,0,16,11,16,11,6,RP_LS,sampled_pool,,,False,0.7777777777777778,0.7647406057081269,0.2222222222222222,0.1,adaptive,swap_segments,offspring,feasible_start_adaptive_spacing,,,,feasible_start_adaptive_spacing,0.5,,True,auto_from_instance,0.75,0.35,"7,14,16,17,23,25,26,31,36,38,45,46,47","2,8,13,16,17,19,21,24,25,28,34",,,,,,"H[5,7,14,16,17,23,25,26,27,31,36,38,40,45,46,47]|V[2,8,13,16,17,19,21,24,25,28,34]",c29204a760792de9b5fff7fd1f22463071b8fe3a
proposed_nsga2_bs_Gyorgy-KOVACS_WH_Wide_AW_5_seed_123,proposed_nsga2_bs,Gyorgy-KOVACS_WH_Wide_AW_5,123,13,auto_from_instance,12,18,4,30,216,,,,,16,6,6,root > V:21 > BH:26 > BH:5 > BH:16 > BH:29 > BH:40,evaluated,10,inf,False,692,167,525,1255.0,1.0,1.0,True,True,1,1,0,True,1,1,0,0,True,True,0,16,11,16,11,6,RP_LS,sampled_pool,,,False,0.7777777777777778,0.7647406057081269,0.2222222222222222,0.1,adaptive,swap_segments,offspring,feasible_start_adaptive_spacing,,,,feasible_start_adaptive_spacing,0.5,,True,auto_from_instance,0.75,0.35,"7,14,16,17,23,25,26,31,36,38,45,46,47","2,8,13,16,17,19,21,24,25,28,34",,,,,,"H[5,7,14,16,17,23,25,26,29,31,36,38,40,45,46,47]|V[2,8,13,16,17,19,21,24,25,28,34]",4438a07913bba44771acc09fec1861ea8b6e3d46
proposed_nsga2_bs_Gyorgy-KOVACS_WH_Wide_AW_5_seed_123,proposed_nsga2_bs,Gyorgy-KOVACS_WH_Wide_AW_5,123,13,auto_from_instance,12,18,4,30,216,,,,,17,6,6,root > V:21 > BH:26 > BH:5 > BH:14 > BH:27 > BH:40,evaluated,10,inf,False,692,168,524,1271.0,1.0,1.0,True,True,1,1,0,True,1,1,0,0,True,True,0,16,11,16,11,6,RP_LS,sampled_pool,,,False,0.7777777777777778,0.7647406057081269,0.2222222222222222,0.1,adaptive,swap_segments,offspring,feasible_start_adaptive_spacing,,,,feasible_start_adaptive_spacing,0.5,,True,auto_from_instance,0.75,0.35,"7,14,16,17,23,25,26,31,36,38,45,46,47","2,8,13,16,17,19,21,24,25,28,34",,,,,,"H[5,7,14,16,17,23,25,26,27,31,36,38,40,45,46,47]|V[2,8,13,16,17,19,21,24,25,28,34]",d6f556ce4388bf7e47d115315ffef16b2112220e
proposed_nsga2_bs_Gyorgy-KOVACS_WH_Wide_AW_5_seed_123,proposed_nsga2_bs,Gyorgy-KOVACS_WH_Wide_AW_5,123,13,auto_from_instance,12,18,4,30,216,,,,,18,6,6,root > V:21 > BH:26 > BH:47 > BH:35 > BH:23 > BH:11,evaluated,11,inf,False,692,164,528,1293.0,1.0,1.0,True,True,1,1,0,True,1,1,0,0,True,True,0,15,11,15,11,6,RP_LS,sampled_pool,,,False,0.7777777777777778,0.7647406057081269,0.2222222222222222,0.1,adaptive,swap_segments,offspring,feasible_start_adaptive_spacing,,,,feasible_start_adaptive_spacing,0.5,,True,auto_from_instance,0.75,0.35,"7,14,16,17,23,25,26,31,36,38,45,46,47","2,8,13,16,17,19,21,24,25,28,34",,,,,,"H[7,11,14,16,17,23,25,26,31,35,36,38,45,46,47]|V[2,8,13,16,17,19,21,24,25,28,34]",aefb6def61337c0811fe5b11c3859df6b4d263cc
proposed_nsga2_bs_Gyorgy-KOVACS_WH_Wide_AW_5_seed_123,proposed_nsga2_bs,Gyorgy-KOVACS_WH_Wide_AW_5,123,13,auto_from_instance,12,18,4,30,216,,,,,19,7,8,root > V:16 > BH:26 > BH:5 > BH:16 > BH:27 > BH:36 > BH:45 > BV:25,selected,0,inf,True,517,238,279,368.0,1.0,1.0,True,True,1,1,0,True,1,1,0,0,True,True,0,14,12,14,12,7,PF,sampled_pool,,,False,0.7777777777777778,0.8152140815749557,0.2222222222222222,0.1,adaptive,insert_random_aisle,offspring,feasible_start_adaptive_spacing,,,,feasible_start_adaptive_spacing,0.5,,True,auto_from_instance,0.75,0.35,"5,7,14,16,17,25,26,27,36,38,45,46,47,57","2,9,11,16,17,18,19,21,24,25,28,34",,,,,,"H[5,7,14,16,17,25,26,27,36,38,45,46,47,57]|V[2,9,11,16,17,18,19,21,24,25,28,34]",015ee1c8318bbe65f9d75b3878c91b9d7be2a076
proposed_nsga2_bs_Gyorgy-KOVACS_WH_Wide_AW_5_seed_123,proposed_nsga2_bs,Gyorgy-KOVACS_WH_Wide_AW_5,123,13,auto_from_instance,12,18,4,30,216,,,,,20,7,8,root > V:16 > BH:26 > BH:5 > BH:16 > BH:27 > BH:36 > BH:45 > BV:29,selected,2,inf,True,517,225,292,586.0,1.0,1.0,True,True,1,1,0,True,1,1,0,0,True,True,0,14,13,14,13,7,PF,sampled_pool,,,False,0.7777777777777778,0.8152140815749557,0.2222222222222222,0.1,adaptive,insert_random_aisle,offspring,feasible_start_adaptive_spacing,,,,feasible_start_adaptive_spacing,0.5,,True,auto_from_instance,0.75,0.35,"5,7,14,16,17,25,26,27,36,38,45,46,47,57","2,9,11,16,17,18,19,21,24,25,28,34",,,,,,"H[5,7,14,16,17,25,26,27,36,38,45,46,47,57]|V[2,9,11,16,17,18,19,21,24,25,28,29,34]",ed71c8d546062d956359fd31a02e14699e745412
proposed_nsga2_bs_Gyorgy-KOVACS_WH_Wide_AW_5_seed_123,proposed_nsga2_bs,Gyorgy-KOVACS_WH_Wide_AW_5,123,13,auto_from_instance,12,18,4,30,216,,,,,21,9,7,root > V:19 > BH:26 > BH:5 > BH:16 > BH:25 > BH:36 > BH:47,selected,2,inf,True,612,200,412,584.0,1.0,1.0,True,True,1,1,0,True,1,1,0,0,True,True,0,14,8,14,8,9,LS_RP,sampled_pool,,,False,0.7777777777777778,0.8566005007646822,0.2222222222222222,0.1,adaptive,break_symmetry,offspring,feasible_start_adaptive_spacing,,,,feasible_start_adaptive_spacing,0.5,,True,auto_from_instance,0.75,0.35,"5,6,8,14,16,17,22,25,26,31,36,38,45,47","2,8,13,19,20,21,24,25",,,,,,"H[5,6,8,14,16,17,22,25,26,31,36,38,45,47]|V[2,8,13,19,20,21,24,25]",739f9ec08bf9c56e734297604911aa2f937b0b31
proposed_nsga2_bs_Gyorgy-KOVACS_WH_Wide_AW_5_seed_123,proposed_nsga2_bs,Gyorgy-KOVACS_WH_Wide_AW_5,123,13,auto_from_instance,12,18,4,30,216,,,,,22,9,7,root > V:19 > BH:26 > BH:5 > BH:14 > BH:25 > BH:36 > BH:47,selected,2,inf,True,612,200,412,584.0,1.0,1.0,True,True,1,1,0,True,1,1,0,0,True,True,0,14,8,14,8,9,LS_RP,sampled_pool,,,False,0.7777777777777778,0.8566005007646822,0.2222222222222222,0.1,adaptive,break_symmetry,offspring,feasible_start_adaptive_spacing,,,,feasible_start_adaptive_spacing,0.5,,True,auto_from_instance,0.75,0.35,"5,6,8,14,16,17,22,25,26,31,36,38,45,47","2,8,13,19,20,21,24,25",,,,,,"H[5,6,8,14,16,17,22,25,26,31,36,38,45,47]|V[2,8,13,19,20,21,24,25]",18779af2d0583f313025ada9a3c164bb18de6a6f
proposed_nsga2_bs_Gyorgy-KOVACS_WH_Wide_AW_5_seed_123,proposed_nsga2_bs,Gyorgy-KOVACS_WH_Wide_AW_5,123,13,auto_from_instance,12,18,4,30,216,,,,,23,9,7,root > V:19 > BH:26 > BH:7 > BH:16 > BH:25 > BH:36 > BH:47,evaluated,3,inf,False,612,200,412,714.0,1.0,1.0,True,True,1,1,0,True,1,1,0,0,True,True,0,15,8,15,8,9,LS_RP,sampled_pool,,,False,0.7777777777777778,0.8566005007646822,0.2222222222222222,0.1,adaptive,break_symmetry,offspring,feasible_start_adaptive_spacing,,,,feasible_start_adaptive_spacing,0.5,,True,auto_from_instance,0.75,0.35,"5,6,8,14,16,17,22,25,26,31,36,38,45,47","2,8,13,19,20,21,24,25",,,,,,"H[5,6,7,8,14,16,17,22,25,26,31,36,38,45,47]|V[2,8,13,19,20,21,24,25]",2ba52e7e126777fbaec8ebaebd6fa4ae9f76a172
proposed_nsga2_bs_Gyorgy-KOVACS_WH_Wide_AW_5_seed_123,proposed_nsga2_bs,Gyorgy-KOVACS_WH_Wide_AW_5,123,13,auto_from_instance,12,18,4,30,216,,,,,24,9,7,root > V:19 > BH:26 > BH:5 > BH:16 > BH:25 > BH:36 > BH:45,evaluated,4,inf,False,612,200,412,754.0,1.0,1.0,True,True,1,1,0,True,1,1,0,0,True,True,0,14,8,14,8,9,LS_RP,sampled_pool,,,False,0.7777777777777778,0.8566005007646822,0.2222222222222222,0.1,adaptive,break_symmetry,offspring,feasible_start_adaptive_spacing,,,,feasible_start_adaptive_spacing,0.5,,True,auto_from_instance,0.75,0.35,"5,6,8,14,16,17,22,25,26,31,36,38,45,47","2,8,13,19,20,21,24,25",,,,,,"H[5,6,8,14,16,17,22,25,26,31,36,38,45,47]|V[2,8,13,19,20,21,24,25]",16ed0ad93ee066fd151d5116addbd94cd12b2a32
proposed_nsga2_bs_Gyorgy-KOVACS_WH_Wide_AW_5_seed_123,proposed_nsga2_bs,Gyorgy-KOVACS_WH_Wide_AW_5,123,13,auto_from_instance,12,18,4,30,216,,,,,25,9,7,root > V:19 > BH:26 > BH:5 > BH:14 > BH:25 > BH:36 > BH:45,evaluated,4,inf,False,612,200,412,754.0,1.0,1.0,True,True,1,1,0,True,1,1,0,0,True,True,0,14,8,14,8,9,LS_RP,sampled_pool,,,False,0.7777777777777778,0.8566005007646822,0.2222222222222222,0.1,adaptive,break_symmetry,offspring,feasible_start_adaptive_spacing,,,,feasible_start_adaptive_spacing,0.5,,True,auto_from_instance,0.75,0.35,"5,6,8,14,16,17,22,25,26,31,36,38,45,47","2,8,13,19,20,21,24,25",,,,,,"H[5,6,8,14,16,17,22,25,26,31,36,38,45,47]|V[2,8,13,19,20,21,24,25]",e3a802ef145afaa17bc3eca719e3ef8051b94b10
proposed_nsga2_bs_Gyorgy-KOVACS_WH_Wide_AW_5_seed_123,proposed_nsga2_bs,Gyorgy-KOVACS_WH_Wide_AW_5,123,13,auto_from_instance,12,18,4,30,216,,,,,26,10,8,root > V:15 > BH:26 > BH:5 > BH:16 > BH:27 > BH:36 > BH:45 > BV:24,selected,0,0.0,True,497,247,250,385.0,1.0,1.0,True,True,1,1,0,True,1,1,0,0,True,True,0,15,14,15,14,10,PF_LS,sampled_pool,,,False,0.7777777777777778,0.7476900788706524,0.2222222222222222,0.1,adaptive,spacing_aware_flip,offspring,feasible_start_adaptive_spacing,,,,feasible_start_adaptive_spacing,0.5,,True,auto_from_instance,0.75,0.35,"5,7,14,16,17,25,26,31,36,38,45,46,47,57","2,9,11,15,16,17,19,21,24,25,28,29,32,34",,,,,,"H[5,7,14,16,17,25,26,27,31,36,38,45,46,47,57]|V[2,9,11,15,16,17,19,21,24,25,28,29,32,34]",9367037dc0304e9a893380cb68f03b46b0c6f55b
proposed_nsga2_bs_Gyorgy-KOVACS_WH_Wide_AW_5_seed_123,proposed_nsga2_bs,Gyorgy-KOVACS_WH_Wide_AW_5,123,13,auto_from_instance,12,18,4,30,216,,,,,27,10,8,root > V:15 > BH:26 > BH:5 > BH:16 > BH:25 > BH:36 > BH:45 > BV:24,selected,0,inf,True,497,247,250,385.0,1.0,1.0,True,True,1,1,0,True,1,1,0,0,True,True,0,14,14,14,14,10,PF_LS,sampled_pool,,,False,0.7777777777777778,0.7476900788706524,0.2222222222222222,0.1,adaptive,spacing_aware_flip,offspring,feasible_start_adaptive_spacing,,,,feasible_start_adaptive_spacing,0.5,,True,auto_from_instance,0.75,0.35,"5,7,14,16,17,25,26,31,36,38,45,46,47,57","2,9,11,15,16,17,19,21,24,25,28,29,32,34",,,,,,"H[5,7,14,16,17,25,26,31,36,38,45,46,47,57]|V[2,9,11,15,16,17,19,21,24,25,28,29,32,34]",416c9c0e4f9e06143d78fee04cbc7a8d1c4800ad
proposed_nsga2_bs_Gyorgy-KOVACS_WH_Wide_AW_5_seed_123,proposed_nsga2_bs,Gyorgy-KOVACS_WH_Wide_AW_5,123,14,auto_from_instance,12,18,4,30,216,,,,,1,1,7,root > V:20 > BH:26 > BH:5 > BH:16 > BH:27 > BH:38 > BH:47,selected,3,inf,True,632,190,442,801.0,1.0,1.0,True,True,1,1,0,True,1,1,0,0,True,True,0,17,11,17,11,1,SS,sampled_pool,,,True,0.8333333333333334,0.7971072917235378,0.16666666666666663,0.1,adaptive,remove_random_aisle,offspring,feasible_start_adaptive_spacing,,,,feasible_start_adaptive_spacing,0.5,,True,auto_from_instance,0.75,0.35,"5,6,7,14,16,17,22,25,26,27,31,36,38,45,46,47,57","2,9,15,19,20,22,24,25,29,32,34",,,,,,"H[5,6,7,14,16,17,22,25,26,27,31,36,38,45,46,47,57]|V[2,9,15,19,20,22,24,25,29,32,34]",ee07310b0e9a2f7d1ae5c34b1c861964afc3124b
proposed_nsga2_bs_Gyorgy-KOVACS_WH_Wide_AW_5_seed_123,proposed_nsga2_bs,Gyorgy-KOVACS_WH_Wide_AW_5,123,14,auto_from_instance,12,18,4,30,216,,,,,2,1,7,root > V:20 > BH:26 > BH:5 > BH:16 > BH:25 > BH:38 > BH:47,evaluated,4,inf,False,632,190,442,819.0,1.0,1.0,True,True,1,1,0,True,1,1,0,0,True,True,0,17,11,17,11,1,SS,sampled_pool,,,True,0.8333333333333334,0.7971072917235378,0.16666666666666663,0.1,adaptive,remove_random_aisle,offspring,feasible_start_adaptive_spacing,,,,feasible_start_adaptive_spacing,0.5,,True,auto_from_instance,0.75,0.35,"5,6,7,14,16,17,22,25,26,27,31,36,38,45,46,47,57","2,9,15,19,20,22,24,25,29,32,34",,,,,,"H[5,6,7,14,16,17,22,25,26,27,31,36,38,45,46,47,57]|V[2,9,15,19,20,22,24,25,29,32,34]",d6493ff68390be23cee30bc002eca8aaebcf77ec
proposed_nsga2_bs_Gyorgy-KOVACS_WH_Wide_AW_5_seed_123,proposed_nsga2_bs,Gyorgy-KOVACS_WH_Wide_AW_5,123,14,auto_from_instance,12,18,4,30,216,,,,,3,2,8,root > V:15 > BH:26 > BH:5 > BH:16 > BH:27 > BH:36 > BH:45 > BV:24,selected,0,inf,True,497,247,250,385.0,1.0,1.0,True,True,1,1,0,True,1,1,0,0,True,True,0,13,14,13,14,2,PF,sampled_pool,,,False,0.8333333333333334,0.7553562033144505,0.16666666666666663,0.1,adaptive,bit_flip,offspring,feasible_start_adaptive_spacing,,,,feasible_start_adaptive_spacing,0.5,,True,auto_from_instance,0.75,0.35,"5,7,14,16,17,25,26,31,36,38,45,47","2,9,11,15,16,17,19,21,23,24,25,28,29,32",,,,,,"H[5,7,14,16,17,25,26,27,31,36,38,45,47]|V[2,9,11,15,16,17,19,21,23,24,25,28,29,32]",9367037dc0304e9a893380cb68f03b46b0c6f55b
proposed_nsga2_bs_Gyorgy-KOVACS_WH_Wide_AW_5_seed_123,proposed_nsga2_bs,Gyorgy-KOVACS_WH_Wide_AW_5,123,14,auto_from_instance,12,18,4,30,216,,,,,4,2,8,root > V:15 > BH:26 > BH:5 > BH:16 > BH:25 > BH:36 > BH:45 > BV:24,selected,0,inf,True,497,247,250,385.0,1.0,1.0,True,True,1,1,0,True,1,1,0,0,True,True,0,12,14,12,14,2,PF,sampled_pool,,,False,0.8333333333333334,0.7553562033144505,0.16666666666666663,0.1,adaptive,bit_flip,offspring,feasible_start_adaptive_spacing,,,,feasible_start_adaptive_spacing,0.5,,True,auto_from_instance,0.75,0.35,"5,7,14,16,17,25,26,31,36,38,45,47","2,9,11,15,16,17,19,21,23,24,25,28,29,32",,,,,,"H[5,7,14,16,17,25,26,31,36,38,45,47]|V[2,9,11,15,16,17,19,21,23,24,25,28,29,32]",416c9c0e4f9e06143d78fee04cbc7a8d1c4800ad
proposed_nsga2_bs_Gyorgy-KOVACS_WH_Wide_AW_5_seed_123,proposed_nsga2_bs,Gyorgy-KOVACS_WH_Wide_AW_5,123,14,auto_from_instance,12,18,4,30,216,,,,,5,4,8,root > V:16 > BH:26 > BH:5 > BH:16 > BH:27 > BH:36 > BH:45 > BV:25,selected,0,inf,True,517,238,279,368.0,1.0,1.0,True,True,1,1,0,True,1,1,0,0,True,True,0,15,12,15,12,4,LS_SS,sampled_pool,,,True,0.8333333333333334,0.8376857715611518,0.16666666666666663,0.1,adaptive,insert_random_aisle,offspring,feasible_start_adaptive_spacing,,,,feasible_start_adaptive_spacing,0.5,,True,auto_from_instance,0.75,0.35,"5,7,14,16,17,25,26,27,30,36,38,45,46,47,57","2,9,11,16,17,18,19,21,24,25,28,34",,,,,,"H[5,7,14,16,17,25,26,27,30,36,38,45,46,47,57]|V[2,9,11,16,17,18,19,21,24,25,28,34]",015ee1c8318bbe65f9d75b3878c91b9d7be2a076
proposed_nsga2_bs_Gyorgy-KOVACS_WH_Wide_AW_5_seed_123,proposed_nsga2_bs,Gyorgy-KOVACS_WH_Wide_AW_5,123,14,auto_from_instance,12,18,4,30,216,,,,,6,4,8,root > V:16 > BH:26 > BH:5 > BH:16 > BH:25 > BH:36 > BH:45 > BV:25,selected,0,0.0,True,517,238,279,368.0,1.0,1.0,True,True,1,1,0,True,1,1,0,0,True,True,0,15,12,15,12,4,LS_SS,sampled_pool,,,True,0.8333333333333334,0.8376857715611518,0.16666666666666663,0.1,adaptive,insert_random_aisle,offspring,feasible_start_adaptive_spacing,,,,feasible_start_adaptive_spacing,0.5,,True,auto_from_instance,0.75,0.35,"5,7,14,16,17,25,26,27,30,36,38,45,46,47,57","2,9,11,16,17,18,19,21,24,25,28,34",,,,,,"H[5,7,14,16,17,25,26,27,30,36,38,45,46,47,57]|V[2,9,11,16,17,18,19,21,24,25,28,34]",559a078c3ea143504613077c561cb3124d66b767
proposed_nsga2_bs_Gyorgy-KOVACS_WH_Wide_AW_5_seed_123,proposed_nsga2_bs,Gyorgy-KOVACS_WH_Wide_AW_5,123,14,auto_from_instance,12,18,4,30,216,,,,,7,4,8,root > V:16 > BH:26 > BH:5 > BH:16 > BH:27 > BH:36 > BH:45 > BV:29,selected,2,inf,True,517,225,292,586.0,1.0,1.0,True,True,1,1,0,True,1,1,0,0,True,True,0,15,13,15,13,4,LS_SS,sampled_pool,,,True,0.8333333333333334,0.8376857715611518,0.16666666666666663,0.1,adaptive,insert_random_aisle,offspring,feasible_start_adaptive_spacing,,,,feasible_start_adaptive_spacing,0.5,,True,auto_from_instance,0.75,0.35,"5,7,14,16,17,25,26,27,30,36,38,45,46,47,57","2,9,11,16,17,18,19,21,24,25,28,34",,,,,,"H[5,7,14,16,17,25,26,27,30,36,38,45,46,47,57]|V[2,9,11,16,17,18,19,21,24,25,28,29,34]",ed71c8d546062d956359fd31a02e14699e745412
proposed_nsga2_bs_Gyorgy-KOVACS_WH_Wide_AW_5_seed_123,proposed_nsga2_bs,Gyorgy-KOVACS_WH_Wide_AW_5,123,14,auto_from_instance,12,18,4,30,216,,,,,8,4,8,root > V:16 > BH:26 > BH:5 > BH:16 > BH:25 > BH:36 > BH:45 > BV:29,selected,2,0.0,True,517,225,292,586.0,1.0,1.0,True,True,1,1,0,True,1,1,0,0,True,True,0,15,13,15,13,4,LS_SS,sampled_pool,,,True,0.8333333333333334,0.8376857715611518,0.16666666666666663,0.1,adaptive,insert_random_aisle,offspring,feasible_start_adaptive_spacing,,,,feasible_start_adaptive_spacing,0.5,,True,auto_from_instance,0.75,0.35,"5,7,14,16,17,25,26,27,30,36,38,45,46,47,57","2,9,11,16,17,18,19,21,24,25,28,34",,,,,,"H[5,7,14,16,17,25,26,27,30,36,38,45,46,47,57]|V[2,9,11,16,17,18,19,21,24,25,28,29,34]",13a8831f3352523fe53b9477eb693b985fdfc37c
proposed_nsga2_bs_Gyorgy-KOVACS_WH_Wide_AW_5_seed_123,proposed_nsga2_bs,Gyorgy-KOVACS_WH_Wide_AW_5,123,14,auto_from_instance,12,18,4,30,216,,,,,9,5,8,root > V:20 > BH:26 > BH:47 > BH:35 > BH:23 > BH:9 > BV:29 > BV:29,selected,3,inf,True,592,178,414,782.0,1.0,1.0,True,True,1,1,0,True,1,1,0,0,True,True,0,19,11,19,11,5,RP_LS,sampled_pool,,,False,0.8333333333333334,0.8409440901954389,0.16666666666666663,0.1,adaptive,bit_flip,offspring,feasible_start_adaptive_spacing,,,,feasible_start_adaptive_spacing,0.5,,True,auto_from_instance,0.75,0.35,"5,6,7,14,16,17,22,25,26,27,31,36,38,41,45,47","2,8,9,16,19,20,22,24,25,29,32",,,,,,"H[5,6,7,9,14,16,17,22,23,25,26,27,31,35,36,38,41,45,47]|V[2,8,9,16,19,20,22,24,25,29,32]",7985e65dcbb706082366ffebf0b4e313ee1243c5
proposed_nsga2_bs_Gyorgy-KOVACS_WH_Wide_AW_5_seed_123,proposed_nsga2_bs,Gyorgy-KOVACS_WH_Wide_AW_5,123,14,auto_from_instance,12,18,4,30,216,,,,,10,6,8,root > V:15 > BH:26 > BH:7 > BH:16 > BH:25 > BH:36 > BH:45 > BV:24,selected,1,inf,True,497,247,250,567.0,1.0,1.0,True,True,1,1,0,True,1,1,0,0,True,True,0,14,12,14,12,6,LS,sampled_pool,,,False,0.8333333333333334,0.8723309815048413,0.16666666666666663,0.1,adaptive,break_symmetry,offspring,feasible_start_adaptive_spacing,,,,feasible_start_adaptive_spacing,0.5,,True,auto_from_instance,0.75,0.35,"5,6,7,14,16,17,22,25,26,27,36,38,45,47","1,9,11,15,17,19,21,24,25,28,29,32",,,,,,"H[5,6,7,14,16,17,22,25,26,27,36,38,45,47]|V[1,9,11,15,17,19,21,24,25,28,29,32]",bad25caaf4e753481b1b798360caa6634ad939f7
proposed_nsga2_bs_Gyorgy-KOVACS_WH_Wide_AW_5_seed_123,proposed_nsga2_bs,Gyorgy-KOVACS_WH_Wide_AW_5,123,14,auto_from_instance,12,18,4,30,216,,,,,11,7,7,root > V:21 > BH:26 > BH:5 > BH:16 > BH:27 > BH:38 > BH:47,selected,3,inf,True,652,180,472,763.0,1.0,1.0,True,True,1,1,0,True,1,1,0,0,True,True,0,14,12,14,12,7,SS_PF_LS,sampled_pool,,,True,0.8333333333333334,0.7720440397914152,0.16666666666666663,0.1,adaptive,break_symmetry,offspring,feasible_start_adaptive_spacing,,,,feasible_start_adaptive_spacing,0.5,,True,auto_from_instance,0.75,0.35,"5,7,14,16,17,25,26,27,37,38,45,46,47,57","2,9,11,16,17,18,19,21,24,25,28,34",,,,,,"H[5,7,14,16,17,25,26,27,37,38,45,46,47,57]|V[2,9,11,16,17,18,19,21,24,25,28,34]",2f63addef0a564eaffadcb442913b04bcdb20a31
proposed_nsga2_bs_Gyorgy-KOVACS_WH_Wide_AW_5_seed_123,proposed_nsga2_bs,Gyorgy-KOVACS_WH_Wide_AW_5,123,14,auto_from_instance,12,18,4,30,216,,,,,12,10,8,root > V:16 > BH:26 > BH:5 > BH:14 > BH:25 > BH:36 > BH:45 > BV:25,selected,0,inf,True,517,238,279,368.0,1.0,1.0,True,True,1,1,0,True,1,1,0,0,True,True,0,15,12,15,12,10,LS_SS,sampled_pool,,,True,0.8333333333333334,0.8922857542231265,0.16666666666666663,0.1,adaptive,insert_random_aisle,offspring,feasible_start_adaptive_spacing,,,,feasible_start_adaptive_spacing,0.5,,True,auto_from_instance,0.75,0.35,"5,6,7,14,16,17,20,22,25,26,31,36,38,45,47","2,8,9,16,17,19,20,22,24,25,29,32",,,,,,"H[5,6,7,14,16,17,20,22,25,26,31,36,38,45,47]|V[2,8,9,16,17,19,20,22,24,25,29,32]",6fcfc694894a367ef71d338faec4ce589ca685b5
proposed_nsga2_bs_Gyorgy-KOVACS_WH_Wide_AW_5_seed_123,proposed_nsga2_bs,Gyorgy-KOVACS_WH_Wide_AW_5,123,14,auto_from_instance,12,18,4,30,216,,,,,13,10,8,root > V:16 > BH:26 > BH:5 > BH:14 > BH:25 > BH:36 > BH:45 > BV:29,selected,2,inf,True,517,225,292,586.0,1.0,1.0,True,True,1,1,0,True,1,1,0,0,True,True,0,15,12,15,12,10,LS_SS,sampled_pool,,,True,0.8333333333333334,0.8922857542231265,0.16666666666666663,0.1,adaptive,insert_random_aisle,offspring,feasible_start_adaptive_spacing,,,,feasible_start_adaptive_spacing,0.5,,True,auto_from_instance,0.75,0.35,"5,6,7,14,16,17,20,22,25,26,31,36,38,45,47","2,8,9,16,17,19,20,22,24,25,29,32",,,,,,"H[5,6,7,14,16,17,20,22,25,26,31,36,38,45,47]|V[2,8,9,16,17,19,20,22,24,25,29,32]",7e0f4d1a90907f684b7d565e90c4ddb6c1ba7c58
proposed_nsga2_bs_Gyorgy-KOVACS_WH_Wide_AW_5_seed_123,proposed_nsga2_bs,Gyorgy-KOVACS_WH_Wide_AW_5,123,14,auto_from_instance,12,18,4,30,216,,,,,14,11,7,root > V:21 > BH:26 > BH:5 > BH:16 > BH:29 > BH:38 > BH:47,evaluated,4,inf,False,652,179,473,779.0,1.0,1.0,True,True,1,1,0,True,1,1,0,0,True,True,0,15,12,15,12,11,RP,sampled_pool,,,False,0.8333333333333334,0.7875393475115499,0.16666666666666663,0.1,adaptive,remove_random_aisle,offspring,feasible_start_adaptive_spacing,,,,feasible_start_adaptive_spacing,0.5,,True,auto_from_instance,0.75,0.35,"5,6,7,14,16,17,25,26,27,36,38,45,46,47","2,8,9,16,17,19,21,24,25,28,29,32",,,,,,"H[5,6,7,14,16,17,25,26,27,29,36,38,45,46,47]|V[2,8,9,16,17,19,21,24,25,28,29,32]",b4635755cd0052720e60436f85ec83f09d8198b1
proposed_nsga2_bs_Gyorgy-KOVACS_WH_Wide_AW_5_seed_123,proposed_nsga2_bs,Gyorgy-KOVACS_WH_Wide_AW_5,123,15,auto_from_instance,12,18,4,30,216,,,,,1,1,8,root > V:16 > BH:26 > BH:5 > BH:16 > BH:27 > BH:36 > BH:45 > BV:25,selected,0,1.745680106335844,True,517,238,279,368.0,1.0,1.0,True,True,1,1,0,True,1,1,0,0,True,True,0,15,13,15,13,1,LS_RP,sampled_pool,,,False,0.8888888888888888,0.8727156119088962,0.11111111111111116,0.1,adaptive,bit_flip,offspring,feasible_start_adaptive_spacing,,,,feasible_start_adaptive_spacing,0.5,,True,auto_from_instance,0.75,0.35,"5,7,14,16,17,25,26,27,30,36,38,45,46,47,57","2,5,9,11,16,17,18,19,21,24,25,28,34",,,,,,"H[5,7,14,16,17,25,26,27,30,36,38,45,46,47,57]|V[2,5,9,11,16,17,18,19,21,24,25,28,34]",015ee1c8318bbe65f9d75b3878c91b9d7be2a076
proposed_nsga2_bs_Gyorgy-KOVACS_WH_Wide_AW_5_seed_123,proposed_nsga2_bs,Gyorgy-KOVACS_WH_Wide_AW_5,123,15,auto_from_instance,12,18,4,30,216,,,,,2,1,8,root > V:16 > BH:26 > BH:5 > BH:16 > BH:25 > BH:36 > BH:45 > BV:25,selected,0,inf,True,517,238,279,368.0,1.0,1.0,True,True,1,1,0,True,1,1,0,0,True,True,0,15,13,15,13,1,LS_RP,sampled_pool,,,False,0.8888888888888888,0.8727156119088962,0.11111111111111116,0.1,adaptive,bit_flip,offspring,feasible_start_adaptive_spacing,,,,feasible_start_adaptive_spacing,0.5,,True,auto_from_instance,0.75,0.35,"5,7,14,16,17,25,26,27,30,36,38,45,46,47,57","2,5,9,11,16,17,18,19,21,24,25,28,34",,,,,,"H[5,7,14,16,17,25,26,27,30,36,38,45,46,47,57]|V[2,5,9,11,16,17,18,19,21,24,25,28,34]",559a078c3ea143504613077c561cb3124d66b767
proposed_nsga2_bs_Gyorgy-KOVACS_WH_Wide_AW_5_seed_123,proposed_nsga2_bs,Gyorgy-KOVACS_WH_Wide_AW_5,123,15,auto_from_instance,12,18,4,30,216,,,,,3,1,8,root > V:16 > BH:26 > BH:5 > BH:16 > BH:27 > BH:36 > BH:45 > BV:29,selected,2,inf,True,517,225,292,586.0,1.0,1.0,True,True,1,1,0,True,1,1,0,0,True,True,0,15,14,15,14,1,LS_RP,sampled_pool,,,False,0.8888888888888888,0.8727156119088962,0.11111111111111116,0.1,adaptive,bit_flip,offspring,feasible_start_adaptive_spacing,,,,feasible_start_adaptive_spacing,0.5,,True,auto_from_instance,0.75,0.35,"5,7,14,16,17,25,26,27,30,36,38,45,46,47,57","2,5,9,11,16,17,18,19,21,24,25,28,34",,,,,,"H[5,7,14,16,17,25,26,27,30,36,38,45,46,47,57]|V[2,5,9,11,16,17,18,19,21,24,25,28,29,34]",ed71c8d546062d956359fd31a02e14699e745412
proposed_nsga2_bs_Gyorgy-KOVACS_WH_Wide_AW_5_seed_123,proposed_nsga2_bs,Gyorgy-KOVACS_WH_Wide_AW_5,123,15,auto_from_instance,12,18,4,30,216,,,,,4,1,8,root > V:16 > BH:26 > BH:5 > BH:16 > BH:25 > BH:36 > BH:45 > BV:29,selected,2,inf,True,517,225,292,586.0,1.0,1.0,True,True,1,1,0,True,1,1,0,0,True,True,0,15,14,15,14,1,LS_RP,sampled_pool,,,False,0.8888888888888888,0.8727156119088962,0.11111111111111116,0.1,adaptive,bit_flip,offspring,feasible_start_adaptive_spacing,,,,feasible_start_adaptive_spacing,0.5,,True,auto_from_instance,0.75,0.35,"5,7,14,16,17,25,26,27,30,36,38,45,46,47,57","2,5,9,11,16,17,18,19,21,24,25,28,34",,,,,,"H[5,7,14,16,17,25,26,27,30,36,38,45,46,47,57]|V[2,5,9,11,16,17,18,19,21,24,25,28,29,34]",13a8831f3352523fe53b9477eb693b985fdfc37c
proposed_nsga2_bs_Gyorgy-KOVACS_WH_Wide_AW_5_seed_123,proposed_nsga2_bs,Gyorgy-KOVACS_WH_Wide_AW_5,123,15,auto_from_instance,12,18,4,30,216,,,,,5,3,7,root > V:20 > BH:26 > BH:5 > BH:16 > BH:27 > BH:38 > BH:47,evaluated,5,inf,False,632,190,442,801.0,1.0,1.0,True,True,1,1,0,True,1,1,0,0,True,True,0,17,11,17,11,3,SS_PF_LS,sampled_pool,,,True,0.8888888888888888,0.8589102528320993,0.11111111111111116,0.1,adaptive,spacing_aware_flip,offspring,feasible_start_adaptive_spacing,,,,feasible_start_adaptive_spacing,0.5,,True,auto_from_instance,0.75,0.35,"5,6,7,14,16,17,20,22,25,26,31,36,38,45,47,57","1,9,16,17,19,20,22,24,25,29,32",,,,,,"H[5,6,7,14,16,17,20,22,25,26,27,31,36,38,45,47,57]|V[1,9,16,17,19,20,22,24,25,29,32]",ee07310b0e9a2f7d1ae5c34b1c861964afc3124b
proposed_nsga2_bs_Gyorgy-KOVACS_WH_Wide_AW_5_seed_123,proposed_nsga2_bs,Gyorgy-KOVACS_WH_Wide_AW_5,123,15,auto_from_instance,12,18,4,30,216,,,,,6,3,7,root > V:20 > BH:26 > BH:5 > BH:16 > BH:25 > BH:38 > BH:47,evaluated,6,inf,False,632,190,442,819.0,1.0,1.0,True,True,1,1,0,True,1,1,0,0,True,True,0,16,11,16,11,3,SS_PF_LS,sampled_pool,,,True,0.8888888888888888,0.8589102528320993,0.11111111111111116,0.1,adaptive,spacing_aware_flip,offspring,feasible_start_adaptive_spacing,,,,feasible_start_adaptive_spacing,0.5,,True,auto_from_instance,0.75,0.35,"5,6,7,14,16,17,20,22,25,26,31,36,38,45,47,57","1,9,16,17,19,20,22,24,25,29,32",,,,,,"H[5,6,7,14,16,17,20,22,25,26,31,36,38,45,47,57]|V[1,9,16,17,19,20,22,24,25,29,32]",d6493ff68390be23cee30bc002eca8aaebcf77ec
proposed_nsga2_bs_Gyorgy-KOVACS_WH_Wide_AW_5_seed_123,proposed_nsga2_bs,Gyorgy-KOVACS_WH_Wide_AW_5,123,15,auto_from_instance,12,18,4,30,216,,,,,7,4,4,root > V:27 > BH:26 > BV:17 > BV:17,selected,0,inf,True,567,256,311,311.0,1.0,1.0,True,True,1,1,0,True,1,1,0,0,True,True,0,14,14,14,14,4,SS,sampled_pool,,,True,0.8888888888888888,0.9676108453205756,0.11111111111111116,0.1,adaptive,swap_segments,offspring,feasible_start_adaptive_spacing,,,,feasible_start_adaptive_spacing,0.5,,True,auto_from_instance,0.75,0.35,"5,6,7,14,16,17,22,25,26,27,36,38,45,47","2,8,9,11,14,15,18,19,25,27,29,31,32",,,,,,"H[5,6,7,14,16,17,22,25,26,27,36,38,45,47]|V[2,8,9,11,14,15,17,18,19,25,27,29,31,32]",a8708aef2b1e3127a45cd25328e7b01fe876ac67
proposed_nsga2_bs_Gyorgy-KOVACS_WH_Wide_AW_5_seed_123,proposed_nsga2_bs,Gyorgy-KOVACS_WH_Wide_AW_5,123,15,auto_from_instance,12,18,4,30,216,,,,,8,4,4,root > V:29 > BH:26 > BV:19 > BV:19,selected,1,inf,True,557,202,355,408.0,1.0,1.0,True,True,1,1,0,True,1,1,0,0,True,True,0,14,13,14,13,4,SS,sampled_pool,,,True,0.8888888888888888,0.9676108453205756,0.11111111111111116,0.1,adaptive,swap_segments,offspring,feasible_start_adaptive_spacing,,,,feasible_start_adaptive_spacing,0.5,,True,auto_from_instance,0.75,0.35,"5,6,7,14,16,17,22,25,26,27,36,38,45,47","2,8,9,11,14,15,18,19,25,27,29,31,32",,,,,,"H[5,6,7,14,16,17,22,25,26,27,36,38,45,47]|V[2,8,9,11,14,15,18,19,25,27,29,31,32]",225a083d40a70add6d49c842c1ea1b7da9e91627
proposed_nsga2_bs_Gyorgy-KOVACS_WH_Wide_AW_5_seed_123,proposed_nsga2_bs,Gyorgy-KOVACS_WH_Wide_AW_5,123,15,auto_from_instance,12,18,4,30,216,,,,,9,4,4,root > V:29 > BH:26 > BV:19 > BV:17,selected,2,inf,True,557,202,355,458.0,1.0,1.0,True,True,1,1,0,True,1,1,0,0,True,True,0,14,14,14,14,4,SS,sampled_pool,,,True,0.8888888888888888,0.9676108453205756,0.11111111111111116,0.1,adaptive,swap_segments,offspring,feasible_start_adaptive_spacing,,,,feasible_start_adaptive_spacing,0.5,,True,auto_from_instance,0.75,0.35,"5,6,7,14,16,17,22,25,26,27,36,38,45,47","2,8,9,11,14,15,18,19,25,27,29,31,32",,,,,,"H[5,6,7,14,16,17,22,25,26,27,36,38,45,47]|V[2,8,9,11,14,15,17,18,19,25,27,29,31,32]",f590e28c4ca08f01adba87c9244bc357b1edb9bd
proposed_nsga2_bs_Gyorgy-KOVACS_WH_Wide_AW_5_seed_123,proposed_nsga2_bs,Gyorgy-KOVACS_WH_Wide_AW_5,123,15,auto_from_instance,12,18,4,30,216,,,,,10,4,4,root > V:29 > BH:26 > BV:19 > BV:17,selected,3,inf,True,557,202,355,460.0,1.0,1.0,True,True,1,1,0,True,1,1,0,0,True,True,0,14,14,14,14,4,SS,sampled_pool,,,True,0.8888888888888888,0.9676108453205756,0.11111111111111116,0.1,adaptive,swap_segments,offspring,feasible_start_adaptive_spacing,,,,feasible_start_adaptive_spacing,0.5,,True,auto_from_instance,0.75,0.35,"5,6,7,14,16,17,22,25,26,27,36,38,45,47","2,8,9,11,14,15,18,19,25,27,29,31,32",,,,,,"H[5,6,7,14,16,17,22,25,26,27,36,38,45,47]|V[2,8,9,11,14,15,17,18,19,25,27,29,31,32]",0ccd7482bc13afbeac630bd0faf7012fe4b70f5c
proposed_nsga2_bs_Gyorgy-KOVACS_WH_Wide_AW_5_seed_123,proposed_nsga2_bs,Gyorgy-KOVACS_WH_Wide_AW_5,123,15,auto_from_instance,12,18,4,30,216,,,,,11,4,4,root > V:29 > BH:26 > BV:17 > BV:17,evaluated,4,inf,False,557,202,355,510.0,1.0,1.0,True,True,1,1,0,True,1,1,0,0,True,True,0,14,14,14,14,4,SS,sampled_pool,,,True,0.8888888888888888,0.9676108453205756,0.11111111111111116,0.1,adaptive,swap_segments,offspring,feasible_start_adaptive_spacing,,,,feasible_start_adaptive_spacing,0.5,,True,auto_from_instance,0.75,0.35,"5,6,7,14,16,17,22,25,26,27,36,38,45,47","2,8,9,11,14,15,18,19,25,27,29,31,32",,,,,,"H[5,6,7,14,16,17,22,25,26,27,36,38,45,47]|V[2,8,9,11,14,15,17,18,19,25,27,29,31,32]",01a64afdd46edf4dc6b60538f107b837ec4162f0
proposed_nsga2_bs_Gyorgy-KOVACS_WH_Wide_AW_5_seed_123,proposed_nsga2_bs,Gyorgy-KOVACS_WH_Wide_AW_5,123,15,auto_from_instance,12,18,4,30,216,,,,,12,5,8,root > V:15 > BH:26 > BH:5 > BH:16 > BH:25 > BH:36 > BH:45 > BV:24,selected,0,inf,True,497,247,250,385.0,1.0,1.0,True,True,1,1,0,True,1,1,0,0,True,True,0,15,13,15,13,5,PF_SS_RP,sampled_pool,,,True,0.8888888888888888,0.8147364502207114,0.11111111111111116,0.1,adaptive,bit_flip,offspring,feasible_start_adaptive_spacing,,,,feasible_start_adaptive_spacing,0.5,,True,auto_from_instance,0.75,0.35,"5,6,7,14,16,17,22,25,26,27,36,38,45,46,47","2,9,11,15,17,19,21,24,25,26,28,29,32",,,,,,"H[5,6,7,14,16,17,22,25,26,27,36,38,45,46,47]|V[2,9,11,15,17,19,21,24,25,26,28,29,32]",416c9c0e4f9e06143d78fee04cbc7a8d1c4800ad
proposed_nsga2_bs_Gyorgy-KOVACS_WH_Wide_AW_5_seed_123,proposed_nsga2_bs,Gyorgy-KOVACS_WH_Wide_AW_5,123,15,auto_from_instance,12,18,4,30,216,,,,,13,5,8,root > V:15 > BH:26 > BH:5 > BH:14 > BH:25 > BH:36 > BH:45 > BV:24,selected,0,inf,True,497,247,250,385.0,1.0,1.0,True,True,1,1,0,True,1,1,0,0,True,True,0,15,13,15,13,5,PF_SS_RP,sampled_pool,,,True,0.8888888888888888,0.8147364502207114,0.11111111111111116,0.1,adaptive,bit_flip,offspring,feasible_start_adaptive_spacing,,,,feasible_start_adaptive_spacing,0.5,,True,auto_from_instance,0.75,0.35,"5,6,7,14,16,17,22,25,26,27,36,38,45,46,47","2,9,11,15,17,19,21,24,25,26,28,29,32",,,,,,"H[5,6,7,14,16,17,22,25,26,27,36,38,45,46,47]|V[2,9,11,15,17,19,21,24,25,26,28,29,32]",4f5b467192e7c6ce4bc3fd69bf3ce13c31bd8ba0
proposed_nsga2_bs_Gyorgy-KOVACS_WH_Wide_AW_5_seed_123,proposed_nsga2_bs,Gyorgy-KOVACS_WH_Wide_AW_5,123,15,auto_from_instance,12,18,4,30,216,,,,,14,6,8,root > V:16 > BH:26 > BH:7 > BH:16 > BH:25 > BH:36 > BH:45 > BV:25,selected,1,inf,True,517,238,279,537.0,1.0,1.0,True,True,1,1,0,True,1,1,0,0,True,True,0,14,13,14,13,6,PF,sampled_pool,,,False,0.8888888888888888,0.8721826252853688,0.11111111111111116,0.1,adaptive,swap_segments,offspring,feasible_start_adaptive_spacing,,,,feasible_start_adaptive_spacing,0.5,,True,auto_from_instance,0.75,0.35,"5,7,14,16,17,25,26,27,30,36,38,45,47,57","1,5,6,7,9,16,21,23,24,25,28,29,34",,,,,,"H[5,7,14,16,17,25,26,27,30,36,38,45,47,57]|V[1,5,6,7,9,16,21,23,24,25,28,29,34]",5f183debb27c7a24bc0f9f82fc27ee77d3fc24d8
proposed_nsga2_bs_Gyorgy-KOVACS_WH_Wide_AW_5_seed_123,proposed_nsga2_bs,Gyorgy-KOVACS_WH_Wide_AW_5,123,15,auto_from_instance,12,18,4,30,216,,,,,15,6,8,root > V:16 > BH:26 > BH:7 > BH:16 > BH:25 > BH:36 > BH:45 > BV:29,selected,3,inf,True,517,225,292,755.0,1.0,1.0,True,True,1,1,0,True,1,1,0,0,True,True,0,14,13,14,13,6,PF,sampled_pool,,,False,0.8888888888888888,0.8721826252853688,0.11111111111111116,0.1,adaptive,swap_segments,offspring,feasible_start_adaptive_spacing,,,,feasible_start_adaptive_spacing,0.5,,True,auto_from_instance,0.75,0.35,"5,7,14,16,17,25,26,27,30,36,38,45,47,57","1,5,6,7,9,16,21,23,24,25,28,29,34",,,,,,"H[5,7,14,16,17,25,26,27,30,36,38,45,47,57]|V[1,5,6,7,9,16,21,23,24,25,28,29,34]",03af9372cf0d8e782f6e425ae89227ab68d20a8e
proposed_nsga2_bs_Gyorgy-KOVACS_WH_Wide_AW_5_seed_123,proposed_nsga2_bs,Gyorgy-KOVACS_WH_Wide_AW_5,123,15,auto_from_instance,12,18,4,30,216,,,,,16,7,7,root > V:21 > BH:26 > BH:5 > BH:16 > BH:27 > BH:38 > BH:47,evaluated,5,inf,False,652,180,472,763.0,1.0,1.0,True,True,1,1,0,True,1,1,0,0,True,True,0,14,13,14,13,7,SS,sampled_pool,,,True,0.8888888888888888,0.9550959226510918,0.11111111111111116,0.1,adaptive,break_symmetry,offspring,feasible_start_adaptive_spacing,,,,feasible_start_adaptive_spacing,0.5,,True,auto_from_instance,0.75,0.35,"5,6,7,14,16,17,24,26,27,31,36,38,45,47","1,9,11,15,17,19,21,23,24,25,28,29,32",,,,,,"H[5,6,7,14,16,17,24,26,27,31,36,38,45,47]|V[1,9,11,15,17,19,21,23,24,25,28,29,32]",2f63addef0a564eaffadcb442913b04bcdb20a31
proposed_nsga2_bs_Gyorgy-KOVACS_WH_Wide_AW_5_seed_123,proposed_nsga2_bs,Gyorgy-KOVACS_WH_Wide_AW_5,123,15,auto_from_instance,12,18,4,30,216,,,,,17,8,6,root > V:21 > BH:26 > BH:5 > BH:16 > BH:29 > BH:42,evaluated,7,inf,False,692,165,527,1197.0,1.0,1.0,True,True,1,1,0,True,1,1,0,0,True,True,0,16,13,16,13,8,SS,sampled_pool,,,True,0.8888888888888888,0.8693311674189139,0.11111111111111116,0.1,adaptive,insert_random_aisle,offspring,feasible_start_adaptive_spacing,,,,feasible_start_adaptive_spacing,0.5,,True,auto_from_instance,0.75,0.35,"5,7,14,16,17,22,25,26,27,36,38,44,45,47","2,9,11,15,16,17,19,21,24,25,28,29,32",,,,,,"H[5,7,14,16,17,22,25,26,27,29,36,38,42,44,45,47]|V[2,9,11,15,16,17,19,21,24,25,28,29,32]",3e80fff572b45638d4c993741f9187431fecc243
proposed_nsga2_bs_Gyorgy-KOVACS_WH_Wide_AW_5_seed_123,proposed_nsga2_bs,Gyorgy-KOVACS_WH_Wide_AW_5,123,15,auto_from_instance,12,18,4,30,216,,,,,18,8,6,root > V:21 > BH:26 > BH:5 > BH:16 > BH:27 > BH:40,evaluated,7,inf,False,692,168,524,1255.0,1.0,1.0,True,True,1,1,0,True,1,1,0,0,True,True,0,15,13,15,13,8,SS,sampled_pool,,,True,0.8888888888888888,0.8693311674189139,0.11111111111111116,0.1,adaptive,insert_random_aisle,offspring,feasible_start_adaptive_spacing,,,,feasible_start_adaptive_spacing,0.5,,True,auto_from_instance,0.75,0.35,"5,7,14,16,17,22,25,26,27,36,38,44,45,47","2,9,11,15,16,17,19,21,24,25,28,29,32",,,,,,"H[5,7,14,16,17,22,25,26,27,36,38,40,44,45,47]|V[2,9,11,15,16,17,19,21,24,25,28,29,32]",c29204a760792de9b5fff7fd1f22463071b8fe3a
proposed_nsga2_bs_Gyorgy-KOVACS_WH_Wide_AW_5_seed_123,proposed_nsga2_bs,Gyorgy-KOVACS_WH_Wide_AW_5,123,15,auto_from_instance,12,18,4,30,216,,,,,19,8,6,root > V:21 > BH:26 > BH:5 > BH:16 > BH:29 > BH:40,evaluated,8,inf,False,692,167,525,1255.0,1.0,1.0,True,True,1,1,0,True,1,1,0,0,True,True,0,16,13,16,13,8,SS,sampled_pool,,,True,0.8888888888888888,0.8693311674189139,0.11111111111111116,0.1,adaptive,insert_random_aisle,offspring,feasible_start_adaptive_spacing,,,,feasible_start_adaptive_spacing,0.5,,True,auto_from_instance,0.75,0.35,"5,7,14,16,17,22,25,26,27,36,38,44,45,47","2,9,11,15,16,17,19,21,24,25,28,29,32",,,,,,"H[5,7,14,16,17,22,25,26,27,29,36,38,40,44,45,47]|V[2,9,11,15,16,17,19,21,24,25,28,29,32]",4438a07913bba44771acc09fec1861ea8b6e3d46
proposed_nsga2_bs_Gyorgy-KOVACS_WH_Wide_AW_5_seed_123,proposed_nsga2_bs,Gyorgy-KOVACS_WH_Wide_AW_5,123,15,auto_from_instance,12,18,4,30,216,,,,,20,8,6,root > V:21 > BH:26 > BH:5 > BH:14 > BH:27 > BH:40,evaluated,8,inf,False,692,168,524,1271.0,1.0,1.0,True,True,1,1,0,True,1,1,0,0,True,True,0,15,13,15,13,8,SS,sampled_pool,,,True,0.8888888888888888,0.8693311674189139,0.11111111111111116,0.1,adaptive,insert_random_aisle,offspring,feasible_start_adaptive_spacing,,,,feasible_start_adaptive_spacing,0.5,,True,auto_from_instance,0.75,0.35,"5,7,14,16,17,22,25,26,27,36,38,44,45,47","2,9,11,15,16,17,19,21,24,25,28,29,32",,,,,,"H[5,7,14,16,17,22,25,26,27,36,38,40,44,45,47]|V[2,9,11,15,16,17,19,21,24,25,28,29,32]",d6f556ce4388bf7e47d115315ffef16b2112220e
proposed_nsga2_bs_Gyorgy-KOVACS_WH_Wide_AW_5_seed_123,proposed_nsga2_bs,Gyorgy-KOVACS_WH_Wide_AW_5,123,15,auto_from_instance,12,18,4,30,216,,,,,21,8,6,root > V:21 > BH:26 > BH:47 > BH:35 > BH:23 > BH:11,evaluated,9,inf,False,692,164,528,1293.0,1.0,1.0,True,True,1,1,0,True,1,1,0,0,True,True,0,17,13,17,13,8,SS,sampled_pool,,,True,0.8888888888888888,0.8693311674189139,0.11111111111111116,0.1,adaptive,insert_random_aisle,offspring,feasible_start_adaptive_spacing,,,,feasible_start_adaptive_spacing,0.5,,True,auto_from_instance,0.75,0.35,"5,7,14,16,17,22,25,26,27,36,38,44,45,47","2,9,11,15,16,17,19,21,24,25,28,29,32",,,,,,"H[5,7,11,14,16,17,22,23,25,26,27,35,36,38,44,45,47]|V[2,9,11,15,16,17,19,21,24,25,28,29,32]",aefb6def61337c0811fe5b11c3859df6b4d263cc
proposed_nsga2_bs_Gyorgy-KOVACS_WH_Wide_AW_5_seed_123,proposed_nsga2_bs,Gyorgy-KOVACS_WH_Wide_AW_5,123,16,auto_from_instance,12,18,4,30,216,,,,,1,1,6,root > V:19 > BH:26 > BH:47 > BH:35 > BH:9 > BH:24,evaluated,5,inf,False,662,179,483,1144.0,1.0,1.0,True,True,1,1,0,True,1,1,0,0,True,True,0,18,11,18,11,1,SS_PF_LS,sampled_pool,,,True,0.9444444444444444,0.962064777745147,0.1,0.1,adaptive,swap_segments,offspring,feasible_start_adaptive_spacing,,,,feasible_start_adaptive_spacing,0.5,,True,auto_from_instance,0.75,0.35,"5,6,7,14,16,17,22,25,26,27,36,38,45,46,47","2,9,10,11,15,17,19,25,26,29,32",,,,,,"H[5,6,7,9,14,16,17,22,24,25,26,27,35,36,38,45,46,47]|V[2,9,10,11,15,17,19,25,26,29,32]",6fb8d656f89af2ff6e3dacad50af7d97fadeef2d
proposed_nsga2_bs_Gyorgy-KOVACS_WH_Wide_AW_5_seed_123,proposed_nsga2_bs,Gyorgy-KOVACS_WH_Wide_AW_5,123,16,auto_from_instance,12,18,4,30,216,,,,,2,1,6,root > V:19 > BH:26 > BH:47 > BH:35 > BH:23 > BH:9,evaluated,6,inf,False,662,178,484,1194.0,1.0,1.0,True,True,1,1,0,True,1,1,0,0,True,True,0,18,11,18,11,1,SS_PF_LS,sampled_pool,,,True,0.9444444444444444,0.962064777745147,0.1,0.1,adaptive,swap_segments,offspring,feasible_start_adaptive_spacing,,,,feasible_start_adaptive_spacing,0.5,,True,auto_from_instance,0.75,0.35,"5,6,7,14,16,17,22,25,26,27,36,38,45,46,47","2,9,10,11,15,17,19,25,26,29,32",,,,,,"H[5,6,7,9,14,16,17,22,23,25,26,27,35,36,38,45,46,47]|V[2,9,10,11,15,17,19,25,26,29,32]",897092111e4d642b83b355f9b7d25178527841b5
proposed_nsga2_bs_Gyorgy-KOVACS_WH_Wide_AW_5_seed_123,proposed_nsga2_bs,Gyorgy-KOVACS_WH_Wide_AW_5,123,16,auto_from_instance,12,18,4,30,216,,,,,3,1,6,root > V:19 > BH:26 > BH:47 > BH:35 > BH:23 > BH:11,evaluated,7,inf,False,662,178,484,1444.0,1.0,1.0,True,True,1,1,0,True,1,1,0,0,True,True,0,18,11,18,11,1,SS_PF_LS,sampled_pool,,,True,0.9444444444444444,0.962064777745147,0.1,0.1,adaptive,swap_segments,offspring,feasible_start_adaptive_spacing,,,,feasible_start_adaptive_spacing,0.5,,True,auto_from_instance,0.75,0.35,"5,6,7,14,16,17,22,25,26,27,36,38,45,46,47","2,9,10,11,15,17,19,25,26,29,32",,,,,,"H[5,6,7,11,14,16,17,22,23,25,26,27,35,36,38,45,46,47]|V[2,9,10,11,15,17,19,25,26,29,32]",9b2f707dda5433c81ce925886b10ac8c64e57967
proposed_nsga2_bs_Gyorgy-KOVACS_WH_Wide_AW_5_seed_123,proposed_nsga2_bs,Gyorgy-KOVACS_WH_Wide_AW_5,123,16,auto_from_instance,12,18,4,30,216,,,,,4,1,6,root > V:19 > BH:26 > BH:47 > BH:35 > BH:25 > BH:11,evaluated,6,inf,False,662,179,483,1464.0,1.0,1.0,True,True,1,1,0,True,1,1,0,0,True,True,0,17,11,17,11,1,SS_PF_LS,sampled_pool,,,True,0.9444444444444444,0.962064777745147,0.1,0.1,adaptive,swap_segments,offspring,feasible_start_adaptive_spacing,,,,feasible_start_adaptive_spacing,0.5,,True,auto_from_instance,0.75,0.35,"5,6,7,14,16,17,22,25,26,27,36,38,45,46,47","2,9,10,11,15,17,19,25,26,29,32",,,,,,"H[5,6,7,11,14,16,17,22,25,26,27,35,36,38,45,46,47]|V[2,9,10,11,15,17,19,25,26,29,32]",12f08497ad70c725db695a48700242a4b494c0e9
proposed_nsga2_bs_Gyorgy-KOVACS_WH_Wide_AW_5_seed_123,proposed_nsga2_bs,Gyorgy-KOVACS_WH_Wide_AW_5,123,16,auto_from_instance,12,18,4,30,216,,,,,5,1,6,root > V:19 > BH:26 > BH:47 > BH:35 > BH:25 > BH:13,selected,4,inf,True,662,181,481,1556.0,1.0,1.0,True,True,1,1,0,True,1,1,0,0,True,True,0,17,11,17,11,1,SS_PF_LS,sampled_pool,,,True,0.9444444444444444,0.962064777745147,0.1,0.1,adaptive,swap_segments,offspring,feasible_start_adaptive_spacing,,,,feasible_start_adaptive_spacing,0.5,,True,auto_from_instance,0.75,0.35,"5,6,7,14,16,17,22,25,26,27,36,38,45,46,47","2,9,10,11,15,17,19,25,26,29,32",,,,,,"H[5,6,7,13,14,16,17,22,25,26,27,35,36,38,45,46,47]|V[2,9,10,11,15,17,19,25,26,29,32]",b9a6d6b799d1b324b73cef7991c5a0a22844dc58
proposed_nsga2_bs_Gyorgy-KOVACS_WH_Wide_AW_5_seed_123,proposed_nsga2_bs,Gyorgy-KOVACS_WH_Wide_AW_5,123,16,auto_from_instance,12,18,4,30,216,,,,,6,2,8,root > V:15 > BH:26 > BH:7 > BH:16 > BH:25 > BH:36 > BH:45 > BV:24,selected,1,inf,True,497,247,250,567.0,1.0,1.0,True,True,1,1,0,True,1,1,0,0,True,True,0,15,15,15,15,2,PF,sampled_pool,,,False,0.9444444444444444,0.9097938123355892,0.1,0.1,adaptive,bit_flip,offspring,feasible_start_adaptive_spacing,,,,feasible_start_adaptive_spacing,0.5,,True,auto_from_instance,0.75,0.35,"5,6,7,8,14,16,17,22,25,26,27,36,38,45,47","2,8,9,11,14,15,18,19,21,24,25,27,29,31,32",,,,,,"H[5,6,7,8,14,16,17,22,25,26,27,36,38,45,47]|V[2,8,9,11,14,15,18,19,21,24,25,27,29,31,32]",bad25caaf4e753481b1b798360caa6634ad939f7
proposed_nsga2_bs_Gyorgy-KOVACS_WH_Wide_AW_5_seed_123,proposed_nsga2_bs,Gyorgy-KOVACS_WH_Wide_AW_5,123,16,auto_from_instance,12,18,4,30,216,,,,,7,2,8,root > V:15 > BH:26 > BH:5 > BH:16 > BH:25 > BH:36 > BH:45 > BV:24,selected,0,inf,True,497,247,250,385.0,1.0,1.0,True,True,1,1,0,True,1,1,0,0,True,True,0,15,15,15,15,2,PF,sampled_pool,,,False,0.9444444444444444,0.9097938123355892,0.1,0.1,adaptive,bit_flip,offspring,feasible_start_adaptive_spacing,,,,feasible_start_adaptive_spacing,0.5,,True,auto_from_instance,0.75,0.35,"5,6,7,8,14,16,17,22,25,26,27,36,38,45,47","2,8,9,11,14,15,18,19,21,24,25,27,29,31,32",,,,,,"H[5,6,7,8,14,16,17,22,25,26,27,36,38,45,47]|V[2,8,9,11,14,15,18,19,21,24,25,27,29,31,32]",416c9c0e4f9e06143d78fee04cbc7a8d1c4800ad
proposed_nsga2_bs_Gyorgy-KOVACS_WH_Wide_AW_5_seed_123,proposed_nsga2_bs,Gyorgy-KOVACS_WH_Wide_AW_5,123,16,auto_from_instance,12,18,4,30,216,,,,,8,3,8,root > V:16 > BH:26 > BH:5 > BH:16 > BH:27 > BH:36 > BH:45 > BV:25,selected,0,inf,True,517,238,279,368.0,1.0,1.0,True,True,1,1,0,True,1,1,0,0,True,True,0,15,15,15,15,3,LS_PF,sampled_pool,,,False,0.9444444444444444,0.8901047770878099,0.1,0.1,adaptive,break_symmetry,offspring,feasible_start_adaptive_spacing,,,,feasible_start_adaptive_spacing,0.5,,True,auto_from_instance,0.75,0.35,"5,7,14,16,18,25,26,27,30,36,38,45,46,47,57","2,5,9,11,16,17,18,19,21,24,25,26,28,29,32",,,,,,"H[5,7,14,16,18,25,26,27,30,36,38,45,46,47,57]|V[2,5,9,11,16,17,18,19,21,24,25,26,28,29,32]",015ee1c8318bbe65f9d75b3878c91b9d7be2a076
proposed_nsga2_bs_Gyorgy-KOVACS_WH_Wide_AW_5_seed_123,proposed_nsga2_bs,Gyorgy-KOVACS_WH_Wide_AW_5,123,16,auto_from_instance,12,18,4,30,216,,,,,9,3,8,root > V:16 > BH:26 > BH:5 > BH:16 > BH:25 > BH:36 > BH:45 > BV:25,selected,0,inf,True,517,238,279,368.0,1.0,1.0,True,True,1,1,0,True,1,1,0,0,True,True,0,15,15,15,15,3,LS_PF,sampled_pool,,,False,0.9444444444444444,0.8901047770878099,0.1,0.1,adaptive,break_symmetry,offspring,feasible_start_adaptive_spacing,,,,feasible_start_adaptive_spacing,0.5,,True,auto_from_instance,0.75,0.35,"5,7,14,16,18,25,26,27,30,36,38,45,46,47,57","2,5,9,11,16,17,18,19,21,24,25,26,28,29,32",,,,,,"H[5,7,14,16,18,25,26,27,30,36,38,45,46,47,57]|V[2,5,9,11,16,17,18,19,21,24,25,26,28,29,32]",559a078c3ea143504613077c561cb3124d66b767
proposed_nsga2_bs_Gyorgy-KOVACS_WH_Wide_AW_5_seed_123,proposed_nsga2_bs,Gyorgy-KOVACS_WH_Wide_AW_5,123,16,auto_from_instance,12,18,4,30,216,,,,,10,3,8,root > V:16 > BH:26 > BH:5 > BH:16 > BH:27 > BH:36 > BH:45 > BV:29,selected,2,inf,True,517,225,292,586.0,1.0,1.0,True,True,1,1,0,True,1,1,0,0,True,True,0,15,15,15,15,3,LS_PF,sampled_pool,,,False,0.9444444444444444,0.8901047770878099,0.1,0.1,adaptive,break_symmetry,offspring,feasible_start_adaptive_spacing,,,,feasible_start_adaptive_spacing,0.5,,True,auto_from_instance,0.75,0.35,"5,7,14,16,18,25,26,27,30,36,38,45,46,47,57","2,5,9,11,16,17,18,19,21,24,25,26,28,29,32",,,,,,"H[5,7,14,16,18,25,26,27,30,36,38,45,46,47,57]|V[2,5,9,11,16,17,18,19,21,24,25,26,28,29,32]",ed71c8d546062d956359fd31a02e14699e745412
proposed_nsga2_bs_Gyorgy-KOVACS_WH_Wide_AW_5_seed_123,proposed_nsga2_bs,Gyorgy-KOVACS_WH_Wide_AW_5,123,16,auto_from_instance,12,18,4,30,216,,,,,11,3,8,root > V:16 > BH:26 > BH:5 > BH:16 > BH:25 > BH:36 > BH:45 > BV:29,selected,2,inf,True,517,225,292,586.0,1.0,1.0,True,True,1,1,0,True,1,1,0,0,True,True,0,15,15,15,15,3,LS_PF,sampled_pool,,,False,0.9444444444444444,0.8901047770878099,0.1,0.1,adaptive,break_symmetry,offspring,feasible_start_adaptive_spacing,,,,feasible_start_adaptive_spacing,0.5,,True,auto_from_instance,0.75,0.35,"5,7,14,16,18,25,26,27,30,36,38,45,46,47,57","2,5,9,11,16,17,18,19,21,24,25,26,28,29,32",,,,,,"H[5,7,14,16,18,25,26,27,30,36,38,45,46,47,57]|V[2,5,9,11,16,17,18,19,21,24,25,26,28,29,32]",13a8831f3352523fe53b9477eb693b985fdfc37c
proposed_nsga2_bs_Gyorgy-KOVACS_WH_Wide_AW_5_seed_123,proposed_nsga2_bs,Gyorgy-KOVACS_WH_Wide_AW_5,123,16,auto_from_instance,12,18,4,30,216,,,,,12,4,8,root > V:15 > BH:26 > BH:5 > BH:14 > BH:25 > BH:36 > BH:45 > BV:24,selected,0,0.0,True,497,247,250,385.0,1.0,1.0,True,True,1,1,0,True,1,1,0,0,True,True,0,16,11,16,11,4,PF_SS_RP,sampled_pool,,,True,0.9444444444444444,1.0,0.1,0.1,adaptive,spacing_aware_flip,offspring,feasible_start_adaptive_spacing,,,,feasible_start_adaptive_spacing,0.5,,True,auto_from_instance,0.75,0.35,"5,6,7,14,16,17,22,25,26,27,36,38,45,46,47,53","2,9,11,15,17,19,21,24,25,28,34",,,,,,"H[5,6,7,14,16,17,22,25,26,27,36,38,45,46,47,53]|V[2,9,11,15,17,19,21,24,25,28,34]",4f5b467192e7c6ce4bc3fd69bf3ce13c31bd8ba0
proposed_nsga2_bs_Gyorgy-KOVACS_WH_Wide_AW_5_seed_123,proposed_nsga2_bs,Gyorgy-KOVACS_WH_Wide_AW_5,123,16,auto_from_instance,12,18,4,30,216,,,,,13,5,8,root > V:16 > BH:26 > BH:5 > BH:14 > BH:27 > BH:36 > BH:45 > BV:25,selected,1,inf,True,517,238,279,394.0,1.0,1.0,True,True,1,1,0,True,1,1,0,0,True,True,0,12,15,12,15,5,LS_PF,sampled_pool,,,False,0.9444444444444444,1.0,0.1,0.1,adaptive,remove_random_aisle,offspring,feasible_start_adaptive_spacing,,,,feasible_start_adaptive_spacing,0.5,,True,auto_from_instance,0.75,0.35,"5,7,14,17,22,25,26,27,36,38,45,47","1,5,6,7,9,16,21,23,24,25,28,29,31,32,34",,,,,,"H[5,7,14,17,22,25,26,27,36,38,45,47]|V[1,5,6,7,9,16,21,23,24,25,28,29,31,32,34]",4bede7bfd994b3fc49c6e6a296741a248f655e92
proposed_nsga2_bs_Gyorgy-KOVACS_WH_Wide_AW_5_seed_123,proposed_nsga2_bs,Gyorgy-KOVACS_WH_Wide_AW_5,123,16,auto_from_instance,12,18,4,30,216,,,,,14,5,8,root > V:16 > BH:26 > BH:5 > BH:14 > BH:27 > BH:36 > BH:45 > BV:29,selected,3,inf,True,517,225,292,612.0,1.0,1.0,True,True,1,1,0,True,1,1,0,0,True,True,0,12,15,12,15,5,LS_PF,sampled_pool,,,False,0.9444444444444444,1.0,0.1,0.1,adaptive,remove_random_aisle,offspring,feasible_start_adaptive_spacing,,,,feasible_start_adaptive_spacing,0.5,,True,auto_from_instance,0.75,0.35,"5,7,14,17,22,25,26,27,36,38,45,47","1,5,6,7,9,16,21,23,24,25,28,29,31,32,34",,,,,,"H[5,7,14,17,22,25,26,27,36,38,45,47]|V[1,5,6,7,9,16,21,23,24,25,28,29,31,32,34]",d69cf9fcac3a7c4a4c2f67adb71a7c7abf68b633
proposed_nsga2_bs_Gyorgy-KOVACS_WH_Wide_AW_5_seed_123,proposed_nsga2_bs,Gyorgy-KOVACS_WH_Wide_AW_5,123,16,auto_from_instance,12,18,4,30,216,,,,,15,6,8,root > V:15 > BH:26 > BH:5 > BH:16 > BH:27 > BH:36 > BH:45 > BV:24,selected,0,inf,True,497,247,250,385.0,1.0,1.0,True,True,1,1,0,True,1,1,0,0,True,True,0,17,13,17,13,6,PF,sampled_pool,,,False,0.9444444444444444,0.958840659057492,0.1,0.1,adaptive,swap_segments,offspring,feasible_start_adaptive_spacing,,,,feasible_start_adaptive_spacing,0.5,,True,auto_from_instance,0.75,0.35,"5,6,7,14,15,17,25,26,27,30,36,38,46,47,57","2,8,9,11,14,15,17,18,19,25,27,29",,,,,,"H[5,6,7,14,15,16,17,25,26,27,30,36,38,45,46,47,57]|V[2,8,9,11,14,15,17,18,19,24,25,27,29]",9367037dc0304e9a893380cb68f03b46b0c6f55b
proposed_nsga2_bs_Gyorgy-KOVACS_WH_Wide_AW_5_seed_123,proposed_nsga2_bs,Gyorgy-KOVACS_WH_Wide_AW_5,123,16,auto_from_instance,12,18,4,30,216,,,,,16,7,7,root > V:21 > BH:26 > BH:5 > BH:16 > BH:27 > BH:38 > BH:47,selected,4,inf,True,652,180,472,763.0,1.0,1.0,True,True,1,1,0,True,1,1,0,0,True,True,0,13,15,13,15,7,SS,sampled_pool,,,True,0.9444444444444444,1.0,0.1,0.1,adaptive,remove_random_aisle,offspring,feasible_start_adaptive_spacing,,,,feasible_start_adaptive_spacing,0.5,,True,auto_from_instance,0.75,0.35,"5,6,14,16,17,22,25,26,27,36,38,45,47","2,8,9,11,14,15,17,19,21,24,25,26,28,29,32",,,,,,"H[5,6,14,16,17,22,25,26,27,36,38,45,47]|V[2,8,9,11,14,15,17,19,21,24,25,26,28,29,32]",2f63addef0a564eaffadcb442913b04bcdb20a31
proposed_nsga2_bs_Gyorgy-KOVACS_WH_Wide_AW_5_seed_123,proposed_nsga2_bs,Gyorgy-KOVACS_WH_Wide_AW_5,123,16,auto_from_instance,12,18,4,30,216,,,,,17,9,6,root > V:21 > BH:26 > BH:5 > BH:16 > BH:29 > BH:42,evaluated,7,inf,False,692,165,527,1197.0,1.0,1.0,True,True,1,1,0,True,1,1,0,0,True,True,0,16,16,16,16,9,SS,sampled_pool,,,True,0.9444444444444444,0.8813332597890514,0.1,0.1,adaptive,insert_random_aisle,offspring,feasible_start_adaptive_spacing,,,,feasible_start_adaptive_spacing,0.5,,True,auto_from_instance,0.75,0.35,"5,7,14,16,17,25,26,27,36,38,45,46,47,57","2,5,9,11,15,16,17,18,19,21,24,25,26,28,29,34",,,,,,"H[5,7,14,16,17,25,26,27,29,36,38,42,45,46,47,57]|V[2,5,9,11,15,16,17,18,19,21,24,25,26,28,29,34]",3e80fff572b45638d4c993741f9187431fecc243
proposed_nsga2_bs_Gyorgy-KOVACS_WH_Wide_AW_5_seed_123,proposed_nsga2_bs,Gyorgy-KOVACS_WH_Wide_AW_5,123,16,auto_from_instance,12,18,4,30,216,,,,,18,9,6,root > V:21 > BH:26 > BH:5 > BH:16 > BH:27 > BH:40,evaluated,7,3.0,False,692,168,524,1255.0,1.0,1.0,True,True,1,1,0,True,1,1,0,0,True,True,0,15,16,15,16,9,SS,sampled_pool,,,True,0.9444444444444444,0.8813332597890514,0.1,0.1,adaptive,insert_random_aisle,offspring,feasible_start_adaptive_spacing,,,,feasible_start_adaptive_spacing,0.5,,True,auto_from_instance,0.75,0.35,"5,7,14,16,17,25,26,27,36,38,45,46,47,57","2,5,9,11,15,16,17,18,19,21,24,25,26,28,29,34",,,,,,"H[5,7,14,16,17,25,26,27,36,38,40,45,46,47,57]|V[2,5,9,11,15,16,17,18,19,21,24,25,26,28,29,34]",c29204a760792de9b5fff7fd1f22463071b8fe3a
proposed_nsga2_bs_Gyorgy-KOVACS_WH_Wide_AW_5_seed_123,proposed_nsga2_bs,Gyorgy-KOVACS_WH_Wide_AW_5,123,16,auto_from_instance,12,18,4,30,216,,,,,19,9,6,root > V:21 > BH:26 > BH:5 > BH:16 > BH:29 > BH:40,evaluated,8,inf,False,692,167,525,1255.0,1.0,1.0,True,True,1,1,0,True,1,1,0,0,True,True,0,16,16,16,16,9,SS,sampled_pool,,,True,0.9444444444444444,0.8813332597890514,0.1,0.1,adaptive,insert_random_aisle,offspring,feasible_start_adaptive_spacing,,,,feasible_start_adaptive_spacing,0.5,,True,auto_from_instance,0.75,0.35,"5,7,14,16,17,25,26,27,36,38,45,46,47,57","2,5,9,11,15,16,17,18,19,21,24,25,26,28,29,34",,,,,,"H[5,7,14,16,17,25,26,27,29,36,38,40,45,46,47,57]|V[2,5,9,11,15,16,17,18,19,21,24,25,26,28,29,34]",4438a07913bba44771acc09fec1861ea8b6e3d46
proposed_nsga2_bs_Gyorgy-KOVACS_WH_Wide_AW_5_seed_123,proposed_nsga2_bs,Gyorgy-KOVACS_WH_Wide_AW_5,123,16,auto_from_instance,12,18,4,30,216,,,,,20,9,6,root > V:21 > BH:26 > BH:5 > BH:14 > BH:27 > BH:40,evaluated,8,inf,False,692,168,524,1271.0,1.0,1.0,True,True,1,1,0,True,1,1,0,0,True,True,0,15,16,15,16,9,SS,sampled_pool,,,True,0.9444444444444444,0.8813332597890514,0.1,0.1,adaptive,insert_random_aisle,offspring,feasible_start_adaptive_spacing,,,,feasible_start_adaptive_spacing,0.5,,True,auto_from_instance,0.75,0.35,"5,7,14,16,17,25,26,27,36,38,45,46,47,57","2,5,9,11,15,16,17,18,19,21,24,25,26,28,29,34",,,,,,"H[5,7,14,16,17,25,26,27,36,38,40,45,46,47,57]|V[2,5,9,11,15,16,17,18,19,21,24,25,26,28,29,34]",d6f556ce4388bf7e47d115315ffef16b2112220e
proposed_nsga2_bs_Gyorgy-KOVACS_WH_Wide_AW_5_seed_123,proposed_nsga2_bs,Gyorgy-KOVACS_WH_Wide_AW_5,123,16,auto_from_instance,12,18,4,30,216,,,,,21,9,6,root > V:21 > BH:26 > BH:47 > BH:35 > BH:23 > BH:11,evaluated,9,inf,False,692,164,528,1293.0,1.0,1.0,True,True,1,1,0,True,1,1,0,0,True,True,0,17,16,17,16,9,SS,sampled_pool,,,True,0.9444444444444444,0.8813332597890514,0.1,0.1,adaptive,insert_random_aisle,offspring,feasible_start_adaptive_spacing,,,,feasible_start_adaptive_spacing,0.5,,True,auto_from_instance,0.75,0.35,"5,7,14,16,17,25,26,27,36,38,45,46,47,57","2,5,9,11,15,16,17,18,19,21,24,25,26,28,29,34",,,,,,"H[5,7,11,14,16,17,23,25,26,27,35,36,38,45,46,47,57]|V[2,5,9,11,15,16,17,18,19,21,24,25,26,28,29,34]",aefb6def61337c0811fe5b11c3859df6b4d263cc
proposed_nsga2_bs_Gyorgy-KOVACS_WH_Wide_AW_5_seed_123,proposed_nsga2_bs,Gyorgy-KOVACS_WH_Wide_AW_5,123,17,auto_from_instance,12,18,4,30,216,,,,,1,1,4,root > V:27 > BH:26 > BV:17 > BV:17,selected,0,inf,True,567,256,311,311.0,1.0,1.0,True,True,1,1,0,True,1,1,0,0,True,True,0,16,12,16,12,1,RP,sampled_pool,,,False,1.0,0.9791136012996562,0.1,0.1,adaptive,bit_flip,offspring,feasible_start_adaptive_spacing,,,,feasible_start_adaptive_spacing,0.5,,True,auto_from_instance,0.75,0.35,"5,6,7,14,15,16,17,25,26,27,36,38,45,46,47,53","2,9,11,14,15,17,18,24,25,27,29,34",,,,,,"H[5,6,7,14,15,16,17,25,26,27,36,38,45,46,47,53]|V[2,9,11,14,15,17,18,24,25,27,29,34]",a8708aef2b1e3127a45cd25328e7b01fe876ac67
proposed_nsga2_bs_Gyorgy-KOVACS_WH_Wide_AW_5_seed_123,proposed_nsga2_bs,Gyorgy-KOVACS_WH_Wide_AW_5,123,17,auto_from_instance,12,18,4,30,216,,,,,2,1,4,root > V:29 > BH:26 > BV:19 > BV:19,selected,1,inf,True,557,202,355,408.0,1.0,1.0,True,True,1,1,0,True,1,1,0,0,True,True,0,16,13,16,13,1,RP,sampled_pool,,,False,1.0,0.9791136012996562,0.1,0.1,adaptive,bit_flip,offspring,feasible_start_adaptive_spacing,,,,feasible_start_adaptive_spacing,0.5,,True,auto_from_instance,0.75,0.35,"5,6,7,14,15,16,17,25,26,27,36,38,45,46,47,53","2,9,11,14,15,17,18,24,25,27,29,34",,,,,,"H[5,6,7,14,15,16,17,25,26,27,36,38,45,46,47,53]|V[2,9,11,14,15,17,18,19,24,25,27,29,34]",225a083d40a70add6d49c842c1ea1b7da9e91627
proposed_nsga2_bs_Gyorgy-KOVACS_WH_Wide_AW_5_seed_123,proposed_nsga2_bs,Gyorgy-KOVACS_WH_Wide_AW_5,123,17,auto_from_instance,12,18,4,30,216,,,,,3,1,4,root > V:29 > BH:26 > BV:19 > BV:17,selected,2,inf,True,557,202,355,458.0,1.0,1.0,True,True,1,1,0,True,1,1,0,0,True,True,0,16,13,16,13,1,RP,sampled_pool,,,False,1.0,0.9791136012996562,0.1,0.1,adaptive,bit_flip,offspring,feasible_start_adaptive_spacing,,,,feasible_start_adaptive_spacing,0.5,,True,auto_from_instance,0.75,0.35,"5,6,7,14,15,16,17,25,26,27,36,38,45,46,47,53","2,9,11,14,15,17,18,24,25,27,29,34",,,,,,"H[5,6,7,14,15,16,17,25,26,27,36,38,45,46,47,53]|V[2,9,11,14,15,17,18,19,24,25,27,29,34]",f590e28c4ca08f01adba87c9244bc357b1edb9bd
proposed_nsga2_bs_Gyorgy-KOVACS_WH_Wide_AW_5_seed_123,proposed_nsga2_bs,Gyorgy-KOVACS_WH_Wide_AW_5,123,17,auto_from_instance,12,18,4,30,216,,,,,4,1,4,root > V:29 > BH:26 > BV:19 > BV:17,selected,3,inf,True,557,202,355,460.0,1.0,1.0,True,True,1,1,0,True,1,1,0,0,True,True,0,16,13,16,13,1,RP,sampled_pool,,,False,1.0,0.9791136012996562,0.1,0.1,adaptive,bit_flip,offspring,feasible_start_adaptive_spacing,,,,feasible_start_adaptive_spacing,0.5,,True,auto_from_instance,0.75,0.35,"5,6,7,14,15,16,17,25,26,27,36,38,45,46,47,53","2,9,11,14,15,17,18,24,25,27,29,34",,,,,,"H[5,6,7,14,15,16,17,25,26,27,36,38,45,46,47,53]|V[2,9,11,14,15,17,18,19,24,25,27,29,34]",0ccd7482bc13afbeac630bd0faf7012fe4b70f5c
proposed_nsga2_bs_Gyorgy-KOVACS_WH_Wide_AW_5_seed_123,proposed_nsga2_bs,Gyorgy-KOVACS_WH_Wide_AW_5,123,17,auto_from_instance,12,18,4,30,216,,,,,5,1,4,root > V:29 > BH:26 > BV:17 > BV:17,evaluated,4,inf,False,557,202,355,510.0,1.0,1.0,True,True,1,1,0,True,1,1,0,0,True,True,0,16,12,16,12,1,RP,sampled_pool,,,False,1.0,0.9791136012996562,0.1,0.1,adaptive,bit_flip,offspring,feasible_start_adaptive_spacing,,,,feasible_start_adaptive_spacing,0.5,,True,auto_from_instance,0.75,0.35,"5,6,7,14,15,16,17,25,26,27,36,38,45,46,47,53","2,9,11,14,15,17,18,24,25,27,29,34",,,,,,"H[5,6,7,14,15,16,17,25,26,27,36,38,45,46,47,53]|V[2,9,11,14,15,17,18,24,25,27,29,34]",01a64afdd46edf4dc6b60538f107b837ec4162f0
proposed_nsga2_bs_Gyorgy-KOVACS_WH_Wide_AW_5_seed_123,proposed_nsga2_bs,Gyorgy-KOVACS_WH_Wide_AW_5,123,17,auto_from_instance,12,18,4,30,216,,,,,6,2,8,root > V:15 > BH:26 > BH:5 > BH:16 > BH:25 > BH:36 > BH:45 > BV:24,selected,0,inf,True,497,247,250,385.0,1.0,1.0,True,True,1,1,0,True,1,1,0,0,True,True,0,17,10,17,10,2,PF_SS_RP,sampled_pool,,,True,1.0,0.9810104753769007,0.1,0.1,adaptive,remove_random_aisle,offspring,feasible_start_adaptive_spacing,,,,feasible_start_adaptive_spacing,0.5,,True,auto_from_instance,0.75,0.35,"5,6,7,14,16,17,22,25,26,27,30,36,38,45,46,47,57","2,9,11,15,17,19,21,24,25,28",,,,,,"H[5,6,7,14,16,17,22,25,26,27,30,36,38,45,46,47,57]|V[2,9,11,15,17,19,21,24,25,28]",416c9c0e4f9e06143d78fee04cbc7a8d1c4800ad
proposed_nsga2_bs_Gyorgy-KOVACS_WH_Wide_AW_5_seed_123,proposed_nsga2_bs,Gyorgy-KOVACS_WH_Wide_AW_5,123,17,auto_from_instance,12,18,4,30,216,,,,,7,2,8,root > V:15 > BH:26 > BH:5 > BH:14 > BH:25 > BH:36 > BH:45 > BV:24,selected,0,inf,True,497,247,250,385.0,1.0,1.0,True,True,1,1,0,True,1,1,0,0,True,True,0,17,10,17,10,2,PF_SS_RP,sampled_pool,,,True,1.0,0.9810104753769007,0.1,0.1,adaptive,remove_random_aisle,offspring,feasible_start_adaptive_spacing,,,,feasible_start_adaptive_spacing,0.5,,True,auto_from_instance,0.75,0.35,"5,6,7,14,16,17,22,25,26,27,30,36,38,45,46,47,57","2,9,11,15,17,19,21,24,25,28",,,,,,"H[5,6,7,14,16,17,22,25,26,27,30,36,38,45,46,47,57]|V[2,9,11,15,17,19,21,24,25,28]",4f5b467192e7c6ce4bc3fd69bf3ce13c31bd8ba0
proposed_nsga2_bs_Gyorgy-KOVACS_WH_Wide_AW_5_seed_123,proposed_nsga2_bs,Gyorgy-KOVACS_WH_Wide_AW_5,123,17,auto_from_instance,12,18,4,30,216,,,,,8,3,8,root > V:16 > BH:26 > BH:5 > BH:16 > BH:27 > BH:36 > BH:45 > BV:25,selected,0,1.745680106335844,True,517,238,279,368.0,1.0,1.0,True,True,1,1,0,True,1,1,0,0,True,True,0,16,15,16,15,3,LS,sampled_pool,,,False,1.0,0.9962951531964007,0.1,0.1,adaptive,spacing_aware_flip,offspring,feasible_start_adaptive_spacing,,,,feasible_start_adaptive_spacing,0.5,,True,auto_from_instance,0.75,0.35,"5,7,14,17,22,25,26,27,36,38,45,46,47,52,57","2,5,9,11,16,17,18,19,21,24,25,26,28,29,32",,,,,,"H[5,7,14,16,17,22,25,26,27,36,38,45,46,47,52,57]|V[2,5,9,11,16,17,18,19,21,24,25,26,28,29,32]",015ee1c8318bbe65f9d75b3878c91b9d7be2a076
proposed_nsga2_bs_Gyorgy-KOVACS_WH_Wide_AW_5_seed_123,proposed_nsga2_bs,Gyorgy-KOVACS_WH_Wide_AW_5,123,17,auto_from_instance,12,18,4,30,216,,,,,9,3,8,root > V:16 > BH:26 > BH:5 > BH:16 > BH:25 > BH:36 > BH:45 > BV:25,selected,0,0.0,True,517,238,279,368.0,1.0,1.0,True,True,1,1,0,True,1,1,0,0,True,True,0,16,15,16,15,3,LS,sampled_pool,,,False,1.0,0.9962951531964007,0.1,0.1,adaptive,spacing_aware_flip,offspring,feasible_start_adaptive_spacing,,,,feasible_start_adaptive_spacing,0.5,,True,auto_from_instance,0.75,0.35,"5,7,14,17,22,25,26,27,36,38,45,46,47,52,57","2,5,9,11,16,17,18,19,21,24,25,26,28,29,32",,,,,,"H[5,7,14,16,17,22,25,26,27,36,38,45,46,47,52,57]|V[2,5,9,11,16,17,18,19,21,24,25,26,28,29,32]",559a078c3ea143504613077c561cb3124d66b767
proposed_nsga2_bs_Gyorgy-KOVACS_WH_Wide_AW_5_seed_123,proposed_nsga2_bs,Gyorgy-KOVACS_WH_Wide_AW_5,123,17,auto_from_instance,12,18,4,30,216,,,,,10,3,8,root > V:16 > BH:26 > BH:5 > BH:16 > BH:27 > BH:36 > BH:45 > BV:29,selected,1,inf,True,517,225,292,586.0,1.0,1.0,True,True,1,1,0,True,1,1,0,0,True,True,0,16,15,16,15,3,LS,sampled_pool,,,False,1.0,0.9962951531964007,0.1,0.1,adaptive,spacing_aware_flip,offspring,feasible_start_adaptive_spacing,,,,feasible_start_adaptive_spacing,0.5,,True,auto_from_instance,0.75,0.35,"5,7,14,17,22,25,26,27,36,38,45,46,47,52,57","2,5,9,11,16,17,18,19,21,24,25,26,28,29,32",,,,,,"H[5,7,14,16,17,22,25,26,27,36,38,45,46,47,52,57]|V[2,5,9,11,16,17,18,19,21,24,25,26,28,29,32]",ed71c8d546062d956359fd31a02e14699e745412
proposed_nsga2_bs_Gyorgy-KOVACS_WH_Wide_AW_5_seed_123,proposed_nsga2_bs,Gyorgy-KOVACS_WH_Wide_AW_5,123,17,auto_from_instance,12,18,4,30,216,,,,,11,3,8,root > V:16 > BH:26 > BH:5 > BH:16 > BH:25 > BH:36 > BH:45 > BV:29,selected,1,0.0,True,517,225,292,586.0,1.0,1.0,True,True,1,1,0,True,1,1,0,0,True,True,0,16,15,16,15,3,LS,sampled_pool,,,False,1.0,0.9962951531964007,0.1,0.1,adaptive,spacing_aware_flip,offspring,feasible_start_adaptive_spacing,,,,feasible_start_adaptive_spacing,0.5,,True,auto_from_instance,0.75,0.35,"5,7,14,17,22,25,26,27,36,38,45,46,47,52,57","2,5,9,11,16,17,18,19,21,24,25,26,28,29,32",,,,,,"H[5,7,14,16,17,22,25,26,27,36,38,45,46,47,52,57]|V[2,5,9,11,16,17,18,19,21,24,25,26,28,29,32]",13a8831f3352523fe53b9477eb693b985fdfc37c
proposed_nsga2_bs_Gyorgy-KOVACS_WH_Wide_AW_5_seed_123,proposed_nsga2_bs,Gyorgy-KOVACS_WH_Wide_AW_5,123,17,auto_from_instance,12,18,4,30,216,,,,,12,4,7,root > V:21 > BH:26 > BH:5 > BH:16 > BH:27 > BH:38 > BH:47,evaluated,5,inf,False,652,180,472,763.0,1.0,1.0,True,True,1,1,0,True,1,1,0,0,True,True,0,13,16,13,16,4,RP_LS,sampled_pool,,,False,1.0,0.9666043535300186,0.1,0.1,adaptive,bit_flip,offspring,feasible_start_adaptive_spacing,,,,feasible_start_adaptive_spacing,0.5,,True,auto_from_instance,0.75,0.35,"5,7,14,16,18,25,26,27,30,36,38,45,47","1,5,6,7,9,16,17,21,23,24,25,28,29,31,32,34",,,,,,"H[5,7,14,16,18,25,26,27,30,36,38,45,47]|V[1,5,6,7,9,16,17,21,23,24,25,28,29,31,32,34]",2f63addef0a564eaffadcb442913b04bcdb20a31
proposed_nsga2_bs_Gyorgy-KOVACS_WH_Wide_AW_5_seed_123,proposed_nsga2_bs,Gyorgy-KOVACS_WH_Wide_AW_5,123,17,auto_from_instance,12,18,4,30,216,,,,,13,4,7,root > V:21 > BH:26 > BH:5 > BH:16 > BH:25 > BH:38 > BH:47,evaluated,6,inf,False,652,180,472,779.0,1.0,1.0,True,True,1,1,0,True,1,1,0,0,True,True,0,13,16,13,16,4,RP_LS,sampled_pool,,,False,1.0,0.9666043535300186,0.1,0.1,adaptive,bit_flip,offspring,feasible_start_adaptive_spacing,,,,feasible_start_adaptive_spacing,0.5,,True,auto_from_instance,0.75,0.35,"5,7,14,16,18,25,26,27,30,36,38,45,47","1,5,6,7,9,16,17,21,23,24,25,28,29,31,32,34",,,,,,"H[5,7,14,16,18,25,26,27,30,36,38,45,47]|V[1,5,6,7,9,16,17,21,23,24,25,28,29,31,32,34]",a792a56432daab33caeba3cd7c76504fd95e9146
proposed_nsga2_bs_Gyorgy-KOVACS_WH_Wide_AW_5_seed_123,proposed_nsga2_bs,Gyorgy-KOVACS_WH_Wide_AW_5,123,17,auto_from_instance,12,18,4,30,216,,,,,14,8,6,root > V:19 > BH:26 > BH:47 > BH:35 > BH:9 > BH:24,evaluated,7,inf,False,662,179,483,1144.0,1.0,1.0,True,True,1,1,0,True,1,1,0,0,True,True,0,19,14,19,14,8,SS_LS_PF,sampled_pool,,,True,1.0,0.9579180960588107,0.1,0.1,adaptive,spacing_aware_flip,offspring,feasible_start_adaptive_spacing,,,,feasible_start_adaptive_spacing,0.5,,True,auto_from_instance,0.75,0.35,"5,7,14,15,16,17,25,26,27,30,36,38,45,46,47,57","2,8,9,11,14,15,17,18,19,24,25,26,29,34",,,,,,"H[5,7,9,14,15,16,17,24,25,26,27,30,35,36,38,45,46,47,57]|V[2,8,9,11,14,15,17,18,19,24,25,26,29,34]",6fb8d656f89af2ff6e3dacad50af7d97fadeef2d
proposed_nsga2_bs_Gyorgy-KOVACS_WH_Wide_AW_5_seed_123,proposed_nsga2_bs,Gyorgy-KOVACS_WH_Wide_AW_5,123,17,auto_from_instance,12,18,4,30,216,,,,,15,8,6,root > V:19 > BH:26 > BH:47 > BH:35 > BH:23 > BH:9,evaluated,8,inf,False,662,178,484,1194.0,1.0,1.0,True,True,1,1,0,True,1,1,0,0,True,True,0,19,14,19,14,8,SS_LS_PF,sampled_pool,,,True,1.0,0.9579180960588107,0.1,0.1,adaptive,spacing_aware_flip,offspring,feasible_start_adaptive_spacing,,,,feasible_start_adaptive_spacing,0.5,,True,auto_from_instance,0.75,0.35,"5,7,14,15,16,17,25,26,27,30,36,38,45,46,47,57","2,8,9,11,14,15,17,18,19,24,25,26,29,34",,,,,,"H[5,7,9,14,15,16,17,23,25,26,27,30,35,36,38,45,46,47,57]|V[2,8,9,11,14,15,17,18,19,24,25,26,29,34]",897092111e4d642b83b355f9b7d25178527841b5
proposed_nsga2_bs_Gyorgy-KOVACS_WH_Wide_AW_5_seed_123,proposed_nsga2_bs,Gyorgy-KOVACS_WH_Wide_AW_5,123,17,auto_from_instance,12,18,4,30,216,,,,,16,8,6,root > V:19 > BH:26 > BH:47 > BH:35 > BH:23 > BH:11,evaluated,9,inf,False,662,178,484,1444.0,1.0,1.0,True,True,1,1,0,True,1,1,0,0,True,True,0,19,14,19,14,8,SS_LS_PF,sampled_pool,,,True,1.0,0.9579180960588107,0.1,0.1,adaptive,spacing_aware_flip,offspring,feasible_start_adaptive_spacing,,,,feasible_start_adaptive_spacing,0.5,,True,auto_from_instance,0.75,0.35,"5,7,14,15,16,17,25,26,27,30,36,38,45,46,47,57","2,8,9,11,14,15,17,18,19,24,25,26,29,34",,,,,,"H[5,7,11,14,15,16,17,23,25,26,27,30,35,36,38,45,46,47,57]|V[2,8,9,11,14,15,17,18,19,24,25,26,29,34]",9b2f707dda5433c81ce925886b10ac8c64e57967
proposed_nsga2_bs_Gyorgy-KOVACS_WH_Wide_AW_5_seed_123,proposed_nsga2_bs,Gyorgy-KOVACS_WH_Wide_AW_5,123,17,auto_from_instance,12,18,4,30,216,,,,,17,8,6,root > V:19 > BH:26 > BH:47 > BH:35 > BH:25 > BH:11,evaluated,8,inf,False,662,179,483,1464.0,1.0,1.0,True,True,1,1,0,True,1,1,0,0,True,True,0,18,14,18,14,8,SS_LS_PF,sampled_pool,,,True,1.0,0.9579180960588107,0.1,0.1,adaptive,spacing_aware_flip,offspring,feasible_start_adaptive_spacing,,,,feasible_start_adaptive_spacing,0.5,,True,auto_from_instance,0.75,0.35,"5,7,14,15,16,17,25,26,27,30,36,38,45,46,47,57","2,8,9,11,14,15,17,18,19,24,25,26,29,34",,,,,,"H[5,7,11,14,15,16,17,25,26,27,30,35,36,38,45,46,47,57]|V[2,8,9,11,14,15,17,18,19,24,25,26,29,34]",12f08497ad70c725db695a48700242a4b494c0e9
proposed_nsga2_bs_Gyorgy-KOVACS_WH_Wide_AW_5_seed_123,proposed_nsga2_bs,Gyorgy-KOVACS_WH_Wide_AW_5,123,17,auto_from_instance,12,18,4,30,216,,,,,18,8,6,root > V:19 > BH:26 > BH:47 > BH:35 > BH:25 > BH:13,evaluated,5,inf,False,662,181,481,1556.0,1.0,1.0,True,True,1,1,0,True,1,1,0,0,True,True,0,18,14,18,14,8,SS_LS_PF,sampled_pool,,,True,1.0,0.9579180960588107,0.1,0.1,adaptive,spacing_aware_flip,offspring,feasible_start_adaptive_spacing,,,,feasible_start_adaptive_spacing,0.5,,True,auto_from_instance,0.75,0.35,"5,7,14,15,16,17,25,26,27,30,36,38,45,46,47,57","2,8,9,11,14,15,17,18,19,24,25,26,29,34",,,,,,"H[5,7,13,14,15,16,17,25,26,27,30,35,36,38,45,46,47,57]|V[2,8,9,11,14,15,17,18,19,24,25,26,29,34]",b9a6d6b799d1b324b73cef7991c5a0a22844dc58
proposed_nsga2_bs_Gyorgy-KOVACS_WH_Wide_AW_5_seed_123,proposed_nsga2_bs,Gyorgy-KOVACS_WH_Wide_AW_5,123,17,auto_from_instance,12,18,4,30,216,,,,,19,9,8,root > V:16 > BH:26 > BH:5 > BH:14 > BH:25 > BH:36 > BH:45 > BV:25,selected,0,inf,True,517,238,279,368.0,1.0,1.0,True,True,1,1,0,True,1,1,0,0,True,True,0,14,13,14,13,9,PF_SS,sampled_pool,,,True,1.0,0.9426498608596534,0.1,0.1,adaptive,bit_flip,offspring,feasible_start_adaptive_spacing,,,,feasible_start_adaptive_spacing,0.5,,True,auto_from_instance,0.75,0.35,"5,7,14,17,22,25,26,27,36,38,45,46,47,57","2,5,9,16,17,21,23,24,25,26,28,29,32",,,,,,"H[5,7,14,17,22,25,26,27,36,38,45,46,47,57]|V[2,5,9,16,17,21,23,24,25,26,28,29,32]",6fcfc694894a367ef71d338faec4ce589ca685b5
proposed_nsga2_bs_Gyorgy-KOVACS_WH_Wide_AW_5_seed_123,proposed_nsga2_bs,Gyorgy-KOVACS_WH_Wide_AW_5,123,17,auto_from_instance,12,18,4,30,216,,,,,20,9,8,root > V:16 > BH:26 > BH:5 > BH:14 > BH:25 > BH:36 > BH:45 > BV:29,selected,1,inf,True,517,225,292,586.0,1.0,1.0,True,True,1,1,0,True,1,1,0,0,True,True,0,14,13,14,13,9,PF_SS,sampled_pool,,,True,1.0,0.9426498608596534,0.1,0.1,adaptive,bit_flip,offspring,feasible_start_adaptive_spacing,,,,feasible_start_adaptive_spacing,0.5,,True,auto_from_instance,0.75,0.35,"5,7,14,17,22,25,26,27,36,38,45,46,47,57","2,5,9,16,17,21,23,24,25,26,28,29,32",,,,,,"H[5,7,14,17,22,25,26,27,36,38,45,46,47,57]|V[2,5,9,16,17,21,23,24,25,26,28,29,32]",7e0f4d1a90907f684b7d565e90c4ddb6c1ba7c58
