run_id,method,instance,seed,generation,budget_policy,auto_population_size,auto_generations,auto_beam_width,auto_max_depth,auto_decode_budget,restart_index,batch_index,within_batch_index,decode_budget,candidate_id,parent_chromosome_id,depth,trace,status,rank,crowding_distance,selected,storage_total,pick_faces,interior_storage,retrieval_penalty,door_connectivity_index,access_anchor_connectivity_index,has_door_connected_aisle,has_access_anchor_connected_aisle,aisle_components,anchor_connected_components,unanchored_aisle_components,single_aisle_component,access_network_components,aisle_access_network_components,unreachable_aisle_components,unreachable_aisle_cells,has_access_anchor_reachable_aisle_network,exact_width_ok,exact_width_violation_count,chromosome_h_active_count,chromosome_v_active_count,active_h_count,active_v_count,chromosome_index,sorting_rule,sorting_rule_mode,bs_rule_policy,bs_weight_policy,uses_scalar_score,rho,beam_w1,beam_w2,beam_lambda,adaptive_weight_mode,mutation_operator,initialization_mode,initialization_spacing_mode,adaptive_spacing_used,feasible_h_start_count,feasible_v_start_count,adaptive_spacing_mode,adaptive_spacing_alpha,adaptive_spacing_bf,auto_params_used,parameter_source,beta_h,beta_v,h_active_starts,v_active_starts,terminal,safety_max_depth_reached,feasible,feasibility_reason,storage_block_count,chromosome_signature,layout_signature
proposed_nsga2_bs_demo_layout_door_left_AW_2_seed_126,proposed_nsga2_bs,demo_layout_door_left_AW_2,126,0,auto_from_instance,10,15,3,28,150,,,,,1,1,8,root > V:5 > BH:13 > BH:22 > BH:7 > BH:15 > BH:11 > BV:11 > BV:16,evaluated,6,inf,False,304,166,138,146.0,1.0,1.0,True,True,1,1,0,True,3,1,0,0,True,True,0,7,5,7,5,1,SS_PF_LS,sampled_pool,,,True,0.06666666666666667,0.1,0.9333333333333333,0.1,adaptive,,feasible_start_adaptive_spacing,feasible_start_adaptive_spacing,True,21,16,feasible_start_adaptive_spacing,0.5,,True,auto_from_instance,0.75,0.35,"3,20","2,5,17",,,,,,"H[3,7,11,13,15,20,22]|V[2,5,11,16,17]",cab73bad24d82f70f5b8f8a0854ecaf1e9f4f879
proposed_nsga2_bs_demo_layout_door_left_AW_2_seed_126,proposed_nsga2_bs,demo_layout_door_left_AW_2,126,0,auto_from_instance,10,15,3,28,150,,,,,2,1,8,root > V:5 > BH:13 > BH:22 > BH:7 > BH:15 > BH:11 > BV:10 > BV:16,evaluated,6,inf,False,304,166,138,146.0,1.0,1.0,True,True,1,1,0,True,3,1,0,0,True,True,0,7,5,7,5,1,SS_PF_LS,sampled_pool,,,True,0.06666666666666667,0.1,0.9333333333333333,0.1,adaptive,,feasible_start_adaptive_spacing,feasible_start_adaptive_spacing,True,21,16,feasible_start_adaptive_spacing,0.5,,True,auto_from_instance,0.75,0.35,"3,20","2,5,17",,,,,,"H[3,7,11,13,15,20,22]|V[2,5,10,16,17]",772bf2eb88c276f1852c81426ef26a362eeb5c41
proposed_nsga2_bs_demo_layout_door_left_AW_2_seed_126,proposed_nsga2_bs,demo_layout_door_left_AW_2,126,0,auto_from_instance,10,15,3,28,150,,,,,3,1,8,root > V:5 > BH:13 > BH:22 > BH:7 > BH:15 > BH:11 > BV:11 > BV:15,evaluated,7,inf,False,304,166,138,158.0,1.0,1.0,True,True,1,1,0,True,3,1,0,0,True,True,0,7,5,7,5,1,SS_PF_LS,sampled_pool,,,True,0.06666666666666667,0.1,0.9333333333333333,0.1,adaptive,,feasible_start_adaptive_spacing,feasible_start_adaptive_spacing,True,21,16,feasible_start_adaptive_spacing,0.5,,True,auto_from_instance,0.75,0.35,"3,20","2,5,17",,,,,,"H[3,7,11,13,15,20,22]|V[2,5,11,15,17]",eb0f84646e5c787791d4d1bf622170fa0a4b26fe
proposed_nsga2_bs_demo_layout_door_left_AW_2_seed_126,proposed_nsga2_bs,demo_layout_door_left_AW_2,126,0,auto_from_instance,10,15,3,28,150,,,,,4,2,14,root > V:14 > BH:13 > BV:7 > BV:7 > BV:3 > BH:3 > BH:9 > BH:15 > BH:21 > BV:3 > BH:25 > BV:18 > BV:18 > BV:18,selected,4,inf,True,254,178,76,100.0,1.0,1.0,True,True,1,1,0,True,3,1,0,0,True,True,0,9,5,9,5,2,RP,sampled_pool,,,False,0.06666666666666667,0.1,0.9333333333333333,0.1,adaptive,,feasible_start_adaptive_spacing,feasible_start_adaptive_spacing,True,21,16,feasible_start_adaptive_spacing,0.5,,True,auto_from_instance,0.75,0.35,"5,12,20","5,7,14",,,,,,"H[3,5,9,12,13,15,20,21,25]|V[3,5,7,14,18]",a354c386da723abc62011db88f2ae34c351bc823
proposed_nsga2_bs_demo_layout_door_left_AW_2_seed_126,proposed_nsga2_bs,demo_layout_door_left_AW_2,126,0,auto_from_instance,10,15,3,28,150,,,,,5,2,14,root > V:14 > BH:13 > BV:7 > BV:7 > BV:3 > BH:3 > BH:9 > BH:15 > BH:21 > BV:3 > BV:18 > BV:18 > BV:18 > BV:18,selected,4,inf,True,254,178,76,100.0,1.0,1.0,True,True,1,1,0,True,3,1,0,0,True,True,0,8,5,8,5,2,RP,sampled_pool,,,False,0.06666666666666667,0.1,0.9333333333333333,0.1,adaptive,,feasible_start_adaptive_spacing,feasible_start_adaptive_spacing,True,21,16,feasible_start_adaptive_spacing,0.5,,True,auto_from_instance,0.75,0.35,"5,12,20","5,7,14",,,,,,"H[3,5,9,12,13,15,20,21]|V[3,5,7,14,18]",970f2e9a2797e59180d5ee42514cdcd62656fdc5
proposed_nsga2_bs_demo_layout_door_left_AW_2_seed_126,proposed_nsga2_bs,demo_layout_door_left_AW_2,126,0,auto_from_instance,10,15,3,28,150,,,,,6,3,13,root > V:14 > BH:13 > BV:7 > BV:7 > BV:3 > BV:3 > BH:3 > BH:7 > BH:11 > BH:15 > BH:19 > BH:25 > BV:18,selected,3,inf,True,262,186,76,100.0,1.0,1.0,True,True,1,1,0,True,3,1,0,0,True,True,0,8,6,8,6,3,LS,sampled_pool,,,False,0.06666666666666667,0.1,0.9333333333333333,0.1,adaptive,,feasible_start_adaptive_spacing,feasible_start_adaptive_spacing,True,21,16,feasible_start_adaptive_spacing,0.5,,True,auto_from_instance,0.75,0.35,"1,13,19","2,6,14",,,,,,"H[1,3,7,11,13,15,19,25]|V[2,3,6,7,14,18]",430ddfa6536c86171c995d396561a1538752a615
proposed_nsga2_bs_demo_layout_door_left_AW_2_seed_126,proposed_nsga2_bs,demo_layout_door_left_AW_2,126,0,auto_from_instance,10,15,3,28,150,,,,,7,4,11,root > V:11 > BH:13 > BV:5 > BV:7 > BV:3 > BH:23 > BH:19 > BH:15 > BH:11 > BH:3 > BH:7,selected,0,inf,True,264,200,64,38.0,1.0,1.0,True,True,1,1,0,True,3,1,0,0,True,True,0,8,5,8,5,4,SS_PF_LS,sampled_pool,,,True,0.06666666666666667,0.1,0.9333333333333333,0.1,adaptive,,feasible_start_adaptive_spacing,feasible_start_adaptive_spacing,True,21,16,feasible_start_adaptive_spacing,0.5,,True,auto_from_instance,0.75,0.35,"1,15","3,6,11",,,,,,"H[1,3,7,11,13,15,19,23]|V[3,5,6,7,11]",8fa184aa4be39d0c9d758e1c08b392ab55edf5aa
proposed_nsga2_bs_demo_layout_door_left_AW_2_seed_126,proposed_nsga2_bs,demo_layout_door_left_AW_2,126,0,auto_from_instance,10,15,3,28,150,,,,,8,4,11,root > V:11 > BH:13 > BV:5 > BV:7 > BV:3 > BH:23 > BH:19 > BH:15 > BH:11 > BH:3 > BH:7,selected,0,inf,True,264,200,64,38.0,1.0,1.0,True,True,1,1,0,True,3,1,0,0,True,True,0,8,5,8,5,4,SS_PF_LS,sampled_pool,,,True,0.06666666666666667,0.1,0.9333333333333333,0.1,adaptive,,feasible_start_adaptive_spacing,feasible_start_adaptive_spacing,True,21,16,feasible_start_adaptive_spacing,0.5,,True,auto_from_instance,0.75,0.35,"1,15","3,6,11",,,,,,"H[1,3,7,11,13,15,19,23]|V[3,5,6,7,11]",dedb4967895b2fe3059d4245746810528f1d75e3
proposed_nsga2_bs_demo_layout_door_left_AW_2_seed_126,proposed_nsga2_bs,demo_layout_door_left_AW_2,126,0,auto_from_instance,10,15,3,28,150,,,,,9,6,12,root > V:12 > BH:13 > BV:7 > BV:7 > BH:22 > BH:14 > BH:6 > BV:18 > BV:3 > BV:3 > BH:18 > BH:10,selected,0,inf,True,252,206,46,53.0,1.0,1.0,True,True,1,1,0,True,3,1,0,0,True,True,0,6,5,6,5,6,RP,sampled_pool,,,False,0.06666666666666667,0.1,0.9333333333333333,0.1,adaptive,,feasible_start_adaptive_spacing,feasible_start_adaptive_spacing,True,21,16,feasible_start_adaptive_spacing,0.5,,True,auto_from_instance,0.75,0.35,"13,22","4,12,18",,,,,,"H[6,10,13,14,18,22]|V[3,4,7,12,18]",f5c2b475e28cd126ea8ff99f9b6aa52888a523c1
proposed_nsga2_bs_demo_layout_door_left_AW_2_seed_126,proposed_nsga2_bs,demo_layout_door_left_AW_2,126,0,auto_from_instance,10,15,3,28,150,,,,,10,6,12,root > V:12 > BH:13 > BV:7 > BV:7 > BH:22 > BH:14 > BH:6 > BV:18 > BV:3 > BV:3 > BH:10 > BV:18,selected,2,inf,True,252,194,58,59.0,1.0,1.0,True,True,1,1,0,True,3,1,0,0,True,True,0,5,5,5,5,6,RP,sampled_pool,,,False,0.06666666666666667,0.1,0.9333333333333333,0.1,adaptive,,feasible_start_adaptive_spacing,feasible_start_adaptive_spacing,True,21,16,feasible_start_adaptive_spacing,0.5,,True,auto_from_instance,0.75,0.35,"13,22","4,12,18",,,,,,"H[6,10,13,14,22]|V[3,4,7,12,18]",41819e8e83e58f518b77ee207d2d7e8a4cb634e4
proposed_nsga2_bs_demo_layout_door_left_AW_2_seed_126,proposed_nsga2_bs,demo_layout_door_left_AW_2,126,0,auto_from_instance,10,15,3,28,150,,,,,11,6,12,root > V:12 > BH:13 > BV:7 > BV:7 > BH:22 > BH:14 > BH:6 > BV:18 > BV:3 > BV:3 > BH:10 > BV:16,selected,1,inf,True,252,200,52,59.0,1.0,1.0,True,True,1,1,0,True,3,1,0,0,True,True,0,5,6,5,6,6,RP,sampled_pool,,,False,0.06666666666666667,0.1,0.9333333333333333,0.1,adaptive,,feasible_start_adaptive_spacing,feasible_start_adaptive_spacing,True,21,16,feasible_start_adaptive_spacing,0.5,,True,auto_from_instance,0.75,0.35,"13,22","4,12,18",,,,,,"H[6,10,13,14,22]|V[3,4,7,12,16,18]",a4408e6f780e253c90c81ec7c7032f7c7f99311b
proposed_nsga2_bs_demo_layout_door_left_AW_2_seed_126,proposed_nsga2_bs,demo_layout_door_left_AW_2,126,0,auto_from_instance,10,15,3,28,150,,,,,12,7,10,root > V:11 > BH:13 > BH:21 > BH:13 > BH:4 > BV:5 > BV:5 > BH:9 > BV:16 > BH:17,evaluated,5,inf,False,294,167,127,91.0,1.0,1.0,True,True,1,1,0,True,3,1,0,0,True,True,0,7,5,7,5,7,RP_LS,sampled_pool,,,False,0.06666666666666667,0.1,0.9333333333333333,0.1,adaptive,,feasible_start_adaptive_spacing,feasible_start_adaptive_spacing,True,21,16,feasible_start_adaptive_spacing,0.5,,True,auto_from_instance,0.75,0.35,"10,25","1,4,11",,,,,,"H[4,9,10,13,17,21,25]|V[1,4,5,11,16]",53e907e296b4a6435bb0a13d25b5428dd6c1091c
proposed_nsga2_bs_demo_layout_door_left_AW_2_seed_126,proposed_nsga2_bs,demo_layout_door_left_AW_2,126,0,auto_from_instance,10,15,3,28,150,,,,,13,7,10,root > V:11 > BH:13 > BH:21 > BH:12 > BH:4 > BV:5 > BV:5 > BH:17 > BV:16 > BH:8,evaluated,5,0.0,False,294,167,127,91.0,1.0,1.0,True,True,1,1,0,True,3,1,0,0,True,True,0,8,5,8,5,7,RP_LS,sampled_pool,,,False,0.06666666666666667,0.1,0.9333333333333333,0.1,adaptive,,feasible_start_adaptive_spacing,feasible_start_adaptive_spacing,True,21,16,feasible_start_adaptive_spacing,0.5,,True,auto_from_instance,0.75,0.35,"10,25","1,4,11",,,,,,"H[4,8,10,12,13,17,21,25]|V[1,4,5,11,16]",ab767ca204049e346f27e33687b12fdd813d0da4
proposed_nsga2_bs_demo_layout_door_left_AW_2_seed_126,proposed_nsga2_bs,demo_layout_door_left_AW_2,126,0,auto_from_instance,10,15,3,28,150,,,,,14,7,10,root > V:11 > BH:13 > BH:21 > BH:12 > BH:4 > BV:5 > BV:5 > BH:16 > BV:16 > BH:8,evaluated,5,inf,False,294,167,127,91.0,1.0,1.0,True,True,1,1,0,True,3,1,0,0,True,True,0,8,5,8,5,7,RP_LS,sampled_pool,,,False,0.06666666666666667,0.1,0.9333333333333333,0.1,adaptive,,feasible_start_adaptive_spacing,feasible_start_adaptive_spacing,True,21,16,feasible_start_adaptive_spacing,0.5,,True,auto_from_instance,0.75,0.35,"10,25","1,4,11",,,,,,"H[4,8,10,12,13,16,21,25]|V[1,4,5,11,16]",bcebc9844c2da699dc65904066b6259890ca5930
proposed_nsga2_bs_demo_layout_door_left_AW_2_seed_126,proposed_nsga2_bs,demo_layout_door_left_AW_2,126,0,auto_from_instance,10,15,3,28,150,,,,,15,9,9,root > V:5 > BH:13 > BH:23 > BH:19 > BH:15 > BH:6 > BH:11 > BV:10 > BV:16,selected,3,inf,True,282,187,95,65.0,1.0,1.0,True,True,1,1,0,True,3,1,0,0,True,True,0,9,5,9,5,9,PF,sampled_pool,,,False,0.06666666666666667,0.1,0.9333333333333333,0.1,adaptive,,feasible_start_adaptive_spacing,feasible_start_adaptive_spacing,True,21,16,feasible_start_adaptive_spacing,0.5,,True,auto_from_instance,0.75,0.35,"3,12,21","5,6,17",,,,,,"H[3,6,11,12,13,15,19,21,23]|V[5,6,10,16,17]",cf1b374a8a0d4fecf0a5012c2d7fabe2f58abdb4
proposed_nsga2_bs_demo_layout_door_left_AW_2_seed_126,proposed_nsga2_bs,demo_layout_door_left_AW_2,126,0,auto_from_instance,10,15,3,28,150,,,,,16,9,9,root > V:5 > BH:13 > BH:23 > BH:19 > BH:15 > BH:6 > BH:11 > BV:10 > BV:15,selected,4,inf,True,282,187,95,80.0,1.0,1.0,True,True,1,1,0,True,3,1,0,0,True,True,0,9,5,9,5,9,PF,sampled_pool,,,False,0.06666666666666667,0.1,0.9333333333333333,0.1,adaptive,,feasible_start_adaptive_spacing,feasible_start_adaptive_spacing,True,21,16,feasible_start_adaptive_spacing,0.5,,True,auto_from_instance,0.75,0.35,"3,12,21","5,6,17",,,,,,"H[3,6,11,12,13,15,19,21,23]|V[5,6,10,15,17]",c92ee19733116841922fd258269245a73073551c
proposed_nsga2_bs_demo_layout_door_left_AW_2_seed_126,proposed_nsga2_bs,demo_layout_door_left_AW_2,126,0,auto_from_instance,10,15,3,28,150,,,,,17,9,9,root > V:5 > BH:13 > BH:23 > BH:19 > BH:15 > BH:6 > BH:11 > BV:10 > BV:14,evaluated,5,inf,False,282,187,95,100.0,1.0,1.0,True,True,1,1,0,True,3,1,0,0,True,True,0,9,5,9,5,9,PF,sampled_pool,,,False,0.06666666666666667,0.1,0.9333333333333333,0.1,adaptive,,feasible_start_adaptive_spacing,feasible_start_adaptive_spacing,True,21,16,feasible_start_adaptive_spacing,0.5,,True,auto_from_instance,0.75,0.35,"3,12,21","5,6,17",,,,,,"H[3,6,11,12,13,15,19,21,23]|V[5,6,10,14,17]",7064adc3725b52ce925c54e139e3b015fd351f21
proposed_nsga2_bs_demo_layout_door_left_AW_2_seed_126,proposed_nsga2_bs,demo_layout_door_left_AW_2,126,1,auto_from_instance,10,15,3,28,150,,,,,1,1,12,root > V:12 > BH:13 > BV:7 > BV:7 > BV:3 > BV:3 > BH:23 > BH:19 > BH:15 > BH:11 > BH:3 > BH:7,selected,1,inf,True,250,214,36,36.0,1.0,1.0,True,True,1,1,0,True,3,1,0,0,True,True,0,7,6,7,6,1,PF_RP,sampled_pool,,,False,0.13333333333333333,0.11092169739723819,0.8666666666666667,0.1,adaptive,insert_random_aisle,offspring,feasible_start_adaptive_spacing,,,,feasible_start_adaptive_spacing,0.5,,True,auto_from_instance,0.75,0.35,"7,11,13,15,19,23","3,4,7,12,16,18",,,,,,"H[3,7,11,13,15,19,23]|V[3,4,7,12,16,18]",eb03952090a874660b7fb214554a0aa56a73029e
proposed_nsga2_bs_demo_layout_door_left_AW_2_seed_126,proposed_nsga2_bs,demo_layout_door_left_AW_2,126,1,auto_from_instance,10,15,3,28,150,,,,,2,1,12,root > V:12 > BH:13 > BV:7 > BV:7 > BV:3 > BV:3 > BH:3 > BH:7 > BH:11 > BH:15 > BH:23 > BV:16,selected,2,inf,True,250,208,42,42.0,1.0,1.0,True,True,1,1,0,True,3,1,0,0,True,True,0,7,6,7,6,1,PF_RP,sampled_pool,,,False,0.13333333333333333,0.11092169739723819,0.8666666666666667,0.1,adaptive,insert_random_aisle,offspring,feasible_start_adaptive_spacing,,,,feasible_start_adaptive_spacing,0.5,,True,auto_from_instance,0.75,0.35,"7,11,13,15,19,23","3,4,7,12,16,18",,,,,,"H[3,7,11,13,15,19,23]|V[3,4,7,12,16,18]",00a9d8d47000946aa25bf8cbdb36931d5b5d4b7d
proposed_nsga2_bs_demo_layout_door_left_AW_2_seed_126,proposed_nsga2_bs,demo_layout_door_left_AW_2,126,1,auto_from_instance,10,15,3,28,150,,,,,3,1,12,root > V:12 > BH:13 > BV:7 > BV:7 > BV:3 > BV:3 > BH:23 > BH:19 > BH:15 > BH:11 > BH:3 > BV:16,selected,2,1.5303030303030303,True,250,208,42,42.0,1.0,1.0,True,True,1,1,0,True,3,1,0,0,True,True,0,7,6,7,6,1,PF_RP,sampled_pool,,,False,0.13333333333333333,0.11092169739723819,0.8666666666666667,0.1,adaptive,insert_random_aisle,offspring,feasible_start_adaptive_spacing,,,,feasible_start_adaptive_spacing,0.5,,True,auto_from_instance,0.75,0.35,"7,11,13,15,19,23","3,4,7,12,16,18",,,,,,"H[3,7,11,13,15,19,23]|V[3,4,7,12,16,18]",d0525a507710a5664c0df826d850c16891cba894
proposed_nsga2_bs_demo_layout_door_left_AW_2_seed_126,proposed_nsga2_bs,demo_layout_door_left_AW_2,126,1,auto_from_instance,10,15,3,28,150,,,,,4,2,11,root > V:11 > BH:13 > BV:5 > BV:7 > BV:3 > BH:23 > BH:19 > BH:15 > BH:11 > BH:3 > BH:7,selected,2,inf,True,264,200,64,38.0,1.0,1.0,True,True,1,1,0,True,3,1,0,0,True,True,0,12,5,12,5,2,SS_LS_PF,sampled_pool,,,True,0.13333333333333333,0.1,0.8666666666666667,0.1,adaptive,remove_random_aisle,offspring,feasible_start_adaptive_spacing,,,,feasible_start_adaptive_spacing,0.5,,True,auto_from_instance,0.75,0.35,"1,3,6,13,14,18,22","3,5,6,7,11",,,,,,"H[1,3,6,7,11,13,14,15,18,19,22,23]|V[3,5,6,7,11]",8fa184aa4be39d0c9d758e1c08b392ab55edf5aa
proposed_nsga2_bs_demo_layout_door_left_AW_2_seed_126,proposed_nsga2_bs,demo_layout_door_left_AW_2,126,1,auto_from_instance,10,15,3,28,150,,,,,5,2,11,root > V:11 > BH:13 > BV:5 > BV:7 > BV:3 > BH:23 > BH:19 > BH:15 > BH:11 > BH:3 > BH:7,selected,2,inf,True,264,200,64,38.0,1.0,1.0,True,True,1,1,0,True,3,1,0,0,True,True,0,12,5,12,5,2,SS_LS_PF,sampled_pool,,,True,0.13333333333333333,0.1,0.8666666666666667,0.1,adaptive,remove_random_aisle,offspring,feasible_start_adaptive_spacing,,,,feasible_start_adaptive_spacing,0.5,,True,auto_from_instance,0.75,0.35,"1,3,6,13,14,18,22","3,5,6,7,11",,,,,,"H[1,3,6,7,11,13,14,15,18,19,22,23]|V[3,5,6,7,11]",dedb4967895b2fe3059d4245746810528f1d75e3
proposed_nsga2_bs_demo_layout_door_left_AW_2_seed_126,proposed_nsga2_bs,demo_layout_door_left_AW_2,126,1,auto_from_instance,10,15,3,28,150,,,,,6,3,9,root > V:5 > BH:13 > BH:23 > BH:19 > BH:5 > BH:13 > BV:9 > BV:13 > BV:18,evaluated,4,inf,False,304,160,144,106.0,1.0,1.0,True,True,1,1,0,True,3,1,0,0,True,True,0,8,8,8,8,3,LS_SS,sampled_pool,,,True,0.13333333333333333,0.1,0.8666666666666667,0.1,adaptive,remove_random_aisle,offspring,feasible_start_adaptive_spacing,,,,feasible_start_adaptive_spacing,0.5,,True,auto_from_instance,0.75,0.35,"1,3,10,13,14,19,23","3,5,6,7,11",,,,,,"H[1,3,5,10,13,14,19,23]|V[3,5,6,7,9,11,13,18]",8c9ceacd22ab9c97a28f9fbb892478fdc27dc534
proposed_nsga2_bs_demo_layout_door_left_AW_2_seed_126,proposed_nsga2_bs,demo_layout_door_left_AW_2,126,1,auto_from_instance,10,15,3,28,150,,,,,7,5,13,root > V:14 > BH:13 > BV:7 > BV:7 > BV:3 > BV:3 > BH:3 > BH:7 > BH:11 > BH:15 > BH:19 > BH:25 > BV:18,selected,3,inf,True,262,186,76,100.0,1.0,1.0,True,True,1,1,0,True,3,1,0,0,True,True,0,9,5,9,5,5,SS_PF_LS,sampled_pool,,,True,0.13333333333333333,0.13734171841765255,0.8666666666666667,0.1,adaptive,remove_random_aisle,offspring,feasible_start_adaptive_spacing,,,,feasible_start_adaptive_spacing,0.5,,True,auto_from_instance,0.75,0.35,"6,11,13,15,22","3,4,7,14,18",,,,,,"H[3,6,7,11,13,15,19,22,25]|V[3,4,7,14,18]",430ddfa6536c86171c995d396561a1538752a615
proposed_nsga2_bs_demo_layout_door_left_AW_2_seed_126,proposed_nsga2_bs,demo_layout_door_left_AW_2,126,1,auto_from_instance,10,15,3,28,150,,,,,8,7,11,root > V:7 > BH:13 > BV:3 > BV:3 > BH:23 > BH:19 > BH:15 > BH:6 > BH:11 > BV:12 > BV:16,selected,0,inf,True,250,217,33,32.0,1.0,1.0,True,True,1,1,0,True,3,1,0,0,True,True,0,11,8,11,8,7,PF_LS,sampled_pool,,,False,0.13333333333333333,0.11161968226959874,0.8666666666666667,0.1,adaptive,spacing_aware_flip,offspring,feasible_start_adaptive_spacing,,,,feasible_start_adaptive_spacing,0.5,,True,auto_from_instance,0.75,0.35,"1,3,7,11,13,15,19,25,27","2,3,5,6,7,11",,,,,,"H[1,3,6,7,11,13,15,19,23,25,27]|V[2,3,5,6,7,11,12,16]",b62ea749e3fce8643573af675ab9f90c84fcf614
proposed_nsga2_bs_demo_layout_door_left_AW_2_seed_126,proposed_nsga2_bs,demo_layout_door_left_AW_2,126,1,auto_from_instance,10,15,3,28,150,,,,,9,7,11,root > V:7 > BH:13 > BV:3 > BV:3 > BH:23 > BH:19 > BH:15 > BH:6 > BH:11 > BV:11 > BV:16,selected,0,inf,True,250,217,33,32.0,1.0,1.0,True,True,1,1,0,True,3,1,0,0,True,True,0,11,7,11,7,7,PF_LS,sampled_pool,,,False,0.13333333333333333,0.11161968226959874,0.8666666666666667,0.1,adaptive,spacing_aware_flip,offspring,feasible_start_adaptive_spacing,,,,feasible_start_adaptive_spacing,0.5,,True,auto_from_instance,0.75,0.35,"1,3,7,11,13,15,19,25,27","2,3,5,6,7,11",,,,,,"H[1,3,6,7,11,13,15,19,23,25,27]|V[2,3,5,6,7,11,16]",d0a2e8dd15166a7035937e51a05a404a1baaeabb
proposed_nsga2_bs_demo_layout_door_left_AW_2_seed_126,proposed_nsga2_bs,demo_layout_door_left_AW_2,126,1,auto_from_instance,10,15,3,28,150,,,,,10,7,11,root > V:7 > BH:13 > BV:3 > BV:3 > BH:23 > BH:19 > BH:15 > BH:6 > BH:11 > BV:11 > BV:15,selected,1,inf,True,250,217,33,42.0,1.0,1.0,True,True,1,1,0,True,3,1,0,0,True,True,0,11,7,11,7,7,PF_LS,sampled_pool,,,False,0.13333333333333333,0.11161968226959874,0.8666666666666667,0.1,adaptive,spacing_aware_flip,offspring,feasible_start_adaptive_spacing,,,,feasible_start_adaptive_spacing,0.5,,True,auto_from_instance,0.75,0.35,"1,3,7,11,13,15,19,25,27","2,3,5,6,7,11",,,,,,"H[1,3,6,7,11,13,15,19,23,25,27]|V[2,3,5,6,7,11,15]",b6e1f895fafbdfca7d855d469e642285fd11f595
proposed_nsga2_bs_demo_layout_door_left_AW_2_seed_126,proposed_nsga2_bs,demo_layout_door_left_AW_2,126,1,auto_from_instance,10,15,3,28,150,,,,,11,9,12,root > V:13 > BH:13 > BV:7 > BV:7 > BH:4 > BH:11 > BH:18 > BH:23 > BV:3 > BV:3 > BV:18 > BV:18,evaluated,3,inf,False,260,182,78,64.0,1.0,1.0,True,True,1,1,0,True,3,1,0,0,True,True,0,13,6,13,6,9,RP_LS,sampled_pool,,,False,0.13333333333333333,0.1,0.8666666666666667,0.1,adaptive,swap_segments,offspring,feasible_start_adaptive_spacing,,,,feasible_start_adaptive_spacing,0.5,,True,auto_from_instance,0.75,0.35,"1,3,6,11,12,13,15,19,21,23,25","7,9,10,13,18",,,,,,"H[1,3,4,6,11,12,13,15,18,19,21,23,25]|V[3,7,9,10,13,18]",57fd8590a61771e01e2c54ca649525ee9931aa30
proposed_nsga2_bs_demo_layout_door_left_AW_2_seed_126,proposed_nsga2_bs,demo_layout_door_left_AW_2,126,1,auto_from_instance,10,15,3,28,150,,,,,12,9,12,root > V:13 > BH:13 > BV:7 > BV:7 > BH:22 > BH:15 > BH:8 > BH:3 > BV:3 > BV:3 > BV:18 > BV:18,evaluated,3,inf,False,260,182,78,64.0,1.0,1.0,True,True,1,1,0,True,3,1,0,0,True,True,0,13,6,13,6,9,RP_LS,sampled_pool,,,False,0.13333333333333333,0.1,0.8666666666666667,0.1,adaptive,swap_segments,offspring,feasible_start_adaptive_spacing,,,,feasible_start_adaptive_spacing,0.5,,True,auto_from_instance,0.75,0.35,"1,3,6,11,12,13,15,19,21,23,25","7,9,10,13,18",,,,,,"H[1,3,6,8,11,12,13,15,19,21,22,23,25]|V[3,7,9,10,13,18]",80cfb0efa6f9ad16c96fad6ab54ea16f8ecefb75
proposed_nsga2_bs_demo_layout_door_left_AW_2_seed_126,proposed_nsga2_bs,demo_layout_door_left_AW_2,126,1,auto_from_instance,10,15,3,28,150,,,,,13,10,8,root > V:16 > BH:13 > BV:7 > BV:7 > BV:12 > BV:12 > BV:3 > BV:3,selected,2,inf,True,266,216,50,50.0,1.0,1.0,True,True,1,1,0,True,3,1,0,0,True,True,0,6,9,6,9,10,LS_RP,sampled_pool,,,False,0.13333333333333333,0.20068585975630282,0.8666666666666667,0.1,adaptive,swap_segments,offspring,feasible_start_adaptive_spacing,,,,feasible_start_adaptive_spacing,0.5,,True,auto_from_instance,0.75,0.35,"3,7,11,13,15,19","6,10,14,16,17,20",,,,,,"H[3,7,11,13,15,19]|V[3,6,7,10,12,14,16,17,20]",63c9c1384eb0d63f6756e5f6c6567bc893aa1bf9
proposed_nsga2_bs_demo_layout_door_left_AW_2_seed_126,proposed_nsga2_bs,demo_layout_door_left_AW_2,126,2,auto_from_instance,10,15,3,28,150,,,,,1,1,12,root > V:12 > BH:13 > BV:7 > BV:7 > BV:3 > BV:3 > BH:23 > BH:19 > BH:15 > BH:11 > BH:3 > BH:7,selected,0,inf,True,250,214,36,36.0,1.0,1.0,True,True,1,1,0,True,3,1,0,0,True,True,0,9,7,9,7,1,LS_SS,sampled_pool,,,True,0.2,0.14275321477841674,0.8,0.1,adaptive,break_symmetry,offspring,feasible_start_adaptive_spacing,,,,feasible_start_adaptive_spacing,0.5,,True,auto_from_instance,0.75,0.35,"3,6,7,11,13,16,19,23","3,4,6,7,12,16,18",,,,,,"H[3,6,7,11,13,15,16,19,23]|V[3,4,6,7,12,16,18]",eb03952090a874660b7fb214554a0aa56a73029e
proposed_nsga2_bs_demo_layout_door_left_AW_2_seed_126,proposed_nsga2_bs,demo_layout_door_left_AW_2,126,2,auto_from_instance,10,15,3,28,150,,,,,2,1,12,root > V:12 > BH:13 > BV:7 > BV:7 > BV:3 > BV:3 > BH:3 > BH:7 > BH:11 > BH:15 > BH:23 > BV:16,selected,2,inf,True,250,208,42,42.0,1.0,1.0,True,True,1,1,0,True,3,1,0,0,True,True,0,9,7,9,7,1,LS_SS,sampled_pool,,,True,0.2,0.14275321477841674,0.8,0.1,adaptive,break_symmetry,offspring,feasible_start_adaptive_spacing,,,,feasible_start_adaptive_spacing,0.5,,True,auto_from_instance,0.75,0.35,"3,6,7,11,13,16,19,23","3,4,6,7,12,16,18",,,,,,"H[3,6,7,11,13,15,16,19,23]|V[3,4,6,7,12,16,18]",00a9d8d47000946aa25bf8cbdb36931d5b5d4b7d
proposed_nsga2_bs_demo_layout_door_left_AW_2_seed_126,proposed_nsga2_bs,demo_layout_door_left_AW_2,126,2,auto_from_instance,10,15,3,28,150,,,,,3,1,12,root > V:12 > BH:13 > BV:7 > BV:7 > BV:3 > BV:3 > BH:23 > BH:19 > BH:15 > BH:11 > BH:3 > BV:16,selected,2,inf,True,250,208,42,42.0,1.0,1.0,True,True,1,1,0,True,3,1,0,0,True,True,0,9,7,9,7,1,LS_SS,sampled_pool,,,True,0.2,0.14275321477841674,0.8,0.1,adaptive,break_symmetry,offspring,feasible_start_adaptive_spacing,,,,feasible_start_adaptive_spacing,0.5,,True,auto_from_instance,0.75,0.35,"3,6,7,11,13,16,19,23","3,4,6,7,12,16,18",,,,,,"H[3,6,7,11,13,15,16,19,23]|V[3,4,6,7,12,16,18]",d0525a507710a5664c0df826d850c16891cba894
proposed_nsga2_bs_demo_layout_door_left_AW_2_seed_126,proposed_nsga2_bs,demo_layout_door_left_AW_2,126,2,auto_from_instance,10,15,3,28,150,,,,,4,2,10,root > V:11 > BH:13 > BH:21 > BH:13 > BH:4 > BV:5 > BV:5 > BH:9 > BV:16 > BH:17,selected,3,inf,True,294,167,127,91.0,1.0,1.0,True,True,1,1,0,True,3,1,0,0,True,True,0,14,5,14,5,2,RP,sampled_pool,,,False,0.2,0.2228000665283537,0.8,0.1,adaptive,remove_random_aisle,offspring,feasible_start_adaptive_spacing,,,,feasible_start_adaptive_spacing,0.5,,True,auto_from_instance,0.75,0.35,"1,3,7,11,13,15,19,23,25,27","2,5,7,11,16",,,,,,"H[1,3,4,7,9,11,13,15,17,19,21,23,25,27]|V[2,5,7,11,16]",53e907e296b4a6435bb0a13d25b5428dd6c1091c
proposed_nsga2_bs_demo_layout_door_left_AW_2_seed_126,proposed_nsga2_bs,demo_layout_door_left_AW_2,126,2,auto_from_instance,10,15,3,28,150,,,,,5,2,10,root > V:11 > BH:13 > BH:21 > BH:12 > BH:4 > BV:5 > BV:5 > BH:17 > BV:16 > BH:8,selected,3,0.0,True,294,167,127,91.0,1.0,1.0,True,True,1,1,0,True,3,1,0,0,True,True,0,15,5,15,5,2,RP,sampled_pool,,,False,0.2,0.2228000665283537,0.8,0.1,adaptive,remove_random_aisle,offspring,feasible_start_adaptive_spacing,,,,feasible_start_adaptive_spacing,0.5,,True,auto_from_instance,0.75,0.35,"1,3,7,11,13,15,19,23,25,27","2,5,7,11,16",,,,,,"H[1,3,4,7,8,11,12,13,15,17,19,21,23,25,27]|V[2,5,7,11,16]",ab767ca204049e346f27e33687b12fdd813d0da4
proposed_nsga2_bs_demo_layout_door_left_AW_2_seed_126,proposed_nsga2_bs,demo_layout_door_left_AW_2,126,2,auto_from_instance,10,15,3,28,150,,,,,6,2,10,root > V:11 > BH:13 > BH:21 > BH:12 > BH:4 > BV:5 > BV:5 > BH:16 > BV:16 > BH:8,selected,3,inf,True,294,167,127,91.0,1.0,1.0,True,True,1,1,0,True,3,1,0,0,True,True,0,15,5,15,5,2,RP,sampled_pool,,,False,0.2,0.2228000665283537,0.8,0.1,adaptive,remove_random_aisle,offspring,feasible_start_adaptive_spacing,,,,feasible_start_adaptive_spacing,0.5,,True,auto_from_instance,0.75,0.35,"1,3,7,11,13,15,19,23,25,27","2,5,7,11,16",,,,,,"H[1,3,4,7,8,11,12,13,15,16,19,21,23,25,27]|V[2,5,7,11,16]",bcebc9844c2da699dc65904066b6259890ca5930
proposed_nsga2_bs_demo_layout_door_left_AW_2_seed_126,proposed_nsga2_bs,demo_layout_door_left_AW_2,126,2,auto_from_instance,10,15,3,28,150,,,,,7,3,8,root > V:16 > BH:13 > BV:7 > BV:7 > BV:12 > BV:12 > BV:3 > BV:3,selected,0,inf,True,266,216,50,50.0,1.0,1.0,True,True,1,1,0,True,3,1,0,0,True,True,0,12,9,12,9,3,PF_SS_RP,sampled_pool,,,True,0.2,0.18244252828686316,0.8,0.1,adaptive,insert_random_aisle,offspring,feasible_start_adaptive_spacing,,,,feasible_start_adaptive_spacing,0.5,,True,auto_from_instance,0.75,0.35,"1,3,6,7,11,13,15,19,22,23,25,27","2,3,5,6,7,11,15,16",,,,,,"H[1,3,6,7,11,13,15,19,22,23,25,27]|V[2,3,5,6,7,11,12,15,16]",63c9c1384eb0d63f6756e5f6c6567bc893aa1bf9
proposed_nsga2_bs_demo_layout_door_left_AW_2_seed_126,proposed_nsga2_bs,demo_layout_door_left_AW_2,126,2,auto_from_instance,10,15,3,28,150,,,,,8,10,12,root > V:12 > BH:13 > BV:7 > BV:3 > BV:7 > BV:3 > BH:23 > BH:19 > BH:15 > BH:11 > BH:7 > BV:16,selected,0,inf,True,250,214,36,36.0,1.0,1.0,True,True,1,1,0,True,3,1,0,0,True,True,0,7,6,7,6,10,LS_PF,sampled_pool,,,False,0.2,0.14754656953435258,0.8,0.1,adaptive,insert_random_aisle,offspring,feasible_start_adaptive_spacing,,,,feasible_start_adaptive_spacing,0.5,,True,auto_from_instance,0.75,0.35,"3,7,11,13,15,19,23","3,4,7,12,16,17",,,,,,"H[3,7,11,13,15,19,23]|V[3,4,7,12,16,17]",0fdb9192f0d4acf2b6dd22b4a8e053ab5a7ed4a9
proposed_nsga2_bs_demo_layout_door_left_AW_2_seed_126,proposed_nsga2_bs,demo_layout_door_left_AW_2,126,2,auto_from_instance,10,15,3,28,150,,,,,9,10,12,root > V:12 > BH:13 > BV:7 > BV:3 > BV:7 > BV:3 > BH:23 > BH:19 > BH:15 > BH:11 > BH:6 > BV:16,selected,1,inf,True,252,211,41,41.0,1.0,1.0,True,True,1,1,0,True,3,1,0,0,True,True,0,8,6,8,6,10,LS_PF,sampled_pool,,,False,0.2,0.14754656953435258,0.8,0.1,adaptive,insert_random_aisle,offspring,feasible_start_adaptive_spacing,,,,feasible_start_adaptive_spacing,0.5,,True,auto_from_instance,0.75,0.35,"3,7,11,13,15,19,23","3,4,7,12,16,17",,,,,,"H[3,6,7,11,13,15,19,23]|V[3,4,7,12,16,17]",1e51df56ad9655663d1175b2036f4a44cf7e7571
proposed_nsga2_bs_demo_layout_door_left_AW_2_seed_126,proposed_nsga2_bs,demo_layout_door_left_AW_2,126,3,auto_from_instance,10,15,3,28,150,,,,,1,1,12,root > V:13 > BH:13 > BV:7 > BV:7 > BH:4 > BH:11 > BH:18 > BH:23 > BV:3 > BV:3 > BV:18 > BV:18,selected,6,inf,True,260,182,78,64.0,1.0,1.0,True,True,1,1,0,True,3,1,0,0,True,True,0,14,9,14,9,1,RP_LS,sampled_pool,,,False,0.26666666666666666,0.3624146947346613,0.7333333333333334,0.1,adaptive,break_symmetry,offspring,feasible_start_adaptive_spacing,,,,feasible_start_adaptive_spacing,0.5,,True,auto_from_instance,0.75,0.35,"1,3,6,7,11,13,15,19,22,23,25,27","2,3,5,6,7,11,13,16",,,,,,"H[1,3,4,6,7,11,13,15,18,19,22,23,25,27]|V[2,3,5,6,7,11,13,16,18]",57fd8590a61771e01e2c54ca649525ee9931aa30
proposed_nsga2_bs_demo_layout_door_left_AW_2_seed_126,proposed_nsga2_bs,demo_layout_door_left_AW_2,126,3,auto_from_instance,10,15,3,28,150,,,,,2,1,12,root > V:13 > BH:13 > BV:7 > BV:7 > BH:22 > BH:15 > BH:8 > BH:3 > BV:3 > BV:3 > BV:18 > BV:18,evaluated,6,inf,False,260,182,78,64.0,1.0,1.0,True,True,1,1,0,True,3,1,0,0,True,True,0,13,9,13,9,1,RP_LS,sampled_pool,,,False,0.26666666666666666,0.3624146947346613,0.7333333333333334,0.1,adaptive,break_symmetry,offspring,feasible_start_adaptive_spacing,,,,feasible_start_adaptive_spacing,0.5,,True,auto_from_instance,0.75,0.35,"1,3,6,7,11,13,15,19,22,23,25,27","2,3,5,6,7,11,13,16",,,,,,"H[1,3,6,7,8,11,13,15,19,22,23,25,27]|V[2,3,5,6,7,11,13,16,18]",80cfb0efa6f9ad16c96fad6ab54ea16f8ecefb75
proposed_nsga2_bs_demo_layout_door_left_AW_2_seed_126,proposed_nsga2_bs,demo_layout_door_left_AW_2,126,3,auto_from_instance,10,15,3,28,150,,,,,3,2,12,root > V:12 > BH:13 > BV:7 > BV:7 > BV:3 > BV:3 > BH:23 > BH:19 > BH:15 > BH:11 > BH:3 > BH:7,selected,0,inf,True,250,214,36,36.0,1.0,1.0,True,True,1,1,0,True,3,1,0,0,True,True,0,9,8,9,8,2,PF_LS_RP,sampled_pool,,,False,0.26666666666666666,0.25145334034977934,0.7333333333333334,0.1,adaptive,bit_flip,offspring,feasible_start_adaptive_spacing,,,,feasible_start_adaptive_spacing,0.5,,True,auto_from_instance,0.75,0.35,"3,6,7,11,13,16,19,23","3,4,6,7,12,15,16,18",,,,,,"H[3,6,7,11,13,15,16,19,23]|V[3,4,6,7,12,15,16,18]",eb03952090a874660b7fb214554a0aa56a73029e
proposed_nsga2_bs_demo_layout_door_left_AW_2_seed_126,proposed_nsga2_bs,demo_layout_door_left_AW_2,126,3,auto_from_instance,10,15,3,28,150,,,,,4,2,12,root > V:12 > BH:13 > BV:7 > BV:7 > BV:3 > BV:3 > BH:3 > BH:7 > BH:11 > BH:15 > BH:23 > BV:16,selected,2,inf,True,250,208,42,42.0,1.0,1.0,True,True,1,1,0,True,3,1,0,0,True,True,0,9,8,9,8,2,PF_LS_RP,sampled_pool,,,False,0.26666666666666666,0.25145334034977934,0.7333333333333334,0.1,adaptive,bit_flip,offspring,feasible_start_adaptive_spacing,,,,feasible_start_adaptive_spacing,0.5,,True,auto_from_instance,0.75,0.35,"3,6,7,11,13,16,19,23","3,4,6,7,12,15,16,18",,,,,,"H[3,6,7,11,13,15,16,19,23]|V[3,4,6,7,12,15,16,18]",00a9d8d47000946aa25bf8cbdb36931d5b5d4b7d
proposed_nsga2_bs_demo_layout_door_left_AW_2_seed_126,proposed_nsga2_bs,demo_layout_door_left_AW_2,126,3,auto_from_instance,10,15,3,28,150,,,,,5,2,12,root > V:12 > BH:13 > BV:7 > BV:7 > BV:3 > BV:3 > BH:23 > BH:19 > BH:15 > BH:11 > BH:3 > BV:16,selected,2,inf,True,250,208,42,42.0,1.0,1.0,True,True,1,1,0,True,3,1,0,0,True,True,0,9,8,9,8,2,PF_LS_RP,sampled_pool,,,False,0.26666666666666666,0.25145334034977934,0.7333333333333334,0.1,adaptive,bit_flip,offspring,feasible_start_adaptive_spacing,,,,feasible_start_adaptive_spacing,0.5,,True,auto_from_instance,0.75,0.35,"3,6,7,11,13,16,19,23","3,4,6,7,12,15,16,18",,,,,,"H[3,6,7,11,13,15,16,19,23]|V[3,4,6,7,12,15,16,18]",d0525a507710a5664c0df826d850c16891cba894
proposed_nsga2_bs_demo_layout_door_left_AW_2_seed_126,proposed_nsga2_bs,demo_layout_door_left_AW_2,126,3,auto_from_instance,10,15,3,28,150,,,,,6,4,12,root > V:12 > BH:13 > BV:7 > BV:7 > BH:22 > BH:14 > BH:6 > BV:18 > BV:3 > BV:3 > BH:18 > BH:10,selected,3,inf,True,252,206,46,53.0,1.0,1.0,True,True,1,1,0,True,3,1,0,0,True,True,0,12,8,12,8,4,RP,sampled_pool,,,False,0.26666666666666666,0.23497345532007666,0.7333333333333334,0.1,adaptive,spacing_aware_flip,offspring,feasible_start_adaptive_spacing,,,,feasible_start_adaptive_spacing,0.5,,True,auto_from_instance,0.75,0.35,"3,7,11,13,15,19,23","3,4,7,12,16,17,20",,,,,,"H[3,6,7,10,11,13,14,15,18,19,22,23]|V[3,4,7,12,16,17,18,20]",f5c2b475e28cd126ea8ff99f9b6aa52888a523c1
proposed_nsga2_bs_demo_layout_door_left_AW_2_seed_126,proposed_nsga2_bs,demo_layout_door_left_AW_2,126,3,auto_from_instance,10,15,3,28,150,,,,,7,4,12,root > V:12 > BH:13 > BV:7 > BV:7 > BH:22 > BH:14 > BH:6 > BV:18 > BV:3 > BV:3 > BH:10 > BV:18,selected,5,inf,True,252,194,58,59.0,1.0,1.0,True,True,1,1,0,True,3,1,0,0,True,True,0,11,8,11,8,4,RP,sampled_pool,,,False,0.26666666666666666,0.23497345532007666,0.7333333333333334,0.1,adaptive,spacing_aware_flip,offspring,feasible_start_adaptive_spacing,,,,feasible_start_adaptive_spacing,0.5,,True,auto_from_instance,0.75,0.35,"3,7,11,13,15,19,23","3,4,7,12,16,17,20",,,,,,"H[3,6,7,10,11,13,14,15,19,22,23]|V[3,4,7,12,16,17,18,20]",41819e8e83e58f518b77ee207d2d7e8a4cb634e4
proposed_nsga2_bs_demo_layout_door_left_AW_2_seed_126,proposed_nsga2_bs,demo_layout_door_left_AW_2,126,3,auto_from_instance,10,15,3,28,150,,,,,8,4,12,root > V:12 > BH:13 > BV:7 > BV:7 > BH:22 > BH:14 > BH:6 > BV:18 > BV:3 > BV:3 > BH:10 > BV:16,selected,4,inf,True,252,200,52,59.0,1.0,1.0,True,True,1,1,0,True,3,1,0,0,True,True,0,11,8,11,8,4,RP,sampled_pool,,,False,0.26666666666666666,0.23497345532007666,0.7333333333333334,0.1,adaptive,spacing_aware_flip,offspring,feasible_start_adaptive_spacing,,,,feasible_start_adaptive_spacing,0.5,,True,auto_from_instance,0.75,0.35,"3,7,11,13,15,19,23","3,4,7,12,16,17,20",,,,,,"H[3,6,7,10,11,13,14,15,19,22,23]|V[3,4,7,12,16,17,18,20]",a4408e6f780e253c90c81ec7c7032f7c7f99311b
proposed_nsga2_bs_demo_layout_door_left_AW_2_seed_126,proposed_nsga2_bs,demo_layout_door_left_AW_2,126,3,auto_from_instance,10,15,3,28,150,,,,,9,5,8,root > V:16 > BH:13 > BV:7 > BV:7 > BV:12 > BV:12 > BV:3 > BV:3,selected,0,inf,True,266,216,50,50.0,1.0,1.0,True,True,1,1,0,True,3,1,0,0,True,True,0,14,8,14,8,5,LS_SS,sampled_pool,,,True,0.26666666666666666,0.2791247833630456,0.7333333333333334,0.1,adaptive,bit_flip,offspring,feasible_start_adaptive_spacing,,,,feasible_start_adaptive_spacing,0.5,,True,auto_from_instance,0.75,0.35,"1,3,4,7,9,11,13,15,17,19,21,23,25,27","2,4,6,7,8,16",,,,,,"H[1,3,4,7,9,11,13,15,17,19,21,23,25,27]|V[2,3,4,6,7,8,12,16]",63c9c1384eb0d63f6756e5f6c6567bc893aa1bf9
proposed_nsga2_bs_demo_layout_door_left_AW_2_seed_126,proposed_nsga2_bs,demo_layout_door_left_AW_2,126,3,auto_from_instance,10,15,3,28,150,,,,,10,7,12,root > V:12 > BH:13 > BV:7 > BV:3 > BV:7 > BV:3 > BH:23 > BH:19 > BH:15 > BH:11 > BH:7 > BV:16,selected,0,inf,True,250,214,36,36.0,1.0,1.0,True,True,1,1,0,True,3,1,0,0,True,True,0,13,9,13,9,7,LS_PF,sampled_pool,,,False,0.26666666666666666,0.28888439757486384,0.7333333333333334,0.1,adaptive,spacing_aware_flip,offspring,feasible_start_adaptive_spacing,,,,feasible_start_adaptive_spacing,0.5,,True,auto_from_instance,0.75,0.35,"1,3,4,7,8,11,13,15,19,21,23,25,27","2,5,7,11,12,15,16,18",,,,,,"H[1,3,4,7,8,11,13,15,19,21,23,25,27]|V[2,3,5,7,11,12,15,16,18]",0fdb9192f0d4acf2b6dd22b4a8e053ab5a7ed4a9
proposed_nsga2_bs_demo_layout_door_left_AW_2_seed_126,proposed_nsga2_bs,demo_layout_door_left_AW_2,126,3,auto_from_instance,10,15,3,28,150,,,,,11,7,12,root > V:12 > BH:13 > BV:7 > BV:3 > BV:7 > BV:3 > BH:23 > BH:19 > BH:15 > BH:11 > BH:6 > BV:16,selected,1,inf,True,252,211,41,41.0,1.0,1.0,True,True,1,1,0,True,3,1,0,0,True,True,0,14,9,14,9,7,LS_PF,sampled_pool,,,False,0.26666666666666666,0.28888439757486384,0.7333333333333334,0.1,adaptive,spacing_aware_flip,offspring,feasible_start_adaptive_spacing,,,,feasible_start_adaptive_spacing,0.5,,True,auto_from_instance,0.75,0.35,"1,3,4,7,8,11,13,15,19,21,23,25,27","2,5,7,11,12,15,16,18",,,,,,"H[1,3,4,6,7,8,11,13,15,19,21,23,25,27]|V[2,3,5,7,11,12,15,16,18]",1e51df56ad9655663d1175b2036f4a44cf7e7571
proposed_nsga2_bs_demo_layout_door_left_AW_2_seed_126,proposed_nsga2_bs,demo_layout_door_left_AW_2,126,4,auto_from_instance,10,15,3,28,150,,,,,1,1,12,root > V:12 > BH:13 > BV:7 > BV:3 > BV:7 > BV:3 > BH:23 > BH:19 > BH:15 > BH:11 > BH:7 > BH:3,selected,0,inf,True,250,214,36,36.0,1.0,1.0,True,True,1,1,0,True,3,1,0,0,True,True,0,10,9,10,9,1,PF,sampled_pool,,,False,0.3333333333333333,0.33629513938091116,0.6666666666666667,0.1,adaptive,insert_random_aisle,offspring,feasible_start_adaptive_spacing,,,,feasible_start_adaptive_spacing,0.5,,True,auto_from_instance,0.75,0.35,"3,6,7,11,13,15,16,19,23,25","3,4,6,7,12,15,16,18,20",,,,,,"H[3,6,7,11,13,15,16,19,23,25]|V[3,4,6,7,12,15,16,18,20]",eb03952090a874660b7fb214554a0aa56a73029e
proposed_nsga2_bs_demo_layout_door_left_AW_2_seed_126,proposed_nsga2_bs,demo_layout_door_left_AW_2,126,4,auto_from_instance,10,15,3,28,150,,,,,2,1,12,root > V:12 > BH:13 > BV:7 > BV:3 > BV:7 > BV:3 > BH:23 > BH:19 > BH:15 > BH:11 > BH:7 > BV:16,selected,0,inf,True,250,214,36,36.0,1.0,1.0,True,True,1,1,0,True,3,1,0,0,True,True,0,10,9,10,9,1,PF,sampled_pool,,,False,0.3333333333333333,0.33629513938091116,0.6666666666666667,0.1,adaptive,insert_random_aisle,offspring,feasible_start_adaptive_spacing,,,,feasible_start_adaptive_spacing,0.5,,True,auto_from_instance,0.75,0.35,"3,6,7,11,13,15,16,19,23,25","3,4,6,7,12,15,16,18,20",,,,,,"H[3,6,7,11,13,15,16,19,23,25]|V[3,4,6,7,12,15,16,18,20]",0fdb9192f0d4acf2b6dd22b4a8e053ab5a7ed4a9
proposed_nsga2_bs_demo_layout_door_left_AW_2_seed_126,proposed_nsga2_bs,demo_layout_door_left_AW_2,126,4,auto_from_instance,10,15,3,28,150,,,,,3,1,12,root > V:12 > BH:13 > BV:7 > BV:3 > BV:7 > BV:3 > BH:23 > BH:19 > BH:15 > BH:11 > BH:6 > BV:16,selected,1,inf,True,252,211,41,41.0,1.0,1.0,True,True,1,1,0,True,3,1,0,0,True,True,0,10,9,10,9,1,PF,sampled_pool,,,False,0.3333333333333333,0.33629513938091116,0.6666666666666667,0.1,adaptive,insert_random_aisle,offspring,feasible_start_adaptive_spacing,,,,feasible_start_adaptive_spacing,0.5,,True,auto_from_instance,0.75,0.35,"3,6,7,11,13,15,16,19,23,25","3,4,6,7,12,15,16,18,20",,,,,,"H[3,6,7,11,13,15,16,19,23,25]|V[3,4,6,7,12,15,16,18,20]",1e51df56ad9655663d1175b2036f4a44cf7e7571
proposed_nsga2_bs_demo_layout_door_left_AW_2_seed_126,proposed_nsga2_bs,demo_layout_door_left_AW_2,126,4,auto_from_instance,10,15,3,28,150,,,,,4,2,12,root > V:12 > BH:13 > BV:7 > BV:7 > BV:3 > BV:3 > BH:3 > BH:7 > BH:11 > BH:15 > BH:23 > BV:16,selected,2,inf,True,250,208,42,42.0,1.0,1.0,True,True,1,1,0,True,3,1,0,0,True,True,0,12,9,12,9,2,SS,sampled_pool,,,True,0.3333333333333333,0.3556590397331848,0.6666666666666667,0.1,adaptive,remove_random_aisle,offspring,feasible_start_adaptive_spacing,,,,feasible_start_adaptive_spacing,0.5,,True,auto_from_instance,0.75,0.35,"1,3,4,7,8,11,13,15,19,21,23,27","2,5,7,11,12,15,16,18",,,,,,"H[1,3,4,7,8,11,13,15,19,21,23,27]|V[2,3,5,7,11,12,15,16,18]",00a9d8d47000946aa25bf8cbdb36931d5b5d4b7d
proposed_nsga2_bs_demo_layout_door_left_AW_2_seed_126,proposed_nsga2_bs,demo_layout_door_left_AW_2,126,4,auto_from_instance,10,15,3,28,150,,,,,5,2,12,root > V:12 > BH:13 > BV:7 > BV:7 > BV:3 > BV:3 > BH:23 > BH:19 > BH:15 > BH:11 > BH:3 > BV:16,selected,2,inf,True,250,208,42,42.0,1.0,1.0,True,True,1,1,0,True,3,1,0,0,True,True,0,12,9,12,9,2,SS,sampled_pool,,,True,0.3333333333333333,0.3556590397331848,0.6666666666666667,0.1,adaptive,remove_random_aisle,offspring,feasible_start_adaptive_spacing,,,,feasible_start_adaptive_spacing,0.5,,True,auto_from_instance,0.75,0.35,"1,3,4,7,8,11,13,15,19,21,23,27","2,5,7,11,12,15,16,18",,,,,,"H[1,3,4,7,8,11,13,15,19,21,23,27]|V[2,3,5,7,11,12,15,16,18]",d0525a507710a5664c0df826d850c16891cba894
proposed_nsga2_bs_demo_layout_door_left_AW_2_seed_126,proposed_nsga2_bs,demo_layout_door_left_AW_2,126,4,auto_from_instance,10,15,3,28,150,,,,,6,3,8,root > V:16 > BH:13 > BV:12 > BV:12 > BV:7 > BV:3 > BV:7 > BV:3,selected,0,inf,True,266,216,50,50.0,1.0,1.0,True,True,1,1,0,True,3,1,0,0,True,True,0,13,9,13,9,3,LS,sampled_pool,,,False,0.3333333333333333,0.3669926942639937,0.6666666666666667,0.1,adaptive,spacing_aware_flip,offspring,feasible_start_adaptive_spacing,,,,feasible_start_adaptive_spacing,0.5,,True,auto_from_instance,0.75,0.35,"1,3,4,7,10,11,13,15,19,21,23,25,27","3,4,7,10,12,16,17,18,20",,,,,,"H[1,3,4,7,10,11,13,15,19,21,23,25,27]|V[3,4,7,10,12,16,17,18,20]",63c9c1384eb0d63f6756e5f6c6567bc893aa1bf9
proposed_nsga2_bs_demo_layout_door_left_AW_2_seed_126,proposed_nsga2_bs,demo_layout_door_left_AW_2,126,5,auto_from_instance,10,15,3,28,150,,,,,1,1,12,root > V:12 > BH:13 > BV:7 > BV:7 > BH:22 > BH:14 > BH:6 > BV:18 > BV:3 > BV:3 > BH:18 > BH:10,selected,3,inf,True,252,206,46,53.0,1.0,1.0,True,True,1,1,0,True,3,1,0,0,True,True,0,18,9,18,9,1,RP,sampled_pool,,,False,0.4,0.41571469243410697,0.6,0.1,adaptive,swap_segments,offspring,feasible_start_adaptive_spacing,,,,feasible_start_adaptive_spacing,0.5,,True,auto_from_instance,0.75,0.35,"1,3,4,7,9,11,13,15,19,21,24,25,27","3,4,6,7,12,16,17,18,20",,,,,,"H[1,3,4,6,7,9,10,11,13,14,15,18,19,21,22,24,25,27]|V[3,4,6,7,12,16,17,18,20]",f5c2b475e28cd126ea8ff99f9b6aa52888a523c1
proposed_nsga2_bs_demo_layout_door_left_AW_2_seed_126,proposed_nsga2_bs,demo_layout_door_left_AW_2,126,5,auto_from_instance,10,15,3,28,150,,,,,2,1,12,root > V:12 > BH:13 > BV:7 > BV:7 > BH:22 > BH:14 > BH:6 > BV:18 > BV:3 > BV:3 > BH:10 > BV:18,selected,5,inf,True,252,194,58,59.0,1.0,1.0,True,True,1,1,0,True,3,1,0,0,True,True,0,17,9,17,9,1,RP,sampled_pool,,,False,0.4,0.41571469243410697,0.6,0.1,adaptive,swap_segments,offspring,feasible_start_adaptive_spacing,,,,feasible_start_adaptive_spacing,0.5,,True,auto_from_instance,0.75,0.35,"1,3,4,7,9,11,13,15,19,21,24,25,27","3,4,6,7,12,16,17,18,20",,,,,,"H[1,3,4,6,7,9,10,11,13,14,15,19,21,22,24,25,27]|V[3,4,6,7,12,16,17,18,20]",41819e8e83e58f518b77ee207d2d7e8a4cb634e4
proposed_nsga2_bs_demo_layout_door_left_AW_2_seed_126,proposed_nsga2_bs,demo_layout_door_left_AW_2,126,5,auto_from_instance,10,15,3,28,150,,,,,3,1,12,root > V:12 > BH:13 > BV:7 > BV:7 > BH:22 > BH:14 > BH:6 > BV:18 > BV:3 > BV:3 > BH:10 > BV:16,selected,4,inf,True,252,200,52,59.0,1.0,1.0,True,True,1,1,0,True,3,1,0,0,True,True,0,17,9,17,9,1,RP,sampled_pool,,,False,0.4,0.41571469243410697,0.6,0.1,adaptive,swap_segments,offspring,feasible_start_adaptive_spacing,,,,feasible_start_adaptive_spacing,0.5,,True,auto_from_instance,0.75,0.35,"1,3,4,7,9,11,13,15,19,21,24,25,27","3,4,6,7,12,16,17,18,20",,,,,,"H[1,3,4,6,7,9,10,11,13,14,15,19,21,22,24,25,27]|V[3,4,6,7,12,16,17,18,20]",a4408e6f780e253c90c81ec7c7032f7c7f99311b
proposed_nsga2_bs_demo_layout_door_left_AW_2_seed_126,proposed_nsga2_bs,demo_layout_door_left_AW_2,126,5,auto_from_instance,10,15,3,28,150,,,,,4,2,12,root > V:12 > BH:13 > BV:7 > BV:7 > BV:3 > BV:3 > BH:23 > BH:19 > BH:15 > BH:11 > BH:3 > BH:7,selected,0,inf,True,250,214,36,36.0,1.0,1.0,True,True,1,1,0,True,3,1,0,0,True,True,0,10,10,10,10,2,SS_PF_LS,sampled_pool,,,True,0.4,0.4152343952118736,0.6,0.1,adaptive,insert_random_aisle,offspring,feasible_start_adaptive_spacing,,,,feasible_start_adaptive_spacing,0.5,,True,auto_from_instance,0.75,0.35,"3,6,7,11,13,15,16,19,23,25","3,4,7,8,10,12,15,16,18,20",,,,,,"H[3,6,7,11,13,15,16,19,23,25]|V[3,4,7,8,10,12,15,16,18,20]",eb03952090a874660b7fb214554a0aa56a73029e
proposed_nsga2_bs_demo_layout_door_left_AW_2_seed_126,proposed_nsga2_bs,demo_layout_door_left_AW_2,126,5,auto_from_instance,10,15,3,28,150,,,,,5,2,12,root > V:12 > BH:13 > BV:7 > BV:7 > BV:3 > BV:3 > BH:23 > BH:19 > BH:15 > BH:11 > BH:5 > BV:16,selected,1,inf,True,254,208,46,40.0,1.0,1.0,True,True,1,1,0,True,3,1,0,0,True,True,0,11,10,11,10,2,SS_PF_LS,sampled_pool,,,True,0.4,0.4152343952118736,0.6,0.1,adaptive,insert_random_aisle,offspring,feasible_start_adaptive_spacing,,,,feasible_start_adaptive_spacing,0.5,,True,auto_from_instance,0.75,0.35,"3,6,7,11,13,15,16,19,23,25","3,4,7,8,10,12,15,16,18,20",,,,,,"H[3,5,6,7,11,13,15,16,19,23,25]|V[3,4,7,8,10,12,15,16,18,20]",b2ccc110d7abf8da46bffc85a60fe745b6c17acf
proposed_nsga2_bs_demo_layout_door_left_AW_2_seed_126,proposed_nsga2_bs,demo_layout_door_left_AW_2,126,5,auto_from_instance,10,15,3,28,150,,,,,6,2,12,root > V:12 > BH:13 > BV:7 > BV:7 > BV:3 > BV:3 > BH:23 > BH:19 > BH:15 > BH:11 > BH:3 > BV:16,selected,2,inf,True,250,208,42,42.0,1.0,1.0,True,True,1,1,0,True,3,1,0,0,True,True,0,10,10,10,10,2,SS_PF_LS,sampled_pool,,,True,0.4,0.4152343952118736,0.6,0.1,adaptive,insert_random_aisle,offspring,feasible_start_adaptive_spacing,,,,feasible_start_adaptive_spacing,0.5,,True,auto_from_instance,0.75,0.35,"3,6,7,11,13,15,16,19,23,25","3,4,7,8,10,12,15,16,18,20",,,,,,"H[3,6,7,11,13,15,16,19,23,25]|V[3,4,7,8,10,12,15,16,18,20]",d0525a507710a5664c0df826d850c16891cba894
proposed_nsga2_bs_demo_layout_door_left_AW_2_seed_126,proposed_nsga2_bs,demo_layout_door_left_AW_2,126,5,auto_from_instance,10,15,3,28,150,,,,,7,3,12,root > V:12 > BH:13 > BV:7 > BV:7 > BV:3 > BV:3 > BH:3 > BH:7 > BH:11 > BH:15 > BH:23 > BV:16,selected,2,inf,True,250,208,42,42.0,1.0,1.0,True,True,1,1,0,True,3,1,0,0,True,True,0,13,9,13,9,3,LS_SS,sampled_pool,,,True,0.4,0.3625736095193379,0.6,0.1,adaptive,spacing_aware_flip,offspring,feasible_start_adaptive_spacing,,,,feasible_start_adaptive_spacing,0.5,,True,auto_from_instance,0.75,0.35,"1,3,4,7,10,11,13,15,19,21,23,25,27","2,3,4,7,10,12,16,17,18",,,,,,"H[1,3,4,7,10,11,13,15,19,21,23,25,27]|V[2,3,4,7,10,12,16,17,18]",00a9d8d47000946aa25bf8cbdb36931d5b5d4b7d
proposed_nsga2_bs_demo_layout_door_left_AW_2_seed_126,proposed_nsga2_bs,demo_layout_door_left_AW_2,126,5,auto_from_instance,10,15,3,28,150,,,,,8,4,12,root > V:12 > BH:13 > BV:7 > BV:3 > BV:7 > BV:3 > BH:23 > BH:19 > BH:15 > BH:11 > BH:7 > BV:16,selected,0,inf,True,250,214,36,36.0,1.0,1.0,True,True,1,1,0,True,3,1,0,0,True,True,0,13,9,13,9,4,PF,sampled_pool,,,False,0.4,0.3956180482392279,0.6,0.1,adaptive,break_symmetry,offspring,feasible_start_adaptive_spacing,,,,feasible_start_adaptive_spacing,0.5,,True,auto_from_instance,0.75,0.35,"1,3,4,7,8,11,13,15,19,21,23,25,27","3,4,7,11,12,15,16,18,20",,,,,,"H[1,3,4,7,8,11,13,15,19,21,23,25,27]|V[3,4,7,11,12,15,16,18,20]",0fdb9192f0d4acf2b6dd22b4a8e053ab5a7ed4a9
proposed_nsga2_bs_demo_layout_door_left_AW_2_seed_126,proposed_nsga2_bs,demo_layout_door_left_AW_2,126,5,auto_from_instance,10,15,3,28,150,,,,,9,4,12,root > V:12 > BH:13 > BV:7 > BV:3 > BV:7 > BV:3 > BH:23 > BH:19 > BH:15 > BH:11 > BH:6 > BV:16,selected,1,inf,True,252,211,41,41.0,1.0,1.0,True,True,1,1,0,True,3,1,0,0,True,True,0,14,9,14,9,4,PF,sampled_pool,,,False,0.4,0.3956180482392279,0.6,0.1,adaptive,break_symmetry,offspring,feasible_start_adaptive_spacing,,,,feasible_start_adaptive_spacing,0.5,,True,auto_from_instance,0.75,0.35,"1,3,4,7,8,11,13,15,19,21,23,25,27","3,4,7,11,12,15,16,18,20",,,,,,"H[1,3,4,6,7,8,11,13,15,19,21,23,25,27]|V[3,4,7,11,12,15,16,18,20]",1e51df56ad9655663d1175b2036f4a44cf7e7571
proposed_nsga2_bs_demo_layout_door_left_AW_2_seed_126,proposed_nsga2_bs,demo_layout_door_left_AW_2,126,5,auto_from_instance,10,15,3,28,150,,,,,10,8,8,root > V:16 > BH:13 > BV:12 > BV:12 > BV:7 > BV:3 > BV:7 > BV:3,selected,0,inf,True,266,216,50,50.0,1.0,1.0,True,True,1,1,0,True,3,1,0,0,True,True,0,13,10,13,10,8,PF_LS,sampled_pool,,,False,0.4,0.4017036954799077,0.6,0.1,adaptive,spacing_aware_flip,offspring,feasible_start_adaptive_spacing,,,,feasible_start_adaptive_spacing,0.5,,True,auto_from_instance,0.75,0.35,"1,3,4,6,7,11,13,15,19,21,23,25,27","3,4,7,10,12,14,16,17,18,20",,,,,,"H[1,3,4,6,7,11,13,15,19,21,23,25,27]|V[3,4,7,10,12,14,16,17,18,20]",63c9c1384eb0d63f6756e5f6c6567bc893aa1bf9
proposed_nsga2_bs_demo_layout_door_left_AW_2_seed_126,proposed_nsga2_bs,demo_layout_door_left_AW_2,126,6,auto_from_instance,10,15,3,28,150,,,,,1,1,12,root > V:12 > BH:13 > BV:7 > BV:7 > BV:3 > BV:3 > BH:23 > BH:19 > BH:15 > BH:11 > BH:3 > BH:7,selected,0,inf,True,250,214,36,36.0,1.0,1.0,True,True,1,1,0,True,3,1,0,0,True,True,0,13,8,13,8,1,PF_SS,sampled_pool,,,True,0.4666666666666667,0.39511898871602075,0.5333333333333333,0.1,adaptive,remove_random_aisle,offspring,feasible_start_adaptive_spacing,,,,feasible_start_adaptive_spacing,0.5,,True,auto_from_instance,0.75,0.35,"1,3,4,7,8,11,13,15,19,21,23,25,27","3,4,6,7,12,16,18,20",,,,,,"H[1,3,4,7,8,11,13,15,19,21,23,25,27]|V[3,4,6,7,12,16,18,20]",eb03952090a874660b7fb214554a0aa56a73029e
proposed_nsga2_bs_demo_layout_door_left_AW_2_seed_126,proposed_nsga2_bs,demo_layout_door_left_AW_2,126,6,auto_from_instance,10,15,3,28,150,,,,,2,1,12,root > V:12 > BH:13 > BV:7 > BV:7 > BV:3 > BV:3 > BH:3 > BH:7 > BH:11 > BH:15 > BH:23 > BV:16,selected,2,inf,True,250,208,42,42.0,1.0,1.0,True,True,1,1,0,True,3,1,0,0,True,True,0,13,8,13,8,1,PF_SS,sampled_pool,,,True,0.4666666666666667,0.39511898871602075,0.5333333333333333,0.1,adaptive,remove_random_aisle,offspring,feasible_start_adaptive_spacing,,,,feasible_start_adaptive_spacing,0.5,,True,auto_from_instance,0.75,0.35,"1,3,4,7,8,11,13,15,19,21,23,25,27","3,4,6,7,12,16,18,20",,,,,,"H[1,3,4,7,8,11,13,15,19,21,23,25,27]|V[3,4,6,7,12,16,18,20]",00a9d8d47000946aa25bf8cbdb36931d5b5d4b7d
proposed_nsga2_bs_demo_layout_door_left_AW_2_seed_126,proposed_nsga2_bs,demo_layout_door_left_AW_2,126,6,auto_from_instance,10,15,3,28,150,,,,,3,1,12,root > V:12 > BH:13 > BV:7 > BV:7 > BV:3 > BV:3 > BH:23 > BH:19 > BH:15 > BH:11 > BH:3 > BV:16,selected,2,inf,True,250,208,42,42.0,1.0,1.0,True,True,1,1,0,True,3,1,0,0,True,True,0,13,8,13,8,1,PF_SS,sampled_pool,,,True,0.4666666666666667,0.39511898871602075,0.5333333333333333,0.1,adaptive,remove_random_aisle,offspring,feasible_start_adaptive_spacing,,,,feasible_start_adaptive_spacing,0.5,,True,auto_from_instance,0.75,0.35,"1,3,4,7,8,11,13,15,19,21,23,25,27","3,4,6,7,12,16,18,20",,,,,,"H[1,3,4,7,8,11,13,15,19,21,23,25,27]|V[3,4,6,7,12,16,18,20]",d0525a507710a5664c0df826d850c16891cba894
proposed_nsga2_bs_demo_layout_door_left_AW_2_seed_126,proposed_nsga2_bs,demo_layout_door_left_AW_2,126,6,auto_from_instance,10,15,3,28,150,,,,,4,3,11,root > V:12 > BH:13 > BV:7 > BV:7 > BV:3 > BV:3 > BH:3 > BH:9 > BH:15 > BH:23 > BH:19,selected,3,inf,True,262,202,60,48.0,1.0,1.0,True,True,1,1,0,True,3,1,0,0,True,True,0,13,9,13,9,3,SS_PF_LS,sampled_pool,,,True,0.4666666666666667,0.5156502663247233,0.5333333333333333,0.1,adaptive,remove_random_aisle,offspring,feasible_start_adaptive_spacing,,,,feasible_start_adaptive_spacing,0.5,,True,auto_from_instance,0.75,0.35,"3,4,7,10,11,13,15,19,21,23,25,27","3,4,7,11,12,15,16,18,20",,,,,,"H[3,4,7,9,10,11,13,15,19,21,23,25,27]|V[3,4,7,11,12,15,16,18,20]",b1e3d56141dc971bf7df120e9cce33e5a479a65f
proposed_nsga2_bs_demo_layout_door_left_AW_2_seed_126,proposed_nsga2_bs,demo_layout_door_left_AW_2,126,6,auto_from_instance,10,15,3,28,150,,,,,5,3,11,root > V:12 > BH:13 > BV:7 > BV:7 > BV:3 > BV:3 > BH:23 > BH:17 > BH:9 > BH:3 > BH:13,evaluated,3,0.0,False,262,202,60,48.0,1.0,1.0,True,True,1,1,0,True,3,1,0,0,True,True,0,14,9,14,9,3,SS_PF_LS,sampled_pool,,,True,0.4666666666666667,0.5156502663247233,0.5333333333333333,0.1,adaptive,remove_random_aisle,offspring,feasible_start_adaptive_spacing,,,,feasible_start_adaptive_spacing,0.5,,True,auto_from_instance,0.75,0.35,"3,4,7,10,11,13,15,19,21,23,25,27","3,4,7,11,12,15,16,18,20",,,,,,"H[3,4,7,9,10,11,13,15,17,19,21,23,25,27]|V[3,4,7,11,12,15,16,18,20]",faa83a2f7bb9efd4c41fb7b3b81c003cec521a5c
proposed_nsga2_bs_demo_layout_door_left_AW_2_seed_126,proposed_nsga2_bs,demo_layout_door_left_AW_2,126,6,auto_from_instance,10,15,3,28,150,,,,,6,3,11,root > V:12 > BH:13 > BV:7 > BV:7 > BV:3 > BV:3 > BH:23 > BH:17 > BH:11 > BH:3 > BH:7,selected,3,inf,True,262,202,60,48.0,1.0,1.0,True,True,1,1,0,True,3,1,0,0,True,True,0,13,9,13,9,3,SS_PF_LS,sampled_pool,,,True,0.4666666666666667,0.5156502663247233,0.5333333333333333,0.1,adaptive,remove_random_aisle,offspring,feasible_start_adaptive_spacing,,,,feasible_start_adaptive_spacing,0.5,,True,auto_from_instance,0.75,0.35,"3,4,7,10,11,13,15,19,21,23,25,27","3,4,7,11,12,15,16,18,20",,,,,,"H[3,4,7,10,11,13,15,17,19,21,23,25,27]|V[3,4,7,11,12,15,16,18,20]",4d9823d39ac54567648600c413a3d532ee5a312b
proposed_nsga2_bs_demo_layout_door_left_AW_2_seed_126,proposed_nsga2_bs,demo_layout_door_left_AW_2,126,6,auto_from_instance,10,15,3,28,150,,,,,7,4,12,root > V:12 > BH:13 > BV:7 > BV:3 > BV:7 > BV:3 > BH:23 > BH:19 > BH:15 > BH:11 > BH:7 > BV:16,selected,0,inf,True,250,214,36,36.0,1.0,1.0,True,True,1,1,0,True,3,1,0,0,True,True,0,14,9,14,9,4,LS_PF,sampled_pool,,,False,0.4666666666666667,0.5038910103536489,0.5333333333333333,0.1,adaptive,spacing_aware_flip,offspring,feasible_start_adaptive_spacing,,,,feasible_start_adaptive_spacing,0.5,,True,auto_from_instance,0.75,0.35,"1,3,4,7,8,11,13,15,17,19,21,23,25,27","2,3,4,7,10,12,16,17,18",,,,,,"H[1,3,4,7,8,11,13,15,17,19,21,23,25,27]|V[2,3,4,7,10,12,16,17,18]",0fdb9192f0d4acf2b6dd22b4a8e053ab5a7ed4a9
proposed_nsga2_bs_demo_layout_door_left_AW_2_seed_126,proposed_nsga2_bs,demo_layout_door_left_AW_2,126,6,auto_from_instance,10,15,3,28,150,,,,,8,4,12,root > V:12 > BH:13 > BV:7 > BV:3 > BV:7 > BV:3 > BH:23 > BH:19 > BH:15 > BH:11 > BH:6 > BV:16,selected,1,inf,True,252,211,41,41.0,1.0,1.0,True,True,1,1,0,True,3,1,0,0,True,True,0,15,9,15,9,4,LS_PF,sampled_pool,,,False,0.4666666666666667,0.5038910103536489,0.5333333333333333,0.1,adaptive,spacing_aware_flip,offspring,feasible_start_adaptive_spacing,,,,feasible_start_adaptive_spacing,0.5,,True,auto_from_instance,0.75,0.35,"1,3,4,7,8,11,13,15,17,19,21,23,25,27","2,3,4,7,10,12,16,17,18",,,,,,"H[1,3,4,6,7,8,11,13,15,17,19,21,23,25,27]|V[2,3,4,7,10,12,16,17,18]",1e51df56ad9655663d1175b2036f4a44cf7e7571
proposed_nsga2_bs_demo_layout_door_left_AW_2_seed_126,proposed_nsga2_bs,demo_layout_door_left_AW_2,126,6,auto_from_instance,10,15,3,28,150,,,,,9,6,8,root > V:16 > BH:13 > BV:7 > BV:7 > BV:12 > BV:12 > BV:3 > BV:3,selected,0,inf,True,266,216,50,50.0,1.0,1.0,True,True,1,1,0,True,3,1,0,0,True,True,0,18,10,18,10,6,PF_LS_RP,sampled_pool,,,False,0.4666666666666667,0.4869344999957221,0.5333333333333333,0.1,adaptive,spacing_aware_flip,offspring,feasible_start_adaptive_spacing,,,,feasible_start_adaptive_spacing,0.5,,True,auto_from_instance,0.75,0.35,"1,3,4,6,7,9,10,11,13,14,15,18,19,21,22,24,25,27","3,4,7,9,12,14,16,17,18,20",,,,,,"H[1,3,4,6,7,9,10,11,13,14,15,18,19,21,22,24,25,27]|V[3,4,7,9,12,14,16,17,18,20]",63c9c1384eb0d63f6756e5f6c6567bc893aa1bf9
proposed_nsga2_bs_demo_layout_door_left_AW_2_seed_126,proposed_nsga2_bs,demo_layout_door_left_AW_2,126,6,auto_from_instance,10,15,3,28,150,,,,,10,7,11,root > V:12 > BH:13 > BV:7 > BV:7 > BV:3 > BV:3 > BH:3 > BH:9 > BH:15 > BH:23 > BV:16,evaluated,4,inf,False,262,196,66,54.0,1.0,1.0,True,True,1,1,0,True,3,1,0,0,True,True,0,14,10,14,10,7,SS,sampled_pool,,,True,0.4666666666666667,0.44555263183170923,0.5333333333333333,0.1,adaptive,spacing_aware_flip,offspring,feasible_start_adaptive_spacing,,,,feasible_start_adaptive_spacing,0.5,,True,auto_from_instance,0.75,0.35,"1,3,4,6,7,11,13,15,19,21,23,25,27","0,2,3,4,7,10,12,16,17,18",,,,,,"H[1,3,4,6,7,9,11,13,15,19,21,23,25,27]|V[0,2,3,4,7,10,12,16,17,18]",9d0e79f5c3b536529e0e2fe4abc6898ecdd52190
proposed_nsga2_bs_demo_layout_door_left_AW_2_seed_126,proposed_nsga2_bs,demo_layout_door_left_AW_2,126,6,auto_from_instance,10,15,3,28,150,,,,,11,8,14,root > V:14 > BH:13 > BV:7 > BV:7 > BV:3 > BH:3 > BH:9 > BH:15 > BH:21 > BV:3 > BH:25 > BV:18 > BV:18 > BV:18,evaluated,5,inf,False,254,178,76,100.0,1.0,1.0,True,True,1,1,0,True,3,1,0,0,True,True,0,13,10,13,10,8,RP_LS,sampled_pool,,,False,0.4666666666666667,0.45442595789231827,0.5333333333333333,0.1,adaptive,remove_random_aisle,offspring,feasible_start_adaptive_spacing,,,,feasible_start_adaptive_spacing,0.5,,True,auto_from_instance,0.75,0.35,"1,3,4,7,10,13,15,19,21,23,25,27","3,4,7,10,12,14,16,17,18,20",,,,,,"H[1,3,4,7,9,10,13,15,19,21,23,25,27]|V[3,4,7,10,12,14,16,17,18,20]",a354c386da723abc62011db88f2ae34c351bc823
proposed_nsga2_bs_demo_layout_door_left_AW_2_seed_126,proposed_nsga2_bs,demo_layout_door_left_AW_2,126,6,auto_from_instance,10,15,3,28,150,,,,,12,8,14,root > V:14 > BH:13 > BV:7 > BV:7 > BV:3 > BH:3 > BH:9 > BH:15 > BH:21 > BV:3 > BV:18 > BV:18 > BV:18 > BV:18,evaluated,5,inf,False,254,178,76,100.0,1.0,1.0,True,True,1,1,0,True,3,1,0,0,True,True,0,13,10,13,10,8,RP_LS,sampled_pool,,,False,0.4666666666666667,0.45442595789231827,0.5333333333333333,0.1,adaptive,remove_random_aisle,offspring,feasible_start_adaptive_spacing,,,,feasible_start_adaptive_spacing,0.5,,True,auto_from_instance,0.75,0.35,"1,3,4,7,10,13,15,19,21,23,25,27","3,4,7,10,12,14,16,17,18,20",,,,,,"H[1,3,4,7,9,10,13,15,19,21,23,25,27]|V[3,4,7,10,12,14,16,17,18,20]",970f2e9a2797e59180d5ee42514cdcd62656fdc5
proposed_nsga2_bs_demo_layout_door_left_AW_2_seed_126,proposed_nsga2_bs,demo_layout_door_left_AW_2,126,6,auto_from_instance,10,15,3,28,150,,,,,13,10,12,root > V:12 > BH:13 > BV:7 > BV:7 > BH:22 > BH:14 > BH:6 > BV:16 > BV:3 > BV:3 > BH:18 > BH:10,selected,2,inf,True,252,211,41,53.0,1.0,1.0,True,True,1,1,0,True,3,1,0,0,True,True,0,15,9,15,9,10,RP_LS,sampled_pool,,,False,0.4666666666666667,0.45326998870999796,0.5333333333333333,0.1,adaptive,remove_random_aisle,offspring,feasible_start_adaptive_spacing,,,,feasible_start_adaptive_spacing,0.5,,True,auto_from_instance,0.75,0.35,"3,5,6,7,11,13,15,16,19,23,25","3,4,7,8,12,15,16,18,20",,,,,,"H[3,5,6,7,10,11,13,14,15,16,18,19,22,23,25]|V[3,4,7,8,12,15,16,18,20]",cde7e02f65ba0f4bfa087937e60f3ffbcdd2593f
proposed_nsga2_bs_demo_layout_door_left_AW_2_seed_126,proposed_nsga2_bs,demo_layout_door_left_AW_2,126,6,auto_from_instance,10,15,3,28,150,,,,,14,10,12,root > V:12 > BH:13 > BV:7 > BV:7 > BH:22 > BH:14 > BH:6 > BV:16 > BV:3 > BV:3 > BH:10 > BV:16,selected,3,inf,True,252,205,47,59.0,1.0,1.0,True,True,1,1,0,True,3,1,0,0,True,True,0,14,9,14,9,10,RP_LS,sampled_pool,,,False,0.4666666666666667,0.45326998870999796,0.5333333333333333,0.1,adaptive,remove_random_aisle,offspring,feasible_start_adaptive_spacing,,,,feasible_start_adaptive_spacing,0.5,,True,auto_from_instance,0.75,0.35,"3,5,6,7,11,13,15,16,19,23,25","3,4,7,8,12,15,16,18,20",,,,,,"H[3,5,6,7,10,11,13,14,15,16,19,22,23,25]|V[3,4,7,8,12,15,16,18,20]",ab31b9ee804bbbf9b9577ac402d3df32d5242d59
proposed_nsga2_bs_demo_layout_door_left_AW_2_seed_126,proposed_nsga2_bs,demo_layout_door_left_AW_2,126,6,auto_from_instance,10,15,3,28,150,,,,,15,10,12,root > V:12 > BH:13 > BV:7 > BV:7 > BH:22 > BH:14 > BH:6 > BV:16 > BV:3 > BV:3 > BH:18 > BV:16,evaluated,3,inf,False,252,205,47,59.0,1.0,1.0,True,True,1,1,0,True,3,1,0,0,True,True,0,14,9,14,9,10,RP_LS,sampled_pool,,,False,0.4666666666666667,0.45326998870999796,0.5333333333333333,0.1,adaptive,remove_random_aisle,offspring,feasible_start_adaptive_spacing,,,,feasible_start_adaptive_spacing,0.5,,True,auto_from_instance,0.75,0.35,"3,5,6,7,11,13,15,16,19,23,25","3,4,7,8,12,15,16,18,20",,,,,,"H[3,5,6,7,11,13,14,15,16,18,19,22,23,25]|V[3,4,7,8,12,15,16,18,20]",7ddefe84595053a41131cfd89ef85cec0712a59e
proposed_nsga2_bs_demo_layout_door_left_AW_2_seed_126,proposed_nsga2_bs,demo_layout_door_left_AW_2,126,7,auto_from_instance,10,15,3,28,150,,,,,1,1,8,root > V:16 > BH:13 > BV:7 > BV:7 > BV:12 > BV:12 > BV:3 > BV:3,selected,0,inf,True,266,216,50,50.0,1.0,1.0,True,True,1,1,0,True,3,1,0,0,True,True,0,14,9,14,9,1,PF_LS_RP,sampled_pool,,,False,0.5333333333333333,0.5554780149431815,0.4666666666666667,0.1,adaptive,remove_random_aisle,offspring,feasible_start_adaptive_spacing,,,,feasible_start_adaptive_spacing,0.5,,True,auto_from_instance,0.75,0.35,"3,5,6,7,8,11,13,15,16,18,19,22,23,25","3,7,8,12,15,16,17,18,20",,,,,,"H[3,5,6,7,8,11,13,15,16,18,19,22,23,25]|V[3,7,8,12,15,16,17,18,20]",63c9c1384eb0d63f6756e5f6c6567bc893aa1bf9
proposed_nsga2_bs_demo_layout_door_left_AW_2_seed_126,proposed_nsga2_bs,demo_layout_door_left_AW_2,126,7,auto_from_instance,10,15,3,28,150,,,,,2,4,12,root > V:12 > BH:13 > BV:7 > BV:7 > BV:3 > BV:3 > BH:23 > BH:19 > BH:15 > BH:11 > BH:3 > BH:7,selected,0,inf,True,250,214,36,36.0,1.0,1.0,True,True,1,1,0,True,3,1,0,0,True,True,0,15,9,15,9,4,PF_SS_RP,sampled_pool,,,True,0.5333333333333333,0.5120050849105259,0.4666666666666667,0.1,adaptive,swap_segments,offspring,feasible_start_adaptive_spacing,,,,feasible_start_adaptive_spacing,0.5,,True,auto_from_instance,0.75,0.35,"3,5,6,7,9,10,11,13,14,15,18,19,22,23,25","3,4,6,7,9,12,16,18,20",,,,,,"H[3,5,6,7,9,10,11,13,14,15,18,19,22,23,25]|V[3,4,6,7,9,12,16,18,20]",eb03952090a874660b7fb214554a0aa56a73029e
proposed_nsga2_bs_demo_layout_door_left_AW_2_seed_126,proposed_nsga2_bs,demo_layout_door_left_AW_2,126,7,auto_from_instance,10,15,3,28,150,,,,,3,4,12,root > V:12 > BH:13 > BV:7 > BV:7 > BV:3 > BV:3 > BH:3 > BH:7 > BH:11 > BH:15 > BH:23 > BV:16,selected,1,inf,True,250,208,42,42.0,1.0,1.0,True,True,1,1,0,True,3,1,0,0,True,True,0,15,9,15,9,4,PF_SS_RP,sampled_pool,,,True,0.5333333333333333,0.5120050849105259,0.4666666666666667,0.1,adaptive,swap_segments,offspring,feasible_start_adaptive_spacing,,,,feasible_start_adaptive_spacing,0.5,,True,auto_from_instance,0.75,0.35,"3,5,6,7,9,10,11,13,14,15,18,19,22,23,25","3,4,6,7,9,12,16,18,20",,,,,,"H[3,5,6,7,9,10,11,13,14,15,18,19,22,23,25]|V[3,4,6,7,9,12,16,18,20]",00a9d8d47000946aa25bf8cbdb36931d5b5d4b7d
proposed_nsga2_bs_demo_layout_door_left_AW_2_seed_126,proposed_nsga2_bs,demo_layout_door_left_AW_2,126,7,auto_from_instance,10,15,3,28,150,,,,,4,4,12,root > V:12 > BH:13 > BV:7 > BV:7 > BV:3 > BV:3 > BH:23 > BH:19 > BH:15 > BH:11 > BH:3 > BV:16,selected,1,inf,True,250,208,42,42.0,1.0,1.0,True,True,1,1,0,True,3,1,0,0,True,True,0,15,9,15,9,4,PF_SS_RP,sampled_pool,,,True,0.5333333333333333,0.5120050849105259,0.4666666666666667,0.1,adaptive,swap_segments,offspring,feasible_start_adaptive_spacing,,,,feasible_start_adaptive_spacing,0.5,,True,auto_from_instance,0.75,0.35,"3,5,6,7,9,10,11,13,14,15,18,19,22,23,25","3,4,6,7,9,12,16,18,20",,,,,,"H[3,5,6,7,9,10,11,13,14,15,18,19,22,23,25]|V[3,4,6,7,9,12,16,18,20]",d0525a507710a5664c0df826d850c16891cba894
proposed_nsga2_bs_demo_layout_door_left_AW_2_seed_126,proposed_nsga2_bs,demo_layout_door_left_AW_2,126,7,auto_from_instance,10,15,3,28,150,,,,,5,5,12,root > V:12 > BH:13 > BV:7 > BV:7 > BV:3 > BV:3 > BH:3 > BH:11 > BH:19 > BV:16 > BH:15 > BH:7,selected,0,inf,True,250,214,36,36.0,1.0,1.0,True,True,1,1,0,True,3,1,0,0,True,True,0,12,8,12,8,5,SS_LS_PF,sampled_pool,,,True,0.5333333333333333,0.5236002296990939,0.4666666666666667,0.1,adaptive,spacing_aware_flip,offspring,feasible_start_adaptive_spacing,,,,feasible_start_adaptive_spacing,0.5,,True,auto_from_instance,0.75,0.35,"0,3,4,7,8,11,13,15,19,21,23,25","3,4,7,8,12,16,18,20",,,,,,"H[0,3,4,7,8,11,13,15,19,21,23,25]|V[3,4,7,8,12,16,18,20]",4a41b107b91f9199ee0941107f3223a236184f76
proposed_nsga2_bs_demo_layout_door_left_AW_2_seed_126,proposed_nsga2_bs,demo_layout_door_left_AW_2,126,8,auto_from_instance,10,15,3,28,150,,,,,1,1,12,root > V:12 > BH:13 > BV:7 > BV:3 > BV:7 > BV:3 > BH:23 > BH:19 > BH:15 > BH:11 > BH:7 > BH:3,selected,0,inf,True,250,214,36,36.0,1.0,1.0,True,True,1,1,0,True,3,1,0,0,True,True,0,16,9,16,9,1,PF_LS,sampled_pool,,,False,0.6,0.6368259437477569,0.4,0.1,adaptive,swap_segments,offspring,feasible_start_adaptive_spacing,,,,feasible_start_adaptive_spacing,0.5,,True,auto_from_instance,0.75,0.35,"3,5,6,7,8,10,11,13,14,15,16,18,19,22,25","3,4,6,7,9,12,16,18,20",,,,,,"H[3,5,6,7,8,10,11,13,14,15,16,18,19,22,23,25]|V[3,4,6,7,9,12,16,18,20]",eb03952090a874660b7fb214554a0aa56a73029e
proposed_nsga2_bs_demo_layout_door_left_AW_2_seed_126,proposed_nsga2_bs,demo_layout_door_left_AW_2,126,8,auto_from_instance,10,15,3,28,150,,,,,2,1,12,root > V:12 > BH:13 > BV:7 > BV:3 > BV:7 > BV:3 > BH:23 > BH:19 > BH:15 > BH:11 > BH:7 > BV:16,selected,0,0.0,True,250,214,36,36.0,1.0,1.0,True,True,1,1,0,True,3,1,0,0,True,True,0,16,9,16,9,1,PF_LS,sampled_pool,,,False,0.6,0.6368259437477569,0.4,0.1,adaptive,swap_segments,offspring,feasible_start_adaptive_spacing,,,,feasible_start_adaptive_spacing,0.5,,True,auto_from_instance,0.75,0.35,"3,5,6,7,8,10,11,13,14,15,16,18,19,22,25","3,4,6,7,9,12,16,18,20",,,,,,"H[3,5,6,7,8,10,11,13,14,15,16,18,19,22,23,25]|V[3,4,6,7,9,12,16,18,20]",0fdb9192f0d4acf2b6dd22b4a8e053ab5a7ed4a9
proposed_nsga2_bs_demo_layout_door_left_AW_2_seed_126,proposed_nsga2_bs,demo_layout_door_left_AW_2,126,8,auto_from_instance,10,15,3,28,150,,,,,3,1,12,root > V:12 > BH:13 > BV:7 > BV:3 > BV:7 > BV:3 > BH:23 > BH:19 > BH:15 > BH:11 > BH:6 > BV:16,selected,1,inf,True,252,211,41,41.0,1.0,1.0,True,True,1,1,0,True,3,1,0,0,True,True,0,16,9,16,9,1,PF_LS,sampled_pool,,,False,0.6,0.6368259437477569,0.4,0.1,adaptive,swap_segments,offspring,feasible_start_adaptive_spacing,,,,feasible_start_adaptive_spacing,0.5,,True,auto_from_instance,0.75,0.35,"3,5,6,7,8,10,11,13,14,15,16,18,19,22,25","3,4,6,7,9,12,16,18,20",,,,,,"H[3,5,6,7,8,10,11,13,14,15,16,18,19,22,23,25]|V[3,4,6,7,9,12,16,18,20]",1e51df56ad9655663d1175b2036f4a44cf7e7571
proposed_nsga2_bs_demo_layout_door_left_AW_2_seed_126,proposed_nsga2_bs,demo_layout_door_left_AW_2,126,8,auto_from_instance,10,15,3,28,150,,,,,4,2,8,root > V:16 > BH:13 > BV:7 > BV:7 > BV:12 > BV:12 > BV:3 > BV:3,selected,0,inf,True,266,216,50,50.0,1.0,1.0,True,True,1,1,0,True,3,1,0,0,True,True,0,14,8,14,8,2,PF_LS_RP,sampled_pool,,,False,0.6,0.7120434388554451,0.4,0.1,adaptive,remove_random_aisle,offspring,feasible_start_adaptive_spacing,,,,feasible_start_adaptive_spacing,0.5,,True,auto_from_instance,0.75,0.35,"3,5,6,7,9,11,13,15,16,18,19,22,23,25","3,7,12,15,16,17,18,20",,,,,,"H[3,5,6,7,9,11,13,15,16,18,19,22,23,25]|V[3,7,12,15,16,17,18,20]",63c9c1384eb0d63f6756e5f6c6567bc893aa1bf9
proposed_nsga2_bs_demo_layout_door_left_AW_2_seed_126,proposed_nsga2_bs,demo_layout_door_left_AW_2,126,8,auto_from_instance,10,15,3,28,150,,,,,5,3,7,root > V:15 > BH:13 > BV:7 > BV:5 > BV:11 > BV:3 > BV:11,evaluated,7,inf,False,292,190,102,128.0,1.0,1.0,True,True,1,1,0,True,3,1,0,0,True,True,0,15,12,15,12,3,SS,sampled_pool,,,True,0.6,0.6277102619821635,0.4,0.1,adaptive,insert_random_aisle,offspring,feasible_start_adaptive_spacing,,,,feasible_start_adaptive_spacing,0.5,,True,auto_from_instance,0.75,0.35,"3,5,6,7,8,10,11,13,15,16,18,19,22,23,25","3,7,8,9,12,15,16,17,18,20",,,,,,"H[3,5,6,7,8,10,11,13,15,16,18,19,22,23,25]|V[3,5,7,8,9,11,12,15,16,17,18,20]",33486d296fa513a0e67a344ef0adfe93ff71bff4
proposed_nsga2_bs_demo_layout_door_left_AW_2_seed_126,proposed_nsga2_bs,demo_layout_door_left_AW_2,126,8,auto_from_instance,10,15,3,28,150,,,,,6,3,7,root > V:15 > BH:13 > BV:7 > BV:5 > BV:11 > BV:3 > BV:11,evaluated,7,inf,False,292,190,102,128.0,1.0,1.0,True,True,1,1,0,True,3,1,0,0,True,True,0,15,12,15,12,3,SS,sampled_pool,,,True,0.6,0.6277102619821635,0.4,0.1,adaptive,insert_random_aisle,offspring,feasible_start_adaptive_spacing,,,,feasible_start_adaptive_spacing,0.5,,True,auto_from_instance,0.75,0.35,"3,5,6,7,8,10,11,13,15,16,18,19,22,23,25","3,7,8,9,12,15,16,17,18,20",,,,,,"H[3,5,6,7,8,10,11,13,15,16,18,19,22,23,25]|V[3,5,7,8,9,11,12,15,16,17,18,20]",40f61919c4da879ac8a409d310000f13e7665a7c
proposed_nsga2_bs_demo_layout_door_left_AW_2_seed_126,proposed_nsga2_bs,demo_layout_door_left_AW_2,126,8,auto_from_instance,10,15,3,28,150,,,,,7,4,12,root > V:12 > BH:13 > BV:7 > BV:7 > BV:3 > BH:3 > BH:11 > BH:19 > BV:16 > BV:3 > BH:15 > BH:7,selected,0,inf,True,250,214,36,36.0,1.0,1.0,True,True,1,1,0,True,3,1,0,0,True,True,0,15,8,15,8,4,SS,sampled_pool,,,True,0.6,0.5816538603160964,0.4,0.1,adaptive,bit_flip,offspring,feasible_start_adaptive_spacing,,,,feasible_start_adaptive_spacing,0.5,,True,auto_from_instance,0.75,0.35,"3,5,6,7,9,10,13,14,15,18,19,22,23,25","3,4,6,7,12,16,18,20",,,,,,"H[3,5,6,7,9,10,11,13,14,15,18,19,22,23,25]|V[3,4,6,7,12,16,18,20]",4a41b107b91f9199ee0941107f3223a236184f76
proposed_nsga2_bs_demo_layout_door_left_AW_2_seed_126,proposed_nsga2_bs,demo_layout_door_left_AW_2,126,8,auto_from_instance,10,15,3,28,150,,,,,8,4,12,root > V:12 > BH:13 > BV:7 > BV:7 > BV:3 > BH:3 > BH:11 > BH:19 > BH:23 > BV:3 > BH:15 > BV:16,selected,2,inf,True,250,208,42,42.0,1.0,1.0,True,True,1,1,0,True,3,1,0,0,True,True,0,15,8,15,8,4,SS,sampled_pool,,,True,0.6,0.5816538603160964,0.4,0.1,adaptive,bit_flip,offspring,feasible_start_adaptive_spacing,,,,feasible_start_adaptive_spacing,0.5,,True,auto_from_instance,0.75,0.35,"3,5,6,7,9,10,13,14,15,18,19,22,23,25","3,4,6,7,12,16,18,20",,,,,,"H[3,5,6,7,9,10,11,13,14,15,18,19,22,23,25]|V[3,4,6,7,12,16,18,20]",d0525a507710a5664c0df826d850c16891cba894
proposed_nsga2_bs_demo_layout_door_left_AW_2_seed_126,proposed_nsga2_bs,demo_layout_door_left_AW_2,126,8,auto_from_instance,10,15,3,28,150,,,,,9,5,12,root > V:12 > BH:13 > BV:7 > BV:7 > BH:23 > BH:15 > BH:7 > BH:3 > BV:3 > BV:3 > BH:11 > BV:16,selected,2,0.0,True,250,208,42,42.0,1.0,1.0,True,True,1,1,0,True,3,1,0,0,True,True,0,13,7,13,7,5,SS_LS_PF,sampled_pool,,,True,0.6,0.6597342193344452,0.4,0.1,adaptive,remove_random_aisle,offspring,feasible_start_adaptive_spacing,,,,feasible_start_adaptive_spacing,0.5,,True,auto_from_instance,0.75,0.35,"3,5,6,7,8,11,13,15,18,19,22,23,25","3,4,7,8,12,16,18",,,,,,"H[3,5,6,7,8,11,13,15,18,19,22,23,25]|V[3,4,7,8,12,16,18]",00a9d8d47000946aa25bf8cbdb36931d5b5d4b7d
proposed_nsga2_bs_demo_layout_door_left_AW_2_seed_126,proposed_nsga2_bs,demo_layout_door_left_AW_2,126,8,auto_from_instance,10,15,3,28,150,,,,,10,5,12,root > V:12 > BH:13 > BV:7 > BV:7 > BH:23 > BH:15 > BH:7 > BH:3 > BV:3 > BV:3 > BH:19 > BV:16,selected,2,inf,True,250,208,42,42.0,1.0,1.0,True,True,1,1,0,True,3,1,0,0,True,True,0,13,7,13,7,5,SS_LS_PF,sampled_pool,,,True,0.6,0.6597342193344452,0.4,0.1,adaptive,remove_random_aisle,offspring,feasible_start_adaptive_spacing,,,,feasible_start_adaptive_spacing,0.5,,True,auto_from_instance,0.75,0.35,"3,5,6,7,8,11,13,15,18,19,22,23,25","3,4,7,8,12,16,18",,,,,,"H[3,5,6,7,8,11,13,15,18,19,22,23,25]|V[3,4,7,8,12,16,18]",16d3671d30a9c7f180e3b14f100c73fd3f11beba
proposed_nsga2_bs_demo_layout_door_left_AW_2_seed_126,proposed_nsga2_bs,demo_layout_door_left_AW_2,126,8,auto_from_instance,10,15,3,28,150,,,,,11,8,12,root > V:12 > BH:13 > BV:7 > BV:7 > BH:22 > BH:14 > BH:6 > BV:18 > BV:3 > BV:3 > BH:18 > BH:10,selected,3,inf,True,252,206,46,53.0,1.0,1.0,True,True,1,1,0,True,3,1,0,0,True,True,0,15,8,15,8,8,RP,sampled_pool,,,False,0.6,0.6288582769651074,0.4,0.1,adaptive,remove_random_aisle,offspring,feasible_start_adaptive_spacing,,,,feasible_start_adaptive_spacing,0.5,,True,auto_from_instance,0.75,0.35,"3,5,7,9,10,11,13,15,18,19,22,23,25","3,4,7,8,12,16,18,20",,,,,,"H[3,5,6,7,9,10,11,13,14,15,18,19,22,23,25]|V[3,4,7,8,12,16,18,20]",f5c2b475e28cd126ea8ff99f9b6aa52888a523c1
proposed_nsga2_bs_demo_layout_door_left_AW_2_seed_126,proposed_nsga2_bs,demo_layout_door_left_AW_2,126,8,auto_from_instance,10,15,3,28,150,,,,,12,8,12,root > V:12 > BH:13 > BV:7 > BV:7 > BH:22 > BH:14 > BH:6 > BV:18 > BV:3 > BV:3 > BH:10 > BV:18,evaluated,6,inf,False,252,194,58,59.0,1.0,1.0,True,True,1,1,0,True,3,1,0,0,True,True,0,15,8,15,8,8,RP,sampled_pool,,,False,0.6,0.6288582769651074,0.4,0.1,adaptive,remove_random_aisle,offspring,feasible_start_adaptive_spacing,,,,feasible_start_adaptive_spacing,0.5,,True,auto_from_instance,0.75,0.35,"3,5,7,9,10,11,13,15,18,19,22,23,25","3,4,7,8,12,16,18,20",,,,,,"H[3,5,6,7,9,10,11,13,14,15,18,19,22,23,25]|V[3,4,7,8,12,16,18,20]",41819e8e83e58f518b77ee207d2d7e8a4cb634e4
proposed_nsga2_bs_demo_layout_door_left_AW_2_seed_126,proposed_nsga2_bs,demo_layout_door_left_AW_2,126,8,auto_from_instance,10,15,3,28,150,,,,,13,8,12,root > V:12 > BH:13 > BV:7 > BV:7 > BH:22 > BH:14 > BH:6 > BV:18 > BV:3 > BV:3 > BH:10 > BV:16,evaluated,5,inf,False,252,200,52,59.0,1.0,1.0,True,True,1,1,0,True,3,1,0,0,True,True,0,15,8,15,8,8,RP,sampled_pool,,,False,0.6,0.6288582769651074,0.4,0.1,adaptive,remove_random_aisle,offspring,feasible_start_adaptive_spacing,,,,feasible_start_adaptive_spacing,0.5,,True,auto_from_instance,0.75,0.35,"3,5,7,9,10,11,13,15,18,19,22,23,25","3,4,7,8,12,16,18,20",,,,,,"H[3,5,6,7,9,10,11,13,14,15,18,19,22,23,25]|V[3,4,7,8,12,16,18,20]",a4408e6f780e253c90c81ec7c7032f7c7f99311b
proposed_nsga2_bs_demo_layout_door_left_AW_2_seed_126,proposed_nsga2_bs,demo_layout_door_left_AW_2,126,8,auto_from_instance,10,15,3,28,150,,,,,14,9,12,root > V:12 > BH:13 > BV:7 > BV:7 > BH:22 > BH:14 > BH:6 > BV:16 > BV:3 > BV:3 > BH:18 > BH:10,selected,2,inf,True,252,211,41,53.0,1.0,1.0,True,True,1,1,0,True,3,1,0,0,True,True,0,16,8,16,8,9,RP_LS,sampled_pool,,,False,0.6,0.5921447840737627,0.4,0.1,adaptive,swap_segments,offspring,feasible_start_adaptive_spacing,,,,feasible_start_adaptive_spacing,0.5,,True,auto_from_instance,0.75,0.35,"0,3,4,7,8,11,13,14,15,18,19,22,23,25","3,4,7,8,12,16,18,20",,,,,,"H[0,3,4,6,7,8,10,11,13,14,15,18,19,22,23,25]|V[3,4,7,8,12,16,18,20]",cde7e02f65ba0f4bfa087937e60f3ffbcdd2593f
proposed_nsga2_bs_demo_layout_door_left_AW_2_seed_126,proposed_nsga2_bs,demo_layout_door_left_AW_2,126,8,auto_from_instance,10,15,3,28,150,,,,,15,9,12,root > V:12 > BH:13 > BV:7 > BV:7 > BH:22 > BH:14 > BH:6 > BV:16 > BV:3 > BV:3 > BH:10 > BV:16,evaluated,4,inf,False,252,205,47,59.0,1.0,1.0,True,True,1,1,0,True,3,1,0,0,True,True,0,16,8,16,8,9,RP_LS,sampled_pool,,,False,0.6,0.5921447840737627,0.4,0.1,adaptive,swap_segments,offspring,feasible_start_adaptive_spacing,,,,feasible_start_adaptive_spacing,0.5,,True,auto_from_instance,0.75,0.35,"0,3,4,7,8,11,13,14,15,18,19,22,23,25","3,4,7,8,12,16,18,20",,,,,,"H[0,3,4,6,7,8,10,11,13,14,15,18,19,22,23,25]|V[3,4,7,8,12,16,18,20]",ab31b9ee804bbbf9b9577ac402d3df32d5242d59
proposed_nsga2_bs_demo_layout_door_left_AW_2_seed_126,proposed_nsga2_bs,demo_layout_door_left_AW_2,126,8,auto_from_instance,10,15,3,28,150,,,,,16,9,12,root > V:12 > BH:13 > BV:7 > BV:7 > BH:22 > BH:14 > BH:6 > BV:16 > BV:3 > BV:3 > BH:18 > BV:16,evaluated,4,inf,False,252,205,47,59.0,1.0,1.0,True,True,1,1,0,True,3,1,0,0,True,True,0,15,8,15,8,9,RP_LS,sampled_pool,,,False,0.6,0.5921447840737627,0.4,0.1,adaptive,swap_segments,offspring,feasible_start_adaptive_spacing,,,,feasible_start_adaptive_spacing,0.5,,True,auto_from_instance,0.75,0.35,"0,3,4,7,8,11,13,14,15,18,19,22,23,25","3,4,7,8,12,16,18,20",,,,,,"H[0,3,4,6,7,8,11,13,14,15,18,19,22,23,25]|V[3,4,7,8,12,16,18,20]",7ddefe84595053a41131cfd89ef85cec0712a59e
proposed_nsga2_bs_demo_layout_door_left_AW_2_seed_126,proposed_nsga2_bs,demo_layout_door_left_AW_2,126,9,auto_from_instance,10,15,3,28,150,,,,,1,1,12,root > V:12 > BH:13 > BV:7 > BV:7 > BV:3 > BV:3 > BH:23 > BH:19 > BH:15 > BH:11 > BH:3 > BH:7,selected,0,inf,True,250,214,36,36.0,1.0,1.0,True,True,1,1,0,True,3,1,0,0,True,True,0,14,8,14,8,1,LS_SS,sampled_pool,,,True,0.6666666666666666,0.5710574096190619,0.33333333333333337,0.1,adaptive,insert_random_aisle,offspring,feasible_start_adaptive_spacing,,,,feasible_start_adaptive_spacing,0.5,,True,auto_from_instance,0.75,0.35,"3,5,6,7,8,11,13,15,16,18,19,22,23,25","3,4,7,8,12,14,16,18",,,,,,"H[3,5,6,7,8,11,13,15,16,18,19,22,23,25]|V[3,4,7,8,12,14,16,18]",eb03952090a874660b7fb214554a0aa56a73029e
proposed_nsga2_bs_demo_layout_door_left_AW_2_seed_126,proposed_nsga2_bs,demo_layout_door_left_AW_2,126,9,auto_from_instance,10,15,3,28,150,,,,,2,1,12,root > V:12 > BH:13 > BV:7 > BV:7 > BV:3 > BV:3 > BH:3 > BH:7 > BH:11 > BH:15 > BH:23 > BV:16,selected,2,inf,True,250,208,42,42.0,1.0,1.0,True,True,1,1,0,True,3,1,0,0,True,True,0,14,8,14,8,1,LS_SS,sampled_pool,,,True,0.6666666666666666,0.5710574096190619,0.33333333333333337,0.1,adaptive,insert_random_aisle,offspring,feasible_start_adaptive_spacing,,,,feasible_start_adaptive_spacing,0.5,,True,auto_from_instance,0.75,0.35,"3,5,6,7,8,11,13,15,16,18,19,22,23,25","3,4,7,8,12,14,16,18",,,,,,"H[3,5,6,7,8,11,13,15,16,18,19,22,23,25]|V[3,4,7,8,12,14,16,18]",00a9d8d47000946aa25bf8cbdb36931d5b5d4b7d
proposed_nsga2_bs_demo_layout_door_left_AW_2_seed_126,proposed_nsga2_bs,demo_layout_door_left_AW_2,126,9,auto_from_instance,10,15,3,28,150,,,,,3,1,12,root > V:12 > BH:13 > BV:7 > BV:7 > BV:3 > BV:3 > BH:23 > BH:19 > BH:15 > BH:11 > BH:3 > BV:16,selected,2,inf,True,250,208,42,42.0,1.0,1.0,True,True,1,1,0,True,3,1,0,0,True,True,0,14,8,14,8,1,LS_SS,sampled_pool,,,True,0.6666666666666666,0.5710574096190619,0.33333333333333337,0.1,adaptive,insert_random_aisle,offspring,feasible_start_adaptive_spacing,,,,feasible_start_adaptive_spacing,0.5,,True,auto_from_instance,0.75,0.35,"3,5,6,7,8,11,13,15,16,18,19,22,23,25","3,4,7,8,12,14,16,18",,,,,,"H[3,5,6,7,8,11,13,15,16,18,19,22,23,25]|V[3,4,7,8,12,14,16,18]",d0525a507710a5664c0df826d850c16891cba894
proposed_nsga2_bs_demo_layout_door_left_AW_2_seed_126,proposed_nsga2_bs,demo_layout_door_left_AW_2,126,9,auto_from_instance,10,15,3,28,150,,,,,4,3,12,root > V:12 > BH:13 > BV:7 > BV:3 > BV:7 > BV:3 > BH:23 > BH:19 > BH:15 > BH:11 > BH:7 > BV:16,selected,0,inf,True,250,214,36,36.0,1.0,1.0,True,True,1,1,0,True,3,1,0,0,True,True,0,16,8,16,8,3,PF,sampled_pool,,,False,0.6666666666666666,0.7502905597063723,0.33333333333333337,0.1,adaptive,spacing_aware_flip,offspring,feasible_start_adaptive_spacing,,,,feasible_start_adaptive_spacing,0.5,,True,auto_from_instance,0.75,0.35,"1,3,5,6,7,8,10,11,13,14,15,18,19,22,23,25","3,4,6,7,12,16,18,20",,,,,,"H[1,3,5,6,7,8,10,11,13,14,15,18,19,22,23,25]|V[3,4,6,7,12,16,18,20]",0fdb9192f0d4acf2b6dd22b4a8e053ab5a7ed4a9
proposed_nsga2_bs_demo_layout_door_left_AW_2_seed_126,proposed_nsga2_bs,demo_layout_door_left_AW_2,126,9,auto_from_instance,10,15,3,28,150,,,,,5,3,12,root > V:12 > BH:13 > BV:7 > BV:3 > BV:7 > BV:3 > BH:23 > BH:19 > BH:15 > BH:11 > BH:6 > BV:16,selected,1,inf,True,252,211,41,41.0,1.0,1.0,True,True,1,1,0,True,3,1,0,0,True,True,0,16,8,16,8,3,PF,sampled_pool,,,False,0.6666666666666666,0.7502905597063723,0.33333333333333337,0.1,adaptive,spacing_aware_flip,offspring,feasible_start_adaptive_spacing,,,,feasible_start_adaptive_spacing,0.5,,True,auto_from_instance,0.75,0.35,"1,3,5,6,7,8,10,11,13,14,15,18,19,22,23,25","3,4,6,7,12,16,18,20",,,,,,"H[1,3,5,6,7,8,10,11,13,14,15,18,19,22,23,25]|V[3,4,6,7,12,16,18,20]",1e51df56ad9655663d1175b2036f4a44cf7e7571
proposed_nsga2_bs_demo_layout_door_left_AW_2_seed_126,proposed_nsga2_bs,demo_layout_door_left_AW_2,126,9,auto_from_instance,10,15,3,28,150,,,,,6,5,8,root > V:16 > BH:13 > BV:7 > BV:7 > BV:12 > BV:12 > BV:3 > BV:3,selected,0,inf,True,266,216,50,50.0,1.0,1.0,True,True,1,1,0,True,3,1,0,0,True,True,0,14,9,14,9,5,PF_LS_RP,sampled_pool,,,False,0.6666666666666666,0.6981816757354016,0.33333333333333337,0.1,adaptive,remove_random_aisle,offspring,feasible_start_adaptive_spacing,,,,feasible_start_adaptive_spacing,0.5,,True,auto_from_instance,0.75,0.35,"3,5,6,7,9,11,13,14,15,18,19,22,23,25","3,6,7,15,16,17,18,20",,,,,,"H[3,5,6,7,9,11,13,14,15,18,19,22,23,25]|V[3,6,7,12,15,16,17,18,20]",63c9c1384eb0d63f6756e5f6c6567bc893aa1bf9
proposed_nsga2_bs_demo_layout_door_left_AW_2_seed_126,proposed_nsga2_bs,demo_layout_door_left_AW_2,126,9,auto_from_instance,10,15,3,28,150,,,,,7,7,12,root > V:12 > BH:13 > BV:7 > BV:7 > BH:22 > BH:14 > BH:6 > BV:16 > BH:18 > BV:3 > BV:3 > BH:10,selected,2,inf,True,252,211,41,53.0,1.0,1.0,True,True,1,1,0,True,3,1,0,0,True,True,0,16,9,16,9,7,SS_PF_LS,sampled_pool,,,True,0.6666666666666666,0.718865529731428,0.33333333333333337,0.1,adaptive,insert_random_aisle,offspring,feasible_start_adaptive_spacing,,,,feasible_start_adaptive_spacing,0.5,,True,auto_from_instance,0.75,0.35,"3,5,6,7,8,10,11,13,14,15,16,18,19,22,23,25","3,4,6,7,12,14,16,18,20",,,,,,"H[3,5,6,7,8,10,11,13,14,15,16,18,19,22,23,25]|V[3,4,6,7,12,14,16,18,20]",cde7e02f65ba0f4bfa087937e60f3ffbcdd2593f
proposed_nsga2_bs_demo_layout_door_left_AW_2_seed_126,proposed_nsga2_bs,demo_layout_door_left_AW_2,126,9,auto_from_instance,10,15,3,28,150,,,,,8,7,12,root > V:12 > BH:13 > BV:7 > BV:7 > BH:22 > BH:14 > BH:6 > BV:16 > BH:18 > BV:3 > BV:3 > BV:16,selected,3,inf,True,252,205,47,59.0,1.0,1.0,True,True,1,1,0,True,3,1,0,0,True,True,0,16,9,16,9,7,SS_PF_LS,sampled_pool,,,True,0.6666666666666666,0.718865529731428,0.33333333333333337,0.1,adaptive,insert_random_aisle,offspring,feasible_start_adaptive_spacing,,,,feasible_start_adaptive_spacing,0.5,,True,auto_from_instance,0.75,0.35,"3,5,6,7,8,10,11,13,14,15,16,18,19,22,23,25","3,4,6,7,12,14,16,18,20",,,,,,"H[3,5,6,7,8,10,11,13,14,15,16,18,19,22,23,25]|V[3,4,6,7,12,14,16,18,20]",7ddefe84595053a41131cfd89ef85cec0712a59e
proposed_nsga2_bs_demo_layout_door_left_AW_2_seed_126,proposed_nsga2_bs,demo_layout_door_left_AW_2,126,9,auto_from_instance,10,15,3,28,150,,,,,9,7,12,root > V:12 > BH:13 > BV:7 > BV:7 > BH:22 > BH:14 > BH:6 > BV:16 > BH:18 > BV:3 > BV:3 > BV:18,selected,4,inf,True,252,199,53,59.0,1.0,1.0,True,True,1,1,0,True,3,1,0,0,True,True,0,16,9,16,9,7,SS_PF_LS,sampled_pool,,,True,0.6666666666666666,0.718865529731428,0.33333333333333337,0.1,adaptive,insert_random_aisle,offspring,feasible_start_adaptive_spacing,,,,feasible_start_adaptive_spacing,0.5,,True,auto_from_instance,0.75,0.35,"3,5,6,7,8,10,11,13,14,15,16,18,19,22,23,25","3,4,6,7,12,14,16,18,20",,,,,,"H[3,5,6,7,8,10,11,13,14,15,16,18,19,22,23,25]|V[3,4,6,7,12,14,16,18,20]",e4262ed5e5362e9632d4b251ebb40eb5f9fd2b40
proposed_nsga2_bs_demo_layout_door_left_AW_2_seed_126,proposed_nsga2_bs,demo_layout_door_left_AW_2,126,9,auto_from_instance,10,15,3,28,150,,,,,10,10,12,root > V:12 > BH:13 > BV:7 > BV:7 > BH:22 > BH:14 > BH:6 > BV:16 > BV:3 > BV:3 > BH:10 > BV:16,selected,3,inf,True,252,205,47,59.0,1.0,1.0,True,True,1,1,0,True,3,1,0,0,True,True,0,15,8,15,8,10,RP_LS,sampled_pool,,,False,0.6666666666666666,0.6331473210084989,0.33333333333333337,0.1,adaptive,break_symmetry,offspring,feasible_start_adaptive_spacing,,,,feasible_start_adaptive_spacing,0.5,,True,auto_from_instance,0.75,0.35,"3,5,6,7,8,10,11,13,14,15,18,19,22,23,25","3,4,6,7,12,16,18,19",,,,,,"H[3,5,6,7,8,10,11,13,14,15,18,19,22,23,25]|V[3,4,6,7,12,16,18,19]",ab31b9ee804bbbf9b9577ac402d3df32d5242d59
proposed_nsga2_bs_demo_layout_door_left_AW_2_seed_126,proposed_nsga2_bs,demo_layout_door_left_AW_2,126,10,auto_from_instance,10,15,3,28,150,,,,,1,1,12,root > V:12 > BH:13 > BV:7 > BV:7 > BH:22 > BH:14 > BH:6 > BV:16 > BH:18 > BH:10 > BV:3 > BV:3,selected,2,inf,True,252,211,41,53.0,1.0,1.0,True,True,1,1,0,True,3,1,0,0,True,True,0,16,9,16,9,1,SS_LS_PF,sampled_pool,,,True,0.7333333333333333,0.7501580643136381,0.2666666666666667,0.1,adaptive,bit_flip,offspring,feasible_start_adaptive_spacing,,,,feasible_start_adaptive_spacing,0.5,,True,auto_from_instance,0.75,0.35,"3,5,6,7,8,10,11,13,14,15,16,18,19,23,25","3,4,6,7,12,14,16,18,20",,,,,,"H[3,5,6,7,8,10,11,13,14,15,16,18,19,22,23,25]|V[3,4,6,7,12,14,16,18,20]",cde7e02f65ba0f4bfa087937e60f3ffbcdd2593f
proposed_nsga2_bs_demo_layout_door_left_AW_2_seed_126,proposed_nsga2_bs,demo_layout_door_left_AW_2,126,10,auto_from_instance,10,15,3,28,150,,,,,2,2,8,root > V:16 > BH:13 > BV:12 > BV:12 > BV:7 > BV:3 > BV:7 > BV:3,selected,0,inf,True,266,216,50,50.0,1.0,1.0,True,True,1,1,0,True,3,1,0,0,True,True,0,14,9,14,9,2,LS,sampled_pool,,,False,0.7333333333333333,0.7155699988719896,0.2666666666666667,0.1,adaptive,swap_segments,offspring,feasible_start_adaptive_spacing,,,,feasible_start_adaptive_spacing,0.5,,True,auto_from_instance,0.75,0.35,"3,5,6,7,9,11,13,14,15,18,19,22,23,25","3,6,7,12,15,16,17,18,20",,,,,,"H[3,5,6,7,9,11,13,14,15,18,19,22,23,25]|V[3,6,7,12,15,16,17,18,20]",63c9c1384eb0d63f6756e5f6c6567bc893aa1bf9
proposed_nsga2_bs_demo_layout_door_left_AW_2_seed_126,proposed_nsga2_bs,demo_layout_door_left_AW_2,126,10,auto_from_instance,10,15,3,28,150,,,,,3,3,13,root > V:14 > BH:13 > BV:7 > BV:7 > BV:3 > BV:3 > BH:3 > BH:7 > BH:11 > BH:15 > BH:19 > BH:25 > BV:18,selected,3,inf,True,262,186,76,100.0,1.0,1.0,True,True,1,1,0,True,3,1,0,0,True,True,0,15,8,15,8,3,LS_PF,sampled_pool,,,False,0.7333333333333333,0.644027585066017,0.2666666666666667,0.1,adaptive,swap_segments,offspring,feasible_start_adaptive_spacing,,,,feasible_start_adaptive_spacing,0.5,,True,auto_from_instance,0.75,0.35,"1,3,5,6,7,9,11,13,14,15,18,19,22,23,25","1,5,7,14,17,18,20",,,,,,"H[1,3,5,6,7,9,11,13,14,15,18,19,22,23,25]|V[1,3,5,7,14,17,18,20]",430ddfa6536c86171c995d396561a1538752a615
proposed_nsga2_bs_demo_layout_door_left_AW_2_seed_126,proposed_nsga2_bs,demo_layout_door_left_AW_2,126,10,auto_from_instance,10,15,3,28,150,,,,,4,4,7,root > V:15 > BH:13 > BV:7 > BV:5 > BV:11 > BV:11 > BV:3,selected,3,inf,True,292,190,102,128.0,1.0,1.0,True,True,1,1,0,True,3,1,0,0,True,True,0,15,12,15,12,4,RP,sampled_pool,,,False,0.7333333333333333,0.6829759322233931,0.2666666666666667,0.1,adaptive,insert_random_aisle,offspring,feasible_start_adaptive_spacing,,,,feasible_start_adaptive_spacing,0.5,,True,auto_from_instance,0.75,0.35,"3,5,6,7,8,10,11,13,14,15,18,19,22,23,25","3,4,5,6,7,12,15,16,17,18,20",,,,,,"H[3,5,6,7,8,10,11,13,14,15,18,19,22,23,25]|V[3,4,5,6,7,11,12,15,16,17,18,20]",33486d296fa513a0e67a344ef0adfe93ff71bff4
proposed_nsga2_bs_demo_layout_door_left_AW_2_seed_126,proposed_nsga2_bs,demo_layout_door_left_AW_2,126,10,auto_from_instance,10,15,3,28,150,,,,,5,4,7,root > V:15 > BH:13 > BV:7 > BV:5 > BV:11 > BV:11 > BV:3,selected,3,inf,True,292,190,102,128.0,1.0,1.0,True,True,1,1,0,True,3,1,0,0,True,True,0,15,12,15,12,4,RP,sampled_pool,,,False,0.7333333333333333,0.6829759322233931,0.2666666666666667,0.1,adaptive,insert_random_aisle,offspring,feasible_start_adaptive_spacing,,,,feasible_start_adaptive_spacing,0.5,,True,auto_from_instance,0.75,0.35,"3,5,6,7,8,10,11,13,14,15,18,19,22,23,25","3,4,5,6,7,12,15,16,17,18,20",,,,,,"H[3,5,6,7,8,10,11,13,14,15,18,19,22,23,25]|V[3,4,5,6,7,11,12,15,16,17,18,20]",40f61919c4da879ac8a409d310000f13e7665a7c
proposed_nsga2_bs_demo_layout_door_left_AW_2_seed_126,proposed_nsga2_bs,demo_layout_door_left_AW_2,126,10,auto_from_instance,10,15,3,28,150,,,,,6,5,12,root > V:12 > BH:13 > BV:7 > BV:7 > BV:3 > BV:3 > BH:23 > BH:19 > BH:15 > BH:11 > BH:3 > BH:7,selected,0,inf,True,250,214,36,36.0,1.0,1.0,True,True,1,1,0,True,3,1,0,0,True,True,0,16,7,16,7,5,PF_RP,sampled_pool,,,False,0.7333333333333333,0.73298284577117,0.2666666666666667,0.1,adaptive,break_symmetry,offspring,feasible_start_adaptive_spacing,,,,feasible_start_adaptive_spacing,0.5,,True,auto_from_instance,0.75,0.35,"1,3,5,6,7,9,11,13,14,16,18,19,22,23,25","3,6,7,12,16,18,20",,,,,,"H[1,3,5,6,7,9,11,13,14,15,16,18,19,22,23,25]|V[3,6,7,12,16,18,20]",eb03952090a874660b7fb214554a0aa56a73029e
proposed_nsga2_bs_demo_layout_door_left_AW_2_seed_126,proposed_nsga2_bs,demo_layout_door_left_AW_2,126,10,auto_from_instance,10,15,3,28,150,,,,,7,5,12,root > V:12 > BH:13 > BV:7 > BV:7 > BV:3 > BV:3 > BH:3 > BH:7 > BH:11 > BH:15 > BH:23 > BV:16,selected,2,inf,True,250,208,42,42.0,1.0,1.0,True,True,1,1,0,True,3,1,0,0,True,True,0,16,7,16,7,5,PF_RP,sampled_pool,,,False,0.7333333333333333,0.73298284577117,0.2666666666666667,0.1,adaptive,break_symmetry,offspring,feasible_start_adaptive_spacing,,,,feasible_start_adaptive_spacing,0.5,,True,auto_from_instance,0.75,0.35,"1,3,5,6,7,9,11,13,14,16,18,19,22,23,25","3,6,7,12,16,18,20",,,,,,"H[1,3,5,6,7,9,11,13,14,15,16,18,19,22,23,25]|V[3,6,7,12,16,18,20]",00a9d8d47000946aa25bf8cbdb36931d5b5d4b7d
proposed_nsga2_bs_demo_layout_door_left_AW_2_seed_126,proposed_nsga2_bs,demo_layout_door_left_AW_2,126,10,auto_from_instance,10,15,3,28,150,,,,,8,5,12,root > V:12 > BH:13 > BV:7 > BV:7 > BV:3 > BV:3 > BH:23 > BH:19 > BH:15 > BH:11 > BH:3 > BV:16,selected,2,inf,True,250,208,42,42.0,1.0,1.0,True,True,1,1,0,True,3,1,0,0,True,True,0,16,7,16,7,5,PF_RP,sampled_pool,,,False,0.7333333333333333,0.73298284577117,0.2666666666666667,0.1,adaptive,break_symmetry,offspring,feasible_start_adaptive_spacing,,,,feasible_start_adaptive_spacing,0.5,,True,auto_from_instance,0.75,0.35,"1,3,5,6,7,9,11,13,14,16,18,19,22,23,25","3,6,7,12,16,18,20",,,,,,"H[1,3,5,6,7,9,11,13,14,15,16,18,19,22,23,25]|V[3,6,7,12,16,18,20]",d0525a507710a5664c0df826d850c16891cba894
proposed_nsga2_bs_demo_layout_door_left_AW_2_seed_126,proposed_nsga2_bs,demo_layout_door_left_AW_2,126,10,auto_from_instance,10,15,3,28,150,,,,,9,9,12,root > V:12 > BH:13 > BV:7 > BV:3 > BV:7 > BV:3 > BH:23 > BH:19 > BH:15 > BH:11 > BH:7 > BV:16,selected,0,inf,True,250,214,36,36.0,1.0,1.0,True,True,1,1,0,True,3,1,0,0,True,True,0,15,8,15,8,9,PF_LS,sampled_pool,,,False,0.7333333333333333,0.7184648243100463,0.2666666666666667,0.1,adaptive,break_symmetry,offspring,feasible_start_adaptive_spacing,,,,feasible_start_adaptive_spacing,0.5,,True,auto_from_instance,0.75,0.35,"3,5,6,7,8,11,13,14,15,16,18,19,22,23,25","3,4,7,8,12,15,16,18",,,,,,"H[3,5,6,7,8,11,13,14,15,16,18,19,22,23,25]|V[3,4,7,8,12,15,16,18]",0fdb9192f0d4acf2b6dd22b4a8e053ab5a7ed4a9
proposed_nsga2_bs_demo_layout_door_left_AW_2_seed_126,proposed_nsga2_bs,demo_layout_door_left_AW_2,126,10,auto_from_instance,10,15,3,28,150,,,,,10,9,12,root > V:12 > BH:13 > BV:7 > BV:3 > BV:7 > BV:3 > BH:23 > BH:19 > BH:15 > BH:11 > BH:6 > BV:16,selected,1,inf,True,252,211,41,41.0,1.0,1.0,True,True,1,1,0,True,3,1,0,0,True,True,0,15,8,15,8,9,PF_LS,sampled_pool,,,False,0.7333333333333333,0.7184648243100463,0.2666666666666667,0.1,adaptive,break_symmetry,offspring,feasible_start_adaptive_spacing,,,,feasible_start_adaptive_spacing,0.5,,True,auto_from_instance,0.75,0.35,"3,5,6,7,8,11,13,14,15,16,18,19,22,23,25","3,4,7,8,12,15,16,18",,,,,,"H[3,5,6,7,8,11,13,14,15,16,18,19,22,23,25]|V[3,4,7,8,12,15,16,18]",1e51df56ad9655663d1175b2036f4a44cf7e7571
proposed_nsga2_bs_demo_layout_door_left_AW_2_seed_126,proposed_nsga2_bs,demo_layout_door_left_AW_2,126,11,auto_from_instance,10,15,3,28,150,,,,,1,1,12,root > V:12 > BH:13 > BV:7 > BV:3 > BV:7 > BV:3 > BH:23 > BH:19 > BH:15 > BH:11 > BH:7 > BH:3,selected,0,inf,True,250,214,36,36.0,1.0,1.0,True,True,1,1,0,True,3,1,0,0,True,True,0,16,8,16,8,1,PF,sampled_pool,,,False,0.8,0.778402359925799,0.19999999999999996,0.1,adaptive,bit_flip,offspring,feasible_start_adaptive_spacing,,,,feasible_start_adaptive_spacing,0.5,,True,auto_from_instance,0.75,0.35,"1,3,5,6,7,9,11,13,14,15,16,18,19,22,23,25","3,4,6,7,12,15,16,18",,,,,,"H[1,3,5,6,7,9,11,13,14,15,16,18,19,22,23,25]|V[3,4,6,7,12,15,16,18]",eb03952090a874660b7fb214554a0aa56a73029e
proposed_nsga2_bs_demo_layout_door_left_AW_2_seed_126,proposed_nsga2_bs,demo_layout_door_left_AW_2,126,11,auto_from_instance,10,15,3,28,150,,,,,2,1,12,root > V:12 > BH:13 > BV:7 > BV:3 > BV:7 > BV:3 > BH:23 > BH:19 > BH:15 > BH:11 > BH:7 > BV:16,selected,0,inf,True,250,214,36,36.0,1.0,1.0,True,True,1,1,0,True,3,1,0,0,True,True,0,16,8,16,8,1,PF,sampled_pool,,,False,0.8,0.778402359925799,0.19999999999999996,0.1,adaptive,bit_flip,offspring,feasible_start_adaptive_spacing,,,,feasible_start_adaptive_spacing,0.5,,True,auto_from_instance,0.75,0.35,"1,3,5,6,7,9,11,13,14,15,16,18,19,22,23,25","3,4,6,7,12,15,16,18",,,,,,"H[1,3,5,6,7,9,11,13,14,15,16,18,19,22,23,25]|V[3,4,6,7,12,15,16,18]",0fdb9192f0d4acf2b6dd22b4a8e053ab5a7ed4a9
proposed_nsga2_bs_demo_layout_door_left_AW_2_seed_126,proposed_nsga2_bs,demo_layout_door_left_AW_2,126,11,auto_from_instance,10,15,3,28,150,,,,,3,1,12,root > V:12 > BH:13 > BV:7 > BV:3 > BV:7 > BV:3 > BH:23 > BH:19 > BH:15 > BH:11 > BH:6 > BV:16,selected,1,inf,True,252,211,41,41.0,1.0,1.0,True,True,1,1,0,True,3,1,0,0,True,True,0,16,8,16,8,1,PF,sampled_pool,,,False,0.8,0.778402359925799,0.19999999999999996,0.1,adaptive,bit_flip,offspring,feasible_start_adaptive_spacing,,,,feasible_start_adaptive_spacing,0.5,,True,auto_from_instance,0.75,0.35,"1,3,5,6,7,9,11,13,14,15,16,18,19,22,23,25","3,4,6,7,12,15,16,18",,,,,,"H[1,3,5,6,7,9,11,13,14,15,16,18,19,22,23,25]|V[3,4,6,7,12,15,16,18]",1e51df56ad9655663d1175b2036f4a44cf7e7571
proposed_nsga2_bs_demo_layout_door_left_AW_2_seed_126,proposed_nsga2_bs,demo_layout_door_left_AW_2,126,11,auto_from_instance,10,15,3,28,150,,,,,4,3,8,root > V:16 > BH:13 > BV:12 > BV:12 > BV:7 > BV:3 > BV:7 > BV:3,selected,0,inf,True,266,216,50,50.0,1.0,1.0,True,True,1,1,0,True,3,1,0,0,True,True,0,16,9,16,9,3,PF_LS,sampled_pool,,,False,0.8,0.8179787300929271,0.19999999999999996,0.1,adaptive,break_symmetry,offspring,feasible_start_adaptive_spacing,,,,feasible_start_adaptive_spacing,0.5,,True,auto_from_instance,0.75,0.35,"1,3,5,6,7,9,11,13,14,15,16,18,19,22,23,25","3,6,7,12,15,16,17,19,20",,,,,,"H[1,3,5,6,7,9,11,13,14,15,16,18,19,22,23,25]|V[3,6,7,12,15,16,17,19,20]",63c9c1384eb0d63f6756e5f6c6567bc893aa1bf9
proposed_nsga2_bs_demo_layout_door_left_AW_2_seed_126,proposed_nsga2_bs,demo_layout_door_left_AW_2,126,11,auto_from_instance,10,15,3,28,150,,,,,5,5,12,root > V:12 > BH:13 > BV:7 > BV:7 > BH:22 > BH:14 > BH:6 > BV:16 > BH:18 > BH:10 > BV:3 > BV:3,selected,2,inf,True,252,211,41,53.0,1.0,1.0,True,True,1,1,0,True,3,1,0,0,True,True,0,17,8,17,8,5,SS_PF_LS,sampled_pool,,,True,0.8,0.799012934313754,0.19999999999999996,0.1,adaptive,spacing_aware_flip,offspring,feasible_start_adaptive_spacing,,,,feasible_start_adaptive_spacing,0.5,,True,auto_from_instance,0.75,0.35,"0,3,5,6,7,9,11,13,14,15,16,18,19,22,23,25","3,4,7,8,12,15,16,18",,,,,,"H[0,3,5,6,7,9,10,11,13,14,15,16,18,19,22,23,25]|V[3,4,7,8,12,15,16,18]",cde7e02f65ba0f4bfa087937e60f3ffbcdd2593f
proposed_nsga2_bs_demo_layout_door_left_AW_2_seed_126,proposed_nsga2_bs,demo_layout_door_left_AW_2,126,11,auto_from_instance,10,15,3,28,150,,,,,6,8,12,root > V:12 > BH:13 > BV:7 > BV:7 > BV:3 > BV:3 > BH:3 > BH:7 > BH:11 > BH:15 > BH:23 > BV:16,selected,2,inf,True,250,208,42,42.0,1.0,1.0,True,True,1,1,0,True,3,1,0,0,True,True,0,17,8,17,8,8,PF_SS_RP,sampled_pool,,,True,0.8,0.7271914990738295,0.19999999999999996,0.1,adaptive,break_symmetry,offspring,feasible_start_adaptive_spacing,,,,feasible_start_adaptive_spacing,0.5,,True,auto_from_instance,0.75,0.35,"1,3,5,6,7,8,11,13,14,15,16,18,19,22,24,25","3,6,7,8,12,16,18,20",,,,,,"H[1,3,5,6,7,8,11,13,14,15,16,18,19,22,23,24,25]|V[3,6,7,8,12,16,18,20]",00a9d8d47000946aa25bf8cbdb36931d5b5d4b7d
proposed_nsga2_bs_demo_layout_door_left_AW_2_seed_126,proposed_nsga2_bs,demo_layout_door_left_AW_2,126,11,auto_from_instance,10,15,3,28,150,,,,,7,8,12,root > V:12 > BH:13 > BV:7 > BV:7 > BV:3 > BV:3 > BH:23 > BH:19 > BH:15 > BH:11 > BH:3 > BV:16,selected,2,inf,True,250,208,42,42.0,1.0,1.0,True,True,1,1,0,True,3,1,0,0,True,True,0,17,8,17,8,8,PF_SS_RP,sampled_pool,,,True,0.8,0.7271914990738295,0.19999999999999996,0.1,adaptive,break_symmetry,offspring,feasible_start_adaptive_spacing,,,,feasible_start_adaptive_spacing,0.5,,True,auto_from_instance,0.75,0.35,"1,3,5,6,7,8,11,13,14,15,16,18,19,22,24,25","3,6,7,8,12,16,18,20",,,,,,"H[1,3,5,6,7,8,11,13,14,15,16,18,19,22,23,24,25]|V[3,6,7,8,12,16,18,20]",d0525a507710a5664c0df826d850c16891cba894
proposed_nsga2_bs_demo_layout_door_left_AW_2_seed_126,proposed_nsga2_bs,demo_layout_door_left_AW_2,126,12,auto_from_instance,10,15,3,28,150,,,,,1,1,12,root > V:12 > BH:13 > BV:7 > BV:3 > BV:7 > BV:3 > BH:23 > BH:19 > BH:15 > BH:11 > BH:7 > BH:3,selected,0,inf,True,250,214,36,36.0,1.0,1.0,True,True,1,1,0,True,3,1,0,0,True,True,0,17,7,17,7,1,LS_PF,sampled_pool,,,False,0.8666666666666667,0.97366251215432,0.1333333333333333,0.1,adaptive,insert_random_aisle,offspring,feasible_start_adaptive_spacing,,,,feasible_start_adaptive_spacing,0.5,,True,auto_from_instance,0.75,0.35,"1,3,5,6,7,8,9,11,13,14,15,16,18,19,22,23,25","3,6,7,12,15,16,18",,,,,,"H[1,3,5,6,7,8,9,11,13,14,15,16,18,19,22,23,25]|V[3,6,7,12,15,16,18]",eb03952090a874660b7fb214554a0aa56a73029e
proposed_nsga2_bs_demo_layout_door_left_AW_2_seed_126,proposed_nsga2_bs,demo_layout_door_left_AW_2,126,12,auto_from_instance,10,15,3,28,150,,,,,2,1,12,root > V:12 > BH:13 > BV:7 > BV:3 > BV:7 > BV:3 > BH:23 > BH:19 > BH:15 > BH:11 > BH:7 > BV:16,selected,0,2.3685064935064934,True,250,214,36,36.0,1.0,1.0,True,True,1,1,0,True,3,1,0,0,True,True,0,17,7,17,7,1,LS_PF,sampled_pool,,,False,0.8666666666666667,0.97366251215432,0.1333333333333333,0.1,adaptive,insert_random_aisle,offspring,feasible_start_adaptive_spacing,,,,feasible_start_adaptive_spacing,0.5,,True,auto_from_instance,0.75,0.35,"1,3,5,6,7,8,9,11,13,14,15,16,18,19,22,23,25","3,6,7,12,15,16,18",,,,,,"H[1,3,5,6,7,8,9,11,13,14,15,16,18,19,22,23,25]|V[3,6,7,12,15,16,18]",0fdb9192f0d4acf2b6dd22b4a8e053ab5a7ed4a9
proposed_nsga2_bs_demo_layout_door_left_AW_2_seed_126,proposed_nsga2_bs,demo_layout_door_left_AW_2,126,12,auto_from_instance,10,15,3,28,150,,,,,3,1,12,root > V:12 > BH:13 > BV:7 > BV:3 > BV:7 > BV:3 > BH:23 > BH:19 > BH:15 > BH:11 > BH:6 > BV:16,selected,1,inf,True,252,211,41,41.0,1.0,1.0,True,True,1,1,0,True,3,1,0,0,True,True,0,17,7,17,7,1,LS_PF,sampled_pool,,,False,0.8666666666666667,0.97366251215432,0.1333333333333333,0.1,adaptive,insert_random_aisle,offspring,feasible_start_adaptive_spacing,,,,feasible_start_adaptive_spacing,0.5,,True,auto_from_instance,0.75,0.35,"1,3,5,6,7,8,9,11,13,14,15,16,18,19,22,23,25","3,6,7,12,15,16,18",,,,,,"H[1,3,5,6,7,8,9,11,13,14,15,16,18,19,22,23,25]|V[3,6,7,12,15,16,18]",1e51df56ad9655663d1175b2036f4a44cf7e7571
proposed_nsga2_bs_demo_layout_door_left_AW_2_seed_126,proposed_nsga2_bs,demo_layout_door_left_AW_2,126,12,auto_from_instance,10,15,3,28,150,,,,,4,2,12,root > V:13 > BH:13 > BV:7 > BV:7 > BV:3 > BV:3 > BH:23 > BH:19 > BH:15 > BH:11 > BH:7 > BH:3,selected,0,inf,True,260,202,58,34.0,1.0,1.0,True,True,1,1,0,True,3,1,0,0,True,True,0,16,10,16,10,2,LS_RP,sampled_pool,,,False,0.8666666666666667,0.8987297542284984,0.1333333333333333,0.1,adaptive,swap_segments,offspring,feasible_start_adaptive_spacing,,,,feasible_start_adaptive_spacing,0.5,,True,auto_from_instance,0.75,0.35,"1,3,5,6,7,9,11,13,14,15,16,18,19,22,23,25","3,4,6,7,11,13,14,15,16,18",,,,,,"H[1,3,5,6,7,9,11,13,14,15,16,18,19,22,23,25]|V[3,4,6,7,11,13,14,15,16,18]",146759e3ef785e80ae78bd95708e7576b0df1241
proposed_nsga2_bs_demo_layout_door_left_AW_2_seed_126,proposed_nsga2_bs,demo_layout_door_left_AW_2,126,12,auto_from_instance,10,15,3,28,150,,,,,5,2,12,root > V:13 > BH:13 > BV:7 > BV:7 > BV:3 > BV:3 > BH:3 > BH:7 > BH:11 > BH:15 > BH:19 > BH:25,selected,1,inf,True,260,197,63,34.0,1.0,1.0,True,True,1,1,0,True,3,1,0,0,True,True,0,16,10,16,10,2,LS_RP,sampled_pool,,,False,0.8666666666666667,0.8987297542284984,0.1333333333333333,0.1,adaptive,swap_segments,offspring,feasible_start_adaptive_spacing,,,,feasible_start_adaptive_spacing,0.5,,True,auto_from_instance,0.75,0.35,"1,3,5,6,7,9,11,13,14,15,16,18,19,22,23,25","3,4,6,7,11,13,14,15,16,18",,,,,,"H[1,3,5,6,7,9,11,13,14,15,16,18,19,22,23,25]|V[3,4,6,7,11,13,14,15,16,18]",4317ed1efabe31038ca0b969ea3e4e750cdf03f2
proposed_nsga2_bs_demo_layout_door_left_AW_2_seed_126,proposed_nsga2_bs,demo_layout_door_left_AW_2,126,12,auto_from_instance,10,15,3,28,150,,,,,6,3,12,root > V:12 > BH:13 > BV:7 > BV:7 > BH:22 > BH:14 > BH:6 > BV:16 > BH:18 > BH:10 > BV:3 > BV:3,selected,2,inf,True,252,211,41,53.0,1.0,1.0,True,True,1,1,0,True,3,1,0,0,True,True,0,17,7,17,7,3,SS,sampled_pool,,,True,0.8666666666666667,0.8580258034654514,0.1333333333333333,0.1,adaptive,break_symmetry,offspring,feasible_start_adaptive_spacing,,,,feasible_start_adaptive_spacing,0.5,,True,auto_from_instance,0.75,0.35,"1,3,5,6,7,9,11,13,14,15,16,18,19,22,24,25","3,6,7,12,15,16,18",,,,,,"H[1,3,5,6,7,9,10,11,13,14,15,16,18,19,22,24,25]|V[3,6,7,12,15,16,18]",cde7e02f65ba0f4bfa087937e60f3ffbcdd2593f
proposed_nsga2_bs_demo_layout_door_left_AW_2_seed_126,proposed_nsga2_bs,demo_layout_door_left_AW_2,126,12,auto_from_instance,10,15,3,28,150,,,,,7,5,12,root > V:12 > BH:13 > BV:7 > BV:7 > BV:3 > BV:3 > BH:3 > BH:7 > BH:11 > BH:15 > BH:23 > BV:16,selected,2,inf,True,250,208,42,42.0,1.0,1.0,True,True,1,1,0,True,3,1,0,0,True,True,0,16,7,16,7,5,PF_RP,sampled_pool,,,False,0.8666666666666667,0.8818625796101828,0.1333333333333333,0.1,adaptive,remove_random_aisle,offspring,feasible_start_adaptive_spacing,,,,feasible_start_adaptive_spacing,0.5,,True,auto_from_instance,0.75,0.35,"1,3,5,6,7,9,11,14,15,16,18,19,22,23,25","3,6,7,12,15,16,18",,,,,,"H[1,3,5,6,7,9,11,13,14,15,16,18,19,22,23,25]|V[3,6,7,12,15,16,18]",00a9d8d47000946aa25bf8cbdb36931d5b5d4b7d
proposed_nsga2_bs_demo_layout_door_left_AW_2_seed_126,proposed_nsga2_bs,demo_layout_door_left_AW_2,126,12,auto_from_instance,10,15,3,28,150,,,,,8,5,12,root > V:12 > BH:13 > BV:7 > BV:7 > BV:3 > BV:3 > BH:23 > BH:19 > BH:15 > BH:11 > BH:3 > BV:16,selected,2,inf,True,250,208,42,42.0,1.0,1.0,True,True,1,1,0,True,3,1,0,0,True,True,0,16,7,16,7,5,PF_RP,sampled_pool,,,False,0.8666666666666667,0.8818625796101828,0.1333333333333333,0.1,adaptive,remove_random_aisle,offspring,feasible_start_adaptive_spacing,,,,feasible_start_adaptive_spacing,0.5,,True,auto_from_instance,0.75,0.35,"1,3,5,6,7,9,11,14,15,16,18,19,22,23,25","3,6,7,12,15,16,18",,,,,,"H[1,3,5,6,7,9,11,13,14,15,16,18,19,22,23,25]|V[3,6,7,12,15,16,18]",d0525a507710a5664c0df826d850c16891cba894
proposed_nsga2_bs_demo_layout_door_left_AW_2_seed_126,proposed_nsga2_bs,demo_layout_door_left_AW_2,126,12,auto_from_instance,10,15,3,28,150,,,,,9,10,8,root > V:16 > BH:13 > BV:12 > BV:12 > BV:7 > BV:3 > BV:7 > BV:3,selected,0,inf,True,266,216,50,50.0,1.0,1.0,True,True,1,1,0,True,3,1,0,0,True,True,0,16,10,16,10,10,LS,sampled_pool,,,False,0.8666666666666667,0.8711476072155173,0.1333333333333333,0.1,adaptive,bit_flip,offspring,feasible_start_adaptive_spacing,,,,feasible_start_adaptive_spacing,0.5,,True,auto_from_instance,0.75,0.35,"1,3,5,6,7,9,11,13,14,15,16,18,19,22,23,25","3,6,7,10,12,15,16,18,19,20",,,,,,"H[1,3,5,6,7,9,11,13,14,15,16,18,19,22,23,25]|V[3,6,7,10,12,15,16,18,19,20]",63c9c1384eb0d63f6756e5f6c6567bc893aa1bf9
proposed_nsga2_bs_demo_layout_door_left_AW_2_seed_126,proposed_nsga2_bs,demo_layout_door_left_AW_2,126,13,auto_from_instance,10,15,3,28,150,,,,,1,1,12,root > V:12 > BH:13 > BV:7 > BV:7 > BH:22 > BH:14 > BH:6 > BV:16 > BH:18 > BH:10 > BV:3 > BV:3,selected,2,inf,True,252,211,41,53.0,1.0,1.0,True,True,1,1,0,True,3,1,0,0,True,True,0,17,9,17,9,1,SS,sampled_pool,,,True,0.9333333333333333,0.8287289320434185,0.1,0.1,adaptive,break_symmetry,offspring,feasible_start_adaptive_spacing,,,,feasible_start_adaptive_spacing,0.5,,True,auto_from_instance,0.75,0.35,"1,3,5,6,7,9,11,13,14,15,16,18,19,22,23,25","3,5,7,12,15,16,18,19,20",,,,,,"H[1,3,5,6,7,9,10,11,13,14,15,16,18,19,22,23,25]|V[3,5,7,12,15,16,18,19,20]",cde7e02f65ba0f4bfa087937e60f3ffbcdd2593f
proposed_nsga2_bs_demo_layout_door_left_AW_2_seed_126,proposed_nsga2_bs,demo_layout_door_left_AW_2,126,13,auto_from_instance,10,15,3,28,150,,,,,2,2,12,root > V:12 > BH:13 > BV:7 > BV:7 > BV:3 > BV:3 > BH:23 > BH:19 > BH:15 > BH:11 > BH:3 > BH:7,selected,0,inf,True,250,214,36,36.0,1.0,1.0,True,True,1,1,0,True,3,1,0,0,True,True,0,17,9,17,9,2,PF_SS,sampled_pool,,,True,0.9333333333333333,0.9068997782616322,0.1,0.1,adaptive,swap_segments,offspring,feasible_start_adaptive_spacing,,,,feasible_start_adaptive_spacing,0.5,,True,auto_from_instance,0.75,0.35,"1,3,5,6,7,8,9,11,13,14,15,16,18,19,22,23,25","3,6,10,12,15,16,18,20",,,,,,"H[1,3,5,6,7,8,9,11,13,14,15,16,18,19,22,23,25]|V[3,6,7,10,12,15,16,18,20]",eb03952090a874660b7fb214554a0aa56a73029e
proposed_nsga2_bs_demo_layout_door_left_AW_2_seed_126,proposed_nsga2_bs,demo_layout_door_left_AW_2,126,13,auto_from_instance,10,15,3,28,150,,,,,3,2,12,root > V:12 > BH:13 > BV:7 > BV:7 > BV:3 > BV:3 > BH:3 > BH:7 > BH:11 > BH:15 > BH:23 > BV:16,selected,2,inf,True,250,208,42,42.0,1.0,1.0,True,True,1,1,0,True,3,1,0,0,True,True,0,17,9,17,9,2,PF_SS,sampled_pool,,,True,0.9333333333333333,0.9068997782616322,0.1,0.1,adaptive,swap_segments,offspring,feasible_start_adaptive_spacing,,,,feasible_start_adaptive_spacing,0.5,,True,auto_from_instance,0.75,0.35,"1,3,5,6,7,8,9,11,13,14,15,16,18,19,22,23,25","3,6,10,12,15,16,18,20",,,,,,"H[1,3,5,6,7,8,9,11,13,14,15,16,18,19,22,23,25]|V[3,6,7,10,12,15,16,18,20]",00a9d8d47000946aa25bf8cbdb36931d5b5d4b7d
proposed_nsga2_bs_demo_layout_door_left_AW_2_seed_126,proposed_nsga2_bs,demo_layout_door_left_AW_2,126,13,auto_from_instance,10,15,3,28,150,,,,,4,2,12,root > V:12 > BH:13 > BV:7 > BV:7 > BV:3 > BV:3 > BH:23 > BH:19 > BH:15 > BH:11 > BH:3 > BV:16,selected,2,inf,True,250,208,42,42.0,1.0,1.0,True,True,1,1,0,True,3,1,0,0,True,True,0,17,9,17,9,2,PF_SS,sampled_pool,,,True,0.9333333333333333,0.9068997782616322,0.1,0.1,adaptive,swap_segments,offspring,feasible_start_adaptive_spacing,,,,feasible_start_adaptive_spacing,0.5,,True,auto_from_instance,0.75,0.35,"1,3,5,6,7,8,9,11,13,14,15,16,18,19,22,23,25","3,6,10,12,15,16,18,20",,,,,,"H[1,3,5,6,7,8,9,11,13,14,15,16,18,19,22,23,25]|V[3,6,7,10,12,15,16,18,20]",d0525a507710a5664c0df826d850c16891cba894
proposed_nsga2_bs_demo_layout_door_left_AW_2_seed_126,proposed_nsga2_bs,demo_layout_door_left_AW_2,126,13,auto_from_instance,10,15,3,28,150,,,,,5,3,8,root > V:16 > BH:13 > BV:12 > BV:12 > BV:7 > BV:3 > BV:7 > BV:3,selected,0,inf,True,266,216,50,50.0,1.0,1.0,True,True,1,1,0,True,3,1,0,0,True,True,0,18,11,18,11,3,PF_LS,sampled_pool,,,False,0.9333333333333333,0.8604638905529134,0.1,0.1,adaptive,insert_random_aisle,offspring,feasible_start_adaptive_spacing,,,,feasible_start_adaptive_spacing,0.5,,True,auto_from_instance,0.75,0.35,"1,3,5,6,7,8,9,11,13,14,15,16,18,19,21,22,23,25","3,4,6,7,11,13,14,15,16,18",,,,,,"H[1,3,5,6,7,8,9,11,13,14,15,16,18,19,21,22,23,25]|V[3,4,6,7,11,12,13,14,15,16,18]",63c9c1384eb0d63f6756e5f6c6567bc893aa1bf9
proposed_nsga2_bs_demo_layout_door_left_AW_2_seed_126,proposed_nsga2_bs,demo_layout_door_left_AW_2,126,13,auto_from_instance,10,15,3,28,150,,,,,6,4,12,root > V:12 > BH:13 > BV:7 > BV:3 > BV:7 > BV:3 > BH:23 > BH:19 > BH:15 > BH:11 > BH:7 > BV:16,selected,0,inf,True,250,214,36,36.0,1.0,1.0,True,True,1,1,0,True,3,1,0,0,True,True,0,16,6,16,6,4,LS_PF,sampled_pool,,,False,0.9333333333333333,0.9779758146241061,0.1,0.1,adaptive,remove_random_aisle,offspring,feasible_start_adaptive_spacing,,,,feasible_start_adaptive_spacing,0.5,,True,auto_from_instance,0.75,0.35,"1,3,5,6,7,9,11,13,14,15,16,18,19,22,23,25","3,7,12,15,16,18",,,,,,"H[1,3,5,6,7,9,11,13,14,15,16,18,19,22,23,25]|V[3,7,12,15,16,18]",0fdb9192f0d4acf2b6dd22b4a8e053ab5a7ed4a9
proposed_nsga2_bs_demo_layout_door_left_AW_2_seed_126,proposed_nsga2_bs,demo_layout_door_left_AW_2,126,13,auto_from_instance,10,15,3,28,150,,,,,7,4,12,root > V:12 > BH:13 > BV:7 > BV:3 > BV:7 > BV:3 > BH:23 > BH:19 > BH:15 > BH:11 > BH:6 > BV:16,selected,1,inf,True,252,211,41,41.0,1.0,1.0,True,True,1,1,0,True,3,1,0,0,True,True,0,16,6,16,6,4,LS_PF,sampled_pool,,,False,0.9333333333333333,0.9779758146241061,0.1,0.1,adaptive,remove_random_aisle,offspring,feasible_start_adaptive_spacing,,,,feasible_start_adaptive_spacing,0.5,,True,auto_from_instance,0.75,0.35,"1,3,5,6,7,9,11,13,14,15,16,18,19,22,23,25","3,7,12,15,16,18",,,,,,"H[1,3,5,6,7,9,11,13,14,15,16,18,19,22,23,25]|V[3,7,12,15,16,18]",1e51df56ad9655663d1175b2036f4a44cf7e7571
proposed_nsga2_bs_demo_layout_door_left_AW_2_seed_126,proposed_nsga2_bs,demo_layout_door_left_AW_2,126,13,auto_from_instance,10,15,3,28,150,,,,,8,9,8,root > V:15 > BH:13 > BV:7 > BV:7 > BV:3 > BV:3 > BV:11 > BV:11,selected,1,inf,True,268,214,54,104.0,1.0,1.0,True,True,1,1,0,True,3,1,0,0,True,True,0,16,10,16,10,9,LS_PF,sampled_pool,,,False,0.9333333333333333,0.9839638509150057,0.1,0.1,adaptive,break_symmetry,offspring,feasible_start_adaptive_spacing,,,,feasible_start_adaptive_spacing,0.5,,True,auto_from_instance,0.75,0.35,"1,3,5,6,7,9,11,13,14,15,16,18,19,22,23,25","3,4,6,7,11,13,14,15,17,18",,,,,,"H[1,3,5,6,7,9,11,13,14,15,16,18,19,22,23,25]|V[3,4,6,7,11,13,14,15,17,18]",81347b9f72276c28618e0af7b5d4aafe7ae7ee4f
proposed_nsga2_bs_demo_layout_door_left_AW_2_seed_126,proposed_nsga2_bs,demo_layout_door_left_AW_2,126,14,auto_from_instance,10,15,3,28,150,,,,,1,1,12,root > V:13 > BH:13 > BV:7 > BV:7 > BH:4 > BH:11 > BH:18 > BH:23 > BV:3 > BV:3 > BV:18 > BV:18,selected,4,inf,True,260,182,78,64.0,1.0,1.0,True,True,1,1,0,True,3,1,0,0,True,True,0,19,12,19,12,1,RP,sampled_pool,,,False,1.0,0.9448590945213317,0.1,0.1,adaptive,insert_random_aisle,offspring,feasible_start_adaptive_spacing,,,,feasible_start_adaptive_spacing,0.5,,True,auto_from_instance,0.75,0.35,"1,3,5,6,7,8,9,11,13,14,15,16,18,19,21,22,23,25","3,4,6,7,8,10,12,13,14,15,16,18",,,,,,"H[1,3,4,5,6,7,8,9,11,13,14,15,16,18,19,21,22,23,25]|V[3,4,6,7,8,10,12,13,14,15,16,18]",57fd8590a61771e01e2c54ca649525ee9931aa30
proposed_nsga2_bs_demo_layout_door_left_AW_2_seed_126,proposed_nsga2_bs,demo_layout_door_left_AW_2,126,14,auto_from_instance,10,15,3,28,150,,,,,2,1,12,root > V:13 > BH:13 > BV:7 > BV:7 > BH:22 > BH:15 > BH:8 > BH:3 > BV:3 > BV:3 > BV:18 > BV:18,evaluated,4,inf,False,260,182,78,64.0,1.0,1.0,True,True,1,1,0,True,3,1,0,0,True,True,0,18,12,18,12,1,RP,sampled_pool,,,False,1.0,0.9448590945213317,0.1,0.1,adaptive,insert_random_aisle,offspring,feasible_start_adaptive_spacing,,,,feasible_start_adaptive_spacing,0.5,,True,auto_from_instance,0.75,0.35,"1,3,5,6,7,8,9,11,13,14,15,16,18,19,21,22,23,25","3,4,6,7,8,10,12,13,14,15,16,18",,,,,,"H[1,3,5,6,7,8,9,11,13,14,15,16,18,19,21,22,23,25]|V[3,4,6,7,8,10,12,13,14,15,16,18]",80cfb0efa6f9ad16c96fad6ab54ea16f8ecefb75
proposed_nsga2_bs_demo_layout_door_left_AW_2_seed_126,proposed_nsga2_bs,demo_layout_door_left_AW_2,126,14,auto_from_instance,10,15,3,28,150,,,,,3,2,12,root > V:12 > BH:13 > BV:7 > BV:3 > BV:7 > BV:3 > BH:23 > BH:19 > BH:15 > BH:11 > BH:7 > BH:3,selected,0,inf,True,250,214,36,36.0,1.0,1.0,True,True,1,1,0,True,3,1,0,0,True,True,0,17,9,17,9,2,LS_PF,sampled_pool,,,False,1.0,1.0,0.1,0.1,adaptive,remove_random_aisle,offspring,feasible_start_adaptive_spacing,,,,feasible_start_adaptive_spacing,0.5,,True,auto_from_instance,0.75,0.35,"1,3,5,6,7,8,9,11,13,14,15,16,18,19,22,23,25","6,7,11,12,15,16,18,20",,,,,,"H[1,3,5,6,7,8,9,11,13,14,15,16,18,19,22,23,25]|V[3,6,7,11,12,15,16,18,20]",eb03952090a874660b7fb214554a0aa56a73029e
proposed_nsga2_bs_demo_layout_door_left_AW_2_seed_126,proposed_nsga2_bs,demo_layout_door_left_AW_2,126,14,auto_from_instance,10,15,3,28,150,,,,,4,2,12,root > V:12 > BH:13 > BV:7 > BV:3 > BV:7 > BV:3 > BH:23 > BH:19 > BH:15 > BH:11 > BH:7 > BV:16,selected,0,inf,True,250,214,36,36.0,1.0,1.0,True,True,1,1,0,True,3,1,0,0,True,True,0,17,9,17,9,2,LS_PF,sampled_pool,,,False,1.0,1.0,0.1,0.1,adaptive,remove_random_aisle,offspring,feasible_start_adaptive_spacing,,,,feasible_start_adaptive_spacing,0.5,,True,auto_from_instance,0.75,0.35,"1,3,5,6,7,8,9,11,13,14,15,16,18,19,22,23,25","6,7,11,12,15,16,18,20",,,,,,"H[1,3,5,6,7,8,9,11,13,14,15,16,18,19,22,23,25]|V[3,6,7,11,12,15,16,18,20]",0fdb9192f0d4acf2b6dd22b4a8e053ab5a7ed4a9
proposed_nsga2_bs_demo_layout_door_left_AW_2_seed_126,proposed_nsga2_bs,demo_layout_door_left_AW_2,126,14,auto_from_instance,10,15,3,28,150,,,,,5,2,12,root > V:12 > BH:13 > BV:7 > BV:3 > BV:7 > BV:3 > BH:23 > BH:19 > BH:15 > BH:11 > BH:6 > BV:16,selected,1,inf,True,252,211,41,41.0,1.0,1.0,True,True,1,1,0,True,3,1,0,0,True,True,0,17,9,17,9,2,LS_PF,sampled_pool,,,False,1.0,1.0,0.1,0.1,adaptive,remove_random_aisle,offspring,feasible_start_adaptive_spacing,,,,feasible_start_adaptive_spacing,0.5,,True,auto_from_instance,0.75,0.35,"1,3,5,6,7,8,9,11,13,14,15,16,18,19,22,23,25","6,7,11,12,15,16,18,20",,,,,,"H[1,3,5,6,7,8,9,11,13,14,15,16,18,19,22,23,25]|V[3,6,7,11,12,15,16,18,20]",1e51df56ad9655663d1175b2036f4a44cf7e7571
proposed_nsga2_bs_demo_layout_door_left_AW_2_seed_126,proposed_nsga2_bs,demo_layout_door_left_AW_2,126,14,auto_from_instance,10,15,3,28,150,,,,,6,4,12,root > V:12 > BH:13 > BV:7 > BV:7 > BH:22 > BH:14 > BH:6 > BV:16 > BV:3 > BV:3 > BH:18 > BH:10,selected,2,inf,True,252,211,41,53.0,1.0,1.0,True,True,1,1,0,True,3,1,0,0,True,True,0,18,7,18,7,4,RP_LS,sampled_pool,,,False,1.0,0.9239657276239023,0.1,0.1,adaptive,remove_random_aisle,offspring,feasible_start_adaptive_spacing,,,,feasible_start_adaptive_spacing,0.5,,True,auto_from_instance,0.75,0.35,"1,3,5,6,7,8,9,11,13,14,15,16,18,19,22,23,25","3,7,12,15,18,20",,,,,,"H[1,3,5,6,7,8,9,10,11,13,14,15,16,18,19,22,23,25]|V[3,7,12,15,16,18,20]",cde7e02f65ba0f4bfa087937e60f3ffbcdd2593f
proposed_nsga2_bs_demo_layout_door_left_AW_2_seed_126,proposed_nsga2_bs,demo_layout_door_left_AW_2,126,14,auto_from_instance,10,15,3,28,150,,,,,7,4,12,root > V:12 > BH:13 > BV:7 > BV:7 > BH:22 > BH:14 > BH:6 > BV:16 > BV:3 > BV:3 > BH:10 > BV:16,selected,3,inf,True,252,205,47,59.0,1.0,1.0,True,True,1,1,0,True,3,1,0,0,True,True,0,18,7,18,7,4,RP_LS,sampled_pool,,,False,1.0,0.9239657276239023,0.1,0.1,adaptive,remove_random_aisle,offspring,feasible_start_adaptive_spacing,,,,feasible_start_adaptive_spacing,0.5,,True,auto_from_instance,0.75,0.35,"1,3,5,6,7,8,9,11,13,14,15,16,18,19,22,23,25","3,7,12,15,18,20",,,,,,"H[1,3,5,6,7,8,9,10,11,13,14,15,16,18,19,22,23,25]|V[3,7,12,15,16,18,20]",ab31b9ee804bbbf9b9577ac402d3df32d5242d59
proposed_nsga2_bs_demo_layout_door_left_AW_2_seed_126,proposed_nsga2_bs,demo_layout_door_left_AW_2,126,14,auto_from_instance,10,15,3,28,150,,,,,8,4,12,root > V:12 > BH:13 > BV:7 > BV:7 > BH:22 > BH:14 > BH:6 > BV:16 > BV:3 > BV:3 > BH:18 > BV:16,selected,3,inf,True,252,205,47,59.0,1.0,1.0,True,True,1,1,0,True,3,1,0,0,True,True,0,17,7,17,7,4,RP_LS,sampled_pool,,,False,1.0,0.9239657276239023,0.1,0.1,adaptive,remove_random_aisle,offspring,feasible_start_adaptive_spacing,,,,feasible_start_adaptive_spacing,0.5,,True,auto_from_instance,0.75,0.35,"1,3,5,6,7,8,9,11,13,14,15,16,18,19,22,23,25","3,7,12,15,18,20",,,,,,"H[1,3,5,6,7,8,9,11,13,14,15,16,18,19,22,23,25]|V[3,7,12,15,16,18,20]",7ddefe84595053a41131cfd89ef85cec0712a59e
proposed_nsga2_bs_demo_layout_door_left_AW_2_seed_126,proposed_nsga2_bs,demo_layout_door_left_AW_2,126,14,auto_from_instance,10,15,3,28,150,,,,,9,5,7,root > V:15 > BH:13 > BV:7 > BV:5 > BV:11 > BV:3 > BV:11,evaluated,4,inf,False,292,190,102,128.0,1.0,1.0,True,True,1,1,0,True,3,1,0,0,True,True,0,16,11,16,11,5,RP_LS,sampled_pool,,,False,1.0,1.0,0.1,0.1,adaptive,bit_flip,offspring,feasible_start_adaptive_spacing,,,,feasible_start_adaptive_spacing,0.5,,True,auto_from_instance,0.75,0.35,"1,3,5,6,7,9,11,13,14,15,16,18,19,22,23,25","3,4,6,7,11,15,16,17,18,20",,,,,,"H[1,3,5,6,7,9,11,13,14,15,16,18,19,22,23,25]|V[3,4,5,6,7,11,15,16,17,18,20]",33486d296fa513a0e67a344ef0adfe93ff71bff4
proposed_nsga2_bs_demo_layout_door_left_AW_2_seed_126,proposed_nsga2_bs,demo_layout_door_left_AW_2,126,14,auto_from_instance,10,15,3,28,150,,,,,10,5,7,root > V:15 > BH:13 > BV:7 > BV:5 > BV:11 > BV:3 > BV:11,evaluated,4,inf,False,292,190,102,128.0,1.0,1.0,True,True,1,1,0,True,3,1,0,0,True,True,0,16,11,16,11,5,RP_LS,sampled_pool,,,False,1.0,1.0,0.1,0.1,adaptive,bit_flip,offspring,feasible_start_adaptive_spacing,,,,feasible_start_adaptive_spacing,0.5,,True,auto_from_instance,0.75,0.35,"1,3,5,6,7,9,11,13,14,15,16,18,19,22,23,25","3,4,6,7,11,15,16,17,18,20",,,,,,"H[1,3,5,6,7,9,11,13,14,15,16,18,19,22,23,25]|V[3,4,5,6,7,11,15,16,17,18,20]",40f61919c4da879ac8a409d310000f13e7665a7c
proposed_nsga2_bs_demo_layout_door_left_AW_2_seed_126,proposed_nsga2_bs,demo_layout_door_left_AW_2,126,14,auto_from_instance,10,15,3,28,150,,,,,11,6,8,root > V:15 > BH:13 > BV:7 > BV:7 > BV:3 > BV:3 > BV:11 > BV:11,selected,1,inf,True,268,214,54,104.0,1.0,1.0,True,True,1,1,0,True,3,1,0,0,True,True,0,16,11,16,11,6,PF,sampled_pool,,,False,1.0,0.9982719889002625,0.1,0.1,adaptive,remove_random_aisle,offspring,feasible_start_adaptive_spacing,,,,feasible_start_adaptive_spacing,0.5,,True,auto_from_instance,0.75,0.35,"1,3,5,6,7,8,11,13,14,15,16,18,19,22,23,25","3,6,7,10,12,13,14,15,17,18",,,,,,"H[1,3,5,6,7,8,11,13,14,15,16,18,19,22,23,25]|V[3,6,7,10,11,12,13,14,15,17,18]",81347b9f72276c28618e0af7b5d4aafe7ae7ee4f
proposed_nsga2_bs_demo_layout_door_left_AW_2_seed_126,proposed_nsga2_bs,demo_layout_door_left_AW_2,126,14,auto_from_instance,10,15,3,28,150,,,,,12,9,12,root > V:12 > BH:13 > BV:7 > BV:7 > BV:3 > BV:3 > BH:3 > BH:7 > BH:11 > BH:15 > BH:23 > BV:16,selected,2,inf,True,250,208,42,42.0,1.0,1.0,True,True,1,1,0,True,3,1,0,0,True,True,0,17,8,17,8,9,PF_SS,sampled_pool,,,True,1.0,0.8815888980617962,0.1,0.1,adaptive,insert_random_aisle,offspring,feasible_start_adaptive_spacing,,,,feasible_start_adaptive_spacing,0.5,,True,auto_from_instance,0.75,0.35,"1,3,5,6,7,9,11,13,14,15,16,18,19,22,23,24,25","3,6,7,12,15,16,18,20",,,,,,"H[1,3,5,6,7,9,11,13,14,15,16,18,19,22,23,24,25]|V[3,6,7,12,15,16,18,20]",00a9d8d47000946aa25bf8cbdb36931d5b5d4b7d
proposed_nsga2_bs_demo_layout_door_left_AW_2_seed_126,proposed_nsga2_bs,demo_layout_door_left_AW_2,126,14,auto_from_instance,10,15,3,28,150,,,,,13,9,12,root > V:12 > BH:13 > BV:7 > BV:7 > BV:3 > BV:3 > BH:23 > BH:19 > BH:15 > BH:11 > BH:3 > BV:16,selected,2,inf,True,250,208,42,42.0,1.0,1.0,True,True,1,1,0,True,3,1,0,0,True,True,0,17,8,17,8,9,PF_SS,sampled_pool,,,True,1.0,0.8815888980617962,0.1,0.1,adaptive,insert_random_aisle,offspring,feasible_start_adaptive_spacing,,,,feasible_start_adaptive_spacing,0.5,,True,auto_from_instance,0.75,0.35,"1,3,5,6,7,9,11,13,14,15,16,18,19,22,23,24,25","3,6,7,12,15,16,18,20",,,,,,"H[1,3,5,6,7,9,11,13,14,15,16,18,19,22,23,24,25]|V[3,6,7,12,15,16,18,20]",d0525a507710a5664c0df826d850c16891cba894
