run_id,method,instance,seed,generation,budget_policy,auto_population_size,auto_generations,auto_beam_width,auto_max_depth,auto_decode_budget,restart_index,batch_index,within_batch_index,decode_budget,candidate_id,parent_chromosome_id,depth,trace,status,rank,crowding_distance,selected,storage_total,pick_faces,interior_storage,retrieval_penalty,door_connectivity_index,access_anchor_connectivity_index,has_door_connected_aisle,has_access_anchor_connected_aisle,aisle_components,anchor_connected_components,unanchored_aisle_components,single_aisle_component,access_network_components,aisle_access_network_components,unreachable_aisle_components,unreachable_aisle_cells,has_access_anchor_reachable_aisle_network,exact_width_ok,exact_width_violation_count,chromosome_h_active_count,chromosome_v_active_count,active_h_count,active_v_count,chromosome_index,sorting_rule,sorting_rule_mode,bs_rule_policy,bs_weight_policy,uses_scalar_score,rho,beam_w1,beam_w2,beam_lambda,adaptive_weight_mode,mutation_operator,initialization_mode,initialization_spacing_mode,adaptive_spacing_used,feasible_h_start_count,feasible_v_start_count,adaptive_spacing_mode,adaptive_spacing_alpha,adaptive_spacing_bf,auto_params_used,parameter_source,beta_h,beta_v,h_active_starts,v_active_starts,terminal,safety_max_depth_reached,feasible,feasibility_reason,storage_block_count,chromosome_signature,layout_signature
proposed_nsga2_bs_Gyorgy-KOVACS_WH_Narrow_AW_4_seed_129,proposed_nsga2_bs,Gyorgy-KOVACS_WH_Narrow_AW_4,129,0,auto_from_instance,12,18,4,30,216,,,,,1,1,4,root > V:27 > BH:27 > BV:19 > BV:19,selected,1,inf,True,684,260,424,484.0,1.0,1.0,True,True,1,1,0,True,1,1,0,0,True,True,0,4,4,4,4,1,RP,sampled_pool,,,False,0.05555555555555555,0.1,0.9444444444444444,0.1,adaptive,,feasible_start_adaptive_spacing,feasible_start_adaptive_spacing,True,45,14,feasible_start_adaptive_spacing,0.5,,True,auto_from_instance,0.75,0.35,"10,36,49","14,20,27",,,,,,"H[10,27,36,49]|V[14,19,20,27]",9baad5a6d6d08df213ec54891109e23b1069a9a5
proposed_nsga2_bs_Gyorgy-KOVACS_WH_Narrow_AW_4_seed_129,proposed_nsga2_bs,Gyorgy-KOVACS_WH_Narrow_AW_4,129,0,auto_from_instance,12,18,4,30,216,,,,,2,1,4,root > V:27 > BH:27 > BV:17 > BV:19,selected,1,0.0,True,684,260,424,484.0,1.0,1.0,True,True,1,1,0,True,1,1,0,0,True,True,0,4,5,4,5,1,RP,sampled_pool,,,False,0.05555555555555555,0.1,0.9444444444444444,0.1,adaptive,,feasible_start_adaptive_spacing,feasible_start_adaptive_spacing,True,45,14,feasible_start_adaptive_spacing,0.5,,True,auto_from_instance,0.75,0.35,"10,36,49","14,20,27",,,,,,"H[10,27,36,49]|V[14,17,19,20,27]",7ea492661f4a7d780540a41c5bfc758906148e19
proposed_nsga2_bs_Gyorgy-KOVACS_WH_Narrow_AW_4_seed_129,proposed_nsga2_bs,Gyorgy-KOVACS_WH_Narrow_AW_4,129,0,auto_from_instance,12,18,4,30,216,,,,,3,1,4,root > V:27 > BH:27 > BV:19 > BV:17,selected,1,0.0,True,684,260,424,484.0,1.0,1.0,True,True,1,1,0,True,1,1,0,0,True,True,0,4,5,4,5,1,RP,sampled_pool,,,False,0.05555555555555555,0.1,0.9444444444444444,0.1,adaptive,,feasible_start_adaptive_spacing,feasible_start_adaptive_spacing,True,45,14,feasible_start_adaptive_spacing,0.5,,True,auto_from_instance,0.75,0.35,"10,36,49","14,20,27",,,,,,"H[10,27,36,49]|V[14,17,19,20,27]",59c55a28d53f47701301421f850890ad1de7d63b
proposed_nsga2_bs_Gyorgy-KOVACS_WH_Narrow_AW_4_seed_129,proposed_nsga2_bs,Gyorgy-KOVACS_WH_Narrow_AW_4,129,0,auto_from_instance,12,18,4,30,216,,,,,4,1,4,root > V:27 > BH:27 > BV:17 > BV:17,selected,1,inf,True,684,260,424,484.0,1.0,1.0,True,True,1,1,0,True,1,1,0,0,True,True,0,4,4,4,4,1,RP,sampled_pool,,,False,0.05555555555555555,0.1,0.9444444444444444,0.1,adaptive,,feasible_start_adaptive_spacing,feasible_start_adaptive_spacing,True,45,14,feasible_start_adaptive_spacing,0.5,,True,auto_from_instance,0.75,0.35,"10,36,49","14,20,27",,,,,,"H[10,27,36,49]|V[14,17,20,27]",6732d5258a9313035bead181283e041def90bbb2
proposed_nsga2_bs_Gyorgy-KOVACS_WH_Narrow_AW_4_seed_129,proposed_nsga2_bs,Gyorgy-KOVACS_WH_Narrow_AW_4,129,0,auto_from_instance,12,18,4,30,216,,,,,5,2,4,root > V:28 > BH:27 > BV:21 > BV:21,selected,2,inf,True,680,262,418,576.0,1.0,1.0,True,True,1,1,0,True,1,1,0,0,True,True,0,4,3,4,3,2,LS,sampled_pool,,,False,0.05555555555555555,0.1,0.9444444444444444,0.1,adaptive,,feasible_start_adaptive_spacing,feasible_start_adaptive_spacing,True,45,14,feasible_start_adaptive_spacing,0.5,,True,auto_from_instance,0.75,0.35,"12,25,44","15,28",,,,,,"H[12,25,27,44]|V[15,21,28]",67a6f4f8f954f77d80a9f7aeff15d9041dc361bd
proposed_nsga2_bs_Gyorgy-KOVACS_WH_Narrow_AW_4_seed_129,proposed_nsga2_bs,Gyorgy-KOVACS_WH_Narrow_AW_4,129,0,auto_from_instance,12,18,4,30,216,,,,,6,2,4,root > V:28 > BH:27 > BV:19 > BV:21,selected,1,inf,True,680,262,418,524.0,1.0,1.0,True,True,1,1,0,True,1,1,0,0,True,True,0,4,4,4,4,2,LS,sampled_pool,,,False,0.05555555555555555,0.1,0.9444444444444444,0.1,adaptive,,feasible_start_adaptive_spacing,feasible_start_adaptive_spacing,True,45,14,feasible_start_adaptive_spacing,0.5,,True,auto_from_instance,0.75,0.35,"12,25,44","15,28",,,,,,"H[12,25,27,44]|V[15,19,21,28]",334779b46d5c288ee3031362a71af20db7b63dd5
proposed_nsga2_bs_Gyorgy-KOVACS_WH_Narrow_AW_4_seed_129,proposed_nsga2_bs,Gyorgy-KOVACS_WH_Narrow_AW_4,129,0,auto_from_instance,12,18,4,30,216,,,,,7,2,4,root > V:28 > BH:27 > BV:17 > BV:21,evaluated,2,inf,False,680,262,418,576.0,1.0,1.0,True,True,1,1,0,True,1,1,0,0,True,True,0,4,4,4,4,2,LS,sampled_pool,,,False,0.05555555555555555,0.1,0.9444444444444444,0.1,adaptive,,feasible_start_adaptive_spacing,feasible_start_adaptive_spacing,True,45,14,feasible_start_adaptive_spacing,0.5,,True,auto_from_instance,0.75,0.35,"12,25,44","15,28",,,,,,"H[12,25,27,44]|V[15,17,21,28]",0cf129bcce89e5f8a26de7d155210a53886c00dc
proposed_nsga2_bs_Gyorgy-KOVACS_WH_Narrow_AW_4_seed_129,proposed_nsga2_bs,Gyorgy-KOVACS_WH_Narrow_AW_4,129,0,auto_from_instance,12,18,4,30,216,,,,,8,2,4,root > V:28 > BH:27 > BV:21 > BV:19,selected,1,0.0,True,680,262,418,524.0,1.0,1.0,True,True,1,1,0,True,1,1,0,0,True,True,0,4,4,4,4,2,LS,sampled_pool,,,False,0.05555555555555555,0.1,0.9444444444444444,0.1,adaptive,,feasible_start_adaptive_spacing,feasible_start_adaptive_spacing,True,45,14,feasible_start_adaptive_spacing,0.5,,True,auto_from_instance,0.75,0.35,"12,25,44","15,28",,,,,,"H[12,25,27,44]|V[15,19,21,28]",8f2926ac3d427dac9f2e22e7dbb4782d03fe71f9
proposed_nsga2_bs_Gyorgy-KOVACS_WH_Narrow_AW_4_seed_129,proposed_nsga2_bs,Gyorgy-KOVACS_WH_Narrow_AW_4,129,0,auto_from_instance,12,18,4,30,216,,,,,9,3,5,root > H:49 > BH:29 > BH:5 > BH:17 > BH:39,evaluated,4,inf,False,752,210,542,924.0,1.0,1.0,True,True,1,1,0,True,1,1,0,0,True,True,0,7,3,7,3,3,SS_PF_LS,sampled_pool,,,True,0.05555555555555555,0.1,0.9444444444444444,0.1,adaptive,,feasible_start_adaptive_spacing,feasible_start_adaptive_spacing,True,45,14,feasible_start_adaptive_spacing,0.5,,True,auto_from_instance,0.75,0.35,"3,27,49","9,14,18",,,,,,"H[3,5,17,27,29,39,49]|V[9,14,18]",909e3464cccf31d3282fd607f6116e2c9ad21f30
proposed_nsga2_bs_Gyorgy-KOVACS_WH_Narrow_AW_4_seed_129,proposed_nsga2_bs,Gyorgy-KOVACS_WH_Narrow_AW_4,129,0,auto_from_instance,12,18,4,30,216,,,,,10,3,5,root > H:49 > BH:27 > BH:5 > BH:39 > BH:17,evaluated,4,0.0,False,752,210,542,924.0,1.0,1.0,True,True,1,1,0,True,1,1,0,0,True,True,0,6,3,6,3,3,SS_PF_LS,sampled_pool,,,True,0.05555555555555555,0.1,0.9444444444444444,0.1,adaptive,,feasible_start_adaptive_spacing,feasible_start_adaptive_spacing,True,45,14,feasible_start_adaptive_spacing,0.5,,True,auto_from_instance,0.75,0.35,"3,27,49","9,14,18",,,,,,"H[3,5,17,27,39,49]|V[9,14,18]",291a18a45bf43c057cae27257ce8f94577171d37
proposed_nsga2_bs_Gyorgy-KOVACS_WH_Narrow_AW_4_seed_129,proposed_nsga2_bs,Gyorgy-KOVACS_WH_Narrow_AW_4,129,0,auto_from_instance,12,18,4,30,216,,,,,11,3,5,root > H:49 > BH:27 > BH:5 > BH:39 > BH:15,evaluated,4,inf,False,752,210,542,924.0,1.0,1.0,True,True,1,1,0,True,1,1,0,0,True,True,0,6,3,6,3,3,SS_PF_LS,sampled_pool,,,True,0.05555555555555555,0.1,0.9444444444444444,0.1,adaptive,,feasible_start_adaptive_spacing,feasible_start_adaptive_spacing,True,45,14,feasible_start_adaptive_spacing,0.5,,True,auto_from_instance,0.75,0.35,"3,27,49","9,14,18",,,,,,"H[3,5,15,27,39,49]|V[9,14,18]",b00699021d1504aef5f326131e10ec6dc7e0b9b5
proposed_nsga2_bs_Gyorgy-KOVACS_WH_Narrow_AW_4_seed_129,proposed_nsga2_bs,Gyorgy-KOVACS_WH_Narrow_AW_4,129,0,auto_from_instance,12,18,4,30,216,,,,,12,3,5,root > H:49 > BH:29 > BH:5 > BH:17 > BH:41,evaluated,5,inf,False,752,210,542,966.0,1.0,1.0,True,True,1,1,0,True,1,1,0,0,True,True,0,7,3,7,3,3,SS_PF_LS,sampled_pool,,,True,0.05555555555555555,0.1,0.9444444444444444,0.1,adaptive,,feasible_start_adaptive_spacing,feasible_start_adaptive_spacing,True,45,14,feasible_start_adaptive_spacing,0.5,,True,auto_from_instance,0.75,0.35,"3,27,49","9,14,18",,,,,,"H[3,5,17,27,29,41,49]|V[9,14,18]",aacc0708f7f059c6bbd9fb14d88161773e7fe020
proposed_nsga2_bs_Gyorgy-KOVACS_WH_Narrow_AW_4_seed_129,proposed_nsga2_bs,Gyorgy-KOVACS_WH_Narrow_AW_4,129,0,auto_from_instance,12,18,4,30,216,,,,,13,4,5,root > H:6 > BH:28 > BH:50 > BH:40 > BH:16,evaluated,5,0.0,False,752,210,542,966.0,1.0,1.0,True,True,1,1,0,True,1,1,0,0,True,True,0,6,3,6,3,4,SS,sampled_pool,,,True,0.05555555555555555,0.1,0.9444444444444444,0.1,adaptive,,feasible_start_adaptive_spacing,feasible_start_adaptive_spacing,True,45,14,feasible_start_adaptive_spacing,0.5,,True,auto_from_instance,0.75,0.35,"6,16,42","14,19,30",,,,,,"H[6,16,28,40,42,50]|V[14,19,30]",a92f330fc1f516a4f1eb462d45df71ef476edcf5
proposed_nsga2_bs_Gyorgy-KOVACS_WH_Narrow_AW_4_seed_129,proposed_nsga2_bs,Gyorgy-KOVACS_WH_Narrow_AW_4,129,0,auto_from_instance,12,18,4,30,216,,,,,14,4,5,root > H:6 > BH:28 > BH:50 > BH:38 > BH:16,evaluated,5,inf,False,752,210,542,966.0,1.0,1.0,True,True,1,1,0,True,1,1,0,0,True,True,0,6,3,6,3,4,SS,sampled_pool,,,True,0.05555555555555555,0.1,0.9444444444444444,0.1,adaptive,,feasible_start_adaptive_spacing,feasible_start_adaptive_spacing,True,45,14,feasible_start_adaptive_spacing,0.5,,True,auto_from_instance,0.75,0.35,"6,16,42","14,19,30",,,,,,"H[6,16,28,38,42,50]|V[14,19,30]",de1ed26ab2096bad2a00f202a6ca20cbbd05a473
proposed_nsga2_bs_Gyorgy-KOVACS_WH_Narrow_AW_4_seed_129,proposed_nsga2_bs,Gyorgy-KOVACS_WH_Narrow_AW_4,129,0,auto_from_instance,12,18,4,30,216,,,,,15,4,5,root > H:6 > BH:28 > BH:50 > BH:16 > BH:42,evaluated,6,inf,False,752,210,542,1050.0,1.0,1.0,True,True,1,1,0,True,1,1,0,0,True,True,0,5,3,5,3,4,SS,sampled_pool,,,True,0.05555555555555555,0.1,0.9444444444444444,0.1,adaptive,,feasible_start_adaptive_spacing,feasible_start_adaptive_spacing,True,45,14,feasible_start_adaptive_spacing,0.5,,True,auto_from_instance,0.75,0.35,"6,16,42","14,19,30",,,,,,"H[6,16,28,42,50]|V[14,19,30]",396d048f93fbb12726eabda448a1b4e29fe7c64f
proposed_nsga2_bs_Gyorgy-KOVACS_WH_Narrow_AW_4_seed_129,proposed_nsga2_bs,Gyorgy-KOVACS_WH_Narrow_AW_4,129,0,auto_from_instance,12,18,4,30,216,,,,,16,4,5,root > H:6 > BH:28 > BH:50 > BH:16 > BH:36,evaluated,6,inf,False,752,210,542,1050.0,1.0,1.0,True,True,1,1,0,True,1,1,0,0,True,True,0,6,3,6,3,4,SS,sampled_pool,,,True,0.05555555555555555,0.1,0.9444444444444444,0.1,adaptive,,feasible_start_adaptive_spacing,feasible_start_adaptive_spacing,True,45,14,feasible_start_adaptive_spacing,0.5,,True,auto_from_instance,0.75,0.35,"6,16,42","14,19,30",,,,,,"H[6,16,28,36,42,50]|V[14,19,30]",9e9f71efff07576ba403c205aa077df30dde8e9f
proposed_nsga2_bs_Gyorgy-KOVACS_WH_Narrow_AW_4_seed_129,proposed_nsga2_bs,Gyorgy-KOVACS_WH_Narrow_AW_4,129,0,auto_from_instance,12,18,4,30,216,,,,,17,6,8,root > V:17 > BH:27 > BH:49 > BH:41 > BH:29 > BH:17 > BH:9 > BV:27,selected,1,inf,True,640,243,397,493.0,1.0,1.0,True,True,1,1,0,True,1,1,0,0,True,True,0,9,4,9,4,6,LS,sampled_pool,,,False,0.05555555555555555,0.16889361778145892,0.9444444444444444,0.1,adaptive,,feasible_start_adaptive_spacing,feasible_start_adaptive_spacing,True,45,14,feasible_start_adaptive_spacing,0.5,,True,auto_from_instance,0.75,0.35,"4,15,40","17,19,22",,,,,,"H[4,9,15,17,27,29,40,41,49]|V[17,19,22,27]",6b741b69cafdf845076912c9118d6404ec3124cc
proposed_nsga2_bs_Gyorgy-KOVACS_WH_Narrow_AW_4_seed_129,proposed_nsga2_bs,Gyorgy-KOVACS_WH_Narrow_AW_4,129,0,auto_from_instance,12,18,4,30,216,,,,,18,6,8,root > V:17 > BH:27 > BH:49 > BH:39 > BH:29 > BH:17 > BH:9 > BV:27,selected,0,inf,True,640,243,397,467.0,1.0,1.0,True,True,1,1,0,True,1,1,0,0,True,True,0,9,4,9,4,6,LS,sampled_pool,,,False,0.05555555555555555,0.16889361778145892,0.9444444444444444,0.1,adaptive,,feasible_start_adaptive_spacing,feasible_start_adaptive_spacing,True,45,14,feasible_start_adaptive_spacing,0.5,,True,auto_from_instance,0.75,0.35,"4,15,40","17,19,22",,,,,,"H[4,9,15,17,27,29,39,40,49]|V[17,19,22,27]",c31e5af53b1ab973249c91c35b02a53fe27d43b5
proposed_nsga2_bs_Gyorgy-KOVACS_WH_Narrow_AW_4_seed_129,proposed_nsga2_bs,Gyorgy-KOVACS_WH_Narrow_AW_4,129,0,auto_from_instance,12,18,4,30,216,,,,,19,6,8,root > V:17 > BH:27 > BH:49 > BH:41 > BH:29 > BH:17 > BH:9 > BV:25,evaluated,3,inf,False,640,243,397,565.0,1.0,1.0,True,True,1,1,0,True,1,1,0,0,True,True,0,9,4,9,4,6,LS,sampled_pool,,,False,0.05555555555555555,0.16889361778145892,0.9444444444444444,0.1,adaptive,,feasible_start_adaptive_spacing,feasible_start_adaptive_spacing,True,45,14,feasible_start_adaptive_spacing,0.5,,True,auto_from_instance,0.75,0.35,"4,15,40","17,19,22",,,,,,"H[4,9,15,17,27,29,40,41,49]|V[17,19,22,25]",39a901559adc49da187861c456901969a94fbc3c
proposed_nsga2_bs_Gyorgy-KOVACS_WH_Narrow_AW_4_seed_129,proposed_nsga2_bs,Gyorgy-KOVACS_WH_Narrow_AW_4,129,0,auto_from_instance,12,18,4,30,216,,,,,20,6,8,root > V:17 > BH:27 > BH:49 > BH:39 > BH:29 > BH:17 > BH:9 > BV:25,selected,2,inf,True,640,243,397,539.0,1.0,1.0,True,True,1,1,0,True,1,1,0,0,True,True,0,9,4,9,4,6,LS,sampled_pool,,,False,0.05555555555555555,0.16889361778145892,0.9444444444444444,0.1,adaptive,,feasible_start_adaptive_spacing,feasible_start_adaptive_spacing,True,45,14,feasible_start_adaptive_spacing,0.5,,True,auto_from_instance,0.75,0.35,"4,15,40","17,19,22",,,,,,"H[4,9,15,17,27,29,39,40,49]|V[17,19,22,25]",4fcb480805af1c3aff3bd464c714a0dc9bc119e4
proposed_nsga2_bs_Gyorgy-KOVACS_WH_Narrow_AW_4_seed_129,proposed_nsga2_bs,Gyorgy-KOVACS_WH_Narrow_AW_4,129,0,auto_from_instance,12,18,4,30,216,,,,,21,8,7,root > V:21 > BH:27 > BH:49 > BH:39 > BH:27 > BH:15 > BH:5,evaluated,5,inf,False,736,192,544,864.0,1.0,1.0,True,True,1,1,0,True,1,1,0,0,True,True,0,7,3,7,3,8,RP_LS,sampled_pool,,,False,0.05555555555555555,0.1,0.9444444444444444,0.1,adaptive,,feasible_start_adaptive_spacing,feasible_start_adaptive_spacing,True,45,14,feasible_start_adaptive_spacing,0.5,,True,auto_from_instance,0.75,0.35,"16,25,39","9,16,21",,,,,,"H[5,15,16,25,27,39,49]|V[9,16,21]",358d97cec9c1dd51e5ceb290153a7a054a951743
proposed_nsga2_bs_Gyorgy-KOVACS_WH_Narrow_AW_4_seed_129,proposed_nsga2_bs,Gyorgy-KOVACS_WH_Narrow_AW_4,129,0,auto_from_instance,12,18,4,30,216,,,,,22,8,7,root > V:21 > BH:27 > BH:5 > BH:17 > BH:29 > BH:41 > BH:53,evaluated,6,inf,False,736,183,553,873.0,1.0,1.0,True,True,1,1,0,True,1,1,0,0,True,True,0,9,3,9,3,8,RP_LS,sampled_pool,,,False,0.05555555555555555,0.1,0.9444444444444444,0.1,adaptive,,feasible_start_adaptive_spacing,feasible_start_adaptive_spacing,True,45,14,feasible_start_adaptive_spacing,0.5,,True,auto_from_instance,0.75,0.35,"16,25,39","9,16,21",,,,,,"H[5,16,17,25,27,29,39,41,53]|V[9,16,21]",d399873411abb3da022c68c5f2cc9d5953e8af18
proposed_nsga2_bs_Gyorgy-KOVACS_WH_Narrow_AW_4_seed_129,proposed_nsga2_bs,Gyorgy-KOVACS_WH_Narrow_AW_4,129,0,auto_from_instance,12,18,4,30,216,,,,,23,8,7,root > V:21 > BH:27 > BH:5 > BH:17 > BH:29 > BH:41 > BH:49,evaluated,6,0.8993323061119671,False,736,192,544,882.0,1.0,1.0,True,True,1,1,0,True,1,1,0,0,True,True,0,9,3,9,3,8,RP_LS,sampled_pool,,,False,0.05555555555555555,0.1,0.9444444444444444,0.1,adaptive,,feasible_start_adaptive_spacing,feasible_start_adaptive_spacing,True,45,14,feasible_start_adaptive_spacing,0.5,,True,auto_from_instance,0.75,0.35,"16,25,39","9,16,21",,,,,,"H[5,16,17,25,27,29,39,41,49]|V[9,16,21]",505c1342b435c8602ef114e7a954d322db0969f8
proposed_nsga2_bs_Gyorgy-KOVACS_WH_Narrow_AW_4_seed_129,proposed_nsga2_bs,Gyorgy-KOVACS_WH_Narrow_AW_4,129,0,auto_from_instance,12,18,4,30,216,,,,,24,8,7,root > V:21 > BH:27 > BH:49 > BH:37 > BH:25 > BH:13 > BH:5,evaluated,6,2.100667693888033,False,736,192,544,882.0,1.0,1.0,True,True,1,1,0,True,1,1,0,0,True,True,0,8,3,8,3,8,RP_LS,sampled_pool,,,False,0.05555555555555555,0.1,0.9444444444444444,0.1,adaptive,,feasible_start_adaptive_spacing,feasible_start_adaptive_spacing,True,45,14,feasible_start_adaptive_spacing,0.5,,True,auto_from_instance,0.75,0.35,"16,25,39","9,16,21",,,,,,"H[5,13,16,25,27,37,39,49]|V[9,16,21]",b505db3b665156843c976d98ce3a07d032707b26
proposed_nsga2_bs_Gyorgy-KOVACS_WH_Narrow_AW_4_seed_129,proposed_nsga2_bs,Gyorgy-KOVACS_WH_Narrow_AW_4,129,0,auto_from_instance,12,18,4,30,216,,,,,25,9,5,root > H:48 > BH:25 > BH:5 > BH:37 > BH:15,evaluated,7,inf,False,752,210,542,1071.0,1.0,1.0,True,True,1,1,0,True,1,1,0,0,True,True,0,7,3,7,3,9,SS,sampled_pool,,,True,0.05555555555555555,0.1,0.9444444444444444,0.1,adaptive,,feasible_start_adaptive_spacing,feasible_start_adaptive_spacing,True,45,14,feasible_start_adaptive_spacing,0.5,,True,auto_from_instance,0.75,0.35,"26,36,48","9,15,30",,,,,,"H[5,15,25,26,36,37,48]|V[9,15,30]",fc09f47d42a3f9b61076840c0323652770605b27
proposed_nsga2_bs_Gyorgy-KOVACS_WH_Narrow_AW_4_seed_129,proposed_nsga2_bs,Gyorgy-KOVACS_WH_Narrow_AW_4,129,0,auto_from_instance,12,18,4,30,216,,,,,26,9,5,root > H:48 > BH:25 > BH:5 > BH:37 > BH:17,evaluated,8,inf,False,752,210,542,1113.0,1.0,1.0,True,True,1,1,0,True,1,1,0,0,True,True,0,7,3,7,3,9,SS,sampled_pool,,,True,0.05555555555555555,0.1,0.9444444444444444,0.1,adaptive,,feasible_start_adaptive_spacing,feasible_start_adaptive_spacing,True,45,14,feasible_start_adaptive_spacing,0.5,,True,auto_from_instance,0.75,0.35,"26,36,48","9,15,30",,,,,,"H[5,17,25,26,36,37,48]|V[9,15,30]",02c2a5d4a24775675f752a48ba6f9f1ef4a11c90
proposed_nsga2_bs_Gyorgy-KOVACS_WH_Narrow_AW_4_seed_129,proposed_nsga2_bs,Gyorgy-KOVACS_WH_Narrow_AW_4,129,0,auto_from_instance,12,18,4,30,216,,,,,27,9,5,root > H:48 > BH:25 > BH:5 > BH:39 > BH:15,evaluated,8,0.0,False,752,210,542,1113.0,1.0,1.0,True,True,1,1,0,True,1,1,0,0,True,True,0,7,3,7,3,9,SS,sampled_pool,,,True,0.05555555555555555,0.1,0.9444444444444444,0.1,adaptive,,feasible_start_adaptive_spacing,feasible_start_adaptive_spacing,True,45,14,feasible_start_adaptive_spacing,0.5,,True,auto_from_instance,0.75,0.35,"26,36,48","9,15,30",,,,,,"H[5,15,25,26,36,39,48]|V[9,15,30]",832393fe363571d4bd4e7ff4eadf12236a9eb418
proposed_nsga2_bs_Gyorgy-KOVACS_WH_Narrow_AW_4_seed_129,proposed_nsga2_bs,Gyorgy-KOVACS_WH_Narrow_AW_4,129,0,auto_from_instance,12,18,4,30,216,,,,,28,9,5,root > H:48 > BH:25 > BH:5 > BH:37 > BH:13,evaluated,8,inf,False,752,210,542,1113.0,1.0,1.0,True,True,1,1,0,True,1,1,0,0,True,True,0,7,3,7,3,9,SS,sampled_pool,,,True,0.05555555555555555,0.1,0.9444444444444444,0.1,adaptive,,feasible_start_adaptive_spacing,feasible_start_adaptive_spacing,True,45,14,feasible_start_adaptive_spacing,0.5,,True,auto_from_instance,0.75,0.35,"26,36,48","9,15,30",,,,,,"H[5,13,25,26,36,37,48]|V[9,15,30]",cbc60f1357aca92cbaecee204c047b0ab394f1e5
proposed_nsga2_bs_Gyorgy-KOVACS_WH_Narrow_AW_4_seed_129,proposed_nsga2_bs,Gyorgy-KOVACS_WH_Narrow_AW_4,129,0,auto_from_instance,12,18,4,30,216,,,,,29,10,8,root > V:20 > BH:27 > BH:5 > BH:15 > BH:25 > BH:37 > BH:47 > BV:30,evaluated,4,inf,False,696,204,492,792.0,1.0,1.0,True,True,1,1,0,True,1,1,0,0,True,True,0,9,2,9,2,10,SS_LS_PF,sampled_pool,,,True,0.05555555555555555,0.1,0.9444444444444444,0.1,adaptive,,feasible_start_adaptive_spacing,feasible_start_adaptive_spacing,True,45,14,feasible_start_adaptive_spacing,0.5,,True,auto_from_instance,0.75,0.35,"12,29,49",20,,,,,,"H[5,12,15,25,27,29,37,47,49]|V[20,30]",be0f2c567ee00b2b6753d425863bc90592c9704d
proposed_nsga2_bs_Gyorgy-KOVACS_WH_Narrow_AW_4_seed_129,proposed_nsga2_bs,Gyorgy-KOVACS_WH_Narrow_AW_4,129,0,auto_from_instance,12,18,4,30,216,,,,,30,10,8,root > V:20 > BH:27 > BH:49 > BH:39 > BH:29 > BH:17 > BH:7 > BV:30,evaluated,4,2.314327485380117,False,696,204,492,792.0,1.0,1.0,True,True,1,1,0,True,1,1,0,0,True,True,0,7,2,7,2,10,SS_LS_PF,sampled_pool,,,True,0.05555555555555555,0.1,0.9444444444444444,0.1,adaptive,,feasible_start_adaptive_spacing,feasible_start_adaptive_spacing,True,45,14,feasible_start_adaptive_spacing,0.5,,True,auto_from_instance,0.75,0.35,"12,29,49",20,,,,,,"H[7,12,17,27,29,39,49]|V[20,30]",ade8bf5b17d0e3be4ed8c80ad68f822f40ea6f89
proposed_nsga2_bs_Gyorgy-KOVACS_WH_Narrow_AW_4_seed_129,proposed_nsga2_bs,Gyorgy-KOVACS_WH_Narrow_AW_4,129,0,auto_from_instance,12,18,4,30,216,,,,,31,11,11,root > V:22 > BH:27 > BH:5 > BH:17 > BH:29 > BH:41 > BH:53 > BV:30 > BV:30 > BV:30 > BV:30,evaluated,4,inf,False,624,172,452,936.0,1.0,1.0,True,True,1,1,0,True,1,1,0,0,True,True,0,8,4,8,4,11,RP_LS,sampled_pool,,,False,0.05555555555555555,0.1,0.9444444444444444,0.1,adaptive,,feasible_start_adaptive_spacing,feasible_start_adaptive_spacing,True,45,14,feasible_start_adaptive_spacing,0.5,,True,auto_from_instance,0.75,0.35,"3,12,27","9,15,22",,,,,,"H[3,5,12,17,27,29,41,53]|V[9,15,22,30]",1959127c2c0e6b4eb5a186eddda75cf8277c0cd9
proposed_nsga2_bs_Gyorgy-KOVACS_WH_Narrow_AW_4_seed_129,proposed_nsga2_bs,Gyorgy-KOVACS_WH_Narrow_AW_4,129,0,auto_from_instance,12,18,4,30,216,,,,,32,12,4,root > V:28 > BH:27 > BV:19 > BV:19,selected,0,inf,True,680,262,418,472.0,1.0,1.0,True,True,1,1,0,True,1,1,0,0,True,True,0,4,4,4,4,12,LS_RP,sampled_pool,,,False,0.05555555555555555,0.10928075212741761,0.9444444444444444,0.1,adaptive,,feasible_start_adaptive_spacing,feasible_start_adaptive_spacing,True,45,14,feasible_start_adaptive_spacing,0.5,,True,auto_from_instance,0.75,0.35,"4,15,35","17,20,28",,,,,,"H[4,15,27,35]|V[17,19,20,28]",fc4825140fa5e2560776b4b932f5ef46c1588f36
proposed_nsga2_bs_Gyorgy-KOVACS_WH_Narrow_AW_4_seed_129,proposed_nsga2_bs,Gyorgy-KOVACS_WH_Narrow_AW_4,129,0,auto_from_instance,12,18,4,30,216,,,,,33,12,4,root > V:28 > BH:27 > BV:19 > BV:17,selected,1,inf,True,680,262,418,524.0,1.0,1.0,True,True,1,1,0,True,1,1,0,0,True,True,0,4,4,4,4,12,LS_RP,sampled_pool,,,False,0.05555555555555555,0.10928075212741761,0.9444444444444444,0.1,adaptive,,feasible_start_adaptive_spacing,feasible_start_adaptive_spacing,True,45,14,feasible_start_adaptive_spacing,0.5,,True,auto_from_instance,0.75,0.35,"4,15,35","17,20,28",,,,,,"H[4,15,27,35]|V[17,19,20,28]",c3a8d798cccc0ae6137f5d1801f12286f82d75a7
proposed_nsga2_bs_Gyorgy-KOVACS_WH_Narrow_AW_4_seed_129,proposed_nsga2_bs,Gyorgy-KOVACS_WH_Narrow_AW_4,129,1,auto_from_instance,12,18,4,30,216,,,,,1,1,4,root > V:27 > BH:27 > BV:19 > BV:19,selected,2,inf,True,684,260,424,484.0,1.0,1.0,True,True,1,1,0,True,1,1,0,0,True,True,0,6,5,6,5,1,LS_SS,sampled_pool,,,True,0.1111111111111111,0.1,0.8888888888888888,0.1,adaptive,spacing_aware_flip,offspring,feasible_start_adaptive_spacing,,,,feasible_start_adaptive_spacing,0.5,,True,auto_from_instance,0.75,0.35,"10,27,29,40,41,49","17,19,22,27,33",,,,,,"H[10,27,29,40,41,49]|V[17,19,22,27,33]",9baad5a6d6d08df213ec54891109e23b1069a9a5
proposed_nsga2_bs_Gyorgy-KOVACS_WH_Narrow_AW_4_seed_129,proposed_nsga2_bs,Gyorgy-KOVACS_WH_Narrow_AW_4,129,1,auto_from_instance,12,18,4,30,216,,,,,2,1,4,root > V:27 > BH:27 > BV:17 > BV:19,selected,2,0.0,True,684,260,424,484.0,1.0,1.0,True,True,1,1,0,True,1,1,0,0,True,True,0,6,5,6,5,1,LS_SS,sampled_pool,,,True,0.1111111111111111,0.1,0.8888888888888888,0.1,adaptive,spacing_aware_flip,offspring,feasible_start_adaptive_spacing,,,,feasible_start_adaptive_spacing,0.5,,True,auto_from_instance,0.75,0.35,"10,27,29,40,41,49","17,19,22,27,33",,,,,,"H[10,27,29,40,41,49]|V[17,19,22,27,33]",7ea492661f4a7d780540a41c5bfc758906148e19
proposed_nsga2_bs_Gyorgy-KOVACS_WH_Narrow_AW_4_seed_129,proposed_nsga2_bs,Gyorgy-KOVACS_WH_Narrow_AW_4,129,1,auto_from_instance,12,18,4,30,216,,,,,3,1,4,root > V:27 > BH:27 > BV:19 > BV:17,selected,2,0.0,True,684,260,424,484.0,1.0,1.0,True,True,1,1,0,True,1,1,0,0,True,True,0,6,5,6,5,1,LS_SS,sampled_pool,,,True,0.1111111111111111,0.1,0.8888888888888888,0.1,adaptive,spacing_aware_flip,offspring,feasible_start_adaptive_spacing,,,,feasible_start_adaptive_spacing,0.5,,True,auto_from_instance,0.75,0.35,"10,27,29,40,41,49","17,19,22,27,33",,,,,,"H[10,27,29,40,41,49]|V[17,19,22,27,33]",59c55a28d53f47701301421f850890ad1de7d63b
proposed_nsga2_bs_Gyorgy-KOVACS_WH_Narrow_AW_4_seed_129,proposed_nsga2_bs,Gyorgy-KOVACS_WH_Narrow_AW_4,129,1,auto_from_instance,12,18,4,30,216,,,,,4,1,4,root > V:27 > BH:27 > BV:17 > BV:17,selected,2,inf,True,684,260,424,484.0,1.0,1.0,True,True,1,1,0,True,1,1,0,0,True,True,0,6,5,6,5,1,LS_SS,sampled_pool,,,True,0.1111111111111111,0.1,0.8888888888888888,0.1,adaptive,spacing_aware_flip,offspring,feasible_start_adaptive_spacing,,,,feasible_start_adaptive_spacing,0.5,,True,auto_from_instance,0.75,0.35,"10,27,29,40,41,49","17,19,22,27,33",,,,,,"H[10,27,29,40,41,49]|V[17,19,22,27,33]",6732d5258a9313035bead181283e041def90bbb2
proposed_nsga2_bs_Gyorgy-KOVACS_WH_Narrow_AW_4_seed_129,proposed_nsga2_bs,Gyorgy-KOVACS_WH_Narrow_AW_4,129,1,auto_from_instance,12,18,4,30,216,,,,,5,6,4,root > V:28 > BH:27 > BV:19 > BV:19,selected,1,inf,True,680,262,418,472.0,1.0,1.0,True,True,1,1,0,True,1,1,0,0,True,True,0,5,5,5,5,6,LS_RP,sampled_pool,,,False,0.1111111111111111,0.19732304724113242,0.8888888888888888,0.1,adaptive,spacing_aware_flip,offspring,feasible_start_adaptive_spacing,,,,feasible_start_adaptive_spacing,0.5,,True,auto_from_instance,0.75,0.35,"12,25,27,36,49","3,14,19,20,28",,,,,,"H[12,25,27,36,49]|V[3,14,19,20,28]",fc4825140fa5e2560776b4b932f5ef46c1588f36
proposed_nsga2_bs_Gyorgy-KOVACS_WH_Narrow_AW_4_seed_129,proposed_nsga2_bs,Gyorgy-KOVACS_WH_Narrow_AW_4,129,1,auto_from_instance,12,18,4,30,216,,,,,6,6,4,root > V:28 > BH:27 > BV:19 > BV:21,selected,2,inf,True,680,262,418,524.0,1.0,1.0,True,True,1,1,0,True,1,1,0,0,True,True,0,5,6,5,6,6,LS_RP,sampled_pool,,,False,0.1111111111111111,0.19732304724113242,0.8888888888888888,0.1,adaptive,spacing_aware_flip,offspring,feasible_start_adaptive_spacing,,,,feasible_start_adaptive_spacing,0.5,,True,auto_from_instance,0.75,0.35,"12,25,27,36,49","3,14,19,20,28",,,,,,"H[12,25,27,36,49]|V[3,14,19,20,21,28]",334779b46d5c288ee3031362a71af20db7b63dd5
proposed_nsga2_bs_Gyorgy-KOVACS_WH_Narrow_AW_4_seed_129,proposed_nsga2_bs,Gyorgy-KOVACS_WH_Narrow_AW_4,129,1,auto_from_instance,12,18,4,30,216,,,,,7,6,4,root > V:28 > BH:27 > BV:19 > BV:21,selected,2,0.0,True,680,262,418,524.0,1.0,1.0,True,True,1,1,0,True,1,1,0,0,True,True,0,5,6,5,6,6,LS_RP,sampled_pool,,,False,0.1111111111111111,0.19732304724113242,0.8888888888888888,0.1,adaptive,spacing_aware_flip,offspring,feasible_start_adaptive_spacing,,,,feasible_start_adaptive_spacing,0.5,,True,auto_from_instance,0.75,0.35,"12,25,27,36,49","3,14,19,20,28",,,,,,"H[12,25,27,36,49]|V[3,14,19,20,21,28]",8f2926ac3d427dac9f2e22e7dbb4782d03fe71f9
proposed_nsga2_bs_Gyorgy-KOVACS_WH_Narrow_AW_4_seed_129,proposed_nsga2_bs,Gyorgy-KOVACS_WH_Narrow_AW_4,129,1,auto_from_instance,12,18,4,30,216,,,,,8,6,4,root > V:28 > BH:27 > BV:19 > BV:17,selected,2,inf,True,680,262,418,524.0,1.0,1.0,True,True,1,1,0,True,1,1,0,0,True,True,0,5,6,5,6,6,LS_RP,sampled_pool,,,False,0.1111111111111111,0.19732304724113242,0.8888888888888888,0.1,adaptive,spacing_aware_flip,offspring,feasible_start_adaptive_spacing,,,,feasible_start_adaptive_spacing,0.5,,True,auto_from_instance,0.75,0.35,"12,25,27,36,49","3,14,19,20,28",,,,,,"H[12,25,27,36,49]|V[3,14,17,19,20,28]",c3a8d798cccc0ae6137f5d1801f12286f82d75a7
proposed_nsga2_bs_Gyorgy-KOVACS_WH_Narrow_AW_4_seed_129,proposed_nsga2_bs,Gyorgy-KOVACS_WH_Narrow_AW_4,129,1,auto_from_instance,12,18,4,30,216,,,,,9,10,10,root > V:15 > BH:27 > BH:47 > BH:39 > BH:29 > BH:17 > BH:9 > BV:27 > BV:23 > BV:30,selected,0,inf,True,560,270,290,341.0,1.0,1.0,True,True,1,1,0,True,1,1,0,0,True,True,0,10,6,10,6,10,PF,sampled_pool,,,False,0.1111111111111111,0.1,0.8888888888888888,0.1,adaptive,insert_random_aisle,offspring,feasible_start_adaptive_spacing,,,,feasible_start_adaptive_spacing,0.5,,True,auto_from_instance,0.75,0.35,"14,15,17,27,29,39,40,49","15,19,21",,,,,,"H[9,14,15,17,27,29,39,40,47,49]|V[15,19,21,23,27,30]",1fa9344c00a95c630e382533991ef575b2f5e6b5
proposed_nsga2_bs_Gyorgy-KOVACS_WH_Narrow_AW_4_seed_129,proposed_nsga2_bs,Gyorgy-KOVACS_WH_Narrow_AW_4,129,2,auto_from_instance,12,18,4,30,216,,,,,1,1,8,root > V:18 > BH:27 > BH:5 > BH:15 > BH:25 > BH:37 > BH:47 > BV:26,selected,2,inf,True,664,228,436,628.0,1.0,1.0,True,True,1,1,0,True,1,1,0,0,True,True,0,9,7,9,7,1,PF_SS,sampled_pool,,,True,0.16666666666666666,0.16047017690662221,0.8333333333333334,0.1,adaptive,bit_flip,offspring,feasible_start_adaptive_spacing,,,,feasible_start_adaptive_spacing,0.5,,True,auto_from_instance,0.75,0.35,"10,25,27,36,49","18,19,20,21,27,33",,,,,,"H[5,10,15,25,27,36,37,47,49]|V[18,19,20,21,26,27,33]",1938da0c4eeab540eb2932ce4328db82029254cb
proposed_nsga2_bs_Gyorgy-KOVACS_WH_Narrow_AW_4_seed_129,proposed_nsga2_bs,Gyorgy-KOVACS_WH_Narrow_AW_4,129,2,auto_from_instance,12,18,4,30,216,,,,,2,1,8,root > V:18 > BH:27 > BH:49 > BH:39 > BH:29 > BH:17 > BH:7 > BV:26,selected,2,inf,True,664,228,436,628.0,1.0,1.0,True,True,1,1,0,True,1,1,0,0,True,True,0,9,7,9,7,1,PF_SS,sampled_pool,,,True,0.16666666666666666,0.16047017690662221,0.8333333333333334,0.1,adaptive,bit_flip,offspring,feasible_start_adaptive_spacing,,,,feasible_start_adaptive_spacing,0.5,,True,auto_from_instance,0.75,0.35,"10,25,27,36,49","18,19,20,21,27,33",,,,,,"H[7,10,17,25,27,29,36,39,49]|V[18,19,20,21,26,27,33]",ca27fa34dbaffc306858313d4e346923ac553274
proposed_nsga2_bs_Gyorgy-KOVACS_WH_Narrow_AW_4_seed_129,proposed_nsga2_bs,Gyorgy-KOVACS_WH_Narrow_AW_4,129,2,auto_from_instance,12,18,4,30,216,,,,,3,1,8,root > V:18 > BH:27 > BH:5 > BH:15 > BH:25 > BH:37 > BH:47 > BV:30,selected,3,inf,True,664,218,446,768.0,1.0,1.0,True,True,1,1,0,True,1,1,0,0,True,True,0,9,7,9,7,1,PF_SS,sampled_pool,,,True,0.16666666666666666,0.16047017690662221,0.8333333333333334,0.1,adaptive,bit_flip,offspring,feasible_start_adaptive_spacing,,,,feasible_start_adaptive_spacing,0.5,,True,auto_from_instance,0.75,0.35,"10,25,27,36,49","18,19,20,21,27,33",,,,,,"H[5,10,15,25,27,36,37,47,49]|V[18,19,20,21,27,30,33]",2d76234bebc6b4bba430e32996fc38cedfb52741
proposed_nsga2_bs_Gyorgy-KOVACS_WH_Narrow_AW_4_seed_129,proposed_nsga2_bs,Gyorgy-KOVACS_WH_Narrow_AW_4,129,2,auto_from_instance,12,18,4,30,216,,,,,4,1,8,root > V:18 > BH:27 > BH:49 > BH:39 > BH:29 > BH:17 > BH:7 > BV:30,selected,3,inf,True,664,218,446,768.0,1.0,1.0,True,True,1,1,0,True,1,1,0,0,True,True,0,9,7,9,7,1,PF_SS,sampled_pool,,,True,0.16666666666666666,0.16047017690662221,0.8333333333333334,0.1,adaptive,bit_flip,offspring,feasible_start_adaptive_spacing,,,,feasible_start_adaptive_spacing,0.5,,True,auto_from_instance,0.75,0.35,"10,25,27,36,49","18,19,20,21,27,33",,,,,,"H[7,10,17,25,27,29,36,39,49]|V[18,19,20,21,27,30,33]",194790e90d8eea3e2ac59491345ee26809534fa0
proposed_nsga2_bs_Gyorgy-KOVACS_WH_Narrow_AW_4_seed_129,proposed_nsga2_bs,Gyorgy-KOVACS_WH_Narrow_AW_4,129,2,auto_from_instance,12,18,4,30,216,,,,,5,2,4,root > V:28 > BH:27 > BV:19 > BV:19,selected,0,inf,True,680,262,418,472.0,1.0,1.0,True,True,1,1,0,True,1,1,0,0,True,True,0,6,7,6,7,2,SS_LS_PF,sampled_pool,,,True,0.16666666666666666,0.17334940069530874,0.8333333333333334,0.1,adaptive,insert_random_aisle,offspring,feasible_start_adaptive_spacing,,,,feasible_start_adaptive_spacing,0.5,,True,auto_from_instance,0.75,0.35,"12,27,29,40,41,49","3,4,14,17,19,22,28",,,,,,"H[12,27,29,40,41,49]|V[3,4,14,17,19,22,28]",fc4825140fa5e2560776b4b932f5ef46c1588f36
proposed_nsga2_bs_Gyorgy-KOVACS_WH_Narrow_AW_4_seed_129,proposed_nsga2_bs,Gyorgy-KOVACS_WH_Narrow_AW_4,129,2,auto_from_instance,12,18,4,30,216,,,,,6,2,4,root > V:28 > BH:27 > BV:19 > BV:21,selected,1,inf,True,680,262,418,524.0,1.0,1.0,True,True,1,1,0,True,1,1,0,0,True,True,0,6,8,6,8,2,SS_LS_PF,sampled_pool,,,True,0.16666666666666666,0.17334940069530874,0.8333333333333334,0.1,adaptive,insert_random_aisle,offspring,feasible_start_adaptive_spacing,,,,feasible_start_adaptive_spacing,0.5,,True,auto_from_instance,0.75,0.35,"12,27,29,40,41,49","3,4,14,17,19,22,28",,,,,,"H[12,27,29,40,41,49]|V[3,4,14,17,19,21,22,28]",334779b46d5c288ee3031362a71af20db7b63dd5
proposed_nsga2_bs_Gyorgy-KOVACS_WH_Narrow_AW_4_seed_129,proposed_nsga2_bs,Gyorgy-KOVACS_WH_Narrow_AW_4,129,2,auto_from_instance,12,18,4,30,216,,,,,7,2,4,root > V:28 > BH:27 > BV:19 > BV:21,selected,1,0.0,True,680,262,418,524.0,1.0,1.0,True,True,1,1,0,True,1,1,0,0,True,True,0,6,8,6,8,2,SS_LS_PF,sampled_pool,,,True,0.16666666666666666,0.17334940069530874,0.8333333333333334,0.1,adaptive,insert_random_aisle,offspring,feasible_start_adaptive_spacing,,,,feasible_start_adaptive_spacing,0.5,,True,auto_from_instance,0.75,0.35,"12,27,29,40,41,49","3,4,14,17,19,22,28",,,,,,"H[12,27,29,40,41,49]|V[3,4,14,17,19,21,22,28]",8f2926ac3d427dac9f2e22e7dbb4782d03fe71f9
proposed_nsga2_bs_Gyorgy-KOVACS_WH_Narrow_AW_4_seed_129,proposed_nsga2_bs,Gyorgy-KOVACS_WH_Narrow_AW_4,129,2,auto_from_instance,12,18,4,30,216,,,,,8,2,4,root > V:28 > BH:27 > BV:19 > BV:17,selected,1,inf,True,680,262,418,524.0,1.0,1.0,True,True,1,1,0,True,1,1,0,0,True,True,0,6,7,6,7,2,SS_LS_PF,sampled_pool,,,True,0.16666666666666666,0.17334940069530874,0.8333333333333334,0.1,adaptive,insert_random_aisle,offspring,feasible_start_adaptive_spacing,,,,feasible_start_adaptive_spacing,0.5,,True,auto_from_instance,0.75,0.35,"12,27,29,40,41,49","3,4,14,17,19,22,28",,,,,,"H[12,27,29,40,41,49]|V[3,4,14,17,19,22,28]",c3a8d798cccc0ae6137f5d1801f12286f82d75a7
proposed_nsga2_bs_Gyorgy-KOVACS_WH_Narrow_AW_4_seed_129,proposed_nsga2_bs,Gyorgy-KOVACS_WH_Narrow_AW_4,129,2,auto_from_instance,12,18,4,30,216,,,,,9,3,4,root > V:27 > BH:27 > BV:19 > BV:19,selected,1,inf,True,684,260,424,484.0,1.0,1.0,True,True,1,1,0,True,1,1,0,0,True,True,0,7,7,7,7,3,RP_LS,sampled_pool,,,False,0.16666666666666666,0.17427955171389412,0.8333333333333334,0.1,adaptive,remove_random_aisle,offspring,feasible_start_adaptive_spacing,,,,feasible_start_adaptive_spacing,0.5,,True,auto_from_instance,0.75,0.35,"14,15,17,25,27,36,49","15,19,20,21,23,27,30",,,,,,"H[14,15,17,25,27,36,49]|V[15,19,20,21,23,27,30]",9baad5a6d6d08df213ec54891109e23b1069a9a5
proposed_nsga2_bs_Gyorgy-KOVACS_WH_Narrow_AW_4_seed_129,proposed_nsga2_bs,Gyorgy-KOVACS_WH_Narrow_AW_4,129,2,auto_from_instance,12,18,4,30,216,,,,,10,3,4,root > V:27 > BH:27 > BV:17 > BV:19,selected,1,0.0,True,684,260,424,484.0,1.0,1.0,True,True,1,1,0,True,1,1,0,0,True,True,0,7,8,7,8,3,RP_LS,sampled_pool,,,False,0.16666666666666666,0.17427955171389412,0.8333333333333334,0.1,adaptive,remove_random_aisle,offspring,feasible_start_adaptive_spacing,,,,feasible_start_adaptive_spacing,0.5,,True,auto_from_instance,0.75,0.35,"14,15,17,25,27,36,49","15,19,20,21,23,27,30",,,,,,"H[14,15,17,25,27,36,49]|V[15,17,19,20,21,23,27,30]",7ea492661f4a7d780540a41c5bfc758906148e19
proposed_nsga2_bs_Gyorgy-KOVACS_WH_Narrow_AW_4_seed_129,proposed_nsga2_bs,Gyorgy-KOVACS_WH_Narrow_AW_4,129,2,auto_from_instance,12,18,4,30,216,,,,,11,3,4,root > V:27 > BH:27 > BV:19 > BV:17,selected,1,0.0,True,684,260,424,484.0,1.0,1.0,True,True,1,1,0,True,1,1,0,0,True,True,0,7,8,7,8,3,RP_LS,sampled_pool,,,False,0.16666666666666666,0.17427955171389412,0.8333333333333334,0.1,adaptive,remove_random_aisle,offspring,feasible_start_adaptive_spacing,,,,feasible_start_adaptive_spacing,0.5,,True,auto_from_instance,0.75,0.35,"14,15,17,25,27,36,49","15,19,20,21,23,27,30",,,,,,"H[14,15,17,25,27,36,49]|V[15,17,19,20,21,23,27,30]",59c55a28d53f47701301421f850890ad1de7d63b
proposed_nsga2_bs_Gyorgy-KOVACS_WH_Narrow_AW_4_seed_129,proposed_nsga2_bs,Gyorgy-KOVACS_WH_Narrow_AW_4,129,2,auto_from_instance,12,18,4,30,216,,,,,12,3,4,root > V:27 > BH:27 > BV:17 > BV:17,selected,1,inf,True,684,260,424,484.0,1.0,1.0,True,True,1,1,0,True,1,1,0,0,True,True,0,7,8,7,8,3,RP_LS,sampled_pool,,,False,0.16666666666666666,0.17427955171389412,0.8333333333333334,0.1,adaptive,remove_random_aisle,offspring,feasible_start_adaptive_spacing,,,,feasible_start_adaptive_spacing,0.5,,True,auto_from_instance,0.75,0.35,"14,15,17,25,27,36,49","15,19,20,21,23,27,30",,,,,,"H[14,15,17,25,27,36,49]|V[15,17,19,20,21,23,27,30]",6732d5258a9313035bead181283e041def90bbb2
proposed_nsga2_bs_Gyorgy-KOVACS_WH_Narrow_AW_4_seed_129,proposed_nsga2_bs,Gyorgy-KOVACS_WH_Narrow_AW_4,129,3,auto_from_instance,12,18,4,30,216,,,,,1,1,4,root > V:28 > BH:27 > BV:19 > BV:19,selected,0,inf,True,680,262,418,472.0,1.0,1.0,True,True,1,1,0,True,1,1,0,0,True,True,0,7,7,7,7,1,LS_SS,sampled_pool,,,True,0.2222222222222222,0.2516609579365709,0.7777777777777778,0.1,adaptive,insert_random_aisle,offspring,feasible_start_adaptive_spacing,,,,feasible_start_adaptive_spacing,0.5,,True,auto_from_instance,0.75,0.35,"12,15,27,29,40,41,49","3,4,14,17,19,22,28",,,,,,"H[12,15,27,29,40,41,49]|V[3,4,14,17,19,22,28]",fc4825140fa5e2560776b4b932f5ef46c1588f36
proposed_nsga2_bs_Gyorgy-KOVACS_WH_Narrow_AW_4_seed_129,proposed_nsga2_bs,Gyorgy-KOVACS_WH_Narrow_AW_4,129,3,auto_from_instance,12,18,4,30,216,,,,,2,1,4,root > V:28 > BH:27 > BV:19 > BV:21,selected,1,inf,True,680,262,418,524.0,1.0,1.0,True,True,1,1,0,True,1,1,0,0,True,True,0,7,8,7,8,1,LS_SS,sampled_pool,,,True,0.2222222222222222,0.2516609579365709,0.7777777777777778,0.1,adaptive,insert_random_aisle,offspring,feasible_start_adaptive_spacing,,,,feasible_start_adaptive_spacing,0.5,,True,auto_from_instance,0.75,0.35,"12,15,27,29,40,41,49","3,4,14,17,19,22,28",,,,,,"H[12,15,27,29,40,41,49]|V[3,4,14,17,19,21,22,28]",334779b46d5c288ee3031362a71af20db7b63dd5
proposed_nsga2_bs_Gyorgy-KOVACS_WH_Narrow_AW_4_seed_129,proposed_nsga2_bs,Gyorgy-KOVACS_WH_Narrow_AW_4,129,3,auto_from_instance,12,18,4,30,216,,,,,3,1,4,root > V:28 > BH:27 > BV:19 > BV:21,selected,1,0.0,True,680,262,418,524.0,1.0,1.0,True,True,1,1,0,True,1,1,0,0,True,True,0,7,8,7,8,1,LS_SS,sampled_pool,,,True,0.2222222222222222,0.2516609579365709,0.7777777777777778,0.1,adaptive,insert_random_aisle,offspring,feasible_start_adaptive_spacing,,,,feasible_start_adaptive_spacing,0.5,,True,auto_from_instance,0.75,0.35,"12,15,27,29,40,41,49","3,4,14,17,19,22,28",,,,,,"H[12,15,27,29,40,41,49]|V[3,4,14,17,19,21,22,28]",8f2926ac3d427dac9f2e22e7dbb4782d03fe71f9
proposed_nsga2_bs_Gyorgy-KOVACS_WH_Narrow_AW_4_seed_129,proposed_nsga2_bs,Gyorgy-KOVACS_WH_Narrow_AW_4,129,3,auto_from_instance,12,18,4,30,216,,,,,4,1,4,root > V:28 > BH:27 > BV:19 > BV:17,selected,1,inf,True,680,262,418,524.0,1.0,1.0,True,True,1,1,0,True,1,1,0,0,True,True,0,7,7,7,7,1,LS_SS,sampled_pool,,,True,0.2222222222222222,0.2516609579365709,0.7777777777777778,0.1,adaptive,insert_random_aisle,offspring,feasible_start_adaptive_spacing,,,,feasible_start_adaptive_spacing,0.5,,True,auto_from_instance,0.75,0.35,"12,15,27,29,40,41,49","3,4,14,17,19,22,28",,,,,,"H[12,15,27,29,40,41,49]|V[3,4,14,17,19,22,28]",c3a8d798cccc0ae6137f5d1801f12286f82d75a7
proposed_nsga2_bs_Gyorgy-KOVACS_WH_Narrow_AW_4_seed_129,proposed_nsga2_bs,Gyorgy-KOVACS_WH_Narrow_AW_4,129,3,auto_from_instance,12,18,4,30,216,,,,,5,2,4,root > V:28 > BH:27 > BV:21 > BV:21,evaluated,2,inf,False,680,262,418,576.0,1.0,1.0,True,True,1,1,0,True,1,1,0,0,True,True,0,6,8,6,8,2,PF,sampled_pool,,,False,0.2222222222222222,0.21945829864945693,0.7777777777777778,0.1,adaptive,break_symmetry,offspring,feasible_start_adaptive_spacing,,,,feasible_start_adaptive_spacing,0.5,,True,auto_from_instance,0.75,0.35,"12,27,29,40,41,49","3,5,14,17,19,21,22,28",,,,,,"H[12,27,29,40,41,49]|V[3,5,14,17,19,21,22,28]",67a6f4f8f954f77d80a9f7aeff15d9041dc361bd
proposed_nsga2_bs_Gyorgy-KOVACS_WH_Narrow_AW_4_seed_129,proposed_nsga2_bs,Gyorgy-KOVACS_WH_Narrow_AW_4,129,3,auto_from_instance,12,18,4,30,216,,,,,6,2,4,root > V:28 > BH:27 > BV:17 > BV:21,evaluated,2,inf,False,680,262,418,576.0,1.0,1.0,True,True,1,1,0,True,1,1,0,0,True,True,0,6,8,6,8,2,PF,sampled_pool,,,False,0.2222222222222222,0.21945829864945693,0.7777777777777778,0.1,adaptive,break_symmetry,offspring,feasible_start_adaptive_spacing,,,,feasible_start_adaptive_spacing,0.5,,True,auto_from_instance,0.75,0.35,"12,27,29,40,41,49","3,5,14,17,19,21,22,28",,,,,,"H[12,27,29,40,41,49]|V[3,5,14,17,19,21,22,28]",0cf129bcce89e5f8a26de7d155210a53886c00dc
proposed_nsga2_bs_Gyorgy-KOVACS_WH_Narrow_AW_4_seed_129,proposed_nsga2_bs,Gyorgy-KOVACS_WH_Narrow_AW_4,129,3,auto_from_instance,12,18,4,30,216,,,,,7,5,8,root > V:17 > BH:27 > BH:5 > BH:15 > BH:25 > BH:37 > BH:47 > BV:27,selected,1,0.9085185185185185,True,648,237,411,490.0,1.0,1.0,True,True,1,1,0,True,1,1,0,0,True,True,0,12,6,12,6,5,LS_RP,sampled_pool,,,False,0.2222222222222222,0.26525560853194996,0.7777777777777778,0.1,adaptive,swap_segments,offspring,feasible_start_adaptive_spacing,,,,feasible_start_adaptive_spacing,0.5,,True,auto_from_instance,0.75,0.35,"14,15,17,25,27,36,40,41,49","4,7,13,17,29",,,,,,"H[5,14,15,17,25,27,36,37,40,41,47,49]|V[4,7,13,17,27,29]",3ab80a1d8e68880e815ad780c83cfc2449e7f93f
proposed_nsga2_bs_Gyorgy-KOVACS_WH_Narrow_AW_4_seed_129,proposed_nsga2_bs,Gyorgy-KOVACS_WH_Narrow_AW_4,129,3,auto_from_instance,12,18,4,30,216,,,,,8,5,8,root > V:17 > BH:27 > BH:49 > BH:39 > BH:29 > BH:17 > BH:7 > BV:27,selected,1,inf,True,648,237,411,490.0,1.0,1.0,True,True,1,1,0,True,1,1,0,0,True,True,0,12,6,12,6,5,LS_RP,sampled_pool,,,False,0.2222222222222222,0.26525560853194996,0.7777777777777778,0.1,adaptive,swap_segments,offspring,feasible_start_adaptive_spacing,,,,feasible_start_adaptive_spacing,0.5,,True,auto_from_instance,0.75,0.35,"14,15,17,25,27,36,40,41,49","4,7,13,17,29",,,,,,"H[7,14,15,17,25,27,29,36,39,40,41,49]|V[4,7,13,17,27,29]",451b31cd7494c0e29ac39737991e84853f054397
proposed_nsga2_bs_Gyorgy-KOVACS_WH_Narrow_AW_4_seed_129,proposed_nsga2_bs,Gyorgy-KOVACS_WH_Narrow_AW_4,129,3,auto_from_instance,12,18,4,30,216,,,,,9,5,8,root > V:17 > BH:27 > BH:5 > BH:15 > BH:25 > BH:37 > BH:47 > BV:25,evaluated,3,inf,False,648,237,411,544.0,1.0,1.0,True,True,1,1,0,True,1,1,0,0,True,True,0,12,6,12,6,5,LS_RP,sampled_pool,,,False,0.2222222222222222,0.26525560853194996,0.7777777777777778,0.1,adaptive,swap_segments,offspring,feasible_start_adaptive_spacing,,,,feasible_start_adaptive_spacing,0.5,,True,auto_from_instance,0.75,0.35,"14,15,17,25,27,36,40,41,49","4,7,13,17,29",,,,,,"H[5,14,15,17,25,27,36,37,40,41,47,49]|V[4,7,13,17,25,29]",24e93b3467ee5334276be59c5b6e878bb2e06a66
proposed_nsga2_bs_Gyorgy-KOVACS_WH_Narrow_AW_4_seed_129,proposed_nsga2_bs,Gyorgy-KOVACS_WH_Narrow_AW_4,129,3,auto_from_instance,12,18,4,30,216,,,,,10,5,8,root > V:17 > BH:27 > BH:49 > BH:39 > BH:29 > BH:17 > BH:7 > BV:25,evaluated,3,inf,False,648,237,411,544.0,1.0,1.0,True,True,1,1,0,True,1,1,0,0,True,True,0,12,6,12,6,5,LS_RP,sampled_pool,,,False,0.2222222222222222,0.26525560853194996,0.7777777777777778,0.1,adaptive,swap_segments,offspring,feasible_start_adaptive_spacing,,,,feasible_start_adaptive_spacing,0.5,,True,auto_from_instance,0.75,0.35,"14,15,17,25,27,36,40,41,49","4,7,13,17,29",,,,,,"H[7,14,15,17,25,27,29,36,39,40,41,49]|V[4,7,13,17,25,29]",19631d63ec0204b55a5a6d539d26aaf84a80581d
proposed_nsga2_bs_Gyorgy-KOVACS_WH_Narrow_AW_4_seed_129,proposed_nsga2_bs,Gyorgy-KOVACS_WH_Narrow_AW_4,129,3,auto_from_instance,12,18,4,30,216,,,,,11,9,8,root > V:17 > BH:27 > BH:49 > BH:41 > BH:29 > BH:17 > BH:9 > BV:27,selected,1,inf,True,640,243,397,493.0,1.0,1.0,True,True,1,1,0,True,1,1,0,0,True,True,0,10,7,10,7,9,LS,sampled_pool,,,False,0.2222222222222222,0.3165319854003085,0.7777777777777778,0.1,adaptive,swap_segments,offspring,feasible_start_adaptive_spacing,,,,feasible_start_adaptive_spacing,0.5,,True,auto_from_instance,0.75,0.35,"5,14,15,17,27,29,40,41","17,19,20,21,23,27,30",,,,,,"H[5,9,14,15,17,27,29,40,41,49]|V[17,19,20,21,23,27,30]",6b741b69cafdf845076912c9118d6404ec3124cc
proposed_nsga2_bs_Gyorgy-KOVACS_WH_Narrow_AW_4_seed_129,proposed_nsga2_bs,Gyorgy-KOVACS_WH_Narrow_AW_4,129,3,auto_from_instance,12,18,4,30,216,,,,,12,9,8,root > V:17 > BH:27 > BH:49 > BH:39 > BH:29 > BH:17 > BH:9 > BV:27,selected,0,inf,True,640,243,397,467.0,1.0,1.0,True,True,1,1,0,True,1,1,0,0,True,True,0,11,7,11,7,9,LS,sampled_pool,,,False,0.2222222222222222,0.3165319854003085,0.7777777777777778,0.1,adaptive,swap_segments,offspring,feasible_start_adaptive_spacing,,,,feasible_start_adaptive_spacing,0.5,,True,auto_from_instance,0.75,0.35,"5,14,15,17,27,29,40,41","17,19,20,21,23,27,30",,,,,,"H[5,9,14,15,17,27,29,39,40,41,49]|V[17,19,20,21,23,27,30]",c31e5af53b1ab973249c91c35b02a53fe27d43b5
proposed_nsga2_bs_Gyorgy-KOVACS_WH_Narrow_AW_4_seed_129,proposed_nsga2_bs,Gyorgy-KOVACS_WH_Narrow_AW_4,129,3,auto_from_instance,12,18,4,30,216,,,,,13,9,8,root > V:17 > BH:27 > BH:49 > BH:41 > BH:29 > BH:17 > BH:9 > BV:25,evaluated,3,inf,False,640,243,397,565.0,1.0,1.0,True,True,1,1,0,True,1,1,0,0,True,True,0,10,8,10,8,9,LS,sampled_pool,,,False,0.2222222222222222,0.3165319854003085,0.7777777777777778,0.1,adaptive,swap_segments,offspring,feasible_start_adaptive_spacing,,,,feasible_start_adaptive_spacing,0.5,,True,auto_from_instance,0.75,0.35,"5,14,15,17,27,29,40,41","17,19,20,21,23,27,30",,,,,,"H[5,9,14,15,17,27,29,40,41,49]|V[17,19,20,21,23,25,27,30]",39a901559adc49da187861c456901969a94fbc3c
proposed_nsga2_bs_Gyorgy-KOVACS_WH_Narrow_AW_4_seed_129,proposed_nsga2_bs,Gyorgy-KOVACS_WH_Narrow_AW_4,129,3,auto_from_instance,12,18,4,30,216,,,,,14,9,8,root > V:17 > BH:27 > BH:49 > BH:39 > BH:29 > BH:17 > BH:9 > BV:25,evaluated,2,inf,False,640,243,397,539.0,1.0,1.0,True,True,1,1,0,True,1,1,0,0,True,True,0,11,8,11,8,9,LS,sampled_pool,,,False,0.2222222222222222,0.3165319854003085,0.7777777777777778,0.1,adaptive,swap_segments,offspring,feasible_start_adaptive_spacing,,,,feasible_start_adaptive_spacing,0.5,,True,auto_from_instance,0.75,0.35,"5,14,15,17,27,29,40,41","17,19,20,21,23,27,30",,,,,,"H[5,9,14,15,17,27,29,39,40,41,49]|V[17,19,20,21,23,25,27,30]",4fcb480805af1c3aff3bd464c714a0dc9bc119e4
proposed_nsga2_bs_Gyorgy-KOVACS_WH_Narrow_AW_4_seed_129,proposed_nsga2_bs,Gyorgy-KOVACS_WH_Narrow_AW_4,129,3,auto_from_instance,12,18,4,30,216,,,,,15,12,4,root > V:27 > BH:27 > BV:19 > BV:19,selected,1,inf,True,684,260,424,484.0,1.0,1.0,True,True,1,1,0,True,1,1,0,0,True,True,0,8,10,8,10,12,RP,sampled_pool,,,False,0.2222222222222222,0.3366940175001949,0.7777777777777778,0.1,adaptive,spacing_aware_flip,offspring,feasible_start_adaptive_spacing,,,,feasible_start_adaptive_spacing,0.5,,True,auto_from_instance,0.75,0.35,"14,15,17,25,27,32,36,49","3,4,14,17,19,20,21,23,27,30",,,,,,"H[14,15,17,25,27,32,36,49]|V[3,4,14,17,19,20,21,23,27,30]",9baad5a6d6d08df213ec54891109e23b1069a9a5
proposed_nsga2_bs_Gyorgy-KOVACS_WH_Narrow_AW_4_seed_129,proposed_nsga2_bs,Gyorgy-KOVACS_WH_Narrow_AW_4,129,3,auto_from_instance,12,18,4,30,216,,,,,16,12,4,root > V:27 > BH:27 > BV:17 > BV:19,selected,1,0.0,True,684,260,424,484.0,1.0,1.0,True,True,1,1,0,True,1,1,0,0,True,True,0,8,10,8,10,12,RP,sampled_pool,,,False,0.2222222222222222,0.3366940175001949,0.7777777777777778,0.1,adaptive,spacing_aware_flip,offspring,feasible_start_adaptive_spacing,,,,feasible_start_adaptive_spacing,0.5,,True,auto_from_instance,0.75,0.35,"14,15,17,25,27,32,36,49","3,4,14,17,19,20,21,23,27,30",,,,,,"H[14,15,17,25,27,32,36,49]|V[3,4,14,17,19,20,21,23,27,30]",7ea492661f4a7d780540a41c5bfc758906148e19
proposed_nsga2_bs_Gyorgy-KOVACS_WH_Narrow_AW_4_seed_129,proposed_nsga2_bs,Gyorgy-KOVACS_WH_Narrow_AW_4,129,3,auto_from_instance,12,18,4,30,216,,,,,17,12,4,root > V:27 > BH:27 > BV:19 > BV:17,selected,1,0.0,True,684,260,424,484.0,1.0,1.0,True,True,1,1,0,True,1,1,0,0,True,True,0,8,10,8,10,12,RP,sampled_pool,,,False,0.2222222222222222,0.3366940175001949,0.7777777777777778,0.1,adaptive,spacing_aware_flip,offspring,feasible_start_adaptive_spacing,,,,feasible_start_adaptive_spacing,0.5,,True,auto_from_instance,0.75,0.35,"14,15,17,25,27,32,36,49","3,4,14,17,19,20,21,23,27,30",,,,,,"H[14,15,17,25,27,32,36,49]|V[3,4,14,17,19,20,21,23,27,30]",59c55a28d53f47701301421f850890ad1de7d63b
proposed_nsga2_bs_Gyorgy-KOVACS_WH_Narrow_AW_4_seed_129,proposed_nsga2_bs,Gyorgy-KOVACS_WH_Narrow_AW_4,129,3,auto_from_instance,12,18,4,30,216,,,,,18,12,4,root > V:27 > BH:27 > BV:17 > BV:17,selected,1,inf,True,684,260,424,484.0,1.0,1.0,True,True,1,1,0,True,1,1,0,0,True,True,0,8,10,8,10,12,RP,sampled_pool,,,False,0.2222222222222222,0.3366940175001949,0.7777777777777778,0.1,adaptive,spacing_aware_flip,offspring,feasible_start_adaptive_spacing,,,,feasible_start_adaptive_spacing,0.5,,True,auto_from_instance,0.75,0.35,"14,15,17,25,27,32,36,49","3,4,14,17,19,20,21,23,27,30",,,,,,"H[14,15,17,25,27,32,36,49]|V[3,4,14,17,19,20,21,23,27,30]",6732d5258a9313035bead181283e041def90bbb2
proposed_nsga2_bs_Gyorgy-KOVACS_WH_Narrow_AW_4_seed_129,proposed_nsga2_bs,Gyorgy-KOVACS_WH_Narrow_AW_4,129,4,auto_from_instance,12,18,4,30,216,,,,,1,1,8,root > V:17 > BH:27 > BH:49 > BH:41 > BH:29 > BH:17 > BH:9 > BV:27,selected,1,inf,True,640,243,397,493.0,1.0,1.0,True,True,1,1,0,True,1,1,0,0,True,True,0,12,9,12,9,1,LS,sampled_pool,,,False,0.2777777777777778,0.20001652939578085,0.7222222222222222,0.1,adaptive,bit_flip,offspring,feasible_start_adaptive_spacing,,,,feasible_start_adaptive_spacing,0.5,,True,auto_from_instance,0.75,0.35,"14,15,17,25,27,32,36,44,49","3,4,17,19,20,21,23,27,30",,,,,,"H[9,14,15,17,25,27,29,32,36,41,44,49]|V[3,4,17,19,20,21,23,27,30]",6b741b69cafdf845076912c9118d6404ec3124cc
proposed_nsga2_bs_Gyorgy-KOVACS_WH_Narrow_AW_4_seed_129,proposed_nsga2_bs,Gyorgy-KOVACS_WH_Narrow_AW_4,129,4,auto_from_instance,12,18,4,30,216,,,,,2,1,8,root > V:17 > BH:27 > BH:49 > BH:39 > BH:29 > BH:17 > BH:9 > BV:27,selected,0,inf,True,640,243,397,467.0,1.0,1.0,True,True,1,1,0,True,1,1,0,0,True,True,0,12,9,12,9,1,LS,sampled_pool,,,False,0.2777777777777778,0.20001652939578085,0.7222222222222222,0.1,adaptive,bit_flip,offspring,feasible_start_adaptive_spacing,,,,feasible_start_adaptive_spacing,0.5,,True,auto_from_instance,0.75,0.35,"14,15,17,25,27,32,36,44,49","3,4,17,19,20,21,23,27,30",,,,,,"H[9,14,15,17,25,27,29,32,36,39,44,49]|V[3,4,17,19,20,21,23,27,30]",c31e5af53b1ab973249c91c35b02a53fe27d43b5
proposed_nsga2_bs_Gyorgy-KOVACS_WH_Narrow_AW_4_seed_129,proposed_nsga2_bs,Gyorgy-KOVACS_WH_Narrow_AW_4,129,4,auto_from_instance,12,18,4,30,216,,,,,3,1,8,root > V:17 > BH:27 > BH:49 > BH:41 > BH:29 > BH:17 > BH:9 > BV:25,evaluated,3,inf,False,640,243,397,565.0,1.0,1.0,True,True,1,1,0,True,1,1,0,0,True,True,0,12,10,12,10,1,LS,sampled_pool,,,False,0.2777777777777778,0.20001652939578085,0.7222222222222222,0.1,adaptive,bit_flip,offspring,feasible_start_adaptive_spacing,,,,feasible_start_adaptive_spacing,0.5,,True,auto_from_instance,0.75,0.35,"14,15,17,25,27,32,36,44,49","3,4,17,19,20,21,23,27,30",,,,,,"H[9,14,15,17,25,27,29,32,36,41,44,49]|V[3,4,17,19,20,21,23,25,27,30]",39a901559adc49da187861c456901969a94fbc3c
proposed_nsga2_bs_Gyorgy-KOVACS_WH_Narrow_AW_4_seed_129,proposed_nsga2_bs,Gyorgy-KOVACS_WH_Narrow_AW_4,129,4,auto_from_instance,12,18,4,30,216,,,,,4,1,8,root > V:17 > BH:27 > BH:49 > BH:39 > BH:29 > BH:17 > BH:9 > BV:25,evaluated,2,inf,False,640,243,397,539.0,1.0,1.0,True,True,1,1,0,True,1,1,0,0,True,True,0,12,10,12,10,1,LS,sampled_pool,,,False,0.2777777777777778,0.20001652939578085,0.7222222222222222,0.1,adaptive,bit_flip,offspring,feasible_start_adaptive_spacing,,,,feasible_start_adaptive_spacing,0.5,,True,auto_from_instance,0.75,0.35,"14,15,17,25,27,32,36,44,49","3,4,17,19,20,21,23,27,30",,,,,,"H[9,14,15,17,25,27,29,32,36,39,44,49]|V[3,4,17,19,20,21,23,25,27,30]",4fcb480805af1c3aff3bd464c714a0dc9bc119e4
proposed_nsga2_bs_Gyorgy-KOVACS_WH_Narrow_AW_4_seed_129,proposed_nsga2_bs,Gyorgy-KOVACS_WH_Narrow_AW_4,129,4,auto_from_instance,12,18,4,30,216,,,,,5,2,8,root > V:17 > BH:27 > BH:5 > BH:15 > BH:25 > BH:37 > BH:47 > BV:27,selected,1,0.9085185185185185,True,648,237,411,490.0,1.0,1.0,True,True,1,1,0,True,1,1,0,0,True,True,0,14,9,14,9,2,PF_LS_RP,sampled_pool,,,False,0.2777777777777778,0.33662363279367635,0.7222222222222222,0.1,adaptive,bit_flip,offspring,feasible_start_adaptive_spacing,,,,feasible_start_adaptive_spacing,0.5,,True,auto_from_instance,0.75,0.35,"5,9,14,15,17,27,29,39,40,41,49","10,14,17,19,20,21,23,27,30",,,,,,"H[5,9,14,15,17,25,27,29,37,39,40,41,47,49]|V[10,14,17,19,20,21,23,27,30]",3ab80a1d8e68880e815ad780c83cfc2449e7f93f
proposed_nsga2_bs_Gyorgy-KOVACS_WH_Narrow_AW_4_seed_129,proposed_nsga2_bs,Gyorgy-KOVACS_WH_Narrow_AW_4,129,4,auto_from_instance,12,18,4,30,216,,,,,6,2,8,root > V:17 > BH:27 > BH:49 > BH:39 > BH:29 > BH:17 > BH:7 > BV:27,selected,1,inf,True,648,237,411,490.0,1.0,1.0,True,True,1,1,0,True,1,1,0,0,True,True,0,12,9,12,9,2,PF_LS_RP,sampled_pool,,,False,0.2777777777777778,0.33662363279367635,0.7222222222222222,0.1,adaptive,bit_flip,offspring,feasible_start_adaptive_spacing,,,,feasible_start_adaptive_spacing,0.5,,True,auto_from_instance,0.75,0.35,"5,9,14,15,17,27,29,39,40,41,49","10,14,17,19,20,21,23,27,30",,,,,,"H[5,7,9,14,15,17,27,29,39,40,41,49]|V[10,14,17,19,20,21,23,27,30]",451b31cd7494c0e29ac39737991e84853f054397
proposed_nsga2_bs_Gyorgy-KOVACS_WH_Narrow_AW_4_seed_129,proposed_nsga2_bs,Gyorgy-KOVACS_WH_Narrow_AW_4,129,4,auto_from_instance,12,18,4,30,216,,,,,7,2,8,root > V:17 > BH:27 > BH:5 > BH:15 > BH:25 > BH:37 > BH:47 > BV:25,evaluated,3,inf,False,648,237,411,544.0,1.0,1.0,True,True,1,1,0,True,1,1,0,0,True,True,0,14,10,14,10,2,PF_LS_RP,sampled_pool,,,False,0.2777777777777778,0.33662363279367635,0.7222222222222222,0.1,adaptive,bit_flip,offspring,feasible_start_adaptive_spacing,,,,feasible_start_adaptive_spacing,0.5,,True,auto_from_instance,0.75,0.35,"5,9,14,15,17,27,29,39,40,41,49","10,14,17,19,20,21,23,27,30",,,,,,"H[5,9,14,15,17,25,27,29,37,39,40,41,47,49]|V[10,14,17,19,20,21,23,25,27,30]",24e93b3467ee5334276be59c5b6e878bb2e06a66
proposed_nsga2_bs_Gyorgy-KOVACS_WH_Narrow_AW_4_seed_129,proposed_nsga2_bs,Gyorgy-KOVACS_WH_Narrow_AW_4,129,4,auto_from_instance,12,18,4,30,216,,,,,8,2,8,root > V:17 > BH:27 > BH:49 > BH:39 > BH:29 > BH:17 > BH:7 > BV:25,evaluated,3,inf,False,648,237,411,544.0,1.0,1.0,True,True,1,1,0,True,1,1,0,0,True,True,0,12,10,12,10,2,PF_LS_RP,sampled_pool,,,False,0.2777777777777778,0.33662363279367635,0.7222222222222222,0.1,adaptive,bit_flip,offspring,feasible_start_adaptive_spacing,,,,feasible_start_adaptive_spacing,0.5,,True,auto_from_instance,0.75,0.35,"5,9,14,15,17,27,29,39,40,41,49","10,14,17,19,20,21,23,27,30",,,,,,"H[5,7,9,14,15,17,27,29,39,40,41,49]|V[10,14,17,19,20,21,23,25,27,30]",19631d63ec0204b55a5a6d539d26aaf84a80581d
proposed_nsga2_bs_Gyorgy-KOVACS_WH_Narrow_AW_4_seed_129,proposed_nsga2_bs,Gyorgy-KOVACS_WH_Narrow_AW_4,129,4,auto_from_instance,12,18,4,30,216,,,,,9,3,4,root > V:28 > BH:27 > BV:19 > BV:19,selected,0,inf,True,680,262,418,472.0,1.0,1.0,True,True,1,1,0,True,1,1,0,0,True,True,0,7,9,7,9,3,LS_RP,sampled_pool,,,False,0.2777777777777778,0.3711427677561979,0.7222222222222222,0.1,adaptive,insert_random_aisle,offspring,feasible_start_adaptive_spacing,,,,feasible_start_adaptive_spacing,0.5,,True,auto_from_instance,0.75,0.35,"12,15,27,32,40,41,49","3,4,14,17,19,21,22,26,28",,,,,,"H[12,15,27,32,40,41,49]|V[3,4,14,17,19,21,22,26,28]",fc4825140fa5e2560776b4b932f5ef46c1588f36
proposed_nsga2_bs_Gyorgy-KOVACS_WH_Narrow_AW_4_seed_129,proposed_nsga2_bs,Gyorgy-KOVACS_WH_Narrow_AW_4,129,4,auto_from_instance,12,18,4,30,216,,,,,10,3,4,root > V:28 > BH:27 > BV:19 > BV:21,selected,1,inf,True,680,262,418,524.0,1.0,1.0,True,True,1,1,0,True,1,1,0,0,True,True,0,7,9,7,9,3,LS_RP,sampled_pool,,,False,0.2777777777777778,0.3711427677561979,0.7222222222222222,0.1,adaptive,insert_random_aisle,offspring,feasible_start_adaptive_spacing,,,,feasible_start_adaptive_spacing,0.5,,True,auto_from_instance,0.75,0.35,"12,15,27,32,40,41,49","3,4,14,17,19,21,22,26,28",,,,,,"H[12,15,27,32,40,41,49]|V[3,4,14,17,19,21,22,26,28]",334779b46d5c288ee3031362a71af20db7b63dd5
proposed_nsga2_bs_Gyorgy-KOVACS_WH_Narrow_AW_4_seed_129,proposed_nsga2_bs,Gyorgy-KOVACS_WH_Narrow_AW_4,129,4,auto_from_instance,12,18,4,30,216,,,,,11,3,4,root > V:28 > BH:27 > BV:19 > BV:21,selected,1,0.0,True,680,262,418,524.0,1.0,1.0,True,True,1,1,0,True,1,1,0,0,True,True,0,7,9,7,9,3,LS_RP,sampled_pool,,,False,0.2777777777777778,0.3711427677561979,0.7222222222222222,0.1,adaptive,insert_random_aisle,offspring,feasible_start_adaptive_spacing,,,,feasible_start_adaptive_spacing,0.5,,True,auto_from_instance,0.75,0.35,"12,15,27,32,40,41,49","3,4,14,17,19,21,22,26,28",,,,,,"H[12,15,27,32,40,41,49]|V[3,4,14,17,19,21,22,26,28]",8f2926ac3d427dac9f2e22e7dbb4782d03fe71f9
proposed_nsga2_bs_Gyorgy-KOVACS_WH_Narrow_AW_4_seed_129,proposed_nsga2_bs,Gyorgy-KOVACS_WH_Narrow_AW_4,129,4,auto_from_instance,12,18,4,30,216,,,,,12,3,4,root > V:28 > BH:27 > BV:19 > BV:17,selected,1,inf,True,680,262,418,524.0,1.0,1.0,True,True,1,1,0,True,1,1,0,0,True,True,0,7,9,7,9,3,LS_RP,sampled_pool,,,False,0.2777777777777778,0.3711427677561979,0.7222222222222222,0.1,adaptive,insert_random_aisle,offspring,feasible_start_adaptive_spacing,,,,feasible_start_adaptive_spacing,0.5,,True,auto_from_instance,0.75,0.35,"12,15,27,32,40,41,49","3,4,14,17,19,21,22,26,28",,,,,,"H[12,15,27,32,40,41,49]|V[3,4,14,17,19,21,22,26,28]",c3a8d798cccc0ae6137f5d1801f12286f82d75a7
proposed_nsga2_bs_Gyorgy-KOVACS_WH_Narrow_AW_4_seed_129,proposed_nsga2_bs,Gyorgy-KOVACS_WH_Narrow_AW_4,129,4,auto_from_instance,12,18,4,30,216,,,,,13,4,4,root > V:27 > BH:27 > BV:19 > BV:19,selected,1,inf,True,684,260,424,484.0,1.0,1.0,True,True,1,1,0,True,1,1,0,0,True,True,0,8,10,8,10,4,RP_LS,sampled_pool,,,False,0.2777777777777778,0.23736260462121297,0.7222222222222222,0.1,adaptive,swap_segments,offspring,feasible_start_adaptive_spacing,,,,feasible_start_adaptive_spacing,0.5,,True,auto_from_instance,0.75,0.35,"14,15,17,25,27,29,36,49","3,4,12,14,15,19,21,23,27,30",,,,,,"H[14,15,17,25,27,29,36,49]|V[3,4,12,14,15,19,21,23,27,30]",9baad5a6d6d08df213ec54891109e23b1069a9a5
proposed_nsga2_bs_Gyorgy-KOVACS_WH_Narrow_AW_4_seed_129,proposed_nsga2_bs,Gyorgy-KOVACS_WH_Narrow_AW_4,129,4,auto_from_instance,12,18,4,30,216,,,,,14,4,4,root > V:27 > BH:27 > BV:17 > BV:19,selected,1,0.0,True,684,260,424,484.0,1.0,1.0,True,True,1,1,0,True,1,1,0,0,True,True,0,8,11,8,11,4,RP_LS,sampled_pool,,,False,0.2777777777777778,0.23736260462121297,0.7222222222222222,0.1,adaptive,swap_segments,offspring,feasible_start_adaptive_spacing,,,,feasible_start_adaptive_spacing,0.5,,True,auto_from_instance,0.75,0.35,"14,15,17,25,27,29,36,49","3,4,12,14,15,19,21,23,27,30",,,,,,"H[14,15,17,25,27,29,36,49]|V[3,4,12,14,15,17,19,21,23,27,30]",7ea492661f4a7d780540a41c5bfc758906148e19
proposed_nsga2_bs_Gyorgy-KOVACS_WH_Narrow_AW_4_seed_129,proposed_nsga2_bs,Gyorgy-KOVACS_WH_Narrow_AW_4,129,4,auto_from_instance,12,18,4,30,216,,,,,15,4,4,root > V:27 > BH:27 > BV:19 > BV:17,selected,1,0.0,True,684,260,424,484.0,1.0,1.0,True,True,1,1,0,True,1,1,0,0,True,True,0,8,11,8,11,4,RP_LS,sampled_pool,,,False,0.2777777777777778,0.23736260462121297,0.7222222222222222,0.1,adaptive,swap_segments,offspring,feasible_start_adaptive_spacing,,,,feasible_start_adaptive_spacing,0.5,,True,auto_from_instance,0.75,0.35,"14,15,17,25,27,29,36,49","3,4,12,14,15,19,21,23,27,30",,,,,,"H[14,15,17,25,27,29,36,49]|V[3,4,12,14,15,17,19,21,23,27,30]",59c55a28d53f47701301421f850890ad1de7d63b
proposed_nsga2_bs_Gyorgy-KOVACS_WH_Narrow_AW_4_seed_129,proposed_nsga2_bs,Gyorgy-KOVACS_WH_Narrow_AW_4,129,4,auto_from_instance,12,18,4,30,216,,,,,16,4,4,root > V:27 > BH:27 > BV:17 > BV:17,selected,1,inf,True,684,260,424,484.0,1.0,1.0,True,True,1,1,0,True,1,1,0,0,True,True,0,8,11,8,11,4,RP_LS,sampled_pool,,,False,0.2777777777777778,0.23736260462121297,0.7222222222222222,0.1,adaptive,swap_segments,offspring,feasible_start_adaptive_spacing,,,,feasible_start_adaptive_spacing,0.5,,True,auto_from_instance,0.75,0.35,"14,15,17,25,27,29,36,49","3,4,12,14,15,19,21,23,27,30",,,,,,"H[14,15,17,25,27,29,36,49]|V[3,4,12,14,15,17,19,21,23,27,30]",6732d5258a9313035bead181283e041def90bbb2
proposed_nsga2_bs_Gyorgy-KOVACS_WH_Narrow_AW_4_seed_129,proposed_nsga2_bs,Gyorgy-KOVACS_WH_Narrow_AW_4,129,4,auto_from_instance,12,18,4,30,216,,,,,17,5,4,root > V:30 > BH:27 > BV:21 > BV:21,evaluated,4,inf,False,672,206,466,676.0,1.0,1.0,True,True,1,1,0,True,1,1,0,0,True,True,0,7,8,7,8,5,RP_LS,sampled_pool,,,False,0.2777777777777778,0.299930165320362,0.7222222222222222,0.1,adaptive,break_symmetry,offspring,feasible_start_adaptive_spacing,,,,feasible_start_adaptive_spacing,0.5,,True,auto_from_instance,0.75,0.35,"14,15,16,27,32,36,49","3,4,14,17,19,22,30",,,,,,"H[14,15,16,27,32,36,49]|V[3,4,14,17,19,21,22,30]",5dff680449ea54ef73abf8585de0c2ba440a4835
proposed_nsga2_bs_Gyorgy-KOVACS_WH_Narrow_AW_4_seed_129,proposed_nsga2_bs,Gyorgy-KOVACS_WH_Narrow_AW_4,129,4,auto_from_instance,12,18,4,30,216,,,,,18,5,4,root > V:30 > BH:27 > BV:19 > BV:21,evaluated,4,0.0,False,672,206,466,676.0,1.0,1.0,True,True,1,1,0,True,1,1,0,0,True,True,0,7,8,7,8,5,RP_LS,sampled_pool,,,False,0.2777777777777778,0.299930165320362,0.7222222222222222,0.1,adaptive,break_symmetry,offspring,feasible_start_adaptive_spacing,,,,feasible_start_adaptive_spacing,0.5,,True,auto_from_instance,0.75,0.35,"14,15,16,27,32,36,49","3,4,14,17,19,22,30",,,,,,"H[14,15,16,27,32,36,49]|V[3,4,14,17,19,21,22,30]",8bd280773c3be24cfc914a42e887aea361f9570c
proposed_nsga2_bs_Gyorgy-KOVACS_WH_Narrow_AW_4_seed_129,proposed_nsga2_bs,Gyorgy-KOVACS_WH_Narrow_AW_4,129,4,auto_from_instance,12,18,4,30,216,,,,,19,5,4,root > V:30 > BH:27 > BV:21 > BV:19,evaluated,4,0.0,False,672,206,466,676.0,1.0,1.0,True,True,1,1,0,True,1,1,0,0,True,True,0,7,8,7,8,5,RP_LS,sampled_pool,,,False,0.2777777777777778,0.299930165320362,0.7222222222222222,0.1,adaptive,break_symmetry,offspring,feasible_start_adaptive_spacing,,,,feasible_start_adaptive_spacing,0.5,,True,auto_from_instance,0.75,0.35,"14,15,16,27,32,36,49","3,4,14,17,19,22,30",,,,,,"H[14,15,16,27,32,36,49]|V[3,4,14,17,19,21,22,30]",0ed2b993601a455ad3c48ac7828910fea4b1be83
proposed_nsga2_bs_Gyorgy-KOVACS_WH_Narrow_AW_4_seed_129,proposed_nsga2_bs,Gyorgy-KOVACS_WH_Narrow_AW_4,129,4,auto_from_instance,12,18,4,30,216,,,,,20,5,4,root > V:30 > BH:27 > BV:19 > BV:19,evaluated,4,inf,False,672,206,466,676.0,1.0,1.0,True,True,1,1,0,True,1,1,0,0,True,True,0,7,7,7,7,5,RP_LS,sampled_pool,,,False,0.2777777777777778,0.299930165320362,0.7222222222222222,0.1,adaptive,break_symmetry,offspring,feasible_start_adaptive_spacing,,,,feasible_start_adaptive_spacing,0.5,,True,auto_from_instance,0.75,0.35,"14,15,16,27,32,36,49","3,4,14,17,19,22,30",,,,,,"H[14,15,16,27,32,36,49]|V[3,4,14,17,19,22,30]",1d86290022dd5e2c97367644c31a54117380bf1c
proposed_nsga2_bs_Gyorgy-KOVACS_WH_Narrow_AW_4_seed_129,proposed_nsga2_bs,Gyorgy-KOVACS_WH_Narrow_AW_4,129,4,auto_from_instance,12,18,4,30,216,,,,,21,12,4,root > V:28 > BH:27 > BV:21 > BV:21,evaluated,2,inf,False,680,262,418,576.0,1.0,1.0,True,True,1,1,0,True,1,1,0,0,True,True,0,8,10,8,10,12,PF,sampled_pool,,,False,0.2777777777777778,0.2941667198870667,0.7222222222222222,0.1,adaptive,spacing_aware_flip,offspring,feasible_start_adaptive_spacing,,,,feasible_start_adaptive_spacing,0.5,,True,auto_from_instance,0.75,0.35,"14,15,17,25,27,32,36,49","3,4,14,17,19,20,21,23,28,34",,,,,,"H[14,15,17,25,27,32,36,49]|V[3,4,14,17,19,20,21,23,28,34]",67a6f4f8f954f77d80a9f7aeff15d9041dc361bd
proposed_nsga2_bs_Gyorgy-KOVACS_WH_Narrow_AW_4_seed_129,proposed_nsga2_bs,Gyorgy-KOVACS_WH_Narrow_AW_4,129,4,auto_from_instance,12,18,4,30,216,,,,,22,12,4,root > V:28 > BH:27 > BV:17 > BV:21,evaluated,2,inf,False,680,262,418,576.0,1.0,1.0,True,True,1,1,0,True,1,1,0,0,True,True,0,8,10,8,10,12,PF,sampled_pool,,,False,0.2777777777777778,0.2941667198870667,0.7222222222222222,0.1,adaptive,spacing_aware_flip,offspring,feasible_start_adaptive_spacing,,,,feasible_start_adaptive_spacing,0.5,,True,auto_from_instance,0.75,0.35,"14,15,17,25,27,32,36,49","3,4,14,17,19,20,21,23,28,34",,,,,,"H[14,15,17,25,27,32,36,49]|V[3,4,14,17,19,20,21,23,28,34]",0cf129bcce89e5f8a26de7d155210a53886c00dc
proposed_nsga2_bs_Gyorgy-KOVACS_WH_Narrow_AW_4_seed_129,proposed_nsga2_bs,Gyorgy-KOVACS_WH_Narrow_AW_4,129,5,auto_from_instance,12,18,4,30,216,,,,,1,1,4,root > V:28 > BH:27 > BV:19 > BV:19,selected,0,inf,True,680,262,418,472.0,1.0,1.0,True,True,1,1,0,True,1,1,0,0,True,True,0,9,10,9,10,1,PF_SS_RP,sampled_pool,,,True,0.3333333333333333,0.30963337765279775,0.6666666666666667,0.1,adaptive,bit_flip,offspring,feasible_start_adaptive_spacing,,,,feasible_start_adaptive_spacing,0.5,,True,auto_from_instance,0.75,0.35,"12,15,27,29,32,36,39,44,49","3,4,14,17,19,21,22,23,26,28",,,,,,"H[12,15,27,29,32,36,39,44,49]|V[3,4,14,17,19,21,22,23,26,28]",fc4825140fa5e2560776b4b932f5ef46c1588f36
proposed_nsga2_bs_Gyorgy-KOVACS_WH_Narrow_AW_4_seed_129,proposed_nsga2_bs,Gyorgy-KOVACS_WH_Narrow_AW_4,129,5,auto_from_instance,12,18,4,30,216,,,,,2,1,4,root > V:28 > BH:27 > BV:19 > BV:21,selected,1,inf,True,680,262,418,524.0,1.0,1.0,True,True,1,1,0,True,1,1,0,0,True,True,0,9,10,9,10,1,PF_SS_RP,sampled_pool,,,True,0.3333333333333333,0.30963337765279775,0.6666666666666667,0.1,adaptive,bit_flip,offspring,feasible_start_adaptive_spacing,,,,feasible_start_adaptive_spacing,0.5,,True,auto_from_instance,0.75,0.35,"12,15,27,29,32,36,39,44,49","3,4,14,17,19,21,22,23,26,28",,,,,,"H[12,15,27,29,32,36,39,44,49]|V[3,4,14,17,19,21,22,23,26,28]",334779b46d5c288ee3031362a71af20db7b63dd5
proposed_nsga2_bs_Gyorgy-KOVACS_WH_Narrow_AW_4_seed_129,proposed_nsga2_bs,Gyorgy-KOVACS_WH_Narrow_AW_4,129,5,auto_from_instance,12,18,4,30,216,,,,,3,1,4,root > V:28 > BH:27 > BV:19 > BV:21,selected,1,0.0,True,680,262,418,524.0,1.0,1.0,True,True,1,1,0,True,1,1,0,0,True,True,0,9,10,9,10,1,PF_SS_RP,sampled_pool,,,True,0.3333333333333333,0.30963337765279775,0.6666666666666667,0.1,adaptive,bit_flip,offspring,feasible_start_adaptive_spacing,,,,feasible_start_adaptive_spacing,0.5,,True,auto_from_instance,0.75,0.35,"12,15,27,29,32,36,39,44,49","3,4,14,17,19,21,22,23,26,28",,,,,,"H[12,15,27,29,32,36,39,44,49]|V[3,4,14,17,19,21,22,23,26,28]",8f2926ac3d427dac9f2e22e7dbb4782d03fe71f9
proposed_nsga2_bs_Gyorgy-KOVACS_WH_Narrow_AW_4_seed_129,proposed_nsga2_bs,Gyorgy-KOVACS_WH_Narrow_AW_4,129,5,auto_from_instance,12,18,4,30,216,,,,,4,1,4,root > V:28 > BH:27 > BV:19 > BV:17,selected,1,0.8748717948717949,True,680,262,418,524.0,1.0,1.0,True,True,1,1,0,True,1,1,0,0,True,True,0,9,10,9,10,1,PF_SS_RP,sampled_pool,,,True,0.3333333333333333,0.30963337765279775,0.6666666666666667,0.1,adaptive,bit_flip,offspring,feasible_start_adaptive_spacing,,,,feasible_start_adaptive_spacing,0.5,,True,auto_from_instance,0.75,0.35,"12,15,27,29,32,36,39,44,49","3,4,14,17,19,21,22,23,26,28",,,,,,"H[12,15,27,29,32,36,39,44,49]|V[3,4,14,17,19,21,22,23,26,28]",c3a8d798cccc0ae6137f5d1801f12286f82d75a7
proposed_nsga2_bs_Gyorgy-KOVACS_WH_Narrow_AW_4_seed_129,proposed_nsga2_bs,Gyorgy-KOVACS_WH_Narrow_AW_4,129,5,auto_from_instance,12,18,4,30,216,,,,,5,2,8,root > V:17 > BH:27 > BH:5 > BH:15 > BH:25 > BH:37 > BH:47 > BV:27,selected,0,inf,True,648,237,411,490.0,1.0,1.0,True,True,1,1,0,True,1,1,0,0,True,True,0,13,9,13,9,2,PF_LS_RP,sampled_pool,,,False,0.3333333333333333,0.24509582724537637,0.6666666666666667,0.1,adaptive,remove_random_aisle,offspring,feasible_start_adaptive_spacing,,,,feasible_start_adaptive_spacing,0.5,,True,auto_from_instance,0.75,0.35,"9,14,17,25,27,32,40,41,49","3,4,17,19,20,21,23,27,30",,,,,,"H[5,9,14,15,17,25,27,32,37,40,41,47,49]|V[3,4,17,19,20,21,23,27,30]",3ab80a1d8e68880e815ad780c83cfc2449e7f93f
proposed_nsga2_bs_Gyorgy-KOVACS_WH_Narrow_AW_4_seed_129,proposed_nsga2_bs,Gyorgy-KOVACS_WH_Narrow_AW_4,129,5,auto_from_instance,12,18,4,30,216,,,,,6,2,8,root > V:17 > BH:27 > BH:49 > BH:39 > BH:29 > BH:17 > BH:7 > BV:27,selected,0,inf,True,648,237,411,490.0,1.0,1.0,True,True,1,1,0,True,1,1,0,0,True,True,0,12,9,12,9,2,PF_LS_RP,sampled_pool,,,False,0.3333333333333333,0.24509582724537637,0.6666666666666667,0.1,adaptive,remove_random_aisle,offspring,feasible_start_adaptive_spacing,,,,feasible_start_adaptive_spacing,0.5,,True,auto_from_instance,0.75,0.35,"9,14,17,25,27,32,40,41,49","3,4,17,19,20,21,23,27,30",,,,,,"H[7,9,14,17,25,27,29,32,39,40,41,49]|V[3,4,17,19,20,21,23,27,30]",451b31cd7494c0e29ac39737991e84853f054397
proposed_nsga2_bs_Gyorgy-KOVACS_WH_Narrow_AW_4_seed_129,proposed_nsga2_bs,Gyorgy-KOVACS_WH_Narrow_AW_4,129,5,auto_from_instance,12,18,4,30,216,,,,,7,2,8,root > V:17 > BH:27 > BH:5 > BH:15 > BH:25 > BH:37 > BH:47 > BV:25,selected,1,inf,True,648,237,411,544.0,1.0,1.0,True,True,1,1,0,True,1,1,0,0,True,True,0,13,10,13,10,2,PF_LS_RP,sampled_pool,,,False,0.3333333333333333,0.24509582724537637,0.6666666666666667,0.1,adaptive,remove_random_aisle,offspring,feasible_start_adaptive_spacing,,,,feasible_start_adaptive_spacing,0.5,,True,auto_from_instance,0.75,0.35,"9,14,17,25,27,32,40,41,49","3,4,17,19,20,21,23,27,30",,,,,,"H[5,9,14,15,17,25,27,32,37,40,41,47,49]|V[3,4,17,19,20,21,23,25,27,30]",24e93b3467ee5334276be59c5b6e878bb2e06a66
proposed_nsga2_bs_Gyorgy-KOVACS_WH_Narrow_AW_4_seed_129,proposed_nsga2_bs,Gyorgy-KOVACS_WH_Narrow_AW_4,129,5,auto_from_instance,12,18,4,30,216,,,,,8,2,8,root > V:17 > BH:27 > BH:49 > BH:39 > BH:29 > BH:17 > BH:7 > BV:25,selected,1,inf,True,648,237,411,544.0,1.0,1.0,True,True,1,1,0,True,1,1,0,0,True,True,0,12,10,12,10,2,PF_LS_RP,sampled_pool,,,False,0.3333333333333333,0.24509582724537637,0.6666666666666667,0.1,adaptive,remove_random_aisle,offspring,feasible_start_adaptive_spacing,,,,feasible_start_adaptive_spacing,0.5,,True,auto_from_instance,0.75,0.35,"9,14,17,25,27,32,40,41,49","3,4,17,19,20,21,23,27,30",,,,,,"H[7,9,14,17,25,27,29,32,39,40,41,49]|V[3,4,17,19,20,21,23,25,27,30]",19631d63ec0204b55a5a6d539d26aaf84a80581d
proposed_nsga2_bs_Gyorgy-KOVACS_WH_Narrow_AW_4_seed_129,proposed_nsga2_bs,Gyorgy-KOVACS_WH_Narrow_AW_4,129,5,auto_from_instance,12,18,4,30,216,,,,,9,3,4,root > V:28 > BH:27 > BV:21 > BV:21,evaluated,2,inf,False,680,262,418,576.0,1.0,1.0,True,True,1,1,0,True,1,1,0,0,True,True,0,9,8,9,8,3,PF_LS,sampled_pool,,,False,0.3333333333333333,0.28251959815959754,0.6666666666666667,0.1,adaptive,break_symmetry,offspring,feasible_start_adaptive_spacing,,,,feasible_start_adaptive_spacing,0.5,,True,auto_from_instance,0.75,0.35,"9,14,15,17,27,33,40,41,49","3,4,17,19,21,22,26,28",,,,,,"H[9,14,15,17,27,33,40,41,49]|V[3,4,17,19,21,22,26,28]",67a6f4f8f954f77d80a9f7aeff15d9041dc361bd
proposed_nsga2_bs_Gyorgy-KOVACS_WH_Narrow_AW_4_seed_129,proposed_nsga2_bs,Gyorgy-KOVACS_WH_Narrow_AW_4,129,5,auto_from_instance,12,18,4,30,216,,,,,10,3,4,root > V:28 > BH:27 > BV:17 > BV:21,evaluated,2,inf,False,680,262,418,576.0,1.0,1.0,True,True,1,1,0,True,1,1,0,0,True,True,0,9,8,9,8,3,PF_LS,sampled_pool,,,False,0.3333333333333333,0.28251959815959754,0.6666666666666667,0.1,adaptive,break_symmetry,offspring,feasible_start_adaptive_spacing,,,,feasible_start_adaptive_spacing,0.5,,True,auto_from_instance,0.75,0.35,"9,14,15,17,27,33,40,41,49","3,4,17,19,21,22,26,28",,,,,,"H[9,14,15,17,27,33,40,41,49]|V[3,4,17,19,21,22,26,28]",0cf129bcce89e5f8a26de7d155210a53886c00dc
proposed_nsga2_bs_Gyorgy-KOVACS_WH_Narrow_AW_4_seed_129,proposed_nsga2_bs,Gyorgy-KOVACS_WH_Narrow_AW_4,129,5,auto_from_instance,12,18,4,30,216,,,,,11,5,4,root > V:27 > BH:27 > BV:19 > BV:19,selected,1,inf,True,684,260,424,484.0,1.0,1.0,True,True,1,1,0,True,1,1,0,0,True,True,0,7,10,7,10,5,LS_RP,sampled_pool,,,False,0.3333333333333333,0.3041977420891259,0.6666666666666667,0.1,adaptive,spacing_aware_flip,offspring,feasible_start_adaptive_spacing,,,,feasible_start_adaptive_spacing,0.5,,True,auto_from_instance,0.75,0.35,"14,15,17,27,32,36,49","3,4,14,15,19,21,23,27,30,34",,,,,,"H[14,15,17,27,32,36,49]|V[3,4,14,15,19,21,23,27,30,34]",9baad5a6d6d08df213ec54891109e23b1069a9a5
proposed_nsga2_bs_Gyorgy-KOVACS_WH_Narrow_AW_4_seed_129,proposed_nsga2_bs,Gyorgy-KOVACS_WH_Narrow_AW_4,129,5,auto_from_instance,12,18,4,30,216,,,,,12,5,4,root > V:27 > BH:27 > BV:17 > BV:19,selected,1,0.0,True,684,260,424,484.0,1.0,1.0,True,True,1,1,0,True,1,1,0,0,True,True,0,7,11,7,11,5,LS_RP,sampled_pool,,,False,0.3333333333333333,0.3041977420891259,0.6666666666666667,0.1,adaptive,spacing_aware_flip,offspring,feasible_start_adaptive_spacing,,,,feasible_start_adaptive_spacing,0.5,,True,auto_from_instance,0.75,0.35,"14,15,17,27,32,36,49","3,4,14,15,19,21,23,27,30,34",,,,,,"H[14,15,17,27,32,36,49]|V[3,4,14,15,17,19,21,23,27,30,34]",7ea492661f4a7d780540a41c5bfc758906148e19
proposed_nsga2_bs_Gyorgy-KOVACS_WH_Narrow_AW_4_seed_129,proposed_nsga2_bs,Gyorgy-KOVACS_WH_Narrow_AW_4,129,5,auto_from_instance,12,18,4,30,216,,,,,13,5,4,root > V:27 > BH:27 > BV:19 > BV:17,selected,1,0.0,True,684,260,424,484.0,1.0,1.0,True,True,1,1,0,True,1,1,0,0,True,True,0,7,11,7,11,5,LS_RP,sampled_pool,,,False,0.3333333333333333,0.3041977420891259,0.6666666666666667,0.1,adaptive,spacing_aware_flip,offspring,feasible_start_adaptive_spacing,,,,feasible_start_adaptive_spacing,0.5,,True,auto_from_instance,0.75,0.35,"14,15,17,27,32,36,49","3,4,14,15,19,21,23,27,30,34",,,,,,"H[14,15,17,27,32,36,49]|V[3,4,14,15,17,19,21,23,27,30,34]",59c55a28d53f47701301421f850890ad1de7d63b
proposed_nsga2_bs_Gyorgy-KOVACS_WH_Narrow_AW_4_seed_129,proposed_nsga2_bs,Gyorgy-KOVACS_WH_Narrow_AW_4,129,5,auto_from_instance,12,18,4,30,216,,,,,14,5,4,root > V:27 > BH:27 > BV:17 > BV:17,selected,1,inf,True,684,260,424,484.0,1.0,1.0,True,True,1,1,0,True,1,1,0,0,True,True,0,7,11,7,11,5,LS_RP,sampled_pool,,,False,0.3333333333333333,0.3041977420891259,0.6666666666666667,0.1,adaptive,spacing_aware_flip,offspring,feasible_start_adaptive_spacing,,,,feasible_start_adaptive_spacing,0.5,,True,auto_from_instance,0.75,0.35,"14,15,17,27,32,36,49","3,4,14,15,19,21,23,27,30,34",,,,,,"H[14,15,17,27,32,36,49]|V[3,4,14,15,17,19,21,23,27,30,34]",6732d5258a9313035bead181283e041def90bbb2
proposed_nsga2_bs_Gyorgy-KOVACS_WH_Narrow_AW_4_seed_129,proposed_nsga2_bs,Gyorgy-KOVACS_WH_Narrow_AW_4,129,6,auto_from_instance,12,18,4,30,216,,,,,1,1,8,root > V:17 > BH:27 > BH:5 > BH:15 > BH:25 > BH:37 > BH:47 > BV:27,selected,2,inf,True,648,237,411,490.0,1.0,1.0,True,True,1,1,0,True,1,1,0,0,True,True,0,11,12,11,12,1,PF_SS,sampled_pool,,,True,0.3888888888888889,0.37559385150970354,0.6111111111111112,0.1,adaptive,insert_random_aisle,offspring,feasible_start_adaptive_spacing,,,,feasible_start_adaptive_spacing,0.5,,True,auto_from_instance,0.75,0.35,"14,15,17,27,32,36,49","3,4,12,17,19,20,21,23,25,27,30,34",,,,,,"H[5,14,15,17,25,27,32,36,37,47,49]|V[3,4,12,17,19,20,21,23,25,27,30,34]",3ab80a1d8e68880e815ad780c83cfc2449e7f93f
proposed_nsga2_bs_Gyorgy-KOVACS_WH_Narrow_AW_4_seed_129,proposed_nsga2_bs,Gyorgy-KOVACS_WH_Narrow_AW_4,129,6,auto_from_instance,12,18,4,30,216,,,,,2,1,8,root > V:17 > BH:27 > BH:49 > BH:39 > BH:29 > BH:17 > BH:7 > BV:27,evaluated,2,inf,False,648,237,411,490.0,1.0,1.0,True,True,1,1,0,True,1,1,0,0,True,True,0,10,12,10,12,1,PF_SS,sampled_pool,,,True,0.3888888888888889,0.37559385150970354,0.6111111111111112,0.1,adaptive,insert_random_aisle,offspring,feasible_start_adaptive_spacing,,,,feasible_start_adaptive_spacing,0.5,,True,auto_from_instance,0.75,0.35,"14,15,17,27,32,36,49","3,4,12,17,19,20,21,23,25,27,30,34",,,,,,"H[7,14,15,17,27,29,32,36,39,49]|V[3,4,12,17,19,20,21,23,25,27,30,34]",451b31cd7494c0e29ac39737991e84853f054397
proposed_nsga2_bs_Gyorgy-KOVACS_WH_Narrow_AW_4_seed_129,proposed_nsga2_bs,Gyorgy-KOVACS_WH_Narrow_AW_4,129,6,auto_from_instance,12,18,4,30,216,,,,,3,1,8,root > V:17 > BH:27 > BH:5 > BH:15 > BH:25 > BH:37 > BH:47 > BV:25,evaluated,4,inf,False,648,237,411,544.0,1.0,1.0,True,True,1,1,0,True,1,1,0,0,True,True,0,11,12,11,12,1,PF_SS,sampled_pool,,,True,0.3888888888888889,0.37559385150970354,0.6111111111111112,0.1,adaptive,insert_random_aisle,offspring,feasible_start_adaptive_spacing,,,,feasible_start_adaptive_spacing,0.5,,True,auto_from_instance,0.75,0.35,"14,15,17,27,32,36,49","3,4,12,17,19,20,21,23,25,27,30,34",,,,,,"H[5,14,15,17,25,27,32,36,37,47,49]|V[3,4,12,17,19,20,21,23,25,27,30,34]",24e93b3467ee5334276be59c5b6e878bb2e06a66
proposed_nsga2_bs_Gyorgy-KOVACS_WH_Narrow_AW_4_seed_129,proposed_nsga2_bs,Gyorgy-KOVACS_WH_Narrow_AW_4,129,6,auto_from_instance,12,18,4,30,216,,,,,4,1,8,root > V:17 > BH:27 > BH:49 > BH:39 > BH:29 > BH:17 > BH:7 > BV:25,evaluated,4,inf,False,648,237,411,544.0,1.0,1.0,True,True,1,1,0,True,1,1,0,0,True,True,0,10,12,10,12,1,PF_SS,sampled_pool,,,True,0.3888888888888889,0.37559385150970354,0.6111111111111112,0.1,adaptive,insert_random_aisle,offspring,feasible_start_adaptive_spacing,,,,feasible_start_adaptive_spacing,0.5,,True,auto_from_instance,0.75,0.35,"14,15,17,27,32,36,49","3,4,12,17,19,20,21,23,25,27,30,34",,,,,,"H[7,14,15,17,27,29,32,36,39,49]|V[3,4,12,17,19,20,21,23,25,27,30,34]",19631d63ec0204b55a5a6d539d26aaf84a80581d
proposed_nsga2_bs_Gyorgy-KOVACS_WH_Narrow_AW_4_seed_129,proposed_nsga2_bs,Gyorgy-KOVACS_WH_Narrow_AW_4,129,6,auto_from_instance,12,18,4,30,216,,,,,5,2,9,root > V:15 > BH:27 > BH:5 > BH:15 > BH:25 > BH:37 > BH:47 > BV:23 > BV:30,selected,0,inf,True,592,261,331,462.0,1.0,1.0,True,True,1,1,0,True,1,1,0,0,True,True,0,14,10,14,10,2,PF_SS,sampled_pool,,,True,0.3888888888888889,0.38980597478813445,0.6111111111111112,0.1,adaptive,spacing_aware_flip,offspring,feasible_start_adaptive_spacing,,,,feasible_start_adaptive_spacing,0.5,,True,auto_from_instance,0.75,0.35,"5,9,14,15,17,25,27,32,37,40,41,47,49,57","3,4,14,15,17,19,21,23,27,30",,,,,,"H[5,9,14,15,17,25,27,32,37,40,41,47,49,57]|V[3,4,14,15,17,19,21,23,27,30]",9ee2190bb5e677e5dd6004d3c767bf39ff3449fb
proposed_nsga2_bs_Gyorgy-KOVACS_WH_Narrow_AW_4_seed_129,proposed_nsga2_bs,Gyorgy-KOVACS_WH_Narrow_AW_4,129,6,auto_from_instance,12,18,4,30,216,,,,,6,2,9,root > V:15 > BH:27 > BH:49 > BH:39 > BH:29 > BH:17 > BH:7 > BV:23 > BV:30,selected,0,inf,True,592,261,331,462.0,1.0,1.0,True,True,1,1,0,True,1,1,0,0,True,True,0,17,10,17,10,2,PF_SS,sampled_pool,,,True,0.3888888888888889,0.38980597478813445,0.6111111111111112,0.1,adaptive,spacing_aware_flip,offspring,feasible_start_adaptive_spacing,,,,feasible_start_adaptive_spacing,0.5,,True,auto_from_instance,0.75,0.35,"5,9,14,15,17,25,27,32,37,40,41,47,49,57","3,4,14,15,17,19,21,23,27,30",,,,,,"H[5,7,9,14,15,17,25,27,29,32,37,39,40,41,47,49,57]|V[3,4,14,15,17,19,21,23,27,30]",eef866e48d563b788dc6683537da31dffdbde584
proposed_nsga2_bs_Gyorgy-KOVACS_WH_Narrow_AW_4_seed_129,proposed_nsga2_bs,Gyorgy-KOVACS_WH_Narrow_AW_4,129,6,auto_from_instance,12,18,4,30,216,,,,,7,4,8,root > V:17 > BH:27 > BH:49 > BH:41 > BH:29 > BH:17 > BH:9 > BV:27,evaluated,2,inf,False,640,243,397,493.0,1.0,1.0,True,True,1,1,0,True,1,1,0,0,True,True,0,14,11,14,11,4,PF_LS,sampled_pool,,,False,0.3888888888888889,0.38626175329582196,0.6111111111111112,0.1,adaptive,remove_random_aisle,offspring,feasible_start_adaptive_spacing,,,,feasible_start_adaptive_spacing,0.5,,True,auto_from_instance,0.75,0.35,"5,9,12,15,25,27,32,37,40,41,47,49","3,4,14,17,19,21,22,23,26,30",,,,,,"H[5,9,12,15,17,25,27,29,32,37,40,41,47,49]|V[3,4,14,17,19,21,22,23,26,27,30]",6b741b69cafdf845076912c9118d6404ec3124cc
proposed_nsga2_bs_Gyorgy-KOVACS_WH_Narrow_AW_4_seed_129,proposed_nsga2_bs,Gyorgy-KOVACS_WH_Narrow_AW_4,129,6,auto_from_instance,12,18,4,30,216,,,,,8,4,8,root > V:17 > BH:27 > BH:49 > BH:39 > BH:29 > BH:17 > BH:9 > BV:27,selected,1,inf,True,640,243,397,467.0,1.0,1.0,True,True,1,1,0,True,1,1,0,0,True,True,0,15,11,15,11,4,PF_LS,sampled_pool,,,False,0.3888888888888889,0.38626175329582196,0.6111111111111112,0.1,adaptive,remove_random_aisle,offspring,feasible_start_adaptive_spacing,,,,feasible_start_adaptive_spacing,0.5,,True,auto_from_instance,0.75,0.35,"5,9,12,15,25,27,32,37,40,41,47,49","3,4,14,17,19,21,22,23,26,30",,,,,,"H[5,9,12,15,17,25,27,29,32,37,39,40,41,47,49]|V[3,4,14,17,19,21,22,23,26,27,30]",c31e5af53b1ab973249c91c35b02a53fe27d43b5
proposed_nsga2_bs_Gyorgy-KOVACS_WH_Narrow_AW_4_seed_129,proposed_nsga2_bs,Gyorgy-KOVACS_WH_Narrow_AW_4,129,6,auto_from_instance,12,18,4,30,216,,,,,9,4,8,root > V:17 > BH:27 > BH:49 > BH:41 > BH:29 > BH:17 > BH:9 > BV:25,evaluated,4,inf,False,640,243,397,565.0,1.0,1.0,True,True,1,1,0,True,1,1,0,0,True,True,0,14,11,14,11,4,PF_LS,sampled_pool,,,False,0.3888888888888889,0.38626175329582196,0.6111111111111112,0.1,adaptive,remove_random_aisle,offspring,feasible_start_adaptive_spacing,,,,feasible_start_adaptive_spacing,0.5,,True,auto_from_instance,0.75,0.35,"5,9,12,15,25,27,32,37,40,41,47,49","3,4,14,17,19,21,22,23,26,30",,,,,,"H[5,9,12,15,17,25,27,29,32,37,40,41,47,49]|V[3,4,14,17,19,21,22,23,25,26,30]",39a901559adc49da187861c456901969a94fbc3c
proposed_nsga2_bs_Gyorgy-KOVACS_WH_Narrow_AW_4_seed_129,proposed_nsga2_bs,Gyorgy-KOVACS_WH_Narrow_AW_4,129,6,auto_from_instance,12,18,4,30,216,,,,,10,4,8,root > V:17 > BH:27 > BH:49 > BH:39 > BH:29 > BH:17 > BH:9 > BV:25,evaluated,3,inf,False,640,243,397,539.0,1.0,1.0,True,True,1,1,0,True,1,1,0,0,True,True,0,15,11,15,11,4,PF_LS,sampled_pool,,,False,0.3888888888888889,0.38626175329582196,0.6111111111111112,0.1,adaptive,remove_random_aisle,offspring,feasible_start_adaptive_spacing,,,,feasible_start_adaptive_spacing,0.5,,True,auto_from_instance,0.75,0.35,"5,9,12,15,25,27,32,37,40,41,47,49","3,4,14,17,19,21,22,23,26,30",,,,,,"H[5,9,12,15,17,25,27,29,32,37,39,40,41,47,49]|V[3,4,14,17,19,21,22,23,25,26,30]",4fcb480805af1c3aff3bd464c714a0dc9bc119e4
proposed_nsga2_bs_Gyorgy-KOVACS_WH_Narrow_AW_4_seed_129,proposed_nsga2_bs,Gyorgy-KOVACS_WH_Narrow_AW_4,129,6,auto_from_instance,12,18,4,30,216,,,,,11,5,4,root > V:27 > BH:27 > BV:19 > BV:19,selected,1,0.48344868286925263,True,684,260,424,484.0,1.0,1.0,True,True,1,1,0,True,1,1,0,0,True,True,0,11,8,11,8,5,SS_LS_PF,sampled_pool,,,True,0.3888888888888889,0.4176026151546411,0.6111111111111112,0.1,adaptive,remove_random_aisle,offspring,feasible_start_adaptive_spacing,,,,feasible_start_adaptive_spacing,0.5,,True,auto_from_instance,0.75,0.35,"5,9,14,15,17,25,27,32,36,47,49","3,4,17,19,21,23,27,30",,,,,,"H[5,9,14,15,17,25,27,32,36,47,49]|V[3,4,17,19,21,23,27,30]",9baad5a6d6d08df213ec54891109e23b1069a9a5
proposed_nsga2_bs_Gyorgy-KOVACS_WH_Narrow_AW_4_seed_129,proposed_nsga2_bs,Gyorgy-KOVACS_WH_Narrow_AW_4,129,6,auto_from_instance,12,18,4,30,216,,,,,12,5,4,root > V:27 > BH:27 > BV:17 > BV:19,selected,1,0.0,True,684,260,424,484.0,1.0,1.0,True,True,1,1,0,True,1,1,0,0,True,True,0,11,8,11,8,5,SS_LS_PF,sampled_pool,,,True,0.3888888888888889,0.4176026151546411,0.6111111111111112,0.1,adaptive,remove_random_aisle,offspring,feasible_start_adaptive_spacing,,,,feasible_start_adaptive_spacing,0.5,,True,auto_from_instance,0.75,0.35,"5,9,14,15,17,25,27,32,36,47,49","3,4,17,19,21,23,27,30",,,,,,"H[5,9,14,15,17,25,27,32,36,47,49]|V[3,4,17,19,21,23,27,30]",7ea492661f4a7d780540a41c5bfc758906148e19
proposed_nsga2_bs_Gyorgy-KOVACS_WH_Narrow_AW_4_seed_129,proposed_nsga2_bs,Gyorgy-KOVACS_WH_Narrow_AW_4,129,6,auto_from_instance,12,18,4,30,216,,,,,13,5,4,root > V:27 > BH:27 > BV:19 > BV:17,selected,1,0.0,True,684,260,424,484.0,1.0,1.0,True,True,1,1,0,True,1,1,0,0,True,True,0,11,8,11,8,5,SS_LS_PF,sampled_pool,,,True,0.3888888888888889,0.4176026151546411,0.6111111111111112,0.1,adaptive,remove_random_aisle,offspring,feasible_start_adaptive_spacing,,,,feasible_start_adaptive_spacing,0.5,,True,auto_from_instance,0.75,0.35,"5,9,14,15,17,25,27,32,36,47,49","3,4,17,19,21,23,27,30",,,,,,"H[5,9,14,15,17,25,27,32,36,47,49]|V[3,4,17,19,21,23,27,30]",59c55a28d53f47701301421f850890ad1de7d63b
proposed_nsga2_bs_Gyorgy-KOVACS_WH_Narrow_AW_4_seed_129,proposed_nsga2_bs,Gyorgy-KOVACS_WH_Narrow_AW_4,129,6,auto_from_instance,12,18,4,30,216,,,,,14,5,4,root > V:27 > BH:27 > BV:17 > BV:17,selected,1,inf,True,684,260,424,484.0,1.0,1.0,True,True,1,1,0,True,1,1,0,0,True,True,0,11,8,11,8,5,SS_LS_PF,sampled_pool,,,True,0.3888888888888889,0.4176026151546411,0.6111111111111112,0.1,adaptive,remove_random_aisle,offspring,feasible_start_adaptive_spacing,,,,feasible_start_adaptive_spacing,0.5,,True,auto_from_instance,0.75,0.35,"5,9,14,15,17,25,27,32,36,47,49","3,4,17,19,21,23,27,30",,,,,,"H[5,9,14,15,17,25,27,32,36,47,49]|V[3,4,17,19,21,23,27,30]",6732d5258a9313035bead181283e041def90bbb2
proposed_nsga2_bs_Gyorgy-KOVACS_WH_Narrow_AW_4_seed_129,proposed_nsga2_bs,Gyorgy-KOVACS_WH_Narrow_AW_4,129,6,auto_from_instance,12,18,4,30,216,,,,,15,9,4,root > V:28 > BH:27 > BV:21 > BV:21,selected,1,inf,True,680,262,418,576.0,1.0,1.0,True,True,1,1,0,True,1,1,0,0,True,True,0,10,11,10,11,9,LS,sampled_pool,,,False,0.3888888888888889,0.3362430714434903,0.6111111111111112,0.1,adaptive,insert_random_aisle,offspring,feasible_start_adaptive_spacing,,,,feasible_start_adaptive_spacing,0.5,,True,auto_from_instance,0.75,0.35,"12,15,27,29,32,39,40,41,44,49","3,4,14,17,19,20,21,23,26,28,31",,,,,,"H[12,15,27,29,32,39,40,41,44,49]|V[3,4,14,17,19,20,21,23,26,28,31]",67a6f4f8f954f77d80a9f7aeff15d9041dc361bd
proposed_nsga2_bs_Gyorgy-KOVACS_WH_Narrow_AW_4_seed_129,proposed_nsga2_bs,Gyorgy-KOVACS_WH_Narrow_AW_4,129,6,auto_from_instance,12,18,4,30,216,,,,,16,9,4,root > V:28 > BH:27 > BV:19 > BV:21,selected,0,inf,True,680,262,418,524.0,1.0,1.0,True,True,1,1,0,True,1,1,0,0,True,True,0,10,11,10,11,9,LS,sampled_pool,,,False,0.3888888888888889,0.3362430714434903,0.6111111111111112,0.1,adaptive,insert_random_aisle,offspring,feasible_start_adaptive_spacing,,,,feasible_start_adaptive_spacing,0.5,,True,auto_from_instance,0.75,0.35,"12,15,27,29,32,39,40,41,44,49","3,4,14,17,19,20,21,23,26,28,31",,,,,,"H[12,15,27,29,32,39,40,41,44,49]|V[3,4,14,17,19,20,21,23,26,28,31]",334779b46d5c288ee3031362a71af20db7b63dd5
proposed_nsga2_bs_Gyorgy-KOVACS_WH_Narrow_AW_4_seed_129,proposed_nsga2_bs,Gyorgy-KOVACS_WH_Narrow_AW_4,129,6,auto_from_instance,12,18,4,30,216,,,,,17,9,4,root > V:28 > BH:27 > BV:17 > BV:21,selected,1,inf,True,680,262,418,576.0,1.0,1.0,True,True,1,1,0,True,1,1,0,0,True,True,0,10,11,10,11,9,LS,sampled_pool,,,False,0.3888888888888889,0.3362430714434903,0.6111111111111112,0.1,adaptive,insert_random_aisle,offspring,feasible_start_adaptive_spacing,,,,feasible_start_adaptive_spacing,0.5,,True,auto_from_instance,0.75,0.35,"12,15,27,29,32,39,40,41,44,49","3,4,14,17,19,20,21,23,26,28,31",,,,,,"H[12,15,27,29,32,39,40,41,44,49]|V[3,4,14,17,19,20,21,23,26,28,31]",0cf129bcce89e5f8a26de7d155210a53886c00dc
proposed_nsga2_bs_Gyorgy-KOVACS_WH_Narrow_AW_4_seed_129,proposed_nsga2_bs,Gyorgy-KOVACS_WH_Narrow_AW_4,129,6,auto_from_instance,12,18,4,30,216,,,,,18,9,4,root > V:28 > BH:27 > BV:21 > BV:19,selected,0,inf,True,680,262,418,524.0,1.0,1.0,True,True,1,1,0,True,1,1,0,0,True,True,0,10,11,10,11,9,LS,sampled_pool,,,False,0.3888888888888889,0.3362430714434903,0.6111111111111112,0.1,adaptive,insert_random_aisle,offspring,feasible_start_adaptive_spacing,,,,feasible_start_adaptive_spacing,0.5,,True,auto_from_instance,0.75,0.35,"12,15,27,29,32,39,40,41,44,49","3,4,14,17,19,20,21,23,26,28,31",,,,,,"H[12,15,27,29,32,39,40,41,44,49]|V[3,4,14,17,19,20,21,23,26,28,31]",8f2926ac3d427dac9f2e22e7dbb4782d03fe71f9
proposed_nsga2_bs_Gyorgy-KOVACS_WH_Narrow_AW_4_seed_129,proposed_nsga2_bs,Gyorgy-KOVACS_WH_Narrow_AW_4,129,7,auto_from_instance,12,18,4,30,216,,,,,1,1,7,root > V:21 > BH:27 > BH:49 > BH:39 > BH:27 > BH:15 > BH:5,evaluated,3,inf,False,736,192,544,864.0,1.0,1.0,True,True,1,1,0,True,1,1,0,0,True,True,0,11,10,11,10,1,SS,sampled_pool,,,True,0.4444444444444444,0.4902149119210568,0.5555555555555556,0.1,adaptive,break_symmetry,offspring,feasible_start_adaptive_spacing,,,,feasible_start_adaptive_spacing,0.5,,True,auto_from_instance,0.75,0.35,"12,15,17,25,27,31,36,47,49","3,4,14,17,19,20,21,23,26,30",,,,,,"H[5,12,15,17,25,27,31,36,39,47,49]|V[3,4,14,17,19,20,21,23,26,30]",358d97cec9c1dd51e5ceb290153a7a054a951743
proposed_nsga2_bs_Gyorgy-KOVACS_WH_Narrow_AW_4_seed_129,proposed_nsga2_bs,Gyorgy-KOVACS_WH_Narrow_AW_4,129,7,auto_from_instance,12,18,4,30,216,,,,,2,1,7,root > V:21 > BH:27 > BH:49 > BH:37 > BH:27 > BH:15 > BH:5,evaluated,3,inf,False,736,192,544,864.0,1.0,1.0,True,True,1,1,0,True,1,1,0,0,True,True,0,11,10,11,10,1,SS,sampled_pool,,,True,0.4444444444444444,0.4902149119210568,0.5555555555555556,0.1,adaptive,break_symmetry,offspring,feasible_start_adaptive_spacing,,,,feasible_start_adaptive_spacing,0.5,,True,auto_from_instance,0.75,0.35,"12,15,17,25,27,31,36,47,49","3,4,14,17,19,20,21,23,26,30",,,,,,"H[5,12,15,17,25,27,31,36,37,47,49]|V[3,4,14,17,19,20,21,23,26,30]",31129cb4343d3fe1bdb956576dcea4f175cd1379
proposed_nsga2_bs_Gyorgy-KOVACS_WH_Narrow_AW_4_seed_129,proposed_nsga2_bs,Gyorgy-KOVACS_WH_Narrow_AW_4,129,7,auto_from_instance,12,18,4,30,216,,,,,3,1,7,root > V:21 > BH:27 > BH:5 > BH:17 > BH:29 > BH:41 > BH:49,evaluated,4,inf,False,736,192,544,882.0,1.0,1.0,True,True,1,1,0,True,1,1,0,0,True,True,0,12,10,12,10,1,SS,sampled_pool,,,True,0.4444444444444444,0.4902149119210568,0.5555555555555556,0.1,adaptive,break_symmetry,offspring,feasible_start_adaptive_spacing,,,,feasible_start_adaptive_spacing,0.5,,True,auto_from_instance,0.75,0.35,"12,15,17,25,27,31,36,47,49","3,4,14,17,19,20,21,23,26,30",,,,,,"H[5,12,15,17,25,27,29,31,36,41,47,49]|V[3,4,14,17,19,20,21,23,26,30]",505c1342b435c8602ef114e7a954d322db0969f8
proposed_nsga2_bs_Gyorgy-KOVACS_WH_Narrow_AW_4_seed_129,proposed_nsga2_bs,Gyorgy-KOVACS_WH_Narrow_AW_4,129,7,auto_from_instance,12,18,4,30,216,,,,,4,1,7,root > V:21 > BH:27 > BH:49 > BH:37 > BH:25 > BH:13 > BH:5,evaluated,4,inf,False,736,192,544,882.0,1.0,1.0,True,True,1,1,0,True,1,1,0,0,True,True,0,12,10,12,10,1,SS,sampled_pool,,,True,0.4444444444444444,0.4902149119210568,0.5555555555555556,0.1,adaptive,break_symmetry,offspring,feasible_start_adaptive_spacing,,,,feasible_start_adaptive_spacing,0.5,,True,auto_from_instance,0.75,0.35,"12,15,17,25,27,31,36,47,49","3,4,14,17,19,20,21,23,26,30",,,,,,"H[5,12,13,15,17,25,27,31,36,37,47,49]|V[3,4,14,17,19,20,21,23,26,30]",b505db3b665156843c976d98ce3a07d032707b26
proposed_nsga2_bs_Gyorgy-KOVACS_WH_Narrow_AW_4_seed_129,proposed_nsga2_bs,Gyorgy-KOVACS_WH_Narrow_AW_4,129,7,auto_from_instance,12,18,4,30,216,,,,,5,2,4,root > V:28 > BH:27 > BV:21 > BV:21,evaluated,2,inf,False,680,262,418,576.0,1.0,1.0,True,True,1,1,0,True,1,1,0,0,True,True,0,13,9,13,9,2,LS_PF,sampled_pool,,,False,0.4444444444444444,0.4483549259516792,0.5555555555555556,0.1,adaptive,insert_random_aisle,offspring,feasible_start_adaptive_spacing,,,,feasible_start_adaptive_spacing,0.5,,True,auto_from_instance,0.75,0.35,"5,9,14,15,21,27,29,32,39,40,41,44,49","3,4,17,19,21,23,27,28,31",,,,,,"H[5,9,14,15,21,27,29,32,39,40,41,44,49]|V[3,4,17,19,21,23,27,28,31]",67a6f4f8f954f77d80a9f7aeff15d9041dc361bd
proposed_nsga2_bs_Gyorgy-KOVACS_WH_Narrow_AW_4_seed_129,proposed_nsga2_bs,Gyorgy-KOVACS_WH_Narrow_AW_4,129,7,auto_from_instance,12,18,4,30,216,,,,,6,2,4,root > V:28 > BH:27 > BV:19 > BV:21,selected,1,inf,True,680,262,418,524.0,1.0,1.0,True,True,1,1,0,True,1,1,0,0,True,True,0,13,9,13,9,2,LS_PF,sampled_pool,,,False,0.4444444444444444,0.4483549259516792,0.5555555555555556,0.1,adaptive,insert_random_aisle,offspring,feasible_start_adaptive_spacing,,,,feasible_start_adaptive_spacing,0.5,,True,auto_from_instance,0.75,0.35,"5,9,14,15,21,27,29,32,39,40,41,44,49","3,4,17,19,21,23,27,28,31",,,,,,"H[5,9,14,15,21,27,29,32,39,40,41,44,49]|V[3,4,17,19,21,23,27,28,31]",334779b46d5c288ee3031362a71af20db7b63dd5
proposed_nsga2_bs_Gyorgy-KOVACS_WH_Narrow_AW_4_seed_129,proposed_nsga2_bs,Gyorgy-KOVACS_WH_Narrow_AW_4,129,7,auto_from_instance,12,18,4,30,216,,,,,7,2,4,root > V:28 > BH:27 > BV:17 > BV:21,evaluated,2,inf,False,680,262,418,576.0,1.0,1.0,True,True,1,1,0,True,1,1,0,0,True,True,0,13,9,13,9,2,LS_PF,sampled_pool,,,False,0.4444444444444444,0.4483549259516792,0.5555555555555556,0.1,adaptive,insert_random_aisle,offspring,feasible_start_adaptive_spacing,,,,feasible_start_adaptive_spacing,0.5,,True,auto_from_instance,0.75,0.35,"5,9,14,15,21,27,29,32,39,40,41,44,49","3,4,17,19,21,23,27,28,31",,,,,,"H[5,9,14,15,21,27,29,32,39,40,41,44,49]|V[3,4,17,19,21,23,27,28,31]",0cf129bcce89e5f8a26de7d155210a53886c00dc
proposed_nsga2_bs_Gyorgy-KOVACS_WH_Narrow_AW_4_seed_129,proposed_nsga2_bs,Gyorgy-KOVACS_WH_Narrow_AW_4,129,7,auto_from_instance,12,18,4,30,216,,,,,8,2,4,root > V:28 > BH:27 > BV:21 > BV:19,selected,1,0.0,True,680,262,418,524.0,1.0,1.0,True,True,1,1,0,True,1,1,0,0,True,True,0,13,9,13,9,2,LS_PF,sampled_pool,,,False,0.4444444444444444,0.4483549259516792,0.5555555555555556,0.1,adaptive,insert_random_aisle,offspring,feasible_start_adaptive_spacing,,,,feasible_start_adaptive_spacing,0.5,,True,auto_from_instance,0.75,0.35,"5,9,14,15,21,27,29,32,39,40,41,44,49","3,4,17,19,21,23,27,28,31",,,,,,"H[5,9,14,15,21,27,29,32,39,40,41,44,49]|V[3,4,17,19,21,23,27,28,31]",8f2926ac3d427dac9f2e22e7dbb4782d03fe71f9
proposed_nsga2_bs_Gyorgy-KOVACS_WH_Narrow_AW_4_seed_129,proposed_nsga2_bs,Gyorgy-KOVACS_WH_Narrow_AW_4,129,7,auto_from_instance,12,18,4,30,216,,,,,9,3,4,root > V:27 > BH:27 > BV:19 > BV:19,selected,1,inf,True,684,260,424,484.0,1.0,1.0,True,True,1,1,0,True,1,1,0,0,True,True,0,15,9,15,9,3,SS,sampled_pool,,,True,0.4444444444444444,0.4702616323797673,0.5555555555555556,0.1,adaptive,bit_flip,offspring,feasible_start_adaptive_spacing,,,,feasible_start_adaptive_spacing,0.5,,True,auto_from_instance,0.75,0.35,"5,9,14,15,17,25,27,32,36,37,39,40,41,47,49","3,4,16,17,19,21,23,27,30",,,,,,"H[5,9,14,15,17,25,27,32,36,37,39,40,41,47,49]|V[3,4,16,17,19,21,23,27,30]",9baad5a6d6d08df213ec54891109e23b1069a9a5
proposed_nsga2_bs_Gyorgy-KOVACS_WH_Narrow_AW_4_seed_129,proposed_nsga2_bs,Gyorgy-KOVACS_WH_Narrow_AW_4,129,7,auto_from_instance,12,18,4,30,216,,,,,10,3,4,root > V:27 > BH:27 > BV:17 > BV:19,selected,1,0.0,True,684,260,424,484.0,1.0,1.0,True,True,1,1,0,True,1,1,0,0,True,True,0,15,9,15,9,3,SS,sampled_pool,,,True,0.4444444444444444,0.4702616323797673,0.5555555555555556,0.1,adaptive,bit_flip,offspring,feasible_start_adaptive_spacing,,,,feasible_start_adaptive_spacing,0.5,,True,auto_from_instance,0.75,0.35,"5,9,14,15,17,25,27,32,36,37,39,40,41,47,49","3,4,16,17,19,21,23,27,30",,,,,,"H[5,9,14,15,17,25,27,32,36,37,39,40,41,47,49]|V[3,4,16,17,19,21,23,27,30]",7ea492661f4a7d780540a41c5bfc758906148e19
proposed_nsga2_bs_Gyorgy-KOVACS_WH_Narrow_AW_4_seed_129,proposed_nsga2_bs,Gyorgy-KOVACS_WH_Narrow_AW_4,129,7,auto_from_instance,12,18,4,30,216,,,,,11,3,4,root > V:27 > BH:27 > BV:19 > BV:17,selected,1,0.0,True,684,260,424,484.0,1.0,1.0,True,True,1,1,0,True,1,1,0,0,True,True,0,15,9,15,9,3,SS,sampled_pool,,,True,0.4444444444444444,0.4702616323797673,0.5555555555555556,0.1,adaptive,bit_flip,offspring,feasible_start_adaptive_spacing,,,,feasible_start_adaptive_spacing,0.5,,True,auto_from_instance,0.75,0.35,"5,9,14,15,17,25,27,32,36,37,39,40,41,47,49","3,4,16,17,19,21,23,27,30",,,,,,"H[5,9,14,15,17,25,27,32,36,37,39,40,41,47,49]|V[3,4,16,17,19,21,23,27,30]",59c55a28d53f47701301421f850890ad1de7d63b
proposed_nsga2_bs_Gyorgy-KOVACS_WH_Narrow_AW_4_seed_129,proposed_nsga2_bs,Gyorgy-KOVACS_WH_Narrow_AW_4,129,7,auto_from_instance,12,18,4,30,216,,,,,12,3,4,root > V:27 > BH:27 > BV:17 > BV:17,selected,1,inf,True,684,260,424,484.0,1.0,1.0,True,True,1,1,0,True,1,1,0,0,True,True,0,15,9,15,9,3,SS,sampled_pool,,,True,0.4444444444444444,0.4702616323797673,0.5555555555555556,0.1,adaptive,bit_flip,offspring,feasible_start_adaptive_spacing,,,,feasible_start_adaptive_spacing,0.5,,True,auto_from_instance,0.75,0.35,"5,9,14,15,17,25,27,32,36,37,39,40,41,47,49","3,4,16,17,19,21,23,27,30",,,,,,"H[5,9,14,15,17,25,27,32,36,37,39,40,41,47,49]|V[3,4,16,17,19,21,23,27,30]",6732d5258a9313035bead181283e041def90bbb2
proposed_nsga2_bs_Gyorgy-KOVACS_WH_Narrow_AW_4_seed_129,proposed_nsga2_bs,Gyorgy-KOVACS_WH_Narrow_AW_4,129,7,auto_from_instance,12,18,4,30,216,,,,,13,8,4,root > V:28 > BH:27 > BV:19 > BV:19,selected,0,inf,True,680,262,418,472.0,1.0,1.0,True,True,1,1,0,True,1,1,0,0,True,True,0,13,11,13,11,8,PF_SS_RP,sampled_pool,,,True,0.4444444444444444,0.4141204255307186,0.5555555555555556,0.1,adaptive,remove_random_aisle,offspring,feasible_start_adaptive_spacing,,,,feasible_start_adaptive_spacing,0.5,,True,auto_from_instance,0.75,0.35,"12,14,15,17,25,27,29,32,39,40,41,44,49","3,4,14,15,17,21,23,26,28,31",,,,,,"H[12,14,15,17,25,27,29,32,39,40,41,44,49]|V[3,4,14,15,17,19,21,23,26,28,31]",fc4825140fa5e2560776b4b932f5ef46c1588f36
proposed_nsga2_bs_Gyorgy-KOVACS_WH_Narrow_AW_4_seed_129,proposed_nsga2_bs,Gyorgy-KOVACS_WH_Narrow_AW_4,129,7,auto_from_instance,12,18,4,30,216,,,,,14,8,4,root > V:28 > BH:27 > BV:19 > BV:17,selected,1,0.8748717948717949,True,680,262,418,524.0,1.0,1.0,True,True,1,1,0,True,1,1,0,0,True,True,0,13,11,13,11,8,PF_SS_RP,sampled_pool,,,True,0.4444444444444444,0.4141204255307186,0.5555555555555556,0.1,adaptive,remove_random_aisle,offspring,feasible_start_adaptive_spacing,,,,feasible_start_adaptive_spacing,0.5,,True,auto_from_instance,0.75,0.35,"12,14,15,17,25,27,29,32,39,40,41,44,49","3,4,14,15,17,21,23,26,28,31",,,,,,"H[12,14,15,17,25,27,29,32,39,40,41,44,49]|V[3,4,14,15,17,19,21,23,26,28,31]",c3a8d798cccc0ae6137f5d1801f12286f82d75a7
proposed_nsga2_bs_Gyorgy-KOVACS_WH_Narrow_AW_4_seed_129,proposed_nsga2_bs,Gyorgy-KOVACS_WH_Narrow_AW_4,129,7,auto_from_instance,12,18,4,30,216,,,,,15,10,8,root > V:17 > BH:27 > BH:5 > BH:15 > BH:25 > BH:37 > BH:47 > BV:27,selected,0,inf,True,648,237,411,490.0,1.0,1.0,True,True,1,1,0,True,1,1,0,0,True,True,0,16,11,16,11,10,PF_LS_RP,sampled_pool,,,False,0.4444444444444444,0.37196229359858923,0.5555555555555556,0.1,adaptive,spacing_aware_flip,offspring,feasible_start_adaptive_spacing,,,,feasible_start_adaptive_spacing,0.5,,True,auto_from_instance,0.75,0.35,"5,9,14,15,17,25,27,29,32,37,39,40,41,47,49,57","3,4,10,14,17,19,20,21,23,27,30",,,,,,"H[5,9,14,15,17,25,27,29,32,37,39,40,41,47,49,57]|V[3,4,10,14,17,19,20,21,23,27,30]",3ab80a1d8e68880e815ad780c83cfc2449e7f93f
proposed_nsga2_bs_Gyorgy-KOVACS_WH_Narrow_AW_4_seed_129,proposed_nsga2_bs,Gyorgy-KOVACS_WH_Narrow_AW_4,129,7,auto_from_instance,12,18,4,30,216,,,,,16,10,8,root > V:17 > BH:27 > BH:49 > BH:39 > BH:29 > BH:17 > BH:7 > BV:27,selected,0,inf,True,648,237,411,490.0,1.0,1.0,True,True,1,1,0,True,1,1,0,0,True,True,0,17,11,17,11,10,PF_LS_RP,sampled_pool,,,False,0.4444444444444444,0.37196229359858923,0.5555555555555556,0.1,adaptive,spacing_aware_flip,offspring,feasible_start_adaptive_spacing,,,,feasible_start_adaptive_spacing,0.5,,True,auto_from_instance,0.75,0.35,"5,9,14,15,17,25,27,29,32,37,39,40,41,47,49,57","3,4,10,14,17,19,20,21,23,27,30",,,,,,"H[5,7,9,14,15,17,25,27,29,32,37,39,40,41,47,49,57]|V[3,4,10,14,17,19,20,21,23,27,30]",451b31cd7494c0e29ac39737991e84853f054397
proposed_nsga2_bs_Gyorgy-KOVACS_WH_Narrow_AW_4_seed_129,proposed_nsga2_bs,Gyorgy-KOVACS_WH_Narrow_AW_4,129,7,auto_from_instance,12,18,4,30,216,,,,,17,10,8,root > V:17 > BH:27 > BH:5 > BH:15 > BH:25 > BH:37 > BH:47 > BV:25,selected,1,inf,True,648,237,411,544.0,1.0,1.0,True,True,1,1,0,True,1,1,0,0,True,True,0,16,12,16,12,10,PF_LS_RP,sampled_pool,,,False,0.4444444444444444,0.37196229359858923,0.5555555555555556,0.1,adaptive,spacing_aware_flip,offspring,feasible_start_adaptive_spacing,,,,feasible_start_adaptive_spacing,0.5,,True,auto_from_instance,0.75,0.35,"5,9,14,15,17,25,27,29,32,37,39,40,41,47,49,57","3,4,10,14,17,19,20,21,23,27,30",,,,,,"H[5,9,14,15,17,25,27,29,32,37,39,40,41,47,49,57]|V[3,4,10,14,17,19,20,21,23,25,27,30]",24e93b3467ee5334276be59c5b6e878bb2e06a66
proposed_nsga2_bs_Gyorgy-KOVACS_WH_Narrow_AW_4_seed_129,proposed_nsga2_bs,Gyorgy-KOVACS_WH_Narrow_AW_4,129,7,auto_from_instance,12,18,4,30,216,,,,,18,10,8,root > V:17 > BH:27 > BH:49 > BH:39 > BH:29 > BH:17 > BH:7 > BV:25,selected,1,inf,True,648,237,411,544.0,1.0,1.0,True,True,1,1,0,True,1,1,0,0,True,True,0,17,12,17,12,10,PF_LS_RP,sampled_pool,,,False,0.4444444444444444,0.37196229359858923,0.5555555555555556,0.1,adaptive,spacing_aware_flip,offspring,feasible_start_adaptive_spacing,,,,feasible_start_adaptive_spacing,0.5,,True,auto_from_instance,0.75,0.35,"5,9,14,15,17,25,27,29,32,37,39,40,41,47,49,57","3,4,10,14,17,19,20,21,23,27,30",,,,,,"H[5,7,9,14,15,17,25,27,29,32,37,39,40,41,47,49,57]|V[3,4,10,14,17,19,20,21,23,25,27,30]",19631d63ec0204b55a5a6d539d26aaf84a80581d
proposed_nsga2_bs_Gyorgy-KOVACS_WH_Narrow_AW_4_seed_129,proposed_nsga2_bs,Gyorgy-KOVACS_WH_Narrow_AW_4,129,7,auto_from_instance,12,18,4,30,216,,,,,19,12,9,root > V:20 > BH:27 > BH:47 > BH:35 > BH:23 > BH:9 > BV:30 > BV:30 > BV:30,evaluated,3,inf,False,664,189,475,744.0,1.0,1.0,True,True,1,1,0,True,1,1,0,0,True,True,0,16,12,16,12,12,RP,sampled_pool,,,False,0.4444444444444444,0.5304462589913713,0.5555555555555556,0.1,adaptive,swap_segments,offspring,feasible_start_adaptive_spacing,,,,feasible_start_adaptive_spacing,0.5,,True,auto_from_instance,0.75,0.35,"9,14,15,17,25,27,29,32,39,40,41,44,49","0,2,5,7,14,17,19,20,24,25,31",,,,,,"H[9,14,15,17,23,25,27,29,32,35,39,40,41,44,47,49]|V[0,2,5,7,14,17,19,20,24,25,30,31]",a414288fa2616e137a2dae98db7ec4d9ee4c5642
proposed_nsga2_bs_Gyorgy-KOVACS_WH_Narrow_AW_4_seed_129,proposed_nsga2_bs,Gyorgy-KOVACS_WH_Narrow_AW_4,129,7,auto_from_instance,12,18,4,30,216,,,,,20,12,9,root > V:20 > BH:27 > BH:49 > BH:35 > BH:23 > BH:9 > BV:30 > BV:30 > BV:30,evaluated,4,inf,False,648,187,461,760.0,1.0,1.0,True,True,1,1,0,True,1,1,0,0,True,True,0,15,12,15,12,12,RP,sampled_pool,,,False,0.4444444444444444,0.5304462589913713,0.5555555555555556,0.1,adaptive,swap_segments,offspring,feasible_start_adaptive_spacing,,,,feasible_start_adaptive_spacing,0.5,,True,auto_from_instance,0.75,0.35,"9,14,15,17,25,27,29,32,39,40,41,44,49","0,2,5,7,14,17,19,20,24,25,31",,,,,,"H[9,14,15,17,23,25,27,29,32,35,39,40,41,44,49]|V[0,2,5,7,14,17,19,20,24,25,30,31]",4ad32e43cc012e8a6ec4ab99803974ba781674cf
proposed_nsga2_bs_Gyorgy-KOVACS_WH_Narrow_AW_4_seed_129,proposed_nsga2_bs,Gyorgy-KOVACS_WH_Narrow_AW_4,129,7,auto_from_instance,12,18,4,30,216,,,,,21,12,9,root > V:20 > BH:27 > BH:49 > BH:37 > BH:23 > BH:9 > BV:30 > BV:30 > BV:30,evaluated,3,inf,False,648,188,460,760.0,1.0,1.0,True,True,1,1,0,True,1,1,0,0,True,True,0,15,12,15,12,12,RP,sampled_pool,,,False,0.4444444444444444,0.5304462589913713,0.5555555555555556,0.1,adaptive,swap_segments,offspring,feasible_start_adaptive_spacing,,,,feasible_start_adaptive_spacing,0.5,,True,auto_from_instance,0.75,0.35,"9,14,15,17,25,27,29,32,39,40,41,44,49","0,2,5,7,14,17,19,20,24,25,31",,,,,,"H[9,14,15,17,23,25,27,29,32,37,39,40,41,44,49]|V[0,2,5,7,14,17,19,20,24,25,30,31]",ed5d8e8724e32dfc3bba7b87d4f8c9a6ed701260
proposed_nsga2_bs_Gyorgy-KOVACS_WH_Narrow_AW_4_seed_129,proposed_nsga2_bs,Gyorgy-KOVACS_WH_Narrow_AW_4,129,8,auto_from_instance,12,18,4,30,216,,,,,1,1,8,root > V:17 > BH:27 > BH:49 > BH:41 > BH:29 > BH:17 > BH:9 > BV:27,selected,1,3.0,True,640,243,397,493.0,1.0,1.0,True,True,1,1,0,True,1,1,0,0,True,True,0,16,10,16,10,1,LS,sampled_pool,,,False,0.5,0.42166246163433335,0.5,0.1,adaptive,break_symmetry,offspring,feasible_start_adaptive_spacing,,,,feasible_start_adaptive_spacing,0.5,,True,auto_from_instance,0.75,0.35,"5,9,14,15,17,25,27,32,36,37,39,40,41,47,49","3,4,14,17,18,20,21,23,27,30",,,,,,"H[5,9,14,15,17,25,27,29,32,36,37,39,40,41,47,49]|V[3,4,14,17,18,20,21,23,27,30]",6b741b69cafdf845076912c9118d6404ec3124cc
proposed_nsga2_bs_Gyorgy-KOVACS_WH_Narrow_AW_4_seed_129,proposed_nsga2_bs,Gyorgy-KOVACS_WH_Narrow_AW_4,129,8,auto_from_instance,12,18,4,30,216,,,,,2,1,8,root > V:17 > BH:27 > BH:49 > BH:39 > BH:29 > BH:17 > BH:9 > BV:27,selected,0,inf,True,640,243,397,467.0,1.0,1.0,True,True,1,1,0,True,1,1,0,0,True,True,0,16,10,16,10,1,LS,sampled_pool,,,False,0.5,0.42166246163433335,0.5,0.1,adaptive,break_symmetry,offspring,feasible_start_adaptive_spacing,,,,feasible_start_adaptive_spacing,0.5,,True,auto_from_instance,0.75,0.35,"5,9,14,15,17,25,27,32,36,37,39,40,41,47,49","3,4,14,17,18,20,21,23,27,30",,,,,,"H[5,9,14,15,17,25,27,29,32,36,37,39,40,41,47,49]|V[3,4,14,17,18,20,21,23,27,30]",c31e5af53b1ab973249c91c35b02a53fe27d43b5
proposed_nsga2_bs_Gyorgy-KOVACS_WH_Narrow_AW_4_seed_129,proposed_nsga2_bs,Gyorgy-KOVACS_WH_Narrow_AW_4,129,8,auto_from_instance,12,18,4,30,216,,,,,3,1,8,root > V:17 > BH:27 > BH:49 > BH:41 > BH:29 > BH:17 > BH:9 > BV:25,evaluated,3,inf,False,640,243,397,565.0,1.0,1.0,True,True,1,1,0,True,1,1,0,0,True,True,0,16,11,16,11,1,LS,sampled_pool,,,False,0.5,0.42166246163433335,0.5,0.1,adaptive,break_symmetry,offspring,feasible_start_adaptive_spacing,,,,feasible_start_adaptive_spacing,0.5,,True,auto_from_instance,0.75,0.35,"5,9,14,15,17,25,27,32,36,37,39,40,41,47,49","3,4,14,17,18,20,21,23,27,30",,,,,,"H[5,9,14,15,17,25,27,29,32,36,37,39,40,41,47,49]|V[3,4,14,17,18,20,21,23,25,27,30]",39a901559adc49da187861c456901969a94fbc3c
proposed_nsga2_bs_Gyorgy-KOVACS_WH_Narrow_AW_4_seed_129,proposed_nsga2_bs,Gyorgy-KOVACS_WH_Narrow_AW_4,129,8,auto_from_instance,12,18,4,30,216,,,,,4,1,8,root > V:17 > BH:27 > BH:49 > BH:39 > BH:29 > BH:17 > BH:9 > BV:25,evaluated,2,inf,False,640,243,397,539.0,1.0,1.0,True,True,1,1,0,True,1,1,0,0,True,True,0,16,11,16,11,1,LS,sampled_pool,,,False,0.5,0.42166246163433335,0.5,0.1,adaptive,break_symmetry,offspring,feasible_start_adaptive_spacing,,,,feasible_start_adaptive_spacing,0.5,,True,auto_from_instance,0.75,0.35,"5,9,14,15,17,25,27,32,36,37,39,40,41,47,49","3,4,14,17,18,20,21,23,27,30",,,,,,"H[5,9,14,15,17,25,27,29,32,36,37,39,40,41,47,49]|V[3,4,14,17,18,20,21,23,25,27,30]",4fcb480805af1c3aff3bd464c714a0dc9bc119e4
proposed_nsga2_bs_Gyorgy-KOVACS_WH_Narrow_AW_4_seed_129,proposed_nsga2_bs,Gyorgy-KOVACS_WH_Narrow_AW_4,129,8,auto_from_instance,12,18,4,30,216,,,,,5,2,8,root > V:16 > BH:27 > BH:5 > BH:15 > BH:25 > BH:37 > BH:47 > BV:26,selected,0,inf,True,632,246,386,550.0,1.0,1.0,True,True,1,1,0,True,1,1,0,0,True,True,0,16,11,16,11,2,PF_SS_RP,sampled_pool,,,True,0.5,0.5377699202979634,0.5,0.1,adaptive,remove_random_aisle,offspring,feasible_start_adaptive_spacing,,,,feasible_start_adaptive_spacing,0.5,,True,auto_from_instance,0.75,0.35,"5,7,9,14,15,17,25,27,29,32,37,40,41,47,49,57","3,4,10,16,17,19,21,23,27,30",,,,,,"H[5,7,9,14,15,17,25,27,29,32,37,40,41,47,49,57]|V[3,4,10,16,17,19,21,23,26,27,30]",08ee812bc396556b6550be0bd82f9266dcd2fe55
proposed_nsga2_bs_Gyorgy-KOVACS_WH_Narrow_AW_4_seed_129,proposed_nsga2_bs,Gyorgy-KOVACS_WH_Narrow_AW_4,129,8,auto_from_instance,12,18,4,30,216,,,,,6,2,8,root > V:16 > BH:27 > BH:49 > BH:39 > BH:29 > BH:17 > BH:7 > BV:26,selected,0,inf,True,632,246,386,550.0,1.0,1.0,True,True,1,1,0,True,1,1,0,0,True,True,0,17,11,17,11,2,PF_SS_RP,sampled_pool,,,True,0.5,0.5377699202979634,0.5,0.1,adaptive,remove_random_aisle,offspring,feasible_start_adaptive_spacing,,,,feasible_start_adaptive_spacing,0.5,,True,auto_from_instance,0.75,0.35,"5,7,9,14,15,17,25,27,29,32,37,40,41,47,49,57","3,4,10,16,17,19,21,23,27,30",,,,,,"H[5,7,9,14,15,17,25,27,29,32,37,39,40,41,47,49,57]|V[3,4,10,16,17,19,21,23,26,27,30]",660d9dab711cc8220a7c4152b9d81284ad744a59
proposed_nsga2_bs_Gyorgy-KOVACS_WH_Narrow_AW_4_seed_129,proposed_nsga2_bs,Gyorgy-KOVACS_WH_Narrow_AW_4,129,8,auto_from_instance,12,18,4,30,216,,,,,7,2,8,root > V:16 > BH:27 > BH:5 > BH:15 > BH:25 > BH:37 > BH:47 > BV:24,selected,1,inf,True,632,246,386,628.0,1.0,1.0,True,True,1,1,0,True,1,1,0,0,True,True,0,16,11,16,11,2,PF_SS_RP,sampled_pool,,,True,0.5,0.5377699202979634,0.5,0.1,adaptive,remove_random_aisle,offspring,feasible_start_adaptive_spacing,,,,feasible_start_adaptive_spacing,0.5,,True,auto_from_instance,0.75,0.35,"5,7,9,14,15,17,25,27,29,32,37,40,41,47,49,57","3,4,10,16,17,19,21,23,27,30",,,,,,"H[5,7,9,14,15,17,25,27,29,32,37,40,41,47,49,57]|V[3,4,10,16,17,19,21,23,24,27,30]",fe71932ea9ef92cbca4e0b578f20f6e88be50370
proposed_nsga2_bs_Gyorgy-KOVACS_WH_Narrow_AW_4_seed_129,proposed_nsga2_bs,Gyorgy-KOVACS_WH_Narrow_AW_4,129,8,auto_from_instance,12,18,4,30,216,,,,,8,2,8,root > V:16 > BH:27 > BH:49 > BH:39 > BH:29 > BH:17 > BH:7 > BV:24,selected,1,inf,True,632,246,386,628.0,1.0,1.0,True,True,1,1,0,True,1,1,0,0,True,True,0,17,11,17,11,2,PF_SS_RP,sampled_pool,,,True,0.5,0.5377699202979634,0.5,0.1,adaptive,remove_random_aisle,offspring,feasible_start_adaptive_spacing,,,,feasible_start_adaptive_spacing,0.5,,True,auto_from_instance,0.75,0.35,"5,7,9,14,15,17,25,27,29,32,37,40,41,47,49,57","3,4,10,16,17,19,21,23,27,30",,,,,,"H[5,7,9,14,15,17,25,27,29,32,37,39,40,41,47,49,57]|V[3,4,10,16,17,19,21,23,24,27,30]",9696e3fb0a981a3c866440c46c54987a8cf3ab94
proposed_nsga2_bs_Gyorgy-KOVACS_WH_Narrow_AW_4_seed_129,proposed_nsga2_bs,Gyorgy-KOVACS_WH_Narrow_AW_4,129,8,auto_from_instance,12,18,4,30,216,,,,,9,3,8,root > V:17 > BH:27 > BH:5 > BH:15 > BH:25 > BH:37 > BH:47 > BV:27,selected,1,inf,True,648,237,411,490.0,1.0,1.0,True,True,1,1,0,True,1,1,0,0,True,True,0,15,11,15,11,3,LS_RP,sampled_pool,,,False,0.5,0.47720922809347494,0.5,0.1,adaptive,bit_flip,offspring,feasible_start_adaptive_spacing,,,,feasible_start_adaptive_spacing,0.5,,True,auto_from_instance,0.75,0.35,"5,9,14,15,17,25,27,32,36,37,39,40,41,47,49","3,4,11,17,19,20,21,23,25,27,30",,,,,,"H[5,9,14,15,17,25,27,32,36,37,39,40,41,47,49]|V[3,4,11,17,19,20,21,23,25,27,30]",3ab80a1d8e68880e815ad780c83cfc2449e7f93f
proposed_nsga2_bs_Gyorgy-KOVACS_WH_Narrow_AW_4_seed_129,proposed_nsga2_bs,Gyorgy-KOVACS_WH_Narrow_AW_4,129,8,auto_from_instance,12,18,4,30,216,,,,,10,3,8,root > V:17 > BH:27 > BH:49 > BH:39 > BH:29 > BH:17 > BH:7 > BV:27,selected,1,inf,True,648,237,411,490.0,1.0,1.0,True,True,1,1,0,True,1,1,0,0,True,True,0,17,11,17,11,3,LS_RP,sampled_pool,,,False,0.5,0.47720922809347494,0.5,0.1,adaptive,bit_flip,offspring,feasible_start_adaptive_spacing,,,,feasible_start_adaptive_spacing,0.5,,True,auto_from_instance,0.75,0.35,"5,9,14,15,17,25,27,32,36,37,39,40,41,47,49","3,4,11,17,19,20,21,23,25,27,30",,,,,,"H[5,7,9,14,15,17,25,27,29,32,36,37,39,40,41,47,49]|V[3,4,11,17,19,20,21,23,25,27,30]",451b31cd7494c0e29ac39737991e84853f054397
proposed_nsga2_bs_Gyorgy-KOVACS_WH_Narrow_AW_4_seed_129,proposed_nsga2_bs,Gyorgy-KOVACS_WH_Narrow_AW_4,129,8,auto_from_instance,12,18,4,30,216,,,,,11,3,8,root > V:17 > BH:27 > BH:5 > BH:15 > BH:25 > BH:37 > BH:47 > BV:25,evaluated,3,inf,False,648,237,411,544.0,1.0,1.0,True,True,1,1,0,True,1,1,0,0,True,True,0,15,11,15,11,3,LS_RP,sampled_pool,,,False,0.5,0.47720922809347494,0.5,0.1,adaptive,bit_flip,offspring,feasible_start_adaptive_spacing,,,,feasible_start_adaptive_spacing,0.5,,True,auto_from_instance,0.75,0.35,"5,9,14,15,17,25,27,32,36,37,39,40,41,47,49","3,4,11,17,19,20,21,23,25,27,30",,,,,,"H[5,9,14,15,17,25,27,32,36,37,39,40,41,47,49]|V[3,4,11,17,19,20,21,23,25,27,30]",24e93b3467ee5334276be59c5b6e878bb2e06a66
proposed_nsga2_bs_Gyorgy-KOVACS_WH_Narrow_AW_4_seed_129,proposed_nsga2_bs,Gyorgy-KOVACS_WH_Narrow_AW_4,129,8,auto_from_instance,12,18,4,30,216,,,,,12,3,8,root > V:17 > BH:27 > BH:49 > BH:39 > BH:29 > BH:17 > BH:7 > BV:25,evaluated,3,inf,False,648,237,411,544.0,1.0,1.0,True,True,1,1,0,True,1,1,0,0,True,True,0,17,11,17,11,3,LS_RP,sampled_pool,,,False,0.5,0.47720922809347494,0.5,0.1,adaptive,bit_flip,offspring,feasible_start_adaptive_spacing,,,,feasible_start_adaptive_spacing,0.5,,True,auto_from_instance,0.75,0.35,"5,9,14,15,17,25,27,32,36,37,39,40,41,47,49","3,4,11,17,19,20,21,23,25,27,30",,,,,,"H[5,7,9,14,15,17,25,27,29,32,36,37,39,40,41,47,49]|V[3,4,11,17,19,20,21,23,25,27,30]",19631d63ec0204b55a5a6d539d26aaf84a80581d
proposed_nsga2_bs_Gyorgy-KOVACS_WH_Narrow_AW_4_seed_129,proposed_nsga2_bs,Gyorgy-KOVACS_WH_Narrow_AW_4,129,8,auto_from_instance,12,18,4,30,216,,,,,13,5,4,root > V:27 > BH:27 > BV:19 > BV:19,selected,0,inf,True,684,260,424,484.0,1.0,1.0,True,True,1,1,0,True,1,1,0,0,True,True,0,16,12,16,12,5,SS_PF_LS,sampled_pool,,,True,0.5,0.47377980479861925,0.5,0.1,adaptive,spacing_aware_flip,offspring,feasible_start_adaptive_spacing,,,,feasible_start_adaptive_spacing,0.5,,True,auto_from_instance,0.75,0.35,"5,9,14,15,17,25,27,29,32,37,39,40,41,47,49,57","3,4,10,14,17,19,20,21,23,27,30,34",,,,,,"H[5,9,14,15,17,25,27,29,32,37,39,40,41,47,49,57]|V[3,4,10,14,17,19,20,21,23,27,30,34]",9baad5a6d6d08df213ec54891109e23b1069a9a5
proposed_nsga2_bs_Gyorgy-KOVACS_WH_Narrow_AW_4_seed_129,proposed_nsga2_bs,Gyorgy-KOVACS_WH_Narrow_AW_4,129,8,auto_from_instance,12,18,4,30,216,,,,,14,5,4,root > V:27 > BH:27 > BV:17 > BV:19,selected,0,0.0,True,684,260,424,484.0,1.0,1.0,True,True,1,1,0,True,1,1,0,0,True,True,0,16,12,16,12,5,SS_PF_LS,sampled_pool,,,True,0.5,0.47377980479861925,0.5,0.1,adaptive,spacing_aware_flip,offspring,feasible_start_adaptive_spacing,,,,feasible_start_adaptive_spacing,0.5,,True,auto_from_instance,0.75,0.35,"5,9,14,15,17,25,27,29,32,37,39,40,41,47,49,57","3,4,10,14,17,19,20,21,23,27,30,34",,,,,,"H[5,9,14,15,17,25,27,29,32,37,39,40,41,47,49,57]|V[3,4,10,14,17,19,20,21,23,27,30,34]",7ea492661f4a7d780540a41c5bfc758906148e19
proposed_nsga2_bs_Gyorgy-KOVACS_WH_Narrow_AW_4_seed_129,proposed_nsga2_bs,Gyorgy-KOVACS_WH_Narrow_AW_4,129,8,auto_from_instance,12,18,4,30,216,,,,,15,5,4,root > V:27 > BH:27 > BV:19 > BV:17,selected,0,0.0,True,684,260,424,484.0,1.0,1.0,True,True,1,1,0,True,1,1,0,0,True,True,0,16,12,16,12,5,SS_PF_LS,sampled_pool,,,True,0.5,0.47377980479861925,0.5,0.1,adaptive,spacing_aware_flip,offspring,feasible_start_adaptive_spacing,,,,feasible_start_adaptive_spacing,0.5,,True,auto_from_instance,0.75,0.35,"5,9,14,15,17,25,27,29,32,37,39,40,41,47,49,57","3,4,10,14,17,19,20,21,23,27,30,34",,,,,,"H[5,9,14,15,17,25,27,29,32,37,39,40,41,47,49,57]|V[3,4,10,14,17,19,20,21,23,27,30,34]",59c55a28d53f47701301421f850890ad1de7d63b
proposed_nsga2_bs_Gyorgy-KOVACS_WH_Narrow_AW_4_seed_129,proposed_nsga2_bs,Gyorgy-KOVACS_WH_Narrow_AW_4,129,8,auto_from_instance,12,18,4,30,216,,,,,16,5,4,root > V:27 > BH:27 > BV:17 > BV:17,selected,0,inf,True,684,260,424,484.0,1.0,1.0,True,True,1,1,0,True,1,1,0,0,True,True,0,16,12,16,12,5,SS_PF_LS,sampled_pool,,,True,0.5,0.47377980479861925,0.5,0.1,adaptive,spacing_aware_flip,offspring,feasible_start_adaptive_spacing,,,,feasible_start_adaptive_spacing,0.5,,True,auto_from_instance,0.75,0.35,"5,9,14,15,17,25,27,29,32,37,39,40,41,47,49,57","3,4,10,14,17,19,20,21,23,27,30,34",,,,,,"H[5,9,14,15,17,25,27,29,32,37,39,40,41,47,49,57]|V[3,4,10,14,17,19,20,21,23,27,30,34]",6732d5258a9313035bead181283e041def90bbb2
proposed_nsga2_bs_Gyorgy-KOVACS_WH_Narrow_AW_4_seed_129,proposed_nsga2_bs,Gyorgy-KOVACS_WH_Narrow_AW_4,129,9,auto_from_instance,12,18,4,30,216,,,,,1,1,8,root > V:17 > BH:27 > BH:49 > BH:41 > BH:29 > BH:17 > BH:9 > BV:27,selected,1,3.0,True,640,243,397,493.0,1.0,1.0,True,True,1,1,0,True,1,1,0,0,True,True,0,17,10,17,10,1,PF,sampled_pool,,,False,0.5555555555555556,0.5634952716987945,0.4444444444444444,0.1,adaptive,remove_random_aisle,offspring,feasible_start_adaptive_spacing,,,,feasible_start_adaptive_spacing,0.5,,True,auto_from_instance,0.75,0.35,"5,7,9,14,15,17,25,27,29,32,36,37,39,40,41,47,49","3,4,11,17,19,20,21,23,27,30",,,,,,"H[5,7,9,14,15,17,25,27,29,32,36,37,39,40,41,47,49]|V[3,4,11,17,19,20,21,23,27,30]",6b741b69cafdf845076912c9118d6404ec3124cc
proposed_nsga2_bs_Gyorgy-KOVACS_WH_Narrow_AW_4_seed_129,proposed_nsga2_bs,Gyorgy-KOVACS_WH_Narrow_AW_4,129,9,auto_from_instance,12,18,4,30,216,,,,,2,1,8,root > V:17 > BH:27 > BH:49 > BH:39 > BH:29 > BH:17 > BH:9 > BV:27,selected,0,inf,True,640,243,397,467.0,1.0,1.0,True,True,1,1,0,True,1,1,0,0,True,True,0,17,10,17,10,1,PF,sampled_pool,,,False,0.5555555555555556,0.5634952716987945,0.4444444444444444,0.1,adaptive,remove_random_aisle,offspring,feasible_start_adaptive_spacing,,,,feasible_start_adaptive_spacing,0.5,,True,auto_from_instance,0.75,0.35,"5,7,9,14,15,17,25,27,29,32,36,37,39,40,41,47,49","3,4,11,17,19,20,21,23,27,30",,,,,,"H[5,7,9,14,15,17,25,27,29,32,36,37,39,40,41,47,49]|V[3,4,11,17,19,20,21,23,27,30]",c31e5af53b1ab973249c91c35b02a53fe27d43b5
proposed_nsga2_bs_Gyorgy-KOVACS_WH_Narrow_AW_4_seed_129,proposed_nsga2_bs,Gyorgy-KOVACS_WH_Narrow_AW_4,129,9,auto_from_instance,12,18,4,30,216,,,,,3,1,8,root > V:17 > BH:27 > BH:49 > BH:41 > BH:29 > BH:17 > BH:9 > BV:25,evaluated,3,inf,False,640,243,397,565.0,1.0,1.0,True,True,1,1,0,True,1,1,0,0,True,True,0,17,11,17,11,1,PF,sampled_pool,,,False,0.5555555555555556,0.5634952716987945,0.4444444444444444,0.1,adaptive,remove_random_aisle,offspring,feasible_start_adaptive_spacing,,,,feasible_start_adaptive_spacing,0.5,,True,auto_from_instance,0.75,0.35,"5,7,9,14,15,17,25,27,29,32,36,37,39,40,41,47,49","3,4,11,17,19,20,21,23,27,30",,,,,,"H[5,7,9,14,15,17,25,27,29,32,36,37,39,40,41,47,49]|V[3,4,11,17,19,20,21,23,25,27,30]",39a901559adc49da187861c456901969a94fbc3c
proposed_nsga2_bs_Gyorgy-KOVACS_WH_Narrow_AW_4_seed_129,proposed_nsga2_bs,Gyorgy-KOVACS_WH_Narrow_AW_4,129,9,auto_from_instance,12,18,4,30,216,,,,,4,1,8,root > V:17 > BH:27 > BH:49 > BH:39 > BH:29 > BH:17 > BH:9 > BV:25,evaluated,2,inf,False,640,243,397,539.0,1.0,1.0,True,True,1,1,0,True,1,1,0,0,True,True,0,17,11,17,11,1,PF,sampled_pool,,,False,0.5555555555555556,0.5634952716987945,0.4444444444444444,0.1,adaptive,remove_random_aisle,offspring,feasible_start_adaptive_spacing,,,,feasible_start_adaptive_spacing,0.5,,True,auto_from_instance,0.75,0.35,"5,7,9,14,15,17,25,27,29,32,36,37,39,40,41,47,49","3,4,11,17,19,20,21,23,27,30",,,,,,"H[5,7,9,14,15,17,25,27,29,32,36,37,39,40,41,47,49]|V[3,4,11,17,19,20,21,23,25,27,30]",4fcb480805af1c3aff3bd464c714a0dc9bc119e4
proposed_nsga2_bs_Gyorgy-KOVACS_WH_Narrow_AW_4_seed_129,proposed_nsga2_bs,Gyorgy-KOVACS_WH_Narrow_AW_4,129,9,auto_from_instance,12,18,4,30,216,,,,,5,2,8,root > V:17 > BH:27 > BH:5 > BH:15 > BH:25 > BH:37 > BH:47 > BV:27,selected,1,inf,True,648,237,411,490.0,1.0,1.0,True,True,1,1,0,True,1,1,0,0,True,True,0,15,11,15,11,2,LS_SS,sampled_pool,,,True,0.5555555555555556,0.551687502103488,0.4444444444444444,0.1,adaptive,break_symmetry,offspring,feasible_start_adaptive_spacing,,,,feasible_start_adaptive_spacing,0.5,,True,auto_from_instance,0.75,0.35,"5,9,14,15,17,25,27,32,35,37,39,40,41,47,49","3,4,11,17,19,20,21,23,25,27,30",,,,,,"H[5,9,14,15,17,25,27,32,35,37,39,40,41,47,49]|V[3,4,11,17,19,20,21,23,25,27,30]",3ab80a1d8e68880e815ad780c83cfc2449e7f93f
proposed_nsga2_bs_Gyorgy-KOVACS_WH_Narrow_AW_4_seed_129,proposed_nsga2_bs,Gyorgy-KOVACS_WH_Narrow_AW_4,129,9,auto_from_instance,12,18,4,30,216,,,,,6,2,8,root > V:17 > BH:27 > BH:49 > BH:39 > BH:29 > BH:17 > BH:7 > BV:27,selected,1,inf,True,648,237,411,490.0,1.0,1.0,True,True,1,1,0,True,1,1,0,0,True,True,0,17,11,17,11,2,LS_SS,sampled_pool,,,True,0.5555555555555556,0.551687502103488,0.4444444444444444,0.1,adaptive,break_symmetry,offspring,feasible_start_adaptive_spacing,,,,feasible_start_adaptive_spacing,0.5,,True,auto_from_instance,0.75,0.35,"5,9,14,15,17,25,27,32,35,37,39,40,41,47,49","3,4,11,17,19,20,21,23,25,27,30",,,,,,"H[5,7,9,14,15,17,25,27,29,32,35,37,39,40,41,47,49]|V[3,4,11,17,19,20,21,23,25,27,30]",451b31cd7494c0e29ac39737991e84853f054397
proposed_nsga2_bs_Gyorgy-KOVACS_WH_Narrow_AW_4_seed_129,proposed_nsga2_bs,Gyorgy-KOVACS_WH_Narrow_AW_4,129,9,auto_from_instance,12,18,4,30,216,,,,,7,2,8,root > V:17 > BH:27 > BH:5 > BH:15 > BH:25 > BH:37 > BH:47 > BV:25,evaluated,3,inf,False,648,237,411,544.0,1.0,1.0,True,True,1,1,0,True,1,1,0,0,True,True,0,15,11,15,11,2,LS_SS,sampled_pool,,,True,0.5555555555555556,0.551687502103488,0.4444444444444444,0.1,adaptive,break_symmetry,offspring,feasible_start_adaptive_spacing,,,,feasible_start_adaptive_spacing,0.5,,True,auto_from_instance,0.75,0.35,"5,9,14,15,17,25,27,32,35,37,39,40,41,47,49","3,4,11,17,19,20,21,23,25,27,30",,,,,,"H[5,9,14,15,17,25,27,32,35,37,39,40,41,47,49]|V[3,4,11,17,19,20,21,23,25,27,30]",24e93b3467ee5334276be59c5b6e878bb2e06a66
proposed_nsga2_bs_Gyorgy-KOVACS_WH_Narrow_AW_4_seed_129,proposed_nsga2_bs,Gyorgy-KOVACS_WH_Narrow_AW_4,129,9,auto_from_instance,12,18,4,30,216,,,,,8,2,8,root > V:17 > BH:27 > BH:49 > BH:39 > BH:29 > BH:17 > BH:7 > BV:25,evaluated,3,inf,False,648,237,411,544.0,1.0,1.0,True,True,1,1,0,True,1,1,0,0,True,True,0,17,11,17,11,2,LS_SS,sampled_pool,,,True,0.5555555555555556,0.551687502103488,0.4444444444444444,0.1,adaptive,break_symmetry,offspring,feasible_start_adaptive_spacing,,,,feasible_start_adaptive_spacing,0.5,,True,auto_from_instance,0.75,0.35,"5,9,14,15,17,25,27,32,35,37,39,40,41,47,49","3,4,11,17,19,20,21,23,25,27,30",,,,,,"H[5,7,9,14,15,17,25,27,29,32,35,37,39,40,41,47,49]|V[3,4,11,17,19,20,21,23,25,27,30]",19631d63ec0204b55a5a6d539d26aaf84a80581d
proposed_nsga2_bs_Gyorgy-KOVACS_WH_Narrow_AW_4_seed_129,proposed_nsga2_bs,Gyorgy-KOVACS_WH_Narrow_AW_4,129,9,auto_from_instance,12,18,4,30,216,,,,,9,3,8,root > V:16 > BH:27 > BH:5 > BH:15 > BH:25 > BH:37 > BH:47 > BV:26,selected,0,inf,True,632,246,386,550.0,1.0,1.0,True,True,1,1,0,True,1,1,0,0,True,True,0,17,13,17,13,3,PF_RP,sampled_pool,,,False,0.5555555555555556,0.5315325200862755,0.4444444444444444,0.1,adaptive,spacing_aware_flip,offspring,feasible_start_adaptive_spacing,,,,feasible_start_adaptive_spacing,0.5,,True,auto_from_instance,0.75,0.35,"5,9,14,15,17,25,27,29,32,37,39,40,41,47,49,53,57","3,4,10,16,17,19,21,23,24,27,30,34",,,,,,"H[5,9,14,15,17,25,27,29,32,37,39,40,41,47,49,53,57]|V[3,4,10,16,17,19,21,23,24,26,27,30,34]",08ee812bc396556b6550be0bd82f9266dcd2fe55
proposed_nsga2_bs_Gyorgy-KOVACS_WH_Narrow_AW_4_seed_129,proposed_nsga2_bs,Gyorgy-KOVACS_WH_Narrow_AW_4,129,9,auto_from_instance,12,18,4,30,216,,,,,10,3,8,root > V:16 > BH:27 > BH:49 > BH:39 > BH:29 > BH:17 > BH:7 > BV:26,selected,0,inf,True,632,246,386,550.0,1.0,1.0,True,True,1,1,0,True,1,1,0,0,True,True,0,18,13,18,13,3,PF_RP,sampled_pool,,,False,0.5555555555555556,0.5315325200862755,0.4444444444444444,0.1,adaptive,spacing_aware_flip,offspring,feasible_start_adaptive_spacing,,,,feasible_start_adaptive_spacing,0.5,,True,auto_from_instance,0.75,0.35,"5,9,14,15,17,25,27,29,32,37,39,40,41,47,49,53,57","3,4,10,16,17,19,21,23,24,27,30,34",,,,,,"H[5,7,9,14,15,17,25,27,29,32,37,39,40,41,47,49,53,57]|V[3,4,10,16,17,19,21,23,24,26,27,30,34]",660d9dab711cc8220a7c4152b9d81284ad744a59
proposed_nsga2_bs_Gyorgy-KOVACS_WH_Narrow_AW_4_seed_129,proposed_nsga2_bs,Gyorgy-KOVACS_WH_Narrow_AW_4,129,9,auto_from_instance,12,18,4,30,216,,,,,11,3,8,root > V:16 > BH:27 > BH:5 > BH:15 > BH:25 > BH:37 > BH:47 > BV:24,selected,1,inf,True,632,246,386,628.0,1.0,1.0,True,True,1,1,0,True,1,1,0,0,True,True,0,17,12,17,12,3,PF_RP,sampled_pool,,,False,0.5555555555555556,0.5315325200862755,0.4444444444444444,0.1,adaptive,spacing_aware_flip,offspring,feasible_start_adaptive_spacing,,,,feasible_start_adaptive_spacing,0.5,,True,auto_from_instance,0.75,0.35,"5,9,14,15,17,25,27,29,32,37,39,40,41,47,49,53,57","3,4,10,16,17,19,21,23,24,27,30,34",,,,,,"H[5,9,14,15,17,25,27,29,32,37,39,40,41,47,49,53,57]|V[3,4,10,16,17,19,21,23,24,27,30,34]",fe71932ea9ef92cbca4e0b578f20f6e88be50370
proposed_nsga2_bs_Gyorgy-KOVACS_WH_Narrow_AW_4_seed_129,proposed_nsga2_bs,Gyorgy-KOVACS_WH_Narrow_AW_4,129,9,auto_from_instance,12,18,4,30,216,,,,,12,3,8,root > V:16 > BH:27 > BH:49 > BH:39 > BH:29 > BH:17 > BH:7 > BV:24,selected,1,inf,True,632,246,386,628.0,1.0,1.0,True,True,1,1,0,True,1,1,0,0,True,True,0,18,12,18,12,3,PF_RP,sampled_pool,,,False,0.5555555555555556,0.5315325200862755,0.4444444444444444,0.1,adaptive,spacing_aware_flip,offspring,feasible_start_adaptive_spacing,,,,feasible_start_adaptive_spacing,0.5,,True,auto_from_instance,0.75,0.35,"5,9,14,15,17,25,27,29,32,37,39,40,41,47,49,53,57","3,4,10,16,17,19,21,23,24,27,30,34",,,,,,"H[5,7,9,14,15,17,25,27,29,32,37,39,40,41,47,49,53,57]|V[3,4,10,16,17,19,21,23,24,27,30,34]",9696e3fb0a981a3c866440c46c54987a8cf3ab94
proposed_nsga2_bs_Gyorgy-KOVACS_WH_Narrow_AW_4_seed_129,proposed_nsga2_bs,Gyorgy-KOVACS_WH_Narrow_AW_4,129,9,auto_from_instance,12,18,4,30,216,,,,,13,7,4,root > V:27 > BH:27 > BV:19 > BV:19,selected,0,inf,True,684,260,424,484.0,1.0,1.0,True,True,1,1,0,True,1,1,0,0,True,True,0,16,11,16,11,7,SS_LS_PF,sampled_pool,,,True,0.5555555555555556,0.5642973607423198,0.4444444444444444,0.1,adaptive,swap_segments,offspring,feasible_start_adaptive_spacing,,,,feasible_start_adaptive_spacing,0.5,,True,auto_from_instance,0.75,0.35,"3,5,9,14,17,25,27,29,32,37,39,40,41,47,49,57","3,4,14,17,19,20,21,23,27,30,34",,,,,,"H[3,5,9,14,17,25,27,29,32,37,39,40,41,47,49,57]|V[3,4,14,17,19,20,21,23,27,30,34]",9baad5a6d6d08df213ec54891109e23b1069a9a5
proposed_nsga2_bs_Gyorgy-KOVACS_WH_Narrow_AW_4_seed_129,proposed_nsga2_bs,Gyorgy-KOVACS_WH_Narrow_AW_4,129,9,auto_from_instance,12,18,4,30,216,,,,,14,7,4,root > V:27 > BH:27 > BV:17 > BV:19,selected,0,0.0,True,684,260,424,484.0,1.0,1.0,True,True,1,1,0,True,1,1,0,0,True,True,0,16,11,16,11,7,SS_LS_PF,sampled_pool,,,True,0.5555555555555556,0.5642973607423198,0.4444444444444444,0.1,adaptive,swap_segments,offspring,feasible_start_adaptive_spacing,,,,feasible_start_adaptive_spacing,0.5,,True,auto_from_instance,0.75,0.35,"3,5,9,14,17,25,27,29,32,37,39,40,41,47,49,57","3,4,14,17,19,20,21,23,27,30,34",,,,,,"H[3,5,9,14,17,25,27,29,32,37,39,40,41,47,49,57]|V[3,4,14,17,19,20,21,23,27,30,34]",7ea492661f4a7d780540a41c5bfc758906148e19
proposed_nsga2_bs_Gyorgy-KOVACS_WH_Narrow_AW_4_seed_129,proposed_nsga2_bs,Gyorgy-KOVACS_WH_Narrow_AW_4,129,9,auto_from_instance,12,18,4,30,216,,,,,15,7,4,root > V:27 > BH:27 > BV:19 > BV:17,selected,0,0.0,True,684,260,424,484.0,1.0,1.0,True,True,1,1,0,True,1,1,0,0,True,True,0,16,11,16,11,7,SS_LS_PF,sampled_pool,,,True,0.5555555555555556,0.5642973607423198,0.4444444444444444,0.1,adaptive,swap_segments,offspring,feasible_start_adaptive_spacing,,,,feasible_start_adaptive_spacing,0.5,,True,auto_from_instance,0.75,0.35,"3,5,9,14,17,25,27,29,32,37,39,40,41,47,49,57","3,4,14,17,19,20,21,23,27,30,34",,,,,,"H[3,5,9,14,17,25,27,29,32,37,39,40,41,47,49,57]|V[3,4,14,17,19,20,21,23,27,30,34]",59c55a28d53f47701301421f850890ad1de7d63b
proposed_nsga2_bs_Gyorgy-KOVACS_WH_Narrow_AW_4_seed_129,proposed_nsga2_bs,Gyorgy-KOVACS_WH_Narrow_AW_4,129,9,auto_from_instance,12,18,4,30,216,,,,,16,7,4,root > V:27 > BH:27 > BV:17 > BV:17,selected,0,inf,True,684,260,424,484.0,1.0,1.0,True,True,1,1,0,True,1,1,0,0,True,True,0,16,11,16,11,7,SS_LS_PF,sampled_pool,,,True,0.5555555555555556,0.5642973607423198,0.4444444444444444,0.1,adaptive,swap_segments,offspring,feasible_start_adaptive_spacing,,,,feasible_start_adaptive_spacing,0.5,,True,auto_from_instance,0.75,0.35,"3,5,9,14,17,25,27,29,32,37,39,40,41,47,49,57","3,4,14,17,19,20,21,23,27,30,34",,,,,,"H[3,5,9,14,17,25,27,29,32,37,39,40,41,47,49,57]|V[3,4,14,17,19,20,21,23,27,30,34]",6732d5258a9313035bead181283e041def90bbb2
proposed_nsga2_bs_Gyorgy-KOVACS_WH_Narrow_AW_4_seed_129,proposed_nsga2_bs,Gyorgy-KOVACS_WH_Narrow_AW_4,129,10,auto_from_instance,12,18,4,30,216,,,,,1,1,8,root > V:17 > BH:27 > BH:5 > BH:15 > BH:25 > BH:37 > BH:47 > BV:27,selected,1,inf,True,648,237,411,490.0,1.0,1.0,True,True,1,1,0,True,1,1,0,0,True,True,0,17,13,17,13,1,PF_RP,sampled_pool,,,False,0.6111111111111112,0.613472469137898,0.38888888888888884,0.1,adaptive,bit_flip,offspring,feasible_start_adaptive_spacing,,,,feasible_start_adaptive_spacing,0.5,,True,auto_from_instance,0.75,0.35,"3,5,9,14,17,25,27,29,32,37,39,40,41,49,57","3,4,14,17,19,20,21,23,24,26,27,30,34",,,,,,"H[3,5,9,14,15,17,25,27,29,32,37,39,40,41,47,49,57]|V[3,4,14,17,19,20,21,23,24,26,27,30,34]",3ab80a1d8e68880e815ad780c83cfc2449e7f93f
proposed_nsga2_bs_Gyorgy-KOVACS_WH_Narrow_AW_4_seed_129,proposed_nsga2_bs,Gyorgy-KOVACS_WH_Narrow_AW_4,129,10,auto_from_instance,12,18,4,30,216,,,,,2,1,8,root > V:17 > BH:27 > BH:49 > BH:39 > BH:29 > BH:17 > BH:7 > BV:27,selected,1,inf,True,648,237,411,490.0,1.0,1.0,True,True,1,1,0,True,1,1,0,0,True,True,0,16,13,16,13,1,PF_RP,sampled_pool,,,False,0.6111111111111112,0.613472469137898,0.38888888888888884,0.1,adaptive,bit_flip,offspring,feasible_start_adaptive_spacing,,,,feasible_start_adaptive_spacing,0.5,,True,auto_from_instance,0.75,0.35,"3,5,9,14,17,25,27,29,32,37,39,40,41,49,57","3,4,14,17,19,20,21,23,24,26,27,30,34",,,,,,"H[3,5,7,9,14,17,25,27,29,32,37,39,40,41,49,57]|V[3,4,14,17,19,20,21,23,24,26,27,30,34]",451b31cd7494c0e29ac39737991e84853f054397
proposed_nsga2_bs_Gyorgy-KOVACS_WH_Narrow_AW_4_seed_129,proposed_nsga2_bs,Gyorgy-KOVACS_WH_Narrow_AW_4,129,10,auto_from_instance,12,18,4,30,216,,,,,3,1,8,root > V:17 > BH:27 > BH:5 > BH:15 > BH:25 > BH:37 > BH:47 > BV:25,evaluated,3,inf,False,648,237,411,544.0,1.0,1.0,True,True,1,1,0,True,1,1,0,0,True,True,0,17,14,17,14,1,PF_RP,sampled_pool,,,False,0.6111111111111112,0.613472469137898,0.38888888888888884,0.1,adaptive,bit_flip,offspring,feasible_start_adaptive_spacing,,,,feasible_start_adaptive_spacing,0.5,,True,auto_from_instance,0.75,0.35,"3,5,9,14,17,25,27,29,32,37,39,40,41,49,57","3,4,14,17,19,20,21,23,24,26,27,30,34",,,,,,"H[3,5,9,14,15,17,25,27,29,32,37,39,40,41,47,49,57]|V[3,4,14,17,19,20,21,23,24,25,26,27,30,34]",24e93b3467ee5334276be59c5b6e878bb2e06a66
proposed_nsga2_bs_Gyorgy-KOVACS_WH_Narrow_AW_4_seed_129,proposed_nsga2_bs,Gyorgy-KOVACS_WH_Narrow_AW_4,129,10,auto_from_instance,12,18,4,30,216,,,,,4,1,8,root > V:17 > BH:27 > BH:49 > BH:39 > BH:29 > BH:17 > BH:7 > BV:25,evaluated,3,inf,False,648,237,411,544.0,1.0,1.0,True,True,1,1,0,True,1,1,0,0,True,True,0,16,14,16,14,1,PF_RP,sampled_pool,,,False,0.6111111111111112,0.613472469137898,0.38888888888888884,0.1,adaptive,bit_flip,offspring,feasible_start_adaptive_spacing,,,,feasible_start_adaptive_spacing,0.5,,True,auto_from_instance,0.75,0.35,"3,5,9,14,17,25,27,29,32,37,39,40,41,49,57","3,4,14,17,19,20,21,23,24,26,27,30,34",,,,,,"H[3,5,7,9,14,17,25,27,29,32,37,39,40,41,49,57]|V[3,4,14,17,19,20,21,23,24,25,26,27,30,34]",19631d63ec0204b55a5a6d539d26aaf84a80581d
proposed_nsga2_bs_Gyorgy-KOVACS_WH_Narrow_AW_4_seed_129,proposed_nsga2_bs,Gyorgy-KOVACS_WH_Narrow_AW_4,129,10,auto_from_instance,12,18,4,30,216,,,,,5,2,8,root > V:16 > BH:27 > BH:5 > BH:15 > BH:25 > BH:37 > BH:47 > BV:26,selected,1,1.5506410256410255,True,632,246,386,550.0,1.0,1.0,True,True,1,1,0,True,1,1,0,0,True,True,0,17,12,17,12,2,LS_RP,sampled_pool,,,False,0.6111111111111112,0.6162387773348652,0.38888888888888884,0.1,adaptive,break_symmetry,offspring,feasible_start_adaptive_spacing,,,,feasible_start_adaptive_spacing,0.5,,True,auto_from_instance,0.75,0.35,"5,9,14,15,17,25,27,29,32,37,39,40,41,47,49,54,57","3,4,10,16,17,19,21,23,27,30,34",,,,,,"H[5,9,14,15,17,25,27,29,32,37,39,40,41,47,49,54,57]|V[3,4,10,16,17,19,21,23,26,27,30,34]",08ee812bc396556b6550be0bd82f9266dcd2fe55
proposed_nsga2_bs_Gyorgy-KOVACS_WH_Narrow_AW_4_seed_129,proposed_nsga2_bs,Gyorgy-KOVACS_WH_Narrow_AW_4,129,10,auto_from_instance,12,18,4,30,216,,,,,6,2,8,root > V:16 > BH:27 > BH:49 > BH:39 > BH:29 > BH:17 > BH:7 > BV:26,selected,1,0.6487179487179486,True,632,246,386,550.0,1.0,1.0,True,True,1,1,0,True,1,1,0,0,True,True,0,18,12,18,12,2,LS_RP,sampled_pool,,,False,0.6111111111111112,0.6162387773348652,0.38888888888888884,0.1,adaptive,break_symmetry,offspring,feasible_start_adaptive_spacing,,,,feasible_start_adaptive_spacing,0.5,,True,auto_from_instance,0.75,0.35,"5,9,14,15,17,25,27,29,32,37,39,40,41,47,49,54,57","3,4,10,16,17,19,21,23,27,30,34",,,,,,"H[5,7,9,14,15,17,25,27,29,32,37,39,40,41,47,49,54,57]|V[3,4,10,16,17,19,21,23,26,27,30,34]",660d9dab711cc8220a7c4152b9d81284ad744a59
proposed_nsga2_bs_Gyorgy-KOVACS_WH_Narrow_AW_4_seed_129,proposed_nsga2_bs,Gyorgy-KOVACS_WH_Narrow_AW_4,129,10,auto_from_instance,12,18,4,30,216,,,,,7,2,8,root > V:16 > BH:27 > BH:5 > BH:15 > BH:25 > BH:37 > BH:47 > BV:24,evaluated,2,2.125656565656566,False,632,246,386,628.0,1.0,1.0,True,True,1,1,0,True,1,1,0,0,True,True,0,17,12,17,12,2,LS_RP,sampled_pool,,,False,0.6111111111111112,0.6162387773348652,0.38888888888888884,0.1,adaptive,break_symmetry,offspring,feasible_start_adaptive_spacing,,,,feasible_start_adaptive_spacing,0.5,,True,auto_from_instance,0.75,0.35,"5,9,14,15,17,25,27,29,32,37,39,40,41,47,49,54,57","3,4,10,16,17,19,21,23,27,30,34",,,,,,"H[5,9,14,15,17,25,27,29,32,37,39,40,41,47,49,54,57]|V[3,4,10,16,17,19,21,23,24,27,30,34]",fe71932ea9ef92cbca4e0b578f20f6e88be50370
proposed_nsga2_bs_Gyorgy-KOVACS_WH_Narrow_AW_4_seed_129,proposed_nsga2_bs,Gyorgy-KOVACS_WH_Narrow_AW_4,129,10,auto_from_instance,12,18,4,30,216,,,,,8,2,8,root > V:16 > BH:27 > BH:49 > BH:39 > BH:29 > BH:17 > BH:7 > BV:24,evaluated,2,0.8743434343434344,False,632,246,386,628.0,1.0,1.0,True,True,1,1,0,True,1,1,0,0,True,True,0,18,12,18,12,2,LS_RP,sampled_pool,,,False,0.6111111111111112,0.6162387773348652,0.38888888888888884,0.1,adaptive,break_symmetry,offspring,feasible_start_adaptive_spacing,,,,feasible_start_adaptive_spacing,0.5,,True,auto_from_instance,0.75,0.35,"5,9,14,15,17,25,27,29,32,37,39,40,41,47,49,54,57","3,4,10,16,17,19,21,23,27,30,34",,,,,,"H[5,7,9,14,15,17,25,27,29,32,37,39,40,41,47,49,54,57]|V[3,4,10,16,17,19,21,23,24,27,30,34]",9696e3fb0a981a3c866440c46c54987a8cf3ab94
proposed_nsga2_bs_Gyorgy-KOVACS_WH_Narrow_AW_4_seed_129,proposed_nsga2_bs,Gyorgy-KOVACS_WH_Narrow_AW_4,129,10,auto_from_instance,12,18,4,30,216,,,,,9,3,4,root > V:27 > BH:27 > BV:19 > BV:19,selected,0,inf,True,684,260,424,484.0,1.0,1.0,True,True,1,1,0,True,1,1,0,0,True,True,0,15,11,15,11,3,SS_PF_LS,sampled_pool,,,True,0.6111111111111112,0.683645584235181,0.38888888888888884,0.1,adaptive,break_symmetry,offspring,feasible_start_adaptive_spacing,,,,feasible_start_adaptive_spacing,0.5,,True,auto_from_instance,0.75,0.35,"5,9,14,17,25,27,29,32,37,38,40,41,47,49,57","3,4,14,17,19,20,21,23,27,30,34",,,,,,"H[5,9,14,17,25,27,29,32,37,38,40,41,47,49,57]|V[3,4,14,17,19,20,21,23,27,30,34]",9baad5a6d6d08df213ec54891109e23b1069a9a5
proposed_nsga2_bs_Gyorgy-KOVACS_WH_Narrow_AW_4_seed_129,proposed_nsga2_bs,Gyorgy-KOVACS_WH_Narrow_AW_4,129,10,auto_from_instance,12,18,4,30,216,,,,,10,3,4,root > V:27 > BH:27 > BV:17 > BV:19,selected,0,0.0,True,684,260,424,484.0,1.0,1.0,True,True,1,1,0,True,1,1,0,0,True,True,0,15,11,15,11,3,SS_PF_LS,sampled_pool,,,True,0.6111111111111112,0.683645584235181,0.38888888888888884,0.1,adaptive,break_symmetry,offspring,feasible_start_adaptive_spacing,,,,feasible_start_adaptive_spacing,0.5,,True,auto_from_instance,0.75,0.35,"5,9,14,17,25,27,29,32,37,38,40,41,47,49,57","3,4,14,17,19,20,21,23,27,30,34",,,,,,"H[5,9,14,17,25,27,29,32,37,38,40,41,47,49,57]|V[3,4,14,17,19,20,21,23,27,30,34]",7ea492661f4a7d780540a41c5bfc758906148e19
proposed_nsga2_bs_Gyorgy-KOVACS_WH_Narrow_AW_4_seed_129,proposed_nsga2_bs,Gyorgy-KOVACS_WH_Narrow_AW_4,129,10,auto_from_instance,12,18,4,30,216,,,,,11,3,4,root > V:27 > BH:27 > BV:19 > BV:17,selected,0,0.0,True,684,260,424,484.0,1.0,1.0,True,True,1,1,0,True,1,1,0,0,True,True,0,15,11,15,11,3,SS_PF_LS,sampled_pool,,,True,0.6111111111111112,0.683645584235181,0.38888888888888884,0.1,adaptive,break_symmetry,offspring,feasible_start_adaptive_spacing,,,,feasible_start_adaptive_spacing,0.5,,True,auto_from_instance,0.75,0.35,"5,9,14,17,25,27,29,32,37,38,40,41,47,49,57","3,4,14,17,19,20,21,23,27,30,34",,,,,,"H[5,9,14,17,25,27,29,32,37,38,40,41,47,49,57]|V[3,4,14,17,19,20,21,23,27,30,34]",59c55a28d53f47701301421f850890ad1de7d63b
proposed_nsga2_bs_Gyorgy-KOVACS_WH_Narrow_AW_4_seed_129,proposed_nsga2_bs,Gyorgy-KOVACS_WH_Narrow_AW_4,129,10,auto_from_instance,12,18,4,30,216,,,,,12,3,4,root > V:27 > BH:27 > BV:17 > BV:17,selected,0,inf,True,684,260,424,484.0,1.0,1.0,True,True,1,1,0,True,1,1,0,0,True,True,0,15,11,15,11,3,SS_PF_LS,sampled_pool,,,True,0.6111111111111112,0.683645584235181,0.38888888888888884,0.1,adaptive,break_symmetry,offspring,feasible_start_adaptive_spacing,,,,feasible_start_adaptive_spacing,0.5,,True,auto_from_instance,0.75,0.35,"5,9,14,17,25,27,29,32,37,38,40,41,47,49,57","3,4,14,17,19,20,21,23,27,30,34",,,,,,"H[5,9,14,17,25,27,29,32,37,38,40,41,47,49,57]|V[3,4,14,17,19,20,21,23,27,30,34]",6732d5258a9313035bead181283e041def90bbb2
proposed_nsga2_bs_Gyorgy-KOVACS_WH_Narrow_AW_4_seed_129,proposed_nsga2_bs,Gyorgy-KOVACS_WH_Narrow_AW_4,129,10,auto_from_instance,12,18,4,30,216,,,,,13,6,8,root > V:17 > BH:27 > BH:49 > BH:41 > BH:29 > BH:17 > BH:9 > BV:27,selected,1,2.0743589743589745,True,640,243,397,493.0,1.0,1.0,True,True,1,1,0,True,1,1,0,0,True,True,0,19,11,19,11,6,PF,sampled_pool,,,False,0.6111111111111112,0.5416740546085637,0.38888888888888884,0.1,adaptive,swap_segments,offspring,feasible_start_adaptive_spacing,,,,feasible_start_adaptive_spacing,0.5,,True,auto_from_instance,0.75,0.35,"3,5,9,14,15,17,31,32,37,39,40,41,47,49,51,53,55","3,4,14,17,19,20,21,23,27,30,34",,,,,,"H[3,5,9,14,15,17,27,29,31,32,37,39,40,41,47,49,51,53,55]|V[3,4,14,17,19,20,21,23,27,30,34]",6b741b69cafdf845076912c9118d6404ec3124cc
proposed_nsga2_bs_Gyorgy-KOVACS_WH_Narrow_AW_4_seed_129,proposed_nsga2_bs,Gyorgy-KOVACS_WH_Narrow_AW_4,129,10,auto_from_instance,12,18,4,30,216,,,,,14,6,8,root > V:17 > BH:27 > BH:49 > BH:39 > BH:29 > BH:17 > BH:9 > BV:27,selected,0,inf,True,640,243,397,467.0,1.0,1.0,True,True,1,1,0,True,1,1,0,0,True,True,0,19,11,19,11,6,PF,sampled_pool,,,False,0.6111111111111112,0.5416740546085637,0.38888888888888884,0.1,adaptive,swap_segments,offspring,feasible_start_adaptive_spacing,,,,feasible_start_adaptive_spacing,0.5,,True,auto_from_instance,0.75,0.35,"3,5,9,14,15,17,31,32,37,39,40,41,47,49,51,53,55","3,4,14,17,19,20,21,23,27,30,34",,,,,,"H[3,5,9,14,15,17,27,29,31,32,37,39,40,41,47,49,51,53,55]|V[3,4,14,17,19,20,21,23,27,30,34]",c31e5af53b1ab973249c91c35b02a53fe27d43b5
proposed_nsga2_bs_Gyorgy-KOVACS_WH_Narrow_AW_4_seed_129,proposed_nsga2_bs,Gyorgy-KOVACS_WH_Narrow_AW_4,129,10,auto_from_instance,12,18,4,30,216,,,,,15,6,8,root > V:17 > BH:27 > BH:49 > BH:41 > BH:29 > BH:17 > BH:9 > BV:25,evaluated,3,3.0,False,640,243,397,565.0,1.0,1.0,True,True,1,1,0,True,1,1,0,0,True,True,0,19,12,19,12,6,PF,sampled_pool,,,False,0.6111111111111112,0.5416740546085637,0.38888888888888884,0.1,adaptive,swap_segments,offspring,feasible_start_adaptive_spacing,,,,feasible_start_adaptive_spacing,0.5,,True,auto_from_instance,0.75,0.35,"3,5,9,14,15,17,31,32,37,39,40,41,47,49,51,53,55","3,4,14,17,19,20,21,23,27,30,34",,,,,,"H[3,5,9,14,15,17,27,29,31,32,37,39,40,41,47,49,51,53,55]|V[3,4,14,17,19,20,21,23,25,27,30,34]",39a901559adc49da187861c456901969a94fbc3c
proposed_nsga2_bs_Gyorgy-KOVACS_WH_Narrow_AW_4_seed_129,proposed_nsga2_bs,Gyorgy-KOVACS_WH_Narrow_AW_4,129,10,auto_from_instance,12,18,4,30,216,,,,,16,6,8,root > V:17 > BH:27 > BH:49 > BH:39 > BH:29 > BH:17 > BH:9 > BV:25,evaluated,2,inf,False,640,243,397,539.0,1.0,1.0,True,True,1,1,0,True,1,1,0,0,True,True,0,19,12,19,12,6,PF,sampled_pool,,,False,0.6111111111111112,0.5416740546085637,0.38888888888888884,0.1,adaptive,swap_segments,offspring,feasible_start_adaptive_spacing,,,,feasible_start_adaptive_spacing,0.5,,True,auto_from_instance,0.75,0.35,"3,5,9,14,15,17,31,32,37,39,40,41,47,49,51,53,55","3,4,14,17,19,20,21,23,27,30,34",,,,,,"H[3,5,9,14,15,17,27,29,31,32,37,39,40,41,47,49,51,53,55]|V[3,4,14,17,19,20,21,23,25,27,30,34]",4fcb480805af1c3aff3bd464c714a0dc9bc119e4
proposed_nsga2_bs_Gyorgy-KOVACS_WH_Narrow_AW_4_seed_129,proposed_nsga2_bs,Gyorgy-KOVACS_WH_Narrow_AW_4,129,10,auto_from_instance,12,18,4,30,216,,,,,17,7,8,root > V:16 > BH:27 > BH:49 > BH:41 > BH:29 > BH:17 > BH:9 > BV:26,selected,1,inf,True,624,252,372,562.0,1.0,1.0,True,True,1,1,0,True,1,1,0,0,True,True,0,17,12,17,12,7,LS,sampled_pool,,,False,0.6111111111111112,0.5818501269577261,0.38888888888888884,0.1,adaptive,break_symmetry,offspring,feasible_start_adaptive_spacing,,,,feasible_start_adaptive_spacing,0.5,,True,auto_from_instance,0.75,0.35,"3,5,9,14,17,25,27,28,32,37,39,40,41,47,49,57","3,4,16,17,19,21,23,24,27,30,34",,,,,,"H[3,5,9,14,17,25,27,28,29,32,37,39,40,41,47,49,57]|V[3,4,16,17,19,21,23,24,26,27,30,34]",8498d8f1059034f9f144b058e7e18d5585555d05
proposed_nsga2_bs_Gyorgy-KOVACS_WH_Narrow_AW_4_seed_129,proposed_nsga2_bs,Gyorgy-KOVACS_WH_Narrow_AW_4,129,10,auto_from_instance,12,18,4,30,216,,,,,18,7,8,root > V:16 > BH:27 > BH:49 > BH:39 > BH:29 > BH:17 > BH:9 > BV:26,selected,0,inf,True,624,252,372,534.0,1.0,1.0,True,True,1,1,0,True,1,1,0,0,True,True,0,17,12,17,12,7,LS,sampled_pool,,,False,0.6111111111111112,0.5818501269577261,0.38888888888888884,0.1,adaptive,break_symmetry,offspring,feasible_start_adaptive_spacing,,,,feasible_start_adaptive_spacing,0.5,,True,auto_from_instance,0.75,0.35,"3,5,9,14,17,25,27,28,32,37,39,40,41,47,49,57","3,4,16,17,19,21,23,24,27,30,34",,,,,,"H[3,5,9,14,17,25,27,28,29,32,37,39,40,41,47,49,57]|V[3,4,16,17,19,21,23,24,26,27,30,34]",04b9835ae17dcf7a9c8af907330db39e1d2fb2b9
proposed_nsga2_bs_Gyorgy-KOVACS_WH_Narrow_AW_4_seed_129,proposed_nsga2_bs,Gyorgy-KOVACS_WH_Narrow_AW_4,129,10,auto_from_instance,12,18,4,30,216,,,,,19,7,8,root > V:16 > BH:27 > BH:49 > BH:41 > BH:29 > BH:17 > BH:9 > BV:24,evaluated,3,inf,False,624,252,372,666.0,1.0,1.0,True,True,1,1,0,True,1,1,0,0,True,True,0,17,11,17,11,7,LS,sampled_pool,,,False,0.6111111111111112,0.5818501269577261,0.38888888888888884,0.1,adaptive,break_symmetry,offspring,feasible_start_adaptive_spacing,,,,feasible_start_adaptive_spacing,0.5,,True,auto_from_instance,0.75,0.35,"3,5,9,14,17,25,27,28,32,37,39,40,41,47,49,57","3,4,16,17,19,21,23,24,27,30,34",,,,,,"H[3,5,9,14,17,25,27,28,29,32,37,39,40,41,47,49,57]|V[3,4,16,17,19,21,23,24,27,30,34]",b03a188135e15721b5fdacc1e2599f0e913cdfd0
proposed_nsga2_bs_Gyorgy-KOVACS_WH_Narrow_AW_4_seed_129,proposed_nsga2_bs,Gyorgy-KOVACS_WH_Narrow_AW_4,129,10,auto_from_instance,12,18,4,30,216,,,,,20,7,8,root > V:16 > BH:27 > BH:49 > BH:39 > BH:29 > BH:17 > BH:9 > BV:24,evaluated,2,inf,False,624,252,372,638.0,1.0,1.0,True,True,1,1,0,True,1,1,0,0,True,True,0,17,11,17,11,7,LS,sampled_pool,,,False,0.6111111111111112,0.5818501269577261,0.38888888888888884,0.1,adaptive,break_symmetry,offspring,feasible_start_adaptive_spacing,,,,feasible_start_adaptive_spacing,0.5,,True,auto_from_instance,0.75,0.35,"3,5,9,14,17,25,27,28,32,37,39,40,41,47,49,57","3,4,16,17,19,21,23,24,27,30,34",,,,,,"H[3,5,9,14,17,25,27,28,29,32,37,39,40,41,47,49,57]|V[3,4,16,17,19,21,23,24,27,30,34]",98cd3db7ad48726674c476a63fd54b9db772e099
proposed_nsga2_bs_Gyorgy-KOVACS_WH_Narrow_AW_4_seed_129,proposed_nsga2_bs,Gyorgy-KOVACS_WH_Narrow_AW_4,129,11,auto_from_instance,12,18,4,30,216,,,,,1,1,4,root > V:27 > BH:27 > BV:19 > BV:19,selected,0,inf,True,684,260,424,484.0,1.0,1.0,True,True,1,1,0,True,1,1,0,0,True,True,0,18,11,18,11,1,SS_PF_LS,sampled_pool,,,True,0.6666666666666666,0.678714146534085,0.33333333333333337,0.1,adaptive,remove_random_aisle,offspring,feasible_start_adaptive_spacing,,,,feasible_start_adaptive_spacing,0.5,,True,auto_from_instance,0.75,0.35,"5,9,14,17,27,29,31,32,37,39,40,41,47,49,51,53,55,57","3,4,14,17,19,20,21,23,27,30,34",,,,,,"H[5,9,14,17,27,29,31,32,37,39,40,41,47,49,51,53,55,57]|V[3,4,14,17,19,20,21,23,27,30,34]",9baad5a6d6d08df213ec54891109e23b1069a9a5
proposed_nsga2_bs_Gyorgy-KOVACS_WH_Narrow_AW_4_seed_129,proposed_nsga2_bs,Gyorgy-KOVACS_WH_Narrow_AW_4,129,11,auto_from_instance,12,18,4,30,216,,,,,2,1,4,root > V:27 > BH:27 > BV:17 > BV:19,selected,0,0.0,True,684,260,424,484.0,1.0,1.0,True,True,1,1,0,True,1,1,0,0,True,True,0,18,11,18,11,1,SS_PF_LS,sampled_pool,,,True,0.6666666666666666,0.678714146534085,0.33333333333333337,0.1,adaptive,remove_random_aisle,offspring,feasible_start_adaptive_spacing,,,,feasible_start_adaptive_spacing,0.5,,True,auto_from_instance,0.75,0.35,"5,9,14,17,27,29,31,32,37,39,40,41,47,49,51,53,55,57","3,4,14,17,19,20,21,23,27,30,34",,,,,,"H[5,9,14,17,27,29,31,32,37,39,40,41,47,49,51,53,55,57]|V[3,4,14,17,19,20,21,23,27,30,34]",7ea492661f4a7d780540a41c5bfc758906148e19
proposed_nsga2_bs_Gyorgy-KOVACS_WH_Narrow_AW_4_seed_129,proposed_nsga2_bs,Gyorgy-KOVACS_WH_Narrow_AW_4,129,11,auto_from_instance,12,18,4,30,216,,,,,3,1,4,root > V:27 > BH:27 > BV:19 > BV:17,selected,0,0.0,True,684,260,424,484.0,1.0,1.0,True,True,1,1,0,True,1,1,0,0,True,True,0,18,11,18,11,1,SS_PF_LS,sampled_pool,,,True,0.6666666666666666,0.678714146534085,0.33333333333333337,0.1,adaptive,remove_random_aisle,offspring,feasible_start_adaptive_spacing,,,,feasible_start_adaptive_spacing,0.5,,True,auto_from_instance,0.75,0.35,"5,9,14,17,27,29,31,32,37,39,40,41,47,49,51,53,55,57","3,4,14,17,19,20,21,23,27,30,34",,,,,,"H[5,9,14,17,27,29,31,32,37,39,40,41,47,49,51,53,55,57]|V[3,4,14,17,19,20,21,23,27,30,34]",59c55a28d53f47701301421f850890ad1de7d63b
proposed_nsga2_bs_Gyorgy-KOVACS_WH_Narrow_AW_4_seed_129,proposed_nsga2_bs,Gyorgy-KOVACS_WH_Narrow_AW_4,129,11,auto_from_instance,12,18,4,30,216,,,,,4,1,4,root > V:27 > BH:27 > BV:17 > BV:17,selected,0,inf,True,684,260,424,484.0,1.0,1.0,True,True,1,1,0,True,1,1,0,0,True,True,0,18,11,18,11,1,SS_PF_LS,sampled_pool,,,True,0.6666666666666666,0.678714146534085,0.33333333333333337,0.1,adaptive,remove_random_aisle,offspring,feasible_start_adaptive_spacing,,,,feasible_start_adaptive_spacing,0.5,,True,auto_from_instance,0.75,0.35,"5,9,14,17,27,29,31,32,37,39,40,41,47,49,51,53,55,57","3,4,14,17,19,20,21,23,27,30,34",,,,,,"H[5,9,14,17,27,29,31,32,37,39,40,41,47,49,51,53,55,57]|V[3,4,14,17,19,20,21,23,27,30,34]",6732d5258a9313035bead181283e041def90bbb2
proposed_nsga2_bs_Gyorgy-KOVACS_WH_Narrow_AW_4_seed_129,proposed_nsga2_bs,Gyorgy-KOVACS_WH_Narrow_AW_4,129,11,auto_from_instance,12,18,4,30,216,,,,,5,2,8,root > V:17 > BH:27 > BH:49 > BH:41 > BH:29 > BH:17 > BH:9 > BV:27,selected,1,2.0743589743589745,True,640,243,397,493.0,1.0,1.0,True,True,1,1,0,True,1,1,0,0,True,True,0,16,11,16,11,2,PF,sampled_pool,,,False,0.6666666666666666,0.6411678979643546,0.33333333333333337,0.1,adaptive,insert_random_aisle,offspring,feasible_start_adaptive_spacing,,,,feasible_start_adaptive_spacing,0.5,,True,auto_from_instance,0.75,0.35,"3,5,9,14,15,17,19,27,29,32,37,38,40,41,47,49","3,4,14,17,19,20,21,23,27,30,34",,,,,,"H[3,5,9,14,15,17,19,27,29,32,37,38,40,41,47,49]|V[3,4,14,17,19,20,21,23,27,30,34]",6b741b69cafdf845076912c9118d6404ec3124cc
proposed_nsga2_bs_Gyorgy-KOVACS_WH_Narrow_AW_4_seed_129,proposed_nsga2_bs,Gyorgy-KOVACS_WH_Narrow_AW_4,129,11,auto_from_instance,12,18,4,30,216,,,,,6,2,8,root > V:17 > BH:27 > BH:49 > BH:39 > BH:29 > BH:17 > BH:9 > BV:27,selected,0,inf,True,640,243,397,467.0,1.0,1.0,True,True,1,1,0,True,1,1,0,0,True,True,0,17,11,17,11,2,PF,sampled_pool,,,False,0.6666666666666666,0.6411678979643546,0.33333333333333337,0.1,adaptive,insert_random_aisle,offspring,feasible_start_adaptive_spacing,,,,feasible_start_adaptive_spacing,0.5,,True,auto_from_instance,0.75,0.35,"3,5,9,14,15,17,19,27,29,32,37,38,40,41,47,49","3,4,14,17,19,20,21,23,27,30,34",,,,,,"H[3,5,9,14,15,17,19,27,29,32,37,38,39,40,41,47,49]|V[3,4,14,17,19,20,21,23,27,30,34]",c31e5af53b1ab973249c91c35b02a53fe27d43b5
proposed_nsga2_bs_Gyorgy-KOVACS_WH_Narrow_AW_4_seed_129,proposed_nsga2_bs,Gyorgy-KOVACS_WH_Narrow_AW_4,129,11,auto_from_instance,12,18,4,30,216,,,,,7,2,8,root > V:17 > BH:27 > BH:49 > BH:41 > BH:29 > BH:17 > BH:9 > BV:25,evaluated,3,3.0,False,640,243,397,565.0,1.0,1.0,True,True,1,1,0,True,1,1,0,0,True,True,0,16,12,16,12,2,PF,sampled_pool,,,False,0.6666666666666666,0.6411678979643546,0.33333333333333337,0.1,adaptive,insert_random_aisle,offspring,feasible_start_adaptive_spacing,,,,feasible_start_adaptive_spacing,0.5,,True,auto_from_instance,0.75,0.35,"3,5,9,14,15,17,19,27,29,32,37,38,40,41,47,49","3,4,14,17,19,20,21,23,27,30,34",,,,,,"H[3,5,9,14,15,17,19,27,29,32,37,38,40,41,47,49]|V[3,4,14,17,19,20,21,23,25,27,30,34]",39a901559adc49da187861c456901969a94fbc3c
proposed_nsga2_bs_Gyorgy-KOVACS_WH_Narrow_AW_4_seed_129,proposed_nsga2_bs,Gyorgy-KOVACS_WH_Narrow_AW_4,129,11,auto_from_instance,12,18,4,30,216,,,,,8,2,8,root > V:17 > BH:27 > BH:49 > BH:39 > BH:29 > BH:17 > BH:9 > BV:25,evaluated,2,inf,False,640,243,397,539.0,1.0,1.0,True,True,1,1,0,True,1,1,0,0,True,True,0,17,12,17,12,2,PF,sampled_pool,,,False,0.6666666666666666,0.6411678979643546,0.33333333333333337,0.1,adaptive,insert_random_aisle,offspring,feasible_start_adaptive_spacing,,,,feasible_start_adaptive_spacing,0.5,,True,auto_from_instance,0.75,0.35,"3,5,9,14,15,17,19,27,29,32,37,38,40,41,47,49","3,4,14,17,19,20,21,23,27,30,34",,,,,,"H[3,5,9,14,15,17,19,27,29,32,37,38,39,40,41,47,49]|V[3,4,14,17,19,20,21,23,25,27,30,34]",4fcb480805af1c3aff3bd464c714a0dc9bc119e4
proposed_nsga2_bs_Gyorgy-KOVACS_WH_Narrow_AW_4_seed_129,proposed_nsga2_bs,Gyorgy-KOVACS_WH_Narrow_AW_4,129,11,auto_from_instance,12,18,4,30,216,,,,,9,3,8,root > V:17 > BH:27 > BH:5 > BH:15 > BH:25 > BH:37 > BH:47 > BV:27,selected,1,inf,True,648,237,411,490.0,1.0,1.0,True,True,1,1,0,True,1,1,0,0,True,True,0,19,12,19,12,3,LS_RP,sampled_pool,,,False,0.6666666666666666,0.6264162402907191,0.33333333333333337,0.1,adaptive,spacing_aware_flip,offspring,feasible_start_adaptive_spacing,,,,feasible_start_adaptive_spacing,0.5,,True,auto_from_instance,0.75,0.35,"3,5,9,14,15,17,27,29,31,32,37,39,40,41,47,49,51,57","3,4,9,14,17,19,20,21,23,27,30,34",,,,,,"H[3,5,9,14,15,17,25,27,29,31,32,37,39,40,41,47,49,51,57]|V[3,4,9,14,17,19,20,21,23,27,30,34]",3ab80a1d8e68880e815ad780c83cfc2449e7f93f
proposed_nsga2_bs_Gyorgy-KOVACS_WH_Narrow_AW_4_seed_129,proposed_nsga2_bs,Gyorgy-KOVACS_WH_Narrow_AW_4,129,11,auto_from_instance,12,18,4,30,216,,,,,10,3,8,root > V:17 > BH:27 > BH:49 > BH:39 > BH:29 > BH:17 > BH:7 > BV:27,selected,1,inf,True,648,237,411,490.0,1.0,1.0,True,True,1,1,0,True,1,1,0,0,True,True,0,19,12,19,12,3,LS_RP,sampled_pool,,,False,0.6666666666666666,0.6264162402907191,0.33333333333333337,0.1,adaptive,spacing_aware_flip,offspring,feasible_start_adaptive_spacing,,,,feasible_start_adaptive_spacing,0.5,,True,auto_from_instance,0.75,0.35,"3,5,9,14,15,17,27,29,31,32,37,39,40,41,47,49,51,57","3,4,9,14,17,19,20,21,23,27,30,34",,,,,,"H[3,5,7,9,14,15,17,27,29,31,32,37,39,40,41,47,49,51,57]|V[3,4,9,14,17,19,20,21,23,27,30,34]",451b31cd7494c0e29ac39737991e84853f054397
proposed_nsga2_bs_Gyorgy-KOVACS_WH_Narrow_AW_4_seed_129,proposed_nsga2_bs,Gyorgy-KOVACS_WH_Narrow_AW_4,129,11,auto_from_instance,12,18,4,30,216,,,,,11,3,8,root > V:17 > BH:27 > BH:5 > BH:15 > BH:25 > BH:37 > BH:47 > BV:25,evaluated,3,inf,False,648,237,411,544.0,1.0,1.0,True,True,1,1,0,True,1,1,0,0,True,True,0,19,13,19,13,3,LS_RP,sampled_pool,,,False,0.6666666666666666,0.6264162402907191,0.33333333333333337,0.1,adaptive,spacing_aware_flip,offspring,feasible_start_adaptive_spacing,,,,feasible_start_adaptive_spacing,0.5,,True,auto_from_instance,0.75,0.35,"3,5,9,14,15,17,27,29,31,32,37,39,40,41,47,49,51,57","3,4,9,14,17,19,20,21,23,27,30,34",,,,,,"H[3,5,9,14,15,17,25,27,29,31,32,37,39,40,41,47,49,51,57]|V[3,4,9,14,17,19,20,21,23,25,27,30,34]",24e93b3467ee5334276be59c5b6e878bb2e06a66
proposed_nsga2_bs_Gyorgy-KOVACS_WH_Narrow_AW_4_seed_129,proposed_nsga2_bs,Gyorgy-KOVACS_WH_Narrow_AW_4,129,11,auto_from_instance,12,18,4,30,216,,,,,12,3,8,root > V:17 > BH:27 > BH:49 > BH:39 > BH:29 > BH:17 > BH:7 > BV:25,evaluated,3,inf,False,648,237,411,544.0,1.0,1.0,True,True,1,1,0,True,1,1,0,0,True,True,0,19,13,19,13,3,LS_RP,sampled_pool,,,False,0.6666666666666666,0.6264162402907191,0.33333333333333337,0.1,adaptive,spacing_aware_flip,offspring,feasible_start_adaptive_spacing,,,,feasible_start_adaptive_spacing,0.5,,True,auto_from_instance,0.75,0.35,"3,5,9,14,15,17,27,29,31,32,37,39,40,41,47,49,51,57","3,4,9,14,17,19,20,21,23,27,30,34",,,,,,"H[3,5,7,9,14,15,17,27,29,31,32,37,39,40,41,47,49,51,57]|V[3,4,9,14,17,19,20,21,23,25,27,30,34]",19631d63ec0204b55a5a6d539d26aaf84a80581d
proposed_nsga2_bs_Gyorgy-KOVACS_WH_Narrow_AW_4_seed_129,proposed_nsga2_bs,Gyorgy-KOVACS_WH_Narrow_AW_4,129,11,auto_from_instance,12,18,4,30,216,,,,,13,7,8,root > V:16 > BH:27 > BH:49 > BH:41 > BH:29 > BH:17 > BH:9 > BV:26,selected,1,inf,True,624,252,372,562.0,1.0,1.0,True,True,1,1,0,True,1,1,0,0,True,True,0,17,11,17,11,7,LS_PF,sampled_pool,,,False,0.6666666666666666,0.5796299010837699,0.33333333333333337,0.1,adaptive,spacing_aware_flip,offspring,feasible_start_adaptive_spacing,,,,feasible_start_adaptive_spacing,0.5,,True,auto_from_instance,0.75,0.35,"3,5,9,14,17,21,25,27,29,32,37,39,40,41,47,49,57","3,4,16,17,19,21,23,27,30,34",,,,,,"H[3,5,9,14,17,21,25,27,29,32,37,39,40,41,47,49,57]|V[3,4,16,17,19,21,23,26,27,30,34]",8498d8f1059034f9f144b058e7e18d5585555d05
proposed_nsga2_bs_Gyorgy-KOVACS_WH_Narrow_AW_4_seed_129,proposed_nsga2_bs,Gyorgy-KOVACS_WH_Narrow_AW_4,129,11,auto_from_instance,12,18,4,30,216,,,,,14,7,8,root > V:16 > BH:27 > BH:49 > BH:39 > BH:29 > BH:17 > BH:9 > BV:26,selected,0,inf,True,624,252,372,534.0,1.0,1.0,True,True,1,1,0,True,1,1,0,0,True,True,0,17,11,17,11,7,LS_PF,sampled_pool,,,False,0.6666666666666666,0.5796299010837699,0.33333333333333337,0.1,adaptive,spacing_aware_flip,offspring,feasible_start_adaptive_spacing,,,,feasible_start_adaptive_spacing,0.5,,True,auto_from_instance,0.75,0.35,"3,5,9,14,17,21,25,27,29,32,37,39,40,41,47,49,57","3,4,16,17,19,21,23,27,30,34",,,,,,"H[3,5,9,14,17,21,25,27,29,32,37,39,40,41,47,49,57]|V[3,4,16,17,19,21,23,26,27,30,34]",04b9835ae17dcf7a9c8af907330db39e1d2fb2b9
proposed_nsga2_bs_Gyorgy-KOVACS_WH_Narrow_AW_4_seed_129,proposed_nsga2_bs,Gyorgy-KOVACS_WH_Narrow_AW_4,129,11,auto_from_instance,12,18,4,30,216,,,,,15,7,8,root > V:16 > BH:27 > BH:49 > BH:41 > BH:29 > BH:17 > BH:9 > BV:24,evaluated,3,inf,False,624,252,372,666.0,1.0,1.0,True,True,1,1,0,True,1,1,0,0,True,True,0,17,11,17,11,7,LS_PF,sampled_pool,,,False,0.6666666666666666,0.5796299010837699,0.33333333333333337,0.1,adaptive,spacing_aware_flip,offspring,feasible_start_adaptive_spacing,,,,feasible_start_adaptive_spacing,0.5,,True,auto_from_instance,0.75,0.35,"3,5,9,14,17,21,25,27,29,32,37,39,40,41,47,49,57","3,4,16,17,19,21,23,27,30,34",,,,,,"H[3,5,9,14,17,21,25,27,29,32,37,39,40,41,47,49,57]|V[3,4,16,17,19,21,23,24,27,30,34]",b03a188135e15721b5fdacc1e2599f0e913cdfd0
proposed_nsga2_bs_Gyorgy-KOVACS_WH_Narrow_AW_4_seed_129,proposed_nsga2_bs,Gyorgy-KOVACS_WH_Narrow_AW_4,129,11,auto_from_instance,12,18,4,30,216,,,,,16,7,8,root > V:16 > BH:27 > BH:49 > BH:39 > BH:29 > BH:17 > BH:9 > BV:24,evaluated,2,inf,False,624,252,372,638.0,1.0,1.0,True,True,1,1,0,True,1,1,0,0,True,True,0,17,11,17,11,7,LS_PF,sampled_pool,,,False,0.6666666666666666,0.5796299010837699,0.33333333333333337,0.1,adaptive,spacing_aware_flip,offspring,feasible_start_adaptive_spacing,,,,feasible_start_adaptive_spacing,0.5,,True,auto_from_instance,0.75,0.35,"3,5,9,14,17,21,25,27,29,32,37,39,40,41,47,49,57","3,4,16,17,19,21,23,27,30,34",,,,,,"H[3,5,9,14,17,21,25,27,29,32,37,39,40,41,47,49,57]|V[3,4,16,17,19,21,23,24,27,30,34]",98cd3db7ad48726674c476a63fd54b9db772e099
proposed_nsga2_bs_Gyorgy-KOVACS_WH_Narrow_AW_4_seed_129,proposed_nsga2_bs,Gyorgy-KOVACS_WH_Narrow_AW_4,129,11,auto_from_instance,12,18,4,30,216,,,,,17,10,8,root > V:16 > BH:27 > BH:5 > BH:15 > BH:25 > BH:37 > BH:47 > BV:26,selected,1,1.5506410256410255,True,632,246,386,550.0,1.0,1.0,True,True,1,1,0,True,1,1,0,0,True,True,0,18,12,18,12,10,LS_SS,sampled_pool,,,True,0.6666666666666666,0.6672003352867218,0.33333333333333337,0.1,adaptive,spacing_aware_flip,offspring,feasible_start_adaptive_spacing,,,,feasible_start_adaptive_spacing,0.5,,True,auto_from_instance,0.75,0.35,"3,5,9,14,17,25,27,29,32,37,38,40,41,47,49,53,57","3,4,16,17,19,21,23,24,26,27,30,34",,,,,,"H[3,5,9,14,15,17,25,27,29,32,37,38,40,41,47,49,53,57]|V[3,4,16,17,19,21,23,24,26,27,30,34]",08ee812bc396556b6550be0bd82f9266dcd2fe55
proposed_nsga2_bs_Gyorgy-KOVACS_WH_Narrow_AW_4_seed_129,proposed_nsga2_bs,Gyorgy-KOVACS_WH_Narrow_AW_4,129,11,auto_from_instance,12,18,4,30,216,,,,,18,10,8,root > V:16 > BH:27 > BH:49 > BH:39 > BH:29 > BH:17 > BH:7 > BV:26,selected,1,0.6487179487179486,True,632,246,386,550.0,1.0,1.0,True,True,1,1,0,True,1,1,0,0,True,True,0,19,12,19,12,10,LS_SS,sampled_pool,,,True,0.6666666666666666,0.6672003352867218,0.33333333333333337,0.1,adaptive,spacing_aware_flip,offspring,feasible_start_adaptive_spacing,,,,feasible_start_adaptive_spacing,0.5,,True,auto_from_instance,0.75,0.35,"3,5,9,14,17,25,27,29,32,37,38,40,41,47,49,53,57","3,4,16,17,19,21,23,24,26,27,30,34",,,,,,"H[3,5,7,9,14,17,25,27,29,32,37,38,39,40,41,47,49,53,57]|V[3,4,16,17,19,21,23,24,26,27,30,34]",660d9dab711cc8220a7c4152b9d81284ad744a59
proposed_nsga2_bs_Gyorgy-KOVACS_WH_Narrow_AW_4_seed_129,proposed_nsga2_bs,Gyorgy-KOVACS_WH_Narrow_AW_4,129,11,auto_from_instance,12,18,4,30,216,,,,,19,10,8,root > V:16 > BH:27 > BH:5 > BH:15 > BH:25 > BH:37 > BH:47 > BV:24,evaluated,2,2.125656565656566,False,632,246,386,628.0,1.0,1.0,True,True,1,1,0,True,1,1,0,0,True,True,0,18,12,18,12,10,LS_SS,sampled_pool,,,True,0.6666666666666666,0.6672003352867218,0.33333333333333337,0.1,adaptive,spacing_aware_flip,offspring,feasible_start_adaptive_spacing,,,,feasible_start_adaptive_spacing,0.5,,True,auto_from_instance,0.75,0.35,"3,5,9,14,17,25,27,29,32,37,38,40,41,47,49,53,57","3,4,16,17,19,21,23,24,26,27,30,34",,,,,,"H[3,5,9,14,15,17,25,27,29,32,37,38,40,41,47,49,53,57]|V[3,4,16,17,19,21,23,24,26,27,30,34]",fe71932ea9ef92cbca4e0b578f20f6e88be50370
proposed_nsga2_bs_Gyorgy-KOVACS_WH_Narrow_AW_4_seed_129,proposed_nsga2_bs,Gyorgy-KOVACS_WH_Narrow_AW_4,129,11,auto_from_instance,12,18,4,30,216,,,,,20,10,8,root > V:16 > BH:27 > BH:49 > BH:39 > BH:29 > BH:17 > BH:7 > BV:24,evaluated,2,0.8743434343434344,False,632,246,386,628.0,1.0,1.0,True,True,1,1,0,True,1,1,0,0,True,True,0,19,12,19,12,10,LS_SS,sampled_pool,,,True,0.6666666666666666,0.6672003352867218,0.33333333333333337,0.1,adaptive,spacing_aware_flip,offspring,feasible_start_adaptive_spacing,,,,feasible_start_adaptive_spacing,0.5,,True,auto_from_instance,0.75,0.35,"3,5,9,14,17,25,27,29,32,37,38,40,41,47,49,53,57","3,4,16,17,19,21,23,24,26,27,30,34",,,,,,"H[3,5,7,9,14,17,25,27,29,32,37,38,39,40,41,47,49,53,57]|V[3,4,16,17,19,21,23,24,26,27,30,34]",9696e3fb0a981a3c866440c46c54987a8cf3ab94
proposed_nsga2_bs_Gyorgy-KOVACS_WH_Narrow_AW_4_seed_129,proposed_nsga2_bs,Gyorgy-KOVACS_WH_Narrow_AW_4,129,12,auto_from_instance,12,18,4,30,216,,,,,1,1,4,root > V:27 > BH:27 > BV:19 > BV:19,selected,0,inf,True,684,260,424,484.0,1.0,1.0,True,True,1,1,0,True,1,1,0,0,True,True,0,19,12,19,12,1,RP_LS,sampled_pool,,,False,0.7222222222222222,0.7137861419266881,0.2777777777777778,0.1,adaptive,spacing_aware_flip,offspring,feasible_start_adaptive_spacing,,,,feasible_start_adaptive_spacing,0.5,,True,auto_from_instance,0.75,0.35,"3,5,9,14,15,17,19,27,29,31,32,37,39,40,41,47,49,51,53","3,4,8,14,17,19,20,21,23,27,30,34",,,,,,"H[3,5,9,14,15,17,19,27,29,31,32,37,39,40,41,47,49,51,53]|V[3,4,8,14,17,19,20,21,23,27,30,34]",9baad5a6d6d08df213ec54891109e23b1069a9a5
proposed_nsga2_bs_Gyorgy-KOVACS_WH_Narrow_AW_4_seed_129,proposed_nsga2_bs,Gyorgy-KOVACS_WH_Narrow_AW_4,129,12,auto_from_instance,12,18,4,30,216,,,,,2,1,4,root > V:27 > BH:27 > BV:17 > BV:19,selected,0,0.0,True,684,260,424,484.0,1.0,1.0,True,True,1,1,0,True,1,1,0,0,True,True,0,19,12,19,12,1,RP_LS,sampled_pool,,,False,0.7222222222222222,0.7137861419266881,0.2777777777777778,0.1,adaptive,spacing_aware_flip,offspring,feasible_start_adaptive_spacing,,,,feasible_start_adaptive_spacing,0.5,,True,auto_from_instance,0.75,0.35,"3,5,9,14,15,17,19,27,29,31,32,37,39,40,41,47,49,51,53","3,4,8,14,17,19,20,21,23,27,30,34",,,,,,"H[3,5,9,14,15,17,19,27,29,31,32,37,39,40,41,47,49,51,53]|V[3,4,8,14,17,19,20,21,23,27,30,34]",7ea492661f4a7d780540a41c5bfc758906148e19
proposed_nsga2_bs_Gyorgy-KOVACS_WH_Narrow_AW_4_seed_129,proposed_nsga2_bs,Gyorgy-KOVACS_WH_Narrow_AW_4,129,12,auto_from_instance,12,18,4,30,216,,,,,3,1,4,root > V:27 > BH:27 > BV:19 > BV:17,selected,0,0.0,True,684,260,424,484.0,1.0,1.0,True,True,1,1,0,True,1,1,0,0,True,True,0,19,12,19,12,1,RP_LS,sampled_pool,,,False,0.7222222222222222,0.7137861419266881,0.2777777777777778,0.1,adaptive,spacing_aware_flip,offspring,feasible_start_adaptive_spacing,,,,feasible_start_adaptive_spacing,0.5,,True,auto_from_instance,0.75,0.35,"3,5,9,14,15,17,19,27,29,31,32,37,39,40,41,47,49,51,53","3,4,8,14,17,19,20,21,23,27,30,34",,,,,,"H[3,5,9,14,15,17,19,27,29,31,32,37,39,40,41,47,49,51,53]|V[3,4,8,14,17,19,20,21,23,27,30,34]",59c55a28d53f47701301421f850890ad1de7d63b
proposed_nsga2_bs_Gyorgy-KOVACS_WH_Narrow_AW_4_seed_129,proposed_nsga2_bs,Gyorgy-KOVACS_WH_Narrow_AW_4,129,12,auto_from_instance,12,18,4,30,216,,,,,4,1,4,root > V:27 > BH:27 > BV:17 > BV:17,selected,0,inf,True,684,260,424,484.0,1.0,1.0,True,True,1,1,0,True,1,1,0,0,True,True,0,19,12,19,12,1,RP_LS,sampled_pool,,,False,0.7222222222222222,0.7137861419266881,0.2777777777777778,0.1,adaptive,spacing_aware_flip,offspring,feasible_start_adaptive_spacing,,,,feasible_start_adaptive_spacing,0.5,,True,auto_from_instance,0.75,0.35,"3,5,9,14,15,17,19,27,29,31,32,37,39,40,41,47,49,51,53","3,4,8,14,17,19,20,21,23,27,30,34",,,,,,"H[3,5,9,14,15,17,19,27,29,31,32,37,39,40,41,47,49,51,53]|V[3,4,8,14,17,19,20,21,23,27,30,34]",6732d5258a9313035bead181283e041def90bbb2
proposed_nsga2_bs_Gyorgy-KOVACS_WH_Narrow_AW_4_seed_129,proposed_nsga2_bs,Gyorgy-KOVACS_WH_Narrow_AW_4,129,12,auto_from_instance,12,18,4,30,216,,,,,5,2,8,root > V:17 > BH:27 > BH:5 > BH:15 > BH:25 > BH:37 > BH:47 > BV:27,selected,1,inf,True,648,237,411,490.0,1.0,1.0,True,True,1,1,0,True,1,1,0,0,True,True,0,18,11,18,11,2,PF_SS_RP,sampled_pool,,,True,0.7222222222222222,0.6581536034184059,0.2777777777777778,0.1,adaptive,insert_random_aisle,offspring,feasible_start_adaptive_spacing,,,,feasible_start_adaptive_spacing,0.5,,True,auto_from_instance,0.75,0.35,"5,9,14,17,27,29,32,37,38,40,41,47,49,55,56,57","3,4,14,17,19,20,21,23,27,30,34",,,,,,"H[5,9,14,15,17,25,27,29,32,37,38,40,41,47,49,55,56,57]|V[3,4,14,17,19,20,21,23,27,30,34]",3ab80a1d8e68880e815ad780c83cfc2449e7f93f
proposed_nsga2_bs_Gyorgy-KOVACS_WH_Narrow_AW_4_seed_129,proposed_nsga2_bs,Gyorgy-KOVACS_WH_Narrow_AW_4,129,12,auto_from_instance,12,18,4,30,216,,,,,6,2,8,root > V:17 > BH:27 > BH:49 > BH:39 > BH:29 > BH:17 > BH:7 > BV:27,selected,1,inf,True,648,237,411,490.0,1.0,1.0,True,True,1,1,0,True,1,1,0,0,True,True,0,18,11,18,11,2,PF_SS_RP,sampled_pool,,,True,0.7222222222222222,0.6581536034184059,0.2777777777777778,0.1,adaptive,insert_random_aisle,offspring,feasible_start_adaptive_spacing,,,,feasible_start_adaptive_spacing,0.5,,True,auto_from_instance,0.75,0.35,"5,9,14,17,27,29,32,37,38,40,41,47,49,55,56,57","3,4,14,17,19,20,21,23,27,30,34",,,,,,"H[5,7,9,14,17,27,29,32,37,38,39,40,41,47,49,55,56,57]|V[3,4,14,17,19,20,21,23,27,30,34]",451b31cd7494c0e29ac39737991e84853f054397
proposed_nsga2_bs_Gyorgy-KOVACS_WH_Narrow_AW_4_seed_129,proposed_nsga2_bs,Gyorgy-KOVACS_WH_Narrow_AW_4,129,12,auto_from_instance,12,18,4,30,216,,,,,7,2,8,root > V:17 > BH:27 > BH:5 > BH:15 > BH:25 > BH:37 > BH:47 > BV:25,evaluated,3,inf,False,648,237,411,544.0,1.0,1.0,True,True,1,1,0,True,1,1,0,0,True,True,0,18,12,18,12,2,PF_SS_RP,sampled_pool,,,True,0.7222222222222222,0.6581536034184059,0.2777777777777778,0.1,adaptive,insert_random_aisle,offspring,feasible_start_adaptive_spacing,,,,feasible_start_adaptive_spacing,0.5,,True,auto_from_instance,0.75,0.35,"5,9,14,17,27,29,32,37,38,40,41,47,49,55,56,57","3,4,14,17,19,20,21,23,27,30,34",,,,,,"H[5,9,14,15,17,25,27,29,32,37,38,40,41,47,49,55,56,57]|V[3,4,14,17,19,20,21,23,25,27,30,34]",24e93b3467ee5334276be59c5b6e878bb2e06a66
proposed_nsga2_bs_Gyorgy-KOVACS_WH_Narrow_AW_4_seed_129,proposed_nsga2_bs,Gyorgy-KOVACS_WH_Narrow_AW_4,129,12,auto_from_instance,12,18,4,30,216,,,,,8,2,8,root > V:17 > BH:27 > BH:49 > BH:39 > BH:29 > BH:17 > BH:7 > BV:25,evaluated,3,inf,False,648,237,411,544.0,1.0,1.0,True,True,1,1,0,True,1,1,0,0,True,True,0,18,12,18,12,2,PF_SS_RP,sampled_pool,,,True,0.7222222222222222,0.6581536034184059,0.2777777777777778,0.1,adaptive,insert_random_aisle,offspring,feasible_start_adaptive_spacing,,,,feasible_start_adaptive_spacing,0.5,,True,auto_from_instance,0.75,0.35,"5,9,14,17,27,29,32,37,38,40,41,47,49,55,56,57","3,4,14,17,19,20,21,23,27,30,34",,,,,,"H[5,7,9,14,17,27,29,32,37,38,39,40,41,47,49,55,56,57]|V[3,4,14,17,19,20,21,23,25,27,30,34]",19631d63ec0204b55a5a6d539d26aaf84a80581d
proposed_nsga2_bs_Gyorgy-KOVACS_WH_Narrow_AW_4_seed_129,proposed_nsga2_bs,Gyorgy-KOVACS_WH_Narrow_AW_4,129,12,auto_from_instance,12,18,4,30,216,,,,,9,4,8,root > V:17 > BH:27 > BH:49 > BH:41 > BH:29 > BH:17 > BH:9 > BV:27,selected,1,3.0,True,640,243,397,493.0,1.0,1.0,True,True,1,1,0,True,1,1,0,0,True,True,0,16,11,16,11,4,LS,sampled_pool,,,False,0.7222222222222222,0.687779604200522,0.2777777777777778,0.1,adaptive,insert_random_aisle,offspring,feasible_start_adaptive_spacing,,,,feasible_start_adaptive_spacing,0.5,,True,auto_from_instance,0.75,0.35,"3,5,9,14,17,27,28,29,32,37,39,40,41,47,49,57","3,4,14,17,19,20,21,23,27,30,34",,,,,,"H[3,5,9,14,17,27,28,29,32,37,39,40,41,47,49,57]|V[3,4,14,17,19,20,21,23,27,30,34]",6b741b69cafdf845076912c9118d6404ec3124cc
proposed_nsga2_bs_Gyorgy-KOVACS_WH_Narrow_AW_4_seed_129,proposed_nsga2_bs,Gyorgy-KOVACS_WH_Narrow_AW_4,129,12,auto_from_instance,12,18,4,30,216,,,,,10,4,8,root > V:17 > BH:27 > BH:49 > BH:39 > BH:29 > BH:17 > BH:9 > BV:27,selected,0,inf,True,640,243,397,467.0,1.0,1.0,True,True,1,1,0,True,1,1,0,0,True,True,0,16,11,16,11,4,LS,sampled_pool,,,False,0.7222222222222222,0.687779604200522,0.2777777777777778,0.1,adaptive,insert_random_aisle,offspring,feasible_start_adaptive_spacing,,,,feasible_start_adaptive_spacing,0.5,,True,auto_from_instance,0.75,0.35,"3,5,9,14,17,27,28,29,32,37,39,40,41,47,49,57","3,4,14,17,19,20,21,23,27,30,34",,,,,,"H[3,5,9,14,17,27,28,29,32,37,39,40,41,47,49,57]|V[3,4,14,17,19,20,21,23,27,30,34]",c31e5af53b1ab973249c91c35b02a53fe27d43b5
proposed_nsga2_bs_Gyorgy-KOVACS_WH_Narrow_AW_4_seed_129,proposed_nsga2_bs,Gyorgy-KOVACS_WH_Narrow_AW_4,129,12,auto_from_instance,12,18,4,30,216,,,,,11,4,8,root > V:17 > BH:27 > BH:49 > BH:41 > BH:29 > BH:17 > BH:9 > BV:25,evaluated,3,inf,False,640,243,397,565.0,1.0,1.0,True,True,1,1,0,True,1,1,0,0,True,True,0,16,12,16,12,4,LS,sampled_pool,,,False,0.7222222222222222,0.687779604200522,0.2777777777777778,0.1,adaptive,insert_random_aisle,offspring,feasible_start_adaptive_spacing,,,,feasible_start_adaptive_spacing,0.5,,True,auto_from_instance,0.75,0.35,"3,5,9,14,17,27,28,29,32,37,39,40,41,47,49,57","3,4,14,17,19,20,21,23,27,30,34",,,,,,"H[3,5,9,14,17,27,28,29,32,37,39,40,41,47,49,57]|V[3,4,14,17,19,20,21,23,25,27,30,34]",39a901559adc49da187861c456901969a94fbc3c
proposed_nsga2_bs_Gyorgy-KOVACS_WH_Narrow_AW_4_seed_129,proposed_nsga2_bs,Gyorgy-KOVACS_WH_Narrow_AW_4,129,12,auto_from_instance,12,18,4,30,216,,,,,12,4,8,root > V:17 > BH:27 > BH:49 > BH:39 > BH:29 > BH:17 > BH:9 > BV:25,evaluated,2,inf,False,640,243,397,539.0,1.0,1.0,True,True,1,1,0,True,1,1,0,0,True,True,0,16,12,16,12,4,LS,sampled_pool,,,False,0.7222222222222222,0.687779604200522,0.2777777777777778,0.1,adaptive,insert_random_aisle,offspring,feasible_start_adaptive_spacing,,,,feasible_start_adaptive_spacing,0.5,,True,auto_from_instance,0.75,0.35,"3,5,9,14,17,27,28,29,32,37,39,40,41,47,49,57","3,4,14,17,19,20,21,23,27,30,34",,,,,,"H[3,5,9,14,17,27,28,29,32,37,39,40,41,47,49,57]|V[3,4,14,17,19,20,21,23,25,27,30,34]",4fcb480805af1c3aff3bd464c714a0dc9bc119e4
proposed_nsga2_bs_Gyorgy-KOVACS_WH_Narrow_AW_4_seed_129,proposed_nsga2_bs,Gyorgy-KOVACS_WH_Narrow_AW_4,129,12,auto_from_instance,12,18,4,30,216,,,,,13,6,8,root > V:16 > BH:27 > BH:5 > BH:15 > BH:25 > BH:37 > BH:47 > BV:26,selected,0,inf,True,632,246,386,550.0,1.0,1.0,True,True,1,1,0,True,1,1,0,0,True,True,0,18,10,18,10,6,PF_SS_RP,sampled_pool,,,True,0.7222222222222222,0.6505948162146562,0.2777777777777778,0.1,adaptive,remove_random_aisle,offspring,feasible_start_adaptive_spacing,,,,feasible_start_adaptive_spacing,0.5,,True,auto_from_instance,0.75,0.35,"3,5,9,14,15,17,19,27,29,32,37,38,39,40,41,47,49","3,4,16,17,19,21,23,30,34",,,,,,"H[3,5,9,14,15,17,19,25,27,29,32,37,38,39,40,41,47,49]|V[3,4,16,17,19,21,23,26,30,34]",08ee812bc396556b6550be0bd82f9266dcd2fe55
proposed_nsga2_bs_Gyorgy-KOVACS_WH_Narrow_AW_4_seed_129,proposed_nsga2_bs,Gyorgy-KOVACS_WH_Narrow_AW_4,129,12,auto_from_instance,12,18,4,30,216,,,,,14,6,8,root > V:16 > BH:27 > BH:49 > BH:39 > BH:29 > BH:17 > BH:7 > BV:26,selected,0,inf,True,632,246,386,550.0,1.0,1.0,True,True,1,1,0,True,1,1,0,0,True,True,0,18,10,18,10,6,PF_SS_RP,sampled_pool,,,True,0.7222222222222222,0.6505948162146562,0.2777777777777778,0.1,adaptive,remove_random_aisle,offspring,feasible_start_adaptive_spacing,,,,feasible_start_adaptive_spacing,0.5,,True,auto_from_instance,0.75,0.35,"3,5,9,14,15,17,19,27,29,32,37,38,39,40,41,47,49","3,4,16,17,19,21,23,30,34",,,,,,"H[3,5,7,9,14,15,17,19,27,29,32,37,38,39,40,41,47,49]|V[3,4,16,17,19,21,23,26,30,34]",660d9dab711cc8220a7c4152b9d81284ad744a59
proposed_nsga2_bs_Gyorgy-KOVACS_WH_Narrow_AW_4_seed_129,proposed_nsga2_bs,Gyorgy-KOVACS_WH_Narrow_AW_4,129,12,auto_from_instance,12,18,4,30,216,,,,,15,6,8,root > V:16 > BH:27 > BH:5 > BH:15 > BH:25 > BH:37 > BH:47 > BV:24,selected,1,inf,True,632,246,386,628.0,1.0,1.0,True,True,1,1,0,True,1,1,0,0,True,True,0,18,10,18,10,6,PF_SS_RP,sampled_pool,,,True,0.7222222222222222,0.6505948162146562,0.2777777777777778,0.1,adaptive,remove_random_aisle,offspring,feasible_start_adaptive_spacing,,,,feasible_start_adaptive_spacing,0.5,,True,auto_from_instance,0.75,0.35,"3,5,9,14,15,17,19,27,29,32,37,38,39,40,41,47,49","3,4,16,17,19,21,23,30,34",,,,,,"H[3,5,9,14,15,17,19,25,27,29,32,37,38,39,40,41,47,49]|V[3,4,16,17,19,21,23,24,30,34]",fe71932ea9ef92cbca4e0b578f20f6e88be50370
proposed_nsga2_bs_Gyorgy-KOVACS_WH_Narrow_AW_4_seed_129,proposed_nsga2_bs,Gyorgy-KOVACS_WH_Narrow_AW_4,129,12,auto_from_instance,12,18,4,30,216,,,,,16,6,8,root > V:16 > BH:27 > BH:49 > BH:39 > BH:29 > BH:17 > BH:7 > BV:24,selected,1,inf,True,632,246,386,628.0,1.0,1.0,True,True,1,1,0,True,1,1,0,0,True,True,0,18,10,18,10,6,PF_SS_RP,sampled_pool,,,True,0.7222222222222222,0.6505948162146562,0.2777777777777778,0.1,adaptive,remove_random_aisle,offspring,feasible_start_adaptive_spacing,,,,feasible_start_adaptive_spacing,0.5,,True,auto_from_instance,0.75,0.35,"3,5,9,14,15,17,19,27,29,32,37,38,39,40,41,47,49","3,4,16,17,19,21,23,30,34",,,,,,"H[3,5,7,9,14,15,17,19,27,29,32,37,38,39,40,41,47,49]|V[3,4,16,17,19,21,23,24,30,34]",9696e3fb0a981a3c866440c46c54987a8cf3ab94
proposed_nsga2_bs_Gyorgy-KOVACS_WH_Narrow_AW_4_seed_129,proposed_nsga2_bs,Gyorgy-KOVACS_WH_Narrow_AW_4,129,13,auto_from_instance,12,18,4,30,216,,,,,1,1,4,root > V:27 > BH:27 > BV:19 > BV:19,selected,0,inf,True,684,260,424,484.0,1.0,1.0,True,True,1,1,0,True,1,1,0,0,True,True,0,17,11,17,11,1,SS_PF_LS,sampled_pool,,,True,0.7777777777777778,0.8748742130891394,0.2222222222222222,0.1,adaptive,remove_random_aisle,offspring,feasible_start_adaptive_spacing,,,,feasible_start_adaptive_spacing,0.5,,True,auto_from_instance,0.75,0.35,"3,5,9,14,15,17,19,27,29,31,32,37,38,39,41,47,49","3,4,16,17,19,20,21,23,27,30,34",,,,,,"H[3,5,9,14,15,17,19,27,29,31,32,37,38,39,41,47,49]|V[3,4,16,17,19,20,21,23,27,30,34]",9baad5a6d6d08df213ec54891109e23b1069a9a5
proposed_nsga2_bs_Gyorgy-KOVACS_WH_Narrow_AW_4_seed_129,proposed_nsga2_bs,Gyorgy-KOVACS_WH_Narrow_AW_4,129,13,auto_from_instance,12,18,4,30,216,,,,,2,1,4,root > V:27 > BH:27 > BV:17 > BV:19,selected,0,0.0,True,684,260,424,484.0,1.0,1.0,True,True,1,1,0,True,1,1,0,0,True,True,0,17,11,17,11,1,SS_PF_LS,sampled_pool,,,True,0.7777777777777778,0.8748742130891394,0.2222222222222222,0.1,adaptive,remove_random_aisle,offspring,feasible_start_adaptive_spacing,,,,feasible_start_adaptive_spacing,0.5,,True,auto_from_instance,0.75,0.35,"3,5,9,14,15,17,19,27,29,31,32,37,38,39,41,47,49","3,4,16,17,19,20,21,23,27,30,34",,,,,,"H[3,5,9,14,15,17,19,27,29,31,32,37,38,39,41,47,49]|V[3,4,16,17,19,20,21,23,27,30,34]",7ea492661f4a7d780540a41c5bfc758906148e19
proposed_nsga2_bs_Gyorgy-KOVACS_WH_Narrow_AW_4_seed_129,proposed_nsga2_bs,Gyorgy-KOVACS_WH_Narrow_AW_4,129,13,auto_from_instance,12,18,4,30,216,,,,,3,1,4,root > V:27 > BH:27 > BV:19 > BV:17,selected,0,0.0,True,684,260,424,484.0,1.0,1.0,True,True,1,1,0,True,1,1,0,0,True,True,0,17,11,17,11,1,SS_PF_LS,sampled_pool,,,True,0.7777777777777778,0.8748742130891394,0.2222222222222222,0.1,adaptive,remove_random_aisle,offspring,feasible_start_adaptive_spacing,,,,feasible_start_adaptive_spacing,0.5,,True,auto_from_instance,0.75,0.35,"3,5,9,14,15,17,19,27,29,31,32,37,38,39,41,47,49","3,4,16,17,19,20,21,23,27,30,34",,,,,,"H[3,5,9,14,15,17,19,27,29,31,32,37,38,39,41,47,49]|V[3,4,16,17,19,20,21,23,27,30,34]",59c55a28d53f47701301421f850890ad1de7d63b
proposed_nsga2_bs_Gyorgy-KOVACS_WH_Narrow_AW_4_seed_129,proposed_nsga2_bs,Gyorgy-KOVACS_WH_Narrow_AW_4,129,13,auto_from_instance,12,18,4,30,216,,,,,4,1,4,root > V:27 > BH:27 > BV:17 > BV:17,selected,0,inf,True,684,260,424,484.0,1.0,1.0,True,True,1,1,0,True,1,1,0,0,True,True,0,17,11,17,11,1,SS_PF_LS,sampled_pool,,,True,0.7777777777777778,0.8748742130891394,0.2222222222222222,0.1,adaptive,remove_random_aisle,offspring,feasible_start_adaptive_spacing,,,,feasible_start_adaptive_spacing,0.5,,True,auto_from_instance,0.75,0.35,"3,5,9,14,15,17,19,27,29,31,32,37,38,39,41,47,49","3,4,16,17,19,20,21,23,27,30,34",,,,,,"H[3,5,9,14,15,17,19,27,29,31,32,37,38,39,41,47,49]|V[3,4,16,17,19,20,21,23,27,30,34]",6732d5258a9313035bead181283e041def90bbb2
proposed_nsga2_bs_Gyorgy-KOVACS_WH_Narrow_AW_4_seed_129,proposed_nsga2_bs,Gyorgy-KOVACS_WH_Narrow_AW_4,129,13,auto_from_instance,12,18,4,30,216,,,,,5,2,4,root > V:30 > BH:27 > BV:21 > BV:21,evaluated,4,inf,False,672,206,466,676.0,1.0,1.0,True,True,1,1,0,True,1,1,0,0,True,True,0,19,10,19,10,2,LS,sampled_pool,,,False,0.7777777777777778,0.772640956126859,0.2222222222222222,0.1,adaptive,remove_random_aisle,offspring,feasible_start_adaptive_spacing,,,,feasible_start_adaptive_spacing,0.5,,True,auto_from_instance,0.75,0.35,"3,5,9,14,15,17,19,25,27,29,32,37,39,40,41,47,49,51,53","3,4,14,17,19,21,23,26,30,34",,,,,,"H[3,5,9,14,15,17,19,25,27,29,32,37,39,40,41,47,49,51,53]|V[3,4,14,17,19,21,23,26,30,34]",5dff680449ea54ef73abf8585de0c2ba440a4835
proposed_nsga2_bs_Gyorgy-KOVACS_WH_Narrow_AW_4_seed_129,proposed_nsga2_bs,Gyorgy-KOVACS_WH_Narrow_AW_4,129,13,auto_from_instance,12,18,4,30,216,,,,,6,2,4,root > V:30 > BH:27 > BV:19 > BV:21,evaluated,4,0.0,False,672,206,466,676.0,1.0,1.0,True,True,1,1,0,True,1,1,0,0,True,True,0,19,10,19,10,2,LS,sampled_pool,,,False,0.7777777777777778,0.772640956126859,0.2222222222222222,0.1,adaptive,remove_random_aisle,offspring,feasible_start_adaptive_spacing,,,,feasible_start_adaptive_spacing,0.5,,True,auto_from_instance,0.75,0.35,"3,5,9,14,15,17,19,25,27,29,32,37,39,40,41,47,49,51,53","3,4,14,17,19,21,23,26,30,34",,,,,,"H[3,5,9,14,15,17,19,25,27,29,32,37,39,40,41,47,49,51,53]|V[3,4,14,17,19,21,23,26,30,34]",8bd280773c3be24cfc914a42e887aea361f9570c
proposed_nsga2_bs_Gyorgy-KOVACS_WH_Narrow_AW_4_seed_129,proposed_nsga2_bs,Gyorgy-KOVACS_WH_Narrow_AW_4,129,13,auto_from_instance,12,18,4,30,216,,,,,7,2,4,root > V:30 > BH:27 > BV:17 > BV:21,evaluated,5,inf,False,672,206,466,780.0,1.0,1.0,True,True,1,1,0,True,1,1,0,0,True,True,0,19,10,19,10,2,LS,sampled_pool,,,False,0.7777777777777778,0.772640956126859,0.2222222222222222,0.1,adaptive,remove_random_aisle,offspring,feasible_start_adaptive_spacing,,,,feasible_start_adaptive_spacing,0.5,,True,auto_from_instance,0.75,0.35,"3,5,9,14,15,17,19,25,27,29,32,37,39,40,41,47,49,51,53","3,4,14,17,19,21,23,26,30,34",,,,,,"H[3,5,9,14,15,17,19,25,27,29,32,37,39,40,41,47,49,51,53]|V[3,4,14,17,19,21,23,26,30,34]",bc685e60674e71127d94e1bc63528c1909b02162
proposed_nsga2_bs_Gyorgy-KOVACS_WH_Narrow_AW_4_seed_129,proposed_nsga2_bs,Gyorgy-KOVACS_WH_Narrow_AW_4,129,13,auto_from_instance,12,18,4,30,216,,,,,8,2,4,root > V:30 > BH:27 > BV:21 > BV:19,evaluated,4,0.0,False,672,206,466,676.0,1.0,1.0,True,True,1,1,0,True,1,1,0,0,True,True,0,19,10,19,10,2,LS,sampled_pool,,,False,0.7777777777777778,0.772640956126859,0.2222222222222222,0.1,adaptive,remove_random_aisle,offspring,feasible_start_adaptive_spacing,,,,feasible_start_adaptive_spacing,0.5,,True,auto_from_instance,0.75,0.35,"3,5,9,14,15,17,19,25,27,29,32,37,39,40,41,47,49,51,53","3,4,14,17,19,21,23,26,30,34",,,,,,"H[3,5,9,14,15,17,19,25,27,29,32,37,39,40,41,47,49,51,53]|V[3,4,14,17,19,21,23,26,30,34]",0ed2b993601a455ad3c48ac7828910fea4b1be83
proposed_nsga2_bs_Gyorgy-KOVACS_WH_Narrow_AW_4_seed_129,proposed_nsga2_bs,Gyorgy-KOVACS_WH_Narrow_AW_4,129,13,auto_from_instance,12,18,4,30,216,,,,,9,3,4,root > V:30 > BH:27 > BV:19 > BV:19,evaluated,4,inf,False,672,206,466,676.0,1.0,1.0,True,True,1,1,0,True,1,1,0,0,True,True,0,17,11,17,11,3,RP_LS,sampled_pool,,,False,0.7777777777777778,0.7678368089784191,0.2222222222222222,0.1,adaptive,spacing_aware_flip,offspring,feasible_start_adaptive_spacing,,,,feasible_start_adaptive_spacing,0.5,,True,auto_from_instance,0.75,0.35,"3,5,9,14,15,17,19,27,29,32,37,38,39,40,41,47,49","3,4,9,16,17,19,20,21,23,30,34",,,,,,"H[3,5,9,14,15,17,19,27,29,32,37,38,39,40,41,47,49]|V[3,4,9,16,17,19,20,21,23,30,34]",1d86290022dd5e2c97367644c31a54117380bf1c
proposed_nsga2_bs_Gyorgy-KOVACS_WH_Narrow_AW_4_seed_129,proposed_nsga2_bs,Gyorgy-KOVACS_WH_Narrow_AW_4,129,13,auto_from_instance,12,18,4,30,216,,,,,10,5,8,root > V:16 > BH:27 > BH:49 > BH:41 > BH:29 > BH:17 > BH:9 > BV:26,selected,1,inf,True,624,252,372,562.0,1.0,1.0,True,True,1,1,0,True,1,1,0,0,True,True,0,21,12,21,12,5,LS_PF,sampled_pool,,,False,0.7777777777777778,0.7893678763260071,0.2222222222222222,0.1,adaptive,spacing_aware_flip,offspring,feasible_start_adaptive_spacing,,,,feasible_start_adaptive_spacing,0.5,,True,auto_from_instance,0.75,0.35,"3,5,7,9,14,15,17,19,23,27,29,32,37,38,39,40,41,47,49,51,53","3,4,8,14,16,17,19,21,23,26,30,34",,,,,,"H[3,5,7,9,14,15,17,19,23,27,29,32,37,38,39,40,41,47,49,51,53]|V[3,4,8,14,16,17,19,21,23,26,30,34]",8498d8f1059034f9f144b058e7e18d5585555d05
proposed_nsga2_bs_Gyorgy-KOVACS_WH_Narrow_AW_4_seed_129,proposed_nsga2_bs,Gyorgy-KOVACS_WH_Narrow_AW_4,129,13,auto_from_instance,12,18,4,30,216,,,,,11,5,8,root > V:16 > BH:27 > BH:49 > BH:39 > BH:29 > BH:17 > BH:9 > BV:26,selected,0,inf,True,624,252,372,534.0,1.0,1.0,True,True,1,1,0,True,1,1,0,0,True,True,0,21,12,21,12,5,LS_PF,sampled_pool,,,False,0.7777777777777778,0.7893678763260071,0.2222222222222222,0.1,adaptive,spacing_aware_flip,offspring,feasible_start_adaptive_spacing,,,,feasible_start_adaptive_spacing,0.5,,True,auto_from_instance,0.75,0.35,"3,5,7,9,14,15,17,19,23,27,29,32,37,38,39,40,41,47,49,51,53","3,4,8,14,16,17,19,21,23,26,30,34",,,,,,"H[3,5,7,9,14,15,17,19,23,27,29,32,37,38,39,40,41,47,49,51,53]|V[3,4,8,14,16,17,19,21,23,26,30,34]",04b9835ae17dcf7a9c8af907330db39e1d2fb2b9
proposed_nsga2_bs_Gyorgy-KOVACS_WH_Narrow_AW_4_seed_129,proposed_nsga2_bs,Gyorgy-KOVACS_WH_Narrow_AW_4,129,13,auto_from_instance,12,18,4,30,216,,,,,12,5,8,root > V:16 > BH:27 > BH:49 > BH:41 > BH:29 > BH:17 > BH:9 > BV:24,evaluated,3,inf,False,624,252,372,666.0,1.0,1.0,True,True,1,1,0,True,1,1,0,0,True,True,0,21,13,21,13,5,LS_PF,sampled_pool,,,False,0.7777777777777778,0.7893678763260071,0.2222222222222222,0.1,adaptive,spacing_aware_flip,offspring,feasible_start_adaptive_spacing,,,,feasible_start_adaptive_spacing,0.5,,True,auto_from_instance,0.75,0.35,"3,5,7,9,14,15,17,19,23,27,29,32,37,38,39,40,41,47,49,51,53","3,4,8,14,16,17,19,21,23,26,30,34",,,,,,"H[3,5,7,9,14,15,17,19,23,27,29,32,37,38,39,40,41,47,49,51,53]|V[3,4,8,14,16,17,19,21,23,24,26,30,34]",b03a188135e15721b5fdacc1e2599f0e913cdfd0
proposed_nsga2_bs_Gyorgy-KOVACS_WH_Narrow_AW_4_seed_129,proposed_nsga2_bs,Gyorgy-KOVACS_WH_Narrow_AW_4,129,13,auto_from_instance,12,18,4,30,216,,,,,13,5,8,root > V:16 > BH:27 > BH:49 > BH:39 > BH:29 > BH:17 > BH:9 > BV:24,evaluated,2,inf,False,624,252,372,638.0,1.0,1.0,True,True,1,1,0,True,1,1,0,0,True,True,0,21,13,21,13,5,LS_PF,sampled_pool,,,False,0.7777777777777778,0.7893678763260071,0.2222222222222222,0.1,adaptive,spacing_aware_flip,offspring,feasible_start_adaptive_spacing,,,,feasible_start_adaptive_spacing,0.5,,True,auto_from_instance,0.75,0.35,"3,5,7,9,14,15,17,19,23,27,29,32,37,38,39,40,41,47,49,51,53","3,4,8,14,16,17,19,21,23,26,30,34",,,,,,"H[3,5,7,9,14,15,17,19,23,27,29,32,37,38,39,40,41,47,49,51,53]|V[3,4,8,14,16,17,19,21,23,24,26,30,34]",98cd3db7ad48726674c476a63fd54b9db772e099
proposed_nsga2_bs_Gyorgy-KOVACS_WH_Narrow_AW_4_seed_129,proposed_nsga2_bs,Gyorgy-KOVACS_WH_Narrow_AW_4,129,13,auto_from_instance,12,18,4,30,216,,,,,14,6,8,root > V:17 > BH:27 > BH:5 > BH:15 > BH:25 > BH:37 > BH:47 > BV:27,selected,0,1.5221739130434782,True,648,237,411,490.0,1.0,1.0,True,True,1,1,0,True,1,1,0,0,True,True,0,18,10,18,10,6,LS_RP,sampled_pool,,,False,0.7777777777777778,0.819494990305236,0.2222222222222222,0.1,adaptive,swap_segments,offspring,feasible_start_adaptive_spacing,,,,feasible_start_adaptive_spacing,0.5,,True,auto_from_instance,0.75,0.35,"3,5,7,8,9,15,17,27,29,31,32,37,41,46,47,49,51","3,4,17,19,20,21,23,27,30,34",,,,,,"H[3,5,7,8,9,15,17,25,27,29,31,32,37,41,46,47,49,51]|V[3,4,17,19,20,21,23,27,30,34]",3ab80a1d8e68880e815ad780c83cfc2449e7f93f
proposed_nsga2_bs_Gyorgy-KOVACS_WH_Narrow_AW_4_seed_129,proposed_nsga2_bs,Gyorgy-KOVACS_WH_Narrow_AW_4,129,13,auto_from_instance,12,18,4,30,216,,,,,15,6,8,root > V:17 > BH:27 > BH:49 > BH:39 > BH:29 > BH:17 > BH:7 > BV:27,selected,0,inf,True,648,237,411,490.0,1.0,1.0,True,True,1,1,0,True,1,1,0,0,True,True,0,18,10,18,10,6,LS_RP,sampled_pool,,,False,0.7777777777777778,0.819494990305236,0.2222222222222222,0.1,adaptive,swap_segments,offspring,feasible_start_adaptive_spacing,,,,feasible_start_adaptive_spacing,0.5,,True,auto_from_instance,0.75,0.35,"3,5,7,8,9,15,17,27,29,31,32,37,41,46,47,49,51","3,4,17,19,20,21,23,27,30,34",,,,,,"H[3,5,7,8,9,15,17,27,29,31,32,37,39,41,46,47,49,51]|V[3,4,17,19,20,21,23,27,30,34]",451b31cd7494c0e29ac39737991e84853f054397
proposed_nsga2_bs_Gyorgy-KOVACS_WH_Narrow_AW_4_seed_129,proposed_nsga2_bs,Gyorgy-KOVACS_WH_Narrow_AW_4,129,13,auto_from_instance,12,18,4,30,216,,,,,16,6,8,root > V:17 > BH:27 > BH:5 > BH:15 > BH:25 > BH:37 > BH:47 > BV:25,selected,1,inf,True,648,237,411,544.0,1.0,1.0,True,True,1,1,0,True,1,1,0,0,True,True,0,18,11,18,11,6,LS_RP,sampled_pool,,,False,0.7777777777777778,0.819494990305236,0.2222222222222222,0.1,adaptive,swap_segments,offspring,feasible_start_adaptive_spacing,,,,feasible_start_adaptive_spacing,0.5,,True,auto_from_instance,0.75,0.35,"3,5,7,8,9,15,17,27,29,31,32,37,41,46,47,49,51","3,4,17,19,20,21,23,27,30,34",,,,,,"H[3,5,7,8,9,15,17,25,27,29,31,32,37,41,46,47,49,51]|V[3,4,17,19,20,21,23,25,27,30,34]",24e93b3467ee5334276be59c5b6e878bb2e06a66
proposed_nsga2_bs_Gyorgy-KOVACS_WH_Narrow_AW_4_seed_129,proposed_nsga2_bs,Gyorgy-KOVACS_WH_Narrow_AW_4,129,13,auto_from_instance,12,18,4,30,216,,,,,17,6,8,root > V:17 > BH:27 > BH:49 > BH:39 > BH:29 > BH:17 > BH:7 > BV:25,selected,1,inf,True,648,237,411,544.0,1.0,1.0,True,True,1,1,0,True,1,1,0,0,True,True,0,18,11,18,11,6,LS_RP,sampled_pool,,,False,0.7777777777777778,0.819494990305236,0.2222222222222222,0.1,adaptive,swap_segments,offspring,feasible_start_adaptive_spacing,,,,feasible_start_adaptive_spacing,0.5,,True,auto_from_instance,0.75,0.35,"3,5,7,8,9,15,17,27,29,31,32,37,41,46,47,49,51","3,4,17,19,20,21,23,27,30,34",,,,,,"H[3,5,7,8,9,15,17,27,29,31,32,37,39,41,46,47,49,51]|V[3,4,17,19,20,21,23,25,27,30,34]",19631d63ec0204b55a5a6d539d26aaf84a80581d
proposed_nsga2_bs_Gyorgy-KOVACS_WH_Narrow_AW_4_seed_129,proposed_nsga2_bs,Gyorgy-KOVACS_WH_Narrow_AW_4,129,13,auto_from_instance,12,18,4,30,216,,,,,18,10,8,root > V:16 > BH:27 > BH:5 > BH:15 > BH:25 > BH:37 > BH:47 > BV:26,selected,1,1.0923076923076924,True,632,246,386,550.0,1.0,1.0,True,True,1,1,0,True,1,1,0,0,True,True,0,20,10,20,10,10,LS_SS,sampled_pool,,,True,0.7777777777777778,0.7727371353319865,0.2222222222222222,0.1,adaptive,break_symmetry,offspring,feasible_start_adaptive_spacing,,,,feasible_start_adaptive_spacing,0.5,,True,auto_from_instance,0.75,0.35,"3,5,9,14,15,17,19,27,29,31,32,37,38,39,40,41,48,49","3,4,16,17,19,21,23,26,30,34",,,,,,"H[3,5,9,14,15,17,19,25,27,29,31,32,37,38,39,40,41,47,48,49]|V[3,4,16,17,19,21,23,26,30,34]",08ee812bc396556b6550be0bd82f9266dcd2fe55
proposed_nsga2_bs_Gyorgy-KOVACS_WH_Narrow_AW_4_seed_129,proposed_nsga2_bs,Gyorgy-KOVACS_WH_Narrow_AW_4,129,13,auto_from_instance,12,18,4,30,216,,,,,19,10,8,root > V:16 > BH:27 > BH:49 > BH:39 > BH:29 > BH:17 > BH:7 > BV:26,selected,1,1.9076923076923076,True,632,246,386,550.0,1.0,1.0,True,True,1,1,0,True,1,1,0,0,True,True,0,19,10,19,10,10,LS_SS,sampled_pool,,,True,0.7777777777777778,0.7727371353319865,0.2222222222222222,0.1,adaptive,break_symmetry,offspring,feasible_start_adaptive_spacing,,,,feasible_start_adaptive_spacing,0.5,,True,auto_from_instance,0.75,0.35,"3,5,9,14,15,17,19,27,29,31,32,37,38,39,40,41,48,49","3,4,16,17,19,21,23,26,30,34",,,,,,"H[3,5,7,9,14,15,17,19,27,29,31,32,37,38,39,40,41,48,49]|V[3,4,16,17,19,21,23,26,30,34]",660d9dab711cc8220a7c4152b9d81284ad744a59
proposed_nsga2_bs_Gyorgy-KOVACS_WH_Narrow_AW_4_seed_129,proposed_nsga2_bs,Gyorgy-KOVACS_WH_Narrow_AW_4,129,13,auto_from_instance,12,18,4,30,216,,,,,20,10,8,root > V:16 > BH:27 > BH:5 > BH:15 > BH:25 > BH:37 > BH:47 > BV:24,evaluated,2,inf,False,632,246,386,628.0,1.0,1.0,True,True,1,1,0,True,1,1,0,0,True,True,0,20,11,20,11,10,LS_SS,sampled_pool,,,True,0.7777777777777778,0.7727371353319865,0.2222222222222222,0.1,adaptive,break_symmetry,offspring,feasible_start_adaptive_spacing,,,,feasible_start_adaptive_spacing,0.5,,True,auto_from_instance,0.75,0.35,"3,5,9,14,15,17,19,27,29,31,32,37,38,39,40,41,48,49","3,4,16,17,19,21,23,26,30,34",,,,,,"H[3,5,9,14,15,17,19,25,27,29,31,32,37,38,39,40,41,47,48,49]|V[3,4,16,17,19,21,23,24,26,30,34]",fe71932ea9ef92cbca4e0b578f20f6e88be50370
proposed_nsga2_bs_Gyorgy-KOVACS_WH_Narrow_AW_4_seed_129,proposed_nsga2_bs,Gyorgy-KOVACS_WH_Narrow_AW_4,129,13,auto_from_instance,12,18,4,30,216,,,,,21,10,8,root > V:16 > BH:27 > BH:49 > BH:39 > BH:29 > BH:17 > BH:7 > BV:24,evaluated,2,inf,False,632,246,386,628.0,1.0,1.0,True,True,1,1,0,True,1,1,0,0,True,True,0,19,11,19,11,10,LS_SS,sampled_pool,,,True,0.7777777777777778,0.7727371353319865,0.2222222222222222,0.1,adaptive,break_symmetry,offspring,feasible_start_adaptive_spacing,,,,feasible_start_adaptive_spacing,0.5,,True,auto_from_instance,0.75,0.35,"3,5,9,14,15,17,19,27,29,31,32,37,38,39,40,41,48,49","3,4,16,17,19,21,23,26,30,34",,,,,,"H[3,5,7,9,14,15,17,19,27,29,31,32,37,38,39,40,41,48,49]|V[3,4,16,17,19,21,23,24,26,30,34]",9696e3fb0a981a3c866440c46c54987a8cf3ab94
proposed_nsga2_bs_Gyorgy-KOVACS_WH_Narrow_AW_4_seed_129,proposed_nsga2_bs,Gyorgy-KOVACS_WH_Narrow_AW_4,129,14,auto_from_instance,12,18,4,30,216,,,,,1,1,8,root > V:17 > BH:27 > BH:5 > BH:15 > BH:25 > BH:37 > BH:47 > BV:27,selected,1,inf,True,648,237,411,490.0,1.0,1.0,True,True,1,1,0,True,1,1,0,0,True,True,0,17,13,17,13,1,PF_SS_RP,sampled_pool,,,True,0.8333333333333334,0.8511270622036017,0.16666666666666663,0.1,adaptive,insert_random_aisle,offspring,feasible_start_adaptive_spacing,,,,feasible_start_adaptive_spacing,0.5,,True,auto_from_instance,0.75,0.35,"3,5,9,14,15,17,19,25,27,29,31,32,37,41,46,47,49","2,3,4,16,17,19,20,21,23,25,27,30,34",,,,,,"H[3,5,9,14,15,17,19,25,27,29,31,32,37,41,46,47,49]|V[2,3,4,16,17,19,20,21,23,25,27,30,34]",3ab80a1d8e68880e815ad780c83cfc2449e7f93f
proposed_nsga2_bs_Gyorgy-KOVACS_WH_Narrow_AW_4_seed_129,proposed_nsga2_bs,Gyorgy-KOVACS_WH_Narrow_AW_4,129,14,auto_from_instance,12,18,4,30,216,,,,,2,1,8,root > V:17 > BH:27 > BH:49 > BH:39 > BH:29 > BH:17 > BH:7 > BV:27,selected,1,inf,True,648,237,411,490.0,1.0,1.0,True,True,1,1,0,True,1,1,0,0,True,True,0,19,13,19,13,1,PF_SS_RP,sampled_pool,,,True,0.8333333333333334,0.8511270622036017,0.16666666666666663,0.1,adaptive,insert_random_aisle,offspring,feasible_start_adaptive_spacing,,,,feasible_start_adaptive_spacing,0.5,,True,auto_from_instance,0.75,0.35,"3,5,9,14,15,17,19,25,27,29,31,32,37,41,46,47,49","2,3,4,16,17,19,20,21,23,25,27,30,34",,,,,,"H[3,5,7,9,14,15,17,19,25,27,29,31,32,37,39,41,46,47,49]|V[2,3,4,16,17,19,20,21,23,25,27,30,34]",451b31cd7494c0e29ac39737991e84853f054397
proposed_nsga2_bs_Gyorgy-KOVACS_WH_Narrow_AW_4_seed_129,proposed_nsga2_bs,Gyorgy-KOVACS_WH_Narrow_AW_4,129,14,auto_from_instance,12,18,4,30,216,,,,,3,1,8,root > V:17 > BH:27 > BH:5 > BH:15 > BH:25 > BH:37 > BH:47 > BV:25,evaluated,3,inf,False,648,237,411,544.0,1.0,1.0,True,True,1,1,0,True,1,1,0,0,True,True,0,17,13,17,13,1,PF_SS_RP,sampled_pool,,,True,0.8333333333333334,0.8511270622036017,0.16666666666666663,0.1,adaptive,insert_random_aisle,offspring,feasible_start_adaptive_spacing,,,,feasible_start_adaptive_spacing,0.5,,True,auto_from_instance,0.75,0.35,"3,5,9,14,15,17,19,25,27,29,31,32,37,41,46,47,49","2,3,4,16,17,19,20,21,23,25,27,30,34",,,,,,"H[3,5,9,14,15,17,19,25,27,29,31,32,37,41,46,47,49]|V[2,3,4,16,17,19,20,21,23,25,27,30,34]",24e93b3467ee5334276be59c5b6e878bb2e06a66
proposed_nsga2_bs_Gyorgy-KOVACS_WH_Narrow_AW_4_seed_129,proposed_nsga2_bs,Gyorgy-KOVACS_WH_Narrow_AW_4,129,14,auto_from_instance,12,18,4,30,216,,,,,4,1,8,root > V:17 > BH:27 > BH:49 > BH:39 > BH:29 > BH:17 > BH:7 > BV:25,evaluated,3,inf,False,648,237,411,544.0,1.0,1.0,True,True,1,1,0,True,1,1,0,0,True,True,0,19,13,19,13,1,PF_SS_RP,sampled_pool,,,True,0.8333333333333334,0.8511270622036017,0.16666666666666663,0.1,adaptive,insert_random_aisle,offspring,feasible_start_adaptive_spacing,,,,feasible_start_adaptive_spacing,0.5,,True,auto_from_instance,0.75,0.35,"3,5,9,14,15,17,19,25,27,29,31,32,37,41,46,47,49","2,3,4,16,17,19,20,21,23,25,27,30,34",,,,,,"H[3,5,7,9,14,15,17,19,25,27,29,31,32,37,39,41,46,47,49]|V[2,3,4,16,17,19,20,21,23,25,27,30,34]",19631d63ec0204b55a5a6d539d26aaf84a80581d
proposed_nsga2_bs_Gyorgy-KOVACS_WH_Narrow_AW_4_seed_129,proposed_nsga2_bs,Gyorgy-KOVACS_WH_Narrow_AW_4,129,14,auto_from_instance,12,18,4,30,216,,,,,5,2,4,root > V:27 > BH:27 > BV:19 > BV:19,selected,0,inf,True,684,260,424,484.0,1.0,1.0,True,True,1,1,0,True,1,1,0,0,True,True,0,19,10,19,10,2,SS,sampled_pool,,,True,0.8333333333333334,0.7877787814784911,0.16666666666666663,0.1,adaptive,insert_random_aisle,offspring,feasible_start_adaptive_spacing,,,,feasible_start_adaptive_spacing,0.5,,True,auto_from_instance,0.75,0.35,"3,5,7,8,9,15,17,27,29,31,32,34,37,38,39,41,47,49,51","3,4,17,19,20,21,23,27,30,34",,,,,,"H[3,5,7,8,9,15,17,27,29,31,32,34,37,38,39,41,47,49,51]|V[3,4,17,19,20,21,23,27,30,34]",9baad5a6d6d08df213ec54891109e23b1069a9a5
proposed_nsga2_bs_Gyorgy-KOVACS_WH_Narrow_AW_4_seed_129,proposed_nsga2_bs,Gyorgy-KOVACS_WH_Narrow_AW_4,129,14,auto_from_instance,12,18,4,30,216,,,,,6,2,4,root > V:27 > BH:27 > BV:17 > BV:19,selected,0,0.0,True,684,260,424,484.0,1.0,1.0,True,True,1,1,0,True,1,1,0,0,True,True,0,19,10,19,10,2,SS,sampled_pool,,,True,0.8333333333333334,0.7877787814784911,0.16666666666666663,0.1,adaptive,insert_random_aisle,offspring,feasible_start_adaptive_spacing,,,,feasible_start_adaptive_spacing,0.5,,True,auto_from_instance,0.75,0.35,"3,5,7,8,9,15,17,27,29,31,32,34,37,38,39,41,47,49,51","3,4,17,19,20,21,23,27,30,34",,,,,,"H[3,5,7,8,9,15,17,27,29,31,32,34,37,38,39,41,47,49,51]|V[3,4,17,19,20,21,23,27,30,34]",7ea492661f4a7d780540a41c5bfc758906148e19
proposed_nsga2_bs_Gyorgy-KOVACS_WH_Narrow_AW_4_seed_129,proposed_nsga2_bs,Gyorgy-KOVACS_WH_Narrow_AW_4,129,14,auto_from_instance,12,18,4,30,216,,,,,7,2,4,root > V:27 > BH:27 > BV:19 > BV:17,selected,0,0.0,True,684,260,424,484.0,1.0,1.0,True,True,1,1,0,True,1,1,0,0,True,True,0,19,10,19,10,2,SS,sampled_pool,,,True,0.8333333333333334,0.7877787814784911,0.16666666666666663,0.1,adaptive,insert_random_aisle,offspring,feasible_start_adaptive_spacing,,,,feasible_start_adaptive_spacing,0.5,,True,auto_from_instance,0.75,0.35,"3,5,7,8,9,15,17,27,29,31,32,34,37,38,39,41,47,49,51","3,4,17,19,20,21,23,27,30,34",,,,,,"H[3,5,7,8,9,15,17,27,29,31,32,34,37,38,39,41,47,49,51]|V[3,4,17,19,20,21,23,27,30,34]",59c55a28d53f47701301421f850890ad1de7d63b
proposed_nsga2_bs_Gyorgy-KOVACS_WH_Narrow_AW_4_seed_129,proposed_nsga2_bs,Gyorgy-KOVACS_WH_Narrow_AW_4,129,14,auto_from_instance,12,18,4,30,216,,,,,8,2,4,root > V:27 > BH:27 > BV:17 > BV:17,selected,0,inf,True,684,260,424,484.0,1.0,1.0,True,True,1,1,0,True,1,1,0,0,True,True,0,19,10,19,10,2,SS,sampled_pool,,,True,0.8333333333333334,0.7877787814784911,0.16666666666666663,0.1,adaptive,insert_random_aisle,offspring,feasible_start_adaptive_spacing,,,,feasible_start_adaptive_spacing,0.5,,True,auto_from_instance,0.75,0.35,"3,5,7,8,9,15,17,27,29,31,32,34,37,38,39,41,47,49,51","3,4,17,19,20,21,23,27,30,34",,,,,,"H[3,5,7,8,9,15,17,27,29,31,32,34,37,38,39,41,47,49,51]|V[3,4,17,19,20,21,23,27,30,34]",6732d5258a9313035bead181283e041def90bbb2
proposed_nsga2_bs_Gyorgy-KOVACS_WH_Narrow_AW_4_seed_129,proposed_nsga2_bs,Gyorgy-KOVACS_WH_Narrow_AW_4,129,14,auto_from_instance,12,18,4,30,216,,,,,9,3,8,root > V:17 > BH:27 > BH:49 > BH:41 > BH:29 > BH:17 > BH:9 > BV:27,selected,1,3.0,True,640,243,397,493.0,1.0,1.0,True,True,1,1,0,True,1,1,0,0,True,True,0,20,14,20,14,3,LS,sampled_pool,,,False,0.8333333333333334,0.7491175442773577,0.16666666666666663,0.1,adaptive,bit_flip,offspring,feasible_start_adaptive_spacing,,,,feasible_start_adaptive_spacing,0.5,,True,auto_from_instance,0.75,0.35,"3,5,7,9,14,15,17,19,27,29,32,37,38,39,40,41,47,49,51,53","3,4,8,16,17,19,20,21,23,26,30,31,34",,,,,,"H[3,5,7,9,14,15,17,19,27,29,32,37,38,39,40,41,47,49,51,53]|V[3,4,8,16,17,19,20,21,23,26,27,30,31,34]",6b741b69cafdf845076912c9118d6404ec3124cc
proposed_nsga2_bs_Gyorgy-KOVACS_WH_Narrow_AW_4_seed_129,proposed_nsga2_bs,Gyorgy-KOVACS_WH_Narrow_AW_4,129,14,auto_from_instance,12,18,4,30,216,,,,,10,3,8,root > V:17 > BH:27 > BH:49 > BH:39 > BH:29 > BH:17 > BH:9 > BV:27,selected,0,inf,True,640,243,397,467.0,1.0,1.0,True,True,1,1,0,True,1,1,0,0,True,True,0,20,14,20,14,3,LS,sampled_pool,,,False,0.8333333333333334,0.7491175442773577,0.16666666666666663,0.1,adaptive,bit_flip,offspring,feasible_start_adaptive_spacing,,,,feasible_start_adaptive_spacing,0.5,,True,auto_from_instance,0.75,0.35,"3,5,7,9,14,15,17,19,27,29,32,37,38,39,40,41,47,49,51,53","3,4,8,16,17,19,20,21,23,26,30,31,34",,,,,,"H[3,5,7,9,14,15,17,19,27,29,32,37,38,39,40,41,47,49,51,53]|V[3,4,8,16,17,19,20,21,23,26,27,30,31,34]",c31e5af53b1ab973249c91c35b02a53fe27d43b5
proposed_nsga2_bs_Gyorgy-KOVACS_WH_Narrow_AW_4_seed_129,proposed_nsga2_bs,Gyorgy-KOVACS_WH_Narrow_AW_4,129,14,auto_from_instance,12,18,4,30,216,,,,,11,3,8,root > V:17 > BH:27 > BH:49 > BH:41 > BH:29 > BH:17 > BH:9 > BV:25,evaluated,3,inf,False,640,243,397,565.0,1.0,1.0,True,True,1,1,0,True,1,1,0,0,True,True,0,20,14,20,14,3,LS,sampled_pool,,,False,0.8333333333333334,0.7491175442773577,0.16666666666666663,0.1,adaptive,bit_flip,offspring,feasible_start_adaptive_spacing,,,,feasible_start_adaptive_spacing,0.5,,True,auto_from_instance,0.75,0.35,"3,5,7,9,14,15,17,19,27,29,32,37,38,39,40,41,47,49,51,53","3,4,8,16,17,19,20,21,23,26,30,31,34",,,,,,"H[3,5,7,9,14,15,17,19,27,29,32,37,38,39,40,41,47,49,51,53]|V[3,4,8,16,17,19,20,21,23,25,26,30,31,34]",39a901559adc49da187861c456901969a94fbc3c
proposed_nsga2_bs_Gyorgy-KOVACS_WH_Narrow_AW_4_seed_129,proposed_nsga2_bs,Gyorgy-KOVACS_WH_Narrow_AW_4,129,14,auto_from_instance,12,18,4,30,216,,,,,12,3,8,root > V:17 > BH:27 > BH:49 > BH:39 > BH:29 > BH:17 > BH:9 > BV:25,evaluated,2,inf,False,640,243,397,539.0,1.0,1.0,True,True,1,1,0,True,1,1,0,0,True,True,0,20,14,20,14,3,LS,sampled_pool,,,False,0.8333333333333334,0.7491175442773577,0.16666666666666663,0.1,adaptive,bit_flip,offspring,feasible_start_adaptive_spacing,,,,feasible_start_adaptive_spacing,0.5,,True,auto_from_instance,0.75,0.35,"3,5,7,9,14,15,17,19,27,29,32,37,38,39,40,41,47,49,51,53","3,4,8,16,17,19,20,21,23,26,30,31,34",,,,,,"H[3,5,7,9,14,15,17,19,27,29,32,37,38,39,40,41,47,49,51,53]|V[3,4,8,16,17,19,20,21,23,25,26,30,31,34]",4fcb480805af1c3aff3bd464c714a0dc9bc119e4
proposed_nsga2_bs_Gyorgy-KOVACS_WH_Narrow_AW_4_seed_129,proposed_nsga2_bs,Gyorgy-KOVACS_WH_Narrow_AW_4,129,14,auto_from_instance,12,18,4,30,216,,,,,13,4,8,root > V:16 > BH:27 > BH:5 > BH:15 > BH:25 > BH:37 > BH:47 > BV:26,selected,0,inf,True,632,246,386,550.0,1.0,1.0,True,True,1,1,0,True,1,1,0,0,True,True,0,20,12,20,12,4,PF_SS_RP,sampled_pool,,,True,0.8333333333333334,0.8313756137732486,0.16666666666666663,0.1,adaptive,spacing_aware_flip,offspring,feasible_start_adaptive_spacing,,,,feasible_start_adaptive_spacing,0.5,,True,auto_from_instance,0.75,0.35,"3,5,9,14,15,17,19,23,27,29,31,32,37,38,39,41,47,49,56","3,4,14,16,17,19,21,23,27,30,34",,,,,,"H[3,5,9,14,15,17,19,23,25,27,29,31,32,37,38,39,41,47,49,56]|V[3,4,14,16,17,19,21,23,26,27,30,34]",08ee812bc396556b6550be0bd82f9266dcd2fe55
proposed_nsga2_bs_Gyorgy-KOVACS_WH_Narrow_AW_4_seed_129,proposed_nsga2_bs,Gyorgy-KOVACS_WH_Narrow_AW_4,129,14,auto_from_instance,12,18,4,30,216,,,,,14,4,8,root > V:16 > BH:27 > BH:49 > BH:39 > BH:29 > BH:17 > BH:7 > BV:26,selected,0,inf,True,632,246,386,550.0,1.0,1.0,True,True,1,1,0,True,1,1,0,0,True,True,0,20,12,20,12,4,PF_SS_RP,sampled_pool,,,True,0.8333333333333334,0.8313756137732486,0.16666666666666663,0.1,adaptive,spacing_aware_flip,offspring,feasible_start_adaptive_spacing,,,,feasible_start_adaptive_spacing,0.5,,True,auto_from_instance,0.75,0.35,"3,5,9,14,15,17,19,23,27,29,31,32,37,38,39,41,47,49,56","3,4,14,16,17,19,21,23,27,30,34",,,,,,"H[3,5,7,9,14,15,17,19,23,27,29,31,32,37,38,39,41,47,49,56]|V[3,4,14,16,17,19,21,23,26,27,30,34]",660d9dab711cc8220a7c4152b9d81284ad744a59
proposed_nsga2_bs_Gyorgy-KOVACS_WH_Narrow_AW_4_seed_129,proposed_nsga2_bs,Gyorgy-KOVACS_WH_Narrow_AW_4,129,14,auto_from_instance,12,18,4,30,216,,,,,15,4,8,root > V:16 > BH:27 > BH:5 > BH:15 > BH:25 > BH:37 > BH:47 > BV:24,selected,1,inf,True,632,246,386,628.0,1.0,1.0,True,True,1,1,0,True,1,1,0,0,True,True,0,20,12,20,12,4,PF_SS_RP,sampled_pool,,,True,0.8333333333333334,0.8313756137732486,0.16666666666666663,0.1,adaptive,spacing_aware_flip,offspring,feasible_start_adaptive_spacing,,,,feasible_start_adaptive_spacing,0.5,,True,auto_from_instance,0.75,0.35,"3,5,9,14,15,17,19,23,27,29,31,32,37,38,39,41,47,49,56","3,4,14,16,17,19,21,23,27,30,34",,,,,,"H[3,5,9,14,15,17,19,23,25,27,29,31,32,37,38,39,41,47,49,56]|V[3,4,14,16,17,19,21,23,24,27,30,34]",fe71932ea9ef92cbca4e0b578f20f6e88be50370
proposed_nsga2_bs_Gyorgy-KOVACS_WH_Narrow_AW_4_seed_129,proposed_nsga2_bs,Gyorgy-KOVACS_WH_Narrow_AW_4,129,14,auto_from_instance,12,18,4,30,216,,,,,16,4,8,root > V:16 > BH:27 > BH:49 > BH:39 > BH:29 > BH:17 > BH:7 > BV:24,selected,1,inf,True,632,246,386,628.0,1.0,1.0,True,True,1,1,0,True,1,1,0,0,True,True,0,20,12,20,12,4,PF_SS_RP,sampled_pool,,,True,0.8333333333333334,0.8313756137732486,0.16666666666666663,0.1,adaptive,spacing_aware_flip,offspring,feasible_start_adaptive_spacing,,,,feasible_start_adaptive_spacing,0.5,,True,auto_from_instance,0.75,0.35,"3,5,9,14,15,17,19,23,27,29,31,32,37,38,39,41,47,49,56","3,4,14,16,17,19,21,23,27,30,34",,,,,,"H[3,5,7,9,14,15,17,19,23,27,29,31,32,37,38,39,41,47,49,56]|V[3,4,14,16,17,19,21,23,24,27,30,34]",9696e3fb0a981a3c866440c46c54987a8cf3ab94
proposed_nsga2_bs_Gyorgy-KOVACS_WH_Narrow_AW_4_seed_129,proposed_nsga2_bs,Gyorgy-KOVACS_WH_Narrow_AW_4,129,14,auto_from_instance,12,18,4,30,216,,,,,17,8,4,root > V:30 > BH:27 > BV:21 > BV:21,evaluated,4,inf,False,672,206,466,676.0,1.0,1.0,True,True,1,1,0,True,1,1,0,0,True,True,0,20,13,20,13,8,RP_LS,sampled_pool,,,False,0.8333333333333334,0.820756167916092,0.16666666666666663,0.1,adaptive,break_symmetry,offspring,feasible_start_adaptive_spacing,,,,feasible_start_adaptive_spacing,0.5,,True,auto_from_instance,0.75,0.35,"3,5,7,9,14,15,18,19,23,27,29,32,37,38,39,41,47,49,51,53","3,4,8,14,16,17,19,20,21,23,26,30,34",,,,,,"H[3,5,7,9,14,15,18,19,23,27,29,32,37,38,39,41,47,49,51,53]|V[3,4,8,14,16,17,19,20,21,23,26,30,34]",5dff680449ea54ef73abf8585de0c2ba440a4835
proposed_nsga2_bs_Gyorgy-KOVACS_WH_Narrow_AW_4_seed_129,proposed_nsga2_bs,Gyorgy-KOVACS_WH_Narrow_AW_4,129,14,auto_from_instance,12,18,4,30,216,,,,,18,8,4,root > V:30 > BH:27 > BV:19 > BV:21,evaluated,4,0.0,False,672,206,466,676.0,1.0,1.0,True,True,1,1,0,True,1,1,0,0,True,True,0,20,13,20,13,8,RP_LS,sampled_pool,,,False,0.8333333333333334,0.820756167916092,0.16666666666666663,0.1,adaptive,break_symmetry,offspring,feasible_start_adaptive_spacing,,,,feasible_start_adaptive_spacing,0.5,,True,auto_from_instance,0.75,0.35,"3,5,7,9,14,15,18,19,23,27,29,32,37,38,39,41,47,49,51,53","3,4,8,14,16,17,19,20,21,23,26,30,34",,,,,,"H[3,5,7,9,14,15,18,19,23,27,29,32,37,38,39,41,47,49,51,53]|V[3,4,8,14,16,17,19,20,21,23,26,30,34]",8bd280773c3be24cfc914a42e887aea361f9570c
proposed_nsga2_bs_Gyorgy-KOVACS_WH_Narrow_AW_4_seed_129,proposed_nsga2_bs,Gyorgy-KOVACS_WH_Narrow_AW_4,129,14,auto_from_instance,12,18,4,30,216,,,,,19,8,4,root > V:30 > BH:27 > BV:21 > BV:19,evaluated,4,0.0,False,672,206,466,676.0,1.0,1.0,True,True,1,1,0,True,1,1,0,0,True,True,0,20,13,20,13,8,RP_LS,sampled_pool,,,False,0.8333333333333334,0.820756167916092,0.16666666666666663,0.1,adaptive,break_symmetry,offspring,feasible_start_adaptive_spacing,,,,feasible_start_adaptive_spacing,0.5,,True,auto_from_instance,0.75,0.35,"3,5,7,9,14,15,18,19,23,27,29,32,37,38,39,41,47,49,51,53","3,4,8,14,16,17,19,20,21,23,26,30,34",,,,,,"H[3,5,7,9,14,15,18,19,23,27,29,32,37,38,39,41,47,49,51,53]|V[3,4,8,14,16,17,19,20,21,23,26,30,34]",0ed2b993601a455ad3c48ac7828910fea4b1be83
proposed_nsga2_bs_Gyorgy-KOVACS_WH_Narrow_AW_4_seed_129,proposed_nsga2_bs,Gyorgy-KOVACS_WH_Narrow_AW_4,129,14,auto_from_instance,12,18,4,30,216,,,,,20,8,4,root > V:30 > BH:27 > BV:19 > BV:19,evaluated,4,inf,False,672,206,466,676.0,1.0,1.0,True,True,1,1,0,True,1,1,0,0,True,True,0,20,13,20,13,8,RP_LS,sampled_pool,,,False,0.8333333333333334,0.820756167916092,0.16666666666666663,0.1,adaptive,break_symmetry,offspring,feasible_start_adaptive_spacing,,,,feasible_start_adaptive_spacing,0.5,,True,auto_from_instance,0.75,0.35,"3,5,7,9,14,15,18,19,23,27,29,32,37,38,39,41,47,49,51,53","3,4,8,14,16,17,19,20,21,23,26,30,34",,,,,,"H[3,5,7,9,14,15,18,19,23,27,29,32,37,38,39,41,47,49,51,53]|V[3,4,8,14,16,17,19,20,21,23,26,30,34]",1d86290022dd5e2c97367644c31a54117380bf1c
proposed_nsga2_bs_Gyorgy-KOVACS_WH_Narrow_AW_4_seed_129,proposed_nsga2_bs,Gyorgy-KOVACS_WH_Narrow_AW_4,129,15,auto_from_instance,12,18,4,30,216,,,,,1,1,8,root > V:17 > BH:27 > BH:5 > BH:15 > BH:25 > BH:37 > BH:47 > BV:27,selected,1,inf,True,648,237,411,490.0,1.0,1.0,True,True,1,1,0,True,1,1,0,0,True,True,0,19,14,19,14,1,LS_SS,sampled_pool,,,True,0.8888888888888888,0.9651675494704751,0.11111111111111116,0.1,adaptive,bit_flip,offspring,feasible_start_adaptive_spacing,,,,feasible_start_adaptive_spacing,0.5,,True,auto_from_instance,0.75,0.35,"3,5,7,8,9,15,17,27,29,37,38,39,40,41,47,49,51,53","3,4,8,16,17,19,20,21,23,26,27,30,31,34",,,,,,"H[3,5,7,8,9,15,17,25,27,29,37,38,39,40,41,47,49,51,53]|V[3,4,8,16,17,19,20,21,23,26,27,30,31,34]",3ab80a1d8e68880e815ad780c83cfc2449e7f93f
proposed_nsga2_bs_Gyorgy-KOVACS_WH_Narrow_AW_4_seed_129,proposed_nsga2_bs,Gyorgy-KOVACS_WH_Narrow_AW_4,129,15,auto_from_instance,12,18,4,30,216,,,,,2,1,8,root > V:17 > BH:27 > BH:49 > BH:39 > BH:29 > BH:17 > BH:7 > BV:27,selected,1,inf,True,648,237,411,490.0,1.0,1.0,True,True,1,1,0,True,1,1,0,0,True,True,0,18,14,18,14,1,LS_SS,sampled_pool,,,True,0.8888888888888888,0.9651675494704751,0.11111111111111116,0.1,adaptive,bit_flip,offspring,feasible_start_adaptive_spacing,,,,feasible_start_adaptive_spacing,0.5,,True,auto_from_instance,0.75,0.35,"3,5,7,8,9,15,17,27,29,37,38,39,40,41,47,49,51,53","3,4,8,16,17,19,20,21,23,26,27,30,31,34",,,,,,"H[3,5,7,8,9,15,17,27,29,37,38,39,40,41,47,49,51,53]|V[3,4,8,16,17,19,20,21,23,26,27,30,31,34]",451b31cd7494c0e29ac39737991e84853f054397
proposed_nsga2_bs_Gyorgy-KOVACS_WH_Narrow_AW_4_seed_129,proposed_nsga2_bs,Gyorgy-KOVACS_WH_Narrow_AW_4,129,15,auto_from_instance,12,18,4,30,216,,,,,3,1,8,root > V:17 > BH:27 > BH:5 > BH:15 > BH:25 > BH:37 > BH:47 > BV:25,evaluated,3,inf,False,648,237,411,544.0,1.0,1.0,True,True,1,1,0,True,1,1,0,0,True,True,0,19,15,19,15,1,LS_SS,sampled_pool,,,True,0.8888888888888888,0.9651675494704751,0.11111111111111116,0.1,adaptive,bit_flip,offspring,feasible_start_adaptive_spacing,,,,feasible_start_adaptive_spacing,0.5,,True,auto_from_instance,0.75,0.35,"3,5,7,8,9,15,17,27,29,37,38,39,40,41,47,49,51,53","3,4,8,16,17,19,20,21,23,26,27,30,31,34",,,,,,"H[3,5,7,8,9,15,17,25,27,29,37,38,39,40,41,47,49,51,53]|V[3,4,8,16,17,19,20,21,23,25,26,27,30,31,34]",24e93b3467ee5334276be59c5b6e878bb2e06a66
proposed_nsga2_bs_Gyorgy-KOVACS_WH_Narrow_AW_4_seed_129,proposed_nsga2_bs,Gyorgy-KOVACS_WH_Narrow_AW_4,129,15,auto_from_instance,12,18,4,30,216,,,,,4,1,8,root > V:17 > BH:27 > BH:49 > BH:39 > BH:29 > BH:17 > BH:7 > BV:25,evaluated,3,inf,False,648,237,411,544.0,1.0,1.0,True,True,1,1,0,True,1,1,0,0,True,True,0,18,15,18,15,1,LS_SS,sampled_pool,,,True,0.8888888888888888,0.9651675494704751,0.11111111111111116,0.1,adaptive,bit_flip,offspring,feasible_start_adaptive_spacing,,,,feasible_start_adaptive_spacing,0.5,,True,auto_from_instance,0.75,0.35,"3,5,7,8,9,15,17,27,29,37,38,39,40,41,47,49,51,53","3,4,8,16,17,19,20,21,23,26,27,30,31,34",,,,,,"H[3,5,7,8,9,15,17,27,29,37,38,39,40,41,47,49,51,53]|V[3,4,8,16,17,19,20,21,23,25,26,27,30,31,34]",19631d63ec0204b55a5a6d539d26aaf84a80581d
proposed_nsga2_bs_Gyorgy-KOVACS_WH_Narrow_AW_4_seed_129,proposed_nsga2_bs,Gyorgy-KOVACS_WH_Narrow_AW_4,129,15,auto_from_instance,12,18,4,30,216,,,,,5,2,8,root > V:17 > BH:27 > BH:49 > BH:41 > BH:29 > BH:17 > BH:9 > BV:27,selected,1,2.0743589743589745,True,640,243,397,493.0,1.0,1.0,True,True,1,1,0,True,1,1,0,0,True,True,0,21,10,21,10,2,PF_LS,sampled_pool,,,False,0.8888888888888888,0.9551013022002413,0.11111111111111116,0.1,adaptive,spacing_aware_flip,offspring,feasible_start_adaptive_spacing,,,,feasible_start_adaptive_spacing,0.5,,True,auto_from_instance,0.75,0.35,"3,5,7,9,14,15,17,19,27,29,31,32,34,37,38,39,41,47,49,51,57","3,4,17,19,20,21,23,27,30,34",,,,,,"H[3,5,7,9,14,15,17,19,27,29,31,32,34,37,38,39,41,47,49,51,57]|V[3,4,17,19,20,21,23,27,30,34]",6b741b69cafdf845076912c9118d6404ec3124cc
proposed_nsga2_bs_Gyorgy-KOVACS_WH_Narrow_AW_4_seed_129,proposed_nsga2_bs,Gyorgy-KOVACS_WH_Narrow_AW_4,129,15,auto_from_instance,12,18,4,30,216,,,,,6,2,8,root > V:17 > BH:27 > BH:49 > BH:39 > BH:29 > BH:17 > BH:9 > BV:27,selected,0,inf,True,640,243,397,467.0,1.0,1.0,True,True,1,1,0,True,1,1,0,0,True,True,0,21,10,21,10,2,PF_LS,sampled_pool,,,False,0.8888888888888888,0.9551013022002413,0.11111111111111116,0.1,adaptive,spacing_aware_flip,offspring,feasible_start_adaptive_spacing,,,,feasible_start_adaptive_spacing,0.5,,True,auto_from_instance,0.75,0.35,"3,5,7,9,14,15,17,19,27,29,31,32,34,37,38,39,41,47,49,51,57","3,4,17,19,20,21,23,27,30,34",,,,,,"H[3,5,7,9,14,15,17,19,27,29,31,32,34,37,38,39,41,47,49,51,57]|V[3,4,17,19,20,21,23,27,30,34]",c31e5af53b1ab973249c91c35b02a53fe27d43b5
proposed_nsga2_bs_Gyorgy-KOVACS_WH_Narrow_AW_4_seed_129,proposed_nsga2_bs,Gyorgy-KOVACS_WH_Narrow_AW_4,129,15,auto_from_instance,12,18,4,30,216,,,,,7,2,8,root > V:17 > BH:27 > BH:49 > BH:41 > BH:29 > BH:17 > BH:9 > BV:25,evaluated,3,3.0,False,640,243,397,565.0,1.0,1.0,True,True,1,1,0,True,1,1,0,0,True,True,0,21,11,21,11,2,PF_LS,sampled_pool,,,False,0.8888888888888888,0.9551013022002413,0.11111111111111116,0.1,adaptive,spacing_aware_flip,offspring,feasible_start_adaptive_spacing,,,,feasible_start_adaptive_spacing,0.5,,True,auto_from_instance,0.75,0.35,"3,5,7,9,14,15,17,19,27,29,31,32,34,37,38,39,41,47,49,51,57","3,4,17,19,20,21,23,27,30,34",,,,,,"H[3,5,7,9,14,15,17,19,27,29,31,32,34,37,38,39,41,47,49,51,57]|V[3,4,17,19,20,21,23,25,27,30,34]",39a901559adc49da187861c456901969a94fbc3c
proposed_nsga2_bs_Gyorgy-KOVACS_WH_Narrow_AW_4_seed_129,proposed_nsga2_bs,Gyorgy-KOVACS_WH_Narrow_AW_4,129,15,auto_from_instance,12,18,4,30,216,,,,,8,2,8,root > V:17 > BH:27 > BH:49 > BH:39 > BH:29 > BH:17 > BH:9 > BV:25,evaluated,2,inf,False,640,243,397,539.0,1.0,1.0,True,True,1,1,0,True,1,1,0,0,True,True,0,21,11,21,11,2,PF_LS,sampled_pool,,,False,0.8888888888888888,0.9551013022002413,0.11111111111111116,0.1,adaptive,spacing_aware_flip,offspring,feasible_start_adaptive_spacing,,,,feasible_start_adaptive_spacing,0.5,,True,auto_from_instance,0.75,0.35,"3,5,7,9,14,15,17,19,27,29,31,32,34,37,38,39,41,47,49,51,57","3,4,17,19,20,21,23,27,30,34",,,,,,"H[3,5,7,9,14,15,17,19,27,29,31,32,34,37,38,39,41,47,49,51,57]|V[3,4,17,19,20,21,23,25,27,30,34]",4fcb480805af1c3aff3bd464c714a0dc9bc119e4
proposed_nsga2_bs_Gyorgy-KOVACS_WH_Narrow_AW_4_seed_129,proposed_nsga2_bs,Gyorgy-KOVACS_WH_Narrow_AW_4,129,15,auto_from_instance,12,18,4,30,216,,,,,9,4,4,root > V:27 > BH:27 > BV:19 > BV:19,selected,0,inf,True,684,260,424,484.0,1.0,1.0,True,True,1,1,0,True,1,1,0,0,True,True,0,17,13,17,13,4,SS_PF_LS,sampled_pool,,,True,0.8888888888888888,0.8354509745699384,0.11111111111111116,0.1,adaptive,bit_flip,offspring,feasible_start_adaptive_spacing,,,,feasible_start_adaptive_spacing,0.5,,True,auto_from_instance,0.75,0.35,"3,5,7,9,15,17,19,25,27,29,31,32,37,41,46,47,49","2,3,4,16,17,19,20,21,23,25,27,30,34",,,,,,"H[3,5,7,9,15,17,19,25,27,29,31,32,37,41,46,47,49]|V[2,3,4,16,17,19,20,21,23,25,27,30,34]",9baad5a6d6d08df213ec54891109e23b1069a9a5
proposed_nsga2_bs_Gyorgy-KOVACS_WH_Narrow_AW_4_seed_129,proposed_nsga2_bs,Gyorgy-KOVACS_WH_Narrow_AW_4,129,15,auto_from_instance,12,18,4,30,216,,,,,10,4,4,root > V:27 > BH:27 > BV:17 > BV:19,selected,0,0.0,True,684,260,424,484.0,1.0,1.0,True,True,1,1,0,True,1,1,0,0,True,True,0,17,13,17,13,4,SS_PF_LS,sampled_pool,,,True,0.8888888888888888,0.8354509745699384,0.11111111111111116,0.1,adaptive,bit_flip,offspring,feasible_start_adaptive_spacing,,,,feasible_start_adaptive_spacing,0.5,,True,auto_from_instance,0.75,0.35,"3,5,7,9,15,17,19,25,27,29,31,32,37,41,46,47,49","2,3,4,16,17,19,20,21,23,25,27,30,34",,,,,,"H[3,5,7,9,15,17,19,25,27,29,31,32,37,41,46,47,49]|V[2,3,4,16,17,19,20,21,23,25,27,30,34]",7ea492661f4a7d780540a41c5bfc758906148e19
proposed_nsga2_bs_Gyorgy-KOVACS_WH_Narrow_AW_4_seed_129,proposed_nsga2_bs,Gyorgy-KOVACS_WH_Narrow_AW_4,129,15,auto_from_instance,12,18,4,30,216,,,,,11,4,4,root > V:27 > BH:27 > BV:19 > BV:17,selected,0,0.0,True,684,260,424,484.0,1.0,1.0,True,True,1,1,0,True,1,1,0,0,True,True,0,17,13,17,13,4,SS_PF_LS,sampled_pool,,,True,0.8888888888888888,0.8354509745699384,0.11111111111111116,0.1,adaptive,bit_flip,offspring,feasible_start_adaptive_spacing,,,,feasible_start_adaptive_spacing,0.5,,True,auto_from_instance,0.75,0.35,"3,5,7,9,15,17,19,25,27,29,31,32,37,41,46,47,49","2,3,4,16,17,19,20,21,23,25,27,30,34",,,,,,"H[3,5,7,9,15,17,19,25,27,29,31,32,37,41,46,47,49]|V[2,3,4,16,17,19,20,21,23,25,27,30,34]",59c55a28d53f47701301421f850890ad1de7d63b
proposed_nsga2_bs_Gyorgy-KOVACS_WH_Narrow_AW_4_seed_129,proposed_nsga2_bs,Gyorgy-KOVACS_WH_Narrow_AW_4,129,15,auto_from_instance,12,18,4,30,216,,,,,12,4,4,root > V:27 > BH:27 > BV:17 > BV:17,selected,0,inf,True,684,260,424,484.0,1.0,1.0,True,True,1,1,0,True,1,1,0,0,True,True,0,17,13,17,13,4,SS_PF_LS,sampled_pool,,,True,0.8888888888888888,0.8354509745699384,0.11111111111111116,0.1,adaptive,bit_flip,offspring,feasible_start_adaptive_spacing,,,,feasible_start_adaptive_spacing,0.5,,True,auto_from_instance,0.75,0.35,"3,5,7,9,15,17,19,25,27,29,31,32,37,41,46,47,49","2,3,4,16,17,19,20,21,23,25,27,30,34",,,,,,"H[3,5,7,9,15,17,19,25,27,29,31,32,37,41,46,47,49]|V[2,3,4,16,17,19,20,21,23,25,27,30,34]",6732d5258a9313035bead181283e041def90bbb2
proposed_nsga2_bs_Gyorgy-KOVACS_WH_Narrow_AW_4_seed_129,proposed_nsga2_bs,Gyorgy-KOVACS_WH_Narrow_AW_4,129,15,auto_from_instance,12,18,4,30,216,,,,,13,6,8,root > V:16 > BH:27 > BH:5 > BH:15 > BH:25 > BH:37 > BH:47 > BV:26,selected,1,1.5506410256410255,True,632,246,386,550.0,1.0,1.0,True,True,1,1,0,True,1,1,0,0,True,True,0,21,13,21,13,6,LS_SS,sampled_pool,,,True,0.8888888888888888,0.9442548135252632,0.11111111111111116,0.1,adaptive,bit_flip,offspring,feasible_start_adaptive_spacing,,,,feasible_start_adaptive_spacing,0.5,,True,auto_from_instance,0.75,0.35,"3,5,7,8,9,15,17,21,27,29,31,32,34,37,38,39,41,47,49,56","3,4,14,16,17,19,21,23,24,27,30,34",,,,,,"H[3,5,7,8,9,15,17,21,25,27,29,31,32,34,37,38,39,41,47,49,56]|V[3,4,14,16,17,19,21,23,24,26,27,30,34]",08ee812bc396556b6550be0bd82f9266dcd2fe55
proposed_nsga2_bs_Gyorgy-KOVACS_WH_Narrow_AW_4_seed_129,proposed_nsga2_bs,Gyorgy-KOVACS_WH_Narrow_AW_4,129,15,auto_from_instance,12,18,4,30,216,,,,,14,6,8,root > V:16 > BH:27 > BH:49 > BH:39 > BH:29 > BH:17 > BH:7 > BV:26,selected,1,0.6487179487179486,True,632,246,386,550.0,1.0,1.0,True,True,1,1,0,True,1,1,0,0,True,True,0,20,13,20,13,6,LS_SS,sampled_pool,,,True,0.8888888888888888,0.9442548135252632,0.11111111111111116,0.1,adaptive,bit_flip,offspring,feasible_start_adaptive_spacing,,,,feasible_start_adaptive_spacing,0.5,,True,auto_from_instance,0.75,0.35,"3,5,7,8,9,15,17,21,27,29,31,32,34,37,38,39,41,47,49,56","3,4,14,16,17,19,21,23,24,27,30,34",,,,,,"H[3,5,7,8,9,15,17,21,27,29,31,32,34,37,38,39,41,47,49,56]|V[3,4,14,16,17,19,21,23,24,26,27,30,34]",660d9dab711cc8220a7c4152b9d81284ad744a59
proposed_nsga2_bs_Gyorgy-KOVACS_WH_Narrow_AW_4_seed_129,proposed_nsga2_bs,Gyorgy-KOVACS_WH_Narrow_AW_4,129,15,auto_from_instance,12,18,4,30,216,,,,,15,6,8,root > V:16 > BH:27 > BH:5 > BH:15 > BH:25 > BH:37 > BH:47 > BV:24,evaluated,2,2.125656565656566,False,632,246,386,628.0,1.0,1.0,True,True,1,1,0,True,1,1,0,0,True,True,0,21,12,21,12,6,LS_SS,sampled_pool,,,True,0.8888888888888888,0.9442548135252632,0.11111111111111116,0.1,adaptive,bit_flip,offspring,feasible_start_adaptive_spacing,,,,feasible_start_adaptive_spacing,0.5,,True,auto_from_instance,0.75,0.35,"3,5,7,8,9,15,17,21,27,29,31,32,34,37,38,39,41,47,49,56","3,4,14,16,17,19,21,23,24,27,30,34",,,,,,"H[3,5,7,8,9,15,17,21,25,27,29,31,32,34,37,38,39,41,47,49,56]|V[3,4,14,16,17,19,21,23,24,27,30,34]",fe71932ea9ef92cbca4e0b578f20f6e88be50370
proposed_nsga2_bs_Gyorgy-KOVACS_WH_Narrow_AW_4_seed_129,proposed_nsga2_bs,Gyorgy-KOVACS_WH_Narrow_AW_4,129,15,auto_from_instance,12,18,4,30,216,,,,,16,6,8,root > V:16 > BH:27 > BH:49 > BH:39 > BH:29 > BH:17 > BH:7 > BV:24,evaluated,2,0.8743434343434344,False,632,246,386,628.0,1.0,1.0,True,True,1,1,0,True,1,1,0,0,True,True,0,20,12,20,12,6,LS_SS,sampled_pool,,,True,0.8888888888888888,0.9442548135252632,0.11111111111111116,0.1,adaptive,bit_flip,offspring,feasible_start_adaptive_spacing,,,,feasible_start_adaptive_spacing,0.5,,True,auto_from_instance,0.75,0.35,"3,5,7,8,9,15,17,21,27,29,31,32,34,37,38,39,41,47,49,56","3,4,14,16,17,19,21,23,24,27,30,34",,,,,,"H[3,5,7,8,9,15,17,21,27,29,31,32,34,37,38,39,41,47,49,56]|V[3,4,14,16,17,19,21,23,24,27,30,34]",9696e3fb0a981a3c866440c46c54987a8cf3ab94
proposed_nsga2_bs_Gyorgy-KOVACS_WH_Narrow_AW_4_seed_129,proposed_nsga2_bs,Gyorgy-KOVACS_WH_Narrow_AW_4,129,15,auto_from_instance,12,18,4,30,216,,,,,17,9,8,root > V:16 > BH:27 > BH:49 > BH:41 > BH:29 > BH:17 > BH:9 > BV:26,selected,1,inf,True,624,252,372,562.0,1.0,1.0,True,True,1,1,0,True,1,1,0,0,True,True,0,18,13,18,13,9,PF,sampled_pool,,,False,0.8888888888888888,0.8830317713219541,0.11111111111111116,0.1,adaptive,remove_random_aisle,offspring,feasible_start_adaptive_spacing,,,,feasible_start_adaptive_spacing,0.5,,True,auto_from_instance,0.75,0.35,"3,5,7,9,14,15,17,19,27,29,32,37,38,39,40,41,47,49","3,4,14,16,17,19,21,23,24,27,30,34",,,,,,"H[3,5,7,9,14,15,17,19,27,29,32,37,38,39,40,41,47,49]|V[3,4,14,16,17,19,21,23,24,26,27,30,34]",8498d8f1059034f9f144b058e7e18d5585555d05
proposed_nsga2_bs_Gyorgy-KOVACS_WH_Narrow_AW_4_seed_129,proposed_nsga2_bs,Gyorgy-KOVACS_WH_Narrow_AW_4,129,15,auto_from_instance,12,18,4,30,216,,,,,18,9,8,root > V:16 > BH:27 > BH:49 > BH:39 > BH:29 > BH:17 > BH:9 > BV:26,selected,0,inf,True,624,252,372,534.0,1.0,1.0,True,True,1,1,0,True,1,1,0,0,True,True,0,18,13,18,13,9,PF,sampled_pool,,,False,0.8888888888888888,0.8830317713219541,0.11111111111111116,0.1,adaptive,remove_random_aisle,offspring,feasible_start_adaptive_spacing,,,,feasible_start_adaptive_spacing,0.5,,True,auto_from_instance,0.75,0.35,"3,5,7,9,14,15,17,19,27,29,32,37,38,39,40,41,47,49","3,4,14,16,17,19,21,23,24,27,30,34",,,,,,"H[3,5,7,9,14,15,17,19,27,29,32,37,38,39,40,41,47,49]|V[3,4,14,16,17,19,21,23,24,26,27,30,34]",04b9835ae17dcf7a9c8af907330db39e1d2fb2b9
proposed_nsga2_bs_Gyorgy-KOVACS_WH_Narrow_AW_4_seed_129,proposed_nsga2_bs,Gyorgy-KOVACS_WH_Narrow_AW_4,129,15,auto_from_instance,12,18,4,30,216,,,,,19,9,8,root > V:16 > BH:27 > BH:49 > BH:41 > BH:29 > BH:17 > BH:9 > BV:24,evaluated,3,inf,False,624,252,372,666.0,1.0,1.0,True,True,1,1,0,True,1,1,0,0,True,True,0,18,12,18,12,9,PF,sampled_pool,,,False,0.8888888888888888,0.8830317713219541,0.11111111111111116,0.1,adaptive,remove_random_aisle,offspring,feasible_start_adaptive_spacing,,,,feasible_start_adaptive_spacing,0.5,,True,auto_from_instance,0.75,0.35,"3,5,7,9,14,15,17,19,27,29,32,37,38,39,40,41,47,49","3,4,14,16,17,19,21,23,24,27,30,34",,,,,,"H[3,5,7,9,14,15,17,19,27,29,32,37,38,39,40,41,47,49]|V[3,4,14,16,17,19,21,23,24,27,30,34]",b03a188135e15721b5fdacc1e2599f0e913cdfd0
proposed_nsga2_bs_Gyorgy-KOVACS_WH_Narrow_AW_4_seed_129,proposed_nsga2_bs,Gyorgy-KOVACS_WH_Narrow_AW_4,129,15,auto_from_instance,12,18,4,30,216,,,,,20,9,8,root > V:16 > BH:27 > BH:49 > BH:39 > BH:29 > BH:17 > BH:9 > BV:24,evaluated,2,inf,False,624,252,372,638.0,1.0,1.0,True,True,1,1,0,True,1,1,0,0,True,True,0,18,12,18,12,9,PF,sampled_pool,,,False,0.8888888888888888,0.8830317713219541,0.11111111111111116,0.1,adaptive,remove_random_aisle,offspring,feasible_start_adaptive_spacing,,,,feasible_start_adaptive_spacing,0.5,,True,auto_from_instance,0.75,0.35,"3,5,7,9,14,15,17,19,27,29,32,37,38,39,40,41,47,49","3,4,14,16,17,19,21,23,24,27,30,34",,,,,,"H[3,5,7,9,14,15,17,19,27,29,32,37,38,39,40,41,47,49]|V[3,4,14,16,17,19,21,23,24,27,30,34]",98cd3db7ad48726674c476a63fd54b9db772e099
proposed_nsga2_bs_Gyorgy-KOVACS_WH_Narrow_AW_4_seed_129,proposed_nsga2_bs,Gyorgy-KOVACS_WH_Narrow_AW_4,129,16,auto_from_instance,12,18,4,30,216,,,,,1,1,8,root > V:17 > BH:27 > BH:5 > BH:15 > BH:25 > BH:37 > BH:47 > BV:27,selected,1,inf,True,648,237,411,490.0,1.0,1.0,True,True,1,1,0,True,1,1,0,0,True,True,0,16,13,16,13,1,PF_RP,sampled_pool,,,False,0.9444444444444444,0.8598008530442843,0.1,0.1,adaptive,break_symmetry,offspring,feasible_start_adaptive_spacing,,,,feasible_start_adaptive_spacing,0.5,,True,auto_from_instance,0.75,0.35,"3,5,7,9,15,17,19,27,29,32,37,41,45,47,49","2,3,4,16,17,19,20,21,23,26,27,30,34",,,,,,"H[3,5,7,9,15,17,19,25,27,29,32,37,41,45,47,49]|V[2,3,4,16,17,19,20,21,23,26,27,30,34]",3ab80a1d8e68880e815ad780c83cfc2449e7f93f
proposed_nsga2_bs_Gyorgy-KOVACS_WH_Narrow_AW_4_seed_129,proposed_nsga2_bs,Gyorgy-KOVACS_WH_Narrow_AW_4,129,16,auto_from_instance,12,18,4,30,216,,,,,2,1,8,root > V:17 > BH:27 > BH:49 > BH:39 > BH:29 > BH:17 > BH:7 > BV:27,selected,1,inf,True,648,237,411,490.0,1.0,1.0,True,True,1,1,0,True,1,1,0,0,True,True,0,16,13,16,13,1,PF_RP,sampled_pool,,,False,0.9444444444444444,0.8598008530442843,0.1,0.1,adaptive,break_symmetry,offspring,feasible_start_adaptive_spacing,,,,feasible_start_adaptive_spacing,0.5,,True,auto_from_instance,0.75,0.35,"3,5,7,9,15,17,19,27,29,32,37,41,45,47,49","2,3,4,16,17,19,20,21,23,26,27,30,34",,,,,,"H[3,5,7,9,15,17,19,27,29,32,37,39,41,45,47,49]|V[2,3,4,16,17,19,20,21,23,26,27,30,34]",451b31cd7494c0e29ac39737991e84853f054397
proposed_nsga2_bs_Gyorgy-KOVACS_WH_Narrow_AW_4_seed_129,proposed_nsga2_bs,Gyorgy-KOVACS_WH_Narrow_AW_4,129,16,auto_from_instance,12,18,4,30,216,,,,,3,1,8,root > V:17 > BH:27 > BH:5 > BH:15 > BH:25 > BH:37 > BH:47 > BV:25,evaluated,3,inf,False,648,237,411,544.0,1.0,1.0,True,True,1,1,0,True,1,1,0,0,True,True,0,16,14,16,14,1,PF_RP,sampled_pool,,,False,0.9444444444444444,0.8598008530442843,0.1,0.1,adaptive,break_symmetry,offspring,feasible_start_adaptive_spacing,,,,feasible_start_adaptive_spacing,0.5,,True,auto_from_instance,0.75,0.35,"3,5,7,9,15,17,19,27,29,32,37,41,45,47,49","2,3,4,16,17,19,20,21,23,26,27,30,34",,,,,,"H[3,5,7,9,15,17,19,25,27,29,32,37,41,45,47,49]|V[2,3,4,16,17,19,20,21,23,25,26,27,30,34]",24e93b3467ee5334276be59c5b6e878bb2e06a66
proposed_nsga2_bs_Gyorgy-KOVACS_WH_Narrow_AW_4_seed_129,proposed_nsga2_bs,Gyorgy-KOVACS_WH_Narrow_AW_4,129,16,auto_from_instance,12,18,4,30,216,,,,,4,1,8,root > V:17 > BH:27 > BH:49 > BH:39 > BH:29 > BH:17 > BH:7 > BV:25,evaluated,3,inf,False,648,237,411,544.0,1.0,1.0,True,True,1,1,0,True,1,1,0,0,True,True,0,16,14,16,14,1,PF_RP,sampled_pool,,,False,0.9444444444444444,0.8598008530442843,0.1,0.1,adaptive,break_symmetry,offspring,feasible_start_adaptive_spacing,,,,feasible_start_adaptive_spacing,0.5,,True,auto_from_instance,0.75,0.35,"3,5,7,9,15,17,19,27,29,32,37,41,45,47,49","2,3,4,16,17,19,20,21,23,26,27,30,34",,,,,,"H[3,5,7,9,15,17,19,27,29,32,37,39,41,45,47,49]|V[2,3,4,16,17,19,20,21,23,25,26,27,30,34]",19631d63ec0204b55a5a6d539d26aaf84a80581d
proposed_nsga2_bs_Gyorgy-KOVACS_WH_Narrow_AW_4_seed_129,proposed_nsga2_bs,Gyorgy-KOVACS_WH_Narrow_AW_4,129,16,auto_from_instance,12,18,4,30,216,,,,,5,2,8,root > V:16 > BH:27 > BH:49 > BH:41 > BH:29 > BH:17 > BH:9 > BV:26,selected,1,inf,True,624,252,372,562.0,1.0,1.0,True,True,1,1,0,True,1,1,0,0,True,True,0,21,14,21,14,2,LS_PF,sampled_pool,,,False,0.9444444444444444,1.0,0.1,0.1,adaptive,insert_random_aisle,offspring,feasible_start_adaptive_spacing,,,,feasible_start_adaptive_spacing,0.5,,True,auto_from_instance,0.75,0.35,"3,5,7,9,14,15,17,19,25,27,29,31,32,37,38,39,40,41,42,47,49","3,4,14,16,17,19,21,23,24,25,27,30,34",,,,,,"H[3,5,7,9,14,15,17,19,25,27,29,31,32,37,38,39,40,41,42,47,49]|V[3,4,14,16,17,19,21,23,24,25,26,27,30,34]",8498d8f1059034f9f144b058e7e18d5585555d05
proposed_nsga2_bs_Gyorgy-KOVACS_WH_Narrow_AW_4_seed_129,proposed_nsga2_bs,Gyorgy-KOVACS_WH_Narrow_AW_4,129,16,auto_from_instance,12,18,4,30,216,,,,,6,2,8,root > V:16 > BH:27 > BH:49 > BH:39 > BH:29 > BH:17 > BH:9 > BV:26,selected,0,inf,True,624,252,372,534.0,1.0,1.0,True,True,1,1,0,True,1,1,0,0,True,True,0,21,14,21,14,2,LS_PF,sampled_pool,,,False,0.9444444444444444,1.0,0.1,0.1,adaptive,insert_random_aisle,offspring,feasible_start_adaptive_spacing,,,,feasible_start_adaptive_spacing,0.5,,True,auto_from_instance,0.75,0.35,"3,5,7,9,14,15,17,19,25,27,29,31,32,37,38,39,40,41,42,47,49","3,4,14,16,17,19,21,23,24,25,27,30,34",,,,,,"H[3,5,7,9,14,15,17,19,25,27,29,31,32,37,38,39,40,41,42,47,49]|V[3,4,14,16,17,19,21,23,24,25,26,27,30,34]",04b9835ae17dcf7a9c8af907330db39e1d2fb2b9
proposed_nsga2_bs_Gyorgy-KOVACS_WH_Narrow_AW_4_seed_129,proposed_nsga2_bs,Gyorgy-KOVACS_WH_Narrow_AW_4,129,16,auto_from_instance,12,18,4,30,216,,,,,7,2,8,root > V:16 > BH:27 > BH:49 > BH:41 > BH:29 > BH:17 > BH:9 > BV:24,evaluated,3,inf,False,624,252,372,666.0,1.0,1.0,True,True,1,1,0,True,1,1,0,0,True,True,0,21,13,21,13,2,LS_PF,sampled_pool,,,False,0.9444444444444444,1.0,0.1,0.1,adaptive,insert_random_aisle,offspring,feasible_start_adaptive_spacing,,,,feasible_start_adaptive_spacing,0.5,,True,auto_from_instance,0.75,0.35,"3,5,7,9,14,15,17,19,25,27,29,31,32,37,38,39,40,41,42,47,49","3,4,14,16,17,19,21,23,24,25,27,30,34",,,,,,"H[3,5,7,9,14,15,17,19,25,27,29,31,32,37,38,39,40,41,42,47,49]|V[3,4,14,16,17,19,21,23,24,25,27,30,34]",b03a188135e15721b5fdacc1e2599f0e913cdfd0
proposed_nsga2_bs_Gyorgy-KOVACS_WH_Narrow_AW_4_seed_129,proposed_nsga2_bs,Gyorgy-KOVACS_WH_Narrow_AW_4,129,16,auto_from_instance,12,18,4,30,216,,,,,8,2,8,root > V:16 > BH:27 > BH:49 > BH:39 > BH:29 > BH:17 > BH:9 > BV:24,selected,2,inf,True,624,252,372,638.0,1.0,1.0,True,True,1,1,0,True,1,1,0,0,True,True,0,21,13,21,13,2,LS_PF,sampled_pool,,,False,0.9444444444444444,1.0,0.1,0.1,adaptive,insert_random_aisle,offspring,feasible_start_adaptive_spacing,,,,feasible_start_adaptive_spacing,0.5,,True,auto_from_instance,0.75,0.35,"3,5,7,9,14,15,17,19,25,27,29,31,32,37,38,39,40,41,42,47,49","3,4,14,16,17,19,21,23,24,25,27,30,34",,,,,,"H[3,5,7,9,14,15,17,19,25,27,29,31,32,37,38,39,40,41,42,47,49]|V[3,4,14,16,17,19,21,23,24,25,27,30,34]",98cd3db7ad48726674c476a63fd54b9db772e099
proposed_nsga2_bs_Gyorgy-KOVACS_WH_Narrow_AW_4_seed_129,proposed_nsga2_bs,Gyorgy-KOVACS_WH_Narrow_AW_4,129,16,auto_from_instance,12,18,4,30,216,,,,,9,5,4,root > V:27 > BH:27 > BV:19 > BV:19,selected,0,inf,True,684,260,424,484.0,1.0,1.0,True,True,1,1,0,True,1,1,0,0,True,True,0,18,12,18,12,5,RP_LS,sampled_pool,,,False,0.9444444444444444,0.9677634130728977,0.1,0.1,adaptive,swap_segments,offspring,feasible_start_adaptive_spacing,,,,feasible_start_adaptive_spacing,0.5,,True,auto_from_instance,0.75,0.35,"3,5,7,9,15,17,19,25,27,29,31,32,37,40,41,45,47,49","3,4,16,17,19,20,21,23,25,27,30,34",,,,,,"H[3,5,7,9,15,17,19,25,27,29,31,32,37,40,41,45,47,49]|V[3,4,16,17,19,20,21,23,25,27,30,34]",9baad5a6d6d08df213ec54891109e23b1069a9a5
proposed_nsga2_bs_Gyorgy-KOVACS_WH_Narrow_AW_4_seed_129,proposed_nsga2_bs,Gyorgy-KOVACS_WH_Narrow_AW_4,129,16,auto_from_instance,12,18,4,30,216,,,,,10,5,4,root > V:27 > BH:27 > BV:17 > BV:19,selected,0,0.0,True,684,260,424,484.0,1.0,1.0,True,True,1,1,0,True,1,1,0,0,True,True,0,18,12,18,12,5,RP_LS,sampled_pool,,,False,0.9444444444444444,0.9677634130728977,0.1,0.1,adaptive,swap_segments,offspring,feasible_start_adaptive_spacing,,,,feasible_start_adaptive_spacing,0.5,,True,auto_from_instance,0.75,0.35,"3,5,7,9,15,17,19,25,27,29,31,32,37,40,41,45,47,49","3,4,16,17,19,20,21,23,25,27,30,34",,,,,,"H[3,5,7,9,15,17,19,25,27,29,31,32,37,40,41,45,47,49]|V[3,4,16,17,19,20,21,23,25,27,30,34]",7ea492661f4a7d780540a41c5bfc758906148e19
proposed_nsga2_bs_Gyorgy-KOVACS_WH_Narrow_AW_4_seed_129,proposed_nsga2_bs,Gyorgy-KOVACS_WH_Narrow_AW_4,129,16,auto_from_instance,12,18,4,30,216,,,,,11,5,4,root > V:27 > BH:27 > BV:19 > BV:17,selected,0,0.0,True,684,260,424,484.0,1.0,1.0,True,True,1,1,0,True,1,1,0,0,True,True,0,18,12,18,12,5,RP_LS,sampled_pool,,,False,0.9444444444444444,0.9677634130728977,0.1,0.1,adaptive,swap_segments,offspring,feasible_start_adaptive_spacing,,,,feasible_start_adaptive_spacing,0.5,,True,auto_from_instance,0.75,0.35,"3,5,7,9,15,17,19,25,27,29,31,32,37,40,41,45,47,49","3,4,16,17,19,20,21,23,25,27,30,34",,,,,,"H[3,5,7,9,15,17,19,25,27,29,31,32,37,40,41,45,47,49]|V[3,4,16,17,19,20,21,23,25,27,30,34]",59c55a28d53f47701301421f850890ad1de7d63b
proposed_nsga2_bs_Gyorgy-KOVACS_WH_Narrow_AW_4_seed_129,proposed_nsga2_bs,Gyorgy-KOVACS_WH_Narrow_AW_4,129,16,auto_from_instance,12,18,4,30,216,,,,,12,5,4,root > V:27 > BH:27 > BV:17 > BV:17,selected,0,inf,True,684,260,424,484.0,1.0,1.0,True,True,1,1,0,True,1,1,0,0,True,True,0,18,12,18,12,5,RP_LS,sampled_pool,,,False,0.9444444444444444,0.9677634130728977,0.1,0.1,adaptive,swap_segments,offspring,feasible_start_adaptive_spacing,,,,feasible_start_adaptive_spacing,0.5,,True,auto_from_instance,0.75,0.35,"3,5,7,9,15,17,19,25,27,29,31,32,37,40,41,45,47,49","3,4,16,17,19,20,21,23,25,27,30,34",,,,,,"H[3,5,7,9,15,17,19,25,27,29,31,32,37,40,41,45,47,49]|V[3,4,16,17,19,20,21,23,25,27,30,34]",6732d5258a9313035bead181283e041def90bbb2
proposed_nsga2_bs_Gyorgy-KOVACS_WH_Narrow_AW_4_seed_129,proposed_nsga2_bs,Gyorgy-KOVACS_WH_Narrow_AW_4,129,16,auto_from_instance,12,18,4,30,216,,,,,13,10,8,root > V:17 > BH:27 > BH:49 > BH:41 > BH:29 > BH:17 > BH:9 > BV:27,selected,1,3.0,True,640,243,397,493.0,1.0,1.0,True,True,1,1,0,True,1,1,0,0,True,True,0,19,14,19,14,10,LS,sampled_pool,,,False,0.9444444444444444,0.9408463142976199,0.1,0.1,adaptive,break_symmetry,offspring,feasible_start_adaptive_spacing,,,,feasible_start_adaptive_spacing,0.5,,True,auto_from_instance,0.75,0.35,"3,5,7,8,9,15,17,19,25,27,29,31,33,37,41,47,49,51,53","3,4,8,16,17,19,20,21,23,26,27,30,31,34",,,,,,"H[3,5,7,8,9,15,17,19,25,27,29,31,33,37,41,47,49,51,53]|V[3,4,8,16,17,19,20,21,23,26,27,30,31,34]",6b741b69cafdf845076912c9118d6404ec3124cc
proposed_nsga2_bs_Gyorgy-KOVACS_WH_Narrow_AW_4_seed_129,proposed_nsga2_bs,Gyorgy-KOVACS_WH_Narrow_AW_4,129,16,auto_from_instance,12,18,4,30,216,,,,,14,10,8,root > V:17 > BH:27 > BH:49 > BH:39 > BH:29 > BH:17 > BH:9 > BV:27,selected,0,inf,True,640,243,397,467.0,1.0,1.0,True,True,1,1,0,True,1,1,0,0,True,True,0,20,14,20,14,10,LS,sampled_pool,,,False,0.9444444444444444,0.9408463142976199,0.1,0.1,adaptive,break_symmetry,offspring,feasible_start_adaptive_spacing,,,,feasible_start_adaptive_spacing,0.5,,True,auto_from_instance,0.75,0.35,"3,5,7,8,9,15,17,19,25,27,29,31,33,37,41,47,49,51,53","3,4,8,16,17,19,20,21,23,26,27,30,31,34",,,,,,"H[3,5,7,8,9,15,17,19,25,27,29,31,33,37,39,41,47,49,51,53]|V[3,4,8,16,17,19,20,21,23,26,27,30,31,34]",c31e5af53b1ab973249c91c35b02a53fe27d43b5
proposed_nsga2_bs_Gyorgy-KOVACS_WH_Narrow_AW_4_seed_129,proposed_nsga2_bs,Gyorgy-KOVACS_WH_Narrow_AW_4,129,16,auto_from_instance,12,18,4,30,216,,,,,15,10,8,root > V:17 > BH:27 > BH:49 > BH:41 > BH:29 > BH:17 > BH:9 > BV:25,evaluated,3,3.0,False,640,243,397,565.0,1.0,1.0,True,True,1,1,0,True,1,1,0,0,True,True,0,19,15,19,15,10,LS,sampled_pool,,,False,0.9444444444444444,0.9408463142976199,0.1,0.1,adaptive,break_symmetry,offspring,feasible_start_adaptive_spacing,,,,feasible_start_adaptive_spacing,0.5,,True,auto_from_instance,0.75,0.35,"3,5,7,8,9,15,17,19,25,27,29,31,33,37,41,47,49,51,53","3,4,8,16,17,19,20,21,23,26,27,30,31,34",,,,,,"H[3,5,7,8,9,15,17,19,25,27,29,31,33,37,41,47,49,51,53]|V[3,4,8,16,17,19,20,21,23,25,26,27,30,31,34]",39a901559adc49da187861c456901969a94fbc3c
proposed_nsga2_bs_Gyorgy-KOVACS_WH_Narrow_AW_4_seed_129,proposed_nsga2_bs,Gyorgy-KOVACS_WH_Narrow_AW_4,129,16,auto_from_instance,12,18,4,30,216,,,,,16,10,8,root > V:17 > BH:27 > BH:49 > BH:39 > BH:29 > BH:17 > BH:9 > BV:25,selected,2,inf,True,640,243,397,539.0,1.0,1.0,True,True,1,1,0,True,1,1,0,0,True,True,0,20,15,20,15,10,LS,sampled_pool,,,False,0.9444444444444444,0.9408463142976199,0.1,0.1,adaptive,break_symmetry,offspring,feasible_start_adaptive_spacing,,,,feasible_start_adaptive_spacing,0.5,,True,auto_from_instance,0.75,0.35,"3,5,7,8,9,15,17,19,25,27,29,31,33,37,41,47,49,51,53","3,4,8,16,17,19,20,21,23,26,27,30,31,34",,,,,,"H[3,5,7,8,9,15,17,19,25,27,29,31,33,37,39,41,47,49,51,53]|V[3,4,8,16,17,19,20,21,23,25,26,27,30,31,34]",4fcb480805af1c3aff3bd464c714a0dc9bc119e4
proposed_nsga2_bs_Gyorgy-KOVACS_WH_Narrow_AW_4_seed_129,proposed_nsga2_bs,Gyorgy-KOVACS_WH_Narrow_AW_4,129,17,auto_from_instance,12,18,4,30,216,,,,,1,1,4,root > V:27 > BH:27 > BV:19 > BV:19,selected,0,inf,True,684,260,424,484.0,1.0,1.0,True,True,1,1,0,True,1,1,0,0,True,True,0,19,14,19,14,1,SS,sampled_pool,,,True,1.0,0.9704604548084058,0.1,0.1,adaptive,bit_flip,offspring,feasible_start_adaptive_spacing,,,,feasible_start_adaptive_spacing,0.5,,True,auto_from_instance,0.75,0.35,"3,5,7,8,9,15,17,19,25,27,29,31,33,37,41,47,49,51,53","2,3,4,15,16,17,19,20,21,23,26,27,30,34",,,,,,"H[3,5,7,8,9,15,17,19,25,27,29,31,33,37,41,47,49,51,53]|V[2,3,4,15,16,17,19,20,21,23,26,27,30,34]",9baad5a6d6d08df213ec54891109e23b1069a9a5
proposed_nsga2_bs_Gyorgy-KOVACS_WH_Narrow_AW_4_seed_129,proposed_nsga2_bs,Gyorgy-KOVACS_WH_Narrow_AW_4,129,17,auto_from_instance,12,18,4,30,216,,,,,2,1,4,root > V:27 > BH:27 > BV:17 > BV:19,selected,0,0.0,True,684,260,424,484.0,1.0,1.0,True,True,1,1,0,True,1,1,0,0,True,True,0,19,14,19,14,1,SS,sampled_pool,,,True,1.0,0.9704604548084058,0.1,0.1,adaptive,bit_flip,offspring,feasible_start_adaptive_spacing,,,,feasible_start_adaptive_spacing,0.5,,True,auto_from_instance,0.75,0.35,"3,5,7,8,9,15,17,19,25,27,29,31,33,37,41,47,49,51,53","2,3,4,15,16,17,19,20,21,23,26,27,30,34",,,,,,"H[3,5,7,8,9,15,17,19,25,27,29,31,33,37,41,47,49,51,53]|V[2,3,4,15,16,17,19,20,21,23,26,27,30,34]",7ea492661f4a7d780540a41c5bfc758906148e19
proposed_nsga2_bs_Gyorgy-KOVACS_WH_Narrow_AW_4_seed_129,proposed_nsga2_bs,Gyorgy-KOVACS_WH_Narrow_AW_4,129,17,auto_from_instance,12,18,4,30,216,,,,,3,1,4,root > V:27 > BH:27 > BV:19 > BV:17,selected,0,0.0,True,684,260,424,484.0,1.0,1.0,True,True,1,1,0,True,1,1,0,0,True,True,0,19,14,19,14,1,SS,sampled_pool,,,True,1.0,0.9704604548084058,0.1,0.1,adaptive,bit_flip,offspring,feasible_start_adaptive_spacing,,,,feasible_start_adaptive_spacing,0.5,,True,auto_from_instance,0.75,0.35,"3,5,7,8,9,15,17,19,25,27,29,31,33,37,41,47,49,51,53","2,3,4,15,16,17,19,20,21,23,26,27,30,34",,,,,,"H[3,5,7,8,9,15,17,19,25,27,29,31,33,37,41,47,49,51,53]|V[2,3,4,15,16,17,19,20,21,23,26,27,30,34]",59c55a28d53f47701301421f850890ad1de7d63b
proposed_nsga2_bs_Gyorgy-KOVACS_WH_Narrow_AW_4_seed_129,proposed_nsga2_bs,Gyorgy-KOVACS_WH_Narrow_AW_4,129,17,auto_from_instance,12,18,4,30,216,,,,,4,1,4,root > V:27 > BH:27 > BV:17 > BV:17,selected,0,inf,True,684,260,424,484.0,1.0,1.0,True,True,1,1,0,True,1,1,0,0,True,True,0,19,14,19,14,1,SS,sampled_pool,,,True,1.0,0.9704604548084058,0.1,0.1,adaptive,bit_flip,offspring,feasible_start_adaptive_spacing,,,,feasible_start_adaptive_spacing,0.5,,True,auto_from_instance,0.75,0.35,"3,5,7,8,9,15,17,19,25,27,29,31,33,37,41,47,49,51,53","2,3,4,15,16,17,19,20,21,23,26,27,30,34",,,,,,"H[3,5,7,8,9,15,17,19,25,27,29,31,33,37,41,47,49,51,53]|V[2,3,4,15,16,17,19,20,21,23,26,27,30,34]",6732d5258a9313035bead181283e041def90bbb2
proposed_nsga2_bs_Gyorgy-KOVACS_WH_Narrow_AW_4_seed_129,proposed_nsga2_bs,Gyorgy-KOVACS_WH_Narrow_AW_4,129,17,auto_from_instance,12,18,4,30,216,,,,,5,4,8,root > V:17 > BH:27 > BH:5 > BH:15 > BH:25 > BH:37 > BH:47 > BV:27,selected,0,inf,True,648,237,411,490.0,1.0,1.0,True,True,1,1,0,True,1,1,0,0,True,True,0,20,13,20,13,4,PF_LS_RP,sampled_pool,,,False,1.0,1.0,0.1,0.1,adaptive,break_symmetry,offspring,feasible_start_adaptive_spacing,,,,feasible_start_adaptive_spacing,0.5,,True,auto_from_instance,0.75,0.35,"3,5,7,9,15,17,19,25,28,29,31,32,37,40,41,47,49,51,53","3,4,16,17,19,20,21,23,26,27,30,31,34",,,,,,"H[3,5,7,9,15,17,19,25,27,28,29,31,32,37,40,41,47,49,51,53]|V[3,4,16,17,19,20,21,23,26,27,30,31,34]",3ab80a1d8e68880e815ad780c83cfc2449e7f93f
proposed_nsga2_bs_Gyorgy-KOVACS_WH_Narrow_AW_4_seed_129,proposed_nsga2_bs,Gyorgy-KOVACS_WH_Narrow_AW_4,129,17,auto_from_instance,12,18,4,30,216,,,,,6,4,8,root > V:17 > BH:27 > BH:49 > BH:39 > BH:29 > BH:17 > BH:7 > BV:27,selected,0,inf,True,648,237,411,490.0,1.0,1.0,True,True,1,1,0,True,1,1,0,0,True,True,0,21,13,21,13,4,PF_LS_RP,sampled_pool,,,False,1.0,1.0,0.1,0.1,adaptive,break_symmetry,offspring,feasible_start_adaptive_spacing,,,,feasible_start_adaptive_spacing,0.5,,True,auto_from_instance,0.75,0.35,"3,5,7,9,15,17,19,25,28,29,31,32,37,40,41,47,49,51,53","3,4,16,17,19,20,21,23,26,27,30,31,34",,,,,,"H[3,5,7,9,15,17,19,25,27,28,29,31,32,37,39,40,41,47,49,51,53]|V[3,4,16,17,19,20,21,23,26,27,30,31,34]",451b31cd7494c0e29ac39737991e84853f054397
proposed_nsga2_bs_Gyorgy-KOVACS_WH_Narrow_AW_4_seed_129,proposed_nsga2_bs,Gyorgy-KOVACS_WH_Narrow_AW_4,129,17,auto_from_instance,12,18,4,30,216,,,,,7,4,8,root > V:17 > BH:27 > BH:5 > BH:15 > BH:25 > BH:37 > BH:47 > BV:25,selected,1,inf,True,648,237,411,544.0,1.0,1.0,True,True,1,1,0,True,1,1,0,0,True,True,0,20,14,20,14,4,PF_LS_RP,sampled_pool,,,False,1.0,1.0,0.1,0.1,adaptive,break_symmetry,offspring,feasible_start_adaptive_spacing,,,,feasible_start_adaptive_spacing,0.5,,True,auto_from_instance,0.75,0.35,"3,5,7,9,15,17,19,25,28,29,31,32,37,40,41,47,49,51,53","3,4,16,17,19,20,21,23,26,27,30,31,34",,,,,,"H[3,5,7,9,15,17,19,25,27,28,29,31,32,37,40,41,47,49,51,53]|V[3,4,16,17,19,20,21,23,25,26,27,30,31,34]",24e93b3467ee5334276be59c5b6e878bb2e06a66
proposed_nsga2_bs_Gyorgy-KOVACS_WH_Narrow_AW_4_seed_129,proposed_nsga2_bs,Gyorgy-KOVACS_WH_Narrow_AW_4,129,17,auto_from_instance,12,18,4,30,216,,,,,8,4,8,root > V:17 > BH:27 > BH:49 > BH:39 > BH:29 > BH:17 > BH:7 > BV:25,selected,1,inf,True,648,237,411,544.0,1.0,1.0,True,True,1,1,0,True,1,1,0,0,True,True,0,21,14,21,14,4,PF_LS_RP,sampled_pool,,,False,1.0,1.0,0.1,0.1,adaptive,break_symmetry,offspring,feasible_start_adaptive_spacing,,,,feasible_start_adaptive_spacing,0.5,,True,auto_from_instance,0.75,0.35,"3,5,7,9,15,17,19,25,28,29,31,32,37,40,41,47,49,51,53","3,4,16,17,19,20,21,23,26,27,30,31,34",,,,,,"H[3,5,7,9,15,17,19,25,27,28,29,31,32,37,39,40,41,47,49,51,53]|V[3,4,16,17,19,20,21,23,25,26,27,30,31,34]",19631d63ec0204b55a5a6d539d26aaf84a80581d
