run_id,method,instance,seed,generation,budget_policy,auto_population_size,auto_generations,auto_beam_width,auto_max_depth,auto_decode_budget,restart_index,batch_index,within_batch_index,decode_budget,candidate_id,parent_chromosome_id,depth,trace,status,rank,crowding_distance,selected,storage_total,pick_faces,interior_storage,retrieval_penalty,door_connectivity_index,access_anchor_connectivity_index,has_door_connected_aisle,has_access_anchor_connected_aisle,aisle_components,anchor_connected_components,unanchored_aisle_components,single_aisle_component,access_network_components,aisle_access_network_components,unreachable_aisle_components,unreachable_aisle_cells,has_access_anchor_reachable_aisle_network,exact_width_ok,exact_width_violation_count,chromosome_h_active_count,chromosome_v_active_count,active_h_count,active_v_count,chromosome_index,sorting_rule,sorting_rule_mode,bs_rule_policy,bs_weight_policy,uses_scalar_score,rho,beam_w1,beam_w2,beam_lambda,adaptive_weight_mode,mutation_operator,initialization_mode,initialization_spacing_mode,adaptive_spacing_used,feasible_h_start_count,feasible_v_start_count,adaptive_spacing_mode,adaptive_spacing_alpha,adaptive_spacing_bf,auto_params_used,parameter_source,beta_h,beta_v,h_active_starts,v_active_starts,terminal,safety_max_depth_reached,feasible,feasibility_reason,storage_block_count,chromosome_signature,layout_signature
random_restart_bs_Gyorgy-KOVACS_WH_Wide_AW_5_seed_102,random_restart_bs,Gyorgy-KOVACS_WH_Wide_AW_5,102,0,auto_from_instance,12,18,4,30,216,1,0,1,216,1,1,8,root > V:16 > BH:26 > BH:5 > BH:16 > BH:25 > BH:36 > BH:45 > BV:25,selected,0,1.745680106335844,True,517,238,279,368.0,1.0,1.0,True,True,1,1,0,True,1,1,0,0,True,True,0,9,4,9,4,1,PF_LS_RP,sampled_pool,,,False,0.004629629629629629,0.1,0.9953703703703703,0.1,adaptive,,feasible_start_adaptive_spacing,feasible_start_adaptive_spacing,True,42,11,,,,True,,,,"6,41,50","16,19,28",True,,True,,9,"H[5,6,16,25,26,36,41,45,50]|V[16,19,25,28]",559a078c3ea143504613077c561cb3124d66b767
random_restart_bs_Gyorgy-KOVACS_WH_Wide_AW_5_seed_102,random_restart_bs,Gyorgy-KOVACS_WH_Wide_AW_5,102,0,auto_from_instance,12,18,4,30,216,1,0,1,216,2,1,8,root > V:16 > BH:26 > BH:5 > BH:16 > BH:25 > BH:36 > BH:45 > BV:29,evaluated,2,inf,False,517,225,292,586.0,1.0,1.0,True,True,1,1,0,True,1,1,0,0,True,True,0,9,4,9,4,1,PF_LS_RP,sampled_pool,,,False,0.004629629629629629,0.1,0.9953703703703703,0.1,adaptive,,feasible_start_adaptive_spacing,feasible_start_adaptive_spacing,True,42,11,,,,True,,,,"6,41,50","16,19,28",True,,True,,8,"H[5,6,16,25,26,36,41,45,50]|V[16,19,28,29]",13a8831f3352523fe53b9477eb693b985fdfc37c
random_restart_bs_Gyorgy-KOVACS_WH_Wide_AW_5_seed_102,random_restart_bs,Gyorgy-KOVACS_WH_Wide_AW_5,102,0,auto_from_instance,12,18,4,30,216,2,0,2,216,3,2,4,root > V:29 > BH:26 > BV:19 > BV:19,evaluated,1,inf,False,557,202,355,408.0,1.0,1.0,True,True,1,1,0,True,1,1,0,0,True,True,0,3,3,3,3,2,LS,sampled_pool,,,False,0.009259259259259259,0.1,0.9907407407407407,0.1,adaptive,,feasible_start_adaptive_spacing,feasible_start_adaptive_spacing,True,42,11,,,,True,,,,"24,26,42","19,20,29",True,,True,,4,"H[24,26,42]|V[19,20,29]",225a083d40a70add6d49c842c1ea1b7da9e91627
random_restart_bs_Gyorgy-KOVACS_WH_Wide_AW_5_seed_102,random_restart_bs,Gyorgy-KOVACS_WH_Wide_AW_5,102,0,auto_from_instance,12,18,4,30,216,2,0,2,216,4,2,4,root > V:29 > BH:26 > BV:17 > BV:19,evaluated,3,inf,False,557,202,355,460.0,1.0,1.0,True,True,1,1,0,True,1,1,0,0,True,True,0,3,4,3,4,2,LS,sampled_pool,,,False,0.009259259259259259,0.1,0.9907407407407407,0.1,adaptive,,feasible_start_adaptive_spacing,feasible_start_adaptive_spacing,True,42,11,,,,True,,,,"24,26,42","19,20,29",True,,True,,4,"H[24,26,42]|V[17,19,20,29]",0ccd7482bc13afbeac630bd0faf7012fe4b70f5c
random_restart_bs_Gyorgy-KOVACS_WH_Wide_AW_5_seed_102,random_restart_bs,Gyorgy-KOVACS_WH_Wide_AW_5,102,0,auto_from_instance,12,18,4,30,216,2,0,2,216,5,2,4,root > V:29 > BH:26 > BV:19 > BV:17,evaluated,2,inf,False,557,202,355,458.0,1.0,1.0,True,True,1,1,0,True,1,1,0,0,True,True,0,3,4,3,4,2,LS,sampled_pool,,,False,0.009259259259259259,0.1,0.9907407407407407,0.1,adaptive,,feasible_start_adaptive_spacing,feasible_start_adaptive_spacing,True,42,11,,,,True,,,,"24,26,42","19,20,29",True,,True,,4,"H[24,26,42]|V[17,19,20,29]",f590e28c4ca08f01adba87c9244bc357b1edb9bd
random_restart_bs_Gyorgy-KOVACS_WH_Wide_AW_5_seed_102,random_restart_bs,Gyorgy-KOVACS_WH_Wide_AW_5,102,0,auto_from_instance,12,18,4,30,216,2,0,2,216,6,2,4,root > V:29 > BH:26 > BV:17 > BV:17,evaluated,4,inf,False,557,202,355,510.0,1.0,1.0,True,True,1,1,0,True,1,1,0,0,True,True,0,3,4,3,4,2,LS,sampled_pool,,,False,0.009259259259259259,0.1,0.9907407407407407,0.1,adaptive,,feasible_start_adaptive_spacing,feasible_start_adaptive_spacing,True,42,11,,,,True,,,,"24,26,42","19,20,29",True,,True,,4,"H[24,26,42]|V[17,19,20,29]",01a64afdd46edf4dc6b60538f107b837ec4162f0
random_restart_bs_Gyorgy-KOVACS_WH_Wide_AW_5_seed_102,random_restart_bs,Gyorgy-KOVACS_WH_Wide_AW_5,102,0,auto_from_instance,12,18,4,30,216,3,0,3,216,7,3,8,root > V:16 > BH:26 > BH:7 > BH:16 > BH:25 > BH:36 > BH:45 > BV:25,evaluated,1,1.872596585804133,False,517,238,279,537.0,1.0,1.0,True,True,1,1,0,True,1,1,0,0,True,True,0,8,4,8,4,3,LS,sampled_pool,,,False,0.013888888888888888,0.1,0.9861111111111112,0.1,adaptive,,feasible_start_adaptive_spacing,feasible_start_adaptive_spacing,True,42,11,,,,True,,,,"1,16,39","16,20,28",True,,True,,9,"H[1,7,16,25,26,36,39,45]|V[16,20,25,28]",5f183debb27c7a24bc0f9f82fc27ee77d3fc24d8
random_restart_bs_Gyorgy-KOVACS_WH_Wide_AW_5_seed_102,random_restart_bs,Gyorgy-KOVACS_WH_Wide_AW_5,102,0,auto_from_instance,12,18,4,30,216,3,0,3,216,8,3,8,root > V:16 > BH:26 > BH:7 > BH:16 > BH:25 > BH:36 > BH:45 > BV:29,evaluated,3,inf,False,517,225,292,755.0,1.0,1.0,True,True,1,1,0,True,1,1,0,0,True,True,0,8,4,8,4,3,LS,sampled_pool,,,False,0.013888888888888888,0.1,0.9861111111111112,0.1,adaptive,,feasible_start_adaptive_spacing,feasible_start_adaptive_spacing,True,42,11,,,,True,,,,"1,16,39","16,20,28",True,,True,,8,"H[1,7,16,25,26,36,39,45]|V[16,20,28,29]",03af9372cf0d8e782f6e425ae89227ab68d20a8e
random_restart_bs_Gyorgy-KOVACS_WH_Wide_AW_5_seed_102,random_restart_bs,Gyorgy-KOVACS_WH_Wide_AW_5,102,0,auto_from_instance,12,18,4,30,216,4,0,4,216,9,4,7,root > V:21 > BH:26 > BH:5 > BH:16 > BH:25 > BH:36 > BH:47,evaluated,9,inf,False,652,180,472,763.0,1.0,1.0,True,True,1,1,0,True,1,1,0,0,True,True,0,9,3,9,3,4,PF_SS,sampled_pool,,,True,0.018518518518518517,0.1,0.9814814814814815,0.1,adaptive,,feasible_start_adaptive_spacing,feasible_start_adaptive_spacing,True,42,11,,,,True,,,,"11,38,41","14,21,28",True,,True,,8,"H[5,11,16,25,26,36,38,41,47]|V[14,21,28]",01a90fb20467da592e93711ac8a849c3053fcfd6
random_restart_bs_Gyorgy-KOVACS_WH_Wide_AW_5_seed_102,random_restart_bs,Gyorgy-KOVACS_WH_Wide_AW_5,102,0,auto_from_instance,12,18,4,30,216,4,0,4,216,10,4,7,root > V:21 > BH:26 > BH:5 > BH:14 > BH:25 > BH:36 > BH:47,evaluated,9,0.0,False,652,180,472,763.0,1.0,1.0,True,True,1,1,0,True,1,1,0,0,True,True,0,9,3,9,3,4,PF_SS,sampled_pool,,,True,0.018518518518518517,0.1,0.9814814814814815,0.1,adaptive,,feasible_start_adaptive_spacing,feasible_start_adaptive_spacing,True,42,11,,,,True,,,,"11,38,41","14,21,28",True,,True,,8,"H[5,11,14,25,26,36,38,41,47]|V[14,21,28]",1958a387e19298fbb01706dd6afdd7339df9d6ae
random_restart_bs_Gyorgy-KOVACS_WH_Wide_AW_5_seed_102,random_restart_bs,Gyorgy-KOVACS_WH_Wide_AW_5,102,0,auto_from_instance,12,18,4,30,216,4,0,4,216,11,4,7,root > V:21 > BH:26 > BH:7 > BH:16 > BH:25 > BH:36 > BH:47,evaluated,11,inf,False,652,180,472,867.0,1.0,1.0,True,True,1,1,0,True,1,1,0,0,True,True,0,9,3,9,3,4,PF_SS,sampled_pool,,,True,0.018518518518518517,0.1,0.9814814814814815,0.1,adaptive,,feasible_start_adaptive_spacing,feasible_start_adaptive_spacing,True,42,11,,,,True,,,,"11,38,41","14,21,28",True,,True,,8,"H[7,11,16,25,26,36,38,41,47]|V[14,21,28]",b7080d9cb61c36aedc6f73cfe3724fe27e5ce9c6
random_restart_bs_Gyorgy-KOVACS_WH_Wide_AW_5_seed_102,random_restart_bs,Gyorgy-KOVACS_WH_Wide_AW_5,102,0,auto_from_instance,12,18,4,30,216,4,0,4,216,12,4,7,root > V:21 > BH:26 > BH:5 > BH:16 > BH:25 > BH:36 > BH:45,evaluated,12,inf,False,652,180,472,899.0,1.0,1.0,True,True,1,1,0,True,1,1,0,0,True,True,0,9,3,9,3,4,PF_SS,sampled_pool,,,True,0.018518518518518517,0.1,0.9814814814814815,0.1,adaptive,,feasible_start_adaptive_spacing,feasible_start_adaptive_spacing,True,42,11,,,,True,,,,"11,38,41","14,21,28",True,,True,,8,"H[5,11,16,25,26,36,38,41,45]|V[14,21,28]",8e88c0c464d5e2054bb58e24df478d0e262d6485
random_restart_bs_Gyorgy-KOVACS_WH_Wide_AW_5_seed_102,random_restart_bs,Gyorgy-KOVACS_WH_Wide_AW_5,102,0,auto_from_instance,12,18,4,30,216,5,0,5,216,13,5,8,root > V:16 > BH:26 > BH:5 > BH:14 > BH:25 > BH:36 > BH:45 > BV:25,selected,0,0.0,True,517,238,279,368.0,1.0,1.0,True,True,1,1,0,True,1,1,0,0,True,True,0,9,4,9,4,5,PF_LS_RP,sampled_pool,,,False,0.023148148148148147,0.1,0.9768518518518519,0.1,adaptive,,feasible_start_adaptive_spacing,feasible_start_adaptive_spacing,True,42,11,,,,True,,,,"8,41,50","16,17,29",True,,True,,9,"H[5,8,14,25,26,36,41,45,50]|V[16,17,25,29]",6fcfc694894a367ef71d338faec4ce589ca685b5
random_restart_bs_Gyorgy-KOVACS_WH_Wide_AW_5_seed_102,random_restart_bs,Gyorgy-KOVACS_WH_Wide_AW_5,102,0,auto_from_instance,12,18,4,30,216,5,0,5,216,14,5,8,root > V:16 > BH:26 > BH:5 > BH:14 > BH:25 > BH:36 > BH:45 > BV:29,evaluated,2,0.0,False,517,225,292,586.0,1.0,1.0,True,True,1,1,0,True,1,1,0,0,True,True,0,9,3,9,3,5,PF_LS_RP,sampled_pool,,,False,0.023148148148148147,0.1,0.9768518518518519,0.1,adaptive,,feasible_start_adaptive_spacing,feasible_start_adaptive_spacing,True,42,11,,,,True,,,,"8,41,50","16,17,29",True,,True,,8,"H[5,8,14,25,26,36,41,45,50]|V[16,17,29]",7e0f4d1a90907f684b7d565e90c4ddb6c1ba7c58
random_restart_bs_Gyorgy-KOVACS_WH_Wide_AW_5_seed_102,random_restart_bs,Gyorgy-KOVACS_WH_Wide_AW_5,102,0,auto_from_instance,12,18,4,30,216,7,0,7,216,15,7,9,root > V:20 > BH:26 > BH:47 > BH:37 > BH:23 > BH:9 > BV:29 > BV:29 > BV:29,evaluated,6,inf,False,547,179,368,665.0,1.0,1.0,True,True,1,1,0,True,1,1,0,0,True,True,0,8,4,8,4,7,RP,sampled_pool,,,False,0.032407407407407406,0.1,0.9675925925925926,0.1,adaptive,,feasible_start_adaptive_spacing,feasible_start_adaptive_spacing,True,42,11,,,,True,,,,"27,35,48","15,20,28",True,,True,,7,"H[9,23,26,27,35,37,47,48]|V[15,20,28,29]",d20b69141ff95aa36665c177bcb650e2a0a718fe
random_restart_bs_Gyorgy-KOVACS_WH_Wide_AW_5_seed_102,random_restart_bs,Gyorgy-KOVACS_WH_Wide_AW_5,102,0,auto_from_instance,12,18,4,30,216,8,0,8,216,16,8,5,root > H:7 > BH:26 > BH:47 > BH:37 > BH:16,evaluated,11,inf,False,647,210,437,1134.0,1.0,1.0,True,True,1,1,0,True,1,1,0,0,True,True,0,6,3,6,3,8,SS_PF_LS,sampled_pool,,,True,0.037037037037037035,0.1,0.962962962962963,0.1,adaptive,,feasible_start_adaptive_spacing,feasible_start_adaptive_spacing,True,42,11,,,,True,,,,"3,7,37","15,18,28",True,,True,,6,"H[3,7,16,26,37,47]|V[15,18,28]",2281033fa9c838eb2b2333af966aa1b8a8431cbc
random_restart_bs_Gyorgy-KOVACS_WH_Wide_AW_5_seed_102,random_restart_bs,Gyorgy-KOVACS_WH_Wide_AW_5,102,0,auto_from_instance,12,18,4,30,216,8,0,8,216,17,8,5,root > H:7 > BH:28 > BH:47 > BH:16 > BH:37,evaluated,12,inf,False,647,210,437,1176.0,1.0,1.0,True,True,1,1,0,True,1,1,0,0,True,True,0,6,3,6,3,8,SS_PF_LS,sampled_pool,,,True,0.037037037037037035,0.1,0.962962962962963,0.1,adaptive,,feasible_start_adaptive_spacing,feasible_start_adaptive_spacing,True,42,11,,,,True,,,,"3,7,37","15,18,28",True,,True,,6,"H[3,7,16,28,37,47]|V[15,18,28]",d9e58ce4e78544bf028fca58f5c971368f245bf3
random_restart_bs_Gyorgy-KOVACS_WH_Wide_AW_5_seed_102,random_restart_bs,Gyorgy-KOVACS_WH_Wide_AW_5,102,0,auto_from_instance,12,18,4,30,216,8,0,8,216,18,8,5,root > H:7 > BH:26 > BH:47 > BH:16 > BH:35,evaluated,13,inf,False,647,208,439,1176.0,1.0,1.0,True,True,1,1,0,True,1,1,0,0,True,True,0,7,3,7,3,8,SS_PF_LS,sampled_pool,,,True,0.037037037037037035,0.1,0.962962962962963,0.1,adaptive,,feasible_start_adaptive_spacing,feasible_start_adaptive_spacing,True,42,11,,,,True,,,,"3,7,37","15,18,28",True,,True,,6,"H[3,7,16,26,35,37,47]|V[15,18,28]",8927d8dad8c17fb910d1095f3eb7e75d6bf13efd
random_restart_bs_Gyorgy-KOVACS_WH_Wide_AW_5_seed_102,random_restart_bs,Gyorgy-KOVACS_WH_Wide_AW_5,102,0,auto_from_instance,12,18,4,30,216,9,0,9,216,19,9,7,root > V:17 > BH:26 > BH:5 > BH:16 > BH:25 > BH:36 > BH:47,evaluated,1,0.8912848158131177,False,572,220,352,507.0,1.0,1.0,True,True,1,1,0,True,1,1,0,0,True,True,0,8,3,8,3,9,SS_LS_PF,sampled_pool,,,True,0.041666666666666664,0.1,0.9583333333333334,0.1,adaptive,,feasible_start_adaptive_spacing,feasible_start_adaptive_spacing,True,42,11,,,,True,,,,"3,13,26","16,17,29",True,,True,,8,"H[3,5,13,16,25,26,36,47]|V[16,17,29]",173dd91401b4b71d9f20edd9e83506be465b9528
random_restart_bs_Gyorgy-KOVACS_WH_Wide_AW_5_seed_102,random_restart_bs,Gyorgy-KOVACS_WH_Wide_AW_5,102,0,auto_from_instance,12,18,4,30,216,9,0,9,216,20,9,7,root > V:17 > BH:26 > BH:5 > BH:14 > BH:25 > BH:36 > BH:47,evaluated,1,0.0,False,572,220,352,507.0,1.0,1.0,True,True,1,1,0,True,1,1,0,0,True,True,0,8,3,8,3,9,SS_LS_PF,sampled_pool,,,True,0.041666666666666664,0.1,0.9583333333333334,0.1,adaptive,,feasible_start_adaptive_spacing,feasible_start_adaptive_spacing,True,42,11,,,,True,,,,"3,13,26","16,17,29",True,,True,,8,"H[3,5,13,14,25,26,36,47]|V[16,17,29]",e59e5dd5e1537a2d164e028d12bd66f538f0cb70
random_restart_bs_Gyorgy-KOVACS_WH_Wide_AW_5_seed_102,random_restart_bs,Gyorgy-KOVACS_WH_Wide_AW_5,102,0,auto_from_instance,12,18,4,30,216,9,0,9,216,21,9,7,root > V:17 > BH:26 > BH:5 > BH:16 > BH:25 > BH:36 > BH:45,evaluated,4,inf,False,572,220,352,711.0,1.0,1.0,True,True,1,1,0,True,1,1,0,0,True,True,0,8,3,8,3,9,SS_LS_PF,sampled_pool,,,True,0.041666666666666664,0.1,0.9583333333333334,0.1,adaptive,,feasible_start_adaptive_spacing,feasible_start_adaptive_spacing,True,42,11,,,,True,,,,"3,13,26","16,17,29",True,,True,,8,"H[3,5,13,16,25,26,36,45]|V[16,17,29]",854ec9b997ec508dda6ea9e399147d7a4b626ba8
random_restart_bs_Gyorgy-KOVACS_WH_Wide_AW_5_seed_102,random_restart_bs,Gyorgy-KOVACS_WH_Wide_AW_5,102,0,auto_from_instance,12,18,4,30,216,9,0,9,216,22,9,7,root > V:17 > BH:26 > BH:5 > BH:14 > BH:25 > BH:36 > BH:45,evaluated,4,0.0,False,572,220,352,711.0,1.0,1.0,True,True,1,1,0,True,1,1,0,0,True,True,0,8,3,8,3,9,SS_LS_PF,sampled_pool,,,True,0.041666666666666664,0.1,0.9583333333333334,0.1,adaptive,,feasible_start_adaptive_spacing,feasible_start_adaptive_spacing,True,42,11,,,,True,,,,"3,13,26","16,17,29",True,,True,,8,"H[3,5,13,14,25,26,36,45]|V[16,17,29]",ef95c5265d039c602cc7246bb99c122e90a60068
random_restart_bs_Gyorgy-KOVACS_WH_Wide_AW_5_seed_102,random_restart_bs,Gyorgy-KOVACS_WH_Wide_AW_5,102,0,auto_from_instance,12,18,4,30,216,10,0,10,216,23,10,7,root > V:17 > BH:26 > BH:5 > BH:16 > BH:27 > BH:36 > BH:47,evaluated,1,0.372806229410003,False,572,220,352,507.0,1.0,1.0,True,True,1,1,0,True,1,1,0,0,True,True,0,7,2,7,2,10,SS,sampled_pool,,,True,0.046296296296296294,0.1,0.9537037037037037,0.1,adaptive,,feasible_start_adaptive_spacing,feasible_start_adaptive_spacing,True,42,11,,,,True,,,,"36,38,47","17,27",True,,True,,8,"H[5,16,26,27,36,38,47]|V[17,27]",e2fbbe10c6b34c6ad385ed07a85e04980f6c0fd6
random_restart_bs_Gyorgy-KOVACS_WH_Wide_AW_5_seed_102,random_restart_bs,Gyorgy-KOVACS_WH_Wide_AW_5,102,0,auto_from_instance,12,18,4,30,216,10,0,10,216,24,10,7,root > V:17 > BH:26 > BH:5 > BH:16 > BH:27 > BH:36 > BH:45,evaluated,4,inf,False,572,220,352,711.0,1.0,1.0,True,True,1,1,0,True,1,1,0,0,True,True,0,8,2,8,2,10,SS,sampled_pool,,,True,0.046296296296296294,0.1,0.9537037037037037,0.1,adaptive,,feasible_start_adaptive_spacing,feasible_start_adaptive_spacing,True,42,11,,,,True,,,,"36,38,47","17,27",True,,True,,8,"H[5,16,26,27,36,38,45,47]|V[17,27]",d4972697f5cec94e08b9be11a75b7e3201e83de4
random_restart_bs_Gyorgy-KOVACS_WH_Wide_AW_5_seed_102,random_restart_bs,Gyorgy-KOVACS_WH_Wide_AW_5,102,0,auto_from_instance,12,18,4,30,216,11,0,11,216,25,11,7,root > V:21 > BH:26 > BH:5 > BH:14 > BH:25 > BH:36 > BH:45,evaluated,12,inf,False,652,180,472,899.0,1.0,1.0,True,True,1,1,0,True,1,1,0,0,True,True,0,8,3,8,3,11,SS_LS_PF,sampled_pool,,,True,0.05092592592592592,0.1,0.9490740740740741,0.1,adaptive,,feasible_start_adaptive_spacing,feasible_start_adaptive_spacing,True,42,11,,,,True,,,,"11,25,38","19,21,27",True,,True,,8,"H[5,11,14,25,26,36,38,45]|V[19,21,27]",f2b245d80a9e03cb9543fcc56f57562ad4aadb7c
random_restart_bs_Gyorgy-KOVACS_WH_Wide_AW_5_seed_102,random_restart_bs,Gyorgy-KOVACS_WH_Wide_AW_5,102,1,auto_from_instance,12,18,4,30,216,13,1,1,216,26,13,6,root > V:19 > BH:26 > BH:47 > BH:35 > BH:23 > BH:9,evaluated,14,1.8122608535688005,False,662,178,484,1194.0,1.0,1.0,True,True,1,1,0,True,1,1,0,0,True,True,0,8,3,8,3,13,RP,sampled_pool,,,False,0.06018518518518518,0.1,0.9398148148148148,0.1,adaptive,,feasible_start_adaptive_spacing,feasible_start_adaptive_spacing,True,42,11,,,,True,,,,"7,38,52","14,19,27",True,,True,,7,"H[7,9,23,26,35,38,47,52]|V[14,19,27]",897092111e4d642b83b355f9b7d25178527841b5
random_restart_bs_Gyorgy-KOVACS_WH_Wide_AW_5_seed_102,random_restart_bs,Gyorgy-KOVACS_WH_Wide_AW_5,102,1,auto_from_instance,12,18,4,30,216,13,1,1,216,27,13,6,root > V:19 > BH:26 > BH:7 > BH:16 > BH:29 > BH:44,evaluated,14,inf,False,662,179,483,1204.0,1.0,1.0,True,True,1,1,0,True,1,1,0,0,True,True,0,7,3,7,3,13,RP,sampled_pool,,,False,0.06018518518518518,0.1,0.9398148148148148,0.1,adaptive,,feasible_start_adaptive_spacing,feasible_start_adaptive_spacing,True,42,11,,,,True,,,,"7,38,52","14,19,27",True,,True,,7,"H[7,16,26,29,38,44,52]|V[14,19,27]",40f9aa24fcb9a0d4e9a507136322c02f99c485df
random_restart_bs_Gyorgy-KOVACS_WH_Wide_AW_5_seed_102,random_restart_bs,Gyorgy-KOVACS_WH_Wide_AW_5,102,1,auto_from_instance,12,18,4,30,216,13,1,1,216,28,13,6,root > V:19 > BH:26 > BH:47 > BH:37 > BH:23 > BH:9,evaluated,15,inf,False,662,179,483,1214.0,1.0,1.0,True,True,1,1,0,True,1,1,0,0,True,True,0,8,3,8,3,13,RP,sampled_pool,,,False,0.06018518518518518,0.1,0.9398148148148148,0.1,adaptive,,feasible_start_adaptive_spacing,feasible_start_adaptive_spacing,True,42,11,,,,True,,,,"7,38,52","14,19,27",True,,True,,7,"H[7,9,23,26,37,38,47,52]|V[14,19,27]",627c2cc4912123f4d0addbc30fac72342d05eacd
random_restart_bs_Gyorgy-KOVACS_WH_Wide_AW_5_seed_102,random_restart_bs,Gyorgy-KOVACS_WH_Wide_AW_5,102,1,auto_from_instance,12,18,4,30,216,13,1,1,216,29,13,6,root > V:19 > BH:26 > BH:47 > BH:35 > BH:23 > BH:11,evaluated,17,inf,False,662,178,484,1444.0,1.0,1.0,True,True,1,1,0,True,1,1,0,0,True,True,0,8,3,8,3,13,RP,sampled_pool,,,False,0.06018518518518518,0.1,0.9398148148148148,0.1,adaptive,,feasible_start_adaptive_spacing,feasible_start_adaptive_spacing,True,42,11,,,,True,,,,"7,38,52","14,19,27",True,,True,,7,"H[7,11,23,26,35,38,47,52]|V[14,19,27]",9b2f707dda5433c81ce925886b10ac8c64e57967
random_restart_bs_Gyorgy-KOVACS_WH_Wide_AW_5_seed_102,random_restart_bs,Gyorgy-KOVACS_WH_Wide_AW_5,102,1,auto_from_instance,12,18,4,30,216,14,1,2,216,30,14,6,root > V:21 > BH:26 > BH:5 > BH:16 > BH:29 > BH:42,evaluated,15,1.4152777777777779,False,692,165,527,1197.0,1.0,1.0,True,True,1,1,0,True,1,1,0,0,True,True,0,8,3,8,3,14,RP,sampled_pool,,,False,0.06481481481481481,0.1,0.9351851851851852,0.1,adaptive,,feasible_start_adaptive_spacing,feasible_start_adaptive_spacing,True,42,11,,,,True,,,,"23,49,52","18,20,21",True,,True,,7,"H[5,16,23,26,29,42,49,52]|V[18,20,21]",3e80fff572b45638d4c993741f9187431fecc243
random_restart_bs_Gyorgy-KOVACS_WH_Wide_AW_5_seed_102,random_restart_bs,Gyorgy-KOVACS_WH_Wide_AW_5,102,1,auto_from_instance,12,18,4,30,216,14,1,2,216,31,14,6,root > V:21 > BH:26 > BH:5 > BH:16 > BH:29 > BH:40,evaluated,17,0.7668768905734761,False,692,167,525,1255.0,1.0,1.0,True,True,1,1,0,True,1,1,0,0,True,True,0,8,3,8,3,14,RP,sampled_pool,,,False,0.06481481481481481,0.1,0.9351851851851852,0.1,adaptive,,feasible_start_adaptive_spacing,feasible_start_adaptive_spacing,True,42,11,,,,True,,,,"23,49,52","18,20,21",True,,True,,7,"H[5,16,23,26,29,40,49,52]|V[18,20,21]",4438a07913bba44771acc09fec1861ea8b6e3d46
random_restart_bs_Gyorgy-KOVACS_WH_Wide_AW_5_seed_102,random_restart_bs,Gyorgy-KOVACS_WH_Wide_AW_5,102,1,auto_from_instance,12,18,4,30,216,14,1,2,216,32,14,6,root > V:21 > BH:26 > BH:5 > BH:16 > BH:27 > BH:40,evaluated,16,2.0979101358411705,False,692,168,524,1255.0,1.0,1.0,True,True,1,1,0,True,1,1,0,0,True,True,0,8,3,8,3,14,RP,sampled_pool,,,False,0.06481481481481481,0.1,0.9351851851851852,0.1,adaptive,,feasible_start_adaptive_spacing,feasible_start_adaptive_spacing,True,42,11,,,,True,,,,"23,49,52","18,20,21",True,,True,,7,"H[5,16,23,26,27,40,49,52]|V[18,20,21]",c29204a760792de9b5fff7fd1f22463071b8fe3a
random_restart_bs_Gyorgy-KOVACS_WH_Wide_AW_5_seed_102,random_restart_bs,Gyorgy-KOVACS_WH_Wide_AW_5,102,1,auto_from_instance,12,18,4,30,216,14,1,2,216,33,14,6,root > V:21 > BH:26 > BH:5 > BH:14 > BH:27 > BH:40,evaluated,17,1.8276163964162329,False,692,168,524,1271.0,1.0,1.0,True,True,1,1,0,True,1,1,0,0,True,True,0,8,3,8,3,14,RP,sampled_pool,,,False,0.06481481481481481,0.1,0.9351851851851852,0.1,adaptive,,feasible_start_adaptive_spacing,feasible_start_adaptive_spacing,True,42,11,,,,True,,,,"23,49,52","18,20,21",True,,True,,7,"H[5,14,23,26,27,40,49,52]|V[18,20,21]",d6f556ce4388bf7e47d115315ffef16b2112220e
random_restart_bs_Gyorgy-KOVACS_WH_Wide_AW_5_seed_102,random_restart_bs,Gyorgy-KOVACS_WH_Wide_AW_5,102,1,auto_from_instance,12,18,4,30,216,15,1,3,216,34,15,5,root > H:10 > BH:27 > BH:48 > BH:38 > BV:17,evaluated,20,inf,False,707,177,530,1659.0,1.0,1.0,True,True,1,1,0,True,1,1,0,0,True,True,0,6,2,6,2,15,SS_LS_PF,sampled_pool,,,True,0.06944444444444445,0.1,0.9305555555555556,0.1,adaptive,,feasible_start_adaptive_spacing,feasible_start_adaptive_spacing,True,42,11,,,,True,,,,"2,10,16","17,28",True,,True,,6,"H[2,10,16,27,38,48]|V[17,28]",5d4ca8267cbbc19fcf4cc4c634517a5a9c796b4f
random_restart_bs_Gyorgy-KOVACS_WH_Wide_AW_5_seed_102,random_restart_bs,Gyorgy-KOVACS_WH_Wide_AW_5,102,1,auto_from_instance,12,18,4,30,216,15,1,3,216,35,15,5,root > H:10 > BH:27 > BH:48 > BH:36 > BV:17,evaluated,21,inf,False,707,177,530,1701.0,1.0,1.0,True,True,1,1,0,True,1,1,0,0,True,True,0,6,2,6,2,15,SS_LS_PF,sampled_pool,,,True,0.06944444444444445,0.1,0.9305555555555556,0.1,adaptive,,feasible_start_adaptive_spacing,feasible_start_adaptive_spacing,True,42,11,,,,True,,,,"2,10,16","17,28",True,,True,,6,"H[2,10,16,27,36,48]|V[17,28]",26b3ebdab61a305eef59785bdc6570f79caacae6
random_restart_bs_Gyorgy-KOVACS_WH_Wide_AW_5_seed_102,random_restart_bs,Gyorgy-KOVACS_WH_Wide_AW_5,102,1,auto_from_instance,12,18,4,30,216,15,1,3,216,36,15,5,root > H:10 > BH:27 > BH:48 > BH:38 > BV:19,evaluated,20,0.4152458611317025,False,707,175,532,1558.0,1.0,1.0,True,True,1,1,0,True,1,1,0,0,True,True,0,6,3,6,3,15,SS_LS_PF,sampled_pool,,,True,0.06944444444444445,0.1,0.9305555555555556,0.1,adaptive,,feasible_start_adaptive_spacing,feasible_start_adaptive_spacing,True,42,11,,,,True,,,,"2,10,16","17,28",True,,True,,6,"H[2,10,16,27,38,48]|V[17,19,28]",8347cd964ce9ced50f98aef809b4a847a879187c
random_restart_bs_Gyorgy-KOVACS_WH_Wide_AW_5_seed_102,random_restart_bs,Gyorgy-KOVACS_WH_Wide_AW_5,102,1,auto_from_instance,12,18,4,30,216,15,1,3,216,37,15,5,root > H:10 > BH:27 > BH:46 > BH:36 > BV:17,evaluated,22,inf,False,707,177,530,1932.0,1.0,1.0,True,True,1,1,0,True,1,1,0,0,True,True,0,6,2,6,2,15,SS_LS_PF,sampled_pool,,,True,0.06944444444444445,0.1,0.9305555555555556,0.1,adaptive,,feasible_start_adaptive_spacing,feasible_start_adaptive_spacing,True,42,11,,,,True,,,,"2,10,16","17,28",True,,True,,6,"H[2,10,16,27,36,46]|V[17,28]",e8be2254dc0ed4df77c7c30e687cef51a222f482
random_restart_bs_Gyorgy-KOVACS_WH_Wide_AW_5_seed_102,random_restart_bs,Gyorgy-KOVACS_WH_Wide_AW_5,102,1,auto_from_instance,12,18,4,30,216,16,1,4,216,38,16,7,root > V:17 > BH:26 > BH:7 > BH:16 > BH:25 > BH:36 > BH:47,evaluated,3,1.4391990445455238,False,572,220,352,663.0,1.0,1.0,True,True,1,1,0,True,1,1,0,0,True,True,0,8,3,8,3,16,PF_SS,sampled_pool,,,True,0.07407407407407407,0.1,0.9259259259259259,0.1,adaptive,,feasible_start_adaptive_spacing,feasible_start_adaptive_spacing,True,42,11,,,,True,,,,"11,15,26","17,19,21",True,,True,,8,"H[7,11,15,16,25,26,36,47]|V[17,19,21]",61426df39d9f05da4c561d5073d32a1cf777516d
random_restart_bs_Gyorgy-KOVACS_WH_Wide_AW_5_seed_102,random_restart_bs,Gyorgy-KOVACS_WH_Wide_AW_5,102,1,auto_from_instance,12,18,4,30,216,18,1,6,216,39,18,8,root > V:20 > BH:26 > BH:5 > BH:16 > BH:25 > BH:36 > BH:45 > BV:29,evaluated,5,0.34400656814449915,False,597,195,402,637.0,1.0,1.0,True,True,1,1,0,True,1,1,0,0,True,True,0,9,3,9,3,18,SS,sampled_pool,,,True,0.08333333333333333,0.1,0.9166666666666666,0.1,adaptive,,feasible_start_adaptive_spacing,feasible_start_adaptive_spacing,True,42,11,,,,True,,,,"44,47,51","15,20,29",True,,True,,8,"H[5,16,25,26,36,44,45,47,51]|V[15,20,29]",981dc6fd2903ad3086847d3b1f7d62614b0319bd
random_restart_bs_Gyorgy-KOVACS_WH_Wide_AW_5_seed_102,random_restart_bs,Gyorgy-KOVACS_WH_Wide_AW_5,102,1,auto_from_instance,12,18,4,30,216,19,1,7,216,40,19,8,root > V:18 > BH:26 > BH:5 > BH:16 > BH:25 > BH:36 > BH:45 > BV:29,evaluated,1,0.9821503444144953,False,557,213,344,441.0,1.0,1.0,True,True,1,1,0,True,1,1,0,0,True,True,0,9,4,9,4,19,LS_RP,sampled_pool,,,False,0.08796296296296297,0.1165596858295535,0.912037037037037,0.1,adaptive,,feasible_start_adaptive_spacing,feasible_start_adaptive_spacing,True,42,11,,,,True,,,,"3,41,49","18,21,28",True,,True,,8,"H[3,5,16,25,26,36,41,45,49]|V[18,21,28,29]",71364ffd26b39e09575fe06f8735f14e38505286
random_restart_bs_Gyorgy-KOVACS_WH_Wide_AW_5_seed_102,random_restart_bs,Gyorgy-KOVACS_WH_Wide_AW_5,102,1,auto_from_instance,12,18,4,30,216,21,1,9,216,41,21,6,root > H:8 > BH:29 > BH:52 > BH:42 > BH:17 > BV:19,evaluated,9,1.3453416149068325,False,612,188,424,871.0,1.0,1.0,True,True,1,1,0,True,1,1,0,0,True,True,0,7,4,7,4,21,RP_LS,sampled_pool,,,False,0.09722222222222222,0.14494539529530356,0.9027777777777778,0.1,adaptive,,feasible_start_adaptive_spacing,feasible_start_adaptive_spacing,True,42,11,,,,True,,,,"8,27,35","17,18,20",True,,True,,6,"H[8,17,27,29,35,42,52]|V[17,18,19,20]",9796b5e2269b97aba584f86b0fed81fae0def881
random_restart_bs_Gyorgy-KOVACS_WH_Wide_AW_5_seed_102,random_restart_bs,Gyorgy-KOVACS_WH_Wide_AW_5,102,1,auto_from_instance,12,18,4,30,216,21,1,9,216,42,21,6,root > H:8 > BH:29 > BH:52 > BH:40 > BH:17 > BV:19,evaluated,9,0.5479296066252588,False,612,188,424,871.0,1.0,1.0,True,True,1,1,0,True,1,1,0,0,True,True,0,7,4,7,4,21,RP_LS,sampled_pool,,,False,0.09722222222222222,0.14494539529530356,0.9027777777777778,0.1,adaptive,,feasible_start_adaptive_spacing,feasible_start_adaptive_spacing,True,42,11,,,,True,,,,"8,27,35","17,18,20",True,,True,,6,"H[8,17,27,29,35,40,52]|V[17,18,19,20]",f72654228a4b0712e7d572aa85ea2217fc165b42
random_restart_bs_Gyorgy-KOVACS_WH_Wide_AW_5_seed_102,random_restart_bs,Gyorgy-KOVACS_WH_Wide_AW_5,102,1,auto_from_instance,12,18,4,30,216,21,1,9,216,43,21,6,root > H:8 > BH:29 > BH:48 > BH:17 > BH:38 > BV:19,evaluated,9,inf,False,612,209,403,892.0,1.0,1.0,True,True,1,1,0,True,1,1,0,0,True,True,0,7,4,7,4,21,RP_LS,sampled_pool,,,False,0.09722222222222222,0.14494539529530356,0.9027777777777778,0.1,adaptive,,feasible_start_adaptive_spacing,feasible_start_adaptive_spacing,True,42,11,,,,True,,,,"8,27,35","17,18,20",True,,True,,7,"H[8,17,27,29,35,38,48]|V[17,18,19,20]",bb02423a5321a9331a58e3ba7fed00d78d143bb0
random_restart_bs_Gyorgy-KOVACS_WH_Wide_AW_5_seed_102,random_restart_bs,Gyorgy-KOVACS_WH_Wide_AW_5,102,1,auto_from_instance,12,18,4,30,216,21,1,9,216,44,21,6,root > H:8 > BH:29 > BH:52 > BH:42 > BH:17 > BV:17,evaluated,10,1.4950174825174827,False,612,190,422,922.0,1.0,1.0,True,True,1,1,0,True,1,1,0,0,True,True,0,7,3,7,3,21,RP_LS,sampled_pool,,,False,0.09722222222222222,0.14494539529530356,0.9027777777777778,0.1,adaptive,,feasible_start_adaptive_spacing,feasible_start_adaptive_spacing,True,42,11,,,,True,,,,"8,27,35","17,18,20",True,,True,,6,"H[8,17,27,29,35,42,52]|V[17,18,20]",11133d0471fa29d030db9c006d04e5d3fda041fe
random_restart_bs_Gyorgy-KOVACS_WH_Wide_AW_5_seed_102,random_restart_bs,Gyorgy-KOVACS_WH_Wide_AW_5,102,1,auto_from_instance,12,18,4,30,216,22,1,10,216,45,22,8,root > V:20 > BH:26 > BH:5 > BH:14 > BH:25 > BH:36 > BH:45 > BV:29,evaluated,5,0.5816091954022988,False,597,195,402,637.0,1.0,1.0,True,True,1,1,0,True,1,1,0,0,True,True,0,7,3,7,3,22,SS,sampled_pool,,,True,0.10185185185185185,0.10345791448066775,0.8981481481481481,0.1,adaptive,,feasible_start_adaptive_spacing,feasible_start_adaptive_spacing,True,42,11,,,,True,,,,"14,17,45","20,21,29",True,,True,,8,"H[5,14,17,25,26,36,45]|V[20,21,29]",2082bb77553284a306396971a446c9d5d665af6f
random_restart_bs_Gyorgy-KOVACS_WH_Wide_AW_5_seed_102,random_restart_bs,Gyorgy-KOVACS_WH_Wide_AW_5,102,2,auto_from_instance,12,18,4,30,216,25,2,1,216,46,25,7,root > V:19 > BH:26 > BH:5 > BH:16 > BH:25 > BH:36 > BH:47,evaluated,5,0.4190241613886934,False,612,200,412,584.0,1.0,1.0,True,True,1,1,0,True,1,1,0,0,True,True,0,9,3,9,3,25,SS,sampled_pool,,,True,0.11574074074074074,0.1,0.8842592592592593,0.1,adaptive,,feasible_start_adaptive_spacing,feasible_start_adaptive_spacing,True,42,11,,,,True,,,,"3,11,46","16,17,19",True,,True,,8,"H[3,5,11,16,25,26,36,46,47]|V[16,17,19]",739f9ec08bf9c56e734297604911aa2f937b0b31
random_restart_bs_Gyorgy-KOVACS_WH_Wide_AW_5_seed_102,random_restart_bs,Gyorgy-KOVACS_WH_Wide_AW_5,102,2,auto_from_instance,12,18,4,30,216,25,2,1,216,47,25,7,root > V:19 > BH:26 > BH:5 > BH:14 > BH:25 > BH:36 > BH:47,evaluated,5,0.5144264602392681,False,612,200,412,584.0,1.0,1.0,True,True,1,1,0,True,1,1,0,0,True,True,0,9,3,9,3,25,SS,sampled_pool,,,True,0.11574074074074074,0.1,0.8842592592592593,0.1,adaptive,,feasible_start_adaptive_spacing,feasible_start_adaptive_spacing,True,42,11,,,,True,,,,"3,11,46","16,17,19",True,,True,,8,"H[3,5,11,14,25,26,36,46,47]|V[16,17,19]",18779af2d0583f313025ada9a3c164bb18de6a6f
random_restart_bs_Gyorgy-KOVACS_WH_Wide_AW_5_seed_102,random_restart_bs,Gyorgy-KOVACS_WH_Wide_AW_5,102,2,auto_from_instance,12,18,4,30,216,25,2,1,216,48,25,7,root > V:19 > BH:26 > BH:5 > BH:16 > BH:25 > BH:38 > BH:47,evaluated,6,inf,False,612,200,412,604.0,1.0,1.0,True,True,1,1,0,True,1,1,0,0,True,True,0,9,3,9,3,25,SS,sampled_pool,,,True,0.11574074074074074,0.1,0.8842592592592593,0.1,adaptive,,feasible_start_adaptive_spacing,feasible_start_adaptive_spacing,True,42,11,,,,True,,,,"3,11,46","16,17,19",True,,True,,8,"H[3,5,11,16,25,26,38,46,47]|V[16,17,19]",758ad2be8f060369a7ed5854bddec77c27efbd19
random_restart_bs_Gyorgy-KOVACS_WH_Wide_AW_5_seed_102,random_restart_bs,Gyorgy-KOVACS_WH_Wide_AW_5,102,2,auto_from_instance,12,18,4,30,216,25,2,1,216,49,25,7,root > V:19 > BH:26 > BH:5 > BH:16 > BH:25 > BH:36 > BH:45,evaluated,8,inf,False,612,200,412,754.0,1.0,1.0,True,True,1,1,0,True,1,1,0,0,True,True,0,9,3,9,3,25,SS,sampled_pool,,,True,0.11574074074074074,0.1,0.8842592592592593,0.1,adaptive,,feasible_start_adaptive_spacing,feasible_start_adaptive_spacing,True,42,11,,,,True,,,,"3,11,46","16,17,19",True,,True,,8,"H[3,5,11,16,25,26,36,45,46]|V[16,17,19]",16ed0ad93ee066fd151d5116addbd94cd12b2a32
random_restart_bs_Gyorgy-KOVACS_WH_Wide_AW_5_seed_102,random_restart_bs,Gyorgy-KOVACS_WH_Wide_AW_5,102,2,auto_from_instance,12,18,4,30,216,26,2,2,216,50,26,6,root > H:43 > BH:23 > BH:5 > BV:21 > BH:14 > BH:52,evaluated,17,inf,False,667,179,488,1349.0,1.0,1.0,True,True,1,1,0,True,1,1,0,0,True,True,0,6,4,6,4,26,RP_LS,sampled_pool,,,False,0.12037037037037036,0.11907300313728823,0.8796296296296297,0.1,adaptive,,feasible_start_adaptive_spacing,feasible_start_adaptive_spacing,True,42,11,,,,True,,,,"5,43,46","17,27,28",True,,True,,6,"H[5,14,23,43,46,52]|V[17,21,27,28]",5cdcbee7ead1dbd6faa1ef710cdd19802a022a43
random_restart_bs_Gyorgy-KOVACS_WH_Wide_AW_5_seed_102,random_restart_bs,Gyorgy-KOVACS_WH_Wide_AW_5,102,2,auto_from_instance,12,18,4,30,216,29,2,5,216,51,29,8,root > V:15 > BH:26 > BH:5 > BH:16 > BH:25 > BH:36 > BH:45 > BV:24,selected,0,inf,True,497,247,250,385.0,1.0,1.0,True,True,1,1,0,True,1,1,0,0,True,True,0,9,4,9,4,29,PF_LS,sampled_pool,,,False,0.13425925925925927,0.1,0.8657407407407407,0.1,adaptive,,feasible_start_adaptive_spacing,feasible_start_adaptive_spacing,True,42,11,,,,True,,,,"2,12,43","15,20,27",True,,True,,9,"H[2,5,12,16,25,26,36,43,45]|V[15,20,24,27]",416c9c0e4f9e06143d78fee04cbc7a8d1c4800ad
random_restart_bs_Gyorgy-KOVACS_WH_Wide_AW_5_seed_102,random_restart_bs,Gyorgy-KOVACS_WH_Wide_AW_5,102,2,auto_from_instance,12,18,4,30,216,29,2,5,216,52,29,8,root > V:15 > BH:26 > BH:5 > BH:14 > BH:25 > BH:36 > BH:45 > BV:24,selected,0,inf,True,497,247,250,385.0,1.0,1.0,True,True,1,1,0,True,1,1,0,0,True,True,0,9,4,9,4,29,PF_LS,sampled_pool,,,False,0.13425925925925927,0.1,0.8657407407407407,0.1,adaptive,,feasible_start_adaptive_spacing,feasible_start_adaptive_spacing,True,42,11,,,,True,,,,"2,12,43","15,20,27",True,,True,,9,"H[2,5,12,14,25,26,36,43,45]|V[15,20,24,27]",4f5b467192e7c6ce4bc3fd69bf3ce13c31bd8ba0
random_restart_bs_Gyorgy-KOVACS_WH_Wide_AW_5_seed_102,random_restart_bs,Gyorgy-KOVACS_WH_Wide_AW_5,102,2,auto_from_instance,12,18,4,30,216,30,2,6,216,53,30,8,root > V:18 > BH:26 > BH:5 > BH:14 > BH:25 > BH:36 > BH:45 > BV:29,evaluated,1,0.7357292602575621,False,557,213,344,441.0,1.0,1.0,True,True,1,1,0,True,1,1,0,0,True,True,0,9,4,9,4,30,PF_SS,sampled_pool,,,True,0.1388888888888889,0.13399719821882838,0.8611111111111112,0.1,adaptive,,feasible_start_adaptive_spacing,feasible_start_adaptive_spacing,True,42,11,,,,True,,,,"7,11,49","14,18,27",True,,True,,8,"H[5,7,11,14,25,26,36,45,49]|V[14,18,27,29]",adb10b87ca2484934e3d25903be5b527b7a6f960
random_restart_bs_Gyorgy-KOVACS_WH_Wide_AW_5_seed_102,random_restart_bs,Gyorgy-KOVACS_WH_Wide_AW_5,102,2,auto_from_instance,12,18,4,30,216,31,2,7,216,54,31,5,root > H:9 > BH:26 > BH:47 > BH:37 > BV:17,evaluated,21,0.7895818651632606,False,712,175,537,1625.0,1.0,1.0,True,True,1,1,0,True,1,1,0,0,True,True,0,5,4,5,4,31,SS_LS_PF,sampled_pool,,,True,0.14351851851851852,0.22102892287343728,0.8564814814814815,0.1,adaptive,,feasible_start_adaptive_spacing,feasible_start_adaptive_spacing,True,42,11,,,,True,,,,"5,9,26","15,28,29",True,,True,,6,"H[5,9,26,37,47]|V[15,17,28,29]",3408547fa38344fd693ad145d2ce5b3913c96a1d
random_restart_bs_Gyorgy-KOVACS_WH_Wide_AW_5_seed_102,random_restart_bs,Gyorgy-KOVACS_WH_Wide_AW_5,102,2,auto_from_instance,12,18,4,30,216,31,2,7,216,55,31,5,root > H:9 > BH:26 > BH:47 > BH:37 > BV:19,evaluated,20,0.6866073634791203,False,712,173,539,1551.0,1.0,1.0,True,True,1,1,0,True,1,1,0,0,True,True,0,5,4,5,4,31,SS_LS_PF,sampled_pool,,,True,0.14351851851851852,0.22102892287343728,0.8564814814814815,0.1,adaptive,,feasible_start_adaptive_spacing,feasible_start_adaptive_spacing,True,42,11,,,,True,,,,"5,9,26","15,28,29",True,,True,,6,"H[5,9,26,37,47]|V[15,19,28,29]",431b9fe7beb00ca5d79e318523c0e9459136c29a
random_restart_bs_Gyorgy-KOVACS_WH_Wide_AW_5_seed_102,random_restart_bs,Gyorgy-KOVACS_WH_Wide_AW_5,102,2,auto_from_instance,12,18,4,30,216,31,2,7,216,56,31,5,root > H:9 > BH:28 > BH:47 > BH:37 > BV:17,evaluated,22,0.6222619757503478,False,712,175,537,1793.0,1.0,1.0,True,True,1,1,0,True,1,1,0,0,True,True,0,6,4,6,4,31,SS_LS_PF,sampled_pool,,,True,0.14351851851851852,0.22102892287343728,0.8564814814814815,0.1,adaptive,,feasible_start_adaptive_spacing,feasible_start_adaptive_spacing,True,42,11,,,,True,,,,"5,9,26","15,28,29",True,,True,,6,"H[5,9,26,28,37,47]|V[15,17,28,29]",d8f4b22f6f198d42e7db3785f7dfd60b15b56cc9
random_restart_bs_Gyorgy-KOVACS_WH_Wide_AW_5_seed_102,random_restart_bs,Gyorgy-KOVACS_WH_Wide_AW_5,102,2,auto_from_instance,12,18,4,30,216,31,2,7,216,57,31,5,root > H:9 > BH:26 > BH:47 > BH:37 > BV:21,evaluated,20,0.5766987892265876,False,712,171,541,1493.0,1.0,1.0,True,True,1,1,0,True,1,1,0,0,True,True,0,5,4,5,4,31,SS_LS_PF,sampled_pool,,,True,0.14351851851851852,0.22102892287343728,0.8564814814814815,0.1,adaptive,,feasible_start_adaptive_spacing,feasible_start_adaptive_spacing,True,42,11,,,,True,,,,"5,9,26","15,28,29",True,,True,,6,"H[5,9,26,37,47]|V[15,21,28,29]",e66b58d0a6d8ce9b384426b630248378c81a899b
random_restart_bs_Gyorgy-KOVACS_WH_Wide_AW_5_seed_102,random_restart_bs,Gyorgy-KOVACS_WH_Wide_AW_5,102,2,auto_from_instance,12,18,4,30,216,34,2,10,216,58,34,4,root > V:27 > BH:26 > BV:17 > BV:17,selected,0,inf,True,567,256,311,311.0,1.0,1.0,True,True,1,1,0,True,1,1,0,0,True,True,0,4,4,4,4,34,RP,sampled_pool,,,False,0.1574074074074074,0.1,0.8425925925925926,0.1,adaptive,,feasible_start_adaptive_spacing,feasible_start_adaptive_spacing,True,42,11,,,,True,,,,"7,36,39","16,27,29",True,,True,,5,"H[7,26,36,39]|V[16,17,27,29]",a8708aef2b1e3127a45cd25328e7b01fe876ac67
random_restart_bs_Gyorgy-KOVACS_WH_Wide_AW_5_seed_102,random_restart_bs,Gyorgy-KOVACS_WH_Wide_AW_5,102,2,auto_from_instance,12,18,4,30,216,35,2,11,216,59,35,5,root > H:3 > BH:26 > BH:47 > BH:16 > BH:37,evaluated,6,0.545974911703812,False,647,210,437,798.0,1.0,1.0,True,True,1,1,0,True,1,1,0,0,True,True,0,6,3,6,3,35,RP,sampled_pool,,,False,0.16203703703703703,0.12097338373680576,0.837962962962963,0.1,adaptive,,feasible_start_adaptive_spacing,feasible_start_adaptive_spacing,True,42,11,,,,True,,,,"3,26,28","14,15,18",True,,True,,6,"H[3,16,26,28,37,47]|V[14,15,18]",b350d4368bcc8a7aed8eea96738220cabb7bdd86
random_restart_bs_Gyorgy-KOVACS_WH_Wide_AW_5_seed_102,random_restart_bs,Gyorgy-KOVACS_WH_Wide_AW_5,102,2,auto_from_instance,12,18,4,30,216,35,2,11,216,60,35,5,root > H:3 > BH:26 > BH:47 > BH:14 > BH:37,evaluated,6,0.0,False,647,210,437,798.0,1.0,1.0,True,True,1,1,0,True,1,1,0,0,True,True,0,6,3,6,3,35,RP,sampled_pool,,,False,0.16203703703703703,0.12097338373680576,0.837962962962963,0.1,adaptive,,feasible_start_adaptive_spacing,feasible_start_adaptive_spacing,True,42,11,,,,True,,,,"3,26,28","14,15,18",True,,True,,6,"H[3,14,26,28,37,47]|V[14,15,18]",b1c8f683043f15765616fbe31beb442426d22d2e
random_restart_bs_Gyorgy-KOVACS_WH_Wide_AW_5_seed_102,random_restart_bs,Gyorgy-KOVACS_WH_Wide_AW_5,102,2,auto_from_instance,12,18,4,30,216,35,2,11,216,61,35,5,root > H:3 > BH:28 > BH:47 > BH:16 > BH:37,evaluated,7,0.9265220074043603,False,647,210,437,840.0,1.0,1.0,True,True,1,1,0,True,1,1,0,0,True,True,0,6,3,6,3,35,RP,sampled_pool,,,False,0.16203703703703703,0.12097338373680576,0.837962962962963,0.1,adaptive,,feasible_start_adaptive_spacing,feasible_start_adaptive_spacing,True,42,11,,,,True,,,,"3,26,28","14,15,18",True,,True,,6,"H[3,16,26,28,37,47]|V[14,15,18]",79dbd2fcc7188626e4dbe33d7c57d403b786349e
random_restart_bs_Gyorgy-KOVACS_WH_Wide_AW_5_seed_102,random_restart_bs,Gyorgy-KOVACS_WH_Wide_AW_5,102,2,auto_from_instance,12,18,4,30,216,35,2,11,216,62,35,5,root > H:3 > BH:26 > BH:47 > BH:16 > BH:35,evaluated,8,0.8576381665626518,False,647,208,439,840.0,1.0,1.0,True,True,1,1,0,True,1,1,0,0,True,True,0,6,3,6,3,35,RP,sampled_pool,,,False,0.16203703703703703,0.12097338373680576,0.837962962962963,0.1,adaptive,,feasible_start_adaptive_spacing,feasible_start_adaptive_spacing,True,42,11,,,,True,,,,"3,26,28","14,15,18",True,,True,,6,"H[3,16,26,28,35,47]|V[14,15,18]",58fc0a87328fe6b5b1c9a22bb74f5da50bba2268
random_restart_bs_Gyorgy-KOVACS_WH_Wide_AW_5_seed_102,random_restart_bs,Gyorgy-KOVACS_WH_Wide_AW_5,102,2,auto_from_instance,12,18,4,30,216,36,2,12,216,63,36,5,root > H:40 > BH:17 > BV:25 > BV:25 > BH:28,evaluated,17,inf,False,717,166,551,1225.0,1.0,1.0,True,True,1,1,0,True,1,1,0,0,True,True,0,5,3,5,3,36,RP,sampled_pool,,,False,0.16666666666666666,0.151349784525846,0.8333333333333334,0.1,adaptive,,feasible_start_adaptive_spacing,feasible_start_adaptive_spacing,True,42,11,,,,True,,,,"26,40,50","16,27",True,,True,,6,"H[17,26,28,40,50]|V[16,25,27]",1e9fe8a4020958a538e70dd8bfb36a6ddbd26ea4
random_restart_bs_Gyorgy-KOVACS_WH_Wide_AW_5_seed_102,random_restart_bs,Gyorgy-KOVACS_WH_Wide_AW_5,102,2,auto_from_instance,12,18,4,30,216,36,2,12,216,64,36,5,root > H:40 > BH:17 > BV:25 > BV:23 > BH:28,evaluated,18,0.34081110705151624,False,717,166,551,1309.0,1.0,1.0,True,True,1,1,0,True,1,1,0,0,True,True,0,5,4,5,4,36,RP,sampled_pool,,,False,0.16666666666666666,0.151349784525846,0.8333333333333334,0.1,adaptive,,feasible_start_adaptive_spacing,feasible_start_adaptive_spacing,True,42,11,,,,True,,,,"26,40,50","16,27",True,,True,,6,"H[17,26,28,40,50]|V[16,23,25,27]",08fd273bcb134c66ffa4db053f7e3e80aa7e5395
random_restart_bs_Gyorgy-KOVACS_WH_Wide_AW_5_seed_102,random_restart_bs,Gyorgy-KOVACS_WH_Wide_AW_5,102,2,auto_from_instance,12,18,4,30,216,36,2,12,216,65,36,5,root > H:40 > BH:17 > BV:25 > BV:25 > BH:26,evaluated,18,0.43902082572159296,False,717,166,551,1309.0,1.0,1.0,True,True,1,1,0,True,1,1,0,0,True,True,0,4,3,4,3,36,RP,sampled_pool,,,False,0.16666666666666666,0.151349784525846,0.8333333333333334,0.1,adaptive,,feasible_start_adaptive_spacing,feasible_start_adaptive_spacing,True,42,11,,,,True,,,,"26,40,50","16,27",True,,True,,6,"H[17,26,40,50]|V[16,25,27]",569cefe0145585a6f5e47c5631e7152bcf9a766a
random_restart_bs_Gyorgy-KOVACS_WH_Wide_AW_5_seed_102,random_restart_bs,Gyorgy-KOVACS_WH_Wide_AW_5,102,2,auto_from_instance,12,18,4,30,216,36,2,12,216,66,36,5,root > H:40 > BH:17 > BV:23 > BV:25 > BH:28,evaluated,19,2.054225352112676,False,717,166,551,1337.0,1.0,1.0,True,True,1,1,0,True,1,1,0,0,True,True,0,5,4,5,4,36,RP,sampled_pool,,,False,0.16666666666666666,0.151349784525846,0.8333333333333334,0.1,adaptive,,feasible_start_adaptive_spacing,feasible_start_adaptive_spacing,True,42,11,,,,True,,,,"26,40,50","16,27",True,,True,,6,"H[17,26,28,40,50]|V[16,23,25,27]",e6d2b89895da3e9946c6ef40417298f2341f9439
random_restart_bs_Gyorgy-KOVACS_WH_Wide_AW_5_seed_102,random_restart_bs,Gyorgy-KOVACS_WH_Wide_AW_5,102,3,auto_from_instance,12,18,4,30,216,37,3,1,216,67,37,7,root > V:21 > BH:26 > BH:5 > BH:16 > BH:27 > BH:38 > BH:47,evaluated,9,0.0,False,652,180,472,763.0,1.0,1.0,True,True,1,1,0,True,1,1,0,0,True,True,0,9,3,9,3,37,SS_PF_LS,sampled_pool,,,True,0.1712962962962963,0.22414893721967394,0.8287037037037037,0.1,adaptive,,feasible_start_adaptive_spacing,feasible_start_adaptive_spacing,True,42,11,,,,True,,,,"40,44,50","14,21,29",True,,True,,8,"H[5,16,26,27,38,40,44,47,50]|V[14,21,29]",2f63addef0a564eaffadcb442913b04bcdb20a31
random_restart_bs_Gyorgy-KOVACS_WH_Wide_AW_5_seed_102,random_restart_bs,Gyorgy-KOVACS_WH_Wide_AW_5,102,3,auto_from_instance,12,18,4,30,216,37,3,1,216,68,37,7,root > V:21 > BH:26 > BH:5 > BH:16 > BH:27 > BH:36 > BH:47,evaluated,9,inf,False,652,180,472,763.0,1.0,1.0,True,True,1,1,0,True,1,1,0,0,True,True,0,9,3,9,3,37,SS_PF_LS,sampled_pool,,,True,0.1712962962962963,0.22414893721967394,0.8287037037037037,0.1,adaptive,,feasible_start_adaptive_spacing,feasible_start_adaptive_spacing,True,42,11,,,,True,,,,"40,44,50","14,21,29",True,,True,,8,"H[5,16,26,27,36,40,44,47,50]|V[14,21,29]",0f96e027200fa1a1c0edb07d21a5eb62a8ebadb2
random_restart_bs_Gyorgy-KOVACS_WH_Wide_AW_5_seed_102,random_restart_bs,Gyorgy-KOVACS_WH_Wide_AW_5,102,3,auto_from_instance,12,18,4,30,216,38,3,2,216,69,38,6,root > H:41 > BH:17 > BV:25 > BV:21 > BH:28 > BH:52,evaluated,13,inf,False,682,168,514,948.0,1.0,1.0,True,True,1,1,0,True,1,1,0,0,True,True,0,6,5,6,5,38,RP,sampled_pool,,,False,0.17592592592592593,0.17046209872015974,0.8240740740740741,0.1,adaptive,,feasible_start_adaptive_spacing,feasible_start_adaptive_spacing,True,42,11,,,,True,,,,"2,4,41","15,16,28",True,,True,,6,"H[2,4,17,28,41,52]|V[15,16,21,25,28]",96602742bd565dcfa195b2d8b9ecf3ba75bbc58e
random_restart_bs_Gyorgy-KOVACS_WH_Wide_AW_5_seed_102,random_restart_bs,Gyorgy-KOVACS_WH_Wide_AW_5,102,3,auto_from_instance,12,18,4,30,216,41,3,5,216,70,41,8,root > V:18 > BH:26 > BH:7 > BH:16 > BH:25 > BH:36 > BH:45 > BV:29,evaluated,2,3.0,False,557,213,344,584.0,1.0,1.0,True,True,1,1,0,True,1,1,0,0,True,True,0,8,4,8,4,41,PF_LS,sampled_pool,,,False,0.18981481481481483,0.1358913042545975,0.8101851851851851,0.1,adaptive,,feasible_start_adaptive_spacing,feasible_start_adaptive_spacing,True,42,11,,,,True,,,,"23,25,43","18,20,28",True,,True,,8,"H[7,16,23,25,26,36,43,45]|V[18,20,28,29]",ca6056164ee367eba08d7b33e7aaac0e0cb070b3
random_restart_bs_Gyorgy-KOVACS_WH_Wide_AW_5_seed_102,random_restart_bs,Gyorgy-KOVACS_WH_Wide_AW_5,102,3,auto_from_instance,12,18,4,30,216,42,3,6,216,71,42,7,root > V:17 > BH:26 > BH:7 > BH:16 > BH:25 > BH:36 > BH:45,evaluated,5,inf,False,572,220,352,867.0,1.0,1.0,True,True,1,1,0,True,1,1,0,0,True,True,0,7,3,7,3,42,LS,sampled_pool,,,False,0.19444444444444445,0.24241183432465285,0.8055555555555556,0.1,adaptive,,feasible_start_adaptive_spacing,feasible_start_adaptive_spacing,True,42,11,,,,True,,,,"7,16,27","14,17,19",True,,True,,8,"H[7,16,25,26,27,36,45]|V[14,17,19]",90295bddff4683947eef98c9cba63e2b098e11a6
random_restart_bs_Gyorgy-KOVACS_WH_Wide_AW_5_seed_102,random_restart_bs,Gyorgy-KOVACS_WH_Wide_AW_5,102,3,auto_from_instance,12,18,4,30,216,47,3,11,216,72,47,6,root > H:7 > BH:28 > BH:43 > BH:16 > BV:21 > BH:52,evaluated,13,1.4219973009446694,False,667,181,486,1160.0,1.0,1.0,True,True,1,1,0,True,1,1,0,0,True,True,0,7,4,7,4,47,SS_LS_PF,sampled_pool,,,True,0.2175925925925926,0.2476204691780222,0.7824074074074074,0.1,adaptive,,feasible_start_adaptive_spacing,feasible_start_adaptive_spacing,True,42,11,,,,True,,,,"7,15,51","16,17,19",True,,True,,6,"H[7,15,16,28,43,51,52]|V[16,17,19,21]",c37ed7389222811878668709bcae55b30bcd4185
random_restart_bs_Gyorgy-KOVACS_WH_Wide_AW_5_seed_102,random_restart_bs,Gyorgy-KOVACS_WH_Wide_AW_5,102,4,auto_from_instance,12,18,4,30,216,52,4,4,216,73,52,5,root > H:11 > BH:28 > BH:47 > BV:23 > BH:37,evaluated,18,inf,False,702,177,525,1376.0,1.0,1.0,True,True,1,1,0,True,1,1,0,0,True,True,0,6,4,6,4,52,SS_LS_PF,sampled_pool,,,True,0.24074074074074073,0.268140215177542,0.7592592592592593,0.1,adaptive,,feasible_start_adaptive_spacing,feasible_start_adaptive_spacing,True,42,11,,,,True,,,,"6,11,17","14,18,29",True,,True,,6,"H[6,11,17,28,37,47]|V[14,18,23,29]",59887a71fe8533db9dc59930ad4dfd657c3875c3
random_restart_bs_Gyorgy-KOVACS_WH_Wide_AW_5_seed_102,random_restart_bs,Gyorgy-KOVACS_WH_Wide_AW_5,102,4,auto_from_instance,12,18,4,30,216,52,4,4,216,74,52,5,root > H:11 > BH:28 > BH:47 > BV:21 > BH:37,evaluated,19,inf,False,702,177,525,1546.0,1.0,1.0,True,True,1,1,0,True,1,1,0,0,True,True,0,6,4,6,4,52,SS_LS_PF,sampled_pool,,,True,0.24074074074074073,0.268140215177542,0.7592592592592593,0.1,adaptive,,feasible_start_adaptive_spacing,feasible_start_adaptive_spacing,True,42,11,,,,True,,,,"6,11,17","14,18,29",True,,True,,6,"H[6,11,17,28,37,47]|V[14,18,21,29]",1d1dba8f3dbd519e7f277f75fa6838e0bc9aa981
random_restart_bs_Gyorgy-KOVACS_WH_Wide_AW_5_seed_102,random_restart_bs,Gyorgy-KOVACS_WH_Wide_AW_5,102,4,auto_from_instance,12,18,4,30,216,52,4,4,216,75,52,5,root > H:11 > BH:28 > BH:45 > BV:23 > BV:17,evaluated,26,inf,False,772,140,632,1899.0,1.0,1.0,True,True,1,1,0,True,1,1,0,0,True,True,0,5,5,5,5,52,SS_LS_PF,sampled_pool,,,True,0.24074074074074073,0.268140215177542,0.7592592592592593,0.1,adaptive,,feasible_start_adaptive_spacing,feasible_start_adaptive_spacing,True,42,11,,,,True,,,,"6,11,17","14,18,29",True,,True,,6,"H[6,11,17,28,45]|V[14,17,18,23,29]",599ea6613268f439333cdde8d3bb1a1db64998a9
random_restart_bs_Gyorgy-KOVACS_WH_Wide_AW_5_seed_102,random_restart_bs,Gyorgy-KOVACS_WH_Wide_AW_5,102,4,auto_from_instance,12,18,4,30,216,52,4,4,216,76,52,5,root > H:11 > BH:28 > BH:45 > BV:23 > BV:19,evaluated,25,inf,False,772,138,634,1848.0,1.0,1.0,True,True,1,1,0,True,1,1,0,0,True,True,0,5,5,5,5,52,SS_LS_PF,sampled_pool,,,True,0.24074074074074073,0.268140215177542,0.7592592592592593,0.1,adaptive,,feasible_start_adaptive_spacing,feasible_start_adaptive_spacing,True,42,11,,,,True,,,,"6,11,17","14,18,29",True,,True,,6,"H[6,11,17,28,45]|V[14,18,19,23,29]",471297b3a72bffc85b2859b9ec5e8345a0868061
random_restart_bs_Gyorgy-KOVACS_WH_Wide_AW_5_seed_102,random_restart_bs,Gyorgy-KOVACS_WH_Wide_AW_5,102,4,auto_from_instance,12,18,4,30,216,59,4,11,216,77,59,5,root > H:49 > BH:25 > BH:5 > BH:38 > BH:16,evaluated,3,1.6477574771936065,False,647,210,437,651.0,1.0,1.0,True,True,1,1,0,True,1,1,0,0,True,True,0,7,3,7,3,59,SS_PF_LS,sampled_pool,,,True,0.27314814814814814,0.2515724783196753,0.7268518518518519,0.1,adaptive,,feasible_start_adaptive_spacing,feasible_start_adaptive_spacing,True,42,11,,,,True,,,,"2,28,49","18,20,28",True,,True,,6,"H[2,5,16,25,28,38,49]|V[18,20,28]",2259d31997e71221d1b0aa23cec3ba6a9d49c0c4
random_restart_bs_Gyorgy-KOVACS_WH_Wide_AW_5_seed_102,random_restart_bs,Gyorgy-KOVACS_WH_Wide_AW_5,102,4,auto_from_instance,12,18,4,30,216,59,4,11,216,78,59,5,root > H:49 > BH:25 > BH:5 > BH:36 > BH:16,evaluated,3,0.0,False,647,210,437,651.0,1.0,1.0,True,True,1,1,0,True,1,1,0,0,True,True,0,7,3,7,3,59,SS_PF_LS,sampled_pool,,,True,0.27314814814814814,0.2515724783196753,0.7268518518518519,0.1,adaptive,,feasible_start_adaptive_spacing,feasible_start_adaptive_spacing,True,42,11,,,,True,,,,"2,28,49","18,20,28",True,,True,,6,"H[2,5,16,25,28,36,49]|V[18,20,28]",0ca31280436cffc838c4aa249bfff81dd1740cc5
random_restart_bs_Gyorgy-KOVACS_WH_Wide_AW_5_seed_102,random_restart_bs,Gyorgy-KOVACS_WH_Wide_AW_5,102,4,auto_from_instance,12,18,4,30,216,59,4,11,216,79,59,5,root > H:49 > BH:25 > BH:5 > BH:38 > BH:14,evaluated,3,0.0,False,647,210,437,651.0,1.0,1.0,True,True,1,1,0,True,1,1,0,0,True,True,0,7,3,7,3,59,SS_PF_LS,sampled_pool,,,True,0.27314814814814814,0.2515724783196753,0.7268518518518519,0.1,adaptive,,feasible_start_adaptive_spacing,feasible_start_adaptive_spacing,True,42,11,,,,True,,,,"2,28,49","18,20,28",True,,True,,6,"H[2,5,14,25,28,38,49]|V[18,20,28]",d21edeb9806119af3d7982a24a05d5643a33b3fa
random_restart_bs_Gyorgy-KOVACS_WH_Wide_AW_5_seed_102,random_restart_bs,Gyorgy-KOVACS_WH_Wide_AW_5,102,4,auto_from_instance,12,18,4,30,216,59,4,11,216,80,59,5,root > H:49 > BH:25 > BH:5 > BH:36 > BH:14,evaluated,3,inf,False,647,210,437,651.0,1.0,1.0,True,True,1,1,0,True,1,1,0,0,True,True,0,7,3,7,3,59,SS_PF_LS,sampled_pool,,,True,0.27314814814814814,0.2515724783196753,0.7268518518518519,0.1,adaptive,,feasible_start_adaptive_spacing,feasible_start_adaptive_spacing,True,42,11,,,,True,,,,"2,28,49","18,20,28",True,,True,,6,"H[2,5,14,25,28,36,49]|V[18,20,28]",82aaee3093fb47a7e2224d923730d3887345eb05
random_restart_bs_Gyorgy-KOVACS_WH_Wide_AW_5_seed_102,random_restart_bs,Gyorgy-KOVACS_WH_Wide_AW_5,102,4,auto_from_instance,12,18,4,30,216,60,4,12,216,81,60,8,root > V:15 > BH:26 > BH:7 > BH:16 > BH:25 > BH:36 > BH:45 > BV:24,evaluated,1,inf,False,497,247,250,567.0,1.0,1.0,True,True,1,1,0,True,1,1,0,0,True,True,0,8,4,8,4,60,PF_LS,sampled_pool,,,False,0.2777777777777778,0.2160787208723683,0.7222222222222222,0.1,adaptive,,feasible_start_adaptive_spacing,feasible_start_adaptive_spacing,True,42,11,,,,True,,,,"23,25,44","14,15,28",True,,True,,9,"H[7,16,23,25,26,36,44,45]|V[14,15,24,28]",bad25caaf4e753481b1b798360caa6634ad939f7
random_restart_bs_Gyorgy-KOVACS_WH_Wide_AW_5_seed_102,random_restart_bs,Gyorgy-KOVACS_WH_Wide_AW_5,102,5,auto_from_instance,12,18,4,30,216,62,5,2,216,82,62,6,root > H:8 > BH:27 > BH:48 > BH:38 > BH:17 > BV:19,evaluated,7,0.8819724393253805,False,612,211,401,850.0,1.0,1.0,True,True,1,1,0,True,1,1,0,0,True,True,0,7,3,7,3,62,RP_LS,sampled_pool,,,False,0.28703703703703703,0.3128017216461056,0.712962962962963,0.1,adaptive,,feasible_start_adaptive_spacing,feasible_start_adaptive_spacing,True,42,11,,,,True,,,,"8,46,49","19,27,28",True,,True,,7,"H[8,17,27,38,46,48,49]|V[19,27,28]",f60c61951cba78726ff2e8c72cfe3c510315287f
random_restart_bs_Gyorgy-KOVACS_WH_Wide_AW_5_seed_102,random_restart_bs,Gyorgy-KOVACS_WH_Wide_AW_5,102,5,auto_from_instance,12,18,4,30,216,62,5,2,216,83,62,6,root > H:8 > BH:27 > BH:48 > BH:36 > BH:17 > BV:19,evaluated,8,inf,False,612,211,401,892.0,1.0,1.0,True,True,1,1,0,True,1,1,0,0,True,True,0,7,3,7,3,62,RP_LS,sampled_pool,,,False,0.28703703703703703,0.3128017216461056,0.712962962962963,0.1,adaptive,,feasible_start_adaptive_spacing,feasible_start_adaptive_spacing,True,42,11,,,,True,,,,"8,46,49","19,27,28",True,,True,,7,"H[8,17,27,36,46,48,49]|V[19,27,28]",198bbc97f7c82b84f6c3f24ad8bef539b6562588
random_restart_bs_Gyorgy-KOVACS_WH_Wide_AW_5_seed_102,random_restart_bs,Gyorgy-KOVACS_WH_Wide_AW_5,102,5,auto_from_instance,12,18,4,30,216,62,5,2,216,84,62,6,root > H:8 > BH:27 > BH:48 > BH:38 > BH:17 > BV:17,evaluated,7,inf,False,612,213,399,901.0,1.0,1.0,True,True,1,1,0,True,1,1,0,0,True,True,0,7,4,7,4,62,RP_LS,sampled_pool,,,False,0.28703703703703703,0.3128017216461056,0.712962962962963,0.1,adaptive,,feasible_start_adaptive_spacing,feasible_start_adaptive_spacing,True,42,11,,,,True,,,,"8,46,49","19,27,28",True,,True,,7,"H[8,17,27,38,46,48,49]|V[17,19,27,28]",e16ae88e13a2c9ad26502c6670caf237ab29a188
random_restart_bs_Gyorgy-KOVACS_WH_Wide_AW_5_seed_102,random_restart_bs,Gyorgy-KOVACS_WH_Wide_AW_5,102,5,auto_from_instance,12,18,4,30,216,64,5,4,216,85,64,5,root > H:9 > BH:28 > BH:47 > BH:37 > BV:19,evaluated,22,0.13917710196779964,False,712,173,539,1719.0,1.0,1.0,True,True,1,1,0,True,1,1,0,0,True,True,0,6,4,6,4,64,SS,sampled_pool,,,True,0.2962962962962963,0.3212952073311654,0.7037037037037037,0.1,adaptive,,feasible_start_adaptive_spacing,feasible_start_adaptive_spacing,True,42,11,,,,True,,,,"6,9,45","16,17,18",True,,True,,6,"H[6,9,28,37,45,47]|V[16,17,18,19]",b02fd0cce6a9c58c5bf34ef24076229911dff23d
random_restart_bs_Gyorgy-KOVACS_WH_Wide_AW_5_seed_102,random_restart_bs,Gyorgy-KOVACS_WH_Wide_AW_5,102,5,auto_from_instance,12,18,4,30,216,64,5,4,216,86,64,5,root > H:9 > BH:28 > BH:47 > BH:37 > BV:21,evaluated,23,inf,False,712,171,541,1661.0,1.0,1.0,True,True,1,1,0,True,1,1,0,0,True,True,0,6,4,6,4,64,SS,sampled_pool,,,True,0.2962962962962963,0.3212952073311654,0.7037037037037037,0.1,adaptive,,feasible_start_adaptive_spacing,feasible_start_adaptive_spacing,True,42,11,,,,True,,,,"6,9,45","16,17,18",True,,True,,6,"H[6,9,28,37,45,47]|V[16,17,18,21]",75e08f3f61d571ba278f30e183823bace541f812
random_restart_bs_Gyorgy-KOVACS_WH_Wide_AW_5_seed_102,random_restart_bs,Gyorgy-KOVACS_WH_Wide_AW_5,102,5,auto_from_instance,12,18,4,30,216,64,5,4,216,87,64,5,root > H:9 > BH:28 > BH:47 > BH:37 > BV:25,evaluated,25,inf,False,712,167,545,1857.0,1.0,1.0,True,True,1,1,0,True,1,1,0,0,True,True,0,6,4,6,4,64,SS,sampled_pool,,,True,0.2962962962962963,0.3212952073311654,0.7037037037037037,0.1,adaptive,,feasible_start_adaptive_spacing,feasible_start_adaptive_spacing,True,42,11,,,,True,,,,"6,9,45","16,17,18",True,,True,,6,"H[6,9,28,37,45,47]|V[16,17,18,25]",1a2e3d95def56c10a55a6be54e79a806e7299ffd
random_restart_bs_Gyorgy-KOVACS_WH_Wide_AW_5_seed_102,random_restart_bs,Gyorgy-KOVACS_WH_Wide_AW_5,102,5,auto_from_instance,12,18,4,30,216,67,5,7,216,88,67,6,root > V:19 > BH:26 > BH:5 > BH:16 > BH:29 > BH:44,evaluated,13,1.5780026990553306,False,662,179,483,1074.0,1.0,1.0,True,True,1,1,0,True,1,1,0,0,True,True,0,7,3,7,3,67,RP,sampled_pool,,,False,0.3101851851851852,0.3918282368731881,0.6898148148148149,0.1,adaptive,,feasible_start_adaptive_spacing,feasible_start_adaptive_spacing,True,42,11,,,,True,,,,"16,27,36","14,16,19",True,,True,,7,"H[5,16,26,27,29,36,44]|V[14,16,19]",9611f3f642c06fb0868eb707d4be9b5328b03a30
random_restart_bs_Gyorgy-KOVACS_WH_Wide_AW_5_seed_102,random_restart_bs,Gyorgy-KOVACS_WH_Wide_AW_5,102,5,auto_from_instance,12,18,4,30,216,67,5,7,216,89,67,6,root > V:19 > BH:26 > BH:5 > BH:16 > BH:29 > BH:42,evaluated,16,inf,False,662,179,483,1324.0,1.0,1.0,True,True,1,1,0,True,1,1,0,0,True,True,0,7,3,7,3,67,RP,sampled_pool,,,False,0.3101851851851852,0.3918282368731881,0.6898148148148149,0.1,adaptive,,feasible_start_adaptive_spacing,feasible_start_adaptive_spacing,True,42,11,,,,True,,,,"16,27,36","14,16,19",True,,True,,7,"H[5,16,26,27,29,36,42]|V[14,16,19]",b1b263b53cc0e00a8016b395544d87837a0155d2
random_restart_bs_Gyorgy-KOVACS_WH_Wide_AW_5_seed_102,random_restart_bs,Gyorgy-KOVACS_WH_Wide_AW_5,102,5,auto_from_instance,12,18,4,30,216,68,5,8,216,90,68,6,root > H:45 > BH:25 > BH:5 > BH:36 > BH:16 > BV:17,evaluated,5,0.6849636406286652,False,612,215,397,838.0,1.0,1.0,True,True,1,1,0,True,1,1,0,0,True,True,0,6,4,6,4,68,SS,sampled_pool,,,True,0.3148148148148148,0.3420326242697949,0.6851851851851851,0.1,adaptive,,feasible_start_adaptive_spacing,feasible_start_adaptive_spacing,True,42,11,,,,True,,,,"5,15,45","14,15,18",True,,True,,7,"H[5,15,16,25,36,45]|V[14,15,17,18]",80928b7f91b49b7483bf405f1a756ffb458ca016
random_restart_bs_Gyorgy-KOVACS_WH_Wide_AW_5_seed_102,random_restart_bs,Gyorgy-KOVACS_WH_Wide_AW_5,102,5,auto_from_instance,12,18,4,30,216,68,5,8,216,91,68,6,root > H:45 > BH:25 > BH:5 > BH:36 > BH:14 > BV:17,evaluated,5,0.18829462819610604,False,612,215,397,838.0,1.0,1.0,True,True,1,1,0,True,1,1,0,0,True,True,0,6,4,6,4,68,SS,sampled_pool,,,True,0.3148148148148148,0.3420326242697949,0.6851851851851851,0.1,adaptive,,feasible_start_adaptive_spacing,feasible_start_adaptive_spacing,True,42,11,,,,True,,,,"5,15,45","14,15,18",True,,True,,7,"H[5,14,15,25,36,45]|V[14,15,17,18]",8728a035bc7d2e25fb60113548afdca133692f2b
random_restart_bs_Gyorgy-KOVACS_WH_Wide_AW_5_seed_102,random_restart_bs,Gyorgy-KOVACS_WH_Wide_AW_5,102,5,auto_from_instance,12,18,4,30,216,68,5,8,216,92,68,6,root > H:45 > BH:25 > BH:5 > BH:36 > BH:16 > BV:19,evaluated,5,0.2665259207131128,False,612,213,399,787.0,1.0,1.0,True,True,1,1,0,True,1,1,0,0,True,True,0,6,4,6,4,68,SS,sampled_pool,,,True,0.3148148148148148,0.3420326242697949,0.6851851851851851,0.1,adaptive,,feasible_start_adaptive_spacing,feasible_start_adaptive_spacing,True,42,11,,,,True,,,,"5,15,45","14,15,18",True,,True,,7,"H[5,15,16,25,36,45]|V[14,15,18,19]",419d431f1b5008a8837096b07021f558175463ae
random_restart_bs_Gyorgy-KOVACS_WH_Wide_AW_5_seed_102,random_restart_bs,Gyorgy-KOVACS_WH_Wide_AW_5,102,5,auto_from_instance,12,18,4,30,216,68,5,8,216,93,68,6,root > H:45 > BH:25 > BH:5 > BH:36 > BH:14 > BV:19,evaluated,5,0.37461881304245837,False,612,213,399,787.0,1.0,1.0,True,True,1,1,0,True,1,1,0,0,True,True,0,6,4,6,4,68,SS,sampled_pool,,,True,0.3148148148148148,0.3420326242697949,0.6851851851851851,0.1,adaptive,,feasible_start_adaptive_spacing,feasible_start_adaptive_spacing,True,42,11,,,,True,,,,"5,15,45","14,15,18",True,,True,,7,"H[5,14,15,25,36,45]|V[14,15,18,19]",3f49bcb71de100f5d1e8edca4211bc9294b67ce1
random_restart_bs_Gyorgy-KOVACS_WH_Wide_AW_5_seed_102,random_restart_bs,Gyorgy-KOVACS_WH_Wide_AW_5,102,5,auto_from_instance,12,18,4,30,216,70,5,10,216,94,70,6,root > H:45 > BH:23 > BH:5 > BH:36 > BH:14 > BV:17,evaluated,6,inf,False,612,213,399,880.0,1.0,1.0,True,True,1,1,0,True,1,1,0,0,True,True,0,7,4,7,4,70,SS_PF_LS,sampled_pool,,,True,0.32407407407407407,0.3528558902859079,0.6759259259259259,0.1,adaptive,,feasible_start_adaptive_spacing,feasible_start_adaptive_spacing,True,42,11,,,,True,,,,"39,45,47","18,27,29",True,,True,,7,"H[5,14,23,36,39,45,47]|V[17,18,27,29]",6aaaac4f4db306266a1c4c6252aafb0a957fa804
random_restart_bs_Gyorgy-KOVACS_WH_Wide_AW_5_seed_102,random_restart_bs,Gyorgy-KOVACS_WH_Wide_AW_5,102,5,auto_from_instance,12,18,4,30,216,70,5,10,216,95,70,6,root > H:45 > BH:23 > BH:5 > BH:36 > BH:14 > BV:19,evaluated,6,0.42819388625015226,False,612,211,401,829.0,1.0,1.0,True,True,1,1,0,True,1,1,0,0,True,True,0,7,4,7,4,70,SS_PF_LS,sampled_pool,,,True,0.32407407407407407,0.3528558902859079,0.6759259259259259,0.1,adaptive,,feasible_start_adaptive_spacing,feasible_start_adaptive_spacing,True,42,11,,,,True,,,,"39,45,47","18,27,29",True,,True,,7,"H[5,14,23,36,39,45,47]|V[18,19,27,29]",cbdb2b70cd091c26a564ebcdafa10d415691975d
random_restart_bs_Gyorgy-KOVACS_WH_Wide_AW_5_seed_102,random_restart_bs,Gyorgy-KOVACS_WH_Wide_AW_5,102,5,auto_from_instance,12,18,4,30,216,70,5,10,216,96,70,6,root > H:45 > BH:23 > BH:5 > BH:36 > BH:14 > BV:25,evaluated,10,inf,False,612,206,406,936.0,1.0,1.0,True,True,1,1,0,True,1,1,0,0,True,True,0,7,4,7,4,70,SS_PF_LS,sampled_pool,,,True,0.32407407407407407,0.3528558902859079,0.6759259259259259,0.1,adaptive,,feasible_start_adaptive_spacing,feasible_start_adaptive_spacing,True,42,11,,,,True,,,,"39,45,47","18,27,29",True,,True,,7,"H[5,14,23,36,39,45,47]|V[18,25,27,29]",3eb153e231ddf1c18f9055088b14a93470230094
random_restart_bs_Gyorgy-KOVACS_WH_Wide_AW_5_seed_102,random_restart_bs,Gyorgy-KOVACS_WH_Wide_AW_5,102,5,auto_from_instance,12,18,4,30,216,70,5,10,216,97,70,6,root > H:45 > BH:23 > BH:5 > BH:36 > BH:14 > BV:23,evaluated,11,inf,False,612,204,408,976.0,1.0,1.0,True,True,1,1,0,True,1,1,0,0,True,True,0,7,4,7,4,70,SS_PF_LS,sampled_pool,,,True,0.32407407407407407,0.3528558902859079,0.6759259259259259,0.1,adaptive,,feasible_start_adaptive_spacing,feasible_start_adaptive_spacing,True,42,11,,,,True,,,,"39,45,47","18,27,29",True,,True,,7,"H[5,14,23,36,39,45,47]|V[18,23,27,29]",56a1d56587655fcd1313941a02d016800395a80a
random_restart_bs_Gyorgy-KOVACS_WH_Wide_AW_5_seed_102,random_restart_bs,Gyorgy-KOVACS_WH_Wide_AW_5,102,5,auto_from_instance,12,18,4,30,216,72,5,12,216,98,72,7,root > V:21 > BH:26 > BH:5 > BH:14 > BH:27 > BH:38 > BH:47,evaluated,10,inf,False,652,180,472,779.0,1.0,1.0,True,True,1,1,0,True,1,1,0,0,True,True,0,8,3,8,3,72,PF_RP,sampled_pool,,,False,0.3333333333333333,0.42922782670843657,0.6666666666666667,0.1,adaptive,,feasible_start_adaptive_spacing,feasible_start_adaptive_spacing,True,42,11,,,,True,,,,"24,38,51","21,27,29",True,,True,,8,"H[5,14,24,26,27,38,47,51]|V[21,27,29]",6571975b75356a5abbc0148ff415e1e41e98252a
random_restart_bs_Gyorgy-KOVACS_WH_Wide_AW_5_seed_102,random_restart_bs,Gyorgy-KOVACS_WH_Wide_AW_5,102,5,auto_from_instance,12,18,4,30,216,72,5,12,216,99,72,7,root > V:21 > BH:26 > BH:5 > BH:14 > BH:27 > BH:36 > BH:47,evaluated,10,inf,False,652,180,472,779.0,1.0,1.0,True,True,1,1,0,True,1,1,0,0,True,True,0,9,3,9,3,72,PF_RP,sampled_pool,,,False,0.3333333333333333,0.42922782670843657,0.6666666666666667,0.1,adaptive,,feasible_start_adaptive_spacing,feasible_start_adaptive_spacing,True,42,11,,,,True,,,,"24,38,51","21,27,29",True,,True,,8,"H[5,14,24,26,27,36,38,47,51]|V[21,27,29]",7fe0a40c905a1e1db7529fac1c24ec9689fa56fb
random_restart_bs_Gyorgy-KOVACS_WH_Wide_AW_5_seed_102,random_restart_bs,Gyorgy-KOVACS_WH_Wide_AW_5,102,6,auto_from_instance,12,18,4,30,216,77,6,5,216,100,77,5,root > H:10 > BH:29 > BH:48 > BV:21 > BH:38,evaluated,21,0.7233967582804792,False,707,172,535,1572.0,1.0,1.0,True,True,1,1,0,True,1,1,0,0,True,True,0,6,4,6,4,77,SS,sampled_pool,,,True,0.35648148148148145,0.40344768239989004,0.6435185185185186,0.1,adaptive,,feasible_start_adaptive_spacing,feasible_start_adaptive_spacing,True,42,11,,,,True,,,,"2,10,51","27,28,29",True,,True,,6,"H[2,10,29,38,48,51]|V[21,27,28,29]",81719124cf245be045d73d7efc672e91b2ecf744
random_restart_bs_Gyorgy-KOVACS_WH_Wide_AW_5_seed_102,random_restart_bs,Gyorgy-KOVACS_WH_Wide_AW_5,102,6,auto_from_instance,12,18,4,30,216,77,6,5,216,101,77,5,root > H:10 > BH:29 > BH:48 > BV:19 > BH:38,evaluated,22,0.36620950109322203,False,707,173,534,1726.0,1.0,1.0,True,True,1,1,0,True,1,1,0,0,True,True,0,6,4,6,4,77,SS,sampled_pool,,,True,0.35648148148148145,0.40344768239989004,0.6435185185185186,0.1,adaptive,,feasible_start_adaptive_spacing,feasible_start_adaptive_spacing,True,42,11,,,,True,,,,"2,10,51","27,28,29",True,,True,,6,"H[2,10,29,38,48,51]|V[19,27,28,29]",f427a67fb3bbc0c2e8a4c7b06e28548d979a3e81
random_restart_bs_Gyorgy-KOVACS_WH_Wide_AW_5_seed_102,random_restart_bs,Gyorgy-KOVACS_WH_Wide_AW_5,102,7,auto_from_instance,12,18,4,30,216,87,7,3,216,102,87,6,root > V:21 > BH:26 > BH:47 > BH:35 > BH:23 > BH:11,evaluated,18,1.2493240774570697,False,692,164,528,1293.0,1.0,1.0,True,True,1,1,0,True,1,1,0,0,True,True,0,8,3,8,3,87,RP,sampled_pool,,,False,0.4027777777777778,0.34901293561293545,0.5972222222222222,0.1,adaptive,,feasible_start_adaptive_spacing,feasible_start_adaptive_spacing,True,42,11,,,,True,,,,"13,28,40","20,21,27",True,,True,,7,"H[11,13,23,26,28,35,40,47]|V[20,21,27]",aefb6def61337c0811fe5b11c3859df6b4d263cc
random_restart_bs_Gyorgy-KOVACS_WH_Wide_AW_5_seed_102,random_restart_bs,Gyorgy-KOVACS_WH_Wide_AW_5,102,7,auto_from_instance,12,18,4,30,216,92,7,8,216,103,92,7,root > V:19 > BH:26 > BH:5 > BH:14 > BH:25 > BH:36 > BH:45,evaluated,8,inf,False,612,200,412,754.0,1.0,1.0,True,True,1,1,0,True,1,1,0,0,True,True,0,9,3,9,3,92,PF_RP,sampled_pool,,,False,0.42592592592592593,0.3841274451982791,0.5740740740740741,0.1,adaptive,,feasible_start_adaptive_spacing,feasible_start_adaptive_spacing,True,42,11,,,,True,,,,"2,7,41","14,19,27",True,,True,,8,"H[2,5,7,14,25,26,36,41,45]|V[14,19,27]",e3a802ef145afaa17bc3eca719e3ef8051b94b10
random_restart_bs_Gyorgy-KOVACS_WH_Wide_AW_5_seed_102,random_restart_bs,Gyorgy-KOVACS_WH_Wide_AW_5,102,8,auto_from_instance,12,18,4,30,216,101,8,5,216,104,101,5,root > H:47 > BH:25 > BH:5 > BH:36 > BH:16,evaluated,6,0.0,False,647,210,437,798.0,1.0,1.0,True,True,1,1,0,True,1,1,0,0,True,True,0,7,3,7,3,101,RP,sampled_pool,,,False,0.4675925925925926,0.44972207947475207,0.5324074074074074,0.1,adaptive,,feasible_start_adaptive_spacing,feasible_start_adaptive_spacing,True,42,11,,,,True,,,,"4,47,49","20,27,28",True,,True,,6,"H[4,5,16,25,36,47,49]|V[20,27,28]",599e95468a41e6b2c728019b0fddcaea9f75f40b
random_restart_bs_Gyorgy-KOVACS_WH_Wide_AW_5_seed_102,random_restart_bs,Gyorgy-KOVACS_WH_Wide_AW_5,102,8,auto_from_instance,12,18,4,30,216,101,8,5,216,105,101,5,root > H:47 > BH:25 > BH:5 > BH:36 > BH:14,evaluated,6,inf,False,647,210,437,798.0,1.0,1.0,True,True,1,1,0,True,1,1,0,0,True,True,0,7,3,7,3,101,RP,sampled_pool,,,False,0.4675925925925926,0.44972207947475207,0.5324074074074074,0.1,adaptive,,feasible_start_adaptive_spacing,feasible_start_adaptive_spacing,True,42,11,,,,True,,,,"4,47,49","20,27,28",True,,True,,6,"H[4,5,14,25,36,47,49]|V[20,27,28]",f30cf70f0de13a9ccfb1a3088595c1623cfba2df
random_restart_bs_Gyorgy-KOVACS_WH_Wide_AW_5_seed_102,random_restart_bs,Gyorgy-KOVACS_WH_Wide_AW_5,102,8,auto_from_instance,12,18,4,30,216,101,8,5,216,106,101,5,root > H:47 > BH:25 > BH:5 > BH:38 > BH:16,evaluated,7,0.0,False,647,210,437,840.0,1.0,1.0,True,True,1,1,0,True,1,1,0,0,True,True,0,7,3,7,3,101,RP,sampled_pool,,,False,0.4675925925925926,0.44972207947475207,0.5324074074074074,0.1,adaptive,,feasible_start_adaptive_spacing,feasible_start_adaptive_spacing,True,42,11,,,,True,,,,"4,47,49","20,27,28",True,,True,,6,"H[4,5,16,25,38,47,49]|V[20,27,28]",a4bf75f598a2c27746db201ed72bc1885e1583a7
random_restart_bs_Gyorgy-KOVACS_WH_Wide_AW_5_seed_102,random_restart_bs,Gyorgy-KOVACS_WH_Wide_AW_5,102,8,auto_from_instance,12,18,4,30,216,101,8,5,216,107,101,5,root > H:47 > BH:25 > BH:5 > BH:38 > BH:14,evaluated,7,0.2573220896750309,False,647,210,437,840.0,1.0,1.0,True,True,1,1,0,True,1,1,0,0,True,True,0,7,3,7,3,101,RP,sampled_pool,,,False,0.4675925925925926,0.44972207947475207,0.5324074074074074,0.1,adaptive,,feasible_start_adaptive_spacing,feasible_start_adaptive_spacing,True,42,11,,,,True,,,,"4,47,49","20,27,28",True,,True,,6,"H[4,5,14,25,38,47,49]|V[20,27,28]",560e421e303f7dbe01d8bded9e9f4d9bd4b6ae45
random_restart_bs_Gyorgy-KOVACS_WH_Wide_AW_5_seed_102,random_restart_bs,Gyorgy-KOVACS_WH_Wide_AW_5,102,8,auto_from_instance,12,18,4,30,216,103,8,7,216,108,103,5,root > H:42 > BH:23 > BH:5 > BV:23 > BH:14,evaluated,19,2.11924882629108,False,702,175,527,1397.0,1.0,1.0,True,True,1,1,0,True,1,1,0,0,True,True,0,6,4,6,4,103,SS_PF_LS,sampled_pool,,,True,0.47685185185185186,0.47747947156501686,0.5231481481481481,0.1,adaptive,,feasible_start_adaptive_spacing,feasible_start_adaptive_spacing,True,42,11,,,,True,,,,"2,42,49","14,17,20",True,,True,,6,"H[2,5,14,23,42,49]|V[14,17,20,23]",5b96128e7d574fb26d62d43bca0c67a8119eea27
random_restart_bs_Gyorgy-KOVACS_WH_Wide_AW_5_seed_102,random_restart_bs,Gyorgy-KOVACS_WH_Wide_AW_5,102,8,auto_from_instance,12,18,4,30,216,103,8,7,216,109,103,5,root > H:42 > BH:23 > BH:5 > BV:21 > BH:14,evaluated,20,inf,False,702,175,527,1567.0,1.0,1.0,True,True,1,1,0,True,1,1,0,0,True,True,0,6,4,6,4,103,SS_PF_LS,sampled_pool,,,True,0.47685185185185186,0.47747947156501686,0.5231481481481481,0.1,adaptive,,feasible_start_adaptive_spacing,feasible_start_adaptive_spacing,True,42,11,,,,True,,,,"2,42,49","14,17,20",True,,True,,6,"H[2,5,14,23,42,49]|V[14,17,20,21]",4aab0df3c2036429d2eeac2c72b958b318a738f9
random_restart_bs_Gyorgy-KOVACS_WH_Wide_AW_5_seed_102,random_restart_bs,Gyorgy-KOVACS_WH_Wide_AW_5,102,9,auto_from_instance,12,18,4,30,216,114,9,6,216,110,114,6,root > H:43 > BH:17 > BV:25 > BH:28 > BV:21 > BH:52,evaluated,14,inf,False,692,164,528,1053.0,1.0,1.0,True,True,1,1,0,True,1,1,0,0,True,True,0,6,5,6,5,114,RP_LS,sampled_pool,,,False,0.5277777777777778,0.589102945169133,0.4722222222222222,0.1,adaptive,,feasible_start_adaptive_spacing,feasible_start_adaptive_spacing,True,42,11,,,,True,,,,"10,43,49","15,16,17",True,,True,,6,"H[10,17,28,43,49,52]|V[15,16,17,21,25]",6074d04a00665b0ebf60206a36bd3df236a3b11a
random_restart_bs_Gyorgy-KOVACS_WH_Wide_AW_5_seed_102,random_restart_bs,Gyorgy-KOVACS_WH_Wide_AW_5,102,9,auto_from_instance,12,18,4,30,216,114,9,6,216,111,114,6,root > H:43 > BH:17 > BV:23 > BH:28 > BV:21 > BH:52,evaluated,15,inf,False,692,164,528,1165.0,1.0,1.0,True,True,1,1,0,True,1,1,0,0,True,True,0,6,5,6,5,114,RP_LS,sampled_pool,,,False,0.5277777777777778,0.589102945169133,0.4722222222222222,0.1,adaptive,,feasible_start_adaptive_spacing,feasible_start_adaptive_spacing,True,42,11,,,,True,,,,"10,43,49","15,16,17",True,,True,,6,"H[10,17,28,43,49,52]|V[15,16,17,21,23]",71b88c59e72d154249f1d16b856d579ebaed1d4c
random_restart_bs_Gyorgy-KOVACS_WH_Wide_AW_5_seed_102,random_restart_bs,Gyorgy-KOVACS_WH_Wide_AW_5,102,9,auto_from_instance,12,18,4,30,216,114,9,6,216,112,114,6,root > H:43 > BH:17 > BV:25 > BH:26 > BV:21 > BH:52,evaluated,16,inf,False,692,164,528,1179.0,1.0,1.0,True,True,1,1,0,True,1,1,0,0,True,True,0,6,5,6,5,114,RP_LS,sampled_pool,,,False,0.5277777777777778,0.589102945169133,0.4722222222222222,0.1,adaptive,,feasible_start_adaptive_spacing,feasible_start_adaptive_spacing,True,42,11,,,,True,,,,"10,43,49","15,16,17",True,,True,,6,"H[10,17,26,43,49,52]|V[15,16,17,21,25]",1406171b11c4d9c338c39962c3747bac3bef6148
random_restart_bs_Gyorgy-KOVACS_WH_Wide_AW_5_seed_102,random_restart_bs,Gyorgy-KOVACS_WH_Wide_AW_5,102,9,auto_from_instance,12,18,4,30,216,117,9,9,216,113,117,5,root > H:14 > BH:37 > BV:25 > BV:25 > BH:27,evaluated,16,0.635423197492163,False,717,168,549,1225.0,1.0,1.0,True,True,1,1,0,True,1,1,0,0,True,True,0,5,4,5,4,117,SS_LS_PF,sampled_pool,,,True,0.5416666666666666,0.48959156440705526,0.45833333333333337,0.1,adaptive,,feasible_start_adaptive_spacing,feasible_start_adaptive_spacing,True,42,11,,,,True,,,,"14,23,45","14,17,18",True,,True,,6,"H[14,23,27,37,45]|V[14,17,18,25]",afe886326d4751ad49ab26d1d46274a0c4fd625a
random_restart_bs_Gyorgy-KOVACS_WH_Wide_AW_5_seed_102,random_restart_bs,Gyorgy-KOVACS_WH_Wide_AW_5,102,9,auto_from_instance,12,18,4,30,216,117,9,9,216,114,117,5,root > H:14 > BH:37 > BV:25 > BV:25 > BH:25,evaluated,16,inf,False,717,168,549,1225.0,1.0,1.0,True,True,1,1,0,True,1,1,0,0,True,True,0,5,4,5,4,117,SS_LS_PF,sampled_pool,,,True,0.5416666666666666,0.48959156440705526,0.45833333333333337,0.1,adaptive,,feasible_start_adaptive_spacing,feasible_start_adaptive_spacing,True,42,11,,,,True,,,,"14,23,45","14,17,18",True,,True,,6,"H[14,23,25,37,45]|V[14,17,18,25]",68543fe424a3c5e9c649d01a634c606277c3b89e
random_restart_bs_Gyorgy-KOVACS_WH_Wide_AW_5_seed_102,random_restart_bs,Gyorgy-KOVACS_WH_Wide_AW_5,102,9,auto_from_instance,12,18,4,30,216,117,9,9,216,115,117,5,root > H:14 > BH:37 > BV:25 > BV:23 > BH:27,evaluated,18,0.36339057362075267,False,717,168,549,1316.0,1.0,1.0,True,True,1,1,0,True,1,1,0,0,True,True,0,5,5,5,5,117,SS_LS_PF,sampled_pool,,,True,0.5416666666666666,0.48959156440705526,0.45833333333333337,0.1,adaptive,,feasible_start_adaptive_spacing,feasible_start_adaptive_spacing,True,42,11,,,,True,,,,"14,23,45","14,17,18",True,,True,,6,"H[14,23,27,37,45]|V[14,17,18,23,25]",a48f0cfdbf96c217f3fead8d6ed8cab477c93503
random_restart_bs_Gyorgy-KOVACS_WH_Wide_AW_5_seed_102,random_restart_bs,Gyorgy-KOVACS_WH_Wide_AW_5,102,9,auto_from_instance,12,18,4,30,216,117,9,9,216,116,117,5,root > H:14 > BH:37 > BV:25 > BV:23 > BH:25,evaluated,18,0.7147241505297772,False,717,168,549,1316.0,1.0,1.0,True,True,1,1,0,True,1,1,0,0,True,True,0,5,5,5,5,117,SS_LS_PF,sampled_pool,,,True,0.5416666666666666,0.48959156440705526,0.45833333333333337,0.1,adaptive,,feasible_start_adaptive_spacing,feasible_start_adaptive_spacing,True,42,11,,,,True,,,,"14,23,45","14,17,18",True,,True,,6,"H[14,23,25,37,45]|V[14,17,18,23,25]",765e9db3cf72ce63cd9b39a0cadfc29a330f17c2
random_restart_bs_Gyorgy-KOVACS_WH_Wide_AW_5_seed_102,random_restart_bs,Gyorgy-KOVACS_WH_Wide_AW_5,102,9,auto_from_instance,12,18,4,30,216,120,9,12,216,117,120,7,root > V:19 > BH:26 > BH:7 > BH:16 > BH:25 > BH:36 > BH:47,evaluated,7,inf,False,612,200,412,714.0,1.0,1.0,True,True,1,1,0,True,1,1,0,0,True,True,0,8,3,8,3,120,PF,sampled_pool,,,False,0.5555555555555556,0.610067888393596,0.4444444444444444,0.1,adaptive,,feasible_start_adaptive_spacing,feasible_start_adaptive_spacing,True,42,11,,,,True,,,,"23,26,28","19,21,28",True,,True,,8,"H[7,16,23,25,26,28,36,47]|V[19,21,28]",2ba52e7e126777fbaec8ebaebd6fa4ae9f76a172
random_restart_bs_Gyorgy-KOVACS_WH_Wide_AW_5_seed_102,random_restart_bs,Gyorgy-KOVACS_WH_Wide_AW_5,102,9,auto_from_instance,12,18,4,30,216,120,9,12,216,118,120,7,root > V:19 > BH:26 > BH:7 > BH:16 > BH:25 > BH:36 > BH:45,evaluated,9,1.1543478260869566,False,612,200,412,884.0,1.0,1.0,True,True,1,1,0,True,1,1,0,0,True,True,0,8,3,8,3,120,PF,sampled_pool,,,False,0.5555555555555556,0.610067888393596,0.4444444444444444,0.1,adaptive,,feasible_start_adaptive_spacing,feasible_start_adaptive_spacing,True,42,11,,,,True,,,,"23,26,28","19,21,28",True,,True,,8,"H[7,16,23,25,26,28,36,45]|V[19,21,28]",c420dfec7e4e910184e7d9c9fe291d756d79ae6e
random_restart_bs_Gyorgy-KOVACS_WH_Wide_AW_5_seed_102,random_restart_bs,Gyorgy-KOVACS_WH_Wide_AW_5,102,10,auto_from_instance,12,18,4,30,216,121,10,1,216,119,121,5,root > H:7 > BH:28 > BH:41 > BV:23 > BH:16,evaluated,15,inf,False,697,180,517,1375.0,1.0,1.0,True,True,1,1,0,True,1,1,0,0,True,True,0,6,4,6,4,121,SS_LS_PF,sampled_pool,,,True,0.5601851851851852,0.4613242429821478,0.43981481481481477,0.1,adaptive,,feasible_start_adaptive_spacing,feasible_start_adaptive_spacing,True,42,11,,,,True,,,,"2,7,23","15,16,18",True,,True,,6,"H[2,7,16,23,28,41]|V[15,16,18,23]",aa388abc0a320558eb7356a89a46ab0a3b3cd29a
random_restart_bs_Gyorgy-KOVACS_WH_Wide_AW_5_seed_102,random_restart_bs,Gyorgy-KOVACS_WH_Wide_AW_5,102,10,auto_from_instance,12,18,4,30,216,121,10,1,216,120,121,5,root > H:7 > BH:28 > BH:45 > BV:19 > BH:16,evaluated,23,1.796989147417761,False,717,171,546,1648.0,1.0,1.0,True,True,1,1,0,True,1,1,0,0,True,True,0,6,4,6,4,121,SS_LS_PF,sampled_pool,,,True,0.5601851851851852,0.4613242429821478,0.43981481481481477,0.1,adaptive,,feasible_start_adaptive_spacing,feasible_start_adaptive_spacing,True,42,11,,,,True,,,,"2,7,23","15,16,18",True,,True,,6,"H[2,7,16,23,28,45]|V[15,16,18,19]",db050e7b829272b432c75a32ce4644cf069fa7e9
random_restart_bs_Gyorgy-KOVACS_WH_Wide_AW_5_seed_102,random_restart_bs,Gyorgy-KOVACS_WH_Wide_AW_5,102,10,auto_from_instance,12,18,4,30,216,121,10,1,216,121,121,5,root > H:7 > BH:28 > BH:45 > BV:17 > BH:16,evaluated,22,0.6411449016100179,False,717,173,544,1699.0,1.0,1.0,True,True,1,1,0,True,1,1,0,0,True,True,0,6,4,6,4,121,SS_LS_PF,sampled_pool,,,True,0.5601851851851852,0.4613242429821478,0.43981481481481477,0.1,adaptive,,feasible_start_adaptive_spacing,feasible_start_adaptive_spacing,True,42,11,,,,True,,,,"2,7,23","15,16,18",True,,True,,6,"H[2,7,16,23,28,45]|V[15,16,17,18]",a66d48382f391693773812ff1d775de0dfbc220e
random_restart_bs_Gyorgy-KOVACS_WH_Wide_AW_5_seed_102,random_restart_bs,Gyorgy-KOVACS_WH_Wide_AW_5,102,10,auto_from_instance,12,18,4,30,216,122,10,2,216,122,122,5,root > H:10 > BH:35 > BV:25 > BH:23 > BV:21,evaluated,22,0.7429536871397336,False,727,158,569,1478.0,1.0,1.0,True,True,1,1,0,True,1,1,0,0,True,True,0,5,5,5,5,122,SS_LS_PF,sampled_pool,,,True,0.5648148148148148,0.5401149090468144,0.43518518518518523,0.1,adaptive,,feasible_start_adaptive_spacing,feasible_start_adaptive_spacing,True,42,11,,,,True,,,,"10,13,28","15,19,20",True,,True,,6,"H[10,13,23,28,35]|V[15,19,20,21,25]",2a696fc782a363b46eb57fdec721328a9c2f8dee
random_restart_bs_Gyorgy-KOVACS_WH_Wide_AW_5_seed_102,random_restart_bs,Gyorgy-KOVACS_WH_Wide_AW_5,102,10,auto_from_instance,12,18,4,30,216,122,10,2,216,123,122,5,root > H:10 > BH:35 > BV:25 > BV:21 > BH:25,evaluated,22,0.8886503677201352,False,727,160,567,1520.0,1.0,1.0,True,True,1,1,0,True,1,1,0,0,True,True,0,5,5,5,5,122,SS_LS_PF,sampled_pool,,,True,0.5648148148148148,0.5401149090468144,0.43518518518518523,0.1,adaptive,,feasible_start_adaptive_spacing,feasible_start_adaptive_spacing,True,42,11,,,,True,,,,"10,13,28","15,19,20",True,,True,,6,"H[10,13,25,28,35]|V[15,19,20,21,25]",07c54a7aeaf0587248dde9da1b3622cea7547887
random_restart_bs_Gyorgy-KOVACS_WH_Wide_AW_5_seed_102,random_restart_bs,Gyorgy-KOVACS_WH_Wide_AW_5,102,10,auto_from_instance,12,18,4,30,216,122,10,2,216,124,122,5,root > H:10 > BH:35 > BV:23 > BH:23 > BV:21,evaluated,23,0.8527300367383135,False,727,158,569,1597.0,1.0,1.0,True,True,1,1,0,True,1,1,0,0,True,True,0,5,5,5,5,122,SS_LS_PF,sampled_pool,,,True,0.5648148148148148,0.5401149090468144,0.43518518518518523,0.1,adaptive,,feasible_start_adaptive_spacing,feasible_start_adaptive_spacing,True,42,11,,,,True,,,,"10,13,28","15,19,20",True,,True,,6,"H[10,13,23,28,35]|V[15,19,20,21,23]",a934f91f90b8a8d7fa6a044ce76614d4e77b839a
random_restart_bs_Gyorgy-KOVACS_WH_Wide_AW_5_seed_102,random_restart_bs,Gyorgy-KOVACS_WH_Wide_AW_5,102,10,auto_from_instance,12,18,4,30,216,122,10,2,216,125,122,5,root > H:10 > BH:35 > BV:25 > BH:23 > BV:19,evaluated,23,1.7898948524133271,False,727,159,568,1632.0,1.0,1.0,True,True,1,1,0,True,1,1,0,0,True,True,0,5,4,5,4,122,SS_LS_PF,sampled_pool,,,True,0.5648148148148148,0.5401149090468144,0.43518518518518523,0.1,adaptive,,feasible_start_adaptive_spacing,feasible_start_adaptive_spacing,True,42,11,,,,True,,,,"10,13,28","15,19,20",True,,True,,6,"H[10,13,23,28,35]|V[15,19,20,25]",ef4deb257bebde4a877dffc9182dd5d8e4d24155
random_restart_bs_Gyorgy-KOVACS_WH_Wide_AW_5_seed_102,random_restart_bs,Gyorgy-KOVACS_WH_Wide_AW_5,102,10,auto_from_instance,12,18,4,30,216,130,10,10,216,126,130,5,root > H:44 > BH:23 > BH:5 > BV:21 > BH:14,evaluated,24,3.0,False,712,169,543,1724.0,1.0,1.0,True,True,1,1,0,True,1,1,0,0,True,True,0,5,3,5,3,130,SS,sampled_pool,,,True,0.6018518518518519,0.6493997705016168,0.39814814814814814,0.1,adaptive,,feasible_start_adaptive_spacing,feasible_start_adaptive_spacing,True,42,11,,,,True,,,,"23,42,44","28,29",True,,True,,6,"H[5,14,23,42,44]|V[21,28,29]",2c0b497135c66ed4eb3a69d2572a90ba29b57899
random_restart_bs_Gyorgy-KOVACS_WH_Wide_AW_5_seed_102,random_restart_bs,Gyorgy-KOVACS_WH_Wide_AW_5,102,10,auto_from_instance,12,18,4,30,216,130,10,10,216,127,130,5,root > H:44 > BH:23 > BH:5 > BV:19 > BH:14,evaluated,24,inf,False,712,171,541,1782.0,1.0,1.0,True,True,1,1,0,True,1,1,0,0,True,True,0,5,3,5,3,130,SS,sampled_pool,,,True,0.6018518518518519,0.6493997705016168,0.39814814814814814,0.1,adaptive,,feasible_start_adaptive_spacing,feasible_start_adaptive_spacing,True,42,11,,,,True,,,,"23,42,44","28,29",True,,True,,6,"H[5,14,23,42,44]|V[19,28,29]",4efd6b52f3c903176c1e9121630f80fefa96cec9
random_restart_bs_Gyorgy-KOVACS_WH_Wide_AW_5_seed_102,random_restart_bs,Gyorgy-KOVACS_WH_Wide_AW_5,102,11,auto_from_instance,12,18,4,30,216,137,11,5,216,128,137,5,root > H:11 > BH:28 > BH:45 > BV:23 > BV:25,evaluated,27,inf,False,772,133,639,1955.0,1.0,1.0,True,True,1,1,0,True,1,1,0,0,True,True,0,5,5,5,5,137,SS_PF_LS,sampled_pool,,,True,0.6342592592592593,0.5714499861533676,0.3657407407407407,0.1,adaptive,,feasible_start_adaptive_spacing,feasible_start_adaptive_spacing,True,42,11,,,,True,,,,"7,11,14","14,17,19",True,,True,,6,"H[7,11,14,28,45]|V[14,17,19,23,25]",0d1d1b847dff3072f0535c11bf92d11212bfec3d
random_restart_bs_Gyorgy-KOVACS_WH_Wide_AW_5_seed_102,random_restart_bs,Gyorgy-KOVACS_WH_Wide_AW_5,102,11,auto_from_instance,12,18,4,30,216,138,11,6,216,129,138,8,root > V:20 > BH:26 > BH:7 > BH:16 > BH:25 > BH:36 > BH:45 > BV:29,evaluated,6,0.8280720984045793,False,597,195,402,754.0,1.0,1.0,True,True,1,1,0,True,1,1,0,0,True,True,0,8,4,8,4,138,LS_PF,sampled_pool,,,False,0.6388888888888888,0.7011278689131821,0.36111111111111116,0.1,adaptive,,feasible_start_adaptive_spacing,feasible_start_adaptive_spacing,True,42,11,,,,True,,,,"24,27,45","20,21,28",True,,True,,8,"H[7,16,24,25,26,27,36,45]|V[20,21,28,29]",7da59a0e951c5befa8348f4d9bbc5d5fb9531b28
random_restart_bs_Gyorgy-KOVACS_WH_Wide_AW_5_seed_102,random_restart_bs,Gyorgy-KOVACS_WH_Wide_AW_5,102,11,auto_from_instance,12,18,4,30,216,143,11,11,216,130,143,5,root > H:38 > BH:13 > BV:25 > BV:25 > BH:26,evaluated,19,inf,False,727,162,565,1262.0,1.0,1.0,True,True,1,1,0,True,1,1,0,0,True,True,0,5,4,5,4,143,RP,sampled_pool,,,False,0.6620370370370371,0.6233233061865577,0.3379629629629629,0.1,adaptive,,feasible_start_adaptive_spacing,feasible_start_adaptive_spacing,True,42,11,,,,True,,,,"2,27,38","16,17,27",True,,True,,6,"H[2,13,26,27,38]|V[16,17,25,27]",9defe12d74509891915e4bdebd6a12ae30507c3b
random_restart_bs_Gyorgy-KOVACS_WH_Wide_AW_5_seed_102,random_restart_bs,Gyorgy-KOVACS_WH_Wide_AW_5,102,11,auto_from_instance,12,18,4,30,216,143,11,11,216,131,143,5,root > H:38 > BH:13 > BV:25 > BV:25 > BH:28,evaluated,20,inf,False,727,162,565,1304.0,1.0,1.0,True,True,1,1,0,True,1,1,0,0,True,True,0,5,4,5,4,143,RP,sampled_pool,,,False,0.6620370370370371,0.6233233061865577,0.3379629629629629,0.1,adaptive,,feasible_start_adaptive_spacing,feasible_start_adaptive_spacing,True,42,11,,,,True,,,,"2,27,38","16,17,27",True,,True,,6,"H[2,13,27,28,38]|V[16,17,25,27]",e7a53237b0e702a276b0f2c3994baf98976fe371
random_restart_bs_Gyorgy-KOVACS_WH_Wide_AW_5_seed_102,random_restart_bs,Gyorgy-KOVACS_WH_Wide_AW_5,102,11,auto_from_instance,12,18,4,30,216,143,11,11,216,132,143,5,root > H:38 > BH:13 > BV:25 > BV:25 > BH:24,evaluated,20,inf,False,727,162,565,1304.0,1.0,1.0,True,True,1,1,0,True,1,1,0,0,True,True,0,5,4,5,4,143,RP,sampled_pool,,,False,0.6620370370370371,0.6233233061865577,0.3379629629629629,0.1,adaptive,,feasible_start_adaptive_spacing,feasible_start_adaptive_spacing,True,42,11,,,,True,,,,"2,27,38","16,17,27",True,,True,,6,"H[2,13,24,27,38]|V[16,17,25,27]",79066e0974a982854d4d33c21116a91d12acdbf5
random_restart_bs_Gyorgy-KOVACS_WH_Wide_AW_5_seed_102,random_restart_bs,Gyorgy-KOVACS_WH_Wide_AW_5,102,11,auto_from_instance,12,18,4,30,216,143,11,11,216,133,143,5,root > H:38 > BH:13 > BV:25 > BV:23 > BH:26,evaluated,21,0.6664904862579282,False,727,162,565,1346.0,1.0,1.0,True,True,1,1,0,True,1,1,0,0,True,True,0,5,5,5,5,143,RP,sampled_pool,,,False,0.6620370370370371,0.6233233061865577,0.3379629629629629,0.1,adaptive,,feasible_start_adaptive_spacing,feasible_start_adaptive_spacing,True,42,11,,,,True,,,,"2,27,38","16,17,27",True,,True,,6,"H[2,13,26,27,38]|V[16,17,23,25,27]",380be2ed36b16993dbde4b3bcd84854615e4797d
random_restart_bs_Gyorgy-KOVACS_WH_Wide_AW_5_seed_102,random_restart_bs,Gyorgy-KOVACS_WH_Wide_AW_5,102,12,auto_from_instance,12,18,4,30,216,155,12,11,216,134,155,5,root > H:6 > BH:29 > BH:48 > BH:17 > BH:38,evaluated,10,1.7511363636363635,False,647,206,441,903.0,1.0,1.0,True,True,1,1,0,True,1,1,0,0,True,True,0,7,3,7,3,155,RP_LS,sampled_pool,,,False,0.7175925925925926,0.73146773442341,0.28240740740740744,0.1,adaptive,,feasible_start_adaptive_spacing,feasible_start_adaptive_spacing,True,42,11,,,,True,,,,"6,25,27","15,20,27",True,,True,,6,"H[6,17,25,27,29,38,48]|V[15,20,27]",420d597e25eff33e926c4192d550569e505ecee4
random_restart_bs_Gyorgy-KOVACS_WH_Wide_AW_5_seed_102,random_restart_bs,Gyorgy-KOVACS_WH_Wide_AW_5,102,12,auto_from_instance,12,18,4,30,216,155,12,11,216,135,155,5,root > H:6 > BH:29 > BH:48 > BH:15 > BH:38,evaluated,11,1.3386352996254682,False,647,208,439,987.0,1.0,1.0,True,True,1,1,0,True,1,1,0,0,True,True,0,7,3,7,3,155,RP_LS,sampled_pool,,,False,0.7175925925925926,0.73146773442341,0.28240740740740744,0.1,adaptive,,feasible_start_adaptive_spacing,feasible_start_adaptive_spacing,True,42,11,,,,True,,,,"6,25,27","15,20,27",True,,True,,6,"H[6,15,25,27,29,38,48]|V[15,20,27]",8e439aa83e36c04902a397a3b048e1e9bbeebd8f
random_restart_bs_Gyorgy-KOVACS_WH_Wide_AW_5_seed_102,random_restart_bs,Gyorgy-KOVACS_WH_Wide_AW_5,102,13,auto_from_instance,12,18,4,30,216,166,13,10,216,136,166,5,root > H:41 > BH:15 > BV:25 > BV:23 > BH:28,evaluated,21,inf,False,732,159,573,1305.0,1.0,1.0,True,True,1,1,0,True,1,1,0,0,True,True,0,5,5,5,5,166,SS_PF_LS,sampled_pool,,,True,0.7685185185185185,0.7019553635531338,0.2314814814814815,0.1,adaptive,,feasible_start_adaptive_spacing,feasible_start_adaptive_spacing,True,42,11,,,,True,,,,"29,38,41","14,17,19",True,,True,,6,"H[15,28,29,38,41]|V[14,17,19,23,25]",39a8adca49725034be5fcfd1317dd4283e58c3a2
random_restart_bs_Gyorgy-KOVACS_WH_Wide_AW_5_seed_102,random_restart_bs,Gyorgy-KOVACS_WH_Wide_AW_5,102,13,auto_from_instance,12,18,4,30,216,166,13,10,216,137,166,5,root > H:41 > BH:15 > BV:25 > BV:23 > BH:26,evaluated,22,inf,False,732,159,573,1347.0,1.0,1.0,True,True,1,1,0,True,1,1,0,0,True,True,0,5,5,5,5,166,SS_PF_LS,sampled_pool,,,True,0.7685185185185185,0.7019553635531338,0.2314814814814815,0.1,adaptive,,feasible_start_adaptive_spacing,feasible_start_adaptive_spacing,True,42,11,,,,True,,,,"29,38,41","14,17,19",True,,True,,6,"H[15,26,29,38,41]|V[14,17,19,23,25]",820f03dae3986b439a92725360e53dacfce4a919
random_restart_bs_Gyorgy-KOVACS_WH_Wide_AW_5_seed_102,random_restart_bs,Gyorgy-KOVACS_WH_Wide_AW_5,102,13,auto_from_instance,12,18,4,30,216,166,13,10,216,138,166,5,root > H:41 > BH:17 > BV:25 > BV:23 > BH:28,evaluated,19,0.8807511737089202,False,722,163,559,1268.0,1.0,1.0,True,True,1,1,0,True,1,1,0,0,True,True,0,5,5,5,5,166,SS_PF_LS,sampled_pool,,,True,0.7685185185185185,0.7019553635531338,0.2314814814814815,0.1,adaptive,,feasible_start_adaptive_spacing,feasible_start_adaptive_spacing,True,42,11,,,,True,,,,"29,38,41","14,17,19",True,,True,,6,"H[17,28,29,38,41]|V[14,17,19,23,25]",aa9b4da50428baf8836f388bcdfb575fdb70d0cb
random_restart_bs_Gyorgy-KOVACS_WH_Wide_AW_5_seed_102,random_restart_bs,Gyorgy-KOVACS_WH_Wide_AW_5,102,13,auto_from_instance,12,18,4,30,216,166,13,10,216,139,166,5,root > H:41 > BH:17 > BV:25 > BV:23 > BH:26,evaluated,21,1.3777895231383603,False,722,163,559,1352.0,1.0,1.0,True,True,1,1,0,True,1,1,0,0,True,True,0,5,5,5,5,166,SS_PF_LS,sampled_pool,,,True,0.7685185185185185,0.7019553635531338,0.2314814814814815,0.1,adaptive,,feasible_start_adaptive_spacing,feasible_start_adaptive_spacing,True,42,11,,,,True,,,,"29,38,41","14,17,19",True,,True,,6,"H[17,26,29,38,41]|V[14,17,19,23,25]",f7da50c7c250c7dec380f0094b75a59caf361503
random_restart_bs_Gyorgy-KOVACS_WH_Wide_AW_5_seed_102,random_restart_bs,Gyorgy-KOVACS_WH_Wide_AW_5,102,13,auto_from_instance,12,18,4,30,216,167,13,11,216,140,167,5,root > H:48 > BH:23 > BH:5 > BH:36 > BH:14,evaluated,7,inf,False,647,208,439,798.0,1.0,1.0,True,True,1,1,0,True,1,1,0,0,True,True,0,7,3,7,3,167,RP,sampled_pool,,,False,0.7731481481481481,0.7998644728178358,0.22685185185185186,0.1,adaptive,,feasible_start_adaptive_spacing,feasible_start_adaptive_spacing,True,42,11,,,,True,,,,"4,25,48","15,16,27",True,,True,,6,"H[4,5,14,23,25,36,48]|V[15,16,27]",a74940ca9d41c406fb1f372201cf40fb7d74bb9e
random_restart_bs_Gyorgy-KOVACS_WH_Wide_AW_5_seed_102,random_restart_bs,Gyorgy-KOVACS_WH_Wide_AW_5,102,13,auto_from_instance,12,18,4,30,216,167,13,11,216,141,167,5,root > H:48 > BH:23 > BH:5 > BH:38 > BH:14,evaluated,8,inf,False,647,208,439,840.0,1.0,1.0,True,True,1,1,0,True,1,1,0,0,True,True,0,7,3,7,3,167,RP,sampled_pool,,,False,0.7731481481481481,0.7998644728178358,0.22685185185185186,0.1,adaptive,,feasible_start_adaptive_spacing,feasible_start_adaptive_spacing,True,42,11,,,,True,,,,"4,25,48","15,16,27",True,,True,,6,"H[4,5,14,23,25,38,48]|V[15,16,27]",fc0480608b9782de86a797aafc719be3c540a5c1
random_restart_bs_Gyorgy-KOVACS_WH_Wide_AW_5_seed_102,random_restart_bs,Gyorgy-KOVACS_WH_Wide_AW_5,102,13,auto_from_instance,12,18,4,30,216,168,13,12,216,142,168,5,root > H:9 > BH:26 > BH:47 > BV:21 > BH:35,evaluated,21,1.5671834625322998,False,712,169,543,1535.0,1.0,1.0,True,True,1,1,0,True,1,1,0,0,True,True,0,5,4,5,4,168,SS,sampled_pool,,,True,0.7777777777777778,0.7730300120600525,0.2222222222222222,0.1,adaptive,,feasible_start_adaptive_spacing,feasible_start_adaptive_spacing,True,42,11,,,,True,,,,"9,26,50","14,15,20",True,,True,,6,"H[9,26,35,47,50]|V[14,15,20,21]",3570979a774a09c04c9308faf80645ae46dac40e
random_restart_bs_Gyorgy-KOVACS_WH_Wide_AW_5_seed_102,random_restart_bs,Gyorgy-KOVACS_WH_Wide_AW_5,102,13,auto_from_instance,12,18,4,30,216,168,13,12,216,143,168,5,root > H:9 > BH:26 > BH:47 > BV:19 > BH:35,evaluated,22,0.8692705227588948,False,712,171,541,1593.0,1.0,1.0,True,True,1,1,0,True,1,1,0,0,True,True,0,5,4,5,4,168,SS,sampled_pool,,,True,0.7777777777777778,0.7730300120600525,0.2222222222222222,0.1,adaptive,,feasible_start_adaptive_spacing,feasible_start_adaptive_spacing,True,42,11,,,,True,,,,"9,26,50","14,15,20",True,,True,,6,"H[9,26,35,47,50]|V[14,15,19,20]",3f164f0d86691f840438954c9bd0cc65a75bc43e
random_restart_bs_Gyorgy-KOVACS_WH_Wide_AW_5_seed_102,random_restart_bs,Gyorgy-KOVACS_WH_Wide_AW_5,102,14,auto_from_instance,12,18,4,30,216,169,14,1,216,144,169,5,root > H:5 > BH:26 > BH:47 > BH:37 > BH:16,evaluated,8,1.360065182719645,False,647,210,437,861.0,1.0,1.0,True,True,1,1,0,True,1,1,0,0,True,True,0,7,3,7,3,169,SS,sampled_pool,,,True,0.7824074074074074,0.9388132831186496,0.21759259259259256,0.1,adaptive,,feasible_start_adaptive_spacing,feasible_start_adaptive_spacing,True,42,11,,,,True,,,,"1,5,51","14,20,27",True,,True,,6,"H[1,5,16,26,37,47,51]|V[14,20,27]",6258e18016d0dd430aa91fb00430124de2151bc1
random_restart_bs_Gyorgy-KOVACS_WH_Wide_AW_5_seed_102,random_restart_bs,Gyorgy-KOVACS_WH_Wide_AW_5,102,14,auto_from_instance,12,18,4,30,216,169,14,1,216,145,169,5,root > H:5 > BH:28 > BH:47 > BH:16 > BH:37,evaluated,9,inf,False,647,210,437,903.0,1.0,1.0,True,True,1,1,0,True,1,1,0,0,True,True,0,7,3,7,3,169,SS,sampled_pool,,,True,0.7824074074074074,0.9388132831186496,0.21759259259259256,0.1,adaptive,,feasible_start_adaptive_spacing,feasible_start_adaptive_spacing,True,42,11,,,,True,,,,"1,5,51","14,20,27",True,,True,,6,"H[1,5,16,28,37,47,51]|V[14,20,27]",cbb12ae9bfe2c1e90668e57e4b7a75d2f09604e9
random_restart_bs_Gyorgy-KOVACS_WH_Wide_AW_5_seed_102,random_restart_bs,Gyorgy-KOVACS_WH_Wide_AW_5,102,14,auto_from_instance,12,18,4,30,216,169,14,1,216,146,169,5,root > H:5 > BH:26 > BH:47 > BH:37 > BH:14,evaluated,9,inf,False,647,210,437,903.0,1.0,1.0,True,True,1,1,0,True,1,1,0,0,True,True,0,7,3,7,3,169,SS,sampled_pool,,,True,0.7824074074074074,0.9388132831186496,0.21759259259259256,0.1,adaptive,,feasible_start_adaptive_spacing,feasible_start_adaptive_spacing,True,42,11,,,,True,,,,"1,5,51","14,20,27",True,,True,,6,"H[1,5,14,26,37,47,51]|V[14,20,27]",737ed4203a00a83f50423defde04f87c5ef86c16
random_restart_bs_Gyorgy-KOVACS_WH_Wide_AW_5_seed_102,random_restart_bs,Gyorgy-KOVACS_WH_Wide_AW_5,102,14,auto_from_instance,12,18,4,30,216,169,14,1,216,147,169,5,root > H:5 > BH:28 > BH:47 > BH:14 > BH:37,evaluated,10,inf,False,647,210,437,987.0,1.0,1.0,True,True,1,1,0,True,1,1,0,0,True,True,0,7,3,7,3,169,SS,sampled_pool,,,True,0.7824074074074074,0.9388132831186496,0.21759259259259256,0.1,adaptive,,feasible_start_adaptive_spacing,feasible_start_adaptive_spacing,True,42,11,,,,True,,,,"1,5,51","14,20,27",True,,True,,6,"H[1,5,14,28,37,47,51]|V[14,20,27]",2a3c92a114ba9c1f0a14c4b5d5485596d257bc5c
random_restart_bs_Gyorgy-KOVACS_WH_Wide_AW_5_seed_102,random_restart_bs,Gyorgy-KOVACS_WH_Wide_AW_5,102,14,auto_from_instance,12,18,4,30,216,177,14,9,216,148,177,5,root > H:49 > BH:23 > BH:5 > BH:36 > BH:14,evaluated,4,inf,False,647,208,439,693.0,1.0,1.0,True,True,1,1,0,True,1,1,0,0,True,True,0,7,3,7,3,177,SS_LS_PF,sampled_pool,,,True,0.8194444444444444,0.8311923644871915,0.18055555555555558,0.1,adaptive,,feasible_start_adaptive_spacing,feasible_start_adaptive_spacing,True,42,11,,,,True,,,,"1,29,49","17,20,28",True,,True,,6,"H[1,5,14,23,29,36,49]|V[17,20,28]",c60b75b47786eb8fcf59bb0f5b48a758fcbe8a52
random_restart_bs_Gyorgy-KOVACS_WH_Wide_AW_5_seed_102,random_restart_bs,Gyorgy-KOVACS_WH_Wide_AW_5,102,14,auto_from_instance,12,18,4,30,216,177,14,9,216,149,177,5,root > H:49 > BH:23 > BH:5 > BH:38 > BH:14,evaluated,5,inf,False,647,208,439,735.0,1.0,1.0,True,True,1,1,0,True,1,1,0,0,True,True,0,7,3,7,3,177,SS_LS_PF,sampled_pool,,,True,0.8194444444444444,0.8311923644871915,0.18055555555555558,0.1,adaptive,,feasible_start_adaptive_spacing,feasible_start_adaptive_spacing,True,42,11,,,,True,,,,"1,29,49","17,20,28",True,,True,,6,"H[1,5,14,23,29,38,49]|V[17,20,28]",de7dad415c6d9cbf8b910f9bb4f3c7c0edad5658
random_restart_bs_Gyorgy-KOVACS_WH_Wide_AW_5_seed_102,random_restart_bs,Gyorgy-KOVACS_WH_Wide_AW_5,102,14,auto_from_instance,12,18,4,30,216,180,14,12,216,150,180,6,root > H:41 > BH:23 > BH:5 > BV:21 > BH:52 > BH:14,evaluated,12,inf,False,657,183,474,1118.0,1.0,1.0,True,True,1,1,0,True,1,1,0,0,True,True,0,7,4,7,4,180,SS_PF_LS,sampled_pool,,,True,0.8333333333333334,0.8607889679630427,0.16666666666666663,0.1,adaptive,,feasible_start_adaptive_spacing,feasible_start_adaptive_spacing,True,42,11,,,,True,,,,"15,37,41","14,15,28",True,,True,,6,"H[5,14,15,23,37,41,52]|V[14,15,21,28]",242c45d043b16d8add699d0681d921061b521d8d
random_restart_bs_Gyorgy-KOVACS_WH_Wide_AW_5_seed_102,random_restart_bs,Gyorgy-KOVACS_WH_Wide_AW_5,102,15,auto_from_instance,12,18,4,30,216,191,15,11,216,151,191,5,root > H:5 > BH:28 > BH:41 > BV:23 > BH:16,evaluated,13,inf,False,697,180,517,1102.0,1.0,1.0,True,True,1,1,0,True,1,1,0,0,True,True,0,6,4,6,4,191,SS,sampled_pool,,,True,0.8842592592592593,0.831313189828542,0.1157407407407407,0.1,adaptive,,feasible_start_adaptive_spacing,feasible_start_adaptive_spacing,True,42,11,,,,True,,,,"5,23,25","16,17,18",True,,True,,6,"H[5,16,23,25,28,41]|V[16,17,18,23]",bd61c8e78a56c5187e1b5fadf4a90d16bea3529e
random_restart_bs_Gyorgy-KOVACS_WH_Wide_AW_5_seed_102,random_restart_bs,Gyorgy-KOVACS_WH_Wide_AW_5,102,15,auto_from_instance,12,18,4,30,216,191,15,11,216,152,191,5,root > H:5 > BH:28 > BH:45 > BV:19 > BH:16,evaluated,18,1.782243332115455,False,717,171,546,1375.0,1.0,1.0,True,True,1,1,0,True,1,1,0,0,True,True,0,6,4,6,4,191,SS,sampled_pool,,,True,0.8842592592592593,0.831313189828542,0.1157407407407407,0.1,adaptive,,feasible_start_adaptive_spacing,feasible_start_adaptive_spacing,True,42,11,,,,True,,,,"5,23,25","16,17,18",True,,True,,6,"H[5,16,23,25,28,45]|V[16,17,18,19]",62cfccfb6f2eceba77412c1f234854f9ea0397ad
random_restart_bs_Gyorgy-KOVACS_WH_Wide_AW_5_seed_102,random_restart_bs,Gyorgy-KOVACS_WH_Wide_AW_5,102,15,auto_from_instance,12,18,4,30,216,191,15,11,216,153,191,5,root > H:5 > BH:28 > BH:41 > BV:23 > BH:14,evaluated,14,inf,False,697,180,517,1186.0,1.0,1.0,True,True,1,1,0,True,1,1,0,0,True,True,0,6,4,6,4,191,SS,sampled_pool,,,True,0.8842592592592593,0.831313189828542,0.1157407407407407,0.1,adaptive,,feasible_start_adaptive_spacing,feasible_start_adaptive_spacing,True,42,11,,,,True,,,,"5,23,25","16,17,18",True,,True,,6,"H[5,14,23,25,28,41]|V[16,17,18,23]",abb78afe5a349da88c93b917cd055cbabc4df47c
random_restart_bs_Gyorgy-KOVACS_WH_Wide_AW_5_seed_102,random_restart_bs,Gyorgy-KOVACS_WH_Wide_AW_5,102,15,auto_from_instance,12,18,4,30,216,191,15,11,216,154,191,5,root > H:5 > BH:28 > BH:45 > BV:19 > BH:14,evaluated,20,1.4239189523103533,False,717,171,546,1459.0,1.0,1.0,True,True,1,1,0,True,1,1,0,0,True,True,0,6,4,6,4,191,SS,sampled_pool,,,True,0.8842592592592593,0.831313189828542,0.1157407407407407,0.1,adaptive,,feasible_start_adaptive_spacing,feasible_start_adaptive_spacing,True,42,11,,,,True,,,,"5,23,25","16,17,18",True,,True,,6,"H[5,14,23,25,28,45]|V[16,17,18,19]",a7fb4e391dffa1be8093e43a306c993246d103d4
random_restart_bs_Gyorgy-KOVACS_WH_Wide_AW_5_seed_102,random_restart_bs,Gyorgy-KOVACS_WH_Wide_AW_5,102,16,auto_from_instance,12,18,4,30,216,196,16,4,216,155,196,8,root > V:16 > BH:26 > BH:5 > BH:16 > BH:27 > BH:36 > BH:45 > BV:25,selected,0,inf,True,517,238,279,368.0,1.0,1.0,True,True,1,1,0,True,1,1,0,0,True,True,0,9,4,9,4,196,PF_SS,sampled_pool,,,True,0.9074074074074074,0.9054823993534319,0.1,0.1,adaptive,,feasible_start_adaptive_spacing,feasible_start_adaptive_spacing,True,42,11,,,,True,,,,"35,43,44","16,17,27",True,,True,,9,"H[5,16,26,27,35,36,43,44,45]|V[16,17,25,27]",015ee1c8318bbe65f9d75b3878c91b9d7be2a076
random_restart_bs_Gyorgy-KOVACS_WH_Wide_AW_5_seed_102,random_restart_bs,Gyorgy-KOVACS_WH_Wide_AW_5,102,16,auto_from_instance,12,18,4,30,216,196,16,4,216,156,196,8,root > V:16 > BH:26 > BH:5 > BH:16 > BH:27 > BH:36 > BH:45 > BV:29,evaluated,2,inf,False,517,225,292,586.0,1.0,1.0,True,True,1,1,0,True,1,1,0,0,True,True,0,9,4,9,4,196,PF_SS,sampled_pool,,,True,0.9074074074074074,0.9054823993534319,0.1,0.1,adaptive,,feasible_start_adaptive_spacing,feasible_start_adaptive_spacing,True,42,11,,,,True,,,,"35,43,44","16,17,27",True,,True,,8,"H[5,16,26,27,35,36,43,44,45]|V[16,17,27,29]",ed71c8d546062d956359fd31a02e14699e745412
random_restart_bs_Gyorgy-KOVACS_WH_Wide_AW_5_seed_102,random_restart_bs,Gyorgy-KOVACS_WH_Wide_AW_5,102,16,auto_from_instance,12,18,4,30,216,199,16,7,216,157,199,5,root > H:10 > BH:29 > BH:52 > BH:42 > BV:21,evaluated,22,0.6012919896640827,False,707,151,556,1551.0,1.0,1.0,True,True,1,1,0,True,1,1,0,0,True,True,0,6,4,6,4,199,RP_LS,sampled_pool,,,False,0.9212962962962963,1.0,0.1,0.1,adaptive,,feasible_start_adaptive_spacing,feasible_start_adaptive_spacing,True,42,11,,,,True,,,,"6,10,26","15,20,28",True,,True,,5,"H[6,10,26,29,42,52]|V[15,20,21,28]",fc6ef9b4b0004c62ce5453b00f239f140c647a88
random_restart_bs_Gyorgy-KOVACS_WH_Wide_AW_5_seed_102,random_restart_bs,Gyorgy-KOVACS_WH_Wide_AW_5,102,16,auto_from_instance,12,18,4,30,216,199,16,7,216,158,199,5,root > H:10 > BH:29 > BH:52 > BH:40 > BV:21,evaluated,22,inf,False,707,151,556,1551.0,1.0,1.0,True,True,1,1,0,True,1,1,0,0,True,True,0,6,4,6,4,199,RP_LS,sampled_pool,,,False,0.9212962962962963,1.0,0.1,0.1,adaptive,,feasible_start_adaptive_spacing,feasible_start_adaptive_spacing,True,42,11,,,,True,,,,"6,10,26","15,20,28",True,,True,,5,"H[6,10,26,29,40,52]|V[15,20,21,28]",e9ea0f50a8a70041111c9fca8fccec189f0a1212
random_restart_bs_Gyorgy-KOVACS_WH_Wide_AW_5_seed_102,random_restart_bs,Gyorgy-KOVACS_WH_Wide_AW_5,102,16,auto_from_instance,12,18,4,30,216,199,16,7,216,159,199,5,root > H:10 > BH:29 > BH:52 > BH:42 > BV:19,evaluated,24,inf,False,707,152,555,1705.0,1.0,1.0,True,True,1,1,0,True,1,1,0,0,True,True,0,6,4,6,4,199,RP_LS,sampled_pool,,,False,0.9212962962962963,1.0,0.1,0.1,adaptive,,feasible_start_adaptive_spacing,feasible_start_adaptive_spacing,True,42,11,,,,True,,,,"6,10,26","15,20,28",True,,True,,5,"H[6,10,26,29,42,52]|V[15,19,20,28]",27b9ab69fb75452be5847df6ff7d6b7f46198c29
random_restart_bs_Gyorgy-KOVACS_WH_Wide_AW_5_seed_102,random_restart_bs,Gyorgy-KOVACS_WH_Wide_AW_5,102,16,auto_from_instance,12,18,4,30,216,201,16,9,216,160,201,5,root > H:35 > BH:11 > BV:25 > BV:23 > BH:24,evaluated,18,inf,False,722,163,559,1261.0,1.0,1.0,True,True,1,1,0,True,1,1,0,0,True,True,0,4,5,4,5,201,SS_PF_LS,sampled_pool,,,True,0.9305555555555556,0.9570512381196099,0.1,0.1,adaptive,,feasible_start_adaptive_spacing,feasible_start_adaptive_spacing,True,42,11,,,,True,,,,"24,35,52","17,18,28",True,,True,,6,"H[11,24,35,52]|V[17,18,23,25,28]",be1331167a29d424f5905a77bdd7bdac3f46e37c
random_restart_bs_Gyorgy-KOVACS_WH_Wide_AW_5_seed_102,random_restart_bs,Gyorgy-KOVACS_WH_Wide_AW_5,102,16,auto_from_instance,12,18,4,30,216,201,16,9,216,161,201,5,root > H:35 > BH:11 > BV:25 > BV:23 > BH:26,evaluated,20,1.536619718309859,False,722,163,559,1345.0,1.0,1.0,True,True,1,1,0,True,1,1,0,0,True,True,0,5,5,5,5,201,SS_PF_LS,sampled_pool,,,True,0.9305555555555556,0.9570512381196099,0.1,0.1,adaptive,,feasible_start_adaptive_spacing,feasible_start_adaptive_spacing,True,42,11,,,,True,,,,"24,35,52","17,18,28",True,,True,,6,"H[11,24,26,35,52]|V[17,18,23,25,28]",5d2070c81ed9e31f01876708086356a014b7ad96
random_restart_bs_Gyorgy-KOVACS_WH_Wide_AW_5_seed_102,random_restart_bs,Gyorgy-KOVACS_WH_Wide_AW_5,102,16,auto_from_instance,12,18,4,30,216,201,16,9,216,162,201,5,root > H:35 > BH:9 > BV:25 > BH:24 > BV:21,evaluated,23,inf,False,732,157,575,1462.0,1.0,1.0,True,True,1,1,0,True,1,1,0,0,True,True,0,4,5,4,5,201,SS_PF_LS,sampled_pool,,,True,0.9305555555555556,0.9570512381196099,0.1,0.1,adaptive,,feasible_start_adaptive_spacing,feasible_start_adaptive_spacing,True,42,11,,,,True,,,,"24,35,52","17,18,28",True,,True,,6,"H[9,24,35,52]|V[17,18,21,25,28]",7042dd0e7b77b9f6d3237db9f5a7189c81feef39
random_restart_bs_Gyorgy-KOVACS_WH_Wide_AW_5_seed_102,random_restart_bs,Gyorgy-KOVACS_WH_Wide_AW_5,102,16,auto_from_instance,12,18,4,30,216,201,16,9,216,163,201,5,root > H:35 > BH:9 > BV:25 > BH:24 > BV:19,evaluated,23,0.9262911194628606,False,732,159,573,1520.0,1.0,1.0,True,True,1,1,0,True,1,1,0,0,True,True,0,4,5,4,5,201,SS_PF_LS,sampled_pool,,,True,0.9305555555555556,0.9570512381196099,0.1,0.1,adaptive,,feasible_start_adaptive_spacing,feasible_start_adaptive_spacing,True,42,11,,,,True,,,,"24,35,52","17,18,28",True,,True,,6,"H[9,24,35,52]|V[17,18,19,25,28]",afba5b1092aad6f213369959af9f0605e54dd9e1
random_restart_bs_Gyorgy-KOVACS_WH_Wide_AW_5_seed_102,random_restart_bs,Gyorgy-KOVACS_WH_Wide_AW_5,102,17,auto_from_instance,12,18,4,30,216,206,17,2,216,164,206,8,root > V:18 > BH:26 > BH:45 > BH:29 > BH:17 > BH:5 > BV:29 > BV:29,evaluated,5,inf,False,557,190,367,573.0,1.0,1.0,True,True,1,1,0,True,1,1,0,0,True,True,0,7,4,7,4,206,SS_PF_LS,sampled_pool,,,True,0.9537037037037037,0.9113477965757463,0.1,0.1,adaptive,,feasible_start_adaptive_spacing,feasible_start_adaptive_spacing,True,42,11,,,,True,,,,"2,24,29","16,17,18",True,,True,,7,"H[2,5,17,24,26,29,45]|V[16,17,18,29]",a2830d44d81f538e54fc504e71da0eed691f10db
random_restart_bs_Gyorgy-KOVACS_WH_Wide_AW_5_seed_102,random_restart_bs,Gyorgy-KOVACS_WH_Wide_AW_5,102,17,auto_from_instance,12,18,4,30,216,206,17,2,216,165,206,8,root > V:18 > BH:26 > BH:45 > BH:29 > BH:15 > BH:5 > BV:29 > BV:29,evaluated,5,0.5193525686136523,False,557,191,366,595.0,1.0,1.0,True,True,1,1,0,True,1,1,0,0,True,True,0,7,4,7,4,206,SS_PF_LS,sampled_pool,,,True,0.9537037037037037,0.9113477965757463,0.1,0.1,adaptive,,feasible_start_adaptive_spacing,feasible_start_adaptive_spacing,True,42,11,,,,True,,,,"2,24,29","16,17,18",True,,True,,7,"H[2,5,15,24,26,29,45]|V[16,17,18,29]",34573d806677daad351149311414d33be783b325
random_restart_bs_Gyorgy-KOVACS_WH_Wide_AW_5_seed_102,random_restart_bs,Gyorgy-KOVACS_WH_Wide_AW_5,102,17,auto_from_instance,12,18,4,30,216,206,17,2,216,166,206,8,root > V:18 > BH:26 > BH:45 > BH:29 > BH:17 > BH:7 > BV:29 > BV:29,evaluated,6,inf,False,557,190,367,694.0,1.0,1.0,True,True,1,1,0,True,1,1,0,0,True,True,0,7,4,7,4,206,SS_PF_LS,sampled_pool,,,True,0.9537037037037037,0.9113477965757463,0.1,0.1,adaptive,,feasible_start_adaptive_spacing,feasible_start_adaptive_spacing,True,42,11,,,,True,,,,"2,24,29","16,17,18",True,,True,,7,"H[2,7,17,24,26,29,45]|V[16,17,18,29]",9eddd3f47eb076ea6343b4b9f273e94b21ad4e4d
