run_id,method,instance,seed,generation,budget_policy,auto_population_size,auto_generations,auto_beam_width,auto_max_depth,auto_decode_budget,restart_index,batch_index,within_batch_index,decode_budget,candidate_id,parent_chromosome_id,depth,trace,status,rank,crowding_distance,selected,storage_total,pick_faces,interior_storage,retrieval_penalty,door_connectivity_index,access_anchor_connectivity_index,has_door_connected_aisle,has_access_anchor_connected_aisle,aisle_components,anchor_connected_components,unanchored_aisle_components,single_aisle_component,access_network_components,aisle_access_network_components,unreachable_aisle_components,unreachable_aisle_cells,has_access_anchor_reachable_aisle_network,exact_width_ok,exact_width_violation_count,chromosome_h_active_count,chromosome_v_active_count,active_h_count,active_v_count,chromosome_index,sorting_rule,sorting_rule_mode,bs_rule_policy,bs_weight_policy,uses_scalar_score,rho,beam_w1,beam_w2,beam_lambda,adaptive_weight_mode,mutation_operator,initialization_mode,initialization_spacing_mode,adaptive_spacing_used,feasible_h_start_count,feasible_v_start_count,adaptive_spacing_mode,adaptive_spacing_alpha,adaptive_spacing_bf,auto_params_used,parameter_source,beta_h,beta_v,h_active_starts,v_active_starts,terminal,safety_max_depth_reached,feasible,feasibility_reason,storage_block_count,chromosome_signature,layout_signature
proposed_nsga2_bs_Gyorgy-KOVACS_WH_Narrow_AW_4_seed_118,proposed_nsga2_bs,Gyorgy-KOVACS_WH_Narrow_AW_4,118,0,auto_from_instance,12,18,4,30,216,,,,,1,1,8,root > V:17 > BH:27 > BH:5 > BH:15 > BH:25 > BH:37 > BH:47 > BV:27,selected,2,1.7475,True,648,237,411,490.0,1.0,1.0,True,True,1,1,0,True,1,1,0,0,True,True,0,9,2,9,2,1,LS_RP,sampled_pool,,,False,0.05555555555555555,0.5,0.5,0.1,fixed,,feasible_start_adaptive_spacing,feasible_start_adaptive_spacing,True,45,14,feasible_start_adaptive_spacing,0.5,,True,auto_from_instance,0.75,0.35,"9,35,52",17,,,,,,"H[5,9,15,25,27,35,37,47,52]|V[17,27]",3ab80a1d8e68880e815ad780c83cfc2449e7f93f
proposed_nsga2_bs_Gyorgy-KOVACS_WH_Narrow_AW_4_seed_118,proposed_nsga2_bs,Gyorgy-KOVACS_WH_Narrow_AW_4,118,0,auto_from_instance,12,18,4,30,216,,,,,2,1,8,root > V:17 > BH:27 > BH:49 > BH:39 > BH:29 > BH:17 > BH:7 > BV:27,selected,2,inf,True,648,237,411,490.0,1.0,1.0,True,True,1,1,0,True,1,1,0,0,True,True,0,9,2,9,2,1,LS_RP,sampled_pool,,,False,0.05555555555555555,0.5,0.5,0.1,fixed,,feasible_start_adaptive_spacing,feasible_start_adaptive_spacing,True,45,14,feasible_start_adaptive_spacing,0.5,,True,auto_from_instance,0.75,0.35,"9,35,52",17,,,,,,"H[7,9,17,27,29,35,39,49,52]|V[17,27]",451b31cd7494c0e29ac39737991e84853f054397
proposed_nsga2_bs_Gyorgy-KOVACS_WH_Narrow_AW_4_seed_118,proposed_nsga2_bs,Gyorgy-KOVACS_WH_Narrow_AW_4,118,0,auto_from_instance,12,18,4,30,216,,,,,3,1,8,root > V:17 > BH:27 > BH:5 > BH:15 > BH:25 > BH:37 > BH:47 > BV:25,evaluated,4,inf,False,648,237,411,544.0,1.0,1.0,True,True,1,1,0,True,1,1,0,0,True,True,0,9,2,9,2,1,LS_RP,sampled_pool,,,False,0.05555555555555555,0.5,0.5,0.1,fixed,,feasible_start_adaptive_spacing,feasible_start_adaptive_spacing,True,45,14,feasible_start_adaptive_spacing,0.5,,True,auto_from_instance,0.75,0.35,"9,35,52",17,,,,,,"H[5,9,15,25,27,35,37,47,52]|V[17,25]",24e93b3467ee5334276be59c5b6e878bb2e06a66
proposed_nsga2_bs_Gyorgy-KOVACS_WH_Narrow_AW_4_seed_118,proposed_nsga2_bs,Gyorgy-KOVACS_WH_Narrow_AW_4,118,0,auto_from_instance,12,18,4,30,216,,,,,4,1,8,root > V:17 > BH:27 > BH:49 > BH:39 > BH:29 > BH:17 > BH:7 > BV:25,evaluated,4,inf,False,648,237,411,544.0,1.0,1.0,True,True,1,1,0,True,1,1,0,0,True,True,0,9,2,9,2,1,LS_RP,sampled_pool,,,False,0.05555555555555555,0.5,0.5,0.1,fixed,,feasible_start_adaptive_spacing,feasible_start_adaptive_spacing,True,45,14,feasible_start_adaptive_spacing,0.5,,True,auto_from_instance,0.75,0.35,"9,35,52",17,,,,,,"H[7,9,17,27,29,35,39,49,52]|V[17,25]",19631d63ec0204b55a5a6d539d26aaf84a80581d
proposed_nsga2_bs_Gyorgy-KOVACS_WH_Narrow_AW_4_seed_118,proposed_nsga2_bs,Gyorgy-KOVACS_WH_Narrow_AW_4,118,0,auto_from_instance,12,18,4,30,216,,,,,5,2,10,root > V:15 > BH:27 > BH:47 > BH:39 > BH:29 > BH:17 > BH:9 > BV:27 > BV:23 > BV:30,selected,0,inf,True,560,270,290,341.0,1.0,1.0,True,True,1,1,0,True,1,1,0,0,True,True,0,8,5,8,5,2,PF_LS,sampled_pool,,,False,0.05555555555555555,0.5,0.5,0.1,fixed,,feasible_start_adaptive_spacing,feasible_start_adaptive_spacing,True,45,14,feasible_start_adaptive_spacing,0.5,,True,auto_from_instance,0.75,0.35,"1,17,42","15,22",,,,,,"H[1,9,17,27,29,39,42,47]|V[15,22,23,27,30]",1fa9344c00a95c630e382533991ef575b2f5e6b5
proposed_nsga2_bs_Gyorgy-KOVACS_WH_Narrow_AW_4_seed_118,proposed_nsga2_bs,Gyorgy-KOVACS_WH_Narrow_AW_4,118,0,auto_from_instance,12,18,4,30,216,,,,,6,3,9,root > V:16 > BH:27 > BH:47 > BH:39 > BH:29 > BH:17 > BH:9 > BV:26 > BV:26,selected,1,inf,True,600,256,344,444.0,1.0,1.0,True,True,1,1,0,True,1,1,0,0,True,True,0,9,3,9,3,3,PF,sampled_pool,,,False,0.05555555555555555,0.5,0.5,0.1,fixed,,feasible_start_adaptive_spacing,feasible_start_adaptive_spacing,True,45,14,feasible_start_adaptive_spacing,0.5,,True,auto_from_instance,0.75,0.35,"5,38,50","16,19",,,,,,"H[5,9,17,27,29,38,39,47,50]|V[16,19,26]",31618e0fa9e7ba38a349d70c4dff96d8a35cbd09
proposed_nsga2_bs_Gyorgy-KOVACS_WH_Narrow_AW_4_seed_118,proposed_nsga2_bs,Gyorgy-KOVACS_WH_Narrow_AW_4,118,0,auto_from_instance,12,18,4,30,216,,,,,7,3,9,root > V:16 > BH:27 > BH:47 > BH:39 > BH:29 > BH:17 > BH:9 > BV:26 > BV:24,selected,2,inf,True,600,256,344,522.0,1.0,1.0,True,True,1,1,0,True,1,1,0,0,True,True,0,9,4,9,4,3,PF,sampled_pool,,,False,0.05555555555555555,0.5,0.5,0.1,fixed,,feasible_start_adaptive_spacing,feasible_start_adaptive_spacing,True,45,14,feasible_start_adaptive_spacing,0.5,,True,auto_from_instance,0.75,0.35,"5,38,50","16,19",,,,,,"H[5,9,17,27,29,38,39,47,50]|V[16,19,24,26]",fa8b3ae6d34a080b7f0477f81e4f7a7c987ebe2e
proposed_nsga2_bs_Gyorgy-KOVACS_WH_Narrow_AW_4_seed_118,proposed_nsga2_bs,Gyorgy-KOVACS_WH_Narrow_AW_4,118,0,auto_from_instance,12,18,4,30,216,,,,,8,3,9,root > V:16 > BH:27 > BH:47 > BH:39 > BH:29 > BH:17 > BH:9 > BV:26 > BV:30,evaluated,3,inf,False,600,248,352,616.0,1.0,1.0,True,True,1,1,0,True,1,1,0,0,True,True,0,9,4,9,4,3,PF,sampled_pool,,,False,0.05555555555555555,0.5,0.5,0.1,fixed,,feasible_start_adaptive_spacing,feasible_start_adaptive_spacing,True,45,14,feasible_start_adaptive_spacing,0.5,,True,auto_from_instance,0.75,0.35,"5,38,50","16,19",,,,,,"H[5,9,17,27,29,38,39,47,50]|V[16,19,26,30]",1806574f87db50fbd619950bace22c101eef624b
proposed_nsga2_bs_Gyorgy-KOVACS_WH_Narrow_AW_4_seed_118,proposed_nsga2_bs,Gyorgy-KOVACS_WH_Narrow_AW_4,118,0,auto_from_instance,12,18,4,30,216,,,,,9,4,4,root > V:27 > BH:27 > BV:19 > BV:19,selected,2,inf,True,684,260,424,484.0,1.0,1.0,True,True,1,1,0,True,1,1,0,0,True,True,0,4,3,4,3,4,LS_RP,sampled_pool,,,False,0.05555555555555555,0.5,0.5,0.1,fixed,,feasible_start_adaptive_spacing,feasible_start_adaptive_spacing,True,45,14,feasible_start_adaptive_spacing,0.5,,True,auto_from_instance,0.75,0.35,"4,26,36","14,19,27",,,,,,"H[4,26,27,36]|V[14,19,27]",9baad5a6d6d08df213ec54891109e23b1069a9a5
proposed_nsga2_bs_Gyorgy-KOVACS_WH_Narrow_AW_4_seed_118,proposed_nsga2_bs,Gyorgy-KOVACS_WH_Narrow_AW_4,118,0,auto_from_instance,12,18,4,30,216,,,,,10,4,4,root > V:27 > BH:27 > BV:17 > BV:19,selected,2,0.0,True,684,260,424,484.0,1.0,1.0,True,True,1,1,0,True,1,1,0,0,True,True,0,4,4,4,4,4,LS_RP,sampled_pool,,,False,0.05555555555555555,0.5,0.5,0.1,fixed,,feasible_start_adaptive_spacing,feasible_start_adaptive_spacing,True,45,14,feasible_start_adaptive_spacing,0.5,,True,auto_from_instance,0.75,0.35,"4,26,36","14,19,27",,,,,,"H[4,26,27,36]|V[14,17,19,27]",7ea492661f4a7d780540a41c5bfc758906148e19
proposed_nsga2_bs_Gyorgy-KOVACS_WH_Narrow_AW_4_seed_118,proposed_nsga2_bs,Gyorgy-KOVACS_WH_Narrow_AW_4,118,0,auto_from_instance,12,18,4,30,216,,,,,11,4,4,root > V:27 > BH:27 > BV:19 > BV:17,evaluated,2,0.0,False,684,260,424,484.0,1.0,1.0,True,True,1,1,0,True,1,1,0,0,True,True,0,4,4,4,4,4,LS_RP,sampled_pool,,,False,0.05555555555555555,0.5,0.5,0.1,fixed,,feasible_start_adaptive_spacing,feasible_start_adaptive_spacing,True,45,14,feasible_start_adaptive_spacing,0.5,,True,auto_from_instance,0.75,0.35,"4,26,36","14,19,27",,,,,,"H[4,26,27,36]|V[14,17,19,27]",59c55a28d53f47701301421f850890ad1de7d63b
proposed_nsga2_bs_Gyorgy-KOVACS_WH_Narrow_AW_4_seed_118,proposed_nsga2_bs,Gyorgy-KOVACS_WH_Narrow_AW_4,118,0,auto_from_instance,12,18,4,30,216,,,,,12,4,4,root > V:27 > BH:27 > BV:17 > BV:17,selected,2,inf,True,684,260,424,484.0,1.0,1.0,True,True,1,1,0,True,1,1,0,0,True,True,0,4,4,4,4,4,LS_RP,sampled_pool,,,False,0.05555555555555555,0.5,0.5,0.1,fixed,,feasible_start_adaptive_spacing,feasible_start_adaptive_spacing,True,45,14,feasible_start_adaptive_spacing,0.5,,True,auto_from_instance,0.75,0.35,"4,26,36","14,19,27",,,,,,"H[4,26,27,36]|V[14,17,19,27]",6732d5258a9313035bead181283e041def90bbb2
proposed_nsga2_bs_Gyorgy-KOVACS_WH_Narrow_AW_4_seed_118,proposed_nsga2_bs,Gyorgy-KOVACS_WH_Narrow_AW_4,118,0,auto_from_instance,12,18,4,30,216,,,,,13,7,9,root > V:19 > BH:27 > BH:47 > BH:39 > BH:29 > BH:17 > BH:9 > BV:27 > BV:27,selected,1,inf,True,648,232,416,443.0,1.0,1.0,True,True,1,1,0,True,1,1,0,0,True,True,0,7,4,7,4,7,LS_PF,sampled_pool,,,False,0.05555555555555555,0.5,0.5,0.1,fixed,,feasible_start_adaptive_spacing,feasible_start_adaptive_spacing,True,45,14,feasible_start_adaptive_spacing,0.5,,True,auto_from_instance,0.75,0.35,43,"9,19,22",,,,,,"H[9,17,27,29,39,43,47]|V[9,19,22,27]",0a34358c5c0e9deafcc5aa5bce9593a6a002f13b
proposed_nsga2_bs_Gyorgy-KOVACS_WH_Narrow_AW_4_seed_118,proposed_nsga2_bs,Gyorgy-KOVACS_WH_Narrow_AW_4,118,0,auto_from_instance,12,18,4,30,216,,,,,14,8,8,root > V:19 > BH:27 > BH:5 > BH:15 > BH:25 > BH:37 > BH:47 > BV:27,evaluated,5,inf,False,680,219,461,568.0,1.0,1.0,True,True,1,1,0,True,1,1,0,0,True,True,0,9,3,9,3,8,LS_SS,sampled_pool,,,True,0.05555555555555555,0.5,0.5,0.1,fixed,,feasible_start_adaptive_spacing,feasible_start_adaptive_spacing,True,45,14,feasible_start_adaptive_spacing,0.5,,True,auto_from_instance,0.75,0.35,"3,14,28","19,29",,,,,,"H[3,5,14,15,25,27,28,37,47]|V[19,27,29]",765044c2001aa13b89dcc3ab94cee7150e6707b9
proposed_nsga2_bs_Gyorgy-KOVACS_WH_Narrow_AW_4_seed_118,proposed_nsga2_bs,Gyorgy-KOVACS_WH_Narrow_AW_4,118,0,auto_from_instance,12,18,4,30,216,,,,,15,8,8,root > V:19 > BH:27 > BH:49 > BH:39 > BH:29 > BH:17 > BH:7 > BV:27,evaluated,5,inf,False,680,219,461,568.0,1.0,1.0,True,True,1,1,0,True,1,1,0,0,True,True,0,9,3,9,3,8,LS_SS,sampled_pool,,,True,0.05555555555555555,0.5,0.5,0.1,fixed,,feasible_start_adaptive_spacing,feasible_start_adaptive_spacing,True,45,14,feasible_start_adaptive_spacing,0.5,,True,auto_from_instance,0.75,0.35,"3,14,28","19,29",,,,,,"H[3,7,14,17,27,28,29,39,49]|V[19,27,29]",e804ee8e40d619c35bd933154a145af1f8bb0e46
proposed_nsga2_bs_Gyorgy-KOVACS_WH_Narrow_AW_4_seed_118,proposed_nsga2_bs,Gyorgy-KOVACS_WH_Narrow_AW_4,118,0,auto_from_instance,12,18,4,30,216,,,,,16,9,4,root > V:28 > BH:27 > BV:21 > BV:21,evaluated,3,inf,False,680,262,418,576.0,1.0,1.0,True,True,1,1,0,True,1,1,0,0,True,True,0,4,4,4,4,9,LS_PF,sampled_pool,,,False,0.05555555555555555,0.5,0.5,0.1,fixed,,feasible_start_adaptive_spacing,feasible_start_adaptive_spacing,True,45,14,feasible_start_adaptive_spacing,0.5,,True,auto_from_instance,0.75,0.35,"14,35,46","20,22,28",,,,,,"H[14,27,35,46]|V[20,21,22,28]",67a6f4f8f954f77d80a9f7aeff15d9041dc361bd
proposed_nsga2_bs_Gyorgy-KOVACS_WH_Narrow_AW_4_seed_118,proposed_nsga2_bs,Gyorgy-KOVACS_WH_Narrow_AW_4,118,0,auto_from_instance,12,18,4,30,216,,,,,17,9,4,root > V:28 > BH:27 > BV:19 > BV:21,selected,2,inf,True,680,262,418,524.0,1.0,1.0,True,True,1,1,0,True,1,1,0,0,True,True,0,4,5,4,5,9,LS_PF,sampled_pool,,,False,0.05555555555555555,0.5,0.5,0.1,fixed,,feasible_start_adaptive_spacing,feasible_start_adaptive_spacing,True,45,14,feasible_start_adaptive_spacing,0.5,,True,auto_from_instance,0.75,0.35,"14,35,46","20,22,28",,,,,,"H[14,27,35,46]|V[19,20,21,22,28]",334779b46d5c288ee3031362a71af20db7b63dd5
proposed_nsga2_bs_Gyorgy-KOVACS_WH_Narrow_AW_4_seed_118,proposed_nsga2_bs,Gyorgy-KOVACS_WH_Narrow_AW_4,118,0,auto_from_instance,12,18,4,30,216,,,,,18,9,4,root > V:28 > BH:27 > BV:17 > BV:21,evaluated,3,inf,False,680,262,418,576.0,1.0,1.0,True,True,1,1,0,True,1,1,0,0,True,True,0,4,5,4,5,9,LS_PF,sampled_pool,,,False,0.05555555555555555,0.5,0.5,0.1,fixed,,feasible_start_adaptive_spacing,feasible_start_adaptive_spacing,True,45,14,feasible_start_adaptive_spacing,0.5,,True,auto_from_instance,0.75,0.35,"14,35,46","20,22,28",,,,,,"H[14,27,35,46]|V[17,20,21,22,28]",0cf129bcce89e5f8a26de7d155210a53886c00dc
proposed_nsga2_bs_Gyorgy-KOVACS_WH_Narrow_AW_4_seed_118,proposed_nsga2_bs,Gyorgy-KOVACS_WH_Narrow_AW_4,118,0,auto_from_instance,12,18,4,30,216,,,,,19,9,4,root > V:28 > BH:27 > BV:21 > BV:19,evaluated,2,0.0,False,680,262,418,524.0,1.0,1.0,True,True,1,1,0,True,1,1,0,0,True,True,0,4,5,4,5,9,LS_PF,sampled_pool,,,False,0.05555555555555555,0.5,0.5,0.1,fixed,,feasible_start_adaptive_spacing,feasible_start_adaptive_spacing,True,45,14,feasible_start_adaptive_spacing,0.5,,True,auto_from_instance,0.75,0.35,"14,35,46","20,22,28",,,,,,"H[14,27,35,46]|V[19,20,21,22,28]",8f2926ac3d427dac9f2e22e7dbb4782d03fe71f9
proposed_nsga2_bs_Gyorgy-KOVACS_WH_Narrow_AW_4_seed_118,proposed_nsga2_bs,Gyorgy-KOVACS_WH_Narrow_AW_4,118,0,auto_from_instance,12,18,4,30,216,,,,,20,10,4,root > V:28 > BH:27 > BV:19 > BV:19,selected,1,inf,True,680,262,418,472.0,1.0,1.0,True,True,1,1,0,True,1,1,0,0,True,True,0,4,4,4,4,10,SS_PF_LS,sampled_pool,,,True,0.05555555555555555,0.5,0.5,0.1,fixed,,feasible_start_adaptive_spacing,feasible_start_adaptive_spacing,True,45,14,feasible_start_adaptive_spacing,0.5,,True,auto_from_instance,0.75,0.35,"14,43,52","15,21,28",,,,,,"H[14,27,43,52]|V[15,19,21,28]",fc4825140fa5e2560776b4b932f5ef46c1588f36
proposed_nsga2_bs_Gyorgy-KOVACS_WH_Narrow_AW_4_seed_118,proposed_nsga2_bs,Gyorgy-KOVACS_WH_Narrow_AW_4,118,0,auto_from_instance,12,18,4,30,216,,,,,21,10,4,root > V:28 > BH:27 > BV:19 > BV:17,selected,2,inf,True,680,262,418,524.0,1.0,1.0,True,True,1,1,0,True,1,1,0,0,True,True,0,4,5,4,5,10,SS_PF_LS,sampled_pool,,,True,0.05555555555555555,0.5,0.5,0.1,fixed,,feasible_start_adaptive_spacing,feasible_start_adaptive_spacing,True,45,14,feasible_start_adaptive_spacing,0.5,,True,auto_from_instance,0.75,0.35,"14,43,52","15,21,28",,,,,,"H[14,27,43,52]|V[15,17,19,21,28]",c3a8d798cccc0ae6137f5d1801f12286f82d75a7
proposed_nsga2_bs_Gyorgy-KOVACS_WH_Narrow_AW_4_seed_118,proposed_nsga2_bs,Gyorgy-KOVACS_WH_Narrow_AW_4,118,0,auto_from_instance,12,18,4,30,216,,,,,22,11,7,root > V:19 > BH:27 > BH:5 > BH:17 > BH:29 > BH:43 > BV:27,evaluated,6,inf,False,708,209,499,731.0,1.0,1.0,True,True,1,1,0,True,1,1,0,0,True,True,0,8,4,8,4,11,SS_LS_PF,sampled_pool,,,True,0.05555555555555555,0.5,0.5,0.1,fixed,,feasible_start_adaptive_spacing,feasible_start_adaptive_spacing,True,45,14,feasible_start_adaptive_spacing,0.5,,True,auto_from_instance,0.75,0.35,"25,39,49","17,19,29",,,,,,"H[5,17,25,27,29,39,43,49]|V[17,19,27,29]",1302a6d03f05106409b1d9dda76a6eb970e9c2ad
proposed_nsga2_bs_Gyorgy-KOVACS_WH_Narrow_AW_4_seed_118,proposed_nsga2_bs,Gyorgy-KOVACS_WH_Narrow_AW_4,118,0,auto_from_instance,12,18,4,30,216,,,,,23,11,7,root > V:19 > BH:27 > BH:49 > BH:37 > BH:25 > BH:11 > BV:27,evaluated,6,inf,False,708,209,499,731.0,1.0,1.0,True,True,1,1,0,True,1,1,0,0,True,True,0,6,4,6,4,11,SS_LS_PF,sampled_pool,,,True,0.05555555555555555,0.5,0.5,0.1,fixed,,feasible_start_adaptive_spacing,feasible_start_adaptive_spacing,True,45,14,feasible_start_adaptive_spacing,0.5,,True,auto_from_instance,0.75,0.35,"25,39,49","17,19,29",,,,,,"H[11,25,27,37,39,49]|V[17,19,27,29]",5eb11c4834fba4e092ff4cd66cbb2076b8174dca
proposed_nsga2_bs_Gyorgy-KOVACS_WH_Narrow_AW_4_seed_118,proposed_nsga2_bs,Gyorgy-KOVACS_WH_Narrow_AW_4,118,0,auto_from_instance,12,18,4,30,216,,,,,24,11,7,root > V:19 > BH:27 > BH:49 > BH:37 > BH:23 > BH:9 > BV:27,evaluated,7,inf,False,716,202,514,798.0,1.0,1.0,True,True,1,1,0,True,1,1,0,0,True,True,0,7,4,7,4,11,SS_LS_PF,sampled_pool,,,True,0.05555555555555555,0.5,0.5,0.1,fixed,,feasible_start_adaptive_spacing,feasible_start_adaptive_spacing,True,45,14,feasible_start_adaptive_spacing,0.5,,True,auto_from_instance,0.75,0.35,"25,39,49","17,19,29",,,,,,"H[9,23,25,27,37,39,49]|V[17,19,27,29]",e5a1d44a0f3c58eac24f4bb6686478a3c45f1979
proposed_nsga2_bs_Gyorgy-KOVACS_WH_Narrow_AW_4_seed_118,proposed_nsga2_bs,Gyorgy-KOVACS_WH_Narrow_AW_4,118,0,auto_from_instance,12,18,4,30,216,,,,,25,11,7,root > V:19 > BH:27 > BH:49 > BH:35 > BH:23 > BH:9 > BV:27,evaluated,8,inf,False,716,201,515,798.0,1.0,1.0,True,True,1,1,0,True,1,1,0,0,True,True,0,7,4,7,4,11,SS_LS_PF,sampled_pool,,,True,0.05555555555555555,0.5,0.5,0.1,fixed,,feasible_start_adaptive_spacing,feasible_start_adaptive_spacing,True,45,14,feasible_start_adaptive_spacing,0.5,,True,auto_from_instance,0.75,0.35,"25,39,49","17,19,29",,,,,,"H[9,23,25,27,35,39,49]|V[17,19,27,29]",fb4e6f9f188813649c9a7b868c530b94c3046527
proposed_nsga2_bs_Gyorgy-KOVACS_WH_Narrow_AW_4_seed_118,proposed_nsga2_bs,Gyorgy-KOVACS_WH_Narrow_AW_4,118,0,auto_from_instance,12,18,4,30,216,,,,,26,12,9,root > V:18 > BH:27 > BH:47 > BH:39 > BH:29 > BH:17 > BH:9 > BV:26 > BV:26,evaluated,3,inf,False,632,240,392,528.0,1.0,1.0,True,True,1,1,0,True,1,1,0,0,True,True,0,9,4,9,4,12,LS_PF,sampled_pool,,,False,0.05555555555555555,0.5,0.5,0.1,fixed,,feasible_start_adaptive_spacing,feasible_start_adaptive_spacing,True,45,14,feasible_start_adaptive_spacing,0.5,,True,auto_from_instance,0.75,0.35,"12,25,49","14,18,21",,,,,,"H[9,12,17,25,27,29,39,47,49]|V[14,18,21,26]",0d0c52af56d0b61c6bade993b1ea97511c22cb5f
proposed_nsga2_bs_Gyorgy-KOVACS_WH_Narrow_AW_4_seed_118,proposed_nsga2_bs,Gyorgy-KOVACS_WH_Narrow_AW_4,118,0,auto_from_instance,12,18,4,30,216,,,,,27,12,9,root > V:18 > BH:27 > BH:47 > BH:39 > BH:29 > BH:17 > BH:9 > BV:26 > BV:30,evaluated,4,inf,False,632,230,402,668.0,1.0,1.0,True,True,1,1,0,True,1,1,0,0,True,True,0,9,5,9,5,12,LS_PF,sampled_pool,,,False,0.05555555555555555,0.5,0.5,0.1,fixed,,feasible_start_adaptive_spacing,feasible_start_adaptive_spacing,True,45,14,feasible_start_adaptive_spacing,0.5,,True,auto_from_instance,0.75,0.35,"12,25,49","14,18,21",,,,,,"H[9,12,17,25,27,29,39,47,49]|V[14,18,21,26,30]",45e934a9e11690bc35c39dd6804faf363a86ebaf
proposed_nsga2_bs_Gyorgy-KOVACS_WH_Narrow_AW_4_seed_118,proposed_nsga2_bs,Gyorgy-KOVACS_WH_Narrow_AW_4,118,1,auto_from_instance,12,18,4,30,216,,,,,1,1,4,root > V:27 > BH:27 > BV:19 > BV:19,selected,1,inf,True,684,260,424,484.0,1.0,1.0,True,True,1,1,0,True,1,1,0,0,True,True,0,9,3,9,3,1,RP,sampled_pool,,,False,0.1111111111111111,0.5,0.5,0.1,fixed,break_symmetry,offspring,feasible_start_adaptive_spacing,,,,feasible_start_adaptive_spacing,0.5,,True,auto_from_instance,0.75,0.35,"6,9,17,27,29,38,39,49,52","16,27",,,,,,"H[6,9,17,27,29,38,39,49,52]|V[16,19,27]",9baad5a6d6d08df213ec54891109e23b1069a9a5
proposed_nsga2_bs_Gyorgy-KOVACS_WH_Narrow_AW_4_seed_118,proposed_nsga2_bs,Gyorgy-KOVACS_WH_Narrow_AW_4,118,1,auto_from_instance,12,18,4,30,216,,,,,2,1,4,root > V:27 > BH:27 > BV:17 > BV:19,selected,1,0.0,True,684,260,424,484.0,1.0,1.0,True,True,1,1,0,True,1,1,0,0,True,True,0,9,4,9,4,1,RP,sampled_pool,,,False,0.1111111111111111,0.5,0.5,0.1,fixed,break_symmetry,offspring,feasible_start_adaptive_spacing,,,,feasible_start_adaptive_spacing,0.5,,True,auto_from_instance,0.75,0.35,"6,9,17,27,29,38,39,49,52","16,27",,,,,,"H[6,9,17,27,29,38,39,49,52]|V[16,17,19,27]",7ea492661f4a7d780540a41c5bfc758906148e19
proposed_nsga2_bs_Gyorgy-KOVACS_WH_Narrow_AW_4_seed_118,proposed_nsga2_bs,Gyorgy-KOVACS_WH_Narrow_AW_4,118,1,auto_from_instance,12,18,4,30,216,,,,,3,1,4,root > V:27 > BH:27 > BV:19 > BV:17,selected,1,0.0,True,684,260,424,484.0,1.0,1.0,True,True,1,1,0,True,1,1,0,0,True,True,0,9,4,9,4,1,RP,sampled_pool,,,False,0.1111111111111111,0.5,0.5,0.1,fixed,break_symmetry,offspring,feasible_start_adaptive_spacing,,,,feasible_start_adaptive_spacing,0.5,,True,auto_from_instance,0.75,0.35,"6,9,17,27,29,38,39,49,52","16,27",,,,,,"H[6,9,17,27,29,38,39,49,52]|V[16,17,19,27]",59c55a28d53f47701301421f850890ad1de7d63b
proposed_nsga2_bs_Gyorgy-KOVACS_WH_Narrow_AW_4_seed_118,proposed_nsga2_bs,Gyorgy-KOVACS_WH_Narrow_AW_4,118,1,auto_from_instance,12,18,4,30,216,,,,,4,1,4,root > V:27 > BH:27 > BV:17 > BV:17,selected,1,inf,True,684,260,424,484.0,1.0,1.0,True,True,1,1,0,True,1,1,0,0,True,True,0,9,3,9,3,1,RP,sampled_pool,,,False,0.1111111111111111,0.5,0.5,0.1,fixed,break_symmetry,offspring,feasible_start_adaptive_spacing,,,,feasible_start_adaptive_spacing,0.5,,True,auto_from_instance,0.75,0.35,"6,9,17,27,29,38,39,49,52","16,27",,,,,,"H[6,9,17,27,29,38,39,49,52]|V[16,17,27]",6732d5258a9313035bead181283e041def90bbb2
proposed_nsga2_bs_Gyorgy-KOVACS_WH_Narrow_AW_4_seed_118,proposed_nsga2_bs,Gyorgy-KOVACS_WH_Narrow_AW_4,118,1,auto_from_instance,12,18,4,30,216,,,,,5,2,7,root > H:12 > BH:36 > BV:27 > BV:23 > BH:24 > BV:19 > BH:5,evaluated,3,inf,False,712,212,500,777.0,1.0,1.0,True,True,1,1,0,True,1,1,0,0,True,True,0,10,6,10,6,2,SS_PF_LS,sampled_pool,,,True,0.1111111111111111,0.5,0.5,0.1,fixed,swap_segments,offspring,feasible_start_adaptive_spacing,,,,feasible_start_adaptive_spacing,0.5,,True,auto_from_instance,0.75,0.35,"5,8,12,20,23,27,29,36,44","17,19,24,26",,,,,,"H[5,8,12,20,23,24,27,29,36,44]|V[17,19,23,24,26,27]",d22cd013f218bb25ccab2f0b5e950e2a517ad0b2
proposed_nsga2_bs_Gyorgy-KOVACS_WH_Narrow_AW_4_seed_118,proposed_nsga2_bs,Gyorgy-KOVACS_WH_Narrow_AW_4,118,1,auto_from_instance,12,18,4,30,216,,,,,6,2,7,root > H:12 > BH:36 > BV:27 > BV:23 > BH:24 > BV:17 > BH:5,evaluated,3,inf,False,712,212,500,777.0,1.0,1.0,True,True,1,1,0,True,1,1,0,0,True,True,0,10,6,10,6,2,SS_PF_LS,sampled_pool,,,True,0.1111111111111111,0.5,0.5,0.1,fixed,swap_segments,offspring,feasible_start_adaptive_spacing,,,,feasible_start_adaptive_spacing,0.5,,True,auto_from_instance,0.75,0.35,"5,8,12,20,23,27,29,36,44","17,19,24,26",,,,,,"H[5,8,12,20,23,24,27,29,36,44]|V[17,19,23,24,26,27]",666279c2aa7f9ca9f687826b4cb5221a50dce7bc
proposed_nsga2_bs_Gyorgy-KOVACS_WH_Narrow_AW_4_seed_118,proposed_nsga2_bs,Gyorgy-KOVACS_WH_Narrow_AW_4,118,1,auto_from_instance,12,18,4,30,216,,,,,7,2,7,root > H:12 > BH:36 > BV:27 > BV:23 > BH:26 > BV:19 > BH:5,evaluated,4,inf,False,712,212,500,819.0,1.0,1.0,True,True,1,1,0,True,1,1,0,0,True,True,0,10,6,10,6,2,SS_PF_LS,sampled_pool,,,True,0.1111111111111111,0.5,0.5,0.1,fixed,swap_segments,offspring,feasible_start_adaptive_spacing,,,,feasible_start_adaptive_spacing,0.5,,True,auto_from_instance,0.75,0.35,"5,8,12,20,23,27,29,36,44","17,19,24,26",,,,,,"H[5,8,12,20,23,26,27,29,36,44]|V[17,19,23,24,26,27]",69690beb816525abe624e576d01864139b3beef0
proposed_nsga2_bs_Gyorgy-KOVACS_WH_Narrow_AW_4_seed_118,proposed_nsga2_bs,Gyorgy-KOVACS_WH_Narrow_AW_4,118,1,auto_from_instance,12,18,4,30,216,,,,,8,3,8,root > V:19 > BH:27 > BH:47 > BH:35 > BH:23 > BH:9 > BV:27 > BV:27,evaluated,3,inf,False,692,208,484,652.0,1.0,1.0,True,True,1,1,0,True,1,1,0,0,True,True,0,9,4,9,4,3,RP_LS,sampled_pool,,,False,0.1111111111111111,0.5,0.5,0.1,fixed,remove_random_aisle,offspring,feasible_start_adaptive_spacing,,,,feasible_start_adaptive_spacing,0.5,,True,auto_from_instance,0.75,0.35,"5,9,27,38,39,47,50","19,24,26",,,,,,"H[5,9,23,27,35,38,39,47,50]|V[19,24,26,27]",050eecf074ffba6f629a2f415f52409b972c0392
proposed_nsga2_bs_Gyorgy-KOVACS_WH_Narrow_AW_4_seed_118,proposed_nsga2_bs,Gyorgy-KOVACS_WH_Narrow_AW_4,118,1,auto_from_instance,12,18,4,30,216,,,,,9,4,4,root > V:28 > BH:27 > BV:19 > BV:19,selected,0,inf,True,680,262,418,472.0,1.0,1.0,True,True,1,1,0,True,1,1,0,0,True,True,0,6,6,6,6,4,SS_PF_LS,sampled_pool,,,True,0.1111111111111111,0.5,0.5,0.1,fixed,insert_random_aisle,offspring,feasible_start_adaptive_spacing,,,,feasible_start_adaptive_spacing,0.5,,True,auto_from_instance,0.75,0.35,"14,17,27,29,43,52","9,15,17,19,21,28",,,,,,"H[14,17,27,29,43,52]|V[9,15,17,19,21,28]",fc4825140fa5e2560776b4b932f5ef46c1588f36
proposed_nsga2_bs_Gyorgy-KOVACS_WH_Narrow_AW_4_seed_118,proposed_nsga2_bs,Gyorgy-KOVACS_WH_Narrow_AW_4,118,1,auto_from_instance,12,18,4,30,216,,,,,10,4,4,root > V:28 > BH:27 > BV:19 > BV:21,selected,1,inf,True,680,262,418,524.0,1.0,1.0,True,True,1,1,0,True,1,1,0,0,True,True,0,6,6,6,6,4,SS_PF_LS,sampled_pool,,,True,0.1111111111111111,0.5,0.5,0.1,fixed,insert_random_aisle,offspring,feasible_start_adaptive_spacing,,,,feasible_start_adaptive_spacing,0.5,,True,auto_from_instance,0.75,0.35,"14,17,27,29,43,52","9,15,17,19,21,28",,,,,,"H[14,17,27,29,43,52]|V[9,15,17,19,21,28]",334779b46d5c288ee3031362a71af20db7b63dd5
proposed_nsga2_bs_Gyorgy-KOVACS_WH_Narrow_AW_4_seed_118,proposed_nsga2_bs,Gyorgy-KOVACS_WH_Narrow_AW_4,118,1,auto_from_instance,12,18,4,30,216,,,,,11,4,4,root > V:28 > BH:27 > BV:19 > BV:21,selected,1,0.0,True,680,262,418,524.0,1.0,1.0,True,True,1,1,0,True,1,1,0,0,True,True,0,6,6,6,6,4,SS_PF_LS,sampled_pool,,,True,0.1111111111111111,0.5,0.5,0.1,fixed,insert_random_aisle,offspring,feasible_start_adaptive_spacing,,,,feasible_start_adaptive_spacing,0.5,,True,auto_from_instance,0.75,0.35,"14,17,27,29,43,52","9,15,17,19,21,28",,,,,,"H[14,17,27,29,43,52]|V[9,15,17,19,21,28]",8f2926ac3d427dac9f2e22e7dbb4782d03fe71f9
proposed_nsga2_bs_Gyorgy-KOVACS_WH_Narrow_AW_4_seed_118,proposed_nsga2_bs,Gyorgy-KOVACS_WH_Narrow_AW_4,118,1,auto_from_instance,12,18,4,30,216,,,,,12,4,4,root > V:28 > BH:27 > BV:19 > BV:17,selected,1,0.6768341307814991,True,680,262,418,524.0,1.0,1.0,True,True,1,1,0,True,1,1,0,0,True,True,0,6,6,6,6,4,SS_PF_LS,sampled_pool,,,True,0.1111111111111111,0.5,0.5,0.1,fixed,insert_random_aisle,offspring,feasible_start_adaptive_spacing,,,,feasible_start_adaptive_spacing,0.5,,True,auto_from_instance,0.75,0.35,"14,17,27,29,43,52","9,15,17,19,21,28",,,,,,"H[14,17,27,29,43,52]|V[9,15,17,19,21,28]",c3a8d798cccc0ae6137f5d1801f12286f82d75a7
proposed_nsga2_bs_Gyorgy-KOVACS_WH_Narrow_AW_4_seed_118,proposed_nsga2_bs,Gyorgy-KOVACS_WH_Narrow_AW_4,118,1,auto_from_instance,12,18,4,30,216,,,,,13,7,8,root > V:16 > BH:27 > BH:5 > BH:15 > BH:25 > BH:37 > BH:47 > BV:26,selected,1,inf,True,632,246,386,550.0,1.0,1.0,True,True,1,1,0,True,1,1,0,0,True,True,0,11,3,11,3,7,PF_SS_RP,sampled_pool,,,True,0.1111111111111111,0.5,0.5,0.1,fixed,bit_flip,offspring,feasible_start_adaptive_spacing,,,,feasible_start_adaptive_spacing,0.5,,True,auto_from_instance,0.75,0.35,"4,14,27,29,43,52","16,19,26",,,,,,"H[4,5,14,15,25,27,29,37,43,47,52]|V[16,19,26]",08ee812bc396556b6550be0bd82f9266dcd2fe55
proposed_nsga2_bs_Gyorgy-KOVACS_WH_Narrow_AW_4_seed_118,proposed_nsga2_bs,Gyorgy-KOVACS_WH_Narrow_AW_4,118,1,auto_from_instance,12,18,4,30,216,,,,,14,7,8,root > V:16 > BH:27 > BH:49 > BH:39 > BH:29 > BH:17 > BH:7 > BV:26,selected,1,inf,True,632,246,386,550.0,1.0,1.0,True,True,1,1,0,True,1,1,0,0,True,True,0,10,3,10,3,7,PF_SS_RP,sampled_pool,,,True,0.1111111111111111,0.5,0.5,0.1,fixed,bit_flip,offspring,feasible_start_adaptive_spacing,,,,feasible_start_adaptive_spacing,0.5,,True,auto_from_instance,0.75,0.35,"4,14,27,29,43,52","16,19,26",,,,,,"H[4,7,14,17,27,29,39,43,49,52]|V[16,19,26]",660d9dab711cc8220a7c4152b9d81284ad744a59
proposed_nsga2_bs_Gyorgy-KOVACS_WH_Narrow_AW_4_seed_118,proposed_nsga2_bs,Gyorgy-KOVACS_WH_Narrow_AW_4,118,1,auto_from_instance,12,18,4,30,216,,,,,15,7,8,root > V:16 > BH:27 > BH:5 > BH:15 > BH:25 > BH:37 > BH:47 > BV:24,evaluated,2,inf,False,632,246,386,628.0,1.0,1.0,True,True,1,1,0,True,1,1,0,0,True,True,0,11,4,11,4,7,PF_SS_RP,sampled_pool,,,True,0.1111111111111111,0.5,0.5,0.1,fixed,bit_flip,offspring,feasible_start_adaptive_spacing,,,,feasible_start_adaptive_spacing,0.5,,True,auto_from_instance,0.75,0.35,"4,14,27,29,43,52","16,19,26",,,,,,"H[4,5,14,15,25,27,29,37,43,47,52]|V[16,19,24,26]",fe71932ea9ef92cbca4e0b578f20f6e88be50370
proposed_nsga2_bs_Gyorgy-KOVACS_WH_Narrow_AW_4_seed_118,proposed_nsga2_bs,Gyorgy-KOVACS_WH_Narrow_AW_4,118,1,auto_from_instance,12,18,4,30,216,,,,,16,7,8,root > V:16 > BH:27 > BH:49 > BH:39 > BH:29 > BH:17 > BH:7 > BV:24,evaluated,2,inf,False,632,246,386,628.0,1.0,1.0,True,True,1,1,0,True,1,1,0,0,True,True,0,10,4,10,4,7,PF_SS_RP,sampled_pool,,,True,0.1111111111111111,0.5,0.5,0.1,fixed,bit_flip,offspring,feasible_start_adaptive_spacing,,,,feasible_start_adaptive_spacing,0.5,,True,auto_from_instance,0.75,0.35,"4,14,27,29,43,52","16,19,26",,,,,,"H[4,7,14,17,27,29,39,43,49,52]|V[16,19,24,26]",9696e3fb0a981a3c866440c46c54987a8cf3ab94
proposed_nsga2_bs_Gyorgy-KOVACS_WH_Narrow_AW_4_seed_118,proposed_nsga2_bs,Gyorgy-KOVACS_WH_Narrow_AW_4,118,1,auto_from_instance,12,18,4,30,216,,,,,17,8,4,root > V:28 > BH:27 > BV:21 > BV:21,evaluated,2,inf,False,680,262,418,576.0,1.0,1.0,True,True,1,1,0,True,1,1,0,0,True,True,0,8,6,8,6,8,LS_PF,sampled_pool,,,False,0.1111111111111111,0.5,0.5,0.1,fixed,break_symmetry,offspring,feasible_start_adaptive_spacing,,,,feasible_start_adaptive_spacing,0.5,,True,auto_from_instance,0.75,0.35,"5,9,17,27,38,39,47,50","15,17,19,20,28",,,,,,"H[5,9,17,27,38,39,47,50]|V[15,17,19,20,21,28]",67a6f4f8f954f77d80a9f7aeff15d9041dc361bd
proposed_nsga2_bs_Gyorgy-KOVACS_WH_Narrow_AW_4_seed_118,proposed_nsga2_bs,Gyorgy-KOVACS_WH_Narrow_AW_4,118,1,auto_from_instance,12,18,4,30,216,,,,,18,8,4,root > V:28 > BH:27 > BV:17 > BV:21,evaluated,2,inf,False,680,262,418,576.0,1.0,1.0,True,True,1,1,0,True,1,1,0,0,True,True,0,8,6,8,6,8,LS_PF,sampled_pool,,,False,0.1111111111111111,0.5,0.5,0.1,fixed,break_symmetry,offspring,feasible_start_adaptive_spacing,,,,feasible_start_adaptive_spacing,0.5,,True,auto_from_instance,0.75,0.35,"5,9,17,27,38,39,47,50","15,17,19,20,28",,,,,,"H[5,9,17,27,38,39,47,50]|V[15,17,19,20,21,28]",0cf129bcce89e5f8a26de7d155210a53886c00dc
proposed_nsga2_bs_Gyorgy-KOVACS_WH_Narrow_AW_4_seed_118,proposed_nsga2_bs,Gyorgy-KOVACS_WH_Narrow_AW_4,118,1,auto_from_instance,12,18,4,30,216,,,,,19,10,9,root > V:15 > BH:27 > BH:5 > BH:15 > BH:25 > BH:37 > BH:47 > BV:23 > BV:30,selected,0,inf,True,592,261,331,462.0,1.0,1.0,True,True,1,1,0,True,1,1,0,0,True,True,0,9,6,9,6,10,LS_RP,sampled_pool,,,False,0.1111111111111111,0.5,0.5,0.1,fixed,swap_segments,offspring,feasible_start_adaptive_spacing,,,,feasible_start_adaptive_spacing,0.5,,True,auto_from_instance,0.75,0.35,"27,29,39,43,47","7,10,15,21",,,,,,"H[5,15,25,27,29,37,39,43,47]|V[7,10,15,21,23,30]",9ee2190bb5e677e5dd6004d3c767bf39ff3449fb
proposed_nsga2_bs_Gyorgy-KOVACS_WH_Narrow_AW_4_seed_118,proposed_nsga2_bs,Gyorgy-KOVACS_WH_Narrow_AW_4,118,1,auto_from_instance,12,18,4,30,216,,,,,20,10,9,root > V:15 > BH:27 > BH:49 > BH:39 > BH:29 > BH:17 > BH:7 > BV:23 > BV:30,selected,0,inf,True,592,261,331,462.0,1.0,1.0,True,True,1,1,0,True,1,1,0,0,True,True,0,8,6,8,6,10,LS_RP,sampled_pool,,,False,0.1111111111111111,0.5,0.5,0.1,fixed,swap_segments,offspring,feasible_start_adaptive_spacing,,,,feasible_start_adaptive_spacing,0.5,,True,auto_from_instance,0.75,0.35,"27,29,39,43,47","7,10,15,21",,,,,,"H[7,17,27,29,39,43,47,49]|V[7,10,15,21,23,30]",eef866e48d563b788dc6683537da31dffdbde584
proposed_nsga2_bs_Gyorgy-KOVACS_WH_Narrow_AW_4_seed_118,proposed_nsga2_bs,Gyorgy-KOVACS_WH_Narrow_AW_4,118,2,auto_from_instance,12,18,4,30,216,,,,,1,1,4,root > V:30 > BH:27 > BV:21 > BV:21,evaluated,7,inf,False,672,206,466,676.0,1.0,1.0,True,True,1,1,0,True,1,1,0,0,True,True,0,8,5,8,5,1,SS_PF_LS,sampled_pool,,,True,0.16666666666666666,0.5,0.5,0.1,fixed,remove_random_aisle,offspring,feasible_start_adaptive_spacing,,,,feasible_start_adaptive_spacing,0.5,,True,auto_from_instance,0.75,0.35,"5,15,27,29,38,39,43,47","7,10,15,30",,,,,,"H[5,15,27,29,38,39,43,47]|V[7,10,15,21,30]",5dff680449ea54ef73abf8585de0c2ba440a4835
proposed_nsga2_bs_Gyorgy-KOVACS_WH_Narrow_AW_4_seed_118,proposed_nsga2_bs,Gyorgy-KOVACS_WH_Narrow_AW_4,118,2,auto_from_instance,12,18,4,30,216,,,,,2,1,4,root > V:30 > BH:27 > BV:19 > BV:21,evaluated,7,0.0,False,672,206,466,676.0,1.0,1.0,True,True,1,1,0,True,1,1,0,0,True,True,0,8,6,8,6,1,SS_PF_LS,sampled_pool,,,True,0.16666666666666666,0.5,0.5,0.1,fixed,remove_random_aisle,offspring,feasible_start_adaptive_spacing,,,,feasible_start_adaptive_spacing,0.5,,True,auto_from_instance,0.75,0.35,"5,15,27,29,38,39,43,47","7,10,15,30",,,,,,"H[5,15,27,29,38,39,43,47]|V[7,10,15,19,21,30]",8bd280773c3be24cfc914a42e887aea361f9570c
proposed_nsga2_bs_Gyorgy-KOVACS_WH_Narrow_AW_4_seed_118,proposed_nsga2_bs,Gyorgy-KOVACS_WH_Narrow_AW_4,118,2,auto_from_instance,12,18,4,30,216,,,,,3,1,4,root > V:30 > BH:27 > BV:21 > BV:19,evaluated,7,0.0,False,672,206,466,676.0,1.0,1.0,True,True,1,1,0,True,1,1,0,0,True,True,0,8,6,8,6,1,SS_PF_LS,sampled_pool,,,True,0.16666666666666666,0.5,0.5,0.1,fixed,remove_random_aisle,offspring,feasible_start_adaptive_spacing,,,,feasible_start_adaptive_spacing,0.5,,True,auto_from_instance,0.75,0.35,"5,15,27,29,38,39,43,47","7,10,15,30",,,,,,"H[5,15,27,29,38,39,43,47]|V[7,10,15,19,21,30]",0ed2b993601a455ad3c48ac7828910fea4b1be83
proposed_nsga2_bs_Gyorgy-KOVACS_WH_Narrow_AW_4_seed_118,proposed_nsga2_bs,Gyorgy-KOVACS_WH_Narrow_AW_4,118,2,auto_from_instance,12,18,4,30,216,,,,,4,1,4,root > V:30 > BH:27 > BV:19 > BV:19,evaluated,7,inf,False,672,206,466,676.0,1.0,1.0,True,True,1,1,0,True,1,1,0,0,True,True,0,8,5,8,5,1,SS_PF_LS,sampled_pool,,,True,0.16666666666666666,0.5,0.5,0.1,fixed,remove_random_aisle,offspring,feasible_start_adaptive_spacing,,,,feasible_start_adaptive_spacing,0.5,,True,auto_from_instance,0.75,0.35,"5,15,27,29,38,39,43,47","7,10,15,30",,,,,,"H[5,15,27,29,38,39,43,47]|V[7,10,15,19,30]",1d86290022dd5e2c97367644c31a54117380bf1c
proposed_nsga2_bs_Gyorgy-KOVACS_WH_Narrow_AW_4_seed_118,proposed_nsga2_bs,Gyorgy-KOVACS_WH_Narrow_AW_4,118,2,auto_from_instance,12,18,4,30,216,,,,,5,2,4,root > V:27 > BH:27 > BV:19 > BV:19,selected,2,inf,True,684,260,424,484.0,1.0,1.0,True,True,1,1,0,True,1,1,0,0,True,True,0,11,5,11,5,2,LS_RP,sampled_pool,,,False,0.16666666666666666,0.5,0.5,0.1,fixed,swap_segments,offspring,feasible_start_adaptive_spacing,,,,feasible_start_adaptive_spacing,0.5,,True,auto_from_instance,0.75,0.35,"6,10,12,20,22,25,26,34,49,52","16,17,23,27",,,,,,"H[6,10,12,20,22,25,26,27,34,49,52]|V[16,17,19,23,27]",9baad5a6d6d08df213ec54891109e23b1069a9a5
proposed_nsga2_bs_Gyorgy-KOVACS_WH_Narrow_AW_4_seed_118,proposed_nsga2_bs,Gyorgy-KOVACS_WH_Narrow_AW_4,118,2,auto_from_instance,12,18,4,30,216,,,,,6,2,4,root > V:27 > BH:27 > BV:17 > BV:19,selected,2,0.0,True,684,260,424,484.0,1.0,1.0,True,True,1,1,0,True,1,1,0,0,True,True,0,11,5,11,5,2,LS_RP,sampled_pool,,,False,0.16666666666666666,0.5,0.5,0.1,fixed,swap_segments,offspring,feasible_start_adaptive_spacing,,,,feasible_start_adaptive_spacing,0.5,,True,auto_from_instance,0.75,0.35,"6,10,12,20,22,25,26,34,49,52","16,17,23,27",,,,,,"H[6,10,12,20,22,25,26,27,34,49,52]|V[16,17,19,23,27]",7ea492661f4a7d780540a41c5bfc758906148e19
proposed_nsga2_bs_Gyorgy-KOVACS_WH_Narrow_AW_4_seed_118,proposed_nsga2_bs,Gyorgy-KOVACS_WH_Narrow_AW_4,118,2,auto_from_instance,12,18,4,30,216,,,,,7,2,4,root > V:27 > BH:27 > BV:19 > BV:17,selected,2,0.0,True,684,260,424,484.0,1.0,1.0,True,True,1,1,0,True,1,1,0,0,True,True,0,11,5,11,5,2,LS_RP,sampled_pool,,,False,0.16666666666666666,0.5,0.5,0.1,fixed,swap_segments,offspring,feasible_start_adaptive_spacing,,,,feasible_start_adaptive_spacing,0.5,,True,auto_from_instance,0.75,0.35,"6,10,12,20,22,25,26,34,49,52","16,17,23,27",,,,,,"H[6,10,12,20,22,25,26,27,34,49,52]|V[16,17,19,23,27]",59c55a28d53f47701301421f850890ad1de7d63b
proposed_nsga2_bs_Gyorgy-KOVACS_WH_Narrow_AW_4_seed_118,proposed_nsga2_bs,Gyorgy-KOVACS_WH_Narrow_AW_4,118,2,auto_from_instance,12,18,4,30,216,,,,,8,2,4,root > V:27 > BH:27 > BV:17 > BV:17,selected,2,inf,True,684,260,424,484.0,1.0,1.0,True,True,1,1,0,True,1,1,0,0,True,True,0,11,4,11,4,2,LS_RP,sampled_pool,,,False,0.16666666666666666,0.5,0.5,0.1,fixed,swap_segments,offspring,feasible_start_adaptive_spacing,,,,feasible_start_adaptive_spacing,0.5,,True,auto_from_instance,0.75,0.35,"6,10,12,20,22,25,26,34,49,52","16,17,23,27",,,,,,"H[6,10,12,20,22,25,26,27,34,49,52]|V[16,17,23,27]",6732d5258a9313035bead181283e041def90bbb2
proposed_nsga2_bs_Gyorgy-KOVACS_WH_Narrow_AW_4_seed_118,proposed_nsga2_bs,Gyorgy-KOVACS_WH_Narrow_AW_4,118,2,auto_from_instance,12,18,4,30,216,,,,,9,3,8,root > V:15 > BH:27 > BH:49 > BH:41 > BH:29 > BH:17 > BH:9 > BV:27,evaluated,3,inf,False,608,261,347,539.0,1.0,1.0,True,True,1,1,0,True,1,1,0,0,True,True,0,11,5,11,5,3,PF_LS,sampled_pool,,,False,0.16666666666666666,0.5,0.5,0.1,fixed,swap_segments,offspring,feasible_start_adaptive_spacing,,,,feasible_start_adaptive_spacing,0.5,,True,auto_from_instance,0.75,0.35,"7,14,17,27,29,39,43,49,52","15,17,19,26",,,,,,"H[7,9,14,17,27,29,39,41,43,49,52]|V[15,17,19,26,27]",5855b7a2ce0f7102686a835ce8b745d34e7270fe
proposed_nsga2_bs_Gyorgy-KOVACS_WH_Narrow_AW_4_seed_118,proposed_nsga2_bs,Gyorgy-KOVACS_WH_Narrow_AW_4,118,2,auto_from_instance,12,18,4,30,216,,,,,10,3,8,root > V:15 > BH:27 > BH:49 > BH:39 > BH:29 > BH:17 > BH:9 > BV:27,selected,2,inf,True,608,261,347,509.0,1.0,1.0,True,True,1,1,0,True,1,1,0,0,True,True,0,10,5,10,5,3,PF_LS,sampled_pool,,,False,0.16666666666666666,0.5,0.5,0.1,fixed,swap_segments,offspring,feasible_start_adaptive_spacing,,,,feasible_start_adaptive_spacing,0.5,,True,auto_from_instance,0.75,0.35,"7,14,17,27,29,39,43,49,52","15,17,19,26",,,,,,"H[7,9,14,17,27,29,39,43,49,52]|V[15,17,19,26,27]",fc0563743447995c195c8e655d4713bfa38a660a
proposed_nsga2_bs_Gyorgy-KOVACS_WH_Narrow_AW_4_seed_118,proposed_nsga2_bs,Gyorgy-KOVACS_WH_Narrow_AW_4,118,2,auto_from_instance,12,18,4,30,216,,,,,11,3,8,root > V:15 > BH:27 > BH:49 > BH:41 > BH:29 > BH:17 > BH:9 > BV:25,evaluated,5,inf,False,608,261,347,595.0,1.0,1.0,True,True,1,1,0,True,1,1,0,0,True,True,0,11,5,11,5,3,PF_LS,sampled_pool,,,False,0.16666666666666666,0.5,0.5,0.1,fixed,swap_segments,offspring,feasible_start_adaptive_spacing,,,,feasible_start_adaptive_spacing,0.5,,True,auto_from_instance,0.75,0.35,"7,14,17,27,29,39,43,49,52","15,17,19,26",,,,,,"H[7,9,14,17,27,29,39,41,43,49,52]|V[15,17,19,25,26]",08dfdb08ca75b8739e2c3ffebea5b42db822e898
proposed_nsga2_bs_Gyorgy-KOVACS_WH_Narrow_AW_4_seed_118,proposed_nsga2_bs,Gyorgy-KOVACS_WH_Narrow_AW_4,118,2,auto_from_instance,12,18,4,30,216,,,,,12,3,8,root > V:15 > BH:27 > BH:49 > BH:39 > BH:29 > BH:17 > BH:9 > BV:25,evaluated,4,inf,False,608,261,347,565.0,1.0,1.0,True,True,1,1,0,True,1,1,0,0,True,True,0,10,5,10,5,3,PF_LS,sampled_pool,,,False,0.16666666666666666,0.5,0.5,0.1,fixed,swap_segments,offspring,feasible_start_adaptive_spacing,,,,feasible_start_adaptive_spacing,0.5,,True,auto_from_instance,0.75,0.35,"7,14,17,27,29,39,43,49,52","15,17,19,26",,,,,,"H[7,9,14,17,27,29,39,43,49,52]|V[15,17,19,25,26]",57debfbcb33569e7a9d11cf7896db530f119ad92
proposed_nsga2_bs_Gyorgy-KOVACS_WH_Narrow_AW_4_seed_118,proposed_nsga2_bs,Gyorgy-KOVACS_WH_Narrow_AW_4,118,2,auto_from_instance,12,18,4,30,216,,,,,13,4,4,root > V:28 > BH:27 > BV:19 > BV:19,selected,1,inf,True,680,262,418,472.0,1.0,1.0,True,True,1,1,0,True,1,1,0,0,True,True,0,6,5,6,5,4,RP,sampled_pool,,,False,0.16666666666666666,0.5,0.5,0.1,fixed,remove_random_aisle,offspring,feasible_start_adaptive_spacing,,,,feasible_start_adaptive_spacing,0.5,,True,auto_from_instance,0.75,0.35,"4,14,17,27,29,52","9,16,19,21,28",,,,,,"H[4,14,17,27,29,52]|V[9,16,19,21,28]",fc4825140fa5e2560776b4b932f5ef46c1588f36
proposed_nsga2_bs_Gyorgy-KOVACS_WH_Narrow_AW_4_seed_118,proposed_nsga2_bs,Gyorgy-KOVACS_WH_Narrow_AW_4,118,2,auto_from_instance,12,18,4,30,216,,,,,14,4,4,root > V:28 > BH:27 > BV:19 > BV:21,selected,2,inf,True,680,262,418,524.0,1.0,1.0,True,True,1,1,0,True,1,1,0,0,True,True,0,6,5,6,5,4,RP,sampled_pool,,,False,0.16666666666666666,0.5,0.5,0.1,fixed,remove_random_aisle,offspring,feasible_start_adaptive_spacing,,,,feasible_start_adaptive_spacing,0.5,,True,auto_from_instance,0.75,0.35,"4,14,17,27,29,52","9,16,19,21,28",,,,,,"H[4,14,17,27,29,52]|V[9,16,19,21,28]",334779b46d5c288ee3031362a71af20db7b63dd5
proposed_nsga2_bs_Gyorgy-KOVACS_WH_Narrow_AW_4_seed_118,proposed_nsga2_bs,Gyorgy-KOVACS_WH_Narrow_AW_4,118,2,auto_from_instance,12,18,4,30,216,,,,,15,4,4,root > V:28 > BH:27 > BV:19 > BV:21,selected,2,0.0,True,680,262,418,524.0,1.0,1.0,True,True,1,1,0,True,1,1,0,0,True,True,0,6,5,6,5,4,RP,sampled_pool,,,False,0.16666666666666666,0.5,0.5,0.1,fixed,remove_random_aisle,offspring,feasible_start_adaptive_spacing,,,,feasible_start_adaptive_spacing,0.5,,True,auto_from_instance,0.75,0.35,"4,14,17,27,29,52","9,16,19,21,28",,,,,,"H[4,14,17,27,29,52]|V[9,16,19,21,28]",8f2926ac3d427dac9f2e22e7dbb4782d03fe71f9
proposed_nsga2_bs_Gyorgy-KOVACS_WH_Narrow_AW_4_seed_118,proposed_nsga2_bs,Gyorgy-KOVACS_WH_Narrow_AW_4,118,2,auto_from_instance,12,18,4,30,216,,,,,16,4,4,root > V:28 > BH:27 > BV:19 > BV:17,selected,2,inf,True,680,262,418,524.0,1.0,1.0,True,True,1,1,0,True,1,1,0,0,True,True,0,6,6,6,6,4,RP,sampled_pool,,,False,0.16666666666666666,0.5,0.5,0.1,fixed,remove_random_aisle,offspring,feasible_start_adaptive_spacing,,,,feasible_start_adaptive_spacing,0.5,,True,auto_from_instance,0.75,0.35,"4,14,17,27,29,52","9,16,19,21,28",,,,,,"H[4,14,17,27,29,52]|V[9,16,17,19,21,28]",c3a8d798cccc0ae6137f5d1801f12286f82d75a7
proposed_nsga2_bs_Gyorgy-KOVACS_WH_Narrow_AW_4_seed_118,proposed_nsga2_bs,Gyorgy-KOVACS_WH_Narrow_AW_4,118,2,auto_from_instance,12,18,4,30,216,,,,,17,5,10,root > V:15 > BH:27 > BH:47 > BH:39 > BH:29 > BH:17 > BH:9 > BV:27 > BV:23 > BV:30,selected,0,inf,True,560,270,290,341.0,1.0,1.0,True,True,1,1,0,True,1,1,0,0,True,True,0,12,7,12,7,5,PF,sampled_pool,,,False,0.16666666666666666,0.5,0.5,0.1,fixed,spacing_aware_flip,offspring,feasible_start_adaptive_spacing,,,,feasible_start_adaptive_spacing,0.5,,True,auto_from_instance,0.75,0.35,"4,7,14,17,27,29,39,43,47,49,54","7,10,15,21,23,30",,,,,,"H[4,7,9,14,17,27,29,39,43,47,49,54]|V[7,10,15,21,23,27,30]",1fa9344c00a95c630e382533991ef575b2f5e6b5
proposed_nsga2_bs_Gyorgy-KOVACS_WH_Narrow_AW_4_seed_118,proposed_nsga2_bs,Gyorgy-KOVACS_WH_Narrow_AW_4,118,2,auto_from_instance,12,18,4,30,216,,,,,18,6,7,root > V:19 > BH:27 > BH:5 > BH:17 > BH:29 > BH:43 > BV:27,evaluated,7,inf,False,708,209,499,731.0,1.0,1.0,True,True,1,1,0,True,1,1,0,0,True,True,0,10,4,10,4,6,SS_LS_PF,sampled_pool,,,True,0.16666666666666666,0.5,0.5,0.1,fixed,insert_random_aisle,offspring,feasible_start_adaptive_spacing,,,,feasible_start_adaptive_spacing,0.5,,True,auto_from_instance,0.75,0.35,"7,17,27,29,30,39,43,49,52","16,19,26",,,,,,"H[5,7,17,27,29,30,39,43,49,52]|V[16,19,26,27]",1302a6d03f05106409b1d9dda76a6eb970e9c2ad
proposed_nsga2_bs_Gyorgy-KOVACS_WH_Narrow_AW_4_seed_118,proposed_nsga2_bs,Gyorgy-KOVACS_WH_Narrow_AW_4,118,2,auto_from_instance,12,18,4,30,216,,,,,19,6,7,root > V:19 > BH:27 > BH:49 > BH:37 > BH:25 > BH:11 > BV:27,evaluated,7,inf,False,708,209,499,731.0,1.0,1.0,True,True,1,1,0,True,1,1,0,0,True,True,0,12,4,12,4,6,SS_LS_PF,sampled_pool,,,True,0.16666666666666666,0.5,0.5,0.1,fixed,insert_random_aisle,offspring,feasible_start_adaptive_spacing,,,,feasible_start_adaptive_spacing,0.5,,True,auto_from_instance,0.75,0.35,"7,17,27,29,30,39,43,49,52","16,19,26",,,,,,"H[7,11,17,25,27,29,30,37,39,43,49,52]|V[16,19,26,27]",5eb11c4834fba4e092ff4cd66cbb2076b8174dca
proposed_nsga2_bs_Gyorgy-KOVACS_WH_Narrow_AW_4_seed_118,proposed_nsga2_bs,Gyorgy-KOVACS_WH_Narrow_AW_4,118,2,auto_from_instance,12,18,4,30,216,,,,,20,6,7,root > V:19 > BH:27 > BH:49 > BH:37 > BH:23 > BH:9 > BV:27,evaluated,8,inf,False,716,202,514,798.0,1.0,1.0,True,True,1,1,0,True,1,1,0,0,True,True,0,12,4,12,4,6,SS_LS_PF,sampled_pool,,,True,0.16666666666666666,0.5,0.5,0.1,fixed,insert_random_aisle,offspring,feasible_start_adaptive_spacing,,,,feasible_start_adaptive_spacing,0.5,,True,auto_from_instance,0.75,0.35,"7,17,27,29,30,39,43,49,52","16,19,26",,,,,,"H[7,9,17,23,27,29,30,37,39,43,49,52]|V[16,19,26,27]",e5a1d44a0f3c58eac24f4bb6686478a3c45f1979
proposed_nsga2_bs_Gyorgy-KOVACS_WH_Narrow_AW_4_seed_118,proposed_nsga2_bs,Gyorgy-KOVACS_WH_Narrow_AW_4,118,2,auto_from_instance,12,18,4,30,216,,,,,21,6,7,root > V:19 > BH:27 > BH:49 > BH:35 > BH:23 > BH:9 > BV:27,evaluated,9,inf,False,716,201,515,798.0,1.0,1.0,True,True,1,1,0,True,1,1,0,0,True,True,0,12,4,12,4,6,SS_LS_PF,sampled_pool,,,True,0.16666666666666666,0.5,0.5,0.1,fixed,insert_random_aisle,offspring,feasible_start_adaptive_spacing,,,,feasible_start_adaptive_spacing,0.5,,True,auto_from_instance,0.75,0.35,"7,17,27,29,30,39,43,49,52","16,19,26",,,,,,"H[7,9,17,23,27,29,30,35,39,43,49,52]|V[16,19,26,27]",fb4e6f9f188813649c9a7b868c530b94c3046527
proposed_nsga2_bs_Gyorgy-KOVACS_WH_Narrow_AW_4_seed_118,proposed_nsga2_bs,Gyorgy-KOVACS_WH_Narrow_AW_4,118,2,auto_from_instance,12,18,4,30,216,,,,,22,8,9,root > V:15 > BH:27 > BH:5 > BH:15 > BH:25 > BH:37 > BH:47 > BV:23 > BV:30,selected,1,inf,True,592,261,331,462.0,1.0,1.0,True,True,1,1,0,True,1,1,0,0,True,True,0,12,7,12,7,8,PF_SS,sampled_pool,,,True,0.16666666666666666,0.5,0.5,0.1,fixed,break_symmetry,offspring,feasible_start_adaptive_spacing,,,,feasible_start_adaptive_spacing,0.5,,True,auto_from_instance,0.75,0.35,"4,5,14,15,25,27,29,38,39,43,47","7,10,15,19,26",,,,,,"H[4,5,14,15,25,27,29,37,38,39,43,47]|V[7,10,15,19,23,26,30]",9ee2190bb5e677e5dd6004d3c767bf39ff3449fb
proposed_nsga2_bs_Gyorgy-KOVACS_WH_Narrow_AW_4_seed_118,proposed_nsga2_bs,Gyorgy-KOVACS_WH_Narrow_AW_4,118,2,auto_from_instance,12,18,4,30,216,,,,,23,8,9,root > V:15 > BH:27 > BH:49 > BH:39 > BH:29 > BH:17 > BH:7 > BV:23 > BV:30,selected,1,inf,True,592,261,331,462.0,1.0,1.0,True,True,1,1,0,True,1,1,0,0,True,True,0,14,7,14,7,8,PF_SS,sampled_pool,,,True,0.16666666666666666,0.5,0.5,0.1,fixed,break_symmetry,offspring,feasible_start_adaptive_spacing,,,,feasible_start_adaptive_spacing,0.5,,True,auto_from_instance,0.75,0.35,"4,5,14,15,25,27,29,38,39,43,47","7,10,15,19,26",,,,,,"H[4,5,7,14,15,17,25,27,29,38,39,43,47,49]|V[7,10,15,19,23,26,30]",eef866e48d563b788dc6683537da31dffdbde584
proposed_nsga2_bs_Gyorgy-KOVACS_WH_Narrow_AW_4_seed_118,proposed_nsga2_bs,Gyorgy-KOVACS_WH_Narrow_AW_4,118,2,auto_from_instance,12,18,4,30,216,,,,,24,10,7,root > H:9 > BH:29 > BH:49 > BH:39 > BH:17 > BV:19 > BV:27,evaluated,6,inf,False,688,229,459,639.0,1.0,1.0,True,True,1,1,0,True,1,1,0,0,True,True,0,11,4,11,4,10,RP_LS,sampled_pool,,,False,0.16666666666666666,0.5,0.5,0.1,fixed,swap_segments,offspring,feasible_start_adaptive_spacing,,,,feasible_start_adaptive_spacing,0.5,,True,auto_from_instance,0.75,0.35,"6,9,17,27,29,38,39,43,47,52","16,19,26",,,,,,"H[6,9,17,27,29,38,39,43,47,49,52]|V[16,19,26,27]",658efa7c7d1393b207418104911d3ddbb956c3d6
proposed_nsga2_bs_Gyorgy-KOVACS_WH_Narrow_AW_4_seed_118,proposed_nsga2_bs,Gyorgy-KOVACS_WH_Narrow_AW_4,118,2,auto_from_instance,12,18,4,30,216,,,,,25,11,8,root > H:43 > BH:23 > BH:5 > BV:23 > BH:35 > BH:15 > BH:53 > BH:53,evaluated,5,inf,False,644,219,425,572.0,1.0,1.0,True,True,1,1,0,True,1,1,0,0,True,True,0,16,3,16,3,11,SS_PF_LS,sampled_pool,,,True,0.16666666666666666,0.5,0.5,0.1,fixed,bit_flip,offspring,feasible_start_adaptive_spacing,,,,feasible_start_adaptive_spacing,0.5,,True,auto_from_instance,0.75,0.35,"6,9,17,25,27,29,37,39,43,47,57","15,21,23",,,,,,"H[5,6,9,15,17,23,25,27,29,35,37,39,43,47,53,57]|V[15,21,23]",91675bf1b7af5a407ac09c8f740e8564c26a0262
proposed_nsga2_bs_Gyorgy-KOVACS_WH_Narrow_AW_4_seed_118,proposed_nsga2_bs,Gyorgy-KOVACS_WH_Narrow_AW_4,118,2,auto_from_instance,12,18,4,30,216,,,,,26,11,8,root > H:43 > BH:23 > BH:5 > BV:23 > BH:35 > BH:13 > BH:53 > BH:53,evaluated,5,inf,False,644,219,425,572.0,1.0,1.0,True,True,1,1,0,True,1,1,0,0,True,True,0,16,3,16,3,11,SS_PF_LS,sampled_pool,,,True,0.16666666666666666,0.5,0.5,0.1,fixed,bit_flip,offspring,feasible_start_adaptive_spacing,,,,feasible_start_adaptive_spacing,0.5,,True,auto_from_instance,0.75,0.35,"6,9,17,25,27,29,37,39,43,47,57","15,21,23",,,,,,"H[5,6,9,13,17,23,25,27,29,35,37,39,43,47,53,57]|V[15,21,23]",e1db218ff9c69a9ff222509d79c6eaba1bb49fe3
proposed_nsga2_bs_Gyorgy-KOVACS_WH_Narrow_AW_4_seed_118,proposed_nsga2_bs,Gyorgy-KOVACS_WH_Narrow_AW_4,118,3,auto_from_instance,12,18,4,30,216,,,,,1,1,4,root > V:27 > BH:27 > BV:19 > BV:19,selected,2,inf,True,684,260,424,484.0,1.0,1.0,True,True,1,1,0,True,1,1,0,0,True,True,0,13,8,13,8,1,SS_PF_LS,sampled_pool,,,True,0.2222222222222222,0.5,0.5,0.1,fixed,bit_flip,offspring,feasible_start_adaptive_spacing,,,,feasible_start_adaptive_spacing,0.5,,True,auto_from_instance,0.75,0.35,"4,7,9,14,15,17,25,27,29,38,39,43,47","7,10,15,21,23,27,30",,,,,,"H[4,7,9,14,15,17,25,27,29,38,39,43,47]|V[7,10,15,19,21,23,27,30]",9baad5a6d6d08df213ec54891109e23b1069a9a5
proposed_nsga2_bs_Gyorgy-KOVACS_WH_Narrow_AW_4_seed_118,proposed_nsga2_bs,Gyorgy-KOVACS_WH_Narrow_AW_4,118,3,auto_from_instance,12,18,4,30,216,,,,,2,1,4,root > V:27 > BH:27 > BV:17 > BV:19,selected,2,0.0,True,684,260,424,484.0,1.0,1.0,True,True,1,1,0,True,1,1,0,0,True,True,0,13,9,13,9,1,SS_PF_LS,sampled_pool,,,True,0.2222222222222222,0.5,0.5,0.1,fixed,bit_flip,offspring,feasible_start_adaptive_spacing,,,,feasible_start_adaptive_spacing,0.5,,True,auto_from_instance,0.75,0.35,"4,7,9,14,15,17,25,27,29,38,39,43,47","7,10,15,21,23,27,30",,,,,,"H[4,7,9,14,15,17,25,27,29,38,39,43,47]|V[7,10,15,17,19,21,23,27,30]",7ea492661f4a7d780540a41c5bfc758906148e19
proposed_nsga2_bs_Gyorgy-KOVACS_WH_Narrow_AW_4_seed_118,proposed_nsga2_bs,Gyorgy-KOVACS_WH_Narrow_AW_4,118,3,auto_from_instance,12,18,4,30,216,,,,,3,1,4,root > V:27 > BH:27 > BV:19 > BV:17,evaluated,2,0.0,False,684,260,424,484.0,1.0,1.0,True,True,1,1,0,True,1,1,0,0,True,True,0,13,9,13,9,1,SS_PF_LS,sampled_pool,,,True,0.2222222222222222,0.5,0.5,0.1,fixed,bit_flip,offspring,feasible_start_adaptive_spacing,,,,feasible_start_adaptive_spacing,0.5,,True,auto_from_instance,0.75,0.35,"4,7,9,14,15,17,25,27,29,38,39,43,47","7,10,15,21,23,27,30",,,,,,"H[4,7,9,14,15,17,25,27,29,38,39,43,47]|V[7,10,15,17,19,21,23,27,30]",59c55a28d53f47701301421f850890ad1de7d63b
proposed_nsga2_bs_Gyorgy-KOVACS_WH_Narrow_AW_4_seed_118,proposed_nsga2_bs,Gyorgy-KOVACS_WH_Narrow_AW_4,118,3,auto_from_instance,12,18,4,30,216,,,,,4,1,4,root > V:27 > BH:27 > BV:17 > BV:17,selected,2,inf,True,684,260,424,484.0,1.0,1.0,True,True,1,1,0,True,1,1,0,0,True,True,0,13,8,13,8,1,SS_PF_LS,sampled_pool,,,True,0.2222222222222222,0.5,0.5,0.1,fixed,bit_flip,offspring,feasible_start_adaptive_spacing,,,,feasible_start_adaptive_spacing,0.5,,True,auto_from_instance,0.75,0.35,"4,7,9,14,15,17,25,27,29,38,39,43,47","7,10,15,21,23,27,30",,,,,,"H[4,7,9,14,15,17,25,27,29,38,39,43,47]|V[7,10,15,17,21,23,27,30]",6732d5258a9313035bead181283e041def90bbb2
proposed_nsga2_bs_Gyorgy-KOVACS_WH_Narrow_AW_4_seed_118,proposed_nsga2_bs,Gyorgy-KOVACS_WH_Narrow_AW_4,118,3,auto_from_instance,12,18,4,30,216,,,,,5,2,4,root > V:30 > BH:27 > BV:21 > BV:21,evaluated,4,inf,False,672,206,466,676.0,1.0,1.0,True,True,1,1,0,True,1,1,0,0,True,True,0,11,8,11,8,2,RP_LS,sampled_pool,,,False,0.2222222222222222,0.5,0.5,0.1,fixed,remove_random_aisle,offspring,feasible_start_adaptive_spacing,,,,feasible_start_adaptive_spacing,0.5,,True,auto_from_instance,0.75,0.35,"4,5,7,14,17,27,29,39,43,47,54","7,10,15,19,23,26,30",,,,,,"H[4,5,7,14,17,27,29,39,43,47,54]|V[7,10,15,19,21,23,26,30]",5dff680449ea54ef73abf8585de0c2ba440a4835
proposed_nsga2_bs_Gyorgy-KOVACS_WH_Narrow_AW_4_seed_118,proposed_nsga2_bs,Gyorgy-KOVACS_WH_Narrow_AW_4,118,3,auto_from_instance,12,18,4,30,216,,,,,6,2,4,root > V:30 > BH:27 > BV:19 > BV:21,evaluated,4,0.0,False,672,206,466,676.0,1.0,1.0,True,True,1,1,0,True,1,1,0,0,True,True,0,11,8,11,8,2,RP_LS,sampled_pool,,,False,0.2222222222222222,0.5,0.5,0.1,fixed,remove_random_aisle,offspring,feasible_start_adaptive_spacing,,,,feasible_start_adaptive_spacing,0.5,,True,auto_from_instance,0.75,0.35,"4,5,7,14,17,27,29,39,43,47,54","7,10,15,19,23,26,30",,,,,,"H[4,5,7,14,17,27,29,39,43,47,54]|V[7,10,15,19,21,23,26,30]",8bd280773c3be24cfc914a42e887aea361f9570c
proposed_nsga2_bs_Gyorgy-KOVACS_WH_Narrow_AW_4_seed_118,proposed_nsga2_bs,Gyorgy-KOVACS_WH_Narrow_AW_4,118,3,auto_from_instance,12,18,4,30,216,,,,,7,2,4,root > V:30 > BH:27 > BV:21 > BV:19,evaluated,4,0.0,False,672,206,466,676.0,1.0,1.0,True,True,1,1,0,True,1,1,0,0,True,True,0,11,8,11,8,2,RP_LS,sampled_pool,,,False,0.2222222222222222,0.5,0.5,0.1,fixed,remove_random_aisle,offspring,feasible_start_adaptive_spacing,,,,feasible_start_adaptive_spacing,0.5,,True,auto_from_instance,0.75,0.35,"4,5,7,14,17,27,29,39,43,47,54","7,10,15,19,23,26,30",,,,,,"H[4,5,7,14,17,27,29,39,43,47,54]|V[7,10,15,19,21,23,26,30]",0ed2b993601a455ad3c48ac7828910fea4b1be83
proposed_nsga2_bs_Gyorgy-KOVACS_WH_Narrow_AW_4_seed_118,proposed_nsga2_bs,Gyorgy-KOVACS_WH_Narrow_AW_4,118,3,auto_from_instance,12,18,4,30,216,,,,,8,2,4,root > V:30 > BH:27 > BV:19 > BV:19,evaluated,4,inf,False,672,206,466,676.0,1.0,1.0,True,True,1,1,0,True,1,1,0,0,True,True,0,11,7,11,7,2,RP_LS,sampled_pool,,,False,0.2222222222222222,0.5,0.5,0.1,fixed,remove_random_aisle,offspring,feasible_start_adaptive_spacing,,,,feasible_start_adaptive_spacing,0.5,,True,auto_from_instance,0.75,0.35,"4,5,7,14,17,27,29,39,43,47,54","7,10,15,19,23,26,30",,,,,,"H[4,5,7,14,17,27,29,39,43,47,54]|V[7,10,15,19,23,26,30]",1d86290022dd5e2c97367644c31a54117380bf1c
proposed_nsga2_bs_Gyorgy-KOVACS_WH_Narrow_AW_4_seed_118,proposed_nsga2_bs,Gyorgy-KOVACS_WH_Narrow_AW_4,118,3,auto_from_instance,12,18,4,30,216,,,,,9,4,4,root > V:28 > BH:27 > BV:19 > BV:19,selected,1,inf,True,680,262,418,472.0,1.0,1.0,True,True,1,1,0,True,1,1,0,0,True,True,0,11,6,11,6,4,PF_RP,sampled_pool,,,False,0.2222222222222222,0.5,0.5,0.1,fixed,remove_random_aisle,offspring,feasible_start_adaptive_spacing,,,,feasible_start_adaptive_spacing,0.5,,True,auto_from_instance,0.75,0.35,"4,6,10,12,20,22,25,26,27,34,52","9,16,17,23,28",,,,,,"H[4,6,10,12,20,22,25,26,27,34,52]|V[9,16,17,19,23,28]",fc4825140fa5e2560776b4b932f5ef46c1588f36
proposed_nsga2_bs_Gyorgy-KOVACS_WH_Narrow_AW_4_seed_118,proposed_nsga2_bs,Gyorgy-KOVACS_WH_Narrow_AW_4,118,3,auto_from_instance,12,18,4,30,216,,,,,10,4,4,root > V:28 > BH:27 > BV:19 > BV:21,selected,2,inf,True,680,262,418,524.0,1.0,1.0,True,True,1,1,0,True,1,1,0,0,True,True,0,11,7,11,7,4,PF_RP,sampled_pool,,,False,0.2222222222222222,0.5,0.5,0.1,fixed,remove_random_aisle,offspring,feasible_start_adaptive_spacing,,,,feasible_start_adaptive_spacing,0.5,,True,auto_from_instance,0.75,0.35,"4,6,10,12,20,22,25,26,27,34,52","9,16,17,23,28",,,,,,"H[4,6,10,12,20,22,25,26,27,34,52]|V[9,16,17,19,21,23,28]",334779b46d5c288ee3031362a71af20db7b63dd5
proposed_nsga2_bs_Gyorgy-KOVACS_WH_Narrow_AW_4_seed_118,proposed_nsga2_bs,Gyorgy-KOVACS_WH_Narrow_AW_4,118,3,auto_from_instance,12,18,4,30,216,,,,,11,4,4,root > V:28 > BH:27 > BV:19 > BV:21,evaluated,2,0.0,False,680,262,418,524.0,1.0,1.0,True,True,1,1,0,True,1,1,0,0,True,True,0,11,7,11,7,4,PF_RP,sampled_pool,,,False,0.2222222222222222,0.5,0.5,0.1,fixed,remove_random_aisle,offspring,feasible_start_adaptive_spacing,,,,feasible_start_adaptive_spacing,0.5,,True,auto_from_instance,0.75,0.35,"4,6,10,12,20,22,25,26,27,34,52","9,16,17,23,28",,,,,,"H[4,6,10,12,20,22,25,26,27,34,52]|V[9,16,17,19,21,23,28]",8f2926ac3d427dac9f2e22e7dbb4782d03fe71f9
proposed_nsga2_bs_Gyorgy-KOVACS_WH_Narrow_AW_4_seed_118,proposed_nsga2_bs,Gyorgy-KOVACS_WH_Narrow_AW_4,118,3,auto_from_instance,12,18,4,30,216,,,,,12,4,4,root > V:28 > BH:27 > BV:19 > BV:17,selected,2,1.0051169590643274,True,680,262,418,524.0,1.0,1.0,True,True,1,1,0,True,1,1,0,0,True,True,0,11,6,11,6,4,PF_RP,sampled_pool,,,False,0.2222222222222222,0.5,0.5,0.1,fixed,remove_random_aisle,offspring,feasible_start_adaptive_spacing,,,,feasible_start_adaptive_spacing,0.5,,True,auto_from_instance,0.75,0.35,"4,6,10,12,20,22,25,26,27,34,52","9,16,17,23,28",,,,,,"H[4,6,10,12,20,22,25,26,27,34,52]|V[9,16,17,19,23,28]",c3a8d798cccc0ae6137f5d1801f12286f82d75a7
proposed_nsga2_bs_Gyorgy-KOVACS_WH_Narrow_AW_4_seed_118,proposed_nsga2_bs,Gyorgy-KOVACS_WH_Narrow_AW_4,118,3,auto_from_instance,12,18,4,30,216,,,,,13,5,9,root > V:19 > BH:27 > BH:47 > BH:39 > BH:29 > BH:17 > BH:9 > BV:27 > BV:27,selected,1,inf,True,648,232,416,443.0,1.0,1.0,True,True,1,1,0,True,1,1,0,0,True,True,0,12,6,12,6,5,PF,sampled_pool,,,False,0.2222222222222222,0.5,0.5,0.1,fixed,break_symmetry,offspring,feasible_start_adaptive_spacing,,,,feasible_start_adaptive_spacing,0.5,,True,auto_from_instance,0.75,0.35,"4,14,17,25,27,29,37,38,39,42,47","9,19,23,26,30",,,,,,"H[4,9,14,17,25,27,29,37,38,39,42,47]|V[9,19,23,26,27,30]",0a34358c5c0e9deafcc5aa5bce9593a6a002f13b
proposed_nsga2_bs_Gyorgy-KOVACS_WH_Narrow_AW_4_seed_118,proposed_nsga2_bs,Gyorgy-KOVACS_WH_Narrow_AW_4,118,3,auto_from_instance,12,18,4,30,216,,,,,14,6,4,root > V:28 > BH:27 > BV:21 > BV:21,evaluated,3,inf,False,680,262,418,576.0,1.0,1.0,True,True,1,1,0,True,1,1,0,0,True,True,0,7,7,7,7,6,LS,sampled_pool,,,False,0.2222222222222222,0.5,0.5,0.1,fixed,swap_segments,offspring,feasible_start_adaptive_spacing,,,,feasible_start_adaptive_spacing,0.5,,True,auto_from_instance,0.75,0.35,"4,5,14,15,27,29,52","7,10,16,19,21,27,28",,,,,,"H[4,5,14,15,27,29,52]|V[7,10,16,19,21,27,28]",67a6f4f8f954f77d80a9f7aeff15d9041dc361bd
proposed_nsga2_bs_Gyorgy-KOVACS_WH_Narrow_AW_4_seed_118,proposed_nsga2_bs,Gyorgy-KOVACS_WH_Narrow_AW_4,118,3,auto_from_instance,12,18,4,30,216,,,,,15,6,4,root > V:28 > BH:27 > BV:17 > BV:21,evaluated,3,inf,False,680,262,418,576.0,1.0,1.0,True,True,1,1,0,True,1,1,0,0,True,True,0,7,8,7,8,6,LS,sampled_pool,,,False,0.2222222222222222,0.5,0.5,0.1,fixed,swap_segments,offspring,feasible_start_adaptive_spacing,,,,feasible_start_adaptive_spacing,0.5,,True,auto_from_instance,0.75,0.35,"4,5,14,15,27,29,52","7,10,16,19,21,27,28",,,,,,"H[4,5,14,15,27,29,52]|V[7,10,16,17,19,21,27,28]",0cf129bcce89e5f8a26de7d155210a53886c00dc
proposed_nsga2_bs_Gyorgy-KOVACS_WH_Narrow_AW_4_seed_118,proposed_nsga2_bs,Gyorgy-KOVACS_WH_Narrow_AW_4,118,3,auto_from_instance,12,18,4,30,216,,,,,16,8,8,root > V:16 > BH:27 > BH:5 > BH:15 > BH:25 > BH:37 > BH:47 > BV:26,selected,1,inf,True,632,246,386,550.0,1.0,1.0,True,True,1,1,0,True,1,1,0,0,True,True,0,13,10,13,10,8,LS_RP,sampled_pool,,,False,0.2222222222222222,0.5,0.5,0.1,fixed,bit_flip,offspring,feasible_start_adaptive_spacing,,,,feasible_start_adaptive_spacing,0.5,,True,auto_from_instance,0.75,0.35,"4,5,14,17,27,29,37,38,39,43,47","7,10,16,17,19,21,23,26,27,30",,,,,,"H[4,5,14,15,17,25,27,29,37,38,39,43,47]|V[7,10,16,17,19,21,23,26,27,30]",08ee812bc396556b6550be0bd82f9266dcd2fe55
proposed_nsga2_bs_Gyorgy-KOVACS_WH_Narrow_AW_4_seed_118,proposed_nsga2_bs,Gyorgy-KOVACS_WH_Narrow_AW_4,118,3,auto_from_instance,12,18,4,30,216,,,,,17,8,8,root > V:16 > BH:27 > BH:49 > BH:39 > BH:29 > BH:17 > BH:7 > BV:26,selected,1,inf,True,632,246,386,550.0,1.0,1.0,True,True,1,1,0,True,1,1,0,0,True,True,0,13,10,13,10,8,LS_RP,sampled_pool,,,False,0.2222222222222222,0.5,0.5,0.1,fixed,bit_flip,offspring,feasible_start_adaptive_spacing,,,,feasible_start_adaptive_spacing,0.5,,True,auto_from_instance,0.75,0.35,"4,5,14,17,27,29,37,38,39,43,47","7,10,16,17,19,21,23,26,27,30",,,,,,"H[4,5,7,14,17,27,29,37,38,39,43,47,49]|V[7,10,16,17,19,21,23,26,27,30]",660d9dab711cc8220a7c4152b9d81284ad744a59
proposed_nsga2_bs_Gyorgy-KOVACS_WH_Narrow_AW_4_seed_118,proposed_nsga2_bs,Gyorgy-KOVACS_WH_Narrow_AW_4,118,3,auto_from_instance,12,18,4,30,216,,,,,18,8,8,root > V:16 > BH:27 > BH:5 > BH:15 > BH:25 > BH:37 > BH:47 > BV:24,selected,2,inf,True,632,246,386,628.0,1.0,1.0,True,True,1,1,0,True,1,1,0,0,True,True,0,13,11,13,11,8,LS_RP,sampled_pool,,,False,0.2222222222222222,0.5,0.5,0.1,fixed,bit_flip,offspring,feasible_start_adaptive_spacing,,,,feasible_start_adaptive_spacing,0.5,,True,auto_from_instance,0.75,0.35,"4,5,14,17,27,29,37,38,39,43,47","7,10,16,17,19,21,23,26,27,30",,,,,,"H[4,5,14,15,17,25,27,29,37,38,39,43,47]|V[7,10,16,17,19,21,23,24,26,27,30]",fe71932ea9ef92cbca4e0b578f20f6e88be50370
proposed_nsga2_bs_Gyorgy-KOVACS_WH_Narrow_AW_4_seed_118,proposed_nsga2_bs,Gyorgy-KOVACS_WH_Narrow_AW_4,118,3,auto_from_instance,12,18,4,30,216,,,,,19,8,8,root > V:16 > BH:27 > BH:49 > BH:39 > BH:29 > BH:17 > BH:7 > BV:24,selected,2,inf,True,632,246,386,628.0,1.0,1.0,True,True,1,1,0,True,1,1,0,0,True,True,0,13,11,13,11,8,LS_RP,sampled_pool,,,False,0.2222222222222222,0.5,0.5,0.1,fixed,bit_flip,offspring,feasible_start_adaptive_spacing,,,,feasible_start_adaptive_spacing,0.5,,True,auto_from_instance,0.75,0.35,"4,5,14,17,27,29,37,38,39,43,47","7,10,16,17,19,21,23,26,27,30",,,,,,"H[4,5,7,14,17,27,29,37,38,39,43,47,49]|V[7,10,16,17,19,21,23,24,26,27,30]",9696e3fb0a981a3c866440c46c54987a8cf3ab94
proposed_nsga2_bs_Gyorgy-KOVACS_WH_Narrow_AW_4_seed_118,proposed_nsga2_bs,Gyorgy-KOVACS_WH_Narrow_AW_4,118,3,auto_from_instance,12,18,4,30,216,,,,,20,11,4,root > V:30 > BH:27 > BV:17 > BV:21,evaluated,5,inf,False,672,206,466,780.0,1.0,1.0,True,True,1,1,0,True,1,1,0,0,True,True,0,13,9,13,9,11,LS_PF,sampled_pool,,,False,0.2222222222222222,0.5,0.5,0.1,fixed,spacing_aware_flip,offspring,feasible_start_adaptive_spacing,,,,feasible_start_adaptive_spacing,0.5,,True,auto_from_instance,0.75,0.35,"4,5,14,15,25,27,29,37,38,39,43,47,53","7,10,15,19,23,26,30",,,,,,"H[4,5,14,15,25,27,29,37,38,39,43,47,53]|V[7,10,15,17,19,21,23,26,30]",bc685e60674e71127d94e1bc63528c1909b02162
proposed_nsga2_bs_Gyorgy-KOVACS_WH_Narrow_AW_4_seed_118,proposed_nsga2_bs,Gyorgy-KOVACS_WH_Narrow_AW_4,118,3,auto_from_instance,12,18,4,30,216,,,,,21,12,10,root > V:15 > BH:27 > BH:47 > BH:39 > BH:29 > BH:17 > BH:9 > BV:27 > BV:23 > BV:30,selected,0,inf,True,560,270,290,341.0,1.0,1.0,True,True,1,1,0,True,1,1,0,0,True,True,0,16,8,16,8,12,PF,sampled_pool,,,False,0.2222222222222222,0.5,0.5,0.1,fixed,insert_random_aisle,offspring,feasible_start_adaptive_spacing,,,,feasible_start_adaptive_spacing,0.5,,True,auto_from_instance,0.75,0.35,"4,5,7,14,15,17,25,27,29,38,39,40,43,47,49","7,10,15,19,23,26,30",,,,,,"H[4,5,7,9,14,15,17,25,27,29,38,39,40,43,47,49]|V[7,10,15,19,23,26,27,30]",1fa9344c00a95c630e382533991ef575b2f5e6b5
proposed_nsga2_bs_Gyorgy-KOVACS_WH_Narrow_AW_4_seed_118,proposed_nsga2_bs,Gyorgy-KOVACS_WH_Narrow_AW_4,118,4,auto_from_instance,12,18,4,30,216,,,,,1,1,4,root > V:27 > BH:27 > BV:19 > BV:19,selected,1,inf,True,684,260,424,484.0,1.0,1.0,True,True,1,1,0,True,1,1,0,0,True,True,0,13,9,13,9,1,SS,sampled_pool,,,True,0.2777777777777778,0.5,0.5,0.1,fixed,remove_random_aisle,offspring,feasible_start_adaptive_spacing,,,,feasible_start_adaptive_spacing,0.5,,True,auto_from_instance,0.75,0.35,"7,9,14,15,17,25,27,29,38,39,43,47,49","7,10,16,17,19,21,23,27,30",,,,,,"H[7,9,14,15,17,25,27,29,38,39,43,47,49]|V[7,10,16,17,19,21,23,27,30]",9baad5a6d6d08df213ec54891109e23b1069a9a5
proposed_nsga2_bs_Gyorgy-KOVACS_WH_Narrow_AW_4_seed_118,proposed_nsga2_bs,Gyorgy-KOVACS_WH_Narrow_AW_4,118,4,auto_from_instance,12,18,4,30,216,,,,,2,1,4,root > V:27 > BH:27 > BV:17 > BV:19,selected,1,0.0,True,684,260,424,484.0,1.0,1.0,True,True,1,1,0,True,1,1,0,0,True,True,0,13,9,13,9,1,SS,sampled_pool,,,True,0.2777777777777778,0.5,0.5,0.1,fixed,remove_random_aisle,offspring,feasible_start_adaptive_spacing,,,,feasible_start_adaptive_spacing,0.5,,True,auto_from_instance,0.75,0.35,"7,9,14,15,17,25,27,29,38,39,43,47,49","7,10,16,17,19,21,23,27,30",,,,,,"H[7,9,14,15,17,25,27,29,38,39,43,47,49]|V[7,10,16,17,19,21,23,27,30]",7ea492661f4a7d780540a41c5bfc758906148e19
proposed_nsga2_bs_Gyorgy-KOVACS_WH_Narrow_AW_4_seed_118,proposed_nsga2_bs,Gyorgy-KOVACS_WH_Narrow_AW_4,118,4,auto_from_instance,12,18,4,30,216,,,,,3,1,4,root > V:27 > BH:27 > BV:19 > BV:17,selected,1,0.0,True,684,260,424,484.0,1.0,1.0,True,True,1,1,0,True,1,1,0,0,True,True,0,13,9,13,9,1,SS,sampled_pool,,,True,0.2777777777777778,0.5,0.5,0.1,fixed,remove_random_aisle,offspring,feasible_start_adaptive_spacing,,,,feasible_start_adaptive_spacing,0.5,,True,auto_from_instance,0.75,0.35,"7,9,14,15,17,25,27,29,38,39,43,47,49","7,10,16,17,19,21,23,27,30",,,,,,"H[7,9,14,15,17,25,27,29,38,39,43,47,49]|V[7,10,16,17,19,21,23,27,30]",59c55a28d53f47701301421f850890ad1de7d63b
proposed_nsga2_bs_Gyorgy-KOVACS_WH_Narrow_AW_4_seed_118,proposed_nsga2_bs,Gyorgy-KOVACS_WH_Narrow_AW_4,118,4,auto_from_instance,12,18,4,30,216,,,,,4,1,4,root > V:27 > BH:27 > BV:17 > BV:17,selected,1,inf,True,684,260,424,484.0,1.0,1.0,True,True,1,1,0,True,1,1,0,0,True,True,0,13,9,13,9,1,SS,sampled_pool,,,True,0.2777777777777778,0.5,0.5,0.1,fixed,remove_random_aisle,offspring,feasible_start_adaptive_spacing,,,,feasible_start_adaptive_spacing,0.5,,True,auto_from_instance,0.75,0.35,"7,9,14,15,17,25,27,29,38,39,43,47,49","7,10,16,17,19,21,23,27,30",,,,,,"H[7,9,14,15,17,25,27,29,38,39,43,47,49]|V[7,10,16,17,19,21,23,27,30]",6732d5258a9313035bead181283e041def90bbb2
proposed_nsga2_bs_Gyorgy-KOVACS_WH_Narrow_AW_4_seed_118,proposed_nsga2_bs,Gyorgy-KOVACS_WH_Narrow_AW_4,118,4,auto_from_instance,12,18,4,30,216,,,,,5,3,4,root > V:28 > BH:27 > BV:19 > BV:19,selected,0,inf,True,680,262,418,472.0,1.0,1.0,True,True,1,1,0,True,1,1,0,0,True,True,0,11,7,11,7,3,PF_RP,sampled_pool,,,False,0.2777777777777778,0.5,0.5,0.1,fixed,spacing_aware_flip,offspring,feasible_start_adaptive_spacing,,,,feasible_start_adaptive_spacing,0.5,,True,auto_from_instance,0.75,0.35,"4,6,10,12,20,22,25,26,27,34,52","9,16,17,19,23,28,33",,,,,,"H[4,6,10,12,20,22,25,26,27,34,52]|V[9,16,17,19,23,28,33]",fc4825140fa5e2560776b4b932f5ef46c1588f36
proposed_nsga2_bs_Gyorgy-KOVACS_WH_Narrow_AW_4_seed_118,proposed_nsga2_bs,Gyorgy-KOVACS_WH_Narrow_AW_4,118,4,auto_from_instance,12,18,4,30,216,,,,,6,3,4,root > V:28 > BH:27 > BV:19 > BV:21,selected,1,inf,True,680,262,418,524.0,1.0,1.0,True,True,1,1,0,True,1,1,0,0,True,True,0,11,8,11,8,3,PF_RP,sampled_pool,,,False,0.2777777777777778,0.5,0.5,0.1,fixed,spacing_aware_flip,offspring,feasible_start_adaptive_spacing,,,,feasible_start_adaptive_spacing,0.5,,True,auto_from_instance,0.75,0.35,"4,6,10,12,20,22,25,26,27,34,52","9,16,17,19,23,28,33",,,,,,"H[4,6,10,12,20,22,25,26,27,34,52]|V[9,16,17,19,21,23,28,33]",334779b46d5c288ee3031362a71af20db7b63dd5
proposed_nsga2_bs_Gyorgy-KOVACS_WH_Narrow_AW_4_seed_118,proposed_nsga2_bs,Gyorgy-KOVACS_WH_Narrow_AW_4,118,4,auto_from_instance,12,18,4,30,216,,,,,7,3,4,root > V:28 > BH:27 > BV:19 > BV:21,selected,1,0.0,True,680,262,418,524.0,1.0,1.0,True,True,1,1,0,True,1,1,0,0,True,True,0,11,8,11,8,3,PF_RP,sampled_pool,,,False,0.2777777777777778,0.5,0.5,0.1,fixed,spacing_aware_flip,offspring,feasible_start_adaptive_spacing,,,,feasible_start_adaptive_spacing,0.5,,True,auto_from_instance,0.75,0.35,"4,6,10,12,20,22,25,26,27,34,52","9,16,17,19,23,28,33",,,,,,"H[4,6,10,12,20,22,25,26,27,34,52]|V[9,16,17,19,21,23,28,33]",8f2926ac3d427dac9f2e22e7dbb4782d03fe71f9
proposed_nsga2_bs_Gyorgy-KOVACS_WH_Narrow_AW_4_seed_118,proposed_nsga2_bs,Gyorgy-KOVACS_WH_Narrow_AW_4,118,4,auto_from_instance,12,18,4,30,216,,,,,8,3,4,root > V:28 > BH:27 > BV:19 > BV:17,selected,1,0.5737179487179487,True,680,262,418,524.0,1.0,1.0,True,True,1,1,0,True,1,1,0,0,True,True,0,11,7,11,7,3,PF_RP,sampled_pool,,,False,0.2777777777777778,0.5,0.5,0.1,fixed,spacing_aware_flip,offspring,feasible_start_adaptive_spacing,,,,feasible_start_adaptive_spacing,0.5,,True,auto_from_instance,0.75,0.35,"4,6,10,12,20,22,25,26,27,34,52","9,16,17,19,23,28,33",,,,,,"H[4,6,10,12,20,22,25,26,27,34,52]|V[9,16,17,19,23,28,33]",c3a8d798cccc0ae6137f5d1801f12286f82d75a7
proposed_nsga2_bs_Gyorgy-KOVACS_WH_Narrow_AW_4_seed_118,proposed_nsga2_bs,Gyorgy-KOVACS_WH_Narrow_AW_4,118,4,auto_from_instance,12,18,4,30,216,,,,,9,5,8,root > V:16 > BH:27 > BH:49 > BH:41 > BH:29 > BH:17 > BH:9 > BV:26,selected,1,inf,True,624,252,372,562.0,1.0,1.0,True,True,1,1,0,True,1,1,0,0,True,True,0,16,12,16,12,5,PF,sampled_pool,,,False,0.2777777777777778,0.5,0.5,0.1,fixed,spacing_aware_flip,offspring,feasible_start_adaptive_spacing,,,,feasible_start_adaptive_spacing,0.5,,True,auto_from_instance,0.75,0.35,"4,5,14,15,17,25,27,29,37,38,39,43,47","7,10,16,17,19,21,23,24,26,27,30,34",,,,,,"H[4,5,9,14,15,17,25,27,29,37,38,39,41,43,47,49]|V[7,10,16,17,19,21,23,24,26,27,30,34]",8498d8f1059034f9f144b058e7e18d5585555d05
proposed_nsga2_bs_Gyorgy-KOVACS_WH_Narrow_AW_4_seed_118,proposed_nsga2_bs,Gyorgy-KOVACS_WH_Narrow_AW_4,118,4,auto_from_instance,12,18,4,30,216,,,,,10,5,8,root > V:16 > BH:27 > BH:49 > BH:39 > BH:29 > BH:17 > BH:9 > BV:26,selected,0,inf,True,624,252,372,534.0,1.0,1.0,True,True,1,1,0,True,1,1,0,0,True,True,0,15,12,15,12,5,PF,sampled_pool,,,False,0.2777777777777778,0.5,0.5,0.1,fixed,spacing_aware_flip,offspring,feasible_start_adaptive_spacing,,,,feasible_start_adaptive_spacing,0.5,,True,auto_from_instance,0.75,0.35,"4,5,14,15,17,25,27,29,37,38,39,43,47","7,10,16,17,19,21,23,24,26,27,30,34",,,,,,"H[4,5,9,14,15,17,25,27,29,37,38,39,43,47,49]|V[7,10,16,17,19,21,23,24,26,27,30,34]",04b9835ae17dcf7a9c8af907330db39e1d2fb2b9
proposed_nsga2_bs_Gyorgy-KOVACS_WH_Narrow_AW_4_seed_118,proposed_nsga2_bs,Gyorgy-KOVACS_WH_Narrow_AW_4,118,4,auto_from_instance,12,18,4,30,216,,,,,11,5,8,root > V:16 > BH:27 > BH:49 > BH:41 > BH:29 > BH:17 > BH:9 > BV:24,evaluated,3,inf,False,624,252,372,666.0,1.0,1.0,True,True,1,1,0,True,1,1,0,0,True,True,0,16,12,16,12,5,PF,sampled_pool,,,False,0.2777777777777778,0.5,0.5,0.1,fixed,spacing_aware_flip,offspring,feasible_start_adaptive_spacing,,,,feasible_start_adaptive_spacing,0.5,,True,auto_from_instance,0.75,0.35,"4,5,14,15,17,25,27,29,37,38,39,43,47","7,10,16,17,19,21,23,24,26,27,30,34",,,,,,"H[4,5,9,14,15,17,25,27,29,37,38,39,41,43,47,49]|V[7,10,16,17,19,21,23,24,26,27,30,34]",b03a188135e15721b5fdacc1e2599f0e913cdfd0
proposed_nsga2_bs_Gyorgy-KOVACS_WH_Narrow_AW_4_seed_118,proposed_nsga2_bs,Gyorgy-KOVACS_WH_Narrow_AW_4,118,4,auto_from_instance,12,18,4,30,216,,,,,12,5,8,root > V:16 > BH:27 > BH:49 > BH:39 > BH:29 > BH:17 > BH:9 > BV:24,evaluated,2,inf,False,624,252,372,638.0,1.0,1.0,True,True,1,1,0,True,1,1,0,0,True,True,0,15,12,15,12,5,PF,sampled_pool,,,False,0.2777777777777778,0.5,0.5,0.1,fixed,spacing_aware_flip,offspring,feasible_start_adaptive_spacing,,,,feasible_start_adaptive_spacing,0.5,,True,auto_from_instance,0.75,0.35,"4,5,14,15,17,25,27,29,37,38,39,43,47","7,10,16,17,19,21,23,24,26,27,30,34",,,,,,"H[4,5,9,14,15,17,25,27,29,37,38,39,43,47,49]|V[7,10,16,17,19,21,23,24,26,27,30,34]",98cd3db7ad48726674c476a63fd54b9db772e099
proposed_nsga2_bs_Gyorgy-KOVACS_WH_Narrow_AW_4_seed_118,proposed_nsga2_bs,Gyorgy-KOVACS_WH_Narrow_AW_4,118,4,auto_from_instance,12,18,4,30,216,,,,,13,7,8,root > V:16 > BH:27 > BH:5 > BH:15 > BH:25 > BH:37 > BH:47 > BV:26,selected,1,0.9775641025641025,True,632,246,386,550.0,1.0,1.0,True,True,1,1,0,True,1,1,0,0,True,True,0,15,10,15,10,7,PF_RP,sampled_pool,,,False,0.2777777777777778,0.5,0.5,0.1,fixed,break_symmetry,offspring,feasible_start_adaptive_spacing,,,,feasible_start_adaptive_spacing,0.5,,True,auto_from_instance,0.75,0.35,"4,6,10,12,20,22,27,29,35,52","9,16,17,19,21,23,24,26,27,30",,,,,,"H[4,5,6,10,12,15,20,22,25,27,29,35,37,47,52]|V[9,16,17,19,21,23,24,26,27,30]",08ee812bc396556b6550be0bd82f9266dcd2fe55
proposed_nsga2_bs_Gyorgy-KOVACS_WH_Narrow_AW_4_seed_118,proposed_nsga2_bs,Gyorgy-KOVACS_WH_Narrow_AW_4,118,4,auto_from_instance,12,18,4,30,216,,,,,14,7,8,root > V:16 > BH:27 > BH:49 > BH:39 > BH:29 > BH:17 > BH:7 > BV:26,selected,1,inf,True,632,246,386,550.0,1.0,1.0,True,True,1,1,0,True,1,1,0,0,True,True,0,14,10,14,10,7,PF_RP,sampled_pool,,,False,0.2777777777777778,0.5,0.5,0.1,fixed,break_symmetry,offspring,feasible_start_adaptive_spacing,,,,feasible_start_adaptive_spacing,0.5,,True,auto_from_instance,0.75,0.35,"4,6,10,12,20,22,27,29,35,52","9,16,17,19,21,23,24,26,27,30",,,,,,"H[4,6,7,10,12,17,20,22,27,29,35,39,49,52]|V[9,16,17,19,21,23,24,26,27,30]",660d9dab711cc8220a7c4152b9d81284ad744a59
proposed_nsga2_bs_Gyorgy-KOVACS_WH_Narrow_AW_4_seed_118,proposed_nsga2_bs,Gyorgy-KOVACS_WH_Narrow_AW_4,118,4,auto_from_instance,12,18,4,30,216,,,,,15,7,8,root > V:16 > BH:27 > BH:5 > BH:15 > BH:25 > BH:37 > BH:47 > BV:24,evaluated,2,1.5180575035063115,False,632,246,386,628.0,1.0,1.0,True,True,1,1,0,True,1,1,0,0,True,True,0,15,10,15,10,7,PF_RP,sampled_pool,,,False,0.2777777777777778,0.5,0.5,0.1,fixed,break_symmetry,offspring,feasible_start_adaptive_spacing,,,,feasible_start_adaptive_spacing,0.5,,True,auto_from_instance,0.75,0.35,"4,6,10,12,20,22,27,29,35,52","9,16,17,19,21,23,24,26,27,30",,,,,,"H[4,5,6,10,12,15,20,22,25,27,29,35,37,47,52]|V[9,16,17,19,21,23,24,26,27,30]",fe71932ea9ef92cbca4e0b578f20f6e88be50370
proposed_nsga2_bs_Gyorgy-KOVACS_WH_Narrow_AW_4_seed_118,proposed_nsga2_bs,Gyorgy-KOVACS_WH_Narrow_AW_4,118,4,auto_from_instance,12,18,4,30,216,,,,,16,7,8,root > V:16 > BH:27 > BH:49 > BH:39 > BH:29 > BH:17 > BH:7 > BV:24,evaluated,2,inf,False,632,246,386,628.0,1.0,1.0,True,True,1,1,0,True,1,1,0,0,True,True,0,14,10,14,10,7,PF_RP,sampled_pool,,,False,0.2777777777777778,0.5,0.5,0.1,fixed,break_symmetry,offspring,feasible_start_adaptive_spacing,,,,feasible_start_adaptive_spacing,0.5,,True,auto_from_instance,0.75,0.35,"4,6,10,12,20,22,27,29,35,52","9,16,17,19,21,23,24,26,27,30",,,,,,"H[4,6,7,10,12,17,20,22,27,29,35,39,49,52]|V[9,16,17,19,21,23,24,26,27,30]",9696e3fb0a981a3c866440c46c54987a8cf3ab94
proposed_nsga2_bs_Gyorgy-KOVACS_WH_Narrow_AW_4_seed_118,proposed_nsga2_bs,Gyorgy-KOVACS_WH_Narrow_AW_4,118,4,auto_from_instance,12,18,4,30,216,,,,,17,10,4,root > V:28 > BH:27 > BV:21 > BV:21,evaluated,2,inf,False,680,262,418,576.0,1.0,1.0,True,True,1,1,0,True,1,1,0,0,True,True,0,12,10,12,10,10,LS_PF,sampled_pool,,,False,0.2777777777777778,0.5,0.5,0.1,fixed,insert_random_aisle,offspring,feasible_start_adaptive_spacing,,,,feasible_start_adaptive_spacing,0.5,,True,auto_from_instance,0.75,0.35,"4,9,14,17,25,27,29,37,38,39,42,47","7,10,15,19,23,26,27,28,30",,,,,,"H[4,9,14,17,25,27,29,37,38,39,42,47]|V[7,10,15,19,21,23,26,27,28,30]",67a6f4f8f954f77d80a9f7aeff15d9041dc361bd
proposed_nsga2_bs_Gyorgy-KOVACS_WH_Narrow_AW_4_seed_118,proposed_nsga2_bs,Gyorgy-KOVACS_WH_Narrow_AW_4,118,4,auto_from_instance,12,18,4,30,216,,,,,18,10,4,root > V:28 > BH:27 > BV:17 > BV:21,evaluated,2,inf,False,680,262,418,576.0,1.0,1.0,True,True,1,1,0,True,1,1,0,0,True,True,0,12,11,12,11,10,LS_PF,sampled_pool,,,False,0.2777777777777778,0.5,0.5,0.1,fixed,insert_random_aisle,offspring,feasible_start_adaptive_spacing,,,,feasible_start_adaptive_spacing,0.5,,True,auto_from_instance,0.75,0.35,"4,9,14,17,25,27,29,37,38,39,42,47","7,10,15,19,23,26,27,28,30",,,,,,"H[4,9,14,17,25,27,29,37,38,39,42,47]|V[7,10,15,17,19,21,23,26,27,28,30]",0cf129bcce89e5f8a26de7d155210a53886c00dc
proposed_nsga2_bs_Gyorgy-KOVACS_WH_Narrow_AW_4_seed_118,proposed_nsga2_bs,Gyorgy-KOVACS_WH_Narrow_AW_4,118,4,auto_from_instance,12,18,4,30,216,,,,,19,12,4,root > V:30 > BH:27 > BV:21 > BV:21,evaluated,4,inf,False,672,206,466,676.0,1.0,1.0,True,True,1,1,0,True,1,1,0,0,True,True,0,13,8,13,8,12,RP_LS,sampled_pool,,,False,0.2777777777777778,0.5,0.5,0.1,fixed,swap_segments,offspring,feasible_start_adaptive_spacing,,,,feasible_start_adaptive_spacing,0.5,,True,auto_from_instance,0.75,0.35,"4,5,7,9,25,27,29,38,39,40,43,47,49","7,10,15,17,23,29,30",,,,,,"H[4,5,7,9,25,27,29,38,39,40,43,47,49]|V[7,10,15,17,21,23,29,30]",5dff680449ea54ef73abf8585de0c2ba440a4835
proposed_nsga2_bs_Gyorgy-KOVACS_WH_Narrow_AW_4_seed_118,proposed_nsga2_bs,Gyorgy-KOVACS_WH_Narrow_AW_4,118,4,auto_from_instance,12,18,4,30,216,,,,,20,12,4,root > V:30 > BH:27 > BV:19 > BV:21,evaluated,4,0.0,False,672,206,466,676.0,1.0,1.0,True,True,1,1,0,True,1,1,0,0,True,True,0,13,9,13,9,12,RP_LS,sampled_pool,,,False,0.2777777777777778,0.5,0.5,0.1,fixed,swap_segments,offspring,feasible_start_adaptive_spacing,,,,feasible_start_adaptive_spacing,0.5,,True,auto_from_instance,0.75,0.35,"4,5,7,9,25,27,29,38,39,40,43,47,49","7,10,15,17,23,29,30",,,,,,"H[4,5,7,9,25,27,29,38,39,40,43,47,49]|V[7,10,15,17,19,21,23,29,30]",8bd280773c3be24cfc914a42e887aea361f9570c
proposed_nsga2_bs_Gyorgy-KOVACS_WH_Narrow_AW_4_seed_118,proposed_nsga2_bs,Gyorgy-KOVACS_WH_Narrow_AW_4,118,4,auto_from_instance,12,18,4,30,216,,,,,21,12,4,root > V:30 > BH:27 > BV:21 > BV:19,evaluated,4,0.0,False,672,206,466,676.0,1.0,1.0,True,True,1,1,0,True,1,1,0,0,True,True,0,13,9,13,9,12,RP_LS,sampled_pool,,,False,0.2777777777777778,0.5,0.5,0.1,fixed,swap_segments,offspring,feasible_start_adaptive_spacing,,,,feasible_start_adaptive_spacing,0.5,,True,auto_from_instance,0.75,0.35,"4,5,7,9,25,27,29,38,39,40,43,47,49","7,10,15,17,23,29,30",,,,,,"H[4,5,7,9,25,27,29,38,39,40,43,47,49]|V[7,10,15,17,19,21,23,29,30]",0ed2b993601a455ad3c48ac7828910fea4b1be83
proposed_nsga2_bs_Gyorgy-KOVACS_WH_Narrow_AW_4_seed_118,proposed_nsga2_bs,Gyorgy-KOVACS_WH_Narrow_AW_4,118,4,auto_from_instance,12,18,4,30,216,,,,,22,12,4,root > V:30 > BH:27 > BV:19 > BV:19,evaluated,4,inf,False,672,206,466,676.0,1.0,1.0,True,True,1,1,0,True,1,1,0,0,True,True,0,13,8,13,8,12,RP_LS,sampled_pool,,,False,0.2777777777777778,0.5,0.5,0.1,fixed,swap_segments,offspring,feasible_start_adaptive_spacing,,,,feasible_start_adaptive_spacing,0.5,,True,auto_from_instance,0.75,0.35,"4,5,7,9,25,27,29,38,39,40,43,47,49","7,10,15,17,23,29,30",,,,,,"H[4,5,7,9,25,27,29,38,39,40,43,47,49]|V[7,10,15,17,19,23,29,30]",1d86290022dd5e2c97367644c31a54117380bf1c
proposed_nsga2_bs_Gyorgy-KOVACS_WH_Narrow_AW_4_seed_118,proposed_nsga2_bs,Gyorgy-KOVACS_WH_Narrow_AW_4,118,5,auto_from_instance,12,18,4,30,216,,,,,1,1,8,root > V:16 > BH:27 > BH:49 > BH:41 > BH:29 > BH:17 > BH:9 > BV:26,selected,1,inf,True,624,252,372,562.0,1.0,1.0,True,True,1,1,0,True,1,1,0,0,True,True,0,20,12,20,12,1,PF,sampled_pool,,,False,0.3333333333333333,0.5,0.5,0.1,fixed,break_symmetry,offspring,feasible_start_adaptive_spacing,,,,feasible_start_adaptive_spacing,0.5,,True,auto_from_instance,0.75,0.35,"4,6,10,12,20,22,25,26,27,34,37,38,39,41,43,47,49","7,10,16,17,19,21,23,25,26,27,30,33",,,,,,"H[4,6,9,10,12,17,20,22,25,26,27,29,34,37,38,39,41,43,47,49]|V[7,10,16,17,19,21,23,25,26,27,30,33]",8498d8f1059034f9f144b058e7e18d5585555d05
proposed_nsga2_bs_Gyorgy-KOVACS_WH_Narrow_AW_4_seed_118,proposed_nsga2_bs,Gyorgy-KOVACS_WH_Narrow_AW_4,118,5,auto_from_instance,12,18,4,30,216,,,,,2,1,8,root > V:16 > BH:27 > BH:49 > BH:39 > BH:29 > BH:17 > BH:9 > BV:26,selected,0,inf,True,624,252,372,534.0,1.0,1.0,True,True,1,1,0,True,1,1,0,0,True,True,0,20,12,20,12,1,PF,sampled_pool,,,False,0.3333333333333333,0.5,0.5,0.1,fixed,break_symmetry,offspring,feasible_start_adaptive_spacing,,,,feasible_start_adaptive_spacing,0.5,,True,auto_from_instance,0.75,0.35,"4,6,10,12,20,22,25,26,27,34,37,38,39,41,43,47,49","7,10,16,17,19,21,23,25,26,27,30,33",,,,,,"H[4,6,9,10,12,17,20,22,25,26,27,29,34,37,38,39,41,43,47,49]|V[7,10,16,17,19,21,23,25,26,27,30,33]",04b9835ae17dcf7a9c8af907330db39e1d2fb2b9
proposed_nsga2_bs_Gyorgy-KOVACS_WH_Narrow_AW_4_seed_118,proposed_nsga2_bs,Gyorgy-KOVACS_WH_Narrow_AW_4,118,5,auto_from_instance,12,18,4,30,216,,,,,3,1,8,root > V:16 > BH:27 > BH:49 > BH:41 > BH:29 > BH:17 > BH:9 > BV:24,evaluated,3,inf,False,624,252,372,666.0,1.0,1.0,True,True,1,1,0,True,1,1,0,0,True,True,0,20,13,20,13,1,PF,sampled_pool,,,False,0.3333333333333333,0.5,0.5,0.1,fixed,break_symmetry,offspring,feasible_start_adaptive_spacing,,,,feasible_start_adaptive_spacing,0.5,,True,auto_from_instance,0.75,0.35,"4,6,10,12,20,22,25,26,27,34,37,38,39,41,43,47,49","7,10,16,17,19,21,23,25,26,27,30,33",,,,,,"H[4,6,9,10,12,17,20,22,25,26,27,29,34,37,38,39,41,43,47,49]|V[7,10,16,17,19,21,23,24,25,26,27,30,33]",b03a188135e15721b5fdacc1e2599f0e913cdfd0
proposed_nsga2_bs_Gyorgy-KOVACS_WH_Narrow_AW_4_seed_118,proposed_nsga2_bs,Gyorgy-KOVACS_WH_Narrow_AW_4,118,5,auto_from_instance,12,18,4,30,216,,,,,4,1,8,root > V:16 > BH:27 > BH:49 > BH:39 > BH:29 > BH:17 > BH:9 > BV:24,evaluated,2,inf,False,624,252,372,638.0,1.0,1.0,True,True,1,1,0,True,1,1,0,0,True,True,0,20,13,20,13,1,PF,sampled_pool,,,False,0.3333333333333333,0.5,0.5,0.1,fixed,break_symmetry,offspring,feasible_start_adaptive_spacing,,,,feasible_start_adaptive_spacing,0.5,,True,auto_from_instance,0.75,0.35,"4,6,10,12,20,22,25,26,27,34,37,38,39,41,43,47,49","7,10,16,17,19,21,23,25,26,27,30,33",,,,,,"H[4,6,9,10,12,17,20,22,25,26,27,29,34,37,38,39,41,43,47,49]|V[7,10,16,17,19,21,23,24,25,26,27,30,33]",98cd3db7ad48726674c476a63fd54b9db772e099
proposed_nsga2_bs_Gyorgy-KOVACS_WH_Narrow_AW_4_seed_118,proposed_nsga2_bs,Gyorgy-KOVACS_WH_Narrow_AW_4,118,5,auto_from_instance,12,18,4,30,216,,,,,5,2,4,root > V:28 > BH:27 > BV:21 > BV:21,evaluated,2,inf,False,680,262,418,576.0,1.0,1.0,True,True,1,1,0,True,1,1,0,0,True,True,0,10,9,10,9,2,LS,sampled_pool,,,False,0.3333333333333333,0.5,0.5,0.1,fixed,spacing_aware_flip,offspring,feasible_start_adaptive_spacing,,,,feasible_start_adaptive_spacing,0.5,,True,auto_from_instance,0.75,0.35,"4,5,9,14,15,17,25,27,29,52","2,9,16,17,19,21,23,28,34",,,,,,"H[4,5,9,14,15,17,25,27,29,52]|V[2,9,16,17,19,21,23,28,34]",67a6f4f8f954f77d80a9f7aeff15d9041dc361bd
proposed_nsga2_bs_Gyorgy-KOVACS_WH_Narrow_AW_4_seed_118,proposed_nsga2_bs,Gyorgy-KOVACS_WH_Narrow_AW_4,118,5,auto_from_instance,12,18,4,30,216,,,,,6,2,4,root > V:28 > BH:27 > BV:19 > BV:21,selected,1,inf,True,680,262,418,524.0,1.0,1.0,True,True,1,1,0,True,1,1,0,0,True,True,0,10,9,10,9,2,LS,sampled_pool,,,False,0.3333333333333333,0.5,0.5,0.1,fixed,spacing_aware_flip,offspring,feasible_start_adaptive_spacing,,,,feasible_start_adaptive_spacing,0.5,,True,auto_from_instance,0.75,0.35,"4,5,9,14,15,17,25,27,29,52","2,9,16,17,19,21,23,28,34",,,,,,"H[4,5,9,14,15,17,25,27,29,52]|V[2,9,16,17,19,21,23,28,34]",334779b46d5c288ee3031362a71af20db7b63dd5
proposed_nsga2_bs_Gyorgy-KOVACS_WH_Narrow_AW_4_seed_118,proposed_nsga2_bs,Gyorgy-KOVACS_WH_Narrow_AW_4,118,5,auto_from_instance,12,18,4,30,216,,,,,7,2,4,root > V:28 > BH:27 > BV:17 > BV:21,evaluated,2,inf,False,680,262,418,576.0,1.0,1.0,True,True,1,1,0,True,1,1,0,0,True,True,0,10,9,10,9,2,LS,sampled_pool,,,False,0.3333333333333333,0.5,0.5,0.1,fixed,spacing_aware_flip,offspring,feasible_start_adaptive_spacing,,,,feasible_start_adaptive_spacing,0.5,,True,auto_from_instance,0.75,0.35,"4,5,9,14,15,17,25,27,29,52","2,9,16,17,19,21,23,28,34",,,,,,"H[4,5,9,14,15,17,25,27,29,52]|V[2,9,16,17,19,21,23,28,34]",0cf129bcce89e5f8a26de7d155210a53886c00dc
proposed_nsga2_bs_Gyorgy-KOVACS_WH_Narrow_AW_4_seed_118,proposed_nsga2_bs,Gyorgy-KOVACS_WH_Narrow_AW_4,118,5,auto_from_instance,12,18,4,30,216,,,,,8,2,4,root > V:28 > BH:27 > BV:21 > BV:19,selected,1,0.0,True,680,262,418,524.0,1.0,1.0,True,True,1,1,0,True,1,1,0,0,True,True,0,10,9,10,9,2,LS,sampled_pool,,,False,0.3333333333333333,0.5,0.5,0.1,fixed,spacing_aware_flip,offspring,feasible_start_adaptive_spacing,,,,feasible_start_adaptive_spacing,0.5,,True,auto_from_instance,0.75,0.35,"4,5,9,14,15,17,25,27,29,52","2,9,16,17,19,21,23,28,34",,,,,,"H[4,5,9,14,15,17,25,27,29,52]|V[2,9,16,17,19,21,23,28,34]",8f2926ac3d427dac9f2e22e7dbb4782d03fe71f9
proposed_nsga2_bs_Gyorgy-KOVACS_WH_Narrow_AW_4_seed_118,proposed_nsga2_bs,Gyorgy-KOVACS_WH_Narrow_AW_4,118,5,auto_from_instance,12,18,4,30,216,,,,,9,3,4,root > V:27 > BH:27 > BV:19 > BV:19,selected,1,inf,True,684,260,424,484.0,1.0,1.0,True,True,1,1,0,True,1,1,0,0,True,True,0,15,9,15,9,3,RP_LS,sampled_pool,,,False,0.3333333333333333,0.5,0.5,0.1,fixed,bit_flip,offspring,feasible_start_adaptive_spacing,,,,feasible_start_adaptive_spacing,0.5,,True,auto_from_instance,0.75,0.35,"7,9,14,15,20,22,25,26,29,38,39,43,47,49","7,10,16,17,19,21,23,27,30",,,,,,"H[7,9,14,15,20,22,25,26,27,29,38,39,43,47,49]|V[7,10,16,17,19,21,23,27,30]",9baad5a6d6d08df213ec54891109e23b1069a9a5
proposed_nsga2_bs_Gyorgy-KOVACS_WH_Narrow_AW_4_seed_118,proposed_nsga2_bs,Gyorgy-KOVACS_WH_Narrow_AW_4,118,5,auto_from_instance,12,18,4,30,216,,,,,10,3,4,root > V:27 > BH:27 > BV:17 > BV:19,selected,1,0.0,True,684,260,424,484.0,1.0,1.0,True,True,1,1,0,True,1,1,0,0,True,True,0,15,9,15,9,3,RP_LS,sampled_pool,,,False,0.3333333333333333,0.5,0.5,0.1,fixed,bit_flip,offspring,feasible_start_adaptive_spacing,,,,feasible_start_adaptive_spacing,0.5,,True,auto_from_instance,0.75,0.35,"7,9,14,15,20,22,25,26,29,38,39,43,47,49","7,10,16,17,19,21,23,27,30",,,,,,"H[7,9,14,15,20,22,25,26,27,29,38,39,43,47,49]|V[7,10,16,17,19,21,23,27,30]",7ea492661f4a7d780540a41c5bfc758906148e19
proposed_nsga2_bs_Gyorgy-KOVACS_WH_Narrow_AW_4_seed_118,proposed_nsga2_bs,Gyorgy-KOVACS_WH_Narrow_AW_4,118,5,auto_from_instance,12,18,4,30,216,,,,,11,3,4,root > V:27 > BH:27 > BV:19 > BV:17,selected,1,0.0,True,684,260,424,484.0,1.0,1.0,True,True,1,1,0,True,1,1,0,0,True,True,0,15,9,15,9,3,RP_LS,sampled_pool,,,False,0.3333333333333333,0.5,0.5,0.1,fixed,bit_flip,offspring,feasible_start_adaptive_spacing,,,,feasible_start_adaptive_spacing,0.5,,True,auto_from_instance,0.75,0.35,"7,9,14,15,20,22,25,26,29,38,39,43,47,49","7,10,16,17,19,21,23,27,30",,,,,,"H[7,9,14,15,20,22,25,26,27,29,38,39,43,47,49]|V[7,10,16,17,19,21,23,27,30]",59c55a28d53f47701301421f850890ad1de7d63b
proposed_nsga2_bs_Gyorgy-KOVACS_WH_Narrow_AW_4_seed_118,proposed_nsga2_bs,Gyorgy-KOVACS_WH_Narrow_AW_4,118,5,auto_from_instance,12,18,4,30,216,,,,,12,3,4,root > V:27 > BH:27 > BV:17 > BV:17,selected,1,inf,True,684,260,424,484.0,1.0,1.0,True,True,1,1,0,True,1,1,0,0,True,True,0,15,9,15,9,3,RP_LS,sampled_pool,,,False,0.3333333333333333,0.5,0.5,0.1,fixed,bit_flip,offspring,feasible_start_adaptive_spacing,,,,feasible_start_adaptive_spacing,0.5,,True,auto_from_instance,0.75,0.35,"7,9,14,15,20,22,25,26,29,38,39,43,47,49","7,10,16,17,19,21,23,27,30",,,,,,"H[7,9,14,15,20,22,25,26,27,29,38,39,43,47,49]|V[7,10,16,17,19,21,23,27,30]",6732d5258a9313035bead181283e041def90bbb2
proposed_nsga2_bs_Gyorgy-KOVACS_WH_Narrow_AW_4_seed_118,proposed_nsga2_bs,Gyorgy-KOVACS_WH_Narrow_AW_4,118,5,auto_from_instance,12,18,4,30,216,,,,,13,4,4,root > V:28 > BH:27 > BV:19 > BV:19,selected,0,inf,True,680,262,418,472.0,1.0,1.0,True,True,1,1,0,True,1,1,0,0,True,True,0,9,9,9,9,4,PF_SS_RP,sampled_pool,,,True,0.3333333333333333,0.5,0.5,0.1,fixed,spacing_aware_flip,offspring,feasible_start_adaptive_spacing,,,,feasible_start_adaptive_spacing,0.5,,True,auto_from_instance,0.75,0.35,"4,6,10,12,17,25,27,34,52","2,9,16,17,19,21,23,28,33",,,,,,"H[4,6,10,12,17,25,27,34,52]|V[2,9,16,17,19,21,23,28,33]",fc4825140fa5e2560776b4b932f5ef46c1588f36
proposed_nsga2_bs_Gyorgy-KOVACS_WH_Narrow_AW_4_seed_118,proposed_nsga2_bs,Gyorgy-KOVACS_WH_Narrow_AW_4,118,5,auto_from_instance,12,18,4,30,216,,,,,14,4,4,root > V:28 > BH:27 > BV:19 > BV:17,selected,1,0.5737179487179487,True,680,262,418,524.0,1.0,1.0,True,True,1,1,0,True,1,1,0,0,True,True,0,9,9,9,9,4,PF_SS_RP,sampled_pool,,,True,0.3333333333333333,0.5,0.5,0.1,fixed,spacing_aware_flip,offspring,feasible_start_adaptive_spacing,,,,feasible_start_adaptive_spacing,0.5,,True,auto_from_instance,0.75,0.35,"4,6,10,12,17,25,27,34,52","2,9,16,17,19,21,23,28,33",,,,,,"H[4,6,10,12,17,25,27,34,52]|V[2,9,16,17,19,21,23,28,33]",c3a8d798cccc0ae6137f5d1801f12286f82d75a7
proposed_nsga2_bs_Gyorgy-KOVACS_WH_Narrow_AW_4_seed_118,proposed_nsga2_bs,Gyorgy-KOVACS_WH_Narrow_AW_4,118,5,auto_from_instance,12,18,4,30,216,,,,,15,10,8,root > V:16 > BH:27 > BH:5 > BH:15 > BH:25 > BH:37 > BH:47 > BV:26,selected,1,0.9775641025641025,True,632,246,386,550.0,1.0,1.0,True,True,1,1,0,True,1,1,0,0,True,True,0,16,11,16,11,10,PF_LS_RP,sampled_pool,,,False,0.3333333333333333,0.5,0.5,0.1,fixed,break_symmetry,offspring,feasible_start_adaptive_spacing,,,,feasible_start_adaptive_spacing,0.5,,True,auto_from_instance,0.75,0.35,"4,6,9,14,15,17,25,27,29,37,38,39,43,47,49","7,10,16,17,19,21,23,24,26,27,30",,,,,,"H[4,5,6,9,14,15,17,25,27,29,37,38,39,43,47,49]|V[7,10,16,17,19,21,23,24,26,27,30]",08ee812bc396556b6550be0bd82f9266dcd2fe55
proposed_nsga2_bs_Gyorgy-KOVACS_WH_Narrow_AW_4_seed_118,proposed_nsga2_bs,Gyorgy-KOVACS_WH_Narrow_AW_4,118,5,auto_from_instance,12,18,4,30,216,,,,,16,10,8,root > V:16 > BH:27 > BH:49 > BH:39 > BH:29 > BH:17 > BH:7 > BV:26,selected,1,inf,True,632,246,386,550.0,1.0,1.0,True,True,1,1,0,True,1,1,0,0,True,True,0,16,11,16,11,10,PF_LS_RP,sampled_pool,,,False,0.3333333333333333,0.5,0.5,0.1,fixed,break_symmetry,offspring,feasible_start_adaptive_spacing,,,,feasible_start_adaptive_spacing,0.5,,True,auto_from_instance,0.75,0.35,"4,6,9,14,15,17,25,27,29,37,38,39,43,47,49","7,10,16,17,19,21,23,24,26,27,30",,,,,,"H[4,6,7,9,14,15,17,25,27,29,37,38,39,43,47,49]|V[7,10,16,17,19,21,23,24,26,27,30]",660d9dab711cc8220a7c4152b9d81284ad744a59
proposed_nsga2_bs_Gyorgy-KOVACS_WH_Narrow_AW_4_seed_118,proposed_nsga2_bs,Gyorgy-KOVACS_WH_Narrow_AW_4,118,5,auto_from_instance,12,18,4,30,216,,,,,17,10,8,root > V:16 > BH:27 > BH:5 > BH:15 > BH:25 > BH:37 > BH:47 > BV:24,evaluated,2,1.5180575035063115,False,632,246,386,628.0,1.0,1.0,True,True,1,1,0,True,1,1,0,0,True,True,0,16,11,16,11,10,PF_LS_RP,sampled_pool,,,False,0.3333333333333333,0.5,0.5,0.1,fixed,break_symmetry,offspring,feasible_start_adaptive_spacing,,,,feasible_start_adaptive_spacing,0.5,,True,auto_from_instance,0.75,0.35,"4,6,9,14,15,17,25,27,29,37,38,39,43,47,49","7,10,16,17,19,21,23,24,26,27,30",,,,,,"H[4,5,6,9,14,15,17,25,27,29,37,38,39,43,47,49]|V[7,10,16,17,19,21,23,24,26,27,30]",fe71932ea9ef92cbca4e0b578f20f6e88be50370
proposed_nsga2_bs_Gyorgy-KOVACS_WH_Narrow_AW_4_seed_118,proposed_nsga2_bs,Gyorgy-KOVACS_WH_Narrow_AW_4,118,5,auto_from_instance,12,18,4,30,216,,,,,18,10,8,root > V:16 > BH:27 > BH:49 > BH:39 > BH:29 > BH:17 > BH:7 > BV:24,evaluated,2,inf,False,632,246,386,628.0,1.0,1.0,True,True,1,1,0,True,1,1,0,0,True,True,0,16,11,16,11,10,PF_LS_RP,sampled_pool,,,False,0.3333333333333333,0.5,0.5,0.1,fixed,break_symmetry,offspring,feasible_start_adaptive_spacing,,,,feasible_start_adaptive_spacing,0.5,,True,auto_from_instance,0.75,0.35,"4,6,9,14,15,17,25,27,29,37,38,39,43,47,49","7,10,16,17,19,21,23,24,26,27,30",,,,,,"H[4,6,7,9,14,15,17,25,27,29,37,38,39,43,47,49]|V[7,10,16,17,19,21,23,24,26,27,30]",9696e3fb0a981a3c866440c46c54987a8cf3ab94
proposed_nsga2_bs_Gyorgy-KOVACS_WH_Narrow_AW_4_seed_118,proposed_nsga2_bs,Gyorgy-KOVACS_WH_Narrow_AW_4,118,5,auto_from_instance,12,18,4,30,216,,,,,19,12,4,root > V:30 > BH:27 > BV:21 > BV:21,evaluated,4,inf,False,672,206,466,676.0,1.0,1.0,True,True,1,1,0,True,1,1,0,0,True,True,0,15,7,15,7,12,SS,sampled_pool,,,True,0.3333333333333333,0.5,0.5,0.1,fixed,swap_segments,offspring,feasible_start_adaptive_spacing,,,,feasible_start_adaptive_spacing,0.5,,True,auto_from_instance,0.75,0.35,"4,5,6,10,12,15,20,22,25,26,27,35,37,47,52","7,16,17,19,23,30",,,,,,"H[4,5,6,10,12,15,20,22,25,26,27,35,37,47,52]|V[7,16,17,19,21,23,30]",5dff680449ea54ef73abf8585de0c2ba440a4835
proposed_nsga2_bs_Gyorgy-KOVACS_WH_Narrow_AW_4_seed_118,proposed_nsga2_bs,Gyorgy-KOVACS_WH_Narrow_AW_4,118,5,auto_from_instance,12,18,4,30,216,,,,,20,12,4,root > V:30 > BH:27 > BV:19 > BV:21,evaluated,4,0.0,False,672,206,466,676.0,1.0,1.0,True,True,1,1,0,True,1,1,0,0,True,True,0,15,7,15,7,12,SS,sampled_pool,,,True,0.3333333333333333,0.5,0.5,0.1,fixed,swap_segments,offspring,feasible_start_adaptive_spacing,,,,feasible_start_adaptive_spacing,0.5,,True,auto_from_instance,0.75,0.35,"4,5,6,10,12,15,20,22,25,26,27,35,37,47,52","7,16,17,19,23,30",,,,,,"H[4,5,6,10,12,15,20,22,25,26,27,35,37,47,52]|V[7,16,17,19,21,23,30]",8bd280773c3be24cfc914a42e887aea361f9570c
proposed_nsga2_bs_Gyorgy-KOVACS_WH_Narrow_AW_4_seed_118,proposed_nsga2_bs,Gyorgy-KOVACS_WH_Narrow_AW_4,118,5,auto_from_instance,12,18,4,30,216,,,,,21,12,4,root > V:30 > BH:27 > BV:21 > BV:19,evaluated,4,0.0,False,672,206,466,676.0,1.0,1.0,True,True,1,1,0,True,1,1,0,0,True,True,0,15,7,15,7,12,SS,sampled_pool,,,True,0.3333333333333333,0.5,0.5,0.1,fixed,swap_segments,offspring,feasible_start_adaptive_spacing,,,,feasible_start_adaptive_spacing,0.5,,True,auto_from_instance,0.75,0.35,"4,5,6,10,12,15,20,22,25,26,27,35,37,47,52","7,16,17,19,23,30",,,,,,"H[4,5,6,10,12,15,20,22,25,26,27,35,37,47,52]|V[7,16,17,19,21,23,30]",0ed2b993601a455ad3c48ac7828910fea4b1be83
proposed_nsga2_bs_Gyorgy-KOVACS_WH_Narrow_AW_4_seed_118,proposed_nsga2_bs,Gyorgy-KOVACS_WH_Narrow_AW_4,118,5,auto_from_instance,12,18,4,30,216,,,,,22,12,4,root > V:30 > BH:27 > BV:19 > BV:19,evaluated,4,inf,False,672,206,466,676.0,1.0,1.0,True,True,1,1,0,True,1,1,0,0,True,True,0,15,6,15,6,12,SS,sampled_pool,,,True,0.3333333333333333,0.5,0.5,0.1,fixed,swap_segments,offspring,feasible_start_adaptive_spacing,,,,feasible_start_adaptive_spacing,0.5,,True,auto_from_instance,0.75,0.35,"4,5,6,10,12,15,20,22,25,26,27,35,37,47,52","7,16,17,19,23,30",,,,,,"H[4,5,6,10,12,15,20,22,25,26,27,35,37,47,52]|V[7,16,17,19,23,30]",1d86290022dd5e2c97367644c31a54117380bf1c
proposed_nsga2_bs_Gyorgy-KOVACS_WH_Narrow_AW_4_seed_118,proposed_nsga2_bs,Gyorgy-KOVACS_WH_Narrow_AW_4,118,6,auto_from_instance,12,18,4,30,216,,,,,1,1,4,root > V:28 > BH:27 > BV:21 > BV:21,evaluated,2,inf,False,680,262,418,576.0,1.0,1.0,True,True,1,1,0,True,1,1,0,0,True,True,0,16,12,16,12,1,LS_PF,sampled_pool,,,False,0.3888888888888889,0.5,0.5,0.1,fixed,spacing_aware_flip,offspring,feasible_start_adaptive_spacing,,,,feasible_start_adaptive_spacing,0.5,,True,auto_from_instance,0.75,0.35,"4,6,7,9,14,15,17,25,27,29,37,38,39,43,52,57","7,10,16,17,19,21,23,24,26,27,28,30",,,,,,"H[4,6,7,9,14,15,17,25,27,29,37,38,39,43,52,57]|V[7,10,16,17,19,21,23,24,26,27,28,30]",67a6f4f8f954f77d80a9f7aeff15d9041dc361bd
proposed_nsga2_bs_Gyorgy-KOVACS_WH_Narrow_AW_4_seed_118,proposed_nsga2_bs,Gyorgy-KOVACS_WH_Narrow_AW_4,118,6,auto_from_instance,12,18,4,30,216,,,,,2,1,4,root > V:28 > BH:27 > BV:19 > BV:21,selected,1,inf,True,680,262,418,524.0,1.0,1.0,True,True,1,1,0,True,1,1,0,0,True,True,0,16,12,16,12,1,LS_PF,sampled_pool,,,False,0.3888888888888889,0.5,0.5,0.1,fixed,spacing_aware_flip,offspring,feasible_start_adaptive_spacing,,,,feasible_start_adaptive_spacing,0.5,,True,auto_from_instance,0.75,0.35,"4,6,7,9,14,15,17,25,27,29,37,38,39,43,52,57","7,10,16,17,19,21,23,24,26,27,28,30",,,,,,"H[4,6,7,9,14,15,17,25,27,29,37,38,39,43,52,57]|V[7,10,16,17,19,21,23,24,26,27,28,30]",334779b46d5c288ee3031362a71af20db7b63dd5
proposed_nsga2_bs_Gyorgy-KOVACS_WH_Narrow_AW_4_seed_118,proposed_nsga2_bs,Gyorgy-KOVACS_WH_Narrow_AW_4,118,6,auto_from_instance,12,18,4,30,216,,,,,3,1,4,root > V:28 > BH:27 > BV:17 > BV:21,evaluated,2,inf,False,680,262,418,576.0,1.0,1.0,True,True,1,1,0,True,1,1,0,0,True,True,0,16,12,16,12,1,LS_PF,sampled_pool,,,False,0.3888888888888889,0.5,0.5,0.1,fixed,spacing_aware_flip,offspring,feasible_start_adaptive_spacing,,,,feasible_start_adaptive_spacing,0.5,,True,auto_from_instance,0.75,0.35,"4,6,7,9,14,15,17,25,27,29,37,38,39,43,52,57","7,10,16,17,19,21,23,24,26,27,28,30",,,,,,"H[4,6,7,9,14,15,17,25,27,29,37,38,39,43,52,57]|V[7,10,16,17,19,21,23,24,26,27,28,30]",0cf129bcce89e5f8a26de7d155210a53886c00dc
proposed_nsga2_bs_Gyorgy-KOVACS_WH_Narrow_AW_4_seed_118,proposed_nsga2_bs,Gyorgy-KOVACS_WH_Narrow_AW_4,118,6,auto_from_instance,12,18,4,30,216,,,,,4,1,4,root > V:28 > BH:27 > BV:21 > BV:19,selected,1,0.0,True,680,262,418,524.0,1.0,1.0,True,True,1,1,0,True,1,1,0,0,True,True,0,16,12,16,12,1,LS_PF,sampled_pool,,,False,0.3888888888888889,0.5,0.5,0.1,fixed,spacing_aware_flip,offspring,feasible_start_adaptive_spacing,,,,feasible_start_adaptive_spacing,0.5,,True,auto_from_instance,0.75,0.35,"4,6,7,9,14,15,17,25,27,29,37,38,39,43,52,57","7,10,16,17,19,21,23,24,26,27,28,30",,,,,,"H[4,6,7,9,14,15,17,25,27,29,37,38,39,43,52,57]|V[7,10,16,17,19,21,23,24,26,27,28,30]",8f2926ac3d427dac9f2e22e7dbb4782d03fe71f9
proposed_nsga2_bs_Gyorgy-KOVACS_WH_Narrow_AW_4_seed_118,proposed_nsga2_bs,Gyorgy-KOVACS_WH_Narrow_AW_4,118,6,auto_from_instance,12,18,4,30,216,,,,,5,2,8,root > V:16 > BH:27 > BH:5 > BH:15 > BH:25 > BH:37 > BH:47 > BV:26,selected,0,inf,True,632,246,386,550.0,1.0,1.0,True,True,1,1,0,True,1,1,0,0,True,True,0,13,9,13,9,2,PF_SS,sampled_pool,,,True,0.3888888888888889,0.5,0.5,0.1,fixed,break_symmetry,offspring,feasible_start_adaptive_spacing,,,,feasible_start_adaptive_spacing,0.5,,True,auto_from_instance,0.75,0.35,"4,6,10,12,17,25,27,34,47,49","2,9,16,17,19,21,23,34",,,,,,"H[4,5,6,10,12,15,17,25,27,34,37,47,49]|V[2,9,16,17,19,21,23,26,34]",08ee812bc396556b6550be0bd82f9266dcd2fe55
proposed_nsga2_bs_Gyorgy-KOVACS_WH_Narrow_AW_4_seed_118,proposed_nsga2_bs,Gyorgy-KOVACS_WH_Narrow_AW_4,118,6,auto_from_instance,12,18,4,30,216,,,,,6,2,8,root > V:16 > BH:27 > BH:49 > BH:39 > BH:29 > BH:17 > BH:7 > BV:26,selected,0,inf,True,632,246,386,550.0,1.0,1.0,True,True,1,1,0,True,1,1,0,0,True,True,0,13,9,13,9,2,PF_SS,sampled_pool,,,True,0.3888888888888889,0.5,0.5,0.1,fixed,break_symmetry,offspring,feasible_start_adaptive_spacing,,,,feasible_start_adaptive_spacing,0.5,,True,auto_from_instance,0.75,0.35,"4,6,10,12,17,25,27,34,47,49","2,9,16,17,19,21,23,34",,,,,,"H[4,6,7,10,12,17,25,27,29,34,39,47,49]|V[2,9,16,17,19,21,23,26,34]",660d9dab711cc8220a7c4152b9d81284ad744a59
proposed_nsga2_bs_Gyorgy-KOVACS_WH_Narrow_AW_4_seed_118,proposed_nsga2_bs,Gyorgy-KOVACS_WH_Narrow_AW_4,118,6,auto_from_instance,12,18,4,30,216,,,,,7,2,8,root > V:16 > BH:27 > BH:5 > BH:15 > BH:25 > BH:37 > BH:47 > BV:24,selected,1,inf,True,632,246,386,628.0,1.0,1.0,True,True,1,1,0,True,1,1,0,0,True,True,0,13,9,13,9,2,PF_SS,sampled_pool,,,True,0.3888888888888889,0.5,0.5,0.1,fixed,break_symmetry,offspring,feasible_start_adaptive_spacing,,,,feasible_start_adaptive_spacing,0.5,,True,auto_from_instance,0.75,0.35,"4,6,10,12,17,25,27,34,47,49","2,9,16,17,19,21,23,34",,,,,,"H[4,5,6,10,12,15,17,25,27,34,37,47,49]|V[2,9,16,17,19,21,23,24,34]",fe71932ea9ef92cbca4e0b578f20f6e88be50370
proposed_nsga2_bs_Gyorgy-KOVACS_WH_Narrow_AW_4_seed_118,proposed_nsga2_bs,Gyorgy-KOVACS_WH_Narrow_AW_4,118,6,auto_from_instance,12,18,4,30,216,,,,,8,2,8,root > V:16 > BH:27 > BH:49 > BH:39 > BH:29 > BH:17 > BH:7 > BV:24,selected,1,inf,True,632,246,386,628.0,1.0,1.0,True,True,1,1,0,True,1,1,0,0,True,True,0,13,9,13,9,2,PF_SS,sampled_pool,,,True,0.3888888888888889,0.5,0.5,0.1,fixed,break_symmetry,offspring,feasible_start_adaptive_spacing,,,,feasible_start_adaptive_spacing,0.5,,True,auto_from_instance,0.75,0.35,"4,6,10,12,17,25,27,34,47,49","2,9,16,17,19,21,23,34",,,,,,"H[4,6,7,10,12,17,25,27,29,34,39,47,49]|V[2,9,16,17,19,21,23,24,34]",9696e3fb0a981a3c866440c46c54987a8cf3ab94
proposed_nsga2_bs_Gyorgy-KOVACS_WH_Narrow_AW_4_seed_118,proposed_nsga2_bs,Gyorgy-KOVACS_WH_Narrow_AW_4,118,6,auto_from_instance,12,18,4,30,216,,,,,9,3,4,root > V:28 > BH:27 > BV:19 > BV:19,selected,0,inf,True,680,262,418,472.0,1.0,1.0,True,True,1,1,0,True,1,1,0,0,True,True,0,10,9,10,9,3,PF_RP,sampled_pool,,,False,0.3888888888888889,0.5,0.5,0.1,fixed,break_symmetry,offspring,feasible_start_adaptive_spacing,,,,feasible_start_adaptive_spacing,0.5,,True,auto_from_instance,0.75,0.35,"4,5,9,14,15,17,25,27,29,52","2,10,16,17,19,21,23,28,34",,,,,,"H[4,5,9,14,15,17,25,27,29,52]|V[2,10,16,17,19,21,23,28,34]",fc4825140fa5e2560776b4b932f5ef46c1588f36
proposed_nsga2_bs_Gyorgy-KOVACS_WH_Narrow_AW_4_seed_118,proposed_nsga2_bs,Gyorgy-KOVACS_WH_Narrow_AW_4,118,6,auto_from_instance,12,18,4,30,216,,,,,10,3,4,root > V:28 > BH:27 > BV:19 > BV:17,selected,1,1.0051169590643274,True,680,262,418,524.0,1.0,1.0,True,True,1,1,0,True,1,1,0,0,True,True,0,10,9,10,9,3,PF_RP,sampled_pool,,,False,0.3888888888888889,0.5,0.5,0.1,fixed,break_symmetry,offspring,feasible_start_adaptive_spacing,,,,feasible_start_adaptive_spacing,0.5,,True,auto_from_instance,0.75,0.35,"4,5,9,14,15,17,25,27,29,52","2,10,16,17,19,21,23,28,34",,,,,,"H[4,5,9,14,15,17,25,27,29,52]|V[2,10,16,17,19,21,23,28,34]",c3a8d798cccc0ae6137f5d1801f12286f82d75a7
proposed_nsga2_bs_Gyorgy-KOVACS_WH_Narrow_AW_4_seed_118,proposed_nsga2_bs,Gyorgy-KOVACS_WH_Narrow_AW_4,118,6,auto_from_instance,12,18,4,30,216,,,,,11,5,4,root > V:27 > BH:27 > BV:19 > BV:19,selected,1,inf,True,684,260,424,484.0,1.0,1.0,True,True,1,1,0,True,1,1,0,0,True,True,0,18,11,18,11,5,SS,sampled_pool,,,True,0.3888888888888889,0.5,0.5,0.1,fixed,insert_random_aisle,offspring,feasible_start_adaptive_spacing,,,,feasible_start_adaptive_spacing,0.5,,True,auto_from_instance,0.75,0.35,"4,7,9,14,15,20,21,22,25,26,27,29,37,38,39,43,47,49","7,10,16,17,19,21,23,24,26,27,30",,,,,,"H[4,7,9,14,15,20,21,22,25,26,27,29,37,38,39,43,47,49]|V[7,10,16,17,19,21,23,24,26,27,30]",9baad5a6d6d08df213ec54891109e23b1069a9a5
proposed_nsga2_bs_Gyorgy-KOVACS_WH_Narrow_AW_4_seed_118,proposed_nsga2_bs,Gyorgy-KOVACS_WH_Narrow_AW_4,118,6,auto_from_instance,12,18,4,30,216,,,,,12,5,4,root > V:27 > BH:27 > BV:17 > BV:19,selected,1,0.0,True,684,260,424,484.0,1.0,1.0,True,True,1,1,0,True,1,1,0,0,True,True,0,18,11,18,11,5,SS,sampled_pool,,,True,0.3888888888888889,0.5,0.5,0.1,fixed,insert_random_aisle,offspring,feasible_start_adaptive_spacing,,,,feasible_start_adaptive_spacing,0.5,,True,auto_from_instance,0.75,0.35,"4,7,9,14,15,20,21,22,25,26,27,29,37,38,39,43,47,49","7,10,16,17,19,21,23,24,26,27,30",,,,,,"H[4,7,9,14,15,20,21,22,25,26,27,29,37,38,39,43,47,49]|V[7,10,16,17,19,21,23,24,26,27,30]",7ea492661f4a7d780540a41c5bfc758906148e19
proposed_nsga2_bs_Gyorgy-KOVACS_WH_Narrow_AW_4_seed_118,proposed_nsga2_bs,Gyorgy-KOVACS_WH_Narrow_AW_4,118,6,auto_from_instance,12,18,4,30,216,,,,,13,5,4,root > V:27 > BH:27 > BV:19 > BV:17,selected,1,0.0,True,684,260,424,484.0,1.0,1.0,True,True,1,1,0,True,1,1,0,0,True,True,0,18,11,18,11,5,SS,sampled_pool,,,True,0.3888888888888889,0.5,0.5,0.1,fixed,insert_random_aisle,offspring,feasible_start_adaptive_spacing,,,,feasible_start_adaptive_spacing,0.5,,True,auto_from_instance,0.75,0.35,"4,7,9,14,15,20,21,22,25,26,27,29,37,38,39,43,47,49","7,10,16,17,19,21,23,24,26,27,30",,,,,,"H[4,7,9,14,15,20,21,22,25,26,27,29,37,38,39,43,47,49]|V[7,10,16,17,19,21,23,24,26,27,30]",59c55a28d53f47701301421f850890ad1de7d63b
proposed_nsga2_bs_Gyorgy-KOVACS_WH_Narrow_AW_4_seed_118,proposed_nsga2_bs,Gyorgy-KOVACS_WH_Narrow_AW_4,118,6,auto_from_instance,12,18,4,30,216,,,,,14,5,4,root > V:27 > BH:27 > BV:17 > BV:17,selected,1,inf,True,684,260,424,484.0,1.0,1.0,True,True,1,1,0,True,1,1,0,0,True,True,0,18,11,18,11,5,SS,sampled_pool,,,True,0.3888888888888889,0.5,0.5,0.1,fixed,insert_random_aisle,offspring,feasible_start_adaptive_spacing,,,,feasible_start_adaptive_spacing,0.5,,True,auto_from_instance,0.75,0.35,"4,7,9,14,15,20,21,22,25,26,27,29,37,38,39,43,47,49","7,10,16,17,19,21,23,24,26,27,30",,,,,,"H[4,7,9,14,15,20,21,22,25,26,27,29,37,38,39,43,47,49]|V[7,10,16,17,19,21,23,24,26,27,30]",6732d5258a9313035bead181283e041def90bbb2
proposed_nsga2_bs_Gyorgy-KOVACS_WH_Narrow_AW_4_seed_118,proposed_nsga2_bs,Gyorgy-KOVACS_WH_Narrow_AW_4,118,7,auto_from_instance,12,18,4,30,216,,,,,1,1,4,root > V:28 > BH:27 > BV:19 > BV:19,selected,0,inf,True,680,262,418,472.0,1.0,1.0,True,True,1,1,0,True,1,1,0,0,True,True,0,14,9,14,9,1,PF_SS,sampled_pool,,,True,0.4444444444444444,0.5,0.5,0.1,fixed,break_symmetry,offspring,feasible_start_adaptive_spacing,,,,feasible_start_adaptive_spacing,0.5,,True,auto_from_instance,0.75,0.35,"4,5,9,14,15,17,25,26,29,34,39,47,49","2,9,16,17,19,21,23,28,34",,,,,,"H[4,5,9,14,15,17,25,26,27,29,34,39,47,49]|V[2,9,16,17,19,21,23,28,34]",fc4825140fa5e2560776b4b932f5ef46c1588f36
proposed_nsga2_bs_Gyorgy-KOVACS_WH_Narrow_AW_4_seed_118,proposed_nsga2_bs,Gyorgy-KOVACS_WH_Narrow_AW_4,118,7,auto_from_instance,12,18,4,30,216,,,,,2,1,4,root > V:28 > BH:27 > BV:19 > BV:21,selected,1,inf,True,680,262,418,524.0,1.0,1.0,True,True,1,1,0,True,1,1,0,0,True,True,0,14,9,14,9,1,PF_SS,sampled_pool,,,True,0.4444444444444444,0.5,0.5,0.1,fixed,break_symmetry,offspring,feasible_start_adaptive_spacing,,,,feasible_start_adaptive_spacing,0.5,,True,auto_from_instance,0.75,0.35,"4,5,9,14,15,17,25,26,29,34,39,47,49","2,9,16,17,19,21,23,28,34",,,,,,"H[4,5,9,14,15,17,25,26,27,29,34,39,47,49]|V[2,9,16,17,19,21,23,28,34]",334779b46d5c288ee3031362a71af20db7b63dd5
proposed_nsga2_bs_Gyorgy-KOVACS_WH_Narrow_AW_4_seed_118,proposed_nsga2_bs,Gyorgy-KOVACS_WH_Narrow_AW_4,118,7,auto_from_instance,12,18,4,30,216,,,,,3,1,4,root > V:28 > BH:27 > BV:19 > BV:21,selected,1,0.0,True,680,262,418,524.0,1.0,1.0,True,True,1,1,0,True,1,1,0,0,True,True,0,14,9,14,9,1,PF_SS,sampled_pool,,,True,0.4444444444444444,0.5,0.5,0.1,fixed,break_symmetry,offspring,feasible_start_adaptive_spacing,,,,feasible_start_adaptive_spacing,0.5,,True,auto_from_instance,0.75,0.35,"4,5,9,14,15,17,25,26,29,34,39,47,49","2,9,16,17,19,21,23,28,34",,,,,,"H[4,5,9,14,15,17,25,26,27,29,34,39,47,49]|V[2,9,16,17,19,21,23,28,34]",8f2926ac3d427dac9f2e22e7dbb4782d03fe71f9
proposed_nsga2_bs_Gyorgy-KOVACS_WH_Narrow_AW_4_seed_118,proposed_nsga2_bs,Gyorgy-KOVACS_WH_Narrow_AW_4,118,7,auto_from_instance,12,18,4,30,216,,,,,4,1,4,root > V:28 > BH:27 > BV:19 > BV:17,selected,1,inf,True,680,262,418,524.0,1.0,1.0,True,True,1,1,0,True,1,1,0,0,True,True,0,14,9,14,9,1,PF_SS,sampled_pool,,,True,0.4444444444444444,0.5,0.5,0.1,fixed,break_symmetry,offspring,feasible_start_adaptive_spacing,,,,feasible_start_adaptive_spacing,0.5,,True,auto_from_instance,0.75,0.35,"4,5,9,14,15,17,25,26,29,34,39,47,49","2,9,16,17,19,21,23,28,34",,,,,,"H[4,5,9,14,15,17,25,26,27,29,34,39,47,49]|V[2,9,16,17,19,21,23,28,34]",c3a8d798cccc0ae6137f5d1801f12286f82d75a7
proposed_nsga2_bs_Gyorgy-KOVACS_WH_Narrow_AW_4_seed_118,proposed_nsga2_bs,Gyorgy-KOVACS_WH_Narrow_AW_4,118,7,auto_from_instance,12,18,4,30,216,,,,,5,2,8,root > V:16 > BH:27 > BH:5 > BH:15 > BH:25 > BH:37 > BH:47 > BV:26,selected,1,1.363558352402746,True,632,246,386,550.0,1.0,1.0,True,True,1,1,0,True,1,1,0,0,True,True,0,14,10,14,10,2,LS_RP,sampled_pool,,,False,0.4444444444444444,0.5,0.5,0.1,fixed,insert_random_aisle,offspring,feasible_start_adaptive_spacing,,,,feasible_start_adaptive_spacing,0.5,,True,auto_from_instance,0.75,0.35,"4,6,7,10,12,17,25,27,29,52","2,10,11,16,17,19,21,23,26,34",,,,,,"H[4,5,6,7,10,12,15,17,25,27,29,37,47,52]|V[2,10,11,16,17,19,21,23,26,34]",08ee812bc396556b6550be0bd82f9266dcd2fe55
proposed_nsga2_bs_Gyorgy-KOVACS_WH_Narrow_AW_4_seed_118,proposed_nsga2_bs,Gyorgy-KOVACS_WH_Narrow_AW_4,118,7,auto_from_instance,12,18,4,30,216,,,,,6,2,8,root > V:16 > BH:27 > BH:49 > BH:39 > BH:29 > BH:17 > BH:7 > BV:26,selected,1,inf,True,632,246,386,550.0,1.0,1.0,True,True,1,1,0,True,1,1,0,0,True,True,0,12,10,12,10,2,LS_RP,sampled_pool,,,False,0.4444444444444444,0.5,0.5,0.1,fixed,insert_random_aisle,offspring,feasible_start_adaptive_spacing,,,,feasible_start_adaptive_spacing,0.5,,True,auto_from_instance,0.75,0.35,"4,6,7,10,12,17,25,27,29,52","2,10,11,16,17,19,21,23,26,34",,,,,,"H[4,6,7,10,12,17,25,27,29,39,49,52]|V[2,10,11,16,17,19,21,23,26,34]",660d9dab711cc8220a7c4152b9d81284ad744a59
proposed_nsga2_bs_Gyorgy-KOVACS_WH_Narrow_AW_4_seed_118,proposed_nsga2_bs,Gyorgy-KOVACS_WH_Narrow_AW_4,118,7,auto_from_instance,12,18,4,30,216,,,,,7,2,8,root > V:16 > BH:27 > BH:5 > BH:15 > BH:25 > BH:37 > BH:47 > BV:24,evaluated,2,1.5180575035063115,False,632,246,386,628.0,1.0,1.0,True,True,1,1,0,True,1,1,0,0,True,True,0,14,11,14,11,2,LS_RP,sampled_pool,,,False,0.4444444444444444,0.5,0.5,0.1,fixed,insert_random_aisle,offspring,feasible_start_adaptive_spacing,,,,feasible_start_adaptive_spacing,0.5,,True,auto_from_instance,0.75,0.35,"4,6,7,10,12,17,25,27,29,52","2,10,11,16,17,19,21,23,26,34",,,,,,"H[4,5,6,7,10,12,15,17,25,27,29,37,47,52]|V[2,10,11,16,17,19,21,23,24,26,34]",fe71932ea9ef92cbca4e0b578f20f6e88be50370
proposed_nsga2_bs_Gyorgy-KOVACS_WH_Narrow_AW_4_seed_118,proposed_nsga2_bs,Gyorgy-KOVACS_WH_Narrow_AW_4,118,7,auto_from_instance,12,18,4,30,216,,,,,8,2,8,root > V:16 > BH:27 > BH:49 > BH:39 > BH:29 > BH:17 > BH:7 > BV:24,selected,2,inf,True,632,246,386,628.0,1.0,1.0,True,True,1,1,0,True,1,1,0,0,True,True,0,12,11,12,11,2,LS_RP,sampled_pool,,,False,0.4444444444444444,0.5,0.5,0.1,fixed,insert_random_aisle,offspring,feasible_start_adaptive_spacing,,,,feasible_start_adaptive_spacing,0.5,,True,auto_from_instance,0.75,0.35,"4,6,7,10,12,17,25,27,29,52","2,10,11,16,17,19,21,23,26,34",,,,,,"H[4,6,7,10,12,17,25,27,29,39,49,52]|V[2,10,11,16,17,19,21,23,24,26,34]",9696e3fb0a981a3c866440c46c54987a8cf3ab94
proposed_nsga2_bs_Gyorgy-KOVACS_WH_Narrow_AW_4_seed_118,proposed_nsga2_bs,Gyorgy-KOVACS_WH_Narrow_AW_4,118,7,auto_from_instance,12,18,4,30,216,,,,,9,4,7,root > V:21 > BH:27 > BH:49 > BH:39 > BH:27 > BH:15 > BH:5,evaluated,4,inf,False,736,192,544,864.0,1.0,1.0,True,True,1,1,0,True,1,1,0,0,True,True,0,14,9,14,9,4,RP,sampled_pool,,,False,0.4444444444444444,0.5,0.5,0.1,fixed,spacing_aware_flip,offspring,feasible_start_adaptive_spacing,,,,feasible_start_adaptive_spacing,0.5,,True,auto_from_instance,0.75,0.35,"0,4,6,7,10,12,17,25,27,29,49","2,9,16,17,19,21,23,26,34",,,,,,"H[0,4,5,6,7,10,12,15,17,25,27,29,39,49]|V[2,9,16,17,19,21,23,26,34]",358d97cec9c1dd51e5ceb290153a7a054a951743
proposed_nsga2_bs_Gyorgy-KOVACS_WH_Narrow_AW_4_seed_118,proposed_nsga2_bs,Gyorgy-KOVACS_WH_Narrow_AW_4,118,7,auto_from_instance,12,18,4,30,216,,,,,10,4,7,root > V:21 > BH:27 > BH:5 > BH:17 > BH:29 > BH:41 > BH:53,evaluated,5,inf,False,736,183,553,873.0,1.0,1.0,True,True,1,1,0,True,1,1,0,0,True,True,0,14,9,14,9,4,RP,sampled_pool,,,False,0.4444444444444444,0.5,0.5,0.1,fixed,spacing_aware_flip,offspring,feasible_start_adaptive_spacing,,,,feasible_start_adaptive_spacing,0.5,,True,auto_from_instance,0.75,0.35,"0,4,6,7,10,12,17,25,27,29,49","2,9,16,17,19,21,23,26,34",,,,,,"H[0,4,5,6,7,10,12,17,25,27,29,41,49,53]|V[2,9,16,17,19,21,23,26,34]",d399873411abb3da022c68c5f2cc9d5953e8af18
proposed_nsga2_bs_Gyorgy-KOVACS_WH_Narrow_AW_4_seed_118,proposed_nsga2_bs,Gyorgy-KOVACS_WH_Narrow_AW_4,118,7,auto_from_instance,12,18,4,30,216,,,,,11,4,7,root > V:21 > BH:27 > BH:5 > BH:17 > BH:29 > BH:41 > BH:49,evaluated,5,inf,False,736,192,544,882.0,1.0,1.0,True,True,1,1,0,True,1,1,0,0,True,True,0,13,9,13,9,4,RP,sampled_pool,,,False,0.4444444444444444,0.5,0.5,0.1,fixed,spacing_aware_flip,offspring,feasible_start_adaptive_spacing,,,,feasible_start_adaptive_spacing,0.5,,True,auto_from_instance,0.75,0.35,"0,4,6,7,10,12,17,25,27,29,49","2,9,16,17,19,21,23,26,34",,,,,,"H[0,4,5,6,7,10,12,17,25,27,29,41,49]|V[2,9,16,17,19,21,23,26,34]",505c1342b435c8602ef114e7a954d322db0969f8
proposed_nsga2_bs_Gyorgy-KOVACS_WH_Narrow_AW_4_seed_118,proposed_nsga2_bs,Gyorgy-KOVACS_WH_Narrow_AW_4,118,7,auto_from_instance,12,18,4,30,216,,,,,12,4,7,root > V:21 > BH:27 > BH:49 > BH:37 > BH:25 > BH:13 > BH:5,evaluated,5,inf,False,736,192,544,882.0,1.0,1.0,True,True,1,1,0,True,1,1,0,0,True,True,0,14,9,14,9,4,RP,sampled_pool,,,False,0.4444444444444444,0.5,0.5,0.1,fixed,spacing_aware_flip,offspring,feasible_start_adaptive_spacing,,,,feasible_start_adaptive_spacing,0.5,,True,auto_from_instance,0.75,0.35,"0,4,6,7,10,12,17,25,27,29,49","2,9,16,17,19,21,23,26,34",,,,,,"H[0,4,5,6,7,10,12,13,17,25,27,29,37,49]|V[2,9,16,17,19,21,23,26,34]",b505db3b665156843c976d98ce3a07d032707b26
proposed_nsga2_bs_Gyorgy-KOVACS_WH_Narrow_AW_4_seed_118,proposed_nsga2_bs,Gyorgy-KOVACS_WH_Narrow_AW_4,118,7,auto_from_instance,12,18,4,30,216,,,,,13,5,8,root > V:16 > BH:27 > BH:49 > BH:41 > BH:29 > BH:17 > BH:9 > BV:26,selected,1,inf,True,624,252,372,562.0,1.0,1.0,True,True,1,1,0,True,1,1,0,0,True,True,0,17,10,17,10,5,PF_LS,sampled_pool,,,False,0.4444444444444444,0.5,0.5,0.1,fixed,break_symmetry,offspring,feasible_start_adaptive_spacing,,,,feasible_start_adaptive_spacing,0.5,,True,auto_from_instance,0.75,0.35,"4,7,9,14,15,25,26,27,29,37,38,39,43,47,49","9,16,17,20,21,23,24,26,27,30",,,,,,"H[4,7,9,14,15,17,25,26,27,29,37,38,39,41,43,47,49]|V[9,16,17,20,21,23,24,26,27,30]",8498d8f1059034f9f144b058e7e18d5585555d05
proposed_nsga2_bs_Gyorgy-KOVACS_WH_Narrow_AW_4_seed_118,proposed_nsga2_bs,Gyorgy-KOVACS_WH_Narrow_AW_4,118,7,auto_from_instance,12,18,4,30,216,,,,,14,5,8,root > V:16 > BH:27 > BH:49 > BH:39 > BH:29 > BH:17 > BH:9 > BV:26,selected,0,inf,True,624,252,372,534.0,1.0,1.0,True,True,1,1,0,True,1,1,0,0,True,True,0,16,10,16,10,5,PF_LS,sampled_pool,,,False,0.4444444444444444,0.5,0.5,0.1,fixed,break_symmetry,offspring,feasible_start_adaptive_spacing,,,,feasible_start_adaptive_spacing,0.5,,True,auto_from_instance,0.75,0.35,"4,7,9,14,15,25,26,27,29,37,38,39,43,47,49","9,16,17,20,21,23,24,26,27,30",,,,,,"H[4,7,9,14,15,17,25,26,27,29,37,38,39,43,47,49]|V[9,16,17,20,21,23,24,26,27,30]",04b9835ae17dcf7a9c8af907330db39e1d2fb2b9
proposed_nsga2_bs_Gyorgy-KOVACS_WH_Narrow_AW_4_seed_118,proposed_nsga2_bs,Gyorgy-KOVACS_WH_Narrow_AW_4,118,7,auto_from_instance,12,18,4,30,216,,,,,15,5,8,root > V:16 > BH:27 > BH:49 > BH:41 > BH:29 > BH:17 > BH:9 > BV:24,evaluated,3,inf,False,624,252,372,666.0,1.0,1.0,True,True,1,1,0,True,1,1,0,0,True,True,0,17,10,17,10,5,PF_LS,sampled_pool,,,False,0.4444444444444444,0.5,0.5,0.1,fixed,break_symmetry,offspring,feasible_start_adaptive_spacing,,,,feasible_start_adaptive_spacing,0.5,,True,auto_from_instance,0.75,0.35,"4,7,9,14,15,25,26,27,29,37,38,39,43,47,49","9,16,17,20,21,23,24,26,27,30",,,,,,"H[4,7,9,14,15,17,25,26,27,29,37,38,39,41,43,47,49]|V[9,16,17,20,21,23,24,26,27,30]",b03a188135e15721b5fdacc1e2599f0e913cdfd0
proposed_nsga2_bs_Gyorgy-KOVACS_WH_Narrow_AW_4_seed_118,proposed_nsga2_bs,Gyorgy-KOVACS_WH_Narrow_AW_4,118,7,auto_from_instance,12,18,4,30,216,,,,,16,5,8,root > V:16 > BH:27 > BH:49 > BH:39 > BH:29 > BH:17 > BH:9 > BV:24,selected,2,inf,True,624,252,372,638.0,1.0,1.0,True,True,1,1,0,True,1,1,0,0,True,True,0,16,10,16,10,5,PF_LS,sampled_pool,,,False,0.4444444444444444,0.5,0.5,0.1,fixed,break_symmetry,offspring,feasible_start_adaptive_spacing,,,,feasible_start_adaptive_spacing,0.5,,True,auto_from_instance,0.75,0.35,"4,7,9,14,15,25,26,27,29,37,38,39,43,47,49","9,16,17,20,21,23,24,26,27,30",,,,,,"H[4,7,9,14,15,17,25,26,27,29,37,38,39,43,47,49]|V[9,16,17,20,21,23,24,26,27,30]",98cd3db7ad48726674c476a63fd54b9db772e099
proposed_nsga2_bs_Gyorgy-KOVACS_WH_Narrow_AW_4_seed_118,proposed_nsga2_bs,Gyorgy-KOVACS_WH_Narrow_AW_4,118,7,auto_from_instance,12,18,4,30,216,,,,,17,7,7,root > V:21 > BH:27 > BH:49 > BH:37 > BH:27 > BH:15 > BH:5,evaluated,4,inf,False,736,192,544,864.0,1.0,1.0,True,True,1,1,0,True,1,1,0,0,True,True,0,13,9,13,9,7,SS_PF_LS,sampled_pool,,,True,0.4444444444444444,0.5,0.5,0.1,fixed,spacing_aware_flip,offspring,feasible_start_adaptive_spacing,,,,feasible_start_adaptive_spacing,0.5,,True,auto_from_instance,0.75,0.35,"4,5,6,14,15,17,25,27,34,37,47,49,53","2,9,16,17,19,21,23,24,34",,,,,,"H[4,5,6,14,15,17,25,27,34,37,47,49,53]|V[2,9,16,17,19,21,23,24,34]",31129cb4343d3fe1bdb956576dcea4f175cd1379
proposed_nsga2_bs_Gyorgy-KOVACS_WH_Narrow_AW_4_seed_118,proposed_nsga2_bs,Gyorgy-KOVACS_WH_Narrow_AW_4,118,7,auto_from_instance,12,18,4,30,216,,,,,18,11,4,root > V:28 > BH:27 > BV:21 > BV:21,selected,2,inf,True,680,262,418,576.0,1.0,1.0,True,True,1,1,0,True,1,1,0,0,True,True,0,14,11,14,11,11,LS,sampled_pool,,,False,0.4444444444444444,0.5,0.5,0.1,fixed,bit_flip,offspring,feasible_start_adaptive_spacing,,,,feasible_start_adaptive_spacing,0.5,,True,auto_from_instance,0.75,0.35,"4,5,6,10,12,15,17,25,27,37,38,39,47,49","2,9,17,19,21,23,24,26,27,28,30",,,,,,"H[4,5,6,10,12,15,17,25,27,37,38,39,47,49]|V[2,9,17,19,21,23,24,26,27,28,30]",67a6f4f8f954f77d80a9f7aeff15d9041dc361bd
proposed_nsga2_bs_Gyorgy-KOVACS_WH_Narrow_AW_4_seed_118,proposed_nsga2_bs,Gyorgy-KOVACS_WH_Narrow_AW_4,118,7,auto_from_instance,12,18,4,30,216,,,,,19,11,4,root > V:28 > BH:27 > BV:17 > BV:21,selected,2,inf,True,680,262,418,576.0,1.0,1.0,True,True,1,1,0,True,1,1,0,0,True,True,0,14,11,14,11,11,LS,sampled_pool,,,False,0.4444444444444444,0.5,0.5,0.1,fixed,bit_flip,offspring,feasible_start_adaptive_spacing,,,,feasible_start_adaptive_spacing,0.5,,True,auto_from_instance,0.75,0.35,"4,5,6,10,12,15,17,25,27,37,38,39,47,49","2,9,17,19,21,23,24,26,27,28,30",,,,,,"H[4,5,6,10,12,15,17,25,27,37,38,39,47,49]|V[2,9,17,19,21,23,24,26,27,28,30]",0cf129bcce89e5f8a26de7d155210a53886c00dc
proposed_nsga2_bs_Gyorgy-KOVACS_WH_Narrow_AW_4_seed_118,proposed_nsga2_bs,Gyorgy-KOVACS_WH_Narrow_AW_4,118,8,auto_from_instance,12,18,4,30,216,,,,,1,1,8,root > V:16 > BH:27 > BH:5 > BH:15 > BH:25 > BH:37 > BH:47 > BV:26,selected,0,inf,True,632,246,386,550.0,1.0,1.0,True,True,1,1,0,True,1,1,0,0,True,True,0,15,9,15,9,1,PF_SS_RP,sampled_pool,,,True,0.5,0.5,0.5,0.1,fixed,insert_random_aisle,offspring,feasible_start_adaptive_spacing,,,,feasible_start_adaptive_spacing,0.5,,True,auto_from_instance,0.75,0.35,"4,5,6,7,10,12,15,17,25,27,29,37,43,47,52","2,9,16,17,19,21,23,26,34",,,,,,"H[4,5,6,7,10,12,15,17,25,27,29,37,43,47,52]|V[2,9,16,17,19,21,23,26,34]",08ee812bc396556b6550be0bd82f9266dcd2fe55
proposed_nsga2_bs_Gyorgy-KOVACS_WH_Narrow_AW_4_seed_118,proposed_nsga2_bs,Gyorgy-KOVACS_WH_Narrow_AW_4,118,8,auto_from_instance,12,18,4,30,216,,,,,2,1,8,root > V:16 > BH:27 > BH:49 > BH:39 > BH:29 > BH:17 > BH:7 > BV:26,selected,0,inf,True,632,246,386,550.0,1.0,1.0,True,True,1,1,0,True,1,1,0,0,True,True,0,17,9,17,9,1,PF_SS_RP,sampled_pool,,,True,0.5,0.5,0.5,0.1,fixed,insert_random_aisle,offspring,feasible_start_adaptive_spacing,,,,feasible_start_adaptive_spacing,0.5,,True,auto_from_instance,0.75,0.35,"4,5,6,7,10,12,15,17,25,27,29,37,43,47,52","2,9,16,17,19,21,23,26,34",,,,,,"H[4,5,6,7,10,12,15,17,25,27,29,37,39,43,47,49,52]|V[2,9,16,17,19,21,23,26,34]",660d9dab711cc8220a7c4152b9d81284ad744a59
proposed_nsga2_bs_Gyorgy-KOVACS_WH_Narrow_AW_4_seed_118,proposed_nsga2_bs,Gyorgy-KOVACS_WH_Narrow_AW_4,118,8,auto_from_instance,12,18,4,30,216,,,,,3,1,8,root > V:16 > BH:27 > BH:5 > BH:15 > BH:25 > BH:37 > BH:47 > BV:24,selected,1,inf,True,632,246,386,628.0,1.0,1.0,True,True,1,1,0,True,1,1,0,0,True,True,0,15,10,15,10,1,PF_SS_RP,sampled_pool,,,True,0.5,0.5,0.5,0.1,fixed,insert_random_aisle,offspring,feasible_start_adaptive_spacing,,,,feasible_start_adaptive_spacing,0.5,,True,auto_from_instance,0.75,0.35,"4,5,6,7,10,12,15,17,25,27,29,37,43,47,52","2,9,16,17,19,21,23,26,34",,,,,,"H[4,5,6,7,10,12,15,17,25,27,29,37,43,47,52]|V[2,9,16,17,19,21,23,24,26,34]",fe71932ea9ef92cbca4e0b578f20f6e88be50370
proposed_nsga2_bs_Gyorgy-KOVACS_WH_Narrow_AW_4_seed_118,proposed_nsga2_bs,Gyorgy-KOVACS_WH_Narrow_AW_4,118,8,auto_from_instance,12,18,4,30,216,,,,,4,1,8,root > V:16 > BH:27 > BH:49 > BH:39 > BH:29 > BH:17 > BH:7 > BV:24,selected,1,inf,True,632,246,386,628.0,1.0,1.0,True,True,1,1,0,True,1,1,0,0,True,True,0,17,10,17,10,1,PF_SS_RP,sampled_pool,,,True,0.5,0.5,0.5,0.1,fixed,insert_random_aisle,offspring,feasible_start_adaptive_spacing,,,,feasible_start_adaptive_spacing,0.5,,True,auto_from_instance,0.75,0.35,"4,5,6,7,10,12,15,17,25,27,29,37,43,47,52","2,9,16,17,19,21,23,26,34",,,,,,"H[4,5,6,7,10,12,15,17,25,27,29,37,39,43,47,49,52]|V[2,9,16,17,19,21,23,24,26,34]",9696e3fb0a981a3c866440c46c54987a8cf3ab94
proposed_nsga2_bs_Gyorgy-KOVACS_WH_Narrow_AW_4_seed_118,proposed_nsga2_bs,Gyorgy-KOVACS_WH_Narrow_AW_4,118,8,auto_from_instance,12,18,4,30,216,,,,,5,2,8,root > V:17 > BH:27 > BH:5 > BH:15 > BH:25 > BH:37 > BH:47 > BV:27,selected,1,inf,True,648,237,411,490.0,1.0,1.0,True,True,1,1,0,True,1,1,0,0,True,True,0,17,12,17,12,2,LS_RP,sampled_pool,,,False,0.5,0.5,0.5,0.1,fixed,insert_random_aisle,offspring,feasible_start_adaptive_spacing,,,,feasible_start_adaptive_spacing,0.5,,True,auto_from_instance,0.75,0.35,"4,7,9,14,15,17,25,26,27,29,37,38,39,43,47,49","10,11,16,17,18,20,21,23,24,26,27,30",,,,,,"H[4,5,7,9,14,15,17,25,26,27,29,37,38,39,43,47,49]|V[10,11,16,17,18,20,21,23,24,26,27,30]",3ab80a1d8e68880e815ad780c83cfc2449e7f93f
proposed_nsga2_bs_Gyorgy-KOVACS_WH_Narrow_AW_4_seed_118,proposed_nsga2_bs,Gyorgy-KOVACS_WH_Narrow_AW_4,118,8,auto_from_instance,12,18,4,30,216,,,,,6,2,8,root > V:17 > BH:27 > BH:49 > BH:39 > BH:29 > BH:17 > BH:7 > BV:27,selected,1,inf,True,648,237,411,490.0,1.0,1.0,True,True,1,1,0,True,1,1,0,0,True,True,0,16,12,16,12,2,LS_RP,sampled_pool,,,False,0.5,0.5,0.5,0.1,fixed,insert_random_aisle,offspring,feasible_start_adaptive_spacing,,,,feasible_start_adaptive_spacing,0.5,,True,auto_from_instance,0.75,0.35,"4,7,9,14,15,17,25,26,27,29,37,38,39,43,47,49","10,11,16,17,18,20,21,23,24,26,27,30",,,,,,"H[4,7,9,14,15,17,25,26,27,29,37,38,39,43,47,49]|V[10,11,16,17,18,20,21,23,24,26,27,30]",451b31cd7494c0e29ac39737991e84853f054397
proposed_nsga2_bs_Gyorgy-KOVACS_WH_Narrow_AW_4_seed_118,proposed_nsga2_bs,Gyorgy-KOVACS_WH_Narrow_AW_4,118,8,auto_from_instance,12,18,4,30,216,,,,,7,2,8,root > V:17 > BH:27 > BH:5 > BH:15 > BH:25 > BH:37 > BH:47 > BV:25,evaluated,3,inf,False,648,237,411,544.0,1.0,1.0,True,True,1,1,0,True,1,1,0,0,True,True,0,17,13,17,13,2,LS_RP,sampled_pool,,,False,0.5,0.5,0.5,0.1,fixed,insert_random_aisle,offspring,feasible_start_adaptive_spacing,,,,feasible_start_adaptive_spacing,0.5,,True,auto_from_instance,0.75,0.35,"4,7,9,14,15,17,25,26,27,29,37,38,39,43,47,49","10,11,16,17,18,20,21,23,24,26,27,30",,,,,,"H[4,5,7,9,14,15,17,25,26,27,29,37,38,39,43,47,49]|V[10,11,16,17,18,20,21,23,24,25,26,27,30]",24e93b3467ee5334276be59c5b6e878bb2e06a66
proposed_nsga2_bs_Gyorgy-KOVACS_WH_Narrow_AW_4_seed_118,proposed_nsga2_bs,Gyorgy-KOVACS_WH_Narrow_AW_4,118,8,auto_from_instance,12,18,4,30,216,,,,,8,2,8,root > V:17 > BH:27 > BH:49 > BH:39 > BH:29 > BH:17 > BH:7 > BV:25,evaluated,3,inf,False,648,237,411,544.0,1.0,1.0,True,True,1,1,0,True,1,1,0,0,True,True,0,16,13,16,13,2,LS_RP,sampled_pool,,,False,0.5,0.5,0.5,0.1,fixed,insert_random_aisle,offspring,feasible_start_adaptive_spacing,,,,feasible_start_adaptive_spacing,0.5,,True,auto_from_instance,0.75,0.35,"4,7,9,14,15,17,25,26,27,29,37,38,39,43,47,49","10,11,16,17,18,20,21,23,24,26,27,30",,,,,,"H[4,7,9,14,15,17,25,26,27,29,37,38,39,43,47,49]|V[10,11,16,17,18,20,21,23,24,25,26,27,30]",19631d63ec0204b55a5a6d539d26aaf84a80581d
proposed_nsga2_bs_Gyorgy-KOVACS_WH_Narrow_AW_4_seed_118,proposed_nsga2_bs,Gyorgy-KOVACS_WH_Narrow_AW_4,118,8,auto_from_instance,12,18,4,30,216,,,,,9,3,7,root > V:21 > BH:27 > BH:49 > BH:39 > BH:27 > BH:15 > BH:5,evaluated,4,inf,False,736,192,544,864.0,1.0,1.0,True,True,1,1,0,True,1,1,0,0,True,True,0,19,8,19,8,3,RP,sampled_pool,,,False,0.5,0.5,0.5,0.1,fixed,break_symmetry,offspring,feasible_start_adaptive_spacing,,,,feasible_start_adaptive_spacing,0.5,,True,auto_from_instance,0.75,0.35,"4,6,7,10,12,17,25,27,29,37,38,40,43,47,49,52","9,16,17,19,21,23,26,34",,,,,,"H[4,5,6,7,10,12,15,17,25,27,29,37,38,39,40,43,47,49,52]|V[9,16,17,19,21,23,26,34]",358d97cec9c1dd51e5ceb290153a7a054a951743
proposed_nsga2_bs_Gyorgy-KOVACS_WH_Narrow_AW_4_seed_118,proposed_nsga2_bs,Gyorgy-KOVACS_WH_Narrow_AW_4,118,8,auto_from_instance,12,18,4,30,216,,,,,10,3,7,root > V:21 > BH:27 > BH:5 > BH:17 > BH:29 > BH:41 > BH:53,evaluated,5,inf,False,736,183,553,873.0,1.0,1.0,True,True,1,1,0,True,1,1,0,0,True,True,0,19,8,19,8,3,RP,sampled_pool,,,False,0.5,0.5,0.5,0.1,fixed,break_symmetry,offspring,feasible_start_adaptive_spacing,,,,feasible_start_adaptive_spacing,0.5,,True,auto_from_instance,0.75,0.35,"4,6,7,10,12,17,25,27,29,37,38,40,43,47,49,52","9,16,17,19,21,23,26,34",,,,,,"H[4,5,6,7,10,12,17,25,27,29,37,38,40,41,43,47,49,52,53]|V[9,16,17,19,21,23,26,34]",d399873411abb3da022c68c5f2cc9d5953e8af18
proposed_nsga2_bs_Gyorgy-KOVACS_WH_Narrow_AW_4_seed_118,proposed_nsga2_bs,Gyorgy-KOVACS_WH_Narrow_AW_4,118,8,auto_from_instance,12,18,4,30,216,,,,,11,3,7,root > V:21 > BH:27 > BH:5 > BH:17 > BH:29 > BH:41 > BH:49,evaluated,5,inf,False,736,192,544,882.0,1.0,1.0,True,True,1,1,0,True,1,1,0,0,True,True,0,18,8,18,8,3,RP,sampled_pool,,,False,0.5,0.5,0.5,0.1,fixed,break_symmetry,offspring,feasible_start_adaptive_spacing,,,,feasible_start_adaptive_spacing,0.5,,True,auto_from_instance,0.75,0.35,"4,6,7,10,12,17,25,27,29,37,38,40,43,47,49,52","9,16,17,19,21,23,26,34",,,,,,"H[4,5,6,7,10,12,17,25,27,29,37,38,40,41,43,47,49,52]|V[9,16,17,19,21,23,26,34]",505c1342b435c8602ef114e7a954d322db0969f8
proposed_nsga2_bs_Gyorgy-KOVACS_WH_Narrow_AW_4_seed_118,proposed_nsga2_bs,Gyorgy-KOVACS_WH_Narrow_AW_4,118,8,auto_from_instance,12,18,4,30,216,,,,,12,3,7,root > V:21 > BH:27 > BH:49 > BH:37 > BH:25 > BH:13 > BH:5,evaluated,5,inf,False,736,192,544,882.0,1.0,1.0,True,True,1,1,0,True,1,1,0,0,True,True,0,18,8,18,8,3,RP,sampled_pool,,,False,0.5,0.5,0.5,0.1,fixed,break_symmetry,offspring,feasible_start_adaptive_spacing,,,,feasible_start_adaptive_spacing,0.5,,True,auto_from_instance,0.75,0.35,"4,6,7,10,12,17,25,27,29,37,38,40,43,47,49,52","9,16,17,19,21,23,26,34",,,,,,"H[4,5,6,7,10,12,13,17,25,27,29,37,38,40,43,47,49,52]|V[9,16,17,19,21,23,26,34]",b505db3b665156843c976d98ce3a07d032707b26
proposed_nsga2_bs_Gyorgy-KOVACS_WH_Narrow_AW_4_seed_118,proposed_nsga2_bs,Gyorgy-KOVACS_WH_Narrow_AW_4,118,8,auto_from_instance,12,18,4,30,216,,,,,13,6,4,root > V:28 > BH:27 > BV:19 > BV:19,selected,0,inf,True,680,262,418,472.0,1.0,1.0,True,True,1,1,0,True,1,1,0,0,True,True,0,18,8,18,8,6,RP_LS,sampled_pool,,,False,0.5,0.5,0.5,0.1,fixed,bit_flip,offspring,feasible_start_adaptive_spacing,,,,feasible_start_adaptive_spacing,0.5,,True,auto_from_instance,0.75,0.35,"4,7,9,14,15,17,25,26,27,29,37,38,39,41,43,47,49,57","9,16,17,19,21,23,28,30",,,,,,"H[4,7,9,14,15,17,25,26,27,29,37,38,39,41,43,47,49,57]|V[9,16,17,19,21,23,28,30]",fc4825140fa5e2560776b4b932f5ef46c1588f36
proposed_nsga2_bs_Gyorgy-KOVACS_WH_Narrow_AW_4_seed_118,proposed_nsga2_bs,Gyorgy-KOVACS_WH_Narrow_AW_4,118,8,auto_from_instance,12,18,4,30,216,,,,,14,6,4,root > V:28 > BH:27 > BV:19 > BV:21,selected,1,inf,True,680,262,418,524.0,1.0,1.0,True,True,1,1,0,True,1,1,0,0,True,True,0,18,8,18,8,6,RP_LS,sampled_pool,,,False,0.5,0.5,0.5,0.1,fixed,bit_flip,offspring,feasible_start_adaptive_spacing,,,,feasible_start_adaptive_spacing,0.5,,True,auto_from_instance,0.75,0.35,"4,7,9,14,15,17,25,26,27,29,37,38,39,41,43,47,49,57","9,16,17,19,21,23,28,30",,,,,,"H[4,7,9,14,15,17,25,26,27,29,37,38,39,41,43,47,49,57]|V[9,16,17,19,21,23,28,30]",334779b46d5c288ee3031362a71af20db7b63dd5
proposed_nsga2_bs_Gyorgy-KOVACS_WH_Narrow_AW_4_seed_118,proposed_nsga2_bs,Gyorgy-KOVACS_WH_Narrow_AW_4,118,8,auto_from_instance,12,18,4,30,216,,,,,15,6,4,root > V:28 > BH:27 > BV:19 > BV:21,selected,1,0.0,True,680,262,418,524.0,1.0,1.0,True,True,1,1,0,True,1,1,0,0,True,True,0,18,8,18,8,6,RP_LS,sampled_pool,,,False,0.5,0.5,0.5,0.1,fixed,bit_flip,offspring,feasible_start_adaptive_spacing,,,,feasible_start_adaptive_spacing,0.5,,True,auto_from_instance,0.75,0.35,"4,7,9,14,15,17,25,26,27,29,37,38,39,41,43,47,49,57","9,16,17,19,21,23,28,30",,,,,,"H[4,7,9,14,15,17,25,26,27,29,37,38,39,41,43,47,49,57]|V[9,16,17,19,21,23,28,30]",8f2926ac3d427dac9f2e22e7dbb4782d03fe71f9
proposed_nsga2_bs_Gyorgy-KOVACS_WH_Narrow_AW_4_seed_118,proposed_nsga2_bs,Gyorgy-KOVACS_WH_Narrow_AW_4,118,8,auto_from_instance,12,18,4,30,216,,,,,16,6,4,root > V:28 > BH:27 > BV:19 > BV:17,selected,1,inf,True,680,262,418,524.0,1.0,1.0,True,True,1,1,0,True,1,1,0,0,True,True,0,18,8,18,8,6,RP_LS,sampled_pool,,,False,0.5,0.5,0.5,0.1,fixed,bit_flip,offspring,feasible_start_adaptive_spacing,,,,feasible_start_adaptive_spacing,0.5,,True,auto_from_instance,0.75,0.35,"4,7,9,14,15,17,25,26,27,29,37,38,39,41,43,47,49,57","9,16,17,19,21,23,28,30",,,,,,"H[4,7,9,14,15,17,25,26,27,29,37,38,39,41,43,47,49,57]|V[9,16,17,19,21,23,28,30]",c3a8d798cccc0ae6137f5d1801f12286f82d75a7
proposed_nsga2_bs_Gyorgy-KOVACS_WH_Narrow_AW_4_seed_118,proposed_nsga2_bs,Gyorgy-KOVACS_WH_Narrow_AW_4,118,8,auto_from_instance,12,18,4,30,216,,,,,17,8,4,root > V:28 > BH:27 > BV:21 > BV:21,evaluated,2,inf,False,680,262,418,576.0,1.0,1.0,True,True,1,1,0,True,1,1,0,0,True,True,0,11,9,11,9,8,LS,sampled_pool,,,False,0.5,0.5,0.5,0.1,fixed,remove_random_aisle,offspring,feasible_start_adaptive_spacing,,,,feasible_start_adaptive_spacing,0.5,,True,auto_from_instance,0.75,0.35,"4,6,7,10,12,17,25,27,29,39,49","2,10,16,17,19,21,23,28,34",,,,,,"H[4,6,7,10,12,17,25,27,29,39,49]|V[2,10,16,17,19,21,23,28,34]",67a6f4f8f954f77d80a9f7aeff15d9041dc361bd
proposed_nsga2_bs_Gyorgy-KOVACS_WH_Narrow_AW_4_seed_118,proposed_nsga2_bs,Gyorgy-KOVACS_WH_Narrow_AW_4,118,8,auto_from_instance,12,18,4,30,216,,,,,18,8,4,root > V:28 > BH:27 > BV:17 > BV:21,evaluated,2,inf,False,680,262,418,576.0,1.0,1.0,True,True,1,1,0,True,1,1,0,0,True,True,0,11,9,11,9,8,LS,sampled_pool,,,False,0.5,0.5,0.5,0.1,fixed,remove_random_aisle,offspring,feasible_start_adaptive_spacing,,,,feasible_start_adaptive_spacing,0.5,,True,auto_from_instance,0.75,0.35,"4,6,7,10,12,17,25,27,29,39,49","2,10,16,17,19,21,23,28,34",,,,,,"H[4,6,7,10,12,17,25,27,29,39,49]|V[2,10,16,17,19,21,23,28,34]",0cf129bcce89e5f8a26de7d155210a53886c00dc
proposed_nsga2_bs_Gyorgy-KOVACS_WH_Narrow_AW_4_seed_118,proposed_nsga2_bs,Gyorgy-KOVACS_WH_Narrow_AW_4,118,8,auto_from_instance,12,18,4,30,216,,,,,19,10,8,root > V:17 > BH:27 > BH:49 > BH:41 > BH:29 > BH:17 > BH:9 > BV:27,selected,1,1.387626811594203,True,640,243,397,493.0,1.0,1.0,True,True,1,1,0,True,1,1,0,0,True,True,0,16,12,16,12,10,LS,sampled_pool,,,False,0.5,0.5,0.5,0.1,fixed,spacing_aware_flip,offspring,feasible_start_adaptive_spacing,,,,feasible_start_adaptive_spacing,0.5,,True,auto_from_instance,0.75,0.35,"4,5,6,10,12,15,17,25,27,37,47,52","2,6,10,11,17,19,21,23,24,26,34",,,,,,"H[4,5,6,9,10,12,15,17,25,27,29,37,41,47,49,52]|V[2,6,10,11,17,19,21,23,24,26,27,34]",6b741b69cafdf845076912c9118d6404ec3124cc
proposed_nsga2_bs_Gyorgy-KOVACS_WH_Narrow_AW_4_seed_118,proposed_nsga2_bs,Gyorgy-KOVACS_WH_Narrow_AW_4,118,8,auto_from_instance,12,18,4,30,216,,,,,20,10,8,root > V:17 > BH:27 > BH:49 > BH:39 > BH:29 > BH:17 > BH:9 > BV:27,selected,0,inf,True,640,243,397,467.0,1.0,1.0,True,True,1,1,0,True,1,1,0,0,True,True,0,16,12,16,12,10,LS,sampled_pool,,,False,0.5,0.5,0.5,0.1,fixed,spacing_aware_flip,offspring,feasible_start_adaptive_spacing,,,,feasible_start_adaptive_spacing,0.5,,True,auto_from_instance,0.75,0.35,"4,5,6,10,12,15,17,25,27,37,47,52","2,6,10,11,17,19,21,23,24,26,34",,,,,,"H[4,5,6,9,10,12,15,17,25,27,29,37,39,47,49,52]|V[2,6,10,11,17,19,21,23,24,26,27,34]",c31e5af53b1ab973249c91c35b02a53fe27d43b5
proposed_nsga2_bs_Gyorgy-KOVACS_WH_Narrow_AW_4_seed_118,proposed_nsga2_bs,Gyorgy-KOVACS_WH_Narrow_AW_4,118,8,auto_from_instance,12,18,4,30,216,,,,,21,10,8,root > V:17 > BH:27 > BH:49 > BH:41 > BH:29 > BH:17 > BH:9 > BV:25,evaluated,3,inf,False,640,243,397,565.0,1.0,1.0,True,True,1,1,0,True,1,1,0,0,True,True,0,16,12,16,12,10,LS,sampled_pool,,,False,0.5,0.5,0.5,0.1,fixed,spacing_aware_flip,offspring,feasible_start_adaptive_spacing,,,,feasible_start_adaptive_spacing,0.5,,True,auto_from_instance,0.75,0.35,"4,5,6,10,12,15,17,25,27,37,47,52","2,6,10,11,17,19,21,23,24,26,34",,,,,,"H[4,5,6,9,10,12,15,17,25,27,29,37,41,47,49,52]|V[2,6,10,11,17,19,21,23,24,25,26,34]",39a901559adc49da187861c456901969a94fbc3c
proposed_nsga2_bs_Gyorgy-KOVACS_WH_Narrow_AW_4_seed_118,proposed_nsga2_bs,Gyorgy-KOVACS_WH_Narrow_AW_4,118,8,auto_from_instance,12,18,4,30,216,,,,,22,10,8,root > V:17 > BH:27 > BH:49 > BH:39 > BH:29 > BH:17 > BH:9 > BV:25,evaluated,2,inf,False,640,243,397,539.0,1.0,1.0,True,True,1,1,0,True,1,1,0,0,True,True,0,16,12,16,12,10,LS,sampled_pool,,,False,0.5,0.5,0.5,0.1,fixed,spacing_aware_flip,offspring,feasible_start_adaptive_spacing,,,,feasible_start_adaptive_spacing,0.5,,True,auto_from_instance,0.75,0.35,"4,5,6,10,12,15,17,25,27,37,47,52","2,6,10,11,17,19,21,23,24,26,34",,,,,,"H[4,5,6,9,10,12,15,17,25,27,29,37,39,47,49,52]|V[2,6,10,11,17,19,21,23,24,25,26,34]",4fcb480805af1c3aff3bd464c714a0dc9bc119e4
proposed_nsga2_bs_Gyorgy-KOVACS_WH_Narrow_AW_4_seed_118,proposed_nsga2_bs,Gyorgy-KOVACS_WH_Narrow_AW_4,118,9,auto_from_instance,12,18,4,30,216,,,,,1,1,4,root > V:28 > BH:27 > BV:19 > BV:19,selected,0,inf,True,680,262,418,472.0,1.0,1.0,True,True,1,1,0,True,1,1,0,0,True,True,0,16,11,16,11,1,SS_LS_PF,sampled_pool,,,True,0.5555555555555556,0.5,0.5,0.1,fixed,break_symmetry,offspring,feasible_start_adaptive_spacing,,,,feasible_start_adaptive_spacing,0.5,,True,auto_from_instance,0.75,0.35,"4,7,9,14,15,17,25,26,27,29,37,38,39,43,47,49","10,11,16,17,18,19,21,23,26,28,30",,,,,,"H[4,7,9,14,15,17,25,26,27,29,37,38,39,43,47,49]|V[10,11,16,17,18,19,21,23,26,28,30]",fc4825140fa5e2560776b4b932f5ef46c1588f36
proposed_nsga2_bs_Gyorgy-KOVACS_WH_Narrow_AW_4_seed_118,proposed_nsga2_bs,Gyorgy-KOVACS_WH_Narrow_AW_4,118,9,auto_from_instance,12,18,4,30,216,,,,,2,1,4,root > V:28 > BH:27 > BV:19 > BV:21,selected,1,inf,True,680,262,418,524.0,1.0,1.0,True,True,1,1,0,True,1,1,0,0,True,True,0,16,11,16,11,1,SS_LS_PF,sampled_pool,,,True,0.5555555555555556,0.5,0.5,0.1,fixed,break_symmetry,offspring,feasible_start_adaptive_spacing,,,,feasible_start_adaptive_spacing,0.5,,True,auto_from_instance,0.75,0.35,"4,7,9,14,15,17,25,26,27,29,37,38,39,43,47,49","10,11,16,17,18,19,21,23,26,28,30",,,,,,"H[4,7,9,14,15,17,25,26,27,29,37,38,39,43,47,49]|V[10,11,16,17,18,19,21,23,26,28,30]",334779b46d5c288ee3031362a71af20db7b63dd5
proposed_nsga2_bs_Gyorgy-KOVACS_WH_Narrow_AW_4_seed_118,proposed_nsga2_bs,Gyorgy-KOVACS_WH_Narrow_AW_4,118,9,auto_from_instance,12,18,4,30,216,,,,,3,1,4,root > V:28 > BH:27 > BV:19 > BV:21,evaluated,1,0.0,False,680,262,418,524.0,1.0,1.0,True,True,1,1,0,True,1,1,0,0,True,True,0,16,11,16,11,1,SS_LS_PF,sampled_pool,,,True,0.5555555555555556,0.5,0.5,0.1,fixed,break_symmetry,offspring,feasible_start_adaptive_spacing,,,,feasible_start_adaptive_spacing,0.5,,True,auto_from_instance,0.75,0.35,"4,7,9,14,15,17,25,26,27,29,37,38,39,43,47,49","10,11,16,17,18,19,21,23,26,28,30",,,,,,"H[4,7,9,14,15,17,25,26,27,29,37,38,39,43,47,49]|V[10,11,16,17,18,19,21,23,26,28,30]",8f2926ac3d427dac9f2e22e7dbb4782d03fe71f9
proposed_nsga2_bs_Gyorgy-KOVACS_WH_Narrow_AW_4_seed_118,proposed_nsga2_bs,Gyorgy-KOVACS_WH_Narrow_AW_4,118,9,auto_from_instance,12,18,4,30,216,,,,,4,1,4,root > V:28 > BH:27 > BV:19 > BV:17,selected,1,0.5287179487179486,True,680,262,418,524.0,1.0,1.0,True,True,1,1,0,True,1,1,0,0,True,True,0,16,11,16,11,1,SS_LS_PF,sampled_pool,,,True,0.5555555555555556,0.5,0.5,0.1,fixed,break_symmetry,offspring,feasible_start_adaptive_spacing,,,,feasible_start_adaptive_spacing,0.5,,True,auto_from_instance,0.75,0.35,"4,7,9,14,15,17,25,26,27,29,37,38,39,43,47,49","10,11,16,17,18,19,21,23,26,28,30",,,,,,"H[4,7,9,14,15,17,25,26,27,29,37,38,39,43,47,49]|V[10,11,16,17,18,19,21,23,26,28,30]",c3a8d798cccc0ae6137f5d1801f12286f82d75a7
proposed_nsga2_bs_Gyorgy-KOVACS_WH_Narrow_AW_4_seed_118,proposed_nsga2_bs,Gyorgy-KOVACS_WH_Narrow_AW_4,118,9,auto_from_instance,12,18,4,30,216,,,,,5,2,4,root > V:28 > BH:27 > BV:21 > BV:21,evaluated,2,inf,False,680,262,418,576.0,1.0,1.0,True,True,1,1,0,True,1,1,0,0,True,True,0,17,9,17,9,2,LS,sampled_pool,,,False,0.5555555555555556,0.5,0.5,0.1,fixed,remove_random_aisle,offspring,feasible_start_adaptive_spacing,,,,feasible_start_adaptive_spacing,0.5,,True,auto_from_instance,0.75,0.35,"4,7,9,14,15,17,25,26,27,29,37,39,41,43,47,49,57","9,16,17,20,21,23,24,28,30",,,,,,"H[4,7,9,14,15,17,25,26,27,29,37,39,41,43,47,49,57]|V[9,16,17,20,21,23,24,28,30]",67a6f4f8f954f77d80a9f7aeff15d9041dc361bd
proposed_nsga2_bs_Gyorgy-KOVACS_WH_Narrow_AW_4_seed_118,proposed_nsga2_bs,Gyorgy-KOVACS_WH_Narrow_AW_4,118,9,auto_from_instance,12,18,4,30,216,,,,,6,2,4,root > V:28 > BH:27 > BV:17 > BV:21,evaluated,2,inf,False,680,262,418,576.0,1.0,1.0,True,True,1,1,0,True,1,1,0,0,True,True,0,17,9,17,9,2,LS,sampled_pool,,,False,0.5555555555555556,0.5,0.5,0.1,fixed,remove_random_aisle,offspring,feasible_start_adaptive_spacing,,,,feasible_start_adaptive_spacing,0.5,,True,auto_from_instance,0.75,0.35,"4,7,9,14,15,17,25,26,27,29,37,39,41,43,47,49,57","9,16,17,20,21,23,24,28,30",,,,,,"H[4,7,9,14,15,17,25,26,27,29,37,39,41,43,47,49,57]|V[9,16,17,20,21,23,24,28,30]",0cf129bcce89e5f8a26de7d155210a53886c00dc
proposed_nsga2_bs_Gyorgy-KOVACS_WH_Narrow_AW_4_seed_118,proposed_nsga2_bs,Gyorgy-KOVACS_WH_Narrow_AW_4,118,9,auto_from_instance,12,18,4,30,216,,,,,7,3,8,root > V:16 > BH:27 > BH:49 > BH:41 > BH:29 > BH:17 > BH:9 > BV:26,selected,1,inf,True,624,252,372,562.0,1.0,1.0,True,True,1,1,0,True,1,1,0,0,True,True,0,18,11,18,11,3,LS_PF,sampled_pool,,,False,0.5555555555555556,0.5,0.5,0.1,fixed,break_symmetry,offspring,feasible_start_adaptive_spacing,,,,feasible_start_adaptive_spacing,0.5,,True,auto_from_instance,0.75,0.35,"4,5,6,7,10,12,15,17,25,27,29,37,43,47,52","2,9,16,17,19,21,23,24,27,34",,,,,,"H[4,5,6,7,9,10,12,15,17,25,27,29,37,41,43,47,49,52]|V[2,9,16,17,19,21,23,24,26,27,34]",8498d8f1059034f9f144b058e7e18d5585555d05
proposed_nsga2_bs_Gyorgy-KOVACS_WH_Narrow_AW_4_seed_118,proposed_nsga2_bs,Gyorgy-KOVACS_WH_Narrow_AW_4,118,9,auto_from_instance,12,18,4,30,216,,,,,8,3,8,root > V:16 > BH:27 > BH:49 > BH:39 > BH:29 > BH:17 > BH:9 > BV:26,selected,0,inf,True,624,252,372,534.0,1.0,1.0,True,True,1,1,0,True,1,1,0,0,True,True,0,18,11,18,11,3,LS_PF,sampled_pool,,,False,0.5555555555555556,0.5,0.5,0.1,fixed,break_symmetry,offspring,feasible_start_adaptive_spacing,,,,feasible_start_adaptive_spacing,0.5,,True,auto_from_instance,0.75,0.35,"4,5,6,7,10,12,15,17,25,27,29,37,43,47,52","2,9,16,17,19,21,23,24,27,34",,,,,,"H[4,5,6,7,9,10,12,15,17,25,27,29,37,39,43,47,49,52]|V[2,9,16,17,19,21,23,24,26,27,34]",04b9835ae17dcf7a9c8af907330db39e1d2fb2b9
proposed_nsga2_bs_Gyorgy-KOVACS_WH_Narrow_AW_4_seed_118,proposed_nsga2_bs,Gyorgy-KOVACS_WH_Narrow_AW_4,118,9,auto_from_instance,12,18,4,30,216,,,,,9,3,8,root > V:16 > BH:27 > BH:49 > BH:41 > BH:29 > BH:17 > BH:9 > BV:24,evaluated,3,inf,False,624,252,372,666.0,1.0,1.0,True,True,1,1,0,True,1,1,0,0,True,True,0,18,10,18,10,3,LS_PF,sampled_pool,,,False,0.5555555555555556,0.5,0.5,0.1,fixed,break_symmetry,offspring,feasible_start_adaptive_spacing,,,,feasible_start_adaptive_spacing,0.5,,True,auto_from_instance,0.75,0.35,"4,5,6,7,10,12,15,17,25,27,29,37,43,47,52","2,9,16,17,19,21,23,24,27,34",,,,,,"H[4,5,6,7,9,10,12,15,17,25,27,29,37,41,43,47,49,52]|V[2,9,16,17,19,21,23,24,27,34]",b03a188135e15721b5fdacc1e2599f0e913cdfd0
proposed_nsga2_bs_Gyorgy-KOVACS_WH_Narrow_AW_4_seed_118,proposed_nsga2_bs,Gyorgy-KOVACS_WH_Narrow_AW_4,118,9,auto_from_instance,12,18,4,30,216,,,,,10,3,8,root > V:16 > BH:27 > BH:49 > BH:39 > BH:29 > BH:17 > BH:9 > BV:24,evaluated,2,inf,False,624,252,372,638.0,1.0,1.0,True,True,1,1,0,True,1,1,0,0,True,True,0,18,10,18,10,3,LS_PF,sampled_pool,,,False,0.5555555555555556,0.5,0.5,0.1,fixed,break_symmetry,offspring,feasible_start_adaptive_spacing,,,,feasible_start_adaptive_spacing,0.5,,True,auto_from_instance,0.75,0.35,"4,5,6,7,10,12,15,17,25,27,29,37,43,47,52","2,9,16,17,19,21,23,24,27,34",,,,,,"H[4,5,6,7,9,10,12,15,17,25,27,29,37,39,43,47,49,52]|V[2,9,16,17,19,21,23,24,27,34]",98cd3db7ad48726674c476a63fd54b9db772e099
proposed_nsga2_bs_Gyorgy-KOVACS_WH_Narrow_AW_4_seed_118,proposed_nsga2_bs,Gyorgy-KOVACS_WH_Narrow_AW_4,118,9,auto_from_instance,12,18,4,30,216,,,,,11,6,8,root > V:16 > BH:27 > BH:5 > BH:15 > BH:25 > BH:37 > BH:47 > BV:26,selected,1,0.8425641025641025,True,632,246,386,550.0,1.0,1.0,True,True,1,1,0,True,1,1,0,0,True,True,0,17,9,17,9,6,PF_SS,sampled_pool,,,True,0.5555555555555556,0.5,0.5,0.1,fixed,remove_random_aisle,offspring,feasible_start_adaptive_spacing,,,,feasible_start_adaptive_spacing,0.5,,True,auto_from_instance,0.75,0.35,"4,5,6,7,10,12,15,17,25,27,29,37,39,43,47,49,52","2,9,16,17,19,21,23,26,34",,,,,,"H[4,5,6,7,10,12,15,17,25,27,29,37,39,43,47,49,52]|V[2,9,16,17,19,21,23,26,34]",08ee812bc396556b6550be0bd82f9266dcd2fe55
proposed_nsga2_bs_Gyorgy-KOVACS_WH_Narrow_AW_4_seed_118,proposed_nsga2_bs,Gyorgy-KOVACS_WH_Narrow_AW_4,118,9,auto_from_instance,12,18,4,30,216,,,,,12,6,8,root > V:16 > BH:27 > BH:49 > BH:39 > BH:29 > BH:17 > BH:7 > BV:26,evaluated,1,0.4853846153846154,False,632,246,386,550.0,1.0,1.0,True,True,1,1,0,True,1,1,0,0,True,True,0,17,9,17,9,6,PF_SS,sampled_pool,,,True,0.5555555555555556,0.5,0.5,0.1,fixed,remove_random_aisle,offspring,feasible_start_adaptive_spacing,,,,feasible_start_adaptive_spacing,0.5,,True,auto_from_instance,0.75,0.35,"4,5,6,7,10,12,15,17,25,27,29,37,39,43,47,49,52","2,9,16,17,19,21,23,26,34",,,,,,"H[4,5,6,7,10,12,15,17,25,27,29,37,39,43,47,49,52]|V[2,9,16,17,19,21,23,26,34]",660d9dab711cc8220a7c4152b9d81284ad744a59
proposed_nsga2_bs_Gyorgy-KOVACS_WH_Narrow_AW_4_seed_118,proposed_nsga2_bs,Gyorgy-KOVACS_WH_Narrow_AW_4,118,9,auto_from_instance,12,18,4,30,216,,,,,13,6,8,root > V:16 > BH:27 > BH:5 > BH:15 > BH:25 > BH:37 > BH:47 > BV:24,evaluated,2,1.1453898250236922,False,632,246,386,628.0,1.0,1.0,True,True,1,1,0,True,1,1,0,0,True,True,0,17,10,17,10,6,PF_SS,sampled_pool,,,True,0.5555555555555556,0.5,0.5,0.1,fixed,remove_random_aisle,offspring,feasible_start_adaptive_spacing,,,,feasible_start_adaptive_spacing,0.5,,True,auto_from_instance,0.75,0.35,"4,5,6,7,10,12,15,17,25,27,29,37,39,43,47,49,52","2,9,16,17,19,21,23,26,34",,,,,,"H[4,5,6,7,10,12,15,17,25,27,29,37,39,43,47,49,52]|V[2,9,16,17,19,21,23,24,26,34]",fe71932ea9ef92cbca4e0b578f20f6e88be50370
proposed_nsga2_bs_Gyorgy-KOVACS_WH_Narrow_AW_4_seed_118,proposed_nsga2_bs,Gyorgy-KOVACS_WH_Narrow_AW_4,118,9,auto_from_instance,12,18,4,30,216,,,,,14,6,8,root > V:16 > BH:27 > BH:49 > BH:39 > BH:29 > BH:17 > BH:7 > BV:24,evaluated,2,0.49803527263481495,False,632,246,386,628.0,1.0,1.0,True,True,1,1,0,True,1,1,0,0,True,True,0,17,10,17,10,6,PF_SS,sampled_pool,,,True,0.5555555555555556,0.5,0.5,0.1,fixed,remove_random_aisle,offspring,feasible_start_adaptive_spacing,,,,feasible_start_adaptive_spacing,0.5,,True,auto_from_instance,0.75,0.35,"4,5,6,7,10,12,15,17,25,27,29,37,39,43,47,49,52","2,9,16,17,19,21,23,26,34",,,,,,"H[4,5,6,7,10,12,15,17,25,27,29,37,39,43,47,49,52]|V[2,9,16,17,19,21,23,24,26,34]",9696e3fb0a981a3c866440c46c54987a8cf3ab94
proposed_nsga2_bs_Gyorgy-KOVACS_WH_Narrow_AW_4_seed_118,proposed_nsga2_bs,Gyorgy-KOVACS_WH_Narrow_AW_4,118,9,auto_from_instance,12,18,4,30,216,,,,,15,8,8,root > V:17 > BH:27 > BH:49 > BH:41 > BH:29 > BH:17 > BH:9 > BV:27,selected,1,1.2766666666666668,True,640,243,397,493.0,1.0,1.0,True,True,1,1,0,True,1,1,0,0,True,True,0,16,10,16,10,8,PF,sampled_pool,,,False,0.5555555555555556,0.5,0.5,0.1,fixed,remove_random_aisle,offspring,feasible_start_adaptive_spacing,,,,feasible_start_adaptive_spacing,0.5,,True,auto_from_instance,0.75,0.35,"4,7,9,14,15,17,25,26,27,29,37,39,43,47,49","9,16,17,18,20,21,23,26,27,30",,,,,,"H[4,7,9,14,15,17,25,26,27,29,37,39,41,43,47,49]|V[9,16,17,18,20,21,23,26,27,30]",6b741b69cafdf845076912c9118d6404ec3124cc
proposed_nsga2_bs_Gyorgy-KOVACS_WH_Narrow_AW_4_seed_118,proposed_nsga2_bs,Gyorgy-KOVACS_WH_Narrow_AW_4,118,9,auto_from_instance,12,18,4,30,216,,,,,16,8,8,root > V:17 > BH:27 > BH:49 > BH:39 > BH:29 > BH:17 > BH:9 > BV:27,selected,0,inf,True,640,243,397,467.0,1.0,1.0,True,True,1,1,0,True,1,1,0,0,True,True,0,15,10,15,10,8,PF,sampled_pool,,,False,0.5555555555555556,0.5,0.5,0.1,fixed,remove_random_aisle,offspring,feasible_start_adaptive_spacing,,,,feasible_start_adaptive_spacing,0.5,,True,auto_from_instance,0.75,0.35,"4,7,9,14,15,17,25,26,27,29,37,39,43,47,49","9,16,17,18,20,21,23,26,27,30",,,,,,"H[4,7,9,14,15,17,25,26,27,29,37,39,43,47,49]|V[9,16,17,18,20,21,23,26,27,30]",c31e5af53b1ab973249c91c35b02a53fe27d43b5
proposed_nsga2_bs_Gyorgy-KOVACS_WH_Narrow_AW_4_seed_118,proposed_nsga2_bs,Gyorgy-KOVACS_WH_Narrow_AW_4,118,9,auto_from_instance,12,18,4,30,216,,,,,17,8,8,root > V:17 > BH:27 > BH:49 > BH:41 > BH:29 > BH:17 > BH:9 > BV:25,evaluated,3,3.0,False,640,243,397,565.0,1.0,1.0,True,True,1,1,0,True,1,1,0,0,True,True,0,16,11,16,11,8,PF,sampled_pool,,,False,0.5555555555555556,0.5,0.5,0.1,fixed,remove_random_aisle,offspring,feasible_start_adaptive_spacing,,,,feasible_start_adaptive_spacing,0.5,,True,auto_from_instance,0.75,0.35,"4,7,9,14,15,17,25,26,27,29,37,39,43,47,49","9,16,17,18,20,21,23,26,27,30",,,,,,"H[4,7,9,14,15,17,25,26,27,29,37,39,41,43,47,49]|V[9,16,17,18,20,21,23,25,26,27,30]",39a901559adc49da187861c456901969a94fbc3c
proposed_nsga2_bs_Gyorgy-KOVACS_WH_Narrow_AW_4_seed_118,proposed_nsga2_bs,Gyorgy-KOVACS_WH_Narrow_AW_4,118,9,auto_from_instance,12,18,4,30,216,,,,,18,8,8,root > V:17 > BH:27 > BH:49 > BH:39 > BH:29 > BH:17 > BH:9 > BV:25,evaluated,2,inf,False,640,243,397,539.0,1.0,1.0,True,True,1,1,0,True,1,1,0,0,True,True,0,15,11,15,11,8,PF,sampled_pool,,,False,0.5555555555555556,0.5,0.5,0.1,fixed,remove_random_aisle,offspring,feasible_start_adaptive_spacing,,,,feasible_start_adaptive_spacing,0.5,,True,auto_from_instance,0.75,0.35,"4,7,9,14,15,17,25,26,27,29,37,39,43,47,49","9,16,17,18,20,21,23,26,27,30",,,,,,"H[4,7,9,14,15,17,25,26,27,29,37,39,43,47,49]|V[9,16,17,18,20,21,23,25,26,27,30]",4fcb480805af1c3aff3bd464c714a0dc9bc119e4
proposed_nsga2_bs_Gyorgy-KOVACS_WH_Narrow_AW_4_seed_118,proposed_nsga2_bs,Gyorgy-KOVACS_WH_Narrow_AW_4,118,9,auto_from_instance,12,18,4,30,216,,,,,19,10,4,root > V:27 > BH:27 > BV:19 > BV:19,selected,1,inf,True,684,260,424,484.0,1.0,1.0,True,True,1,1,0,True,1,1,0,0,True,True,0,17,10,17,10,10,RP,sampled_pool,,,False,0.5555555555555556,0.5,0.5,0.1,fixed,swap_segments,offspring,feasible_start_adaptive_spacing,,,,feasible_start_adaptive_spacing,0.5,,True,auto_from_instance,0.75,0.35,"4,7,9,14,15,17,25,26,27,29,37,38,39,41,43,47,49","9,10,16,17,19,23,24,26,27,30",,,,,,"H[4,7,9,14,15,17,25,26,27,29,37,38,39,41,43,47,49]|V[9,10,16,17,19,23,24,26,27,30]",9baad5a6d6d08df213ec54891109e23b1069a9a5
proposed_nsga2_bs_Gyorgy-KOVACS_WH_Narrow_AW_4_seed_118,proposed_nsga2_bs,Gyorgy-KOVACS_WH_Narrow_AW_4,118,9,auto_from_instance,12,18,4,30,216,,,,,20,10,4,root > V:27 > BH:27 > BV:17 > BV:19,evaluated,1,0.0,False,684,260,424,484.0,1.0,1.0,True,True,1,1,0,True,1,1,0,0,True,True,0,17,10,17,10,10,RP,sampled_pool,,,False,0.5555555555555556,0.5,0.5,0.1,fixed,swap_segments,offspring,feasible_start_adaptive_spacing,,,,feasible_start_adaptive_spacing,0.5,,True,auto_from_instance,0.75,0.35,"4,7,9,14,15,17,25,26,27,29,37,38,39,41,43,47,49","9,10,16,17,19,23,24,26,27,30",,,,,,"H[4,7,9,14,15,17,25,26,27,29,37,38,39,41,43,47,49]|V[9,10,16,17,19,23,24,26,27,30]",7ea492661f4a7d780540a41c5bfc758906148e19
proposed_nsga2_bs_Gyorgy-KOVACS_WH_Narrow_AW_4_seed_118,proposed_nsga2_bs,Gyorgy-KOVACS_WH_Narrow_AW_4,118,9,auto_from_instance,12,18,4,30,216,,,,,21,10,4,root > V:27 > BH:27 > BV:19 > BV:17,evaluated,1,0.0,False,684,260,424,484.0,1.0,1.0,True,True,1,1,0,True,1,1,0,0,True,True,0,17,10,17,10,10,RP,sampled_pool,,,False,0.5555555555555556,0.5,0.5,0.1,fixed,swap_segments,offspring,feasible_start_adaptive_spacing,,,,feasible_start_adaptive_spacing,0.5,,True,auto_from_instance,0.75,0.35,"4,7,9,14,15,17,25,26,27,29,37,38,39,41,43,47,49","9,10,16,17,19,23,24,26,27,30",,,,,,"H[4,7,9,14,15,17,25,26,27,29,37,38,39,41,43,47,49]|V[9,10,16,17,19,23,24,26,27,30]",59c55a28d53f47701301421f850890ad1de7d63b
proposed_nsga2_bs_Gyorgy-KOVACS_WH_Narrow_AW_4_seed_118,proposed_nsga2_bs,Gyorgy-KOVACS_WH_Narrow_AW_4,118,9,auto_from_instance,12,18,4,30,216,,,,,22,10,4,root > V:27 > BH:27 > BV:17 > BV:17,selected,1,inf,True,684,260,424,484.0,1.0,1.0,True,True,1,1,0,True,1,1,0,0,True,True,0,17,10,17,10,10,RP,sampled_pool,,,False,0.5555555555555556,0.5,0.5,0.1,fixed,swap_segments,offspring,feasible_start_adaptive_spacing,,,,feasible_start_adaptive_spacing,0.5,,True,auto_from_instance,0.75,0.35,"4,7,9,14,15,17,25,26,27,29,37,38,39,41,43,47,49","9,10,16,17,19,23,24,26,27,30",,,,,,"H[4,7,9,14,15,17,25,26,27,29,37,38,39,41,43,47,49]|V[9,10,16,17,19,23,24,26,27,30]",6732d5258a9313035bead181283e041def90bbb2
proposed_nsga2_bs_Gyorgy-KOVACS_WH_Narrow_AW_4_seed_118,proposed_nsga2_bs,Gyorgy-KOVACS_WH_Narrow_AW_4,118,9,auto_from_instance,12,18,4,30,216,,,,,23,11,7,root > V:21 > BH:27 > BH:49 > BH:39 > BH:27 > BH:15 > BH:5,evaluated,4,inf,False,736,192,544,864.0,1.0,1.0,True,True,1,1,0,True,1,1,0,0,True,True,0,19,10,19,10,11,SS_PF_LS,sampled_pool,,,True,0.5555555555555556,0.5,0.5,0.1,fixed,spacing_aware_flip,offspring,feasible_start_adaptive_spacing,,,,feasible_start_adaptive_spacing,0.5,,True,auto_from_instance,0.75,0.35,"4,5,6,7,10,12,15,17,25,26,27,29,37,38,39,43,47,52","2,9,16,17,18,21,23,26,30,34",,,,,,"H[4,5,6,7,10,12,15,17,25,26,27,29,37,38,39,43,47,49,52]|V[2,9,16,17,18,21,23,26,30,34]",358d97cec9c1dd51e5ceb290153a7a054a951743
proposed_nsga2_bs_Gyorgy-KOVACS_WH_Narrow_AW_4_seed_118,proposed_nsga2_bs,Gyorgy-KOVACS_WH_Narrow_AW_4,118,9,auto_from_instance,12,18,4,30,216,,,,,24,11,7,root > V:21 > BH:27 > BH:49 > BH:37 > BH:27 > BH:15 > BH:5,evaluated,4,inf,False,736,192,544,864.0,1.0,1.0,True,True,1,1,0,True,1,1,0,0,True,True,0,19,10,19,10,11,SS_PF_LS,sampled_pool,,,True,0.5555555555555556,0.5,0.5,0.1,fixed,spacing_aware_flip,offspring,feasible_start_adaptive_spacing,,,,feasible_start_adaptive_spacing,0.5,,True,auto_from_instance,0.75,0.35,"4,5,6,7,10,12,15,17,25,26,27,29,37,38,39,43,47,52","2,9,16,17,18,21,23,26,30,34",,,,,,"H[4,5,6,7,10,12,15,17,25,26,27,29,37,38,39,43,47,49,52]|V[2,9,16,17,18,21,23,26,30,34]",31129cb4343d3fe1bdb956576dcea4f175cd1379
proposed_nsga2_bs_Gyorgy-KOVACS_WH_Narrow_AW_4_seed_118,proposed_nsga2_bs,Gyorgy-KOVACS_WH_Narrow_AW_4,118,9,auto_from_instance,12,18,4,30,216,,,,,25,11,7,root > V:21 > BH:27 > BH:5 > BH:17 > BH:29 > BH:41 > BH:49,evaluated,5,inf,False,736,192,544,882.0,1.0,1.0,True,True,1,1,0,True,1,1,0,0,True,True,0,20,10,20,10,11,SS_PF_LS,sampled_pool,,,True,0.5555555555555556,0.5,0.5,0.1,fixed,spacing_aware_flip,offspring,feasible_start_adaptive_spacing,,,,feasible_start_adaptive_spacing,0.5,,True,auto_from_instance,0.75,0.35,"4,5,6,7,10,12,15,17,25,26,27,29,37,38,39,43,47,52","2,9,16,17,18,21,23,26,30,34",,,,,,"H[4,5,6,7,10,12,15,17,25,26,27,29,37,38,39,41,43,47,49,52]|V[2,9,16,17,18,21,23,26,30,34]",505c1342b435c8602ef114e7a954d322db0969f8
proposed_nsga2_bs_Gyorgy-KOVACS_WH_Narrow_AW_4_seed_118,proposed_nsga2_bs,Gyorgy-KOVACS_WH_Narrow_AW_4,118,9,auto_from_instance,12,18,4,30,216,,,,,26,11,7,root > V:21 > BH:27 > BH:49 > BH:37 > BH:25 > BH:13 > BH:5,evaluated,5,inf,False,736,192,544,882.0,1.0,1.0,True,True,1,1,0,True,1,1,0,0,True,True,0,20,10,20,10,11,SS_PF_LS,sampled_pool,,,True,0.5555555555555556,0.5,0.5,0.1,fixed,spacing_aware_flip,offspring,feasible_start_adaptive_spacing,,,,feasible_start_adaptive_spacing,0.5,,True,auto_from_instance,0.75,0.35,"4,5,6,7,10,12,15,17,25,26,27,29,37,38,39,43,47,52","2,9,16,17,18,21,23,26,30,34",,,,,,"H[4,5,6,7,10,12,13,15,17,25,26,27,29,37,38,39,43,47,49,52]|V[2,9,16,17,18,21,23,26,30,34]",b505db3b665156843c976d98ce3a07d032707b26
proposed_nsga2_bs_Gyorgy-KOVACS_WH_Narrow_AW_4_seed_118,proposed_nsga2_bs,Gyorgy-KOVACS_WH_Narrow_AW_4,118,9,auto_from_instance,12,18,4,30,216,,,,,27,12,8,root > V:17 > BH:27 > BH:5 > BH:15 > BH:25 > BH:37 > BH:47 > BV:27,selected,1,0.5861538461538461,True,648,237,411,490.0,1.0,1.0,True,True,1,1,0,True,1,1,0,0,True,True,0,14,13,14,13,12,PF_SS,sampled_pool,,,True,0.5555555555555556,0.5,0.5,0.1,fixed,insert_random_aisle,offspring,feasible_start_adaptive_spacing,,,,feasible_start_adaptive_spacing,0.5,,True,auto_from_instance,0.75,0.35,"4,7,9,14,15,17,25,27,29,37,43,47,49","2,10,11,16,17,19,20,21,23,24,26,27,30",,,,,,"H[4,5,7,9,14,15,17,25,27,29,37,43,47,49]|V[2,10,11,16,17,19,20,21,23,24,26,27,30]",3ab80a1d8e68880e815ad780c83cfc2449e7f93f
proposed_nsga2_bs_Gyorgy-KOVACS_WH_Narrow_AW_4_seed_118,proposed_nsga2_bs,Gyorgy-KOVACS_WH_Narrow_AW_4,118,9,auto_from_instance,12,18,4,30,216,,,,,28,12,8,root > V:17 > BH:27 > BH:49 > BH:39 > BH:29 > BH:17 > BH:7 > BV:27,selected,1,inf,True,648,237,411,490.0,1.0,1.0,True,True,1,1,0,True,1,1,0,0,True,True,0,14,13,14,13,12,PF_SS,sampled_pool,,,True,0.5555555555555556,0.5,0.5,0.1,fixed,insert_random_aisle,offspring,feasible_start_adaptive_spacing,,,,feasible_start_adaptive_spacing,0.5,,True,auto_from_instance,0.75,0.35,"4,7,9,14,15,17,25,27,29,37,43,47,49","2,10,11,16,17,19,20,21,23,24,26,27,30",,,,,,"H[4,7,9,14,15,17,25,27,29,37,39,43,47,49]|V[2,10,11,16,17,19,20,21,23,24,26,27,30]",451b31cd7494c0e29ac39737991e84853f054397
proposed_nsga2_bs_Gyorgy-KOVACS_WH_Narrow_AW_4_seed_118,proposed_nsga2_bs,Gyorgy-KOVACS_WH_Narrow_AW_4,118,9,auto_from_instance,12,18,4,30,216,,,,,29,12,8,root > V:17 > BH:27 > BH:5 > BH:15 > BH:25 > BH:37 > BH:47 > BV:25,evaluated,3,inf,False,648,237,411,544.0,1.0,1.0,True,True,1,1,0,True,1,1,0,0,True,True,0,14,14,14,14,12,PF_SS,sampled_pool,,,True,0.5555555555555556,0.5,0.5,0.1,fixed,insert_random_aisle,offspring,feasible_start_adaptive_spacing,,,,feasible_start_adaptive_spacing,0.5,,True,auto_from_instance,0.75,0.35,"4,7,9,14,15,17,25,27,29,37,43,47,49","2,10,11,16,17,19,20,21,23,24,26,27,30",,,,,,"H[4,5,7,9,14,15,17,25,27,29,37,43,47,49]|V[2,10,11,16,17,19,20,21,23,24,25,26,27,30]",24e93b3467ee5334276be59c5b6e878bb2e06a66
proposed_nsga2_bs_Gyorgy-KOVACS_WH_Narrow_AW_4_seed_118,proposed_nsga2_bs,Gyorgy-KOVACS_WH_Narrow_AW_4,118,9,auto_from_instance,12,18,4,30,216,,,,,30,12,8,root > V:17 > BH:27 > BH:49 > BH:39 > BH:29 > BH:17 > BH:7 > BV:25,evaluated,3,inf,False,648,237,411,544.0,1.0,1.0,True,True,1,1,0,True,1,1,0,0,True,True,0,14,14,14,14,12,PF_SS,sampled_pool,,,True,0.5555555555555556,0.5,0.5,0.1,fixed,insert_random_aisle,offspring,feasible_start_adaptive_spacing,,,,feasible_start_adaptive_spacing,0.5,,True,auto_from_instance,0.75,0.35,"4,7,9,14,15,17,25,27,29,37,43,47,49","2,10,11,16,17,19,20,21,23,24,26,27,30",,,,,,"H[4,7,9,14,15,17,25,27,29,37,39,43,47,49]|V[2,10,11,16,17,19,20,21,23,24,25,26,27,30]",19631d63ec0204b55a5a6d539d26aaf84a80581d
proposed_nsga2_bs_Gyorgy-KOVACS_WH_Narrow_AW_4_seed_118,proposed_nsga2_bs,Gyorgy-KOVACS_WH_Narrow_AW_4,118,10,auto_from_instance,12,18,4,30,216,,,,,1,1,4,root > V:27 > BH:27 > BV:19 > BV:19,selected,0,inf,True,684,260,424,484.0,1.0,1.0,True,True,1,1,0,True,1,1,0,0,True,True,0,15,12,15,12,1,RP_LS,sampled_pool,,,False,0.6111111111111112,0.5,0.5,0.1,fixed,spacing_aware_flip,offspring,feasible_start_adaptive_spacing,,,,feasible_start_adaptive_spacing,0.5,,True,auto_from_instance,0.75,0.35,"4,7,9,14,15,17,25,26,27,29,37,39,43,47,49","4,9,16,17,18,20,21,23,26,27,30",,,,,,"H[4,7,9,14,15,17,25,26,27,29,37,39,43,47,49]|V[4,9,16,17,18,19,20,21,23,26,27,30]",9baad5a6d6d08df213ec54891109e23b1069a9a5
proposed_nsga2_bs_Gyorgy-KOVACS_WH_Narrow_AW_4_seed_118,proposed_nsga2_bs,Gyorgy-KOVACS_WH_Narrow_AW_4,118,10,auto_from_instance,12,18,4,30,216,,,,,2,1,4,root > V:27 > BH:27 > BV:17 > BV:19,selected,0,0.0,True,684,260,424,484.0,1.0,1.0,True,True,1,1,0,True,1,1,0,0,True,True,0,15,12,15,12,1,RP_LS,sampled_pool,,,False,0.6111111111111112,0.5,0.5,0.1,fixed,spacing_aware_flip,offspring,feasible_start_adaptive_spacing,,,,feasible_start_adaptive_spacing,0.5,,True,auto_from_instance,0.75,0.35,"4,7,9,14,15,17,25,26,27,29,37,39,43,47,49","4,9,16,17,18,20,21,23,26,27,30",,,,,,"H[4,7,9,14,15,17,25,26,27,29,37,39,43,47,49]|V[4,9,16,17,18,19,20,21,23,26,27,30]",7ea492661f4a7d780540a41c5bfc758906148e19
proposed_nsga2_bs_Gyorgy-KOVACS_WH_Narrow_AW_4_seed_118,proposed_nsga2_bs,Gyorgy-KOVACS_WH_Narrow_AW_4,118,10,auto_from_instance,12,18,4,30,216,,,,,3,1,4,root > V:27 > BH:27 > BV:19 > BV:17,selected,0,0.0,True,684,260,424,484.0,1.0,1.0,True,True,1,1,0,True,1,1,0,0,True,True,0,15,12,15,12,1,RP_LS,sampled_pool,,,False,0.6111111111111112,0.5,0.5,0.1,fixed,spacing_aware_flip,offspring,feasible_start_adaptive_spacing,,,,feasible_start_adaptive_spacing,0.5,,True,auto_from_instance,0.75,0.35,"4,7,9,14,15,17,25,26,27,29,37,39,43,47,49","4,9,16,17,18,20,21,23,26,27,30",,,,,,"H[4,7,9,14,15,17,25,26,27,29,37,39,43,47,49]|V[4,9,16,17,18,19,20,21,23,26,27,30]",59c55a28d53f47701301421f850890ad1de7d63b
proposed_nsga2_bs_Gyorgy-KOVACS_WH_Narrow_AW_4_seed_118,proposed_nsga2_bs,Gyorgy-KOVACS_WH_Narrow_AW_4,118,10,auto_from_instance,12,18,4,30,216,,,,,4,1,4,root > V:27 > BH:27 > BV:17 > BV:17,selected,0,inf,True,684,260,424,484.0,1.0,1.0,True,True,1,1,0,True,1,1,0,0,True,True,0,15,11,15,11,1,RP_LS,sampled_pool,,,False,0.6111111111111112,0.5,0.5,0.1,fixed,spacing_aware_flip,offspring,feasible_start_adaptive_spacing,,,,feasible_start_adaptive_spacing,0.5,,True,auto_from_instance,0.75,0.35,"4,7,9,14,15,17,25,26,27,29,37,39,43,47,49","4,9,16,17,18,20,21,23,26,27,30",,,,,,"H[4,7,9,14,15,17,25,26,27,29,37,39,43,47,49]|V[4,9,16,17,18,20,21,23,26,27,30]",6732d5258a9313035bead181283e041def90bbb2
proposed_nsga2_bs_Gyorgy-KOVACS_WH_Narrow_AW_4_seed_118,proposed_nsga2_bs,Gyorgy-KOVACS_WH_Narrow_AW_4,118,10,auto_from_instance,12,18,4,30,216,,,,,5,3,8,root > V:16 > BH:27 > BH:49 > BH:41 > BH:29 > BH:17 > BH:9 > BV:26,selected,1,inf,True,624,252,372,562.0,1.0,1.0,True,True,1,1,0,True,1,1,0,0,True,True,0,15,10,15,10,3,LS,sampled_pool,,,False,0.6111111111111112,0.5,0.5,0.1,fixed,break_symmetry,offspring,feasible_start_adaptive_spacing,,,,feasible_start_adaptive_spacing,0.5,,True,auto_from_instance,0.75,0.35,"4,7,9,14,15,17,25,27,29,37,39,43,47,49","8,16,17,19,21,23,24,26,27,30",,,,,,"H[4,7,9,14,15,17,25,27,29,37,39,41,43,47,49]|V[8,16,17,19,21,23,24,26,27,30]",8498d8f1059034f9f144b058e7e18d5585555d05
proposed_nsga2_bs_Gyorgy-KOVACS_WH_Narrow_AW_4_seed_118,proposed_nsga2_bs,Gyorgy-KOVACS_WH_Narrow_AW_4,118,10,auto_from_instance,12,18,4,30,216,,,,,6,3,8,root > V:16 > BH:27 > BH:49 > BH:39 > BH:29 > BH:17 > BH:9 > BV:26,selected,0,inf,True,624,252,372,534.0,1.0,1.0,True,True,1,1,0,True,1,1,0,0,True,True,0,14,10,14,10,3,LS,sampled_pool,,,False,0.6111111111111112,0.5,0.5,0.1,fixed,break_symmetry,offspring,feasible_start_adaptive_spacing,,,,feasible_start_adaptive_spacing,0.5,,True,auto_from_instance,0.75,0.35,"4,7,9,14,15,17,25,27,29,37,39,43,47,49","8,16,17,19,21,23,24,26,27,30",,,,,,"H[4,7,9,14,15,17,25,27,29,37,39,43,47,49]|V[8,16,17,19,21,23,24,26,27,30]",04b9835ae17dcf7a9c8af907330db39e1d2fb2b9
proposed_nsga2_bs_Gyorgy-KOVACS_WH_Narrow_AW_4_seed_118,proposed_nsga2_bs,Gyorgy-KOVACS_WH_Narrow_AW_4,118,10,auto_from_instance,12,18,4,30,216,,,,,7,3,8,root > V:16 > BH:27 > BH:49 > BH:41 > BH:29 > BH:17 > BH:9 > BV:24,evaluated,3,inf,False,624,252,372,666.0,1.0,1.0,True,True,1,1,0,True,1,1,0,0,True,True,0,15,10,15,10,3,LS,sampled_pool,,,False,0.6111111111111112,0.5,0.5,0.1,fixed,break_symmetry,offspring,feasible_start_adaptive_spacing,,,,feasible_start_adaptive_spacing,0.5,,True,auto_from_instance,0.75,0.35,"4,7,9,14,15,17,25,27,29,37,39,43,47,49","8,16,17,19,21,23,24,26,27,30",,,,,,"H[4,7,9,14,15,17,25,27,29,37,39,41,43,47,49]|V[8,16,17,19,21,23,24,26,27,30]",b03a188135e15721b5fdacc1e2599f0e913cdfd0
proposed_nsga2_bs_Gyorgy-KOVACS_WH_Narrow_AW_4_seed_118,proposed_nsga2_bs,Gyorgy-KOVACS_WH_Narrow_AW_4,118,10,auto_from_instance,12,18,4,30,216,,,,,8,3,8,root > V:16 > BH:27 > BH:49 > BH:39 > BH:29 > BH:17 > BH:9 > BV:24,selected,2,inf,True,624,252,372,638.0,1.0,1.0,True,True,1,1,0,True,1,1,0,0,True,True,0,14,10,14,10,3,LS,sampled_pool,,,False,0.6111111111111112,0.5,0.5,0.1,fixed,break_symmetry,offspring,feasible_start_adaptive_spacing,,,,feasible_start_adaptive_spacing,0.5,,True,auto_from_instance,0.75,0.35,"4,7,9,14,15,17,25,27,29,37,39,43,47,49","8,16,17,19,21,23,24,26,27,30",,,,,,"H[4,7,9,14,15,17,25,27,29,37,39,43,47,49]|V[8,16,17,19,21,23,24,26,27,30]",98cd3db7ad48726674c476a63fd54b9db772e099
proposed_nsga2_bs_Gyorgy-KOVACS_WH_Narrow_AW_4_seed_118,proposed_nsga2_bs,Gyorgy-KOVACS_WH_Narrow_AW_4,118,10,auto_from_instance,12,18,4,30,216,,,,,9,4,8,root > V:17 > BH:27 > BH:5 > BH:15 > BH:25 > BH:37 > BH:47 > BV:27,selected,1,inf,True,648,237,411,490.0,1.0,1.0,True,True,1,1,0,True,1,1,0,0,True,True,0,19,12,19,12,4,PF_LS_RP,sampled_pool,,,False,0.6111111111111112,0.5,0.5,0.1,fixed,swap_segments,offspring,feasible_start_adaptive_spacing,,,,feasible_start_adaptive_spacing,0.5,,True,auto_from_instance,0.75,0.35,"4,5,6,7,9,10,12,15,17,25,26,27,29,37,41,43,47,49,52","2,9,16,17,18,20,21,22,23,26,34",,,,,,"H[4,5,6,7,9,10,12,15,17,25,26,27,29,37,41,43,47,49,52]|V[2,9,16,17,18,20,21,22,23,26,27,34]",3ab80a1d8e68880e815ad780c83cfc2449e7f93f
proposed_nsga2_bs_Gyorgy-KOVACS_WH_Narrow_AW_4_seed_118,proposed_nsga2_bs,Gyorgy-KOVACS_WH_Narrow_AW_4,118,10,auto_from_instance,12,18,4,30,216,,,,,10,4,8,root > V:17 > BH:27 > BH:49 > BH:39 > BH:29 > BH:17 > BH:7 > BV:27,selected,1,inf,True,648,237,411,490.0,1.0,1.0,True,True,1,1,0,True,1,1,0,0,True,True,0,20,12,20,12,4,PF_LS_RP,sampled_pool,,,False,0.6111111111111112,0.5,0.5,0.1,fixed,swap_segments,offspring,feasible_start_adaptive_spacing,,,,feasible_start_adaptive_spacing,0.5,,True,auto_from_instance,0.75,0.35,"4,5,6,7,9,10,12,15,17,25,26,27,29,37,41,43,47,49,52","2,9,16,17,18,20,21,22,23,26,34",,,,,,"H[4,5,6,7,9,10,12,15,17,25,26,27,29,37,39,41,43,47,49,52]|V[2,9,16,17,18,20,21,22,23,26,27,34]",451b31cd7494c0e29ac39737991e84853f054397
proposed_nsga2_bs_Gyorgy-KOVACS_WH_Narrow_AW_4_seed_118,proposed_nsga2_bs,Gyorgy-KOVACS_WH_Narrow_AW_4,118,10,auto_from_instance,12,18,4,30,216,,,,,11,4,8,root > V:17 > BH:27 > BH:5 > BH:15 > BH:25 > BH:37 > BH:47 > BV:25,evaluated,3,inf,False,648,237,411,544.0,1.0,1.0,True,True,1,1,0,True,1,1,0,0,True,True,0,19,12,19,12,4,PF_LS_RP,sampled_pool,,,False,0.6111111111111112,0.5,0.5,0.1,fixed,swap_segments,offspring,feasible_start_adaptive_spacing,,,,feasible_start_adaptive_spacing,0.5,,True,auto_from_instance,0.75,0.35,"4,5,6,7,9,10,12,15,17,25,26,27,29,37,41,43,47,49,52","2,9,16,17,18,20,21,22,23,26,34",,,,,,"H[4,5,6,7,9,10,12,15,17,25,26,27,29,37,41,43,47,49,52]|V[2,9,16,17,18,20,21,22,23,25,26,34]",24e93b3467ee5334276be59c5b6e878bb2e06a66
proposed_nsga2_bs_Gyorgy-KOVACS_WH_Narrow_AW_4_seed_118,proposed_nsga2_bs,Gyorgy-KOVACS_WH_Narrow_AW_4,118,10,auto_from_instance,12,18,4,30,216,,,,,12,4,8,root > V:17 > BH:27 > BH:49 > BH:39 > BH:29 > BH:17 > BH:7 > BV:25,evaluated,3,inf,False,648,237,411,544.0,1.0,1.0,True,True,1,1,0,True,1,1,0,0,True,True,0,20,12,20,12,4,PF_LS_RP,sampled_pool,,,False,0.6111111111111112,0.5,0.5,0.1,fixed,swap_segments,offspring,feasible_start_adaptive_spacing,,,,feasible_start_adaptive_spacing,0.5,,True,auto_from_instance,0.75,0.35,"4,5,6,7,9,10,12,15,17,25,26,27,29,37,41,43,47,49,52","2,9,16,17,18,20,21,22,23,26,34",,,,,,"H[4,5,6,7,9,10,12,15,17,25,26,27,29,37,39,41,43,47,49,52]|V[2,9,16,17,18,20,21,22,23,25,26,34]",19631d63ec0204b55a5a6d539d26aaf84a80581d
proposed_nsga2_bs_Gyorgy-KOVACS_WH_Narrow_AW_4_seed_118,proposed_nsga2_bs,Gyorgy-KOVACS_WH_Narrow_AW_4,118,10,auto_from_instance,12,18,4,30,216,,,,,13,12,8,root > V:17 > BH:27 > BH:49 > BH:41 > BH:29 > BH:17 > BH:9 > BV:27,selected,1,3.0,True,640,243,397,493.0,1.0,1.0,True,True,1,1,0,True,1,1,0,0,True,True,0,15,12,15,12,12,LS_PF,sampled_pool,,,False,0.6111111111111112,0.5,0.5,0.1,fixed,break_symmetry,offspring,feasible_start_adaptive_spacing,,,,feasible_start_adaptive_spacing,0.5,,True,auto_from_instance,0.75,0.35,"4,8,9,14,15,17,25,27,29,37,39,41,43,47,49","10,11,16,17,19,20,21,23,24,26,27,30",,,,,,"H[4,8,9,14,15,17,25,27,29,37,39,41,43,47,49]|V[10,11,16,17,19,20,21,23,24,26,27,30]",6b741b69cafdf845076912c9118d6404ec3124cc
proposed_nsga2_bs_Gyorgy-KOVACS_WH_Narrow_AW_4_seed_118,proposed_nsga2_bs,Gyorgy-KOVACS_WH_Narrow_AW_4,118,10,auto_from_instance,12,18,4,30,216,,,,,14,12,8,root > V:17 > BH:27 > BH:49 > BH:39 > BH:29 > BH:17 > BH:9 > BV:27,selected,0,inf,True,640,243,397,467.0,1.0,1.0,True,True,1,1,0,True,1,1,0,0,True,True,0,15,12,15,12,12,LS_PF,sampled_pool,,,False,0.6111111111111112,0.5,0.5,0.1,fixed,break_symmetry,offspring,feasible_start_adaptive_spacing,,,,feasible_start_adaptive_spacing,0.5,,True,auto_from_instance,0.75,0.35,"4,8,9,14,15,17,25,27,29,37,39,41,43,47,49","10,11,16,17,19,20,21,23,24,26,27,30",,,,,,"H[4,8,9,14,15,17,25,27,29,37,39,41,43,47,49]|V[10,11,16,17,19,20,21,23,24,26,27,30]",c31e5af53b1ab973249c91c35b02a53fe27d43b5
proposed_nsga2_bs_Gyorgy-KOVACS_WH_Narrow_AW_4_seed_118,proposed_nsga2_bs,Gyorgy-KOVACS_WH_Narrow_AW_4,118,10,auto_from_instance,12,18,4,30,216,,,,,15,12,8,root > V:17 > BH:27 > BH:49 > BH:41 > BH:29 > BH:17 > BH:9 > BV:25,evaluated,3,3.0,False,640,243,397,565.0,1.0,1.0,True,True,1,1,0,True,1,1,0,0,True,True,0,15,13,15,13,12,LS_PF,sampled_pool,,,False,0.6111111111111112,0.5,0.5,0.1,fixed,break_symmetry,offspring,feasible_start_adaptive_spacing,,,,feasible_start_adaptive_spacing,0.5,,True,auto_from_instance,0.75,0.35,"4,8,9,14,15,17,25,27,29,37,39,41,43,47,49","10,11,16,17,19,20,21,23,24,26,27,30",,,,,,"H[4,8,9,14,15,17,25,27,29,37,39,41,43,47,49]|V[10,11,16,17,19,20,21,23,24,25,26,27,30]",39a901559adc49da187861c456901969a94fbc3c
proposed_nsga2_bs_Gyorgy-KOVACS_WH_Narrow_AW_4_seed_118,proposed_nsga2_bs,Gyorgy-KOVACS_WH_Narrow_AW_4,118,10,auto_from_instance,12,18,4,30,216,,,,,16,12,8,root > V:17 > BH:27 > BH:49 > BH:39 > BH:29 > BH:17 > BH:9 > BV:25,selected,2,inf,True,640,243,397,539.0,1.0,1.0,True,True,1,1,0,True,1,1,0,0,True,True,0,15,13,15,13,12,LS_PF,sampled_pool,,,False,0.6111111111111112,0.5,0.5,0.1,fixed,break_symmetry,offspring,feasible_start_adaptive_spacing,,,,feasible_start_adaptive_spacing,0.5,,True,auto_from_instance,0.75,0.35,"4,8,9,14,15,17,25,27,29,37,39,41,43,47,49","10,11,16,17,19,20,21,23,24,26,27,30",,,,,,"H[4,8,9,14,15,17,25,27,29,37,39,41,43,47,49]|V[10,11,16,17,19,20,21,23,24,25,26,27,30]",4fcb480805af1c3aff3bd464c714a0dc9bc119e4
proposed_nsga2_bs_Gyorgy-KOVACS_WH_Narrow_AW_4_seed_118,proposed_nsga2_bs,Gyorgy-KOVACS_WH_Narrow_AW_4,118,11,auto_from_instance,12,18,4,30,216,,,,,1,1,8,root > V:18 > BH:27 > BH:5 > BH:15 > BH:25 > BH:37 > BH:47 > BV:26,evaluated,5,inf,False,664,228,436,628.0,1.0,1.0,True,True,1,1,0,True,1,1,0,0,True,True,0,16,12,16,12,1,PF_SS_RP,sampled_pool,,,True,0.6666666666666666,0.5,0.5,0.1,fixed,swap_segments,offspring,feasible_start_adaptive_spacing,,,,feasible_start_adaptive_spacing,0.5,,True,auto_from_instance,0.75,0.35,"4,7,9,14,15,17,25,26,27,29,37,39,43,47,49","4,9,16,17,18,19,20,21,23,26,27,30",,,,,,"H[4,5,7,9,14,15,17,25,26,27,29,37,39,43,47,49]|V[4,9,16,17,18,19,20,21,23,26,27,30]",1938da0c4eeab540eb2932ce4328db82029254cb
proposed_nsga2_bs_Gyorgy-KOVACS_WH_Narrow_AW_4_seed_118,proposed_nsga2_bs,Gyorgy-KOVACS_WH_Narrow_AW_4,118,11,auto_from_instance,12,18,4,30,216,,,,,2,1,8,root > V:18 > BH:27 > BH:49 > BH:39 > BH:29 > BH:17 > BH:7 > BV:26,evaluated,5,inf,False,664,228,436,628.0,1.0,1.0,True,True,1,1,0,True,1,1,0,0,True,True,0,15,12,15,12,1,PF_SS_RP,sampled_pool,,,True,0.6666666666666666,0.5,0.5,0.1,fixed,swap_segments,offspring,feasible_start_adaptive_spacing,,,,feasible_start_adaptive_spacing,0.5,,True,auto_from_instance,0.75,0.35,"4,7,9,14,15,17,25,26,27,29,37,39,43,47,49","4,9,16,17,18,19,20,21,23,26,27,30",,,,,,"H[4,7,9,14,15,17,25,26,27,29,37,39,43,47,49]|V[4,9,16,17,18,19,20,21,23,26,27,30]",ca27fa34dbaffc306858313d4e346923ac553274
proposed_nsga2_bs_Gyorgy-KOVACS_WH_Narrow_AW_4_seed_118,proposed_nsga2_bs,Gyorgy-KOVACS_WH_Narrow_AW_4,118,11,auto_from_instance,12,18,4,30,216,,,,,3,1,8,root > V:18 > BH:27 > BH:5 > BH:15 > BH:25 > BH:37 > BH:47 > BV:30,evaluated,6,inf,False,664,218,446,768.0,1.0,1.0,True,True,1,1,0,True,1,1,0,0,True,True,0,16,12,16,12,1,PF_SS_RP,sampled_pool,,,True,0.6666666666666666,0.5,0.5,0.1,fixed,swap_segments,offspring,feasible_start_adaptive_spacing,,,,feasible_start_adaptive_spacing,0.5,,True,auto_from_instance,0.75,0.35,"4,7,9,14,15,17,25,26,27,29,37,39,43,47,49","4,9,16,17,18,19,20,21,23,26,27,30",,,,,,"H[4,5,7,9,14,15,17,25,26,27,29,37,39,43,47,49]|V[4,9,16,17,18,19,20,21,23,26,27,30]",2d76234bebc6b4bba430e32996fc38cedfb52741
proposed_nsga2_bs_Gyorgy-KOVACS_WH_Narrow_AW_4_seed_118,proposed_nsga2_bs,Gyorgy-KOVACS_WH_Narrow_AW_4,118,11,auto_from_instance,12,18,4,30,216,,,,,4,1,8,root > V:18 > BH:27 > BH:49 > BH:39 > BH:29 > BH:17 > BH:7 > BV:30,evaluated,6,inf,False,664,218,446,768.0,1.0,1.0,True,True,1,1,0,True,1,1,0,0,True,True,0,15,12,15,12,1,PF_SS_RP,sampled_pool,,,True,0.6666666666666666,0.5,0.5,0.1,fixed,swap_segments,offspring,feasible_start_adaptive_spacing,,,,feasible_start_adaptive_spacing,0.5,,True,auto_from_instance,0.75,0.35,"4,7,9,14,15,17,25,26,27,29,37,39,43,47,49","4,9,16,17,18,19,20,21,23,26,27,30",,,,,,"H[4,7,9,14,15,17,25,26,27,29,37,39,43,47,49]|V[4,9,16,17,18,19,20,21,23,26,27,30]",194790e90d8eea3e2ac59491345ee26809534fa0
proposed_nsga2_bs_Gyorgy-KOVACS_WH_Narrow_AW_4_seed_118,proposed_nsga2_bs,Gyorgy-KOVACS_WH_Narrow_AW_4,118,11,auto_from_instance,12,18,4,30,216,,,,,5,2,8,root > V:16 > BH:27 > BH:49 > BH:41 > BH:29 > BH:17 > BH:9 > BV:26,selected,1,inf,True,624,252,372,562.0,1.0,1.0,True,True,1,1,0,True,1,1,0,0,True,True,0,15,10,15,10,2,PF_LS,sampled_pool,,,False,0.6666666666666666,0.5,0.5,0.1,fixed,break_symmetry,offspring,feasible_start_adaptive_spacing,,,,feasible_start_adaptive_spacing,0.5,,True,auto_from_instance,0.75,0.35,"4,7,9,14,15,17,25,27,29,37,39,43,47,49","8,16,17,19,21,23,25,26,27,30",,,,,,"H[4,7,9,14,15,17,25,27,29,37,39,41,43,47,49]|V[8,16,17,19,21,23,25,26,27,30]",8498d8f1059034f9f144b058e7e18d5585555d05
proposed_nsga2_bs_Gyorgy-KOVACS_WH_Narrow_AW_4_seed_118,proposed_nsga2_bs,Gyorgy-KOVACS_WH_Narrow_AW_4,118,11,auto_from_instance,12,18,4,30,216,,,,,6,2,8,root > V:16 > BH:27 > BH:49 > BH:39 > BH:29 > BH:17 > BH:9 > BV:26,selected,0,inf,True,624,252,372,534.0,1.0,1.0,True,True,1,1,0,True,1,1,0,0,True,True,0,14,10,14,10,2,PF_LS,sampled_pool,,,False,0.6666666666666666,0.5,0.5,0.1,fixed,break_symmetry,offspring,feasible_start_adaptive_spacing,,,,feasible_start_adaptive_spacing,0.5,,True,auto_from_instance,0.75,0.35,"4,7,9,14,15,17,25,27,29,37,39,43,47,49","8,16,17,19,21,23,25,26,27,30",,,,,,"H[4,7,9,14,15,17,25,27,29,37,39,43,47,49]|V[8,16,17,19,21,23,25,26,27,30]",04b9835ae17dcf7a9c8af907330db39e1d2fb2b9
proposed_nsga2_bs_Gyorgy-KOVACS_WH_Narrow_AW_4_seed_118,proposed_nsga2_bs,Gyorgy-KOVACS_WH_Narrow_AW_4,118,11,auto_from_instance,12,18,4,30,216,,,,,7,2,8,root > V:16 > BH:27 > BH:49 > BH:41 > BH:29 > BH:17 > BH:9 > BV:24,evaluated,3,inf,False,624,252,372,666.0,1.0,1.0,True,True,1,1,0,True,1,1,0,0,True,True,0,15,11,15,11,2,PF_LS,sampled_pool,,,False,0.6666666666666666,0.5,0.5,0.1,fixed,break_symmetry,offspring,feasible_start_adaptive_spacing,,,,feasible_start_adaptive_spacing,0.5,,True,auto_from_instance,0.75,0.35,"4,7,9,14,15,17,25,27,29,37,39,43,47,49","8,16,17,19,21,23,25,26,27,30",,,,,,"H[4,7,9,14,15,17,25,27,29,37,39,41,43,47,49]|V[8,16,17,19,21,23,24,25,26,27,30]",b03a188135e15721b5fdacc1e2599f0e913cdfd0
proposed_nsga2_bs_Gyorgy-KOVACS_WH_Narrow_AW_4_seed_118,proposed_nsga2_bs,Gyorgy-KOVACS_WH_Narrow_AW_4,118,11,auto_from_instance,12,18,4,30,216,,,,,8,2,8,root > V:16 > BH:27 > BH:49 > BH:39 > BH:29 > BH:17 > BH:9 > BV:24,selected,2,inf,True,624,252,372,638.0,1.0,1.0,True,True,1,1,0,True,1,1,0,0,True,True,0,14,11,14,11,2,PF_LS,sampled_pool,,,False,0.6666666666666666,0.5,0.5,0.1,fixed,break_symmetry,offspring,feasible_start_adaptive_spacing,,,,feasible_start_adaptive_spacing,0.5,,True,auto_from_instance,0.75,0.35,"4,7,9,14,15,17,25,27,29,37,39,43,47,49","8,16,17,19,21,23,25,26,27,30",,,,,,"H[4,7,9,14,15,17,25,27,29,37,39,43,47,49]|V[8,16,17,19,21,23,24,25,26,27,30]",98cd3db7ad48726674c476a63fd54b9db772e099
proposed_nsga2_bs_Gyorgy-KOVACS_WH_Narrow_AW_4_seed_118,proposed_nsga2_bs,Gyorgy-KOVACS_WH_Narrow_AW_4,118,11,auto_from_instance,12,18,4,30,216,,,,,9,3,8,root > V:18 > BH:27 > BH:49 > BH:41 > BH:29 > BH:17 > BH:9 > BV:26,evaluated,5,inf,False,656,234,422,636.0,1.0,1.0,True,True,1,1,0,True,1,1,0,0,True,True,0,18,11,18,11,3,LS,sampled_pool,,,False,0.6666666666666666,0.5,0.5,0.1,fixed,remove_random_aisle,offspring,feasible_start_adaptive_spacing,,,,feasible_start_adaptive_spacing,0.5,,True,auto_from_instance,0.75,0.35,"4,5,6,7,9,10,12,15,17,25,27,29,37,39,43,47,49","9,16,17,18,19,20,21,23,26,27,30",,,,,,"H[4,5,6,7,9,10,12,15,17,25,27,29,37,39,41,43,47,49]|V[9,16,17,18,19,20,21,23,26,27,30]",0d2a6b6ca811367d7afa4faa78fe2340635cf848
proposed_nsga2_bs_Gyorgy-KOVACS_WH_Narrow_AW_4_seed_118,proposed_nsga2_bs,Gyorgy-KOVACS_WH_Narrow_AW_4,118,11,auto_from_instance,12,18,4,30,216,,,,,10,3,8,root > V:18 > BH:27 > BH:49 > BH:39 > BH:29 > BH:17 > BH:9 > BV:26,evaluated,4,inf,False,656,234,422,612.0,1.0,1.0,True,True,1,1,0,True,1,1,0,0,True,True,0,17,11,17,11,3,LS,sampled_pool,,,False,0.6666666666666666,0.5,0.5,0.1,fixed,remove_random_aisle,offspring,feasible_start_adaptive_spacing,,,,feasible_start_adaptive_spacing,0.5,,True,auto_from_instance,0.75,0.35,"4,5,6,7,9,10,12,15,17,25,27,29,37,39,43,47,49","9,16,17,18,19,20,21,23,26,27,30",,,,,,"H[4,5,6,7,9,10,12,15,17,25,27,29,37,39,43,47,49]|V[9,16,17,18,19,20,21,23,26,27,30]",a6d8c367a0984ed18a8f66198f41e31df0ed7c56
proposed_nsga2_bs_Gyorgy-KOVACS_WH_Narrow_AW_4_seed_118,proposed_nsga2_bs,Gyorgy-KOVACS_WH_Narrow_AW_4,118,11,auto_from_instance,12,18,4,30,216,,,,,11,3,8,root > V:18 > BH:27 > BH:49 > BH:41 > BH:29 > BH:17 > BH:9 > BV:30,evaluated,5,inf,False,656,226,430,628.0,1.0,1.0,True,True,1,1,0,True,1,1,0,0,True,True,0,18,11,18,11,3,LS,sampled_pool,,,False,0.6666666666666666,0.5,0.5,0.1,fixed,remove_random_aisle,offspring,feasible_start_adaptive_spacing,,,,feasible_start_adaptive_spacing,0.5,,True,auto_from_instance,0.75,0.35,"4,5,6,7,9,10,12,15,17,25,27,29,37,39,43,47,49","9,16,17,18,19,20,21,23,26,27,30",,,,,,"H[4,5,6,7,9,10,12,15,17,25,27,29,37,39,41,43,47,49]|V[9,16,17,18,19,20,21,23,26,27,30]",02125c344125be7a62bbb0b5eed69ffa03056e68
proposed_nsga2_bs_Gyorgy-KOVACS_WH_Narrow_AW_4_seed_118,proposed_nsga2_bs,Gyorgy-KOVACS_WH_Narrow_AW_4,118,11,auto_from_instance,12,18,4,30,216,,,,,12,3,8,root > V:18 > BH:27 > BH:49 > BH:39 > BH:29 > BH:17 > BH:9 > BV:30,evaluated,4,inf,False,656,226,430,604.0,1.0,1.0,True,True,1,1,0,True,1,1,0,0,True,True,0,17,11,17,11,3,LS,sampled_pool,,,False,0.6666666666666666,0.5,0.5,0.1,fixed,remove_random_aisle,offspring,feasible_start_adaptive_spacing,,,,feasible_start_adaptive_spacing,0.5,,True,auto_from_instance,0.75,0.35,"4,5,6,7,9,10,12,15,17,25,27,29,37,39,43,47,49","9,16,17,18,19,20,21,23,26,27,30",,,,,,"H[4,5,6,7,9,10,12,15,17,25,27,29,37,39,43,47,49]|V[9,16,17,18,19,20,21,23,26,27,30]",731938394eedde6443a911645cdd39dc3798d827
proposed_nsga2_bs_Gyorgy-KOVACS_WH_Narrow_AW_4_seed_118,proposed_nsga2_bs,Gyorgy-KOVACS_WH_Narrow_AW_4,118,11,auto_from_instance,12,18,4,30,216,,,,,13,4,8,root > V:17 > BH:27 > BH:5 > BH:15 > BH:25 > BH:37 > BH:47 > BV:27,selected,1,inf,True,648,237,411,490.0,1.0,1.0,True,True,1,1,0,True,1,1,0,0,True,True,0,16,13,16,13,4,LS_SS,sampled_pool,,,True,0.6666666666666666,0.5,0.5,0.1,fixed,remove_random_aisle,offspring,feasible_start_adaptive_spacing,,,,feasible_start_adaptive_spacing,0.5,,True,auto_from_instance,0.75,0.35,"4,7,9,14,15,17,25,27,29,37,41,43,47,49,52","2,4,9,16,17,18,20,21,22,23,26,27,34",,,,,,"H[4,5,7,9,14,15,17,25,27,29,37,41,43,47,49,52]|V[2,4,9,16,17,18,20,21,22,23,26,27,34]",3ab80a1d8e68880e815ad780c83cfc2449e7f93f
proposed_nsga2_bs_Gyorgy-KOVACS_WH_Narrow_AW_4_seed_118,proposed_nsga2_bs,Gyorgy-KOVACS_WH_Narrow_AW_4,118,11,auto_from_instance,12,18,4,30,216,,,,,14,4,8,root > V:17 > BH:27 > BH:49 > BH:39 > BH:29 > BH:17 > BH:7 > BV:27,selected,1,inf,True,648,237,411,490.0,1.0,1.0,True,True,1,1,0,True,1,1,0,0,True,True,0,16,13,16,13,4,LS_SS,sampled_pool,,,True,0.6666666666666666,0.5,0.5,0.1,fixed,remove_random_aisle,offspring,feasible_start_adaptive_spacing,,,,feasible_start_adaptive_spacing,0.5,,True,auto_from_instance,0.75,0.35,"4,7,9,14,15,17,25,27,29,37,41,43,47,49,52","2,4,9,16,17,18,20,21,22,23,26,27,34",,,,,,"H[4,7,9,14,15,17,25,27,29,37,39,41,43,47,49,52]|V[2,4,9,16,17,18,20,21,22,23,26,27,34]",451b31cd7494c0e29ac39737991e84853f054397
proposed_nsga2_bs_Gyorgy-KOVACS_WH_Narrow_AW_4_seed_118,proposed_nsga2_bs,Gyorgy-KOVACS_WH_Narrow_AW_4,118,11,auto_from_instance,12,18,4,30,216,,,,,15,4,8,root > V:17 > BH:27 > BH:5 > BH:15 > BH:25 > BH:37 > BH:47 > BV:25,evaluated,3,inf,False,648,237,411,544.0,1.0,1.0,True,True,1,1,0,True,1,1,0,0,True,True,0,16,14,16,14,4,LS_SS,sampled_pool,,,True,0.6666666666666666,0.5,0.5,0.1,fixed,remove_random_aisle,offspring,feasible_start_adaptive_spacing,,,,feasible_start_adaptive_spacing,0.5,,True,auto_from_instance,0.75,0.35,"4,7,9,14,15,17,25,27,29,37,41,43,47,49,52","2,4,9,16,17,18,20,21,22,23,26,27,34",,,,,,"H[4,5,7,9,14,15,17,25,27,29,37,41,43,47,49,52]|V[2,4,9,16,17,18,20,21,22,23,25,26,27,34]",24e93b3467ee5334276be59c5b6e878bb2e06a66
proposed_nsga2_bs_Gyorgy-KOVACS_WH_Narrow_AW_4_seed_118,proposed_nsga2_bs,Gyorgy-KOVACS_WH_Narrow_AW_4,118,11,auto_from_instance,12,18,4,30,216,,,,,16,4,8,root > V:17 > BH:27 > BH:49 > BH:39 > BH:29 > BH:17 > BH:7 > BV:25,evaluated,3,inf,False,648,237,411,544.0,1.0,1.0,True,True,1,1,0,True,1,1,0,0,True,True,0,16,14,16,14,4,LS_SS,sampled_pool,,,True,0.6666666666666666,0.5,0.5,0.1,fixed,remove_random_aisle,offspring,feasible_start_adaptive_spacing,,,,feasible_start_adaptive_spacing,0.5,,True,auto_from_instance,0.75,0.35,"4,7,9,14,15,17,25,27,29,37,41,43,47,49,52","2,4,9,16,17,18,20,21,22,23,26,27,34",,,,,,"H[4,7,9,14,15,17,25,27,29,37,39,41,43,47,49,52]|V[2,4,9,16,17,18,20,21,22,23,25,26,27,34]",19631d63ec0204b55a5a6d539d26aaf84a80581d
proposed_nsga2_bs_Gyorgy-KOVACS_WH_Narrow_AW_4_seed_118,proposed_nsga2_bs,Gyorgy-KOVACS_WH_Narrow_AW_4,118,11,auto_from_instance,12,18,4,30,216,,,,,17,5,4,root > V:27 > BH:27 > BV:19 > BV:19,selected,0,inf,True,684,260,424,484.0,1.0,1.0,True,True,1,1,0,True,1,1,0,0,True,True,0,15,11,15,11,5,SS,sampled_pool,,,True,0.6666666666666666,0.5,0.5,0.1,fixed,remove_random_aisle,offspring,feasible_start_adaptive_spacing,,,,feasible_start_adaptive_spacing,0.5,,True,auto_from_instance,0.75,0.35,"4,7,9,14,15,17,25,27,29,37,39,41,43,47,49","10,11,16,17,19,20,21,23,24,27,30",,,,,,"H[4,7,9,14,15,17,25,27,29,37,39,41,43,47,49]|V[10,11,16,17,19,20,21,23,24,27,30]",9baad5a6d6d08df213ec54891109e23b1069a9a5
proposed_nsga2_bs_Gyorgy-KOVACS_WH_Narrow_AW_4_seed_118,proposed_nsga2_bs,Gyorgy-KOVACS_WH_Narrow_AW_4,118,11,auto_from_instance,12,18,4,30,216,,,,,18,5,4,root > V:27 > BH:27 > BV:17 > BV:19,selected,0,0.0,True,684,260,424,484.0,1.0,1.0,True,True,1,1,0,True,1,1,0,0,True,True,0,15,11,15,11,5,SS,sampled_pool,,,True,0.6666666666666666,0.5,0.5,0.1,fixed,remove_random_aisle,offspring,feasible_start_adaptive_spacing,,,,feasible_start_adaptive_spacing,0.5,,True,auto_from_instance,0.75,0.35,"4,7,9,14,15,17,25,27,29,37,39,41,43,47,49","10,11,16,17,19,20,21,23,24,27,30",,,,,,"H[4,7,9,14,15,17,25,27,29,37,39,41,43,47,49]|V[10,11,16,17,19,20,21,23,24,27,30]",7ea492661f4a7d780540a41c5bfc758906148e19
proposed_nsga2_bs_Gyorgy-KOVACS_WH_Narrow_AW_4_seed_118,proposed_nsga2_bs,Gyorgy-KOVACS_WH_Narrow_AW_4,118,11,auto_from_instance,12,18,4,30,216,,,,,19,5,4,root > V:27 > BH:27 > BV:19 > BV:17,selected,0,0.0,True,684,260,424,484.0,1.0,1.0,True,True,1,1,0,True,1,1,0,0,True,True,0,15,11,15,11,5,SS,sampled_pool,,,True,0.6666666666666666,0.5,0.5,0.1,fixed,remove_random_aisle,offspring,feasible_start_adaptive_spacing,,,,feasible_start_adaptive_spacing,0.5,,True,auto_from_instance,0.75,0.35,"4,7,9,14,15,17,25,27,29,37,39,41,43,47,49","10,11,16,17,19,20,21,23,24,27,30",,,,,,"H[4,7,9,14,15,17,25,27,29,37,39,41,43,47,49]|V[10,11,16,17,19,20,21,23,24,27,30]",59c55a28d53f47701301421f850890ad1de7d63b
proposed_nsga2_bs_Gyorgy-KOVACS_WH_Narrow_AW_4_seed_118,proposed_nsga2_bs,Gyorgy-KOVACS_WH_Narrow_AW_4,118,11,auto_from_instance,12,18,4,30,216,,,,,20,5,4,root > V:27 > BH:27 > BV:17 > BV:17,selected,0,inf,True,684,260,424,484.0,1.0,1.0,True,True,1,1,0,True,1,1,0,0,True,True,0,15,11,15,11,5,SS,sampled_pool,,,True,0.6666666666666666,0.5,0.5,0.1,fixed,remove_random_aisle,offspring,feasible_start_adaptive_spacing,,,,feasible_start_adaptive_spacing,0.5,,True,auto_from_instance,0.75,0.35,"4,7,9,14,15,17,25,27,29,37,39,41,43,47,49","10,11,16,17,19,20,21,23,24,27,30",,,,,,"H[4,7,9,14,15,17,25,27,29,37,39,41,43,47,49]|V[10,11,16,17,19,20,21,23,24,27,30]",6732d5258a9313035bead181283e041def90bbb2
proposed_nsga2_bs_Gyorgy-KOVACS_WH_Narrow_AW_4_seed_118,proposed_nsga2_bs,Gyorgy-KOVACS_WH_Narrow_AW_4,118,11,auto_from_instance,12,18,4,30,216,,,,,21,7,8,root > V:17 > BH:27 > BH:49 > BH:41 > BH:29 > BH:17 > BH:9 > BV:27,selected,1,3.0,True,640,243,397,493.0,1.0,1.0,True,True,1,1,0,True,1,1,0,0,True,True,0,16,11,16,11,7,LS,sampled_pool,,,False,0.6666666666666666,0.5,0.5,0.1,fixed,break_symmetry,offspring,feasible_start_adaptive_spacing,,,,feasible_start_adaptive_spacing,0.5,,True,auto_from_instance,0.75,0.35,"4,7,10,14,15,17,25,26,27,29,37,41,43,47,49","4,9,16,17,18,20,21,22,23,26,27",,,,,,"H[4,7,9,10,14,15,17,25,26,27,29,37,41,43,47,49]|V[4,9,16,17,18,20,21,22,23,26,27]",6b741b69cafdf845076912c9118d6404ec3124cc
proposed_nsga2_bs_Gyorgy-KOVACS_WH_Narrow_AW_4_seed_118,proposed_nsga2_bs,Gyorgy-KOVACS_WH_Narrow_AW_4,118,11,auto_from_instance,12,18,4,30,216,,,,,22,7,8,root > V:17 > BH:27 > BH:49 > BH:39 > BH:29 > BH:17 > BH:9 > BV:27,selected,0,inf,True,640,243,397,467.0,1.0,1.0,True,True,1,1,0,True,1,1,0,0,True,True,0,17,11,17,11,7,LS,sampled_pool,,,False,0.6666666666666666,0.5,0.5,0.1,fixed,break_symmetry,offspring,feasible_start_adaptive_spacing,,,,feasible_start_adaptive_spacing,0.5,,True,auto_from_instance,0.75,0.35,"4,7,10,14,15,17,25,26,27,29,37,41,43,47,49","4,9,16,17,18,20,21,22,23,26,27",,,,,,"H[4,7,9,10,14,15,17,25,26,27,29,37,39,41,43,47,49]|V[4,9,16,17,18,20,21,22,23,26,27]",c31e5af53b1ab973249c91c35b02a53fe27d43b5
proposed_nsga2_bs_Gyorgy-KOVACS_WH_Narrow_AW_4_seed_118,proposed_nsga2_bs,Gyorgy-KOVACS_WH_Narrow_AW_4,118,11,auto_from_instance,12,18,4,30,216,,,,,23,7,8,root > V:17 > BH:27 > BH:49 > BH:41 > BH:29 > BH:17 > BH:9 > BV:25,evaluated,3,3.0,False,640,243,397,565.0,1.0,1.0,True,True,1,1,0,True,1,1,0,0,True,True,0,16,12,16,12,7,LS,sampled_pool,,,False,0.6666666666666666,0.5,0.5,0.1,fixed,break_symmetry,offspring,feasible_start_adaptive_spacing,,,,feasible_start_adaptive_spacing,0.5,,True,auto_from_instance,0.75,0.35,"4,7,10,14,15,17,25,26,27,29,37,41,43,47,49","4,9,16,17,18,20,21,22,23,26,27",,,,,,"H[4,7,9,10,14,15,17,25,26,27,29,37,41,43,47,49]|V[4,9,16,17,18,20,21,22,23,25,26,27]",39a901559adc49da187861c456901969a94fbc3c
proposed_nsga2_bs_Gyorgy-KOVACS_WH_Narrow_AW_4_seed_118,proposed_nsga2_bs,Gyorgy-KOVACS_WH_Narrow_AW_4,118,11,auto_from_instance,12,18,4,30,216,,,,,24,7,8,root > V:17 > BH:27 > BH:49 > BH:39 > BH:29 > BH:17 > BH:9 > BV:25,selected,2,inf,True,640,243,397,539.0,1.0,1.0,True,True,1,1,0,True,1,1,0,0,True,True,0,17,12,17,12,7,LS,sampled_pool,,,False,0.6666666666666666,0.5,0.5,0.1,fixed,break_symmetry,offspring,feasible_start_adaptive_spacing,,,,feasible_start_adaptive_spacing,0.5,,True,auto_from_instance,0.75,0.35,"4,7,10,14,15,17,25,26,27,29,37,41,43,47,49","4,9,16,17,18,20,21,22,23,26,27",,,,,,"H[4,7,9,10,14,15,17,25,26,27,29,37,39,41,43,47,49]|V[4,9,16,17,18,20,21,22,23,25,26,27]",4fcb480805af1c3aff3bd464c714a0dc9bc119e4
proposed_nsga2_bs_Gyorgy-KOVACS_WH_Narrow_AW_4_seed_118,proposed_nsga2_bs,Gyorgy-KOVACS_WH_Narrow_AW_4,118,12,auto_from_instance,12,18,4,30,216,,,,,1,1,8,root > V:17 > BH:27 > BH:5 > BH:15 > BH:25 > BH:37 > BH:47 > BV:27,selected,1,inf,True,648,237,411,490.0,1.0,1.0,True,True,1,1,0,True,1,1,0,0,True,True,0,16,12,16,12,1,PF_RP,sampled_pool,,,False,0.7222222222222222,0.5,0.5,0.1,fixed,break_symmetry,offspring,feasible_start_adaptive_spacing,,,,feasible_start_adaptive_spacing,0.5,,True,auto_from_instance,0.75,0.35,"4,7,9,14,15,17,25,27,29,37,40,41,43,47,49","4,9,16,17,18,20,21,22,23,24,26,27",,,,,,"H[4,5,7,9,14,15,17,25,27,29,37,40,41,43,47,49]|V[4,9,16,17,18,20,21,22,23,24,26,27]",3ab80a1d8e68880e815ad780c83cfc2449e7f93f
proposed_nsga2_bs_Gyorgy-KOVACS_WH_Narrow_AW_4_seed_118,proposed_nsga2_bs,Gyorgy-KOVACS_WH_Narrow_AW_4,118,12,auto_from_instance,12,18,4,30,216,,,,,2,1,8,root > V:17 > BH:27 > BH:49 > BH:39 > BH:29 > BH:17 > BH:7 > BV:27,selected,1,inf,True,648,237,411,490.0,1.0,1.0,True,True,1,1,0,True,1,1,0,0,True,True,0,16,12,16,12,1,PF_RP,sampled_pool,,,False,0.7222222222222222,0.5,0.5,0.1,fixed,break_symmetry,offspring,feasible_start_adaptive_spacing,,,,feasible_start_adaptive_spacing,0.5,,True,auto_from_instance,0.75,0.35,"4,7,9,14,15,17,25,27,29,37,40,41,43,47,49","4,9,16,17,18,20,21,22,23,24,26,27",,,,,,"H[4,7,9,14,15,17,25,27,29,37,39,40,41,43,47,49]|V[4,9,16,17,18,20,21,22,23,24,26,27]",451b31cd7494c0e29ac39737991e84853f054397
proposed_nsga2_bs_Gyorgy-KOVACS_WH_Narrow_AW_4_seed_118,proposed_nsga2_bs,Gyorgy-KOVACS_WH_Narrow_AW_4,118,12,auto_from_instance,12,18,4,30,216,,,,,3,1,8,root > V:17 > BH:27 > BH:5 > BH:15 > BH:25 > BH:37 > BH:47 > BV:25,evaluated,3,inf,False,648,237,411,544.0,1.0,1.0,True,True,1,1,0,True,1,1,0,0,True,True,0,16,13,16,13,1,PF_RP,sampled_pool,,,False,0.7222222222222222,0.5,0.5,0.1,fixed,break_symmetry,offspring,feasible_start_adaptive_spacing,,,,feasible_start_adaptive_spacing,0.5,,True,auto_from_instance,0.75,0.35,"4,7,9,14,15,17,25,27,29,37,40,41,43,47,49","4,9,16,17,18,20,21,22,23,24,26,27",,,,,,"H[4,5,7,9,14,15,17,25,27,29,37,40,41,43,47,49]|V[4,9,16,17,18,20,21,22,23,24,25,26,27]",24e93b3467ee5334276be59c5b6e878bb2e06a66
proposed_nsga2_bs_Gyorgy-KOVACS_WH_Narrow_AW_4_seed_118,proposed_nsga2_bs,Gyorgy-KOVACS_WH_Narrow_AW_4,118,12,auto_from_instance,12,18,4,30,216,,,,,4,1,8,root > V:17 > BH:27 > BH:49 > BH:39 > BH:29 > BH:17 > BH:7 > BV:25,evaluated,3,inf,False,648,237,411,544.0,1.0,1.0,True,True,1,1,0,True,1,1,0,0,True,True,0,16,13,16,13,1,PF_RP,sampled_pool,,,False,0.7222222222222222,0.5,0.5,0.1,fixed,break_symmetry,offspring,feasible_start_adaptive_spacing,,,,feasible_start_adaptive_spacing,0.5,,True,auto_from_instance,0.75,0.35,"4,7,9,14,15,17,25,27,29,37,40,41,43,47,49","4,9,16,17,18,20,21,22,23,24,26,27",,,,,,"H[4,7,9,14,15,17,25,27,29,37,39,40,41,43,47,49]|V[4,9,16,17,18,20,21,22,23,24,25,26,27]",19631d63ec0204b55a5a6d539d26aaf84a80581d
proposed_nsga2_bs_Gyorgy-KOVACS_WH_Narrow_AW_4_seed_118,proposed_nsga2_bs,Gyorgy-KOVACS_WH_Narrow_AW_4,118,12,auto_from_instance,12,18,4,30,216,,,,,5,3,4,root > V:27 > BH:27 > BV:19 > BV:19,selected,0,inf,True,684,260,424,484.0,1.0,1.0,True,True,1,1,0,True,1,1,0,0,True,True,0,15,13,15,13,3,SS,sampled_pool,,,True,0.7222222222222222,0.5,0.5,0.1,fixed,spacing_aware_flip,offspring,feasible_start_adaptive_spacing,,,,feasible_start_adaptive_spacing,0.5,,True,auto_from_instance,0.75,0.35,"4,7,9,14,15,17,25,27,29,37,41,43,47,49,54","10,11,16,17,18,20,21,22,23,26,27,30",,,,,,"H[4,7,9,14,15,17,25,27,29,37,41,43,47,49,54]|V[10,11,16,17,18,19,20,21,22,23,26,27,30]",9baad5a6d6d08df213ec54891109e23b1069a9a5
proposed_nsga2_bs_Gyorgy-KOVACS_WH_Narrow_AW_4_seed_118,proposed_nsga2_bs,Gyorgy-KOVACS_WH_Narrow_AW_4,118,12,auto_from_instance,12,18,4,30,216,,,,,6,3,4,root > V:27 > BH:27 > BV:17 > BV:19,selected,0,0.0,True,684,260,424,484.0,1.0,1.0,True,True,1,1,0,True,1,1,0,0,True,True,0,15,13,15,13,3,SS,sampled_pool,,,True,0.7222222222222222,0.5,0.5,0.1,fixed,spacing_aware_flip,offspring,feasible_start_adaptive_spacing,,,,feasible_start_adaptive_spacing,0.5,,True,auto_from_instance,0.75,0.35,"4,7,9,14,15,17,25,27,29,37,41,43,47,49,54","10,11,16,17,18,20,21,22,23,26,27,30",,,,,,"H[4,7,9,14,15,17,25,27,29,37,41,43,47,49,54]|V[10,11,16,17,18,19,20,21,22,23,26,27,30]",7ea492661f4a7d780540a41c5bfc758906148e19
proposed_nsga2_bs_Gyorgy-KOVACS_WH_Narrow_AW_4_seed_118,proposed_nsga2_bs,Gyorgy-KOVACS_WH_Narrow_AW_4,118,12,auto_from_instance,12,18,4,30,216,,,,,7,3,4,root > V:27 > BH:27 > BV:19 > BV:17,selected,0,0.0,True,684,260,424,484.0,1.0,1.0,True,True,1,1,0,True,1,1,0,0,True,True,0,15,13,15,13,3,SS,sampled_pool,,,True,0.7222222222222222,0.5,0.5,0.1,fixed,spacing_aware_flip,offspring,feasible_start_adaptive_spacing,,,,feasible_start_adaptive_spacing,0.5,,True,auto_from_instance,0.75,0.35,"4,7,9,14,15,17,25,27,29,37,41,43,47,49,54","10,11,16,17,18,20,21,22,23,26,27,30",,,,,,"H[4,7,9,14,15,17,25,27,29,37,41,43,47,49,54]|V[10,11,16,17,18,19,20,21,22,23,26,27,30]",59c55a28d53f47701301421f850890ad1de7d63b
proposed_nsga2_bs_Gyorgy-KOVACS_WH_Narrow_AW_4_seed_118,proposed_nsga2_bs,Gyorgy-KOVACS_WH_Narrow_AW_4,118,12,auto_from_instance,12,18,4,30,216,,,,,8,3,4,root > V:27 > BH:27 > BV:17 > BV:17,selected,0,inf,True,684,260,424,484.0,1.0,1.0,True,True,1,1,0,True,1,1,0,0,True,True,0,15,12,15,12,3,SS,sampled_pool,,,True,0.7222222222222222,0.5,0.5,0.1,fixed,spacing_aware_flip,offspring,feasible_start_adaptive_spacing,,,,feasible_start_adaptive_spacing,0.5,,True,auto_from_instance,0.75,0.35,"4,7,9,14,15,17,25,27,29,37,41,43,47,49,54","10,11,16,17,18,20,21,22,23,26,27,30",,,,,,"H[4,7,9,14,15,17,25,27,29,37,41,43,47,49,54]|V[10,11,16,17,18,20,21,22,23,26,27,30]",6732d5258a9313035bead181283e041def90bbb2
proposed_nsga2_bs_Gyorgy-KOVACS_WH_Narrow_AW_4_seed_118,proposed_nsga2_bs,Gyorgy-KOVACS_WH_Narrow_AW_4,118,12,auto_from_instance,12,18,4,30,216,,,,,9,5,8,root > V:16 > BH:27 > BH:5 > BH:15 > BH:25 > BH:37 > BH:47 > BV:26,selected,0,inf,True,632,246,386,550.0,1.0,1.0,True,True,1,1,0,True,1,1,0,0,True,True,0,16,10,16,10,5,LS_RP,sampled_pool,,,False,0.7222222222222222,0.5,0.5,0.1,fixed,remove_random_aisle,offspring,feasible_start_adaptive_spacing,,,,feasible_start_adaptive_spacing,0.5,,True,auto_from_instance,0.75,0.35,"4,7,9,14,15,17,25,27,29,37,39,41,43,47,49","11,16,17,19,21,23,25,26,27,30",,,,,,"H[4,5,7,9,14,15,17,25,27,29,37,39,41,43,47,49]|V[11,16,17,19,21,23,25,26,27,30]",08ee812bc396556b6550be0bd82f9266dcd2fe55
proposed_nsga2_bs_Gyorgy-KOVACS_WH_Narrow_AW_4_seed_118,proposed_nsga2_bs,Gyorgy-KOVACS_WH_Narrow_AW_4,118,12,auto_from_instance,12,18,4,30,216,,,,,10,5,8,root > V:16 > BH:27 > BH:49 > BH:39 > BH:29 > BH:17 > BH:7 > BV:26,selected,0,inf,True,632,246,386,550.0,1.0,1.0,True,True,1,1,0,True,1,1,0,0,True,True,0,15,10,15,10,5,LS_RP,sampled_pool,,,False,0.7222222222222222,0.5,0.5,0.1,fixed,remove_random_aisle,offspring,feasible_start_adaptive_spacing,,,,feasible_start_adaptive_spacing,0.5,,True,auto_from_instance,0.75,0.35,"4,7,9,14,15,17,25,27,29,37,39,41,43,47,49","11,16,17,19,21,23,25,26,27,30",,,,,,"H[4,7,9,14,15,17,25,27,29,37,39,41,43,47,49]|V[11,16,17,19,21,23,25,26,27,30]",660d9dab711cc8220a7c4152b9d81284ad744a59
proposed_nsga2_bs_Gyorgy-KOVACS_WH_Narrow_AW_4_seed_118,proposed_nsga2_bs,Gyorgy-KOVACS_WH_Narrow_AW_4,118,12,auto_from_instance,12,18,4,30,216,,,,,11,5,8,root > V:16 > BH:27 > BH:5 > BH:15 > BH:25 > BH:37 > BH:47 > BV:24,selected,1,inf,True,632,246,386,628.0,1.0,1.0,True,True,1,1,0,True,1,1,0,0,True,True,0,16,11,16,11,5,LS_RP,sampled_pool,,,False,0.7222222222222222,0.5,0.5,0.1,fixed,remove_random_aisle,offspring,feasible_start_adaptive_spacing,,,,feasible_start_adaptive_spacing,0.5,,True,auto_from_instance,0.75,0.35,"4,7,9,14,15,17,25,27,29,37,39,41,43,47,49","11,16,17,19,21,23,25,26,27,30",,,,,,"H[4,5,7,9,14,15,17,25,27,29,37,39,41,43,47,49]|V[11,16,17,19,21,23,24,25,26,27,30]",fe71932ea9ef92cbca4e0b578f20f6e88be50370
proposed_nsga2_bs_Gyorgy-KOVACS_WH_Narrow_AW_4_seed_118,proposed_nsga2_bs,Gyorgy-KOVACS_WH_Narrow_AW_4,118,12,auto_from_instance,12,18,4,30,216,,,,,12,5,8,root > V:16 > BH:27 > BH:49 > BH:39 > BH:29 > BH:17 > BH:7 > BV:24,selected,1,inf,True,632,246,386,628.0,1.0,1.0,True,True,1,1,0,True,1,1,0,0,True,True,0,15,11,15,11,5,LS_RP,sampled_pool,,,False,0.7222222222222222,0.5,0.5,0.1,fixed,remove_random_aisle,offspring,feasible_start_adaptive_spacing,,,,feasible_start_adaptive_spacing,0.5,,True,auto_from_instance,0.75,0.35,"4,7,9,14,15,17,25,27,29,37,39,41,43,47,49","11,16,17,19,21,23,25,26,27,30",,,,,,"H[4,7,9,14,15,17,25,27,29,37,39,41,43,47,49]|V[11,16,17,19,21,23,24,25,26,27,30]",9696e3fb0a981a3c866440c46c54987a8cf3ab94
proposed_nsga2_bs_Gyorgy-KOVACS_WH_Narrow_AW_4_seed_118,proposed_nsga2_bs,Gyorgy-KOVACS_WH_Narrow_AW_4,118,12,auto_from_instance,12,18,4,30,216,,,,,13,11,8,root > V:17 > BH:27 > BH:49 > BH:41 > BH:29 > BH:17 > BH:9 > BV:27,selected,1,3.0,True,640,243,397,493.0,1.0,1.0,True,True,1,1,0,True,1,1,0,0,True,True,0,18,13,18,13,11,PF_LS,sampled_pool,,,False,0.7222222222222222,0.5,0.5,0.1,fixed,break_symmetry,offspring,feasible_start_adaptive_spacing,,,,feasible_start_adaptive_spacing,0.5,,True,auto_from_instance,0.75,0.35,"4,7,9,14,15,16,25,26,27,29,37,39,41,43,47,49,52","2,4,9,16,17,18,20,21,22,23,26,27,34",,,,,,"H[4,7,9,14,15,16,17,25,26,27,29,37,39,41,43,47,49,52]|V[2,4,9,16,17,18,20,21,22,23,26,27,34]",6b741b69cafdf845076912c9118d6404ec3124cc
proposed_nsga2_bs_Gyorgy-KOVACS_WH_Narrow_AW_4_seed_118,proposed_nsga2_bs,Gyorgy-KOVACS_WH_Narrow_AW_4,118,12,auto_from_instance,12,18,4,30,216,,,,,14,11,8,root > V:17 > BH:27 > BH:49 > BH:39 > BH:29 > BH:17 > BH:9 > BV:27,selected,0,inf,True,640,243,397,467.0,1.0,1.0,True,True,1,1,0,True,1,1,0,0,True,True,0,18,13,18,13,11,PF_LS,sampled_pool,,,False,0.7222222222222222,0.5,0.5,0.1,fixed,break_symmetry,offspring,feasible_start_adaptive_spacing,,,,feasible_start_adaptive_spacing,0.5,,True,auto_from_instance,0.75,0.35,"4,7,9,14,15,16,25,26,27,29,37,39,41,43,47,49,52","2,4,9,16,17,18,20,21,22,23,26,27,34",,,,,,"H[4,7,9,14,15,16,17,25,26,27,29,37,39,41,43,47,49,52]|V[2,4,9,16,17,18,20,21,22,23,26,27,34]",c31e5af53b1ab973249c91c35b02a53fe27d43b5
proposed_nsga2_bs_Gyorgy-KOVACS_WH_Narrow_AW_4_seed_118,proposed_nsga2_bs,Gyorgy-KOVACS_WH_Narrow_AW_4,118,12,auto_from_instance,12,18,4,30,216,,,,,15,11,8,root > V:17 > BH:27 > BH:49 > BH:41 > BH:29 > BH:17 > BH:9 > BV:25,evaluated,3,inf,False,640,243,397,565.0,1.0,1.0,True,True,1,1,0,True,1,1,0,0,True,True,0,18,14,18,14,11,PF_LS,sampled_pool,,,False,0.7222222222222222,0.5,0.5,0.1,fixed,break_symmetry,offspring,feasible_start_adaptive_spacing,,,,feasible_start_adaptive_spacing,0.5,,True,auto_from_instance,0.75,0.35,"4,7,9,14,15,16,25,26,27,29,37,39,41,43,47,49,52","2,4,9,16,17,18,20,21,22,23,26,27,34",,,,,,"H[4,7,9,14,15,16,17,25,26,27,29,37,39,41,43,47,49,52]|V[2,4,9,16,17,18,20,21,22,23,25,26,27,34]",39a901559adc49da187861c456901969a94fbc3c
proposed_nsga2_bs_Gyorgy-KOVACS_WH_Narrow_AW_4_seed_118,proposed_nsga2_bs,Gyorgy-KOVACS_WH_Narrow_AW_4,118,12,auto_from_instance,12,18,4,30,216,,,,,16,11,8,root > V:17 > BH:27 > BH:49 > BH:39 > BH:29 > BH:17 > BH:9 > BV:25,evaluated,2,inf,False,640,243,397,539.0,1.0,1.0,True,True,1,1,0,True,1,1,0,0,True,True,0,18,14,18,14,11,PF_LS,sampled_pool,,,False,0.7222222222222222,0.5,0.5,0.1,fixed,break_symmetry,offspring,feasible_start_adaptive_spacing,,,,feasible_start_adaptive_spacing,0.5,,True,auto_from_instance,0.75,0.35,"4,7,9,14,15,16,25,26,27,29,37,39,41,43,47,49,52","2,4,9,16,17,18,20,21,22,23,26,27,34",,,,,,"H[4,7,9,14,15,16,17,25,26,27,29,37,39,41,43,47,49,52]|V[2,4,9,16,17,18,20,21,22,23,25,26,27,34]",4fcb480805af1c3aff3bd464c714a0dc9bc119e4
proposed_nsga2_bs_Gyorgy-KOVACS_WH_Narrow_AW_4_seed_118,proposed_nsga2_bs,Gyorgy-KOVACS_WH_Narrow_AW_4,118,13,auto_from_instance,12,18,4,30,216,,,,,1,1,8,root > V:17 > BH:27 > BH:5 > BH:15 > BH:25 > BH:37 > BH:47 > BV:27,selected,1,inf,True,648,237,411,490.0,1.0,1.0,True,True,1,1,0,True,1,1,0,0,True,True,0,17,13,17,13,1,LS_RP,sampled_pool,,,False,0.7777777777777778,0.5,0.5,0.1,fixed,bit_flip,offspring,feasible_start_adaptive_spacing,,,,feasible_start_adaptive_spacing,0.5,,True,auto_from_instance,0.75,0.35,"4,7,9,14,15,17,25,27,29,34,37,41,43,47,49,52","2,4,9,16,17,18,20,21,22,23,26,27,34",,,,,,"H[4,5,7,9,14,15,17,25,27,29,34,37,41,43,47,49,52]|V[2,4,9,16,17,18,20,21,22,23,26,27,34]",3ab80a1d8e68880e815ad780c83cfc2449e7f93f
proposed_nsga2_bs_Gyorgy-KOVACS_WH_Narrow_AW_4_seed_118,proposed_nsga2_bs,Gyorgy-KOVACS_WH_Narrow_AW_4,118,13,auto_from_instance,12,18,4,30,216,,,,,2,1,8,root > V:17 > BH:27 > BH:49 > BH:39 > BH:29 > BH:17 > BH:7 > BV:27,selected,1,inf,True,648,237,411,490.0,1.0,1.0,True,True,1,1,0,True,1,1,0,0,True,True,0,17,13,17,13,1,LS_RP,sampled_pool,,,False,0.7777777777777778,0.5,0.5,0.1,fixed,bit_flip,offspring,feasible_start_adaptive_spacing,,,,feasible_start_adaptive_spacing,0.5,,True,auto_from_instance,0.75,0.35,"4,7,9,14,15,17,25,27,29,34,37,41,43,47,49,52","2,4,9,16,17,18,20,21,22,23,26,27,34",,,,,,"H[4,7,9,14,15,17,25,27,29,34,37,39,41,43,47,49,52]|V[2,4,9,16,17,18,20,21,22,23,26,27,34]",451b31cd7494c0e29ac39737991e84853f054397
proposed_nsga2_bs_Gyorgy-KOVACS_WH_Narrow_AW_4_seed_118,proposed_nsga2_bs,Gyorgy-KOVACS_WH_Narrow_AW_4,118,13,auto_from_instance,12,18,4,30,216,,,,,3,1,8,root > V:17 > BH:27 > BH:5 > BH:15 > BH:25 > BH:37 > BH:47 > BV:25,evaluated,3,inf,False,648,237,411,544.0,1.0,1.0,True,True,1,1,0,True,1,1,0,0,True,True,0,17,14,17,14,1,LS_RP,sampled_pool,,,False,0.7777777777777778,0.5,0.5,0.1,fixed,bit_flip,offspring,feasible_start_adaptive_spacing,,,,feasible_start_adaptive_spacing,0.5,,True,auto_from_instance,0.75,0.35,"4,7,9,14,15,17,25,27,29,34,37,41,43,47,49,52","2,4,9,16,17,18,20,21,22,23,26,27,34",,,,,,"H[4,5,7,9,14,15,17,25,27,29,34,37,41,43,47,49,52]|V[2,4,9,16,17,18,20,21,22,23,25,26,27,34]",24e93b3467ee5334276be59c5b6e878bb2e06a66
proposed_nsga2_bs_Gyorgy-KOVACS_WH_Narrow_AW_4_seed_118,proposed_nsga2_bs,Gyorgy-KOVACS_WH_Narrow_AW_4,118,13,auto_from_instance,12,18,4,30,216,,,,,4,1,8,root > V:17 > BH:27 > BH:49 > BH:39 > BH:29 > BH:17 > BH:7 > BV:25,evaluated,3,inf,False,648,237,411,544.0,1.0,1.0,True,True,1,1,0,True,1,1,0,0,True,True,0,17,14,17,14,1,LS_RP,sampled_pool,,,False,0.7777777777777778,0.5,0.5,0.1,fixed,bit_flip,offspring,feasible_start_adaptive_spacing,,,,feasible_start_adaptive_spacing,0.5,,True,auto_from_instance,0.75,0.35,"4,7,9,14,15,17,25,27,29,34,37,41,43,47,49,52","2,4,9,16,17,18,20,21,22,23,26,27,34",,,,,,"H[4,7,9,14,15,17,25,27,29,34,37,39,41,43,47,49,52]|V[2,4,9,16,17,18,20,21,22,23,25,26,27,34]",19631d63ec0204b55a5a6d539d26aaf84a80581d
proposed_nsga2_bs_Gyorgy-KOVACS_WH_Narrow_AW_4_seed_118,proposed_nsga2_bs,Gyorgy-KOVACS_WH_Narrow_AW_4,118,13,auto_from_instance,12,18,4,30,216,,,,,5,3,8,root > V:16 > BH:27 > BH:5 > BH:15 > BH:25 > BH:37 > BH:47 > BV:26,selected,1,1.5506410256410255,True,632,246,386,550.0,1.0,1.0,True,True,1,1,0,True,1,1,0,0,True,True,0,16,11,16,11,3,LS_SS,sampled_pool,,,True,0.7777777777777778,0.5,0.5,0.1,fixed,bit_flip,offspring,feasible_start_adaptive_spacing,,,,feasible_start_adaptive_spacing,0.5,,True,auto_from_instance,0.75,0.35,"4,7,9,14,15,17,25,27,29,37,39,41,43,47,49","11,16,17,19,21,23,24,25,26,27,30",,,,,,"H[4,5,7,9,14,15,17,25,27,29,37,39,41,43,47,49]|V[11,16,17,19,21,23,24,25,26,27,30]",08ee812bc396556b6550be0bd82f9266dcd2fe55
proposed_nsga2_bs_Gyorgy-KOVACS_WH_Narrow_AW_4_seed_118,proposed_nsga2_bs,Gyorgy-KOVACS_WH_Narrow_AW_4,118,13,auto_from_instance,12,18,4,30,216,,,,,6,3,8,root > V:16 > BH:27 > BH:49 > BH:39 > BH:29 > BH:17 > BH:7 > BV:26,selected,1,0.6487179487179486,True,632,246,386,550.0,1.0,1.0,True,True,1,1,0,True,1,1,0,0,True,True,0,15,11,15,11,3,LS_SS,sampled_pool,,,True,0.7777777777777778,0.5,0.5,0.1,fixed,bit_flip,offspring,feasible_start_adaptive_spacing,,,,feasible_start_adaptive_spacing,0.5,,True,auto_from_instance,0.75,0.35,"4,7,9,14,15,17,25,27,29,37,39,41,43,47,49","11,16,17,19,21,23,24,25,26,27,30",,,,,,"H[4,7,9,14,15,17,25,27,29,37,39,41,43,47,49]|V[11,16,17,19,21,23,24,25,26,27,30]",660d9dab711cc8220a7c4152b9d81284ad744a59
proposed_nsga2_bs_Gyorgy-KOVACS_WH_Narrow_AW_4_seed_118,proposed_nsga2_bs,Gyorgy-KOVACS_WH_Narrow_AW_4,118,13,auto_from_instance,12,18,4,30,216,,,,,7,3,8,root > V:16 > BH:27 > BH:5 > BH:15 > BH:25 > BH:37 > BH:47 > BV:24,evaluated,2,2.125656565656566,False,632,246,386,628.0,1.0,1.0,True,True,1,1,0,True,1,1,0,0,True,True,0,16,11,16,11,3,LS_SS,sampled_pool,,,True,0.7777777777777778,0.5,0.5,0.1,fixed,bit_flip,offspring,feasible_start_adaptive_spacing,,,,feasible_start_adaptive_spacing,0.5,,True,auto_from_instance,0.75,0.35,"4,7,9,14,15,17,25,27,29,37,39,41,43,47,49","11,16,17,19,21,23,24,25,26,27,30",,,,,,"H[4,5,7,9,14,15,17,25,27,29,37,39,41,43,47,49]|V[11,16,17,19,21,23,24,25,26,27,30]",fe71932ea9ef92cbca4e0b578f20f6e88be50370
proposed_nsga2_bs_Gyorgy-KOVACS_WH_Narrow_AW_4_seed_118,proposed_nsga2_bs,Gyorgy-KOVACS_WH_Narrow_AW_4,118,13,auto_from_instance,12,18,4,30,216,,,,,8,3,8,root > V:16 > BH:27 > BH:49 > BH:39 > BH:29 > BH:17 > BH:7 > BV:24,evaluated,2,0.8743434343434344,False,632,246,386,628.0,1.0,1.0,True,True,1,1,0,True,1,1,0,0,True,True,0,15,11,15,11,3,LS_SS,sampled_pool,,,True,0.7777777777777778,0.5,0.5,0.1,fixed,bit_flip,offspring,feasible_start_adaptive_spacing,,,,feasible_start_adaptive_spacing,0.5,,True,auto_from_instance,0.75,0.35,"4,7,9,14,15,17,25,27,29,37,39,41,43,47,49","11,16,17,19,21,23,24,25,26,27,30",,,,,,"H[4,7,9,14,15,17,25,27,29,37,39,41,43,47,49]|V[11,16,17,19,21,23,24,25,26,27,30]",9696e3fb0a981a3c866440c46c54987a8cf3ab94
proposed_nsga2_bs_Gyorgy-KOVACS_WH_Narrow_AW_4_seed_118,proposed_nsga2_bs,Gyorgy-KOVACS_WH_Narrow_AW_4,118,13,auto_from_instance,12,18,4,30,216,,,,,9,4,4,root > V:27 > BH:27 > BV:19 > BV:19,selected,0,inf,True,684,260,424,484.0,1.0,1.0,True,True,1,1,0,True,1,1,0,0,True,True,0,15,11,15,11,4,RP,sampled_pool,,,False,0.7777777777777778,0.5,0.5,0.1,fixed,bit_flip,offspring,feasible_start_adaptive_spacing,,,,feasible_start_adaptive_spacing,0.5,,True,auto_from_instance,0.75,0.35,"4,7,9,14,15,17,25,27,29,37,39,41,43,47,49","5,11,16,17,19,21,23,25,26,27,30",,,,,,"H[4,7,9,14,15,17,25,27,29,37,39,41,43,47,49]|V[5,11,16,17,19,21,23,25,26,27,30]",9baad5a6d6d08df213ec54891109e23b1069a9a5
proposed_nsga2_bs_Gyorgy-KOVACS_WH_Narrow_AW_4_seed_118,proposed_nsga2_bs,Gyorgy-KOVACS_WH_Narrow_AW_4,118,13,auto_from_instance,12,18,4,30,216,,,,,10,4,4,root > V:27 > BH:27 > BV:17 > BV:19,selected,0,0.0,True,684,260,424,484.0,1.0,1.0,True,True,1,1,0,True,1,1,0,0,True,True,0,15,11,15,11,4,RP,sampled_pool,,,False,0.7777777777777778,0.5,0.5,0.1,fixed,bit_flip,offspring,feasible_start_adaptive_spacing,,,,feasible_start_adaptive_spacing,0.5,,True,auto_from_instance,0.75,0.35,"4,7,9,14,15,17,25,27,29,37,39,41,43,47,49","5,11,16,17,19,21,23,25,26,27,30",,,,,,"H[4,7,9,14,15,17,25,27,29,37,39,41,43,47,49]|V[5,11,16,17,19,21,23,25,26,27,30]",7ea492661f4a7d780540a41c5bfc758906148e19
proposed_nsga2_bs_Gyorgy-KOVACS_WH_Narrow_AW_4_seed_118,proposed_nsga2_bs,Gyorgy-KOVACS_WH_Narrow_AW_4,118,13,auto_from_instance,12,18,4,30,216,,,,,11,4,4,root > V:27 > BH:27 > BV:19 > BV:17,selected,0,0.0,True,684,260,424,484.0,1.0,1.0,True,True,1,1,0,True,1,1,0,0,True,True,0,15,11,15,11,4,RP,sampled_pool,,,False,0.7777777777777778,0.5,0.5,0.1,fixed,bit_flip,offspring,feasible_start_adaptive_spacing,,,,feasible_start_adaptive_spacing,0.5,,True,auto_from_instance,0.75,0.35,"4,7,9,14,15,17,25,27,29,37,39,41,43,47,49","5,11,16,17,19,21,23,25,26,27,30",,,,,,"H[4,7,9,14,15,17,25,27,29,37,39,41,43,47,49]|V[5,11,16,17,19,21,23,25,26,27,30]",59c55a28d53f47701301421f850890ad1de7d63b
proposed_nsga2_bs_Gyorgy-KOVACS_WH_Narrow_AW_4_seed_118,proposed_nsga2_bs,Gyorgy-KOVACS_WH_Narrow_AW_4,118,13,auto_from_instance,12,18,4,30,216,,,,,12,4,4,root > V:27 > BH:27 > BV:17 > BV:17,selected,0,inf,True,684,260,424,484.0,1.0,1.0,True,True,1,1,0,True,1,1,0,0,True,True,0,15,11,15,11,4,RP,sampled_pool,,,False,0.7777777777777778,0.5,0.5,0.1,fixed,bit_flip,offspring,feasible_start_adaptive_spacing,,,,feasible_start_adaptive_spacing,0.5,,True,auto_from_instance,0.75,0.35,"4,7,9,14,15,17,25,27,29,37,39,41,43,47,49","5,11,16,17,19,21,23,25,26,27,30",,,,,,"H[4,7,9,14,15,17,25,27,29,37,39,41,43,47,49]|V[5,11,16,17,19,21,23,25,26,27,30]",6732d5258a9313035bead181283e041def90bbb2
proposed_nsga2_bs_Gyorgy-KOVACS_WH_Narrow_AW_4_seed_118,proposed_nsga2_bs,Gyorgy-KOVACS_WH_Narrow_AW_4,118,13,auto_from_instance,12,18,4,30,216,,,,,13,6,8,root > V:17 > BH:27 > BH:49 > BH:41 > BH:29 > BH:17 > BH:9 > BV:27,selected,1,2.0743589743589745,True,640,243,397,493.0,1.0,1.0,True,True,1,1,0,True,1,1,0,0,True,True,0,18,12,18,12,6,LS_PF,sampled_pool,,,False,0.7777777777777778,0.5,0.5,0.1,fixed,spacing_aware_flip,offspring,feasible_start_adaptive_spacing,,,,feasible_start_adaptive_spacing,0.5,,True,auto_from_instance,0.75,0.35,"4,7,9,14,15,17,21,25,27,29,37,39,41,43,47,49,52,54","10,11,16,17,18,20,21,22,23,26,27,30",,,,,,"H[4,7,9,14,15,17,21,25,27,29,37,39,41,43,47,49,52,54]|V[10,11,16,17,18,20,21,22,23,26,27,30]",6b741b69cafdf845076912c9118d6404ec3124cc
proposed_nsga2_bs_Gyorgy-KOVACS_WH_Narrow_AW_4_seed_118,proposed_nsga2_bs,Gyorgy-KOVACS_WH_Narrow_AW_4,118,13,auto_from_instance,12,18,4,30,216,,,,,14,6,8,root > V:17 > BH:27 > BH:49 > BH:39 > BH:29 > BH:17 > BH:9 > BV:27,selected,0,inf,True,640,243,397,467.0,1.0,1.0,True,True,1,1,0,True,1,1,0,0,True,True,0,18,12,18,12,6,LS_PF,sampled_pool,,,False,0.7777777777777778,0.5,0.5,0.1,fixed,spacing_aware_flip,offspring,feasible_start_adaptive_spacing,,,,feasible_start_adaptive_spacing,0.5,,True,auto_from_instance,0.75,0.35,"4,7,9,14,15,17,21,25,27,29,37,39,41,43,47,49,52,54","10,11,16,17,18,20,21,22,23,26,27,30",,,,,,"H[4,7,9,14,15,17,21,25,27,29,37,39,41,43,47,49,52,54]|V[10,11,16,17,18,20,21,22,23,26,27,30]",c31e5af53b1ab973249c91c35b02a53fe27d43b5
proposed_nsga2_bs_Gyorgy-KOVACS_WH_Narrow_AW_4_seed_118,proposed_nsga2_bs,Gyorgy-KOVACS_WH_Narrow_AW_4,118,13,auto_from_instance,12,18,4,30,216,,,,,15,6,8,root > V:17 > BH:27 > BH:49 > BH:41 > BH:29 > BH:17 > BH:9 > BV:25,evaluated,3,3.0,False,640,243,397,565.0,1.0,1.0,True,True,1,1,0,True,1,1,0,0,True,True,0,18,13,18,13,6,LS_PF,sampled_pool,,,False,0.7777777777777778,0.5,0.5,0.1,fixed,spacing_aware_flip,offspring,feasible_start_adaptive_spacing,,,,feasible_start_adaptive_spacing,0.5,,True,auto_from_instance,0.75,0.35,"4,7,9,14,15,17,21,25,27,29,37,39,41,43,47,49,52,54","10,11,16,17,18,20,21,22,23,26,27,30",,,,,,"H[4,7,9,14,15,17,21,25,27,29,37,39,41,43,47,49,52,54]|V[10,11,16,17,18,20,21,22,23,25,26,27,30]",39a901559adc49da187861c456901969a94fbc3c
proposed_nsga2_bs_Gyorgy-KOVACS_WH_Narrow_AW_4_seed_118,proposed_nsga2_bs,Gyorgy-KOVACS_WH_Narrow_AW_4,118,13,auto_from_instance,12,18,4,30,216,,,,,16,6,8,root > V:17 > BH:27 > BH:49 > BH:39 > BH:29 > BH:17 > BH:9 > BV:25,evaluated,2,inf,False,640,243,397,539.0,1.0,1.0,True,True,1,1,0,True,1,1,0,0,True,True,0,18,13,18,13,6,LS_PF,sampled_pool,,,False,0.7777777777777778,0.5,0.5,0.1,fixed,spacing_aware_flip,offspring,feasible_start_adaptive_spacing,,,,feasible_start_adaptive_spacing,0.5,,True,auto_from_instance,0.75,0.35,"4,7,9,14,15,17,21,25,27,29,37,39,41,43,47,49,52,54","10,11,16,17,18,20,21,22,23,26,27,30",,,,,,"H[4,7,9,14,15,17,21,25,27,29,37,39,41,43,47,49,52,54]|V[10,11,16,17,18,20,21,22,23,25,26,27,30]",4fcb480805af1c3aff3bd464c714a0dc9bc119e4
proposed_nsga2_bs_Gyorgy-KOVACS_WH_Narrow_AW_4_seed_118,proposed_nsga2_bs,Gyorgy-KOVACS_WH_Narrow_AW_4,118,13,auto_from_instance,12,18,4,30,216,,,,,17,7,8,root > V:18 > BH:27 > BH:5 > BH:15 > BH:25 > BH:37 > BH:47 > BV:26,evaluated,5,inf,False,664,228,436,628.0,1.0,1.0,True,True,1,1,0,True,1,1,0,0,True,True,0,17,13,17,13,7,LS_SS,sampled_pool,,,True,0.7777777777777778,0.5,0.5,0.1,fixed,bit_flip,offspring,feasible_start_adaptive_spacing,,,,feasible_start_adaptive_spacing,0.5,,True,auto_from_instance,0.75,0.35,"4,7,9,11,14,15,17,25,27,29,37,41,43,47,49,54","10,11,16,17,18,19,20,21,22,23,26,27,30",,,,,,"H[4,5,7,9,11,14,15,17,25,27,29,37,41,43,47,49,54]|V[10,11,16,17,18,19,20,21,22,23,26,27,30]",1938da0c4eeab540eb2932ce4328db82029254cb
proposed_nsga2_bs_Gyorgy-KOVACS_WH_Narrow_AW_4_seed_118,proposed_nsga2_bs,Gyorgy-KOVACS_WH_Narrow_AW_4,118,13,auto_from_instance,12,18,4,30,216,,,,,18,7,8,root > V:18 > BH:27 > BH:49 > BH:39 > BH:29 > BH:17 > BH:7 > BV:26,evaluated,5,inf,False,664,228,436,628.0,1.0,1.0,True,True,1,1,0,True,1,1,0,0,True,True,0,17,13,17,13,7,LS_SS,sampled_pool,,,True,0.7777777777777778,0.5,0.5,0.1,fixed,bit_flip,offspring,feasible_start_adaptive_spacing,,,,feasible_start_adaptive_spacing,0.5,,True,auto_from_instance,0.75,0.35,"4,7,9,11,14,15,17,25,27,29,37,41,43,47,49,54","10,11,16,17,18,19,20,21,22,23,26,27,30",,,,,,"H[4,7,9,11,14,15,17,25,27,29,37,39,41,43,47,49,54]|V[10,11,16,17,18,19,20,21,22,23,26,27,30]",ca27fa34dbaffc306858313d4e346923ac553274
proposed_nsga2_bs_Gyorgy-KOVACS_WH_Narrow_AW_4_seed_118,proposed_nsga2_bs,Gyorgy-KOVACS_WH_Narrow_AW_4,118,13,auto_from_instance,12,18,4,30,216,,,,,19,7,8,root > V:18 > BH:27 > BH:5 > BH:15 > BH:25 > BH:37 > BH:47 > BV:30,evaluated,7,inf,False,664,218,446,768.0,1.0,1.0,True,True,1,1,0,True,1,1,0,0,True,True,0,17,13,17,13,7,LS_SS,sampled_pool,,,True,0.7777777777777778,0.5,0.5,0.1,fixed,bit_flip,offspring,feasible_start_adaptive_spacing,,,,feasible_start_adaptive_spacing,0.5,,True,auto_from_instance,0.75,0.35,"4,7,9,11,14,15,17,25,27,29,37,41,43,47,49,54","10,11,16,17,18,19,20,21,22,23,26,27,30",,,,,,"H[4,5,7,9,11,14,15,17,25,27,29,37,41,43,47,49,54]|V[10,11,16,17,18,19,20,21,22,23,26,27,30]",2d76234bebc6b4bba430e32996fc38cedfb52741
proposed_nsga2_bs_Gyorgy-KOVACS_WH_Narrow_AW_4_seed_118,proposed_nsga2_bs,Gyorgy-KOVACS_WH_Narrow_AW_4,118,13,auto_from_instance,12,18,4,30,216,,,,,20,7,8,root > V:18 > BH:27 > BH:49 > BH:39 > BH:29 > BH:17 > BH:7 > BV:30,evaluated,7,inf,False,664,218,446,768.0,1.0,1.0,True,True,1,1,0,True,1,1,0,0,True,True,0,17,13,17,13,7,LS_SS,sampled_pool,,,True,0.7777777777777778,0.5,0.5,0.1,fixed,bit_flip,offspring,feasible_start_adaptive_spacing,,,,feasible_start_adaptive_spacing,0.5,,True,auto_from_instance,0.75,0.35,"4,7,9,11,14,15,17,25,27,29,37,41,43,47,49,54","10,11,16,17,18,19,20,21,22,23,26,27,30",,,,,,"H[4,7,9,11,14,15,17,25,27,29,37,39,41,43,47,49,54]|V[10,11,16,17,18,19,20,21,22,23,26,27,30]",194790e90d8eea3e2ac59491345ee26809534fa0
proposed_nsga2_bs_Gyorgy-KOVACS_WH_Narrow_AW_4_seed_118,proposed_nsga2_bs,Gyorgy-KOVACS_WH_Narrow_AW_4,118,13,auto_from_instance,12,18,4,30,216,,,,,21,10,8,root > V:18 > BH:27 > BH:49 > BH:41 > BH:29 > BH:17 > BH:9 > BV:26,evaluated,5,inf,False,656,234,422,636.0,1.0,1.0,True,True,1,1,0,True,1,1,0,0,True,True,0,15,14,15,14,10,PF,sampled_pool,,,False,0.7777777777777778,0.5,0.5,0.1,fixed,bit_flip,offspring,feasible_start_adaptive_spacing,,,,feasible_start_adaptive_spacing,0.5,,True,auto_from_instance,0.75,0.35,"4,7,9,14,15,17,25,27,29,37,41,43,47,49,54","8,10,11,16,17,18,19,20,21,22,23,26,27,30",,,,,,"H[4,7,9,14,15,17,25,27,29,37,41,43,47,49,54]|V[8,10,11,16,17,18,19,20,21,22,23,26,27,30]",0d2a6b6ca811367d7afa4faa78fe2340635cf848
proposed_nsga2_bs_Gyorgy-KOVACS_WH_Narrow_AW_4_seed_118,proposed_nsga2_bs,Gyorgy-KOVACS_WH_Narrow_AW_4,118,13,auto_from_instance,12,18,4,30,216,,,,,22,10,8,root > V:18 > BH:27 > BH:49 > BH:39 > BH:29 > BH:17 > BH:9 > BV:26,evaluated,4,inf,False,656,234,422,612.0,1.0,1.0,True,True,1,1,0,True,1,1,0,0,True,True,0,16,14,16,14,10,PF,sampled_pool,,,False,0.7777777777777778,0.5,0.5,0.1,fixed,bit_flip,offspring,feasible_start_adaptive_spacing,,,,feasible_start_adaptive_spacing,0.5,,True,auto_from_instance,0.75,0.35,"4,7,9,14,15,17,25,27,29,37,41,43,47,49,54","8,10,11,16,17,18,19,20,21,22,23,26,27,30",,,,,,"H[4,7,9,14,15,17,25,27,29,37,39,41,43,47,49,54]|V[8,10,11,16,17,18,19,20,21,22,23,26,27,30]",a6d8c367a0984ed18a8f66198f41e31df0ed7c56
proposed_nsga2_bs_Gyorgy-KOVACS_WH_Narrow_AW_4_seed_118,proposed_nsga2_bs,Gyorgy-KOVACS_WH_Narrow_AW_4,118,13,auto_from_instance,12,18,4,30,216,,,,,23,10,8,root > V:18 > BH:27 > BH:49 > BH:41 > BH:29 > BH:17 > BH:7 > BV:26,evaluated,6,inf,False,664,228,436,652.0,1.0,1.0,True,True,1,1,0,True,1,1,0,0,True,True,0,15,14,15,14,10,PF,sampled_pool,,,False,0.7777777777777778,0.5,0.5,0.1,fixed,bit_flip,offspring,feasible_start_adaptive_spacing,,,,feasible_start_adaptive_spacing,0.5,,True,auto_from_instance,0.75,0.35,"4,7,9,14,15,17,25,27,29,37,41,43,47,49,54","8,10,11,16,17,18,19,20,21,22,23,26,27,30",,,,,,"H[4,7,9,14,15,17,25,27,29,37,41,43,47,49,54]|V[8,10,11,16,17,18,19,20,21,22,23,26,27,30]",abbfeeb1d9281f155a3749ce01f103e26bf8aadd
proposed_nsga2_bs_Gyorgy-KOVACS_WH_Narrow_AW_4_seed_118,proposed_nsga2_bs,Gyorgy-KOVACS_WH_Narrow_AW_4,118,13,auto_from_instance,12,18,4,30,216,,,,,24,12,8,root > V:16 > BH:27 > BH:49 > BH:41 > BH:29 > BH:17 > BH:9 > BV:26,selected,1,inf,True,624,252,372,562.0,1.0,1.0,True,True,1,1,0,True,1,1,0,0,True,True,0,15,11,15,11,12,PF,sampled_pool,,,False,0.7777777777777778,0.5,0.5,0.1,fixed,spacing_aware_flip,offspring,feasible_start_adaptive_spacing,,,,feasible_start_adaptive_spacing,0.5,,True,auto_from_instance,0.75,0.35,"4,7,9,14,15,17,25,27,29,37,41,43,47,49,54","6,11,16,17,19,21,23,25,26,27,30",,,,,,"H[4,7,9,14,15,17,25,27,29,37,41,43,47,49,54]|V[6,11,16,17,19,21,23,25,26,27,30]",8498d8f1059034f9f144b058e7e18d5585555d05
proposed_nsga2_bs_Gyorgy-KOVACS_WH_Narrow_AW_4_seed_118,proposed_nsga2_bs,Gyorgy-KOVACS_WH_Narrow_AW_4,118,13,auto_from_instance,12,18,4,30,216,,,,,25,12,8,root > V:16 > BH:27 > BH:49 > BH:39 > BH:29 > BH:17 > BH:9 > BV:26,selected,0,inf,True,624,252,372,534.0,1.0,1.0,True,True,1,1,0,True,1,1,0,0,True,True,0,16,11,16,11,12,PF,sampled_pool,,,False,0.7777777777777778,0.5,0.5,0.1,fixed,spacing_aware_flip,offspring,feasible_start_adaptive_spacing,,,,feasible_start_adaptive_spacing,0.5,,True,auto_from_instance,0.75,0.35,"4,7,9,14,15,17,25,27,29,37,41,43,47,49,54","6,11,16,17,19,21,23,25,26,27,30",,,,,,"H[4,7,9,14,15,17,25,27,29,37,39,41,43,47,49,54]|V[6,11,16,17,19,21,23,25,26,27,30]",04b9835ae17dcf7a9c8af907330db39e1d2fb2b9
proposed_nsga2_bs_Gyorgy-KOVACS_WH_Narrow_AW_4_seed_118,proposed_nsga2_bs,Gyorgy-KOVACS_WH_Narrow_AW_4,118,13,auto_from_instance,12,18,4,30,216,,,,,26,12,8,root > V:16 > BH:27 > BH:49 > BH:41 > BH:29 > BH:17 > BH:9 > BV:24,evaluated,3,inf,False,624,252,372,666.0,1.0,1.0,True,True,1,1,0,True,1,1,0,0,True,True,0,15,12,15,12,12,PF,sampled_pool,,,False,0.7777777777777778,0.5,0.5,0.1,fixed,spacing_aware_flip,offspring,feasible_start_adaptive_spacing,,,,feasible_start_adaptive_spacing,0.5,,True,auto_from_instance,0.75,0.35,"4,7,9,14,15,17,25,27,29,37,41,43,47,49,54","6,11,16,17,19,21,23,25,26,27,30",,,,,,"H[4,7,9,14,15,17,25,27,29,37,41,43,47,49,54]|V[6,11,16,17,19,21,23,24,25,26,27,30]",b03a188135e15721b5fdacc1e2599f0e913cdfd0
proposed_nsga2_bs_Gyorgy-KOVACS_WH_Narrow_AW_4_seed_118,proposed_nsga2_bs,Gyorgy-KOVACS_WH_Narrow_AW_4,118,13,auto_from_instance,12,18,4,30,216,,,,,27,12,8,root > V:16 > BH:27 > BH:49 > BH:39 > BH:29 > BH:17 > BH:9 > BV:24,evaluated,2,inf,False,624,252,372,638.0,1.0,1.0,True,True,1,1,0,True,1,1,0,0,True,True,0,16,12,16,12,12,PF,sampled_pool,,,False,0.7777777777777778,0.5,0.5,0.1,fixed,spacing_aware_flip,offspring,feasible_start_adaptive_spacing,,,,feasible_start_adaptive_spacing,0.5,,True,auto_from_instance,0.75,0.35,"4,7,9,14,15,17,25,27,29,37,41,43,47,49,54","6,11,16,17,19,21,23,25,26,27,30",,,,,,"H[4,7,9,14,15,17,25,27,29,37,39,41,43,47,49,54]|V[6,11,16,17,19,21,23,24,25,26,27,30]",98cd3db7ad48726674c476a63fd54b9db772e099
proposed_nsga2_bs_Gyorgy-KOVACS_WH_Narrow_AW_4_seed_118,proposed_nsga2_bs,Gyorgy-KOVACS_WH_Narrow_AW_4,118,14,auto_from_instance,12,18,4,30,216,,,,,1,1,8,root > V:16 > BH:27 > BH:5 > BH:15 > BH:25 > BH:37 > BH:47 > BV:26,selected,1,inf,True,632,246,386,550.0,1.0,1.0,True,True,1,1,0,True,1,1,0,0,True,True,0,18,11,18,11,1,PF_LS_RP,sampled_pool,,,False,0.8333333333333334,0.5,0.5,0.1,fixed,spacing_aware_flip,offspring,feasible_start_adaptive_spacing,,,,feasible_start_adaptive_spacing,0.5,,True,auto_from_instance,0.75,0.35,"0,4,7,9,14,15,17,25,27,29,37,39,41,43,47,49,54","6,11,16,17,19,21,23,25,26,27,30",,,,,,"H[0,4,5,7,9,14,15,17,25,27,29,37,39,41,43,47,49,54]|V[6,11,16,17,19,21,23,25,26,27,30]",08ee812bc396556b6550be0bd82f9266dcd2fe55
proposed_nsga2_bs_Gyorgy-KOVACS_WH_Narrow_AW_4_seed_118,proposed_nsga2_bs,Gyorgy-KOVACS_WH_Narrow_AW_4,118,14,auto_from_instance,12,18,4,30,216,,,,,2,1,8,root > V:16 > BH:27 > BH:49 > BH:39 > BH:29 > BH:17 > BH:7 > BV:26,selected,1,inf,True,632,246,386,550.0,1.0,1.0,True,True,1,1,0,True,1,1,0,0,True,True,0,17,11,17,11,1,PF_LS_RP,sampled_pool,,,False,0.8333333333333334,0.5,0.5,0.1,fixed,spacing_aware_flip,offspring,feasible_start_adaptive_spacing,,,,feasible_start_adaptive_spacing,0.5,,True,auto_from_instance,0.75,0.35,"0,4,7,9,14,15,17,25,27,29,37,39,41,43,47,49,54","6,11,16,17,19,21,23,25,26,27,30",,,,,,"H[0,4,7,9,14,15,17,25,27,29,37,39,41,43,47,49,54]|V[6,11,16,17,19,21,23,25,26,27,30]",660d9dab711cc8220a7c4152b9d81284ad744a59
proposed_nsga2_bs_Gyorgy-KOVACS_WH_Narrow_AW_4_seed_118,proposed_nsga2_bs,Gyorgy-KOVACS_WH_Narrow_AW_4,118,14,auto_from_instance,12,18,4,30,216,,,,,3,1,8,root > V:16 > BH:27 > BH:5 > BH:15 > BH:25 > BH:37 > BH:47 > BV:24,selected,2,inf,True,632,246,386,628.0,1.0,1.0,True,True,1,1,0,True,1,1,0,0,True,True,0,18,12,18,12,1,PF_LS_RP,sampled_pool,,,False,0.8333333333333334,0.5,0.5,0.1,fixed,spacing_aware_flip,offspring,feasible_start_adaptive_spacing,,,,feasible_start_adaptive_spacing,0.5,,True,auto_from_instance,0.75,0.35,"0,4,7,9,14,15,17,25,27,29,37,39,41,43,47,49,54","6,11,16,17,19,21,23,25,26,27,30",,,,,,"H[0,4,5,7,9,14,15,17,25,27,29,37,39,41,43,47,49,54]|V[6,11,16,17,19,21,23,24,25,26,27,30]",fe71932ea9ef92cbca4e0b578f20f6e88be50370
proposed_nsga2_bs_Gyorgy-KOVACS_WH_Narrow_AW_4_seed_118,proposed_nsga2_bs,Gyorgy-KOVACS_WH_Narrow_AW_4,118,14,auto_from_instance,12,18,4,30,216,,,,,4,1,8,root > V:16 > BH:27 > BH:49 > BH:39 > BH:29 > BH:17 > BH:7 > BV:24,selected,2,inf,True,632,246,386,628.0,1.0,1.0,True,True,1,1,0,True,1,1,0,0,True,True,0,17,12,17,12,1,PF_LS_RP,sampled_pool,,,False,0.8333333333333334,0.5,0.5,0.1,fixed,spacing_aware_flip,offspring,feasible_start_adaptive_spacing,,,,feasible_start_adaptive_spacing,0.5,,True,auto_from_instance,0.75,0.35,"0,4,7,9,14,15,17,25,27,29,37,39,41,43,47,49,54","6,11,16,17,19,21,23,25,26,27,30",,,,,,"H[0,4,7,9,14,15,17,25,27,29,37,39,41,43,47,49,54]|V[6,11,16,17,19,21,23,24,25,26,27,30]",9696e3fb0a981a3c866440c46c54987a8cf3ab94
proposed_nsga2_bs_Gyorgy-KOVACS_WH_Narrow_AW_4_seed_118,proposed_nsga2_bs,Gyorgy-KOVACS_WH_Narrow_AW_4,118,14,auto_from_instance,12,18,4,30,216,,,,,5,3,4,root > V:27 > BH:27 > BV:19 > BV:19,selected,0,inf,True,684,260,424,484.0,1.0,1.0,True,True,1,1,0,True,1,1,0,0,True,True,0,17,11,17,11,3,SS_PF_LS,sampled_pool,,,True,0.8333333333333334,0.5,0.5,0.1,fixed,spacing_aware_flip,offspring,feasible_start_adaptive_spacing,,,,feasible_start_adaptive_spacing,0.5,,True,auto_from_instance,0.75,0.35,"4,7,9,14,15,17,25,27,29,37,39,41,43,47,49,52,54","4,11,16,17,19,21,23,25,26,27,30",,,,,,"H[4,7,9,14,15,17,25,27,29,37,39,41,43,47,49,52,54]|V[4,11,16,17,19,21,23,25,26,27,30]",9baad5a6d6d08df213ec54891109e23b1069a9a5
proposed_nsga2_bs_Gyorgy-KOVACS_WH_Narrow_AW_4_seed_118,proposed_nsga2_bs,Gyorgy-KOVACS_WH_Narrow_AW_4,118,14,auto_from_instance,12,18,4,30,216,,,,,6,3,4,root > V:27 > BH:27 > BV:17 > BV:19,selected,0,0.0,True,684,260,424,484.0,1.0,1.0,True,True,1,1,0,True,1,1,0,0,True,True,0,17,11,17,11,3,SS_PF_LS,sampled_pool,,,True,0.8333333333333334,0.5,0.5,0.1,fixed,spacing_aware_flip,offspring,feasible_start_adaptive_spacing,,,,feasible_start_adaptive_spacing,0.5,,True,auto_from_instance,0.75,0.35,"4,7,9,14,15,17,25,27,29,37,39,41,43,47,49,52,54","4,11,16,17,19,21,23,25,26,27,30",,,,,,"H[4,7,9,14,15,17,25,27,29,37,39,41,43,47,49,52,54]|V[4,11,16,17,19,21,23,25,26,27,30]",7ea492661f4a7d780540a41c5bfc758906148e19
proposed_nsga2_bs_Gyorgy-KOVACS_WH_Narrow_AW_4_seed_118,proposed_nsga2_bs,Gyorgy-KOVACS_WH_Narrow_AW_4,118,14,auto_from_instance,12,18,4,30,216,,,,,7,3,4,root > V:27 > BH:27 > BV:19 > BV:17,selected,0,0.0,True,684,260,424,484.0,1.0,1.0,True,True,1,1,0,True,1,1,0,0,True,True,0,17,11,17,11,3,SS_PF_LS,sampled_pool,,,True,0.8333333333333334,0.5,0.5,0.1,fixed,spacing_aware_flip,offspring,feasible_start_adaptive_spacing,,,,feasible_start_adaptive_spacing,0.5,,True,auto_from_instance,0.75,0.35,"4,7,9,14,15,17,25,27,29,37,39,41,43,47,49,52,54","4,11,16,17,19,21,23,25,26,27,30",,,,,,"H[4,7,9,14,15,17,25,27,29,37,39,41,43,47,49,52,54]|V[4,11,16,17,19,21,23,25,26,27,30]",59c55a28d53f47701301421f850890ad1de7d63b
proposed_nsga2_bs_Gyorgy-KOVACS_WH_Narrow_AW_4_seed_118,proposed_nsga2_bs,Gyorgy-KOVACS_WH_Narrow_AW_4,118,14,auto_from_instance,12,18,4,30,216,,,,,8,3,4,root > V:27 > BH:27 > BV:17 > BV:17,selected,0,inf,True,684,260,424,484.0,1.0,1.0,True,True,1,1,0,True,1,1,0,0,True,True,0,17,11,17,11,3,SS_PF_LS,sampled_pool,,,True,0.8333333333333334,0.5,0.5,0.1,fixed,spacing_aware_flip,offspring,feasible_start_adaptive_spacing,,,,feasible_start_adaptive_spacing,0.5,,True,auto_from_instance,0.75,0.35,"4,7,9,14,15,17,25,27,29,37,39,41,43,47,49,52,54","4,11,16,17,19,21,23,25,26,27,30",,,,,,"H[4,7,9,14,15,17,25,27,29,37,39,41,43,47,49,52,54]|V[4,11,16,17,19,21,23,25,26,27,30]",6732d5258a9313035bead181283e041def90bbb2
proposed_nsga2_bs_Gyorgy-KOVACS_WH_Narrow_AW_4_seed_118,proposed_nsga2_bs,Gyorgy-KOVACS_WH_Narrow_AW_4,118,14,auto_from_instance,12,18,4,30,216,,,,,9,5,8,root > V:16 > BH:27 > BH:49 > BH:41 > BH:29 > BH:17 > BH:9 > BV:26,selected,1,inf,True,624,252,372,562.0,1.0,1.0,True,True,1,1,0,True,1,1,0,0,True,True,0,15,13,15,13,5,PF_LS,sampled_pool,,,False,0.8333333333333334,0.5,0.5,0.1,fixed,spacing_aware_flip,offspring,feasible_start_adaptive_spacing,,,,feasible_start_adaptive_spacing,0.5,,True,auto_from_instance,0.75,0.35,"4,7,9,14,15,17,25,27,29,37,39,41,43,47,49","5,6,11,16,17,19,21,23,25,26,27,30,34",,,,,,"H[4,7,9,14,15,17,25,27,29,37,39,41,43,47,49]|V[5,6,11,16,17,19,21,23,25,26,27,30,34]",8498d8f1059034f9f144b058e7e18d5585555d05
proposed_nsga2_bs_Gyorgy-KOVACS_WH_Narrow_AW_4_seed_118,proposed_nsga2_bs,Gyorgy-KOVACS_WH_Narrow_AW_4,118,14,auto_from_instance,12,18,4,30,216,,,,,10,5,8,root > V:16 > BH:27 > BH:49 > BH:39 > BH:29 > BH:17 > BH:9 > BV:26,selected,0,inf,True,624,252,372,534.0,1.0,1.0,True,True,1,1,0,True,1,1,0,0,True,True,0,15,13,15,13,5,PF_LS,sampled_pool,,,False,0.8333333333333334,0.5,0.5,0.1,fixed,spacing_aware_flip,offspring,feasible_start_adaptive_spacing,,,,feasible_start_adaptive_spacing,0.5,,True,auto_from_instance,0.75,0.35,"4,7,9,14,15,17,25,27,29,37,39,41,43,47,49","5,6,11,16,17,19,21,23,25,26,27,30,34",,,,,,"H[4,7,9,14,15,17,25,27,29,37,39,41,43,47,49]|V[5,6,11,16,17,19,21,23,25,26,27,30,34]",04b9835ae17dcf7a9c8af907330db39e1d2fb2b9
proposed_nsga2_bs_Gyorgy-KOVACS_WH_Narrow_AW_4_seed_118,proposed_nsga2_bs,Gyorgy-KOVACS_WH_Narrow_AW_4,118,14,auto_from_instance,12,18,4,30,216,,,,,11,5,8,root > V:16 > BH:27 > BH:49 > BH:41 > BH:29 > BH:17 > BH:9 > BV:24,selected,3,inf,True,624,252,372,666.0,1.0,1.0,True,True,1,1,0,True,1,1,0,0,True,True,0,15,14,15,14,5,PF_LS,sampled_pool,,,False,0.8333333333333334,0.5,0.5,0.1,fixed,spacing_aware_flip,offspring,feasible_start_adaptive_spacing,,,,feasible_start_adaptive_spacing,0.5,,True,auto_from_instance,0.75,0.35,"4,7,9,14,15,17,25,27,29,37,39,41,43,47,49","5,6,11,16,17,19,21,23,25,26,27,30,34",,,,,,"H[4,7,9,14,15,17,25,27,29,37,39,41,43,47,49]|V[5,6,11,16,17,19,21,23,24,25,26,27,30,34]",b03a188135e15721b5fdacc1e2599f0e913cdfd0
proposed_nsga2_bs_Gyorgy-KOVACS_WH_Narrow_AW_4_seed_118,proposed_nsga2_bs,Gyorgy-KOVACS_WH_Narrow_AW_4,118,14,auto_from_instance,12,18,4,30,216,,,,,12,5,8,root > V:16 > BH:27 > BH:49 > BH:39 > BH:29 > BH:17 > BH:9 > BV:24,selected,2,inf,True,624,252,372,638.0,1.0,1.0,True,True,1,1,0,True,1,1,0,0,True,True,0,15,14,15,14,5,PF_LS,sampled_pool,,,False,0.8333333333333334,0.5,0.5,0.1,fixed,spacing_aware_flip,offspring,feasible_start_adaptive_spacing,,,,feasible_start_adaptive_spacing,0.5,,True,auto_from_instance,0.75,0.35,"4,7,9,14,15,17,25,27,29,37,39,41,43,47,49","5,6,11,16,17,19,21,23,25,26,27,30,34",,,,,,"H[4,7,9,14,15,17,25,27,29,37,39,41,43,47,49]|V[5,6,11,16,17,19,21,23,24,25,26,27,30,34]",98cd3db7ad48726674c476a63fd54b9db772e099
proposed_nsga2_bs_Gyorgy-KOVACS_WH_Narrow_AW_4_seed_118,proposed_nsga2_bs,Gyorgy-KOVACS_WH_Narrow_AW_4,118,15,auto_from_instance,12,18,4,30,216,,,,,1,1,8,root > V:16 > BH:27 > BH:5 > BH:15 > BH:25 > BH:37 > BH:47 > BV:26,selected,1,inf,True,632,246,386,550.0,1.0,1.0,True,True,1,1,0,True,1,1,0,0,True,True,0,19,13,19,13,1,PF_RP,sampled_pool,,,False,0.8888888888888888,0.5,0.5,0.1,fixed,insert_random_aisle,offspring,feasible_start_adaptive_spacing,,,,feasible_start_adaptive_spacing,0.5,,True,auto_from_instance,0.75,0.35,"0,4,7,9,14,15,17,25,27,29,37,39,41,43,47,49,52,54","4,6,11,16,17,19,21,23,25,26,27,30,34",,,,,,"H[0,4,5,7,9,14,15,17,25,27,29,37,39,41,43,47,49,52,54]|V[4,6,11,16,17,19,21,23,25,26,27,30,34]",08ee812bc396556b6550be0bd82f9266dcd2fe55
proposed_nsga2_bs_Gyorgy-KOVACS_WH_Narrow_AW_4_seed_118,proposed_nsga2_bs,Gyorgy-KOVACS_WH_Narrow_AW_4,118,15,auto_from_instance,12,18,4,30,216,,,,,2,1,8,root > V:16 > BH:27 > BH:49 > BH:39 > BH:29 > BH:17 > BH:7 > BV:26,selected,1,inf,True,632,246,386,550.0,1.0,1.0,True,True,1,1,0,True,1,1,0,0,True,True,0,18,13,18,13,1,PF_RP,sampled_pool,,,False,0.8888888888888888,0.5,0.5,0.1,fixed,insert_random_aisle,offspring,feasible_start_adaptive_spacing,,,,feasible_start_adaptive_spacing,0.5,,True,auto_from_instance,0.75,0.35,"0,4,7,9,14,15,17,25,27,29,37,39,41,43,47,49,52,54","4,6,11,16,17,19,21,23,25,26,27,30,34",,,,,,"H[0,4,7,9,14,15,17,25,27,29,37,39,41,43,47,49,52,54]|V[4,6,11,16,17,19,21,23,25,26,27,30,34]",660d9dab711cc8220a7c4152b9d81284ad744a59
proposed_nsga2_bs_Gyorgy-KOVACS_WH_Narrow_AW_4_seed_118,proposed_nsga2_bs,Gyorgy-KOVACS_WH_Narrow_AW_4,118,15,auto_from_instance,12,18,4,30,216,,,,,3,1,8,root > V:16 > BH:27 > BH:5 > BH:15 > BH:25 > BH:37 > BH:47 > BV:24,selected,2,inf,True,632,246,386,628.0,1.0,1.0,True,True,1,1,0,True,1,1,0,0,True,True,0,19,14,19,14,1,PF_RP,sampled_pool,,,False,0.8888888888888888,0.5,0.5,0.1,fixed,insert_random_aisle,offspring,feasible_start_adaptive_spacing,,,,feasible_start_adaptive_spacing,0.5,,True,auto_from_instance,0.75,0.35,"0,4,7,9,14,15,17,25,27,29,37,39,41,43,47,49,52,54","4,6,11,16,17,19,21,23,25,26,27,30,34",,,,,,"H[0,4,5,7,9,14,15,17,25,27,29,37,39,41,43,47,49,52,54]|V[4,6,11,16,17,19,21,23,24,25,26,27,30,34]",fe71932ea9ef92cbca4e0b578f20f6e88be50370
proposed_nsga2_bs_Gyorgy-KOVACS_WH_Narrow_AW_4_seed_118,proposed_nsga2_bs,Gyorgy-KOVACS_WH_Narrow_AW_4,118,15,auto_from_instance,12,18,4,30,216,,,,,4,1,8,root > V:16 > BH:27 > BH:49 > BH:39 > BH:29 > BH:17 > BH:7 > BV:24,selected,2,inf,True,632,246,386,628.0,1.0,1.0,True,True,1,1,0,True,1,1,0,0,True,True,0,18,14,18,14,1,PF_RP,sampled_pool,,,False,0.8888888888888888,0.5,0.5,0.1,fixed,insert_random_aisle,offspring,feasible_start_adaptive_spacing,,,,feasible_start_adaptive_spacing,0.5,,True,auto_from_instance,0.75,0.35,"0,4,7,9,14,15,17,25,27,29,37,39,41,43,47,49,52,54","4,6,11,16,17,19,21,23,25,26,27,30,34",,,,,,"H[0,4,7,9,14,15,17,25,27,29,37,39,41,43,47,49,52,54]|V[4,6,11,16,17,19,21,23,24,25,26,27,30,34]",9696e3fb0a981a3c866440c46c54987a8cf3ab94
proposed_nsga2_bs_Gyorgy-KOVACS_WH_Narrow_AW_4_seed_118,proposed_nsga2_bs,Gyorgy-KOVACS_WH_Narrow_AW_4,118,15,auto_from_instance,12,18,4,30,216,,,,,5,3,8,root > V:16 > BH:27 > BH:49 > BH:41 > BH:29 > BH:17 > BH:9 > BV:26,selected,1,inf,True,624,252,372,562.0,1.0,1.0,True,True,1,1,0,True,1,1,0,0,True,True,0,17,12,17,12,3,PF_LS,sampled_pool,,,False,0.8888888888888888,0.5,0.5,0.1,fixed,bit_flip,offspring,feasible_start_adaptive_spacing,,,,feasible_start_adaptive_spacing,0.5,,True,auto_from_instance,0.75,0.35,"4,7,9,14,15,17,25,27,37,39,41,43,47,49,52,54","5,6,11,16,17,19,21,23,25,26,27,30",,,,,,"H[4,7,9,14,15,17,25,27,29,37,39,41,43,47,49,52,54]|V[5,6,11,16,17,19,21,23,25,26,27,30]",8498d8f1059034f9f144b058e7e18d5585555d05
proposed_nsga2_bs_Gyorgy-KOVACS_WH_Narrow_AW_4_seed_118,proposed_nsga2_bs,Gyorgy-KOVACS_WH_Narrow_AW_4,118,15,auto_from_instance,12,18,4,30,216,,,,,6,3,8,root > V:16 > BH:27 > BH:49 > BH:39 > BH:29 > BH:17 > BH:9 > BV:26,selected,0,inf,True,624,252,372,534.0,1.0,1.0,True,True,1,1,0,True,1,1,0,0,True,True,0,17,12,17,12,3,PF_LS,sampled_pool,,,False,0.8888888888888888,0.5,0.5,0.1,fixed,bit_flip,offspring,feasible_start_adaptive_spacing,,,,feasible_start_adaptive_spacing,0.5,,True,auto_from_instance,0.75,0.35,"4,7,9,14,15,17,25,27,37,39,41,43,47,49,52,54","5,6,11,16,17,19,21,23,25,26,27,30",,,,,,"H[4,7,9,14,15,17,25,27,29,37,39,41,43,47,49,52,54]|V[5,6,11,16,17,19,21,23,25,26,27,30]",04b9835ae17dcf7a9c8af907330db39e1d2fb2b9
proposed_nsga2_bs_Gyorgy-KOVACS_WH_Narrow_AW_4_seed_118,proposed_nsga2_bs,Gyorgy-KOVACS_WH_Narrow_AW_4,118,15,auto_from_instance,12,18,4,30,216,,,,,7,3,8,root > V:16 > BH:27 > BH:49 > BH:41 > BH:29 > BH:17 > BH:9 > BV:24,selected,3,inf,True,624,252,372,666.0,1.0,1.0,True,True,1,1,0,True,1,1,0,0,True,True,0,17,13,17,13,3,PF_LS,sampled_pool,,,False,0.8888888888888888,0.5,0.5,0.1,fixed,bit_flip,offspring,feasible_start_adaptive_spacing,,,,feasible_start_adaptive_spacing,0.5,,True,auto_from_instance,0.75,0.35,"4,7,9,14,15,17,25,27,37,39,41,43,47,49,52,54","5,6,11,16,17,19,21,23,25,26,27,30",,,,,,"H[4,7,9,14,15,17,25,27,29,37,39,41,43,47,49,52,54]|V[5,6,11,16,17,19,21,23,24,25,26,27,30]",b03a188135e15721b5fdacc1e2599f0e913cdfd0
proposed_nsga2_bs_Gyorgy-KOVACS_WH_Narrow_AW_4_seed_118,proposed_nsga2_bs,Gyorgy-KOVACS_WH_Narrow_AW_4,118,15,auto_from_instance,12,18,4,30,216,,,,,8,3,8,root > V:16 > BH:27 > BH:49 > BH:39 > BH:29 > BH:17 > BH:9 > BV:24,selected,2,inf,True,624,252,372,638.0,1.0,1.0,True,True,1,1,0,True,1,1,0,0,True,True,0,17,13,17,13,3,PF_LS,sampled_pool,,,False,0.8888888888888888,0.5,0.5,0.1,fixed,bit_flip,offspring,feasible_start_adaptive_spacing,,,,feasible_start_adaptive_spacing,0.5,,True,auto_from_instance,0.75,0.35,"4,7,9,14,15,17,25,27,37,39,41,43,47,49,52,54","5,6,11,16,17,19,21,23,25,26,27,30",,,,,,"H[4,7,9,14,15,17,25,27,29,37,39,41,43,47,49,52,54]|V[5,6,11,16,17,19,21,23,24,25,26,27,30]",98cd3db7ad48726674c476a63fd54b9db772e099
proposed_nsga2_bs_Gyorgy-KOVACS_WH_Narrow_AW_4_seed_118,proposed_nsga2_bs,Gyorgy-KOVACS_WH_Narrow_AW_4,118,15,auto_from_instance,12,18,4,30,216,,,,,9,6,4,root > V:27 > BH:27 > BV:19 > BV:19,selected,0,inf,True,684,260,424,484.0,1.0,1.0,True,True,1,1,0,True,1,1,0,0,True,True,0,17,12,17,12,6,SS,sampled_pool,,,True,0.8888888888888888,0.5,0.5,0.1,fixed,insert_random_aisle,offspring,feasible_start_adaptive_spacing,,,,feasible_start_adaptive_spacing,0.5,,True,auto_from_instance,0.75,0.35,"4,7,9,14,15,17,25,27,29,37,39,41,43,47,49,52,54","0,4,11,16,17,19,21,23,25,26,27,30",,,,,,"H[4,7,9,14,15,17,25,27,29,37,39,41,43,47,49,52,54]|V[0,4,11,16,17,19,21,23,25,26,27,30]",9baad5a6d6d08df213ec54891109e23b1069a9a5
proposed_nsga2_bs_Gyorgy-KOVACS_WH_Narrow_AW_4_seed_118,proposed_nsga2_bs,Gyorgy-KOVACS_WH_Narrow_AW_4,118,15,auto_from_instance,12,18,4,30,216,,,,,10,6,4,root > V:27 > BH:27 > BV:17 > BV:19,selected,0,0.0,True,684,260,424,484.0,1.0,1.0,True,True,1,1,0,True,1,1,0,0,True,True,0,17,12,17,12,6,SS,sampled_pool,,,True,0.8888888888888888,0.5,0.5,0.1,fixed,insert_random_aisle,offspring,feasible_start_adaptive_spacing,,,,feasible_start_adaptive_spacing,0.5,,True,auto_from_instance,0.75,0.35,"4,7,9,14,15,17,25,27,29,37,39,41,43,47,49,52,54","0,4,11,16,17,19,21,23,25,26,27,30",,,,,,"H[4,7,9,14,15,17,25,27,29,37,39,41,43,47,49,52,54]|V[0,4,11,16,17,19,21,23,25,26,27,30]",7ea492661f4a7d780540a41c5bfc758906148e19
proposed_nsga2_bs_Gyorgy-KOVACS_WH_Narrow_AW_4_seed_118,proposed_nsga2_bs,Gyorgy-KOVACS_WH_Narrow_AW_4,118,15,auto_from_instance,12,18,4,30,216,,,,,11,6,4,root > V:27 > BH:27 > BV:19 > BV:17,selected,0,0.0,True,684,260,424,484.0,1.0,1.0,True,True,1,1,0,True,1,1,0,0,True,True,0,17,12,17,12,6,SS,sampled_pool,,,True,0.8888888888888888,0.5,0.5,0.1,fixed,insert_random_aisle,offspring,feasible_start_adaptive_spacing,,,,feasible_start_adaptive_spacing,0.5,,True,auto_from_instance,0.75,0.35,"4,7,9,14,15,17,25,27,29,37,39,41,43,47,49,52,54","0,4,11,16,17,19,21,23,25,26,27,30",,,,,,"H[4,7,9,14,15,17,25,27,29,37,39,41,43,47,49,52,54]|V[0,4,11,16,17,19,21,23,25,26,27,30]",59c55a28d53f47701301421f850890ad1de7d63b
proposed_nsga2_bs_Gyorgy-KOVACS_WH_Narrow_AW_4_seed_118,proposed_nsga2_bs,Gyorgy-KOVACS_WH_Narrow_AW_4,118,15,auto_from_instance,12,18,4,30,216,,,,,12,6,4,root > V:27 > BH:27 > BV:17 > BV:17,selected,0,inf,True,684,260,424,484.0,1.0,1.0,True,True,1,1,0,True,1,1,0,0,True,True,0,17,12,17,12,6,SS,sampled_pool,,,True,0.8888888888888888,0.5,0.5,0.1,fixed,insert_random_aisle,offspring,feasible_start_adaptive_spacing,,,,feasible_start_adaptive_spacing,0.5,,True,auto_from_instance,0.75,0.35,"4,7,9,14,15,17,25,27,29,37,39,41,43,47,49,52,54","0,4,11,16,17,19,21,23,25,26,27,30",,,,,,"H[4,7,9,14,15,17,25,27,29,37,39,41,43,47,49,52,54]|V[0,4,11,16,17,19,21,23,25,26,27,30]",6732d5258a9313035bead181283e041def90bbb2
proposed_nsga2_bs_Gyorgy-KOVACS_WH_Narrow_AW_4_seed_118,proposed_nsga2_bs,Gyorgy-KOVACS_WH_Narrow_AW_4,118,16,auto_from_instance,12,18,4,30,216,,,,,1,1,8,root > V:16 > BH:27 > BH:5 > BH:15 > BH:25 > BH:37 > BH:47 > BV:26,selected,1,inf,True,632,246,386,550.0,1.0,1.0,True,True,1,1,0,True,1,1,0,0,True,True,0,18,13,18,13,1,PF_LS_RP,sampled_pool,,,False,0.9444444444444444,0.5,0.5,0.1,fixed,break_symmetry,offspring,feasible_start_adaptive_spacing,,,,feasible_start_adaptive_spacing,0.5,,True,auto_from_instance,0.75,0.35,"4,7,9,14,15,17,25,27,29,37,39,41,43,47,49,52,54","5,6,11,16,17,18,21,23,24,25,26,27,30",,,,,,"H[4,5,7,9,14,15,17,25,27,29,37,39,41,43,47,49,52,54]|V[5,6,11,16,17,18,21,23,24,25,26,27,30]",08ee812bc396556b6550be0bd82f9266dcd2fe55
proposed_nsga2_bs_Gyorgy-KOVACS_WH_Narrow_AW_4_seed_118,proposed_nsga2_bs,Gyorgy-KOVACS_WH_Narrow_AW_4,118,16,auto_from_instance,12,18,4,30,216,,,,,2,1,8,root > V:16 > BH:27 > BH:49 > BH:39 > BH:29 > BH:17 > BH:7 > BV:26,selected,1,inf,True,632,246,386,550.0,1.0,1.0,True,True,1,1,0,True,1,1,0,0,True,True,0,17,13,17,13,1,PF_LS_RP,sampled_pool,,,False,0.9444444444444444,0.5,0.5,0.1,fixed,break_symmetry,offspring,feasible_start_adaptive_spacing,,,,feasible_start_adaptive_spacing,0.5,,True,auto_from_instance,0.75,0.35,"4,7,9,14,15,17,25,27,29,37,39,41,43,47,49,52,54","5,6,11,16,17,18,21,23,24,25,26,27,30",,,,,,"H[4,7,9,14,15,17,25,27,29,37,39,41,43,47,49,52,54]|V[5,6,11,16,17,18,21,23,24,25,26,27,30]",660d9dab711cc8220a7c4152b9d81284ad744a59
proposed_nsga2_bs_Gyorgy-KOVACS_WH_Narrow_AW_4_seed_118,proposed_nsga2_bs,Gyorgy-KOVACS_WH_Narrow_AW_4,118,16,auto_from_instance,12,18,4,30,216,,,,,3,1,8,root > V:16 > BH:27 > BH:5 > BH:15 > BH:25 > BH:37 > BH:47 > BV:24,selected,2,inf,True,632,246,386,628.0,1.0,1.0,True,True,1,1,0,True,1,1,0,0,True,True,0,18,13,18,13,1,PF_LS_RP,sampled_pool,,,False,0.9444444444444444,0.5,0.5,0.1,fixed,break_symmetry,offspring,feasible_start_adaptive_spacing,,,,feasible_start_adaptive_spacing,0.5,,True,auto_from_instance,0.75,0.35,"4,7,9,14,15,17,25,27,29,37,39,41,43,47,49,52,54","5,6,11,16,17,18,21,23,24,25,26,27,30",,,,,,"H[4,5,7,9,14,15,17,25,27,29,37,39,41,43,47,49,52,54]|V[5,6,11,16,17,18,21,23,24,25,26,27,30]",fe71932ea9ef92cbca4e0b578f20f6e88be50370
proposed_nsga2_bs_Gyorgy-KOVACS_WH_Narrow_AW_4_seed_118,proposed_nsga2_bs,Gyorgy-KOVACS_WH_Narrow_AW_4,118,16,auto_from_instance,12,18,4,30,216,,,,,4,1,8,root > V:16 > BH:27 > BH:49 > BH:39 > BH:29 > BH:17 > BH:7 > BV:24,selected,2,inf,True,632,246,386,628.0,1.0,1.0,True,True,1,1,0,True,1,1,0,0,True,True,0,17,13,17,13,1,PF_LS_RP,sampled_pool,,,False,0.9444444444444444,0.5,0.5,0.1,fixed,break_symmetry,offspring,feasible_start_adaptive_spacing,,,,feasible_start_adaptive_spacing,0.5,,True,auto_from_instance,0.75,0.35,"4,7,9,14,15,17,25,27,29,37,39,41,43,47,49,52,54","5,6,11,16,17,18,21,23,24,25,26,27,30",,,,,,"H[4,7,9,14,15,17,25,27,29,37,39,41,43,47,49,52,54]|V[5,6,11,16,17,18,21,23,24,25,26,27,30]",9696e3fb0a981a3c866440c46c54987a8cf3ab94
proposed_nsga2_bs_Gyorgy-KOVACS_WH_Narrow_AW_4_seed_118,proposed_nsga2_bs,Gyorgy-KOVACS_WH_Narrow_AW_4,118,16,auto_from_instance,12,18,4,30,216,,,,,5,2,8,root > V:16 > BH:27 > BH:49 > BH:41 > BH:29 > BH:17 > BH:9 > BV:26,selected,1,inf,True,624,252,372,562.0,1.0,1.0,True,True,1,1,0,True,1,1,0,0,True,True,0,19,14,19,14,2,PF,sampled_pool,,,False,0.9444444444444444,0.5,0.5,0.1,fixed,bit_flip,offspring,feasible_start_adaptive_spacing,,,,feasible_start_adaptive_spacing,0.5,,True,auto_from_instance,0.75,0.35,"0,4,5,7,9,14,15,17,25,27,29,37,39,41,43,47,49,52,54","4,5,6,11,16,17,19,21,23,25,26,27,30,34",,,,,,"H[0,4,5,7,9,14,15,17,25,27,29,37,39,41,43,47,49,52,54]|V[4,5,6,11,16,17,19,21,23,25,26,27,30,34]",8498d8f1059034f9f144b058e7e18d5585555d05
proposed_nsga2_bs_Gyorgy-KOVACS_WH_Narrow_AW_4_seed_118,proposed_nsga2_bs,Gyorgy-KOVACS_WH_Narrow_AW_4,118,16,auto_from_instance,12,18,4,30,216,,,,,6,2,8,root > V:16 > BH:27 > BH:49 > BH:39 > BH:29 > BH:17 > BH:9 > BV:26,selected,0,inf,True,624,252,372,534.0,1.0,1.0,True,True,1,1,0,True,1,1,0,0,True,True,0,19,14,19,14,2,PF,sampled_pool,,,False,0.9444444444444444,0.5,0.5,0.1,fixed,bit_flip,offspring,feasible_start_adaptive_spacing,,,,feasible_start_adaptive_spacing,0.5,,True,auto_from_instance,0.75,0.35,"0,4,5,7,9,14,15,17,25,27,29,37,39,41,43,47,49,52,54","4,5,6,11,16,17,19,21,23,25,26,27,30,34",,,,,,"H[0,4,5,7,9,14,15,17,25,27,29,37,39,41,43,47,49,52,54]|V[4,5,6,11,16,17,19,21,23,25,26,27,30,34]",04b9835ae17dcf7a9c8af907330db39e1d2fb2b9
proposed_nsga2_bs_Gyorgy-KOVACS_WH_Narrow_AW_4_seed_118,proposed_nsga2_bs,Gyorgy-KOVACS_WH_Narrow_AW_4,118,16,auto_from_instance,12,18,4,30,216,,,,,7,2,8,root > V:16 > BH:27 > BH:49 > BH:41 > BH:29 > BH:17 > BH:9 > BV:24,selected,3,inf,True,624,252,372,666.0,1.0,1.0,True,True,1,1,0,True,1,1,0,0,True,True,0,19,15,19,15,2,PF,sampled_pool,,,False,0.9444444444444444,0.5,0.5,0.1,fixed,bit_flip,offspring,feasible_start_adaptive_spacing,,,,feasible_start_adaptive_spacing,0.5,,True,auto_from_instance,0.75,0.35,"0,4,5,7,9,14,15,17,25,27,29,37,39,41,43,47,49,52,54","4,5,6,11,16,17,19,21,23,25,26,27,30,34",,,,,,"H[0,4,5,7,9,14,15,17,25,27,29,37,39,41,43,47,49,52,54]|V[4,5,6,11,16,17,19,21,23,24,25,26,27,30,34]",b03a188135e15721b5fdacc1e2599f0e913cdfd0
proposed_nsga2_bs_Gyorgy-KOVACS_WH_Narrow_AW_4_seed_118,proposed_nsga2_bs,Gyorgy-KOVACS_WH_Narrow_AW_4,118,16,auto_from_instance,12,18,4,30,216,,,,,8,2,8,root > V:16 > BH:27 > BH:49 > BH:39 > BH:29 > BH:17 > BH:9 > BV:24,selected,2,inf,True,624,252,372,638.0,1.0,1.0,True,True,1,1,0,True,1,1,0,0,True,True,0,19,15,19,15,2,PF,sampled_pool,,,False,0.9444444444444444,0.5,0.5,0.1,fixed,bit_flip,offspring,feasible_start_adaptive_spacing,,,,feasible_start_adaptive_spacing,0.5,,True,auto_from_instance,0.75,0.35,"0,4,5,7,9,14,15,17,25,27,29,37,39,41,43,47,49,52,54","4,5,6,11,16,17,19,21,23,25,26,27,30,34",,,,,,"H[0,4,5,7,9,14,15,17,25,27,29,37,39,41,43,47,49,52,54]|V[4,5,6,11,16,17,19,21,23,24,25,26,27,30,34]",98cd3db7ad48726674c476a63fd54b9db772e099
proposed_nsga2_bs_Gyorgy-KOVACS_WH_Narrow_AW_4_seed_118,proposed_nsga2_bs,Gyorgy-KOVACS_WH_Narrow_AW_4,118,16,auto_from_instance,12,18,4,30,216,,,,,9,3,4,root > V:27 > BH:27 > BV:19 > BV:19,selected,0,inf,True,684,260,424,484.0,1.0,1.0,True,True,1,1,0,True,1,1,0,0,True,True,0,18,13,18,13,3,RP,sampled_pool,,,False,0.9444444444444444,0.5,0.5,0.1,fixed,swap_segments,offspring,feasible_start_adaptive_spacing,,,,feasible_start_adaptive_spacing,0.5,,True,auto_from_instance,0.75,0.35,"0,4,7,9,14,15,17,25,27,29,37,39,41,43,47,49,52,54","8,9,11,16,17,19,21,23,25,26,27,30,34",,,,,,"H[0,4,7,9,14,15,17,25,27,29,37,39,41,43,47,49,52,54]|V[8,9,11,16,17,19,21,23,25,26,27,30,34]",9baad5a6d6d08df213ec54891109e23b1069a9a5
proposed_nsga2_bs_Gyorgy-KOVACS_WH_Narrow_AW_4_seed_118,proposed_nsga2_bs,Gyorgy-KOVACS_WH_Narrow_AW_4,118,16,auto_from_instance,12,18,4,30,216,,,,,10,3,4,root > V:27 > BH:27 > BV:17 > BV:19,selected,0,0.0,True,684,260,424,484.0,1.0,1.0,True,True,1,1,0,True,1,1,0,0,True,True,0,18,13,18,13,3,RP,sampled_pool,,,False,0.9444444444444444,0.5,0.5,0.1,fixed,swap_segments,offspring,feasible_start_adaptive_spacing,,,,feasible_start_adaptive_spacing,0.5,,True,auto_from_instance,0.75,0.35,"0,4,7,9,14,15,17,25,27,29,37,39,41,43,47,49,52,54","8,9,11,16,17,19,21,23,25,26,27,30,34",,,,,,"H[0,4,7,9,14,15,17,25,27,29,37,39,41,43,47,49,52,54]|V[8,9,11,16,17,19,21,23,25,26,27,30,34]",7ea492661f4a7d780540a41c5bfc758906148e19
proposed_nsga2_bs_Gyorgy-KOVACS_WH_Narrow_AW_4_seed_118,proposed_nsga2_bs,Gyorgy-KOVACS_WH_Narrow_AW_4,118,16,auto_from_instance,12,18,4,30,216,,,,,11,3,4,root > V:27 > BH:27 > BV:19 > BV:17,selected,0,0.0,True,684,260,424,484.0,1.0,1.0,True,True,1,1,0,True,1,1,0,0,True,True,0,18,13,18,13,3,RP,sampled_pool,,,False,0.9444444444444444,0.5,0.5,0.1,fixed,swap_segments,offspring,feasible_start_adaptive_spacing,,,,feasible_start_adaptive_spacing,0.5,,True,auto_from_instance,0.75,0.35,"0,4,7,9,14,15,17,25,27,29,37,39,41,43,47,49,52,54","8,9,11,16,17,19,21,23,25,26,27,30,34",,,,,,"H[0,4,7,9,14,15,17,25,27,29,37,39,41,43,47,49,52,54]|V[8,9,11,16,17,19,21,23,25,26,27,30,34]",59c55a28d53f47701301421f850890ad1de7d63b
proposed_nsga2_bs_Gyorgy-KOVACS_WH_Narrow_AW_4_seed_118,proposed_nsga2_bs,Gyorgy-KOVACS_WH_Narrow_AW_4,118,16,auto_from_instance,12,18,4,30,216,,,,,12,3,4,root > V:27 > BH:27 > BV:17 > BV:17,selected,0,inf,True,684,260,424,484.0,1.0,1.0,True,True,1,1,0,True,1,1,0,0,True,True,0,18,13,18,13,3,RP,sampled_pool,,,False,0.9444444444444444,0.5,0.5,0.1,fixed,swap_segments,offspring,feasible_start_adaptive_spacing,,,,feasible_start_adaptive_spacing,0.5,,True,auto_from_instance,0.75,0.35,"0,4,7,9,14,15,17,25,27,29,37,39,41,43,47,49,52,54","8,9,11,16,17,19,21,23,25,26,27,30,34",,,,,,"H[0,4,7,9,14,15,17,25,27,29,37,39,41,43,47,49,52,54]|V[8,9,11,16,17,19,21,23,25,26,27,30,34]",6732d5258a9313035bead181283e041def90bbb2
proposed_nsga2_bs_Gyorgy-KOVACS_WH_Narrow_AW_4_seed_118,proposed_nsga2_bs,Gyorgy-KOVACS_WH_Narrow_AW_4,118,17,auto_from_instance,12,18,4,30,216,,,,,1,1,8,root > V:16 > BH:27 > BH:5 > BH:15 > BH:25 > BH:37 > BH:47 > BV:26,selected,2,inf,True,632,246,386,550.0,1.0,1.0,True,True,1,1,0,True,1,1,0,0,True,True,0,19,15,19,15,1,PF_SS_RP,sampled_pool,,,True,1.0,0.5,0.5,0.1,fixed,spacing_aware_flip,offspring,feasible_start_adaptive_spacing,,,,feasible_start_adaptive_spacing,0.5,,True,auto_from_instance,0.75,0.35,"0,4,7,9,14,15,17,25,27,29,37,39,41,43,47,49,52,54","0,4,5,6,11,16,17,19,21,23,25,26,27,30,34",,,,,,"H[0,4,5,7,9,14,15,17,25,27,29,37,39,41,43,47,49,52,54]|V[0,4,5,6,11,16,17,19,21,23,25,26,27,30,34]",08ee812bc396556b6550be0bd82f9266dcd2fe55
proposed_nsga2_bs_Gyorgy-KOVACS_WH_Narrow_AW_4_seed_118,proposed_nsga2_bs,Gyorgy-KOVACS_WH_Narrow_AW_4,118,17,auto_from_instance,12,18,4,30,216,,,,,2,1,8,root > V:16 > BH:27 > BH:49 > BH:39 > BH:29 > BH:17 > BH:7 > BV:26,selected,2,inf,True,632,246,386,550.0,1.0,1.0,True,True,1,1,0,True,1,1,0,0,True,True,0,18,15,18,15,1,PF_SS_RP,sampled_pool,,,True,1.0,0.5,0.5,0.1,fixed,spacing_aware_flip,offspring,feasible_start_adaptive_spacing,,,,feasible_start_adaptive_spacing,0.5,,True,auto_from_instance,0.75,0.35,"0,4,7,9,14,15,17,25,27,29,37,39,41,43,47,49,52,54","0,4,5,6,11,16,17,19,21,23,25,26,27,30,34",,,,,,"H[0,4,7,9,14,15,17,25,27,29,37,39,41,43,47,49,52,54]|V[0,4,5,6,11,16,17,19,21,23,25,26,27,30,34]",660d9dab711cc8220a7c4152b9d81284ad744a59
proposed_nsga2_bs_Gyorgy-KOVACS_WH_Narrow_AW_4_seed_118,proposed_nsga2_bs,Gyorgy-KOVACS_WH_Narrow_AW_4,118,17,auto_from_instance,12,18,4,30,216,,,,,3,1,8,root > V:16 > BH:27 > BH:5 > BH:15 > BH:25 > BH:37 > BH:47 > BV:24,evaluated,4,inf,False,632,246,386,628.0,1.0,1.0,True,True,1,1,0,True,1,1,0,0,True,True,0,19,16,19,16,1,PF_SS_RP,sampled_pool,,,True,1.0,0.5,0.5,0.1,fixed,spacing_aware_flip,offspring,feasible_start_adaptive_spacing,,,,feasible_start_adaptive_spacing,0.5,,True,auto_from_instance,0.75,0.35,"0,4,7,9,14,15,17,25,27,29,37,39,41,43,47,49,52,54","0,4,5,6,11,16,17,19,21,23,25,26,27,30,34",,,,,,"H[0,4,5,7,9,14,15,17,25,27,29,37,39,41,43,47,49,52,54]|V[0,4,5,6,11,16,17,19,21,23,24,25,26,27,30,34]",fe71932ea9ef92cbca4e0b578f20f6e88be50370
proposed_nsga2_bs_Gyorgy-KOVACS_WH_Narrow_AW_4_seed_118,proposed_nsga2_bs,Gyorgy-KOVACS_WH_Narrow_AW_4,118,17,auto_from_instance,12,18,4,30,216,,,,,4,1,8,root > V:16 > BH:27 > BH:49 > BH:39 > BH:29 > BH:17 > BH:7 > BV:24,evaluated,4,inf,False,632,246,386,628.0,1.0,1.0,True,True,1,1,0,True,1,1,0,0,True,True,0,18,16,18,16,1,PF_SS_RP,sampled_pool,,,True,1.0,0.5,0.5,0.1,fixed,spacing_aware_flip,offspring,feasible_start_adaptive_spacing,,,,feasible_start_adaptive_spacing,0.5,,True,auto_from_instance,0.75,0.35,"0,4,7,9,14,15,17,25,27,29,37,39,41,43,47,49,52,54","0,4,5,6,11,16,17,19,21,23,25,26,27,30,34",,,,,,"H[0,4,7,9,14,15,17,25,27,29,37,39,41,43,47,49,52,54]|V[0,4,5,6,11,16,17,19,21,23,24,25,26,27,30,34]",9696e3fb0a981a3c866440c46c54987a8cf3ab94
proposed_nsga2_bs_Gyorgy-KOVACS_WH_Narrow_AW_4_seed_118,proposed_nsga2_bs,Gyorgy-KOVACS_WH_Narrow_AW_4,118,17,auto_from_instance,12,18,4,30,216,,,,,5,3,8,root > V:16 > BH:27 > BH:49 > BH:41 > BH:29 > BH:17 > BH:9 > BV:26,selected,2,3.0,True,624,252,372,562.0,1.0,1.0,True,True,1,1,0,True,1,1,0,0,True,True,0,19,14,19,14,3,PF,sampled_pool,,,False,1.0,0.5,0.5,0.1,fixed,break_symmetry,offspring,feasible_start_adaptive_spacing,,,,feasible_start_adaptive_spacing,0.5,,True,auto_from_instance,0.75,0.35,"0,4,5,7,9,14,15,17,25,27,29,37,39,41,43,47,49,52,54","4,5,6,11,16,17,19,21,23,24,26,27,30,34",,,,,,"H[0,4,5,7,9,14,15,17,25,27,29,37,39,41,43,47,49,52,54]|V[4,5,6,11,16,17,19,21,23,24,26,27,30,34]",8498d8f1059034f9f144b058e7e18d5585555d05
proposed_nsga2_bs_Gyorgy-KOVACS_WH_Narrow_AW_4_seed_118,proposed_nsga2_bs,Gyorgy-KOVACS_WH_Narrow_AW_4,118,17,auto_from_instance,12,18,4,30,216,,,,,6,3,8,root > V:16 > BH:27 > BH:49 > BH:39 > BH:29 > BH:17 > BH:9 > BV:26,selected,1,inf,True,624,252,372,534.0,1.0,1.0,True,True,1,1,0,True,1,1,0,0,True,True,0,19,14,19,14,3,PF,sampled_pool,,,False,1.0,0.5,0.5,0.1,fixed,break_symmetry,offspring,feasible_start_adaptive_spacing,,,,feasible_start_adaptive_spacing,0.5,,True,auto_from_instance,0.75,0.35,"0,4,5,7,9,14,15,17,25,27,29,37,39,41,43,47,49,52,54","4,5,6,11,16,17,19,21,23,24,26,27,30,34",,,,,,"H[0,4,5,7,9,14,15,17,25,27,29,37,39,41,43,47,49,52,54]|V[4,5,6,11,16,17,19,21,23,24,26,27,30,34]",04b9835ae17dcf7a9c8af907330db39e1d2fb2b9
proposed_nsga2_bs_Gyorgy-KOVACS_WH_Narrow_AW_4_seed_118,proposed_nsga2_bs,Gyorgy-KOVACS_WH_Narrow_AW_4,118,17,auto_from_instance,12,18,4,30,216,,,,,7,3,8,root > V:16 > BH:27 > BH:49 > BH:41 > BH:29 > BH:17 > BH:9 > BV:24,evaluated,5,inf,False,624,252,372,666.0,1.0,1.0,True,True,1,1,0,True,1,1,0,0,True,True,0,19,14,19,14,3,PF,sampled_pool,,,False,1.0,0.5,0.5,0.1,fixed,break_symmetry,offspring,feasible_start_adaptive_spacing,,,,feasible_start_adaptive_spacing,0.5,,True,auto_from_instance,0.75,0.35,"0,4,5,7,9,14,15,17,25,27,29,37,39,41,43,47,49,52,54","4,5,6,11,16,17,19,21,23,24,26,27,30,34",,,,,,"H[0,4,5,7,9,14,15,17,25,27,29,37,39,41,43,47,49,52,54]|V[4,5,6,11,16,17,19,21,23,24,26,27,30,34]",b03a188135e15721b5fdacc1e2599f0e913cdfd0
proposed_nsga2_bs_Gyorgy-KOVACS_WH_Narrow_AW_4_seed_118,proposed_nsga2_bs,Gyorgy-KOVACS_WH_Narrow_AW_4,118,17,auto_from_instance,12,18,4,30,216,,,,,8,3,8,root > V:16 > BH:27 > BH:49 > BH:39 > BH:29 > BH:17 > BH:9 > BV:24,evaluated,4,inf,False,624,252,372,638.0,1.0,1.0,True,True,1,1,0,True,1,1,0,0,True,True,0,19,14,19,14,3,PF,sampled_pool,,,False,1.0,0.5,0.5,0.1,fixed,break_symmetry,offspring,feasible_start_adaptive_spacing,,,,feasible_start_adaptive_spacing,0.5,,True,auto_from_instance,0.75,0.35,"0,4,5,7,9,14,15,17,25,27,29,37,39,41,43,47,49,52,54","4,5,6,11,16,17,19,21,23,24,26,27,30,34",,,,,,"H[0,4,5,7,9,14,15,17,25,27,29,37,39,41,43,47,49,52,54]|V[4,5,6,11,16,17,19,21,23,24,26,27,30,34]",98cd3db7ad48726674c476a63fd54b9db772e099
proposed_nsga2_bs_Gyorgy-KOVACS_WH_Narrow_AW_4_seed_118,proposed_nsga2_bs,Gyorgy-KOVACS_WH_Narrow_AW_4,118,17,auto_from_instance,12,18,4,30,216,,,,,9,4,4,root > V:27 > BH:27 > BV:19 > BV:19,selected,0,inf,True,684,260,424,484.0,1.0,1.0,True,True,1,1,0,True,1,1,0,0,True,True,0,19,13,19,13,4,SS_PF_LS,sampled_pool,,,True,1.0,0.5,0.5,0.1,fixed,insert_random_aisle,offspring,feasible_start_adaptive_spacing,,,,feasible_start_adaptive_spacing,0.5,,True,auto_from_instance,0.75,0.35,"0,4,7,9,14,15,17,25,27,29,37,39,41,43,47,49,50,52,54","8,9,11,16,17,19,21,23,25,26,27,30,34",,,,,,"H[0,4,7,9,14,15,17,25,27,29,37,39,41,43,47,49,50,52,54]|V[8,9,11,16,17,19,21,23,25,26,27,30,34]",9baad5a6d6d08df213ec54891109e23b1069a9a5
proposed_nsga2_bs_Gyorgy-KOVACS_WH_Narrow_AW_4_seed_118,proposed_nsga2_bs,Gyorgy-KOVACS_WH_Narrow_AW_4,118,17,auto_from_instance,12,18,4,30,216,,,,,10,4,4,root > V:27 > BH:27 > BV:17 > BV:19,selected,0,0.0,True,684,260,424,484.0,1.0,1.0,True,True,1,1,0,True,1,1,0,0,True,True,0,19,13,19,13,4,SS_PF_LS,sampled_pool,,,True,1.0,0.5,0.5,0.1,fixed,insert_random_aisle,offspring,feasible_start_adaptive_spacing,,,,feasible_start_adaptive_spacing,0.5,,True,auto_from_instance,0.75,0.35,"0,4,7,9,14,15,17,25,27,29,37,39,41,43,47,49,50,52,54","8,9,11,16,17,19,21,23,25,26,27,30,34",,,,,,"H[0,4,7,9,14,15,17,25,27,29,37,39,41,43,47,49,50,52,54]|V[8,9,11,16,17,19,21,23,25,26,27,30,34]",7ea492661f4a7d780540a41c5bfc758906148e19
proposed_nsga2_bs_Gyorgy-KOVACS_WH_Narrow_AW_4_seed_118,proposed_nsga2_bs,Gyorgy-KOVACS_WH_Narrow_AW_4,118,17,auto_from_instance,12,18,4,30,216,,,,,11,4,4,root > V:27 > BH:27 > BV:19 > BV:17,selected,0,0.0,True,684,260,424,484.0,1.0,1.0,True,True,1,1,0,True,1,1,0,0,True,True,0,19,13,19,13,4,SS_PF_LS,sampled_pool,,,True,1.0,0.5,0.5,0.1,fixed,insert_random_aisle,offspring,feasible_start_adaptive_spacing,,,,feasible_start_adaptive_spacing,0.5,,True,auto_from_instance,0.75,0.35,"0,4,7,9,14,15,17,25,27,29,37,39,41,43,47,49,50,52,54","8,9,11,16,17,19,21,23,25,26,27,30,34",,,,,,"H[0,4,7,9,14,15,17,25,27,29,37,39,41,43,47,49,50,52,54]|V[8,9,11,16,17,19,21,23,25,26,27,30,34]",59c55a28d53f47701301421f850890ad1de7d63b
proposed_nsga2_bs_Gyorgy-KOVACS_WH_Narrow_AW_4_seed_118,proposed_nsga2_bs,Gyorgy-KOVACS_WH_Narrow_AW_4,118,17,auto_from_instance,12,18,4,30,216,,,,,12,4,4,root > V:27 > BH:27 > BV:17 > BV:17,selected,0,inf,True,684,260,424,484.0,1.0,1.0,True,True,1,1,0,True,1,1,0,0,True,True,0,19,13,19,13,4,SS_PF_LS,sampled_pool,,,True,1.0,0.5,0.5,0.1,fixed,insert_random_aisle,offspring,feasible_start_adaptive_spacing,,,,feasible_start_adaptive_spacing,0.5,,True,auto_from_instance,0.75,0.35,"0,4,7,9,14,15,17,25,27,29,37,39,41,43,47,49,50,52,54","8,9,11,16,17,19,21,23,25,26,27,30,34",,,,,,"H[0,4,7,9,14,15,17,25,27,29,37,39,41,43,47,49,50,52,54]|V[8,9,11,16,17,19,21,23,25,26,27,30,34]",6732d5258a9313035bead181283e041def90bbb2
proposed_nsga2_bs_Gyorgy-KOVACS_WH_Narrow_AW_4_seed_118,proposed_nsga2_bs,Gyorgy-KOVACS_WH_Narrow_AW_4,118,17,auto_from_instance,12,18,4,30,216,,,,,13,6,8,root > V:15 > BH:27 > BH:49 > BH:41 > BH:29 > BH:17 > BH:9 > BV:27,selected,1,inf,True,608,261,347,539.0,1.0,1.0,True,True,1,1,0,True,1,1,0,0,True,True,0,18,14,18,14,6,LS,sampled_pool,,,False,1.0,0.5,0.5,0.1,fixed,break_symmetry,offspring,feasible_start_adaptive_spacing,,,,feasible_start_adaptive_spacing,0.5,,True,auto_from_instance,0.75,0.35,"4,5,7,9,14,15,17,25,27,29,37,39,41,43,47,49,52,54","5,6,11,15,17,18,21,23,24,25,26,27,30,34",,,,,,"H[4,5,7,9,14,15,17,25,27,29,37,39,41,43,47,49,52,54]|V[5,6,11,15,17,18,21,23,24,25,26,27,30,34]",5855b7a2ce0f7102686a835ce8b745d34e7270fe
proposed_nsga2_bs_Gyorgy-KOVACS_WH_Narrow_AW_4_seed_118,proposed_nsga2_bs,Gyorgy-KOVACS_WH_Narrow_AW_4,118,17,auto_from_instance,12,18,4,30,216,,,,,14,6,8,root > V:15 > BH:27 > BH:49 > BH:39 > BH:29 > BH:17 > BH:9 > BV:27,selected,0,inf,True,608,261,347,509.0,1.0,1.0,True,True,1,1,0,True,1,1,0,0,True,True,0,18,14,18,14,6,LS,sampled_pool,,,False,1.0,0.5,0.5,0.1,fixed,break_symmetry,offspring,feasible_start_adaptive_spacing,,,,feasible_start_adaptive_spacing,0.5,,True,auto_from_instance,0.75,0.35,"4,5,7,9,14,15,17,25,27,29,37,39,41,43,47,49,52,54","5,6,11,15,17,18,21,23,24,25,26,27,30,34",,,,,,"H[4,5,7,9,14,15,17,25,27,29,37,39,41,43,47,49,52,54]|V[5,6,11,15,17,18,21,23,24,25,26,27,30,34]",fc0563743447995c195c8e655d4713bfa38a660a
proposed_nsga2_bs_Gyorgy-KOVACS_WH_Narrow_AW_4_seed_118,proposed_nsga2_bs,Gyorgy-KOVACS_WH_Narrow_AW_4,118,17,auto_from_instance,12,18,4,30,216,,,,,15,6,8,root > V:15 > BH:27 > BH:49 > BH:41 > BH:29 > BH:17 > BH:9 > BV:25,selected,3,inf,True,608,261,347,595.0,1.0,1.0,True,True,1,1,0,True,1,1,0,0,True,True,0,18,14,18,14,6,LS,sampled_pool,,,False,1.0,0.5,0.5,0.1,fixed,break_symmetry,offspring,feasible_start_adaptive_spacing,,,,feasible_start_adaptive_spacing,0.5,,True,auto_from_instance,0.75,0.35,"4,5,7,9,14,15,17,25,27,29,37,39,41,43,47,49,52,54","5,6,11,15,17,18,21,23,24,25,26,27,30,34",,,,,,"H[4,5,7,9,14,15,17,25,27,29,37,39,41,43,47,49,52,54]|V[5,6,11,15,17,18,21,23,24,25,26,27,30,34]",08dfdb08ca75b8739e2c3ffebea5b42db822e898
proposed_nsga2_bs_Gyorgy-KOVACS_WH_Narrow_AW_4_seed_118,proposed_nsga2_bs,Gyorgy-KOVACS_WH_Narrow_AW_4,118,17,auto_from_instance,12,18,4,30,216,,,,,16,6,8,root > V:15 > BH:27 > BH:49 > BH:39 > BH:29 > BH:17 > BH:9 > BV:25,selected,2,inf,True,608,261,347,565.0,1.0,1.0,True,True,1,1,0,True,1,1,0,0,True,True,0,18,14,18,14,6,LS,sampled_pool,,,False,1.0,0.5,0.5,0.1,fixed,break_symmetry,offspring,feasible_start_adaptive_spacing,,,,feasible_start_adaptive_spacing,0.5,,True,auto_from_instance,0.75,0.35,"4,5,7,9,14,15,17,25,27,29,37,39,41,43,47,49,52,54","5,6,11,15,17,18,21,23,24,25,26,27,30,34",,,,,,"H[4,5,7,9,14,15,17,25,27,29,37,39,41,43,47,49,52,54]|V[5,6,11,15,17,18,21,23,24,25,26,27,30,34]",57debfbcb33569e7a9d11cf7896db530f119ad92
