run_id,method,instance,seed,generation,budget_policy,auto_population_size,auto_generations,auto_beam_width,auto_max_depth,auto_decode_budget,restart_index,batch_index,within_batch_index,decode_budget,candidate_id,parent_chromosome_id,depth,trace,status,rank,crowding_distance,selected,storage_total,pick_faces,interior_storage,retrieval_penalty,door_connectivity_index,access_anchor_connectivity_index,has_door_connected_aisle,has_access_anchor_connected_aisle,aisle_components,anchor_connected_components,unanchored_aisle_components,single_aisle_component,access_network_components,aisle_access_network_components,unreachable_aisle_components,unreachable_aisle_cells,has_access_anchor_reachable_aisle_network,exact_width_ok,exact_width_violation_count,chromosome_h_active_count,chromosome_v_active_count,active_h_count,active_v_count,chromosome_index,sorting_rule,sorting_rule_mode,bs_rule_policy,bs_weight_policy,uses_scalar_score,rho,beam_w1,beam_w2,beam_lambda,adaptive_weight_mode,mutation_operator,initialization_mode,initialization_spacing_mode,adaptive_spacing_used,feasible_h_start_count,feasible_v_start_count,adaptive_spacing_mode,adaptive_spacing_alpha,adaptive_spacing_bf,auto_params_used,parameter_source,beta_h,beta_v,h_active_starts,v_active_starts,terminal,safety_max_depth_reached,feasible,feasibility_reason,storage_block_count,chromosome_signature,layout_signature
proposed_nsga2_bs_Gyorgy-KOVACS_WH_Narrow_AW_4_seed_102,proposed_nsga2_bs,Gyorgy-KOVACS_WH_Narrow_AW_4,102,0,auto_from_instance,12,18,4,30,216,,,,,1,1,8,root > V:18 > BH:27 > BH:5 > BH:15 > BH:25 > BH:37 > BH:47 > BV:26,evaluated,3,inf,False,664,228,436,628.0,1.0,1.0,True,True,1,1,0,True,1,1,0,0,True,True,0,9,3,9,3,1,PF_LS_RP,fixed,,,False,0.05555555555555555,0.14700240929313652,0.9444444444444444,0.1,adaptive,,feasible_start_adaptive_spacing,feasible_start_adaptive_spacing,True,45,14,feasible_start_adaptive_spacing,0.5,,True,auto_from_instance,0.75,0.35,"12,39,51","18,29",,,,,,"H[5,12,15,25,27,37,39,47,51]|V[18,26,29]",1938da0c4eeab540eb2932ce4328db82029254cb
proposed_nsga2_bs_Gyorgy-KOVACS_WH_Narrow_AW_4_seed_102,proposed_nsga2_bs,Gyorgy-KOVACS_WH_Narrow_AW_4,102,0,auto_from_instance,12,18,4,30,216,,,,,2,1,8,root > V:18 > BH:27 > BH:49 > BH:39 > BH:29 > BH:17 > BH:7 > BV:26,evaluated,3,inf,False,664,228,436,628.0,1.0,1.0,True,True,1,1,0,True,1,1,0,0,True,True,0,8,3,8,3,1,PF_LS_RP,fixed,,,False,0.05555555555555555,0.14700240929313652,0.9444444444444444,0.1,adaptive,,feasible_start_adaptive_spacing,feasible_start_adaptive_spacing,True,45,14,feasible_start_adaptive_spacing,0.5,,True,auto_from_instance,0.75,0.35,"12,39,51","18,29",,,,,,"H[7,12,17,27,29,39,49,51]|V[18,26,29]",ca27fa34dbaffc306858313d4e346923ac553274
proposed_nsga2_bs_Gyorgy-KOVACS_WH_Narrow_AW_4_seed_102,proposed_nsga2_bs,Gyorgy-KOVACS_WH_Narrow_AW_4,102,0,auto_from_instance,12,18,4,30,216,,,,,3,1,8,root > V:18 > BH:27 > BH:5 > BH:15 > BH:25 > BH:37 > BH:47 > BV:30,evaluated,4,inf,False,664,218,446,768.0,1.0,1.0,True,True,1,1,0,True,1,1,0,0,True,True,0,9,3,9,3,1,PF_LS_RP,fixed,,,False,0.05555555555555555,0.14700240929313652,0.9444444444444444,0.1,adaptive,,feasible_start_adaptive_spacing,feasible_start_adaptive_spacing,True,45,14,feasible_start_adaptive_spacing,0.5,,True,auto_from_instance,0.75,0.35,"12,39,51","18,29",,,,,,"H[5,12,15,25,27,37,39,47,51]|V[18,29,30]",2d76234bebc6b4bba430e32996fc38cedfb52741
proposed_nsga2_bs_Gyorgy-KOVACS_WH_Narrow_AW_4_seed_102,proposed_nsga2_bs,Gyorgy-KOVACS_WH_Narrow_AW_4,102,0,auto_from_instance,12,18,4,30,216,,,,,4,1,8,root > V:18 > BH:27 > BH:49 > BH:39 > BH:29 > BH:17 > BH:7 > BV:30,evaluated,4,inf,False,664,218,446,768.0,1.0,1.0,True,True,1,1,0,True,1,1,0,0,True,True,0,8,3,8,3,1,PF_LS_RP,fixed,,,False,0.05555555555555555,0.14700240929313652,0.9444444444444444,0.1,adaptive,,feasible_start_adaptive_spacing,feasible_start_adaptive_spacing,True,45,14,feasible_start_adaptive_spacing,0.5,,True,auto_from_instance,0.75,0.35,"12,39,51","18,29",,,,,,"H[7,12,17,27,29,39,49,51]|V[18,29,30]",194790e90d8eea3e2ac59491345ee26809534fa0
proposed_nsga2_bs_Gyorgy-KOVACS_WH_Narrow_AW_4_seed_102,proposed_nsga2_bs,Gyorgy-KOVACS_WH_Narrow_AW_4,102,0,auto_from_instance,12,18,4,30,216,,,,,5,2,4,root > V:28 > BH:27 > BV:19 > BV:19,selected,0,inf,True,680,262,418,472.0,1.0,1.0,True,True,1,1,0,True,1,1,0,0,True,True,0,4,4,4,4,2,PF_LS_RP,fixed,,,False,0.05555555555555555,0.1,0.9444444444444444,0.1,adaptive,,feasible_start_adaptive_spacing,feasible_start_adaptive_spacing,True,45,14,feasible_start_adaptive_spacing,0.5,,True,auto_from_instance,0.75,0.35,"2,16,46","15,20,28",,,,,,"H[2,16,27,46]|V[15,19,20,28]",fc4825140fa5e2560776b4b932f5ef46c1588f36
proposed_nsga2_bs_Gyorgy-KOVACS_WH_Narrow_AW_4_seed_102,proposed_nsga2_bs,Gyorgy-KOVACS_WH_Narrow_AW_4,102,0,auto_from_instance,12,18,4,30,216,,,,,6,2,4,root > V:28 > BH:27 > BV:19 > BV:21,selected,1,inf,True,680,262,418,524.0,1.0,1.0,True,True,1,1,0,True,1,1,0,0,True,True,0,4,5,4,5,2,PF_LS_RP,fixed,,,False,0.05555555555555555,0.1,0.9444444444444444,0.1,adaptive,,feasible_start_adaptive_spacing,feasible_start_adaptive_spacing,True,45,14,feasible_start_adaptive_spacing,0.5,,True,auto_from_instance,0.75,0.35,"2,16,46","15,20,28",,,,,,"H[2,16,27,46]|V[15,19,20,21,28]",334779b46d5c288ee3031362a71af20db7b63dd5
proposed_nsga2_bs_Gyorgy-KOVACS_WH_Narrow_AW_4_seed_102,proposed_nsga2_bs,Gyorgy-KOVACS_WH_Narrow_AW_4,102,0,auto_from_instance,12,18,4,30,216,,,,,7,2,4,root > V:28 > BH:27 > BV:19 > BV:21,selected,1,0.0,True,680,262,418,524.0,1.0,1.0,True,True,1,1,0,True,1,1,0,0,True,True,0,4,5,4,5,2,PF_LS_RP,fixed,,,False,0.05555555555555555,0.1,0.9444444444444444,0.1,adaptive,,feasible_start_adaptive_spacing,feasible_start_adaptive_spacing,True,45,14,feasible_start_adaptive_spacing,0.5,,True,auto_from_instance,0.75,0.35,"2,16,46","15,20,28",,,,,,"H[2,16,27,46]|V[15,19,20,21,28]",8f2926ac3d427dac9f2e22e7dbb4782d03fe71f9
proposed_nsga2_bs_Gyorgy-KOVACS_WH_Narrow_AW_4_seed_102,proposed_nsga2_bs,Gyorgy-KOVACS_WH_Narrow_AW_4,102,0,auto_from_instance,12,18,4,30,216,,,,,8,2,4,root > V:28 > BH:27 > BV:19 > BV:17,selected,1,0.6318341307814991,True,680,262,418,524.0,1.0,1.0,True,True,1,1,0,True,1,1,0,0,True,True,0,4,5,4,5,2,PF_LS_RP,fixed,,,False,0.05555555555555555,0.1,0.9444444444444444,0.1,adaptive,,feasible_start_adaptive_spacing,feasible_start_adaptive_spacing,True,45,14,feasible_start_adaptive_spacing,0.5,,True,auto_from_instance,0.75,0.35,"2,16,46","15,20,28",,,,,,"H[2,16,27,46]|V[15,17,19,20,28]",c3a8d798cccc0ae6137f5d1801f12286f82d75a7
proposed_nsga2_bs_Gyorgy-KOVACS_WH_Narrow_AW_4_seed_102,proposed_nsga2_bs,Gyorgy-KOVACS_WH_Narrow_AW_4,102,0,auto_from_instance,12,18,4,30,216,,,,,9,3,8,root > V:19 > BH:27 > BH:5 > BH:15 > BH:25 > BH:37 > BH:47 > BV:27,evaluated,3,inf,False,680,219,461,568.0,1.0,1.0,True,True,1,1,0,True,1,1,0,0,True,True,0,7,4,7,4,3,PF_LS_RP,fixed,,,False,0.05555555555555555,0.1,0.9444444444444444,0.1,adaptive,,feasible_start_adaptive_spacing,feasible_start_adaptive_spacing,True,45,14,feasible_start_adaptive_spacing,0.5,,True,auto_from_instance,0.75,0.35,"3,15,27","9,19,29",,,,,,"H[3,5,15,25,27,37,47]|V[9,19,27,29]",765044c2001aa13b89dcc3ab94cee7150e6707b9
proposed_nsga2_bs_Gyorgy-KOVACS_WH_Narrow_AW_4_seed_102,proposed_nsga2_bs,Gyorgy-KOVACS_WH_Narrow_AW_4,102,0,auto_from_instance,12,18,4,30,216,,,,,10,3,8,root > V:19 > BH:27 > BH:49 > BH:39 > BH:29 > BH:17 > BH:7 > BV:27,evaluated,3,inf,False,680,219,461,568.0,1.0,1.0,True,True,1,1,0,True,1,1,0,0,True,True,0,8,4,8,4,3,PF_LS_RP,fixed,,,False,0.05555555555555555,0.1,0.9444444444444444,0.1,adaptive,,feasible_start_adaptive_spacing,feasible_start_adaptive_spacing,True,45,14,feasible_start_adaptive_spacing,0.5,,True,auto_from_instance,0.75,0.35,"3,15,27","9,19,29",,,,,,"H[3,7,15,17,27,29,39,49]|V[9,19,27,29]",e804ee8e40d619c35bd933154a145af1f8bb0e46
proposed_nsga2_bs_Gyorgy-KOVACS_WH_Narrow_AW_4_seed_102,proposed_nsga2_bs,Gyorgy-KOVACS_WH_Narrow_AW_4,102,0,auto_from_instance,12,18,4,30,216,,,,,11,4,8,root > V:20 > BH:27 > BH:5 > BH:15 > BH:25 > BH:37 > BH:47 > BV:30,evaluated,5,inf,False,696,204,492,792.0,1.0,1.0,True,True,1,1,0,True,1,1,0,0,True,True,0,9,2,9,2,4,PF_LS_RP,fixed,,,False,0.05555555555555555,0.1,0.9444444444444444,0.1,adaptive,,feasible_start_adaptive_spacing,feasible_start_adaptive_spacing,True,45,14,feasible_start_adaptive_spacing,0.5,,True,auto_from_instance,0.75,0.35,"10,29,53",20,,,,,,"H[5,10,15,25,27,29,37,47,53]|V[20,30]",be0f2c567ee00b2b6753d425863bc90592c9704d
proposed_nsga2_bs_Gyorgy-KOVACS_WH_Narrow_AW_4_seed_102,proposed_nsga2_bs,Gyorgy-KOVACS_WH_Narrow_AW_4,102,0,auto_from_instance,12,18,4,30,216,,,,,12,4,8,root > V:20 > BH:27 > BH:49 > BH:39 > BH:29 > BH:17 > BH:7 > BV:30,evaluated,5,inf,False,696,204,492,792.0,1.0,1.0,True,True,1,1,0,True,1,1,0,0,True,True,0,8,2,8,2,4,PF_LS_RP,fixed,,,False,0.05555555555555555,0.1,0.9444444444444444,0.1,adaptive,,feasible_start_adaptive_spacing,feasible_start_adaptive_spacing,True,45,14,feasible_start_adaptive_spacing,0.5,,True,auto_from_instance,0.75,0.35,"10,29,53",20,,,,,,"H[7,10,17,27,29,39,49,53]|V[20,30]",ade8bf5b17d0e3be4ed8c80ad68f822f40ea6f89
proposed_nsga2_bs_Gyorgy-KOVACS_WH_Narrow_AW_4_seed_102,proposed_nsga2_bs,Gyorgy-KOVACS_WH_Narrow_AW_4,102,0,auto_from_instance,12,18,4,30,216,,,,,13,5,8,root > V:17 > BH:27 > BH:5 > BH:15 > BH:25 > BH:37 > BH:47 > BV:27,selected,1,1.1088038277511962,True,648,237,411,490.0,1.0,1.0,True,True,1,1,0,True,1,1,0,0,True,True,0,9,4,9,4,5,PF_LS_RP,fixed,,,False,0.05555555555555555,0.1,0.9444444444444444,0.1,adaptive,,feasible_start_adaptive_spacing,feasible_start_adaptive_spacing,True,45,14,feasible_start_adaptive_spacing,0.5,,True,auto_from_instance,0.75,0.35,"23,36,49","17,22,30",,,,,,"H[5,15,23,25,27,36,37,47,49]|V[17,22,27,30]",3ab80a1d8e68880e815ad780c83cfc2449e7f93f
proposed_nsga2_bs_Gyorgy-KOVACS_WH_Narrow_AW_4_seed_102,proposed_nsga2_bs,Gyorgy-KOVACS_WH_Narrow_AW_4,102,0,auto_from_instance,12,18,4,30,216,,,,,14,5,8,root > V:17 > BH:27 > BH:49 > BH:39 > BH:29 > BH:17 > BH:7 > BV:27,selected,1,inf,True,648,237,411,490.0,1.0,1.0,True,True,1,1,0,True,1,1,0,0,True,True,0,8,4,8,4,5,PF_LS_RP,fixed,,,False,0.05555555555555555,0.1,0.9444444444444444,0.1,adaptive,,feasible_start_adaptive_spacing,feasible_start_adaptive_spacing,True,45,14,feasible_start_adaptive_spacing,0.5,,True,auto_from_instance,0.75,0.35,"23,36,49","17,22,30",,,,,,"H[7,17,23,27,29,36,39,49]|V[17,22,27,30]",451b31cd7494c0e29ac39737991e84853f054397
proposed_nsga2_bs_Gyorgy-KOVACS_WH_Narrow_AW_4_seed_102,proposed_nsga2_bs,Gyorgy-KOVACS_WH_Narrow_AW_4,102,0,auto_from_instance,12,18,4,30,216,,,,,15,5,8,root > V:17 > BH:27 > BH:5 > BH:15 > BH:25 > BH:37 > BH:47 > BV:25,evaluated,2,inf,False,648,237,411,544.0,1.0,1.0,True,True,1,1,0,True,1,1,0,0,True,True,0,9,4,9,4,5,PF_LS_RP,fixed,,,False,0.05555555555555555,0.1,0.9444444444444444,0.1,adaptive,,feasible_start_adaptive_spacing,feasible_start_adaptive_spacing,True,45,14,feasible_start_adaptive_spacing,0.5,,True,auto_from_instance,0.75,0.35,"23,36,49","17,22,30",,,,,,"H[5,15,23,25,27,36,37,47,49]|V[17,22,25,30]",24e93b3467ee5334276be59c5b6e878bb2e06a66
proposed_nsga2_bs_Gyorgy-KOVACS_WH_Narrow_AW_4_seed_102,proposed_nsga2_bs,Gyorgy-KOVACS_WH_Narrow_AW_4,102,0,auto_from_instance,12,18,4,30,216,,,,,16,5,8,root > V:17 > BH:27 > BH:49 > BH:39 > BH:29 > BH:17 > BH:7 > BV:25,evaluated,2,inf,False,648,237,411,544.0,1.0,1.0,True,True,1,1,0,True,1,1,0,0,True,True,0,8,4,8,4,5,PF_LS_RP,fixed,,,False,0.05555555555555555,0.1,0.9444444444444444,0.1,adaptive,,feasible_start_adaptive_spacing,feasible_start_adaptive_spacing,True,45,14,feasible_start_adaptive_spacing,0.5,,True,auto_from_instance,0.75,0.35,"23,36,49","17,22,30",,,,,,"H[7,17,23,27,29,36,39,49]|V[17,22,25,30]",19631d63ec0204b55a5a6d539d26aaf84a80581d
proposed_nsga2_bs_Gyorgy-KOVACS_WH_Narrow_AW_4_seed_102,proposed_nsga2_bs,Gyorgy-KOVACS_WH_Narrow_AW_4,102,0,auto_from_instance,12,18,4,30,216,,,,,17,6,4,root > V:27 > BH:27 > BV:19 > BV:19,selected,1,inf,True,684,260,424,484.0,1.0,1.0,True,True,1,1,0,True,1,1,0,0,True,True,0,4,4,4,4,6,PF_LS_RP,fixed,,,False,0.05555555555555555,0.1,0.9444444444444444,0.1,adaptive,,feasible_start_adaptive_spacing,feasible_start_adaptive_spacing,True,45,14,feasible_start_adaptive_spacing,0.5,,True,auto_from_instance,0.75,0.35,"16,26,44","17,27,29",,,,,,"H[16,26,27,44]|V[17,19,27,29]",9baad5a6d6d08df213ec54891109e23b1069a9a5
proposed_nsga2_bs_Gyorgy-KOVACS_WH_Narrow_AW_4_seed_102,proposed_nsga2_bs,Gyorgy-KOVACS_WH_Narrow_AW_4,102,0,auto_from_instance,12,18,4,30,216,,,,,18,6,4,root > V:27 > BH:27 > BV:17 > BV:19,evaluated,1,0.0,False,684,260,424,484.0,1.0,1.0,True,True,1,1,0,True,1,1,0,0,True,True,0,4,4,4,4,6,PF_LS_RP,fixed,,,False,0.05555555555555555,0.1,0.9444444444444444,0.1,adaptive,,feasible_start_adaptive_spacing,feasible_start_adaptive_spacing,True,45,14,feasible_start_adaptive_spacing,0.5,,True,auto_from_instance,0.75,0.35,"16,26,44","17,27,29",,,,,,"H[16,26,27,44]|V[17,19,27,29]",7ea492661f4a7d780540a41c5bfc758906148e19
proposed_nsga2_bs_Gyorgy-KOVACS_WH_Narrow_AW_4_seed_102,proposed_nsga2_bs,Gyorgy-KOVACS_WH_Narrow_AW_4,102,0,auto_from_instance,12,18,4,30,216,,,,,19,6,4,root > V:27 > BH:27 > BV:19 > BV:17,evaluated,1,0.0,False,684,260,424,484.0,1.0,1.0,True,True,1,1,0,True,1,1,0,0,True,True,0,4,4,4,4,6,PF_LS_RP,fixed,,,False,0.05555555555555555,0.1,0.9444444444444444,0.1,adaptive,,feasible_start_adaptive_spacing,feasible_start_adaptive_spacing,True,45,14,feasible_start_adaptive_spacing,0.5,,True,auto_from_instance,0.75,0.35,"16,26,44","17,27,29",,,,,,"H[16,26,27,44]|V[17,19,27,29]",59c55a28d53f47701301421f850890ad1de7d63b
proposed_nsga2_bs_Gyorgy-KOVACS_WH_Narrow_AW_4_seed_102,proposed_nsga2_bs,Gyorgy-KOVACS_WH_Narrow_AW_4,102,0,auto_from_instance,12,18,4,30,216,,,,,20,6,4,root > V:27 > BH:27 > BV:17 > BV:17,selected,1,inf,True,684,260,424,484.0,1.0,1.0,True,True,1,1,0,True,1,1,0,0,True,True,0,4,3,4,3,6,PF_LS_RP,fixed,,,False,0.05555555555555555,0.1,0.9444444444444444,0.1,adaptive,,feasible_start_adaptive_spacing,feasible_start_adaptive_spacing,True,45,14,feasible_start_adaptive_spacing,0.5,,True,auto_from_instance,0.75,0.35,"16,26,44","17,27,29",,,,,,"H[16,26,27,44]|V[17,27,29]",6732d5258a9313035bead181283e041def90bbb2
proposed_nsga2_bs_Gyorgy-KOVACS_WH_Narrow_AW_4_seed_102,proposed_nsga2_bs,Gyorgy-KOVACS_WH_Narrow_AW_4,102,0,auto_from_instance,12,18,4,30,216,,,,,21,10,8,root > V:16 > BH:27 > BH:5 > BH:15 > BH:25 > BH:37 > BH:47 > BV:26,selected,1,inf,True,632,246,386,550.0,1.0,1.0,True,True,1,1,0,True,1,1,0,0,True,True,0,8,4,8,4,10,PF_LS_RP,fixed,,,False,0.05555555555555555,0.1,0.9444444444444444,0.1,adaptive,,feasible_start_adaptive_spacing,feasible_start_adaptive_spacing,True,45,14,feasible_start_adaptive_spacing,0.5,,True,auto_from_instance,0.75,0.35,"12,27,50","16,22,29",,,,,,"H[5,12,15,25,27,37,47,50]|V[16,22,26,29]",08ee812bc396556b6550be0bd82f9266dcd2fe55
proposed_nsga2_bs_Gyorgy-KOVACS_WH_Narrow_AW_4_seed_102,proposed_nsga2_bs,Gyorgy-KOVACS_WH_Narrow_AW_4,102,0,auto_from_instance,12,18,4,30,216,,,,,22,10,8,root > V:16 > BH:27 > BH:49 > BH:39 > BH:29 > BH:17 > BH:7 > BV:26,selected,1,inf,True,632,246,386,550.0,1.0,1.0,True,True,1,1,0,True,1,1,0,0,True,True,0,8,4,8,4,10,PF_LS_RP,fixed,,,False,0.05555555555555555,0.1,0.9444444444444444,0.1,adaptive,,feasible_start_adaptive_spacing,feasible_start_adaptive_spacing,True,45,14,feasible_start_adaptive_spacing,0.5,,True,auto_from_instance,0.75,0.35,"12,27,50","16,22,29",,,,,,"H[7,12,17,27,29,39,49,50]|V[16,22,26,29]",660d9dab711cc8220a7c4152b9d81284ad744a59
proposed_nsga2_bs_Gyorgy-KOVACS_WH_Narrow_AW_4_seed_102,proposed_nsga2_bs,Gyorgy-KOVACS_WH_Narrow_AW_4,102,0,auto_from_instance,12,18,4,30,216,,,,,23,10,8,root > V:16 > BH:27 > BH:5 > BH:15 > BH:25 > BH:37 > BH:47 > BV:24,evaluated,2,inf,False,632,246,386,628.0,1.0,1.0,True,True,1,1,0,True,1,1,0,0,True,True,0,8,4,8,4,10,PF_LS_RP,fixed,,,False,0.05555555555555555,0.1,0.9444444444444444,0.1,adaptive,,feasible_start_adaptive_spacing,feasible_start_adaptive_spacing,True,45,14,feasible_start_adaptive_spacing,0.5,,True,auto_from_instance,0.75,0.35,"12,27,50","16,22,29",,,,,,"H[5,12,15,25,27,37,47,50]|V[16,22,24,29]",fe71932ea9ef92cbca4e0b578f20f6e88be50370
proposed_nsga2_bs_Gyorgy-KOVACS_WH_Narrow_AW_4_seed_102,proposed_nsga2_bs,Gyorgy-KOVACS_WH_Narrow_AW_4,102,0,auto_from_instance,12,18,4,30,216,,,,,24,10,8,root > V:16 > BH:27 > BH:49 > BH:39 > BH:29 > BH:17 > BH:7 > BV:24,evaluated,2,inf,False,632,246,386,628.0,1.0,1.0,True,True,1,1,0,True,1,1,0,0,True,True,0,8,4,8,4,10,PF_LS_RP,fixed,,,False,0.05555555555555555,0.1,0.9444444444444444,0.1,adaptive,,feasible_start_adaptive_spacing,feasible_start_adaptive_spacing,True,45,14,feasible_start_adaptive_spacing,0.5,,True,auto_from_instance,0.75,0.35,"12,27,50","16,22,29",,,,,,"H[7,12,17,27,29,39,49,50]|V[16,22,24,29]",9696e3fb0a981a3c866440c46c54987a8cf3ab94
proposed_nsga2_bs_Gyorgy-KOVACS_WH_Narrow_AW_4_seed_102,proposed_nsga2_bs,Gyorgy-KOVACS_WH_Narrow_AW_4,102,0,auto_from_instance,12,18,4,30,216,,,,,25,12,9,root > V:15 > BH:27 > BH:5 > BH:15 > BH:25 > BH:37 > BH:47 > BV:23 > BV:30,selected,0,inf,True,592,261,331,462.0,1.0,1.0,True,True,1,1,0,True,1,1,0,0,True,True,0,8,4,8,4,12,PF_LS_RP,fixed,,,False,0.05555555555555555,0.1,0.9444444444444444,0.1,adaptive,,feasible_start_adaptive_spacing,feasible_start_adaptive_spacing,True,45,14,feasible_start_adaptive_spacing,0.5,,True,auto_from_instance,0.75,0.35,"16,39,47","15,22",,,,,,"H[5,15,16,25,27,37,39,47]|V[15,22,23,30]",9ee2190bb5e677e5dd6004d3c767bf39ff3449fb
proposed_nsga2_bs_Gyorgy-KOVACS_WH_Narrow_AW_4_seed_102,proposed_nsga2_bs,Gyorgy-KOVACS_WH_Narrow_AW_4,102,0,auto_from_instance,12,18,4,30,216,,,,,26,12,9,root > V:15 > BH:27 > BH:49 > BH:39 > BH:29 > BH:17 > BH:7 > BV:23 > BV:30,selected,0,inf,True,592,261,331,462.0,1.0,1.0,True,True,1,1,0,True,1,1,0,0,True,True,0,8,4,8,4,12,PF_LS_RP,fixed,,,False,0.05555555555555555,0.1,0.9444444444444444,0.1,adaptive,,feasible_start_adaptive_spacing,feasible_start_adaptive_spacing,True,45,14,feasible_start_adaptive_spacing,0.5,,True,auto_from_instance,0.75,0.35,"16,39,47","15,22",,,,,,"H[7,16,17,27,29,39,47,49]|V[15,22,23,30]",eef866e48d563b788dc6683537da31dffdbde584
proposed_nsga2_bs_Gyorgy-KOVACS_WH_Narrow_AW_4_seed_102,proposed_nsga2_bs,Gyorgy-KOVACS_WH_Narrow_AW_4,102,1,auto_from_instance,12,18,4,30,216,,,,,1,1,9,root > V:15 > BH:27 > BH:5 > BH:15 > BH:25 > BH:37 > BH:47 > BV:23 > BV:30,selected,0,inf,True,592,261,331,462.0,1.0,1.0,True,True,1,1,0,True,1,1,0,0,True,True,0,11,5,11,5,1,PF_LS_RP,fixed,,,False,0.1111111111111111,0.1,0.8888888888888888,0.1,adaptive,insert_random_aisle,offspring,feasible_start_adaptive_spacing,,,,feasible_start_adaptive_spacing,0.5,,True,auto_from_instance,0.75,0.35,"7,16,17,27,29,39,47","15,22,23,30,34",,,,,,"H[5,7,15,16,17,25,27,29,37,39,47]|V[15,22,23,30,34]",9ee2190bb5e677e5dd6004d3c767bf39ff3449fb
proposed_nsga2_bs_Gyorgy-KOVACS_WH_Narrow_AW_4_seed_102,proposed_nsga2_bs,Gyorgy-KOVACS_WH_Narrow_AW_4,102,1,auto_from_instance,12,18,4,30,216,,,,,2,1,9,root > V:15 > BH:27 > BH:49 > BH:39 > BH:29 > BH:17 > BH:7 > BV:23 > BV:30,selected,0,inf,True,592,261,331,462.0,1.0,1.0,True,True,1,1,0,True,1,1,0,0,True,True,0,8,5,8,5,1,PF_LS_RP,fixed,,,False,0.1111111111111111,0.1,0.8888888888888888,0.1,adaptive,insert_random_aisle,offspring,feasible_start_adaptive_spacing,,,,feasible_start_adaptive_spacing,0.5,,True,auto_from_instance,0.75,0.35,"7,16,17,27,29,39,47","15,22,23,30,34",,,,,,"H[7,16,17,27,29,39,47,49]|V[15,22,23,30,34]",eef866e48d563b788dc6683537da31dffdbde584
proposed_nsga2_bs_Gyorgy-KOVACS_WH_Narrow_AW_4_seed_102,proposed_nsga2_bs,Gyorgy-KOVACS_WH_Narrow_AW_4,102,1,auto_from_instance,12,18,4,30,216,,,,,3,3,8,root > V:16 > BH:27 > BH:5 > BH:15 > BH:25 > BH:37 > BH:47 > BV:26,selected,1,inf,True,632,246,386,550.0,1.0,1.0,True,True,1,1,0,True,1,1,0,0,True,True,0,14,5,14,5,3,PF_LS_RP,fixed,,,False,0.1111111111111111,0.12462457008792882,0.8888888888888888,0.1,adaptive,insert_random_aisle,offspring,feasible_start_adaptive_spacing,,,,feasible_start_adaptive_spacing,0.5,,True,auto_from_instance,0.75,0.35,"7,17,23,27,29,36,39,49,50","16,22,24,26,29",,,,,,"H[5,7,15,17,23,25,27,29,36,37,39,47,49,50]|V[16,22,24,26,29]",08ee812bc396556b6550be0bd82f9266dcd2fe55
proposed_nsga2_bs_Gyorgy-KOVACS_WH_Narrow_AW_4_seed_102,proposed_nsga2_bs,Gyorgy-KOVACS_WH_Narrow_AW_4,102,1,auto_from_instance,12,18,4,30,216,,,,,4,3,8,root > V:16 > BH:27 > BH:49 > BH:39 > BH:29 > BH:17 > BH:7 > BV:26,selected,1,inf,True,632,246,386,550.0,1.0,1.0,True,True,1,1,0,True,1,1,0,0,True,True,0,9,5,9,5,3,PF_LS_RP,fixed,,,False,0.1111111111111111,0.12462457008792882,0.8888888888888888,0.1,adaptive,insert_random_aisle,offspring,feasible_start_adaptive_spacing,,,,feasible_start_adaptive_spacing,0.5,,True,auto_from_instance,0.75,0.35,"7,17,23,27,29,36,39,49,50","16,22,24,26,29",,,,,,"H[7,17,23,27,29,36,39,49,50]|V[16,22,24,26,29]",660d9dab711cc8220a7c4152b9d81284ad744a59
proposed_nsga2_bs_Gyorgy-KOVACS_WH_Narrow_AW_4_seed_102,proposed_nsga2_bs,Gyorgy-KOVACS_WH_Narrow_AW_4,102,1,auto_from_instance,12,18,4,30,216,,,,,5,3,8,root > V:16 > BH:27 > BH:5 > BH:15 > BH:25 > BH:37 > BH:47 > BV:24,evaluated,2,inf,False,632,246,386,628.0,1.0,1.0,True,True,1,1,0,True,1,1,0,0,True,True,0,14,5,14,5,3,PF_LS_RP,fixed,,,False,0.1111111111111111,0.12462457008792882,0.8888888888888888,0.1,adaptive,insert_random_aisle,offspring,feasible_start_adaptive_spacing,,,,feasible_start_adaptive_spacing,0.5,,True,auto_from_instance,0.75,0.35,"7,17,23,27,29,36,39,49,50","16,22,24,26,29",,,,,,"H[5,7,15,17,23,25,27,29,36,37,39,47,49,50]|V[16,22,24,26,29]",fe71932ea9ef92cbca4e0b578f20f6e88be50370
proposed_nsga2_bs_Gyorgy-KOVACS_WH_Narrow_AW_4_seed_102,proposed_nsga2_bs,Gyorgy-KOVACS_WH_Narrow_AW_4,102,1,auto_from_instance,12,18,4,30,216,,,,,6,3,8,root > V:16 > BH:27 > BH:49 > BH:39 > BH:29 > BH:17 > BH:7 > BV:24,evaluated,2,inf,False,632,246,386,628.0,1.0,1.0,True,True,1,1,0,True,1,1,0,0,True,True,0,9,5,9,5,3,PF_LS_RP,fixed,,,False,0.1111111111111111,0.12462457008792882,0.8888888888888888,0.1,adaptive,insert_random_aisle,offspring,feasible_start_adaptive_spacing,,,,feasible_start_adaptive_spacing,0.5,,True,auto_from_instance,0.75,0.35,"7,17,23,27,29,36,39,49,50","16,22,24,26,29",,,,,,"H[7,17,23,27,29,36,39,49,50]|V[16,22,24,26,29]",9696e3fb0a981a3c866440c46c54987a8cf3ab94
proposed_nsga2_bs_Gyorgy-KOVACS_WH_Narrow_AW_4_seed_102,proposed_nsga2_bs,Gyorgy-KOVACS_WH_Narrow_AW_4,102,1,auto_from_instance,12,18,4,30,216,,,,,7,4,4,root > V:27 > BH:27 > BV:19 > BV:19,selected,1,inf,True,684,260,424,484.0,1.0,1.0,True,True,1,1,0,True,1,1,0,0,True,True,0,7,5,7,5,4,PF_LS_RP,fixed,,,False,0.1111111111111111,0.1,0.8888888888888888,0.1,adaptive,break_symmetry,offspring,feasible_start_adaptive_spacing,,,,feasible_start_adaptive_spacing,0.5,,True,auto_from_instance,0.75,0.35,"7,12,17,27,29,39,49","18,22,27,30",,,,,,"H[7,12,17,27,29,39,49]|V[18,19,22,27,30]",9baad5a6d6d08df213ec54891109e23b1069a9a5
proposed_nsga2_bs_Gyorgy-KOVACS_WH_Narrow_AW_4_seed_102,proposed_nsga2_bs,Gyorgy-KOVACS_WH_Narrow_AW_4,102,1,auto_from_instance,12,18,4,30,216,,,,,8,4,4,root > V:27 > BH:27 > BV:17 > BV:19,selected,1,0.0,True,684,260,424,484.0,1.0,1.0,True,True,1,1,0,True,1,1,0,0,True,True,0,7,6,7,6,4,PF_LS_RP,fixed,,,False,0.1111111111111111,0.1,0.8888888888888888,0.1,adaptive,break_symmetry,offspring,feasible_start_adaptive_spacing,,,,feasible_start_adaptive_spacing,0.5,,True,auto_from_instance,0.75,0.35,"7,12,17,27,29,39,49","18,22,27,30",,,,,,"H[7,12,17,27,29,39,49]|V[17,18,19,22,27,30]",7ea492661f4a7d780540a41c5bfc758906148e19
proposed_nsga2_bs_Gyorgy-KOVACS_WH_Narrow_AW_4_seed_102,proposed_nsga2_bs,Gyorgy-KOVACS_WH_Narrow_AW_4,102,1,auto_from_instance,12,18,4,30,216,,,,,9,4,4,root > V:27 > BH:27 > BV:19 > BV:17,evaluated,1,0.0,False,684,260,424,484.0,1.0,1.0,True,True,1,1,0,True,1,1,0,0,True,True,0,7,6,7,6,4,PF_LS_RP,fixed,,,False,0.1111111111111111,0.1,0.8888888888888888,0.1,adaptive,break_symmetry,offspring,feasible_start_adaptive_spacing,,,,feasible_start_adaptive_spacing,0.5,,True,auto_from_instance,0.75,0.35,"7,12,17,27,29,39,49","18,22,27,30",,,,,,"H[7,12,17,27,29,39,49]|V[17,18,19,22,27,30]",59c55a28d53f47701301421f850890ad1de7d63b
proposed_nsga2_bs_Gyorgy-KOVACS_WH_Narrow_AW_4_seed_102,proposed_nsga2_bs,Gyorgy-KOVACS_WH_Narrow_AW_4,102,1,auto_from_instance,12,18,4,30,216,,,,,10,4,4,root > V:27 > BH:27 > BV:17 > BV:17,selected,1,inf,True,684,260,424,484.0,1.0,1.0,True,True,1,1,0,True,1,1,0,0,True,True,0,7,5,7,5,4,PF_LS_RP,fixed,,,False,0.1111111111111111,0.1,0.8888888888888888,0.1,adaptive,break_symmetry,offspring,feasible_start_adaptive_spacing,,,,feasible_start_adaptive_spacing,0.5,,True,auto_from_instance,0.75,0.35,"7,12,17,27,29,39,49","18,22,27,30",,,,,,"H[7,12,17,27,29,39,49]|V[17,18,22,27,30]",6732d5258a9313035bead181283e041def90bbb2
proposed_nsga2_bs_Gyorgy-KOVACS_WH_Narrow_AW_4_seed_102,proposed_nsga2_bs,Gyorgy-KOVACS_WH_Narrow_AW_4,102,1,auto_from_instance,12,18,4,30,216,,,,,11,5,4,root > V:28 > BH:27 > BV:19 > BV:19,selected,0,inf,True,680,262,418,472.0,1.0,1.0,True,True,1,1,0,True,1,1,0,0,True,True,0,5,3,5,3,5,PF_LS_RP,fixed,,,False,0.1111111111111111,0.1,0.8888888888888888,0.1,adaptive,break_symmetry,offspring,feasible_start_adaptive_spacing,,,,feasible_start_adaptive_spacing,0.5,,True,auto_from_instance,0.75,0.35,"2,16,25,27,46","19,20,28",,,,,,"H[2,16,25,27,46]|V[19,20,28]",fc4825140fa5e2560776b4b932f5ef46c1588f36
proposed_nsga2_bs_Gyorgy-KOVACS_WH_Narrow_AW_4_seed_102,proposed_nsga2_bs,Gyorgy-KOVACS_WH_Narrow_AW_4,102,1,auto_from_instance,12,18,4,30,216,,,,,12,5,4,root > V:28 > BH:27 > BV:19 > BV:21,selected,1,inf,True,680,262,418,524.0,1.0,1.0,True,True,1,1,0,True,1,1,0,0,True,True,0,5,4,5,4,5,PF_LS_RP,fixed,,,False,0.1111111111111111,0.1,0.8888888888888888,0.1,adaptive,break_symmetry,offspring,feasible_start_adaptive_spacing,,,,feasible_start_adaptive_spacing,0.5,,True,auto_from_instance,0.75,0.35,"2,16,25,27,46","19,20,28",,,,,,"H[2,16,25,27,46]|V[19,20,21,28]",334779b46d5c288ee3031362a71af20db7b63dd5
proposed_nsga2_bs_Gyorgy-KOVACS_WH_Narrow_AW_4_seed_102,proposed_nsga2_bs,Gyorgy-KOVACS_WH_Narrow_AW_4,102,1,auto_from_instance,12,18,4,30,216,,,,,13,5,4,root > V:28 > BH:27 > BV:19 > BV:21,evaluated,1,0.0,False,680,262,418,524.0,1.0,1.0,True,True,1,1,0,True,1,1,0,0,True,True,0,5,4,5,4,5,PF_LS_RP,fixed,,,False,0.1111111111111111,0.1,0.8888888888888888,0.1,adaptive,break_symmetry,offspring,feasible_start_adaptive_spacing,,,,feasible_start_adaptive_spacing,0.5,,True,auto_from_instance,0.75,0.35,"2,16,25,27,46","19,20,28",,,,,,"H[2,16,25,27,46]|V[19,20,21,28]",8f2926ac3d427dac9f2e22e7dbb4782d03fe71f9
proposed_nsga2_bs_Gyorgy-KOVACS_WH_Narrow_AW_4_seed_102,proposed_nsga2_bs,Gyorgy-KOVACS_WH_Narrow_AW_4,102,1,auto_from_instance,12,18,4,30,216,,,,,14,5,4,root > V:28 > BH:27 > BV:19 > BV:17,selected,1,0.6318341307814991,True,680,262,418,524.0,1.0,1.0,True,True,1,1,0,True,1,1,0,0,True,True,0,5,4,5,4,5,PF_LS_RP,fixed,,,False,0.1111111111111111,0.1,0.8888888888888888,0.1,adaptive,break_symmetry,offspring,feasible_start_adaptive_spacing,,,,feasible_start_adaptive_spacing,0.5,,True,auto_from_instance,0.75,0.35,"2,16,25,27,46","19,20,28",,,,,,"H[2,16,25,27,46]|V[17,19,20,28]",c3a8d798cccc0ae6137f5d1801f12286f82d75a7
proposed_nsga2_bs_Gyorgy-KOVACS_WH_Narrow_AW_4_seed_102,proposed_nsga2_bs,Gyorgy-KOVACS_WH_Narrow_AW_4,102,1,auto_from_instance,12,18,4,30,216,,,,,15,7,8,root > V:17 > BH:27 > BH:5 > BH:15 > BH:25 > BH:37 > BH:47 > BV:27,selected,1,1.1088038277511962,True,648,237,411,490.0,1.0,1.0,True,True,1,1,0,True,1,1,0,0,True,True,0,9,4,9,4,7,PF_LS_RP,fixed,,,False,0.1111111111111111,0.1,0.8888888888888888,0.1,adaptive,insert_random_aisle,offspring,feasible_start_adaptive_spacing,,,,feasible_start_adaptive_spacing,0.5,,True,auto_from_instance,0.75,0.35,"5,16,26,27,44,47","17,30,32",,,,,,"H[5,15,16,25,26,27,37,44,47]|V[17,27,30,32]",3ab80a1d8e68880e815ad780c83cfc2449e7f93f
proposed_nsga2_bs_Gyorgy-KOVACS_WH_Narrow_AW_4_seed_102,proposed_nsga2_bs,Gyorgy-KOVACS_WH_Narrow_AW_4,102,1,auto_from_instance,12,18,4,30,216,,,,,16,7,8,root > V:17 > BH:27 > BH:49 > BH:39 > BH:29 > BH:17 > BH:7 > BV:27,selected,1,inf,True,648,237,411,490.0,1.0,1.0,True,True,1,1,0,True,1,1,0,0,True,True,0,11,4,11,4,7,PF_LS_RP,fixed,,,False,0.1111111111111111,0.1,0.8888888888888888,0.1,adaptive,insert_random_aisle,offspring,feasible_start_adaptive_spacing,,,,feasible_start_adaptive_spacing,0.5,,True,auto_from_instance,0.75,0.35,"5,16,26,27,44,47","17,30,32",,,,,,"H[5,7,16,17,26,27,29,39,44,47,49]|V[17,27,30,32]",451b31cd7494c0e29ac39737991e84853f054397
proposed_nsga2_bs_Gyorgy-KOVACS_WH_Narrow_AW_4_seed_102,proposed_nsga2_bs,Gyorgy-KOVACS_WH_Narrow_AW_4,102,1,auto_from_instance,12,18,4,30,216,,,,,17,7,8,root > V:17 > BH:27 > BH:5 > BH:15 > BH:25 > BH:37 > BH:47 > BV:25,evaluated,2,inf,False,648,237,411,544.0,1.0,1.0,True,True,1,1,0,True,1,1,0,0,True,True,0,9,4,9,4,7,PF_LS_RP,fixed,,,False,0.1111111111111111,0.1,0.8888888888888888,0.1,adaptive,insert_random_aisle,offspring,feasible_start_adaptive_spacing,,,,feasible_start_adaptive_spacing,0.5,,True,auto_from_instance,0.75,0.35,"5,16,26,27,44,47","17,30,32",,,,,,"H[5,15,16,25,26,27,37,44,47]|V[17,25,30,32]",24e93b3467ee5334276be59c5b6e878bb2e06a66
proposed_nsga2_bs_Gyorgy-KOVACS_WH_Narrow_AW_4_seed_102,proposed_nsga2_bs,Gyorgy-KOVACS_WH_Narrow_AW_4,102,1,auto_from_instance,12,18,4,30,216,,,,,18,7,8,root > V:17 > BH:27 > BH:49 > BH:39 > BH:29 > BH:17 > BH:7 > BV:25,evaluated,2,inf,False,648,237,411,544.0,1.0,1.0,True,True,1,1,0,True,1,1,0,0,True,True,0,11,4,11,4,7,PF_LS_RP,fixed,,,False,0.1111111111111111,0.1,0.8888888888888888,0.1,adaptive,insert_random_aisle,offspring,feasible_start_adaptive_spacing,,,,feasible_start_adaptive_spacing,0.5,,True,auto_from_instance,0.75,0.35,"5,16,26,27,44,47","17,30,32",,,,,,"H[5,7,16,17,26,27,29,39,44,47,49]|V[17,25,30,32]",19631d63ec0204b55a5a6d539d26aaf84a80581d
proposed_nsga2_bs_Gyorgy-KOVACS_WH_Narrow_AW_4_seed_102,proposed_nsga2_bs,Gyorgy-KOVACS_WH_Narrow_AW_4,102,1,auto_from_instance,12,18,4,30,216,,,,,19,9,8,root > V:19 > BH:27 > BH:5 > BH:15 > BH:25 > BH:37 > BH:47 > BV:27,evaluated,3,inf,False,680,219,461,568.0,1.0,1.0,True,True,1,1,0,True,1,1,0,0,True,True,0,7,9,7,9,9,PF_LS_RP,fixed,,,False,0.1111111111111111,0.16209615716775966,0.8888888888888888,0.1,adaptive,spacing_aware_flip,offspring,feasible_start_adaptive_spacing,,,,feasible_start_adaptive_spacing,0.5,,True,auto_from_instance,0.75,0.35,"5,12,15,25,27,37,47","11,15,19,20,21,22,26,29",,,,,,"H[5,12,15,25,27,37,47]|V[11,15,19,20,21,22,26,27,29]",765044c2001aa13b89dcc3ab94cee7150e6707b9
proposed_nsga2_bs_Gyorgy-KOVACS_WH_Narrow_AW_4_seed_102,proposed_nsga2_bs,Gyorgy-KOVACS_WH_Narrow_AW_4,102,1,auto_from_instance,12,18,4,30,216,,,,,20,9,8,root > V:19 > BH:27 > BH:49 > BH:39 > BH:29 > BH:17 > BH:7 > BV:27,evaluated,3,inf,False,680,219,461,568.0,1.0,1.0,True,True,1,1,0,True,1,1,0,0,True,True,0,12,9,12,9,9,PF_LS_RP,fixed,,,False,0.1111111111111111,0.16209615716775966,0.8888888888888888,0.1,adaptive,spacing_aware_flip,offspring,feasible_start_adaptive_spacing,,,,feasible_start_adaptive_spacing,0.5,,True,auto_from_instance,0.75,0.35,"5,12,15,25,27,37,47","11,15,19,20,21,22,26,29",,,,,,"H[5,7,12,15,17,25,27,29,37,39,47,49]|V[11,15,19,20,21,22,26,27,29]",e804ee8e40d619c35bd933154a145af1f8bb0e46
proposed_nsga2_bs_Gyorgy-KOVACS_WH_Narrow_AW_4_seed_102,proposed_nsga2_bs,Gyorgy-KOVACS_WH_Narrow_AW_4,102,2,auto_from_instance,12,18,4,30,216,,,,,1,1,8,root > V:17 > BH:27 > BH:5 > BH:15 > BH:25 > BH:37 > BH:47 > BV:27,selected,1,1.1088038277511962,True,648,237,411,490.0,1.0,1.0,True,True,1,1,0,True,1,1,0,0,True,True,0,14,7,14,7,1,PF_LS_RP,fixed,,,False,0.16666666666666666,0.18075002440472698,0.8333333333333334,0.1,adaptive,spacing_aware_flip,offspring,feasible_start_adaptive_spacing,,,,feasible_start_adaptive_spacing,0.5,,True,auto_from_instance,0.75,0.35,"5,7,16,17,26,27,29,39,44,47,49","6,17,22,23,30,34",,,,,,"H[5,7,15,16,17,25,26,27,29,37,39,44,47,49]|V[6,17,22,23,27,30,34]",3ab80a1d8e68880e815ad780c83cfc2449e7f93f
proposed_nsga2_bs_Gyorgy-KOVACS_WH_Narrow_AW_4_seed_102,proposed_nsga2_bs,Gyorgy-KOVACS_WH_Narrow_AW_4,102,2,auto_from_instance,12,18,4,30,216,,,,,2,1,8,root > V:17 > BH:27 > BH:49 > BH:39 > BH:29 > BH:17 > BH:7 > BV:27,selected,1,inf,True,648,237,411,490.0,1.0,1.0,True,True,1,1,0,True,1,1,0,0,True,True,0,11,7,11,7,1,PF_LS_RP,fixed,,,False,0.16666666666666666,0.18075002440472698,0.8333333333333334,0.1,adaptive,spacing_aware_flip,offspring,feasible_start_adaptive_spacing,,,,feasible_start_adaptive_spacing,0.5,,True,auto_from_instance,0.75,0.35,"5,7,16,17,26,27,29,39,44,47,49","6,17,22,23,30,34",,,,,,"H[5,7,16,17,26,27,29,39,44,47,49]|V[6,17,22,23,27,30,34]",451b31cd7494c0e29ac39737991e84853f054397
proposed_nsga2_bs_Gyorgy-KOVACS_WH_Narrow_AW_4_seed_102,proposed_nsga2_bs,Gyorgy-KOVACS_WH_Narrow_AW_4,102,2,auto_from_instance,12,18,4,30,216,,,,,3,1,8,root > V:17 > BH:27 > BH:5 > BH:15 > BH:25 > BH:37 > BH:47 > BV:25,evaluated,2,inf,False,648,237,411,544.0,1.0,1.0,True,True,1,1,0,True,1,1,0,0,True,True,0,14,7,14,7,1,PF_LS_RP,fixed,,,False,0.16666666666666666,0.18075002440472698,0.8333333333333334,0.1,adaptive,spacing_aware_flip,offspring,feasible_start_adaptive_spacing,,,,feasible_start_adaptive_spacing,0.5,,True,auto_from_instance,0.75,0.35,"5,7,16,17,26,27,29,39,44,47,49","6,17,22,23,30,34",,,,,,"H[5,7,15,16,17,25,26,27,29,37,39,44,47,49]|V[6,17,22,23,25,30,34]",24e93b3467ee5334276be59c5b6e878bb2e06a66
proposed_nsga2_bs_Gyorgy-KOVACS_WH_Narrow_AW_4_seed_102,proposed_nsga2_bs,Gyorgy-KOVACS_WH_Narrow_AW_4,102,2,auto_from_instance,12,18,4,30,216,,,,,4,1,8,root > V:17 > BH:27 > BH:49 > BH:39 > BH:29 > BH:17 > BH:7 > BV:25,evaluated,2,inf,False,648,237,411,544.0,1.0,1.0,True,True,1,1,0,True,1,1,0,0,True,True,0,11,7,11,7,1,PF_LS_RP,fixed,,,False,0.16666666666666666,0.18075002440472698,0.8333333333333334,0.1,adaptive,spacing_aware_flip,offspring,feasible_start_adaptive_spacing,,,,feasible_start_adaptive_spacing,0.5,,True,auto_from_instance,0.75,0.35,"5,7,16,17,26,27,29,39,44,47,49","6,17,22,23,30,34",,,,,,"H[5,7,16,17,26,27,29,39,44,47,49]|V[6,17,22,23,25,30,34]",19631d63ec0204b55a5a6d539d26aaf84a80581d
proposed_nsga2_bs_Gyorgy-KOVACS_WH_Narrow_AW_4_seed_102,proposed_nsga2_bs,Gyorgy-KOVACS_WH_Narrow_AW_4,102,2,auto_from_instance,12,18,4,30,216,,,,,5,2,4,root > V:27 > BH:27 > BV:19 > BV:19,selected,1,inf,True,684,260,424,484.0,1.0,1.0,True,True,1,1,0,True,1,1,0,0,True,True,0,11,5,11,5,2,PF_LS_RP,fixed,,,False,0.16666666666666666,0.12650324590731643,0.8333333333333334,0.1,adaptive,break_symmetry,offspring,feasible_start_adaptive_spacing,,,,feasible_start_adaptive_spacing,0.5,,True,auto_from_instance,0.75,0.35,"5,7,15,16,17,25,27,29,37,39,47","15,27,31,32",,,,,,"H[5,7,15,16,17,25,27,29,37,39,47]|V[15,19,27,31,32]",9baad5a6d6d08df213ec54891109e23b1069a9a5
proposed_nsga2_bs_Gyorgy-KOVACS_WH_Narrow_AW_4_seed_102,proposed_nsga2_bs,Gyorgy-KOVACS_WH_Narrow_AW_4,102,2,auto_from_instance,12,18,4,30,216,,,,,6,2,4,root > V:27 > BH:27 > BV:17 > BV:19,selected,1,0.0,True,684,260,424,484.0,1.0,1.0,True,True,1,1,0,True,1,1,0,0,True,True,0,11,6,11,6,2,PF_LS_RP,fixed,,,False,0.16666666666666666,0.12650324590731643,0.8333333333333334,0.1,adaptive,break_symmetry,offspring,feasible_start_adaptive_spacing,,,,feasible_start_adaptive_spacing,0.5,,True,auto_from_instance,0.75,0.35,"5,7,15,16,17,25,27,29,37,39,47","15,27,31,32",,,,,,"H[5,7,15,16,17,25,27,29,37,39,47]|V[15,17,19,27,31,32]",7ea492661f4a7d780540a41c5bfc758906148e19
proposed_nsga2_bs_Gyorgy-KOVACS_WH_Narrow_AW_4_seed_102,proposed_nsga2_bs,Gyorgy-KOVACS_WH_Narrow_AW_4,102,2,auto_from_instance,12,18,4,30,216,,,,,7,2,4,root > V:27 > BH:27 > BV:19 > BV:17,evaluated,1,0.0,False,684,260,424,484.0,1.0,1.0,True,True,1,1,0,True,1,1,0,0,True,True,0,11,6,11,6,2,PF_LS_RP,fixed,,,False,0.16666666666666666,0.12650324590731643,0.8333333333333334,0.1,adaptive,break_symmetry,offspring,feasible_start_adaptive_spacing,,,,feasible_start_adaptive_spacing,0.5,,True,auto_from_instance,0.75,0.35,"5,7,15,16,17,25,27,29,37,39,47","15,27,31,32",,,,,,"H[5,7,15,16,17,25,27,29,37,39,47]|V[15,17,19,27,31,32]",59c55a28d53f47701301421f850890ad1de7d63b
proposed_nsga2_bs_Gyorgy-KOVACS_WH_Narrow_AW_4_seed_102,proposed_nsga2_bs,Gyorgy-KOVACS_WH_Narrow_AW_4,102,2,auto_from_instance,12,18,4,30,216,,,,,8,2,4,root > V:27 > BH:27 > BV:17 > BV:17,selected,1,inf,True,684,260,424,484.0,1.0,1.0,True,True,1,1,0,True,1,1,0,0,True,True,0,11,5,11,5,2,PF_LS_RP,fixed,,,False,0.16666666666666666,0.12650324590731643,0.8333333333333334,0.1,adaptive,break_symmetry,offspring,feasible_start_adaptive_spacing,,,,feasible_start_adaptive_spacing,0.5,,True,auto_from_instance,0.75,0.35,"5,7,15,16,17,25,27,29,37,39,47","15,27,31,32",,,,,,"H[5,7,15,16,17,25,27,29,37,39,47]|V[15,17,27,31,32]",6732d5258a9313035bead181283e041def90bbb2
proposed_nsga2_bs_Gyorgy-KOVACS_WH_Narrow_AW_4_seed_102,proposed_nsga2_bs,Gyorgy-KOVACS_WH_Narrow_AW_4,102,2,auto_from_instance,12,18,4,30,216,,,,,9,4,9,root > V:15 > BH:27 > BH:5 > BH:15 > BH:25 > BH:37 > BH:47 > BV:23 > BV:30,selected,0,inf,True,592,261,331,462.0,1.0,1.0,True,True,1,1,0,True,1,1,0,0,True,True,0,13,5,13,5,4,PF_LS_RP,fixed,,,False,0.16666666666666666,0.1568369162552164,0.8333333333333334,0.1,adaptive,spacing_aware_flip,offspring,feasible_start_adaptive_spacing,,,,feasible_start_adaptive_spacing,0.5,,True,auto_from_instance,0.75,0.35,"5,7,15,16,17,25,27,29,37,39,49,53","15,22,23,30,34",,,,,,"H[5,7,15,16,17,25,27,29,37,39,47,49,53]|V[15,22,23,30,34]",9ee2190bb5e677e5dd6004d3c767bf39ff3449fb
proposed_nsga2_bs_Gyorgy-KOVACS_WH_Narrow_AW_4_seed_102,proposed_nsga2_bs,Gyorgy-KOVACS_WH_Narrow_AW_4,102,2,auto_from_instance,12,18,4,30,216,,,,,10,4,9,root > V:15 > BH:27 > BH:49 > BH:39 > BH:29 > BH:17 > BH:7 > BV:23 > BV:30,selected,0,inf,True,592,261,331,462.0,1.0,1.0,True,True,1,1,0,True,1,1,0,0,True,True,0,12,5,12,5,4,PF_LS_RP,fixed,,,False,0.16666666666666666,0.1568369162552164,0.8333333333333334,0.1,adaptive,spacing_aware_flip,offspring,feasible_start_adaptive_spacing,,,,feasible_start_adaptive_spacing,0.5,,True,auto_from_instance,0.75,0.35,"5,7,15,16,17,25,27,29,37,39,49,53","15,22,23,30,34",,,,,,"H[5,7,15,16,17,25,27,29,37,39,49,53]|V[15,22,23,30,34]",eef866e48d563b788dc6683537da31dffdbde584
proposed_nsga2_bs_Gyorgy-KOVACS_WH_Narrow_AW_4_seed_102,proposed_nsga2_bs,Gyorgy-KOVACS_WH_Narrow_AW_4,102,2,auto_from_instance,12,18,4,30,216,,,,,11,5,8,root > V:16 > BH:27 > BH:5 > BH:15 > BH:25 > BH:37 > BH:47 > BV:26,selected,1,inf,True,632,246,386,550.0,1.0,1.0,True,True,1,1,0,True,1,1,0,0,True,True,0,13,6,13,6,5,PF_LS_RP,fixed,,,False,0.16666666666666666,0.2064375610929326,0.8333333333333334,0.1,adaptive,insert_random_aisle,offspring,feasible_start_adaptive_spacing,,,,feasible_start_adaptive_spacing,0.5,,True,auto_from_instance,0.75,0.35,"5,7,15,16,17,23,25,27,29,37,39,47,56","16,22,23,30,34",,,,,,"H[5,7,15,16,17,23,25,27,29,37,39,47,56]|V[16,22,23,26,30,34]",08ee812bc396556b6550be0bd82f9266dcd2fe55
proposed_nsga2_bs_Gyorgy-KOVACS_WH_Narrow_AW_4_seed_102,proposed_nsga2_bs,Gyorgy-KOVACS_WH_Narrow_AW_4,102,2,auto_from_instance,12,18,4,30,216,,,,,12,5,8,root > V:16 > BH:27 > BH:49 > BH:39 > BH:29 > BH:17 > BH:7 > BV:26,selected,1,inf,True,632,246,386,550.0,1.0,1.0,True,True,1,1,0,True,1,1,0,0,True,True,0,14,6,14,6,5,PF_LS_RP,fixed,,,False,0.16666666666666666,0.2064375610929326,0.8333333333333334,0.1,adaptive,insert_random_aisle,offspring,feasible_start_adaptive_spacing,,,,feasible_start_adaptive_spacing,0.5,,True,auto_from_instance,0.75,0.35,"5,7,15,16,17,23,25,27,29,37,39,47,56","16,22,23,30,34",,,,,,"H[5,7,15,16,17,23,25,27,29,37,39,47,49,56]|V[16,22,23,26,30,34]",660d9dab711cc8220a7c4152b9d81284ad744a59
proposed_nsga2_bs_Gyorgy-KOVACS_WH_Narrow_AW_4_seed_102,proposed_nsga2_bs,Gyorgy-KOVACS_WH_Narrow_AW_4,102,2,auto_from_instance,12,18,4,30,216,,,,,13,5,8,root > V:16 > BH:27 > BH:5 > BH:15 > BH:25 > BH:37 > BH:47 > BV:24,evaluated,2,inf,False,632,246,386,628.0,1.0,1.0,True,True,1,1,0,True,1,1,0,0,True,True,0,13,6,13,6,5,PF_LS_RP,fixed,,,False,0.16666666666666666,0.2064375610929326,0.8333333333333334,0.1,adaptive,insert_random_aisle,offspring,feasible_start_adaptive_spacing,,,,feasible_start_adaptive_spacing,0.5,,True,auto_from_instance,0.75,0.35,"5,7,15,16,17,23,25,27,29,37,39,47,56","16,22,23,30,34",,,,,,"H[5,7,15,16,17,23,25,27,29,37,39,47,56]|V[16,22,23,24,30,34]",fe71932ea9ef92cbca4e0b578f20f6e88be50370
proposed_nsga2_bs_Gyorgy-KOVACS_WH_Narrow_AW_4_seed_102,proposed_nsga2_bs,Gyorgy-KOVACS_WH_Narrow_AW_4,102,2,auto_from_instance,12,18,4,30,216,,,,,14,5,8,root > V:16 > BH:27 > BH:49 > BH:39 > BH:29 > BH:17 > BH:7 > BV:24,evaluated,2,inf,False,632,246,386,628.0,1.0,1.0,True,True,1,1,0,True,1,1,0,0,True,True,0,14,6,14,6,5,PF_LS_RP,fixed,,,False,0.16666666666666666,0.2064375610929326,0.8333333333333334,0.1,adaptive,insert_random_aisle,offspring,feasible_start_adaptive_spacing,,,,feasible_start_adaptive_spacing,0.5,,True,auto_from_instance,0.75,0.35,"5,7,15,16,17,23,25,27,29,37,39,47,56","16,22,23,30,34",,,,,,"H[5,7,15,16,17,23,25,27,29,37,39,47,49,56]|V[16,22,23,24,30,34]",9696e3fb0a981a3c866440c46c54987a8cf3ab94
proposed_nsga2_bs_Gyorgy-KOVACS_WH_Narrow_AW_4_seed_102,proposed_nsga2_bs,Gyorgy-KOVACS_WH_Narrow_AW_4,102,2,auto_from_instance,12,18,4,30,216,,,,,15,7,4,root > V:28 > BH:27 > BV:19 > BV:19,selected,0,inf,True,680,262,418,472.0,1.0,1.0,True,True,1,1,0,True,1,1,0,0,True,True,0,9,4,9,4,7,PF_LS_RP,fixed,,,False,0.16666666666666666,0.20360148622107518,0.8333333333333334,0.1,adaptive,swap_segments,offspring,feasible_start_adaptive_spacing,,,,feasible_start_adaptive_spacing,0.5,,True,auto_from_instance,0.75,0.35,"5,7,16,25,27,29,37,39,47","19,20,28,34",,,,,,"H[5,7,16,25,27,29,37,39,47]|V[19,20,28,34]",fc4825140fa5e2560776b4b932f5ef46c1588f36
proposed_nsga2_bs_Gyorgy-KOVACS_WH_Narrow_AW_4_seed_102,proposed_nsga2_bs,Gyorgy-KOVACS_WH_Narrow_AW_4,102,2,auto_from_instance,12,18,4,30,216,,,,,16,7,4,root > V:28 > BH:27 > BV:19 > BV:21,selected,1,inf,True,680,262,418,524.0,1.0,1.0,True,True,1,1,0,True,1,1,0,0,True,True,0,9,5,9,5,7,PF_LS_RP,fixed,,,False,0.16666666666666666,0.20360148622107518,0.8333333333333334,0.1,adaptive,swap_segments,offspring,feasible_start_adaptive_spacing,,,,feasible_start_adaptive_spacing,0.5,,True,auto_from_instance,0.75,0.35,"5,7,16,25,27,29,37,39,47","19,20,28,34",,,,,,"H[5,7,16,25,27,29,37,39,47]|V[19,20,21,28,34]",334779b46d5c288ee3031362a71af20db7b63dd5
proposed_nsga2_bs_Gyorgy-KOVACS_WH_Narrow_AW_4_seed_102,proposed_nsga2_bs,Gyorgy-KOVACS_WH_Narrow_AW_4,102,2,auto_from_instance,12,18,4,30,216,,,,,17,7,4,root > V:28 > BH:27 > BV:19 > BV:21,evaluated,1,0.0,False,680,262,418,524.0,1.0,1.0,True,True,1,1,0,True,1,1,0,0,True,True,0,9,5,9,5,7,PF_LS_RP,fixed,,,False,0.16666666666666666,0.20360148622107518,0.8333333333333334,0.1,adaptive,swap_segments,offspring,feasible_start_adaptive_spacing,,,,feasible_start_adaptive_spacing,0.5,,True,auto_from_instance,0.75,0.35,"5,7,16,25,27,29,37,39,47","19,20,28,34",,,,,,"H[5,7,16,25,27,29,37,39,47]|V[19,20,21,28,34]",8f2926ac3d427dac9f2e22e7dbb4782d03fe71f9
proposed_nsga2_bs_Gyorgy-KOVACS_WH_Narrow_AW_4_seed_102,proposed_nsga2_bs,Gyorgy-KOVACS_WH_Narrow_AW_4,102,2,auto_from_instance,12,18,4,30,216,,,,,18,7,4,root > V:28 > BH:27 > BV:19 > BV:17,selected,1,0.6318341307814991,True,680,262,418,524.0,1.0,1.0,True,True,1,1,0,True,1,1,0,0,True,True,0,9,5,9,5,7,PF_LS_RP,fixed,,,False,0.16666666666666666,0.20360148622107518,0.8333333333333334,0.1,adaptive,swap_segments,offspring,feasible_start_adaptive_spacing,,,,feasible_start_adaptive_spacing,0.5,,True,auto_from_instance,0.75,0.35,"5,7,16,25,27,29,37,39,47","19,20,28,34",,,,,,"H[5,7,16,25,27,29,37,39,47]|V[17,19,20,28,34]",c3a8d798cccc0ae6137f5d1801f12286f82d75a7
proposed_nsga2_bs_Gyorgy-KOVACS_WH_Narrow_AW_4_seed_102,proposed_nsga2_bs,Gyorgy-KOVACS_WH_Narrow_AW_4,102,2,auto_from_instance,12,18,4,30,216,,,,,19,11,8,root > V:19 > BH:27 > BH:5 > BH:15 > BH:25 > BH:37 > BH:47 > BV:27,evaluated,3,inf,False,680,219,461,568.0,1.0,1.0,True,True,1,1,0,True,1,1,0,0,True,True,0,10,6,10,6,11,PF_LS_RP,fixed,,,False,0.16666666666666666,0.21000513106952814,0.8333333333333334,0.1,adaptive,bit_flip,offspring,feasible_start_adaptive_spacing,,,,feasible_start_adaptive_spacing,0.5,,True,auto_from_instance,0.75,0.35,"2,16,25,27,47,49,50","19,20,21,25,29",,,,,,"H[2,5,15,16,25,27,37,47,49,50]|V[19,20,21,25,27,29]",765044c2001aa13b89dcc3ab94cee7150e6707b9
proposed_nsga2_bs_Gyorgy-KOVACS_WH_Narrow_AW_4_seed_102,proposed_nsga2_bs,Gyorgy-KOVACS_WH_Narrow_AW_4,102,2,auto_from_instance,12,18,4,30,216,,,,,20,11,8,root > V:19 > BH:27 > BH:49 > BH:39 > BH:29 > BH:17 > BH:7 > BV:27,evaluated,3,inf,False,680,219,461,568.0,1.0,1.0,True,True,1,1,0,True,1,1,0,0,True,True,0,11,6,11,6,11,PF_LS_RP,fixed,,,False,0.16666666666666666,0.21000513106952814,0.8333333333333334,0.1,adaptive,bit_flip,offspring,feasible_start_adaptive_spacing,,,,feasible_start_adaptive_spacing,0.5,,True,auto_from_instance,0.75,0.35,"2,16,25,27,47,49,50","19,20,21,25,29",,,,,,"H[2,7,16,17,25,27,29,39,47,49,50]|V[19,20,21,25,27,29]",e804ee8e40d619c35bd933154a145af1f8bb0e46
proposed_nsga2_bs_Gyorgy-KOVACS_WH_Narrow_AW_4_seed_102,proposed_nsga2_bs,Gyorgy-KOVACS_WH_Narrow_AW_4,102,3,auto_from_instance,12,18,4,30,216,,,,,1,1,4,root > V:28 > BH:27 > BV:19 > BV:19,selected,0,inf,True,680,262,418,472.0,1.0,1.0,True,True,1,1,0,True,1,1,0,0,True,True,0,11,6,11,6,1,PF_LS_RP,fixed,,,False,0.2222222222222222,0.14722535830689798,0.7777777777777778,0.1,adaptive,spacing_aware_flip,offspring,feasible_start_adaptive_spacing,,,,feasible_start_adaptive_spacing,0.5,,True,auto_from_instance,0.75,0.35,"5,7,16,17,26,27,29,39,44,47,55","17,19,20,21,28,34",,,,,,"H[5,7,16,17,26,27,29,39,44,47,55]|V[17,19,20,21,28,34]",fc4825140fa5e2560776b4b932f5ef46c1588f36
proposed_nsga2_bs_Gyorgy-KOVACS_WH_Narrow_AW_4_seed_102,proposed_nsga2_bs,Gyorgy-KOVACS_WH_Narrow_AW_4,102,3,auto_from_instance,12,18,4,30,216,,,,,2,1,4,root > V:28 > BH:27 > BV:19 > BV:21,selected,1,inf,True,680,262,418,524.0,1.0,1.0,True,True,1,1,0,True,1,1,0,0,True,True,0,11,6,11,6,1,PF_LS_RP,fixed,,,False,0.2222222222222222,0.14722535830689798,0.7777777777777778,0.1,adaptive,spacing_aware_flip,offspring,feasible_start_adaptive_spacing,,,,feasible_start_adaptive_spacing,0.5,,True,auto_from_instance,0.75,0.35,"5,7,16,17,26,27,29,39,44,47,55","17,19,20,21,28,34",,,,,,"H[5,7,16,17,26,27,29,39,44,47,55]|V[17,19,20,21,28,34]",334779b46d5c288ee3031362a71af20db7b63dd5
proposed_nsga2_bs_Gyorgy-KOVACS_WH_Narrow_AW_4_seed_102,proposed_nsga2_bs,Gyorgy-KOVACS_WH_Narrow_AW_4,102,3,auto_from_instance,12,18,4,30,216,,,,,3,1,4,root > V:28 > BH:27 > BV:19 > BV:21,selected,1,0.0,True,680,262,418,524.0,1.0,1.0,True,True,1,1,0,True,1,1,0,0,True,True,0,11,6,11,6,1,PF_LS_RP,fixed,,,False,0.2222222222222222,0.14722535830689798,0.7777777777777778,0.1,adaptive,spacing_aware_flip,offspring,feasible_start_adaptive_spacing,,,,feasible_start_adaptive_spacing,0.5,,True,auto_from_instance,0.75,0.35,"5,7,16,17,26,27,29,39,44,47,55","17,19,20,21,28,34",,,,,,"H[5,7,16,17,26,27,29,39,44,47,55]|V[17,19,20,21,28,34]",8f2926ac3d427dac9f2e22e7dbb4782d03fe71f9
proposed_nsga2_bs_Gyorgy-KOVACS_WH_Narrow_AW_4_seed_102,proposed_nsga2_bs,Gyorgy-KOVACS_WH_Narrow_AW_4,102,3,auto_from_instance,12,18,4,30,216,,,,,4,1,4,root > V:28 > BH:27 > BV:19 > BV:17,selected,1,inf,True,680,262,418,524.0,1.0,1.0,True,True,1,1,0,True,1,1,0,0,True,True,0,11,6,11,6,1,PF_LS_RP,fixed,,,False,0.2222222222222222,0.14722535830689798,0.7777777777777778,0.1,adaptive,spacing_aware_flip,offspring,feasible_start_adaptive_spacing,,,,feasible_start_adaptive_spacing,0.5,,True,auto_from_instance,0.75,0.35,"5,7,16,17,26,27,29,39,44,47,55","17,19,20,21,28,34",,,,,,"H[5,7,16,17,26,27,29,39,44,47,55]|V[17,19,20,21,28,34]",c3a8d798cccc0ae6137f5d1801f12286f82d75a7
proposed_nsga2_bs_Gyorgy-KOVACS_WH_Narrow_AW_4_seed_102,proposed_nsga2_bs,Gyorgy-KOVACS_WH_Narrow_AW_4,102,3,auto_from_instance,12,18,4,30,216,,,,,5,2,4,root > V:27 > BH:27 > BV:19 > BV:19,selected,1,inf,True,684,260,424,484.0,1.0,1.0,True,True,1,1,0,True,1,1,0,0,True,True,0,11,7,11,7,2,PF_LS_RP,fixed,,,False,0.2222222222222222,0.23586840268048712,0.7777777777777778,0.1,adaptive,bit_flip,offspring,feasible_start_adaptive_spacing,,,,feasible_start_adaptive_spacing,0.5,,True,auto_from_instance,0.75,0.35,"3,5,7,16,25,27,29,37,39,47,49","6,22,23,27,30,34",,,,,,"H[3,5,7,16,25,27,29,37,39,47,49]|V[6,19,22,23,27,30,34]",9baad5a6d6d08df213ec54891109e23b1069a9a5
proposed_nsga2_bs_Gyorgy-KOVACS_WH_Narrow_AW_4_seed_102,proposed_nsga2_bs,Gyorgy-KOVACS_WH_Narrow_AW_4,102,3,auto_from_instance,12,18,4,30,216,,,,,6,2,4,root > V:27 > BH:27 > BV:17 > BV:19,selected,1,0.0,True,684,260,424,484.0,1.0,1.0,True,True,1,1,0,True,1,1,0,0,True,True,0,11,8,11,8,2,PF_LS_RP,fixed,,,False,0.2222222222222222,0.23586840268048712,0.7777777777777778,0.1,adaptive,bit_flip,offspring,feasible_start_adaptive_spacing,,,,feasible_start_adaptive_spacing,0.5,,True,auto_from_instance,0.75,0.35,"3,5,7,16,25,27,29,37,39,47,49","6,22,23,27,30,34",,,,,,"H[3,5,7,16,25,27,29,37,39,47,49]|V[6,17,19,22,23,27,30,34]",7ea492661f4a7d780540a41c5bfc758906148e19
proposed_nsga2_bs_Gyorgy-KOVACS_WH_Narrow_AW_4_seed_102,proposed_nsga2_bs,Gyorgy-KOVACS_WH_Narrow_AW_4,102,3,auto_from_instance,12,18,4,30,216,,,,,7,2,4,root > V:27 > BH:27 > BV:19 > BV:17,selected,1,0.0,True,684,260,424,484.0,1.0,1.0,True,True,1,1,0,True,1,1,0,0,True,True,0,11,8,11,8,2,PF_LS_RP,fixed,,,False,0.2222222222222222,0.23586840268048712,0.7777777777777778,0.1,adaptive,bit_flip,offspring,feasible_start_adaptive_spacing,,,,feasible_start_adaptive_spacing,0.5,,True,auto_from_instance,0.75,0.35,"3,5,7,16,25,27,29,37,39,47,49","6,22,23,27,30,34",,,,,,"H[3,5,7,16,25,27,29,37,39,47,49]|V[6,17,19,22,23,27,30,34]",59c55a28d53f47701301421f850890ad1de7d63b
proposed_nsga2_bs_Gyorgy-KOVACS_WH_Narrow_AW_4_seed_102,proposed_nsga2_bs,Gyorgy-KOVACS_WH_Narrow_AW_4,102,3,auto_from_instance,12,18,4,30,216,,,,,8,2,4,root > V:27 > BH:27 > BV:17 > BV:17,selected,1,inf,True,684,260,424,484.0,1.0,1.0,True,True,1,1,0,True,1,1,0,0,True,True,0,11,7,11,7,2,PF_LS_RP,fixed,,,False,0.2222222222222222,0.23586840268048712,0.7777777777777778,0.1,adaptive,bit_flip,offspring,feasible_start_adaptive_spacing,,,,feasible_start_adaptive_spacing,0.5,,True,auto_from_instance,0.75,0.35,"3,5,7,16,25,27,29,37,39,47,49","6,22,23,27,30,34",,,,,,"H[3,5,7,16,25,27,29,37,39,47,49]|V[6,17,22,23,27,30,34]",6732d5258a9313035bead181283e041def90bbb2
proposed_nsga2_bs_Gyorgy-KOVACS_WH_Narrow_AW_4_seed_102,proposed_nsga2_bs,Gyorgy-KOVACS_WH_Narrow_AW_4,102,3,auto_from_instance,12,18,4,30,216,,,,,9,4,9,root > V:15 > BH:27 > BH:5 > BH:15 > BH:25 > BH:37 > BH:47 > BV:23 > BV:30,selected,0,inf,True,592,261,331,462.0,1.0,1.0,True,True,1,1,0,True,1,1,0,0,True,True,0,11,7,11,7,4,PF_LS_RP,fixed,,,False,0.2222222222222222,0.28712368632654184,0.7777777777777778,0.1,adaptive,swap_segments,offspring,feasible_start_adaptive_spacing,,,,feasible_start_adaptive_spacing,0.5,,True,auto_from_instance,0.75,0.35,"5,7,15,16,17,25,27,29,37,39,47","15,25,26,31,32",,,,,,"H[5,7,15,16,17,25,27,29,37,39,47]|V[15,23,25,26,30,31,32]",9ee2190bb5e677e5dd6004d3c767bf39ff3449fb
proposed_nsga2_bs_Gyorgy-KOVACS_WH_Narrow_AW_4_seed_102,proposed_nsga2_bs,Gyorgy-KOVACS_WH_Narrow_AW_4,102,3,auto_from_instance,12,18,4,30,216,,,,,10,4,9,root > V:15 > BH:27 > BH:49 > BH:39 > BH:29 > BH:17 > BH:7 > BV:23 > BV:30,selected,0,inf,True,592,261,331,462.0,1.0,1.0,True,True,1,1,0,True,1,1,0,0,True,True,0,12,7,12,7,4,PF_LS_RP,fixed,,,False,0.2222222222222222,0.28712368632654184,0.7777777777777778,0.1,adaptive,swap_segments,offspring,feasible_start_adaptive_spacing,,,,feasible_start_adaptive_spacing,0.5,,True,auto_from_instance,0.75,0.35,"5,7,15,16,17,25,27,29,37,39,47","15,25,26,31,32",,,,,,"H[5,7,15,16,17,25,27,29,37,39,47,49]|V[15,23,25,26,30,31,32]",eef866e48d563b788dc6683537da31dffdbde584
proposed_nsga2_bs_Gyorgy-KOVACS_WH_Narrow_AW_4_seed_102,proposed_nsga2_bs,Gyorgy-KOVACS_WH_Narrow_AW_4,102,3,auto_from_instance,12,18,4,30,216,,,,,11,5,8,root > V:17 > BH:27 > BH:5 > BH:15 > BH:25 > BH:37 > BH:47 > BV:27,selected,1,inf,True,648,237,411,490.0,1.0,1.0,True,True,1,1,0,True,1,1,0,0,True,True,0,12,7,12,7,5,PF_LS_RP,fixed,,,False,0.2222222222222222,0.2518518041630539,0.7777777777777778,0.1,adaptive,remove_random_aisle,offspring,feasible_start_adaptive_spacing,,,,feasible_start_adaptive_spacing,0.5,,True,auto_from_instance,0.75,0.35,"5,7,15,16,17,25,27,29,37,49,53","6,17,22,23,30,34",,,,,,"H[5,7,15,16,17,25,27,29,37,47,49,53]|V[6,17,22,23,27,30,34]",3ab80a1d8e68880e815ad780c83cfc2449e7f93f
proposed_nsga2_bs_Gyorgy-KOVACS_WH_Narrow_AW_4_seed_102,proposed_nsga2_bs,Gyorgy-KOVACS_WH_Narrow_AW_4,102,3,auto_from_instance,12,18,4,30,216,,,,,12,5,8,root > V:17 > BH:27 > BH:49 > BH:39 > BH:29 > BH:17 > BH:7 > BV:27,selected,1,inf,True,648,237,411,490.0,1.0,1.0,True,True,1,1,0,True,1,1,0,0,True,True,0,12,7,12,7,5,PF_LS_RP,fixed,,,False,0.2222222222222222,0.2518518041630539,0.7777777777777778,0.1,adaptive,remove_random_aisle,offspring,feasible_start_adaptive_spacing,,,,feasible_start_adaptive_spacing,0.5,,True,auto_from_instance,0.75,0.35,"5,7,15,16,17,25,27,29,37,49,53","6,17,22,23,30,34",,,,,,"H[5,7,15,16,17,25,27,29,37,39,49,53]|V[6,17,22,23,27,30,34]",451b31cd7494c0e29ac39737991e84853f054397
proposed_nsga2_bs_Gyorgy-KOVACS_WH_Narrow_AW_4_seed_102,proposed_nsga2_bs,Gyorgy-KOVACS_WH_Narrow_AW_4,102,3,auto_from_instance,12,18,4,30,216,,,,,13,5,8,root > V:17 > BH:27 > BH:5 > BH:15 > BH:25 > BH:37 > BH:47 > BV:25,evaluated,2,inf,False,648,237,411,544.0,1.0,1.0,True,True,1,1,0,True,1,1,0,0,True,True,0,12,7,12,7,5,PF_LS_RP,fixed,,,False,0.2222222222222222,0.2518518041630539,0.7777777777777778,0.1,adaptive,remove_random_aisle,offspring,feasible_start_adaptive_spacing,,,,feasible_start_adaptive_spacing,0.5,,True,auto_from_instance,0.75,0.35,"5,7,15,16,17,25,27,29,37,49,53","6,17,22,23,30,34",,,,,,"H[5,7,15,16,17,25,27,29,37,47,49,53]|V[6,17,22,23,25,30,34]",24e93b3467ee5334276be59c5b6e878bb2e06a66
proposed_nsga2_bs_Gyorgy-KOVACS_WH_Narrow_AW_4_seed_102,proposed_nsga2_bs,Gyorgy-KOVACS_WH_Narrow_AW_4,102,3,auto_from_instance,12,18,4,30,216,,,,,14,5,8,root > V:17 > BH:27 > BH:49 > BH:39 > BH:29 > BH:17 > BH:7 > BV:25,evaluated,2,inf,False,648,237,411,544.0,1.0,1.0,True,True,1,1,0,True,1,1,0,0,True,True,0,12,7,12,7,5,PF_LS_RP,fixed,,,False,0.2222222222222222,0.2518518041630539,0.7777777777777778,0.1,adaptive,remove_random_aisle,offspring,feasible_start_adaptive_spacing,,,,feasible_start_adaptive_spacing,0.5,,True,auto_from_instance,0.75,0.35,"5,7,15,16,17,25,27,29,37,49,53","6,17,22,23,30,34",,,,,,"H[5,7,15,16,17,25,27,29,37,39,49,53]|V[6,17,22,23,25,30,34]",19631d63ec0204b55a5a6d539d26aaf84a80581d
proposed_nsga2_bs_Gyorgy-KOVACS_WH_Narrow_AW_4_seed_102,proposed_nsga2_bs,Gyorgy-KOVACS_WH_Narrow_AW_4,102,4,auto_from_instance,12,18,4,30,216,,,,,1,1,4,root > V:28 > BH:27 > BV:19 > BV:19,selected,0,inf,True,680,262,418,472.0,1.0,1.0,True,True,1,1,0,True,1,1,0,0,True,True,0,11,7,11,7,1,PF_LS_RP,fixed,,,False,0.2777777777777778,0.3556045282616845,0.7222222222222222,0.1,adaptive,break_symmetry,offspring,feasible_start_adaptive_spacing,,,,feasible_start_adaptive_spacing,0.5,,True,auto_from_instance,0.75,0.35,"2,5,7,16,25,26,27,29,39,44,47","6,17,19,20,21,28,34",,,,,,"H[2,5,7,16,25,26,27,29,39,44,47]|V[6,17,19,20,21,28,34]",fc4825140fa5e2560776b4b932f5ef46c1588f36
proposed_nsga2_bs_Gyorgy-KOVACS_WH_Narrow_AW_4_seed_102,proposed_nsga2_bs,Gyorgy-KOVACS_WH_Narrow_AW_4,102,4,auto_from_instance,12,18,4,30,216,,,,,2,1,4,root > V:28 > BH:27 > BV:19 > BV:21,selected,1,inf,True,680,262,418,524.0,1.0,1.0,True,True,1,1,0,True,1,1,0,0,True,True,0,11,7,11,7,1,PF_LS_RP,fixed,,,False,0.2777777777777778,0.3556045282616845,0.7222222222222222,0.1,adaptive,break_symmetry,offspring,feasible_start_adaptive_spacing,,,,feasible_start_adaptive_spacing,0.5,,True,auto_from_instance,0.75,0.35,"2,5,7,16,25,26,27,29,39,44,47","6,17,19,20,21,28,34",,,,,,"H[2,5,7,16,25,26,27,29,39,44,47]|V[6,17,19,20,21,28,34]",334779b46d5c288ee3031362a71af20db7b63dd5
proposed_nsga2_bs_Gyorgy-KOVACS_WH_Narrow_AW_4_seed_102,proposed_nsga2_bs,Gyorgy-KOVACS_WH_Narrow_AW_4,102,4,auto_from_instance,12,18,4,30,216,,,,,3,1,4,root > V:28 > BH:27 > BV:19 > BV:21,selected,1,0.0,True,680,262,418,524.0,1.0,1.0,True,True,1,1,0,True,1,1,0,0,True,True,0,11,7,11,7,1,PF_LS_RP,fixed,,,False,0.2777777777777778,0.3556045282616845,0.7222222222222222,0.1,adaptive,break_symmetry,offspring,feasible_start_adaptive_spacing,,,,feasible_start_adaptive_spacing,0.5,,True,auto_from_instance,0.75,0.35,"2,5,7,16,25,26,27,29,39,44,47","6,17,19,20,21,28,34",,,,,,"H[2,5,7,16,25,26,27,29,39,44,47]|V[6,17,19,20,21,28,34]",8f2926ac3d427dac9f2e22e7dbb4782d03fe71f9
proposed_nsga2_bs_Gyorgy-KOVACS_WH_Narrow_AW_4_seed_102,proposed_nsga2_bs,Gyorgy-KOVACS_WH_Narrow_AW_4,102,4,auto_from_instance,12,18,4,30,216,,,,,4,1,4,root > V:28 > BH:27 > BV:19 > BV:17,selected,1,inf,True,680,262,418,524.0,1.0,1.0,True,True,1,1,0,True,1,1,0,0,True,True,0,11,7,11,7,1,PF_LS_RP,fixed,,,False,0.2777777777777778,0.3556045282616845,0.7222222222222222,0.1,adaptive,break_symmetry,offspring,feasible_start_adaptive_spacing,,,,feasible_start_adaptive_spacing,0.5,,True,auto_from_instance,0.75,0.35,"2,5,7,16,25,26,27,29,39,44,47","6,17,19,20,21,28,34",,,,,,"H[2,5,7,16,25,26,27,29,39,44,47]|V[6,17,19,20,21,28,34]",c3a8d798cccc0ae6137f5d1801f12286f82d75a7
proposed_nsga2_bs_Gyorgy-KOVACS_WH_Narrow_AW_4_seed_102,proposed_nsga2_bs,Gyorgy-KOVACS_WH_Narrow_AW_4,102,4,auto_from_instance,12,18,4,30,216,,,,,5,2,4,root > V:27 > BH:27 > BV:19 > BV:19,selected,1,inf,True,684,260,424,484.0,1.0,1.0,True,True,1,1,0,True,1,1,0,0,True,True,0,11,7,11,7,2,PF_LS_RP,fixed,,,False,0.2777777777777778,0.25546810149197213,0.7222222222222222,0.1,adaptive,break_symmetry,offspring,feasible_start_adaptive_spacing,,,,feasible_start_adaptive_spacing,0.5,,True,auto_from_instance,0.75,0.35,"5,7,16,17,27,29,37,39,47,49,55","17,22,24,27,30,34",,,,,,"H[5,7,16,17,27,29,37,39,47,49,55]|V[17,19,22,24,27,30,34]",9baad5a6d6d08df213ec54891109e23b1069a9a5
proposed_nsga2_bs_Gyorgy-KOVACS_WH_Narrow_AW_4_seed_102,proposed_nsga2_bs,Gyorgy-KOVACS_WH_Narrow_AW_4,102,4,auto_from_instance,12,18,4,30,216,,,,,6,2,4,root > V:27 > BH:27 > BV:17 > BV:19,selected,1,0.0,True,684,260,424,484.0,1.0,1.0,True,True,1,1,0,True,1,1,0,0,True,True,0,11,7,11,7,2,PF_LS_RP,fixed,,,False,0.2777777777777778,0.25546810149197213,0.7222222222222222,0.1,adaptive,break_symmetry,offspring,feasible_start_adaptive_spacing,,,,feasible_start_adaptive_spacing,0.5,,True,auto_from_instance,0.75,0.35,"5,7,16,17,27,29,37,39,47,49,55","17,22,24,27,30,34",,,,,,"H[5,7,16,17,27,29,37,39,47,49,55]|V[17,19,22,24,27,30,34]",7ea492661f4a7d780540a41c5bfc758906148e19
proposed_nsga2_bs_Gyorgy-KOVACS_WH_Narrow_AW_4_seed_102,proposed_nsga2_bs,Gyorgy-KOVACS_WH_Narrow_AW_4,102,4,auto_from_instance,12,18,4,30,216,,,,,7,2,4,root > V:27 > BH:27 > BV:19 > BV:17,selected,1,0.0,True,684,260,424,484.0,1.0,1.0,True,True,1,1,0,True,1,1,0,0,True,True,0,11,7,11,7,2,PF_LS_RP,fixed,,,False,0.2777777777777778,0.25546810149197213,0.7222222222222222,0.1,adaptive,break_symmetry,offspring,feasible_start_adaptive_spacing,,,,feasible_start_adaptive_spacing,0.5,,True,auto_from_instance,0.75,0.35,"5,7,16,17,27,29,37,39,47,49,55","17,22,24,27,30,34",,,,,,"H[5,7,16,17,27,29,37,39,47,49,55]|V[17,19,22,24,27,30,34]",59c55a28d53f47701301421f850890ad1de7d63b
proposed_nsga2_bs_Gyorgy-KOVACS_WH_Narrow_AW_4_seed_102,proposed_nsga2_bs,Gyorgy-KOVACS_WH_Narrow_AW_4,102,4,auto_from_instance,12,18,4,30,216,,,,,8,2,4,root > V:27 > BH:27 > BV:17 > BV:17,selected,1,inf,True,684,260,424,484.0,1.0,1.0,True,True,1,1,0,True,1,1,0,0,True,True,0,11,6,11,6,2,PF_LS_RP,fixed,,,False,0.2777777777777778,0.25546810149197213,0.7222222222222222,0.1,adaptive,break_symmetry,offspring,feasible_start_adaptive_spacing,,,,feasible_start_adaptive_spacing,0.5,,True,auto_from_instance,0.75,0.35,"5,7,16,17,27,29,37,39,47,49,55","17,22,24,27,30,34",,,,,,"H[5,7,16,17,27,29,37,39,47,49,55]|V[17,22,24,27,30,34]",6732d5258a9313035bead181283e041def90bbb2
proposed_nsga2_bs_Gyorgy-KOVACS_WH_Narrow_AW_4_seed_102,proposed_nsga2_bs,Gyorgy-KOVACS_WH_Narrow_AW_4,102,4,auto_from_instance,12,18,4,30,216,,,,,9,4,9,root > V:15 > BH:27 > BH:5 > BH:15 > BH:25 > BH:37 > BH:47 > BV:23 > BV:30,selected,0,inf,True,592,261,331,462.0,1.0,1.0,True,True,1,1,0,True,1,1,0,0,True,True,0,13,7,13,7,4,PF_LS_RP,fixed,,,False,0.2777777777777778,0.26668686659062435,0.7222222222222222,0.1,adaptive,break_symmetry,offspring,feasible_start_adaptive_spacing,,,,feasible_start_adaptive_spacing,0.5,,True,auto_from_instance,0.75,0.35,"5,7,15,16,17,26,27,29,38,39,47","15,25,26,30,31,32",,,,,,"H[5,7,15,16,17,25,26,27,29,37,38,39,47]|V[15,23,25,26,30,31,32]",9ee2190bb5e677e5dd6004d3c767bf39ff3449fb
proposed_nsga2_bs_Gyorgy-KOVACS_WH_Narrow_AW_4_seed_102,proposed_nsga2_bs,Gyorgy-KOVACS_WH_Narrow_AW_4,102,4,auto_from_instance,12,18,4,30,216,,,,,10,4,9,root > V:15 > BH:27 > BH:49 > BH:39 > BH:29 > BH:17 > BH:7 > BV:23 > BV:30,selected,0,inf,True,592,261,331,462.0,1.0,1.0,True,True,1,1,0,True,1,1,0,0,True,True,0,12,7,12,7,4,PF_LS_RP,fixed,,,False,0.2777777777777778,0.26668686659062435,0.7222222222222222,0.1,adaptive,break_symmetry,offspring,feasible_start_adaptive_spacing,,,,feasible_start_adaptive_spacing,0.5,,True,auto_from_instance,0.75,0.35,"5,7,15,16,17,26,27,29,38,39,47","15,25,26,30,31,32",,,,,,"H[5,7,15,16,17,26,27,29,38,39,47,49]|V[15,23,25,26,30,31,32]",eef866e48d563b788dc6683537da31dffdbde584
proposed_nsga2_bs_Gyorgy-KOVACS_WH_Narrow_AW_4_seed_102,proposed_nsga2_bs,Gyorgy-KOVACS_WH_Narrow_AW_4,102,4,auto_from_instance,12,18,4,30,216,,,,,11,11,8,root > V:17 > BH:27 > BH:5 > BH:15 > BH:25 > BH:37 > BH:47 > BV:27,selected,1,inf,True,648,237,411,490.0,1.0,1.0,True,True,1,1,0,True,1,1,0,0,True,True,0,14,6,14,6,11,PF_LS_RP,fixed,,,False,0.2777777777777778,0.19620256183633672,0.7222222222222222,0.1,adaptive,break_symmetry,offspring,feasible_start_adaptive_spacing,,,,feasible_start_adaptive_spacing,0.5,,True,auto_from_instance,0.75,0.35,"5,7,16,17,26,27,29,37,39,47,49,55","17,19,20,21,27,34",,,,,,"H[5,7,15,16,17,25,26,27,29,37,39,47,49,55]|V[17,19,20,21,27,34]",3ab80a1d8e68880e815ad780c83cfc2449e7f93f
proposed_nsga2_bs_Gyorgy-KOVACS_WH_Narrow_AW_4_seed_102,proposed_nsga2_bs,Gyorgy-KOVACS_WH_Narrow_AW_4,102,4,auto_from_instance,12,18,4,30,216,,,,,12,11,8,root > V:17 > BH:27 > BH:49 > BH:39 > BH:29 > BH:17 > BH:7 > BV:27,selected,1,inf,True,648,237,411,490.0,1.0,1.0,True,True,1,1,0,True,1,1,0,0,True,True,0,12,6,12,6,11,PF_LS_RP,fixed,,,False,0.2777777777777778,0.19620256183633672,0.7222222222222222,0.1,adaptive,break_symmetry,offspring,feasible_start_adaptive_spacing,,,,feasible_start_adaptive_spacing,0.5,,True,auto_from_instance,0.75,0.35,"5,7,16,17,26,27,29,37,39,47,49,55","17,19,20,21,27,34",,,,,,"H[5,7,16,17,26,27,29,37,39,47,49,55]|V[17,19,20,21,27,34]",451b31cd7494c0e29ac39737991e84853f054397
proposed_nsga2_bs_Gyorgy-KOVACS_WH_Narrow_AW_4_seed_102,proposed_nsga2_bs,Gyorgy-KOVACS_WH_Narrow_AW_4,102,4,auto_from_instance,12,18,4,30,216,,,,,13,11,8,root > V:17 > BH:27 > BH:5 > BH:15 > BH:25 > BH:37 > BH:47 > BV:25,evaluated,2,inf,False,648,237,411,544.0,1.0,1.0,True,True,1,1,0,True,1,1,0,0,True,True,0,14,7,14,7,11,PF_LS_RP,fixed,,,False,0.2777777777777778,0.19620256183633672,0.7222222222222222,0.1,adaptive,break_symmetry,offspring,feasible_start_adaptive_spacing,,,,feasible_start_adaptive_spacing,0.5,,True,auto_from_instance,0.75,0.35,"5,7,16,17,26,27,29,37,39,47,49,55","17,19,20,21,27,34",,,,,,"H[5,7,15,16,17,25,26,27,29,37,39,47,49,55]|V[17,19,20,21,25,27,34]",24e93b3467ee5334276be59c5b6e878bb2e06a66
proposed_nsga2_bs_Gyorgy-KOVACS_WH_Narrow_AW_4_seed_102,proposed_nsga2_bs,Gyorgy-KOVACS_WH_Narrow_AW_4,102,4,auto_from_instance,12,18,4,30,216,,,,,14,11,8,root > V:17 > BH:27 > BH:49 > BH:39 > BH:29 > BH:17 > BH:7 > BV:25,evaluated,2,inf,False,648,237,411,544.0,1.0,1.0,True,True,1,1,0,True,1,1,0,0,True,True,0,12,7,12,7,11,PF_LS_RP,fixed,,,False,0.2777777777777778,0.19620256183633672,0.7222222222222222,0.1,adaptive,break_symmetry,offspring,feasible_start_adaptive_spacing,,,,feasible_start_adaptive_spacing,0.5,,True,auto_from_instance,0.75,0.35,"5,7,16,17,26,27,29,37,39,47,49,55","17,19,20,21,27,34",,,,,,"H[5,7,16,17,26,27,29,37,39,47,49,55]|V[17,19,20,21,25,27,34]",19631d63ec0204b55a5a6d539d26aaf84a80581d
proposed_nsga2_bs_Gyorgy-KOVACS_WH_Narrow_AW_4_seed_102,proposed_nsga2_bs,Gyorgy-KOVACS_WH_Narrow_AW_4,102,5,auto_from_instance,12,18,4,30,216,,,,,1,1,4,root > V:27 > BH:27 > BV:19 > BV:19,selected,1,inf,True,684,260,424,484.0,1.0,1.0,True,True,1,1,0,True,1,1,0,0,True,True,0,11,6,11,6,1,PF_LS_RP,fixed,,,False,0.3333333333333333,0.3208539782790767,0.6666666666666667,0.1,adaptive,bit_flip,offspring,feasible_start_adaptive_spacing,,,,feasible_start_adaptive_spacing,0.5,,True,auto_from_instance,0.75,0.35,"5,7,16,17,27,29,37,39,47,49,55","17,18,22,27,34",,,,,,"H[5,7,16,17,27,29,37,39,47,49,55]|V[17,18,19,22,27,34]",9baad5a6d6d08df213ec54891109e23b1069a9a5
proposed_nsga2_bs_Gyorgy-KOVACS_WH_Narrow_AW_4_seed_102,proposed_nsga2_bs,Gyorgy-KOVACS_WH_Narrow_AW_4,102,5,auto_from_instance,12,18,4,30,216,,,,,2,1,4,root > V:27 > BH:27 > BV:17 > BV:19,selected,1,0.0,True,684,260,424,484.0,1.0,1.0,True,True,1,1,0,True,1,1,0,0,True,True,0,11,6,11,6,1,PF_LS_RP,fixed,,,False,0.3333333333333333,0.3208539782790767,0.6666666666666667,0.1,adaptive,bit_flip,offspring,feasible_start_adaptive_spacing,,,,feasible_start_adaptive_spacing,0.5,,True,auto_from_instance,0.75,0.35,"5,7,16,17,27,29,37,39,47,49,55","17,18,22,27,34",,,,,,"H[5,7,16,17,27,29,37,39,47,49,55]|V[17,18,19,22,27,34]",7ea492661f4a7d780540a41c5bfc758906148e19
proposed_nsga2_bs_Gyorgy-KOVACS_WH_Narrow_AW_4_seed_102,proposed_nsga2_bs,Gyorgy-KOVACS_WH_Narrow_AW_4,102,5,auto_from_instance,12,18,4,30,216,,,,,3,1,4,root > V:27 > BH:27 > BV:19 > BV:17,selected,1,0.0,True,684,260,424,484.0,1.0,1.0,True,True,1,1,0,True,1,1,0,0,True,True,0,11,6,11,6,1,PF_LS_RP,fixed,,,False,0.3333333333333333,0.3208539782790767,0.6666666666666667,0.1,adaptive,bit_flip,offspring,feasible_start_adaptive_spacing,,,,feasible_start_adaptive_spacing,0.5,,True,auto_from_instance,0.75,0.35,"5,7,16,17,27,29,37,39,47,49,55","17,18,22,27,34",,,,,,"H[5,7,16,17,27,29,37,39,47,49,55]|V[17,18,19,22,27,34]",59c55a28d53f47701301421f850890ad1de7d63b
proposed_nsga2_bs_Gyorgy-KOVACS_WH_Narrow_AW_4_seed_102,proposed_nsga2_bs,Gyorgy-KOVACS_WH_Narrow_AW_4,102,5,auto_from_instance,12,18,4,30,216,,,,,4,1,4,root > V:27 > BH:27 > BV:17 > BV:17,selected,1,inf,True,684,260,424,484.0,1.0,1.0,True,True,1,1,0,True,1,1,0,0,True,True,0,11,5,11,5,1,PF_LS_RP,fixed,,,False,0.3333333333333333,0.3208539782790767,0.6666666666666667,0.1,adaptive,bit_flip,offspring,feasible_start_adaptive_spacing,,,,feasible_start_adaptive_spacing,0.5,,True,auto_from_instance,0.75,0.35,"5,7,16,17,27,29,37,39,47,49,55","17,18,22,27,34",,,,,,"H[5,7,16,17,27,29,37,39,47,49,55]|V[17,18,22,27,34]",6732d5258a9313035bead181283e041def90bbb2
proposed_nsga2_bs_Gyorgy-KOVACS_WH_Narrow_AW_4_seed_102,proposed_nsga2_bs,Gyorgy-KOVACS_WH_Narrow_AW_4,102,5,auto_from_instance,12,18,4,30,216,,,,,5,2,8,root > V:17 > BH:27 > BH:5 > BH:15 > BH:25 > BH:37 > BH:47 > BV:27,selected,1,inf,True,648,237,411,490.0,1.0,1.0,True,True,1,1,0,True,1,1,0,0,True,True,0,14,8,14,8,2,PF_LS_RP,fixed,,,False,0.3333333333333333,0.34149634075954194,0.6666666666666667,0.1,adaptive,remove_random_aisle,offspring,feasible_start_adaptive_spacing,,,,feasible_start_adaptive_spacing,0.5,,True,auto_from_instance,0.75,0.35,"5,7,16,17,26,27,29,39,47,49,55","17,19,20,21,24,27,30,34",,,,,,"H[5,7,15,16,17,25,26,27,29,37,39,47,49,55]|V[17,19,20,21,24,27,30,34]",3ab80a1d8e68880e815ad780c83cfc2449e7f93f
proposed_nsga2_bs_Gyorgy-KOVACS_WH_Narrow_AW_4_seed_102,proposed_nsga2_bs,Gyorgy-KOVACS_WH_Narrow_AW_4,102,5,auto_from_instance,12,18,4,30,216,,,,,6,2,8,root > V:17 > BH:27 > BH:49 > BH:39 > BH:29 > BH:17 > BH:7 > BV:27,selected,1,inf,True,648,237,411,490.0,1.0,1.0,True,True,1,1,0,True,1,1,0,0,True,True,0,11,8,11,8,2,PF_LS_RP,fixed,,,False,0.3333333333333333,0.34149634075954194,0.6666666666666667,0.1,adaptive,remove_random_aisle,offspring,feasible_start_adaptive_spacing,,,,feasible_start_adaptive_spacing,0.5,,True,auto_from_instance,0.75,0.35,"5,7,16,17,26,27,29,39,47,49,55","17,19,20,21,24,27,30,34",,,,,,"H[5,7,16,17,26,27,29,39,47,49,55]|V[17,19,20,21,24,27,30,34]",451b31cd7494c0e29ac39737991e84853f054397
proposed_nsga2_bs_Gyorgy-KOVACS_WH_Narrow_AW_4_seed_102,proposed_nsga2_bs,Gyorgy-KOVACS_WH_Narrow_AW_4,102,5,auto_from_instance,12,18,4,30,216,,,,,7,2,8,root > V:17 > BH:27 > BH:5 > BH:15 > BH:25 > BH:37 > BH:47 > BV:25,evaluated,2,inf,False,648,237,411,544.0,1.0,1.0,True,True,1,1,0,True,1,1,0,0,True,True,0,14,9,14,9,2,PF_LS_RP,fixed,,,False,0.3333333333333333,0.34149634075954194,0.6666666666666667,0.1,adaptive,remove_random_aisle,offspring,feasible_start_adaptive_spacing,,,,feasible_start_adaptive_spacing,0.5,,True,auto_from_instance,0.75,0.35,"5,7,16,17,26,27,29,39,47,49,55","17,19,20,21,24,27,30,34",,,,,,"H[5,7,15,16,17,25,26,27,29,37,39,47,49,55]|V[17,19,20,21,24,25,27,30,34]",24e93b3467ee5334276be59c5b6e878bb2e06a66
proposed_nsga2_bs_Gyorgy-KOVACS_WH_Narrow_AW_4_seed_102,proposed_nsga2_bs,Gyorgy-KOVACS_WH_Narrow_AW_4,102,5,auto_from_instance,12,18,4,30,216,,,,,8,2,8,root > V:17 > BH:27 > BH:49 > BH:39 > BH:29 > BH:17 > BH:7 > BV:25,evaluated,2,inf,False,648,237,411,544.0,1.0,1.0,True,True,1,1,0,True,1,1,0,0,True,True,0,11,9,11,9,2,PF_LS_RP,fixed,,,False,0.3333333333333333,0.34149634075954194,0.6666666666666667,0.1,adaptive,remove_random_aisle,offspring,feasible_start_adaptive_spacing,,,,feasible_start_adaptive_spacing,0.5,,True,auto_from_instance,0.75,0.35,"5,7,16,17,26,27,29,39,47,49,55","17,19,20,21,24,27,30,34",,,,,,"H[5,7,16,17,26,27,29,39,47,49,55]|V[17,19,20,21,24,25,27,30,34]",19631d63ec0204b55a5a6d539d26aaf84a80581d
proposed_nsga2_bs_Gyorgy-KOVACS_WH_Narrow_AW_4_seed_102,proposed_nsga2_bs,Gyorgy-KOVACS_WH_Narrow_AW_4,102,5,auto_from_instance,12,18,4,30,216,,,,,9,3,4,root > V:28 > BH:27 > BV:19 > BV:19,selected,0,inf,True,680,262,418,472.0,1.0,1.0,True,True,1,1,0,True,1,1,0,0,True,True,0,13,6,13,6,3,PF_LS_RP,fixed,,,False,0.3333333333333333,0.36853453116591606,0.6666666666666667,0.1,adaptive,break_symmetry,offspring,feasible_start_adaptive_spacing,,,,feasible_start_adaptive_spacing,0.5,,True,auto_from_instance,0.75,0.35,"5,7,15,16,17,25,26,27,29,37,38,39,46","15,20,21,28,34",,,,,,"H[5,7,15,16,17,25,26,27,29,37,38,39,46]|V[15,19,20,21,28,34]",fc4825140fa5e2560776b4b932f5ef46c1588f36
proposed_nsga2_bs_Gyorgy-KOVACS_WH_Narrow_AW_4_seed_102,proposed_nsga2_bs,Gyorgy-KOVACS_WH_Narrow_AW_4,102,5,auto_from_instance,12,18,4,30,216,,,,,10,3,4,root > V:28 > BH:27 > BV:19 > BV:21,selected,1,inf,True,680,262,418,524.0,1.0,1.0,True,True,1,1,0,True,1,1,0,0,True,True,0,13,6,13,6,3,PF_LS_RP,fixed,,,False,0.3333333333333333,0.36853453116591606,0.6666666666666667,0.1,adaptive,break_symmetry,offspring,feasible_start_adaptive_spacing,,,,feasible_start_adaptive_spacing,0.5,,True,auto_from_instance,0.75,0.35,"5,7,15,16,17,25,26,27,29,37,38,39,46","15,20,21,28,34",,,,,,"H[5,7,15,16,17,25,26,27,29,37,38,39,46]|V[15,19,20,21,28,34]",334779b46d5c288ee3031362a71af20db7b63dd5
proposed_nsga2_bs_Gyorgy-KOVACS_WH_Narrow_AW_4_seed_102,proposed_nsga2_bs,Gyorgy-KOVACS_WH_Narrow_AW_4,102,5,auto_from_instance,12,18,4,30,216,,,,,11,3,4,root > V:28 > BH:27 > BV:19 > BV:21,selected,1,0.0,True,680,262,418,524.0,1.0,1.0,True,True,1,1,0,True,1,1,0,0,True,True,0,13,6,13,6,3,PF_LS_RP,fixed,,,False,0.3333333333333333,0.36853453116591606,0.6666666666666667,0.1,adaptive,break_symmetry,offspring,feasible_start_adaptive_spacing,,,,feasible_start_adaptive_spacing,0.5,,True,auto_from_instance,0.75,0.35,"5,7,15,16,17,25,26,27,29,37,38,39,46","15,20,21,28,34",,,,,,"H[5,7,15,16,17,25,26,27,29,37,38,39,46]|V[15,19,20,21,28,34]",8f2926ac3d427dac9f2e22e7dbb4782d03fe71f9
proposed_nsga2_bs_Gyorgy-KOVACS_WH_Narrow_AW_4_seed_102,proposed_nsga2_bs,Gyorgy-KOVACS_WH_Narrow_AW_4,102,5,auto_from_instance,12,18,4,30,216,,,,,12,3,4,root > V:28 > BH:27 > BV:19 > BV:17,selected,1,inf,True,680,262,418,524.0,1.0,1.0,True,True,1,1,0,True,1,1,0,0,True,True,0,13,7,13,7,3,PF_LS_RP,fixed,,,False,0.3333333333333333,0.36853453116591606,0.6666666666666667,0.1,adaptive,break_symmetry,offspring,feasible_start_adaptive_spacing,,,,feasible_start_adaptive_spacing,0.5,,True,auto_from_instance,0.75,0.35,"5,7,15,16,17,25,26,27,29,37,38,39,46","15,20,21,28,34",,,,,,"H[5,7,15,16,17,25,26,27,29,37,38,39,46]|V[15,17,19,20,21,28,34]",c3a8d798cccc0ae6137f5d1801f12286f82d75a7
proposed_nsga2_bs_Gyorgy-KOVACS_WH_Narrow_AW_4_seed_102,proposed_nsga2_bs,Gyorgy-KOVACS_WH_Narrow_AW_4,102,5,auto_from_instance,12,18,4,30,216,,,,,13,7,9,root > V:15 > BH:27 > BH:5 > BH:15 > BH:25 > BH:37 > BH:47 > BV:23 > BV:30,selected,0,inf,True,592,261,331,462.0,1.0,1.0,True,True,1,1,0,True,1,1,0,0,True,True,0,13,8,13,8,7,PF_LS_RP,fixed,,,False,0.3333333333333333,0.26388579515563215,0.6666666666666667,0.1,adaptive,break_symmetry,offspring,feasible_start_adaptive_spacing,,,,feasible_start_adaptive_spacing,0.5,,True,auto_from_instance,0.75,0.35,"5,7,16,17,27,29,37,39,47,49,55","15,23,24,26,30,31,32,34",,,,,,"H[5,7,15,16,17,25,27,29,37,39,47,49,55]|V[15,23,24,26,30,31,32,34]",9ee2190bb5e677e5dd6004d3c767bf39ff3449fb
proposed_nsga2_bs_Gyorgy-KOVACS_WH_Narrow_AW_4_seed_102,proposed_nsga2_bs,Gyorgy-KOVACS_WH_Narrow_AW_4,102,5,auto_from_instance,12,18,4,30,216,,,,,14,7,9,root > V:15 > BH:27 > BH:49 > BH:39 > BH:29 > BH:17 > BH:7 > BV:23 > BV:30,selected,0,inf,True,592,261,331,462.0,1.0,1.0,True,True,1,1,0,True,1,1,0,0,True,True,0,11,8,11,8,7,PF_LS_RP,fixed,,,False,0.3333333333333333,0.26388579515563215,0.6666666666666667,0.1,adaptive,break_symmetry,offspring,feasible_start_adaptive_spacing,,,,feasible_start_adaptive_spacing,0.5,,True,auto_from_instance,0.75,0.35,"5,7,16,17,27,29,37,39,47,49,55","15,23,24,26,30,31,32,34",,,,,,"H[5,7,16,17,27,29,37,39,47,49,55]|V[15,23,24,26,30,31,32,34]",eef866e48d563b788dc6683537da31dffdbde584
proposed_nsga2_bs_Gyorgy-KOVACS_WH_Narrow_AW_4_seed_102,proposed_nsga2_bs,Gyorgy-KOVACS_WH_Narrow_AW_4,102,6,auto_from_instance,12,18,4,30,216,,,,,1,1,4,root > V:28 > BH:27 > BV:19 > BV:19,selected,0,inf,True,680,262,418,472.0,1.0,1.0,True,True,1,1,0,True,1,1,0,0,True,True,0,12,5,12,5,1,PF_LS_RP,fixed,,,False,0.3888888888888889,0.3710971085213374,0.6111111111111112,0.1,adaptive,insert_random_aisle,offspring,feasible_start_adaptive_spacing,,,,feasible_start_adaptive_spacing,0.5,,True,auto_from_instance,0.75,0.35,"5,7,15,16,17,25,26,27,29,37,39,46","14,15,28,34",,,,,,"H[5,7,15,16,17,25,26,27,29,37,39,46]|V[14,15,19,28,34]",fc4825140fa5e2560776b4b932f5ef46c1588f36
proposed_nsga2_bs_Gyorgy-KOVACS_WH_Narrow_AW_4_seed_102,proposed_nsga2_bs,Gyorgy-KOVACS_WH_Narrow_AW_4,102,6,auto_from_instance,12,18,4,30,216,,,,,2,1,4,root > V:28 > BH:27 > BV:19 > BV:21,selected,1,inf,True,680,262,418,524.0,1.0,1.0,True,True,1,1,0,True,1,1,0,0,True,True,0,12,6,12,6,1,PF_LS_RP,fixed,,,False,0.3888888888888889,0.3710971085213374,0.6111111111111112,0.1,adaptive,insert_random_aisle,offspring,feasible_start_adaptive_spacing,,,,feasible_start_adaptive_spacing,0.5,,True,auto_from_instance,0.75,0.35,"5,7,15,16,17,25,26,27,29,37,39,46","14,15,28,34",,,,,,"H[5,7,15,16,17,25,26,27,29,37,39,46]|V[14,15,19,21,28,34]",334779b46d5c288ee3031362a71af20db7b63dd5
proposed_nsga2_bs_Gyorgy-KOVACS_WH_Narrow_AW_4_seed_102,proposed_nsga2_bs,Gyorgy-KOVACS_WH_Narrow_AW_4,102,6,auto_from_instance,12,18,4,30,216,,,,,3,1,4,root > V:28 > BH:27 > BV:19 > BV:21,selected,1,0.0,True,680,262,418,524.0,1.0,1.0,True,True,1,1,0,True,1,1,0,0,True,True,0,12,6,12,6,1,PF_LS_RP,fixed,,,False,0.3888888888888889,0.3710971085213374,0.6111111111111112,0.1,adaptive,insert_random_aisle,offspring,feasible_start_adaptive_spacing,,,,feasible_start_adaptive_spacing,0.5,,True,auto_from_instance,0.75,0.35,"5,7,15,16,17,25,26,27,29,37,39,46","14,15,28,34",,,,,,"H[5,7,15,16,17,25,26,27,29,37,39,46]|V[14,15,19,21,28,34]",8f2926ac3d427dac9f2e22e7dbb4782d03fe71f9
proposed_nsga2_bs_Gyorgy-KOVACS_WH_Narrow_AW_4_seed_102,proposed_nsga2_bs,Gyorgy-KOVACS_WH_Narrow_AW_4,102,6,auto_from_instance,12,18,4,30,216,,,,,4,1,4,root > V:28 > BH:27 > BV:19 > BV:17,selected,1,inf,True,680,262,418,524.0,1.0,1.0,True,True,1,1,0,True,1,1,0,0,True,True,0,12,6,12,6,1,PF_LS_RP,fixed,,,False,0.3888888888888889,0.3710971085213374,0.6111111111111112,0.1,adaptive,insert_random_aisle,offspring,feasible_start_adaptive_spacing,,,,feasible_start_adaptive_spacing,0.5,,True,auto_from_instance,0.75,0.35,"5,7,15,16,17,25,26,27,29,37,39,46","14,15,28,34",,,,,,"H[5,7,15,16,17,25,26,27,29,37,39,46]|V[14,15,17,19,28,34]",c3a8d798cccc0ae6137f5d1801f12286f82d75a7
proposed_nsga2_bs_Gyorgy-KOVACS_WH_Narrow_AW_4_seed_102,proposed_nsga2_bs,Gyorgy-KOVACS_WH_Narrow_AW_4,102,6,auto_from_instance,12,18,4,30,216,,,,,5,2,8,root > V:18 > BH:27 > BH:5 > BH:15 > BH:25 > BH:37 > BH:47 > BV:26,evaluated,3,inf,False,664,228,436,628.0,1.0,1.0,True,True,1,1,0,True,1,1,0,0,True,True,0,14,10,14,10,2,PF_LS_RP,fixed,,,False,0.3888888888888889,0.2701255105034721,0.6111111111111112,0.1,adaptive,insert_random_aisle,offspring,feasible_start_adaptive_spacing,,,,feasible_start_adaptive_spacing,0.5,,True,auto_from_instance,0.75,0.35,"5,7,16,17,27,29,37,38,39,47,49,55","17,18,19,20,21,22,27,31,34",,,,,,"H[5,7,15,16,17,25,27,29,37,38,39,47,49,55]|V[17,18,19,20,21,22,26,27,31,34]",1938da0c4eeab540eb2932ce4328db82029254cb
proposed_nsga2_bs_Gyorgy-KOVACS_WH_Narrow_AW_4_seed_102,proposed_nsga2_bs,Gyorgy-KOVACS_WH_Narrow_AW_4,102,6,auto_from_instance,12,18,4,30,216,,,,,6,2,8,root > V:18 > BH:27 > BH:49 > BH:39 > BH:29 > BH:17 > BH:7 > BV:26,evaluated,3,inf,False,664,228,436,628.0,1.0,1.0,True,True,1,1,0,True,1,1,0,0,True,True,0,12,10,12,10,2,PF_LS_RP,fixed,,,False,0.3888888888888889,0.2701255105034721,0.6111111111111112,0.1,adaptive,insert_random_aisle,offspring,feasible_start_adaptive_spacing,,,,feasible_start_adaptive_spacing,0.5,,True,auto_from_instance,0.75,0.35,"5,7,16,17,27,29,37,38,39,47,49,55","17,18,19,20,21,22,27,31,34",,,,,,"H[5,7,16,17,27,29,37,38,39,47,49,55]|V[17,18,19,20,21,22,26,27,31,34]",ca27fa34dbaffc306858313d4e346923ac553274
proposed_nsga2_bs_Gyorgy-KOVACS_WH_Narrow_AW_4_seed_102,proposed_nsga2_bs,Gyorgy-KOVACS_WH_Narrow_AW_4,102,6,auto_from_instance,12,18,4,30,216,,,,,7,2,8,root > V:18 > BH:27 > BH:5 > BH:15 > BH:25 > BH:37 > BH:47 > BV:30,evaluated,4,inf,False,664,218,446,768.0,1.0,1.0,True,True,1,1,0,True,1,1,0,0,True,True,0,14,10,14,10,2,PF_LS_RP,fixed,,,False,0.3888888888888889,0.2701255105034721,0.6111111111111112,0.1,adaptive,insert_random_aisle,offspring,feasible_start_adaptive_spacing,,,,feasible_start_adaptive_spacing,0.5,,True,auto_from_instance,0.75,0.35,"5,7,16,17,27,29,37,38,39,47,49,55","17,18,19,20,21,22,27,31,34",,,,,,"H[5,7,15,16,17,25,27,29,37,38,39,47,49,55]|V[17,18,19,20,21,22,27,30,31,34]",2d76234bebc6b4bba430e32996fc38cedfb52741
proposed_nsga2_bs_Gyorgy-KOVACS_WH_Narrow_AW_4_seed_102,proposed_nsga2_bs,Gyorgy-KOVACS_WH_Narrow_AW_4,102,6,auto_from_instance,12,18,4,30,216,,,,,8,2,8,root > V:18 > BH:27 > BH:49 > BH:39 > BH:29 > BH:17 > BH:7 > BV:30,evaluated,4,inf,False,664,218,446,768.0,1.0,1.0,True,True,1,1,0,True,1,1,0,0,True,True,0,12,10,12,10,2,PF_LS_RP,fixed,,,False,0.3888888888888889,0.2701255105034721,0.6111111111111112,0.1,adaptive,insert_random_aisle,offspring,feasible_start_adaptive_spacing,,,,feasible_start_adaptive_spacing,0.5,,True,auto_from_instance,0.75,0.35,"5,7,16,17,27,29,37,38,39,47,49,55","17,18,19,20,21,22,27,31,34",,,,,,"H[5,7,16,17,27,29,37,38,39,47,49,55]|V[17,18,19,20,21,22,27,30,31,34]",194790e90d8eea3e2ac59491345ee26809534fa0
proposed_nsga2_bs_Gyorgy-KOVACS_WH_Narrow_AW_4_seed_102,proposed_nsga2_bs,Gyorgy-KOVACS_WH_Narrow_AW_4,102,6,auto_from_instance,12,18,4,30,216,,,,,9,4,8,root > V:17 > BH:27 > BH:5 > BH:15 > BH:25 > BH:37 > BH:47 > BV:27,selected,1,inf,True,648,237,411,490.0,1.0,1.0,True,True,1,1,0,True,1,1,0,0,True,True,0,14,8,14,8,4,PF_LS_RP,fixed,,,False,0.3888888888888889,0.4450415934078343,0.6111111111111112,0.1,adaptive,swap_segments,offspring,feasible_start_adaptive_spacing,,,,feasible_start_adaptive_spacing,0.5,,True,auto_from_instance,0.75,0.35,"5,7,12,15,16,17,25,26,27,29,37,39,47,55","17,19,20,21,24,27,30,34",,,,,,"H[5,7,12,15,16,17,25,26,27,29,37,39,47,55]|V[17,19,20,21,24,27,30,34]",3ab80a1d8e68880e815ad780c83cfc2449e7f93f
proposed_nsga2_bs_Gyorgy-KOVACS_WH_Narrow_AW_4_seed_102,proposed_nsga2_bs,Gyorgy-KOVACS_WH_Narrow_AW_4,102,6,auto_from_instance,12,18,4,30,216,,,,,10,4,8,root > V:17 > BH:27 > BH:49 > BH:39 > BH:29 > BH:17 > BH:7 > BV:27,selected,1,inf,True,648,237,411,490.0,1.0,1.0,True,True,1,1,0,True,1,1,0,0,True,True,0,15,8,15,8,4,PF_LS_RP,fixed,,,False,0.3888888888888889,0.4450415934078343,0.6111111111111112,0.1,adaptive,swap_segments,offspring,feasible_start_adaptive_spacing,,,,feasible_start_adaptive_spacing,0.5,,True,auto_from_instance,0.75,0.35,"5,7,12,15,16,17,25,26,27,29,37,39,47,55","17,19,20,21,24,27,30,34",,,,,,"H[5,7,12,15,16,17,25,26,27,29,37,39,47,49,55]|V[17,19,20,21,24,27,30,34]",451b31cd7494c0e29ac39737991e84853f054397
proposed_nsga2_bs_Gyorgy-KOVACS_WH_Narrow_AW_4_seed_102,proposed_nsga2_bs,Gyorgy-KOVACS_WH_Narrow_AW_4,102,6,auto_from_instance,12,18,4,30,216,,,,,11,4,8,root > V:17 > BH:27 > BH:5 > BH:15 > BH:25 > BH:37 > BH:47 > BV:25,evaluated,2,inf,False,648,237,411,544.0,1.0,1.0,True,True,1,1,0,True,1,1,0,0,True,True,0,14,9,14,9,4,PF_LS_RP,fixed,,,False,0.3888888888888889,0.4450415934078343,0.6111111111111112,0.1,adaptive,swap_segments,offspring,feasible_start_adaptive_spacing,,,,feasible_start_adaptive_spacing,0.5,,True,auto_from_instance,0.75,0.35,"5,7,12,15,16,17,25,26,27,29,37,39,47,55","17,19,20,21,24,27,30,34",,,,,,"H[5,7,12,15,16,17,25,26,27,29,37,39,47,55]|V[17,19,20,21,24,25,27,30,34]",24e93b3467ee5334276be59c5b6e878bb2e06a66
proposed_nsga2_bs_Gyorgy-KOVACS_WH_Narrow_AW_4_seed_102,proposed_nsga2_bs,Gyorgy-KOVACS_WH_Narrow_AW_4,102,6,auto_from_instance,12,18,4,30,216,,,,,12,4,8,root > V:17 > BH:27 > BH:49 > BH:39 > BH:29 > BH:17 > BH:7 > BV:25,evaluated,2,inf,False,648,237,411,544.0,1.0,1.0,True,True,1,1,0,True,1,1,0,0,True,True,0,15,9,15,9,4,PF_LS_RP,fixed,,,False,0.3888888888888889,0.4450415934078343,0.6111111111111112,0.1,adaptive,swap_segments,offspring,feasible_start_adaptive_spacing,,,,feasible_start_adaptive_spacing,0.5,,True,auto_from_instance,0.75,0.35,"5,7,12,15,16,17,25,26,27,29,37,39,47,55","17,19,20,21,24,27,30,34",,,,,,"H[5,7,12,15,16,17,25,26,27,29,37,39,47,49,55]|V[17,19,20,21,24,25,27,30,34]",19631d63ec0204b55a5a6d539d26aaf84a80581d
proposed_nsga2_bs_Gyorgy-KOVACS_WH_Narrow_AW_4_seed_102,proposed_nsga2_bs,Gyorgy-KOVACS_WH_Narrow_AW_4,102,6,auto_from_instance,12,18,4,30,216,,,,,13,6,9,root > V:15 > BH:27 > BH:5 > BH:15 > BH:25 > BH:37 > BH:47 > BV:23 > BV:30,selected,0,inf,True,592,261,331,462.0,1.0,1.0,True,True,1,1,0,True,1,1,0,0,True,True,0,13,6,13,6,6,PF_LS_RP,fixed,,,False,0.3888888888888889,0.40994484471541814,0.6111111111111112,0.1,adaptive,remove_random_aisle,offspring,feasible_start_adaptive_spacing,,,,feasible_start_adaptive_spacing,0.5,,True,auto_from_instance,0.75,0.35,"5,7,16,17,25,27,29,37,39,49,55","15,23,24,26,30,34",,,,,,"H[5,7,15,16,17,25,27,29,37,39,47,49,55]|V[15,23,24,26,30,34]",9ee2190bb5e677e5dd6004d3c767bf39ff3449fb
proposed_nsga2_bs_Gyorgy-KOVACS_WH_Narrow_AW_4_seed_102,proposed_nsga2_bs,Gyorgy-KOVACS_WH_Narrow_AW_4,102,6,auto_from_instance,12,18,4,30,216,,,,,14,6,9,root > V:15 > BH:27 > BH:49 > BH:39 > BH:29 > BH:17 > BH:7 > BV:23 > BV:30,selected,0,inf,True,592,261,331,462.0,1.0,1.0,True,True,1,1,0,True,1,1,0,0,True,True,0,11,6,11,6,6,PF_LS_RP,fixed,,,False,0.3888888888888889,0.40994484471541814,0.6111111111111112,0.1,adaptive,remove_random_aisle,offspring,feasible_start_adaptive_spacing,,,,feasible_start_adaptive_spacing,0.5,,True,auto_from_instance,0.75,0.35,"5,7,16,17,25,27,29,37,39,49,55","15,23,24,26,30,34",,,,,,"H[5,7,16,17,25,27,29,37,39,49,55]|V[15,23,24,26,30,34]",eef866e48d563b788dc6683537da31dffdbde584
proposed_nsga2_bs_Gyorgy-KOVACS_WH_Narrow_AW_4_seed_102,proposed_nsga2_bs,Gyorgy-KOVACS_WH_Narrow_AW_4,102,6,auto_from_instance,12,18,4,30,216,,,,,15,8,4,root > V:27 > BH:27 > BV:19 > BV:19,selected,1,inf,True,684,260,424,484.0,1.0,1.0,True,True,1,1,0,True,1,1,0,0,True,True,0,12,6,12,6,8,PF_LS_RP,fixed,,,False,0.3888888888888889,0.4105985445406272,0.6111111111111112,0.1,adaptive,bit_flip,offspring,feasible_start_adaptive_spacing,,,,feasible_start_adaptive_spacing,0.5,,True,auto_from_instance,0.75,0.35,"5,7,16,17,20,27,29,37,39,47,49,55","15,24,27,30,34",,,,,,"H[5,7,16,17,20,27,29,37,39,47,49,55]|V[15,19,24,27,30,34]",9baad5a6d6d08df213ec54891109e23b1069a9a5
proposed_nsga2_bs_Gyorgy-KOVACS_WH_Narrow_AW_4_seed_102,proposed_nsga2_bs,Gyorgy-KOVACS_WH_Narrow_AW_4,102,6,auto_from_instance,12,18,4,30,216,,,,,16,8,4,root > V:27 > BH:27 > BV:17 > BV:19,selected,1,0.0,True,684,260,424,484.0,1.0,1.0,True,True,1,1,0,True,1,1,0,0,True,True,0,12,7,12,7,8,PF_LS_RP,fixed,,,False,0.3888888888888889,0.4105985445406272,0.6111111111111112,0.1,adaptive,bit_flip,offspring,feasible_start_adaptive_spacing,,,,feasible_start_adaptive_spacing,0.5,,True,auto_from_instance,0.75,0.35,"5,7,16,17,20,27,29,37,39,47,49,55","15,24,27,30,34",,,,,,"H[5,7,16,17,20,27,29,37,39,47,49,55]|V[15,17,19,24,27,30,34]",7ea492661f4a7d780540a41c5bfc758906148e19
proposed_nsga2_bs_Gyorgy-KOVACS_WH_Narrow_AW_4_seed_102,proposed_nsga2_bs,Gyorgy-KOVACS_WH_Narrow_AW_4,102,6,auto_from_instance,12,18,4,30,216,,,,,17,8,4,root > V:27 > BH:27 > BV:19 > BV:17,selected,1,0.0,True,684,260,424,484.0,1.0,1.0,True,True,1,1,0,True,1,1,0,0,True,True,0,12,7,12,7,8,PF_LS_RP,fixed,,,False,0.3888888888888889,0.4105985445406272,0.6111111111111112,0.1,adaptive,bit_flip,offspring,feasible_start_adaptive_spacing,,,,feasible_start_adaptive_spacing,0.5,,True,auto_from_instance,0.75,0.35,"5,7,16,17,20,27,29,37,39,47,49,55","15,24,27,30,34",,,,,,"H[5,7,16,17,20,27,29,37,39,47,49,55]|V[15,17,19,24,27,30,34]",59c55a28d53f47701301421f850890ad1de7d63b
proposed_nsga2_bs_Gyorgy-KOVACS_WH_Narrow_AW_4_seed_102,proposed_nsga2_bs,Gyorgy-KOVACS_WH_Narrow_AW_4,102,6,auto_from_instance,12,18,4,30,216,,,,,18,8,4,root > V:27 > BH:27 > BV:17 > BV:17,selected,1,inf,True,684,260,424,484.0,1.0,1.0,True,True,1,1,0,True,1,1,0,0,True,True,0,12,6,12,6,8,PF_LS_RP,fixed,,,False,0.3888888888888889,0.4105985445406272,0.6111111111111112,0.1,adaptive,bit_flip,offspring,feasible_start_adaptive_spacing,,,,feasible_start_adaptive_spacing,0.5,,True,auto_from_instance,0.75,0.35,"5,7,16,17,20,27,29,37,39,47,49,55","15,24,27,30,34",,,,,,"H[5,7,16,17,20,27,29,37,39,47,49,55]|V[15,17,24,27,30,34]",6732d5258a9313035bead181283e041def90bbb2
proposed_nsga2_bs_Gyorgy-KOVACS_WH_Narrow_AW_4_seed_102,proposed_nsga2_bs,Gyorgy-KOVACS_WH_Narrow_AW_4,102,7,auto_from_instance,12,18,4,30,216,,,,,1,1,4,root > V:28 > BH:27 > BV:19 > BV:19,selected,0,inf,True,680,262,418,472.0,1.0,1.0,True,True,1,1,0,True,1,1,0,0,True,True,0,12,8,12,8,1,PF_LS_RP,fixed,,,False,0.4444444444444444,0.48629520822897143,0.5555555555555556,0.1,adaptive,break_symmetry,offspring,feasible_start_adaptive_spacing,,,,feasible_start_adaptive_spacing,0.5,,True,auto_from_instance,0.75,0.35,"5,7,15,16,17,25,26,27,29,37,39,46","17,19,20,21,24,26,28,34",,,,,,"H[5,7,15,16,17,25,26,27,29,37,39,46]|V[17,19,20,21,24,26,28,34]",fc4825140fa5e2560776b4b932f5ef46c1588f36
proposed_nsga2_bs_Gyorgy-KOVACS_WH_Narrow_AW_4_seed_102,proposed_nsga2_bs,Gyorgy-KOVACS_WH_Narrow_AW_4,102,7,auto_from_instance,12,18,4,30,216,,,,,2,1,4,root > V:28 > BH:27 > BV:19 > BV:21,selected,1,inf,True,680,262,418,524.0,1.0,1.0,True,True,1,1,0,True,1,1,0,0,True,True,0,12,8,12,8,1,PF_LS_RP,fixed,,,False,0.4444444444444444,0.48629520822897143,0.5555555555555556,0.1,adaptive,break_symmetry,offspring,feasible_start_adaptive_spacing,,,,feasible_start_adaptive_spacing,0.5,,True,auto_from_instance,0.75,0.35,"5,7,15,16,17,25,26,27,29,37,39,46","17,19,20,21,24,26,28,34",,,,,,"H[5,7,15,16,17,25,26,27,29,37,39,46]|V[17,19,20,21,24,26,28,34]",334779b46d5c288ee3031362a71af20db7b63dd5
proposed_nsga2_bs_Gyorgy-KOVACS_WH_Narrow_AW_4_seed_102,proposed_nsga2_bs,Gyorgy-KOVACS_WH_Narrow_AW_4,102,7,auto_from_instance,12,18,4,30,216,,,,,3,1,4,root > V:28 > BH:27 > BV:19 > BV:21,selected,1,0.0,True,680,262,418,524.0,1.0,1.0,True,True,1,1,0,True,1,1,0,0,True,True,0,12,8,12,8,1,PF_LS_RP,fixed,,,False,0.4444444444444444,0.48629520822897143,0.5555555555555556,0.1,adaptive,break_symmetry,offspring,feasible_start_adaptive_spacing,,,,feasible_start_adaptive_spacing,0.5,,True,auto_from_instance,0.75,0.35,"5,7,15,16,17,25,26,27,29,37,39,46","17,19,20,21,24,26,28,34",,,,,,"H[5,7,15,16,17,25,26,27,29,37,39,46]|V[17,19,20,21,24,26,28,34]",8f2926ac3d427dac9f2e22e7dbb4782d03fe71f9
proposed_nsga2_bs_Gyorgy-KOVACS_WH_Narrow_AW_4_seed_102,proposed_nsga2_bs,Gyorgy-KOVACS_WH_Narrow_AW_4,102,7,auto_from_instance,12,18,4,30,216,,,,,4,1,4,root > V:28 > BH:27 > BV:19 > BV:17,selected,1,0.6768341307814991,True,680,262,418,524.0,1.0,1.0,True,True,1,1,0,True,1,1,0,0,True,True,0,12,8,12,8,1,PF_LS_RP,fixed,,,False,0.4444444444444444,0.48629520822897143,0.5555555555555556,0.1,adaptive,break_symmetry,offspring,feasible_start_adaptive_spacing,,,,feasible_start_adaptive_spacing,0.5,,True,auto_from_instance,0.75,0.35,"5,7,15,16,17,25,26,27,29,37,39,46","17,19,20,21,24,26,28,34",,,,,,"H[5,7,15,16,17,25,26,27,29,37,39,46]|V[17,19,20,21,24,26,28,34]",c3a8d798cccc0ae6137f5d1801f12286f82d75a7
proposed_nsga2_bs_Gyorgy-KOVACS_WH_Narrow_AW_4_seed_102,proposed_nsga2_bs,Gyorgy-KOVACS_WH_Narrow_AW_4,102,7,auto_from_instance,12,18,4,30,216,,,,,5,2,9,root > V:15 > BH:27 > BH:5 > BH:15 > BH:25 > BH:37 > BH:47 > BV:23 > BV:30,selected,0,inf,True,592,261,331,462.0,1.0,1.0,True,True,1,1,0,True,1,1,0,0,True,True,0,16,6,16,6,2,PF_LS_RP,fixed,,,False,0.4444444444444444,0.4498701280322133,0.5555555555555556,0.1,adaptive,break_symmetry,offspring,feasible_start_adaptive_spacing,,,,feasible_start_adaptive_spacing,0.5,,True,auto_from_instance,0.75,0.35,"5,7,12,15,16,17,25,26,27,29,37,39,46,49,55","14,15,19,30,34",,,,,,"H[5,7,12,15,16,17,25,26,27,29,37,39,46,47,49,55]|V[14,15,19,23,30,34]",9ee2190bb5e677e5dd6004d3c767bf39ff3449fb
proposed_nsga2_bs_Gyorgy-KOVACS_WH_Narrow_AW_4_seed_102,proposed_nsga2_bs,Gyorgy-KOVACS_WH_Narrow_AW_4,102,7,auto_from_instance,12,18,4,30,216,,,,,6,2,9,root > V:15 > BH:27 > BH:49 > BH:39 > BH:29 > BH:17 > BH:7 > BV:23 > BV:30,selected,0,inf,True,592,261,331,462.0,1.0,1.0,True,True,1,1,0,True,1,1,0,0,True,True,0,15,6,15,6,2,PF_LS_RP,fixed,,,False,0.4444444444444444,0.4498701280322133,0.5555555555555556,0.1,adaptive,break_symmetry,offspring,feasible_start_adaptive_spacing,,,,feasible_start_adaptive_spacing,0.5,,True,auto_from_instance,0.75,0.35,"5,7,12,15,16,17,25,26,27,29,37,39,46,49,55","14,15,19,30,34",,,,,,"H[5,7,12,15,16,17,25,26,27,29,37,39,46,49,55]|V[14,15,19,23,30,34]",eef866e48d563b788dc6683537da31dffdbde584
proposed_nsga2_bs_Gyorgy-KOVACS_WH_Narrow_AW_4_seed_102,proposed_nsga2_bs,Gyorgy-KOVACS_WH_Narrow_AW_4,102,7,auto_from_instance,12,18,4,30,216,,,,,7,3,4,root > V:27 > BH:27 > BV:19 > BV:19,selected,1,inf,True,684,260,424,484.0,1.0,1.0,True,True,1,1,0,True,1,1,0,0,True,True,0,12,8,12,8,3,PF_LS_RP,fixed,,,False,0.4444444444444444,0.5228835683030345,0.5555555555555556,0.1,adaptive,break_symmetry,offspring,feasible_start_adaptive_spacing,,,,feasible_start_adaptive_spacing,0.5,,True,auto_from_instance,0.75,0.35,"5,7,16,17,20,27,29,37,39,47,49,55","15,17,20,24,27,30,34",,,,,,"H[5,7,16,17,20,27,29,37,39,47,49,55]|V[15,17,19,20,24,27,30,34]",9baad5a6d6d08df213ec54891109e23b1069a9a5
proposed_nsga2_bs_Gyorgy-KOVACS_WH_Narrow_AW_4_seed_102,proposed_nsga2_bs,Gyorgy-KOVACS_WH_Narrow_AW_4,102,7,auto_from_instance,12,18,4,30,216,,,,,8,3,4,root > V:27 > BH:27 > BV:17 > BV:19,selected,1,0.0,True,684,260,424,484.0,1.0,1.0,True,True,1,1,0,True,1,1,0,0,True,True,0,12,8,12,8,3,PF_LS_RP,fixed,,,False,0.4444444444444444,0.5228835683030345,0.5555555555555556,0.1,adaptive,break_symmetry,offspring,feasible_start_adaptive_spacing,,,,feasible_start_adaptive_spacing,0.5,,True,auto_from_instance,0.75,0.35,"5,7,16,17,20,27,29,37,39,47,49,55","15,17,20,24,27,30,34",,,,,,"H[5,7,16,17,20,27,29,37,39,47,49,55]|V[15,17,19,20,24,27,30,34]",7ea492661f4a7d780540a41c5bfc758906148e19
proposed_nsga2_bs_Gyorgy-KOVACS_WH_Narrow_AW_4_seed_102,proposed_nsga2_bs,Gyorgy-KOVACS_WH_Narrow_AW_4,102,7,auto_from_instance,12,18,4,30,216,,,,,9,3,4,root > V:27 > BH:27 > BV:19 > BV:17,selected,1,0.0,True,684,260,424,484.0,1.0,1.0,True,True,1,1,0,True,1,1,0,0,True,True,0,12,8,12,8,3,PF_LS_RP,fixed,,,False,0.4444444444444444,0.5228835683030345,0.5555555555555556,0.1,adaptive,break_symmetry,offspring,feasible_start_adaptive_spacing,,,,feasible_start_adaptive_spacing,0.5,,True,auto_from_instance,0.75,0.35,"5,7,16,17,20,27,29,37,39,47,49,55","15,17,20,24,27,30,34",,,,,,"H[5,7,16,17,20,27,29,37,39,47,49,55]|V[15,17,19,20,24,27,30,34]",59c55a28d53f47701301421f850890ad1de7d63b
proposed_nsga2_bs_Gyorgy-KOVACS_WH_Narrow_AW_4_seed_102,proposed_nsga2_bs,Gyorgy-KOVACS_WH_Narrow_AW_4,102,7,auto_from_instance,12,18,4,30,216,,,,,10,3,4,root > V:27 > BH:27 > BV:17 > BV:17,selected,1,inf,True,684,260,424,484.0,1.0,1.0,True,True,1,1,0,True,1,1,0,0,True,True,0,12,7,12,7,3,PF_LS_RP,fixed,,,False,0.4444444444444444,0.5228835683030345,0.5555555555555556,0.1,adaptive,break_symmetry,offspring,feasible_start_adaptive_spacing,,,,feasible_start_adaptive_spacing,0.5,,True,auto_from_instance,0.75,0.35,"5,7,16,17,20,27,29,37,39,47,49,55","15,17,20,24,27,30,34",,,,,,"H[5,7,16,17,20,27,29,37,39,47,49,55]|V[15,17,20,24,27,30,34]",6732d5258a9313035bead181283e041def90bbb2
proposed_nsga2_bs_Gyorgy-KOVACS_WH_Narrow_AW_4_seed_102,proposed_nsga2_bs,Gyorgy-KOVACS_WH_Narrow_AW_4,102,7,auto_from_instance,12,18,4,30,216,,,,,11,11,8,root > V:16 > BH:27 > BH:5 > BH:15 > BH:25 > BH:37 > BH:47 > BV:26,selected,1,inf,True,632,246,386,550.0,1.0,1.0,True,True,1,1,0,True,1,1,0,0,True,True,0,14,6,14,6,11,PF_LS_RP,fixed,,,False,0.4444444444444444,0.5078386188590858,0.5555555555555556,0.1,adaptive,break_symmetry,offspring,feasible_start_adaptive_spacing,,,,feasible_start_adaptive_spacing,0.5,,True,auto_from_instance,0.75,0.35,"5,7,16,17,20,27,29,37,39,47,49,55","16,17,24,26,30,34",,,,,,"H[5,7,15,16,17,20,25,27,29,37,39,47,49,55]|V[16,17,24,26,30,34]",08ee812bc396556b6550be0bd82f9266dcd2fe55
proposed_nsga2_bs_Gyorgy-KOVACS_WH_Narrow_AW_4_seed_102,proposed_nsga2_bs,Gyorgy-KOVACS_WH_Narrow_AW_4,102,7,auto_from_instance,12,18,4,30,216,,,,,12,11,8,root > V:16 > BH:27 > BH:49 > BH:39 > BH:29 > BH:17 > BH:7 > BV:26,selected,1,inf,True,632,246,386,550.0,1.0,1.0,True,True,1,1,0,True,1,1,0,0,True,True,0,12,6,12,6,11,PF_LS_RP,fixed,,,False,0.4444444444444444,0.5078386188590858,0.5555555555555556,0.1,adaptive,break_symmetry,offspring,feasible_start_adaptive_spacing,,,,feasible_start_adaptive_spacing,0.5,,True,auto_from_instance,0.75,0.35,"5,7,16,17,20,27,29,37,39,47,49,55","16,17,24,26,30,34",,,,,,"H[5,7,16,17,20,27,29,37,39,47,49,55]|V[16,17,24,26,30,34]",660d9dab711cc8220a7c4152b9d81284ad744a59
proposed_nsga2_bs_Gyorgy-KOVACS_WH_Narrow_AW_4_seed_102,proposed_nsga2_bs,Gyorgy-KOVACS_WH_Narrow_AW_4,102,7,auto_from_instance,12,18,4,30,216,,,,,13,11,8,root > V:16 > BH:27 > BH:5 > BH:15 > BH:25 > BH:37 > BH:47 > BV:24,evaluated,2,inf,False,632,246,386,628.0,1.0,1.0,True,True,1,1,0,True,1,1,0,0,True,True,0,14,6,14,6,11,PF_LS_RP,fixed,,,False,0.4444444444444444,0.5078386188590858,0.5555555555555556,0.1,adaptive,break_symmetry,offspring,feasible_start_adaptive_spacing,,,,feasible_start_adaptive_spacing,0.5,,True,auto_from_instance,0.75,0.35,"5,7,16,17,20,27,29,37,39,47,49,55","16,17,24,26,30,34",,,,,,"H[5,7,15,16,17,20,25,27,29,37,39,47,49,55]|V[16,17,24,26,30,34]",fe71932ea9ef92cbca4e0b578f20f6e88be50370
proposed_nsga2_bs_Gyorgy-KOVACS_WH_Narrow_AW_4_seed_102,proposed_nsga2_bs,Gyorgy-KOVACS_WH_Narrow_AW_4,102,7,auto_from_instance,12,18,4,30,216,,,,,14,11,8,root > V:16 > BH:27 > BH:49 > BH:39 > BH:29 > BH:17 > BH:7 > BV:24,evaluated,2,inf,False,632,246,386,628.0,1.0,1.0,True,True,1,1,0,True,1,1,0,0,True,True,0,12,6,12,6,11,PF_LS_RP,fixed,,,False,0.4444444444444444,0.5078386188590858,0.5555555555555556,0.1,adaptive,break_symmetry,offspring,feasible_start_adaptive_spacing,,,,feasible_start_adaptive_spacing,0.5,,True,auto_from_instance,0.75,0.35,"5,7,16,17,20,27,29,37,39,47,49,55","16,17,24,26,30,34",,,,,,"H[5,7,16,17,20,27,29,37,39,47,49,55]|V[16,17,24,26,30,34]",9696e3fb0a981a3c866440c46c54987a8cf3ab94
proposed_nsga2_bs_Gyorgy-KOVACS_WH_Narrow_AW_4_seed_102,proposed_nsga2_bs,Gyorgy-KOVACS_WH_Narrow_AW_4,102,8,auto_from_instance,12,18,4,30,216,,,,,1,1,4,root > V:27 > BH:27 > BV:19 > BV:19,selected,1,inf,True,684,260,424,484.0,1.0,1.0,True,True,1,1,0,True,1,1,0,0,True,True,0,12,7,12,7,1,PF_LS_RP,fixed,,,False,0.5,0.4461552673885423,0.5,0.1,adaptive,break_symmetry,offspring,feasible_start_adaptive_spacing,,,,feasible_start_adaptive_spacing,0.5,,True,auto_from_instance,0.75,0.35,"5,7,16,17,20,27,29,37,39,47,50,55","16,17,24,27,30,34",,,,,,"H[5,7,16,17,20,27,29,37,39,47,50,55]|V[16,17,19,24,27,30,34]",9baad5a6d6d08df213ec54891109e23b1069a9a5
proposed_nsga2_bs_Gyorgy-KOVACS_WH_Narrow_AW_4_seed_102,proposed_nsga2_bs,Gyorgy-KOVACS_WH_Narrow_AW_4,102,8,auto_from_instance,12,18,4,30,216,,,,,2,1,4,root > V:27 > BH:27 > BV:17 > BV:19,selected,1,0.0,True,684,260,424,484.0,1.0,1.0,True,True,1,1,0,True,1,1,0,0,True,True,0,12,7,12,7,1,PF_LS_RP,fixed,,,False,0.5,0.4461552673885423,0.5,0.1,adaptive,break_symmetry,offspring,feasible_start_adaptive_spacing,,,,feasible_start_adaptive_spacing,0.5,,True,auto_from_instance,0.75,0.35,"5,7,16,17,20,27,29,37,39,47,50,55","16,17,24,27,30,34",,,,,,"H[5,7,16,17,20,27,29,37,39,47,50,55]|V[16,17,19,24,27,30,34]",7ea492661f4a7d780540a41c5bfc758906148e19
proposed_nsga2_bs_Gyorgy-KOVACS_WH_Narrow_AW_4_seed_102,proposed_nsga2_bs,Gyorgy-KOVACS_WH_Narrow_AW_4,102,8,auto_from_instance,12,18,4,30,216,,,,,3,1,4,root > V:27 > BH:27 > BV:19 > BV:17,selected,1,0.0,True,684,260,424,484.0,1.0,1.0,True,True,1,1,0,True,1,1,0,0,True,True,0,12,7,12,7,1,PF_LS_RP,fixed,,,False,0.5,0.4461552673885423,0.5,0.1,adaptive,break_symmetry,offspring,feasible_start_adaptive_spacing,,,,feasible_start_adaptive_spacing,0.5,,True,auto_from_instance,0.75,0.35,"5,7,16,17,20,27,29,37,39,47,50,55","16,17,24,27,30,34",,,,,,"H[5,7,16,17,20,27,29,37,39,47,50,55]|V[16,17,19,24,27,30,34]",59c55a28d53f47701301421f850890ad1de7d63b
proposed_nsga2_bs_Gyorgy-KOVACS_WH_Narrow_AW_4_seed_102,proposed_nsga2_bs,Gyorgy-KOVACS_WH_Narrow_AW_4,102,8,auto_from_instance,12,18,4,30,216,,,,,4,1,4,root > V:27 > BH:27 > BV:17 > BV:17,selected,1,inf,True,684,260,424,484.0,1.0,1.0,True,True,1,1,0,True,1,1,0,0,True,True,0,12,6,12,6,1,PF_LS_RP,fixed,,,False,0.5,0.4461552673885423,0.5,0.1,adaptive,break_symmetry,offspring,feasible_start_adaptive_spacing,,,,feasible_start_adaptive_spacing,0.5,,True,auto_from_instance,0.75,0.35,"5,7,16,17,20,27,29,37,39,47,50,55","16,17,24,27,30,34",,,,,,"H[5,7,16,17,20,27,29,37,39,47,50,55]|V[16,17,24,27,30,34]",6732d5258a9313035bead181283e041def90bbb2
proposed_nsga2_bs_Gyorgy-KOVACS_WH_Narrow_AW_4_seed_102,proposed_nsga2_bs,Gyorgy-KOVACS_WH_Narrow_AW_4,102,8,auto_from_instance,12,18,4,30,216,,,,,5,2,9,root > V:15 > BH:27 > BH:5 > BH:15 > BH:25 > BH:37 > BH:47 > BV:23 > BV:30,selected,0,inf,True,592,261,331,462.0,1.0,1.0,True,True,1,1,0,True,1,1,0,0,True,True,0,14,10,14,10,2,PF_LS_RP,fixed,,,False,0.5,0.49532215343572755,0.5,0.1,adaptive,bit_flip,offspring,feasible_start_adaptive_spacing,,,,feasible_start_adaptive_spacing,0.5,,True,auto_from_instance,0.75,0.35,"5,7,15,16,17,20,25,27,29,37,39,47,49,55","12,15,17,19,20,24,26,30,34",,,,,,"H[5,7,15,16,17,20,25,27,29,37,39,47,49,55]|V[12,15,17,19,20,23,24,26,30,34]",9ee2190bb5e677e5dd6004d3c767bf39ff3449fb
proposed_nsga2_bs_Gyorgy-KOVACS_WH_Narrow_AW_4_seed_102,proposed_nsga2_bs,Gyorgy-KOVACS_WH_Narrow_AW_4,102,8,auto_from_instance,12,18,4,30,216,,,,,6,2,9,root > V:15 > BH:27 > BH:49 > BH:39 > BH:29 > BH:17 > BH:7 > BV:23 > BV:30,selected,0,inf,True,592,261,331,462.0,1.0,1.0,True,True,1,1,0,True,1,1,0,0,True,True,0,14,10,14,10,2,PF_LS_RP,fixed,,,False,0.5,0.49532215343572755,0.5,0.1,adaptive,bit_flip,offspring,feasible_start_adaptive_spacing,,,,feasible_start_adaptive_spacing,0.5,,True,auto_from_instance,0.75,0.35,"5,7,15,16,17,20,25,27,29,37,39,47,49,55","12,15,17,19,20,24,26,30,34",,,,,,"H[5,7,15,16,17,20,25,27,29,37,39,47,49,55]|V[12,15,17,19,20,23,24,26,30,34]",eef866e48d563b788dc6683537da31dffdbde584
proposed_nsga2_bs_Gyorgy-KOVACS_WH_Narrow_AW_4_seed_102,proposed_nsga2_bs,Gyorgy-KOVACS_WH_Narrow_AW_4,102,8,auto_from_instance,12,18,4,30,216,,,,,7,3,4,root > V:28 > BH:27 > BV:19 > BV:19,selected,0,inf,True,680,262,418,472.0,1.0,1.0,True,True,1,1,0,True,1,1,0,0,True,True,0,13,6,13,6,3,PF_LS_RP,fixed,,,False,0.5,0.4578628303600414,0.5,0.1,adaptive,remove_random_aisle,offspring,feasible_start_adaptive_spacing,,,,feasible_start_adaptive_spacing,0.5,,True,auto_from_instance,0.75,0.35,"5,7,15,16,17,25,26,27,29,37,39,46,47","19,21,24,26,28,34",,,,,,"H[5,7,15,16,17,25,26,27,29,37,39,46,47]|V[19,21,24,26,28,34]",fc4825140fa5e2560776b4b932f5ef46c1588f36
proposed_nsga2_bs_Gyorgy-KOVACS_WH_Narrow_AW_4_seed_102,proposed_nsga2_bs,Gyorgy-KOVACS_WH_Narrow_AW_4,102,8,auto_from_instance,12,18,4,30,216,,,,,8,3,4,root > V:28 > BH:27 > BV:19 > BV:21,selected,1,inf,True,680,262,418,524.0,1.0,1.0,True,True,1,1,0,True,1,1,0,0,True,True,0,13,6,13,6,3,PF_LS_RP,fixed,,,False,0.5,0.4578628303600414,0.5,0.1,adaptive,remove_random_aisle,offspring,feasible_start_adaptive_spacing,,,,feasible_start_adaptive_spacing,0.5,,True,auto_from_instance,0.75,0.35,"5,7,15,16,17,25,26,27,29,37,39,46,47","19,21,24,26,28,34",,,,,,"H[5,7,15,16,17,25,26,27,29,37,39,46,47]|V[19,21,24,26,28,34]",334779b46d5c288ee3031362a71af20db7b63dd5
proposed_nsga2_bs_Gyorgy-KOVACS_WH_Narrow_AW_4_seed_102,proposed_nsga2_bs,Gyorgy-KOVACS_WH_Narrow_AW_4,102,8,auto_from_instance,12,18,4,30,216,,,,,9,3,4,root > V:28 > BH:27 > BV:19 > BV:21,selected,1,0.0,True,680,262,418,524.0,1.0,1.0,True,True,1,1,0,True,1,1,0,0,True,True,0,13,6,13,6,3,PF_LS_RP,fixed,,,False,0.5,0.4578628303600414,0.5,0.1,adaptive,remove_random_aisle,offspring,feasible_start_adaptive_spacing,,,,feasible_start_adaptive_spacing,0.5,,True,auto_from_instance,0.75,0.35,"5,7,15,16,17,25,26,27,29,37,39,46,47","19,21,24,26,28,34",,,,,,"H[5,7,15,16,17,25,26,27,29,37,39,46,47]|V[19,21,24,26,28,34]",8f2926ac3d427dac9f2e22e7dbb4782d03fe71f9
proposed_nsga2_bs_Gyorgy-KOVACS_WH_Narrow_AW_4_seed_102,proposed_nsga2_bs,Gyorgy-KOVACS_WH_Narrow_AW_4,102,8,auto_from_instance,12,18,4,30,216,,,,,10,3,4,root > V:28 > BH:27 > BV:19 > BV:17,selected,1,0.6768341307814991,True,680,262,418,524.0,1.0,1.0,True,True,1,1,0,True,1,1,0,0,True,True,0,13,7,13,7,3,PF_LS_RP,fixed,,,False,0.5,0.4578628303600414,0.5,0.1,adaptive,remove_random_aisle,offspring,feasible_start_adaptive_spacing,,,,feasible_start_adaptive_spacing,0.5,,True,auto_from_instance,0.75,0.35,"5,7,15,16,17,25,26,27,29,37,39,46,47","19,21,24,26,28,34",,,,,,"H[5,7,15,16,17,25,26,27,29,37,39,46,47]|V[17,19,21,24,26,28,34]",c3a8d798cccc0ae6137f5d1801f12286f82d75a7
proposed_nsga2_bs_Gyorgy-KOVACS_WH_Narrow_AW_4_seed_102,proposed_nsga2_bs,Gyorgy-KOVACS_WH_Narrow_AW_4,102,8,auto_from_instance,12,18,4,30,216,,,,,11,6,8,root > V:16 > BH:27 > BH:5 > BH:15 > BH:25 > BH:37 > BH:47 > BV:26,selected,1,inf,True,632,246,386,550.0,1.0,1.0,True,True,1,1,0,True,1,1,0,0,True,True,0,14,7,14,7,6,PF_LS_RP,fixed,,,False,0.5,0.5002777665998338,0.5,0.1,adaptive,insert_random_aisle,offspring,feasible_start_adaptive_spacing,,,,feasible_start_adaptive_spacing,0.5,,True,auto_from_instance,0.75,0.35,"5,7,15,16,17,25,26,27,29,37,39,47,49,55","6,16,17,24,26,30,34",,,,,,"H[5,7,15,16,17,25,26,27,29,37,39,47,49,55]|V[6,16,17,24,26,30,34]",08ee812bc396556b6550be0bd82f9266dcd2fe55
proposed_nsga2_bs_Gyorgy-KOVACS_WH_Narrow_AW_4_seed_102,proposed_nsga2_bs,Gyorgy-KOVACS_WH_Narrow_AW_4,102,8,auto_from_instance,12,18,4,30,216,,,,,12,6,8,root > V:16 > BH:27 > BH:49 > BH:39 > BH:29 > BH:17 > BH:7 > BV:26,selected,1,inf,True,632,246,386,550.0,1.0,1.0,True,True,1,1,0,True,1,1,0,0,True,True,0,14,7,14,7,6,PF_LS_RP,fixed,,,False,0.5,0.5002777665998338,0.5,0.1,adaptive,insert_random_aisle,offspring,feasible_start_adaptive_spacing,,,,feasible_start_adaptive_spacing,0.5,,True,auto_from_instance,0.75,0.35,"5,7,15,16,17,25,26,27,29,37,39,47,49,55","6,16,17,24,26,30,34",,,,,,"H[5,7,15,16,17,25,26,27,29,37,39,47,49,55]|V[6,16,17,24,26,30,34]",660d9dab711cc8220a7c4152b9d81284ad744a59
proposed_nsga2_bs_Gyorgy-KOVACS_WH_Narrow_AW_4_seed_102,proposed_nsga2_bs,Gyorgy-KOVACS_WH_Narrow_AW_4,102,8,auto_from_instance,12,18,4,30,216,,,,,13,6,8,root > V:16 > BH:27 > BH:5 > BH:15 > BH:25 > BH:37 > BH:47 > BV:24,evaluated,2,inf,False,632,246,386,628.0,1.0,1.0,True,True,1,1,0,True,1,1,0,0,True,True,0,14,7,14,7,6,PF_LS_RP,fixed,,,False,0.5,0.5002777665998338,0.5,0.1,adaptive,insert_random_aisle,offspring,feasible_start_adaptive_spacing,,,,feasible_start_adaptive_spacing,0.5,,True,auto_from_instance,0.75,0.35,"5,7,15,16,17,25,26,27,29,37,39,47,49,55","6,16,17,24,26,30,34",,,,,,"H[5,7,15,16,17,25,26,27,29,37,39,47,49,55]|V[6,16,17,24,26,30,34]",fe71932ea9ef92cbca4e0b578f20f6e88be50370
proposed_nsga2_bs_Gyorgy-KOVACS_WH_Narrow_AW_4_seed_102,proposed_nsga2_bs,Gyorgy-KOVACS_WH_Narrow_AW_4,102,8,auto_from_instance,12,18,4,30,216,,,,,14,6,8,root > V:16 > BH:27 > BH:49 > BH:39 > BH:29 > BH:17 > BH:7 > BV:24,evaluated,2,inf,False,632,246,386,628.0,1.0,1.0,True,True,1,1,0,True,1,1,0,0,True,True,0,14,7,14,7,6,PF_LS_RP,fixed,,,False,0.5,0.5002777665998338,0.5,0.1,adaptive,insert_random_aisle,offspring,feasible_start_adaptive_spacing,,,,feasible_start_adaptive_spacing,0.5,,True,auto_from_instance,0.75,0.35,"5,7,15,16,17,25,26,27,29,37,39,47,49,55","6,16,17,24,26,30,34",,,,,,"H[5,7,15,16,17,25,26,27,29,37,39,47,49,55]|V[6,16,17,24,26,30,34]",9696e3fb0a981a3c866440c46c54987a8cf3ab94
proposed_nsga2_bs_Gyorgy-KOVACS_WH_Narrow_AW_4_seed_102,proposed_nsga2_bs,Gyorgy-KOVACS_WH_Narrow_AW_4,102,9,auto_from_instance,12,18,4,30,216,,,,,1,1,4,root > V:28 > BH:27 > BV:19 > BV:19,selected,0,inf,True,680,262,418,472.0,1.0,1.0,True,True,1,1,0,True,1,1,0,0,True,True,0,13,11,13,11,1,PF_LS_RP,fixed,,,False,0.5555555555555556,0.550619491537879,0.4444444444444444,0.1,adaptive,insert_random_aisle,offspring,feasible_start_adaptive_spacing,,,,feasible_start_adaptive_spacing,0.5,,True,auto_from_instance,0.75,0.35,"5,7,15,16,17,25,26,27,29,37,39,46,47","12,15,17,19,20,23,24,26,28,30,34",,,,,,"H[5,7,15,16,17,25,26,27,29,37,39,46,47]|V[12,15,17,19,20,23,24,26,28,30,34]",fc4825140fa5e2560776b4b932f5ef46c1588f36
proposed_nsga2_bs_Gyorgy-KOVACS_WH_Narrow_AW_4_seed_102,proposed_nsga2_bs,Gyorgy-KOVACS_WH_Narrow_AW_4,102,9,auto_from_instance,12,18,4,30,216,,,,,2,1,4,root > V:28 > BH:27 > BV:19 > BV:21,selected,1,inf,True,680,262,418,524.0,1.0,1.0,True,True,1,1,0,True,1,1,0,0,True,True,0,13,12,13,12,1,PF_LS_RP,fixed,,,False,0.5555555555555556,0.550619491537879,0.4444444444444444,0.1,adaptive,insert_random_aisle,offspring,feasible_start_adaptive_spacing,,,,feasible_start_adaptive_spacing,0.5,,True,auto_from_instance,0.75,0.35,"5,7,15,16,17,25,26,27,29,37,39,46,47","12,15,17,19,20,23,24,26,28,30,34",,,,,,"H[5,7,15,16,17,25,26,27,29,37,39,46,47]|V[12,15,17,19,20,21,23,24,26,28,30,34]",334779b46d5c288ee3031362a71af20db7b63dd5
proposed_nsga2_bs_Gyorgy-KOVACS_WH_Narrow_AW_4_seed_102,proposed_nsga2_bs,Gyorgy-KOVACS_WH_Narrow_AW_4,102,9,auto_from_instance,12,18,4,30,216,,,,,3,1,4,root > V:28 > BH:27 > BV:19 > BV:21,evaluated,1,0.0,False,680,262,418,524.0,1.0,1.0,True,True,1,1,0,True,1,1,0,0,True,True,0,13,12,13,12,1,PF_LS_RP,fixed,,,False,0.5555555555555556,0.550619491537879,0.4444444444444444,0.1,adaptive,insert_random_aisle,offspring,feasible_start_adaptive_spacing,,,,feasible_start_adaptive_spacing,0.5,,True,auto_from_instance,0.75,0.35,"5,7,15,16,17,25,26,27,29,37,39,46,47","12,15,17,19,20,23,24,26,28,30,34",,,,,,"H[5,7,15,16,17,25,26,27,29,37,39,46,47]|V[12,15,17,19,20,21,23,24,26,28,30,34]",8f2926ac3d427dac9f2e22e7dbb4782d03fe71f9
proposed_nsga2_bs_Gyorgy-KOVACS_WH_Narrow_AW_4_seed_102,proposed_nsga2_bs,Gyorgy-KOVACS_WH_Narrow_AW_4,102,9,auto_from_instance,12,18,4,30,216,,,,,4,1,4,root > V:28 > BH:27 > BV:19 > BV:17,evaluated,1,0.37678362573099416,False,680,262,418,524.0,1.0,1.0,True,True,1,1,0,True,1,1,0,0,True,True,0,13,11,13,11,1,PF_LS_RP,fixed,,,False,0.5555555555555556,0.550619491537879,0.4444444444444444,0.1,adaptive,insert_random_aisle,offspring,feasible_start_adaptive_spacing,,,,feasible_start_adaptive_spacing,0.5,,True,auto_from_instance,0.75,0.35,"5,7,15,16,17,25,26,27,29,37,39,46,47","12,15,17,19,20,23,24,26,28,30,34",,,,,,"H[5,7,15,16,17,25,26,27,29,37,39,46,47]|V[12,15,17,19,20,23,24,26,28,30,34]",c3a8d798cccc0ae6137f5d1801f12286f82d75a7
proposed_nsga2_bs_Gyorgy-KOVACS_WH_Narrow_AW_4_seed_102,proposed_nsga2_bs,Gyorgy-KOVACS_WH_Narrow_AW_4,102,9,auto_from_instance,12,18,4,30,216,,,,,5,2,8,root > V:19 > BH:27 > BH:5 > BH:15 > BH:25 > BH:37 > BH:47 > BV:27,evaluated,2,inf,False,680,219,461,568.0,1.0,1.0,True,True,1,1,0,True,1,1,0,0,True,True,0,14,8,14,8,2,PF_LS_RP,fixed,,,False,0.5555555555555556,0.5186063611395326,0.4444444444444444,0.1,adaptive,insert_random_aisle,offspring,feasible_start_adaptive_spacing,,,,feasible_start_adaptive_spacing,0.5,,True,auto_from_instance,0.75,0.35,"5,7,15,16,17,20,25,27,29,37,39,47,49,55","7,19,21,24,26,30,34",,,,,,"H[5,7,15,16,17,20,25,27,29,37,39,47,49,55]|V[7,19,21,24,26,27,30,34]",765044c2001aa13b89dcc3ab94cee7150e6707b9
proposed_nsga2_bs_Gyorgy-KOVACS_WH_Narrow_AW_4_seed_102,proposed_nsga2_bs,Gyorgy-KOVACS_WH_Narrow_AW_4,102,9,auto_from_instance,12,18,4,30,216,,,,,6,2,8,root > V:19 > BH:27 > BH:49 > BH:39 > BH:29 > BH:17 > BH:7 > BV:27,evaluated,2,inf,False,680,219,461,568.0,1.0,1.0,True,True,1,1,0,True,1,1,0,0,True,True,0,14,8,14,8,2,PF_LS_RP,fixed,,,False,0.5555555555555556,0.5186063611395326,0.4444444444444444,0.1,adaptive,insert_random_aisle,offspring,feasible_start_adaptive_spacing,,,,feasible_start_adaptive_spacing,0.5,,True,auto_from_instance,0.75,0.35,"5,7,15,16,17,20,25,27,29,37,39,47,49,55","7,19,21,24,26,30,34",,,,,,"H[5,7,15,16,17,20,25,27,29,37,39,47,49,55]|V[7,19,21,24,26,27,30,34]",e804ee8e40d619c35bd933154a145af1f8bb0e46
proposed_nsga2_bs_Gyorgy-KOVACS_WH_Narrow_AW_4_seed_102,proposed_nsga2_bs,Gyorgy-KOVACS_WH_Narrow_AW_4,102,9,auto_from_instance,12,18,4,30,216,,,,,7,4,8,root > V:17 > BH:27 > BH:5 > BH:15 > BH:25 > BH:37 > BH:47 > BV:27,selected,0,1.3720192307692307,True,648,237,411,490.0,1.0,1.0,True,True,1,1,0,True,1,1,0,0,True,True,0,16,7,16,7,4,PF_LS_RP,fixed,,,False,0.5555555555555556,0.5545626884286831,0.4444444444444444,0.1,adaptive,spacing_aware_flip,offspring,feasible_start_adaptive_spacing,,,,feasible_start_adaptive_spacing,0.5,,True,auto_from_instance,0.75,0.35,"5,7,15,16,17,21,25,26,27,29,37,39,46,47,49,55","6,17,24,26,30,34",,,,,,"H[5,7,15,16,17,21,25,26,27,29,37,39,46,47,49,55]|V[6,17,24,26,27,30,34]",3ab80a1d8e68880e815ad780c83cfc2449e7f93f
proposed_nsga2_bs_Gyorgy-KOVACS_WH_Narrow_AW_4_seed_102,proposed_nsga2_bs,Gyorgy-KOVACS_WH_Narrow_AW_4,102,9,auto_from_instance,12,18,4,30,216,,,,,8,4,8,root > V:17 > BH:27 > BH:49 > BH:39 > BH:29 > BH:17 > BH:7 > BV:27,selected,0,inf,True,648,237,411,490.0,1.0,1.0,True,True,1,1,0,True,1,1,0,0,True,True,0,16,7,16,7,4,PF_LS_RP,fixed,,,False,0.5555555555555556,0.5545626884286831,0.4444444444444444,0.1,adaptive,spacing_aware_flip,offspring,feasible_start_adaptive_spacing,,,,feasible_start_adaptive_spacing,0.5,,True,auto_from_instance,0.75,0.35,"5,7,15,16,17,21,25,26,27,29,37,39,46,47,49,55","6,17,24,26,30,34",,,,,,"H[5,7,15,16,17,21,25,26,27,29,37,39,46,47,49,55]|V[6,17,24,26,27,30,34]",451b31cd7494c0e29ac39737991e84853f054397
proposed_nsga2_bs_Gyorgy-KOVACS_WH_Narrow_AW_4_seed_102,proposed_nsga2_bs,Gyorgy-KOVACS_WH_Narrow_AW_4,102,9,auto_from_instance,12,18,4,30,216,,,,,9,4,8,root > V:17 > BH:27 > BH:5 > BH:15 > BH:25 > BH:37 > BH:47 > BV:25,selected,1,1.156783625730994,True,648,237,411,544.0,1.0,1.0,True,True,1,1,0,True,1,1,0,0,True,True,0,16,7,16,7,4,PF_LS_RP,fixed,,,False,0.5555555555555556,0.5545626884286831,0.4444444444444444,0.1,adaptive,spacing_aware_flip,offspring,feasible_start_adaptive_spacing,,,,feasible_start_adaptive_spacing,0.5,,True,auto_from_instance,0.75,0.35,"5,7,15,16,17,21,25,26,27,29,37,39,46,47,49,55","6,17,24,26,30,34",,,,,,"H[5,7,15,16,17,21,25,26,27,29,37,39,46,47,49,55]|V[6,17,24,25,26,30,34]",24e93b3467ee5334276be59c5b6e878bb2e06a66
proposed_nsga2_bs_Gyorgy-KOVACS_WH_Narrow_AW_4_seed_102,proposed_nsga2_bs,Gyorgy-KOVACS_WH_Narrow_AW_4,102,9,auto_from_instance,12,18,4,30,216,,,,,10,4,8,root > V:17 > BH:27 > BH:49 > BH:39 > BH:29 > BH:17 > BH:7 > BV:25,selected,1,inf,True,648,237,411,544.0,1.0,1.0,True,True,1,1,0,True,1,1,0,0,True,True,0,16,7,16,7,4,PF_LS_RP,fixed,,,False,0.5555555555555556,0.5545626884286831,0.4444444444444444,0.1,adaptive,spacing_aware_flip,offspring,feasible_start_adaptive_spacing,,,,feasible_start_adaptive_spacing,0.5,,True,auto_from_instance,0.75,0.35,"5,7,15,16,17,21,25,26,27,29,37,39,46,47,49,55","6,17,24,26,30,34",,,,,,"H[5,7,15,16,17,21,25,26,27,29,37,39,46,47,49,55]|V[6,17,24,25,26,30,34]",19631d63ec0204b55a5a6d539d26aaf84a80581d
proposed_nsga2_bs_Gyorgy-KOVACS_WH_Narrow_AW_4_seed_102,proposed_nsga2_bs,Gyorgy-KOVACS_WH_Narrow_AW_4,102,9,auto_from_instance,12,18,4,30,216,,,,,11,5,8,root > V:16 > BH:27 > BH:5 > BH:15 > BH:25 > BH:37 > BH:47 > BV:26,selected,0,inf,True,632,246,386,550.0,1.0,1.0,True,True,1,1,0,True,1,1,0,0,True,True,0,14,8,14,8,5,PF_LS_RP,fixed,,,False,0.5555555555555556,0.5781446320437098,0.4444444444444444,0.1,adaptive,bit_flip,offspring,feasible_start_adaptive_spacing,,,,feasible_start_adaptive_spacing,0.5,,True,auto_from_instance,0.75,0.35,"5,7,15,16,17,25,26,27,29,37,39,47,49,55","6,16,17,24,26,29,30,34",,,,,,"H[5,7,15,16,17,25,26,27,29,37,39,47,49,55]|V[6,16,17,24,26,29,30,34]",08ee812bc396556b6550be0bd82f9266dcd2fe55
proposed_nsga2_bs_Gyorgy-KOVACS_WH_Narrow_AW_4_seed_102,proposed_nsga2_bs,Gyorgy-KOVACS_WH_Narrow_AW_4,102,9,auto_from_instance,12,18,4,30,216,,,,,12,5,8,root > V:16 > BH:27 > BH:49 > BH:39 > BH:29 > BH:17 > BH:7 > BV:26,selected,0,inf,True,632,246,386,550.0,1.0,1.0,True,True,1,1,0,True,1,1,0,0,True,True,0,14,8,14,8,5,PF_LS_RP,fixed,,,False,0.5555555555555556,0.5781446320437098,0.4444444444444444,0.1,adaptive,bit_flip,offspring,feasible_start_adaptive_spacing,,,,feasible_start_adaptive_spacing,0.5,,True,auto_from_instance,0.75,0.35,"5,7,15,16,17,25,26,27,29,37,39,47,49,55","6,16,17,24,26,29,30,34",,,,,,"H[5,7,15,16,17,25,26,27,29,37,39,47,49,55]|V[6,16,17,24,26,29,30,34]",660d9dab711cc8220a7c4152b9d81284ad744a59
proposed_nsga2_bs_Gyorgy-KOVACS_WH_Narrow_AW_4_seed_102,proposed_nsga2_bs,Gyorgy-KOVACS_WH_Narrow_AW_4,102,9,auto_from_instance,12,18,4,30,216,,,,,13,5,8,root > V:16 > BH:27 > BH:5 > BH:15 > BH:25 > BH:37 > BH:47 > BV:24,selected,1,inf,True,632,246,386,628.0,1.0,1.0,True,True,1,1,0,True,1,1,0,0,True,True,0,14,8,14,8,5,PF_LS_RP,fixed,,,False,0.5555555555555556,0.5781446320437098,0.4444444444444444,0.1,adaptive,bit_flip,offspring,feasible_start_adaptive_spacing,,,,feasible_start_adaptive_spacing,0.5,,True,auto_from_instance,0.75,0.35,"5,7,15,16,17,25,26,27,29,37,39,47,49,55","6,16,17,24,26,29,30,34",,,,,,"H[5,7,15,16,17,25,26,27,29,37,39,47,49,55]|V[6,16,17,24,26,29,30,34]",fe71932ea9ef92cbca4e0b578f20f6e88be50370
proposed_nsga2_bs_Gyorgy-KOVACS_WH_Narrow_AW_4_seed_102,proposed_nsga2_bs,Gyorgy-KOVACS_WH_Narrow_AW_4,102,9,auto_from_instance,12,18,4,30,216,,,,,14,5,8,root > V:16 > BH:27 > BH:49 > BH:39 > BH:29 > BH:17 > BH:7 > BV:24,selected,1,inf,True,632,246,386,628.0,1.0,1.0,True,True,1,1,0,True,1,1,0,0,True,True,0,14,8,14,8,5,PF_LS_RP,fixed,,,False,0.5555555555555556,0.5781446320437098,0.4444444444444444,0.1,adaptive,bit_flip,offspring,feasible_start_adaptive_spacing,,,,feasible_start_adaptive_spacing,0.5,,True,auto_from_instance,0.75,0.35,"5,7,15,16,17,25,26,27,29,37,39,47,49,55","6,16,17,24,26,29,30,34",,,,,,"H[5,7,15,16,17,25,26,27,29,37,39,47,49,55]|V[6,16,17,24,26,29,30,34]",9696e3fb0a981a3c866440c46c54987a8cf3ab94
proposed_nsga2_bs_Gyorgy-KOVACS_WH_Narrow_AW_4_seed_102,proposed_nsga2_bs,Gyorgy-KOVACS_WH_Narrow_AW_4,102,9,auto_from_instance,12,18,4,30,216,,,,,15,7,4,root > V:30 > BH:27 > BV:21 > BV:21,evaluated,3,inf,False,672,206,466,676.0,1.0,1.0,True,True,1,1,0,True,1,1,0,0,True,True,0,12,8,12,8,7,PF_LS_RP,fixed,,,False,0.5555555555555556,0.5159943343880318,0.4444444444444444,0.1,adaptive,swap_segments,offspring,feasible_start_adaptive_spacing,,,,feasible_start_adaptive_spacing,0.5,,True,auto_from_instance,0.75,0.35,"5,7,15,16,17,25,27,29,37,39,46,47","8,9,12,13,26,30,34",,,,,,"H[5,7,15,16,17,25,27,29,37,39,46,47]|V[8,9,12,13,21,26,30,34]",5dff680449ea54ef73abf8585de0c2ba440a4835
proposed_nsga2_bs_Gyorgy-KOVACS_WH_Narrow_AW_4_seed_102,proposed_nsga2_bs,Gyorgy-KOVACS_WH_Narrow_AW_4,102,9,auto_from_instance,12,18,4,30,216,,,,,16,7,4,root > V:30 > BH:27 > BV:19 > BV:21,evaluated,3,0.0,False,672,206,466,676.0,1.0,1.0,True,True,1,1,0,True,1,1,0,0,True,True,0,12,9,12,9,7,PF_LS_RP,fixed,,,False,0.5555555555555556,0.5159943343880318,0.4444444444444444,0.1,adaptive,swap_segments,offspring,feasible_start_adaptive_spacing,,,,feasible_start_adaptive_spacing,0.5,,True,auto_from_instance,0.75,0.35,"5,7,15,16,17,25,27,29,37,39,46,47","8,9,12,13,26,30,34",,,,,,"H[5,7,15,16,17,25,27,29,37,39,46,47]|V[8,9,12,13,19,21,26,30,34]",8bd280773c3be24cfc914a42e887aea361f9570c
proposed_nsga2_bs_Gyorgy-KOVACS_WH_Narrow_AW_4_seed_102,proposed_nsga2_bs,Gyorgy-KOVACS_WH_Narrow_AW_4,102,9,auto_from_instance,12,18,4,30,216,,,,,17,7,4,root > V:30 > BH:27 > BV:21 > BV:19,evaluated,3,0.0,False,672,206,466,676.0,1.0,1.0,True,True,1,1,0,True,1,1,0,0,True,True,0,12,9,12,9,7,PF_LS_RP,fixed,,,False,0.5555555555555556,0.5159943343880318,0.4444444444444444,0.1,adaptive,swap_segments,offspring,feasible_start_adaptive_spacing,,,,feasible_start_adaptive_spacing,0.5,,True,auto_from_instance,0.75,0.35,"5,7,15,16,17,25,27,29,37,39,46,47","8,9,12,13,26,30,34",,,,,,"H[5,7,15,16,17,25,27,29,37,39,46,47]|V[8,9,12,13,19,21,26,30,34]",0ed2b993601a455ad3c48ac7828910fea4b1be83
proposed_nsga2_bs_Gyorgy-KOVACS_WH_Narrow_AW_4_seed_102,proposed_nsga2_bs,Gyorgy-KOVACS_WH_Narrow_AW_4,102,9,auto_from_instance,12,18,4,30,216,,,,,18,7,4,root > V:30 > BH:27 > BV:19 > BV:19,evaluated,3,inf,False,672,206,466,676.0,1.0,1.0,True,True,1,1,0,True,1,1,0,0,True,True,0,12,8,12,8,7,PF_LS_RP,fixed,,,False,0.5555555555555556,0.5159943343880318,0.4444444444444444,0.1,adaptive,swap_segments,offspring,feasible_start_adaptive_spacing,,,,feasible_start_adaptive_spacing,0.5,,True,auto_from_instance,0.75,0.35,"5,7,15,16,17,25,27,29,37,39,46,47","8,9,12,13,26,30,34",,,,,,"H[5,7,15,16,17,25,27,29,37,39,46,47]|V[8,9,12,13,19,26,30,34]",1d86290022dd5e2c97367644c31a54117380bf1c
proposed_nsga2_bs_Gyorgy-KOVACS_WH_Narrow_AW_4_seed_102,proposed_nsga2_bs,Gyorgy-KOVACS_WH_Narrow_AW_4,102,9,auto_from_instance,12,18,4,30,216,,,,,19,11,4,root > V:27 > BH:27 > BV:19 > BV:19,selected,1,inf,True,684,260,424,484.0,1.0,1.0,True,True,1,1,0,True,1,1,0,0,True,True,0,13,8,13,8,11,PF_LS_RP,fixed,,,False,0.5555555555555556,0.504487162457993,0.4444444444444444,0.1,adaptive,insert_random_aisle,offspring,feasible_start_adaptive_spacing,,,,feasible_start_adaptive_spacing,0.5,,True,auto_from_instance,0.75,0.35,"5,7,16,17,20,26,27,29,37,39,46,47,55","19,21,24,25,26,27,30,34",,,,,,"H[5,7,16,17,20,26,27,29,37,39,46,47,55]|V[19,21,24,25,26,27,30,34]",9baad5a6d6d08df213ec54891109e23b1069a9a5
proposed_nsga2_bs_Gyorgy-KOVACS_WH_Narrow_AW_4_seed_102,proposed_nsga2_bs,Gyorgy-KOVACS_WH_Narrow_AW_4,102,9,auto_from_instance,12,18,4,30,216,,,,,20,11,4,root > V:27 > BH:27 > BV:17 > BV:19,evaluated,1,0.0,False,684,260,424,484.0,1.0,1.0,True,True,1,1,0,True,1,1,0,0,True,True,0,13,9,13,9,11,PF_LS_RP,fixed,,,False,0.5555555555555556,0.504487162457993,0.4444444444444444,0.1,adaptive,insert_random_aisle,offspring,feasible_start_adaptive_spacing,,,,feasible_start_adaptive_spacing,0.5,,True,auto_from_instance,0.75,0.35,"5,7,16,17,20,26,27,29,37,39,46,47,55","19,21,24,25,26,27,30,34",,,,,,"H[5,7,16,17,20,26,27,29,37,39,46,47,55]|V[17,19,21,24,25,26,27,30,34]",7ea492661f4a7d780540a41c5bfc758906148e19
proposed_nsga2_bs_Gyorgy-KOVACS_WH_Narrow_AW_4_seed_102,proposed_nsga2_bs,Gyorgy-KOVACS_WH_Narrow_AW_4,102,9,auto_from_instance,12,18,4,30,216,,,,,21,11,4,root > V:27 > BH:27 > BV:19 > BV:17,evaluated,1,0.0,False,684,260,424,484.0,1.0,1.0,True,True,1,1,0,True,1,1,0,0,True,True,0,13,9,13,9,11,PF_LS_RP,fixed,,,False,0.5555555555555556,0.504487162457993,0.4444444444444444,0.1,adaptive,insert_random_aisle,offspring,feasible_start_adaptive_spacing,,,,feasible_start_adaptive_spacing,0.5,,True,auto_from_instance,0.75,0.35,"5,7,16,17,20,26,27,29,37,39,46,47,55","19,21,24,25,26,27,30,34",,,,,,"H[5,7,16,17,20,26,27,29,37,39,46,47,55]|V[17,19,21,24,25,26,27,30,34]",59c55a28d53f47701301421f850890ad1de7d63b
proposed_nsga2_bs_Gyorgy-KOVACS_WH_Narrow_AW_4_seed_102,proposed_nsga2_bs,Gyorgy-KOVACS_WH_Narrow_AW_4,102,9,auto_from_instance,12,18,4,30,216,,,,,22,11,4,root > V:27 > BH:27 > BV:17 > BV:17,selected,1,inf,True,684,260,424,484.0,1.0,1.0,True,True,1,1,0,True,1,1,0,0,True,True,0,13,9,13,9,11,PF_LS_RP,fixed,,,False,0.5555555555555556,0.504487162457993,0.4444444444444444,0.1,adaptive,insert_random_aisle,offspring,feasible_start_adaptive_spacing,,,,feasible_start_adaptive_spacing,0.5,,True,auto_from_instance,0.75,0.35,"5,7,16,17,20,26,27,29,37,39,46,47,55","19,21,24,25,26,27,30,34",,,,,,"H[5,7,16,17,20,26,27,29,37,39,46,47,55]|V[17,19,21,24,25,26,27,30,34]",6732d5258a9313035bead181283e041def90bbb2
proposed_nsga2_bs_Gyorgy-KOVACS_WH_Narrow_AW_4_seed_102,proposed_nsga2_bs,Gyorgy-KOVACS_WH_Narrow_AW_4,102,10,auto_from_instance,12,18,4,30,216,,,,,1,1,4,root > V:27 > BH:27 > BV:19 > BV:19,selected,1,inf,True,684,260,424,484.0,1.0,1.0,True,True,1,1,0,True,1,1,0,0,True,True,0,15,9,15,9,1,PF_LS_RP,fixed,,,False,0.6111111111111112,0.6005108764172788,0.38888888888888884,0.1,adaptive,remove_random_aisle,offspring,feasible_start_adaptive_spacing,,,,feasible_start_adaptive_spacing,0.5,,True,auto_from_instance,0.75,0.35,"5,7,15,16,17,25,26,27,29,37,39,46,47,49,55","6,16,17,24,26,27,30,34",,,,,,"H[5,7,15,16,17,25,26,27,29,37,39,46,47,49,55]|V[6,16,17,19,24,26,27,30,34]",9baad5a6d6d08df213ec54891109e23b1069a9a5
proposed_nsga2_bs_Gyorgy-KOVACS_WH_Narrow_AW_4_seed_102,proposed_nsga2_bs,Gyorgy-KOVACS_WH_Narrow_AW_4,102,10,auto_from_instance,12,18,4,30,216,,,,,2,1,4,root > V:27 > BH:27 > BV:17 > BV:19,evaluated,1,0.0,False,684,260,424,484.0,1.0,1.0,True,True,1,1,0,True,1,1,0,0,True,True,0,15,9,15,9,1,PF_LS_RP,fixed,,,False,0.6111111111111112,0.6005108764172788,0.38888888888888884,0.1,adaptive,remove_random_aisle,offspring,feasible_start_adaptive_spacing,,,,feasible_start_adaptive_spacing,0.5,,True,auto_from_instance,0.75,0.35,"5,7,15,16,17,25,26,27,29,37,39,46,47,49,55","6,16,17,24,26,27,30,34",,,,,,"H[5,7,15,16,17,25,26,27,29,37,39,46,47,49,55]|V[6,16,17,19,24,26,27,30,34]",7ea492661f4a7d780540a41c5bfc758906148e19
proposed_nsga2_bs_Gyorgy-KOVACS_WH_Narrow_AW_4_seed_102,proposed_nsga2_bs,Gyorgy-KOVACS_WH_Narrow_AW_4,102,10,auto_from_instance,12,18,4,30,216,,,,,3,1,4,root > V:27 > BH:27 > BV:19 > BV:17,evaluated,1,0.0,False,684,260,424,484.0,1.0,1.0,True,True,1,1,0,True,1,1,0,0,True,True,0,15,9,15,9,1,PF_LS_RP,fixed,,,False,0.6111111111111112,0.6005108764172788,0.38888888888888884,0.1,adaptive,remove_random_aisle,offspring,feasible_start_adaptive_spacing,,,,feasible_start_adaptive_spacing,0.5,,True,auto_from_instance,0.75,0.35,"5,7,15,16,17,25,26,27,29,37,39,46,47,49,55","6,16,17,24,26,27,30,34",,,,,,"H[5,7,15,16,17,25,26,27,29,37,39,46,47,49,55]|V[6,16,17,19,24,26,27,30,34]",59c55a28d53f47701301421f850890ad1de7d63b
proposed_nsga2_bs_Gyorgy-KOVACS_WH_Narrow_AW_4_seed_102,proposed_nsga2_bs,Gyorgy-KOVACS_WH_Narrow_AW_4,102,10,auto_from_instance,12,18,4,30,216,,,,,4,1,4,root > V:27 > BH:27 > BV:17 > BV:17,selected,1,inf,True,684,260,424,484.0,1.0,1.0,True,True,1,1,0,True,1,1,0,0,True,True,0,15,8,15,8,1,PF_LS_RP,fixed,,,False,0.6111111111111112,0.6005108764172788,0.38888888888888884,0.1,adaptive,remove_random_aisle,offspring,feasible_start_adaptive_spacing,,,,feasible_start_adaptive_spacing,0.5,,True,auto_from_instance,0.75,0.35,"5,7,15,16,17,25,26,27,29,37,39,46,47,49,55","6,16,17,24,26,27,30,34",,,,,,"H[5,7,15,16,17,25,26,27,29,37,39,46,47,49,55]|V[6,16,17,24,26,27,30,34]",6732d5258a9313035bead181283e041def90bbb2
proposed_nsga2_bs_Gyorgy-KOVACS_WH_Narrow_AW_4_seed_102,proposed_nsga2_bs,Gyorgy-KOVACS_WH_Narrow_AW_4,102,10,auto_from_instance,12,18,4,30,216,,,,,5,2,8,root > V:16 > BH:27 > BH:5 > BH:15 > BH:25 > BH:37 > BH:47 > BV:26,selected,0,inf,True,632,246,386,550.0,1.0,1.0,True,True,1,1,0,True,1,1,0,0,True,True,0,15,7,15,7,2,PF_LS_RP,fixed,,,False,0.6111111111111112,0.49991014458745714,0.38888888888888884,0.1,adaptive,swap_segments,offspring,feasible_start_adaptive_spacing,,,,feasible_start_adaptive_spacing,0.5,,True,auto_from_instance,0.75,0.35,"5,7,15,16,17,21,25,26,27,29,37,39,47,49,55","6,16,18,25,30,34",,,,,,"H[5,7,15,16,17,21,25,26,27,29,37,39,47,49,55]|V[6,16,18,25,26,30,34]",08ee812bc396556b6550be0bd82f9266dcd2fe55
proposed_nsga2_bs_Gyorgy-KOVACS_WH_Narrow_AW_4_seed_102,proposed_nsga2_bs,Gyorgy-KOVACS_WH_Narrow_AW_4,102,10,auto_from_instance,12,18,4,30,216,,,,,6,2,8,root > V:16 > BH:27 > BH:49 > BH:39 > BH:29 > BH:17 > BH:7 > BV:26,selected,0,inf,True,632,246,386,550.0,1.0,1.0,True,True,1,1,0,True,1,1,0,0,True,True,0,15,7,15,7,2,PF_LS_RP,fixed,,,False,0.6111111111111112,0.49991014458745714,0.38888888888888884,0.1,adaptive,swap_segments,offspring,feasible_start_adaptive_spacing,,,,feasible_start_adaptive_spacing,0.5,,True,auto_from_instance,0.75,0.35,"5,7,15,16,17,21,25,26,27,29,37,39,47,49,55","6,16,18,25,30,34",,,,,,"H[5,7,15,16,17,21,25,26,27,29,37,39,47,49,55]|V[6,16,18,25,26,30,34]",660d9dab711cc8220a7c4152b9d81284ad744a59
proposed_nsga2_bs_Gyorgy-KOVACS_WH_Narrow_AW_4_seed_102,proposed_nsga2_bs,Gyorgy-KOVACS_WH_Narrow_AW_4,102,10,auto_from_instance,12,18,4,30,216,,,,,7,2,8,root > V:16 > BH:27 > BH:5 > BH:15 > BH:25 > BH:37 > BH:47 > BV:24,selected,1,inf,True,632,246,386,628.0,1.0,1.0,True,True,1,1,0,True,1,1,0,0,True,True,0,15,7,15,7,2,PF_LS_RP,fixed,,,False,0.6111111111111112,0.49991014458745714,0.38888888888888884,0.1,adaptive,swap_segments,offspring,feasible_start_adaptive_spacing,,,,feasible_start_adaptive_spacing,0.5,,True,auto_from_instance,0.75,0.35,"5,7,15,16,17,21,25,26,27,29,37,39,47,49,55","6,16,18,25,30,34",,,,,,"H[5,7,15,16,17,21,25,26,27,29,37,39,47,49,55]|V[6,16,18,24,25,30,34]",fe71932ea9ef92cbca4e0b578f20f6e88be50370
proposed_nsga2_bs_Gyorgy-KOVACS_WH_Narrow_AW_4_seed_102,proposed_nsga2_bs,Gyorgy-KOVACS_WH_Narrow_AW_4,102,10,auto_from_instance,12,18,4,30,216,,,,,8,2,8,root > V:16 > BH:27 > BH:49 > BH:39 > BH:29 > BH:17 > BH:7 > BV:24,selected,1,inf,True,632,246,386,628.0,1.0,1.0,True,True,1,1,0,True,1,1,0,0,True,True,0,15,7,15,7,2,PF_LS_RP,fixed,,,False,0.6111111111111112,0.49991014458745714,0.38888888888888884,0.1,adaptive,swap_segments,offspring,feasible_start_adaptive_spacing,,,,feasible_start_adaptive_spacing,0.5,,True,auto_from_instance,0.75,0.35,"5,7,15,16,17,21,25,26,27,29,37,39,47,49,55","6,16,18,25,30,34",,,,,,"H[5,7,15,16,17,21,25,26,27,29,37,39,47,49,55]|V[6,16,18,24,25,30,34]",9696e3fb0a981a3c866440c46c54987a8cf3ab94
proposed_nsga2_bs_Gyorgy-KOVACS_WH_Narrow_AW_4_seed_102,proposed_nsga2_bs,Gyorgy-KOVACS_WH_Narrow_AW_4,102,10,auto_from_instance,12,18,4,30,216,,,,,9,5,4,root > V:28 > BH:27 > BV:19 > BV:19,selected,0,inf,True,680,262,418,472.0,1.0,1.0,True,True,1,1,0,True,1,1,0,0,True,True,0,14,12,14,12,5,PF_LS_RP,fixed,,,False,0.6111111111111112,0.6741957341290522,0.38888888888888884,0.1,adaptive,spacing_aware_flip,offspring,feasible_start_adaptive_spacing,,,,feasible_start_adaptive_spacing,0.5,,True,auto_from_instance,0.75,0.35,"5,7,15,16,17,25,26,27,29,37,39,46,47,57","12,15,17,19,20,21,23,24,26,28,30,34",,,,,,"H[5,7,15,16,17,25,26,27,29,37,39,46,47,57]|V[12,15,17,19,20,21,23,24,26,28,30,34]",fc4825140fa5e2560776b4b932f5ef46c1588f36
proposed_nsga2_bs_Gyorgy-KOVACS_WH_Narrow_AW_4_seed_102,proposed_nsga2_bs,Gyorgy-KOVACS_WH_Narrow_AW_4,102,10,auto_from_instance,12,18,4,30,216,,,,,10,5,4,root > V:28 > BH:27 > BV:19 > BV:21,selected,1,inf,True,680,262,418,524.0,1.0,1.0,True,True,1,1,0,True,1,1,0,0,True,True,0,14,12,14,12,5,PF_LS_RP,fixed,,,False,0.6111111111111112,0.6741957341290522,0.38888888888888884,0.1,adaptive,spacing_aware_flip,offspring,feasible_start_adaptive_spacing,,,,feasible_start_adaptive_spacing,0.5,,True,auto_from_instance,0.75,0.35,"5,7,15,16,17,25,26,27,29,37,39,46,47,57","12,15,17,19,20,21,23,24,26,28,30,34",,,,,,"H[5,7,15,16,17,25,26,27,29,37,39,46,47,57]|V[12,15,17,19,20,21,23,24,26,28,30,34]",334779b46d5c288ee3031362a71af20db7b63dd5
proposed_nsga2_bs_Gyorgy-KOVACS_WH_Narrow_AW_4_seed_102,proposed_nsga2_bs,Gyorgy-KOVACS_WH_Narrow_AW_4,102,10,auto_from_instance,12,18,4,30,216,,,,,11,5,4,root > V:28 > BH:27 > BV:19 > BV:21,evaluated,1,0.0,False,680,262,418,524.0,1.0,1.0,True,True,1,1,0,True,1,1,0,0,True,True,0,14,12,14,12,5,PF_LS_RP,fixed,,,False,0.6111111111111112,0.6741957341290522,0.38888888888888884,0.1,adaptive,spacing_aware_flip,offspring,feasible_start_adaptive_spacing,,,,feasible_start_adaptive_spacing,0.5,,True,auto_from_instance,0.75,0.35,"5,7,15,16,17,25,26,27,29,37,39,46,47,57","12,15,17,19,20,21,23,24,26,28,30,34",,,,,,"H[5,7,15,16,17,25,26,27,29,37,39,46,47,57]|V[12,15,17,19,20,21,23,24,26,28,30,34]",8f2926ac3d427dac9f2e22e7dbb4782d03fe71f9
proposed_nsga2_bs_Gyorgy-KOVACS_WH_Narrow_AW_4_seed_102,proposed_nsga2_bs,Gyorgy-KOVACS_WH_Narrow_AW_4,102,10,auto_from_instance,12,18,4,30,216,,,,,12,5,4,root > V:28 > BH:27 > BV:19 > BV:17,evaluated,1,0.37678362573099416,False,680,262,418,524.0,1.0,1.0,True,True,1,1,0,True,1,1,0,0,True,True,0,14,12,14,12,5,PF_LS_RP,fixed,,,False,0.6111111111111112,0.6741957341290522,0.38888888888888884,0.1,adaptive,spacing_aware_flip,offspring,feasible_start_adaptive_spacing,,,,feasible_start_adaptive_spacing,0.5,,True,auto_from_instance,0.75,0.35,"5,7,15,16,17,25,26,27,29,37,39,46,47,57","12,15,17,19,20,21,23,24,26,28,30,34",,,,,,"H[5,7,15,16,17,25,26,27,29,37,39,46,47,57]|V[12,15,17,19,20,21,23,24,26,28,30,34]",c3a8d798cccc0ae6137f5d1801f12286f82d75a7
proposed_nsga2_bs_Gyorgy-KOVACS_WH_Narrow_AW_4_seed_102,proposed_nsga2_bs,Gyorgy-KOVACS_WH_Narrow_AW_4,102,10,auto_from_instance,12,18,4,30,216,,,,,13,10,8,root > V:17 > BH:27 > BH:5 > BH:15 > BH:25 > BH:37 > BH:47 > BV:27,selected,0,1.3720192307692307,True,648,237,411,490.0,1.0,1.0,True,True,1,1,0,True,1,1,0,0,True,True,0,14,11,14,11,10,PF_LS_RP,fixed,,,False,0.6111111111111112,0.6520270209296154,0.38888888888888884,0.1,adaptive,break_symmetry,offspring,feasible_start_adaptive_spacing,,,,feasible_start_adaptive_spacing,0.5,,True,auto_from_instance,0.75,0.35,"5,7,14,16,17,25,26,27,29,37,39,46,47","12,15,17,19,20,24,26,29,30,34",,,,,,"H[5,7,14,15,16,17,25,26,27,29,37,39,46,47]|V[12,15,17,19,20,24,26,27,29,30,34]",3ab80a1d8e68880e815ad780c83cfc2449e7f93f
proposed_nsga2_bs_Gyorgy-KOVACS_WH_Narrow_AW_4_seed_102,proposed_nsga2_bs,Gyorgy-KOVACS_WH_Narrow_AW_4,102,10,auto_from_instance,12,18,4,30,216,,,,,14,10,8,root > V:17 > BH:27 > BH:49 > BH:39 > BH:29 > BH:17 > BH:7 > BV:27,selected,0,inf,True,648,237,411,490.0,1.0,1.0,True,True,1,1,0,True,1,1,0,0,True,True,0,14,11,14,11,10,PF_LS_RP,fixed,,,False,0.6111111111111112,0.6520270209296154,0.38888888888888884,0.1,adaptive,break_symmetry,offspring,feasible_start_adaptive_spacing,,,,feasible_start_adaptive_spacing,0.5,,True,auto_from_instance,0.75,0.35,"5,7,14,16,17,25,26,27,29,37,39,46,47","12,15,17,19,20,24,26,29,30,34",,,,,,"H[5,7,14,16,17,25,26,27,29,37,39,46,47,49]|V[12,15,17,19,20,24,26,27,29,30,34]",451b31cd7494c0e29ac39737991e84853f054397
proposed_nsga2_bs_Gyorgy-KOVACS_WH_Narrow_AW_4_seed_102,proposed_nsga2_bs,Gyorgy-KOVACS_WH_Narrow_AW_4,102,10,auto_from_instance,12,18,4,30,216,,,,,15,10,8,root > V:17 > BH:27 > BH:5 > BH:15 > BH:25 > BH:37 > BH:47 > BV:25,selected,1,1.156783625730994,True,648,237,411,544.0,1.0,1.0,True,True,1,1,0,True,1,1,0,0,True,True,0,14,11,14,11,10,PF_LS_RP,fixed,,,False,0.6111111111111112,0.6520270209296154,0.38888888888888884,0.1,adaptive,break_symmetry,offspring,feasible_start_adaptive_spacing,,,,feasible_start_adaptive_spacing,0.5,,True,auto_from_instance,0.75,0.35,"5,7,14,16,17,25,26,27,29,37,39,46,47","12,15,17,19,20,24,26,29,30,34",,,,,,"H[5,7,14,15,16,17,25,26,27,29,37,39,46,47]|V[12,15,17,19,20,24,25,26,29,30,34]",24e93b3467ee5334276be59c5b6e878bb2e06a66
proposed_nsga2_bs_Gyorgy-KOVACS_WH_Narrow_AW_4_seed_102,proposed_nsga2_bs,Gyorgy-KOVACS_WH_Narrow_AW_4,102,10,auto_from_instance,12,18,4,30,216,,,,,16,10,8,root > V:17 > BH:27 > BH:49 > BH:39 > BH:29 > BH:17 > BH:7 > BV:25,selected,1,inf,True,648,237,411,544.0,1.0,1.0,True,True,1,1,0,True,1,1,0,0,True,True,0,14,11,14,11,10,PF_LS_RP,fixed,,,False,0.6111111111111112,0.6520270209296154,0.38888888888888884,0.1,adaptive,break_symmetry,offspring,feasible_start_adaptive_spacing,,,,feasible_start_adaptive_spacing,0.5,,True,auto_from_instance,0.75,0.35,"5,7,14,16,17,25,26,27,29,37,39,46,47","12,15,17,19,20,24,26,29,30,34",,,,,,"H[5,7,14,16,17,25,26,27,29,37,39,46,47,49]|V[12,15,17,19,20,24,25,26,29,30,34]",19631d63ec0204b55a5a6d539d26aaf84a80581d
proposed_nsga2_bs_Gyorgy-KOVACS_WH_Narrow_AW_4_seed_102,proposed_nsga2_bs,Gyorgy-KOVACS_WH_Narrow_AW_4,102,11,auto_from_instance,12,18,4,30,216,,,,,1,1,9,root > V:15 > BH:27 > BH:5 > BH:15 > BH:25 > BH:37 > BH:47 > BV:23 > BV:30,selected,0,inf,True,592,261,331,462.0,1.0,1.0,True,True,1,1,0,True,1,1,0,0,True,True,0,15,9,15,9,1,PF_LS_RP,fixed,,,False,0.6666666666666666,0.6852019031265292,0.33333333333333337,0.1,adaptive,bit_flip,offspring,feasible_start_adaptive_spacing,,,,feasible_start_adaptive_spacing,0.5,,True,auto_from_instance,0.75,0.35,"5,7,15,16,17,25,26,27,29,37,39,46,47,49,55","6,12,15,17,19,25,26,30",,,,,,"H[5,7,15,16,17,25,26,27,29,37,39,46,47,49,55]|V[6,12,15,17,19,23,25,26,30]",9ee2190bb5e677e5dd6004d3c767bf39ff3449fb
proposed_nsga2_bs_Gyorgy-KOVACS_WH_Narrow_AW_4_seed_102,proposed_nsga2_bs,Gyorgy-KOVACS_WH_Narrow_AW_4,102,11,auto_from_instance,12,18,4,30,216,,,,,2,1,9,root > V:15 > BH:27 > BH:49 > BH:39 > BH:29 > BH:17 > BH:7 > BV:23 > BV:30,selected,0,inf,True,592,261,331,462.0,1.0,1.0,True,True,1,1,0,True,1,1,0,0,True,True,0,15,9,15,9,1,PF_LS_RP,fixed,,,False,0.6666666666666666,0.6852019031265292,0.33333333333333337,0.1,adaptive,bit_flip,offspring,feasible_start_adaptive_spacing,,,,feasible_start_adaptive_spacing,0.5,,True,auto_from_instance,0.75,0.35,"5,7,15,16,17,25,26,27,29,37,39,46,47,49,55","6,12,15,17,19,25,26,30",,,,,,"H[5,7,15,16,17,25,26,27,29,37,39,46,47,49,55]|V[6,12,15,17,19,23,25,26,30]",eef866e48d563b788dc6683537da31dffdbde584
proposed_nsga2_bs_Gyorgy-KOVACS_WH_Narrow_AW_4_seed_102,proposed_nsga2_bs,Gyorgy-KOVACS_WH_Narrow_AW_4,102,11,auto_from_instance,12,18,4,30,216,,,,,3,2,4,root > V:28 > BH:27 > BV:19 > BV:19,selected,0,inf,True,680,262,418,472.0,1.0,1.0,True,True,1,1,0,True,1,1,0,0,True,True,0,14,11,14,11,2,PF_LS_RP,fixed,,,False,0.6666666666666666,0.6378180419528843,0.33333333333333337,0.1,adaptive,break_symmetry,offspring,feasible_start_adaptive_spacing,,,,feasible_start_adaptive_spacing,0.5,,True,auto_from_instance,0.75,0.35,"5,7,15,16,18,21,25,26,27,29,37,39,47,57","16,18,20,21,23,24,26,28,30,34",,,,,,"H[5,7,15,16,18,21,25,26,27,29,37,39,47,57]|V[16,18,19,20,21,23,24,26,28,30,34]",fc4825140fa5e2560776b4b932f5ef46c1588f36
proposed_nsga2_bs_Gyorgy-KOVACS_WH_Narrow_AW_4_seed_102,proposed_nsga2_bs,Gyorgy-KOVACS_WH_Narrow_AW_4,102,11,auto_from_instance,12,18,4,30,216,,,,,4,2,4,root > V:28 > BH:27 > BV:19 > BV:21,selected,1,inf,True,680,262,418,524.0,1.0,1.0,True,True,1,1,0,True,1,1,0,0,True,True,0,14,11,14,11,2,PF_LS_RP,fixed,,,False,0.6666666666666666,0.6378180419528843,0.33333333333333337,0.1,adaptive,break_symmetry,offspring,feasible_start_adaptive_spacing,,,,feasible_start_adaptive_spacing,0.5,,True,auto_from_instance,0.75,0.35,"5,7,15,16,18,21,25,26,27,29,37,39,47,57","16,18,20,21,23,24,26,28,30,34",,,,,,"H[5,7,15,16,18,21,25,26,27,29,37,39,47,57]|V[16,18,19,20,21,23,24,26,28,30,34]",334779b46d5c288ee3031362a71af20db7b63dd5
proposed_nsga2_bs_Gyorgy-KOVACS_WH_Narrow_AW_4_seed_102,proposed_nsga2_bs,Gyorgy-KOVACS_WH_Narrow_AW_4,102,11,auto_from_instance,12,18,4,30,216,,,,,5,2,4,root > V:28 > BH:27 > BV:19 > BV:21,selected,1,0.0,True,680,262,418,524.0,1.0,1.0,True,True,1,1,0,True,1,1,0,0,True,True,0,14,11,14,11,2,PF_LS_RP,fixed,,,False,0.6666666666666666,0.6378180419528843,0.33333333333333337,0.1,adaptive,break_symmetry,offspring,feasible_start_adaptive_spacing,,,,feasible_start_adaptive_spacing,0.5,,True,auto_from_instance,0.75,0.35,"5,7,15,16,18,21,25,26,27,29,37,39,47,57","16,18,20,21,23,24,26,28,30,34",,,,,,"H[5,7,15,16,18,21,25,26,27,29,37,39,47,57]|V[16,18,19,20,21,23,24,26,28,30,34]",8f2926ac3d427dac9f2e22e7dbb4782d03fe71f9
proposed_nsga2_bs_Gyorgy-KOVACS_WH_Narrow_AW_4_seed_102,proposed_nsga2_bs,Gyorgy-KOVACS_WH_Narrow_AW_4,102,11,auto_from_instance,12,18,4,30,216,,,,,6,2,4,root > V:28 > BH:27 > BV:19 > BV:17,selected,1,0.6318341307814991,True,680,262,418,524.0,1.0,1.0,True,True,1,1,0,True,1,1,0,0,True,True,0,14,12,14,12,2,PF_LS_RP,fixed,,,False,0.6666666666666666,0.6378180419528843,0.33333333333333337,0.1,adaptive,break_symmetry,offspring,feasible_start_adaptive_spacing,,,,feasible_start_adaptive_spacing,0.5,,True,auto_from_instance,0.75,0.35,"5,7,15,16,18,21,25,26,27,29,37,39,47,57","16,18,20,21,23,24,26,28,30,34",,,,,,"H[5,7,15,16,18,21,25,26,27,29,37,39,47,57]|V[16,17,18,19,20,21,23,24,26,28,30,34]",c3a8d798cccc0ae6137f5d1801f12286f82d75a7
proposed_nsga2_bs_Gyorgy-KOVACS_WH_Narrow_AW_4_seed_102,proposed_nsga2_bs,Gyorgy-KOVACS_WH_Narrow_AW_4,102,11,auto_from_instance,12,18,4,30,216,,,,,7,3,8,root > V:16 > BH:27 > BH:5 > BH:15 > BH:25 > BH:37 > BH:47 > BV:26,selected,1,inf,True,632,246,386,550.0,1.0,1.0,True,True,1,1,0,True,1,1,0,0,True,True,0,16,8,16,8,3,PF_LS_RP,fixed,,,False,0.6666666666666666,0.6975147358018358,0.33333333333333337,0.1,adaptive,bit_flip,offspring,feasible_start_adaptive_spacing,,,,feasible_start_adaptive_spacing,0.5,,True,auto_from_instance,0.75,0.35,"1,5,7,15,16,17,21,25,26,27,29,37,39,47,49,55","6,16,17,19,25,26,30,34",,,,,,"H[1,5,7,15,16,17,21,25,26,27,29,37,39,47,49,55]|V[6,16,17,19,25,26,30,34]",08ee812bc396556b6550be0bd82f9266dcd2fe55
proposed_nsga2_bs_Gyorgy-KOVACS_WH_Narrow_AW_4_seed_102,proposed_nsga2_bs,Gyorgy-KOVACS_WH_Narrow_AW_4,102,11,auto_from_instance,12,18,4,30,216,,,,,8,3,8,root > V:16 > BH:27 > BH:49 > BH:39 > BH:29 > BH:17 > BH:7 > BV:26,selected,1,inf,True,632,246,386,550.0,1.0,1.0,True,True,1,1,0,True,1,1,0,0,True,True,0,16,8,16,8,3,PF_LS_RP,fixed,,,False,0.6666666666666666,0.6975147358018358,0.33333333333333337,0.1,adaptive,bit_flip,offspring,feasible_start_adaptive_spacing,,,,feasible_start_adaptive_spacing,0.5,,True,auto_from_instance,0.75,0.35,"1,5,7,15,16,17,21,25,26,27,29,37,39,47,49,55","6,16,17,19,25,26,30,34",,,,,,"H[1,5,7,15,16,17,21,25,26,27,29,37,39,47,49,55]|V[6,16,17,19,25,26,30,34]",660d9dab711cc8220a7c4152b9d81284ad744a59
proposed_nsga2_bs_Gyorgy-KOVACS_WH_Narrow_AW_4_seed_102,proposed_nsga2_bs,Gyorgy-KOVACS_WH_Narrow_AW_4,102,11,auto_from_instance,12,18,4,30,216,,,,,9,3,8,root > V:16 > BH:27 > BH:5 > BH:15 > BH:25 > BH:37 > BH:47 > BV:24,evaluated,2,inf,False,632,246,386,628.0,1.0,1.0,True,True,1,1,0,True,1,1,0,0,True,True,0,16,9,16,9,3,PF_LS_RP,fixed,,,False,0.6666666666666666,0.6975147358018358,0.33333333333333337,0.1,adaptive,bit_flip,offspring,feasible_start_adaptive_spacing,,,,feasible_start_adaptive_spacing,0.5,,True,auto_from_instance,0.75,0.35,"1,5,7,15,16,17,21,25,26,27,29,37,39,47,49,55","6,16,17,19,25,26,30,34",,,,,,"H[1,5,7,15,16,17,21,25,26,27,29,37,39,47,49,55]|V[6,16,17,19,24,25,26,30,34]",fe71932ea9ef92cbca4e0b578f20f6e88be50370
proposed_nsga2_bs_Gyorgy-KOVACS_WH_Narrow_AW_4_seed_102,proposed_nsga2_bs,Gyorgy-KOVACS_WH_Narrow_AW_4,102,11,auto_from_instance,12,18,4,30,216,,,,,10,3,8,root > V:16 > BH:27 > BH:49 > BH:39 > BH:29 > BH:17 > BH:7 > BV:24,evaluated,2,inf,False,632,246,386,628.0,1.0,1.0,True,True,1,1,0,True,1,1,0,0,True,True,0,16,9,16,9,3,PF_LS_RP,fixed,,,False,0.6666666666666666,0.6975147358018358,0.33333333333333337,0.1,adaptive,bit_flip,offspring,feasible_start_adaptive_spacing,,,,feasible_start_adaptive_spacing,0.5,,True,auto_from_instance,0.75,0.35,"1,5,7,15,16,17,21,25,26,27,29,37,39,47,49,55","6,16,17,19,25,26,30,34",,,,,,"H[1,5,7,15,16,17,21,25,26,27,29,37,39,47,49,55]|V[6,16,17,19,24,25,26,30,34]",9696e3fb0a981a3c866440c46c54987a8cf3ab94
proposed_nsga2_bs_Gyorgy-KOVACS_WH_Narrow_AW_4_seed_102,proposed_nsga2_bs,Gyorgy-KOVACS_WH_Narrow_AW_4,102,11,auto_from_instance,12,18,4,30,216,,,,,11,4,4,root > V:27 > BH:27 > BV:19 > BV:19,selected,1,inf,True,684,260,424,484.0,1.0,1.0,True,True,1,1,0,True,1,1,0,0,True,True,0,15,10,15,10,4,PF_LS_RP,fixed,,,False,0.6666666666666666,0.6423407409704063,0.33333333333333337,0.1,adaptive,spacing_aware_flip,offspring,feasible_start_adaptive_spacing,,,,feasible_start_adaptive_spacing,0.5,,True,auto_from_instance,0.75,0.35,"5,7,15,16,17,25,26,27,29,37,39,46,47,49,55","0,6,16,18,24,26,27,30,34",,,,,,"H[5,7,15,16,17,25,26,27,29,37,39,46,47,49,55]|V[0,6,16,18,19,24,26,27,30,34]",9baad5a6d6d08df213ec54891109e23b1069a9a5
proposed_nsga2_bs_Gyorgy-KOVACS_WH_Narrow_AW_4_seed_102,proposed_nsga2_bs,Gyorgy-KOVACS_WH_Narrow_AW_4,102,11,auto_from_instance,12,18,4,30,216,,,,,12,4,4,root > V:27 > BH:27 > BV:17 > BV:19,evaluated,1,0.0,False,684,260,424,484.0,1.0,1.0,True,True,1,1,0,True,1,1,0,0,True,True,0,15,11,15,11,4,PF_LS_RP,fixed,,,False,0.6666666666666666,0.6423407409704063,0.33333333333333337,0.1,adaptive,spacing_aware_flip,offspring,feasible_start_adaptive_spacing,,,,feasible_start_adaptive_spacing,0.5,,True,auto_from_instance,0.75,0.35,"5,7,15,16,17,25,26,27,29,37,39,46,47,49,55","0,6,16,18,24,26,27,30,34",,,,,,"H[5,7,15,16,17,25,26,27,29,37,39,46,47,49,55]|V[0,6,16,17,18,19,24,26,27,30,34]",7ea492661f4a7d780540a41c5bfc758906148e19
proposed_nsga2_bs_Gyorgy-KOVACS_WH_Narrow_AW_4_seed_102,proposed_nsga2_bs,Gyorgy-KOVACS_WH_Narrow_AW_4,102,11,auto_from_instance,12,18,4,30,216,,,,,13,4,4,root > V:27 > BH:27 > BV:19 > BV:17,evaluated,1,0.0,False,684,260,424,484.0,1.0,1.0,True,True,1,1,0,True,1,1,0,0,True,True,0,15,11,15,11,4,PF_LS_RP,fixed,,,False,0.6666666666666666,0.6423407409704063,0.33333333333333337,0.1,adaptive,spacing_aware_flip,offspring,feasible_start_adaptive_spacing,,,,feasible_start_adaptive_spacing,0.5,,True,auto_from_instance,0.75,0.35,"5,7,15,16,17,25,26,27,29,37,39,46,47,49,55","0,6,16,18,24,26,27,30,34",,,,,,"H[5,7,15,16,17,25,26,27,29,37,39,46,47,49,55]|V[0,6,16,17,18,19,24,26,27,30,34]",59c55a28d53f47701301421f850890ad1de7d63b
proposed_nsga2_bs_Gyorgy-KOVACS_WH_Narrow_AW_4_seed_102,proposed_nsga2_bs,Gyorgy-KOVACS_WH_Narrow_AW_4,102,11,auto_from_instance,12,18,4,30,216,,,,,14,4,4,root > V:27 > BH:27 > BV:17 > BV:17,selected,1,inf,True,684,260,424,484.0,1.0,1.0,True,True,1,1,0,True,1,1,0,0,True,True,0,15,10,15,10,4,PF_LS_RP,fixed,,,False,0.6666666666666666,0.6423407409704063,0.33333333333333337,0.1,adaptive,spacing_aware_flip,offspring,feasible_start_adaptive_spacing,,,,feasible_start_adaptive_spacing,0.5,,True,auto_from_instance,0.75,0.35,"5,7,15,16,17,25,26,27,29,37,39,46,47,49,55","0,6,16,18,24,26,27,30,34",,,,,,"H[5,7,15,16,17,25,26,27,29,37,39,46,47,49,55]|V[0,6,16,17,18,24,26,27,30,34]",6732d5258a9313035bead181283e041def90bbb2
proposed_nsga2_bs_Gyorgy-KOVACS_WH_Narrow_AW_4_seed_102,proposed_nsga2_bs,Gyorgy-KOVACS_WH_Narrow_AW_4,102,11,auto_from_instance,12,18,4,30,216,,,,,15,5,8,root > V:19 > BH:27 > BH:5 > BH:15 > BH:25 > BH:37 > BH:47 > BV:27,evaluated,3,inf,False,680,219,461,568.0,1.0,1.0,True,True,1,1,0,True,1,1,0,0,True,True,0,13,13,13,13,5,PF_LS_RP,fixed,,,False,0.6666666666666666,0.5686097279872657,0.33333333333333337,0.1,adaptive,swap_segments,offspring,feasible_start_adaptive_spacing,,,,feasible_start_adaptive_spacing,0.5,,True,auto_from_instance,0.75,0.35,"5,7,15,16,17,25,26,27,29,37,39,46,47","7,9,11,15,17,19,20,21,23,29,30,34",,,,,,"H[5,7,15,16,17,25,26,27,29,37,39,46,47]|V[7,9,11,15,17,19,20,21,23,27,29,30,34]",765044c2001aa13b89dcc3ab94cee7150e6707b9
proposed_nsga2_bs_Gyorgy-KOVACS_WH_Narrow_AW_4_seed_102,proposed_nsga2_bs,Gyorgy-KOVACS_WH_Narrow_AW_4,102,11,auto_from_instance,12,18,4,30,216,,,,,16,5,8,root > V:19 > BH:27 > BH:49 > BH:39 > BH:29 > BH:17 > BH:7 > BV:27,evaluated,3,inf,False,680,219,461,568.0,1.0,1.0,True,True,1,1,0,True,1,1,0,0,True,True,0,14,13,14,13,5,PF_LS_RP,fixed,,,False,0.6666666666666666,0.5686097279872657,0.33333333333333337,0.1,adaptive,swap_segments,offspring,feasible_start_adaptive_spacing,,,,feasible_start_adaptive_spacing,0.5,,True,auto_from_instance,0.75,0.35,"5,7,15,16,17,25,26,27,29,37,39,46,47","7,9,11,15,17,19,20,21,23,29,30,34",,,,,,"H[5,7,15,16,17,25,26,27,29,37,39,46,47,49]|V[7,9,11,15,17,19,20,21,23,27,29,30,34]",e804ee8e40d619c35bd933154a145af1f8bb0e46
proposed_nsga2_bs_Gyorgy-KOVACS_WH_Narrow_AW_4_seed_102,proposed_nsga2_bs,Gyorgy-KOVACS_WH_Narrow_AW_4,102,11,auto_from_instance,12,18,4,30,216,,,,,17,6,8,root > V:17 > BH:27 > BH:5 > BH:15 > BH:25 > BH:37 > BH:47 > BV:27,selected,1,1.1088038277511962,True,648,237,411,490.0,1.0,1.0,True,True,1,1,0,True,1,1,0,0,True,True,0,15,11,15,11,6,PF_LS_RP,fixed,,,False,0.6666666666666666,0.5677158874259618,0.33333333333333337,0.1,adaptive,break_symmetry,offspring,feasible_start_adaptive_spacing,,,,feasible_start_adaptive_spacing,0.5,,True,auto_from_instance,0.75,0.35,"5,7,14,15,16,17,25,26,27,29,37,39,46,47,57","12,15,17,19,20,24,26,27,29,30,33",,,,,,"H[5,7,14,15,16,17,25,26,27,29,37,39,46,47,57]|V[12,15,17,19,20,24,26,27,29,30,33]",3ab80a1d8e68880e815ad780c83cfc2449e7f93f
proposed_nsga2_bs_Gyorgy-KOVACS_WH_Narrow_AW_4_seed_102,proposed_nsga2_bs,Gyorgy-KOVACS_WH_Narrow_AW_4,102,11,auto_from_instance,12,18,4,30,216,,,,,18,6,8,root > V:17 > BH:27 > BH:49 > BH:39 > BH:29 > BH:17 > BH:7 > BV:27,selected,1,inf,True,648,237,411,490.0,1.0,1.0,True,True,1,1,0,True,1,1,0,0,True,True,0,16,11,16,11,6,PF_LS_RP,fixed,,,False,0.6666666666666666,0.5677158874259618,0.33333333333333337,0.1,adaptive,break_symmetry,offspring,feasible_start_adaptive_spacing,,,,feasible_start_adaptive_spacing,0.5,,True,auto_from_instance,0.75,0.35,"5,7,14,15,16,17,25,26,27,29,37,39,46,47,57","12,15,17,19,20,24,26,27,29,30,33",,,,,,"H[5,7,14,15,16,17,25,26,27,29,37,39,46,47,49,57]|V[12,15,17,19,20,24,26,27,29,30,33]",451b31cd7494c0e29ac39737991e84853f054397
proposed_nsga2_bs_Gyorgy-KOVACS_WH_Narrow_AW_4_seed_102,proposed_nsga2_bs,Gyorgy-KOVACS_WH_Narrow_AW_4,102,11,auto_from_instance,12,18,4,30,216,,,,,19,6,8,root > V:17 > BH:27 > BH:5 > BH:15 > BH:25 > BH:37 > BH:47 > BV:25,evaluated,2,inf,False,648,237,411,544.0,1.0,1.0,True,True,1,1,0,True,1,1,0,0,True,True,0,15,12,15,12,6,PF_LS_RP,fixed,,,False,0.6666666666666666,0.5677158874259618,0.33333333333333337,0.1,adaptive,break_symmetry,offspring,feasible_start_adaptive_spacing,,,,feasible_start_adaptive_spacing,0.5,,True,auto_from_instance,0.75,0.35,"5,7,14,15,16,17,25,26,27,29,37,39,46,47,57","12,15,17,19,20,24,26,27,29,30,33",,,,,,"H[5,7,14,15,16,17,25,26,27,29,37,39,46,47,57]|V[12,15,17,19,20,24,25,26,27,29,30,33]",24e93b3467ee5334276be59c5b6e878bb2e06a66
proposed_nsga2_bs_Gyorgy-KOVACS_WH_Narrow_AW_4_seed_102,proposed_nsga2_bs,Gyorgy-KOVACS_WH_Narrow_AW_4,102,11,auto_from_instance,12,18,4,30,216,,,,,20,6,8,root > V:17 > BH:27 > BH:49 > BH:39 > BH:29 > BH:17 > BH:7 > BV:25,evaluated,2,inf,False,648,237,411,544.0,1.0,1.0,True,True,1,1,0,True,1,1,0,0,True,True,0,16,12,16,12,6,PF_LS_RP,fixed,,,False,0.6666666666666666,0.5677158874259618,0.33333333333333337,0.1,adaptive,break_symmetry,offspring,feasible_start_adaptive_spacing,,,,feasible_start_adaptive_spacing,0.5,,True,auto_from_instance,0.75,0.35,"5,7,14,15,16,17,25,26,27,29,37,39,46,47,57","12,15,17,19,20,24,26,27,29,30,33",,,,,,"H[5,7,14,15,16,17,25,26,27,29,37,39,46,47,49,57]|V[12,15,17,19,20,24,25,26,27,29,30,33]",19631d63ec0204b55a5a6d539d26aaf84a80581d
proposed_nsga2_bs_Gyorgy-KOVACS_WH_Narrow_AW_4_seed_102,proposed_nsga2_bs,Gyorgy-KOVACS_WH_Narrow_AW_4,102,12,auto_from_instance,12,18,4,30,216,,,,,1,1,8,root > V:16 > BH:27 > BH:5 > BH:15 > BH:25 > BH:37 > BH:47 > BV:26,selected,1,inf,True,632,246,386,550.0,1.0,1.0,True,True,1,1,0,True,1,1,0,0,True,True,0,15,8,15,8,1,PF_LS_RP,fixed,,,False,0.7222222222222222,0.6740555737042073,0.2777777777777778,0.1,adaptive,break_symmetry,offspring,feasible_start_adaptive_spacing,,,,feasible_start_adaptive_spacing,0.5,,True,auto_from_instance,0.75,0.35,"5,7,15,16,17,21,25,26,27,29,37,39,47,49,55","6,16,17,19,23,25,26,31",,,,,,"H[5,7,15,16,17,21,25,26,27,29,37,39,47,49,55]|V[6,16,17,19,23,25,26,31]",08ee812bc396556b6550be0bd82f9266dcd2fe55
proposed_nsga2_bs_Gyorgy-KOVACS_WH_Narrow_AW_4_seed_102,proposed_nsga2_bs,Gyorgy-KOVACS_WH_Narrow_AW_4,102,12,auto_from_instance,12,18,4,30,216,,,,,2,1,8,root > V:16 > BH:27 > BH:49 > BH:39 > BH:29 > BH:17 > BH:7 > BV:26,selected,1,inf,True,632,246,386,550.0,1.0,1.0,True,True,1,1,0,True,1,1,0,0,True,True,0,15,8,15,8,1,PF_LS_RP,fixed,,,False,0.7222222222222222,0.6740555737042073,0.2777777777777778,0.1,adaptive,break_symmetry,offspring,feasible_start_adaptive_spacing,,,,feasible_start_adaptive_spacing,0.5,,True,auto_from_instance,0.75,0.35,"5,7,15,16,17,21,25,26,27,29,37,39,47,49,55","6,16,17,19,23,25,26,31",,,,,,"H[5,7,15,16,17,21,25,26,27,29,37,39,47,49,55]|V[6,16,17,19,23,25,26,31]",660d9dab711cc8220a7c4152b9d81284ad744a59
proposed_nsga2_bs_Gyorgy-KOVACS_WH_Narrow_AW_4_seed_102,proposed_nsga2_bs,Gyorgy-KOVACS_WH_Narrow_AW_4,102,12,auto_from_instance,12,18,4,30,216,,,,,3,1,8,root > V:16 > BH:27 > BH:5 > BH:15 > BH:25 > BH:37 > BH:47 > BV:24,evaluated,2,inf,False,632,246,386,628.0,1.0,1.0,True,True,1,1,0,True,1,1,0,0,True,True,0,15,9,15,9,1,PF_LS_RP,fixed,,,False,0.7222222222222222,0.6740555737042073,0.2777777777777778,0.1,adaptive,break_symmetry,offspring,feasible_start_adaptive_spacing,,,,feasible_start_adaptive_spacing,0.5,,True,auto_from_instance,0.75,0.35,"5,7,15,16,17,21,25,26,27,29,37,39,47,49,55","6,16,17,19,23,25,26,31",,,,,,"H[5,7,15,16,17,21,25,26,27,29,37,39,47,49,55]|V[6,16,17,19,23,24,25,26,31]",fe71932ea9ef92cbca4e0b578f20f6e88be50370
proposed_nsga2_bs_Gyorgy-KOVACS_WH_Narrow_AW_4_seed_102,proposed_nsga2_bs,Gyorgy-KOVACS_WH_Narrow_AW_4,102,12,auto_from_instance,12,18,4,30,216,,,,,4,1,8,root > V:16 > BH:27 > BH:49 > BH:39 > BH:29 > BH:17 > BH:7 > BV:24,evaluated,2,inf,False,632,246,386,628.0,1.0,1.0,True,True,1,1,0,True,1,1,0,0,True,True,0,15,9,15,9,1,PF_LS_RP,fixed,,,False,0.7222222222222222,0.6740555737042073,0.2777777777777778,0.1,adaptive,break_symmetry,offspring,feasible_start_adaptive_spacing,,,,feasible_start_adaptive_spacing,0.5,,True,auto_from_instance,0.75,0.35,"5,7,15,16,17,21,25,26,27,29,37,39,47,49,55","6,16,17,19,23,25,26,31",,,,,,"H[5,7,15,16,17,21,25,26,27,29,37,39,47,49,55]|V[6,16,17,19,23,24,25,26,31]",9696e3fb0a981a3c866440c46c54987a8cf3ab94
proposed_nsga2_bs_Gyorgy-KOVACS_WH_Narrow_AW_4_seed_102,proposed_nsga2_bs,Gyorgy-KOVACS_WH_Narrow_AW_4,102,12,auto_from_instance,12,18,4,30,216,,,,,5,2,4,root > V:27 > BH:27 > BV:19 > BV:19,selected,1,inf,True,684,260,424,484.0,1.0,1.0,True,True,1,1,0,True,1,1,0,0,True,True,0,16,9,16,9,2,PF_LS_RP,fixed,,,False,0.7222222222222222,0.7861867005316385,0.2777777777777778,0.1,adaptive,break_symmetry,offspring,feasible_start_adaptive_spacing,,,,feasible_start_adaptive_spacing,0.5,,True,auto_from_instance,0.75,0.35,"1,5,7,15,16,17,25,26,27,29,37,39,46,47,49,55","6,12,15,17,19,25,27,30,34",,,,,,"H[1,5,7,15,16,17,25,26,27,29,37,39,46,47,49,55]|V[6,12,15,17,19,25,27,30,34]",9baad5a6d6d08df213ec54891109e23b1069a9a5
proposed_nsga2_bs_Gyorgy-KOVACS_WH_Narrow_AW_4_seed_102,proposed_nsga2_bs,Gyorgy-KOVACS_WH_Narrow_AW_4,102,12,auto_from_instance,12,18,4,30,216,,,,,6,2,4,root > V:27 > BH:27 > BV:17 > BV:19,evaluated,1,0.0,False,684,260,424,484.0,1.0,1.0,True,True,1,1,0,True,1,1,0,0,True,True,0,16,9,16,9,2,PF_LS_RP,fixed,,,False,0.7222222222222222,0.7861867005316385,0.2777777777777778,0.1,adaptive,break_symmetry,offspring,feasible_start_adaptive_spacing,,,,feasible_start_adaptive_spacing,0.5,,True,auto_from_instance,0.75,0.35,"1,5,7,15,16,17,25,26,27,29,37,39,46,47,49,55","6,12,15,17,19,25,27,30,34",,,,,,"H[1,5,7,15,16,17,25,26,27,29,37,39,46,47,49,55]|V[6,12,15,17,19,25,27,30,34]",7ea492661f4a7d780540a41c5bfc758906148e19
proposed_nsga2_bs_Gyorgy-KOVACS_WH_Narrow_AW_4_seed_102,proposed_nsga2_bs,Gyorgy-KOVACS_WH_Narrow_AW_4,102,12,auto_from_instance,12,18,4,30,216,,,,,7,2,4,root > V:27 > BH:27 > BV:19 > BV:17,evaluated,1,0.0,False,684,260,424,484.0,1.0,1.0,True,True,1,1,0,True,1,1,0,0,True,True,0,16,9,16,9,2,PF_LS_RP,fixed,,,False,0.7222222222222222,0.7861867005316385,0.2777777777777778,0.1,adaptive,break_symmetry,offspring,feasible_start_adaptive_spacing,,,,feasible_start_adaptive_spacing,0.5,,True,auto_from_instance,0.75,0.35,"1,5,7,15,16,17,25,26,27,29,37,39,46,47,49,55","6,12,15,17,19,25,27,30,34",,,,,,"H[1,5,7,15,16,17,25,26,27,29,37,39,46,47,49,55]|V[6,12,15,17,19,25,27,30,34]",59c55a28d53f47701301421f850890ad1de7d63b
proposed_nsga2_bs_Gyorgy-KOVACS_WH_Narrow_AW_4_seed_102,proposed_nsga2_bs,Gyorgy-KOVACS_WH_Narrow_AW_4,102,12,auto_from_instance,12,18,4,30,216,,,,,8,2,4,root > V:27 > BH:27 > BV:17 > BV:17,selected,1,inf,True,684,260,424,484.0,1.0,1.0,True,True,1,1,0,True,1,1,0,0,True,True,0,16,9,16,9,2,PF_LS_RP,fixed,,,False,0.7222222222222222,0.7861867005316385,0.2777777777777778,0.1,adaptive,break_symmetry,offspring,feasible_start_adaptive_spacing,,,,feasible_start_adaptive_spacing,0.5,,True,auto_from_instance,0.75,0.35,"1,5,7,15,16,17,25,26,27,29,37,39,46,47,49,55","6,12,15,17,19,25,27,30,34",,,,,,"H[1,5,7,15,16,17,25,26,27,29,37,39,46,47,49,55]|V[6,12,15,17,19,25,27,30,34]",6732d5258a9313035bead181283e041def90bbb2
proposed_nsga2_bs_Gyorgy-KOVACS_WH_Narrow_AW_4_seed_102,proposed_nsga2_bs,Gyorgy-KOVACS_WH_Narrow_AW_4,102,12,auto_from_instance,12,18,4,30,216,,,,,9,3,4,root > V:28 > BH:27 > BV:19 > BV:19,selected,0,inf,True,680,262,418,472.0,1.0,1.0,True,True,1,1,0,True,1,1,0,0,True,True,0,15,12,15,12,3,PF_LS_RP,fixed,,,False,0.7222222222222222,0.7447340596628389,0.2777777777777778,0.1,adaptive,spacing_aware_flip,offspring,feasible_start_adaptive_spacing,,,,feasible_start_adaptive_spacing,0.5,,True,auto_from_instance,0.75,0.35,"5,7,14,15,16,17,25,26,27,29,37,39,46,47,57","4,16,18,19,20,21,23,24,26,28,30,33",,,,,,"H[5,7,14,15,16,17,25,26,27,29,37,39,46,47,57]|V[4,16,18,19,20,21,23,24,26,28,30,33]",fc4825140fa5e2560776b4b932f5ef46c1588f36
proposed_nsga2_bs_Gyorgy-KOVACS_WH_Narrow_AW_4_seed_102,proposed_nsga2_bs,Gyorgy-KOVACS_WH_Narrow_AW_4,102,12,auto_from_instance,12,18,4,30,216,,,,,10,3,4,root > V:28 > BH:27 > BV:19 > BV:21,selected,1,inf,True,680,262,418,524.0,1.0,1.0,True,True,1,1,0,True,1,1,0,0,True,True,0,15,12,15,12,3,PF_LS_RP,fixed,,,False,0.7222222222222222,0.7447340596628389,0.2777777777777778,0.1,adaptive,spacing_aware_flip,offspring,feasible_start_adaptive_spacing,,,,feasible_start_adaptive_spacing,0.5,,True,auto_from_instance,0.75,0.35,"5,7,14,15,16,17,25,26,27,29,37,39,46,47,57","4,16,18,19,20,21,23,24,26,28,30,33",,,,,,"H[5,7,14,15,16,17,25,26,27,29,37,39,46,47,57]|V[4,16,18,19,20,21,23,24,26,28,30,33]",334779b46d5c288ee3031362a71af20db7b63dd5
proposed_nsga2_bs_Gyorgy-KOVACS_WH_Narrow_AW_4_seed_102,proposed_nsga2_bs,Gyorgy-KOVACS_WH_Narrow_AW_4,102,12,auto_from_instance,12,18,4,30,216,,,,,11,3,4,root > V:28 > BH:27 > BV:19 > BV:21,selected,1,0.0,True,680,262,418,524.0,1.0,1.0,True,True,1,1,0,True,1,1,0,0,True,True,0,15,12,15,12,3,PF_LS_RP,fixed,,,False,0.7222222222222222,0.7447340596628389,0.2777777777777778,0.1,adaptive,spacing_aware_flip,offspring,feasible_start_adaptive_spacing,,,,feasible_start_adaptive_spacing,0.5,,True,auto_from_instance,0.75,0.35,"5,7,14,15,16,17,25,26,27,29,37,39,46,47,57","4,16,18,19,20,21,23,24,26,28,30,33",,,,,,"H[5,7,14,15,16,17,25,26,27,29,37,39,46,47,57]|V[4,16,18,19,20,21,23,24,26,28,30,33]",8f2926ac3d427dac9f2e22e7dbb4782d03fe71f9
proposed_nsga2_bs_Gyorgy-KOVACS_WH_Narrow_AW_4_seed_102,proposed_nsga2_bs,Gyorgy-KOVACS_WH_Narrow_AW_4,102,12,auto_from_instance,12,18,4,30,216,,,,,12,3,4,root > V:28 > BH:27 > BV:19 > BV:17,selected,1,0.6318341307814991,True,680,262,418,524.0,1.0,1.0,True,True,1,1,0,True,1,1,0,0,True,True,0,15,13,15,13,3,PF_LS_RP,fixed,,,False,0.7222222222222222,0.7447340596628389,0.2777777777777778,0.1,adaptive,spacing_aware_flip,offspring,feasible_start_adaptive_spacing,,,,feasible_start_adaptive_spacing,0.5,,True,auto_from_instance,0.75,0.35,"5,7,14,15,16,17,25,26,27,29,37,39,46,47,57","4,16,18,19,20,21,23,24,26,28,30,33",,,,,,"H[5,7,14,15,16,17,25,26,27,29,37,39,46,47,57]|V[4,16,17,18,19,20,21,23,24,26,28,30,33]",c3a8d798cccc0ae6137f5d1801f12286f82d75a7
proposed_nsga2_bs_Gyorgy-KOVACS_WH_Narrow_AW_4_seed_102,proposed_nsga2_bs,Gyorgy-KOVACS_WH_Narrow_AW_4,102,12,auto_from_instance,12,18,4,30,216,,,,,13,4,8,root > V:17 > BH:27 > BH:5 > BH:15 > BH:25 > BH:37 > BH:47 > BV:27,selected,1,1.1088038277511962,True,648,237,411,490.0,1.0,1.0,True,True,1,1,0,True,1,1,0,0,True,True,0,16,11,16,11,4,PF_LS_RP,fixed,,,False,0.7222222222222222,0.7737707615641141,0.2777777777777778,0.1,adaptive,insert_random_aisle,offspring,feasible_start_adaptive_spacing,,,,feasible_start_adaptive_spacing,0.5,,True,auto_from_instance,0.75,0.35,"5,7,12,15,16,18,21,25,26,27,29,37,39,47,49,57","12,15,17,19,20,24,26,27,29,30,34",,,,,,"H[5,7,12,15,16,18,21,25,26,27,29,37,39,47,49,57]|V[12,15,17,19,20,24,26,27,29,30,34]",3ab80a1d8e68880e815ad780c83cfc2449e7f93f
proposed_nsga2_bs_Gyorgy-KOVACS_WH_Narrow_AW_4_seed_102,proposed_nsga2_bs,Gyorgy-KOVACS_WH_Narrow_AW_4,102,12,auto_from_instance,12,18,4,30,216,,,,,14,4,8,root > V:17 > BH:27 > BH:49 > BH:39 > BH:29 > BH:17 > BH:7 > BV:27,selected,1,inf,True,648,237,411,490.0,1.0,1.0,True,True,1,1,0,True,1,1,0,0,True,True,0,17,11,17,11,4,PF_LS_RP,fixed,,,False,0.7222222222222222,0.7737707615641141,0.2777777777777778,0.1,adaptive,insert_random_aisle,offspring,feasible_start_adaptive_spacing,,,,feasible_start_adaptive_spacing,0.5,,True,auto_from_instance,0.75,0.35,"5,7,12,15,16,18,21,25,26,27,29,37,39,47,49,57","12,15,17,19,20,24,26,27,29,30,34",,,,,,"H[5,7,12,15,16,17,18,21,25,26,27,29,37,39,47,49,57]|V[12,15,17,19,20,24,26,27,29,30,34]",451b31cd7494c0e29ac39737991e84853f054397
proposed_nsga2_bs_Gyorgy-KOVACS_WH_Narrow_AW_4_seed_102,proposed_nsga2_bs,Gyorgy-KOVACS_WH_Narrow_AW_4,102,12,auto_from_instance,12,18,4,30,216,,,,,15,4,8,root > V:17 > BH:27 > BH:5 > BH:15 > BH:25 > BH:37 > BH:47 > BV:25,evaluated,2,inf,False,648,237,411,544.0,1.0,1.0,True,True,1,1,0,True,1,1,0,0,True,True,0,16,12,16,12,4,PF_LS_RP,fixed,,,False,0.7222222222222222,0.7737707615641141,0.2777777777777778,0.1,adaptive,insert_random_aisle,offspring,feasible_start_adaptive_spacing,,,,feasible_start_adaptive_spacing,0.5,,True,auto_from_instance,0.75,0.35,"5,7,12,15,16,18,21,25,26,27,29,37,39,47,49,57","12,15,17,19,20,24,26,27,29,30,34",,,,,,"H[5,7,12,15,16,18,21,25,26,27,29,37,39,47,49,57]|V[12,15,17,19,20,24,25,26,27,29,30,34]",24e93b3467ee5334276be59c5b6e878bb2e06a66
proposed_nsga2_bs_Gyorgy-KOVACS_WH_Narrow_AW_4_seed_102,proposed_nsga2_bs,Gyorgy-KOVACS_WH_Narrow_AW_4,102,12,auto_from_instance,12,18,4,30,216,,,,,16,4,8,root > V:17 > BH:27 > BH:49 > BH:39 > BH:29 > BH:17 > BH:7 > BV:25,evaluated,2,inf,False,648,237,411,544.0,1.0,1.0,True,True,1,1,0,True,1,1,0,0,True,True,0,17,12,17,12,4,PF_LS_RP,fixed,,,False,0.7222222222222222,0.7737707615641141,0.2777777777777778,0.1,adaptive,insert_random_aisle,offspring,feasible_start_adaptive_spacing,,,,feasible_start_adaptive_spacing,0.5,,True,auto_from_instance,0.75,0.35,"5,7,12,15,16,18,21,25,26,27,29,37,39,47,49,57","12,15,17,19,20,24,26,27,29,30,34",,,,,,"H[5,7,12,15,16,17,18,21,25,26,27,29,37,39,47,49,57]|V[12,15,17,19,20,24,25,26,27,29,30,34]",19631d63ec0204b55a5a6d539d26aaf84a80581d
proposed_nsga2_bs_Gyorgy-KOVACS_WH_Narrow_AW_4_seed_102,proposed_nsga2_bs,Gyorgy-KOVACS_WH_Narrow_AW_4,102,12,auto_from_instance,12,18,4,30,216,,,,,17,5,9,root > V:15 > BH:27 > BH:5 > BH:15 > BH:25 > BH:37 > BH:47 > BV:23 > BV:30,selected,0,inf,True,592,261,331,462.0,1.0,1.0,True,True,1,1,0,True,1,1,0,0,True,True,0,16,9,16,9,5,PF_LS_RP,fixed,,,False,0.7222222222222222,0.7341853292062521,0.2777777777777778,0.1,adaptive,remove_random_aisle,offspring,feasible_start_adaptive_spacing,,,,feasible_start_adaptive_spacing,0.5,,True,auto_from_instance,0.75,0.35,"5,7,16,17,21,25,26,27,29,37,39,46,47,49,55","6,12,15,17,19,25,26,30",,,,,,"H[5,7,15,16,17,21,25,26,27,29,37,39,46,47,49,55]|V[6,12,15,17,19,23,25,26,30]",9ee2190bb5e677e5dd6004d3c767bf39ff3449fb
proposed_nsga2_bs_Gyorgy-KOVACS_WH_Narrow_AW_4_seed_102,proposed_nsga2_bs,Gyorgy-KOVACS_WH_Narrow_AW_4,102,12,auto_from_instance,12,18,4,30,216,,,,,18,5,9,root > V:15 > BH:27 > BH:49 > BH:39 > BH:29 > BH:17 > BH:7 > BV:23 > BV:30,selected,0,inf,True,592,261,331,462.0,1.0,1.0,True,True,1,1,0,True,1,1,0,0,True,True,0,15,9,15,9,5,PF_LS_RP,fixed,,,False,0.7222222222222222,0.7341853292062521,0.2777777777777778,0.1,adaptive,remove_random_aisle,offspring,feasible_start_adaptive_spacing,,,,feasible_start_adaptive_spacing,0.5,,True,auto_from_instance,0.75,0.35,"5,7,16,17,21,25,26,27,29,37,39,46,47,49,55","6,12,15,17,19,25,26,30",,,,,,"H[5,7,16,17,21,25,26,27,29,37,39,46,47,49,55]|V[6,12,15,17,19,23,25,26,30]",eef866e48d563b788dc6683537da31dffdbde584
proposed_nsga2_bs_Gyorgy-KOVACS_WH_Narrow_AW_4_seed_102,proposed_nsga2_bs,Gyorgy-KOVACS_WH_Narrow_AW_4,102,13,auto_from_instance,12,18,4,30,216,,,,,1,1,4,root > V:28 > BH:27 > BV:19 > BV:19,selected,0,inf,True,680,262,418,472.0,1.0,1.0,True,True,1,1,0,True,1,1,0,0,True,True,0,16,13,16,13,1,PF_LS_RP,fixed,,,False,0.7777777777777778,0.7424053862060453,0.2222222222222222,0.1,adaptive,break_symmetry,offspring,feasible_start_adaptive_spacing,,,,feasible_start_adaptive_spacing,0.5,,True,auto_from_instance,0.75,0.35,"1,5,7,15,16,17,25,26,27,29,36,39,46,47,49,55","6,12,16,18,19,20,21,23,24,26,28,30,34",,,,,,"H[1,5,7,15,16,17,25,26,27,29,36,39,46,47,49,55]|V[6,12,16,18,19,20,21,23,24,26,28,30,34]",fc4825140fa5e2560776b4b932f5ef46c1588f36
proposed_nsga2_bs_Gyorgy-KOVACS_WH_Narrow_AW_4_seed_102,proposed_nsga2_bs,Gyorgy-KOVACS_WH_Narrow_AW_4,102,13,auto_from_instance,12,18,4,30,216,,,,,2,1,4,root > V:28 > BH:27 > BV:19 > BV:21,selected,1,inf,True,680,262,418,524.0,1.0,1.0,True,True,1,1,0,True,1,1,0,0,True,True,0,16,13,16,13,1,PF_LS_RP,fixed,,,False,0.7777777777777778,0.7424053862060453,0.2222222222222222,0.1,adaptive,break_symmetry,offspring,feasible_start_adaptive_spacing,,,,feasible_start_adaptive_spacing,0.5,,True,auto_from_instance,0.75,0.35,"1,5,7,15,16,17,25,26,27,29,36,39,46,47,49,55","6,12,16,18,19,20,21,23,24,26,28,30,34",,,,,,"H[1,5,7,15,16,17,25,26,27,29,36,39,46,47,49,55]|V[6,12,16,18,19,20,21,23,24,26,28,30,34]",334779b46d5c288ee3031362a71af20db7b63dd5
proposed_nsga2_bs_Gyorgy-KOVACS_WH_Narrow_AW_4_seed_102,proposed_nsga2_bs,Gyorgy-KOVACS_WH_Narrow_AW_4,102,13,auto_from_instance,12,18,4,30,216,,,,,3,1,4,root > V:28 > BH:27 > BV:19 > BV:21,selected,1,0.0,True,680,262,418,524.0,1.0,1.0,True,True,1,1,0,True,1,1,0,0,True,True,0,16,13,16,13,1,PF_LS_RP,fixed,,,False,0.7777777777777778,0.7424053862060453,0.2222222222222222,0.1,adaptive,break_symmetry,offspring,feasible_start_adaptive_spacing,,,,feasible_start_adaptive_spacing,0.5,,True,auto_from_instance,0.75,0.35,"1,5,7,15,16,17,25,26,27,29,36,39,46,47,49,55","6,12,16,18,19,20,21,23,24,26,28,30,34",,,,,,"H[1,5,7,15,16,17,25,26,27,29,36,39,46,47,49,55]|V[6,12,16,18,19,20,21,23,24,26,28,30,34]",8f2926ac3d427dac9f2e22e7dbb4782d03fe71f9
proposed_nsga2_bs_Gyorgy-KOVACS_WH_Narrow_AW_4_seed_102,proposed_nsga2_bs,Gyorgy-KOVACS_WH_Narrow_AW_4,102,13,auto_from_instance,12,18,4,30,216,,,,,4,1,4,root > V:28 > BH:27 > BV:19 > BV:17,selected,1,0.6768341307814991,True,680,262,418,524.0,1.0,1.0,True,True,1,1,0,True,1,1,0,0,True,True,0,16,14,16,14,1,PF_LS_RP,fixed,,,False,0.7777777777777778,0.7424053862060453,0.2222222222222222,0.1,adaptive,break_symmetry,offspring,feasible_start_adaptive_spacing,,,,feasible_start_adaptive_spacing,0.5,,True,auto_from_instance,0.75,0.35,"1,5,7,15,16,17,25,26,27,29,36,39,46,47,49,55","6,12,16,18,19,20,21,23,24,26,28,30,34",,,,,,"H[1,5,7,15,16,17,25,26,27,29,36,39,46,47,49,55]|V[6,12,16,17,18,19,20,21,23,24,26,28,30,34]",c3a8d798cccc0ae6137f5d1801f12286f82d75a7
proposed_nsga2_bs_Gyorgy-KOVACS_WH_Narrow_AW_4_seed_102,proposed_nsga2_bs,Gyorgy-KOVACS_WH_Narrow_AW_4,102,13,auto_from_instance,12,18,4,30,216,,,,,5,2,4,root > V:27 > BH:27 > BV:19 > BV:19,selected,1,inf,True,684,260,424,484.0,1.0,1.0,True,True,1,1,0,True,1,1,0,0,True,True,0,14,8,14,8,2,PF_LS_RP,fixed,,,False,0.7777777777777778,0.7594123700903176,0.2222222222222222,0.1,adaptive,remove_random_aisle,offspring,feasible_start_adaptive_spacing,,,,feasible_start_adaptive_spacing,0.5,,True,auto_from_instance,0.75,0.35,"5,7,14,15,16,17,25,26,27,29,37,39,46,57","4,15,17,19,25,27,30,33",,,,,,"H[5,7,14,15,16,17,25,26,27,29,37,39,46,57]|V[4,15,17,19,25,27,30,33]",9baad5a6d6d08df213ec54891109e23b1069a9a5
proposed_nsga2_bs_Gyorgy-KOVACS_WH_Narrow_AW_4_seed_102,proposed_nsga2_bs,Gyorgy-KOVACS_WH_Narrow_AW_4,102,13,auto_from_instance,12,18,4,30,216,,,,,6,2,4,root > V:27 > BH:27 > BV:17 > BV:19,selected,1,0.0,True,684,260,424,484.0,1.0,1.0,True,True,1,1,0,True,1,1,0,0,True,True,0,14,8,14,8,2,PF_LS_RP,fixed,,,False,0.7777777777777778,0.7594123700903176,0.2222222222222222,0.1,adaptive,remove_random_aisle,offspring,feasible_start_adaptive_spacing,,,,feasible_start_adaptive_spacing,0.5,,True,auto_from_instance,0.75,0.35,"5,7,14,15,16,17,25,26,27,29,37,39,46,57","4,15,17,19,25,27,30,33",,,,,,"H[5,7,14,15,16,17,25,26,27,29,37,39,46,57]|V[4,15,17,19,25,27,30,33]",7ea492661f4a7d780540a41c5bfc758906148e19
proposed_nsga2_bs_Gyorgy-KOVACS_WH_Narrow_AW_4_seed_102,proposed_nsga2_bs,Gyorgy-KOVACS_WH_Narrow_AW_4,102,13,auto_from_instance,12,18,4,30,216,,,,,7,2,4,root > V:27 > BH:27 > BV:19 > BV:17,selected,1,0.0,True,684,260,424,484.0,1.0,1.0,True,True,1,1,0,True,1,1,0,0,True,True,0,14,8,14,8,2,PF_LS_RP,fixed,,,False,0.7777777777777778,0.7594123700903176,0.2222222222222222,0.1,adaptive,remove_random_aisle,offspring,feasible_start_adaptive_spacing,,,,feasible_start_adaptive_spacing,0.5,,True,auto_from_instance,0.75,0.35,"5,7,14,15,16,17,25,26,27,29,37,39,46,57","4,15,17,19,25,27,30,33",,,,,,"H[5,7,14,15,16,17,25,26,27,29,37,39,46,57]|V[4,15,17,19,25,27,30,33]",59c55a28d53f47701301421f850890ad1de7d63b
proposed_nsga2_bs_Gyorgy-KOVACS_WH_Narrow_AW_4_seed_102,proposed_nsga2_bs,Gyorgy-KOVACS_WH_Narrow_AW_4,102,13,auto_from_instance,12,18,4,30,216,,,,,8,2,4,root > V:27 > BH:27 > BV:17 > BV:17,selected,1,inf,True,684,260,424,484.0,1.0,1.0,True,True,1,1,0,True,1,1,0,0,True,True,0,14,8,14,8,2,PF_LS_RP,fixed,,,False,0.7777777777777778,0.7594123700903176,0.2222222222222222,0.1,adaptive,remove_random_aisle,offspring,feasible_start_adaptive_spacing,,,,feasible_start_adaptive_spacing,0.5,,True,auto_from_instance,0.75,0.35,"5,7,14,15,16,17,25,26,27,29,37,39,46,57","4,15,17,19,25,27,30,33",,,,,,"H[5,7,14,15,16,17,25,26,27,29,37,39,46,57]|V[4,15,17,19,25,27,30,33]",6732d5258a9313035bead181283e041def90bbb2
proposed_nsga2_bs_Gyorgy-KOVACS_WH_Narrow_AW_4_seed_102,proposed_nsga2_bs,Gyorgy-KOVACS_WH_Narrow_AW_4,102,13,auto_from_instance,12,18,4,30,216,,,,,9,3,9,root > V:15 > BH:27 > BH:5 > BH:15 > BH:25 > BH:37 > BH:47 > BV:23 > BV:30,selected,0,inf,True,592,261,331,462.0,1.0,1.0,True,True,1,1,0,True,1,1,0,0,True,True,0,17,8,17,8,3,PF_LS_RP,fixed,,,False,0.7777777777777778,0.79247109448586,0.2222222222222222,0.1,adaptive,spacing_aware_flip,offspring,feasible_start_adaptive_spacing,,,,feasible_start_adaptive_spacing,0.5,,True,auto_from_instance,0.75,0.35,"1,5,7,16,17,21,25,26,27,29,37,39,46,47,49,55","6,12,15,17,19,23,26,30",,,,,,"H[1,5,7,15,16,17,21,25,26,27,29,37,39,46,47,49,55]|V[6,12,15,17,19,23,26,30]",9ee2190bb5e677e5dd6004d3c767bf39ff3449fb
proposed_nsga2_bs_Gyorgy-KOVACS_WH_Narrow_AW_4_seed_102,proposed_nsga2_bs,Gyorgy-KOVACS_WH_Narrow_AW_4,102,13,auto_from_instance,12,18,4,30,216,,,,,10,3,9,root > V:15 > BH:27 > BH:49 > BH:39 > BH:29 > BH:17 > BH:7 > BV:23 > BV:30,selected,0,inf,True,592,261,331,462.0,1.0,1.0,True,True,1,1,0,True,1,1,0,0,True,True,0,16,8,16,8,3,PF_LS_RP,fixed,,,False,0.7777777777777778,0.79247109448586,0.2222222222222222,0.1,adaptive,spacing_aware_flip,offspring,feasible_start_adaptive_spacing,,,,feasible_start_adaptive_spacing,0.5,,True,auto_from_instance,0.75,0.35,"1,5,7,16,17,21,25,26,27,29,37,39,46,47,49,55","6,12,15,17,19,23,26,30",,,,,,"H[1,5,7,16,17,21,25,26,27,29,37,39,46,47,49,55]|V[6,12,15,17,19,23,26,30]",eef866e48d563b788dc6683537da31dffdbde584
proposed_nsga2_bs_Gyorgy-KOVACS_WH_Narrow_AW_4_seed_102,proposed_nsga2_bs,Gyorgy-KOVACS_WH_Narrow_AW_4,102,13,auto_from_instance,12,18,4,30,216,,,,,11,6,8,root > V:16 > BH:27 > BH:5 > BH:15 > BH:25 > BH:37 > BH:47 > BV:26,selected,1,inf,True,632,246,386,550.0,1.0,1.0,True,True,1,1,0,True,1,1,0,0,True,True,0,15,7,15,7,6,PF_LS_RP,fixed,,,False,0.7777777777777778,0.7389488629195471,0.2222222222222222,0.1,adaptive,break_symmetry,offspring,feasible_start_adaptive_spacing,,,,feasible_start_adaptive_spacing,0.5,,True,auto_from_instance,0.75,0.35,"5,7,14,15,16,17,25,26,27,29,37,39,47,49,55","16,18,19,22,25,26,31",,,,,,"H[5,7,14,15,16,17,25,26,27,29,37,39,47,49,55]|V[16,18,19,22,25,26,31]",08ee812bc396556b6550be0bd82f9266dcd2fe55
proposed_nsga2_bs_Gyorgy-KOVACS_WH_Narrow_AW_4_seed_102,proposed_nsga2_bs,Gyorgy-KOVACS_WH_Narrow_AW_4,102,13,auto_from_instance,12,18,4,30,216,,,,,12,6,8,root > V:16 > BH:27 > BH:49 > BH:39 > BH:29 > BH:17 > BH:7 > BV:26,selected,1,inf,True,632,246,386,550.0,1.0,1.0,True,True,1,1,0,True,1,1,0,0,True,True,0,15,7,15,7,6,PF_LS_RP,fixed,,,False,0.7777777777777778,0.7389488629195471,0.2222222222222222,0.1,adaptive,break_symmetry,offspring,feasible_start_adaptive_spacing,,,,feasible_start_adaptive_spacing,0.5,,True,auto_from_instance,0.75,0.35,"5,7,14,15,16,17,25,26,27,29,37,39,47,49,55","16,18,19,22,25,26,31",,,,,,"H[5,7,14,15,16,17,25,26,27,29,37,39,47,49,55]|V[16,18,19,22,25,26,31]",660d9dab711cc8220a7c4152b9d81284ad744a59
proposed_nsga2_bs_Gyorgy-KOVACS_WH_Narrow_AW_4_seed_102,proposed_nsga2_bs,Gyorgy-KOVACS_WH_Narrow_AW_4,102,13,auto_from_instance,12,18,4,30,216,,,,,13,6,8,root > V:16 > BH:27 > BH:5 > BH:15 > BH:25 > BH:37 > BH:47 > BV:24,evaluated,2,inf,False,632,246,386,628.0,1.0,1.0,True,True,1,1,0,True,1,1,0,0,True,True,0,15,8,15,8,6,PF_LS_RP,fixed,,,False,0.7777777777777778,0.7389488629195471,0.2222222222222222,0.1,adaptive,break_symmetry,offspring,feasible_start_adaptive_spacing,,,,feasible_start_adaptive_spacing,0.5,,True,auto_from_instance,0.75,0.35,"5,7,14,15,16,17,25,26,27,29,37,39,47,49,55","16,18,19,22,25,26,31",,,,,,"H[5,7,14,15,16,17,25,26,27,29,37,39,47,49,55]|V[16,18,19,22,24,25,26,31]",fe71932ea9ef92cbca4e0b578f20f6e88be50370
proposed_nsga2_bs_Gyorgy-KOVACS_WH_Narrow_AW_4_seed_102,proposed_nsga2_bs,Gyorgy-KOVACS_WH_Narrow_AW_4,102,13,auto_from_instance,12,18,4,30,216,,,,,14,6,8,root > V:16 > BH:27 > BH:49 > BH:39 > BH:29 > BH:17 > BH:7 > BV:24,evaluated,2,inf,False,632,246,386,628.0,1.0,1.0,True,True,1,1,0,True,1,1,0,0,True,True,0,15,8,15,8,6,PF_LS_RP,fixed,,,False,0.7777777777777778,0.7389488629195471,0.2222222222222222,0.1,adaptive,break_symmetry,offspring,feasible_start_adaptive_spacing,,,,feasible_start_adaptive_spacing,0.5,,True,auto_from_instance,0.75,0.35,"5,7,14,15,16,17,25,26,27,29,37,39,47,49,55","16,18,19,22,25,26,31",,,,,,"H[5,7,14,15,16,17,25,26,27,29,37,39,47,49,55]|V[16,18,19,22,24,25,26,31]",9696e3fb0a981a3c866440c46c54987a8cf3ab94
proposed_nsga2_bs_Gyorgy-KOVACS_WH_Narrow_AW_4_seed_102,proposed_nsga2_bs,Gyorgy-KOVACS_WH_Narrow_AW_4,102,14,auto_from_instance,12,18,4,30,216,,,,,1,1,4,root > V:28 > BH:27 > BV:19 > BV:19,selected,0,inf,True,680,262,418,472.0,1.0,1.0,True,True,1,1,0,True,1,1,0,0,True,True,0,16,13,16,13,1,PF_LS_RP,fixed,,,False,0.8333333333333334,0.8866097588953015,0.16666666666666663,0.1,adaptive,swap_segments,offspring,feasible_start_adaptive_spacing,,,,feasible_start_adaptive_spacing,0.5,,True,auto_from_instance,0.75,0.35,"1,5,7,15,16,17,25,26,27,29,36,39,46,47,49,55","0,6,12,15,17,19,20,21,23,26,28,30,34",,,,,,"H[1,5,7,15,16,17,25,26,27,29,36,39,46,47,49,55]|V[0,6,12,15,17,19,20,21,23,26,28,30,34]",fc4825140fa5e2560776b4b932f5ef46c1588f36
proposed_nsga2_bs_Gyorgy-KOVACS_WH_Narrow_AW_4_seed_102,proposed_nsga2_bs,Gyorgy-KOVACS_WH_Narrow_AW_4,102,14,auto_from_instance,12,18,4,30,216,,,,,2,1,4,root > V:28 > BH:27 > BV:19 > BV:21,selected,1,inf,True,680,262,418,524.0,1.0,1.0,True,True,1,1,0,True,1,1,0,0,True,True,0,16,13,16,13,1,PF_LS_RP,fixed,,,False,0.8333333333333334,0.8866097588953015,0.16666666666666663,0.1,adaptive,swap_segments,offspring,feasible_start_adaptive_spacing,,,,feasible_start_adaptive_spacing,0.5,,True,auto_from_instance,0.75,0.35,"1,5,7,15,16,17,25,26,27,29,36,39,46,47,49,55","0,6,12,15,17,19,20,21,23,26,28,30,34",,,,,,"H[1,5,7,15,16,17,25,26,27,29,36,39,46,47,49,55]|V[0,6,12,15,17,19,20,21,23,26,28,30,34]",334779b46d5c288ee3031362a71af20db7b63dd5
proposed_nsga2_bs_Gyorgy-KOVACS_WH_Narrow_AW_4_seed_102,proposed_nsga2_bs,Gyorgy-KOVACS_WH_Narrow_AW_4,102,14,auto_from_instance,12,18,4,30,216,,,,,3,1,4,root > V:28 > BH:27 > BV:19 > BV:21,selected,1,0.0,True,680,262,418,524.0,1.0,1.0,True,True,1,1,0,True,1,1,0,0,True,True,0,16,13,16,13,1,PF_LS_RP,fixed,,,False,0.8333333333333334,0.8866097588953015,0.16666666666666663,0.1,adaptive,swap_segments,offspring,feasible_start_adaptive_spacing,,,,feasible_start_adaptive_spacing,0.5,,True,auto_from_instance,0.75,0.35,"1,5,7,15,16,17,25,26,27,29,36,39,46,47,49,55","0,6,12,15,17,19,20,21,23,26,28,30,34",,,,,,"H[1,5,7,15,16,17,25,26,27,29,36,39,46,47,49,55]|V[0,6,12,15,17,19,20,21,23,26,28,30,34]",8f2926ac3d427dac9f2e22e7dbb4782d03fe71f9
proposed_nsga2_bs_Gyorgy-KOVACS_WH_Narrow_AW_4_seed_102,proposed_nsga2_bs,Gyorgy-KOVACS_WH_Narrow_AW_4,102,14,auto_from_instance,12,18,4,30,216,,,,,4,1,4,root > V:28 > BH:27 > BV:19 > BV:17,selected,1,0.6768341307814991,True,680,262,418,524.0,1.0,1.0,True,True,1,1,0,True,1,1,0,0,True,True,0,16,13,16,13,1,PF_LS_RP,fixed,,,False,0.8333333333333334,0.8866097588953015,0.16666666666666663,0.1,adaptive,swap_segments,offspring,feasible_start_adaptive_spacing,,,,feasible_start_adaptive_spacing,0.5,,True,auto_from_instance,0.75,0.35,"1,5,7,15,16,17,25,26,27,29,36,39,46,47,49,55","0,6,12,15,17,19,20,21,23,26,28,30,34",,,,,,"H[1,5,7,15,16,17,25,26,27,29,36,39,46,47,49,55]|V[0,6,12,15,17,19,20,21,23,26,28,30,34]",c3a8d798cccc0ae6137f5d1801f12286f82d75a7
proposed_nsga2_bs_Gyorgy-KOVACS_WH_Narrow_AW_4_seed_102,proposed_nsga2_bs,Gyorgy-KOVACS_WH_Narrow_AW_4,102,14,auto_from_instance,12,18,4,30,216,,,,,5,2,8,root > V:16 > BH:27 > BH:5 > BH:15 > BH:25 > BH:37 > BH:47 > BV:26,selected,1,inf,True,632,246,386,550.0,1.0,1.0,True,True,1,1,0,True,1,1,0,0,True,True,0,17,8,17,8,2,PF_LS_RP,fixed,,,False,0.8333333333333334,0.8102367910544312,0.16666666666666663,0.1,adaptive,break_symmetry,offspring,feasible_start_adaptive_spacing,,,,feasible_start_adaptive_spacing,0.5,,True,auto_from_instance,0.75,0.35,"1,5,6,16,17,21,25,26,27,29,37,39,46,47,49,55","6,12,16,18,19,23,26,30",,,,,,"H[1,5,6,15,16,17,21,25,26,27,29,37,39,46,47,49,55]|V[6,12,16,18,19,23,26,30]",08ee812bc396556b6550be0bd82f9266dcd2fe55
proposed_nsga2_bs_Gyorgy-KOVACS_WH_Narrow_AW_4_seed_102,proposed_nsga2_bs,Gyorgy-KOVACS_WH_Narrow_AW_4,102,14,auto_from_instance,12,18,4,30,216,,,,,6,2,8,root > V:16 > BH:27 > BH:49 > BH:39 > BH:29 > BH:17 > BH:7 > BV:26,selected,1,inf,True,632,246,386,550.0,1.0,1.0,True,True,1,1,0,True,1,1,0,0,True,True,0,17,8,17,8,2,PF_LS_RP,fixed,,,False,0.8333333333333334,0.8102367910544312,0.16666666666666663,0.1,adaptive,break_symmetry,offspring,feasible_start_adaptive_spacing,,,,feasible_start_adaptive_spacing,0.5,,True,auto_from_instance,0.75,0.35,"1,5,6,16,17,21,25,26,27,29,37,39,46,47,49,55","6,12,16,18,19,23,26,30",,,,,,"H[1,5,6,7,16,17,21,25,26,27,29,37,39,46,47,49,55]|V[6,12,16,18,19,23,26,30]",660d9dab711cc8220a7c4152b9d81284ad744a59
proposed_nsga2_bs_Gyorgy-KOVACS_WH_Narrow_AW_4_seed_102,proposed_nsga2_bs,Gyorgy-KOVACS_WH_Narrow_AW_4,102,14,auto_from_instance,12,18,4,30,216,,,,,7,2,8,root > V:16 > BH:27 > BH:5 > BH:15 > BH:25 > BH:37 > BH:47 > BV:24,evaluated,2,inf,False,632,246,386,628.0,1.0,1.0,True,True,1,1,0,True,1,1,0,0,True,True,0,17,9,17,9,2,PF_LS_RP,fixed,,,False,0.8333333333333334,0.8102367910544312,0.16666666666666663,0.1,adaptive,break_symmetry,offspring,feasible_start_adaptive_spacing,,,,feasible_start_adaptive_spacing,0.5,,True,auto_from_instance,0.75,0.35,"1,5,6,16,17,21,25,26,27,29,37,39,46,47,49,55","6,12,16,18,19,23,26,30",,,,,,"H[1,5,6,15,16,17,21,25,26,27,29,37,39,46,47,49,55]|V[6,12,16,18,19,23,24,26,30]",fe71932ea9ef92cbca4e0b578f20f6e88be50370
proposed_nsga2_bs_Gyorgy-KOVACS_WH_Narrow_AW_4_seed_102,proposed_nsga2_bs,Gyorgy-KOVACS_WH_Narrow_AW_4,102,14,auto_from_instance,12,18,4,30,216,,,,,8,2,8,root > V:16 > BH:27 > BH:49 > BH:39 > BH:29 > BH:17 > BH:7 > BV:24,evaluated,2,inf,False,632,246,386,628.0,1.0,1.0,True,True,1,1,0,True,1,1,0,0,True,True,0,17,9,17,9,2,PF_LS_RP,fixed,,,False,0.8333333333333334,0.8102367910544312,0.16666666666666663,0.1,adaptive,break_symmetry,offspring,feasible_start_adaptive_spacing,,,,feasible_start_adaptive_spacing,0.5,,True,auto_from_instance,0.75,0.35,"1,5,6,16,17,21,25,26,27,29,37,39,46,47,49,55","6,12,16,18,19,23,26,30",,,,,,"H[1,5,6,7,16,17,21,25,26,27,29,37,39,46,47,49,55]|V[6,12,16,18,19,23,24,26,30]",9696e3fb0a981a3c866440c46c54987a8cf3ab94
proposed_nsga2_bs_Gyorgy-KOVACS_WH_Narrow_AW_4_seed_102,proposed_nsga2_bs,Gyorgy-KOVACS_WH_Narrow_AW_4,102,14,auto_from_instance,12,18,4,30,216,,,,,9,5,4,root > V:27 > BH:27 > BV:19 > BV:19,selected,1,inf,True,684,260,424,484.0,1.0,1.0,True,True,1,1,0,True,1,1,0,0,True,True,0,16,9,16,9,5,PF_LS_RP,fixed,,,False,0.8333333333333334,0.754362969000459,0.16666666666666663,0.1,adaptive,spacing_aware_flip,offspring,feasible_start_adaptive_spacing,,,,feasible_start_adaptive_spacing,0.5,,True,auto_from_instance,0.75,0.35,"1,5,7,14,15,16,17,21,25,26,27,29,37,39,46,57","4,12,15,17,19,25,27,30,33",,,,,,"H[1,5,7,14,15,16,17,21,25,26,27,29,37,39,46,57]|V[4,12,15,17,19,25,27,30,33]",9baad5a6d6d08df213ec54891109e23b1069a9a5
proposed_nsga2_bs_Gyorgy-KOVACS_WH_Narrow_AW_4_seed_102,proposed_nsga2_bs,Gyorgy-KOVACS_WH_Narrow_AW_4,102,14,auto_from_instance,12,18,4,30,216,,,,,10,5,4,root > V:27 > BH:27 > BV:17 > BV:19,selected,1,0.0,True,684,260,424,484.0,1.0,1.0,True,True,1,1,0,True,1,1,0,0,True,True,0,16,9,16,9,5,PF_LS_RP,fixed,,,False,0.8333333333333334,0.754362969000459,0.16666666666666663,0.1,adaptive,spacing_aware_flip,offspring,feasible_start_adaptive_spacing,,,,feasible_start_adaptive_spacing,0.5,,True,auto_from_instance,0.75,0.35,"1,5,7,14,15,16,17,21,25,26,27,29,37,39,46,57","4,12,15,17,19,25,27,30,33",,,,,,"H[1,5,7,14,15,16,17,21,25,26,27,29,37,39,46,57]|V[4,12,15,17,19,25,27,30,33]",7ea492661f4a7d780540a41c5bfc758906148e19
proposed_nsga2_bs_Gyorgy-KOVACS_WH_Narrow_AW_4_seed_102,proposed_nsga2_bs,Gyorgy-KOVACS_WH_Narrow_AW_4,102,14,auto_from_instance,12,18,4,30,216,,,,,11,5,4,root > V:27 > BH:27 > BV:19 > BV:17,selected,1,0.0,True,684,260,424,484.0,1.0,1.0,True,True,1,1,0,True,1,1,0,0,True,True,0,16,9,16,9,5,PF_LS_RP,fixed,,,False,0.8333333333333334,0.754362969000459,0.16666666666666663,0.1,adaptive,spacing_aware_flip,offspring,feasible_start_adaptive_spacing,,,,feasible_start_adaptive_spacing,0.5,,True,auto_from_instance,0.75,0.35,"1,5,7,14,15,16,17,21,25,26,27,29,37,39,46,57","4,12,15,17,19,25,27,30,33",,,,,,"H[1,5,7,14,15,16,17,21,25,26,27,29,37,39,46,57]|V[4,12,15,17,19,25,27,30,33]",59c55a28d53f47701301421f850890ad1de7d63b
proposed_nsga2_bs_Gyorgy-KOVACS_WH_Narrow_AW_4_seed_102,proposed_nsga2_bs,Gyorgy-KOVACS_WH_Narrow_AW_4,102,14,auto_from_instance,12,18,4,30,216,,,,,12,5,4,root > V:27 > BH:27 > BV:17 > BV:17,selected,1,inf,True,684,260,424,484.0,1.0,1.0,True,True,1,1,0,True,1,1,0,0,True,True,0,16,9,16,9,5,PF_LS_RP,fixed,,,False,0.8333333333333334,0.754362969000459,0.16666666666666663,0.1,adaptive,spacing_aware_flip,offspring,feasible_start_adaptive_spacing,,,,feasible_start_adaptive_spacing,0.5,,True,auto_from_instance,0.75,0.35,"1,5,7,14,15,16,17,21,25,26,27,29,37,39,46,57","4,12,15,17,19,25,27,30,33",,,,,,"H[1,5,7,14,15,16,17,21,25,26,27,29,37,39,46,57]|V[4,12,15,17,19,25,27,30,33]",6732d5258a9313035bead181283e041def90bbb2
proposed_nsga2_bs_Gyorgy-KOVACS_WH_Narrow_AW_4_seed_102,proposed_nsga2_bs,Gyorgy-KOVACS_WH_Narrow_AW_4,102,14,auto_from_instance,12,18,4,30,216,,,,,13,6,9,root > V:15 > BH:27 > BH:5 > BH:15 > BH:25 > BH:37 > BH:47 > BV:23 > BV:30,selected,0,inf,True,592,261,331,462.0,1.0,1.0,True,True,1,1,0,True,1,1,0,0,True,True,0,17,7,17,7,6,PF_LS_RP,fixed,,,False,0.8333333333333334,0.9036964848017628,0.16666666666666663,0.1,adaptive,spacing_aware_flip,offspring,feasible_start_adaptive_spacing,,,,feasible_start_adaptive_spacing,0.5,,True,auto_from_instance,0.75,0.35,"1,5,7,15,16,17,25,26,27,29,33,37,39,46,47,49,55","6,15,17,19,23,26,30",,,,,,"H[1,5,7,15,16,17,25,26,27,29,33,37,39,46,47,49,55]|V[6,15,17,19,23,26,30]",9ee2190bb5e677e5dd6004d3c767bf39ff3449fb
proposed_nsga2_bs_Gyorgy-KOVACS_WH_Narrow_AW_4_seed_102,proposed_nsga2_bs,Gyorgy-KOVACS_WH_Narrow_AW_4,102,14,auto_from_instance,12,18,4,30,216,,,,,14,6,9,root > V:15 > BH:27 > BH:49 > BH:39 > BH:29 > BH:17 > BH:7 > BV:23 > BV:30,selected,0,inf,True,592,261,331,462.0,1.0,1.0,True,True,1,1,0,True,1,1,0,0,True,True,0,17,7,17,7,6,PF_LS_RP,fixed,,,False,0.8333333333333334,0.9036964848017628,0.16666666666666663,0.1,adaptive,spacing_aware_flip,offspring,feasible_start_adaptive_spacing,,,,feasible_start_adaptive_spacing,0.5,,True,auto_from_instance,0.75,0.35,"1,5,7,15,16,17,25,26,27,29,33,37,39,46,47,49,55","6,15,17,19,23,26,30",,,,,,"H[1,5,7,15,16,17,25,26,27,29,33,37,39,46,47,49,55]|V[6,15,17,19,23,26,30]",eef866e48d563b788dc6683537da31dffdbde584
proposed_nsga2_bs_Gyorgy-KOVACS_WH_Narrow_AW_4_seed_102,proposed_nsga2_bs,Gyorgy-KOVACS_WH_Narrow_AW_4,102,15,auto_from_instance,12,18,4,30,216,,,,,1,1,4,root > V:28 > BH:27 > BV:19 > BV:19,selected,0,inf,True,680,262,418,472.0,1.0,1.0,True,True,1,1,0,True,1,1,0,0,True,True,0,17,12,17,12,1,PF_LS_RP,fixed,,,False,0.8888888888888888,0.8456510653349689,0.11111111111111116,0.1,adaptive,bit_flip,offspring,feasible_start_adaptive_spacing,,,,feasible_start_adaptive_spacing,0.5,,True,auto_from_instance,0.75,0.35,"1,5,7,15,16,17,25,26,27,29,36,37,39,46,47,49,55","0,6,15,17,19,20,21,23,26,28,30,34",,,,,,"H[1,5,7,15,16,17,25,26,27,29,36,37,39,46,47,49,55]|V[0,6,15,17,19,20,21,23,26,28,30,34]",fc4825140fa5e2560776b4b932f5ef46c1588f36
proposed_nsga2_bs_Gyorgy-KOVACS_WH_Narrow_AW_4_seed_102,proposed_nsga2_bs,Gyorgy-KOVACS_WH_Narrow_AW_4,102,15,auto_from_instance,12,18,4,30,216,,,,,2,1,4,root > V:28 > BH:27 > BV:19 > BV:21,selected,1,inf,True,680,262,418,524.0,1.0,1.0,True,True,1,1,0,True,1,1,0,0,True,True,0,17,12,17,12,1,PF_LS_RP,fixed,,,False,0.8888888888888888,0.8456510653349689,0.11111111111111116,0.1,adaptive,bit_flip,offspring,feasible_start_adaptive_spacing,,,,feasible_start_adaptive_spacing,0.5,,True,auto_from_instance,0.75,0.35,"1,5,7,15,16,17,25,26,27,29,36,37,39,46,47,49,55","0,6,15,17,19,20,21,23,26,28,30,34",,,,,,"H[1,5,7,15,16,17,25,26,27,29,36,37,39,46,47,49,55]|V[0,6,15,17,19,20,21,23,26,28,30,34]",334779b46d5c288ee3031362a71af20db7b63dd5
proposed_nsga2_bs_Gyorgy-KOVACS_WH_Narrow_AW_4_seed_102,proposed_nsga2_bs,Gyorgy-KOVACS_WH_Narrow_AW_4,102,15,auto_from_instance,12,18,4,30,216,,,,,3,1,4,root > V:28 > BH:27 > BV:19 > BV:21,selected,1,0.0,True,680,262,418,524.0,1.0,1.0,True,True,1,1,0,True,1,1,0,0,True,True,0,17,12,17,12,1,PF_LS_RP,fixed,,,False,0.8888888888888888,0.8456510653349689,0.11111111111111116,0.1,adaptive,bit_flip,offspring,feasible_start_adaptive_spacing,,,,feasible_start_adaptive_spacing,0.5,,True,auto_from_instance,0.75,0.35,"1,5,7,15,16,17,25,26,27,29,36,37,39,46,47,49,55","0,6,15,17,19,20,21,23,26,28,30,34",,,,,,"H[1,5,7,15,16,17,25,26,27,29,36,37,39,46,47,49,55]|V[0,6,15,17,19,20,21,23,26,28,30,34]",8f2926ac3d427dac9f2e22e7dbb4782d03fe71f9
proposed_nsga2_bs_Gyorgy-KOVACS_WH_Narrow_AW_4_seed_102,proposed_nsga2_bs,Gyorgy-KOVACS_WH_Narrow_AW_4,102,15,auto_from_instance,12,18,4,30,216,,,,,4,1,4,root > V:28 > BH:27 > BV:19 > BV:17,selected,1,inf,True,680,262,418,524.0,1.0,1.0,True,True,1,1,0,True,1,1,0,0,True,True,0,17,12,17,12,1,PF_LS_RP,fixed,,,False,0.8888888888888888,0.8456510653349689,0.11111111111111116,0.1,adaptive,bit_flip,offspring,feasible_start_adaptive_spacing,,,,feasible_start_adaptive_spacing,0.5,,True,auto_from_instance,0.75,0.35,"1,5,7,15,16,17,25,26,27,29,36,37,39,46,47,49,55","0,6,15,17,19,20,21,23,26,28,30,34",,,,,,"H[1,5,7,15,16,17,25,26,27,29,36,37,39,46,47,49,55]|V[0,6,15,17,19,20,21,23,26,28,30,34]",c3a8d798cccc0ae6137f5d1801f12286f82d75a7
proposed_nsga2_bs_Gyorgy-KOVACS_WH_Narrow_AW_4_seed_102,proposed_nsga2_bs,Gyorgy-KOVACS_WH_Narrow_AW_4,102,15,auto_from_instance,12,18,4,30,216,,,,,5,2,9,root > V:15 > BH:27 > BH:5 > BH:15 > BH:25 > BH:37 > BH:47 > BV:23 > BV:30,selected,0,inf,True,592,261,331,462.0,1.0,1.0,True,True,1,1,0,True,1,1,0,0,True,True,0,17,8,17,8,2,PF_LS_RP,fixed,,,False,0.8888888888888888,0.9041943702626154,0.11111111111111116,0.1,adaptive,break_symmetry,offspring,feasible_start_adaptive_spacing,,,,feasible_start_adaptive_spacing,0.5,,True,auto_from_instance,0.75,0.35,"1,5,7,15,16,17,25,26,27,29,33,37,39,46,47,49,55","6,12,15,17,18,23,26,30",,,,,,"H[1,5,7,15,16,17,25,26,27,29,33,37,39,46,47,49,55]|V[6,12,15,17,18,23,26,30]",9ee2190bb5e677e5dd6004d3c767bf39ff3449fb
proposed_nsga2_bs_Gyorgy-KOVACS_WH_Narrow_AW_4_seed_102,proposed_nsga2_bs,Gyorgy-KOVACS_WH_Narrow_AW_4,102,15,auto_from_instance,12,18,4,30,216,,,,,6,2,9,root > V:15 > BH:27 > BH:49 > BH:39 > BH:29 > BH:17 > BH:7 > BV:23 > BV:30,selected,0,inf,True,592,261,331,462.0,1.0,1.0,True,True,1,1,0,True,1,1,0,0,True,True,0,17,8,17,8,2,PF_LS_RP,fixed,,,False,0.8888888888888888,0.9041943702626154,0.11111111111111116,0.1,adaptive,break_symmetry,offspring,feasible_start_adaptive_spacing,,,,feasible_start_adaptive_spacing,0.5,,True,auto_from_instance,0.75,0.35,"1,5,7,15,16,17,25,26,27,29,33,37,39,46,47,49,55","6,12,15,17,18,23,26,30",,,,,,"H[1,5,7,15,16,17,25,26,27,29,33,37,39,46,47,49,55]|V[6,12,15,17,18,23,26,30]",eef866e48d563b788dc6683537da31dffdbde584
proposed_nsga2_bs_Gyorgy-KOVACS_WH_Narrow_AW_4_seed_102,proposed_nsga2_bs,Gyorgy-KOVACS_WH_Narrow_AW_4,102,15,auto_from_instance,12,18,4,30,216,,,,,7,4,8,root > V:18 > BH:27 > BH:5 > BH:15 > BH:25 > BH:37 > BH:47 > BV:26,evaluated,3,inf,False,664,228,436,628.0,1.0,1.0,True,True,1,1,0,True,1,1,0,0,True,True,0,18,12,18,12,4,PF_LS_RP,fixed,,,False,0.8888888888888888,0.8616141735074925,0.11111111111111116,0.1,adaptive,bit_flip,offspring,feasible_start_adaptive_spacing,,,,feasible_start_adaptive_spacing,0.5,,True,auto_from_instance,0.75,0.35,"1,5,7,14,15,16,17,21,25,26,27,29,36,39,46,57","4,12,15,17,18,19,20,21,23,26,30,33",,,,,,"H[1,5,7,14,15,16,17,21,25,26,27,29,36,37,39,46,47,57]|V[4,12,15,17,18,19,20,21,23,26,30,33]",1938da0c4eeab540eb2932ce4328db82029254cb
proposed_nsga2_bs_Gyorgy-KOVACS_WH_Narrow_AW_4_seed_102,proposed_nsga2_bs,Gyorgy-KOVACS_WH_Narrow_AW_4,102,15,auto_from_instance,12,18,4,30,216,,,,,8,4,8,root > V:18 > BH:27 > BH:49 > BH:39 > BH:29 > BH:17 > BH:7 > BV:26,evaluated,3,inf,False,664,228,436,628.0,1.0,1.0,True,True,1,1,0,True,1,1,0,0,True,True,0,17,12,17,12,4,PF_LS_RP,fixed,,,False,0.8888888888888888,0.8616141735074925,0.11111111111111116,0.1,adaptive,bit_flip,offspring,feasible_start_adaptive_spacing,,,,feasible_start_adaptive_spacing,0.5,,True,auto_from_instance,0.75,0.35,"1,5,7,14,15,16,17,21,25,26,27,29,36,39,46,57","4,12,15,17,18,19,20,21,23,26,30,33",,,,,,"H[1,5,7,14,15,16,17,21,25,26,27,29,36,39,46,49,57]|V[4,12,15,17,18,19,20,21,23,26,30,33]",ca27fa34dbaffc306858313d4e346923ac553274
proposed_nsga2_bs_Gyorgy-KOVACS_WH_Narrow_AW_4_seed_102,proposed_nsga2_bs,Gyorgy-KOVACS_WH_Narrow_AW_4,102,15,auto_from_instance,12,18,4,30,216,,,,,9,4,8,root > V:18 > BH:27 > BH:5 > BH:15 > BH:25 > BH:37 > BH:47 > BV:30,evaluated,4,inf,False,664,218,446,768.0,1.0,1.0,True,True,1,1,0,True,1,1,0,0,True,True,0,18,12,18,12,4,PF_LS_RP,fixed,,,False,0.8888888888888888,0.8616141735074925,0.11111111111111116,0.1,adaptive,bit_flip,offspring,feasible_start_adaptive_spacing,,,,feasible_start_adaptive_spacing,0.5,,True,auto_from_instance,0.75,0.35,"1,5,7,14,15,16,17,21,25,26,27,29,36,39,46,57","4,12,15,17,18,19,20,21,23,26,30,33",,,,,,"H[1,5,7,14,15,16,17,21,25,26,27,29,36,37,39,46,47,57]|V[4,12,15,17,18,19,20,21,23,26,30,33]",2d76234bebc6b4bba430e32996fc38cedfb52741
proposed_nsga2_bs_Gyorgy-KOVACS_WH_Narrow_AW_4_seed_102,proposed_nsga2_bs,Gyorgy-KOVACS_WH_Narrow_AW_4,102,15,auto_from_instance,12,18,4,30,216,,,,,10,4,8,root > V:18 > BH:27 > BH:49 > BH:39 > BH:29 > BH:17 > BH:7 > BV:30,evaluated,4,inf,False,664,218,446,768.0,1.0,1.0,True,True,1,1,0,True,1,1,0,0,True,True,0,17,12,17,12,4,PF_LS_RP,fixed,,,False,0.8888888888888888,0.8616141735074925,0.11111111111111116,0.1,adaptive,bit_flip,offspring,feasible_start_adaptive_spacing,,,,feasible_start_adaptive_spacing,0.5,,True,auto_from_instance,0.75,0.35,"1,5,7,14,15,16,17,21,25,26,27,29,36,39,46,57","4,12,15,17,18,19,20,21,23,26,30,33",,,,,,"H[1,5,7,14,15,16,17,21,25,26,27,29,36,39,46,49,57]|V[4,12,15,17,18,19,20,21,23,26,30,33]",194790e90d8eea3e2ac59491345ee26809534fa0
proposed_nsga2_bs_Gyorgy-KOVACS_WH_Narrow_AW_4_seed_102,proposed_nsga2_bs,Gyorgy-KOVACS_WH_Narrow_AW_4,102,15,auto_from_instance,12,18,4,30,216,,,,,11,6,4,root > V:27 > BH:27 > BV:19 > BV:19,selected,1,inf,True,684,260,424,484.0,1.0,1.0,True,True,1,1,0,True,1,1,0,0,True,True,0,14,9,14,9,6,PF_LS_RP,fixed,,,False,0.8888888888888888,0.8659976529733456,0.11111111111111116,0.1,adaptive,spacing_aware_flip,offspring,feasible_start_adaptive_spacing,,,,feasible_start_adaptive_spacing,0.5,,True,auto_from_instance,0.75,0.35,"1,5,7,15,16,17,25,26,27,29,37,39,46,57","2,6,15,17,19,23,27,30,33",,,,,,"H[1,5,7,15,16,17,25,26,27,29,37,39,46,57]|V[2,6,15,17,19,23,27,30,33]",9baad5a6d6d08df213ec54891109e23b1069a9a5
proposed_nsga2_bs_Gyorgy-KOVACS_WH_Narrow_AW_4_seed_102,proposed_nsga2_bs,Gyorgy-KOVACS_WH_Narrow_AW_4,102,15,auto_from_instance,12,18,4,30,216,,,,,12,6,4,root > V:27 > BH:27 > BV:17 > BV:19,selected,1,0.0,True,684,260,424,484.0,1.0,1.0,True,True,1,1,0,True,1,1,0,0,True,True,0,14,9,14,9,6,PF_LS_RP,fixed,,,False,0.8888888888888888,0.8659976529733456,0.11111111111111116,0.1,adaptive,spacing_aware_flip,offspring,feasible_start_adaptive_spacing,,,,feasible_start_adaptive_spacing,0.5,,True,auto_from_instance,0.75,0.35,"1,5,7,15,16,17,25,26,27,29,37,39,46,57","2,6,15,17,19,23,27,30,33",,,,,,"H[1,5,7,15,16,17,25,26,27,29,37,39,46,57]|V[2,6,15,17,19,23,27,30,33]",7ea492661f4a7d780540a41c5bfc758906148e19
proposed_nsga2_bs_Gyorgy-KOVACS_WH_Narrow_AW_4_seed_102,proposed_nsga2_bs,Gyorgy-KOVACS_WH_Narrow_AW_4,102,15,auto_from_instance,12,18,4,30,216,,,,,13,6,4,root > V:27 > BH:27 > BV:19 > BV:17,selected,1,0.0,True,684,260,424,484.0,1.0,1.0,True,True,1,1,0,True,1,1,0,0,True,True,0,14,9,14,9,6,PF_LS_RP,fixed,,,False,0.8888888888888888,0.8659976529733456,0.11111111111111116,0.1,adaptive,spacing_aware_flip,offspring,feasible_start_adaptive_spacing,,,,feasible_start_adaptive_spacing,0.5,,True,auto_from_instance,0.75,0.35,"1,5,7,15,16,17,25,26,27,29,37,39,46,57","2,6,15,17,19,23,27,30,33",,,,,,"H[1,5,7,15,16,17,25,26,27,29,37,39,46,57]|V[2,6,15,17,19,23,27,30,33]",59c55a28d53f47701301421f850890ad1de7d63b
proposed_nsga2_bs_Gyorgy-KOVACS_WH_Narrow_AW_4_seed_102,proposed_nsga2_bs,Gyorgy-KOVACS_WH_Narrow_AW_4,102,15,auto_from_instance,12,18,4,30,216,,,,,14,6,4,root > V:27 > BH:27 > BV:17 > BV:17,selected,1,inf,True,684,260,424,484.0,1.0,1.0,True,True,1,1,0,True,1,1,0,0,True,True,0,14,9,14,9,6,PF_LS_RP,fixed,,,False,0.8888888888888888,0.8659976529733456,0.11111111111111116,0.1,adaptive,spacing_aware_flip,offspring,feasible_start_adaptive_spacing,,,,feasible_start_adaptive_spacing,0.5,,True,auto_from_instance,0.75,0.35,"1,5,7,15,16,17,25,26,27,29,37,39,46,57","2,6,15,17,19,23,27,30,33",,,,,,"H[1,5,7,15,16,17,25,26,27,29,37,39,46,57]|V[2,6,15,17,19,23,27,30,33]",6732d5258a9313035bead181283e041def90bbb2
proposed_nsga2_bs_Gyorgy-KOVACS_WH_Narrow_AW_4_seed_102,proposed_nsga2_bs,Gyorgy-KOVACS_WH_Narrow_AW_4,102,15,auto_from_instance,12,18,4,30,216,,,,,15,11,8,root > V:17 > BH:27 > BH:5 > BH:15 > BH:25 > BH:37 > BH:47 > BV:27,selected,1,inf,True,648,237,411,490.0,1.0,1.0,True,True,1,1,0,True,1,1,0,0,True,True,0,20,13,20,13,11,PF_LS_RP,fixed,,,False,0.8888888888888888,0.7964536863177312,0.11111111111111116,0.1,adaptive,swap_segments,offspring,feasible_start_adaptive_spacing,,,,feasible_start_adaptive_spacing,0.5,,True,auto_from_instance,0.75,0.35,"0,2,9,10,15,16,17,25,26,27,29,33,38,42,44,49,55","0,6,12,15,17,19,20,21,23,26,30,34",,,,,,"H[0,2,5,9,10,15,16,17,25,26,27,29,33,37,38,42,44,47,49,55]|V[0,6,12,15,17,19,20,21,23,26,27,30,34]",3ab80a1d8e68880e815ad780c83cfc2449e7f93f
proposed_nsga2_bs_Gyorgy-KOVACS_WH_Narrow_AW_4_seed_102,proposed_nsga2_bs,Gyorgy-KOVACS_WH_Narrow_AW_4,102,15,auto_from_instance,12,18,4,30,216,,,,,16,11,8,root > V:17 > BH:27 > BH:49 > BH:39 > BH:29 > BH:17 > BH:7 > BV:27,selected,1,inf,True,648,237,411,490.0,1.0,1.0,True,True,1,1,0,True,1,1,0,0,True,True,0,19,13,19,13,11,PF_LS_RP,fixed,,,False,0.8888888888888888,0.7964536863177312,0.11111111111111116,0.1,adaptive,swap_segments,offspring,feasible_start_adaptive_spacing,,,,feasible_start_adaptive_spacing,0.5,,True,auto_from_instance,0.75,0.35,"0,2,9,10,15,16,17,25,26,27,29,33,38,42,44,49,55","0,6,12,15,17,19,20,21,23,26,30,34",,,,,,"H[0,2,7,9,10,15,16,17,25,26,27,29,33,38,39,42,44,49,55]|V[0,6,12,15,17,19,20,21,23,26,27,30,34]",451b31cd7494c0e29ac39737991e84853f054397
proposed_nsga2_bs_Gyorgy-KOVACS_WH_Narrow_AW_4_seed_102,proposed_nsga2_bs,Gyorgy-KOVACS_WH_Narrow_AW_4,102,15,auto_from_instance,12,18,4,30,216,,,,,17,11,8,root > V:17 > BH:27 > BH:5 > BH:15 > BH:25 > BH:37 > BH:47 > BV:25,evaluated,2,inf,False,648,237,411,544.0,1.0,1.0,True,True,1,1,0,True,1,1,0,0,True,True,0,20,13,20,13,11,PF_LS_RP,fixed,,,False,0.8888888888888888,0.7964536863177312,0.11111111111111116,0.1,adaptive,swap_segments,offspring,feasible_start_adaptive_spacing,,,,feasible_start_adaptive_spacing,0.5,,True,auto_from_instance,0.75,0.35,"0,2,9,10,15,16,17,25,26,27,29,33,38,42,44,49,55","0,6,12,15,17,19,20,21,23,26,30,34",,,,,,"H[0,2,5,9,10,15,16,17,25,26,27,29,33,37,38,42,44,47,49,55]|V[0,6,12,15,17,19,20,21,23,25,26,30,34]",24e93b3467ee5334276be59c5b6e878bb2e06a66
proposed_nsga2_bs_Gyorgy-KOVACS_WH_Narrow_AW_4_seed_102,proposed_nsga2_bs,Gyorgy-KOVACS_WH_Narrow_AW_4,102,15,auto_from_instance,12,18,4,30,216,,,,,18,11,8,root > V:17 > BH:27 > BH:49 > BH:39 > BH:29 > BH:17 > BH:7 > BV:25,evaluated,2,inf,False,648,237,411,544.0,1.0,1.0,True,True,1,1,0,True,1,1,0,0,True,True,0,19,13,19,13,11,PF_LS_RP,fixed,,,False,0.8888888888888888,0.7964536863177312,0.11111111111111116,0.1,adaptive,swap_segments,offspring,feasible_start_adaptive_spacing,,,,feasible_start_adaptive_spacing,0.5,,True,auto_from_instance,0.75,0.35,"0,2,9,10,15,16,17,25,26,27,29,33,38,42,44,49,55","0,6,12,15,17,19,20,21,23,26,30,34",,,,,,"H[0,2,7,9,10,15,16,17,25,26,27,29,33,38,39,42,44,49,55]|V[0,6,12,15,17,19,20,21,23,25,26,30,34]",19631d63ec0204b55a5a6d539d26aaf84a80581d
proposed_nsga2_bs_Gyorgy-KOVACS_WH_Narrow_AW_4_seed_102,proposed_nsga2_bs,Gyorgy-KOVACS_WH_Narrow_AW_4,102,16,auto_from_instance,12,18,4,30,216,,,,,1,1,8,root > V:17 > BH:27 > BH:5 > BH:15 > BH:25 > BH:37 > BH:47 > BV:27,selected,1,inf,True,648,237,411,490.0,1.0,1.0,True,True,1,1,0,True,1,1,0,0,True,True,0,15,12,15,12,1,PF_LS_RP,fixed,,,False,0.9444444444444444,0.9843250848828383,0.1,0.1,adaptive,spacing_aware_flip,offspring,feasible_start_adaptive_spacing,,,,feasible_start_adaptive_spacing,0.5,,True,auto_from_instance,0.75,0.35,"1,5,7,15,16,17,25,26,27,29,37,39,46,55","0,6,11,15,17,19,20,21,23,27,30,33",,,,,,"H[1,5,7,15,16,17,25,26,27,29,37,39,46,47,55]|V[0,6,11,15,17,19,20,21,23,27,30,33]",3ab80a1d8e68880e815ad780c83cfc2449e7f93f
proposed_nsga2_bs_Gyorgy-KOVACS_WH_Narrow_AW_4_seed_102,proposed_nsga2_bs,Gyorgy-KOVACS_WH_Narrow_AW_4,102,16,auto_from_instance,12,18,4,30,216,,,,,2,1,8,root > V:17 > BH:27 > BH:49 > BH:39 > BH:29 > BH:17 > BH:7 > BV:27,selected,1,inf,True,648,237,411,490.0,1.0,1.0,True,True,1,1,0,True,1,1,0,0,True,True,0,15,12,15,12,1,PF_LS_RP,fixed,,,False,0.9444444444444444,0.9843250848828383,0.1,0.1,adaptive,spacing_aware_flip,offspring,feasible_start_adaptive_spacing,,,,feasible_start_adaptive_spacing,0.5,,True,auto_from_instance,0.75,0.35,"1,5,7,15,16,17,25,26,27,29,37,39,46,55","0,6,11,15,17,19,20,21,23,27,30,33",,,,,,"H[1,5,7,15,16,17,25,26,27,29,37,39,46,49,55]|V[0,6,11,15,17,19,20,21,23,27,30,33]",451b31cd7494c0e29ac39737991e84853f054397
proposed_nsga2_bs_Gyorgy-KOVACS_WH_Narrow_AW_4_seed_102,proposed_nsga2_bs,Gyorgy-KOVACS_WH_Narrow_AW_4,102,16,auto_from_instance,12,18,4,30,216,,,,,3,1,8,root > V:17 > BH:27 > BH:5 > BH:15 > BH:25 > BH:37 > BH:47 > BV:25,evaluated,2,inf,False,648,237,411,544.0,1.0,1.0,True,True,1,1,0,True,1,1,0,0,True,True,0,15,13,15,13,1,PF_LS_RP,fixed,,,False,0.9444444444444444,0.9843250848828383,0.1,0.1,adaptive,spacing_aware_flip,offspring,feasible_start_adaptive_spacing,,,,feasible_start_adaptive_spacing,0.5,,True,auto_from_instance,0.75,0.35,"1,5,7,15,16,17,25,26,27,29,37,39,46,55","0,6,11,15,17,19,20,21,23,27,30,33",,,,,,"H[1,5,7,15,16,17,25,26,27,29,37,39,46,47,55]|V[0,6,11,15,17,19,20,21,23,25,27,30,33]",24e93b3467ee5334276be59c5b6e878bb2e06a66
proposed_nsga2_bs_Gyorgy-KOVACS_WH_Narrow_AW_4_seed_102,proposed_nsga2_bs,Gyorgy-KOVACS_WH_Narrow_AW_4,102,16,auto_from_instance,12,18,4,30,216,,,,,4,1,8,root > V:17 > BH:27 > BH:49 > BH:39 > BH:29 > BH:17 > BH:7 > BV:25,evaluated,2,inf,False,648,237,411,544.0,1.0,1.0,True,True,1,1,0,True,1,1,0,0,True,True,0,15,13,15,13,1,PF_LS_RP,fixed,,,False,0.9444444444444444,0.9843250848828383,0.1,0.1,adaptive,spacing_aware_flip,offspring,feasible_start_adaptive_spacing,,,,feasible_start_adaptive_spacing,0.5,,True,auto_from_instance,0.75,0.35,"1,5,7,15,16,17,25,26,27,29,37,39,46,55","0,6,11,15,17,19,20,21,23,27,30,33",,,,,,"H[1,5,7,15,16,17,25,26,27,29,37,39,46,49,55]|V[0,6,11,15,17,19,20,21,23,25,27,30,33]",19631d63ec0204b55a5a6d539d26aaf84a80581d
proposed_nsga2_bs_Gyorgy-KOVACS_WH_Narrow_AW_4_seed_102,proposed_nsga2_bs,Gyorgy-KOVACS_WH_Narrow_AW_4,102,16,auto_from_instance,12,18,4,30,216,,,,,5,2,4,root > V:28 > BH:27 > BV:19 > BV:19,selected,0,inf,True,680,262,418,472.0,1.0,1.0,True,True,1,1,0,True,1,1,0,0,True,True,0,17,9,17,9,2,PF_LS_RP,fixed,,,False,0.9444444444444444,0.791041295831704,0.1,0.1,adaptive,remove_random_aisle,offspring,feasible_start_adaptive_spacing,,,,feasible_start_adaptive_spacing,0.5,,True,auto_from_instance,0.75,0.35,"1,5,7,15,16,17,25,26,27,29,36,37,39,46,47,49,57","2,6,15,17,19,23,28,30,34",,,,,,"H[1,5,7,15,16,17,25,26,27,29,36,37,39,46,47,49,57]|V[2,6,15,17,19,23,28,30,34]",fc4825140fa5e2560776b4b932f5ef46c1588f36
proposed_nsga2_bs_Gyorgy-KOVACS_WH_Narrow_AW_4_seed_102,proposed_nsga2_bs,Gyorgy-KOVACS_WH_Narrow_AW_4,102,16,auto_from_instance,12,18,4,30,216,,,,,6,2,4,root > V:28 > BH:27 > BV:19 > BV:21,selected,1,inf,True,680,262,418,524.0,1.0,1.0,True,True,1,1,0,True,1,1,0,0,True,True,0,17,10,17,10,2,PF_LS_RP,fixed,,,False,0.9444444444444444,0.791041295831704,0.1,0.1,adaptive,remove_random_aisle,offspring,feasible_start_adaptive_spacing,,,,feasible_start_adaptive_spacing,0.5,,True,auto_from_instance,0.75,0.35,"1,5,7,15,16,17,25,26,27,29,36,37,39,46,47,49,57","2,6,15,17,19,23,28,30,34",,,,,,"H[1,5,7,15,16,17,25,26,27,29,36,37,39,46,47,49,57]|V[2,6,15,17,19,21,23,28,30,34]",334779b46d5c288ee3031362a71af20db7b63dd5
proposed_nsga2_bs_Gyorgy-KOVACS_WH_Narrow_AW_4_seed_102,proposed_nsga2_bs,Gyorgy-KOVACS_WH_Narrow_AW_4,102,16,auto_from_instance,12,18,4,30,216,,,,,7,2,4,root > V:28 > BH:27 > BV:19 > BV:21,selected,1,0.0,True,680,262,418,524.0,1.0,1.0,True,True,1,1,0,True,1,1,0,0,True,True,0,17,10,17,10,2,PF_LS_RP,fixed,,,False,0.9444444444444444,0.791041295831704,0.1,0.1,adaptive,remove_random_aisle,offspring,feasible_start_adaptive_spacing,,,,feasible_start_adaptive_spacing,0.5,,True,auto_from_instance,0.75,0.35,"1,5,7,15,16,17,25,26,27,29,36,37,39,46,47,49,57","2,6,15,17,19,23,28,30,34",,,,,,"H[1,5,7,15,16,17,25,26,27,29,36,37,39,46,47,49,57]|V[2,6,15,17,19,21,23,28,30,34]",8f2926ac3d427dac9f2e22e7dbb4782d03fe71f9
proposed_nsga2_bs_Gyorgy-KOVACS_WH_Narrow_AW_4_seed_102,proposed_nsga2_bs,Gyorgy-KOVACS_WH_Narrow_AW_4,102,16,auto_from_instance,12,18,4,30,216,,,,,8,2,4,root > V:28 > BH:27 > BV:19 > BV:17,selected,1,inf,True,680,262,418,524.0,1.0,1.0,True,True,1,1,0,True,1,1,0,0,True,True,0,17,9,17,9,2,PF_LS_RP,fixed,,,False,0.9444444444444444,0.791041295831704,0.1,0.1,adaptive,remove_random_aisle,offspring,feasible_start_adaptive_spacing,,,,feasible_start_adaptive_spacing,0.5,,True,auto_from_instance,0.75,0.35,"1,5,7,15,16,17,25,26,27,29,36,37,39,46,47,49,57","2,6,15,17,19,23,28,30,34",,,,,,"H[1,5,7,15,16,17,25,26,27,29,36,37,39,46,47,49,57]|V[2,6,15,17,19,23,28,30,34]",c3a8d798cccc0ae6137f5d1801f12286f82d75a7
proposed_nsga2_bs_Gyorgy-KOVACS_WH_Narrow_AW_4_seed_102,proposed_nsga2_bs,Gyorgy-KOVACS_WH_Narrow_AW_4,102,16,auto_from_instance,12,18,4,30,216,,,,,9,3,9,root > V:15 > BH:27 > BH:5 > BH:15 > BH:25 > BH:37 > BH:47 > BV:23 > BV:30,selected,0,inf,True,592,261,331,462.0,1.0,1.0,True,True,1,1,0,True,1,1,0,0,True,True,0,16,11,16,11,3,PF_LS_RP,fixed,,,False,0.9444444444444444,0.9019423176771816,0.1,0.1,adaptive,bit_flip,offspring,feasible_start_adaptive_spacing,,,,feasible_start_adaptive_spacing,0.5,,True,auto_from_instance,0.75,0.35,"1,5,7,15,16,17,25,26,27,29,33,37,39,46,47,57","2,3,6,12,15,17,18,23,26,30,33",,,,,,"H[1,5,7,15,16,17,25,26,27,29,33,37,39,46,47,57]|V[2,3,6,12,15,17,18,23,26,30,33]",9ee2190bb5e677e5dd6004d3c767bf39ff3449fb
proposed_nsga2_bs_Gyorgy-KOVACS_WH_Narrow_AW_4_seed_102,proposed_nsga2_bs,Gyorgy-KOVACS_WH_Narrow_AW_4,102,16,auto_from_instance,12,18,4,30,216,,,,,10,3,9,root > V:15 > BH:27 > BH:49 > BH:39 > BH:29 > BH:17 > BH:7 > BV:23 > BV:30,selected,0,inf,True,592,261,331,462.0,1.0,1.0,True,True,1,1,0,True,1,1,0,0,True,True,0,17,11,17,11,3,PF_LS_RP,fixed,,,False,0.9444444444444444,0.9019423176771816,0.1,0.1,adaptive,bit_flip,offspring,feasible_start_adaptive_spacing,,,,feasible_start_adaptive_spacing,0.5,,True,auto_from_instance,0.75,0.35,"1,5,7,15,16,17,25,26,27,29,33,37,39,46,47,57","2,3,6,12,15,17,18,23,26,30,33",,,,,,"H[1,5,7,15,16,17,25,26,27,29,33,37,39,46,47,49,57]|V[2,3,6,12,15,17,18,23,26,30,33]",eef866e48d563b788dc6683537da31dffdbde584
proposed_nsga2_bs_Gyorgy-KOVACS_WH_Narrow_AW_4_seed_102,proposed_nsga2_bs,Gyorgy-KOVACS_WH_Narrow_AW_4,102,16,auto_from_instance,12,18,4,30,216,,,,,11,4,4,root > V:27 > BH:27 > BV:19 > BV:19,selected,1,inf,True,684,260,424,484.0,1.0,1.0,True,True,1,1,0,True,1,1,0,0,True,True,0,16,7,16,7,4,PF_LS_RP,fixed,,,False,0.9444444444444444,0.9413330973406522,0.1,0.1,adaptive,insert_random_aisle,offspring,feasible_start_adaptive_spacing,,,,feasible_start_adaptive_spacing,0.5,,True,auto_from_instance,0.75,0.35,"1,5,7,15,16,17,25,26,27,29,35,37,39,46,49,55","6,15,17,19,23,27,30",,,,,,"H[1,5,7,15,16,17,25,26,27,29,35,37,39,46,49,55]|V[6,15,17,19,23,27,30]",9baad5a6d6d08df213ec54891109e23b1069a9a5
proposed_nsga2_bs_Gyorgy-KOVACS_WH_Narrow_AW_4_seed_102,proposed_nsga2_bs,Gyorgy-KOVACS_WH_Narrow_AW_4,102,16,auto_from_instance,12,18,4,30,216,,,,,12,4,4,root > V:27 > BH:27 > BV:17 > BV:19,selected,1,0.0,True,684,260,424,484.0,1.0,1.0,True,True,1,1,0,True,1,1,0,0,True,True,0,16,7,16,7,4,PF_LS_RP,fixed,,,False,0.9444444444444444,0.9413330973406522,0.1,0.1,adaptive,insert_random_aisle,offspring,feasible_start_adaptive_spacing,,,,feasible_start_adaptive_spacing,0.5,,True,auto_from_instance,0.75,0.35,"1,5,7,15,16,17,25,26,27,29,35,37,39,46,49,55","6,15,17,19,23,27,30",,,,,,"H[1,5,7,15,16,17,25,26,27,29,35,37,39,46,49,55]|V[6,15,17,19,23,27,30]",7ea492661f4a7d780540a41c5bfc758906148e19
proposed_nsga2_bs_Gyorgy-KOVACS_WH_Narrow_AW_4_seed_102,proposed_nsga2_bs,Gyorgy-KOVACS_WH_Narrow_AW_4,102,16,auto_from_instance,12,18,4,30,216,,,,,13,4,4,root > V:27 > BH:27 > BV:19 > BV:17,selected,1,0.0,True,684,260,424,484.0,1.0,1.0,True,True,1,1,0,True,1,1,0,0,True,True,0,16,7,16,7,4,PF_LS_RP,fixed,,,False,0.9444444444444444,0.9413330973406522,0.1,0.1,adaptive,insert_random_aisle,offspring,feasible_start_adaptive_spacing,,,,feasible_start_adaptive_spacing,0.5,,True,auto_from_instance,0.75,0.35,"1,5,7,15,16,17,25,26,27,29,35,37,39,46,49,55","6,15,17,19,23,27,30",,,,,,"H[1,5,7,15,16,17,25,26,27,29,35,37,39,46,49,55]|V[6,15,17,19,23,27,30]",59c55a28d53f47701301421f850890ad1de7d63b
proposed_nsga2_bs_Gyorgy-KOVACS_WH_Narrow_AW_4_seed_102,proposed_nsga2_bs,Gyorgy-KOVACS_WH_Narrow_AW_4,102,16,auto_from_instance,12,18,4,30,216,,,,,14,4,4,root > V:27 > BH:27 > BV:17 > BV:17,selected,1,inf,True,684,260,424,484.0,1.0,1.0,True,True,1,1,0,True,1,1,0,0,True,True,0,16,7,16,7,4,PF_LS_RP,fixed,,,False,0.9444444444444444,0.9413330973406522,0.1,0.1,adaptive,insert_random_aisle,offspring,feasible_start_adaptive_spacing,,,,feasible_start_adaptive_spacing,0.5,,True,auto_from_instance,0.75,0.35,"1,5,7,15,16,17,25,26,27,29,35,37,39,46,49,55","6,15,17,19,23,27,30",,,,,,"H[1,5,7,15,16,17,25,26,27,29,35,37,39,46,49,55]|V[6,15,17,19,23,27,30]",6732d5258a9313035bead181283e041def90bbb2
proposed_nsga2_bs_Gyorgy-KOVACS_WH_Narrow_AW_4_seed_102,proposed_nsga2_bs,Gyorgy-KOVACS_WH_Narrow_AW_4,102,17,auto_from_instance,12,18,4,30,216,,,,,1,1,4,root > V:27 > BH:27 > BV:19 > BV:19,selected,1,inf,True,684,260,424,484.0,1.0,1.0,True,True,1,1,0,True,1,1,0,0,True,True,0,17,8,17,8,1,PF_LS_RP,fixed,,,False,1.0,1.0,0.1,0.1,adaptive,swap_segments,offspring,feasible_start_adaptive_spacing,,,,feasible_start_adaptive_spacing,0.5,,True,auto_from_instance,0.75,0.35,"1,5,7,15,16,17,25,26,27,29,33,35,37,39,46,49,55","7,12,14,17,19,23,27,30",,,,,,"H[1,5,7,15,16,17,25,26,27,29,33,35,37,39,46,49,55]|V[7,12,14,17,19,23,27,30]",9baad5a6d6d08df213ec54891109e23b1069a9a5
proposed_nsga2_bs_Gyorgy-KOVACS_WH_Narrow_AW_4_seed_102,proposed_nsga2_bs,Gyorgy-KOVACS_WH_Narrow_AW_4,102,17,auto_from_instance,12,18,4,30,216,,,,,2,1,4,root > V:27 > BH:27 > BV:17 > BV:19,selected,1,0.0,True,684,260,424,484.0,1.0,1.0,True,True,1,1,0,True,1,1,0,0,True,True,0,17,8,17,8,1,PF_LS_RP,fixed,,,False,1.0,1.0,0.1,0.1,adaptive,swap_segments,offspring,feasible_start_adaptive_spacing,,,,feasible_start_adaptive_spacing,0.5,,True,auto_from_instance,0.75,0.35,"1,5,7,15,16,17,25,26,27,29,33,35,37,39,46,49,55","7,12,14,17,19,23,27,30",,,,,,"H[1,5,7,15,16,17,25,26,27,29,33,35,37,39,46,49,55]|V[7,12,14,17,19,23,27,30]",7ea492661f4a7d780540a41c5bfc758906148e19
proposed_nsga2_bs_Gyorgy-KOVACS_WH_Narrow_AW_4_seed_102,proposed_nsga2_bs,Gyorgy-KOVACS_WH_Narrow_AW_4,102,17,auto_from_instance,12,18,4,30,216,,,,,3,1,4,root > V:27 > BH:27 > BV:19 > BV:17,selected,1,0.0,True,684,260,424,484.0,1.0,1.0,True,True,1,1,0,True,1,1,0,0,True,True,0,17,8,17,8,1,PF_LS_RP,fixed,,,False,1.0,1.0,0.1,0.1,adaptive,swap_segments,offspring,feasible_start_adaptive_spacing,,,,feasible_start_adaptive_spacing,0.5,,True,auto_from_instance,0.75,0.35,"1,5,7,15,16,17,25,26,27,29,33,35,37,39,46,49,55","7,12,14,17,19,23,27,30",,,,,,"H[1,5,7,15,16,17,25,26,27,29,33,35,37,39,46,49,55]|V[7,12,14,17,19,23,27,30]",59c55a28d53f47701301421f850890ad1de7d63b
proposed_nsga2_bs_Gyorgy-KOVACS_WH_Narrow_AW_4_seed_102,proposed_nsga2_bs,Gyorgy-KOVACS_WH_Narrow_AW_4,102,17,auto_from_instance,12,18,4,30,216,,,,,4,1,4,root > V:27 > BH:27 > BV:17 > BV:17,selected,1,inf,True,684,260,424,484.0,1.0,1.0,True,True,1,1,0,True,1,1,0,0,True,True,0,17,8,17,8,1,PF_LS_RP,fixed,,,False,1.0,1.0,0.1,0.1,adaptive,swap_segments,offspring,feasible_start_adaptive_spacing,,,,feasible_start_adaptive_spacing,0.5,,True,auto_from_instance,0.75,0.35,"1,5,7,15,16,17,25,26,27,29,33,35,37,39,46,49,55","7,12,14,17,19,23,27,30",,,,,,"H[1,5,7,15,16,17,25,26,27,29,33,35,37,39,46,49,55]|V[7,12,14,17,19,23,27,30]",6732d5258a9313035bead181283e041def90bbb2
proposed_nsga2_bs_Gyorgy-KOVACS_WH_Narrow_AW_4_seed_102,proposed_nsga2_bs,Gyorgy-KOVACS_WH_Narrow_AW_4,102,17,auto_from_instance,12,18,4,30,216,,,,,5,2,9,root > V:15 > BH:27 > BH:5 > BH:15 > BH:25 > BH:37 > BH:47 > BV:23 > BV:30,selected,0,inf,True,592,261,331,462.0,1.0,1.0,True,True,1,1,0,True,1,1,0,0,True,True,0,17,10,17,10,2,PF_LS_RP,fixed,,,False,1.0,1.0,0.1,0.1,adaptive,bit_flip,offspring,feasible_start_adaptive_spacing,,,,feasible_start_adaptive_spacing,0.5,,True,auto_from_instance,0.75,0.35,"1,5,7,15,16,17,25,26,27,28,29,37,39,46,47,49,57","2,3,6,15,17,18,23,26,30,33",,,,,,"H[1,5,7,15,16,17,25,26,27,28,29,37,39,46,47,49,57]|V[2,3,6,15,17,18,23,26,30,33]",9ee2190bb5e677e5dd6004d3c767bf39ff3449fb
proposed_nsga2_bs_Gyorgy-KOVACS_WH_Narrow_AW_4_seed_102,proposed_nsga2_bs,Gyorgy-KOVACS_WH_Narrow_AW_4,102,17,auto_from_instance,12,18,4,30,216,,,,,6,2,9,root > V:15 > BH:27 > BH:49 > BH:39 > BH:29 > BH:17 > BH:7 > BV:23 > BV:30,selected,0,inf,True,592,261,331,462.0,1.0,1.0,True,True,1,1,0,True,1,1,0,0,True,True,0,17,10,17,10,2,PF_LS_RP,fixed,,,False,1.0,1.0,0.1,0.1,adaptive,bit_flip,offspring,feasible_start_adaptive_spacing,,,,feasible_start_adaptive_spacing,0.5,,True,auto_from_instance,0.75,0.35,"1,5,7,15,16,17,25,26,27,28,29,37,39,46,47,49,57","2,3,6,15,17,18,23,26,30,33",,,,,,"H[1,5,7,15,16,17,25,26,27,28,29,37,39,46,47,49,57]|V[2,3,6,15,17,18,23,26,30,33]",eef866e48d563b788dc6683537da31dffdbde584
proposed_nsga2_bs_Gyorgy-KOVACS_WH_Narrow_AW_4_seed_102,proposed_nsga2_bs,Gyorgy-KOVACS_WH_Narrow_AW_4,102,17,auto_from_instance,12,18,4,30,216,,,,,7,5,4,root > V:28 > BH:27 > BV:19 > BV:19,selected,0,inf,True,680,262,418,472.0,1.0,1.0,True,True,1,1,0,True,1,1,0,0,True,True,0,16,10,16,10,5,PF_LS_RP,fixed,,,False,1.0,0.9355801814358893,0.1,0.1,adaptive,insert_random_aisle,offspring,feasible_start_adaptive_spacing,,,,feasible_start_adaptive_spacing,0.5,,True,auto_from_instance,0.75,0.35,"1,5,7,15,16,17,25,26,27,29,37,39,46,47,49,57","2,6,8,15,17,19,23,28,30,34",,,,,,"H[1,5,7,15,16,17,25,26,27,29,37,39,46,47,49,57]|V[2,6,8,15,17,19,23,28,30,34]",fc4825140fa5e2560776b4b932f5ef46c1588f36
proposed_nsga2_bs_Gyorgy-KOVACS_WH_Narrow_AW_4_seed_102,proposed_nsga2_bs,Gyorgy-KOVACS_WH_Narrow_AW_4,102,17,auto_from_instance,12,18,4,30,216,,,,,8,5,4,root > V:28 > BH:27 > BV:19 > BV:21,selected,1,inf,True,680,262,418,524.0,1.0,1.0,True,True,1,1,0,True,1,1,0,0,True,True,0,16,11,16,11,5,PF_LS_RP,fixed,,,False,1.0,0.9355801814358893,0.1,0.1,adaptive,insert_random_aisle,offspring,feasible_start_adaptive_spacing,,,,feasible_start_adaptive_spacing,0.5,,True,auto_from_instance,0.75,0.35,"1,5,7,15,16,17,25,26,27,29,37,39,46,47,49,57","2,6,8,15,17,19,23,28,30,34",,,,,,"H[1,5,7,15,16,17,25,26,27,29,37,39,46,47,49,57]|V[2,6,8,15,17,19,21,23,28,30,34]",334779b46d5c288ee3031362a71af20db7b63dd5
proposed_nsga2_bs_Gyorgy-KOVACS_WH_Narrow_AW_4_seed_102,proposed_nsga2_bs,Gyorgy-KOVACS_WH_Narrow_AW_4,102,17,auto_from_instance,12,18,4,30,216,,,,,9,5,4,root > V:28 > BH:27 > BV:19 > BV:21,selected,1,0.0,True,680,262,418,524.0,1.0,1.0,True,True,1,1,0,True,1,1,0,0,True,True,0,16,11,16,11,5,PF_LS_RP,fixed,,,False,1.0,0.9355801814358893,0.1,0.1,adaptive,insert_random_aisle,offspring,feasible_start_adaptive_spacing,,,,feasible_start_adaptive_spacing,0.5,,True,auto_from_instance,0.75,0.35,"1,5,7,15,16,17,25,26,27,29,37,39,46,47,49,57","2,6,8,15,17,19,23,28,30,34",,,,,,"H[1,5,7,15,16,17,25,26,27,29,37,39,46,47,49,57]|V[2,6,8,15,17,19,21,23,28,30,34]",8f2926ac3d427dac9f2e22e7dbb4782d03fe71f9
proposed_nsga2_bs_Gyorgy-KOVACS_WH_Narrow_AW_4_seed_102,proposed_nsga2_bs,Gyorgy-KOVACS_WH_Narrow_AW_4,102,17,auto_from_instance,12,18,4,30,216,,,,,10,5,4,root > V:28 > BH:27 > BV:19 > BV:17,selected,1,inf,True,680,262,418,524.0,1.0,1.0,True,True,1,1,0,True,1,1,0,0,True,True,0,16,10,16,10,5,PF_LS_RP,fixed,,,False,1.0,0.9355801814358893,0.1,0.1,adaptive,insert_random_aisle,offspring,feasible_start_adaptive_spacing,,,,feasible_start_adaptive_spacing,0.5,,True,auto_from_instance,0.75,0.35,"1,5,7,15,16,17,25,26,27,29,37,39,46,47,49,57","2,6,8,15,17,19,23,28,30,34",,,,,,"H[1,5,7,15,16,17,25,26,27,29,37,39,46,47,49,57]|V[2,6,8,15,17,19,23,28,30,34]",c3a8d798cccc0ae6137f5d1801f12286f82d75a7
proposed_nsga2_bs_Gyorgy-KOVACS_WH_Narrow_AW_4_seed_102,proposed_nsga2_bs,Gyorgy-KOVACS_WH_Narrow_AW_4,102,17,auto_from_instance,12,18,4,30,216,,,,,11,6,8,root > V:17 > BH:27 > BH:5 > BH:15 > BH:25 > BH:37 > BH:47 > BV:27,selected,1,inf,True,648,237,411,490.0,1.0,1.0,True,True,1,1,0,True,1,1,0,0,True,True,0,18,12,18,12,6,PF_LS_RP,fixed,,,False,1.0,1.0,0.1,0.1,adaptive,bit_flip,offspring,feasible_start_adaptive_spacing,,,,feasible_start_adaptive_spacing,0.5,,True,auto_from_instance,0.75,0.35,"1,5,7,15,16,17,25,26,27,29,36,37,39,42,46,49,55","0,6,11,15,17,19,20,21,23,27,30,33",,,,,,"H[1,5,7,15,16,17,25,26,27,29,36,37,39,42,46,47,49,55]|V[0,6,11,15,17,19,20,21,23,27,30,33]",3ab80a1d8e68880e815ad780c83cfc2449e7f93f
proposed_nsga2_bs_Gyorgy-KOVACS_WH_Narrow_AW_4_seed_102,proposed_nsga2_bs,Gyorgy-KOVACS_WH_Narrow_AW_4,102,17,auto_from_instance,12,18,4,30,216,,,,,12,6,8,root > V:17 > BH:27 > BH:49 > BH:39 > BH:29 > BH:17 > BH:7 > BV:27,selected,1,inf,True,648,237,411,490.0,1.0,1.0,True,True,1,1,0,True,1,1,0,0,True,True,0,17,12,17,12,6,PF_LS_RP,fixed,,,False,1.0,1.0,0.1,0.1,adaptive,bit_flip,offspring,feasible_start_adaptive_spacing,,,,feasible_start_adaptive_spacing,0.5,,True,auto_from_instance,0.75,0.35,"1,5,7,15,16,17,25,26,27,29,36,37,39,42,46,49,55","0,6,11,15,17,19,20,21,23,27,30,33",,,,,,"H[1,5,7,15,16,17,25,26,27,29,36,37,39,42,46,49,55]|V[0,6,11,15,17,19,20,21,23,27,30,33]",451b31cd7494c0e29ac39737991e84853f054397
proposed_nsga2_bs_Gyorgy-KOVACS_WH_Narrow_AW_4_seed_102,proposed_nsga2_bs,Gyorgy-KOVACS_WH_Narrow_AW_4,102,17,auto_from_instance,12,18,4,30,216,,,,,13,6,8,root > V:17 > BH:27 > BH:5 > BH:15 > BH:25 > BH:37 > BH:47 > BV:25,evaluated,2,inf,False,648,237,411,544.0,1.0,1.0,True,True,1,1,0,True,1,1,0,0,True,True,0,18,13,18,13,6,PF_LS_RP,fixed,,,False,1.0,1.0,0.1,0.1,adaptive,bit_flip,offspring,feasible_start_adaptive_spacing,,,,feasible_start_adaptive_spacing,0.5,,True,auto_from_instance,0.75,0.35,"1,5,7,15,16,17,25,26,27,29,36,37,39,42,46,49,55","0,6,11,15,17,19,20,21,23,27,30,33",,,,,,"H[1,5,7,15,16,17,25,26,27,29,36,37,39,42,46,47,49,55]|V[0,6,11,15,17,19,20,21,23,25,27,30,33]",24e93b3467ee5334276be59c5b6e878bb2e06a66
proposed_nsga2_bs_Gyorgy-KOVACS_WH_Narrow_AW_4_seed_102,proposed_nsga2_bs,Gyorgy-KOVACS_WH_Narrow_AW_4,102,17,auto_from_instance,12,18,4,30,216,,,,,14,6,8,root > V:17 > BH:27 > BH:49 > BH:39 > BH:29 > BH:17 > BH:7 > BV:25,evaluated,2,inf,False,648,237,411,544.0,1.0,1.0,True,True,1,1,0,True,1,1,0,0,True,True,0,17,13,17,13,6,PF_LS_RP,fixed,,,False,1.0,1.0,0.1,0.1,adaptive,bit_flip,offspring,feasible_start_adaptive_spacing,,,,feasible_start_adaptive_spacing,0.5,,True,auto_from_instance,0.75,0.35,"1,5,7,15,16,17,25,26,27,29,36,37,39,42,46,49,55","0,6,11,15,17,19,20,21,23,27,30,33",,,,,,"H[1,5,7,15,16,17,25,26,27,29,36,37,39,42,46,49,55]|V[0,6,11,15,17,19,20,21,23,25,27,30,33]",19631d63ec0204b55a5a6d539d26aaf84a80581d
