run_id,method,instance,seed,generation,budget_policy,auto_population_size,auto_generations,auto_beam_width,auto_max_depth,auto_decode_budget,restart_index,batch_index,within_batch_index,decode_budget,candidate_id,parent_chromosome_id,depth,trace,status,rank,crowding_distance,selected,storage_total,pick_faces,interior_storage,retrieval_penalty,door_connectivity_index,access_anchor_connectivity_index,has_door_connected_aisle,has_access_anchor_connected_aisle,aisle_components,anchor_connected_components,unanchored_aisle_components,single_aisle_component,access_network_components,aisle_access_network_components,unreachable_aisle_components,unreachable_aisle_cells,has_access_anchor_reachable_aisle_network,exact_width_ok,exact_width_violation_count,chromosome_h_active_count,chromosome_v_active_count,active_h_count,active_v_count,chromosome_index,sorting_rule,sorting_rule_mode,bs_rule_policy,bs_weight_policy,uses_scalar_score,rho,beam_w1,beam_w2,beam_lambda,adaptive_weight_mode,mutation_operator,initialization_mode,initialization_spacing_mode,adaptive_spacing_used,feasible_h_start_count,feasible_v_start_count,adaptive_spacing_mode,adaptive_spacing_alpha,adaptive_spacing_bf,auto_params_used,parameter_source,beta_h,beta_v,h_active_starts,v_active_starts,terminal,safety_max_depth_reached,feasible,feasibility_reason,storage_block_count,chromosome_signature,layout_signature
proposed_nsga2_bs_Gyorgy-KOVACS_WH_Wide_AW_5_seed_110,proposed_nsga2_bs,Gyorgy-KOVACS_WH_Wide_AW_5,110,0,auto_from_instance,12,18,4,30,216,,,,,1,1,5,root > H:10 > BH:27 > BH:48 > BH:38 > BV:17,evaluated,12,inf,False,707,177,530,1659.0,1.0,1.0,True,True,1,1,0,True,1,1,0,0,True,True,0,4,2,4,2,1,LS,sampled_pool,,,False,0.05555555555555555,0.1,0.9444444444444444,0.1,adaptive,,feasible_start_adaptive_spacing,feasible_start_adaptive_spacing,True,42,11,feasible_start_adaptive_spacing,0.5,,True,auto_from_instance,0.75,0.35,"10,38",14,,,,,,"H[10,27,38,48]|V[14,17]",5d4ca8267cbbc19fcf4cc4c634517a5a9c796b4f
proposed_nsga2_bs_Gyorgy-KOVACS_WH_Wide_AW_5_seed_110,proposed_nsga2_bs,Gyorgy-KOVACS_WH_Wide_AW_5,110,0,auto_from_instance,12,18,4,30,216,,,,,2,1,5,root > H:10 > BH:27 > BH:48 > BH:36 > BV:17,evaluated,13,inf,False,707,177,530,1701.0,1.0,1.0,True,True,1,1,0,True,1,1,0,0,True,True,0,5,2,5,2,1,LS,sampled_pool,,,False,0.05555555555555555,0.1,0.9444444444444444,0.1,adaptive,,feasible_start_adaptive_spacing,feasible_start_adaptive_spacing,True,42,11,feasible_start_adaptive_spacing,0.5,,True,auto_from_instance,0.75,0.35,"10,38",14,,,,,,"H[10,27,36,38,48]|V[14,17]",26b3ebdab61a305eef59785bdc6570f79caacae6
proposed_nsga2_bs_Gyorgy-KOVACS_WH_Wide_AW_5_seed_110,proposed_nsga2_bs,Gyorgy-KOVACS_WH_Wide_AW_5,110,0,auto_from_instance,12,18,4,30,216,,,,,3,1,5,root > H:10 > BH:27 > BH:46 > BH:36 > BV:17,evaluated,14,inf,False,707,177,530,1932.0,1.0,1.0,True,True,1,1,0,True,1,1,0,0,True,True,0,5,2,5,2,1,LS,sampled_pool,,,False,0.05555555555555555,0.1,0.9444444444444444,0.1,adaptive,,feasible_start_adaptive_spacing,feasible_start_adaptive_spacing,True,42,11,feasible_start_adaptive_spacing,0.5,,True,auto_from_instance,0.75,0.35,"10,38",14,,,,,,"H[10,27,36,38,46]|V[14,17]",e8be2254dc0ed4df77c7c30e687cef51a222f482
proposed_nsga2_bs_Gyorgy-KOVACS_WH_Wide_AW_5_seed_110,proposed_nsga2_bs,Gyorgy-KOVACS_WH_Wide_AW_5,110,0,auto_from_instance,12,18,4,30,216,,,,,4,1,5,root > H:10 > BH:27 > BH:48 > BH:38 > BV:19,evaluated,12,3.0,False,707,175,532,1558.0,1.0,1.0,True,True,1,1,0,True,1,1,0,0,True,True,0,4,2,4,2,1,LS,sampled_pool,,,False,0.05555555555555555,0.1,0.9444444444444444,0.1,adaptive,,feasible_start_adaptive_spacing,feasible_start_adaptive_spacing,True,42,11,feasible_start_adaptive_spacing,0.5,,True,auto_from_instance,0.75,0.35,"10,38",14,,,,,,"H[10,27,38,48]|V[14,19]",8347cd964ce9ced50f98aef809b4a847a879187c
proposed_nsga2_bs_Gyorgy-KOVACS_WH_Wide_AW_5_seed_110,proposed_nsga2_bs,Gyorgy-KOVACS_WH_Wide_AW_5,110,0,auto_from_instance,12,18,4,30,216,,,,,5,1,5,root > H:10 > BH:27 > BH:48 > BH:36 > BV:19,evaluated,13,3.0,False,707,175,532,1600.0,1.0,1.0,True,True,1,1,0,True,1,1,0,0,True,True,0,5,2,5,2,1,LS,sampled_pool,,,False,0.05555555555555555,0.1,0.9444444444444444,0.1,adaptive,,feasible_start_adaptive_spacing,feasible_start_adaptive_spacing,True,42,11,feasible_start_adaptive_spacing,0.5,,True,auto_from_instance,0.75,0.35,"10,38",14,,,,,,"H[10,27,36,38,48]|V[14,19]",d73a940052fd05ea2fd5015d15eeecaea299f4c0
proposed_nsga2_bs_Gyorgy-KOVACS_WH_Wide_AW_5_seed_110,proposed_nsga2_bs,Gyorgy-KOVACS_WH_Wide_AW_5,110,0,auto_from_instance,12,18,4,30,216,,,,,6,2,8,root > V:16 > BH:26 > BH:5 > BH:16 > BH:25 > BH:36 > BH:45 > BV:25,selected,0,inf,True,517,238,279,368.0,1.0,1.0,True,True,1,1,0,True,1,1,0,0,True,True,0,9,2,9,2,2,PF_RP,sampled_pool,,,False,0.05555555555555555,0.10166776165381718,0.9444444444444444,0.1,adaptive,,feasible_start_adaptive_spacing,feasible_start_adaptive_spacing,True,42,11,feasible_start_adaptive_spacing,0.5,,True,auto_from_instance,0.75,0.35,"1,24,48",16,,,,,,"H[1,5,16,24,25,26,36,45,48]|V[16,25]",559a078c3ea143504613077c561cb3124d66b767
proposed_nsga2_bs_Gyorgy-KOVACS_WH_Wide_AW_5_seed_110,proposed_nsga2_bs,Gyorgy-KOVACS_WH_Wide_AW_5,110,0,auto_from_instance,12,18,4,30,216,,,,,7,2,8,root > V:16 > BH:26 > BH:5 > BH:14 > BH:25 > BH:36 > BH:45 > BV:25,selected,0,inf,True,517,238,279,368.0,1.0,1.0,True,True,1,1,0,True,1,1,0,0,True,True,0,9,2,9,2,2,PF_RP,sampled_pool,,,False,0.05555555555555555,0.10166776165381718,0.9444444444444444,0.1,adaptive,,feasible_start_adaptive_spacing,feasible_start_adaptive_spacing,True,42,11,feasible_start_adaptive_spacing,0.5,,True,auto_from_instance,0.75,0.35,"1,24,48",16,,,,,,"H[1,5,14,24,25,26,36,45,48]|V[16,25]",6fcfc694894a367ef71d338faec4ce589ca685b5
proposed_nsga2_bs_Gyorgy-KOVACS_WH_Wide_AW_5_seed_110,proposed_nsga2_bs,Gyorgy-KOVACS_WH_Wide_AW_5,110,0,auto_from_instance,12,18,4,30,216,,,,,8,2,8,root > V:16 > BH:26 > BH:5 > BH:16 > BH:25 > BH:36 > BH:45 > BV:29,selected,2,inf,True,517,225,292,586.0,1.0,1.0,True,True,1,1,0,True,1,1,0,0,True,True,0,9,2,9,2,2,PF_RP,sampled_pool,,,False,0.05555555555555555,0.10166776165381718,0.9444444444444444,0.1,adaptive,,feasible_start_adaptive_spacing,feasible_start_adaptive_spacing,True,42,11,feasible_start_adaptive_spacing,0.5,,True,auto_from_instance,0.75,0.35,"1,24,48",16,,,,,,"H[1,5,16,24,25,26,36,45,48]|V[16,29]",13a8831f3352523fe53b9477eb693b985fdfc37c
proposed_nsga2_bs_Gyorgy-KOVACS_WH_Wide_AW_5_seed_110,proposed_nsga2_bs,Gyorgy-KOVACS_WH_Wide_AW_5,110,0,auto_from_instance,12,18,4,30,216,,,,,9,2,8,root > V:16 > BH:26 > BH:5 > BH:14 > BH:25 > BH:36 > BH:45 > BV:29,selected,2,inf,True,517,225,292,586.0,1.0,1.0,True,True,1,1,0,True,1,1,0,0,True,True,0,9,2,9,2,2,PF_RP,sampled_pool,,,False,0.05555555555555555,0.10166776165381718,0.9444444444444444,0.1,adaptive,,feasible_start_adaptive_spacing,feasible_start_adaptive_spacing,True,42,11,feasible_start_adaptive_spacing,0.5,,True,auto_from_instance,0.75,0.35,"1,24,48",16,,,,,,"H[1,5,14,24,25,26,36,45,48]|V[16,29]",7e0f4d1a90907f684b7d565e90c4ddb6c1ba7c58
proposed_nsga2_bs_Gyorgy-KOVACS_WH_Wide_AW_5_seed_110,proposed_nsga2_bs,Gyorgy-KOVACS_WH_Wide_AW_5,110,0,auto_from_instance,12,18,4,30,216,,,,,10,3,7,root > V:21 > BH:26 > BH:7 > BH:16 > BH:25 > BH:36 > BH:47,evaluated,9,inf,False,652,180,472,867.0,1.0,1.0,True,True,1,1,0,True,1,1,0,0,True,True,0,9,3,9,3,3,LS_PF,sampled_pool,,,False,0.05555555555555555,0.1,0.9444444444444444,0.1,adaptive,,feasible_start_adaptive_spacing,feasible_start_adaptive_spacing,True,42,11,feasible_start_adaptive_spacing,0.5,,True,auto_from_instance,0.75,0.35,"3,24,43","14,21,27",,,,,,"H[3,7,16,24,25,26,36,43,47]|V[14,21,27]",b7080d9cb61c36aedc6f73cfe3724fe27e5ce9c6
proposed_nsga2_bs_Gyorgy-KOVACS_WH_Wide_AW_5_seed_110,proposed_nsga2_bs,Gyorgy-KOVACS_WH_Wide_AW_5,110,0,auto_from_instance,12,18,4,30,216,,,,,11,3,7,root > V:21 > BH:26 > BH:7 > BH:16 > BH:25 > BH:36 > BH:45,evaluated,11,inf,False,652,180,472,1003.0,1.0,1.0,True,True,1,1,0,True,1,1,0,0,True,True,0,9,3,9,3,3,LS_PF,sampled_pool,,,False,0.05555555555555555,0.1,0.9444444444444444,0.1,adaptive,,feasible_start_adaptive_spacing,feasible_start_adaptive_spacing,True,42,11,feasible_start_adaptive_spacing,0.5,,True,auto_from_instance,0.75,0.35,"3,24,43","14,21,27",,,,,,"H[3,7,16,24,25,26,36,43,45]|V[14,21,27]",d9acb5a2d76831a253605873154ad9c08a716749
proposed_nsga2_bs_Gyorgy-KOVACS_WH_Wide_AW_5_seed_110,proposed_nsga2_bs,Gyorgy-KOVACS_WH_Wide_AW_5,110,0,auto_from_instance,12,18,4,30,216,,,,,12,3,7,root > V:21 > BH:26 > BH:5 > BH:16 > BH:25 > BH:36 > BH:47,evaluated,8,inf,False,652,180,472,763.0,1.0,1.0,True,True,1,1,0,True,1,1,0,0,True,True,0,9,3,9,3,3,LS_PF,sampled_pool,,,False,0.05555555555555555,0.1,0.9444444444444444,0.1,adaptive,,feasible_start_adaptive_spacing,feasible_start_adaptive_spacing,True,42,11,feasible_start_adaptive_spacing,0.5,,True,auto_from_instance,0.75,0.35,"3,24,43","14,21,27",,,,,,"H[3,5,16,24,25,26,36,43,47]|V[14,21,27]",01a90fb20467da592e93711ac8a849c3053fcfd6
proposed_nsga2_bs_Gyorgy-KOVACS_WH_Wide_AW_5_seed_110,proposed_nsga2_bs,Gyorgy-KOVACS_WH_Wide_AW_5,110,0,auto_from_instance,12,18,4,30,216,,,,,13,3,7,root > V:21 > BH:26 > BH:5 > BH:16 > BH:25 > BH:36 > BH:45,evaluated,10,inf,False,652,180,472,899.0,1.0,1.0,True,True,1,1,0,True,1,1,0,0,True,True,0,9,3,9,3,3,LS_PF,sampled_pool,,,False,0.05555555555555555,0.1,0.9444444444444444,0.1,adaptive,,feasible_start_adaptive_spacing,feasible_start_adaptive_spacing,True,42,11,feasible_start_adaptive_spacing,0.5,,True,auto_from_instance,0.75,0.35,"3,24,43","14,21,27",,,,,,"H[3,5,16,24,25,26,36,43,45]|V[14,21,27]",8e88c0c464d5e2054bb58e24df478d0e262d6485
proposed_nsga2_bs_Gyorgy-KOVACS_WH_Wide_AW_5_seed_110,proposed_nsga2_bs,Gyorgy-KOVACS_WH_Wide_AW_5,110,0,auto_from_instance,12,18,4,30,216,,,,,14,3,7,root > V:21 > BH:26 > BH:5 > BH:14 > BH:25 > BH:36 > BH:47,evaluated,8,inf,False,652,180,472,763.0,1.0,1.0,True,True,1,1,0,True,1,1,0,0,True,True,0,9,3,9,3,3,LS_PF,sampled_pool,,,False,0.05555555555555555,0.1,0.9444444444444444,0.1,adaptive,,feasible_start_adaptive_spacing,feasible_start_adaptive_spacing,True,42,11,feasible_start_adaptive_spacing,0.5,,True,auto_from_instance,0.75,0.35,"3,24,43","14,21,27",,,,,,"H[3,5,14,24,25,26,36,43,47]|V[14,21,27]",1958a387e19298fbb01706dd6afdd7339df9d6ae
proposed_nsga2_bs_Gyorgy-KOVACS_WH_Wide_AW_5_seed_110,proposed_nsga2_bs,Gyorgy-KOVACS_WH_Wide_AW_5,110,0,auto_from_instance,12,18,4,30,216,,,,,15,4,8,root > V:16 > BH:26 > BH:7 > BH:16 > BH:25 > BH:36 > BH:45 > BV:25,selected,1,3.0,True,517,238,279,537.0,1.0,1.0,True,True,1,1,0,True,1,1,0,0,True,True,0,8,3,8,3,4,PF,sampled_pool,,,False,0.05555555555555555,0.1,0.9444444444444444,0.1,adaptive,,feasible_start_adaptive_spacing,feasible_start_adaptive_spacing,True,42,11,feasible_start_adaptive_spacing,0.5,,True,auto_from_instance,0.75,0.35,"5,16,44","16,19",,,,,,"H[5,7,16,25,26,36,44,45]|V[16,19,25]",5f183debb27c7a24bc0f9f82fc27ee77d3fc24d8
proposed_nsga2_bs_Gyorgy-KOVACS_WH_Wide_AW_5_seed_110,proposed_nsga2_bs,Gyorgy-KOVACS_WH_Wide_AW_5,110,0,auto_from_instance,12,18,4,30,216,,,,,16,4,8,root > V:16 > BH:26 > BH:7 > BH:16 > BH:25 > BH:36 > BH:45 > BV:29,evaluated,3,inf,False,517,225,292,755.0,1.0,1.0,True,True,1,1,0,True,1,1,0,0,True,True,0,8,3,8,3,4,PF,sampled_pool,,,False,0.05555555555555555,0.1,0.9444444444444444,0.1,adaptive,,feasible_start_adaptive_spacing,feasible_start_adaptive_spacing,True,42,11,feasible_start_adaptive_spacing,0.5,,True,auto_from_instance,0.75,0.35,"5,16,44","16,19",,,,,,"H[5,7,16,25,26,36,44,45]|V[16,19,29]",03af9372cf0d8e782f6e425ae89227ab68d20a8e
proposed_nsga2_bs_Gyorgy-KOVACS_WH_Wide_AW_5_seed_110,proposed_nsga2_bs,Gyorgy-KOVACS_WH_Wide_AW_5,110,0,auto_from_instance,12,18,4,30,216,,,,,17,5,5,root > H:4 > BH:27 > BH:48 > BH:15 > BH:38,evaluated,5,inf,False,647,210,437,714.0,1.0,1.0,True,True,1,1,0,True,1,1,0,0,True,True,0,6,2,6,2,5,RP_LS,sampled_pool,,,False,0.05555555555555555,0.10880281281876585,0.9444444444444444,0.1,adaptive,,feasible_start_adaptive_spacing,feasible_start_adaptive_spacing,True,42,11,feasible_start_adaptive_spacing,0.5,,True,auto_from_instance,0.75,0.35,"4,27,44","19,28",,,,,,"H[4,15,27,38,44,48]|V[19,28]",65fa0de34ee76f63b17e488fa20f70e639682204
proposed_nsga2_bs_Gyorgy-KOVACS_WH_Wide_AW_5_seed_110,proposed_nsga2_bs,Gyorgy-KOVACS_WH_Wide_AW_5,110,0,auto_from_instance,12,18,4,30,216,,,,,18,5,5,root > H:4 > BH:27 > BH:48 > BH:15 > BH:36,evaluated,6,inf,False,647,210,437,756.0,1.0,1.0,True,True,1,1,0,True,1,1,0,0,True,True,0,6,2,6,2,5,RP_LS,sampled_pool,,,False,0.05555555555555555,0.10880281281876585,0.9444444444444444,0.1,adaptive,,feasible_start_adaptive_spacing,feasible_start_adaptive_spacing,True,42,11,feasible_start_adaptive_spacing,0.5,,True,auto_from_instance,0.75,0.35,"4,27,44","19,28",,,,,,"H[4,15,27,36,44,48]|V[19,28]",d4326bd4c6f0af4b6d48ad8333bf0d0b19b86b58
proposed_nsga2_bs_Gyorgy-KOVACS_WH_Wide_AW_5_seed_110,proposed_nsga2_bs,Gyorgy-KOVACS_WH_Wide_AW_5,110,0,auto_from_instance,12,18,4,30,216,,,,,19,5,5,root > H:4 > BH:29 > BH:48 > BH:17 > BH:38,evaluated,7,inf,False,647,206,441,756.0,1.0,1.0,True,True,1,1,0,True,1,1,0,0,True,True,0,7,2,7,2,5,RP_LS,sampled_pool,,,False,0.05555555555555555,0.10880281281876585,0.9444444444444444,0.1,adaptive,,feasible_start_adaptive_spacing,feasible_start_adaptive_spacing,True,42,11,feasible_start_adaptive_spacing,0.5,,True,auto_from_instance,0.75,0.35,"4,27,44","19,28",,,,,,"H[4,17,27,29,38,44,48]|V[19,28]",74a7d6bab7e0292dff2ca8fd717957d65850dcb4
proposed_nsga2_bs_Gyorgy-KOVACS_WH_Wide_AW_5_seed_110,proposed_nsga2_bs,Gyorgy-KOVACS_WH_Wide_AW_5,110,0,auto_from_instance,12,18,4,30,216,,,,,20,5,5,root > H:4 > BH:29 > BH:48 > BH:15 > BH:38,evaluated,7,inf,False,647,208,439,798.0,1.0,1.0,True,True,1,1,0,True,1,1,0,0,True,True,0,7,2,7,2,5,RP_LS,sampled_pool,,,False,0.05555555555555555,0.10880281281876585,0.9444444444444444,0.1,adaptive,,feasible_start_adaptive_spacing,feasible_start_adaptive_spacing,True,42,11,feasible_start_adaptive_spacing,0.5,,True,auto_from_instance,0.75,0.35,"4,27,44","19,28",,,,,,"H[4,15,27,29,38,44,48]|V[19,28]",346be95599ef9deb591a9bcf63f4239454fac293
proposed_nsga2_bs_Gyorgy-KOVACS_WH_Wide_AW_5_seed_110,proposed_nsga2_bs,Gyorgy-KOVACS_WH_Wide_AW_5,110,0,auto_from_instance,12,18,4,30,216,,,,,21,7,7,root > V:19 > BH:26 > BH:7 > BH:16 > BH:25 > BH:36 > BH:47,evaluated,5,inf,False,612,200,412,714.0,1.0,1.0,True,True,1,1,0,True,1,1,0,0,True,True,0,9,1,9,1,7,LS_PF,sampled_pool,,,False,0.05555555555555555,0.1,0.9444444444444444,0.1,adaptive,,feasible_start_adaptive_spacing,feasible_start_adaptive_spacing,True,42,11,feasible_start_adaptive_spacing,0.5,,True,auto_from_instance,0.75,0.35,"15,27,45",19,,,,,,"H[7,15,16,25,26,27,36,45,47]|V[19]",2ba52e7e126777fbaec8ebaebd6fa4ae9f76a172
proposed_nsga2_bs_Gyorgy-KOVACS_WH_Wide_AW_5_seed_110,proposed_nsga2_bs,Gyorgy-KOVACS_WH_Wide_AW_5,110,0,auto_from_instance,12,18,4,30,216,,,,,22,7,7,root > V:19 > BH:26 > BH:7 > BH:16 > BH:25 > BH:36 > BH:45,evaluated,7,inf,False,612,200,412,884.0,1.0,1.0,True,True,1,1,0,True,1,1,0,0,True,True,0,8,1,8,1,7,LS_PF,sampled_pool,,,False,0.05555555555555555,0.1,0.9444444444444444,0.1,adaptive,,feasible_start_adaptive_spacing,feasible_start_adaptive_spacing,True,42,11,feasible_start_adaptive_spacing,0.5,,True,auto_from_instance,0.75,0.35,"15,27,45",19,,,,,,"H[7,15,16,25,26,27,36,45]|V[19]",c420dfec7e4e910184e7d9c9fe291d756d79ae6e
proposed_nsga2_bs_Gyorgy-KOVACS_WH_Wide_AW_5_seed_110,proposed_nsga2_bs,Gyorgy-KOVACS_WH_Wide_AW_5,110,0,auto_from_instance,12,18,4,30,216,,,,,23,7,7,root > V:19 > BH:26 > BH:5 > BH:16 > BH:25 > BH:36 > BH:47,selected,3,inf,True,612,200,412,584.0,1.0,1.0,True,True,1,1,0,True,1,1,0,0,True,True,0,9,1,9,1,7,LS_PF,sampled_pool,,,False,0.05555555555555555,0.1,0.9444444444444444,0.1,adaptive,,feasible_start_adaptive_spacing,feasible_start_adaptive_spacing,True,42,11,feasible_start_adaptive_spacing,0.5,,True,auto_from_instance,0.75,0.35,"15,27,45",19,,,,,,"H[5,15,16,25,26,27,36,45,47]|V[19]",739f9ec08bf9c56e734297604911aa2f937b0b31
proposed_nsga2_bs_Gyorgy-KOVACS_WH_Wide_AW_5_seed_110,proposed_nsga2_bs,Gyorgy-KOVACS_WH_Wide_AW_5,110,0,auto_from_instance,12,18,4,30,216,,,,,24,7,7,root > V:19 > BH:26 > BH:5 > BH:16 > BH:25 > BH:36 > BH:45,evaluated,6,inf,False,612,200,412,754.0,1.0,1.0,True,True,1,1,0,True,1,1,0,0,True,True,0,8,1,8,1,7,LS_PF,sampled_pool,,,False,0.05555555555555555,0.1,0.9444444444444444,0.1,adaptive,,feasible_start_adaptive_spacing,feasible_start_adaptive_spacing,True,42,11,feasible_start_adaptive_spacing,0.5,,True,auto_from_instance,0.75,0.35,"15,27,45",19,,,,,,"H[5,15,16,25,26,27,36,45]|V[19]",16ed0ad93ee066fd151d5116addbd94cd12b2a32
proposed_nsga2_bs_Gyorgy-KOVACS_WH_Wide_AW_5_seed_110,proposed_nsga2_bs,Gyorgy-KOVACS_WH_Wide_AW_5,110,0,auto_from_instance,12,18,4,30,216,,,,,25,7,7,root > V:19 > BH:26 > BH:5 > BH:14 > BH:25 > BH:36 > BH:47,selected,3,inf,True,612,200,412,584.0,1.0,1.0,True,True,1,1,0,True,1,1,0,0,True,True,0,9,1,9,1,7,LS_PF,sampled_pool,,,False,0.05555555555555555,0.1,0.9444444444444444,0.1,adaptive,,feasible_start_adaptive_spacing,feasible_start_adaptive_spacing,True,42,11,feasible_start_adaptive_spacing,0.5,,True,auto_from_instance,0.75,0.35,"15,27,45",19,,,,,,"H[5,14,15,25,26,27,36,45,47]|V[19]",18779af2d0583f313025ada9a3c164bb18de6a6f
proposed_nsga2_bs_Gyorgy-KOVACS_WH_Wide_AW_5_seed_110,proposed_nsga2_bs,Gyorgy-KOVACS_WH_Wide_AW_5,110,0,auto_from_instance,12,18,4,30,216,,,,,26,8,7,root > V:17 > BH:26 > BH:7 > BH:16 > BH:25 > BH:36 > BH:47,evaluated,3,3.0,False,572,220,352,663.0,1.0,1.0,True,True,1,1,0,True,1,1,0,0,True,True,0,8,2,8,2,8,PF_LS,sampled_pool,,,False,0.05555555555555555,0.1023828146509553,0.9444444444444444,0.1,adaptive,,feasible_start_adaptive_spacing,feasible_start_adaptive_spacing,True,42,11,feasible_start_adaptive_spacing,0.5,,True,auto_from_instance,0.75,0.35,"3,13,25","17,28",,,,,,"H[3,7,13,16,25,26,36,47]|V[17,28]",61426df39d9f05da4c561d5073d32a1cf777516d
proposed_nsga2_bs_Gyorgy-KOVACS_WH_Wide_AW_5_seed_110,proposed_nsga2_bs,Gyorgy-KOVACS_WH_Wide_AW_5,110,0,auto_from_instance,12,18,4,30,216,,,,,27,8,7,root > V:17 > BH:26 > BH:7 > BH:16 > BH:25 > BH:36 > BH:45,evaluated,5,inf,False,572,220,352,867.0,1.0,1.0,True,True,1,1,0,True,1,1,0,0,True,True,0,8,2,8,2,8,PF_LS,sampled_pool,,,False,0.05555555555555555,0.1023828146509553,0.9444444444444444,0.1,adaptive,,feasible_start_adaptive_spacing,feasible_start_adaptive_spacing,True,42,11,feasible_start_adaptive_spacing,0.5,,True,auto_from_instance,0.75,0.35,"3,13,25","17,28",,,,,,"H[3,7,13,16,25,26,36,45]|V[17,28]",90295bddff4683947eef98c9cba63e2b098e11a6
proposed_nsga2_bs_Gyorgy-KOVACS_WH_Wide_AW_5_seed_110,proposed_nsga2_bs,Gyorgy-KOVACS_WH_Wide_AW_5,110,0,auto_from_instance,12,18,4,30,216,,,,,28,8,7,root > V:17 > BH:26 > BH:5 > BH:16 > BH:25 > BH:36 > BH:47,selected,1,inf,True,572,220,352,507.0,1.0,1.0,True,True,1,1,0,True,1,1,0,0,True,True,0,8,2,8,2,8,PF_LS,sampled_pool,,,False,0.05555555555555555,0.1023828146509553,0.9444444444444444,0.1,adaptive,,feasible_start_adaptive_spacing,feasible_start_adaptive_spacing,True,42,11,feasible_start_adaptive_spacing,0.5,,True,auto_from_instance,0.75,0.35,"3,13,25","17,28",,,,,,"H[3,5,13,16,25,26,36,47]|V[17,28]",173dd91401b4b71d9f20edd9e83506be465b9528
proposed_nsga2_bs_Gyorgy-KOVACS_WH_Wide_AW_5_seed_110,proposed_nsga2_bs,Gyorgy-KOVACS_WH_Wide_AW_5,110,0,auto_from_instance,12,18,4,30,216,,,,,29,8,7,root > V:17 > BH:26 > BH:5 > BH:16 > BH:25 > BH:36 > BH:45,evaluated,4,inf,False,572,220,352,711.0,1.0,1.0,True,True,1,1,0,True,1,1,0,0,True,True,0,8,2,8,2,8,PF_LS,sampled_pool,,,False,0.05555555555555555,0.1023828146509553,0.9444444444444444,0.1,adaptive,,feasible_start_adaptive_spacing,feasible_start_adaptive_spacing,True,42,11,feasible_start_adaptive_spacing,0.5,,True,auto_from_instance,0.75,0.35,"3,13,25","17,28",,,,,,"H[3,5,13,16,25,26,36,45]|V[17,28]",854ec9b997ec508dda6ea9e399147d7a4b626ba8
proposed_nsga2_bs_Gyorgy-KOVACS_WH_Wide_AW_5_seed_110,proposed_nsga2_bs,Gyorgy-KOVACS_WH_Wide_AW_5,110,0,auto_from_instance,12,18,4,30,216,,,,,30,8,7,root > V:17 > BH:26 > BH:5 > BH:14 > BH:25 > BH:36 > BH:47,selected,1,inf,True,572,220,352,507.0,1.0,1.0,True,True,1,1,0,True,1,1,0,0,True,True,0,8,2,8,2,8,PF_LS,sampled_pool,,,False,0.05555555555555555,0.1023828146509553,0.9444444444444444,0.1,adaptive,,feasible_start_adaptive_spacing,feasible_start_adaptive_spacing,True,42,11,feasible_start_adaptive_spacing,0.5,,True,auto_from_instance,0.75,0.35,"3,13,25","17,28",,,,,,"H[3,5,13,14,25,26,36,47]|V[17,28]",e59e5dd5e1537a2d164e028d12bd66f538f0cb70
proposed_nsga2_bs_Gyorgy-KOVACS_WH_Wide_AW_5_seed_110,proposed_nsga2_bs,Gyorgy-KOVACS_WH_Wide_AW_5,110,0,auto_from_instance,12,18,4,30,216,,,,,31,9,5,root > H:37 > BH:11 > BV:25 > BH:24 > BV:23,evaluated,12,inf,False,732,159,573,1298.0,1.0,1.0,True,True,1,1,0,True,1,1,0,0,True,True,0,5,4,5,4,9,SS_PF_LS,sampled_pool,,,True,0.05555555555555555,0.1,0.9444444444444444,0.1,adaptive,,feasible_start_adaptive_spacing,feasible_start_adaptive_spacing,True,42,11,feasible_start_adaptive_spacing,0.5,,True,auto_from_instance,0.75,0.35,"5,29,37","15,27",,,,,,"H[5,11,24,29,37]|V[15,23,25,27]",d723336d57e3b9fb8e17f65356d636eca47af067
proposed_nsga2_bs_Gyorgy-KOVACS_WH_Wide_AW_5_seed_110,proposed_nsga2_bs,Gyorgy-KOVACS_WH_Wide_AW_5,110,0,auto_from_instance,12,18,4,30,216,,,,,32,9,5,root > H:37 > BH:11 > BV:25 > BH:26 > BV:23,evaluated,13,inf,False,732,159,573,1340.0,1.0,1.0,True,True,1,1,0,True,1,1,0,0,True,True,0,5,4,5,4,9,SS_PF_LS,sampled_pool,,,True,0.05555555555555555,0.1,0.9444444444444444,0.1,adaptive,,feasible_start_adaptive_spacing,feasible_start_adaptive_spacing,True,42,11,feasible_start_adaptive_spacing,0.5,,True,auto_from_instance,0.75,0.35,"5,29,37","15,27",,,,,,"H[5,11,26,29,37]|V[15,23,25,27]",a6ee68e8694122783dfb2b672f6aae297d2057f0
proposed_nsga2_bs_Gyorgy-KOVACS_WH_Wide_AW_5_seed_110,proposed_nsga2_bs,Gyorgy-KOVACS_WH_Wide_AW_5,110,0,auto_from_instance,12,18,4,30,216,,,,,33,9,5,root > H:37 > BH:11 > BV:23 > BH:24 > BV:23,evaluated,14,inf,False,732,159,573,1403.0,1.0,1.0,True,True,1,1,0,True,1,1,0,0,True,True,0,5,3,5,3,9,SS_PF_LS,sampled_pool,,,True,0.05555555555555555,0.1,0.9444444444444444,0.1,adaptive,,feasible_start_adaptive_spacing,feasible_start_adaptive_spacing,True,42,11,feasible_start_adaptive_spacing,0.5,,True,auto_from_instance,0.75,0.35,"5,29,37","15,27",,,,,,"H[5,11,24,29,37]|V[15,23,27]",59be8c99e38bd5117653c536a3b43c6cd3d6e663
proposed_nsga2_bs_Gyorgy-KOVACS_WH_Wide_AW_5_seed_110,proposed_nsga2_bs,Gyorgy-KOVACS_WH_Wide_AW_5,110,0,auto_from_instance,12,18,4,30,216,,,,,34,9,5,root > H:37 > BH:11 > BV:23 > BH:26 > BV:23,evaluated,15,inf,False,732,159,573,1445.0,1.0,1.0,True,True,1,1,0,True,1,1,0,0,True,True,0,5,3,5,3,9,SS_PF_LS,sampled_pool,,,True,0.05555555555555555,0.1,0.9444444444444444,0.1,adaptive,,feasible_start_adaptive_spacing,feasible_start_adaptive_spacing,True,42,11,feasible_start_adaptive_spacing,0.5,,True,auto_from_instance,0.75,0.35,"5,29,37","15,27",,,,,,"H[5,11,26,29,37]|V[15,23,27]",5263224a3140d60c5e144a8ad4560fd5438d9ee1
proposed_nsga2_bs_Gyorgy-KOVACS_WH_Wide_AW_5_seed_110,proposed_nsga2_bs,Gyorgy-KOVACS_WH_Wide_AW_5,110,0,auto_from_instance,12,18,4,30,216,,,,,35,9,5,root > H:37 > BH:11 > BV:25 > BH:24 > BV:21,evaluated,16,inf,False,732,159,573,1468.0,1.0,1.0,True,True,1,1,0,True,1,1,0,0,True,True,0,5,4,5,4,9,SS_PF_LS,sampled_pool,,,True,0.05555555555555555,0.1,0.9444444444444444,0.1,adaptive,,feasible_start_adaptive_spacing,feasible_start_adaptive_spacing,True,42,11,feasible_start_adaptive_spacing,0.5,,True,auto_from_instance,0.75,0.35,"5,29,37","15,27",,,,,,"H[5,11,24,29,37]|V[15,21,25,27]",cb89963dde675a92e67b7f4c8d7b1248e2983184
proposed_nsga2_bs_Gyorgy-KOVACS_WH_Wide_AW_5_seed_110,proposed_nsga2_bs,Gyorgy-KOVACS_WH_Wide_AW_5,110,0,auto_from_instance,12,18,4,30,216,,,,,36,10,7,root > V:17 > BH:26 > BH:5 > BH:14 > BH:25 > BH:36 > BH:45,evaluated,4,inf,False,572,220,352,711.0,1.0,1.0,True,True,1,1,0,True,1,1,0,0,True,True,0,8,2,8,2,10,PF_LS_RP,sampled_pool,,,False,0.05555555555555555,0.1,0.9444444444444444,0.1,adaptive,,feasible_start_adaptive_spacing,feasible_start_adaptive_spacing,True,42,11,feasible_start_adaptive_spacing,0.5,,True,auto_from_instance,0.75,0.35,"5,17,50","17,21",,,,,,"H[5,14,17,25,26,36,45,50]|V[17,21]",ef95c5265d039c602cc7246bb99c122e90a60068
proposed_nsga2_bs_Gyorgy-KOVACS_WH_Wide_AW_5_seed_110,proposed_nsga2_bs,Gyorgy-KOVACS_WH_Wide_AW_5,110,0,auto_from_instance,12,18,4,30,216,,,,,37,11,7,root > V:17 > BH:26 > BH:5 > BH:16 > BH:25 > BH:38 > BH:47,selected,2,inf,True,572,220,352,531.0,1.0,1.0,True,True,1,1,0,True,1,1,0,0,True,True,0,8,3,8,3,11,SS_PF_LS,sampled_pool,,,True,0.05555555555555555,0.1,0.9444444444444444,0.1,adaptive,,feasible_start_adaptive_spacing,feasible_start_adaptive_spacing,True,42,11,feasible_start_adaptive_spacing,0.5,,True,auto_from_instance,0.75,0.35,"26,41,52","14,17,27",,,,,,"H[5,16,25,26,38,41,47,52]|V[14,17,27]",6ae41a1a5fe4f9e76ccdb12e80caced4dba0aad4
proposed_nsga2_bs_Gyorgy-KOVACS_WH_Wide_AW_5_seed_110,proposed_nsga2_bs,Gyorgy-KOVACS_WH_Wide_AW_5,110,0,auto_from_instance,12,18,4,30,216,,,,,38,12,8,root > V:15 > BH:26 > BH:7 > BH:16 > BH:25 > BH:36 > BH:45 > BV:24,selected,1,inf,True,497,247,250,567.0,1.0,1.0,True,True,1,1,0,True,1,1,0,0,True,True,0,9,4,9,4,12,PF_LS,sampled_pool,,,False,0.05555555555555555,0.1,0.9444444444444444,0.1,adaptive,,feasible_start_adaptive_spacing,feasible_start_adaptive_spacing,True,42,11,feasible_start_adaptive_spacing,0.5,,True,auto_from_instance,0.75,0.35,"10,23,46","15,21,27",,,,,,"H[7,10,16,23,25,26,36,45,46]|V[15,21,24,27]",bad25caaf4e753481b1b798360caa6634ad939f7
proposed_nsga2_bs_Gyorgy-KOVACS_WH_Wide_AW_5_seed_110,proposed_nsga2_bs,Gyorgy-KOVACS_WH_Wide_AW_5,110,0,auto_from_instance,12,18,4,30,216,,,,,39,12,8,root > V:15 > BH:26 > BH:5 > BH:16 > BH:25 > BH:36 > BH:45 > BV:24,selected,0,inf,True,497,247,250,385.0,1.0,1.0,True,True,1,1,0,True,1,1,0,0,True,True,0,9,4,9,4,12,PF_LS,sampled_pool,,,False,0.05555555555555555,0.1,0.9444444444444444,0.1,adaptive,,feasible_start_adaptive_spacing,feasible_start_adaptive_spacing,True,42,11,feasible_start_adaptive_spacing,0.5,,True,auto_from_instance,0.75,0.35,"10,23,46","15,21,27",,,,,,"H[5,10,16,23,25,26,36,45,46]|V[15,21,24,27]",416c9c0e4f9e06143d78fee04cbc7a8d1c4800ad
proposed_nsga2_bs_Gyorgy-KOVACS_WH_Wide_AW_5_seed_110,proposed_nsga2_bs,Gyorgy-KOVACS_WH_Wide_AW_5,110,1,auto_from_instance,12,18,4,30,216,,,,,1,1,7,root > V:21 > BH:26 > BH:7 > BH:16 > BH:25 > BH:36 > BH:47,evaluated,8,inf,False,652,180,472,867.0,1.0,1.0,True,True,1,1,0,True,1,1,0,0,True,True,0,11,3,11,3,1,PF,sampled_pool,,,False,0.1111111111111111,0.1,0.8888888888888888,0.1,adaptive,remove_random_aisle,offspring,feasible_start_adaptive_spacing,,,,feasible_start_adaptive_spacing,0.5,,True,auto_from_instance,0.75,0.35,"5,10,16,23,25,26,36,45,46","21,24,27",,,,,,"H[5,7,10,16,23,25,26,36,45,46,47]|V[21,24,27]",b7080d9cb61c36aedc6f73cfe3724fe27e5ce9c6
proposed_nsga2_bs_Gyorgy-KOVACS_WH_Wide_AW_5_seed_110,proposed_nsga2_bs,Gyorgy-KOVACS_WH_Wide_AW_5,110,1,auto_from_instance,12,18,4,30,216,,,,,2,1,7,root > V:21 > BH:26 > BH:7 > BH:16 > BH:25 > BH:36 > BH:45,evaluated,10,inf,False,652,180,472,1003.0,1.0,1.0,True,True,1,1,0,True,1,1,0,0,True,True,0,10,3,10,3,1,PF,sampled_pool,,,False,0.1111111111111111,0.1,0.8888888888888888,0.1,adaptive,remove_random_aisle,offspring,feasible_start_adaptive_spacing,,,,feasible_start_adaptive_spacing,0.5,,True,auto_from_instance,0.75,0.35,"5,10,16,23,25,26,36,45,46","21,24,27",,,,,,"H[5,7,10,16,23,25,26,36,45,46]|V[21,24,27]",d9acb5a2d76831a253605873154ad9c08a716749
proposed_nsga2_bs_Gyorgy-KOVACS_WH_Wide_AW_5_seed_110,proposed_nsga2_bs,Gyorgy-KOVACS_WH_Wide_AW_5,110,1,auto_from_instance,12,18,4,30,216,,,,,3,1,7,root > V:21 > BH:26 > BH:5 > BH:16 > BH:25 > BH:36 > BH:47,evaluated,6,inf,False,652,180,472,763.0,1.0,1.0,True,True,1,1,0,True,1,1,0,0,True,True,0,10,3,10,3,1,PF,sampled_pool,,,False,0.1111111111111111,0.1,0.8888888888888888,0.1,adaptive,remove_random_aisle,offspring,feasible_start_adaptive_spacing,,,,feasible_start_adaptive_spacing,0.5,,True,auto_from_instance,0.75,0.35,"5,10,16,23,25,26,36,45,46","21,24,27",,,,,,"H[5,10,16,23,25,26,36,45,46,47]|V[21,24,27]",01a90fb20467da592e93711ac8a849c3053fcfd6
proposed_nsga2_bs_Gyorgy-KOVACS_WH_Wide_AW_5_seed_110,proposed_nsga2_bs,Gyorgy-KOVACS_WH_Wide_AW_5,110,1,auto_from_instance,12,18,4,30,216,,,,,4,1,7,root > V:21 > BH:26 > BH:5 > BH:16 > BH:25 > BH:36 > BH:45,evaluated,9,inf,False,652,180,472,899.0,1.0,1.0,True,True,1,1,0,True,1,1,0,0,True,True,0,9,3,9,3,1,PF,sampled_pool,,,False,0.1111111111111111,0.1,0.8888888888888888,0.1,adaptive,remove_random_aisle,offspring,feasible_start_adaptive_spacing,,,,feasible_start_adaptive_spacing,0.5,,True,auto_from_instance,0.75,0.35,"5,10,16,23,25,26,36,45,46","21,24,27",,,,,,"H[5,10,16,23,25,26,36,45,46]|V[21,24,27]",8e88c0c464d5e2054bb58e24df478d0e262d6485
proposed_nsga2_bs_Gyorgy-KOVACS_WH_Wide_AW_5_seed_110,proposed_nsga2_bs,Gyorgy-KOVACS_WH_Wide_AW_5,110,1,auto_from_instance,12,18,4,30,216,,,,,5,1,7,root > V:21 > BH:26 > BH:5 > BH:14 > BH:25 > BH:36 > BH:47,evaluated,6,inf,False,652,180,472,763.0,1.0,1.0,True,True,1,1,0,True,1,1,0,0,True,True,0,11,3,11,3,1,PF,sampled_pool,,,False,0.1111111111111111,0.1,0.8888888888888888,0.1,adaptive,remove_random_aisle,offspring,feasible_start_adaptive_spacing,,,,feasible_start_adaptive_spacing,0.5,,True,auto_from_instance,0.75,0.35,"5,10,16,23,25,26,36,45,46","21,24,27",,,,,,"H[5,10,14,16,23,25,26,36,45,46,47]|V[21,24,27]",1958a387e19298fbb01706dd6afdd7339df9d6ae
proposed_nsga2_bs_Gyorgy-KOVACS_WH_Wide_AW_5_seed_110,proposed_nsga2_bs,Gyorgy-KOVACS_WH_Wide_AW_5,110,1,auto_from_instance,12,18,4,30,216,,,,,6,2,7,root > V:21 > BH:26 > BH:5 > BH:14 > BH:25 > BH:36 > BH:45,evaluated,9,inf,False,652,180,472,899.0,1.0,1.0,True,True,1,1,0,True,1,1,0,0,True,True,0,11,4,11,4,2,SS_LS_PF,sampled_pool,,,True,0.1111111111111111,0.1,0.8888888888888888,0.1,adaptive,swap_segments,offspring,feasible_start_adaptive_spacing,,,,feasible_start_adaptive_spacing,0.5,,True,auto_from_instance,0.75,0.35,"7,10,16,17,23,25,26,36,45","15,21,24,27",,,,,,"H[5,7,10,14,16,17,23,25,26,36,45]|V[15,21,24,27]",f2b245d80a9e03cb9543fcc56f57562ad4aadb7c
proposed_nsga2_bs_Gyorgy-KOVACS_WH_Wide_AW_5_seed_110,proposed_nsga2_bs,Gyorgy-KOVACS_WH_Wide_AW_5,110,1,auto_from_instance,12,18,4,30,216,,,,,7,3,6,root > H:16 > BH:41 > BV:25 > BH:27 > BV:21 > BH:52,evaluated,11,inf,False,687,167,520,1061.0,1.0,1.0,True,True,1,1,0,True,1,1,0,0,True,True,0,12,4,12,4,3,SS_LS_PF,sampled_pool,,,True,0.1111111111111111,0.14959738246075233,0.8888888888888888,0.1,adaptive,spacing_aware_flip,offspring,feasible_start_adaptive_spacing,,,,feasible_start_adaptive_spacing,0.5,,True,auto_from_instance,0.75,0.35,"1,5,16,24,25,26,36,45,48","17,25,31",,,,,,"H[1,5,16,24,25,26,27,36,41,45,48,52]|V[17,21,25,31]",e3c20eead667265a33ad027e0b0c5820886e38f3
proposed_nsga2_bs_Gyorgy-KOVACS_WH_Wide_AW_5_seed_110,proposed_nsga2_bs,Gyorgy-KOVACS_WH_Wide_AW_5,110,1,auto_from_instance,12,18,4,30,216,,,,,8,4,7,root > V:17 > BH:26 > BH:7 > BH:16 > BH:25 > BH:36 > BH:47,selected,3,inf,True,572,220,352,663.0,1.0,1.0,True,True,1,1,0,True,1,1,0,0,True,True,0,10,2,10,2,4,PF_LS,sampled_pool,,,False,0.1111111111111111,0.2104637229219419,0.8888888888888888,0.1,adaptive,break_symmetry,offspring,feasible_start_adaptive_spacing,,,,feasible_start_adaptive_spacing,0.5,,True,auto_from_instance,0.75,0.35,"3,5,13,14,25,26,36,47","17,28",,,,,,"H[3,5,7,13,14,16,25,26,36,47]|V[17,28]",61426df39d9f05da4c561d5073d32a1cf777516d
proposed_nsga2_bs_Gyorgy-KOVACS_WH_Wide_AW_5_seed_110,proposed_nsga2_bs,Gyorgy-KOVACS_WH_Wide_AW_5,110,1,auto_from_instance,12,18,4,30,216,,,,,9,4,7,root > V:17 > BH:26 > BH:7 > BH:16 > BH:25 > BH:36 > BH:45,selected,5,inf,True,572,220,352,867.0,1.0,1.0,True,True,1,1,0,True,1,1,0,0,True,True,0,11,2,11,2,4,PF_LS,sampled_pool,,,False,0.1111111111111111,0.2104637229219419,0.8888888888888888,0.1,adaptive,break_symmetry,offspring,feasible_start_adaptive_spacing,,,,feasible_start_adaptive_spacing,0.5,,True,auto_from_instance,0.75,0.35,"3,5,13,14,25,26,36,47","17,28",,,,,,"H[3,5,7,13,14,16,25,26,36,45,47]|V[17,28]",90295bddff4683947eef98c9cba63e2b098e11a6
proposed_nsga2_bs_Gyorgy-KOVACS_WH_Wide_AW_5_seed_110,proposed_nsga2_bs,Gyorgy-KOVACS_WH_Wide_AW_5,110,1,auto_from_instance,12,18,4,30,216,,,,,10,4,7,root > V:17 > BH:26 > BH:5 > BH:16 > BH:25 > BH:36 > BH:47,selected,1,inf,True,572,220,352,507.0,1.0,1.0,True,True,1,1,0,True,1,1,0,0,True,True,0,9,2,9,2,4,PF_LS,sampled_pool,,,False,0.1111111111111111,0.2104637229219419,0.8888888888888888,0.1,adaptive,break_symmetry,offspring,feasible_start_adaptive_spacing,,,,feasible_start_adaptive_spacing,0.5,,True,auto_from_instance,0.75,0.35,"3,5,13,14,25,26,36,47","17,28",,,,,,"H[3,5,13,14,16,25,26,36,47]|V[17,28]",173dd91401b4b71d9f20edd9e83506be465b9528
proposed_nsga2_bs_Gyorgy-KOVACS_WH_Wide_AW_5_seed_110,proposed_nsga2_bs,Gyorgy-KOVACS_WH_Wide_AW_5,110,1,auto_from_instance,12,18,4,30,216,,,,,11,4,7,root > V:17 > BH:26 > BH:5 > BH:16 > BH:25 > BH:36 > BH:45,selected,4,inf,True,572,220,352,711.0,1.0,1.0,True,True,1,1,0,True,1,1,0,0,True,True,0,10,2,10,2,4,PF_LS,sampled_pool,,,False,0.1111111111111111,0.2104637229219419,0.8888888888888888,0.1,adaptive,break_symmetry,offspring,feasible_start_adaptive_spacing,,,,feasible_start_adaptive_spacing,0.5,,True,auto_from_instance,0.75,0.35,"3,5,13,14,25,26,36,47","17,28",,,,,,"H[3,5,13,14,16,25,26,36,45,47]|V[17,28]",854ec9b997ec508dda6ea9e399147d7a4b626ba8
proposed_nsga2_bs_Gyorgy-KOVACS_WH_Wide_AW_5_seed_110,proposed_nsga2_bs,Gyorgy-KOVACS_WH_Wide_AW_5,110,1,auto_from_instance,12,18,4,30,216,,,,,12,4,7,root > V:17 > BH:26 > BH:5 > BH:14 > BH:25 > BH:36 > BH:47,selected,1,inf,True,572,220,352,507.0,1.0,1.0,True,True,1,1,0,True,1,1,0,0,True,True,0,8,2,8,2,4,PF_LS,sampled_pool,,,False,0.1111111111111111,0.2104637229219419,0.8888888888888888,0.1,adaptive,break_symmetry,offspring,feasible_start_adaptive_spacing,,,,feasible_start_adaptive_spacing,0.5,,True,auto_from_instance,0.75,0.35,"3,5,13,14,25,26,36,47","17,28",,,,,,"H[3,5,13,14,25,26,36,47]|V[17,28]",e59e5dd5e1537a2d164e028d12bd66f538f0cb70
proposed_nsga2_bs_Gyorgy-KOVACS_WH_Wide_AW_5_seed_110,proposed_nsga2_bs,Gyorgy-KOVACS_WH_Wide_AW_5,110,1,auto_from_instance,12,18,4,30,216,,,,,13,5,5,root > H:48 > BH:25 > BH:5 > BH:38 > BH:16,selected,5,inf,True,647,210,437,756.0,1.0,1.0,True,True,1,1,0,True,1,1,0,0,True,True,0,11,2,11,2,5,SS,sampled_pool,,,True,0.1111111111111111,0.1,0.8888888888888888,0.1,adaptive,spacing_aware_flip,offspring,feasible_start_adaptive_spacing,,,,feasible_start_adaptive_spacing,0.5,,True,auto_from_instance,0.75,0.35,"1,5,10,16,24,25,26,36,45,48","16,25",,,,,,"H[1,5,10,16,24,25,26,36,38,45,48]|V[16,25]",508fccc40b02fda00e24de87dcb2dae32e14cf53
proposed_nsga2_bs_Gyorgy-KOVACS_WH_Wide_AW_5_seed_110,proposed_nsga2_bs,Gyorgy-KOVACS_WH_Wide_AW_5,110,1,auto_from_instance,12,18,4,30,216,,,,,14,5,5,root > H:48 > BH:25 > BH:5 > BH:36 > BH:16,evaluated,5,0.0,False,647,210,437,756.0,1.0,1.0,True,True,1,1,0,True,1,1,0,0,True,True,0,10,2,10,2,5,SS,sampled_pool,,,True,0.1111111111111111,0.1,0.8888888888888888,0.1,adaptive,spacing_aware_flip,offspring,feasible_start_adaptive_spacing,,,,feasible_start_adaptive_spacing,0.5,,True,auto_from_instance,0.75,0.35,"1,5,10,16,24,25,26,36,45,48","16,25",,,,,,"H[1,5,10,16,24,25,26,36,45,48]|V[16,25]",12187236229096e9023049f6b673065997bcd054
proposed_nsga2_bs_Gyorgy-KOVACS_WH_Wide_AW_5_seed_110,proposed_nsga2_bs,Gyorgy-KOVACS_WH_Wide_AW_5,110,1,auto_from_instance,12,18,4,30,216,,,,,15,5,5,root > H:48 > BH:25 > BH:5 > BH:38 > BH:14,evaluated,5,0.0,False,647,210,437,756.0,1.0,1.0,True,True,1,1,0,True,1,1,0,0,True,True,0,12,2,12,2,5,SS,sampled_pool,,,True,0.1111111111111111,0.1,0.8888888888888888,0.1,adaptive,spacing_aware_flip,offspring,feasible_start_adaptive_spacing,,,,feasible_start_adaptive_spacing,0.5,,True,auto_from_instance,0.75,0.35,"1,5,10,16,24,25,26,36,45,48","16,25",,,,,,"H[1,5,10,14,16,24,25,26,36,38,45,48]|V[16,25]",5985681276428d361c53a03352e7d0503b36e24f
proposed_nsga2_bs_Gyorgy-KOVACS_WH_Wide_AW_5_seed_110,proposed_nsga2_bs,Gyorgy-KOVACS_WH_Wide_AW_5,110,1,auto_from_instance,12,18,4,30,216,,,,,16,5,5,root > H:48 > BH:25 > BH:5 > BH:36 > BH:14,evaluated,5,inf,False,647,210,437,756.0,1.0,1.0,True,True,1,1,0,True,1,1,0,0,True,True,0,11,2,11,2,5,SS,sampled_pool,,,True,0.1111111111111111,0.1,0.8888888888888888,0.1,adaptive,spacing_aware_flip,offspring,feasible_start_adaptive_spacing,,,,feasible_start_adaptive_spacing,0.5,,True,auto_from_instance,0.75,0.35,"1,5,10,16,24,25,26,36,45,48","16,25",,,,,,"H[1,5,10,14,16,24,25,26,36,45,48]|V[16,25]",13677cbb533065e43f56bfad1da45834219a66f4
proposed_nsga2_bs_Gyorgy-KOVACS_WH_Wide_AW_5_seed_110,proposed_nsga2_bs,Gyorgy-KOVACS_WH_Wide_AW_5,110,1,auto_from_instance,12,18,4,30,216,,,,,17,5,5,root > H:5 > BH:28 > BH:47 > BH:16 > BH:37,evaluated,6,inf,False,647,210,437,903.0,1.0,1.0,True,True,1,1,0,True,1,1,0,0,True,True,0,13,2,13,2,5,SS,sampled_pool,,,True,0.1111111111111111,0.1,0.8888888888888888,0.1,adaptive,spacing_aware_flip,offspring,feasible_start_adaptive_spacing,,,,feasible_start_adaptive_spacing,0.5,,True,auto_from_instance,0.75,0.35,"1,5,10,16,24,25,26,36,45,48","16,25",,,,,,"H[1,5,10,16,24,25,26,28,36,37,45,47,48]|V[16,25]",cbb12ae9bfe2c1e90668e57e4b7a75d2f09604e9
proposed_nsga2_bs_Gyorgy-KOVACS_WH_Wide_AW_5_seed_110,proposed_nsga2_bs,Gyorgy-KOVACS_WH_Wide_AW_5,110,1,auto_from_instance,12,18,4,30,216,,,,,18,6,8,root > V:16 > BH:26 > BH:7 > BH:16 > BH:25 > BH:36 > BH:45 > BV:25,selected,1,inf,True,517,238,279,537.0,1.0,1.0,True,True,1,1,0,True,1,1,0,0,True,True,0,12,2,12,2,6,LS,sampled_pool,,,False,0.1111111111111111,0.1,0.8888888888888888,0.1,adaptive,break_symmetry,offspring,feasible_start_adaptive_spacing,,,,feasible_start_adaptive_spacing,0.5,,True,auto_from_instance,0.75,0.35,"1,5,14,24,25,26,36,46,48","16,25",,,,,,"H[1,5,7,14,16,24,25,26,36,45,46,48]|V[16,25]",5f183debb27c7a24bc0f9f82fc27ee77d3fc24d8
proposed_nsga2_bs_Gyorgy-KOVACS_WH_Wide_AW_5_seed_110,proposed_nsga2_bs,Gyorgy-KOVACS_WH_Wide_AW_5,110,1,auto_from_instance,12,18,4,30,216,,,,,19,6,8,root > V:16 > BH:26 > BH:5 > BH:16 > BH:25 > BH:36 > BH:45 > BV:25,selected,0,inf,True,517,238,279,368.0,1.0,1.0,True,True,1,1,0,True,1,1,0,0,True,True,0,11,2,11,2,6,LS,sampled_pool,,,False,0.1111111111111111,0.1,0.8888888888888888,0.1,adaptive,break_symmetry,offspring,feasible_start_adaptive_spacing,,,,feasible_start_adaptive_spacing,0.5,,True,auto_from_instance,0.75,0.35,"1,5,14,24,25,26,36,46,48","16,25",,,,,,"H[1,5,14,16,24,25,26,36,45,46,48]|V[16,25]",559a078c3ea143504613077c561cb3124d66b767
proposed_nsga2_bs_Gyorgy-KOVACS_WH_Wide_AW_5_seed_110,proposed_nsga2_bs,Gyorgy-KOVACS_WH_Wide_AW_5,110,1,auto_from_instance,12,18,4,30,216,,,,,20,6,8,root > V:16 > BH:26 > BH:7 > BH:16 > BH:25 > BH:36 > BH:45 > BV:29,selected,3,inf,True,517,225,292,755.0,1.0,1.0,True,True,1,1,0,True,1,1,0,0,True,True,0,12,3,12,3,6,LS,sampled_pool,,,False,0.1111111111111111,0.1,0.8888888888888888,0.1,adaptive,break_symmetry,offspring,feasible_start_adaptive_spacing,,,,feasible_start_adaptive_spacing,0.5,,True,auto_from_instance,0.75,0.35,"1,5,14,24,25,26,36,46,48","16,25",,,,,,"H[1,5,7,14,16,24,25,26,36,45,46,48]|V[16,25,29]",03af9372cf0d8e782f6e425ae89227ab68d20a8e
proposed_nsga2_bs_Gyorgy-KOVACS_WH_Wide_AW_5_seed_110,proposed_nsga2_bs,Gyorgy-KOVACS_WH_Wide_AW_5,110,1,auto_from_instance,12,18,4,30,216,,,,,21,6,8,root > V:16 > BH:26 > BH:5 > BH:16 > BH:25 > BH:36 > BH:45 > BV:29,selected,2,inf,True,517,225,292,586.0,1.0,1.0,True,True,1,1,0,True,1,1,0,0,True,True,0,11,3,11,3,6,LS,sampled_pool,,,False,0.1111111111111111,0.1,0.8888888888888888,0.1,adaptive,break_symmetry,offspring,feasible_start_adaptive_spacing,,,,feasible_start_adaptive_spacing,0.5,,True,auto_from_instance,0.75,0.35,"1,5,14,24,25,26,36,46,48","16,25",,,,,,"H[1,5,14,16,24,25,26,36,45,46,48]|V[16,25,29]",13a8831f3352523fe53b9477eb693b985fdfc37c
proposed_nsga2_bs_Gyorgy-KOVACS_WH_Wide_AW_5_seed_110,proposed_nsga2_bs,Gyorgy-KOVACS_WH_Wide_AW_5,110,1,auto_from_instance,12,18,4,30,216,,,,,22,7,5,root > H:16 > BH:39 > BV:25 > BV:25 > BH:27,evaluated,11,inf,False,717,168,549,1225.0,1.0,1.0,True,True,1,1,0,True,1,1,0,0,True,True,0,12,3,12,3,7,RP_LS,sampled_pool,,,False,0.1111111111111111,0.14571817738013032,0.8888888888888888,0.1,adaptive,insert_random_aisle,offspring,feasible_start_adaptive_spacing,,,,feasible_start_adaptive_spacing,0.5,,True,auto_from_instance,0.75,0.35,"3,5,9,16,23,25,26,36,45,46","17,28",,,,,,"H[3,5,9,16,23,25,26,27,36,39,45,46]|V[17,25,28]",de38e0e2b8b988b968feee94097bfe6763489425
proposed_nsga2_bs_Gyorgy-KOVACS_WH_Wide_AW_5_seed_110,proposed_nsga2_bs,Gyorgy-KOVACS_WH_Wide_AW_5,110,1,auto_from_instance,12,18,4,30,216,,,,,23,7,5,root > H:16 > BH:39 > BV:25 > BV:25 > BH:29,evaluated,12,inf,False,717,166,551,1225.0,1.0,1.0,True,True,1,1,0,True,1,1,0,0,True,True,0,12,3,12,3,7,RP_LS,sampled_pool,,,False,0.1111111111111111,0.14571817738013032,0.8888888888888888,0.1,adaptive,insert_random_aisle,offspring,feasible_start_adaptive_spacing,,,,feasible_start_adaptive_spacing,0.5,,True,auto_from_instance,0.75,0.35,"3,5,9,16,23,25,26,36,45,46","17,28",,,,,,"H[3,5,9,16,23,25,26,29,36,39,45,46]|V[17,25,28]",f5a8cb23ccbbb597413c608ce97281d1f3b5d097
proposed_nsga2_bs_Gyorgy-KOVACS_WH_Wide_AW_5_seed_110,proposed_nsga2_bs,Gyorgy-KOVACS_WH_Wide_AW_5,110,1,auto_from_instance,12,18,4,30,216,,,,,24,7,5,root > H:16 > BH:39 > BV:25 > BV:25 > BH:25,evaluated,13,inf,False,717,168,549,1309.0,1.0,1.0,True,True,1,1,0,True,1,1,0,0,True,True,0,11,3,11,3,7,RP_LS,sampled_pool,,,False,0.1111111111111111,0.14571817738013032,0.8888888888888888,0.1,adaptive,insert_random_aisle,offspring,feasible_start_adaptive_spacing,,,,feasible_start_adaptive_spacing,0.5,,True,auto_from_instance,0.75,0.35,"3,5,9,16,23,25,26,36,45,46","17,28",,,,,,"H[3,5,9,16,23,25,26,36,39,45,46]|V[17,25,28]",0161c19ad972ef080c765dd9b38bd3bb4f614495
proposed_nsga2_bs_Gyorgy-KOVACS_WH_Wide_AW_5_seed_110,proposed_nsga2_bs,Gyorgy-KOVACS_WH_Wide_AW_5,110,1,auto_from_instance,12,18,4,30,216,,,,,25,7,5,root > H:16 > BH:39 > BV:25 > BV:23 > BH:27,evaluated,14,inf,False,717,168,549,1316.0,1.0,1.0,True,True,1,1,0,True,1,1,0,0,True,True,0,12,4,12,4,7,RP_LS,sampled_pool,,,False,0.1111111111111111,0.14571817738013032,0.8888888888888888,0.1,adaptive,insert_random_aisle,offspring,feasible_start_adaptive_spacing,,,,feasible_start_adaptive_spacing,0.5,,True,auto_from_instance,0.75,0.35,"3,5,9,16,23,25,26,36,45,46","17,28",,,,,,"H[3,5,9,16,23,25,26,27,36,39,45,46]|V[17,23,25,28]",be1b2bc9ee78daf82db80f3f3f2f83f4ee60a1a6
proposed_nsga2_bs_Gyorgy-KOVACS_WH_Wide_AW_5_seed_110,proposed_nsga2_bs,Gyorgy-KOVACS_WH_Wide_AW_5,110,1,auto_from_instance,12,18,4,30,216,,,,,26,7,5,root > H:16 > BH:39 > BV:25 > BV:23 > BH:29,evaluated,15,inf,False,717,166,551,1316.0,1.0,1.0,True,True,1,1,0,True,1,1,0,0,True,True,0,12,4,12,4,7,RP_LS,sampled_pool,,,False,0.1111111111111111,0.14571817738013032,0.8888888888888888,0.1,adaptive,insert_random_aisle,offspring,feasible_start_adaptive_spacing,,,,feasible_start_adaptive_spacing,0.5,,True,auto_from_instance,0.75,0.35,"3,5,9,16,23,25,26,36,45,46","17,28",,,,,,"H[3,5,9,16,23,25,26,29,36,39,45,46]|V[17,23,25,28]",e7a5e9c328ad2599179c039ccf009ddfc7ae3cf7
proposed_nsga2_bs_Gyorgy-KOVACS_WH_Wide_AW_5_seed_110,proposed_nsga2_bs,Gyorgy-KOVACS_WH_Wide_AW_5,110,1,auto_from_instance,12,18,4,30,216,,,,,27,9,5,root > H:48 > BH:23 > BH:5 > BH:36 > BH:14,evaluated,6,3.0,False,647,208,439,798.0,1.0,1.0,True,True,1,1,0,True,1,1,0,0,True,True,0,10,3,10,3,9,SS,sampled_pool,,,True,0.1111111111111111,0.1054405814026392,0.8888888888888888,0.1,adaptive,spacing_aware_flip,offspring,feasible_start_adaptive_spacing,,,,feasible_start_adaptive_spacing,0.5,,True,auto_from_instance,0.75,0.35,"1,5,14,24,25,26,36,45,48","16,25,30",,,,,,"H[1,5,14,23,24,25,26,36,45,48]|V[16,25,30]",a74940ca9d41c406fb1f372201cf40fb7d74bb9e
proposed_nsga2_bs_Gyorgy-KOVACS_WH_Wide_AW_5_seed_110,proposed_nsga2_bs,Gyorgy-KOVACS_WH_Wide_AW_5,110,1,auto_from_instance,12,18,4,30,216,,,,,28,9,5,root > H:48 > BH:23 > BH:5 > BH:38 > BH:14,evaluated,7,inf,False,647,208,439,840.0,1.0,1.0,True,True,1,1,0,True,1,1,0,0,True,True,0,11,3,11,3,9,SS,sampled_pool,,,True,0.1111111111111111,0.1054405814026392,0.8888888888888888,0.1,adaptive,spacing_aware_flip,offspring,feasible_start_adaptive_spacing,,,,feasible_start_adaptive_spacing,0.5,,True,auto_from_instance,0.75,0.35,"1,5,14,24,25,26,36,45,48","16,25,30",,,,,,"H[1,5,14,23,24,25,26,36,38,45,48]|V[16,25,30]",fc0480608b9782de86a797aafc719be3c540a5c1
proposed_nsga2_bs_Gyorgy-KOVACS_WH_Wide_AW_5_seed_110,proposed_nsga2_bs,Gyorgy-KOVACS_WH_Wide_AW_5,110,1,auto_from_instance,12,18,4,30,216,,,,,29,9,5,root > H:48 > BH:23 > BH:9 > BH:36 > BV:17,evaluated,11,inf,False,712,173,539,1499.0,1.0,1.0,True,True,1,1,0,True,1,1,0,0,True,True,0,11,4,11,4,9,SS,sampled_pool,,,True,0.1111111111111111,0.1054405814026392,0.8888888888888888,0.1,adaptive,spacing_aware_flip,offspring,feasible_start_adaptive_spacing,,,,feasible_start_adaptive_spacing,0.5,,True,auto_from_instance,0.75,0.35,"1,5,14,24,25,26,36,45,48","16,25,30",,,,,,"H[1,5,9,14,23,24,25,26,36,45,48]|V[16,17,25,30]",9bebb8a6fd5bb016a8bef27844a1013d6edfa346
proposed_nsga2_bs_Gyorgy-KOVACS_WH_Wide_AW_5_seed_110,proposed_nsga2_bs,Gyorgy-KOVACS_WH_Wide_AW_5,110,1,auto_from_instance,12,18,4,30,216,,,,,30,9,5,root > H:48 > BH:23 > BH:9 > BH:36 > BV:19,evaluated,11,1.105967564163124,False,712,171,541,1425.0,1.0,1.0,True,True,1,1,0,True,1,1,0,0,True,True,0,11,4,11,4,9,SS,sampled_pool,,,True,0.1111111111111111,0.1054405814026392,0.8888888888888888,0.1,adaptive,spacing_aware_flip,offspring,feasible_start_adaptive_spacing,,,,feasible_start_adaptive_spacing,0.5,,True,auto_from_instance,0.75,0.35,"1,5,14,24,25,26,36,45,48","16,25,30",,,,,,"H[1,5,9,14,23,24,25,26,36,45,48]|V[16,19,25,30]",bf5108750d7b2020996623a0b5cfbfcb2515fa68
proposed_nsga2_bs_Gyorgy-KOVACS_WH_Wide_AW_5_seed_110,proposed_nsga2_bs,Gyorgy-KOVACS_WH_Wide_AW_5,110,1,auto_from_instance,12,18,4,30,216,,,,,31,9,5,root > H:48 > BH:23 > BH:9 > BH:36 > BV:21,evaluated,11,1.1639899228467958,False,712,169,543,1367.0,1.0,1.0,True,True,1,1,0,True,1,1,0,0,True,True,0,11,4,11,4,9,SS,sampled_pool,,,True,0.1111111111111111,0.1054405814026392,0.8888888888888888,0.1,adaptive,spacing_aware_flip,offspring,feasible_start_adaptive_spacing,,,,feasible_start_adaptive_spacing,0.5,,True,auto_from_instance,0.75,0.35,"1,5,14,24,25,26,36,45,48","16,25,30",,,,,,"H[1,5,9,14,23,24,25,26,36,45,48]|V[16,21,25,30]",85625a8d62811b4658b810e92e27cf6b8c29f4de
proposed_nsga2_bs_Gyorgy-KOVACS_WH_Wide_AW_5_seed_110,proposed_nsga2_bs,Gyorgy-KOVACS_WH_Wide_AW_5,110,1,auto_from_instance,12,18,4,30,216,,,,,32,10,8,root > V:16 > BH:26 > BH:5 > BH:14 > BH:25 > BH:36 > BH:45 > BV:25,selected,0,inf,True,517,238,279,368.0,1.0,1.0,True,True,1,1,0,True,1,1,0,0,True,True,0,10,3,10,3,10,LS_SS,sampled_pool,,,True,0.1111111111111111,0.1,0.8888888888888888,0.1,adaptive,bit_flip,offspring,feasible_start_adaptive_spacing,,,,feasible_start_adaptive_spacing,0.5,,True,auto_from_instance,0.75,0.35,"1,5,16,24,25,26,36,45,48","16,25,33",,,,,,"H[1,5,14,16,24,25,26,36,45,48]|V[16,25,33]",6fcfc694894a367ef71d338faec4ce589ca685b5
proposed_nsga2_bs_Gyorgy-KOVACS_WH_Wide_AW_5_seed_110,proposed_nsga2_bs,Gyorgy-KOVACS_WH_Wide_AW_5,110,1,auto_from_instance,12,18,4,30,216,,,,,33,10,8,root > V:16 > BH:26 > BH:5 > BH:14 > BH:25 > BH:36 > BH:45 > BV:29,selected,2,inf,True,517,225,292,586.0,1.0,1.0,True,True,1,1,0,True,1,1,0,0,True,True,0,10,4,10,4,10,LS_SS,sampled_pool,,,True,0.1111111111111111,0.1,0.8888888888888888,0.1,adaptive,bit_flip,offspring,feasible_start_adaptive_spacing,,,,feasible_start_adaptive_spacing,0.5,,True,auto_from_instance,0.75,0.35,"1,5,16,24,25,26,36,45,48","16,25,33",,,,,,"H[1,5,14,16,24,25,26,36,45,48]|V[16,25,29,33]",7e0f4d1a90907f684b7d565e90c4ddb6c1ba7c58
proposed_nsga2_bs_Gyorgy-KOVACS_WH_Wide_AW_5_seed_110,proposed_nsga2_bs,Gyorgy-KOVACS_WH_Wide_AW_5,110,1,auto_from_instance,12,18,4,30,216,,,,,34,11,6,root > V:21 > BH:26 > BH:5 > BH:16 > BH:29 > BH:42,evaluated,12,inf,False,692,165,527,1197.0,1.0,1.0,True,True,1,1,0,True,1,1,0,0,True,True,0,13,4,13,4,11,RP,sampled_pool,,,False,0.1111111111111111,0.1,0.8888888888888888,0.1,adaptive,spacing_aware_flip,offspring,feasible_start_adaptive_spacing,,,,feasible_start_adaptive_spacing,0.5,,True,auto_from_instance,0.75,0.35,"1,7,10,16,23,25,26,38,45,46","15,21,24,27",,,,,,"H[1,5,7,10,16,23,25,26,29,38,42,45,46]|V[15,21,24,27]",3e80fff572b45638d4c993741f9187431fecc243
proposed_nsga2_bs_Gyorgy-KOVACS_WH_Wide_AW_5_seed_110,proposed_nsga2_bs,Gyorgy-KOVACS_WH_Wide_AW_5,110,1,auto_from_instance,12,18,4,30,216,,,,,35,11,6,root > V:21 > BH:26 > BH:5 > BH:16 > BH:29 > BH:40,evaluated,12,1.3993993993993992,False,692,167,525,1255.0,1.0,1.0,True,True,1,1,0,True,1,1,0,0,True,True,0,13,4,13,4,11,RP,sampled_pool,,,False,0.1111111111111111,0.1,0.8888888888888888,0.1,adaptive,spacing_aware_flip,offspring,feasible_start_adaptive_spacing,,,,feasible_start_adaptive_spacing,0.5,,True,auto_from_instance,0.75,0.35,"1,7,10,16,23,25,26,38,45,46","15,21,24,27",,,,,,"H[1,5,7,10,16,23,25,26,29,38,40,45,46]|V[15,21,24,27]",4438a07913bba44771acc09fec1861ea8b6e3d46
proposed_nsga2_bs_Gyorgy-KOVACS_WH_Wide_AW_5_seed_110,proposed_nsga2_bs,Gyorgy-KOVACS_WH_Wide_AW_5,110,1,auto_from_instance,12,18,4,30,216,,,,,36,11,6,root > V:21 > BH:26 > BH:5 > BH:16 > BH:27 > BH:40,evaluated,11,1.1460399937017793,False,692,168,524,1255.0,1.0,1.0,True,True,1,1,0,True,1,1,0,0,True,True,0,13,4,13,4,11,RP,sampled_pool,,,False,0.1111111111111111,0.1,0.8888888888888888,0.1,adaptive,spacing_aware_flip,offspring,feasible_start_adaptive_spacing,,,,feasible_start_adaptive_spacing,0.5,,True,auto_from_instance,0.75,0.35,"1,7,10,16,23,25,26,38,45,46","15,21,24,27",,,,,,"H[1,5,7,10,16,23,25,26,27,38,40,45,46]|V[15,21,24,27]",c29204a760792de9b5fff7fd1f22463071b8fe3a
proposed_nsga2_bs_Gyorgy-KOVACS_WH_Wide_AW_5_seed_110,proposed_nsga2_bs,Gyorgy-KOVACS_WH_Wide_AW_5,110,1,auto_from_instance,12,18,4,30,216,,,,,37,11,6,root > V:21 > BH:26 > BH:5 > BH:14 > BH:27 > BH:40,evaluated,12,inf,False,692,168,524,1271.0,1.0,1.0,True,True,1,1,0,True,1,1,0,0,True,True,0,14,4,14,4,11,RP,sampled_pool,,,False,0.1111111111111111,0.1,0.8888888888888888,0.1,adaptive,spacing_aware_flip,offspring,feasible_start_adaptive_spacing,,,,feasible_start_adaptive_spacing,0.5,,True,auto_from_instance,0.75,0.35,"1,7,10,16,23,25,26,38,45,46","15,21,24,27",,,,,,"H[1,5,7,10,14,16,23,25,26,27,38,40,45,46]|V[15,21,24,27]",d6f556ce4388bf7e47d115315ffef16b2112220e
proposed_nsga2_bs_Gyorgy-KOVACS_WH_Wide_AW_5_seed_110,proposed_nsga2_bs,Gyorgy-KOVACS_WH_Wide_AW_5,110,1,auto_from_instance,12,18,4,30,216,,,,,38,11,6,root > V:21 > BH:26 > BH:47 > BH:35 > BH:23 > BH:11,evaluated,13,inf,False,692,164,528,1293.0,1.0,1.0,True,True,1,1,0,True,1,1,0,0,True,True,0,13,4,13,4,11,RP,sampled_pool,,,False,0.1111111111111111,0.1,0.8888888888888888,0.1,adaptive,spacing_aware_flip,offspring,feasible_start_adaptive_spacing,,,,feasible_start_adaptive_spacing,0.5,,True,auto_from_instance,0.75,0.35,"1,7,10,16,23,25,26,38,45,46","15,21,24,27",,,,,,"H[1,7,10,11,16,23,25,26,35,38,45,46,47]|V[15,21,24,27]",aefb6def61337c0811fe5b11c3859df6b4d263cc
proposed_nsga2_bs_Gyorgy-KOVACS_WH_Wide_AW_5_seed_110,proposed_nsga2_bs,Gyorgy-KOVACS_WH_Wide_AW_5,110,2,auto_from_instance,12,18,4,30,216,,,,,1,1,5,root > H:48 > BH:23 > BH:5 > BH:36 > BH:14,evaluated,6,inf,False,647,208,439,798.0,1.0,1.0,True,True,1,1,0,True,1,1,0,0,True,True,0,12,3,12,3,1,SS_PF_LS,sampled_pool,,,True,0.16666666666666666,0.17864972026927553,0.8333333333333334,0.1,adaptive,bit_flip,offspring,feasible_start_adaptive_spacing,,,,feasible_start_adaptive_spacing,0.5,,True,auto_from_instance,0.75,0.35,"1,5,14,16,24,25,26,29,36,45,48","16,25,33",,,,,,"H[1,5,14,16,23,24,25,26,29,36,45,48]|V[16,25,33]",a74940ca9d41c406fb1f372201cf40fb7d74bb9e
proposed_nsga2_bs_Gyorgy-KOVACS_WH_Wide_AW_5_seed_110,proposed_nsga2_bs,Gyorgy-KOVACS_WH_Wide_AW_5,110,2,auto_from_instance,12,18,4,30,216,,,,,2,1,5,root > H:48 > BH:23 > BH:5 > BH:38 > BH:14,evaluated,7,inf,False,647,208,439,840.0,1.0,1.0,True,True,1,1,0,True,1,1,0,0,True,True,0,13,3,13,3,1,SS_PF_LS,sampled_pool,,,True,0.16666666666666666,0.17864972026927553,0.8333333333333334,0.1,adaptive,bit_flip,offspring,feasible_start_adaptive_spacing,,,,feasible_start_adaptive_spacing,0.5,,True,auto_from_instance,0.75,0.35,"1,5,14,16,24,25,26,29,36,45,48","16,25,33",,,,,,"H[1,5,14,16,23,24,25,26,29,36,38,45,48]|V[16,25,33]",fc0480608b9782de86a797aafc719be3c540a5c1
proposed_nsga2_bs_Gyorgy-KOVACS_WH_Wide_AW_5_seed_110,proposed_nsga2_bs,Gyorgy-KOVACS_WH_Wide_AW_5,110,2,auto_from_instance,12,18,4,30,216,,,,,3,1,5,root > H:48 > BH:23 > BH:9 > BH:36 > BV:17,evaluated,11,3.0,False,712,173,539,1499.0,1.0,1.0,True,True,1,1,0,True,1,1,0,0,True,True,0,13,4,13,4,1,SS_PF_LS,sampled_pool,,,True,0.16666666666666666,0.17864972026927553,0.8333333333333334,0.1,adaptive,bit_flip,offspring,feasible_start_adaptive_spacing,,,,feasible_start_adaptive_spacing,0.5,,True,auto_from_instance,0.75,0.35,"1,5,14,16,24,25,26,29,36,45,48","16,25,33",,,,,,"H[1,5,9,14,16,23,24,25,26,29,36,45,48]|V[16,17,25,33]",9bebb8a6fd5bb016a8bef27844a1013d6edfa346
proposed_nsga2_bs_Gyorgy-KOVACS_WH_Wide_AW_5_seed_110,proposed_nsga2_bs,Gyorgy-KOVACS_WH_Wide_AW_5,110,2,auto_from_instance,12,18,4,30,216,,,,,4,1,5,root > H:48 > BH:23 > BH:9 > BH:36 > BV:19,evaluated,11,inf,False,712,171,541,1425.0,1.0,1.0,True,True,1,1,0,True,1,1,0,0,True,True,0,13,4,13,4,1,SS_PF_LS,sampled_pool,,,True,0.16666666666666666,0.17864972026927553,0.8333333333333334,0.1,adaptive,bit_flip,offspring,feasible_start_adaptive_spacing,,,,feasible_start_adaptive_spacing,0.5,,True,auto_from_instance,0.75,0.35,"1,5,14,16,24,25,26,29,36,45,48","16,25,33",,,,,,"H[1,5,9,14,16,23,24,25,26,29,36,45,48]|V[16,19,25,33]",bf5108750d7b2020996623a0b5cfbfcb2515fa68
proposed_nsga2_bs_Gyorgy-KOVACS_WH_Wide_AW_5_seed_110,proposed_nsga2_bs,Gyorgy-KOVACS_WH_Wide_AW_5,110,2,auto_from_instance,12,18,4,30,216,,,,,5,1,5,root > H:48 > BH:23 > BH:9 > BH:36 > BV:21,evaluated,10,inf,False,712,169,543,1367.0,1.0,1.0,True,True,1,1,0,True,1,1,0,0,True,True,0,13,4,13,4,1,SS_PF_LS,sampled_pool,,,True,0.16666666666666666,0.17864972026927553,0.8333333333333334,0.1,adaptive,bit_flip,offspring,feasible_start_adaptive_spacing,,,,feasible_start_adaptive_spacing,0.5,,True,auto_from_instance,0.75,0.35,"1,5,14,16,24,25,26,29,36,45,48","16,25,33",,,,,,"H[1,5,9,14,16,23,24,25,26,29,36,45,48]|V[16,21,25,33]",85625a8d62811b4658b810e92e27cf6b8c29f4de
proposed_nsga2_bs_Gyorgy-KOVACS_WH_Wide_AW_5_seed_110,proposed_nsga2_bs,Gyorgy-KOVACS_WH_Wide_AW_5,110,2,auto_from_instance,12,18,4,30,216,,,,,6,2,8,root > V:16 > BH:26 > BH:5 > BH:16 > BH:25 > BH:36 > BH:45 > BV:25,selected,0,inf,True,517,238,279,368.0,1.0,1.0,True,True,1,1,0,True,1,1,0,0,True,True,0,11,3,11,3,2,PF_SS_RP,sampled_pool,,,True,0.16666666666666666,0.2533574419692841,0.8333333333333334,0.1,adaptive,break_symmetry,offspring,feasible_start_adaptive_spacing,,,,feasible_start_adaptive_spacing,0.5,,True,auto_from_instance,0.75,0.35,"1,5,14,16,23,25,26,36,45,46,48","16,25,29",,,,,,"H[1,5,14,16,23,25,26,36,45,46,48]|V[16,25,29]",559a078c3ea143504613077c561cb3124d66b767
proposed_nsga2_bs_Gyorgy-KOVACS_WH_Wide_AW_5_seed_110,proposed_nsga2_bs,Gyorgy-KOVACS_WH_Wide_AW_5,110,2,auto_from_instance,12,18,4,30,216,,,,,7,2,8,root > V:16 > BH:26 > BH:5 > BH:14 > BH:25 > BH:36 > BH:45 > BV:25,selected,0,inf,True,517,238,279,368.0,1.0,1.0,True,True,1,1,0,True,1,1,0,0,True,True,0,11,3,11,3,2,PF_SS_RP,sampled_pool,,,True,0.16666666666666666,0.2533574419692841,0.8333333333333334,0.1,adaptive,break_symmetry,offspring,feasible_start_adaptive_spacing,,,,feasible_start_adaptive_spacing,0.5,,True,auto_from_instance,0.75,0.35,"1,5,14,16,23,25,26,36,45,46,48","16,25,29",,,,,,"H[1,5,14,16,23,25,26,36,45,46,48]|V[16,25,29]",6fcfc694894a367ef71d338faec4ce589ca685b5
proposed_nsga2_bs_Gyorgy-KOVACS_WH_Wide_AW_5_seed_110,proposed_nsga2_bs,Gyorgy-KOVACS_WH_Wide_AW_5,110,2,auto_from_instance,12,18,4,30,216,,,,,8,2,8,root > V:16 > BH:26 > BH:5 > BH:16 > BH:25 > BH:36 > BH:45 > BV:29,selected,2,inf,True,517,225,292,586.0,1.0,1.0,True,True,1,1,0,True,1,1,0,0,True,True,0,11,3,11,3,2,PF_SS_RP,sampled_pool,,,True,0.16666666666666666,0.2533574419692841,0.8333333333333334,0.1,adaptive,break_symmetry,offspring,feasible_start_adaptive_spacing,,,,feasible_start_adaptive_spacing,0.5,,True,auto_from_instance,0.75,0.35,"1,5,14,16,23,25,26,36,45,46,48","16,25,29",,,,,,"H[1,5,14,16,23,25,26,36,45,46,48]|V[16,25,29]",13a8831f3352523fe53b9477eb693b985fdfc37c
proposed_nsga2_bs_Gyorgy-KOVACS_WH_Wide_AW_5_seed_110,proposed_nsga2_bs,Gyorgy-KOVACS_WH_Wide_AW_5,110,2,auto_from_instance,12,18,4,30,216,,,,,9,2,8,root > V:16 > BH:26 > BH:5 > BH:14 > BH:25 > BH:36 > BH:45 > BV:29,selected,2,inf,True,517,225,292,586.0,1.0,1.0,True,True,1,1,0,True,1,1,0,0,True,True,0,11,3,11,3,2,PF_SS_RP,sampled_pool,,,True,0.16666666666666666,0.2533574419692841,0.8333333333333334,0.1,adaptive,break_symmetry,offspring,feasible_start_adaptive_spacing,,,,feasible_start_adaptive_spacing,0.5,,True,auto_from_instance,0.75,0.35,"1,5,14,16,23,25,26,36,45,46,48","16,25,29",,,,,,"H[1,5,14,16,23,25,26,36,45,46,48]|V[16,25,29]",7e0f4d1a90907f684b7d565e90c4ddb6c1ba7c58
proposed_nsga2_bs_Gyorgy-KOVACS_WH_Wide_AW_5_seed_110,proposed_nsga2_bs,Gyorgy-KOVACS_WH_Wide_AW_5,110,2,auto_from_instance,12,18,4,30,216,,,,,10,5,8,root > V:16 > BH:26 > BH:7 > BH:16 > BH:25 > BH:36 > BH:45 > BV:25,selected,1,inf,True,517,238,279,537.0,1.0,1.0,True,True,1,1,0,True,1,1,0,0,True,True,0,11,4,11,4,5,PF_LS,sampled_pool,,,False,0.16666666666666666,0.14212920174948981,0.8333333333333334,0.1,adaptive,spacing_aware_flip,offspring,feasible_start_adaptive_spacing,,,,feasible_start_adaptive_spacing,0.5,,True,auto_from_instance,0.75,0.35,"3,5,14,16,24,25,26,36,47","16,21,28",,,,,,"H[3,5,7,14,16,24,25,26,36,45,47]|V[16,21,25,28]",5f183debb27c7a24bc0f9f82fc27ee77d3fc24d8
proposed_nsga2_bs_Gyorgy-KOVACS_WH_Wide_AW_5_seed_110,proposed_nsga2_bs,Gyorgy-KOVACS_WH_Wide_AW_5,110,2,auto_from_instance,12,18,4,30,216,,,,,11,5,8,root > V:16 > BH:26 > BH:7 > BH:16 > BH:25 > BH:36 > BH:45 > BV:29,selected,3,inf,True,517,225,292,755.0,1.0,1.0,True,True,1,1,0,True,1,1,0,0,True,True,0,11,4,11,4,5,PF_LS,sampled_pool,,,False,0.16666666666666666,0.14212920174948981,0.8333333333333334,0.1,adaptive,spacing_aware_flip,offspring,feasible_start_adaptive_spacing,,,,feasible_start_adaptive_spacing,0.5,,True,auto_from_instance,0.75,0.35,"3,5,14,16,24,25,26,36,47","16,21,28",,,,,,"H[3,5,7,14,16,24,25,26,36,45,47]|V[16,21,28,29]",03af9372cf0d8e782f6e425ae89227ab68d20a8e
proposed_nsga2_bs_Gyorgy-KOVACS_WH_Wide_AW_5_seed_110,proposed_nsga2_bs,Gyorgy-KOVACS_WH_Wide_AW_5,110,2,auto_from_instance,12,18,4,30,216,,,,,12,6,7,root > V:17 > BH:26 > BH:5 > BH:16 > BH:25 > BH:36 > BH:47,selected,1,1.9121267679413303,True,572,220,352,507.0,1.0,1.0,True,True,1,1,0,True,1,1,0,0,True,True,0,11,4,11,4,6,LS_RP,sampled_pool,,,False,0.16666666666666666,0.2472397460437052,0.8333333333333334,0.1,adaptive,spacing_aware_flip,offspring,feasible_start_adaptive_spacing,,,,feasible_start_adaptive_spacing,0.5,,True,auto_from_instance,0.75,0.35,"1,5,13,14,25,26,36,45,48","5,17,25,33",,,,,,"H[1,5,13,14,16,25,26,36,45,47,48]|V[5,17,25,33]",173dd91401b4b71d9f20edd9e83506be465b9528
proposed_nsga2_bs_Gyorgy-KOVACS_WH_Wide_AW_5_seed_110,proposed_nsga2_bs,Gyorgy-KOVACS_WH_Wide_AW_5,110,2,auto_from_instance,12,18,4,30,216,,,,,13,6,7,root > V:17 > BH:26 > BH:5 > BH:14 > BH:25 > BH:36 > BH:47,selected,1,1.0878732320586695,True,572,220,352,507.0,1.0,1.0,True,True,1,1,0,True,1,1,0,0,True,True,0,10,4,10,4,6,LS_RP,sampled_pool,,,False,0.16666666666666666,0.2472397460437052,0.8333333333333334,0.1,adaptive,spacing_aware_flip,offspring,feasible_start_adaptive_spacing,,,,feasible_start_adaptive_spacing,0.5,,True,auto_from_instance,0.75,0.35,"1,5,13,14,25,26,36,45,48","5,17,25,33",,,,,,"H[1,5,13,14,25,26,36,45,47,48]|V[5,17,25,33]",e59e5dd5e1537a2d164e028d12bd66f538f0cb70
proposed_nsga2_bs_Gyorgy-KOVACS_WH_Wide_AW_5_seed_110,proposed_nsga2_bs,Gyorgy-KOVACS_WH_Wide_AW_5,110,2,auto_from_instance,12,18,4,30,216,,,,,14,6,7,root > V:17 > BH:26 > BH:7 > BH:16 > BH:25 > BH:36 > BH:47,selected,3,inf,True,572,220,352,663.0,1.0,1.0,True,True,1,1,0,True,1,1,0,0,True,True,0,12,4,12,4,6,LS_RP,sampled_pool,,,False,0.16666666666666666,0.2472397460437052,0.8333333333333334,0.1,adaptive,spacing_aware_flip,offspring,feasible_start_adaptive_spacing,,,,feasible_start_adaptive_spacing,0.5,,True,auto_from_instance,0.75,0.35,"1,5,13,14,25,26,36,45,48","5,17,25,33",,,,,,"H[1,5,7,13,14,16,25,26,36,45,47,48]|V[5,17,25,33]",61426df39d9f05da4c561d5073d32a1cf777516d
proposed_nsga2_bs_Gyorgy-KOVACS_WH_Wide_AW_5_seed_110,proposed_nsga2_bs,Gyorgy-KOVACS_WH_Wide_AW_5,110,2,auto_from_instance,12,18,4,30,216,,,,,15,6,7,root > V:17 > BH:26 > BH:5 > BH:16 > BH:25 > BH:36 > BH:45,selected,4,inf,True,572,220,352,711.0,1.0,1.0,True,True,1,1,0,True,1,1,0,0,True,True,0,10,4,10,4,6,LS_RP,sampled_pool,,,False,0.16666666666666666,0.2472397460437052,0.8333333333333334,0.1,adaptive,spacing_aware_flip,offspring,feasible_start_adaptive_spacing,,,,feasible_start_adaptive_spacing,0.5,,True,auto_from_instance,0.75,0.35,"1,5,13,14,25,26,36,45,48","5,17,25,33",,,,,,"H[1,5,13,14,16,25,26,36,45,48]|V[5,17,25,33]",854ec9b997ec508dda6ea9e399147d7a4b626ba8
proposed_nsga2_bs_Gyorgy-KOVACS_WH_Wide_AW_5_seed_110,proposed_nsga2_bs,Gyorgy-KOVACS_WH_Wide_AW_5,110,2,auto_from_instance,12,18,4,30,216,,,,,16,6,7,root > V:17 > BH:26 > BH:5 > BH:14 > BH:25 > BH:36 > BH:45,evaluated,4,inf,False,572,220,352,711.0,1.0,1.0,True,True,1,1,0,True,1,1,0,0,True,True,0,9,4,9,4,6,LS_RP,sampled_pool,,,False,0.16666666666666666,0.2472397460437052,0.8333333333333334,0.1,adaptive,spacing_aware_flip,offspring,feasible_start_adaptive_spacing,,,,feasible_start_adaptive_spacing,0.5,,True,auto_from_instance,0.75,0.35,"1,5,13,14,25,26,36,45,48","5,17,25,33",,,,,,"H[1,5,13,14,25,26,36,45,48]|V[5,17,25,33]",ef95c5265d039c602cc7246bb99c122e90a60068
proposed_nsga2_bs_Gyorgy-KOVACS_WH_Wide_AW_5_seed_110,proposed_nsga2_bs,Gyorgy-KOVACS_WH_Wide_AW_5,110,2,auto_from_instance,12,18,4,30,216,,,,,17,7,5,root > H:46 > BH:23 > BH:5 > BH:36 > BH:14,evaluated,9,inf,False,647,208,439,1029.0,1.0,1.0,True,True,1,1,0,True,1,1,0,0,True,True,0,11,2,11,2,7,SS_LS_PF,sampled_pool,,,True,0.16666666666666666,0.14027990716559027,0.8333333333333334,0.1,adaptive,break_symmetry,offspring,feasible_start_adaptive_spacing,,,,feasible_start_adaptive_spacing,0.5,,True,auto_from_instance,0.75,0.35,"1,5,14,16,25,27,36,45,46,48","17,25",,,,,,"H[1,5,14,16,23,25,27,36,45,46,48]|V[17,25]",017efd7c9c09a192fde875961a9facdc6a5943b0
proposed_nsga2_bs_Gyorgy-KOVACS_WH_Wide_AW_5_seed_110,proposed_nsga2_bs,Gyorgy-KOVACS_WH_Wide_AW_5,110,2,auto_from_instance,12,18,4,30,216,,,,,18,7,5,root > H:46 > BH:23 > BH:11 > BH:36 > BV:23,evaluated,10,inf,False,702,175,527,1397.0,1.0,1.0,True,True,1,1,0,True,1,1,0,0,True,True,0,12,3,12,3,7,SS_LS_PF,sampled_pool,,,True,0.16666666666666666,0.14027990716559027,0.8333333333333334,0.1,adaptive,break_symmetry,offspring,feasible_start_adaptive_spacing,,,,feasible_start_adaptive_spacing,0.5,,True,auto_from_instance,0.75,0.35,"1,5,14,16,25,27,36,45,46,48","17,25",,,,,,"H[1,5,11,14,16,23,25,27,36,45,46,48]|V[17,23,25]",16894c58fa17c5caa4560d76ed203d7e0381e3b7
proposed_nsga2_bs_Gyorgy-KOVACS_WH_Wide_AW_5_seed_110,proposed_nsga2_bs,Gyorgy-KOVACS_WH_Wide_AW_5,110,2,auto_from_instance,12,18,4,30,216,,,,,19,7,5,root > H:46 > BH:23 > BH:9 > BH:36 > BV:17,evaluated,12,inf,False,712,173,539,1730.0,1.0,1.0,True,True,1,1,0,True,1,1,0,0,True,True,0,12,2,12,2,7,SS_LS_PF,sampled_pool,,,True,0.16666666666666666,0.14027990716559027,0.8333333333333334,0.1,adaptive,break_symmetry,offspring,feasible_start_adaptive_spacing,,,,feasible_start_adaptive_spacing,0.5,,True,auto_from_instance,0.75,0.35,"1,5,14,16,25,27,36,45,46,48","17,25",,,,,,"H[1,5,9,14,16,23,25,27,36,45,46,48]|V[17,25]",afbd3121d620ee63c6491ee596d925e3f9d40fe3
proposed_nsga2_bs_Gyorgy-KOVACS_WH_Wide_AW_5_seed_110,proposed_nsga2_bs,Gyorgy-KOVACS_WH_Wide_AW_5,110,2,auto_from_instance,12,18,4,30,216,,,,,20,7,5,root > H:46 > BH:23 > BH:11 > BH:36 > BV:21,evaluated,11,inf,False,702,175,527,1567.0,1.0,1.0,True,True,1,1,0,True,1,1,0,0,True,True,0,12,3,12,3,7,SS_LS_PF,sampled_pool,,,True,0.16666666666666666,0.14027990716559027,0.8333333333333334,0.1,adaptive,break_symmetry,offspring,feasible_start_adaptive_spacing,,,,feasible_start_adaptive_spacing,0.5,,True,auto_from_instance,0.75,0.35,"1,5,14,16,25,27,36,45,46,48","17,25",,,,,,"H[1,5,11,14,16,23,25,27,36,45,46,48]|V[17,21,25]",c242cb11555fa8e7608ecc29aa68908622b97082
proposed_nsga2_bs_Gyorgy-KOVACS_WH_Wide_AW_5_seed_110,proposed_nsga2_bs,Gyorgy-KOVACS_WH_Wide_AW_5,110,2,auto_from_instance,12,18,4,30,216,,,,,21,7,5,root > H:46 > BH:23 > BH:9 > BH:36 > BV:19,evaluated,12,inf,False,712,171,541,1656.0,1.0,1.0,True,True,1,1,0,True,1,1,0,0,True,True,0,12,3,12,3,7,SS_LS_PF,sampled_pool,,,True,0.16666666666666666,0.14027990716559027,0.8333333333333334,0.1,adaptive,break_symmetry,offspring,feasible_start_adaptive_spacing,,,,feasible_start_adaptive_spacing,0.5,,True,auto_from_instance,0.75,0.35,"1,5,14,16,25,27,36,45,46,48","17,25",,,,,,"H[1,5,9,14,16,23,25,27,36,45,46,48]|V[17,19,25]",7d94bdd8caa5c0fc29893fc8cf19c68cf7fede5f
proposed_nsga2_bs_Gyorgy-KOVACS_WH_Wide_AW_5_seed_110,proposed_nsga2_bs,Gyorgy-KOVACS_WH_Wide_AW_5,110,2,auto_from_instance,12,18,4,30,216,,,,,22,8,7,root > H:45 > BH:23 > BH:5 > BH:36 > BH:14 > BV:29 > BV:19,selected,1,inf,True,577,215,362,497.0,1.0,1.0,True,True,1,1,0,True,1,1,0,0,True,True,0,13,4,13,4,8,SS_LS_PF,sampled_pool,,,True,0.16666666666666666,0.11939423873328289,0.8333333333333334,0.1,adaptive,insert_random_aisle,offspring,feasible_start_adaptive_spacing,,,,feasible_start_adaptive_spacing,0.5,,True,auto_from_instance,0.75,0.35,"3,5,13,14,16,24,25,26,36,45,47,55","16,28",,,,,,"H[3,5,13,14,16,23,24,25,26,36,45,47,55]|V[16,19,28,29]",fa8ee0c607602449ee5747931b7f8eccda536baf
proposed_nsga2_bs_Gyorgy-KOVACS_WH_Wide_AW_5_seed_110,proposed_nsga2_bs,Gyorgy-KOVACS_WH_Wide_AW_5,110,2,auto_from_instance,12,18,4,30,216,,,,,23,8,7,root > H:45 > BH:23 > BH:5 > BH:36 > BH:14 > BV:29 > BV:17,selected,2,inf,True,577,215,362,511.0,1.0,1.0,True,True,1,1,0,True,1,1,0,0,True,True,0,13,4,13,4,8,SS_LS_PF,sampled_pool,,,True,0.16666666666666666,0.11939423873328289,0.8333333333333334,0.1,adaptive,insert_random_aisle,offspring,feasible_start_adaptive_spacing,,,,feasible_start_adaptive_spacing,0.5,,True,auto_from_instance,0.75,0.35,"3,5,13,14,16,24,25,26,36,45,47,55","16,28",,,,,,"H[3,5,13,14,16,23,24,25,26,36,45,47,55]|V[16,17,28,29]",ce2749a27096b722c6849b42c8709586c061c1f4
proposed_nsga2_bs_Gyorgy-KOVACS_WH_Wide_AW_5_seed_110,proposed_nsga2_bs,Gyorgy-KOVACS_WH_Wide_AW_5,110,2,auto_from_instance,12,18,4,30,216,,,,,24,10,5,root > H:5 > BH:16 > BH:25 > BH:48 > BH:38,evaluated,5,inf,False,647,210,437,756.0,1.0,1.0,True,True,1,1,0,True,1,1,0,0,True,True,0,11,3,11,3,10,PF,sampled_pool,,,False,0.16666666666666666,0.17312324395513817,0.8333333333333334,0.1,adaptive,swap_segments,offspring,feasible_start_adaptive_spacing,,,,feasible_start_adaptive_spacing,0.5,,True,auto_from_instance,0.75,0.35,"1,5,14,16,25,26,36,45,47","11,25,29",,,,,,"H[1,5,14,16,25,26,36,38,45,47,48]|V[11,25,29]",999eacca5cc7a660b0a035b6630977186b2ab9bf
proposed_nsga2_bs_Gyorgy-KOVACS_WH_Wide_AW_5_seed_110,proposed_nsga2_bs,Gyorgy-KOVACS_WH_Wide_AW_5,110,2,auto_from_instance,12,18,4,30,216,,,,,25,10,5,root > H:5 > BH:16 > BH:25 > BH:48 > BH:36,evaluated,5,inf,False,647,210,437,756.0,1.0,1.0,True,True,1,1,0,True,1,1,0,0,True,True,0,10,3,10,3,10,PF,sampled_pool,,,False,0.16666666666666666,0.17312324395513817,0.8333333333333334,0.1,adaptive,swap_segments,offspring,feasible_start_adaptive_spacing,,,,feasible_start_adaptive_spacing,0.5,,True,auto_from_instance,0.75,0.35,"1,5,14,16,25,26,36,45,47","11,25,29",,,,,,"H[1,5,14,16,25,26,36,45,47,48]|V[11,25,29]",58d8a9e7fdd3f748ebaf20f412aa3ce4eb5e1852
proposed_nsga2_bs_Gyorgy-KOVACS_WH_Wide_AW_5_seed_110,proposed_nsga2_bs,Gyorgy-KOVACS_WH_Wide_AW_5,110,2,auto_from_instance,12,18,4,30,216,,,,,26,11,5,root > H:6 > BH:29 > BH:48 > BH:15 > BH:38,evaluated,8,inf,False,647,208,439,987.0,1.0,1.0,True,True,1,1,0,True,1,1,0,0,True,True,0,15,2,15,2,11,SS,sampled_pool,,,True,0.16666666666666666,0.12329085504030216,0.8333333333333334,0.1,adaptive,insert_random_aisle,offspring,feasible_start_adaptive_spacing,,,,feasible_start_adaptive_spacing,0.5,,True,auto_from_instance,0.75,0.35,"1,5,6,14,16,24,25,26,36,45,46,48","16,25",,,,,,"H[1,5,6,14,15,16,24,25,26,29,36,38,45,46,48]|V[16,25]",8e439aa83e36c04902a397a3b048e1e9bbeebd8f
proposed_nsga2_bs_Gyorgy-KOVACS_WH_Wide_AW_5_seed_110,proposed_nsga2_bs,Gyorgy-KOVACS_WH_Wide_AW_5,110,3,auto_from_instance,12,18,4,30,216,,,,,1,1,7,root > V:21 > BH:26 > BH:5 > BH:16 > BH:27 > BH:38 > BH:47,selected,4,inf,True,652,180,472,763.0,1.0,1.0,True,True,1,1,0,True,1,1,0,0,True,True,0,13,4,13,4,1,SS_PF_LS,sampled_pool,,,True,0.2222222222222222,0.2530897229380845,0.7777777777777778,0.1,adaptive,swap_segments,offspring,feasible_start_adaptive_spacing,,,,feasible_start_adaptive_spacing,0.5,,True,auto_from_instance,0.75,0.35,"3,5,14,16,19,24,25,26,36,45,47","16,21,25,29",,,,,,"H[3,5,14,16,19,24,25,26,27,36,38,45,47]|V[16,21,25,29]",2f63addef0a564eaffadcb442913b04bcdb20a31
proposed_nsga2_bs_Gyorgy-KOVACS_WH_Wide_AW_5_seed_110,proposed_nsga2_bs,Gyorgy-KOVACS_WH_Wide_AW_5,110,3,auto_from_instance,12,18,4,30,216,,,,,2,1,7,root > V:21 > BH:26 > BH:5 > BH:16 > BH:27 > BH:36 > BH:47,evaluated,4,0.0,False,652,180,472,763.0,1.0,1.0,True,True,1,1,0,True,1,1,0,0,True,True,0,12,4,12,4,1,SS_PF_LS,sampled_pool,,,True,0.2222222222222222,0.2530897229380845,0.7777777777777778,0.1,adaptive,swap_segments,offspring,feasible_start_adaptive_spacing,,,,feasible_start_adaptive_spacing,0.5,,True,auto_from_instance,0.75,0.35,"3,5,14,16,19,24,25,26,36,45,47","16,21,25,29",,,,,,"H[3,5,14,16,19,24,25,26,27,36,45,47]|V[16,21,25,29]",0f96e027200fa1a1c0edb07d21a5eb62a8ebadb2
proposed_nsga2_bs_Gyorgy-KOVACS_WH_Wide_AW_5_seed_110,proposed_nsga2_bs,Gyorgy-KOVACS_WH_Wide_AW_5,110,3,auto_from_instance,12,18,4,30,216,,,,,3,1,7,root > V:21 > BH:26 > BH:5 > BH:16 > BH:25 > BH:36 > BH:47,evaluated,4,0.0,False,652,180,472,763.0,1.0,1.0,True,True,1,1,0,True,1,1,0,0,True,True,0,11,4,11,4,1,SS_PF_LS,sampled_pool,,,True,0.2222222222222222,0.2530897229380845,0.7777777777777778,0.1,adaptive,swap_segments,offspring,feasible_start_adaptive_spacing,,,,feasible_start_adaptive_spacing,0.5,,True,auto_from_instance,0.75,0.35,"3,5,14,16,19,24,25,26,36,45,47","16,21,25,29",,,,,,"H[3,5,14,16,19,24,25,26,36,45,47]|V[16,21,25,29]",01a90fb20467da592e93711ac8a849c3053fcfd6
proposed_nsga2_bs_Gyorgy-KOVACS_WH_Wide_AW_5_seed_110,proposed_nsga2_bs,Gyorgy-KOVACS_WH_Wide_AW_5,110,3,auto_from_instance,12,18,4,30,216,,,,,4,1,7,root > V:21 > BH:26 > BH:5 > BH:14 > BH:25 > BH:36 > BH:47,selected,4,inf,True,652,180,472,763.0,1.0,1.0,True,True,1,1,0,True,1,1,0,0,True,True,0,11,4,11,4,1,SS_PF_LS,sampled_pool,,,True,0.2222222222222222,0.2530897229380845,0.7777777777777778,0.1,adaptive,swap_segments,offspring,feasible_start_adaptive_spacing,,,,feasible_start_adaptive_spacing,0.5,,True,auto_from_instance,0.75,0.35,"3,5,14,16,19,24,25,26,36,45,47","16,21,25,29",,,,,,"H[3,5,14,16,19,24,25,26,36,45,47]|V[16,21,25,29]",1958a387e19298fbb01706dd6afdd7339df9d6ae
proposed_nsga2_bs_Gyorgy-KOVACS_WH_Wide_AW_5_seed_110,proposed_nsga2_bs,Gyorgy-KOVACS_WH_Wide_AW_5,110,3,auto_from_instance,12,18,4,30,216,,,,,5,1,7,root > V:21 > BH:26 > BH:5 > BH:14 > BH:27 > BH:36 > BH:47,evaluated,5,inf,False,652,180,472,779.0,1.0,1.0,True,True,1,1,0,True,1,1,0,0,True,True,0,12,4,12,4,1,SS_PF_LS,sampled_pool,,,True,0.2222222222222222,0.2530897229380845,0.7777777777777778,0.1,adaptive,swap_segments,offspring,feasible_start_adaptive_spacing,,,,feasible_start_adaptive_spacing,0.5,,True,auto_from_instance,0.75,0.35,"3,5,14,16,19,24,25,26,36,45,47","16,21,25,29",,,,,,"H[3,5,14,16,19,24,25,26,27,36,45,47]|V[16,21,25,29]",7fe0a40c905a1e1db7529fac1c24ec9689fa56fb
proposed_nsga2_bs_Gyorgy-KOVACS_WH_Wide_AW_5_seed_110,proposed_nsga2_bs,Gyorgy-KOVACS_WH_Wide_AW_5,110,3,auto_from_instance,12,18,4,30,216,,,,,6,2,8,root > V:16 > BH:26 > BH:5 > BH:16 > BH:25 > BH:36 > BH:45 > BV:25,selected,0,inf,True,517,238,279,368.0,1.0,1.0,True,True,1,1,0,True,1,1,0,0,True,True,0,11,4,11,4,2,PF_SS,sampled_pool,,,True,0.2222222222222222,0.23057542110378812,0.7777777777777778,0.1,adaptive,bit_flip,offspring,feasible_start_adaptive_spacing,,,,feasible_start_adaptive_spacing,0.5,,True,auto_from_instance,0.75,0.35,"1,5,14,16,23,25,26,36,45,46,48","0,16,25,28",,,,,,"H[1,5,14,16,23,25,26,36,45,46,48]|V[0,16,25,28]",559a078c3ea143504613077c561cb3124d66b767
proposed_nsga2_bs_Gyorgy-KOVACS_WH_Wide_AW_5_seed_110,proposed_nsga2_bs,Gyorgy-KOVACS_WH_Wide_AW_5,110,3,auto_from_instance,12,18,4,30,216,,,,,7,2,8,root > V:16 > BH:26 > BH:5 > BH:14 > BH:25 > BH:36 > BH:45 > BV:25,selected,0,inf,True,517,238,279,368.0,1.0,1.0,True,True,1,1,0,True,1,1,0,0,True,True,0,11,4,11,4,2,PF_SS,sampled_pool,,,True,0.2222222222222222,0.23057542110378812,0.7777777777777778,0.1,adaptive,bit_flip,offspring,feasible_start_adaptive_spacing,,,,feasible_start_adaptive_spacing,0.5,,True,auto_from_instance,0.75,0.35,"1,5,14,16,23,25,26,36,45,46,48","0,16,25,28",,,,,,"H[1,5,14,16,23,25,26,36,45,46,48]|V[0,16,25,28]",6fcfc694894a367ef71d338faec4ce589ca685b5
proposed_nsga2_bs_Gyorgy-KOVACS_WH_Wide_AW_5_seed_110,proposed_nsga2_bs,Gyorgy-KOVACS_WH_Wide_AW_5,110,3,auto_from_instance,12,18,4,30,216,,,,,8,2,8,root > V:16 > BH:26 > BH:5 > BH:16 > BH:25 > BH:36 > BH:45 > BV:29,selected,2,inf,True,517,225,292,586.0,1.0,1.0,True,True,1,1,0,True,1,1,0,0,True,True,0,11,5,11,5,2,PF_SS,sampled_pool,,,True,0.2222222222222222,0.23057542110378812,0.7777777777777778,0.1,adaptive,bit_flip,offspring,feasible_start_adaptive_spacing,,,,feasible_start_adaptive_spacing,0.5,,True,auto_from_instance,0.75,0.35,"1,5,14,16,23,25,26,36,45,46,48","0,16,25,28",,,,,,"H[1,5,14,16,23,25,26,36,45,46,48]|V[0,16,25,28,29]",13a8831f3352523fe53b9477eb693b985fdfc37c
proposed_nsga2_bs_Gyorgy-KOVACS_WH_Wide_AW_5_seed_110,proposed_nsga2_bs,Gyorgy-KOVACS_WH_Wide_AW_5,110,3,auto_from_instance,12,18,4,30,216,,,,,9,2,8,root > V:16 > BH:26 > BH:5 > BH:14 > BH:25 > BH:36 > BH:45 > BV:29,selected,2,inf,True,517,225,292,586.0,1.0,1.0,True,True,1,1,0,True,1,1,0,0,True,True,0,11,5,11,5,2,PF_SS,sampled_pool,,,True,0.2222222222222222,0.23057542110378812,0.7777777777777778,0.1,adaptive,bit_flip,offspring,feasible_start_adaptive_spacing,,,,feasible_start_adaptive_spacing,0.5,,True,auto_from_instance,0.75,0.35,"1,5,14,16,23,25,26,36,45,46,48","0,16,25,28",,,,,,"H[1,5,14,16,23,25,26,36,45,46,48]|V[0,16,25,28,29]",7e0f4d1a90907f684b7d565e90c4ddb6c1ba7c58
proposed_nsga2_bs_Gyorgy-KOVACS_WH_Wide_AW_5_seed_110,proposed_nsga2_bs,Gyorgy-KOVACS_WH_Wide_AW_5,110,3,auto_from_instance,12,18,4,30,216,,,,,10,3,6,root > V:21 > BH:26 > BH:5 > BH:16 > BH:29 > BH:42,evaluated,7,inf,False,692,165,527,1197.0,1.0,1.0,True,True,1,1,0,True,1,1,0,0,True,True,0,14,7,14,7,3,RP_LS,sampled_pool,,,False,0.2222222222222222,0.2748895630520913,0.7777777777777778,0.1,adaptive,spacing_aware_flip,offspring,feasible_start_adaptive_spacing,,,,feasible_start_adaptive_spacing,0.5,,True,auto_from_instance,0.75,0.35,"1,5,13,14,16,24,25,26,36,45,47,48","5,12,17,21,25,28,33",,,,,,"H[1,5,13,14,16,24,25,26,29,36,42,45,47,48]|V[5,12,17,21,25,28,33]",3e80fff572b45638d4c993741f9187431fecc243
proposed_nsga2_bs_Gyorgy-KOVACS_WH_Wide_AW_5_seed_110,proposed_nsga2_bs,Gyorgy-KOVACS_WH_Wide_AW_5,110,3,auto_from_instance,12,18,4,30,216,,,,,11,3,6,root > V:21 > BH:26 > BH:5 > BH:16 > BH:27 > BH:40,evaluated,7,inf,False,692,168,524,1255.0,1.0,1.0,True,True,1,1,0,True,1,1,0,0,True,True,0,14,7,14,7,3,RP_LS,sampled_pool,,,False,0.2222222222222222,0.2748895630520913,0.7777777777777778,0.1,adaptive,spacing_aware_flip,offspring,feasible_start_adaptive_spacing,,,,feasible_start_adaptive_spacing,0.5,,True,auto_from_instance,0.75,0.35,"1,5,13,14,16,24,25,26,36,45,47,48","5,12,17,21,25,28,33",,,,,,"H[1,5,13,14,16,24,25,26,27,36,40,45,47,48]|V[5,12,17,21,25,28,33]",c29204a760792de9b5fff7fd1f22463071b8fe3a
proposed_nsga2_bs_Gyorgy-KOVACS_WH_Wide_AW_5_seed_110,proposed_nsga2_bs,Gyorgy-KOVACS_WH_Wide_AW_5,110,3,auto_from_instance,12,18,4,30,216,,,,,12,3,6,root > V:21 > BH:26 > BH:5 > BH:16 > BH:29 > BH:40,evaluated,8,inf,False,692,167,525,1255.0,1.0,1.0,True,True,1,1,0,True,1,1,0,0,True,True,0,14,7,14,7,3,RP_LS,sampled_pool,,,False,0.2222222222222222,0.2748895630520913,0.7777777777777778,0.1,adaptive,spacing_aware_flip,offspring,feasible_start_adaptive_spacing,,,,feasible_start_adaptive_spacing,0.5,,True,auto_from_instance,0.75,0.35,"1,5,13,14,16,24,25,26,36,45,47,48","5,12,17,21,25,28,33",,,,,,"H[1,5,13,14,16,24,25,26,29,36,40,45,47,48]|V[5,12,17,21,25,28,33]",4438a07913bba44771acc09fec1861ea8b6e3d46
proposed_nsga2_bs_Gyorgy-KOVACS_WH_Wide_AW_5_seed_110,proposed_nsga2_bs,Gyorgy-KOVACS_WH_Wide_AW_5,110,3,auto_from_instance,12,18,4,30,216,,,,,13,3,6,root > V:21 > BH:26 > BH:5 > BH:14 > BH:27 > BH:40,evaluated,8,inf,False,692,168,524,1271.0,1.0,1.0,True,True,1,1,0,True,1,1,0,0,True,True,0,14,7,14,7,3,RP_LS,sampled_pool,,,False,0.2222222222222222,0.2748895630520913,0.7777777777777778,0.1,adaptive,spacing_aware_flip,offspring,feasible_start_adaptive_spacing,,,,feasible_start_adaptive_spacing,0.5,,True,auto_from_instance,0.75,0.35,"1,5,13,14,16,24,25,26,36,45,47,48","5,12,17,21,25,28,33",,,,,,"H[1,5,13,14,16,24,25,26,27,36,40,45,47,48]|V[5,12,17,21,25,28,33]",d6f556ce4388bf7e47d115315ffef16b2112220e
proposed_nsga2_bs_Gyorgy-KOVACS_WH_Wide_AW_5_seed_110,proposed_nsga2_bs,Gyorgy-KOVACS_WH_Wide_AW_5,110,3,auto_from_instance,12,18,4,30,216,,,,,14,3,6,root > V:21 > BH:26 > BH:47 > BH:35 > BH:23 > BH:11,evaluated,9,inf,False,692,164,528,1293.0,1.0,1.0,True,True,1,1,0,True,1,1,0,0,True,True,0,15,7,15,7,3,RP_LS,sampled_pool,,,False,0.2222222222222222,0.2748895630520913,0.7777777777777778,0.1,adaptive,spacing_aware_flip,offspring,feasible_start_adaptive_spacing,,,,feasible_start_adaptive_spacing,0.5,,True,auto_from_instance,0.75,0.35,"1,5,13,14,16,24,25,26,36,45,47,48","5,12,17,21,25,28,33",,,,,,"H[1,5,11,13,14,16,23,24,25,26,35,36,45,47,48]|V[5,12,17,21,25,28,33]",aefb6def61337c0811fe5b11c3859df6b4d263cc
proposed_nsga2_bs_Gyorgy-KOVACS_WH_Wide_AW_5_seed_110,proposed_nsga2_bs,Gyorgy-KOVACS_WH_Wide_AW_5,110,3,auto_from_instance,12,18,4,30,216,,,,,15,4,5,root > H:47 > BH:23 > BH:5 > BH:36 > BH:14,evaluated,5,inf,False,647,208,439,840.0,1.0,1.0,True,True,1,1,0,True,1,1,0,0,True,True,0,11,2,11,2,4,SS,sampled_pool,,,True,0.2222222222222222,0.27905146929299385,0.7777777777777778,0.1,adaptive,break_symmetry,offspring,feasible_start_adaptive_spacing,,,,feasible_start_adaptive_spacing,0.5,,True,auto_from_instance,0.75,0.35,"3,5,7,14,16,25,26,36,45,47","16,24",,,,,,"H[3,5,7,14,16,23,25,26,36,45,47]|V[16,24]",3038576964c70446d8af656eb7cd065c5c1a9046
proposed_nsga2_bs_Gyorgy-KOVACS_WH_Wide_AW_5_seed_110,proposed_nsga2_bs,Gyorgy-KOVACS_WH_Wide_AW_5,110,3,auto_from_instance,12,18,4,30,216,,,,,16,4,5,root > H:47 > BH:23 > BH:5 > BH:38 > BH:14,evaluated,6,inf,False,647,208,439,924.0,1.0,1.0,True,True,1,1,0,True,1,1,0,0,True,True,0,12,2,12,2,4,SS,sampled_pool,,,True,0.2222222222222222,0.27905146929299385,0.7777777777777778,0.1,adaptive,break_symmetry,offspring,feasible_start_adaptive_spacing,,,,feasible_start_adaptive_spacing,0.5,,True,auto_from_instance,0.75,0.35,"3,5,7,14,16,25,26,36,45,47","16,24",,,,,,"H[3,5,7,14,16,23,25,26,36,38,45,47]|V[16,24]",122602b02cb15adba8b6c607260cd63777277b62
proposed_nsga2_bs_Gyorgy-KOVACS_WH_Wide_AW_5_seed_110,proposed_nsga2_bs,Gyorgy-KOVACS_WH_Wide_AW_5,110,3,auto_from_instance,12,18,4,30,216,,,,,17,4,5,root > H:47 > BH:23 > BH:9 > BH:36 > BV:17,evaluated,7,inf,False,712,173,539,1541.0,1.0,1.0,True,True,1,1,0,True,1,1,0,0,True,True,0,12,3,12,3,4,SS,sampled_pool,,,True,0.2222222222222222,0.27905146929299385,0.7777777777777778,0.1,adaptive,break_symmetry,offspring,feasible_start_adaptive_spacing,,,,feasible_start_adaptive_spacing,0.5,,True,auto_from_instance,0.75,0.35,"3,5,7,14,16,25,26,36,45,47","16,24",,,,,,"H[3,5,7,9,14,16,23,25,26,36,45,47]|V[16,17,24]",d7abc51f803709c6d1755373736fb909fd1b0038
proposed_nsga2_bs_Gyorgy-KOVACS_WH_Wide_AW_5_seed_110,proposed_nsga2_bs,Gyorgy-KOVACS_WH_Wide_AW_5,110,3,auto_from_instance,12,18,4,30,216,,,,,18,4,5,root > H:47 > BH:23 > BH:9 > BH:36 > BV:19,evaluated,7,1.043720930232558,False,712,171,541,1467.0,1.0,1.0,True,True,1,1,0,True,1,1,0,0,True,True,0,12,3,12,3,4,SS,sampled_pool,,,True,0.2222222222222222,0.27905146929299385,0.7777777777777778,0.1,adaptive,break_symmetry,offspring,feasible_start_adaptive_spacing,,,,feasible_start_adaptive_spacing,0.5,,True,auto_from_instance,0.75,0.35,"3,5,7,14,16,25,26,36,45,47","16,24",,,,,,"H[3,5,7,9,14,16,23,25,26,36,45,47]|V[16,19,24]",0827690a52754d7efd921fdbd79f7a76ea1d0aa8
proposed_nsga2_bs_Gyorgy-KOVACS_WH_Wide_AW_5_seed_110,proposed_nsga2_bs,Gyorgy-KOVACS_WH_Wide_AW_5,110,3,auto_from_instance,12,18,4,30,216,,,,,19,4,5,root > H:47 > BH:23 > BH:9 > BH:36 > BV:21,evaluated,7,1.311279069767442,False,712,169,543,1409.0,1.0,1.0,True,True,1,1,0,True,1,1,0,0,True,True,0,12,3,12,3,4,SS,sampled_pool,,,True,0.2222222222222222,0.27905146929299385,0.7777777777777778,0.1,adaptive,break_symmetry,offspring,feasible_start_adaptive_spacing,,,,feasible_start_adaptive_spacing,0.5,,True,auto_from_instance,0.75,0.35,"3,5,7,14,16,25,26,36,45,47","16,24",,,,,,"H[3,5,7,9,14,16,23,25,26,36,45,47]|V[16,21,24]",64bc4004c1ced6e611f640c163427b7cba3be756
proposed_nsga2_bs_Gyorgy-KOVACS_WH_Wide_AW_5_seed_110,proposed_nsga2_bs,Gyorgy-KOVACS_WH_Wide_AW_5,110,3,auto_from_instance,12,18,4,30,216,,,,,20,6,8,root > V:16 > BH:26 > BH:5 > BH:14 > BH:27 > BH:36 > BH:45 > BV:25,selected,1,inf,True,517,238,279,394.0,1.0,1.0,True,True,1,1,0,True,1,1,0,0,True,True,0,12,5,12,5,6,LS_PF,sampled_pool,,,False,0.2222222222222222,0.21496130395377483,0.7777777777777778,0.1,adaptive,bit_flip,offspring,feasible_start_adaptive_spacing,,,,feasible_start_adaptive_spacing,0.5,,True,auto_from_instance,0.75,0.35,"1,5,14,16,23,25,26,36,45,46,48","16,21,25,28,29",,,,,,"H[1,5,14,16,23,25,26,27,36,45,46,48]|V[16,21,25,28,29]",4bede7bfd994b3fc49c6e6a296741a248f655e92
proposed_nsga2_bs_Gyorgy-KOVACS_WH_Wide_AW_5_seed_110,proposed_nsga2_bs,Gyorgy-KOVACS_WH_Wide_AW_5,110,3,auto_from_instance,12,18,4,30,216,,,,,21,6,8,root > V:16 > BH:26 > BH:5 > BH:14 > BH:27 > BH:36 > BH:45 > BV:29,selected,3,inf,True,517,225,292,612.0,1.0,1.0,True,True,1,1,0,True,1,1,0,0,True,True,0,12,5,12,5,6,LS_PF,sampled_pool,,,False,0.2222222222222222,0.21496130395377483,0.7777777777777778,0.1,adaptive,bit_flip,offspring,feasible_start_adaptive_spacing,,,,feasible_start_adaptive_spacing,0.5,,True,auto_from_instance,0.75,0.35,"1,5,14,16,23,25,26,36,45,46,48","16,21,25,28,29",,,,,,"H[1,5,14,16,23,25,26,27,36,45,46,48]|V[16,21,25,28,29]",d69cf9fcac3a7c4a4c2f67adb71a7c7abf68b633
proposed_nsga2_bs_Gyorgy-KOVACS_WH_Wide_AW_5_seed_110,proposed_nsga2_bs,Gyorgy-KOVACS_WH_Wide_AW_5,110,3,auto_from_instance,12,18,4,30,216,,,,,22,9,5,root > H:16 > BH:41 > BV:25 > BV:23 > BH:29,evaluated,11,inf,False,727,160,567,1339.0,1.0,1.0,True,True,1,1,0,True,1,1,0,0,True,True,0,13,5,13,5,9,RP_LS,sampled_pool,,,False,0.2222222222222222,0.19989060275628195,0.7777777777777778,0.1,adaptive,spacing_aware_flip,offspring,feasible_start_adaptive_spacing,,,,feasible_start_adaptive_spacing,0.5,,True,auto_from_instance,0.75,0.35,"3,5,14,16,23,25,26,36,45,46,48","10,16,25,29",,,,,,"H[3,5,14,16,23,25,26,29,36,41,45,46,48]|V[10,16,23,25,29]",a4fb711bd985b259f65c3907c4656248cf44a682
proposed_nsga2_bs_Gyorgy-KOVACS_WH_Wide_AW_5_seed_110,proposed_nsga2_bs,Gyorgy-KOVACS_WH_Wide_AW_5,110,3,auto_from_instance,12,18,4,30,216,,,,,23,9,5,root > H:16 > BH:41 > BV:25 > BV:23 > BH:27,evaluated,11,inf,False,727,162,565,1381.0,1.0,1.0,True,True,1,1,0,True,1,1,0,0,True,True,0,13,5,13,5,9,RP_LS,sampled_pool,,,False,0.2222222222222222,0.19989060275628195,0.7777777777777778,0.1,adaptive,spacing_aware_flip,offspring,feasible_start_adaptive_spacing,,,,feasible_start_adaptive_spacing,0.5,,True,auto_from_instance,0.75,0.35,"3,5,14,16,23,25,26,36,45,46,48","10,16,25,29",,,,,,"H[3,5,14,16,23,25,26,27,36,41,45,46,48]|V[10,16,23,25,29]",54cbc5ac34214390e653e73e8f68ca28b5de621b
proposed_nsga2_bs_Gyorgy-KOVACS_WH_Wide_AW_5_seed_110,proposed_nsga2_bs,Gyorgy-KOVACS_WH_Wide_AW_5,110,3,auto_from_instance,12,18,4,30,216,,,,,24,9,5,root > H:16 > BH:41 > BV:25 > BV:23 > BH:25,evaluated,12,inf,False,727,162,565,1507.0,1.0,1.0,True,True,1,1,0,True,1,1,0,0,True,True,0,12,5,12,5,9,RP_LS,sampled_pool,,,False,0.2222222222222222,0.19989060275628195,0.7777777777777778,0.1,adaptive,spacing_aware_flip,offspring,feasible_start_adaptive_spacing,,,,feasible_start_adaptive_spacing,0.5,,True,auto_from_instance,0.75,0.35,"3,5,14,16,23,25,26,36,45,46,48","10,16,25,29",,,,,,"H[3,5,14,16,23,25,26,36,41,45,46,48]|V[10,16,23,25,29]",02c0ee46be838df89ccf77596cbeae54791d0a35
proposed_nsga2_bs_Gyorgy-KOVACS_WH_Wide_AW_5_seed_110,proposed_nsga2_bs,Gyorgy-KOVACS_WH_Wide_AW_5,110,3,auto_from_instance,12,18,4,30,216,,,,,25,10,6,root > H:45 > BH:25 > BH:5 > BH:36 > BH:16 > BV:17,selected,4,inf,True,612,215,397,838.0,1.0,1.0,True,True,1,1,0,True,1,1,0,0,True,True,0,11,6,11,6,10,SS_LS_PF,sampled_pool,,,True,0.2222222222222222,0.16917682691320587,0.7777777777777778,0.1,adaptive,spacing_aware_flip,offspring,feasible_start_adaptive_spacing,,,,feasible_start_adaptive_spacing,0.5,,True,auto_from_instance,0.75,0.35,"1,5,7,14,16,24,25,26,36,45,47","11,16,21,25,28",,,,,,"H[1,5,7,14,16,24,25,26,36,45,47]|V[11,16,17,21,25,28]",80928b7f91b49b7483bf405f1a756ffb458ca016
proposed_nsga2_bs_Gyorgy-KOVACS_WH_Wide_AW_5_seed_110,proposed_nsga2_bs,Gyorgy-KOVACS_WH_Wide_AW_5,110,3,auto_from_instance,12,18,4,30,216,,,,,26,10,6,root > H:45 > BH:25 > BH:5 > BH:36 > BH:14 > BV:17,selected,4,inf,True,612,215,397,838.0,1.0,1.0,True,True,1,1,0,True,1,1,0,0,True,True,0,11,6,11,6,10,SS_LS_PF,sampled_pool,,,True,0.2222222222222222,0.16917682691320587,0.7777777777777778,0.1,adaptive,spacing_aware_flip,offspring,feasible_start_adaptive_spacing,,,,feasible_start_adaptive_spacing,0.5,,True,auto_from_instance,0.75,0.35,"1,5,7,14,16,24,25,26,36,45,47","11,16,21,25,28",,,,,,"H[1,5,7,14,16,24,25,26,36,45,47]|V[11,16,17,21,25,28]",8728a035bc7d2e25fb60113548afdca133692f2b
proposed_nsga2_bs_Gyorgy-KOVACS_WH_Wide_AW_5_seed_110,proposed_nsga2_bs,Gyorgy-KOVACS_WH_Wide_AW_5,110,3,auto_from_instance,12,18,4,30,216,,,,,27,10,6,root > H:45 > BH:25 > BH:5 > BH:36 > BH:16 > BV:19,selected,4,0.40380952380952384,True,612,213,399,787.0,1.0,1.0,True,True,1,1,0,True,1,1,0,0,True,True,0,11,6,11,6,10,SS_LS_PF,sampled_pool,,,True,0.2222222222222222,0.16917682691320587,0.7777777777777778,0.1,adaptive,spacing_aware_flip,offspring,feasible_start_adaptive_spacing,,,,feasible_start_adaptive_spacing,0.5,,True,auto_from_instance,0.75,0.35,"1,5,7,14,16,24,25,26,36,45,47","11,16,21,25,28",,,,,,"H[1,5,7,14,16,24,25,26,36,45,47]|V[11,16,19,21,25,28]",419d431f1b5008a8837096b07021f558175463ae
proposed_nsga2_bs_Gyorgy-KOVACS_WH_Wide_AW_5_seed_110,proposed_nsga2_bs,Gyorgy-KOVACS_WH_Wide_AW_5,110,3,auto_from_instance,12,18,4,30,216,,,,,28,10,6,root > H:45 > BH:25 > BH:5 > BH:36 > BH:14 > BV:19,selected,4,2.5961904761904764,True,612,213,399,787.0,1.0,1.0,True,True,1,1,0,True,1,1,0,0,True,True,0,11,6,11,6,10,SS_LS_PF,sampled_pool,,,True,0.2222222222222222,0.16917682691320587,0.7777777777777778,0.1,adaptive,spacing_aware_flip,offspring,feasible_start_adaptive_spacing,,,,feasible_start_adaptive_spacing,0.5,,True,auto_from_instance,0.75,0.35,"1,5,7,14,16,24,25,26,36,45,47","11,16,21,25,28",,,,,,"H[1,5,7,14,16,24,25,26,36,45,47]|V[11,16,19,21,25,28]",3f49bcb71de100f5d1e8edca4211bc9294b67ce1
proposed_nsga2_bs_Gyorgy-KOVACS_WH_Wide_AW_5_seed_110,proposed_nsga2_bs,Gyorgy-KOVACS_WH_Wide_AW_5,110,3,auto_from_instance,12,18,4,30,216,,,,,29,10,6,root > H:45 > BH:25 > BH:5 > BH:36 > BH:16 > BV:25,evaluated,5,inf,False,612,208,404,894.0,1.0,1.0,True,True,1,1,0,True,1,1,0,0,True,True,0,11,5,11,5,10,SS_LS_PF,sampled_pool,,,True,0.2222222222222222,0.16917682691320587,0.7777777777777778,0.1,adaptive,spacing_aware_flip,offspring,feasible_start_adaptive_spacing,,,,feasible_start_adaptive_spacing,0.5,,True,auto_from_instance,0.75,0.35,"1,5,7,14,16,24,25,26,36,45,47","11,16,21,25,28",,,,,,"H[1,5,7,14,16,24,25,26,36,45,47]|V[11,16,21,25,28]",9c4c1726e29b16d85bcacf9b63e97c2691b8aa00
proposed_nsga2_bs_Gyorgy-KOVACS_WH_Wide_AW_5_seed_110,proposed_nsga2_bs,Gyorgy-KOVACS_WH_Wide_AW_5,110,3,auto_from_instance,12,18,4,30,216,,,,,30,12,5,root > H:13 > BH:36 > BV:25 > BV:25 > BH:26,evaluated,7,0.3213953488372093,False,717,168,549,1225.0,1.0,1.0,True,True,1,1,0,True,1,1,0,0,True,True,0,13,5,13,5,12,SS_PF_LS,sampled_pool,,,True,0.2222222222222222,0.2853506677841311,0.7777777777777778,0.1,adaptive,swap_segments,offspring,feasible_start_adaptive_spacing,,,,feasible_start_adaptive_spacing,0.5,,True,auto_from_instance,0.75,0.35,"3,5,13,14,16,23,24,25,26,36,45,47,55","8,17,18,27",,,,,,"H[3,5,13,14,16,23,24,25,26,36,45,47,55]|V[8,17,18,25,27]",f8254e6fc32ee07c7f035d4c8c95f0656c661966
proposed_nsga2_bs_Gyorgy-KOVACS_WH_Wide_AW_5_seed_110,proposed_nsga2_bs,Gyorgy-KOVACS_WH_Wide_AW_5,110,3,auto_from_instance,12,18,4,30,216,,,,,31,12,5,root > H:13 > BH:36 > BV:25 > BV:25 > BH:24,evaluated,7,inf,False,717,168,549,1225.0,1.0,1.0,True,True,1,1,0,True,1,1,0,0,True,True,0,13,5,13,5,12,SS_PF_LS,sampled_pool,,,True,0.2222222222222222,0.2853506677841311,0.7777777777777778,0.1,adaptive,swap_segments,offspring,feasible_start_adaptive_spacing,,,,feasible_start_adaptive_spacing,0.5,,True,auto_from_instance,0.75,0.35,"3,5,13,14,16,23,24,25,26,36,45,47,55","8,17,18,27",,,,,,"H[3,5,13,14,16,23,24,25,26,36,45,47,55]|V[8,17,18,25,27]",32618c7e103e5557012a95929356dbbe884564da
proposed_nsga2_bs_Gyorgy-KOVACS_WH_Wide_AW_5_seed_110,proposed_nsga2_bs,Gyorgy-KOVACS_WH_Wide_AW_5,110,3,auto_from_instance,12,18,4,30,216,,,,,32,12,5,root > H:13 > BH:36 > BV:25 > BV:23 > BH:26,evaluated,9,inf,False,717,168,549,1309.0,1.0,1.0,True,True,1,1,0,True,1,1,0,0,True,True,0,13,6,13,6,12,SS_PF_LS,sampled_pool,,,True,0.2222222222222222,0.2853506677841311,0.7777777777777778,0.1,adaptive,swap_segments,offspring,feasible_start_adaptive_spacing,,,,feasible_start_adaptive_spacing,0.5,,True,auto_from_instance,0.75,0.35,"3,5,13,14,16,23,24,25,26,36,45,47,55","8,17,18,27",,,,,,"H[3,5,13,14,16,23,24,25,26,36,45,47,55]|V[8,17,18,23,25,27]",59b657907b17a49701705c3c8da02155ff7e99c9
proposed_nsga2_bs_Gyorgy-KOVACS_WH_Wide_AW_5_seed_110,proposed_nsga2_bs,Gyorgy-KOVACS_WH_Wide_AW_5,110,3,auto_from_instance,12,18,4,30,216,,,,,33,12,5,root > H:13 > BH:36 > BV:25 > BV:23 > BH:24,evaluated,9,inf,False,717,168,549,1309.0,1.0,1.0,True,True,1,1,0,True,1,1,0,0,True,True,0,13,6,13,6,12,SS_PF_LS,sampled_pool,,,True,0.2222222222222222,0.2853506677841311,0.7777777777777778,0.1,adaptive,swap_segments,offspring,feasible_start_adaptive_spacing,,,,feasible_start_adaptive_spacing,0.5,,True,auto_from_instance,0.75,0.35,"3,5,13,14,16,23,24,25,26,36,45,47,55","8,17,18,27",,,,,,"H[3,5,13,14,16,23,24,25,26,36,45,47,55]|V[8,17,18,23,25,27]",db2373aa76a20a0c072ddd5d5dd3bdd4c2c326b3
proposed_nsga2_bs_Gyorgy-KOVACS_WH_Wide_AW_5_seed_110,proposed_nsga2_bs,Gyorgy-KOVACS_WH_Wide_AW_5,110,3,auto_from_instance,12,18,4,30,216,,,,,34,12,5,root > H:13 > BH:36 > BV:23 > BV:25 > BH:26,evaluated,10,inf,False,717,168,549,1337.0,1.0,1.0,True,True,1,1,0,True,1,1,0,0,True,True,0,13,6,13,6,12,SS_PF_LS,sampled_pool,,,True,0.2222222222222222,0.2853506677841311,0.7777777777777778,0.1,adaptive,swap_segments,offspring,feasible_start_adaptive_spacing,,,,feasible_start_adaptive_spacing,0.5,,True,auto_from_instance,0.75,0.35,"3,5,13,14,16,23,24,25,26,36,45,47,55","8,17,18,27",,,,,,"H[3,5,13,14,16,23,24,25,26,36,45,47,55]|V[8,17,18,23,25,27]",eca162f207f4c040bb2def4ae054e029fb545b1d
proposed_nsga2_bs_Gyorgy-KOVACS_WH_Wide_AW_5_seed_110,proposed_nsga2_bs,Gyorgy-KOVACS_WH_Wide_AW_5,110,4,auto_from_instance,12,18,4,30,216,,,,,1,1,8,root > V:16 > BH:26 > BH:7 > BH:16 > BH:25 > BH:36 > BH:45 > BV:25,selected,1,inf,True,517,238,279,537.0,1.0,1.0,True,True,1,1,0,True,1,1,0,0,True,True,0,12,5,12,5,1,PF_LS,sampled_pool,,,False,0.2777777777777778,0.2765560526205146,0.7222222222222222,0.1,adaptive,remove_random_aisle,offspring,feasible_start_adaptive_spacing,,,,feasible_start_adaptive_spacing,0.5,,True,auto_from_instance,0.75,0.35,"1,5,14,16,23,25,26,27,36,47","16,21,25,28,29",,,,,,"H[1,5,7,14,16,23,25,26,27,36,45,47]|V[16,21,25,28,29]",5f183debb27c7a24bc0f9f82fc27ee77d3fc24d8
proposed_nsga2_bs_Gyorgy-KOVACS_WH_Wide_AW_5_seed_110,proposed_nsga2_bs,Gyorgy-KOVACS_WH_Wide_AW_5,110,4,auto_from_instance,12,18,4,30,216,,,,,2,1,8,root > V:16 > BH:26 > BH:5 > BH:16 > BH:25 > BH:36 > BH:45 > BV:25,selected,0,inf,True,517,238,279,368.0,1.0,1.0,True,True,1,1,0,True,1,1,0,0,True,True,0,11,5,11,5,1,PF_LS,sampled_pool,,,False,0.2777777777777778,0.2765560526205146,0.7222222222222222,0.1,adaptive,remove_random_aisle,offspring,feasible_start_adaptive_spacing,,,,feasible_start_adaptive_spacing,0.5,,True,auto_from_instance,0.75,0.35,"1,5,14,16,23,25,26,27,36,47","16,21,25,28,29",,,,,,"H[1,5,14,16,23,25,26,27,36,45,47]|V[16,21,25,28,29]",559a078c3ea143504613077c561cb3124d66b767
proposed_nsga2_bs_Gyorgy-KOVACS_WH_Wide_AW_5_seed_110,proposed_nsga2_bs,Gyorgy-KOVACS_WH_Wide_AW_5,110,4,auto_from_instance,12,18,4,30,216,,,,,3,1,8,root > V:16 > BH:26 > BH:7 > BH:16 > BH:25 > BH:36 > BH:45 > BV:29,selected,3,inf,True,517,225,292,755.0,1.0,1.0,True,True,1,1,0,True,1,1,0,0,True,True,0,12,5,12,5,1,PF_LS,sampled_pool,,,False,0.2777777777777778,0.2765560526205146,0.7222222222222222,0.1,adaptive,remove_random_aisle,offspring,feasible_start_adaptive_spacing,,,,feasible_start_adaptive_spacing,0.5,,True,auto_from_instance,0.75,0.35,"1,5,14,16,23,25,26,27,36,47","16,21,25,28,29",,,,,,"H[1,5,7,14,16,23,25,26,27,36,45,47]|V[16,21,25,28,29]",03af9372cf0d8e782f6e425ae89227ab68d20a8e
proposed_nsga2_bs_Gyorgy-KOVACS_WH_Wide_AW_5_seed_110,proposed_nsga2_bs,Gyorgy-KOVACS_WH_Wide_AW_5,110,4,auto_from_instance,12,18,4,30,216,,,,,4,1,8,root > V:16 > BH:26 > BH:5 > BH:16 > BH:25 > BH:36 > BH:45 > BV:29,selected,2,inf,True,517,225,292,586.0,1.0,1.0,True,True,1,1,0,True,1,1,0,0,True,True,0,11,5,11,5,1,PF_LS,sampled_pool,,,False,0.2777777777777778,0.2765560526205146,0.7222222222222222,0.1,adaptive,remove_random_aisle,offspring,feasible_start_adaptive_spacing,,,,feasible_start_adaptive_spacing,0.5,,True,auto_from_instance,0.75,0.35,"1,5,14,16,23,25,26,27,36,47","16,21,25,28,29",,,,,,"H[1,5,14,16,23,25,26,27,36,45,47]|V[16,21,25,28,29]",13a8831f3352523fe53b9477eb693b985fdfc37c
proposed_nsga2_bs_Gyorgy-KOVACS_WH_Wide_AW_5_seed_110,proposed_nsga2_bs,Gyorgy-KOVACS_WH_Wide_AW_5,110,4,auto_from_instance,12,18,4,30,216,,,,,5,3,7,root > V:21 > BH:26 > BH:5 > BH:16 > BH:27 > BH:38 > BH:47,selected,4,inf,True,652,180,472,763.0,1.0,1.0,True,True,1,1,0,True,1,1,0,0,True,True,0,13,4,13,4,3,RP_LS,sampled_pool,,,False,0.2777777777777778,0.2855259237835623,0.7222222222222222,0.1,adaptive,swap_segments,offspring,feasible_start_adaptive_spacing,,,,feasible_start_adaptive_spacing,0.5,,True,auto_from_instance,0.75,0.35,"1,5,14,16,23,24,25,26,36,45,47","16,21,25,29",,,,,,"H[1,5,14,16,23,24,25,26,27,36,38,45,47]|V[16,21,25,29]",2f63addef0a564eaffadcb442913b04bcdb20a31
proposed_nsga2_bs_Gyorgy-KOVACS_WH_Wide_AW_5_seed_110,proposed_nsga2_bs,Gyorgy-KOVACS_WH_Wide_AW_5,110,4,auto_from_instance,12,18,4,30,216,,,,,6,3,7,root > V:21 > BH:26 > BH:5 > BH:16 > BH:25 > BH:38 > BH:47,evaluated,5,inf,False,652,180,472,779.0,1.0,1.0,True,True,1,1,0,True,1,1,0,0,True,True,0,12,4,12,4,3,RP_LS,sampled_pool,,,False,0.2777777777777778,0.2855259237835623,0.7222222222222222,0.1,adaptive,swap_segments,offspring,feasible_start_adaptive_spacing,,,,feasible_start_adaptive_spacing,0.5,,True,auto_from_instance,0.75,0.35,"1,5,14,16,23,24,25,26,36,45,47","16,21,25,29",,,,,,"H[1,5,14,16,23,24,25,26,36,38,45,47]|V[16,21,25,29]",a792a56432daab33caeba3cd7c76504fd95e9146
proposed_nsga2_bs_Gyorgy-KOVACS_WH_Wide_AW_5_seed_110,proposed_nsga2_bs,Gyorgy-KOVACS_WH_Wide_AW_5,110,4,auto_from_instance,12,18,4,30,216,,,,,7,4,8,root > V:16 > BH:26 > BH:5 > BH:14 > BH:25 > BH:36 > BH:45 > BV:25,selected,0,inf,True,517,238,279,368.0,1.0,1.0,True,True,1,1,0,True,1,1,0,0,True,True,0,13,5,13,5,4,PF_LS_RP,sampled_pool,,,False,0.2777777777777778,0.34880546938812734,0.7222222222222222,0.1,adaptive,spacing_aware_flip,offspring,feasible_start_adaptive_spacing,,,,feasible_start_adaptive_spacing,0.5,,True,auto_from_instance,0.75,0.35,"3,5,14,16,19,25,26,27,36,45,46,48,55","16,21,25,28,29",,,,,,"H[3,5,14,16,19,25,26,27,36,45,46,48,55]|V[16,21,25,28,29]",6fcfc694894a367ef71d338faec4ce589ca685b5
proposed_nsga2_bs_Gyorgy-KOVACS_WH_Wide_AW_5_seed_110,proposed_nsga2_bs,Gyorgy-KOVACS_WH_Wide_AW_5,110,4,auto_from_instance,12,18,4,30,216,,,,,8,4,8,root > V:16 > BH:26 > BH:5 > BH:14 > BH:25 > BH:36 > BH:45 > BV:29,selected,2,inf,True,517,225,292,586.0,1.0,1.0,True,True,1,1,0,True,1,1,0,0,True,True,0,13,5,13,5,4,PF_LS_RP,sampled_pool,,,False,0.2777777777777778,0.34880546938812734,0.7222222222222222,0.1,adaptive,spacing_aware_flip,offspring,feasible_start_adaptive_spacing,,,,feasible_start_adaptive_spacing,0.5,,True,auto_from_instance,0.75,0.35,"3,5,14,16,19,25,26,27,36,45,46,48,55","16,21,25,28,29",,,,,,"H[3,5,14,16,19,25,26,27,36,45,46,48,55]|V[16,21,25,28,29]",7e0f4d1a90907f684b7d565e90c4ddb6c1ba7c58
proposed_nsga2_bs_Gyorgy-KOVACS_WH_Wide_AW_5_seed_110,proposed_nsga2_bs,Gyorgy-KOVACS_WH_Wide_AW_5,110,4,auto_from_instance,12,18,4,30,216,,,,,9,5,6,root > H:45 > BH:25 > BH:5 > BH:36 > BH:16 > BV:17,selected,4,inf,True,612,215,397,838.0,1.0,1.0,True,True,1,1,0,True,1,1,0,0,True,True,0,12,6,12,6,5,SS_PF_LS,sampled_pool,,,True,0.2777777777777778,0.36038524970435337,0.7222222222222222,0.1,adaptive,bit_flip,offspring,feasible_start_adaptive_spacing,,,,feasible_start_adaptive_spacing,0.5,,True,auto_from_instance,0.75,0.35,"1,5,14,16,23,25,26,36,45,46,48,50","16,21,25,28,29",,,,,,"H[1,5,14,16,23,25,26,36,45,46,48,50]|V[16,17,21,25,28,29]",80928b7f91b49b7483bf405f1a756ffb458ca016
proposed_nsga2_bs_Gyorgy-KOVACS_WH_Wide_AW_5_seed_110,proposed_nsga2_bs,Gyorgy-KOVACS_WH_Wide_AW_5,110,4,auto_from_instance,12,18,4,30,216,,,,,10,5,6,root > H:45 > BH:25 > BH:5 > BH:36 > BH:14 > BV:17,selected,4,inf,True,612,215,397,838.0,1.0,1.0,True,True,1,1,0,True,1,1,0,0,True,True,0,12,6,12,6,5,SS_PF_LS,sampled_pool,,,True,0.2777777777777778,0.36038524970435337,0.7222222222222222,0.1,adaptive,bit_flip,offspring,feasible_start_adaptive_spacing,,,,feasible_start_adaptive_spacing,0.5,,True,auto_from_instance,0.75,0.35,"1,5,14,16,23,25,26,36,45,46,48,50","16,21,25,28,29",,,,,,"H[1,5,14,16,23,25,26,36,45,46,48,50]|V[16,17,21,25,28,29]",8728a035bc7d2e25fb60113548afdca133692f2b
proposed_nsga2_bs_Gyorgy-KOVACS_WH_Wide_AW_5_seed_110,proposed_nsga2_bs,Gyorgy-KOVACS_WH_Wide_AW_5,110,4,auto_from_instance,12,18,4,30,216,,,,,11,5,6,root > H:45 > BH:25 > BH:5 > BH:36 > BH:16 > BV:19,selected,4,0.40380952380952384,True,612,213,399,787.0,1.0,1.0,True,True,1,1,0,True,1,1,0,0,True,True,0,12,6,12,6,5,SS_PF_LS,sampled_pool,,,True,0.2777777777777778,0.36038524970435337,0.7222222222222222,0.1,adaptive,bit_flip,offspring,feasible_start_adaptive_spacing,,,,feasible_start_adaptive_spacing,0.5,,True,auto_from_instance,0.75,0.35,"1,5,14,16,23,25,26,36,45,46,48,50","16,21,25,28,29",,,,,,"H[1,5,14,16,23,25,26,36,45,46,48,50]|V[16,19,21,25,28,29]",419d431f1b5008a8837096b07021f558175463ae
proposed_nsga2_bs_Gyorgy-KOVACS_WH_Wide_AW_5_seed_110,proposed_nsga2_bs,Gyorgy-KOVACS_WH_Wide_AW_5,110,4,auto_from_instance,12,18,4,30,216,,,,,12,5,6,root > H:45 > BH:25 > BH:5 > BH:36 > BH:14 > BV:19,selected,4,2.5961904761904764,True,612,213,399,787.0,1.0,1.0,True,True,1,1,0,True,1,1,0,0,True,True,0,12,6,12,6,5,SS_PF_LS,sampled_pool,,,True,0.2777777777777778,0.36038524970435337,0.7222222222222222,0.1,adaptive,bit_flip,offspring,feasible_start_adaptive_spacing,,,,feasible_start_adaptive_spacing,0.5,,True,auto_from_instance,0.75,0.35,"1,5,14,16,23,25,26,36,45,46,48,50","16,21,25,28,29",,,,,,"H[1,5,14,16,23,25,26,36,45,46,48,50]|V[16,19,21,25,28,29]",3f49bcb71de100f5d1e8edca4211bc9294b67ce1
proposed_nsga2_bs_Gyorgy-KOVACS_WH_Wide_AW_5_seed_110,proposed_nsga2_bs,Gyorgy-KOVACS_WH_Wide_AW_5,110,4,auto_from_instance,12,18,4,30,216,,,,,13,5,6,root > H:45 > BH:25 > BH:7 > BH:36 > BH:16 > BV:17,evaluated,5,inf,False,612,215,397,1111.0,1.0,1.0,True,True,1,1,0,True,1,1,0,0,True,True,0,13,6,13,6,5,SS_PF_LS,sampled_pool,,,True,0.2777777777777778,0.36038524970435337,0.7222222222222222,0.1,adaptive,bit_flip,offspring,feasible_start_adaptive_spacing,,,,feasible_start_adaptive_spacing,0.5,,True,auto_from_instance,0.75,0.35,"1,5,14,16,23,25,26,36,45,46,48,50","16,21,25,28,29",,,,,,"H[1,5,7,14,16,23,25,26,36,45,46,48,50]|V[16,17,21,25,28,29]",b2bd15c812c304b398aa2a1956563706bc4f94c7
proposed_nsga2_bs_Gyorgy-KOVACS_WH_Wide_AW_5_seed_110,proposed_nsga2_bs,Gyorgy-KOVACS_WH_Wide_AW_5,110,4,auto_from_instance,12,18,4,30,216,,,,,14,9,7,root > V:21 > BH:26 > BH:5 > BH:14 > BH:27 > BH:38 > BH:47,evaluated,5,0.0,False,652,180,472,779.0,1.0,1.0,True,True,1,1,0,True,1,1,0,0,True,True,0,14,4,14,4,9,LS_PF,sampled_pool,,,False,0.2777777777777778,0.29356367470700934,0.7222222222222222,0.1,adaptive,remove_random_aisle,offspring,feasible_start_adaptive_spacing,,,,feasible_start_adaptive_spacing,0.5,,True,auto_from_instance,0.75,0.35,"1,5,14,16,23,25,26,27,36,45,46,48","21,25,28,29",,,,,,"H[1,5,14,16,23,25,26,27,36,38,45,46,47,48]|V[21,25,28,29]",6571975b75356a5abbc0148ff415e1e41e98252a
proposed_nsga2_bs_Gyorgy-KOVACS_WH_Wide_AW_5_seed_110,proposed_nsga2_bs,Gyorgy-KOVACS_WH_Wide_AW_5,110,4,auto_from_instance,12,18,4,30,216,,,,,15,9,7,root > V:21 > BH:26 > BH:5 > BH:14 > BH:27 > BH:36 > BH:47,evaluated,5,0.0,False,652,180,472,779.0,1.0,1.0,True,True,1,1,0,True,1,1,0,0,True,True,0,13,4,13,4,9,LS_PF,sampled_pool,,,False,0.2777777777777778,0.29356367470700934,0.7222222222222222,0.1,adaptive,remove_random_aisle,offspring,feasible_start_adaptive_spacing,,,,feasible_start_adaptive_spacing,0.5,,True,auto_from_instance,0.75,0.35,"1,5,14,16,23,25,26,27,36,45,46,48","21,25,28,29",,,,,,"H[1,5,14,16,23,25,26,27,36,45,46,47,48]|V[21,25,28,29]",7fe0a40c905a1e1db7529fac1c24ec9689fa56fb
proposed_nsga2_bs_Gyorgy-KOVACS_WH_Wide_AW_5_seed_110,proposed_nsga2_bs,Gyorgy-KOVACS_WH_Wide_AW_5,110,4,auto_from_instance,12,18,4,30,216,,,,,16,9,7,root > V:21 > BH:26 > BH:5 > BH:14 > BH:27 > BH:36 > BH:45,evaluated,6,inf,False,652,180,472,915.0,1.0,1.0,True,True,1,1,0,True,1,1,0,0,True,True,0,12,4,12,4,9,LS_PF,sampled_pool,,,False,0.2777777777777778,0.29356367470700934,0.7222222222222222,0.1,adaptive,remove_random_aisle,offspring,feasible_start_adaptive_spacing,,,,feasible_start_adaptive_spacing,0.5,,True,auto_from_instance,0.75,0.35,"1,5,14,16,23,25,26,27,36,45,46,48","21,25,28,29",,,,,,"H[1,5,14,16,23,25,26,27,36,45,46,48]|V[21,25,28,29]",d10edf4a8318d8eb355a8e1f45cda3e294c6b199
proposed_nsga2_bs_Gyorgy-KOVACS_WH_Wide_AW_5_seed_110,proposed_nsga2_bs,Gyorgy-KOVACS_WH_Wide_AW_5,110,4,auto_from_instance,12,18,4,30,216,,,,,17,9,7,root > V:21 > BH:26 > BH:5 > BH:14 > BH:25 > BH:38 > BH:47,evaluated,5,inf,False,652,180,472,779.0,1.0,1.0,True,True,1,1,0,True,1,1,0,0,True,True,0,14,4,14,4,9,LS_PF,sampled_pool,,,False,0.2777777777777778,0.29356367470700934,0.7222222222222222,0.1,adaptive,remove_random_aisle,offspring,feasible_start_adaptive_spacing,,,,feasible_start_adaptive_spacing,0.5,,True,auto_from_instance,0.75,0.35,"1,5,14,16,23,25,26,27,36,45,46,48","21,25,28,29",,,,,,"H[1,5,14,16,23,25,26,27,36,38,45,46,47,48]|V[21,25,28,29]",32ec0e923b126de239ac65cafc1e8e74c81f788e
proposed_nsga2_bs_Gyorgy-KOVACS_WH_Wide_AW_5_seed_110,proposed_nsga2_bs,Gyorgy-KOVACS_WH_Wide_AW_5,110,4,auto_from_instance,12,18,4,30,216,,,,,18,9,7,root > V:21 > BH:26 > BH:5 > BH:14 > BH:25 > BH:36 > BH:47,selected,4,inf,True,652,180,472,763.0,1.0,1.0,True,True,1,1,0,True,1,1,0,0,True,True,0,13,4,13,4,9,LS_PF,sampled_pool,,,False,0.2777777777777778,0.29356367470700934,0.7222222222222222,0.1,adaptive,remove_random_aisle,offspring,feasible_start_adaptive_spacing,,,,feasible_start_adaptive_spacing,0.5,,True,auto_from_instance,0.75,0.35,"1,5,14,16,23,25,26,27,36,45,46,48","21,25,28,29",,,,,,"H[1,5,14,16,23,25,26,27,36,45,46,47,48]|V[21,25,28,29]",1958a387e19298fbb01706dd6afdd7339df9d6ae
proposed_nsga2_bs_Gyorgy-KOVACS_WH_Wide_AW_5_seed_110,proposed_nsga2_bs,Gyorgy-KOVACS_WH_Wide_AW_5,110,4,auto_from_instance,12,18,4,30,216,,,,,19,11,5,root > H:14 > BH:35 > BV:25 > BV:25 > BH:25,evaluated,7,inf,False,707,172,535,1188.0,1.0,1.0,True,True,1,1,0,True,1,1,0,0,True,True,0,12,6,12,6,11,RP,sampled_pool,,,False,0.2777777777777778,0.25977363775798484,0.7222222222222222,0.1,adaptive,bit_flip,offspring,feasible_start_adaptive_spacing,,,,feasible_start_adaptive_spacing,0.5,,True,auto_from_instance,0.75,0.35,"1,5,14,16,23,25,26,36,45,46,48","0,16,25,26,28,29",,,,,,"H[1,5,14,16,23,25,26,35,36,45,46,48]|V[0,16,25,26,28,29]",d6b1987339e71b4b69afa1c4856c1566e3cf1119
proposed_nsga2_bs_Gyorgy-KOVACS_WH_Wide_AW_5_seed_110,proposed_nsga2_bs,Gyorgy-KOVACS_WH_Wide_AW_5,110,4,auto_from_instance,12,18,4,30,216,,,,,20,11,5,root > H:14 > BH:35 > BV:25 > BV:25 > BH:23,evaluated,8,inf,False,707,170,537,1230.0,1.0,1.0,True,True,1,1,0,True,1,1,0,0,True,True,0,12,6,12,6,11,RP,sampled_pool,,,False,0.2777777777777778,0.25977363775798484,0.7222222222222222,0.1,adaptive,bit_flip,offspring,feasible_start_adaptive_spacing,,,,feasible_start_adaptive_spacing,0.5,,True,auto_from_instance,0.75,0.35,"1,5,14,16,23,25,26,36,45,46,48","0,16,25,26,28,29",,,,,,"H[1,5,14,16,23,25,26,35,36,45,46,48]|V[0,16,25,26,28,29]",a824d6bfa43a0b7f1789fa52c2dd3a9f8ffa598e
proposed_nsga2_bs_Gyorgy-KOVACS_WH_Wide_AW_5_seed_110,proposed_nsga2_bs,Gyorgy-KOVACS_WH_Wide_AW_5,110,4,auto_from_instance,12,18,4,30,216,,,,,21,12,6,root > H:45 > BH:25 > BH:5 > BH:36 > BH:16 > BV:25,evaluated,5,3.0,False,612,208,404,894.0,1.0,1.0,True,True,1,1,0,True,1,1,0,0,True,True,0,12,5,12,5,12,SS_PF_LS,sampled_pool,,,True,0.2777777777777778,0.30639408550629166,0.7222222222222222,0.1,adaptive,insert_random_aisle,offspring,feasible_start_adaptive_spacing,,,,feasible_start_adaptive_spacing,0.5,,True,auto_from_instance,0.75,0.35,"1,5,14,16,23,25,26,27,36,45,46,48","16,21,25,27,28",,,,,,"H[1,5,14,16,23,25,26,27,36,45,46,48]|V[16,21,25,27,28]",9c4c1726e29b16d85bcacf9b63e97c2691b8aa00
proposed_nsga2_bs_Gyorgy-KOVACS_WH_Wide_AW_5_seed_110,proposed_nsga2_bs,Gyorgy-KOVACS_WH_Wide_AW_5,110,5,auto_from_instance,12,18,4,30,216,,,,,1,1,8,root > V:16 > BH:26 > BH:5 > BH:14 > BH:27 > BH:36 > BH:45 > BV:25,selected,1,inf,True,517,238,279,394.0,1.0,1.0,True,True,1,1,0,True,1,1,0,0,True,True,0,11,6,11,6,1,LS_PF,sampled_pool,,,False,0.3333333333333333,0.27282598728845087,0.6666666666666667,0.1,adaptive,bit_flip,offspring,feasible_start_adaptive_spacing,,,,feasible_start_adaptive_spacing,0.5,,True,auto_from_instance,0.75,0.35,"1,5,14,16,23,25,26,27,36,45,47","16,17,21,25,28,29",,,,,,"H[1,5,14,16,23,25,26,27,36,45,47]|V[16,17,21,25,28,29]",4bede7bfd994b3fc49c6e6a296741a248f655e92
proposed_nsga2_bs_Gyorgy-KOVACS_WH_Wide_AW_5_seed_110,proposed_nsga2_bs,Gyorgy-KOVACS_WH_Wide_AW_5,110,5,auto_from_instance,12,18,4,30,216,,,,,2,1,8,root > V:16 > BH:26 > BH:5 > BH:14 > BH:27 > BH:36 > BH:45 > BV:29,selected,3,inf,True,517,225,292,612.0,1.0,1.0,True,True,1,1,0,True,1,1,0,0,True,True,0,11,6,11,6,1,LS_PF,sampled_pool,,,False,0.3333333333333333,0.27282598728845087,0.6666666666666667,0.1,adaptive,bit_flip,offspring,feasible_start_adaptive_spacing,,,,feasible_start_adaptive_spacing,0.5,,True,auto_from_instance,0.75,0.35,"1,5,14,16,23,25,26,27,36,45,47","16,17,21,25,28,29",,,,,,"H[1,5,14,16,23,25,26,27,36,45,47]|V[16,17,21,25,28,29]",d69cf9fcac3a7c4a4c2f67adb71a7c7abf68b633
proposed_nsga2_bs_Gyorgy-KOVACS_WH_Wide_AW_5_seed_110,proposed_nsga2_bs,Gyorgy-KOVACS_WH_Wide_AW_5,110,5,auto_from_instance,12,18,4,30,216,,,,,3,2,8,root > V:16 > BH:26 > BH:5 > BH:16 > BH:25 > BH:36 > BH:45 > BV:25,selected,0,inf,True,517,238,279,368.0,1.0,1.0,True,True,1,1,0,True,1,1,0,0,True,True,0,12,5,12,5,2,PF_LS_RP,sampled_pool,,,False,0.3333333333333333,0.38298684177643066,0.6666666666666667,0.1,adaptive,remove_random_aisle,offspring,feasible_start_adaptive_spacing,,,,feasible_start_adaptive_spacing,0.5,,True,auto_from_instance,0.75,0.35,"1,5,7,14,16,23,25,26,27,36,47","16,21,25,28,29",,,,,,"H[1,5,7,14,16,23,25,26,27,36,45,47]|V[16,21,25,28,29]",559a078c3ea143504613077c561cb3124d66b767
proposed_nsga2_bs_Gyorgy-KOVACS_WH_Wide_AW_5_seed_110,proposed_nsga2_bs,Gyorgy-KOVACS_WH_Wide_AW_5,110,5,auto_from_instance,12,18,4,30,216,,,,,4,2,8,root > V:16 > BH:26 > BH:5 > BH:14 > BH:25 > BH:36 > BH:45 > BV:25,selected,0,inf,True,517,238,279,368.0,1.0,1.0,True,True,1,1,0,True,1,1,0,0,True,True,0,12,5,12,5,2,PF_LS_RP,sampled_pool,,,False,0.3333333333333333,0.38298684177643066,0.6666666666666667,0.1,adaptive,remove_random_aisle,offspring,feasible_start_adaptive_spacing,,,,feasible_start_adaptive_spacing,0.5,,True,auto_from_instance,0.75,0.35,"1,5,7,14,16,23,25,26,27,36,47","16,21,25,28,29",,,,,,"H[1,5,7,14,16,23,25,26,27,36,45,47]|V[16,21,25,28,29]",6fcfc694894a367ef71d338faec4ce589ca685b5
proposed_nsga2_bs_Gyorgy-KOVACS_WH_Wide_AW_5_seed_110,proposed_nsga2_bs,Gyorgy-KOVACS_WH_Wide_AW_5,110,5,auto_from_instance,12,18,4,30,216,,,,,5,2,8,root > V:16 > BH:26 > BH:5 > BH:16 > BH:25 > BH:36 > BH:45 > BV:29,selected,2,inf,True,517,225,292,586.0,1.0,1.0,True,True,1,1,0,True,1,1,0,0,True,True,0,12,5,12,5,2,PF_LS_RP,sampled_pool,,,False,0.3333333333333333,0.38298684177643066,0.6666666666666667,0.1,adaptive,remove_random_aisle,offspring,feasible_start_adaptive_spacing,,,,feasible_start_adaptive_spacing,0.5,,True,auto_from_instance,0.75,0.35,"1,5,7,14,16,23,25,26,27,36,47","16,21,25,28,29",,,,,,"H[1,5,7,14,16,23,25,26,27,36,45,47]|V[16,21,25,28,29]",13a8831f3352523fe53b9477eb693b985fdfc37c
proposed_nsga2_bs_Gyorgy-KOVACS_WH_Wide_AW_5_seed_110,proposed_nsga2_bs,Gyorgy-KOVACS_WH_Wide_AW_5,110,5,auto_from_instance,12,18,4,30,216,,,,,6,2,8,root > V:16 > BH:26 > BH:5 > BH:14 > BH:25 > BH:36 > BH:45 > BV:29,selected,2,inf,True,517,225,292,586.0,1.0,1.0,True,True,1,1,0,True,1,1,0,0,True,True,0,12,5,12,5,2,PF_LS_RP,sampled_pool,,,False,0.3333333333333333,0.38298684177643066,0.6666666666666667,0.1,adaptive,remove_random_aisle,offspring,feasible_start_adaptive_spacing,,,,feasible_start_adaptive_spacing,0.5,,True,auto_from_instance,0.75,0.35,"1,5,7,14,16,23,25,26,27,36,47","16,21,25,28,29",,,,,,"H[1,5,7,14,16,23,25,26,27,36,45,47]|V[16,21,25,28,29]",7e0f4d1a90907f684b7d565e90c4ddb6c1ba7c58
proposed_nsga2_bs_Gyorgy-KOVACS_WH_Wide_AW_5_seed_110,proposed_nsga2_bs,Gyorgy-KOVACS_WH_Wide_AW_5,110,5,auto_from_instance,12,18,4,30,216,,,,,7,4,7,root > V:21 > BH:26 > BH:5 > BH:16 > BH:27 > BH:38 > BH:47,evaluated,6,inf,False,652,180,472,763.0,1.0,1.0,True,True,1,1,0,True,1,1,0,0,True,True,0,13,4,13,4,4,RP,sampled_pool,,,False,0.3333333333333333,0.29136983112297804,0.6666666666666667,0.1,adaptive,remove_random_aisle,offspring,feasible_start_adaptive_spacing,,,,feasible_start_adaptive_spacing,0.5,,True,auto_from_instance,0.75,0.35,"1,3,5,14,16,23,25,26,27,36,45,47","21,25,28,29",,,,,,"H[1,3,5,14,16,23,25,26,27,36,38,45,47]|V[21,25,28,29]",2f63addef0a564eaffadcb442913b04bcdb20a31
proposed_nsga2_bs_Gyorgy-KOVACS_WH_Wide_AW_5_seed_110,proposed_nsga2_bs,Gyorgy-KOVACS_WH_Wide_AW_5,110,5,auto_from_instance,12,18,4,30,216,,,,,8,4,7,root > V:21 > BH:26 > BH:5 > BH:16 > BH:29 > BH:38 > BH:47,evaluated,7,inf,False,652,179,473,779.0,1.0,1.0,True,True,1,1,0,True,1,1,0,0,True,True,0,14,4,14,4,4,RP,sampled_pool,,,False,0.3333333333333333,0.29136983112297804,0.6666666666666667,0.1,adaptive,remove_random_aisle,offspring,feasible_start_adaptive_spacing,,,,feasible_start_adaptive_spacing,0.5,,True,auto_from_instance,0.75,0.35,"1,3,5,14,16,23,25,26,27,36,45,47","21,25,28,29",,,,,,"H[1,3,5,14,16,23,25,26,27,29,36,38,45,47]|V[21,25,28,29]",b4635755cd0052720e60436f85ec83f09d8198b1
proposed_nsga2_bs_Gyorgy-KOVACS_WH_Wide_AW_5_seed_110,proposed_nsga2_bs,Gyorgy-KOVACS_WH_Wide_AW_5,110,5,auto_from_instance,12,18,4,30,216,,,,,9,10,6,root > H:45 > BH:25 > BH:5 > BH:36 > BH:16 > BV:17,selected,4,inf,True,612,215,397,838.0,1.0,1.0,True,True,1,1,0,True,1,1,0,0,True,True,0,11,6,11,6,10,SS_PF_LS,sampled_pool,,,True,0.3333333333333333,0.3531471792826021,0.6666666666666667,0.1,adaptive,break_symmetry,offspring,feasible_start_adaptive_spacing,,,,feasible_start_adaptive_spacing,0.5,,True,auto_from_instance,0.75,0.35,"1,5,6,14,16,25,26,27,36,45,47","16,21,25,28,29",,,,,,"H[1,5,6,14,16,25,26,27,36,45,47]|V[16,17,21,25,28,29]",80928b7f91b49b7483bf405f1a756ffb458ca016
proposed_nsga2_bs_Gyorgy-KOVACS_WH_Wide_AW_5_seed_110,proposed_nsga2_bs,Gyorgy-KOVACS_WH_Wide_AW_5,110,5,auto_from_instance,12,18,4,30,216,,,,,10,10,6,root > H:45 > BH:25 > BH:5 > BH:36 > BH:14 > BV:17,selected,4,inf,True,612,215,397,838.0,1.0,1.0,True,True,1,1,0,True,1,1,0,0,True,True,0,11,6,11,6,10,SS_PF_LS,sampled_pool,,,True,0.3333333333333333,0.3531471792826021,0.6666666666666667,0.1,adaptive,break_symmetry,offspring,feasible_start_adaptive_spacing,,,,feasible_start_adaptive_spacing,0.5,,True,auto_from_instance,0.75,0.35,"1,5,6,14,16,25,26,27,36,45,47","16,21,25,28,29",,,,,,"H[1,5,6,14,16,25,26,27,36,45,47]|V[16,17,21,25,28,29]",8728a035bc7d2e25fb60113548afdca133692f2b
proposed_nsga2_bs_Gyorgy-KOVACS_WH_Wide_AW_5_seed_110,proposed_nsga2_bs,Gyorgy-KOVACS_WH_Wide_AW_5,110,5,auto_from_instance,12,18,4,30,216,,,,,11,10,6,root > H:45 > BH:25 > BH:5 > BH:36 > BH:16 > BV:19,evaluated,4,1.0643800643800643,False,612,213,399,787.0,1.0,1.0,True,True,1,1,0,True,1,1,0,0,True,True,0,11,6,11,6,10,SS_PF_LS,sampled_pool,,,True,0.3333333333333333,0.3531471792826021,0.6666666666666667,0.1,adaptive,break_symmetry,offspring,feasible_start_adaptive_spacing,,,,feasible_start_adaptive_spacing,0.5,,True,auto_from_instance,0.75,0.35,"1,5,6,14,16,25,26,27,36,45,47","16,21,25,28,29",,,,,,"H[1,5,6,14,16,25,26,27,36,45,47]|V[16,19,21,25,28,29]",419d431f1b5008a8837096b07021f558175463ae
proposed_nsga2_bs_Gyorgy-KOVACS_WH_Wide_AW_5_seed_110,proposed_nsga2_bs,Gyorgy-KOVACS_WH_Wide_AW_5,110,5,auto_from_instance,12,18,4,30,216,,,,,12,10,6,root > H:45 > BH:25 > BH:5 > BH:36 > BH:14 > BV:19,selected,4,inf,True,612,213,399,787.0,1.0,1.0,True,True,1,1,0,True,1,1,0,0,True,True,0,11,6,11,6,10,SS_PF_LS,sampled_pool,,,True,0.3333333333333333,0.3531471792826021,0.6666666666666667,0.1,adaptive,break_symmetry,offspring,feasible_start_adaptive_spacing,,,,feasible_start_adaptive_spacing,0.5,,True,auto_from_instance,0.75,0.35,"1,5,6,14,16,25,26,27,36,45,47","16,21,25,28,29",,,,,,"H[1,5,6,14,16,25,26,27,36,45,47]|V[16,19,21,25,28,29]",3f49bcb71de100f5d1e8edca4211bc9294b67ce1
proposed_nsga2_bs_Gyorgy-KOVACS_WH_Wide_AW_5_seed_110,proposed_nsga2_bs,Gyorgy-KOVACS_WH_Wide_AW_5,110,5,auto_from_instance,12,18,4,30,216,,,,,13,10,6,root > H:45 > BH:23 > BH:5 > BH:36 > BH:14 > BV:17,evaluated,5,inf,False,612,213,399,880.0,1.0,1.0,True,True,1,1,0,True,1,1,0,0,True,True,0,12,6,12,6,10,SS_PF_LS,sampled_pool,,,True,0.3333333333333333,0.3531471792826021,0.6666666666666667,0.1,adaptive,break_symmetry,offspring,feasible_start_adaptive_spacing,,,,feasible_start_adaptive_spacing,0.5,,True,auto_from_instance,0.75,0.35,"1,5,6,14,16,25,26,27,36,45,47","16,21,25,28,29",,,,,,"H[1,5,6,14,16,23,25,26,27,36,45,47]|V[16,17,21,25,28,29]",6aaaac4f4db306266a1c4c6252aafb0a957fa804
proposed_nsga2_bs_Gyorgy-KOVACS_WH_Wide_AW_5_seed_110,proposed_nsga2_bs,Gyorgy-KOVACS_WH_Wide_AW_5,110,5,auto_from_instance,12,18,4,30,216,,,,,14,11,4,root > V:27 > BH:26 > BV:17 > BV:17,selected,0,inf,True,567,256,311,311.0,1.0,1.0,True,True,1,1,0,True,1,1,0,0,True,True,0,12,6,12,6,11,RP_LS,sampled_pool,,,False,0.3333333333333333,0.3039938030642682,0.6666666666666667,0.1,adaptive,break_symmetry,offspring,feasible_start_adaptive_spacing,,,,feasible_start_adaptive_spacing,0.5,,True,auto_from_instance,0.75,0.35,"1,5,7,14,16,23,25,26,27,36,45,47","16,21,25,27,29",,,,,,"H[1,5,7,14,16,23,25,26,27,36,45,47]|V[16,17,21,25,27,29]",a8708aef2b1e3127a45cd25328e7b01fe876ac67
proposed_nsga2_bs_Gyorgy-KOVACS_WH_Wide_AW_5_seed_110,proposed_nsga2_bs,Gyorgy-KOVACS_WH_Wide_AW_5,110,5,auto_from_instance,12,18,4,30,216,,,,,15,11,4,root > V:29 > BH:26 > BV:19 > BV:19,selected,2,inf,True,557,202,355,408.0,1.0,1.0,True,True,1,1,0,True,1,1,0,0,True,True,0,12,6,12,6,11,RP_LS,sampled_pool,,,False,0.3333333333333333,0.3039938030642682,0.6666666666666667,0.1,adaptive,break_symmetry,offspring,feasible_start_adaptive_spacing,,,,feasible_start_adaptive_spacing,0.5,,True,auto_from_instance,0.75,0.35,"1,5,7,14,16,23,25,26,27,36,45,47","16,21,25,27,29",,,,,,"H[1,5,7,14,16,23,25,26,27,36,45,47]|V[16,19,21,25,27,29]",225a083d40a70add6d49c842c1ea1b7da9e91627
proposed_nsga2_bs_Gyorgy-KOVACS_WH_Wide_AW_5_seed_110,proposed_nsga2_bs,Gyorgy-KOVACS_WH_Wide_AW_5,110,5,auto_from_instance,12,18,4,30,216,,,,,16,11,4,root > V:29 > BH:26 > BV:19 > BV:17,selected,3,inf,True,557,202,355,458.0,1.0,1.0,True,True,1,1,0,True,1,1,0,0,True,True,0,12,7,12,7,11,RP_LS,sampled_pool,,,False,0.3333333333333333,0.3039938030642682,0.6666666666666667,0.1,adaptive,break_symmetry,offspring,feasible_start_adaptive_spacing,,,,feasible_start_adaptive_spacing,0.5,,True,auto_from_instance,0.75,0.35,"1,5,7,14,16,23,25,26,27,36,45,47","16,21,25,27,29",,,,,,"H[1,5,7,14,16,23,25,26,27,36,45,47]|V[16,17,19,21,25,27,29]",f590e28c4ca08f01adba87c9244bc357b1edb9bd
proposed_nsga2_bs_Gyorgy-KOVACS_WH_Wide_AW_5_seed_110,proposed_nsga2_bs,Gyorgy-KOVACS_WH_Wide_AW_5,110,5,auto_from_instance,12,18,4,30,216,,,,,17,11,4,root > V:29 > BH:26 > BV:19 > BV:17,evaluated,4,inf,False,557,202,355,460.0,1.0,1.0,True,True,1,1,0,True,1,1,0,0,True,True,0,12,7,12,7,11,RP_LS,sampled_pool,,,False,0.3333333333333333,0.3039938030642682,0.6666666666666667,0.1,adaptive,break_symmetry,offspring,feasible_start_adaptive_spacing,,,,feasible_start_adaptive_spacing,0.5,,True,auto_from_instance,0.75,0.35,"1,5,7,14,16,23,25,26,27,36,45,47","16,21,25,27,29",,,,,,"H[1,5,7,14,16,23,25,26,27,36,45,47]|V[16,17,19,21,25,27,29]",0ccd7482bc13afbeac630bd0faf7012fe4b70f5c
proposed_nsga2_bs_Gyorgy-KOVACS_WH_Wide_AW_5_seed_110,proposed_nsga2_bs,Gyorgy-KOVACS_WH_Wide_AW_5,110,5,auto_from_instance,12,18,4,30,216,,,,,18,11,4,root > V:29 > BH:26 > BV:17 > BV:17,evaluated,5,inf,False,557,202,355,510.0,1.0,1.0,True,True,1,1,0,True,1,1,0,0,True,True,0,12,6,12,6,11,RP_LS,sampled_pool,,,False,0.3333333333333333,0.3039938030642682,0.6666666666666667,0.1,adaptive,break_symmetry,offspring,feasible_start_adaptive_spacing,,,,feasible_start_adaptive_spacing,0.5,,True,auto_from_instance,0.75,0.35,"1,5,7,14,16,23,25,26,27,36,45,47","16,21,25,27,29",,,,,,"H[1,5,7,14,16,23,25,26,27,36,45,47]|V[16,17,21,25,27,29]",01a64afdd46edf4dc6b60538f107b837ec4162f0
proposed_nsga2_bs_Gyorgy-KOVACS_WH_Wide_AW_5_seed_110,proposed_nsga2_bs,Gyorgy-KOVACS_WH_Wide_AW_5,110,6,auto_from_instance,12,18,4,30,216,,,,,1,1,8,root > V:16 > BH:26 > BH:5 > BH:14 > BH:25 > BH:36 > BH:45 > BV:25,selected,0,inf,True,517,238,279,368.0,1.0,1.0,True,True,1,1,0,True,1,1,0,0,True,True,0,12,5,12,5,1,LS_SS,sampled_pool,,,True,0.3888888888888889,0.4182408881241422,0.6111111111111112,0.1,adaptive,break_symmetry,offspring,feasible_start_adaptive_spacing,,,,feasible_start_adaptive_spacing,0.5,,True,auto_from_instance,0.75,0.35,"1,5,7,14,16,23,25,26,27,36,45,47","16,21,26,29",,,,,,"H[1,5,7,14,16,23,25,26,27,36,45,47]|V[16,21,25,26,29]",6fcfc694894a367ef71d338faec4ce589ca685b5
proposed_nsga2_bs_Gyorgy-KOVACS_WH_Wide_AW_5_seed_110,proposed_nsga2_bs,Gyorgy-KOVACS_WH_Wide_AW_5,110,6,auto_from_instance,12,18,4,30,216,,,,,2,1,8,root > V:16 > BH:26 > BH:5 > BH:14 > BH:25 > BH:36 > BH:45 > BV:29,selected,3,inf,True,517,225,292,586.0,1.0,1.0,True,True,1,1,0,True,1,1,0,0,True,True,0,12,4,12,4,1,LS_SS,sampled_pool,,,True,0.3888888888888889,0.4182408881241422,0.6111111111111112,0.1,adaptive,break_symmetry,offspring,feasible_start_adaptive_spacing,,,,feasible_start_adaptive_spacing,0.5,,True,auto_from_instance,0.75,0.35,"1,5,7,14,16,23,25,26,27,36,45,47","16,21,26,29",,,,,,"H[1,5,7,14,16,23,25,26,27,36,45,47]|V[16,21,26,29]",7e0f4d1a90907f684b7d565e90c4ddb6c1ba7c58
proposed_nsga2_bs_Gyorgy-KOVACS_WH_Wide_AW_5_seed_110,proposed_nsga2_bs,Gyorgy-KOVACS_WH_Wide_AW_5,110,6,auto_from_instance,12,18,4,30,216,,,,,3,2,8,root > V:16 > BH:26 > BH:5 > BH:16 > BH:27 > BH:36 > BH:45 > BV:25,selected,0,0.0,True,517,238,279,368.0,1.0,1.0,True,True,1,1,0,True,1,1,0,0,True,True,0,12,8,12,8,2,LS,sampled_pool,,,False,0.3888888888888889,0.47080847439023726,0.6111111111111112,0.1,adaptive,insert_random_aisle,offspring,feasible_start_adaptive_spacing,,,,feasible_start_adaptive_spacing,0.5,,True,auto_from_instance,0.75,0.35,"1,5,7,14,16,23,25,26,27,36,45,47","16,17,21,22,25,27,28,29",,,,,,"H[1,5,7,14,16,23,25,26,27,36,45,47]|V[16,17,21,22,25,27,28,29]",015ee1c8318bbe65f9d75b3878c91b9d7be2a076
proposed_nsga2_bs_Gyorgy-KOVACS_WH_Wide_AW_5_seed_110,proposed_nsga2_bs,Gyorgy-KOVACS_WH_Wide_AW_5,110,6,auto_from_instance,12,18,4,30,216,,,,,4,2,8,root > V:16 > BH:26 > BH:5 > BH:16 > BH:25 > BH:36 > BH:45 > BV:25,selected,0,inf,True,517,238,279,368.0,1.0,1.0,True,True,1,1,0,True,1,1,0,0,True,True,0,12,8,12,8,2,LS,sampled_pool,,,False,0.3888888888888889,0.47080847439023726,0.6111111111111112,0.1,adaptive,insert_random_aisle,offspring,feasible_start_adaptive_spacing,,,,feasible_start_adaptive_spacing,0.5,,True,auto_from_instance,0.75,0.35,"1,5,7,14,16,23,25,26,27,36,45,47","16,17,21,22,25,27,28,29",,,,,,"H[1,5,7,14,16,23,25,26,27,36,45,47]|V[16,17,21,22,25,27,28,29]",559a078c3ea143504613077c561cb3124d66b767
proposed_nsga2_bs_Gyorgy-KOVACS_WH_Wide_AW_5_seed_110,proposed_nsga2_bs,Gyorgy-KOVACS_WH_Wide_AW_5,110,6,auto_from_instance,12,18,4,30,216,,,,,5,2,8,root > V:16 > BH:26 > BH:5 > BH:16 > BH:27 > BH:36 > BH:45 > BV:29,selected,3,0.0,True,517,225,292,586.0,1.0,1.0,True,True,1,1,0,True,1,1,0,0,True,True,0,12,8,12,8,2,LS,sampled_pool,,,False,0.3888888888888889,0.47080847439023726,0.6111111111111112,0.1,adaptive,insert_random_aisle,offspring,feasible_start_adaptive_spacing,,,,feasible_start_adaptive_spacing,0.5,,True,auto_from_instance,0.75,0.35,"1,5,7,14,16,23,25,26,27,36,45,47","16,17,21,22,25,27,28,29",,,,,,"H[1,5,7,14,16,23,25,26,27,36,45,47]|V[16,17,21,22,25,27,28,29]",ed71c8d546062d956359fd31a02e14699e745412
proposed_nsga2_bs_Gyorgy-KOVACS_WH_Wide_AW_5_seed_110,proposed_nsga2_bs,Gyorgy-KOVACS_WH_Wide_AW_5,110,6,auto_from_instance,12,18,4,30,216,,,,,6,2,8,root > V:16 > BH:26 > BH:5 > BH:16 > BH:25 > BH:36 > BH:45 > BV:29,selected,3,inf,True,517,225,292,586.0,1.0,1.0,True,True,1,1,0,True,1,1,0,0,True,True,0,12,8,12,8,2,LS,sampled_pool,,,False,0.3888888888888889,0.47080847439023726,0.6111111111111112,0.1,adaptive,insert_random_aisle,offspring,feasible_start_adaptive_spacing,,,,feasible_start_adaptive_spacing,0.5,,True,auto_from_instance,0.75,0.35,"1,5,7,14,16,23,25,26,27,36,45,47","16,17,21,22,25,27,28,29",,,,,,"H[1,5,7,14,16,23,25,26,27,36,45,47]|V[16,17,21,22,25,27,28,29]",13a8831f3352523fe53b9477eb693b985fdfc37c
proposed_nsga2_bs_Gyorgy-KOVACS_WH_Wide_AW_5_seed_110,proposed_nsga2_bs,Gyorgy-KOVACS_WH_Wide_AW_5,110,6,auto_from_instance,12,18,4,30,216,,,,,7,6,8,root > V:16 > BH:26 > BH:5 > BH:14 > BH:27 > BH:36 > BH:45 > BV:25,selected,1,inf,True,517,238,279,394.0,1.0,1.0,True,True,1,1,0,True,1,1,0,0,True,True,0,12,7,12,7,6,LS_PF,sampled_pool,,,False,0.3888888888888889,0.43236588016307465,0.6111111111111112,0.1,adaptive,break_symmetry,offspring,feasible_start_adaptive_spacing,,,,feasible_start_adaptive_spacing,0.5,,True,auto_from_instance,0.75,0.35,"1,5,7,14,16,23,25,26,27,36,45,47","16,17,21,26,28,29",,,,,,"H[1,5,7,14,16,23,25,26,27,36,45,47]|V[16,17,21,25,26,28,29]",4bede7bfd994b3fc49c6e6a296741a248f655e92
proposed_nsga2_bs_Gyorgy-KOVACS_WH_Wide_AW_5_seed_110,proposed_nsga2_bs,Gyorgy-KOVACS_WH_Wide_AW_5,110,6,auto_from_instance,12,18,4,30,216,,,,,8,6,8,root > V:16 > BH:26 > BH:5 > BH:14 > BH:27 > BH:36 > BH:45 > BV:29,selected,4,inf,True,517,225,292,612.0,1.0,1.0,True,True,1,1,0,True,1,1,0,0,True,True,0,12,6,12,6,6,LS_PF,sampled_pool,,,False,0.3888888888888889,0.43236588016307465,0.6111111111111112,0.1,adaptive,break_symmetry,offspring,feasible_start_adaptive_spacing,,,,feasible_start_adaptive_spacing,0.5,,True,auto_from_instance,0.75,0.35,"1,5,7,14,16,23,25,26,27,36,45,47","16,17,21,26,28,29",,,,,,"H[1,5,7,14,16,23,25,26,27,36,45,47]|V[16,17,21,26,28,29]",d69cf9fcac3a7c4a4c2f67adb71a7c7abf68b633
proposed_nsga2_bs_Gyorgy-KOVACS_WH_Wide_AW_5_seed_110,proposed_nsga2_bs,Gyorgy-KOVACS_WH_Wide_AW_5,110,6,auto_from_instance,12,18,4,30,216,,,,,9,7,8,root > V:16 > BH:26 > BH:7 > BH:16 > BH:25 > BH:36 > BH:45 > BV:25,selected,2,inf,True,517,238,279,537.0,1.0,1.0,True,True,1,1,0,True,1,1,0,0,True,True,0,12,6,12,6,7,LS_PF,sampled_pool,,,False,0.3888888888888889,0.39815218844635125,0.6111111111111112,0.1,adaptive,swap_segments,offspring,feasible_start_adaptive_spacing,,,,feasible_start_adaptive_spacing,0.5,,True,auto_from_instance,0.75,0.35,"1,5,14,16,23,25,26,27,36,45,47","0,16,17,21,25,28",,,,,,"H[1,5,7,14,16,23,25,26,27,36,45,47]|V[0,16,17,21,25,28]",5f183debb27c7a24bc0f9f82fc27ee77d3fc24d8
proposed_nsga2_bs_Gyorgy-KOVACS_WH_Wide_AW_5_seed_110,proposed_nsga2_bs,Gyorgy-KOVACS_WH_Wide_AW_5,110,6,auto_from_instance,12,18,4,30,216,,,,,10,7,8,root > V:16 > BH:26 > BH:7 > BH:16 > BH:25 > BH:36 > BH:45 > BV:29,evaluated,5,inf,False,517,225,292,755.0,1.0,1.0,True,True,1,1,0,True,1,1,0,0,True,True,0,12,7,12,7,7,LS_PF,sampled_pool,,,False,0.3888888888888889,0.39815218844635125,0.6111111111111112,0.1,adaptive,swap_segments,offspring,feasible_start_adaptive_spacing,,,,feasible_start_adaptive_spacing,0.5,,True,auto_from_instance,0.75,0.35,"1,5,14,16,23,25,26,27,36,45,47","0,16,17,21,25,28",,,,,,"H[1,5,7,14,16,23,25,26,27,36,45,47]|V[0,16,17,21,25,28,29]",03af9372cf0d8e782f6e425ae89227ab68d20a8e
proposed_nsga2_bs_Gyorgy-KOVACS_WH_Wide_AW_5_seed_110,proposed_nsga2_bs,Gyorgy-KOVACS_WH_Wide_AW_5,110,6,auto_from_instance,12,18,4,30,216,,,,,11,8,7,root > V:21 > BH:26 > BH:5 > BH:16 > BH:27 > BH:38 > BH:47,evaluated,6,inf,False,652,180,472,763.0,1.0,1.0,True,True,1,1,0,True,1,1,0,0,True,True,0,13,5,13,5,8,SS_PF_LS,sampled_pool,,,True,0.3888888888888889,0.327415644787362,0.6111111111111112,0.1,adaptive,break_symmetry,offspring,feasible_start_adaptive_spacing,,,,feasible_start_adaptive_spacing,0.5,,True,auto_from_instance,0.75,0.35,"1,5,7,14,16,23,25,26,27,36,45,47","16,21,25,28,30",,,,,,"H[1,5,7,14,16,23,25,26,27,36,38,45,47]|V[16,21,25,28,30]",2f63addef0a564eaffadcb442913b04bcdb20a31
proposed_nsga2_bs_Gyorgy-KOVACS_WH_Wide_AW_5_seed_110,proposed_nsga2_bs,Gyorgy-KOVACS_WH_Wide_AW_5,110,6,auto_from_instance,12,18,4,30,216,,,,,12,8,7,root > V:21 > BH:26 > BH:5 > BH:16 > BH:27 > BH:36 > BH:47,evaluated,6,0.0,False,652,180,472,763.0,1.0,1.0,True,True,1,1,0,True,1,1,0,0,True,True,0,12,5,12,5,8,SS_PF_LS,sampled_pool,,,True,0.3888888888888889,0.327415644787362,0.6111111111111112,0.1,adaptive,break_symmetry,offspring,feasible_start_adaptive_spacing,,,,feasible_start_adaptive_spacing,0.5,,True,auto_from_instance,0.75,0.35,"1,5,7,14,16,23,25,26,27,36,45,47","16,21,25,28,30",,,,,,"H[1,5,7,14,16,23,25,26,27,36,45,47]|V[16,21,25,28,30]",0f96e027200fa1a1c0edb07d21a5eb62a8ebadb2
proposed_nsga2_bs_Gyorgy-KOVACS_WH_Wide_AW_5_seed_110,proposed_nsga2_bs,Gyorgy-KOVACS_WH_Wide_AW_5,110,6,auto_from_instance,12,18,4,30,216,,,,,13,8,7,root > V:21 > BH:26 > BH:5 > BH:16 > BH:25 > BH:36 > BH:47,evaluated,6,0.0,False,652,180,472,763.0,1.0,1.0,True,True,1,1,0,True,1,1,0,0,True,True,0,12,5,12,5,8,SS_PF_LS,sampled_pool,,,True,0.3888888888888889,0.327415644787362,0.6111111111111112,0.1,adaptive,break_symmetry,offspring,feasible_start_adaptive_spacing,,,,feasible_start_adaptive_spacing,0.5,,True,auto_from_instance,0.75,0.35,"1,5,7,14,16,23,25,26,27,36,45,47","16,21,25,28,30",,,,,,"H[1,5,7,14,16,23,25,26,27,36,45,47]|V[16,21,25,28,30]",01a90fb20467da592e93711ac8a849c3053fcfd6
proposed_nsga2_bs_Gyorgy-KOVACS_WH_Wide_AW_5_seed_110,proposed_nsga2_bs,Gyorgy-KOVACS_WH_Wide_AW_5,110,6,auto_from_instance,12,18,4,30,216,,,,,14,8,7,root > V:21 > BH:26 > BH:5 > BH:14 > BH:25 > BH:36 > BH:47,evaluated,6,inf,False,652,180,472,763.0,1.0,1.0,True,True,1,1,0,True,1,1,0,0,True,True,0,12,5,12,5,8,SS_PF_LS,sampled_pool,,,True,0.3888888888888889,0.327415644787362,0.6111111111111112,0.1,adaptive,break_symmetry,offspring,feasible_start_adaptive_spacing,,,,feasible_start_adaptive_spacing,0.5,,True,auto_from_instance,0.75,0.35,"1,5,7,14,16,23,25,26,27,36,45,47","16,21,25,28,30",,,,,,"H[1,5,7,14,16,23,25,26,27,36,45,47]|V[16,21,25,28,30]",1958a387e19298fbb01706dd6afdd7339df9d6ae
proposed_nsga2_bs_Gyorgy-KOVACS_WH_Wide_AW_5_seed_110,proposed_nsga2_bs,Gyorgy-KOVACS_WH_Wide_AW_5,110,6,auto_from_instance,12,18,4,30,216,,,,,15,8,7,root > V:21 > BH:26 > BH:5 > BH:14 > BH:27 > BH:36 > BH:47,evaluated,7,inf,False,652,180,472,779.0,1.0,1.0,True,True,1,1,0,True,1,1,0,0,True,True,0,12,5,12,5,8,SS_PF_LS,sampled_pool,,,True,0.3888888888888889,0.327415644787362,0.6111111111111112,0.1,adaptive,break_symmetry,offspring,feasible_start_adaptive_spacing,,,,feasible_start_adaptive_spacing,0.5,,True,auto_from_instance,0.75,0.35,"1,5,7,14,16,23,25,26,27,36,45,47","16,21,25,28,30",,,,,,"H[1,5,7,14,16,23,25,26,27,36,45,47]|V[16,21,25,28,30]",7fe0a40c905a1e1db7529fac1c24ec9689fa56fb
proposed_nsga2_bs_Gyorgy-KOVACS_WH_Wide_AW_5_seed_110,proposed_nsga2_bs,Gyorgy-KOVACS_WH_Wide_AW_5,110,6,auto_from_instance,12,18,4,30,216,,,,,16,10,4,root > V:27 > BH:26 > BV:17 > BV:17,selected,0,inf,True,567,256,311,311.0,1.0,1.0,True,True,1,1,0,True,1,1,0,0,True,True,0,11,7,11,7,10,RP,sampled_pool,,,False,0.3888888888888889,0.40084764318964156,0.6111111111111112,0.1,adaptive,bit_flip,offspring,feasible_start_adaptive_spacing,,,,feasible_start_adaptive_spacing,0.5,,True,auto_from_instance,0.75,0.35,"1,5,14,16,23,25,26,27,36,45,47","16,17,21,25,27,29,32",,,,,,"H[1,5,14,16,23,25,26,27,36,45,47]|V[16,17,21,25,27,29,32]",a8708aef2b1e3127a45cd25328e7b01fe876ac67
proposed_nsga2_bs_Gyorgy-KOVACS_WH_Wide_AW_5_seed_110,proposed_nsga2_bs,Gyorgy-KOVACS_WH_Wide_AW_5,110,6,auto_from_instance,12,18,4,30,216,,,,,17,10,4,root > V:29 > BH:26 > BV:19 > BV:19,selected,2,inf,True,557,202,355,408.0,1.0,1.0,True,True,1,1,0,True,1,1,0,0,True,True,0,11,8,11,8,10,RP,sampled_pool,,,False,0.3888888888888889,0.40084764318964156,0.6111111111111112,0.1,adaptive,bit_flip,offspring,feasible_start_adaptive_spacing,,,,feasible_start_adaptive_spacing,0.5,,True,auto_from_instance,0.75,0.35,"1,5,14,16,23,25,26,27,36,45,47","16,17,21,25,27,29,32",,,,,,"H[1,5,14,16,23,25,26,27,36,45,47]|V[16,17,19,21,25,27,29,32]",225a083d40a70add6d49c842c1ea1b7da9e91627
proposed_nsga2_bs_Gyorgy-KOVACS_WH_Wide_AW_5_seed_110,proposed_nsga2_bs,Gyorgy-KOVACS_WH_Wide_AW_5,110,6,auto_from_instance,12,18,4,30,216,,,,,18,10,4,root > V:29 > BH:26 > BV:19 > BV:17,selected,3,inf,True,557,202,355,458.0,1.0,1.0,True,True,1,1,0,True,1,1,0,0,True,True,0,11,8,11,8,10,RP,sampled_pool,,,False,0.3888888888888889,0.40084764318964156,0.6111111111111112,0.1,adaptive,bit_flip,offspring,feasible_start_adaptive_spacing,,,,feasible_start_adaptive_spacing,0.5,,True,auto_from_instance,0.75,0.35,"1,5,14,16,23,25,26,27,36,45,47","16,17,21,25,27,29,32",,,,,,"H[1,5,14,16,23,25,26,27,36,45,47]|V[16,17,19,21,25,27,29,32]",f590e28c4ca08f01adba87c9244bc357b1edb9bd
proposed_nsga2_bs_Gyorgy-KOVACS_WH_Wide_AW_5_seed_110,proposed_nsga2_bs,Gyorgy-KOVACS_WH_Wide_AW_5,110,6,auto_from_instance,12,18,4,30,216,,,,,19,10,4,root > V:29 > BH:26 > BV:19 > BV:17,evaluated,4,inf,False,557,202,355,460.0,1.0,1.0,True,True,1,1,0,True,1,1,0,0,True,True,0,11,8,11,8,10,RP,sampled_pool,,,False,0.3888888888888889,0.40084764318964156,0.6111111111111112,0.1,adaptive,bit_flip,offspring,feasible_start_adaptive_spacing,,,,feasible_start_adaptive_spacing,0.5,,True,auto_from_instance,0.75,0.35,"1,5,14,16,23,25,26,27,36,45,47","16,17,21,25,27,29,32",,,,,,"H[1,5,14,16,23,25,26,27,36,45,47]|V[16,17,19,21,25,27,29,32]",0ccd7482bc13afbeac630bd0faf7012fe4b70f5c
proposed_nsga2_bs_Gyorgy-KOVACS_WH_Wide_AW_5_seed_110,proposed_nsga2_bs,Gyorgy-KOVACS_WH_Wide_AW_5,110,6,auto_from_instance,12,18,4,30,216,,,,,20,10,4,root > V:29 > BH:26 > BV:17 > BV:17,evaluated,5,inf,False,557,202,355,510.0,1.0,1.0,True,True,1,1,0,True,1,1,0,0,True,True,0,11,7,11,7,10,RP,sampled_pool,,,False,0.3888888888888889,0.40084764318964156,0.6111111111111112,0.1,adaptive,bit_flip,offspring,feasible_start_adaptive_spacing,,,,feasible_start_adaptive_spacing,0.5,,True,auto_from_instance,0.75,0.35,"1,5,14,16,23,25,26,27,36,45,47","16,17,21,25,27,29,32",,,,,,"H[1,5,14,16,23,25,26,27,36,45,47]|V[16,17,21,25,27,29,32]",01a64afdd46edf4dc6b60538f107b837ec4162f0
proposed_nsga2_bs_Gyorgy-KOVACS_WH_Wide_AW_5_seed_110,proposed_nsga2_bs,Gyorgy-KOVACS_WH_Wide_AW_5,110,7,auto_from_instance,12,18,4,30,216,,,,,1,1,7,root > V:21 > BH:26 > BH:5 > BH:16 > BH:27 > BH:38 > BH:47,evaluated,5,inf,False,652,180,472,763.0,1.0,1.0,True,True,1,1,0,True,1,1,0,0,True,True,0,12,7,12,7,1,SS,sampled_pool,,,True,0.4444444444444444,0.4393678464647946,0.5555555555555556,0.1,adaptive,bit_flip,offspring,feasible_start_adaptive_spacing,,,,feasible_start_adaptive_spacing,0.5,,True,auto_from_instance,0.75,0.35,"1,5,14,16,23,25,26,27,36,45,47","11,16,21,25,27,29,32",,,,,,"H[1,5,14,16,23,25,26,27,36,38,45,47]|V[11,16,21,25,27,29,32]",2f63addef0a564eaffadcb442913b04bcdb20a31
proposed_nsga2_bs_Gyorgy-KOVACS_WH_Wide_AW_5_seed_110,proposed_nsga2_bs,Gyorgy-KOVACS_WH_Wide_AW_5,110,7,auto_from_instance,12,18,4,30,216,,,,,2,1,7,root > V:21 > BH:26 > BH:5 > BH:16 > BH:25 > BH:38 > BH:47,evaluated,6,inf,False,652,180,472,779.0,1.0,1.0,True,True,1,1,0,True,1,1,0,0,True,True,0,12,7,12,7,1,SS,sampled_pool,,,True,0.4444444444444444,0.4393678464647946,0.5555555555555556,0.1,adaptive,bit_flip,offspring,feasible_start_adaptive_spacing,,,,feasible_start_adaptive_spacing,0.5,,True,auto_from_instance,0.75,0.35,"1,5,14,16,23,25,26,27,36,45,47","11,16,21,25,27,29,32",,,,,,"H[1,5,14,16,23,25,26,27,36,38,45,47]|V[11,16,21,25,27,29,32]",a792a56432daab33caeba3cd7c76504fd95e9146
proposed_nsga2_bs_Gyorgy-KOVACS_WH_Wide_AW_5_seed_110,proposed_nsga2_bs,Gyorgy-KOVACS_WH_Wide_AW_5,110,7,auto_from_instance,12,18,4,30,216,,,,,3,2,8,root > V:16 > BH:26 > BH:5 > BH:14 > BH:25 > BH:36 > BH:45 > BV:25,selected,0,inf,True,517,238,279,368.0,1.0,1.0,True,True,1,1,0,True,1,1,0,0,True,True,0,13,7,13,7,2,LS_SS,sampled_pool,,,True,0.4444444444444444,0.39296026386158756,0.5555555555555556,0.1,adaptive,insert_random_aisle,offspring,feasible_start_adaptive_spacing,,,,feasible_start_adaptive_spacing,0.5,,True,auto_from_instance,0.75,0.35,"1,5,7,14,16,23,25,26,27,28,36,45,47","16,17,19,21,25,26,29",,,,,,"H[1,5,7,14,16,23,25,26,27,28,36,45,47]|V[16,17,19,21,25,26,29]",6fcfc694894a367ef71d338faec4ce589ca685b5
proposed_nsga2_bs_Gyorgy-KOVACS_WH_Wide_AW_5_seed_110,proposed_nsga2_bs,Gyorgy-KOVACS_WH_Wide_AW_5,110,7,auto_from_instance,12,18,4,30,216,,,,,4,2,8,root > V:16 > BH:26 > BH:5 > BH:14 > BH:25 > BH:36 > BH:45 > BV:29,selected,2,inf,True,517,225,292,586.0,1.0,1.0,True,True,1,1,0,True,1,1,0,0,True,True,0,13,7,13,7,2,LS_SS,sampled_pool,,,True,0.4444444444444444,0.39296026386158756,0.5555555555555556,0.1,adaptive,insert_random_aisle,offspring,feasible_start_adaptive_spacing,,,,feasible_start_adaptive_spacing,0.5,,True,auto_from_instance,0.75,0.35,"1,5,7,14,16,23,25,26,27,28,36,45,47","16,17,19,21,25,26,29",,,,,,"H[1,5,7,14,16,23,25,26,27,28,36,45,47]|V[16,17,19,21,25,26,29]",7e0f4d1a90907f684b7d565e90c4ddb6c1ba7c58
proposed_nsga2_bs_Gyorgy-KOVACS_WH_Wide_AW_5_seed_110,proposed_nsga2_bs,Gyorgy-KOVACS_WH_Wide_AW_5,110,7,auto_from_instance,12,18,4,30,216,,,,,5,3,8,root > V:16 > BH:26 > BH:5 > BH:16 > BH:25 > BH:36 > BH:45 > BV:25,selected,0,0.0,True,517,238,279,368.0,1.0,1.0,True,True,1,1,0,True,1,1,0,0,True,True,0,13,7,13,7,3,PF_LS_RP,sampled_pool,,,False,0.4444444444444444,0.5034322520570889,0.5555555555555556,0.1,adaptive,insert_random_aisle,offspring,feasible_start_adaptive_spacing,,,,feasible_start_adaptive_spacing,0.5,,True,auto_from_instance,0.75,0.35,"1,5,7,9,14,16,23,25,26,27,36,45,47","16,17,21,25,26,28,29",,,,,,"H[1,5,7,9,14,16,23,25,26,27,36,45,47]|V[16,17,21,25,26,28,29]",559a078c3ea143504613077c561cb3124d66b767
proposed_nsga2_bs_Gyorgy-KOVACS_WH_Wide_AW_5_seed_110,proposed_nsga2_bs,Gyorgy-KOVACS_WH_Wide_AW_5,110,7,auto_from_instance,12,18,4,30,216,,,,,6,3,8,root > V:16 > BH:26 > BH:5 > BH:16 > BH:25 > BH:36 > BH:45 > BV:29,selected,2,0.0,True,517,225,292,586.0,1.0,1.0,True,True,1,1,0,True,1,1,0,0,True,True,0,13,7,13,7,3,PF_LS_RP,sampled_pool,,,False,0.4444444444444444,0.5034322520570889,0.5555555555555556,0.1,adaptive,insert_random_aisle,offspring,feasible_start_adaptive_spacing,,,,feasible_start_adaptive_spacing,0.5,,True,auto_from_instance,0.75,0.35,"1,5,7,9,14,16,23,25,26,27,36,45,47","16,17,21,25,26,28,29",,,,,,"H[1,5,7,9,14,16,23,25,26,27,36,45,47]|V[16,17,21,25,26,28,29]",13a8831f3352523fe53b9477eb693b985fdfc37c
proposed_nsga2_bs_Gyorgy-KOVACS_WH_Wide_AW_5_seed_110,proposed_nsga2_bs,Gyorgy-KOVACS_WH_Wide_AW_5,110,7,auto_from_instance,12,18,4,30,216,,,,,7,4,7,root > V:21 > BH:26 > BH:5 > BH:16 > BH:27 > BH:36 > BH:47,evaluated,5,0.0,False,652,180,472,763.0,1.0,1.0,True,True,1,1,0,True,1,1,0,0,True,True,0,12,9,12,9,4,SS_PF_LS,sampled_pool,,,True,0.4444444444444444,0.341888632683,0.5555555555555556,0.1,adaptive,insert_random_aisle,offspring,feasible_start_adaptive_spacing,,,,feasible_start_adaptive_spacing,0.5,,True,auto_from_instance,0.75,0.35,"1,5,7,14,16,23,25,26,27,36,45,47","16,17,21,22,25,27,28,29,33",,,,,,"H[1,5,7,14,16,23,25,26,27,36,45,47]|V[16,17,21,22,25,27,28,29,33]",0f96e027200fa1a1c0edb07d21a5eb62a8ebadb2
proposed_nsga2_bs_Gyorgy-KOVACS_WH_Wide_AW_5_seed_110,proposed_nsga2_bs,Gyorgy-KOVACS_WH_Wide_AW_5,110,7,auto_from_instance,12,18,4,30,216,,,,,8,4,7,root > V:21 > BH:26 > BH:5 > BH:16 > BH:25 > BH:36 > BH:47,evaluated,5,0.0,False,652,180,472,763.0,1.0,1.0,True,True,1,1,0,True,1,1,0,0,True,True,0,12,9,12,9,4,SS_PF_LS,sampled_pool,,,True,0.4444444444444444,0.341888632683,0.5555555555555556,0.1,adaptive,insert_random_aisle,offspring,feasible_start_adaptive_spacing,,,,feasible_start_adaptive_spacing,0.5,,True,auto_from_instance,0.75,0.35,"1,5,7,14,16,23,25,26,27,36,45,47","16,17,21,22,25,27,28,29,33",,,,,,"H[1,5,7,14,16,23,25,26,27,36,45,47]|V[16,17,21,22,25,27,28,29,33]",01a90fb20467da592e93711ac8a849c3053fcfd6
proposed_nsga2_bs_Gyorgy-KOVACS_WH_Wide_AW_5_seed_110,proposed_nsga2_bs,Gyorgy-KOVACS_WH_Wide_AW_5,110,7,auto_from_instance,12,18,4,30,216,,,,,9,4,7,root > V:21 > BH:26 > BH:5 > BH:14 > BH:25 > BH:36 > BH:47,evaluated,5,inf,False,652,180,472,763.0,1.0,1.0,True,True,1,1,0,True,1,1,0,0,True,True,0,12,9,12,9,4,SS_PF_LS,sampled_pool,,,True,0.4444444444444444,0.341888632683,0.5555555555555556,0.1,adaptive,insert_random_aisle,offspring,feasible_start_adaptive_spacing,,,,feasible_start_adaptive_spacing,0.5,,True,auto_from_instance,0.75,0.35,"1,5,7,14,16,23,25,26,27,36,45,47","16,17,21,22,25,27,28,29,33",,,,,,"H[1,5,7,14,16,23,25,26,27,36,45,47]|V[16,17,21,22,25,27,28,29,33]",1958a387e19298fbb01706dd6afdd7339df9d6ae
proposed_nsga2_bs_Gyorgy-KOVACS_WH_Wide_AW_5_seed_110,proposed_nsga2_bs,Gyorgy-KOVACS_WH_Wide_AW_5,110,7,auto_from_instance,12,18,4,30,216,,,,,10,4,7,root > V:21 > BH:26 > BH:5 > BH:16 > BH:27 > BH:36 > BH:45,evaluated,7,inf,False,652,180,472,899.0,1.0,1.0,True,True,1,1,0,True,1,1,0,0,True,True,0,12,9,12,9,4,SS_PF_LS,sampled_pool,,,True,0.4444444444444444,0.341888632683,0.5555555555555556,0.1,adaptive,insert_random_aisle,offspring,feasible_start_adaptive_spacing,,,,feasible_start_adaptive_spacing,0.5,,True,auto_from_instance,0.75,0.35,"1,5,7,14,16,23,25,26,27,36,45,47","16,17,21,22,25,27,28,29,33",,,,,,"H[1,5,7,14,16,23,25,26,27,36,45,47]|V[16,17,21,22,25,27,28,29,33]",26574714fdf7ac272cc6e5906acef604fb0be3f4
proposed_nsga2_bs_Gyorgy-KOVACS_WH_Wide_AW_5_seed_110,proposed_nsga2_bs,Gyorgy-KOVACS_WH_Wide_AW_5,110,7,auto_from_instance,12,18,4,30,216,,,,,11,5,4,root > V:27 > BH:26 > BV:17 > BV:17,selected,0,inf,True,567,256,311,311.0,1.0,1.0,True,True,1,1,0,True,1,1,0,0,True,True,0,10,7,10,7,5,RP_LS,sampled_pool,,,False,0.4444444444444444,0.47511961535923053,0.5555555555555556,0.1,adaptive,remove_random_aisle,offspring,feasible_start_adaptive_spacing,,,,feasible_start_adaptive_spacing,0.5,,True,auto_from_instance,0.75,0.35,"1,5,14,16,23,25,26,27,45,47","16,17,21,25,27,29,32",,,,,,"H[1,5,14,16,23,25,26,27,45,47]|V[16,17,21,25,27,29,32]",a8708aef2b1e3127a45cd25328e7b01fe876ac67
proposed_nsga2_bs_Gyorgy-KOVACS_WH_Wide_AW_5_seed_110,proposed_nsga2_bs,Gyorgy-KOVACS_WH_Wide_AW_5,110,7,auto_from_instance,12,18,4,30,216,,,,,12,5,4,root > V:29 > BH:26 > BV:19 > BV:19,selected,1,inf,True,557,202,355,408.0,1.0,1.0,True,True,1,1,0,True,1,1,0,0,True,True,0,10,8,10,8,5,RP_LS,sampled_pool,,,False,0.4444444444444444,0.47511961535923053,0.5555555555555556,0.1,adaptive,remove_random_aisle,offspring,feasible_start_adaptive_spacing,,,,feasible_start_adaptive_spacing,0.5,,True,auto_from_instance,0.75,0.35,"1,5,14,16,23,25,26,27,45,47","16,17,21,25,27,29,32",,,,,,"H[1,5,14,16,23,25,26,27,45,47]|V[16,17,19,21,25,27,29,32]",225a083d40a70add6d49c842c1ea1b7da9e91627
proposed_nsga2_bs_Gyorgy-KOVACS_WH_Wide_AW_5_seed_110,proposed_nsga2_bs,Gyorgy-KOVACS_WH_Wide_AW_5,110,7,auto_from_instance,12,18,4,30,216,,,,,13,5,4,root > V:29 > BH:26 > BV:19 > BV:17,selected,2,inf,True,557,202,355,458.0,1.0,1.0,True,True,1,1,0,True,1,1,0,0,True,True,0,10,8,10,8,5,RP_LS,sampled_pool,,,False,0.4444444444444444,0.47511961535923053,0.5555555555555556,0.1,adaptive,remove_random_aisle,offspring,feasible_start_adaptive_spacing,,,,feasible_start_adaptive_spacing,0.5,,True,auto_from_instance,0.75,0.35,"1,5,14,16,23,25,26,27,45,47","16,17,21,25,27,29,32",,,,,,"H[1,5,14,16,23,25,26,27,45,47]|V[16,17,19,21,25,27,29,32]",f590e28c4ca08f01adba87c9244bc357b1edb9bd
proposed_nsga2_bs_Gyorgy-KOVACS_WH_Wide_AW_5_seed_110,proposed_nsga2_bs,Gyorgy-KOVACS_WH_Wide_AW_5,110,7,auto_from_instance,12,18,4,30,216,,,,,14,5,4,root > V:29 > BH:26 > BV:19 > BV:17,selected,3,inf,True,557,202,355,460.0,1.0,1.0,True,True,1,1,0,True,1,1,0,0,True,True,0,10,8,10,8,5,RP_LS,sampled_pool,,,False,0.4444444444444444,0.47511961535923053,0.5555555555555556,0.1,adaptive,remove_random_aisle,offspring,feasible_start_adaptive_spacing,,,,feasible_start_adaptive_spacing,0.5,,True,auto_from_instance,0.75,0.35,"1,5,14,16,23,25,26,27,45,47","16,17,21,25,27,29,32",,,,,,"H[1,5,14,16,23,25,26,27,45,47]|V[16,17,19,21,25,27,29,32]",0ccd7482bc13afbeac630bd0faf7012fe4b70f5c
proposed_nsga2_bs_Gyorgy-KOVACS_WH_Wide_AW_5_seed_110,proposed_nsga2_bs,Gyorgy-KOVACS_WH_Wide_AW_5,110,7,auto_from_instance,12,18,4,30,216,,,,,15,5,4,root > V:29 > BH:26 > BV:17 > BV:17,evaluated,4,inf,False,557,202,355,510.0,1.0,1.0,True,True,1,1,0,True,1,1,0,0,True,True,0,10,7,10,7,5,RP_LS,sampled_pool,,,False,0.4444444444444444,0.47511961535923053,0.5555555555555556,0.1,adaptive,remove_random_aisle,offspring,feasible_start_adaptive_spacing,,,,feasible_start_adaptive_spacing,0.5,,True,auto_from_instance,0.75,0.35,"1,5,14,16,23,25,26,27,45,47","16,17,21,25,27,29,32",,,,,,"H[1,5,14,16,23,25,26,27,45,47]|V[16,17,21,25,27,29,32]",01a64afdd46edf4dc6b60538f107b837ec4162f0
proposed_nsga2_bs_Gyorgy-KOVACS_WH_Wide_AW_5_seed_110,proposed_nsga2_bs,Gyorgy-KOVACS_WH_Wide_AW_5,110,7,auto_from_instance,12,18,4,30,216,,,,,16,8,8,root > V:16 > BH:26 > BH:5 > BH:16 > BH:27 > BH:36 > BH:45 > BV:25,selected,0,inf,True,517,238,279,368.0,1.0,1.0,True,True,1,1,0,True,1,1,0,0,True,True,0,12,8,12,8,8,LS_PF,sampled_pool,,,False,0.4444444444444444,0.5644282725563999,0.5555555555555556,0.1,adaptive,break_symmetry,offspring,feasible_start_adaptive_spacing,,,,feasible_start_adaptive_spacing,0.5,,True,auto_from_instance,0.75,0.35,"1,5,6,14,16,23,25,26,27,36,45,47","16,17,21,22,25,27,28,29",,,,,,"H[1,5,6,14,16,23,25,26,27,36,45,47]|V[16,17,21,22,25,27,28,29]",015ee1c8318bbe65f9d75b3878c91b9d7be2a076
proposed_nsga2_bs_Gyorgy-KOVACS_WH_Wide_AW_5_seed_110,proposed_nsga2_bs,Gyorgy-KOVACS_WH_Wide_AW_5,110,7,auto_from_instance,12,18,4,30,216,,,,,17,8,8,root > V:16 > BH:26 > BH:5 > BH:16 > BH:27 > BH:36 > BH:45 > BV:29,selected,2,inf,True,517,225,292,586.0,1.0,1.0,True,True,1,1,0,True,1,1,0,0,True,True,0,12,8,12,8,8,LS_PF,sampled_pool,,,False,0.4444444444444444,0.5644282725563999,0.5555555555555556,0.1,adaptive,break_symmetry,offspring,feasible_start_adaptive_spacing,,,,feasible_start_adaptive_spacing,0.5,,True,auto_from_instance,0.75,0.35,"1,5,6,14,16,23,25,26,27,36,45,47","16,17,21,22,25,27,28,29",,,,,,"H[1,5,6,14,16,23,25,26,27,36,45,47]|V[16,17,21,22,25,27,28,29]",ed71c8d546062d956359fd31a02e14699e745412
proposed_nsga2_bs_Gyorgy-KOVACS_WH_Wide_AW_5_seed_110,proposed_nsga2_bs,Gyorgy-KOVACS_WH_Wide_AW_5,110,7,auto_from_instance,12,18,4,30,216,,,,,18,10,8,root > V:16 > BH:26 > BH:7 > BH:16 > BH:25 > BH:36 > BH:45 > BV:25,selected,1,inf,True,517,238,279,537.0,1.0,1.0,True,True,1,1,0,True,1,1,0,0,True,True,0,11,6,11,6,10,PF,sampled_pool,,,False,0.4444444444444444,0.5759525561135183,0.5555555555555556,0.1,adaptive,remove_random_aisle,offspring,feasible_start_adaptive_spacing,,,,feasible_start_adaptive_spacing,0.5,,True,auto_from_instance,0.75,0.35,"1,5,7,14,16,23,25,26,27,36,45","16,17,21,26,29",,,,,,"H[1,5,7,14,16,23,25,26,27,36,45]|V[16,17,21,25,26,29]",5f183debb27c7a24bc0f9f82fc27ee77d3fc24d8
proposed_nsga2_bs_Gyorgy-KOVACS_WH_Wide_AW_5_seed_110,proposed_nsga2_bs,Gyorgy-KOVACS_WH_Wide_AW_5,110,7,auto_from_instance,12,18,4,30,216,,,,,19,10,8,root > V:16 > BH:26 > BH:7 > BH:16 > BH:25 > BH:36 > BH:45 > BV:29,selected,3,inf,True,517,225,292,755.0,1.0,1.0,True,True,1,1,0,True,1,1,0,0,True,True,0,11,5,11,5,10,PF,sampled_pool,,,False,0.4444444444444444,0.5759525561135183,0.5555555555555556,0.1,adaptive,remove_random_aisle,offspring,feasible_start_adaptive_spacing,,,,feasible_start_adaptive_spacing,0.5,,True,auto_from_instance,0.75,0.35,"1,5,7,14,16,23,25,26,27,36,45","16,17,21,26,29",,,,,,"H[1,5,7,14,16,23,25,26,27,36,45]|V[16,17,21,26,29]",03af9372cf0d8e782f6e425ae89227ab68d20a8e
proposed_nsga2_bs_Gyorgy-KOVACS_WH_Wide_AW_5_seed_110,proposed_nsga2_bs,Gyorgy-KOVACS_WH_Wide_AW_5,110,7,auto_from_instance,12,18,4,30,216,,,,,20,11,7,root > V:21 > BH:26 > BH:5 > BH:14 > BH:27 > BH:38 > BH:47,evaluated,6,inf,False,652,180,472,779.0,1.0,1.0,True,True,1,1,0,True,1,1,0,0,True,True,0,13,8,13,8,11,SS_PF_LS,sampled_pool,,,True,0.4444444444444444,0.42320672477958726,0.5555555555555556,0.1,adaptive,swap_segments,offspring,feasible_start_adaptive_spacing,,,,feasible_start_adaptive_spacing,0.5,,True,auto_from_instance,0.75,0.35,"1,5,7,14,16,23,25,26,27,36,47,56","16,17,21,22,25,27,28,29",,,,,,"H[1,5,7,14,16,23,25,26,27,36,38,47,56]|V[16,17,21,22,25,27,28,29]",6571975b75356a5abbc0148ff415e1e41e98252a
proposed_nsga2_bs_Gyorgy-KOVACS_WH_Wide_AW_5_seed_110,proposed_nsga2_bs,Gyorgy-KOVACS_WH_Wide_AW_5,110,8,auto_from_instance,12,18,4,30,216,,,,,1,1,8,root > V:16 > BH:26 > BH:5 > BH:16 > BH:27 > BH:36 > BH:45 > BV:25,selected,0,1.745680106335844,True,517,238,279,368.0,1.0,1.0,True,True,1,1,0,True,1,1,0,0,True,True,0,12,7,12,7,1,PF_SS,sampled_pool,,,True,0.5,0.46265590362437686,0.5,0.1,adaptive,spacing_aware_flip,offspring,feasible_start_adaptive_spacing,,,,feasible_start_adaptive_spacing,0.5,,True,auto_from_instance,0.75,0.35,"1,5,14,16,23,25,26,27,36,45,47,55","16,17,21,25,27,29,32",,,,,,"H[1,5,14,16,23,25,26,27,36,45,47,55]|V[16,17,21,25,27,29,32]",015ee1c8318bbe65f9d75b3878c91b9d7be2a076
proposed_nsga2_bs_Gyorgy-KOVACS_WH_Wide_AW_5_seed_110,proposed_nsga2_bs,Gyorgy-KOVACS_WH_Wide_AW_5,110,8,auto_from_instance,12,18,4,30,216,,,,,2,1,8,root > V:16 > BH:26 > BH:5 > BH:16 > BH:25 > BH:36 > BH:45 > BV:25,selected,0,0.0,True,517,238,279,368.0,1.0,1.0,True,True,1,1,0,True,1,1,0,0,True,True,0,12,7,12,7,1,PF_SS,sampled_pool,,,True,0.5,0.46265590362437686,0.5,0.1,adaptive,spacing_aware_flip,offspring,feasible_start_adaptive_spacing,,,,feasible_start_adaptive_spacing,0.5,,True,auto_from_instance,0.75,0.35,"1,5,14,16,23,25,26,27,36,45,47,55","16,17,21,25,27,29,32",,,,,,"H[1,5,14,16,23,25,26,27,36,45,47,55]|V[16,17,21,25,27,29,32]",559a078c3ea143504613077c561cb3124d66b767
proposed_nsga2_bs_Gyorgy-KOVACS_WH_Wide_AW_5_seed_110,proposed_nsga2_bs,Gyorgy-KOVACS_WH_Wide_AW_5,110,8,auto_from_instance,12,18,4,30,216,,,,,3,1,8,root > V:16 > BH:26 > BH:5 > BH:16 > BH:27 > BH:36 > BH:45 > BV:29,selected,1,inf,True,517,225,292,586.0,1.0,1.0,True,True,1,1,0,True,1,1,0,0,True,True,0,12,7,12,7,1,PF_SS,sampled_pool,,,True,0.5,0.46265590362437686,0.5,0.1,adaptive,spacing_aware_flip,offspring,feasible_start_adaptive_spacing,,,,feasible_start_adaptive_spacing,0.5,,True,auto_from_instance,0.75,0.35,"1,5,14,16,23,25,26,27,36,45,47,55","16,17,21,25,27,29,32",,,,,,"H[1,5,14,16,23,25,26,27,36,45,47,55]|V[16,17,21,25,27,29,32]",ed71c8d546062d956359fd31a02e14699e745412
proposed_nsga2_bs_Gyorgy-KOVACS_WH_Wide_AW_5_seed_110,proposed_nsga2_bs,Gyorgy-KOVACS_WH_Wide_AW_5,110,8,auto_from_instance,12,18,4,30,216,,,,,4,1,8,root > V:16 > BH:26 > BH:5 > BH:16 > BH:25 > BH:36 > BH:45 > BV:29,selected,1,0.0,True,517,225,292,586.0,1.0,1.0,True,True,1,1,0,True,1,1,0,0,True,True,0,12,7,12,7,1,PF_SS,sampled_pool,,,True,0.5,0.46265590362437686,0.5,0.1,adaptive,spacing_aware_flip,offspring,feasible_start_adaptive_spacing,,,,feasible_start_adaptive_spacing,0.5,,True,auto_from_instance,0.75,0.35,"1,5,14,16,23,25,26,27,36,45,47,55","16,17,21,25,27,29,32",,,,,,"H[1,5,14,16,23,25,26,27,36,45,47,55]|V[16,17,21,25,27,29,32]",13a8831f3352523fe53b9477eb693b985fdfc37c
proposed_nsga2_bs_Gyorgy-KOVACS_WH_Wide_AW_5_seed_110,proposed_nsga2_bs,Gyorgy-KOVACS_WH_Wide_AW_5,110,8,auto_from_instance,12,18,4,30,216,,,,,5,2,8,root > V:15 > BH:26 > BH:5 > BH:16 > BH:27 > BH:36 > BH:45 > BV:24,selected,0,inf,True,497,247,250,385.0,1.0,1.0,True,True,1,1,0,True,1,1,0,0,True,True,0,12,9,12,9,2,PF_LS,sampled_pool,,,False,0.5,0.5102849979058208,0.5,0.1,adaptive,break_symmetry,offspring,feasible_start_adaptive_spacing,,,,feasible_start_adaptive_spacing,0.5,,True,auto_from_instance,0.75,0.35,"1,5,6,14,16,23,25,26,27,45,47","15,17,21,22,25,27,28,29",,,,,,"H[1,5,6,14,16,23,25,26,27,36,45,47]|V[15,17,21,22,24,25,27,28,29]",9367037dc0304e9a893380cb68f03b46b0c6f55b
proposed_nsga2_bs_Gyorgy-KOVACS_WH_Wide_AW_5_seed_110,proposed_nsga2_bs,Gyorgy-KOVACS_WH_Wide_AW_5,110,8,auto_from_instance,12,18,4,30,216,,,,,6,2,8,root > V:15 > BH:26 > BH:5 > BH:16 > BH:25 > BH:36 > BH:45 > BV:24,selected,0,inf,True,497,247,250,385.0,1.0,1.0,True,True,1,1,0,True,1,1,0,0,True,True,0,12,9,12,9,2,PF_LS,sampled_pool,,,False,0.5,0.5102849979058208,0.5,0.1,adaptive,break_symmetry,offspring,feasible_start_adaptive_spacing,,,,feasible_start_adaptive_spacing,0.5,,True,auto_from_instance,0.75,0.35,"1,5,6,14,16,23,25,26,27,45,47","15,17,21,22,25,27,28,29",,,,,,"H[1,5,6,14,16,23,25,26,27,36,45,47]|V[15,17,21,22,24,25,27,28,29]",416c9c0e4f9e06143d78fee04cbc7a8d1c4800ad
proposed_nsga2_bs_Gyorgy-KOVACS_WH_Wide_AW_5_seed_110,proposed_nsga2_bs,Gyorgy-KOVACS_WH_Wide_AW_5,110,8,auto_from_instance,12,18,4,30,216,,,,,7,3,8,root > V:16 > BH:26 > BH:5 > BH:14 > BH:25 > BH:36 > BH:45 > BV:25,selected,0,inf,True,517,238,279,368.0,1.0,1.0,True,True,1,1,0,True,1,1,0,0,True,True,0,12,7,12,7,3,PF_SS,sampled_pool,,,True,0.5,0.42577859680524777,0.5,0.1,adaptive,spacing_aware_flip,offspring,feasible_start_adaptive_spacing,,,,feasible_start_adaptive_spacing,0.5,,True,auto_from_instance,0.75,0.35,"1,5,14,16,23,25,26,27,39,45,47","16,17,19,21,25,26,29",,,,,,"H[1,5,14,16,23,25,26,27,36,39,45,47]|V[16,17,19,21,25,26,29]",6fcfc694894a367ef71d338faec4ce589ca685b5
proposed_nsga2_bs_Gyorgy-KOVACS_WH_Wide_AW_5_seed_110,proposed_nsga2_bs,Gyorgy-KOVACS_WH_Wide_AW_5,110,8,auto_from_instance,12,18,4,30,216,,,,,8,3,8,root > V:16 > BH:26 > BH:5 > BH:14 > BH:25 > BH:36 > BH:45 > BV:29,selected,1,inf,True,517,225,292,586.0,1.0,1.0,True,True,1,1,0,True,1,1,0,0,True,True,0,12,7,12,7,3,PF_SS,sampled_pool,,,True,0.5,0.42577859680524777,0.5,0.1,adaptive,spacing_aware_flip,offspring,feasible_start_adaptive_spacing,,,,feasible_start_adaptive_spacing,0.5,,True,auto_from_instance,0.75,0.35,"1,5,14,16,23,25,26,27,39,45,47","16,17,19,21,25,26,29",,,,,,"H[1,5,14,16,23,25,26,27,36,39,45,47]|V[16,17,19,21,25,26,29]",7e0f4d1a90907f684b7d565e90c4ddb6c1ba7c58
proposed_nsga2_bs_Gyorgy-KOVACS_WH_Wide_AW_5_seed_110,proposed_nsga2_bs,Gyorgy-KOVACS_WH_Wide_AW_5,110,8,auto_from_instance,12,18,4,30,216,,,,,9,4,4,root > V:27 > BH:26 > BV:17 > BV:17,selected,0,inf,True,567,256,311,311.0,1.0,1.0,True,True,1,1,0,True,1,1,0,0,True,True,0,13,7,13,7,4,RP,sampled_pool,,,False,0.5,0.46469730172856416,0.5,0.1,adaptive,break_symmetry,offspring,feasible_start_adaptive_spacing,,,,feasible_start_adaptive_spacing,0.5,,True,auto_from_instance,0.75,0.35,"1,5,7,14,16,23,25,26,27,29,36,45,47","16,17,21,25,27,29,32",,,,,,"H[1,5,7,14,16,23,25,26,27,29,36,45,47]|V[16,17,21,25,27,29,32]",a8708aef2b1e3127a45cd25328e7b01fe876ac67
proposed_nsga2_bs_Gyorgy-KOVACS_WH_Wide_AW_5_seed_110,proposed_nsga2_bs,Gyorgy-KOVACS_WH_Wide_AW_5,110,8,auto_from_instance,12,18,4,30,216,,,,,10,4,4,root > V:29 > BH:26 > BV:19 > BV:19,selected,1,inf,True,557,202,355,408.0,1.0,1.0,True,True,1,1,0,True,1,1,0,0,True,True,0,13,8,13,8,4,RP,sampled_pool,,,False,0.5,0.46469730172856416,0.5,0.1,adaptive,break_symmetry,offspring,feasible_start_adaptive_spacing,,,,feasible_start_adaptive_spacing,0.5,,True,auto_from_instance,0.75,0.35,"1,5,7,14,16,23,25,26,27,29,36,45,47","16,17,21,25,27,29,32",,,,,,"H[1,5,7,14,16,23,25,26,27,29,36,45,47]|V[16,17,19,21,25,27,29,32]",225a083d40a70add6d49c842c1ea1b7da9e91627
proposed_nsga2_bs_Gyorgy-KOVACS_WH_Wide_AW_5_seed_110,proposed_nsga2_bs,Gyorgy-KOVACS_WH_Wide_AW_5,110,8,auto_from_instance,12,18,4,30,216,,,,,11,4,4,root > V:29 > BH:26 > BV:19 > BV:17,selected,2,inf,True,557,202,355,458.0,1.0,1.0,True,True,1,1,0,True,1,1,0,0,True,True,0,13,8,13,8,4,RP,sampled_pool,,,False,0.5,0.46469730172856416,0.5,0.1,adaptive,break_symmetry,offspring,feasible_start_adaptive_spacing,,,,feasible_start_adaptive_spacing,0.5,,True,auto_from_instance,0.75,0.35,"1,5,7,14,16,23,25,26,27,29,36,45,47","16,17,21,25,27,29,32",,,,,,"H[1,5,7,14,16,23,25,26,27,29,36,45,47]|V[16,17,19,21,25,27,29,32]",f590e28c4ca08f01adba87c9244bc357b1edb9bd
proposed_nsga2_bs_Gyorgy-KOVACS_WH_Wide_AW_5_seed_110,proposed_nsga2_bs,Gyorgy-KOVACS_WH_Wide_AW_5,110,8,auto_from_instance,12,18,4,30,216,,,,,12,4,4,root > V:29 > BH:26 > BV:19 > BV:17,selected,3,inf,True,557,202,355,460.0,1.0,1.0,True,True,1,1,0,True,1,1,0,0,True,True,0,13,8,13,8,4,RP,sampled_pool,,,False,0.5,0.46469730172856416,0.5,0.1,adaptive,break_symmetry,offspring,feasible_start_adaptive_spacing,,,,feasible_start_adaptive_spacing,0.5,,True,auto_from_instance,0.75,0.35,"1,5,7,14,16,23,25,26,27,29,36,45,47","16,17,21,25,27,29,32",,,,,,"H[1,5,7,14,16,23,25,26,27,29,36,45,47]|V[16,17,19,21,25,27,29,32]",0ccd7482bc13afbeac630bd0faf7012fe4b70f5c
proposed_nsga2_bs_Gyorgy-KOVACS_WH_Wide_AW_5_seed_110,proposed_nsga2_bs,Gyorgy-KOVACS_WH_Wide_AW_5,110,8,auto_from_instance,12,18,4,30,216,,,,,13,4,4,root > V:29 > BH:26 > BV:17 > BV:17,evaluated,4,inf,False,557,202,355,510.0,1.0,1.0,True,True,1,1,0,True,1,1,0,0,True,True,0,13,7,13,7,4,RP,sampled_pool,,,False,0.5,0.46469730172856416,0.5,0.1,adaptive,break_symmetry,offspring,feasible_start_adaptive_spacing,,,,feasible_start_adaptive_spacing,0.5,,True,auto_from_instance,0.75,0.35,"1,5,7,14,16,23,25,26,27,29,36,45,47","16,17,21,25,27,29,32",,,,,,"H[1,5,7,14,16,23,25,26,27,29,36,45,47]|V[16,17,21,25,27,29,32]",01a64afdd46edf4dc6b60538f107b837ec4162f0
proposed_nsga2_bs_Gyorgy-KOVACS_WH_Wide_AW_5_seed_110,proposed_nsga2_bs,Gyorgy-KOVACS_WH_Wide_AW_5,110,8,auto_from_instance,12,18,4,30,216,,,,,14,7,7,root > V:21 > BH:26 > BH:5 > BH:16 > BH:27 > BH:38 > BH:47,evaluated,5,inf,False,652,180,472,763.0,1.0,1.0,True,True,1,1,0,True,1,1,0,0,True,True,0,12,9,12,9,7,SS_LS_PF,sampled_pool,,,True,0.5,0.40606193269459323,0.5,0.1,adaptive,spacing_aware_flip,offspring,feasible_start_adaptive_spacing,,,,feasible_start_adaptive_spacing,0.5,,True,auto_from_instance,0.75,0.35,"1,5,6,14,16,23,25,26,27,45,47","3,16,17,19,21,25,27,28,29",,,,,,"H[1,5,6,14,16,23,25,26,27,38,45,47]|V[3,16,17,19,21,25,27,28,29]",2f63addef0a564eaffadcb442913b04bcdb20a31
proposed_nsga2_bs_Gyorgy-KOVACS_WH_Wide_AW_5_seed_110,proposed_nsga2_bs,Gyorgy-KOVACS_WH_Wide_AW_5,110,8,auto_from_instance,12,18,4,30,216,,,,,15,7,7,root > V:21 > BH:26 > BH:5 > BH:16 > BH:25 > BH:38 > BH:47,evaluated,6,inf,False,652,180,472,779.0,1.0,1.0,True,True,1,1,0,True,1,1,0,0,True,True,0,12,9,12,9,7,SS_LS_PF,sampled_pool,,,True,0.5,0.40606193269459323,0.5,0.1,adaptive,spacing_aware_flip,offspring,feasible_start_adaptive_spacing,,,,feasible_start_adaptive_spacing,0.5,,True,auto_from_instance,0.75,0.35,"1,5,6,14,16,23,25,26,27,45,47","3,16,17,19,21,25,27,28,29",,,,,,"H[1,5,6,14,16,23,25,26,27,38,45,47]|V[3,16,17,19,21,25,27,28,29]",a792a56432daab33caeba3cd7c76504fd95e9146
proposed_nsga2_bs_Gyorgy-KOVACS_WH_Wide_AW_5_seed_110,proposed_nsga2_bs,Gyorgy-KOVACS_WH_Wide_AW_5,110,9,auto_from_instance,12,18,4,30,216,,,,,1,1,4,root > V:27 > BH:26 > BV:17 > BV:17,selected,0,inf,True,567,256,311,311.0,1.0,1.0,True,True,1,1,0,True,1,1,0,0,True,True,0,14,8,14,8,1,RP,sampled_pool,,,False,0.5555555555555556,0.6354970085703039,0.4444444444444444,0.1,adaptive,break_symmetry,offspring,feasible_start_adaptive_spacing,,,,feasible_start_adaptive_spacing,0.5,,True,auto_from_instance,0.75,0.35,"1,5,7,14,16,23,25,26,27,29,36,39,46,47","16,17,19,21,25,27,29,32",,,,,,"H[1,5,7,14,16,23,25,26,27,29,36,39,46,47]|V[16,17,19,21,25,27,29,32]",a8708aef2b1e3127a45cd25328e7b01fe876ac67
proposed_nsga2_bs_Gyorgy-KOVACS_WH_Wide_AW_5_seed_110,proposed_nsga2_bs,Gyorgy-KOVACS_WH_Wide_AW_5,110,9,auto_from_instance,12,18,4,30,216,,,,,2,1,4,root > V:29 > BH:26 > BV:19 > BV:19,selected,1,inf,True,557,202,355,408.0,1.0,1.0,True,True,1,1,0,True,1,1,0,0,True,True,0,14,8,14,8,1,RP,sampled_pool,,,False,0.5555555555555556,0.6354970085703039,0.4444444444444444,0.1,adaptive,break_symmetry,offspring,feasible_start_adaptive_spacing,,,,feasible_start_adaptive_spacing,0.5,,True,auto_from_instance,0.75,0.35,"1,5,7,14,16,23,25,26,27,29,36,39,46,47","16,17,19,21,25,27,29,32",,,,,,"H[1,5,7,14,16,23,25,26,27,29,36,39,46,47]|V[16,17,19,21,25,27,29,32]",225a083d40a70add6d49c842c1ea1b7da9e91627
proposed_nsga2_bs_Gyorgy-KOVACS_WH_Wide_AW_5_seed_110,proposed_nsga2_bs,Gyorgy-KOVACS_WH_Wide_AW_5,110,9,auto_from_instance,12,18,4,30,216,,,,,3,1,4,root > V:29 > BH:26 > BV:19 > BV:17,selected,2,inf,True,557,202,355,458.0,1.0,1.0,True,True,1,1,0,True,1,1,0,0,True,True,0,14,8,14,8,1,RP,sampled_pool,,,False,0.5555555555555556,0.6354970085703039,0.4444444444444444,0.1,adaptive,break_symmetry,offspring,feasible_start_adaptive_spacing,,,,feasible_start_adaptive_spacing,0.5,,True,auto_from_instance,0.75,0.35,"1,5,7,14,16,23,25,26,27,29,36,39,46,47","16,17,19,21,25,27,29,32",,,,,,"H[1,5,7,14,16,23,25,26,27,29,36,39,46,47]|V[16,17,19,21,25,27,29,32]",f590e28c4ca08f01adba87c9244bc357b1edb9bd
proposed_nsga2_bs_Gyorgy-KOVACS_WH_Wide_AW_5_seed_110,proposed_nsga2_bs,Gyorgy-KOVACS_WH_Wide_AW_5,110,9,auto_from_instance,12,18,4,30,216,,,,,4,1,4,root > V:29 > BH:26 > BV:19 > BV:17,evaluated,3,inf,False,557,202,355,460.0,1.0,1.0,True,True,1,1,0,True,1,1,0,0,True,True,0,14,8,14,8,1,RP,sampled_pool,,,False,0.5555555555555556,0.6354970085703039,0.4444444444444444,0.1,adaptive,break_symmetry,offspring,feasible_start_adaptive_spacing,,,,feasible_start_adaptive_spacing,0.5,,True,auto_from_instance,0.75,0.35,"1,5,7,14,16,23,25,26,27,29,36,39,46,47","16,17,19,21,25,27,29,32",,,,,,"H[1,5,7,14,16,23,25,26,27,29,36,39,46,47]|V[16,17,19,21,25,27,29,32]",0ccd7482bc13afbeac630bd0faf7012fe4b70f5c
proposed_nsga2_bs_Gyorgy-KOVACS_WH_Wide_AW_5_seed_110,proposed_nsga2_bs,Gyorgy-KOVACS_WH_Wide_AW_5,110,9,auto_from_instance,12,18,4,30,216,,,,,5,1,4,root > V:29 > BH:26 > BV:17 > BV:17,evaluated,4,inf,False,557,202,355,510.0,1.0,1.0,True,True,1,1,0,True,1,1,0,0,True,True,0,14,8,14,8,1,RP,sampled_pool,,,False,0.5555555555555556,0.6354970085703039,0.4444444444444444,0.1,adaptive,break_symmetry,offspring,feasible_start_adaptive_spacing,,,,feasible_start_adaptive_spacing,0.5,,True,auto_from_instance,0.75,0.35,"1,5,7,14,16,23,25,26,27,29,36,39,46,47","16,17,19,21,25,27,29,32",,,,,,"H[1,5,7,14,16,23,25,26,27,29,36,39,46,47]|V[16,17,19,21,25,27,29,32]",01a64afdd46edf4dc6b60538f107b837ec4162f0
proposed_nsga2_bs_Gyorgy-KOVACS_WH_Wide_AW_5_seed_110,proposed_nsga2_bs,Gyorgy-KOVACS_WH_Wide_AW_5,110,9,auto_from_instance,12,18,4,30,216,,,,,6,2,7,root > V:21 > BH:26 > BH:5 > BH:16 > BH:27 > BH:38 > BH:47,evaluated,5,inf,False,652,180,472,763.0,1.0,1.0,True,True,1,1,0,True,1,1,0,0,True,True,0,12,6,12,6,2,SS_PF_LS,sampled_pool,,,True,0.5555555555555556,0.5167325930853688,0.4444444444444444,0.1,adaptive,remove_random_aisle,offspring,feasible_start_adaptive_spacing,,,,feasible_start_adaptive_spacing,0.5,,True,auto_from_instance,0.75,0.35,"1,5,14,16,23,25,27,36,45,47","16,17,21,25,26,29",,,,,,"H[1,5,14,16,23,25,26,27,36,38,45,47]|V[16,17,21,25,26,29]",2f63addef0a564eaffadcb442913b04bcdb20a31
proposed_nsga2_bs_Gyorgy-KOVACS_WH_Wide_AW_5_seed_110,proposed_nsga2_bs,Gyorgy-KOVACS_WH_Wide_AW_5,110,9,auto_from_instance,12,18,4,30,216,,,,,7,3,8,root > V:16 > BH:26 > BH:5 > BH:16 > BH:27 > BH:36 > BH:45 > BV:25,selected,0,1.745680106335844,True,517,238,279,368.0,1.0,1.0,True,True,1,1,0,True,1,1,0,0,True,True,0,13,9,13,9,3,PF_SS,sampled_pool,,,True,0.5555555555555556,0.6344278858165815,0.4444444444444444,0.1,adaptive,insert_random_aisle,offspring,feasible_start_adaptive_spacing,,,,feasible_start_adaptive_spacing,0.5,,True,auto_from_instance,0.75,0.35,"1,5,6,14,16,23,25,26,27,36,45,47,54","16,17,21,22,24,25,27,28,29",,,,,,"H[1,5,6,14,16,23,25,26,27,36,45,47,54]|V[16,17,21,22,24,25,27,28,29]",015ee1c8318bbe65f9d75b3878c91b9d7be2a076
proposed_nsga2_bs_Gyorgy-KOVACS_WH_Wide_AW_5_seed_110,proposed_nsga2_bs,Gyorgy-KOVACS_WH_Wide_AW_5,110,9,auto_from_instance,12,18,4,30,216,,,,,8,3,8,root > V:16 > BH:26 > BH:5 > BH:16 > BH:25 > BH:36 > BH:45 > BV:25,selected,0,0.0,True,517,238,279,368.0,1.0,1.0,True,True,1,1,0,True,1,1,0,0,True,True,0,13,9,13,9,3,PF_SS,sampled_pool,,,True,0.5555555555555556,0.6344278858165815,0.4444444444444444,0.1,adaptive,insert_random_aisle,offspring,feasible_start_adaptive_spacing,,,,feasible_start_adaptive_spacing,0.5,,True,auto_from_instance,0.75,0.35,"1,5,6,14,16,23,25,26,27,36,45,47,54","16,17,21,22,24,25,27,28,29",,,,,,"H[1,5,6,14,16,23,25,26,27,36,45,47,54]|V[16,17,21,22,24,25,27,28,29]",559a078c3ea143504613077c561cb3124d66b767
proposed_nsga2_bs_Gyorgy-KOVACS_WH_Wide_AW_5_seed_110,proposed_nsga2_bs,Gyorgy-KOVACS_WH_Wide_AW_5,110,9,auto_from_instance,12,18,4,30,216,,,,,9,3,8,root > V:16 > BH:26 > BH:5 > BH:16 > BH:27 > BH:36 > BH:45 > BV:29,selected,2,inf,True,517,225,292,586.0,1.0,1.0,True,True,1,1,0,True,1,1,0,0,True,True,0,13,9,13,9,3,PF_SS,sampled_pool,,,True,0.5555555555555556,0.6344278858165815,0.4444444444444444,0.1,adaptive,insert_random_aisle,offspring,feasible_start_adaptive_spacing,,,,feasible_start_adaptive_spacing,0.5,,True,auto_from_instance,0.75,0.35,"1,5,6,14,16,23,25,26,27,36,45,47,54","16,17,21,22,24,25,27,28,29",,,,,,"H[1,5,6,14,16,23,25,26,27,36,45,47,54]|V[16,17,21,22,24,25,27,28,29]",ed71c8d546062d956359fd31a02e14699e745412
proposed_nsga2_bs_Gyorgy-KOVACS_WH_Wide_AW_5_seed_110,proposed_nsga2_bs,Gyorgy-KOVACS_WH_Wide_AW_5,110,9,auto_from_instance,12,18,4,30,216,,,,,10,3,8,root > V:16 > BH:26 > BH:5 > BH:16 > BH:25 > BH:36 > BH:45 > BV:29,evaluated,2,0.0,False,517,225,292,586.0,1.0,1.0,True,True,1,1,0,True,1,1,0,0,True,True,0,13,9,13,9,3,PF_SS,sampled_pool,,,True,0.5555555555555556,0.6344278858165815,0.4444444444444444,0.1,adaptive,insert_random_aisle,offspring,feasible_start_adaptive_spacing,,,,feasible_start_adaptive_spacing,0.5,,True,auto_from_instance,0.75,0.35,"1,5,6,14,16,23,25,26,27,36,45,47,54","16,17,21,22,24,25,27,28,29",,,,,,"H[1,5,6,14,16,23,25,26,27,36,45,47,54]|V[16,17,21,22,24,25,27,28,29]",13a8831f3352523fe53b9477eb693b985fdfc37c
proposed_nsga2_bs_Gyorgy-KOVACS_WH_Wide_AW_5_seed_110,proposed_nsga2_bs,Gyorgy-KOVACS_WH_Wide_AW_5,110,9,auto_from_instance,12,18,4,30,216,,,,,11,4,8,root > V:15 > BH:26 > BH:5 > BH:16 > BH:27 > BH:36 > BH:45 > BV:24,selected,0,inf,True,497,247,250,385.0,1.0,1.0,True,True,1,1,0,True,1,1,0,0,True,True,0,12,8,12,8,4,PF_SS_RP,sampled_pool,,,True,0.5555555555555556,0.5924647538716808,0.4444444444444444,0.1,adaptive,break_symmetry,offspring,feasible_start_adaptive_spacing,,,,feasible_start_adaptive_spacing,0.5,,True,auto_from_instance,0.75,0.35,"1,5,14,16,23,25,26,27,36,45,46,55","15,17,21,25,27,29,32",,,,,,"H[1,5,14,16,23,25,26,27,36,45,46,55]|V[15,17,21,24,25,27,29,32]",9367037dc0304e9a893380cb68f03b46b0c6f55b
proposed_nsga2_bs_Gyorgy-KOVACS_WH_Wide_AW_5_seed_110,proposed_nsga2_bs,Gyorgy-KOVACS_WH_Wide_AW_5,110,9,auto_from_instance,12,18,4,30,216,,,,,12,4,8,root > V:15 > BH:26 > BH:5 > BH:16 > BH:25 > BH:36 > BH:45 > BV:24,selected,0,inf,True,497,247,250,385.0,1.0,1.0,True,True,1,1,0,True,1,1,0,0,True,True,0,12,8,12,8,4,PF_SS_RP,sampled_pool,,,True,0.5555555555555556,0.5924647538716808,0.4444444444444444,0.1,adaptive,break_symmetry,offspring,feasible_start_adaptive_spacing,,,,feasible_start_adaptive_spacing,0.5,,True,auto_from_instance,0.75,0.35,"1,5,14,16,23,25,26,27,36,45,46,55","15,17,21,25,27,29,32",,,,,,"H[1,5,14,16,23,25,26,27,36,45,46,55]|V[15,17,21,24,25,27,29,32]",416c9c0e4f9e06143d78fee04cbc7a8d1c4800ad
proposed_nsga2_bs_Gyorgy-KOVACS_WH_Wide_AW_5_seed_110,proposed_nsga2_bs,Gyorgy-KOVACS_WH_Wide_AW_5,110,9,auto_from_instance,12,18,4,30,216,,,,,13,6,7,root > V:17 > BH:26 > BH:5 > BH:16 > BH:25 > BH:36 > BH:47,selected,1,2.22796817625459,True,572,220,352,507.0,1.0,1.0,True,True,1,1,0,True,1,1,0,0,True,True,0,12,7,12,7,6,PF_SS,sampled_pool,,,True,0.5555555555555556,0.5382549178999944,0.4444444444444444,0.1,adaptive,bit_flip,offspring,feasible_start_adaptive_spacing,,,,feasible_start_adaptive_spacing,0.5,,True,auto_from_instance,0.75,0.35,"1,5,7,14,16,23,25,26,27,36,45,47","12,17,21,25,27,29,32",,,,,,"H[1,5,7,14,16,23,25,26,27,36,45,47]|V[12,17,21,25,27,29,32]",173dd91401b4b71d9f20edd9e83506be465b9528
proposed_nsga2_bs_Gyorgy-KOVACS_WH_Wide_AW_5_seed_110,proposed_nsga2_bs,Gyorgy-KOVACS_WH_Wide_AW_5,110,9,auto_from_instance,12,18,4,30,216,,,,,14,6,7,root > V:17 > BH:26 > BH:5 > BH:14 > BH:25 > BH:36 > BH:47,selected,1,0.77203182374541,True,572,220,352,507.0,1.0,1.0,True,True,1,1,0,True,1,1,0,0,True,True,0,12,7,12,7,6,PF_SS,sampled_pool,,,True,0.5555555555555556,0.5382549178999944,0.4444444444444444,0.1,adaptive,bit_flip,offspring,feasible_start_adaptive_spacing,,,,feasible_start_adaptive_spacing,0.5,,True,auto_from_instance,0.75,0.35,"1,5,7,14,16,23,25,26,27,36,45,47","12,17,21,25,27,29,32",,,,,,"H[1,5,7,14,16,23,25,26,27,36,45,47]|V[12,17,21,25,27,29,32]",e59e5dd5e1537a2d164e028d12bd66f538f0cb70
proposed_nsga2_bs_Gyorgy-KOVACS_WH_Wide_AW_5_seed_110,proposed_nsga2_bs,Gyorgy-KOVACS_WH_Wide_AW_5,110,9,auto_from_instance,12,18,4,30,216,,,,,15,6,7,root > V:17 > BH:26 > BH:7 > BH:16 > BH:25 > BH:36 > BH:47,evaluated,3,3.0,False,572,220,352,663.0,1.0,1.0,True,True,1,1,0,True,1,1,0,0,True,True,0,12,7,12,7,6,PF_SS,sampled_pool,,,True,0.5555555555555556,0.5382549178999944,0.4444444444444444,0.1,adaptive,bit_flip,offspring,feasible_start_adaptive_spacing,,,,feasible_start_adaptive_spacing,0.5,,True,auto_from_instance,0.75,0.35,"1,5,7,14,16,23,25,26,27,36,45,47","12,17,21,25,27,29,32",,,,,,"H[1,5,7,14,16,23,25,26,27,36,45,47]|V[12,17,21,25,27,29,32]",61426df39d9f05da4c561d5073d32a1cf777516d
proposed_nsga2_bs_Gyorgy-KOVACS_WH_Wide_AW_5_seed_110,proposed_nsga2_bs,Gyorgy-KOVACS_WH_Wide_AW_5,110,9,auto_from_instance,12,18,4,30,216,,,,,16,6,7,root > V:17 > BH:26 > BH:5 > BH:16 > BH:25 > BH:36 > BH:45,evaluated,4,inf,False,572,220,352,711.0,1.0,1.0,True,True,1,1,0,True,1,1,0,0,True,True,0,12,7,12,7,6,PF_SS,sampled_pool,,,True,0.5555555555555556,0.5382549178999944,0.4444444444444444,0.1,adaptive,bit_flip,offspring,feasible_start_adaptive_spacing,,,,feasible_start_adaptive_spacing,0.5,,True,auto_from_instance,0.75,0.35,"1,5,7,14,16,23,25,26,27,36,45,47","12,17,21,25,27,29,32",,,,,,"H[1,5,7,14,16,23,25,26,27,36,45,47]|V[12,17,21,25,27,29,32]",854ec9b997ec508dda6ea9e399147d7a4b626ba8
proposed_nsga2_bs_Gyorgy-KOVACS_WH_Wide_AW_5_seed_110,proposed_nsga2_bs,Gyorgy-KOVACS_WH_Wide_AW_5,110,9,auto_from_instance,12,18,4,30,216,,,,,17,6,7,root > V:17 > BH:26 > BH:5 > BH:14 > BH:25 > BH:36 > BH:45,evaluated,4,inf,False,572,220,352,711.0,1.0,1.0,True,True,1,1,0,True,1,1,0,0,True,True,0,12,7,12,7,6,PF_SS,sampled_pool,,,True,0.5555555555555556,0.5382549178999944,0.4444444444444444,0.1,adaptive,bit_flip,offspring,feasible_start_adaptive_spacing,,,,feasible_start_adaptive_spacing,0.5,,True,auto_from_instance,0.75,0.35,"1,5,7,14,16,23,25,26,27,36,45,47","12,17,21,25,27,29,32",,,,,,"H[1,5,7,14,16,23,25,26,27,36,45,47]|V[12,17,21,25,27,29,32]",ef95c5265d039c602cc7246bb99c122e90a60068
proposed_nsga2_bs_Gyorgy-KOVACS_WH_Wide_AW_5_seed_110,proposed_nsga2_bs,Gyorgy-KOVACS_WH_Wide_AW_5,110,9,auto_from_instance,12,18,4,30,216,,,,,18,10,8,root > V:16 > BH:26 > BH:7 > BH:16 > BH:25 > BH:36 > BH:45 > BV:25,selected,1,inf,True,517,238,279,537.0,1.0,1.0,True,True,1,1,0,True,1,1,0,0,True,True,0,12,8,12,8,10,LS,sampled_pool,,,False,0.5555555555555556,0.5143521913680327,0.4444444444444444,0.1,adaptive,swap_segments,offspring,feasible_start_adaptive_spacing,,,,feasible_start_adaptive_spacing,0.5,,True,auto_from_instance,0.75,0.35,"1,5,14,16,23,25,26,27,36,45,47","16,17,19,22,28,32,33",,,,,,"H[1,5,7,14,16,23,25,26,27,36,45,47]|V[16,17,19,22,25,28,32,33]",5f183debb27c7a24bc0f9f82fc27ee77d3fc24d8
proposed_nsga2_bs_Gyorgy-KOVACS_WH_Wide_AW_5_seed_110,proposed_nsga2_bs,Gyorgy-KOVACS_WH_Wide_AW_5,110,9,auto_from_instance,12,18,4,30,216,,,,,19,10,8,root > V:16 > BH:26 > BH:7 > BH:16 > BH:25 > BH:36 > BH:45 > BV:29,evaluated,3,inf,False,517,225,292,755.0,1.0,1.0,True,True,1,1,0,True,1,1,0,0,True,True,0,12,8,12,8,10,LS,sampled_pool,,,False,0.5555555555555556,0.5143521913680327,0.4444444444444444,0.1,adaptive,swap_segments,offspring,feasible_start_adaptive_spacing,,,,feasible_start_adaptive_spacing,0.5,,True,auto_from_instance,0.75,0.35,"1,5,14,16,23,25,26,27,36,45,47","16,17,19,22,28,32,33",,,,,,"H[1,5,7,14,16,23,25,26,27,36,45,47]|V[16,17,19,22,28,29,32,33]",03af9372cf0d8e782f6e425ae89227ab68d20a8e
proposed_nsga2_bs_Gyorgy-KOVACS_WH_Wide_AW_5_seed_110,proposed_nsga2_bs,Gyorgy-KOVACS_WH_Wide_AW_5,110,9,auto_from_instance,12,18,4,30,216,,,,,20,11,8,root > V:16 > BH:26 > BH:5 > BH:14 > BH:25 > BH:36 > BH:45 > BV:25,selected,0,inf,True,517,238,279,368.0,1.0,1.0,True,True,1,1,0,True,1,1,0,0,True,True,0,14,8,14,8,11,PF_SS_RP,sampled_pool,,,True,0.5555555555555556,0.6003725566552867,0.4444444444444444,0.1,adaptive,break_symmetry,offspring,feasible_start_adaptive_spacing,,,,feasible_start_adaptive_spacing,0.5,,True,auto_from_instance,0.75,0.35,"1,5,14,16,23,25,26,27,36,39,44,47,55","16,17,19,21,25,26,29,32",,,,,,"H[1,5,14,16,23,25,26,27,36,39,44,45,47,55]|V[16,17,19,21,25,26,29,32]",6fcfc694894a367ef71d338faec4ce589ca685b5
proposed_nsga2_bs_Gyorgy-KOVACS_WH_Wide_AW_5_seed_110,proposed_nsga2_bs,Gyorgy-KOVACS_WH_Wide_AW_5,110,9,auto_from_instance,12,18,4,30,216,,,,,21,11,8,root > V:16 > BH:26 > BH:5 > BH:14 > BH:25 > BH:36 > BH:45 > BV:29,evaluated,2,inf,False,517,225,292,586.0,1.0,1.0,True,True,1,1,0,True,1,1,0,0,True,True,0,14,8,14,8,11,PF_SS_RP,sampled_pool,,,True,0.5555555555555556,0.6003725566552867,0.4444444444444444,0.1,adaptive,break_symmetry,offspring,feasible_start_adaptive_spacing,,,,feasible_start_adaptive_spacing,0.5,,True,auto_from_instance,0.75,0.35,"1,5,14,16,23,25,26,27,36,39,44,47,55","16,17,19,21,25,26,29,32",,,,,,"H[1,5,14,16,23,25,26,27,36,39,44,45,47,55]|V[16,17,19,21,25,26,29,32]",7e0f4d1a90907f684b7d565e90c4ddb6c1ba7c58
proposed_nsga2_bs_Gyorgy-KOVACS_WH_Wide_AW_5_seed_110,proposed_nsga2_bs,Gyorgy-KOVACS_WH_Wide_AW_5,110,10,auto_from_instance,12,18,4,30,216,,,,,1,1,8,root > V:16 > BH:26 > BH:5 > BH:16 > BH:27 > BH:36 > BH:45 > BV:25,selected,0,1.745680106335844,True,517,238,279,368.0,1.0,1.0,True,True,1,1,0,True,1,1,0,0,True,True,0,13,9,13,9,1,PF_LS,sampled_pool,,,False,0.6111111111111112,0.5872020960690101,0.38888888888888884,0.1,adaptive,bit_flip,offspring,feasible_start_adaptive_spacing,,,,feasible_start_adaptive_spacing,0.5,,True,auto_from_instance,0.75,0.35,"1,5,14,16,20,23,25,26,27,36,45,46,55","16,17,21,22,24,25,27,29,32",,,,,,"H[1,5,14,16,20,23,25,26,27,36,45,46,55]|V[16,17,21,22,24,25,27,29,32]",015ee1c8318bbe65f9d75b3878c91b9d7be2a076
proposed_nsga2_bs_Gyorgy-KOVACS_WH_Wide_AW_5_seed_110,proposed_nsga2_bs,Gyorgy-KOVACS_WH_Wide_AW_5,110,10,auto_from_instance,12,18,4,30,216,,,,,2,1,8,root > V:16 > BH:26 > BH:5 > BH:16 > BH:25 > BH:36 > BH:45 > BV:25,selected,0,0.0,True,517,238,279,368.0,1.0,1.0,True,True,1,1,0,True,1,1,0,0,True,True,0,13,9,13,9,1,PF_LS,sampled_pool,,,False,0.6111111111111112,0.5872020960690101,0.38888888888888884,0.1,adaptive,bit_flip,offspring,feasible_start_adaptive_spacing,,,,feasible_start_adaptive_spacing,0.5,,True,auto_from_instance,0.75,0.35,"1,5,14,16,20,23,25,26,27,36,45,46,55","16,17,21,22,24,25,27,29,32",,,,,,"H[1,5,14,16,20,23,25,26,27,36,45,46,55]|V[16,17,21,22,24,25,27,29,32]",559a078c3ea143504613077c561cb3124d66b767
proposed_nsga2_bs_Gyorgy-KOVACS_WH_Wide_AW_5_seed_110,proposed_nsga2_bs,Gyorgy-KOVACS_WH_Wide_AW_5,110,10,auto_from_instance,12,18,4,30,216,,,,,3,1,8,root > V:16 > BH:26 > BH:5 > BH:16 > BH:27 > BH:36 > BH:45 > BV:29,selected,1,inf,True,517,225,292,586.0,1.0,1.0,True,True,1,1,0,True,1,1,0,0,True,True,0,13,9,13,9,1,PF_LS,sampled_pool,,,False,0.6111111111111112,0.5872020960690101,0.38888888888888884,0.1,adaptive,bit_flip,offspring,feasible_start_adaptive_spacing,,,,feasible_start_adaptive_spacing,0.5,,True,auto_from_instance,0.75,0.35,"1,5,14,16,20,23,25,26,27,36,45,46,55","16,17,21,22,24,25,27,29,32",,,,,,"H[1,5,14,16,20,23,25,26,27,36,45,46,55]|V[16,17,21,22,24,25,27,29,32]",ed71c8d546062d956359fd31a02e14699e745412
proposed_nsga2_bs_Gyorgy-KOVACS_WH_Wide_AW_5_seed_110,proposed_nsga2_bs,Gyorgy-KOVACS_WH_Wide_AW_5,110,10,auto_from_instance,12,18,4,30,216,,,,,4,1,8,root > V:16 > BH:26 > BH:5 > BH:16 > BH:25 > BH:36 > BH:45 > BV:29,selected,1,0.0,True,517,225,292,586.0,1.0,1.0,True,True,1,1,0,True,1,1,0,0,True,True,0,13,9,13,9,1,PF_LS,sampled_pool,,,False,0.6111111111111112,0.5872020960690101,0.38888888888888884,0.1,adaptive,bit_flip,offspring,feasible_start_adaptive_spacing,,,,feasible_start_adaptive_spacing,0.5,,True,auto_from_instance,0.75,0.35,"1,5,14,16,20,23,25,26,27,36,45,46,55","16,17,21,22,24,25,27,29,32",,,,,,"H[1,5,14,16,20,23,25,26,27,36,45,46,55]|V[16,17,21,22,24,25,27,29,32]",13a8831f3352523fe53b9477eb693b985fdfc37c
proposed_nsga2_bs_Gyorgy-KOVACS_WH_Wide_AW_5_seed_110,proposed_nsga2_bs,Gyorgy-KOVACS_WH_Wide_AW_5,110,10,auto_from_instance,12,18,4,30,216,,,,,5,2,8,root > V:15 > BH:26 > BH:5 > BH:16 > BH:27 > BH:36 > BH:45 > BV:24,selected,0,inf,True,497,247,250,385.0,1.0,1.0,True,True,1,1,0,True,1,1,0,0,True,True,0,14,8,14,8,2,PF_RP,sampled_pool,,,False,0.6111111111111112,0.5480881365984064,0.38888888888888884,0.1,adaptive,break_symmetry,offspring,feasible_start_adaptive_spacing,,,,feasible_start_adaptive_spacing,0.5,,True,auto_from_instance,0.75,0.35,"1,5,6,14,16,23,25,26,27,35,45,47,54","15,17,21,24,25,27,28,29",,,,,,"H[1,5,6,14,16,23,25,26,27,35,36,45,47,54]|V[15,17,21,24,25,27,28,29]",9367037dc0304e9a893380cb68f03b46b0c6f55b
proposed_nsga2_bs_Gyorgy-KOVACS_WH_Wide_AW_5_seed_110,proposed_nsga2_bs,Gyorgy-KOVACS_WH_Wide_AW_5,110,10,auto_from_instance,12,18,4,30,216,,,,,6,2,8,root > V:15 > BH:26 > BH:5 > BH:16 > BH:25 > BH:36 > BH:45 > BV:24,selected,0,inf,True,497,247,250,385.0,1.0,1.0,True,True,1,1,0,True,1,1,0,0,True,True,0,14,8,14,8,2,PF_RP,sampled_pool,,,False,0.6111111111111112,0.5480881365984064,0.38888888888888884,0.1,adaptive,break_symmetry,offspring,feasible_start_adaptive_spacing,,,,feasible_start_adaptive_spacing,0.5,,True,auto_from_instance,0.75,0.35,"1,5,6,14,16,23,25,26,27,35,45,47,54","15,17,21,24,25,27,28,29",,,,,,"H[1,5,6,14,16,23,25,26,27,35,36,45,47,54]|V[15,17,21,24,25,27,28,29]",416c9c0e4f9e06143d78fee04cbc7a8d1c4800ad
proposed_nsga2_bs_Gyorgy-KOVACS_WH_Wide_AW_5_seed_110,proposed_nsga2_bs,Gyorgy-KOVACS_WH_Wide_AW_5,110,10,auto_from_instance,12,18,4,30,216,,,,,7,3,7,root > V:21 > BH:26 > BH:5 > BH:16 > BH:27 > BH:38 > BH:47,evaluated,5,inf,False,652,180,472,763.0,1.0,1.0,True,True,1,1,0,True,1,1,0,0,True,True,0,13,8,13,8,3,SS,sampled_pool,,,True,0.6111111111111112,0.586889465994622,0.38888888888888884,0.1,adaptive,break_symmetry,offspring,feasible_start_adaptive_spacing,,,,feasible_start_adaptive_spacing,0.5,,True,auto_from_instance,0.75,0.35,"1,5,7,14,16,23,25,26,27,36,46,47","16,17,20,21,25,27,29,32",,,,,,"H[1,5,7,14,16,23,25,26,27,36,38,46,47]|V[16,17,20,21,25,27,29,32]",2f63addef0a564eaffadcb442913b04bcdb20a31
proposed_nsga2_bs_Gyorgy-KOVACS_WH_Wide_AW_5_seed_110,proposed_nsga2_bs,Gyorgy-KOVACS_WH_Wide_AW_5,110,10,auto_from_instance,12,18,4,30,216,,,,,8,4,4,root > V:27 > BH:26 > BV:17 > BV:17,selected,0,inf,True,567,256,311,311.0,1.0,1.0,True,True,1,1,0,True,1,1,0,0,True,True,0,14,8,14,8,4,RP_LS,sampled_pool,,,False,0.6111111111111112,0.6033841258100578,0.38888888888888884,0.1,adaptive,spacing_aware_flip,offspring,feasible_start_adaptive_spacing,,,,feasible_start_adaptive_spacing,0.5,,True,auto_from_instance,0.75,0.35,"1,5,7,14,16,23,25,26,27,29,36,39,45,47","0,12,17,21,25,27,29,32",,,,,,"H[1,5,7,14,16,23,25,26,27,29,36,39,45,47]|V[0,12,17,21,25,27,29,32]",a8708aef2b1e3127a45cd25328e7b01fe876ac67
proposed_nsga2_bs_Gyorgy-KOVACS_WH_Wide_AW_5_seed_110,proposed_nsga2_bs,Gyorgy-KOVACS_WH_Wide_AW_5,110,10,auto_from_instance,12,18,4,30,216,,,,,9,4,4,root > V:29 > BH:26 > BV:19 > BV:19,selected,1,inf,True,557,202,355,408.0,1.0,1.0,True,True,1,1,0,True,1,1,0,0,True,True,0,14,9,14,9,4,RP_LS,sampled_pool,,,False,0.6111111111111112,0.6033841258100578,0.38888888888888884,0.1,adaptive,spacing_aware_flip,offspring,feasible_start_adaptive_spacing,,,,feasible_start_adaptive_spacing,0.5,,True,auto_from_instance,0.75,0.35,"1,5,7,14,16,23,25,26,27,29,36,39,45,47","0,12,17,21,25,27,29,32",,,,,,"H[1,5,7,14,16,23,25,26,27,29,36,39,45,47]|V[0,12,17,19,21,25,27,29,32]",225a083d40a70add6d49c842c1ea1b7da9e91627
proposed_nsga2_bs_Gyorgy-KOVACS_WH_Wide_AW_5_seed_110,proposed_nsga2_bs,Gyorgy-KOVACS_WH_Wide_AW_5,110,10,auto_from_instance,12,18,4,30,216,,,,,10,4,4,root > V:29 > BH:26 > BV:19 > BV:17,selected,2,inf,True,557,202,355,458.0,1.0,1.0,True,True,1,1,0,True,1,1,0,0,True,True,0,14,9,14,9,4,RP_LS,sampled_pool,,,False,0.6111111111111112,0.6033841258100578,0.38888888888888884,0.1,adaptive,spacing_aware_flip,offspring,feasible_start_adaptive_spacing,,,,feasible_start_adaptive_spacing,0.5,,True,auto_from_instance,0.75,0.35,"1,5,7,14,16,23,25,26,27,29,36,39,45,47","0,12,17,21,25,27,29,32",,,,,,"H[1,5,7,14,16,23,25,26,27,29,36,39,45,47]|V[0,12,17,19,21,25,27,29,32]",f590e28c4ca08f01adba87c9244bc357b1edb9bd
proposed_nsga2_bs_Gyorgy-KOVACS_WH_Wide_AW_5_seed_110,proposed_nsga2_bs,Gyorgy-KOVACS_WH_Wide_AW_5,110,10,auto_from_instance,12,18,4,30,216,,,,,11,4,4,root > V:29 > BH:26 > BV:19 > BV:17,selected,3,inf,True,557,202,355,460.0,1.0,1.0,True,True,1,1,0,True,1,1,0,0,True,True,0,14,9,14,9,4,RP_LS,sampled_pool,,,False,0.6111111111111112,0.6033841258100578,0.38888888888888884,0.1,adaptive,spacing_aware_flip,offspring,feasible_start_adaptive_spacing,,,,feasible_start_adaptive_spacing,0.5,,True,auto_from_instance,0.75,0.35,"1,5,7,14,16,23,25,26,27,29,36,39,45,47","0,12,17,21,25,27,29,32",,,,,,"H[1,5,7,14,16,23,25,26,27,29,36,39,45,47]|V[0,12,17,19,21,25,27,29,32]",0ccd7482bc13afbeac630bd0faf7012fe4b70f5c
proposed_nsga2_bs_Gyorgy-KOVACS_WH_Wide_AW_5_seed_110,proposed_nsga2_bs,Gyorgy-KOVACS_WH_Wide_AW_5,110,10,auto_from_instance,12,18,4,30,216,,,,,12,4,4,root > V:29 > BH:26 > BV:17 > BV:17,evaluated,4,inf,False,557,202,355,510.0,1.0,1.0,True,True,1,1,0,True,1,1,0,0,True,True,0,14,8,14,8,4,RP_LS,sampled_pool,,,False,0.6111111111111112,0.6033841258100578,0.38888888888888884,0.1,adaptive,spacing_aware_flip,offspring,feasible_start_adaptive_spacing,,,,feasible_start_adaptive_spacing,0.5,,True,auto_from_instance,0.75,0.35,"1,5,7,14,16,23,25,26,27,29,36,39,45,47","0,12,17,21,25,27,29,32",,,,,,"H[1,5,7,14,16,23,25,26,27,29,36,39,45,47]|V[0,12,17,21,25,27,29,32]",01a64afdd46edf4dc6b60538f107b837ec4162f0
proposed_nsga2_bs_Gyorgy-KOVACS_WH_Wide_AW_5_seed_110,proposed_nsga2_bs,Gyorgy-KOVACS_WH_Wide_AW_5,110,10,auto_from_instance,12,18,4,30,216,,,,,13,8,8,root > V:16 > BH:26 > BH:5 > BH:14 > BH:25 > BH:36 > BH:45 > BV:25,selected,0,inf,True,517,238,279,368.0,1.0,1.0,True,True,1,1,0,True,1,1,0,0,True,True,0,13,8,13,8,8,PF_SS_RP,sampled_pool,,,True,0.6111111111111112,0.5768166125033958,0.38888888888888884,0.1,adaptive,spacing_aware_flip,offspring,feasible_start_adaptive_spacing,,,,feasible_start_adaptive_spacing,0.5,,True,auto_from_instance,0.75,0.35,"1,5,14,16,23,25,26,27,36,44,45,47,55","11,16,17,19,22,25,29,32",,,,,,"H[1,5,14,16,23,25,26,27,36,44,45,47,55]|V[11,16,17,19,22,25,29,32]",6fcfc694894a367ef71d338faec4ce589ca685b5
proposed_nsga2_bs_Gyorgy-KOVACS_WH_Wide_AW_5_seed_110,proposed_nsga2_bs,Gyorgy-KOVACS_WH_Wide_AW_5,110,10,auto_from_instance,12,18,4,30,216,,,,,14,8,8,root > V:16 > BH:26 > BH:5 > BH:14 > BH:25 > BH:36 > BH:45 > BV:29,selected,1,inf,True,517,225,292,586.0,1.0,1.0,True,True,1,1,0,True,1,1,0,0,True,True,0,13,8,13,8,8,PF_SS_RP,sampled_pool,,,True,0.6111111111111112,0.5768166125033958,0.38888888888888884,0.1,adaptive,spacing_aware_flip,offspring,feasible_start_adaptive_spacing,,,,feasible_start_adaptive_spacing,0.5,,True,auto_from_instance,0.75,0.35,"1,5,14,16,23,25,26,27,36,44,45,47,55","11,16,17,19,22,25,29,32",,,,,,"H[1,5,14,16,23,25,26,27,36,44,45,47,55]|V[11,16,17,19,22,25,29,32]",7e0f4d1a90907f684b7d565e90c4ddb6c1ba7c58
proposed_nsga2_bs_Gyorgy-KOVACS_WH_Wide_AW_5_seed_110,proposed_nsga2_bs,Gyorgy-KOVACS_WH_Wide_AW_5,110,11,auto_from_instance,12,18,4,30,216,,,,,1,1,7,root > V:21 > BH:26 > BH:5 > BH:16 > BH:27 > BH:38 > BH:47,selected,5,inf,True,652,180,472,763.0,1.0,1.0,True,True,1,1,0,True,1,1,0,0,True,True,0,14,10,14,10,1,SS,sampled_pool,,,True,0.6666666666666666,0.6560260066409629,0.33333333333333337,0.1,adaptive,insert_random_aisle,offspring,feasible_start_adaptive_spacing,,,,feasible_start_adaptive_spacing,0.5,,True,auto_from_instance,0.75,0.35,"1,5,14,16,23,25,26,27,36,45,46,55","16,17,18,21,22,24,25,27,29,32",,,,,,"H[1,5,14,16,23,25,26,27,36,38,45,46,47,55]|V[16,17,18,21,22,24,25,27,29,32]",2f63addef0a564eaffadcb442913b04bcdb20a31
proposed_nsga2_bs_Gyorgy-KOVACS_WH_Wide_AW_5_seed_110,proposed_nsga2_bs,Gyorgy-KOVACS_WH_Wide_AW_5,110,11,auto_from_instance,12,18,4,30,216,,,,,2,2,8,root > V:15 > BH:26 > BH:5 > BH:16 > BH:27 > BH:36 > BH:45 > BV:24,selected,0,inf,True,497,247,250,385.0,1.0,1.0,True,True,1,1,0,True,1,1,0,0,True,True,0,16,8,16,8,2,PF_LS,sampled_pool,,,False,0.6666666666666666,0.744768047962348,0.33333333333333337,0.1,adaptive,bit_flip,offspring,feasible_start_adaptive_spacing,,,,feasible_start_adaptive_spacing,0.5,,True,auto_from_instance,0.75,0.35,"1,5,6,13,14,16,20,23,25,26,27,35,36,45,47,54","15,17,21,24,25,27,28,29",,,,,,"H[1,5,6,13,14,16,20,23,25,26,27,35,36,45,47,54]|V[15,17,21,24,25,27,28,29]",9367037dc0304e9a893380cb68f03b46b0c6f55b
proposed_nsga2_bs_Gyorgy-KOVACS_WH_Wide_AW_5_seed_110,proposed_nsga2_bs,Gyorgy-KOVACS_WH_Wide_AW_5,110,11,auto_from_instance,12,18,4,30,216,,,,,3,2,8,root > V:15 > BH:26 > BH:5 > BH:16 > BH:25 > BH:36 > BH:45 > BV:24,selected,0,inf,True,497,247,250,385.0,1.0,1.0,True,True,1,1,0,True,1,1,0,0,True,True,0,16,8,16,8,2,PF_LS,sampled_pool,,,False,0.6666666666666666,0.744768047962348,0.33333333333333337,0.1,adaptive,bit_flip,offspring,feasible_start_adaptive_spacing,,,,feasible_start_adaptive_spacing,0.5,,True,auto_from_instance,0.75,0.35,"1,5,6,13,14,16,20,23,25,26,27,35,36,45,47,54","15,17,21,24,25,27,28,29",,,,,,"H[1,5,6,13,14,16,20,23,25,26,27,35,36,45,47,54]|V[15,17,21,24,25,27,28,29]",416c9c0e4f9e06143d78fee04cbc7a8d1c4800ad
proposed_nsga2_bs_Gyorgy-KOVACS_WH_Wide_AW_5_seed_110,proposed_nsga2_bs,Gyorgy-KOVACS_WH_Wide_AW_5,110,11,auto_from_instance,12,18,4,30,216,,,,,4,5,4,root > V:27 > BH:26 > BV:17 > BV:17,selected,0,inf,True,567,256,311,311.0,1.0,1.0,True,True,1,1,0,True,1,1,0,0,True,True,0,15,8,15,8,5,LS_SS,sampled_pool,,,True,0.6666666666666666,0.6572796465998519,0.33333333333333337,0.1,adaptive,spacing_aware_flip,offspring,feasible_start_adaptive_spacing,,,,feasible_start_adaptive_spacing,0.5,,True,auto_from_instance,0.75,0.35,"1,5,14,16,20,23,25,26,27,29,36,39,45,47,55","3,16,17,21,25,27,29,32",,,,,,"H[1,5,14,16,20,23,25,26,27,29,36,39,45,47,55]|V[3,16,17,21,25,27,29,32]",a8708aef2b1e3127a45cd25328e7b01fe876ac67
proposed_nsga2_bs_Gyorgy-KOVACS_WH_Wide_AW_5_seed_110,proposed_nsga2_bs,Gyorgy-KOVACS_WH_Wide_AW_5,110,11,auto_from_instance,12,18,4,30,216,,,,,5,5,4,root > V:29 > BH:26 > BV:19 > BV:19,selected,1,inf,True,557,202,355,408.0,1.0,1.0,True,True,1,1,0,True,1,1,0,0,True,True,0,15,9,15,9,5,LS_SS,sampled_pool,,,True,0.6666666666666666,0.6572796465998519,0.33333333333333337,0.1,adaptive,spacing_aware_flip,offspring,feasible_start_adaptive_spacing,,,,feasible_start_adaptive_spacing,0.5,,True,auto_from_instance,0.75,0.35,"1,5,14,16,20,23,25,26,27,29,36,39,45,47,55","3,16,17,21,25,27,29,32",,,,,,"H[1,5,14,16,20,23,25,26,27,29,36,39,45,47,55]|V[3,16,17,19,21,25,27,29,32]",225a083d40a70add6d49c842c1ea1b7da9e91627
proposed_nsga2_bs_Gyorgy-KOVACS_WH_Wide_AW_5_seed_110,proposed_nsga2_bs,Gyorgy-KOVACS_WH_Wide_AW_5,110,11,auto_from_instance,12,18,4,30,216,,,,,6,5,4,root > V:29 > BH:26 > BV:19 > BV:17,selected,2,inf,True,557,202,355,458.0,1.0,1.0,True,True,1,1,0,True,1,1,0,0,True,True,0,15,9,15,9,5,LS_SS,sampled_pool,,,True,0.6666666666666666,0.6572796465998519,0.33333333333333337,0.1,adaptive,spacing_aware_flip,offspring,feasible_start_adaptive_spacing,,,,feasible_start_adaptive_spacing,0.5,,True,auto_from_instance,0.75,0.35,"1,5,14,16,20,23,25,26,27,29,36,39,45,47,55","3,16,17,21,25,27,29,32",,,,,,"H[1,5,14,16,20,23,25,26,27,29,36,39,45,47,55]|V[3,16,17,19,21,25,27,29,32]",f590e28c4ca08f01adba87c9244bc357b1edb9bd
proposed_nsga2_bs_Gyorgy-KOVACS_WH_Wide_AW_5_seed_110,proposed_nsga2_bs,Gyorgy-KOVACS_WH_Wide_AW_5,110,11,auto_from_instance,12,18,4,30,216,,,,,7,5,4,root > V:29 > BH:26 > BV:17 > BV:19,selected,3,inf,True,557,202,355,460.0,1.0,1.0,True,True,1,1,0,True,1,1,0,0,True,True,0,15,9,15,9,5,LS_SS,sampled_pool,,,True,0.6666666666666666,0.6572796465998519,0.33333333333333337,0.1,adaptive,spacing_aware_flip,offspring,feasible_start_adaptive_spacing,,,,feasible_start_adaptive_spacing,0.5,,True,auto_from_instance,0.75,0.35,"1,5,14,16,20,23,25,26,27,29,36,39,45,47,55","3,16,17,21,25,27,29,32",,,,,,"H[1,5,14,16,20,23,25,26,27,29,36,39,45,47,55]|V[3,16,17,19,21,25,27,29,32]",0ccd7482bc13afbeac630bd0faf7012fe4b70f5c
proposed_nsga2_bs_Gyorgy-KOVACS_WH_Wide_AW_5_seed_110,proposed_nsga2_bs,Gyorgy-KOVACS_WH_Wide_AW_5,110,11,auto_from_instance,12,18,4,30,216,,,,,8,5,4,root > V:29 > BH:26 > BV:17 > BV:17,selected,4,inf,True,557,202,355,510.0,1.0,1.0,True,True,1,1,0,True,1,1,0,0,True,True,0,15,8,15,8,5,LS_SS,sampled_pool,,,True,0.6666666666666666,0.6572796465998519,0.33333333333333337,0.1,adaptive,spacing_aware_flip,offspring,feasible_start_adaptive_spacing,,,,feasible_start_adaptive_spacing,0.5,,True,auto_from_instance,0.75,0.35,"1,5,14,16,20,23,25,26,27,29,36,39,45,47,55","3,16,17,21,25,27,29,32",,,,,,"H[1,5,14,16,20,23,25,26,27,29,36,39,45,47,55]|V[3,16,17,21,25,27,29,32]",01a64afdd46edf4dc6b60538f107b837ec4162f0
proposed_nsga2_bs_Gyorgy-KOVACS_WH_Wide_AW_5_seed_110,proposed_nsga2_bs,Gyorgy-KOVACS_WH_Wide_AW_5,110,12,auto_from_instance,12,18,4,30,216,,,,,1,1,7,root > V:21 > BH:26 > BH:5 > BH:16 > BH:27 > BH:38 > BH:47,selected,5,inf,True,652,180,472,763.0,1.0,1.0,True,True,1,1,0,True,1,1,0,0,True,True,0,17,9,17,9,1,SS,sampled_pool,,,True,0.7222222222222222,0.71154791166244,0.2777777777777778,0.1,adaptive,bit_flip,offspring,feasible_start_adaptive_spacing,,,,feasible_start_adaptive_spacing,0.5,,True,auto_from_instance,0.75,0.35,"1,5,6,13,14,16,20,23,25,26,27,29,36,39,45,47","15,17,20,21,24,25,27,28,29",,,,,,"H[1,5,6,13,14,16,20,23,25,26,27,29,36,38,39,45,47]|V[15,17,20,21,24,25,27,28,29]",2f63addef0a564eaffadcb442913b04bcdb20a31
proposed_nsga2_bs_Gyorgy-KOVACS_WH_Wide_AW_5_seed_110,proposed_nsga2_bs,Gyorgy-KOVACS_WH_Wide_AW_5,110,12,auto_from_instance,12,18,4,30,216,,,,,2,2,4,root > V:27 > BH:26 > BV:17 > BV:17,selected,0,inf,True,567,256,311,311.0,1.0,1.0,True,True,1,1,0,True,1,1,0,0,True,True,0,14,8,14,8,2,RP,sampled_pool,,,False,0.7222222222222222,0.7686113189858682,0.2777777777777778,0.1,adaptive,remove_random_aisle,offspring,feasible_start_adaptive_spacing,,,,feasible_start_adaptive_spacing,0.5,,True,auto_from_instance,0.75,0.35,"1,5,14,16,20,25,26,27,35,36,45,47,54,55","3,16,17,21,25,27,29,32",,,,,,"H[1,5,14,16,20,25,26,27,35,36,45,47,54,55]|V[3,16,17,21,25,27,29,32]",a8708aef2b1e3127a45cd25328e7b01fe876ac67
proposed_nsga2_bs_Gyorgy-KOVACS_WH_Wide_AW_5_seed_110,proposed_nsga2_bs,Gyorgy-KOVACS_WH_Wide_AW_5,110,12,auto_from_instance,12,18,4,30,216,,,,,3,2,4,root > V:29 > BH:26 > BV:19 > BV:19,selected,1,inf,True,557,202,355,408.0,1.0,1.0,True,True,1,1,0,True,1,1,0,0,True,True,0,14,9,14,9,2,RP,sampled_pool,,,False,0.7222222222222222,0.7686113189858682,0.2777777777777778,0.1,adaptive,remove_random_aisle,offspring,feasible_start_adaptive_spacing,,,,feasible_start_adaptive_spacing,0.5,,True,auto_from_instance,0.75,0.35,"1,5,14,16,20,25,26,27,35,36,45,47,54,55","3,16,17,21,25,27,29,32",,,,,,"H[1,5,14,16,20,25,26,27,35,36,45,47,54,55]|V[3,16,17,19,21,25,27,29,32]",225a083d40a70add6d49c842c1ea1b7da9e91627
proposed_nsga2_bs_Gyorgy-KOVACS_WH_Wide_AW_5_seed_110,proposed_nsga2_bs,Gyorgy-KOVACS_WH_Wide_AW_5,110,12,auto_from_instance,12,18,4,30,216,,,,,4,2,4,root > V:29 > BH:26 > BV:19 > BV:17,selected,2,inf,True,557,202,355,458.0,1.0,1.0,True,True,1,1,0,True,1,1,0,0,True,True,0,14,9,14,9,2,RP,sampled_pool,,,False,0.7222222222222222,0.7686113189858682,0.2777777777777778,0.1,adaptive,remove_random_aisle,offspring,feasible_start_adaptive_spacing,,,,feasible_start_adaptive_spacing,0.5,,True,auto_from_instance,0.75,0.35,"1,5,14,16,20,25,26,27,35,36,45,47,54,55","3,16,17,21,25,27,29,32",,,,,,"H[1,5,14,16,20,25,26,27,35,36,45,47,54,55]|V[3,16,17,19,21,25,27,29,32]",f590e28c4ca08f01adba87c9244bc357b1edb9bd
proposed_nsga2_bs_Gyorgy-KOVACS_WH_Wide_AW_5_seed_110,proposed_nsga2_bs,Gyorgy-KOVACS_WH_Wide_AW_5,110,12,auto_from_instance,12,18,4,30,216,,,,,5,2,4,root > V:29 > BH:26 > BV:19 > BV:17,selected,3,inf,True,557,202,355,460.0,1.0,1.0,True,True,1,1,0,True,1,1,0,0,True,True,0,14,9,14,9,2,RP,sampled_pool,,,False,0.7222222222222222,0.7686113189858682,0.2777777777777778,0.1,adaptive,remove_random_aisle,offspring,feasible_start_adaptive_spacing,,,,feasible_start_adaptive_spacing,0.5,,True,auto_from_instance,0.75,0.35,"1,5,14,16,20,25,26,27,35,36,45,47,54,55","3,16,17,21,25,27,29,32",,,,,,"H[1,5,14,16,20,25,26,27,35,36,45,47,54,55]|V[3,16,17,19,21,25,27,29,32]",0ccd7482bc13afbeac630bd0faf7012fe4b70f5c
proposed_nsga2_bs_Gyorgy-KOVACS_WH_Wide_AW_5_seed_110,proposed_nsga2_bs,Gyorgy-KOVACS_WH_Wide_AW_5,110,12,auto_from_instance,12,18,4,30,216,,,,,6,2,4,root > V:29 > BH:26 > BV:17 > BV:17,selected,4,inf,True,557,202,355,510.0,1.0,1.0,True,True,1,1,0,True,1,1,0,0,True,True,0,14,8,14,8,2,RP,sampled_pool,,,False,0.7222222222222222,0.7686113189858682,0.2777777777777778,0.1,adaptive,remove_random_aisle,offspring,feasible_start_adaptive_spacing,,,,feasible_start_adaptive_spacing,0.5,,True,auto_from_instance,0.75,0.35,"1,5,14,16,20,25,26,27,35,36,45,47,54,55","3,16,17,21,25,27,29,32",,,,,,"H[1,5,14,16,20,25,26,27,35,36,45,47,54,55]|V[3,16,17,21,25,27,29,32]",01a64afdd46edf4dc6b60538f107b837ec4162f0
proposed_nsga2_bs_Gyorgy-KOVACS_WH_Wide_AW_5_seed_110,proposed_nsga2_bs,Gyorgy-KOVACS_WH_Wide_AW_5,110,12,auto_from_instance,12,18,4,30,216,,,,,7,3,8,root > V:15 > BH:26 > BH:5 > BH:16 > BH:27 > BH:36 > BH:45 > BV:24,selected,0,inf,True,497,247,250,385.0,1.0,1.0,True,True,1,1,0,True,1,1,0,0,True,True,0,14,10,14,10,3,LS,sampled_pool,,,False,0.7222222222222222,0.7393007635756667,0.2777777777777778,0.1,adaptive,spacing_aware_flip,offspring,feasible_start_adaptive_spacing,,,,feasible_start_adaptive_spacing,0.5,,True,auto_from_instance,0.75,0.35,"1,5,14,16,20,23,25,26,27,35,36,45,47,55","6,15,17,21,24,25,27,28,29,32",,,,,,"H[1,5,14,16,20,23,25,26,27,35,36,45,47,55]|V[6,15,17,21,24,25,27,28,29,32]",9367037dc0304e9a893380cb68f03b46b0c6f55b
proposed_nsga2_bs_Gyorgy-KOVACS_WH_Wide_AW_5_seed_110,proposed_nsga2_bs,Gyorgy-KOVACS_WH_Wide_AW_5,110,12,auto_from_instance,12,18,4,30,216,,,,,8,3,8,root > V:15 > BH:26 > BH:5 > BH:16 > BH:25 > BH:36 > BH:45 > BV:24,selected,0,inf,True,497,247,250,385.0,1.0,1.0,True,True,1,1,0,True,1,1,0,0,True,True,0,14,10,14,10,3,LS,sampled_pool,,,False,0.7222222222222222,0.7393007635756667,0.2777777777777778,0.1,adaptive,spacing_aware_flip,offspring,feasible_start_adaptive_spacing,,,,feasible_start_adaptive_spacing,0.5,,True,auto_from_instance,0.75,0.35,"1,5,14,16,20,23,25,26,27,35,36,45,47,55","6,15,17,21,24,25,27,28,29,32",,,,,,"H[1,5,14,16,20,23,25,26,27,35,36,45,47,55]|V[6,15,17,21,24,25,27,28,29,32]",416c9c0e4f9e06143d78fee04cbc7a8d1c4800ad
proposed_nsga2_bs_Gyorgy-KOVACS_WH_Wide_AW_5_seed_110,proposed_nsga2_bs,Gyorgy-KOVACS_WH_Wide_AW_5,110,12,auto_from_instance,12,18,4,30,216,,,,,9,4,8,root > V:16 > BH:26 > BH:5 > BH:16 > BH:27 > BH:36 > BH:45 > BV:25,selected,0,1.745680106335844,True,517,238,279,368.0,1.0,1.0,True,True,1,1,0,True,1,1,0,0,True,True,0,18,8,18,8,4,LS,sampled_pool,,,False,0.7222222222222222,0.7099621221914441,0.2777777777777778,0.1,adaptive,break_symmetry,offspring,feasible_start_adaptive_spacing,,,,feasible_start_adaptive_spacing,0.5,,True,auto_from_instance,0.75,0.35,"1,5,6,13,14,16,20,23,25,26,27,29,37,39,45,47,54","3,16,17,19,21,25,27,29",,,,,,"H[1,5,6,13,14,16,20,23,25,26,27,29,36,37,39,45,47,54]|V[3,16,17,19,21,25,27,29]",015ee1c8318bbe65f9d75b3878c91b9d7be2a076
proposed_nsga2_bs_Gyorgy-KOVACS_WH_Wide_AW_5_seed_110,proposed_nsga2_bs,Gyorgy-KOVACS_WH_Wide_AW_5,110,12,auto_from_instance,12,18,4,30,216,,,,,10,4,8,root > V:16 > BH:26 > BH:5 > BH:16 > BH:25 > BH:36 > BH:45 > BV:25,selected,0,inf,True,517,238,279,368.0,1.0,1.0,True,True,1,1,0,True,1,1,0,0,True,True,0,18,8,18,8,4,LS,sampled_pool,,,False,0.7222222222222222,0.7099621221914441,0.2777777777777778,0.1,adaptive,break_symmetry,offspring,feasible_start_adaptive_spacing,,,,feasible_start_adaptive_spacing,0.5,,True,auto_from_instance,0.75,0.35,"1,5,6,13,14,16,20,23,25,26,27,29,37,39,45,47,54","3,16,17,19,21,25,27,29",,,,,,"H[1,5,6,13,14,16,20,23,25,26,27,29,36,37,39,45,47,54]|V[3,16,17,19,21,25,27,29]",559a078c3ea143504613077c561cb3124d66b767
proposed_nsga2_bs_Gyorgy-KOVACS_WH_Wide_AW_5_seed_110,proposed_nsga2_bs,Gyorgy-KOVACS_WH_Wide_AW_5,110,12,auto_from_instance,12,18,4,30,216,,,,,11,4,8,root > V:16 > BH:26 > BH:5 > BH:16 > BH:27 > BH:36 > BH:45 > BV:29,selected,1,inf,True,517,225,292,586.0,1.0,1.0,True,True,1,1,0,True,1,1,0,0,True,True,0,18,8,18,8,4,LS,sampled_pool,,,False,0.7222222222222222,0.7099621221914441,0.2777777777777778,0.1,adaptive,break_symmetry,offspring,feasible_start_adaptive_spacing,,,,feasible_start_adaptive_spacing,0.5,,True,auto_from_instance,0.75,0.35,"1,5,6,13,14,16,20,23,25,26,27,29,37,39,45,47,54","3,16,17,19,21,25,27,29",,,,,,"H[1,5,6,13,14,16,20,23,25,26,27,29,36,37,39,45,47,54]|V[3,16,17,19,21,25,27,29]",ed71c8d546062d956359fd31a02e14699e745412
proposed_nsga2_bs_Gyorgy-KOVACS_WH_Wide_AW_5_seed_110,proposed_nsga2_bs,Gyorgy-KOVACS_WH_Wide_AW_5,110,12,auto_from_instance,12,18,4,30,216,,,,,12,4,8,root > V:16 > BH:26 > BH:5 > BH:16 > BH:25 > BH:36 > BH:45 > BV:29,selected,1,inf,True,517,225,292,586.0,1.0,1.0,True,True,1,1,0,True,1,1,0,0,True,True,0,18,8,18,8,4,LS,sampled_pool,,,False,0.7222222222222222,0.7099621221914441,0.2777777777777778,0.1,adaptive,break_symmetry,offspring,feasible_start_adaptive_spacing,,,,feasible_start_adaptive_spacing,0.5,,True,auto_from_instance,0.75,0.35,"1,5,6,13,14,16,20,23,25,26,27,29,37,39,45,47,54","3,16,17,19,21,25,27,29",,,,,,"H[1,5,6,13,14,16,20,23,25,26,27,29,36,37,39,45,47,54]|V[3,16,17,19,21,25,27,29]",13a8831f3352523fe53b9477eb693b985fdfc37c
proposed_nsga2_bs_Gyorgy-KOVACS_WH_Wide_AW_5_seed_110,proposed_nsga2_bs,Gyorgy-KOVACS_WH_Wide_AW_5,110,13,auto_from_instance,12,18,4,30,216,,,,,1,1,8,root > V:16 > BH:26 > BH:5 > BH:16 > BH:27 > BH:36 > BH:45 > BV:25,selected,0,1.745680106335844,True,517,238,279,368.0,1.0,1.0,True,True,1,1,0,True,1,1,0,0,True,True,0,18,8,18,8,1,LS_RP,sampled_pool,,,False,0.7777777777777778,0.776010832211324,0.2222222222222222,0.1,adaptive,bit_flip,offspring,feasible_start_adaptive_spacing,,,,feasible_start_adaptive_spacing,0.5,,True,auto_from_instance,0.75,0.35,"1,5,6,14,16,20,23,25,26,27,29,32,36,37,39,45,47,54","3,16,17,19,21,25,27,29",,,,,,"H[1,5,6,14,16,20,23,25,26,27,29,32,36,37,39,45,47,54]|V[3,16,17,19,21,25,27,29]",015ee1c8318bbe65f9d75b3878c91b9d7be2a076
proposed_nsga2_bs_Gyorgy-KOVACS_WH_Wide_AW_5_seed_110,proposed_nsga2_bs,Gyorgy-KOVACS_WH_Wide_AW_5,110,13,auto_from_instance,12,18,4,30,216,,,,,2,1,8,root > V:16 > BH:26 > BH:5 > BH:16 > BH:25 > BH:36 > BH:45 > BV:25,selected,0,inf,True,517,238,279,368.0,1.0,1.0,True,True,1,1,0,True,1,1,0,0,True,True,0,18,8,18,8,1,LS_RP,sampled_pool,,,False,0.7777777777777778,0.776010832211324,0.2222222222222222,0.1,adaptive,bit_flip,offspring,feasible_start_adaptive_spacing,,,,feasible_start_adaptive_spacing,0.5,,True,auto_from_instance,0.75,0.35,"1,5,6,14,16,20,23,25,26,27,29,32,36,37,39,45,47,54","3,16,17,19,21,25,27,29",,,,,,"H[1,5,6,14,16,20,23,25,26,27,29,32,36,37,39,45,47,54]|V[3,16,17,19,21,25,27,29]",559a078c3ea143504613077c561cb3124d66b767
proposed_nsga2_bs_Gyorgy-KOVACS_WH_Wide_AW_5_seed_110,proposed_nsga2_bs,Gyorgy-KOVACS_WH_Wide_AW_5,110,13,auto_from_instance,12,18,4,30,216,,,,,3,1,8,root > V:16 > BH:26 > BH:5 > BH:16 > BH:27 > BH:36 > BH:45 > BV:29,selected,1,inf,True,517,225,292,586.0,1.0,1.0,True,True,1,1,0,True,1,1,0,0,True,True,0,18,8,18,8,1,LS_RP,sampled_pool,,,False,0.7777777777777778,0.776010832211324,0.2222222222222222,0.1,adaptive,bit_flip,offspring,feasible_start_adaptive_spacing,,,,feasible_start_adaptive_spacing,0.5,,True,auto_from_instance,0.75,0.35,"1,5,6,14,16,20,23,25,26,27,29,32,36,37,39,45,47,54","3,16,17,19,21,25,27,29",,,,,,"H[1,5,6,14,16,20,23,25,26,27,29,32,36,37,39,45,47,54]|V[3,16,17,19,21,25,27,29]",ed71c8d546062d956359fd31a02e14699e745412
proposed_nsga2_bs_Gyorgy-KOVACS_WH_Wide_AW_5_seed_110,proposed_nsga2_bs,Gyorgy-KOVACS_WH_Wide_AW_5,110,13,auto_from_instance,12,18,4,30,216,,,,,4,1,8,root > V:16 > BH:26 > BH:5 > BH:16 > BH:25 > BH:36 > BH:45 > BV:29,selected,1,inf,True,517,225,292,586.0,1.0,1.0,True,True,1,1,0,True,1,1,0,0,True,True,0,18,8,18,8,1,LS_RP,sampled_pool,,,False,0.7777777777777778,0.776010832211324,0.2222222222222222,0.1,adaptive,bit_flip,offspring,feasible_start_adaptive_spacing,,,,feasible_start_adaptive_spacing,0.5,,True,auto_from_instance,0.75,0.35,"1,5,6,14,16,20,23,25,26,27,29,32,36,37,39,45,47,54","3,16,17,19,21,25,27,29",,,,,,"H[1,5,6,14,16,20,23,25,26,27,29,32,36,37,39,45,47,54]|V[3,16,17,19,21,25,27,29]",13a8831f3352523fe53b9477eb693b985fdfc37c
proposed_nsga2_bs_Gyorgy-KOVACS_WH_Wide_AW_5_seed_110,proposed_nsga2_bs,Gyorgy-KOVACS_WH_Wide_AW_5,110,13,auto_from_instance,12,18,4,30,216,,,,,5,4,4,root > V:27 > BH:26 > BV:17 > BV:17,selected,0,inf,True,567,256,311,311.0,1.0,1.0,True,True,1,1,0,True,1,1,0,0,True,True,0,19,7,19,7,4,LS_SS,sampled_pool,,,True,0.7777777777777778,0.7764970406449136,0.2222222222222222,0.1,adaptive,insert_random_aisle,offspring,feasible_start_adaptive_spacing,,,,feasible_start_adaptive_spacing,0.5,,True,auto_from_instance,0.75,0.35,"1,5,6,13,14,16,20,23,25,26,27,29,34,35,36,45,47,54,55","3,16,17,21,25,27,29",,,,,,"H[1,5,6,13,14,16,20,23,25,26,27,29,34,35,36,45,47,54,55]|V[3,16,17,21,25,27,29]",a8708aef2b1e3127a45cd25328e7b01fe876ac67
proposed_nsga2_bs_Gyorgy-KOVACS_WH_Wide_AW_5_seed_110,proposed_nsga2_bs,Gyorgy-KOVACS_WH_Wide_AW_5,110,13,auto_from_instance,12,18,4,30,216,,,,,6,4,4,root > V:29 > BH:26 > BV:19 > BV:19,selected,1,inf,True,557,202,355,408.0,1.0,1.0,True,True,1,1,0,True,1,1,0,0,True,True,0,19,8,19,8,4,LS_SS,sampled_pool,,,True,0.7777777777777778,0.7764970406449136,0.2222222222222222,0.1,adaptive,insert_random_aisle,offspring,feasible_start_adaptive_spacing,,,,feasible_start_adaptive_spacing,0.5,,True,auto_from_instance,0.75,0.35,"1,5,6,13,14,16,20,23,25,26,27,29,34,35,36,45,47,54,55","3,16,17,21,25,27,29",,,,,,"H[1,5,6,13,14,16,20,23,25,26,27,29,34,35,36,45,47,54,55]|V[3,16,17,19,21,25,27,29]",225a083d40a70add6d49c842c1ea1b7da9e91627
proposed_nsga2_bs_Gyorgy-KOVACS_WH_Wide_AW_5_seed_110,proposed_nsga2_bs,Gyorgy-KOVACS_WH_Wide_AW_5,110,13,auto_from_instance,12,18,4,30,216,,,,,7,4,4,root > V:29 > BH:26 > BV:19 > BV:17,selected,2,inf,True,557,202,355,458.0,1.0,1.0,True,True,1,1,0,True,1,1,0,0,True,True,0,19,8,19,8,4,LS_SS,sampled_pool,,,True,0.7777777777777778,0.7764970406449136,0.2222222222222222,0.1,adaptive,insert_random_aisle,offspring,feasible_start_adaptive_spacing,,,,feasible_start_adaptive_spacing,0.5,,True,auto_from_instance,0.75,0.35,"1,5,6,13,14,16,20,23,25,26,27,29,34,35,36,45,47,54,55","3,16,17,21,25,27,29",,,,,,"H[1,5,6,13,14,16,20,23,25,26,27,29,34,35,36,45,47,54,55]|V[3,16,17,19,21,25,27,29]",f590e28c4ca08f01adba87c9244bc357b1edb9bd
proposed_nsga2_bs_Gyorgy-KOVACS_WH_Wide_AW_5_seed_110,proposed_nsga2_bs,Gyorgy-KOVACS_WH_Wide_AW_5,110,13,auto_from_instance,12,18,4,30,216,,,,,8,4,4,root > V:29 > BH:26 > BV:17 > BV:19,selected,3,inf,True,557,202,355,460.0,1.0,1.0,True,True,1,1,0,True,1,1,0,0,True,True,0,19,8,19,8,4,LS_SS,sampled_pool,,,True,0.7777777777777778,0.7764970406449136,0.2222222222222222,0.1,adaptive,insert_random_aisle,offspring,feasible_start_adaptive_spacing,,,,feasible_start_adaptive_spacing,0.5,,True,auto_from_instance,0.75,0.35,"1,5,6,13,14,16,20,23,25,26,27,29,34,35,36,45,47,54,55","3,16,17,21,25,27,29",,,,,,"H[1,5,6,13,14,16,20,23,25,26,27,29,34,35,36,45,47,54,55]|V[3,16,17,19,21,25,27,29]",0ccd7482bc13afbeac630bd0faf7012fe4b70f5c
proposed_nsga2_bs_Gyorgy-KOVACS_WH_Wide_AW_5_seed_110,proposed_nsga2_bs,Gyorgy-KOVACS_WH_Wide_AW_5,110,13,auto_from_instance,12,18,4,30,216,,,,,9,4,4,root > V:29 > BH:26 > BV:17 > BV:17,selected,4,inf,True,557,202,355,510.0,1.0,1.0,True,True,1,1,0,True,1,1,0,0,True,True,0,19,7,19,7,4,LS_SS,sampled_pool,,,True,0.7777777777777778,0.7764970406449136,0.2222222222222222,0.1,adaptive,insert_random_aisle,offspring,feasible_start_adaptive_spacing,,,,feasible_start_adaptive_spacing,0.5,,True,auto_from_instance,0.75,0.35,"1,5,6,13,14,16,20,23,25,26,27,29,34,35,36,45,47,54,55","3,16,17,21,25,27,29",,,,,,"H[1,5,6,13,14,16,20,23,25,26,27,29,34,35,36,45,47,54,55]|V[3,16,17,21,25,27,29]",01a64afdd46edf4dc6b60538f107b837ec4162f0
proposed_nsga2_bs_Gyorgy-KOVACS_WH_Wide_AW_5_seed_110,proposed_nsga2_bs,Gyorgy-KOVACS_WH_Wide_AW_5,110,13,auto_from_instance,12,18,4,30,216,,,,,10,7,8,root > V:15 > BH:26 > BH:5 > BH:16 > BH:27 > BH:36 > BH:45 > BV:24,selected,0,inf,True,497,247,250,385.0,1.0,1.0,True,True,1,1,0,True,1,1,0,0,True,True,0,18,10,18,10,7,PF,sampled_pool,,,False,0.7777777777777778,0.8034228886622985,0.2222222222222222,0.1,adaptive,break_symmetry,offspring,feasible_start_adaptive_spacing,,,,feasible_start_adaptive_spacing,0.5,,True,auto_from_instance,0.75,0.35,"1,5,6,13,14,16,20,23,25,26,27,35,36,37,39,45,47,54","3,6,15,17,21,24,26,27,28,29",,,,,,"H[1,5,6,13,14,16,20,23,25,26,27,35,36,37,39,45,47,54]|V[3,6,15,17,21,24,26,27,28,29]",9367037dc0304e9a893380cb68f03b46b0c6f55b
proposed_nsga2_bs_Gyorgy-KOVACS_WH_Wide_AW_5_seed_110,proposed_nsga2_bs,Gyorgy-KOVACS_WH_Wide_AW_5,110,13,auto_from_instance,12,18,4,30,216,,,,,11,7,8,root > V:15 > BH:26 > BH:5 > BH:16 > BH:25 > BH:36 > BH:45 > BV:24,selected,0,inf,True,497,247,250,385.0,1.0,1.0,True,True,1,1,0,True,1,1,0,0,True,True,0,18,10,18,10,7,PF,sampled_pool,,,False,0.7777777777777778,0.8034228886622985,0.2222222222222222,0.1,adaptive,break_symmetry,offspring,feasible_start_adaptive_spacing,,,,feasible_start_adaptive_spacing,0.5,,True,auto_from_instance,0.75,0.35,"1,5,6,13,14,16,20,23,25,26,27,35,36,37,39,45,47,54","3,6,15,17,21,24,26,27,28,29",,,,,,"H[1,5,6,13,14,16,20,23,25,26,27,35,36,37,39,45,47,54]|V[3,6,15,17,21,24,26,27,28,29]",416c9c0e4f9e06143d78fee04cbc7a8d1c4800ad
proposed_nsga2_bs_Gyorgy-KOVACS_WH_Wide_AW_5_seed_110,proposed_nsga2_bs,Gyorgy-KOVACS_WH_Wide_AW_5,110,13,auto_from_instance,12,18,4,30,216,,,,,12,10,7,root > V:21 > BH:26 > BH:5 > BH:16 > BH:27 > BH:38 > BH:47,selected,5,inf,True,652,180,472,763.0,1.0,1.0,True,True,1,1,0,True,1,1,0,0,True,True,0,15,7,15,7,10,SS_LS_PF,sampled_pool,,,True,0.7777777777777778,0.7940980399122742,0.2222222222222222,0.1,adaptive,bit_flip,offspring,feasible_start_adaptive_spacing,,,,feasible_start_adaptive_spacing,0.5,,True,auto_from_instance,0.75,0.35,"1,5,14,16,20,23,25,26,27,35,36,38,45,47,55","16,17,19,21,25,27,29",,,,,,"H[1,5,14,16,20,23,25,26,27,35,36,38,45,47,55]|V[16,17,19,21,25,27,29]",2f63addef0a564eaffadcb442913b04bcdb20a31
proposed_nsga2_bs_Gyorgy-KOVACS_WH_Wide_AW_5_seed_110,proposed_nsga2_bs,Gyorgy-KOVACS_WH_Wide_AW_5,110,14,auto_from_instance,12,18,4,30,216,,,,,1,1,8,root > V:16 > BH:26 > BH:5 > BH:16 > BH:27 > BH:36 > BH:45 > BV:25,selected,0,1.745680106335844,True,517,238,279,368.0,1.0,1.0,True,True,1,1,0,True,1,1,0,0,True,True,0,20,10,20,10,1,LS_SS,sampled_pool,,,True,0.8333333333333334,0.8434609549473224,0.16666666666666663,0.1,adaptive,bit_flip,offspring,feasible_start_adaptive_spacing,,,,feasible_start_adaptive_spacing,0.5,,True,auto_from_instance,0.75,0.35,"1,5,6,13,14,15,16,20,23,25,26,27,29,32,36,37,39,45,47,54","3,6,16,17,19,21,25,27,28,29",,,,,,"H[1,5,6,13,14,15,16,20,23,25,26,27,29,32,36,37,39,45,47,54]|V[3,6,16,17,19,21,25,27,28,29]",015ee1c8318bbe65f9d75b3878c91b9d7be2a076
proposed_nsga2_bs_Gyorgy-KOVACS_WH_Wide_AW_5_seed_110,proposed_nsga2_bs,Gyorgy-KOVACS_WH_Wide_AW_5,110,14,auto_from_instance,12,18,4,30,216,,,,,2,1,8,root > V:16 > BH:26 > BH:5 > BH:16 > BH:25 > BH:36 > BH:45 > BV:25,selected,0,inf,True,517,238,279,368.0,1.0,1.0,True,True,1,1,0,True,1,1,0,0,True,True,0,20,10,20,10,1,LS_SS,sampled_pool,,,True,0.8333333333333334,0.8434609549473224,0.16666666666666663,0.1,adaptive,bit_flip,offspring,feasible_start_adaptive_spacing,,,,feasible_start_adaptive_spacing,0.5,,True,auto_from_instance,0.75,0.35,"1,5,6,13,14,15,16,20,23,25,26,27,29,32,36,37,39,45,47,54","3,6,16,17,19,21,25,27,28,29",,,,,,"H[1,5,6,13,14,15,16,20,23,25,26,27,29,32,36,37,39,45,47,54]|V[3,6,16,17,19,21,25,27,28,29]",559a078c3ea143504613077c561cb3124d66b767
proposed_nsga2_bs_Gyorgy-KOVACS_WH_Wide_AW_5_seed_110,proposed_nsga2_bs,Gyorgy-KOVACS_WH_Wide_AW_5,110,14,auto_from_instance,12,18,4,30,216,,,,,3,1,8,root > V:16 > BH:26 > BH:5 > BH:16 > BH:27 > BH:36 > BH:45 > BV:29,selected,2,inf,True,517,225,292,586.0,1.0,1.0,True,True,1,1,0,True,1,1,0,0,True,True,0,20,10,20,10,1,LS_SS,sampled_pool,,,True,0.8333333333333334,0.8434609549473224,0.16666666666666663,0.1,adaptive,bit_flip,offspring,feasible_start_adaptive_spacing,,,,feasible_start_adaptive_spacing,0.5,,True,auto_from_instance,0.75,0.35,"1,5,6,13,14,15,16,20,23,25,26,27,29,32,36,37,39,45,47,54","3,6,16,17,19,21,25,27,28,29",,,,,,"H[1,5,6,13,14,15,16,20,23,25,26,27,29,32,36,37,39,45,47,54]|V[3,6,16,17,19,21,25,27,28,29]",ed71c8d546062d956359fd31a02e14699e745412
proposed_nsga2_bs_Gyorgy-KOVACS_WH_Wide_AW_5_seed_110,proposed_nsga2_bs,Gyorgy-KOVACS_WH_Wide_AW_5,110,14,auto_from_instance,12,18,4,30,216,,,,,4,1,8,root > V:16 > BH:26 > BH:5 > BH:16 > BH:25 > BH:36 > BH:45 > BV:29,selected,2,inf,True,517,225,292,586.0,1.0,1.0,True,True,1,1,0,True,1,1,0,0,True,True,0,20,10,20,10,1,LS_SS,sampled_pool,,,True,0.8333333333333334,0.8434609549473224,0.16666666666666663,0.1,adaptive,bit_flip,offspring,feasible_start_adaptive_spacing,,,,feasible_start_adaptive_spacing,0.5,,True,auto_from_instance,0.75,0.35,"1,5,6,13,14,15,16,20,23,25,26,27,29,32,36,37,39,45,47,54","3,6,16,17,19,21,25,27,28,29",,,,,,"H[1,5,6,13,14,15,16,20,23,25,26,27,29,32,36,37,39,45,47,54]|V[3,6,16,17,19,21,25,27,28,29]",13a8831f3352523fe53b9477eb693b985fdfc37c
proposed_nsga2_bs_Gyorgy-KOVACS_WH_Wide_AW_5_seed_110,proposed_nsga2_bs,Gyorgy-KOVACS_WH_Wide_AW_5,110,14,auto_from_instance,12,18,4,30,216,,,,,5,2,8,root > V:15 > BH:26 > BH:5 > BH:14 > BH:25 > BH:36 > BH:45 > BV:24,selected,0,inf,True,497,247,250,385.0,1.0,1.0,True,True,1,1,0,True,1,1,0,0,True,True,0,17,8,17,8,2,LS_SS,sampled_pool,,,True,0.8333333333333334,0.8764742484954052,0.16666666666666663,0.1,adaptive,break_symmetry,offspring,feasible_start_adaptive_spacing,,,,feasible_start_adaptive_spacing,0.5,,True,auto_from_instance,0.75,0.35,"1,5,6,14,16,20,23,25,26,27,35,36,37,39,45,47,54","3,15,17,21,24,26,28,29",,,,,,"H[1,5,6,14,16,20,23,25,26,27,35,36,37,39,45,47,54]|V[3,15,17,21,24,26,28,29]",4f5b467192e7c6ce4bc3fd69bf3ce13c31bd8ba0
proposed_nsga2_bs_Gyorgy-KOVACS_WH_Wide_AW_5_seed_110,proposed_nsga2_bs,Gyorgy-KOVACS_WH_Wide_AW_5,110,14,auto_from_instance,12,18,4,30,216,,,,,6,2,8,root > V:15 > BH:26 > BH:5 > BH:14 > BH:27 > BH:36 > BH:45 > BV:24,selected,1,inf,True,497,247,250,413.0,1.0,1.0,True,True,1,1,0,True,1,1,0,0,True,True,0,17,8,17,8,2,LS_SS,sampled_pool,,,True,0.8333333333333334,0.8764742484954052,0.16666666666666663,0.1,adaptive,break_symmetry,offspring,feasible_start_adaptive_spacing,,,,feasible_start_adaptive_spacing,0.5,,True,auto_from_instance,0.75,0.35,"1,5,6,14,16,20,23,25,26,27,35,36,37,39,45,47,54","3,15,17,21,24,26,28,29",,,,,,"H[1,5,6,14,16,20,23,25,26,27,35,36,37,39,45,47,54]|V[3,15,17,21,24,26,28,29]",260175b1e980c085f6fc552a8d4b0d7305d33a59
proposed_nsga2_bs_Gyorgy-KOVACS_WH_Wide_AW_5_seed_110,proposed_nsga2_bs,Gyorgy-KOVACS_WH_Wide_AW_5,110,14,auto_from_instance,12,18,4,30,216,,,,,7,4,8,root > V:15 > BH:26 > BH:5 > BH:16 > BH:27 > BH:36 > BH:45 > BV:24,selected,0,0.0,True,497,247,250,385.0,1.0,1.0,True,True,1,1,0,True,1,1,0,0,True,True,0,18,10,18,10,4,PF_LS,sampled_pool,,,False,0.8333333333333334,0.8753298100859348,0.16666666666666663,0.1,adaptive,swap_segments,offspring,feasible_start_adaptive_spacing,,,,feasible_start_adaptive_spacing,0.5,,True,auto_from_instance,0.75,0.35,"1,5,6,16,20,23,25,26,27,31,32,34,35,36,45,47,54,55","3,6,15,17,21,26,27,28,29",,,,,,"H[1,5,6,16,20,23,25,26,27,31,32,34,35,36,45,47,54,55]|V[3,6,15,17,21,24,26,27,28,29]",9367037dc0304e9a893380cb68f03b46b0c6f55b
proposed_nsga2_bs_Gyorgy-KOVACS_WH_Wide_AW_5_seed_110,proposed_nsga2_bs,Gyorgy-KOVACS_WH_Wide_AW_5,110,14,auto_from_instance,12,18,4,30,216,,,,,8,4,8,root > V:15 > BH:26 > BH:5 > BH:16 > BH:25 > BH:36 > BH:45 > BV:24,selected,0,inf,True,497,247,250,385.0,1.0,1.0,True,True,1,1,0,True,1,1,0,0,True,True,0,18,10,18,10,4,PF_LS,sampled_pool,,,False,0.8333333333333334,0.8753298100859348,0.16666666666666663,0.1,adaptive,swap_segments,offspring,feasible_start_adaptive_spacing,,,,feasible_start_adaptive_spacing,0.5,,True,auto_from_instance,0.75,0.35,"1,5,6,16,20,23,25,26,27,31,32,34,35,36,45,47,54,55","3,6,15,17,21,26,27,28,29",,,,,,"H[1,5,6,16,20,23,25,26,27,31,32,34,35,36,45,47,54,55]|V[3,6,15,17,21,24,26,27,28,29]",416c9c0e4f9e06143d78fee04cbc7a8d1c4800ad
proposed_nsga2_bs_Gyorgy-KOVACS_WH_Wide_AW_5_seed_110,proposed_nsga2_bs,Gyorgy-KOVACS_WH_Wide_AW_5,110,14,auto_from_instance,12,18,4,30,216,,,,,9,10,4,root > V:27 > BH:26 > BV:17 > BV:17,selected,0,inf,True,567,256,311,311.0,1.0,1.0,True,True,1,1,0,True,1,1,0,0,True,True,0,18,10,18,10,10,RP,sampled_pool,,,False,0.8333333333333334,0.8504994090520541,0.16666666666666663,0.1,adaptive,spacing_aware_flip,offspring,feasible_start_adaptive_spacing,,,,feasible_start_adaptive_spacing,0.5,,True,auto_from_instance,0.75,0.35,"1,5,6,13,14,16,20,23,25,26,27,32,36,37,39,45,47,54","3,9,15,17,21,24,26,27,28,29",,,,,,"H[1,5,6,13,14,16,20,23,25,26,27,32,36,37,39,45,47,54]|V[3,9,15,17,21,24,26,27,28,29]",a8708aef2b1e3127a45cd25328e7b01fe876ac67
proposed_nsga2_bs_Gyorgy-KOVACS_WH_Wide_AW_5_seed_110,proposed_nsga2_bs,Gyorgy-KOVACS_WH_Wide_AW_5,110,14,auto_from_instance,12,18,4,30,216,,,,,10,10,4,root > V:29 > BH:26 > BV:19 > BV:19,selected,1,inf,True,557,202,355,408.0,1.0,1.0,True,True,1,1,0,True,1,1,0,0,True,True,0,18,11,18,11,10,RP,sampled_pool,,,False,0.8333333333333334,0.8504994090520541,0.16666666666666663,0.1,adaptive,spacing_aware_flip,offspring,feasible_start_adaptive_spacing,,,,feasible_start_adaptive_spacing,0.5,,True,auto_from_instance,0.75,0.35,"1,5,6,13,14,16,20,23,25,26,27,32,36,37,39,45,47,54","3,9,15,17,21,24,26,27,28,29",,,,,,"H[1,5,6,13,14,16,20,23,25,26,27,32,36,37,39,45,47,54]|V[3,9,15,17,19,21,24,26,27,28,29]",225a083d40a70add6d49c842c1ea1b7da9e91627
proposed_nsga2_bs_Gyorgy-KOVACS_WH_Wide_AW_5_seed_110,proposed_nsga2_bs,Gyorgy-KOVACS_WH_Wide_AW_5,110,14,auto_from_instance,12,18,4,30,216,,,,,11,10,4,root > V:29 > BH:26 > BV:19 > BV:17,selected,2,inf,True,557,202,355,458.0,1.0,1.0,True,True,1,1,0,True,1,1,0,0,True,True,0,18,11,18,11,10,RP,sampled_pool,,,False,0.8333333333333334,0.8504994090520541,0.16666666666666663,0.1,adaptive,spacing_aware_flip,offspring,feasible_start_adaptive_spacing,,,,feasible_start_adaptive_spacing,0.5,,True,auto_from_instance,0.75,0.35,"1,5,6,13,14,16,20,23,25,26,27,32,36,37,39,45,47,54","3,9,15,17,21,24,26,27,28,29",,,,,,"H[1,5,6,13,14,16,20,23,25,26,27,32,36,37,39,45,47,54]|V[3,9,15,17,19,21,24,26,27,28,29]",f590e28c4ca08f01adba87c9244bc357b1edb9bd
proposed_nsga2_bs_Gyorgy-KOVACS_WH_Wide_AW_5_seed_110,proposed_nsga2_bs,Gyorgy-KOVACS_WH_Wide_AW_5,110,14,auto_from_instance,12,18,4,30,216,,,,,12,10,4,root > V:29 > BH:26 > BV:19 > BV:17,selected,3,inf,True,557,202,355,460.0,1.0,1.0,True,True,1,1,0,True,1,1,0,0,True,True,0,18,11,18,11,10,RP,sampled_pool,,,False,0.8333333333333334,0.8504994090520541,0.16666666666666663,0.1,adaptive,spacing_aware_flip,offspring,feasible_start_adaptive_spacing,,,,feasible_start_adaptive_spacing,0.5,,True,auto_from_instance,0.75,0.35,"1,5,6,13,14,16,20,23,25,26,27,32,36,37,39,45,47,54","3,9,15,17,21,24,26,27,28,29",,,,,,"H[1,5,6,13,14,16,20,23,25,26,27,32,36,37,39,45,47,54]|V[3,9,15,17,19,21,24,26,27,28,29]",0ccd7482bc13afbeac630bd0faf7012fe4b70f5c
proposed_nsga2_bs_Gyorgy-KOVACS_WH_Wide_AW_5_seed_110,proposed_nsga2_bs,Gyorgy-KOVACS_WH_Wide_AW_5,110,14,auto_from_instance,12,18,4,30,216,,,,,13,10,4,root > V:29 > BH:26 > BV:17 > BV:17,evaluated,4,inf,False,557,202,355,510.0,1.0,1.0,True,True,1,1,0,True,1,1,0,0,True,True,0,18,10,18,10,10,RP,sampled_pool,,,False,0.8333333333333334,0.8504994090520541,0.16666666666666663,0.1,adaptive,spacing_aware_flip,offspring,feasible_start_adaptive_spacing,,,,feasible_start_adaptive_spacing,0.5,,True,auto_from_instance,0.75,0.35,"1,5,6,13,14,16,20,23,25,26,27,32,36,37,39,45,47,54","3,9,15,17,21,24,26,27,28,29",,,,,,"H[1,5,6,13,14,16,20,23,25,26,27,32,36,37,39,45,47,54]|V[3,9,15,17,21,24,26,27,28,29]",01a64afdd46edf4dc6b60538f107b837ec4162f0
proposed_nsga2_bs_Gyorgy-KOVACS_WH_Wide_AW_5_seed_110,proposed_nsga2_bs,Gyorgy-KOVACS_WH_Wide_AW_5,110,15,auto_from_instance,12,18,4,30,216,,,,,1,1,8,root > V:16 > BH:26 > BH:5 > BH:16 > BH:27 > BH:36 > BH:45 > BV:25,selected,0,inf,True,517,238,279,368.0,1.0,1.0,True,True,1,1,0,True,1,1,0,0,True,True,0,21,12,21,12,1,LS,sampled_pool,,,False,0.8888888888888888,0.9037924747659822,0.11111111111111116,0.1,adaptive,spacing_aware_flip,offspring,feasible_start_adaptive_spacing,,,,feasible_start_adaptive_spacing,0.5,,True,auto_from_instance,0.75,0.35,"1,5,6,13,14,15,16,20,23,25,26,27,29,32,36,37,39,45,47,54,55","3,6,16,17,21,24,26,27,28,29,34",,,,,,"H[1,5,6,13,14,15,16,20,23,25,26,27,29,32,36,37,39,45,47,54,55]|V[3,6,16,17,21,24,25,26,27,28,29,34]",015ee1c8318bbe65f9d75b3878c91b9d7be2a076
proposed_nsga2_bs_Gyorgy-KOVACS_WH_Wide_AW_5_seed_110,proposed_nsga2_bs,Gyorgy-KOVACS_WH_Wide_AW_5,110,15,auto_from_instance,12,18,4,30,216,,,,,2,1,8,root > V:16 > BH:26 > BH:5 > BH:16 > BH:25 > BH:36 > BH:45 > BV:25,selected,0,inf,True,517,238,279,368.0,1.0,1.0,True,True,1,1,0,True,1,1,0,0,True,True,0,21,12,21,12,1,LS,sampled_pool,,,False,0.8888888888888888,0.9037924747659822,0.11111111111111116,0.1,adaptive,spacing_aware_flip,offspring,feasible_start_adaptive_spacing,,,,feasible_start_adaptive_spacing,0.5,,True,auto_from_instance,0.75,0.35,"1,5,6,13,14,15,16,20,23,25,26,27,29,32,36,37,39,45,47,54,55","3,6,16,17,21,24,26,27,28,29,34",,,,,,"H[1,5,6,13,14,15,16,20,23,25,26,27,29,32,36,37,39,45,47,54,55]|V[3,6,16,17,21,24,25,26,27,28,29,34]",559a078c3ea143504613077c561cb3124d66b767
proposed_nsga2_bs_Gyorgy-KOVACS_WH_Wide_AW_5_seed_110,proposed_nsga2_bs,Gyorgy-KOVACS_WH_Wide_AW_5,110,15,auto_from_instance,12,18,4,30,216,,,,,3,1,8,root > V:16 > BH:26 > BH:5 > BH:16 > BH:27 > BH:36 > BH:45 > BV:29,selected,3,inf,True,517,225,292,586.0,1.0,1.0,True,True,1,1,0,True,1,1,0,0,True,True,0,21,11,21,11,1,LS,sampled_pool,,,False,0.8888888888888888,0.9037924747659822,0.11111111111111116,0.1,adaptive,spacing_aware_flip,offspring,feasible_start_adaptive_spacing,,,,feasible_start_adaptive_spacing,0.5,,True,auto_from_instance,0.75,0.35,"1,5,6,13,14,15,16,20,23,25,26,27,29,32,36,37,39,45,47,54,55","3,6,16,17,21,24,26,27,28,29,34",,,,,,"H[1,5,6,13,14,15,16,20,23,25,26,27,29,32,36,37,39,45,47,54,55]|V[3,6,16,17,21,24,26,27,28,29,34]",ed71c8d546062d956359fd31a02e14699e745412
proposed_nsga2_bs_Gyorgy-KOVACS_WH_Wide_AW_5_seed_110,proposed_nsga2_bs,Gyorgy-KOVACS_WH_Wide_AW_5,110,15,auto_from_instance,12,18,4,30,216,,,,,4,1,8,root > V:16 > BH:26 > BH:5 > BH:16 > BH:25 > BH:36 > BH:45 > BV:29,selected,3,inf,True,517,225,292,586.0,1.0,1.0,True,True,1,1,0,True,1,1,0,0,True,True,0,21,11,21,11,1,LS,sampled_pool,,,False,0.8888888888888888,0.9037924747659822,0.11111111111111116,0.1,adaptive,spacing_aware_flip,offspring,feasible_start_adaptive_spacing,,,,feasible_start_adaptive_spacing,0.5,,True,auto_from_instance,0.75,0.35,"1,5,6,13,14,15,16,20,23,25,26,27,29,32,36,37,39,45,47,54,55","3,6,16,17,21,24,26,27,28,29,34",,,,,,"H[1,5,6,13,14,15,16,20,23,25,26,27,29,32,36,37,39,45,47,54,55]|V[3,6,16,17,21,24,26,27,28,29,34]",13a8831f3352523fe53b9477eb693b985fdfc37c
proposed_nsga2_bs_Gyorgy-KOVACS_WH_Wide_AW_5_seed_110,proposed_nsga2_bs,Gyorgy-KOVACS_WH_Wide_AW_5,110,15,auto_from_instance,12,18,4,30,216,,,,,5,2,8,root > V:15 > BH:26 > BH:5 > BH:16 > BH:27 > BH:36 > BH:45 > BV:24,selected,0,inf,True,497,247,250,385.0,1.0,1.0,True,True,1,1,0,True,1,1,0,0,True,True,0,17,11,17,11,2,LS_RP,sampled_pool,,,False,0.8888888888888888,0.9342959104415883,0.11111111111111116,0.1,adaptive,remove_random_aisle,offspring,feasible_start_adaptive_spacing,,,,feasible_start_adaptive_spacing,0.5,,True,auto_from_instance,0.75,0.35,"1,5,6,16,20,23,25,26,27,31,32,34,35,45,47,54","3,6,15,17,19,21,25,27,28,29",,,,,,"H[1,5,6,16,20,23,25,26,27,31,32,34,35,36,45,47,54]|V[3,6,15,17,19,21,24,25,27,28,29]",9367037dc0304e9a893380cb68f03b46b0c6f55b
proposed_nsga2_bs_Gyorgy-KOVACS_WH_Wide_AW_5_seed_110,proposed_nsga2_bs,Gyorgy-KOVACS_WH_Wide_AW_5,110,15,auto_from_instance,12,18,4,30,216,,,,,6,2,8,root > V:15 > BH:26 > BH:5 > BH:16 > BH:25 > BH:36 > BH:45 > BV:24,selected,0,0.0,True,497,247,250,385.0,1.0,1.0,True,True,1,1,0,True,1,1,0,0,True,True,0,17,11,17,11,2,LS_RP,sampled_pool,,,False,0.8888888888888888,0.9342959104415883,0.11111111111111116,0.1,adaptive,remove_random_aisle,offspring,feasible_start_adaptive_spacing,,,,feasible_start_adaptive_spacing,0.5,,True,auto_from_instance,0.75,0.35,"1,5,6,16,20,23,25,26,27,31,32,34,35,45,47,54","3,6,15,17,19,21,25,27,28,29",,,,,,"H[1,5,6,16,20,23,25,26,27,31,32,34,35,36,45,47,54]|V[3,6,15,17,19,21,24,25,27,28,29]",416c9c0e4f9e06143d78fee04cbc7a8d1c4800ad
proposed_nsga2_bs_Gyorgy-KOVACS_WH_Wide_AW_5_seed_110,proposed_nsga2_bs,Gyorgy-KOVACS_WH_Wide_AW_5,110,15,auto_from_instance,12,18,4,30,216,,,,,7,3,6,root > V:21 > BH:26 > BH:5 > BH:16 > BH:29 > BH:42,selected,6,inf,True,692,165,527,1197.0,1.0,1.0,True,True,1,1,0,True,1,1,0,0,True,True,0,19,11,19,11,3,SS_LS_PF,sampled_pool,,,True,0.8888888888888888,0.8133418935323052,0.11111111111111116,0.1,adaptive,bit_flip,offspring,feasible_start_adaptive_spacing,,,,feasible_start_adaptive_spacing,0.5,,True,auto_from_instance,0.75,0.35,"1,5,6,13,14,16,20,25,26,27,32,36,37,39,45,47,54","3,6,9,16,17,19,21,25,27,28,29",,,,,,"H[1,5,6,13,14,16,20,25,26,27,29,32,36,37,39,42,45,47,54]|V[3,6,9,16,17,19,21,25,27,28,29]",3e80fff572b45638d4c993741f9187431fecc243
proposed_nsga2_bs_Gyorgy-KOVACS_WH_Wide_AW_5_seed_110,proposed_nsga2_bs,Gyorgy-KOVACS_WH_Wide_AW_5,110,15,auto_from_instance,12,18,4,30,216,,,,,8,3,6,root > V:21 > BH:26 > BH:5 > BH:16 > BH:27 > BH:40,evaluated,6,inf,False,692,168,524,1255.0,1.0,1.0,True,True,1,1,0,True,1,1,0,0,True,True,0,18,11,18,11,3,SS_LS_PF,sampled_pool,,,True,0.8888888888888888,0.8133418935323052,0.11111111111111116,0.1,adaptive,bit_flip,offspring,feasible_start_adaptive_spacing,,,,feasible_start_adaptive_spacing,0.5,,True,auto_from_instance,0.75,0.35,"1,5,6,13,14,16,20,25,26,27,32,36,37,39,45,47,54","3,6,9,16,17,19,21,25,27,28,29",,,,,,"H[1,5,6,13,14,16,20,25,26,27,32,36,37,39,40,45,47,54]|V[3,6,9,16,17,19,21,25,27,28,29]",c29204a760792de9b5fff7fd1f22463071b8fe3a
proposed_nsga2_bs_Gyorgy-KOVACS_WH_Wide_AW_5_seed_110,proposed_nsga2_bs,Gyorgy-KOVACS_WH_Wide_AW_5,110,15,auto_from_instance,12,18,4,30,216,,,,,9,3,6,root > V:21 > BH:26 > BH:5 > BH:16 > BH:29 > BH:40,evaluated,7,inf,False,692,167,525,1255.0,1.0,1.0,True,True,1,1,0,True,1,1,0,0,True,True,0,19,11,19,11,3,SS_LS_PF,sampled_pool,,,True,0.8888888888888888,0.8133418935323052,0.11111111111111116,0.1,adaptive,bit_flip,offspring,feasible_start_adaptive_spacing,,,,feasible_start_adaptive_spacing,0.5,,True,auto_from_instance,0.75,0.35,"1,5,6,13,14,16,20,25,26,27,32,36,37,39,45,47,54","3,6,9,16,17,19,21,25,27,28,29",,,,,,"H[1,5,6,13,14,16,20,25,26,27,29,32,36,37,39,40,45,47,54]|V[3,6,9,16,17,19,21,25,27,28,29]",4438a07913bba44771acc09fec1861ea8b6e3d46
proposed_nsga2_bs_Gyorgy-KOVACS_WH_Wide_AW_5_seed_110,proposed_nsga2_bs,Gyorgy-KOVACS_WH_Wide_AW_5,110,15,auto_from_instance,12,18,4,30,216,,,,,10,3,6,root > V:21 > BH:26 > BH:5 > BH:14 > BH:27 > BH:40,evaluated,7,inf,False,692,168,524,1271.0,1.0,1.0,True,True,1,1,0,True,1,1,0,0,True,True,0,18,11,18,11,3,SS_LS_PF,sampled_pool,,,True,0.8888888888888888,0.8133418935323052,0.11111111111111116,0.1,adaptive,bit_flip,offspring,feasible_start_adaptive_spacing,,,,feasible_start_adaptive_spacing,0.5,,True,auto_from_instance,0.75,0.35,"1,5,6,13,14,16,20,25,26,27,32,36,37,39,45,47,54","3,6,9,16,17,19,21,25,27,28,29",,,,,,"H[1,5,6,13,14,16,20,25,26,27,32,36,37,39,40,45,47,54]|V[3,6,9,16,17,19,21,25,27,28,29]",d6f556ce4388bf7e47d115315ffef16b2112220e
proposed_nsga2_bs_Gyorgy-KOVACS_WH_Wide_AW_5_seed_110,proposed_nsga2_bs,Gyorgy-KOVACS_WH_Wide_AW_5,110,15,auto_from_instance,12,18,4,30,216,,,,,11,3,6,root > V:21 > BH:26 > BH:47 > BH:35 > BH:23 > BH:11,evaluated,8,inf,False,692,164,528,1293.0,1.0,1.0,True,True,1,1,0,True,1,1,0,0,True,True,0,20,11,20,11,3,SS_LS_PF,sampled_pool,,,True,0.8888888888888888,0.8133418935323052,0.11111111111111116,0.1,adaptive,bit_flip,offspring,feasible_start_adaptive_spacing,,,,feasible_start_adaptive_spacing,0.5,,True,auto_from_instance,0.75,0.35,"1,5,6,13,14,16,20,25,26,27,32,36,37,39,45,47,54","3,6,9,16,17,19,21,25,27,28,29",,,,,,"H[1,5,6,11,13,14,16,20,23,25,26,27,32,35,36,37,39,45,47,54]|V[3,6,9,16,17,19,21,25,27,28,29]",aefb6def61337c0811fe5b11c3859df6b4d263cc
proposed_nsga2_bs_Gyorgy-KOVACS_WH_Wide_AW_5_seed_110,proposed_nsga2_bs,Gyorgy-KOVACS_WH_Wide_AW_5,110,15,auto_from_instance,12,18,4,30,216,,,,,12,5,8,root > V:16 > BH:26 > BH:7 > BH:16 > BH:25 > BH:36 > BH:45 > BV:25,selected,2,inf,True,517,238,279,537.0,1.0,1.0,True,True,1,1,0,True,1,1,0,0,True,True,0,20,11,20,11,5,PF_LS,sampled_pool,,,False,0.8888888888888888,0.9153883292521862,0.11111111111111116,0.1,adaptive,bit_flip,offspring,feasible_start_adaptive_spacing,,,,feasible_start_adaptive_spacing,0.5,,True,auto_from_instance,0.75,0.35,"1,5,6,13,14,15,16,20,23,25,26,27,35,36,37,39,45,47,54","3,6,16,17,20,21,24,26,28,29",,,,,,"H[1,5,6,7,13,14,15,16,20,23,25,26,27,35,36,37,39,45,47,54]|V[3,6,16,17,20,21,24,25,26,28,29]",5f183debb27c7a24bc0f9f82fc27ee77d3fc24d8
proposed_nsga2_bs_Gyorgy-KOVACS_WH_Wide_AW_5_seed_110,proposed_nsga2_bs,Gyorgy-KOVACS_WH_Wide_AW_5,110,15,auto_from_instance,12,18,4,30,216,,,,,13,5,8,root > V:16 > BH:26 > BH:7 > BH:16 > BH:25 > BH:36 > BH:45 > BV:29,selected,4,inf,True,517,225,292,755.0,1.0,1.0,True,True,1,1,0,True,1,1,0,0,True,True,0,20,10,20,10,5,PF_LS,sampled_pool,,,False,0.8888888888888888,0.9153883292521862,0.11111111111111116,0.1,adaptive,bit_flip,offspring,feasible_start_adaptive_spacing,,,,feasible_start_adaptive_spacing,0.5,,True,auto_from_instance,0.75,0.35,"1,5,6,13,14,15,16,20,23,25,26,27,35,36,37,39,45,47,54","3,6,16,17,20,21,24,26,28,29",,,,,,"H[1,5,6,7,13,14,15,16,20,23,25,26,27,35,36,37,39,45,47,54]|V[3,6,16,17,20,21,24,26,28,29]",03af9372cf0d8e782f6e425ae89227ab68d20a8e
proposed_nsga2_bs_Gyorgy-KOVACS_WH_Wide_AW_5_seed_110,proposed_nsga2_bs,Gyorgy-KOVACS_WH_Wide_AW_5,110,15,auto_from_instance,12,18,4,30,216,,,,,14,8,8,root > V:15 > BH:26 > BH:5 > BH:14 > BH:25 > BH:36 > BH:45 > BV:24,selected,0,inf,True,497,247,250,385.0,1.0,1.0,True,True,1,1,0,True,1,1,0,0,True,True,0,19,10,19,10,8,PF_SS_RP,sampled_pool,,,True,0.8888888888888888,0.8744454789433612,0.11111111111111116,0.1,adaptive,spacing_aware_flip,offspring,feasible_start_adaptive_spacing,,,,feasible_start_adaptive_spacing,0.5,,True,auto_from_instance,0.75,0.35,"1,5,6,13,14,16,20,23,25,26,27,32,35,36,37,39,45,47,54","3,9,15,17,21,24,26,28,29,34",,,,,,"H[1,5,6,13,14,16,20,23,25,26,27,32,35,36,37,39,45,47,54]|V[3,9,15,17,21,24,26,28,29,34]",4f5b467192e7c6ce4bc3fd69bf3ce13c31bd8ba0
proposed_nsga2_bs_Gyorgy-KOVACS_WH_Wide_AW_5_seed_110,proposed_nsga2_bs,Gyorgy-KOVACS_WH_Wide_AW_5,110,15,auto_from_instance,12,18,4,30,216,,,,,15,9,7,root > V:21 > BH:26 > BH:5 > BH:16 > BH:27 > BH:38 > BH:47,selected,5,inf,True,652,180,472,763.0,1.0,1.0,True,True,1,1,0,True,1,1,0,0,True,True,0,17,9,17,9,9,SS,sampled_pool,,,True,0.8888888888888888,0.8884058658844254,0.11111111111111116,0.1,adaptive,bit_flip,offspring,feasible_start_adaptive_spacing,,,,feasible_start_adaptive_spacing,0.5,,True,auto_from_instance,0.75,0.35,"1,5,6,14,16,20,23,25,26,27,35,36,37,45,47,54","3,6,15,17,21,24,26,27,29",,,,,,"H[1,5,6,14,16,20,23,25,26,27,35,36,37,38,45,47,54]|V[3,6,15,17,21,24,26,27,29]",2f63addef0a564eaffadcb442913b04bcdb20a31
proposed_nsga2_bs_Gyorgy-KOVACS_WH_Wide_AW_5_seed_110,proposed_nsga2_bs,Gyorgy-KOVACS_WH_Wide_AW_5,110,15,auto_from_instance,12,18,4,30,216,,,,,16,10,8,root > V:15 > BH:26 > BH:5 > BH:14 > BH:27 > BH:36 > BH:45 > BV:24,selected,1,inf,True,497,247,250,413.0,1.0,1.0,True,True,1,1,0,True,1,1,0,0,True,True,0,20,9,20,9,10,LS,sampled_pool,,,False,0.8888888888888888,0.775198586752418,0.11111111111111116,0.1,adaptive,swap_segments,offspring,feasible_start_adaptive_spacing,,,,feasible_start_adaptive_spacing,0.5,,True,auto_from_instance,0.75,0.35,"1,5,6,16,20,23,25,26,27,31,32,34,35,36,39,45,47,54,55","3,15,17,21,28,29,30,32",,,,,,"H[1,5,6,14,16,20,23,25,26,27,31,32,34,35,36,39,45,47,54,55]|V[3,15,17,21,24,28,29,30,32]",260175b1e980c085f6fc552a8d4b0d7305d33a59
proposed_nsga2_bs_Gyorgy-KOVACS_WH_Wide_AW_5_seed_110,proposed_nsga2_bs,Gyorgy-KOVACS_WH_Wide_AW_5,110,16,auto_from_instance,12,18,4,30,216,,,,,1,1,8,root > V:15 > BH:26 > BH:5 > BH:16 > BH:27 > BH:36 > BH:45 > BV:24,selected,0,inf,True,497,247,250,385.0,1.0,1.0,True,True,1,1,0,True,1,1,0,0,True,True,0,20,11,20,11,1,PF_SS_RP,sampled_pool,,,True,0.9444444444444444,0.9038386580658966,0.1,0.1,adaptive,break_symmetry,offspring,feasible_start_adaptive_spacing,,,,feasible_start_adaptive_spacing,0.5,,True,auto_from_instance,0.75,0.35,"1,5,6,13,14,15,16,20,23,25,26,27,32,35,36,37,39,45,47,54","3,9,15,17,21,24,26,27,28,30,34",,,,,,"H[1,5,6,13,14,15,16,20,23,25,26,27,32,35,36,37,39,45,47,54]|V[3,9,15,17,21,24,26,27,28,30,34]",9367037dc0304e9a893380cb68f03b46b0c6f55b
proposed_nsga2_bs_Gyorgy-KOVACS_WH_Wide_AW_5_seed_110,proposed_nsga2_bs,Gyorgy-KOVACS_WH_Wide_AW_5,110,16,auto_from_instance,12,18,4,30,216,,,,,2,1,8,root > V:15 > BH:26 > BH:5 > BH:16 > BH:25 > BH:36 > BH:45 > BV:24,selected,0,0.0,True,497,247,250,385.0,1.0,1.0,True,True,1,1,0,True,1,1,0,0,True,True,0,20,11,20,11,1,PF_SS_RP,sampled_pool,,,True,0.9444444444444444,0.9038386580658966,0.1,0.1,adaptive,break_symmetry,offspring,feasible_start_adaptive_spacing,,,,feasible_start_adaptive_spacing,0.5,,True,auto_from_instance,0.75,0.35,"1,5,6,13,14,15,16,20,23,25,26,27,32,35,36,37,39,45,47,54","3,9,15,17,21,24,26,27,28,30,34",,,,,,"H[1,5,6,13,14,15,16,20,23,25,26,27,32,35,36,37,39,45,47,54]|V[3,9,15,17,21,24,26,27,28,30,34]",416c9c0e4f9e06143d78fee04cbc7a8d1c4800ad
proposed_nsga2_bs_Gyorgy-KOVACS_WH_Wide_AW_5_seed_110,proposed_nsga2_bs,Gyorgy-KOVACS_WH_Wide_AW_5,110,16,auto_from_instance,12,18,4,30,216,,,,,3,2,8,root > V:16 > BH:26 > BH:7 > BH:16 > BH:25 > BH:36 > BH:45 > BV:25,selected,2,3.0,True,517,238,279,537.0,1.0,1.0,True,True,1,1,0,True,1,1,0,0,True,True,0,21,11,21,11,2,PF_LS,sampled_pool,,,False,0.9444444444444444,0.954358296363021,0.1,0.1,adaptive,break_symmetry,offspring,feasible_start_adaptive_spacing,,,,feasible_start_adaptive_spacing,0.5,,True,auto_from_instance,0.75,0.35,"1,5,6,13,14,16,20,23,25,26,27,29,31,36,37,39,45,47,54,55","3,6,16,17,21,24,26,28,29,34",,,,,,"H[1,5,6,7,13,14,16,20,23,25,26,27,29,31,36,37,39,45,47,54,55]|V[3,6,16,17,21,24,25,26,28,29,34]",5f183debb27c7a24bc0f9f82fc27ee77d3fc24d8
proposed_nsga2_bs_Gyorgy-KOVACS_WH_Wide_AW_5_seed_110,proposed_nsga2_bs,Gyorgy-KOVACS_WH_Wide_AW_5,110,16,auto_from_instance,12,18,4,30,216,,,,,4,2,8,root > V:16 > BH:26 > BH:5 > BH:16 > BH:25 > BH:36 > BH:45 > BV:25,selected,0,1.745680106335844,True,517,238,279,368.0,1.0,1.0,True,True,1,1,0,True,1,1,0,0,True,True,0,20,11,20,11,2,PF_LS,sampled_pool,,,False,0.9444444444444444,0.954358296363021,0.1,0.1,adaptive,break_symmetry,offspring,feasible_start_adaptive_spacing,,,,feasible_start_adaptive_spacing,0.5,,True,auto_from_instance,0.75,0.35,"1,5,6,13,14,16,20,23,25,26,27,29,31,36,37,39,45,47,54,55","3,6,16,17,21,24,26,28,29,34",,,,,,"H[1,5,6,13,14,16,20,23,25,26,27,29,31,36,37,39,45,47,54,55]|V[3,6,16,17,21,24,25,26,28,29,34]",559a078c3ea143504613077c561cb3124d66b767
proposed_nsga2_bs_Gyorgy-KOVACS_WH_Wide_AW_5_seed_110,proposed_nsga2_bs,Gyorgy-KOVACS_WH_Wide_AW_5,110,16,auto_from_instance,12,18,4,30,216,,,,,5,2,8,root > V:16 > BH:26 > BH:7 > BH:16 > BH:25 > BH:36 > BH:45 > BV:29,evaluated,4,inf,False,517,225,292,755.0,1.0,1.0,True,True,1,1,0,True,1,1,0,0,True,True,0,21,10,21,10,2,PF_LS,sampled_pool,,,False,0.9444444444444444,0.954358296363021,0.1,0.1,adaptive,break_symmetry,offspring,feasible_start_adaptive_spacing,,,,feasible_start_adaptive_spacing,0.5,,True,auto_from_instance,0.75,0.35,"1,5,6,13,14,16,20,23,25,26,27,29,31,36,37,39,45,47,54,55","3,6,16,17,21,24,26,28,29,34",,,,,,"H[1,5,6,7,13,14,16,20,23,25,26,27,29,31,36,37,39,45,47,54,55]|V[3,6,16,17,21,24,26,28,29,34]",03af9372cf0d8e782f6e425ae89227ab68d20a8e
proposed_nsga2_bs_Gyorgy-KOVACS_WH_Wide_AW_5_seed_110,proposed_nsga2_bs,Gyorgy-KOVACS_WH_Wide_AW_5,110,16,auto_from_instance,12,18,4,30,216,,,,,6,2,8,root > V:16 > BH:26 > BH:5 > BH:16 > BH:25 > BH:36 > BH:45 > BV:29,evaluated,3,inf,False,517,225,292,586.0,1.0,1.0,True,True,1,1,0,True,1,1,0,0,True,True,0,20,10,20,10,2,PF_LS,sampled_pool,,,False,0.9444444444444444,0.954358296363021,0.1,0.1,adaptive,break_symmetry,offspring,feasible_start_adaptive_spacing,,,,feasible_start_adaptive_spacing,0.5,,True,auto_from_instance,0.75,0.35,"1,5,6,13,14,16,20,23,25,26,27,29,31,36,37,39,45,47,54,55","3,6,16,17,21,24,26,28,29,34",,,,,,"H[1,5,6,13,14,16,20,23,25,26,27,29,31,36,37,39,45,47,54,55]|V[3,6,16,17,21,24,26,28,29,34]",13a8831f3352523fe53b9477eb693b985fdfc37c
proposed_nsga2_bs_Gyorgy-KOVACS_WH_Wide_AW_5_seed_110,proposed_nsga2_bs,Gyorgy-KOVACS_WH_Wide_AW_5,110,16,auto_from_instance,12,18,4,30,216,,,,,7,3,7,root > V:21 > BH:26 > BH:5 > BH:16 > BH:27 > BH:38 > BH:47,evaluated,5,inf,False,652,180,472,763.0,1.0,1.0,True,True,1,1,0,True,1,1,0,0,True,True,0,21,9,21,9,3,SS_LS_PF,sampled_pool,,,True,0.9444444444444444,0.9842880715532918,0.1,0.1,adaptive,remove_random_aisle,offspring,feasible_start_adaptive_spacing,,,,feasible_start_adaptive_spacing,0.5,,True,auto_from_instance,0.75,0.35,"1,5,6,14,16,20,23,25,26,27,31,32,34,35,36,37,45,47,54,55","3,15,17,21,24,28,29,30,32",,,,,,"H[1,5,6,14,16,20,23,25,26,27,31,32,34,35,36,37,38,45,47,54,55]|V[3,15,17,21,24,28,29,30,32]",2f63addef0a564eaffadcb442913b04bcdb20a31
proposed_nsga2_bs_Gyorgy-KOVACS_WH_Wide_AW_5_seed_110,proposed_nsga2_bs,Gyorgy-KOVACS_WH_Wide_AW_5,110,16,auto_from_instance,12,18,4,30,216,,,,,8,4,8,root > V:15 > BH:26 > BH:7 > BH:16 > BH:25 > BH:36 > BH:45 > BV:24,selected,2,inf,True,497,247,250,567.0,1.0,1.0,True,True,1,1,0,True,1,1,0,0,True,True,0,20,10,20,10,4,PF,sampled_pool,,,False,0.9444444444444444,0.9338386191088586,0.1,0.1,adaptive,spacing_aware_flip,offspring,feasible_start_adaptive_spacing,,,,feasible_start_adaptive_spacing,0.5,,True,auto_from_instance,0.75,0.35,"1,5,6,10,13,14,16,20,23,25,26,27,32,35,36,39,45,47,54","3,9,15,17,21,24,26,28,29,34",,,,,,"H[1,5,6,7,10,13,14,16,20,23,25,26,27,32,35,36,39,45,47,54]|V[3,9,15,17,21,24,26,28,29,34]",bad25caaf4e753481b1b798360caa6634ad939f7
proposed_nsga2_bs_Gyorgy-KOVACS_WH_Wide_AW_5_seed_110,proposed_nsga2_bs,Gyorgy-KOVACS_WH_Wide_AW_5,110,16,auto_from_instance,12,18,4,30,216,,,,,9,5,8,root > V:16 > BH:26 > BH:5 > BH:14 > BH:25 > BH:36 > BH:45 > BV:25,selected,0,0.0,True,517,238,279,368.0,1.0,1.0,True,True,1,1,0,True,1,1,0,0,True,True,0,20,11,20,11,5,PF_LS_RP,sampled_pool,,,False,0.9444444444444444,0.8959909218071503,0.1,0.1,adaptive,break_symmetry,offspring,feasible_start_adaptive_spacing,,,,feasible_start_adaptive_spacing,0.5,,True,auto_from_instance,0.75,0.35,"1,4,6,13,14,16,20,23,25,26,27,32,35,36,37,39,45,47,54","3,9,16,17,21,24,26,28,29,34",,,,,,"H[1,4,5,6,13,14,16,20,23,25,26,27,32,35,36,37,39,45,47,54]|V[3,9,16,17,21,24,25,26,28,29,34]",6fcfc694894a367ef71d338faec4ce589ca685b5
proposed_nsga2_bs_Gyorgy-KOVACS_WH_Wide_AW_5_seed_110,proposed_nsga2_bs,Gyorgy-KOVACS_WH_Wide_AW_5,110,16,auto_from_instance,12,18,4,30,216,,,,,10,5,8,root > V:16 > BH:26 > BH:5 > BH:14 > BH:25 > BH:36 > BH:45 > BV:29,evaluated,3,0.0,False,517,225,292,586.0,1.0,1.0,True,True,1,1,0,True,1,1,0,0,True,True,0,20,10,20,10,5,PF_LS_RP,sampled_pool,,,False,0.9444444444444444,0.8959909218071503,0.1,0.1,adaptive,break_symmetry,offspring,feasible_start_adaptive_spacing,,,,feasible_start_adaptive_spacing,0.5,,True,auto_from_instance,0.75,0.35,"1,4,6,13,14,16,20,23,25,26,27,32,35,36,37,39,45,47,54","3,9,16,17,21,24,26,28,29,34",,,,,,"H[1,4,5,6,13,14,16,20,23,25,26,27,32,35,36,37,39,45,47,54]|V[3,9,16,17,21,24,26,28,29,34]",7e0f4d1a90907f684b7d565e90c4ddb6c1ba7c58
proposed_nsga2_bs_Gyorgy-KOVACS_WH_Wide_AW_5_seed_110,proposed_nsga2_bs,Gyorgy-KOVACS_WH_Wide_AW_5,110,16,auto_from_instance,12,18,4,30,216,,,,,11,6,4,root > V:27 > BH:26 > BV:17 > BV:17,selected,0,inf,True,567,256,311,311.0,1.0,1.0,True,True,1,1,0,True,1,1,0,0,True,True,0,21,12,21,12,6,SS_LS_PF,sampled_pool,,,True,0.9444444444444444,0.8717193903997377,0.1,0.1,adaptive,break_symmetry,offspring,feasible_start_adaptive_spacing,,,,feasible_start_adaptive_spacing,0.5,,True,auto_from_instance,0.75,0.35,"1,5,6,13,14,15,16,20,23,25,26,27,29,32,36,37,39,45,47,54,55","3,6,15,17,20,24,25,26,27,28,29,34",,,,,,"H[1,5,6,13,14,15,16,20,23,25,26,27,29,32,36,37,39,45,47,54,55]|V[3,6,15,17,20,24,25,26,27,28,29,34]",a8708aef2b1e3127a45cd25328e7b01fe876ac67
proposed_nsga2_bs_Gyorgy-KOVACS_WH_Wide_AW_5_seed_110,proposed_nsga2_bs,Gyorgy-KOVACS_WH_Wide_AW_5,110,16,auto_from_instance,12,18,4,30,216,,,,,12,6,4,root > V:29 > BH:26 > BV:19 > BV:19,selected,1,inf,True,557,202,355,408.0,1.0,1.0,True,True,1,1,0,True,1,1,0,0,True,True,0,21,13,21,13,6,SS_LS_PF,sampled_pool,,,True,0.9444444444444444,0.8717193903997377,0.1,0.1,adaptive,break_symmetry,offspring,feasible_start_adaptive_spacing,,,,feasible_start_adaptive_spacing,0.5,,True,auto_from_instance,0.75,0.35,"1,5,6,13,14,15,16,20,23,25,26,27,29,32,36,37,39,45,47,54,55","3,6,15,17,20,24,25,26,27,28,29,34",,,,,,"H[1,5,6,13,14,15,16,20,23,25,26,27,29,32,36,37,39,45,47,54,55]|V[3,6,15,17,19,20,24,25,26,27,28,29,34]",225a083d40a70add6d49c842c1ea1b7da9e91627
proposed_nsga2_bs_Gyorgy-KOVACS_WH_Wide_AW_5_seed_110,proposed_nsga2_bs,Gyorgy-KOVACS_WH_Wide_AW_5,110,16,auto_from_instance,12,18,4,30,216,,,,,13,6,4,root > V:29 > BH:26 > BV:19 > BV:17,selected,2,inf,True,557,202,355,458.0,1.0,1.0,True,True,1,1,0,True,1,1,0,0,True,True,0,21,13,21,13,6,SS_LS_PF,sampled_pool,,,True,0.9444444444444444,0.8717193903997377,0.1,0.1,adaptive,break_symmetry,offspring,feasible_start_adaptive_spacing,,,,feasible_start_adaptive_spacing,0.5,,True,auto_from_instance,0.75,0.35,"1,5,6,13,14,15,16,20,23,25,26,27,29,32,36,37,39,45,47,54,55","3,6,15,17,20,24,25,26,27,28,29,34",,,,,,"H[1,5,6,13,14,15,16,20,23,25,26,27,29,32,36,37,39,45,47,54,55]|V[3,6,15,17,19,20,24,25,26,27,28,29,34]",f590e28c4ca08f01adba87c9244bc357b1edb9bd
proposed_nsga2_bs_Gyorgy-KOVACS_WH_Wide_AW_5_seed_110,proposed_nsga2_bs,Gyorgy-KOVACS_WH_Wide_AW_5,110,16,auto_from_instance,12,18,4,30,216,,,,,14,6,4,root > V:29 > BH:26 > BV:19 > BV:17,evaluated,3,inf,False,557,202,355,460.0,1.0,1.0,True,True,1,1,0,True,1,1,0,0,True,True,0,21,13,21,13,6,SS_LS_PF,sampled_pool,,,True,0.9444444444444444,0.8717193903997377,0.1,0.1,adaptive,break_symmetry,offspring,feasible_start_adaptive_spacing,,,,feasible_start_adaptive_spacing,0.5,,True,auto_from_instance,0.75,0.35,"1,5,6,13,14,15,16,20,23,25,26,27,29,32,36,37,39,45,47,54,55","3,6,15,17,20,24,25,26,27,28,29,34",,,,,,"H[1,5,6,13,14,15,16,20,23,25,26,27,29,32,36,37,39,45,47,54,55]|V[3,6,15,17,19,20,24,25,26,27,28,29,34]",0ccd7482bc13afbeac630bd0faf7012fe4b70f5c
proposed_nsga2_bs_Gyorgy-KOVACS_WH_Wide_AW_5_seed_110,proposed_nsga2_bs,Gyorgy-KOVACS_WH_Wide_AW_5,110,16,auto_from_instance,12,18,4,30,216,,,,,15,6,4,root > V:29 > BH:26 > BV:17 > BV:17,evaluated,4,inf,False,557,202,355,510.0,1.0,1.0,True,True,1,1,0,True,1,1,0,0,True,True,0,21,12,21,12,6,SS_LS_PF,sampled_pool,,,True,0.9444444444444444,0.8717193903997377,0.1,0.1,adaptive,break_symmetry,offspring,feasible_start_adaptive_spacing,,,,feasible_start_adaptive_spacing,0.5,,True,auto_from_instance,0.75,0.35,"1,5,6,13,14,15,16,20,23,25,26,27,29,32,36,37,39,45,47,54,55","3,6,15,17,20,24,25,26,27,28,29,34",,,,,,"H[1,5,6,13,14,15,16,20,23,25,26,27,29,32,36,37,39,45,47,54,55]|V[3,6,15,17,20,24,25,26,27,28,29,34]",01a64afdd46edf4dc6b60538f107b837ec4162f0
proposed_nsga2_bs_Gyorgy-KOVACS_WH_Wide_AW_5_seed_110,proposed_nsga2_bs,Gyorgy-KOVACS_WH_Wide_AW_5,110,16,auto_from_instance,12,18,4,30,216,,,,,16,7,8,root > V:15 > BH:26 > BH:5 > BH:14 > BH:25 > BH:36 > BH:45 > BV:24,selected,0,inf,True,497,247,250,385.0,1.0,1.0,True,True,1,1,0,True,1,1,0,0,True,True,0,20,9,20,9,7,LS_SS,sampled_pool,,,True,0.9444444444444444,0.9590254529348052,0.1,0.1,adaptive,bit_flip,offspring,feasible_start_adaptive_spacing,,,,feasible_start_adaptive_spacing,0.5,,True,auto_from_instance,0.75,0.35,"1,5,6,14,16,20,23,25,26,27,31,32,36,37,39,45,47,48,54,55","3,15,17,21,24,28,29,30,32",,,,,,"H[1,5,6,14,16,20,23,25,26,27,31,32,36,37,39,45,47,48,54,55]|V[3,15,17,21,24,28,29,30,32]",4f5b467192e7c6ce4bc3fd69bf3ce13c31bd8ba0
proposed_nsga2_bs_Gyorgy-KOVACS_WH_Wide_AW_5_seed_110,proposed_nsga2_bs,Gyorgy-KOVACS_WH_Wide_AW_5,110,16,auto_from_instance,12,18,4,30,216,,,,,17,7,8,root > V:15 > BH:26 > BH:5 > BH:14 > BH:27 > BH:36 > BH:45 > BV:24,selected,1,inf,True,497,247,250,413.0,1.0,1.0,True,True,1,1,0,True,1,1,0,0,True,True,0,20,9,20,9,7,LS_SS,sampled_pool,,,True,0.9444444444444444,0.9590254529348052,0.1,0.1,adaptive,bit_flip,offspring,feasible_start_adaptive_spacing,,,,feasible_start_adaptive_spacing,0.5,,True,auto_from_instance,0.75,0.35,"1,5,6,14,16,20,23,25,26,27,31,32,36,37,39,45,47,48,54,55","3,15,17,21,24,28,29,30,32",,,,,,"H[1,5,6,14,16,20,23,25,26,27,31,32,36,37,39,45,47,48,54,55]|V[3,15,17,21,24,28,29,30,32]",260175b1e980c085f6fc552a8d4b0d7305d33a59
proposed_nsga2_bs_Gyorgy-KOVACS_WH_Wide_AW_5_seed_110,proposed_nsga2_bs,Gyorgy-KOVACS_WH_Wide_AW_5,110,16,auto_from_instance,12,18,4,30,216,,,,,18,8,8,root > V:16 > BH:26 > BH:5 > BH:16 > BH:27 > BH:36 > BH:45 > BV:25,selected,0,inf,True,517,238,279,368.0,1.0,1.0,True,True,1,1,0,True,1,1,0,0,True,True,0,22,12,22,12,8,LS_PF,sampled_pool,,,False,0.9444444444444444,0.8826537066295834,0.1,0.1,adaptive,remove_random_aisle,offspring,feasible_start_adaptive_spacing,,,,feasible_start_adaptive_spacing,0.5,,True,auto_from_instance,0.75,0.35,"1,6,13,14,15,16,20,23,25,26,27,29,32,34,35,36,39,45,47,54,55","3,6,16,17,21,24,26,27,28,29,34",,,,,,"H[1,5,6,13,14,15,16,20,23,25,26,27,29,32,34,35,36,39,45,47,54,55]|V[3,6,16,17,21,24,25,26,27,28,29,34]",015ee1c8318bbe65f9d75b3878c91b9d7be2a076
proposed_nsga2_bs_Gyorgy-KOVACS_WH_Wide_AW_5_seed_110,proposed_nsga2_bs,Gyorgy-KOVACS_WH_Wide_AW_5,110,16,auto_from_instance,12,18,4,30,216,,,,,19,8,8,root > V:16 > BH:26 > BH:5 > BH:16 > BH:27 > BH:36 > BH:45 > BV:29,evaluated,3,inf,False,517,225,292,586.0,1.0,1.0,True,True,1,1,0,True,1,1,0,0,True,True,0,22,11,22,11,8,LS_PF,sampled_pool,,,False,0.9444444444444444,0.8826537066295834,0.1,0.1,adaptive,remove_random_aisle,offspring,feasible_start_adaptive_spacing,,,,feasible_start_adaptive_spacing,0.5,,True,auto_from_instance,0.75,0.35,"1,6,13,14,15,16,20,23,25,26,27,29,32,34,35,36,39,45,47,54,55","3,6,16,17,21,24,26,27,28,29,34",,,,,,"H[1,5,6,13,14,15,16,20,23,25,26,27,29,32,34,35,36,39,45,47,54,55]|V[3,6,16,17,21,24,26,27,28,29,34]",ed71c8d546062d956359fd31a02e14699e745412
proposed_nsga2_bs_Gyorgy-KOVACS_WH_Wide_AW_5_seed_110,proposed_nsga2_bs,Gyorgy-KOVACS_WH_Wide_AW_5,110,17,auto_from_instance,12,18,4,30,216,,,,,1,1,8,root > V:15 > BH:26 > BH:5 > BH:16 > BH:27 > BH:36 > BH:45 > BV:24,selected,0,inf,True,497,247,250,385.0,1.0,1.0,True,True,1,1,0,True,1,1,0,0,True,True,0,20,11,20,11,1,LS_PF,sampled_pool,,,False,1.0,0.9287648456260802,0.1,0.1,adaptive,break_symmetry,offspring,feasible_start_adaptive_spacing,,,,feasible_start_adaptive_spacing,0.5,,True,auto_from_instance,0.75,0.35,"1,5,6,13,14,15,16,20,23,25,26,27,29,32,36,37,39,45,47,54","3,15,17,21,25,26,27,28,30,34",,,,,,"H[1,5,6,13,14,15,16,20,23,25,26,27,29,32,36,37,39,45,47,54]|V[3,15,17,21,24,25,26,27,28,30,34]",9367037dc0304e9a893380cb68f03b46b0c6f55b
proposed_nsga2_bs_Gyorgy-KOVACS_WH_Wide_AW_5_seed_110,proposed_nsga2_bs,Gyorgy-KOVACS_WH_Wide_AW_5,110,17,auto_from_instance,12,18,4,30,216,,,,,2,1,8,root > V:15 > BH:26 > BH:5 > BH:16 > BH:25 > BH:36 > BH:45 > BV:24,selected,0,0.0,True,497,247,250,385.0,1.0,1.0,True,True,1,1,0,True,1,1,0,0,True,True,0,20,11,20,11,1,LS_PF,sampled_pool,,,False,1.0,0.9287648456260802,0.1,0.1,adaptive,break_symmetry,offspring,feasible_start_adaptive_spacing,,,,feasible_start_adaptive_spacing,0.5,,True,auto_from_instance,0.75,0.35,"1,5,6,13,14,15,16,20,23,25,26,27,29,32,36,37,39,45,47,54","3,15,17,21,25,26,27,28,30,34",,,,,,"H[1,5,6,13,14,15,16,20,23,25,26,27,29,32,36,37,39,45,47,54]|V[3,15,17,21,24,25,26,27,28,30,34]",416c9c0e4f9e06143d78fee04cbc7a8d1c4800ad
proposed_nsga2_bs_Gyorgy-KOVACS_WH_Wide_AW_5_seed_110,proposed_nsga2_bs,Gyorgy-KOVACS_WH_Wide_AW_5,110,17,auto_from_instance,12,18,4,30,216,,,,,3,6,8,root > V:16 > BH:26 > BH:5 > BH:16 > BH:27 > BH:36 > BH:45 > BV:25,selected,0,1.745680106335844,True,517,238,279,368.0,1.0,1.0,True,True,1,1,0,True,1,1,0,0,True,True,0,21,13,21,13,6,PF_LS_RP,sampled_pool,,,False,1.0,0.9361898619163552,0.1,0.1,adaptive,spacing_aware_flip,offspring,feasible_start_adaptive_spacing,,,,feasible_start_adaptive_spacing,0.5,,True,auto_from_instance,0.75,0.35,"1,5,6,13,14,15,16,20,23,25,26,27,29,32,36,37,39,45,47,54,55","3,6,11,16,17,21,24,25,26,27,28,29,34",,,,,,"H[1,5,6,13,14,15,16,20,23,25,26,27,29,32,36,37,39,45,47,54,55]|V[3,6,11,16,17,21,24,25,26,27,28,29,34]",015ee1c8318bbe65f9d75b3878c91b9d7be2a076
proposed_nsga2_bs_Gyorgy-KOVACS_WH_Wide_AW_5_seed_110,proposed_nsga2_bs,Gyorgy-KOVACS_WH_Wide_AW_5,110,17,auto_from_instance,12,18,4,30,216,,,,,4,6,8,root > V:16 > BH:26 > BH:5 > BH:16 > BH:25 > BH:36 > BH:45 > BV:25,selected,0,inf,True,517,238,279,368.0,1.0,1.0,True,True,1,1,0,True,1,1,0,0,True,True,0,21,13,21,13,6,PF_LS_RP,sampled_pool,,,False,1.0,0.9361898619163552,0.1,0.1,adaptive,spacing_aware_flip,offspring,feasible_start_adaptive_spacing,,,,feasible_start_adaptive_spacing,0.5,,True,auto_from_instance,0.75,0.35,"1,5,6,13,14,15,16,20,23,25,26,27,29,32,36,37,39,45,47,54,55","3,6,11,16,17,21,24,25,26,27,28,29,34",,,,,,"H[1,5,6,13,14,15,16,20,23,25,26,27,29,32,36,37,39,45,47,54,55]|V[3,6,11,16,17,21,24,25,26,27,28,29,34]",559a078c3ea143504613077c561cb3124d66b767
proposed_nsga2_bs_Gyorgy-KOVACS_WH_Wide_AW_5_seed_110,proposed_nsga2_bs,Gyorgy-KOVACS_WH_Wide_AW_5,110,17,auto_from_instance,12,18,4,30,216,,,,,5,6,8,root > V:16 > BH:26 > BH:5 > BH:16 > BH:27 > BH:36 > BH:45 > BV:29,selected,3,inf,True,517,225,292,586.0,1.0,1.0,True,True,1,1,0,True,1,1,0,0,True,True,0,21,13,21,13,6,PF_LS_RP,sampled_pool,,,False,1.0,0.9361898619163552,0.1,0.1,adaptive,spacing_aware_flip,offspring,feasible_start_adaptive_spacing,,,,feasible_start_adaptive_spacing,0.5,,True,auto_from_instance,0.75,0.35,"1,5,6,13,14,15,16,20,23,25,26,27,29,32,36,37,39,45,47,54,55","3,6,11,16,17,21,24,25,26,27,28,29,34",,,,,,"H[1,5,6,13,14,15,16,20,23,25,26,27,29,32,36,37,39,45,47,54,55]|V[3,6,11,16,17,21,24,25,26,27,28,29,34]",ed71c8d546062d956359fd31a02e14699e745412
proposed_nsga2_bs_Gyorgy-KOVACS_WH_Wide_AW_5_seed_110,proposed_nsga2_bs,Gyorgy-KOVACS_WH_Wide_AW_5,110,17,auto_from_instance,12,18,4,30,216,,,,,6,6,8,root > V:16 > BH:26 > BH:5 > BH:16 > BH:25 > BH:36 > BH:45 > BV:29,selected,3,inf,True,517,225,292,586.0,1.0,1.0,True,True,1,1,0,True,1,1,0,0,True,True,0,21,13,21,13,6,PF_LS_RP,sampled_pool,,,False,1.0,0.9361898619163552,0.1,0.1,adaptive,spacing_aware_flip,offspring,feasible_start_adaptive_spacing,,,,feasible_start_adaptive_spacing,0.5,,True,auto_from_instance,0.75,0.35,"1,5,6,13,14,15,16,20,23,25,26,27,29,32,36,37,39,45,47,54,55","3,6,11,16,17,21,24,25,26,27,28,29,34",,,,,,"H[1,5,6,13,14,15,16,20,23,25,26,27,29,32,36,37,39,45,47,54,55]|V[3,6,11,16,17,21,24,25,26,27,28,29,34]",13a8831f3352523fe53b9477eb693b985fdfc37c
proposed_nsga2_bs_Gyorgy-KOVACS_WH_Wide_AW_5_seed_110,proposed_nsga2_bs,Gyorgy-KOVACS_WH_Wide_AW_5,110,17,auto_from_instance,12,18,4,30,216,,,,,7,8,8,root > V:15 > BH:26 > BH:7 > BH:16 > BH:25 > BH:36 > BH:45 > BV:24,selected,2,inf,True,497,247,250,567.0,1.0,1.0,True,True,1,1,0,True,1,1,0,0,True,True,0,22,12,22,12,8,PF_LS,sampled_pool,,,False,1.0,0.9898126805118371,0.1,0.1,adaptive,swap_segments,offspring,feasible_start_adaptive_spacing,,,,feasible_start_adaptive_spacing,0.5,,True,auto_from_instance,0.75,0.35,"1,5,6,13,14,15,16,20,23,25,26,27,29,32,36,37,39,45,47,54,55","0,1,2,3,6,15,17,20,24,28,29,34",,,,,,"H[1,5,6,7,13,14,15,16,20,23,25,26,27,29,32,36,37,39,45,47,54,55]|V[0,1,2,3,6,15,17,20,24,28,29,34]",bad25caaf4e753481b1b798360caa6634ad939f7
proposed_nsga2_bs_Gyorgy-KOVACS_WH_Wide_AW_5_seed_110,proposed_nsga2_bs,Gyorgy-KOVACS_WH_Wide_AW_5,110,17,auto_from_instance,12,18,4,30,216,,,,,8,9,6,root > V:21 > BH:26 > BH:5 > BH:16 > BH:29 > BH:42,evaluated,5,inf,False,692,165,527,1197.0,1.0,1.0,True,True,1,1,0,True,1,1,0,0,True,True,0,23,11,23,11,9,SS_PF_LS,sampled_pool,,,True,1.0,0.9922115223372381,0.1,0.1,adaptive,swap_segments,offspring,feasible_start_adaptive_spacing,,,,feasible_start_adaptive_spacing,0.5,,True,auto_from_instance,0.75,0.35,"1,5,10,13,14,15,16,20,23,25,26,27,29,32,34,35,36,37,39,41,47,54","3,6,16,17,21,24,26,27,28,30,34",,,,,,"H[1,5,10,13,14,15,16,20,23,25,26,27,29,32,34,35,36,37,39,41,42,47,54]|V[3,6,16,17,21,24,26,27,28,30,34]",3e80fff572b45638d4c993741f9187431fecc243
proposed_nsga2_bs_Gyorgy-KOVACS_WH_Wide_AW_5_seed_110,proposed_nsga2_bs,Gyorgy-KOVACS_WH_Wide_AW_5,110,17,auto_from_instance,12,18,4,30,216,,,,,9,9,6,root > V:21 > BH:26 > BH:5 > BH:16 > BH:27 > BH:40,evaluated,5,inf,False,692,168,524,1255.0,1.0,1.0,True,True,1,1,0,True,1,1,0,0,True,True,0,23,11,23,11,9,SS_PF_LS,sampled_pool,,,True,1.0,0.9922115223372381,0.1,0.1,adaptive,swap_segments,offspring,feasible_start_adaptive_spacing,,,,feasible_start_adaptive_spacing,0.5,,True,auto_from_instance,0.75,0.35,"1,5,10,13,14,15,16,20,23,25,26,27,29,32,34,35,36,37,39,41,47,54","3,6,16,17,21,24,26,27,28,30,34",,,,,,"H[1,5,10,13,14,15,16,20,23,25,26,27,29,32,34,35,36,37,39,40,41,47,54]|V[3,6,16,17,21,24,26,27,28,30,34]",c29204a760792de9b5fff7fd1f22463071b8fe3a
proposed_nsga2_bs_Gyorgy-KOVACS_WH_Wide_AW_5_seed_110,proposed_nsga2_bs,Gyorgy-KOVACS_WH_Wide_AW_5,110,17,auto_from_instance,12,18,4,30,216,,,,,10,9,6,root > V:21 > BH:26 > BH:5 > BH:16 > BH:29 > BH:40,evaluated,6,inf,False,692,167,525,1255.0,1.0,1.0,True,True,1,1,0,True,1,1,0,0,True,True,0,23,11,23,11,9,SS_PF_LS,sampled_pool,,,True,1.0,0.9922115223372381,0.1,0.1,adaptive,swap_segments,offspring,feasible_start_adaptive_spacing,,,,feasible_start_adaptive_spacing,0.5,,True,auto_from_instance,0.75,0.35,"1,5,10,13,14,15,16,20,23,25,26,27,29,32,34,35,36,37,39,41,47,54","3,6,16,17,21,24,26,27,28,30,34",,,,,,"H[1,5,10,13,14,15,16,20,23,25,26,27,29,32,34,35,36,37,39,40,41,47,54]|V[3,6,16,17,21,24,26,27,28,30,34]",4438a07913bba44771acc09fec1861ea8b6e3d46
proposed_nsga2_bs_Gyorgy-KOVACS_WH_Wide_AW_5_seed_110,proposed_nsga2_bs,Gyorgy-KOVACS_WH_Wide_AW_5,110,17,auto_from_instance,12,18,4,30,216,,,,,11,9,6,root > V:21 > BH:26 > BH:5 > BH:14 > BH:27 > BH:40,evaluated,6,inf,False,692,168,524,1271.0,1.0,1.0,True,True,1,1,0,True,1,1,0,0,True,True,0,23,11,23,11,9,SS_PF_LS,sampled_pool,,,True,1.0,0.9922115223372381,0.1,0.1,adaptive,swap_segments,offspring,feasible_start_adaptive_spacing,,,,feasible_start_adaptive_spacing,0.5,,True,auto_from_instance,0.75,0.35,"1,5,10,13,14,15,16,20,23,25,26,27,29,32,34,35,36,37,39,41,47,54","3,6,16,17,21,24,26,27,28,30,34",,,,,,"H[1,5,10,13,14,15,16,20,23,25,26,27,29,32,34,35,36,37,39,40,41,47,54]|V[3,6,16,17,21,24,26,27,28,30,34]",d6f556ce4388bf7e47d115315ffef16b2112220e
proposed_nsga2_bs_Gyorgy-KOVACS_WH_Wide_AW_5_seed_110,proposed_nsga2_bs,Gyorgy-KOVACS_WH_Wide_AW_5,110,17,auto_from_instance,12,18,4,30,216,,,,,12,9,6,root > V:21 > BH:26 > BH:47 > BH:35 > BH:23 > BH:11,evaluated,7,inf,False,692,164,528,1293.0,1.0,1.0,True,True,1,1,0,True,1,1,0,0,True,True,0,23,11,23,11,9,SS_PF_LS,sampled_pool,,,True,1.0,0.9922115223372381,0.1,0.1,adaptive,swap_segments,offspring,feasible_start_adaptive_spacing,,,,feasible_start_adaptive_spacing,0.5,,True,auto_from_instance,0.75,0.35,"1,5,10,13,14,15,16,20,23,25,26,27,29,32,34,35,36,37,39,41,47,54","3,6,16,17,21,24,26,27,28,30,34",,,,,,"H[1,5,10,11,13,14,15,16,20,23,25,26,27,29,32,34,35,36,37,39,41,47,54]|V[3,6,16,17,21,24,26,27,28,30,34]",aefb6def61337c0811fe5b11c3859df6b4d263cc
proposed_nsga2_bs_Gyorgy-KOVACS_WH_Wide_AW_5_seed_110,proposed_nsga2_bs,Gyorgy-KOVACS_WH_Wide_AW_5,110,17,auto_from_instance,12,18,4,30,216,,,,,13,10,4,root > V:27 > BH:26 > BV:17 > BV:17,selected,0,inf,True,567,256,311,311.0,1.0,1.0,True,True,1,1,0,True,1,1,0,0,True,True,0,20,13,20,13,10,RP,sampled_pool,,,False,1.0,1.0,0.1,0.1,adaptive,insert_random_aisle,offspring,feasible_start_adaptive_spacing,,,,feasible_start_adaptive_spacing,0.5,,True,auto_from_instance,0.75,0.35,"1,5,6,13,14,15,16,20,23,25,26,27,32,35,36,39,45,47,54,55","1,3,9,15,17,21,24,25,26,27,28,29,34",,,,,,"H[1,5,6,13,14,15,16,20,23,25,26,27,32,35,36,39,45,47,54,55]|V[1,3,9,15,17,21,24,25,26,27,28,29,34]",a8708aef2b1e3127a45cd25328e7b01fe876ac67
proposed_nsga2_bs_Gyorgy-KOVACS_WH_Wide_AW_5_seed_110,proposed_nsga2_bs,Gyorgy-KOVACS_WH_Wide_AW_5,110,17,auto_from_instance,12,18,4,30,216,,,,,14,10,4,root > V:29 > BH:26 > BV:19 > BV:19,selected,1,inf,True,557,202,355,408.0,1.0,1.0,True,True,1,1,0,True,1,1,0,0,True,True,0,20,14,20,14,10,RP,sampled_pool,,,False,1.0,1.0,0.1,0.1,adaptive,insert_random_aisle,offspring,feasible_start_adaptive_spacing,,,,feasible_start_adaptive_spacing,0.5,,True,auto_from_instance,0.75,0.35,"1,5,6,13,14,15,16,20,23,25,26,27,32,35,36,39,45,47,54,55","1,3,9,15,17,21,24,25,26,27,28,29,34",,,,,,"H[1,5,6,13,14,15,16,20,23,25,26,27,32,35,36,39,45,47,54,55]|V[1,3,9,15,17,19,21,24,25,26,27,28,29,34]",225a083d40a70add6d49c842c1ea1b7da9e91627
proposed_nsga2_bs_Gyorgy-KOVACS_WH_Wide_AW_5_seed_110,proposed_nsga2_bs,Gyorgy-KOVACS_WH_Wide_AW_5,110,17,auto_from_instance,12,18,4,30,216,,,,,15,10,4,root > V:29 > BH:26 > BV:19 > BV:17,selected,2,inf,True,557,202,355,458.0,1.0,1.0,True,True,1,1,0,True,1,1,0,0,True,True,0,20,14,20,14,10,RP,sampled_pool,,,False,1.0,1.0,0.1,0.1,adaptive,insert_random_aisle,offspring,feasible_start_adaptive_spacing,,,,feasible_start_adaptive_spacing,0.5,,True,auto_from_instance,0.75,0.35,"1,5,6,13,14,15,16,20,23,25,26,27,32,35,36,39,45,47,54,55","1,3,9,15,17,21,24,25,26,27,28,29,34",,,,,,"H[1,5,6,13,14,15,16,20,23,25,26,27,32,35,36,39,45,47,54,55]|V[1,3,9,15,17,19,21,24,25,26,27,28,29,34]",f590e28c4ca08f01adba87c9244bc357b1edb9bd
proposed_nsga2_bs_Gyorgy-KOVACS_WH_Wide_AW_5_seed_110,proposed_nsga2_bs,Gyorgy-KOVACS_WH_Wide_AW_5,110,17,auto_from_instance,12,18,4,30,216,,,,,16,10,4,root > V:29 > BH:26 > BV:19 > BV:17,evaluated,3,inf,False,557,202,355,460.0,1.0,1.0,True,True,1,1,0,True,1,1,0,0,True,True,0,20,14,20,14,10,RP,sampled_pool,,,False,1.0,1.0,0.1,0.1,adaptive,insert_random_aisle,offspring,feasible_start_adaptive_spacing,,,,feasible_start_adaptive_spacing,0.5,,True,auto_from_instance,0.75,0.35,"1,5,6,13,14,15,16,20,23,25,26,27,32,35,36,39,45,47,54,55","1,3,9,15,17,21,24,25,26,27,28,29,34",,,,,,"H[1,5,6,13,14,15,16,20,23,25,26,27,32,35,36,39,45,47,54,55]|V[1,3,9,15,17,19,21,24,25,26,27,28,29,34]",0ccd7482bc13afbeac630bd0faf7012fe4b70f5c
proposed_nsga2_bs_Gyorgy-KOVACS_WH_Wide_AW_5_seed_110,proposed_nsga2_bs,Gyorgy-KOVACS_WH_Wide_AW_5,110,17,auto_from_instance,12,18,4,30,216,,,,,17,10,4,root > V:29 > BH:26 > BV:17 > BV:17,evaluated,4,inf,False,557,202,355,510.0,1.0,1.0,True,True,1,1,0,True,1,1,0,0,True,True,0,20,13,20,13,10,RP,sampled_pool,,,False,1.0,1.0,0.1,0.1,adaptive,insert_random_aisle,offspring,feasible_start_adaptive_spacing,,,,feasible_start_adaptive_spacing,0.5,,True,auto_from_instance,0.75,0.35,"1,5,6,13,14,15,16,20,23,25,26,27,32,35,36,39,45,47,54,55","1,3,9,15,17,21,24,25,26,27,28,29,34",,,,,,"H[1,5,6,13,14,15,16,20,23,25,26,27,32,35,36,39,45,47,54,55]|V[1,3,9,15,17,21,24,25,26,27,28,29,34]",01a64afdd46edf4dc6b60538f107b837ec4162f0
proposed_nsga2_bs_Gyorgy-KOVACS_WH_Wide_AW_5_seed_110,proposed_nsga2_bs,Gyorgy-KOVACS_WH_Wide_AW_5,110,17,auto_from_instance,12,18,4,30,216,,,,,18,12,8,root > V:15 > BH:26 > BH:5 > BH:14 > BH:27 > BH:36 > BH:45 > BV:24,selected,1,inf,True,497,247,250,413.0,1.0,1.0,True,True,1,1,0,True,1,1,0,0,True,True,0,19,12,19,12,12,LS_PF,sampled_pool,,,False,1.0,1.0,0.1,0.1,adaptive,spacing_aware_flip,offspring,feasible_start_adaptive_spacing,,,,feasible_start_adaptive_spacing,0.5,,True,auto_from_instance,0.75,0.35,"1,5,6,14,16,20,23,25,26,27,31,32,36,37,39,45,47,54,55","3,8,15,17,20,24,25,26,28,29,30,32",,,,,,"H[1,5,6,14,16,20,23,25,26,27,31,32,36,37,39,45,47,54,55]|V[3,8,15,17,20,24,25,26,28,29,30,32]",260175b1e980c085f6fc552a8d4b0d7305d33a59
proposed_nsga2_bs_Gyorgy-KOVACS_WH_Wide_AW_5_seed_110,proposed_nsga2_bs,Gyorgy-KOVACS_WH_Wide_AW_5,110,17,auto_from_instance,12,18,4,30,216,,,,,19,12,8,root > V:15 > BH:26 > BH:5 > BH:14 > BH:25 > BH:36 > BH:45 > BV:24,selected,0,inf,True,497,247,250,385.0,1.0,1.0,True,True,1,1,0,True,1,1,0,0,True,True,0,19,12,19,12,12,LS_PF,sampled_pool,,,False,1.0,1.0,0.1,0.1,adaptive,spacing_aware_flip,offspring,feasible_start_adaptive_spacing,,,,feasible_start_adaptive_spacing,0.5,,True,auto_from_instance,0.75,0.35,"1,5,6,14,16,20,23,25,26,27,31,32,36,37,39,45,47,54,55","3,8,15,17,20,24,25,26,28,29,30,32",,,,,,"H[1,5,6,14,16,20,23,25,26,27,31,32,36,37,39,45,47,54,55]|V[3,8,15,17,20,24,25,26,28,29,30,32]",4f5b467192e7c6ce4bc3fd69bf3ce13c31bd8ba0
