run_id,method,instance,seed,generation,budget_policy,auto_population_size,auto_generations,auto_beam_width,auto_max_depth,auto_decode_budget,restart_index,batch_index,within_batch_index,decode_budget,candidate_id,parent_chromosome_id,depth,trace,status,rank,crowding_distance,selected,storage_total,pick_faces,interior_storage,retrieval_penalty,door_connectivity_index,access_anchor_connectivity_index,has_door_connected_aisle,has_access_anchor_connected_aisle,aisle_components,anchor_connected_components,unanchored_aisle_components,single_aisle_component,access_network_components,aisle_access_network_components,unreachable_aisle_components,unreachable_aisle_cells,has_access_anchor_reachable_aisle_network,exact_width_ok,exact_width_violation_count,chromosome_h_active_count,chromosome_v_active_count,active_h_count,active_v_count,chromosome_index,sorting_rule,sorting_rule_mode,bs_rule_policy,bs_weight_policy,uses_scalar_score,rho,beam_w1,beam_w2,beam_lambda,adaptive_weight_mode,mutation_operator,initialization_mode,initialization_spacing_mode,adaptive_spacing_used,feasible_h_start_count,feasible_v_start_count,adaptive_spacing_mode,adaptive_spacing_alpha,adaptive_spacing_bf,auto_params_used,parameter_source,beta_h,beta_v,h_active_starts,v_active_starts,terminal,safety_max_depth_reached,feasible,feasibility_reason,storage_block_count,chromosome_signature,layout_signature
proposed_nsga2_bs_AT_S_comercial_layout_AW_3_seed_118,proposed_nsga2_bs,AT_S_comercial_layout_AW_3,118,0,auto_from_instance,10,15,3,28,150,,,,,1,1,4,root > H:3 > BH:16 > BH:10 > BH:22,selected,0,inf,True,216,120,96,112.0,1.0,1.0,True,True,4,4,0,False,1,1,0,0,True,True,0,4,0,4,0,1,PF_LS_RP,fixed,,,False,0.06666666666666667,0.10511284432011829,0.9333333333333333,0.1,adaptive,,feasible_start_adaptive_spacing,feasible_start_adaptive_spacing,True,7,12,feasible_start_adaptive_spacing,0.5,,True,auto_from_instance,0.75,0.35,3,,,,,,,"H[3,10,16,22]|V[]",7e8869a25bbd594ea7bf8339e2c84bdde246ab51
proposed_nsga2_bs_AT_S_comercial_layout_AW_3_seed_118,proposed_nsga2_bs,AT_S_comercial_layout_AW_3,118,0,auto_from_instance,10,15,3,28,150,,,,,2,2,6,root > V:6 > BH:11 > BH:19 > BH:13 > BH:7 > BV:13,evaluated,4,inf,False,213,98,115,319.0,1.0,1.0,True,True,1,1,0,True,1,1,0,0,True,True,0,5,3,5,3,2,PF_LS_RP,fixed,,,False,0.06666666666666667,0.1,0.9333333333333333,0.1,adaptive,,feasible_start_adaptive_spacing,feasible_start_adaptive_spacing,True,7,12,feasible_start_adaptive_spacing,0.5,,True,auto_from_instance,0.75,0.35,1,"4,6",,,,,,"H[1,7,11,13,19]|V[4,6,13]",23ef570038b4a2e4003284fcf16d928fbd63ba52
proposed_nsga2_bs_AT_S_comercial_layout_AW_3_seed_118,proposed_nsga2_bs,AT_S_comercial_layout_AW_3,118,0,auto_from_instance,10,15,3,28,150,,,,,3,2,6,root > V:6 > BH:11 > BH:19 > BH:12 > BH:3 > BV:13,evaluated,4,inf,False,213,97,116,186.0,1.0,1.0,True,True,1,1,0,True,1,1,0,0,True,True,0,5,3,5,3,2,PF_LS_RP,fixed,,,False,0.06666666666666667,0.1,0.9333333333333333,0.1,adaptive,,feasible_start_adaptive_spacing,feasible_start_adaptive_spacing,True,7,12,feasible_start_adaptive_spacing,0.5,,True,auto_from_instance,0.75,0.35,1,"4,6",,,,,,"H[1,3,11,12,19]|V[4,6,13]",b4012e63027e98af1c9b903c6073f2c7d839fa07
proposed_nsga2_bs_AT_S_comercial_layout_AW_3_seed_118,proposed_nsga2_bs,AT_S_comercial_layout_AW_3,118,0,auto_from_instance,10,15,3,28,150,,,,,4,2,6,root > V:6 > BH:11 > BH:18 > BH:12 > BH:3 > BV:13,evaluated,4,inf,False,213,97,116,186.0,1.0,1.0,True,True,1,1,0,True,1,1,0,0,True,True,0,5,3,5,3,2,PF_LS_RP,fixed,,,False,0.06666666666666667,0.1,0.9333333333333333,0.1,adaptive,,feasible_start_adaptive_spacing,feasible_start_adaptive_spacing,True,7,12,feasible_start_adaptive_spacing,0.5,,True,auto_from_instance,0.75,0.35,1,"4,6",,,,,,"H[1,3,11,12,18]|V[4,6,13]",5d31a8ee0a0514c37e90291823b55cfda5397753
proposed_nsga2_bs_AT_S_comercial_layout_AW_3_seed_118,proposed_nsga2_bs,AT_S_comercial_layout_AW_3,118,0,auto_from_instance,10,15,3,28,150,,,,,5,3,5,root > H:6 > BH:15 > BV:3 > BV:9 > BH:22,selected,2,inf,True,228,98,130,126.0,1.0,1.0,True,True,3,3,0,False,1,1,0,0,True,True,0,4,3,4,3,3,PF_LS_RP,fixed,,,False,0.06666666666666667,0.1,0.9333333333333333,0.1,adaptive,,feasible_start_adaptive_spacing,feasible_start_adaptive_spacing,True,7,12,feasible_start_adaptive_spacing,0.5,,True,auto_from_instance,0.75,0.35,"0,6",2,,,,,,"H[0,6,15,22]|V[2,3,9]",ff831007d2cb19c27f4223a274bf22a7edbbf53e
proposed_nsga2_bs_AT_S_comercial_layout_AW_3_seed_118,proposed_nsga2_bs,AT_S_comercial_layout_AW_3,118,0,auto_from_instance,10,15,3,28,150,,,,,6,3,5,root > H:6 > BH:16 > BV:3 > BV:9 > BH:22,evaluated,4,inf,False,228,98,130,206.0,1.0,1.0,True,True,3,3,0,False,1,1,0,0,True,True,0,4,3,4,3,3,PF_LS_RP,fixed,,,False,0.06666666666666667,0.1,0.9333333333333333,0.1,adaptive,,feasible_start_adaptive_spacing,feasible_start_adaptive_spacing,True,7,12,feasible_start_adaptive_spacing,0.5,,True,auto_from_instance,0.75,0.35,"0,6",2,,,,,,"H[0,6,16,22]|V[2,3,9]",3f6c5650382557808c9ce9ea61d9656b41539743
proposed_nsga2_bs_AT_S_comercial_layout_AW_3_seed_118,proposed_nsga2_bs,AT_S_comercial_layout_AW_3,118,0,auto_from_instance,10,15,3,28,150,,,,,7,4,6,root > V:7 > BH:11 > BH:19 > BH:12 > BH:3 > BV:13,selected,2,1.1357142857142857,True,207,104,103,141.0,1.0,1.0,True,True,1,1,0,True,1,1,0,0,True,True,0,5,4,5,4,4,PF_LS_RP,fixed,,,False,0.06666666666666667,0.1,0.9333333333333333,0.1,adaptive,,feasible_start_adaptive_spacing,feasible_start_adaptive_spacing,True,7,12,feasible_start_adaptive_spacing,0.5,,True,auto_from_instance,0.75,0.35,5,"5,7,8",,,,,,"H[3,5,11,12,19]|V[5,7,8,13]",9d3d21d36a6671b620f72af434eb1fd0be3a0f4e
proposed_nsga2_bs_AT_S_comercial_layout_AW_3_seed_118,proposed_nsga2_bs,AT_S_comercial_layout_AW_3,118,0,auto_from_instance,10,15,3,28,150,,,,,8,4,6,root > V:7 > BH:11 > BH:18 > BH:12 > BH:3 > BV:13,selected,2,0.8427272727272728,True,207,104,103,141.0,1.0,1.0,True,True,1,1,0,True,1,1,0,0,True,True,0,5,4,5,4,4,PF_LS_RP,fixed,,,False,0.06666666666666667,0.1,0.9333333333333333,0.1,adaptive,,feasible_start_adaptive_spacing,feasible_start_adaptive_spacing,True,7,12,feasible_start_adaptive_spacing,0.5,,True,auto_from_instance,0.75,0.35,5,"5,7,8",,,,,,"H[3,5,11,12,18]|V[5,7,8,13]",17566a936b0a83eaa90be3aca0f6ae7aafd53551
proposed_nsga2_bs_AT_S_comercial_layout_AW_3_seed_118,proposed_nsga2_bs,AT_S_comercial_layout_AW_3,118,0,auto_from_instance,10,15,3,28,150,,,,,9,4,6,root > V:7 > BH:11 > BH:19 > BH:13 > BH:4 > BV:13,evaluated,3,inf,False,207,104,103,176.0,1.0,1.0,True,True,1,1,0,True,1,1,0,0,True,True,0,5,4,5,4,4,PF_LS_RP,fixed,,,False,0.06666666666666667,0.1,0.9333333333333333,0.1,adaptive,,feasible_start_adaptive_spacing,feasible_start_adaptive_spacing,True,7,12,feasible_start_adaptive_spacing,0.5,,True,auto_from_instance,0.75,0.35,5,"5,7,8",,,,,,"H[4,5,11,13,19]|V[5,7,8,13]",f03482f4c3e8943fd1d8a7356a54c2341286baac
proposed_nsga2_bs_AT_S_comercial_layout_AW_3_seed_118,proposed_nsga2_bs,AT_S_comercial_layout_AW_3,118,0,auto_from_instance,10,15,3,28,150,,,,,10,5,4,root > V:3 > BH:11 > BV:10 > BV:9,selected,2,0.7972727272727274,True,225,115,110,149.0,1.0,1.0,True,True,1,1,0,True,1,1,0,0,True,True,0,2,5,2,5,5,PF_LS_RP,fixed,,,False,0.06666666666666667,0.1,0.9333333333333333,0.1,adaptive,,feasible_start_adaptive_spacing,feasible_start_adaptive_spacing,True,7,12,feasible_start_adaptive_spacing,0.5,,True,auto_from_instance,0.75,0.35,2,"1,3,5",,,,,,"H[2,11]|V[1,3,5,9,10]",ae825089721f98e0d9805014401719023ff6a664
proposed_nsga2_bs_AT_S_comercial_layout_AW_3_seed_118,proposed_nsga2_bs,AT_S_comercial_layout_AW_3,118,0,auto_from_instance,10,15,3,28,150,,,,,11,5,4,root > V:3 > BH:11 > BV:9 > BV:9,selected,2,1.2942857142857143,True,225,115,110,149.0,1.0,1.0,True,True,1,1,0,True,1,1,0,0,True,True,0,2,4,2,4,5,PF_LS_RP,fixed,,,False,0.06666666666666667,0.1,0.9333333333333333,0.1,adaptive,,feasible_start_adaptive_spacing,feasible_start_adaptive_spacing,True,7,12,feasible_start_adaptive_spacing,0.5,,True,auto_from_instance,0.75,0.35,2,"1,3,5",,,,,,"H[2,11]|V[1,3,5,9]",0a75f2b327085dc5778e0a33aad21dbd318e0a85
proposed_nsga2_bs_AT_S_comercial_layout_AW_3_seed_118,proposed_nsga2_bs,AT_S_comercial_layout_AW_3,118,0,auto_from_instance,10,15,3,28,150,,,,,12,5,4,root > V:3 > BH:11 > BV:9 > BV:13,evaluated,6,inf,False,225,93,132,226.0,1.0,1.0,True,True,1,1,0,True,1,1,0,0,True,True,0,2,5,2,5,5,PF_LS_RP,fixed,,,False,0.06666666666666667,0.1,0.9333333333333333,0.1,adaptive,,feasible_start_adaptive_spacing,feasible_start_adaptive_spacing,True,7,12,feasible_start_adaptive_spacing,0.5,,True,auto_from_instance,0.75,0.35,2,"1,3,5",,,,,,"H[2,11]|V[1,3,5,9,13]",3fc0967e8cf1acc9db002871d4c6fad00e132dd7
proposed_nsga2_bs_AT_S_comercial_layout_AW_3_seed_118,proposed_nsga2_bs,AT_S_comercial_layout_AW_3,118,0,auto_from_instance,10,15,3,28,150,,,,,13,6,5,root > H:5 > BH:18 > BH:12 > BV:3 > BV:9,selected,0,inf,True,234,127,107,89.0,1.0,1.0,True,True,3,3,0,False,1,1,0,0,True,True,0,3,5,3,5,6,PF_LS_RP,fixed,,,False,0.06666666666666667,0.1,0.9333333333333333,0.1,adaptive,,feasible_start_adaptive_spacing,feasible_start_adaptive_spacing,True,7,12,feasible_start_adaptive_spacing,0.5,,True,auto_from_instance,0.75,0.35,5,"0,8,13",,,,,,"H[5,12,18]|V[0,3,8,9,13]",02eb0b54c6dd00fb01351bf57377ea9aaccaed72
proposed_nsga2_bs_AT_S_comercial_layout_AW_3_seed_118,proposed_nsga2_bs,AT_S_comercial_layout_AW_3,118,0,auto_from_instance,10,15,3,28,150,,,,,14,9,5,root > V:8 > BH:11 > BH:19 > BH:12 > BH:3,evaluated,3,inf,False,234,107,127,184.0,1.0,1.0,True,True,1,1,0,True,1,1,0,0,True,True,0,6,3,6,3,9,PF_LS_RP,fixed,,,False,0.06666666666666667,0.1,0.9333333333333333,0.1,adaptive,,feasible_start_adaptive_spacing,feasible_start_adaptive_spacing,True,7,12,feasible_start_adaptive_spacing,0.5,,True,auto_from_instance,0.75,0.35,"0,5","0,8,9",,,,,,"H[0,3,5,11,12,19]|V[0,8,9]",b4d3081b418ee664c2e14f6da6fe945949d53470
proposed_nsga2_bs_AT_S_comercial_layout_AW_3_seed_118,proposed_nsga2_bs,AT_S_comercial_layout_AW_3,118,0,auto_from_instance,10,15,3,28,150,,,,,15,9,5,root > V:8 > BH:11 > BH:19 > BH:11 > BH:3,evaluated,4,inf,False,234,107,127,208.0,1.0,1.0,True,True,1,1,0,True,1,1,0,0,True,True,0,5,3,5,3,9,PF_LS_RP,fixed,,,False,0.06666666666666667,0.1,0.9333333333333333,0.1,adaptive,,feasible_start_adaptive_spacing,feasible_start_adaptive_spacing,True,7,12,feasible_start_adaptive_spacing,0.5,,True,auto_from_instance,0.75,0.35,"0,5","0,8,9",,,,,,"H[0,3,5,11,19]|V[0,8,9]",54bdef4f4c7702d845915598549d44733b90c4d8
proposed_nsga2_bs_AT_S_comercial_layout_AW_3_seed_118,proposed_nsga2_bs,AT_S_comercial_layout_AW_3,118,0,auto_from_instance,10,15,3,28,150,,,,,16,9,5,root > V:8 > BH:11 > BH:19 > BH:13 > BH:4,evaluated,5,inf,False,234,107,127,224.0,1.0,1.0,True,True,1,1,0,True,1,1,0,0,True,True,0,6,3,6,3,9,PF_LS_RP,fixed,,,False,0.06666666666666667,0.1,0.9333333333333333,0.1,adaptive,,feasible_start_adaptive_spacing,feasible_start_adaptive_spacing,True,7,12,feasible_start_adaptive_spacing,0.5,,True,auto_from_instance,0.75,0.35,"0,5","0,8,9",,,,,,"H[0,4,5,11,13,19]|V[0,8,9]",c1143b846bdf559c06a887439567b47b3f22e2ec
proposed_nsga2_bs_AT_S_comercial_layout_AW_3_seed_118,proposed_nsga2_bs,AT_S_comercial_layout_AW_3,118,0,auto_from_instance,10,15,3,28,150,,,,,17,10,4,root > V:2 > BH:11 > BH:18 > BV:8,selected,1,inf,True,222,120,102,118.0,1.0,1.0,True,True,1,1,0,True,1,1,0,0,True,True,0,2,4,2,4,10,PF_LS_RP,fixed,,,False,0.06666666666666667,0.13763358567502698,0.9333333333333333,0.1,adaptive,,feasible_start_adaptive_spacing,feasible_start_adaptive_spacing,True,7,12,feasible_start_adaptive_spacing,0.5,,True,auto_from_instance,0.75,0.35,,"1,2,4",,,,,,"H[11,18]|V[1,2,4,8]",c7821f85912c8e5c3b6ca7ddc3262e68ecac8a29
proposed_nsga2_bs_AT_S_comercial_layout_AW_3_seed_118,proposed_nsga2_bs,AT_S_comercial_layout_AW_3,118,0,auto_from_instance,10,15,3,28,150,,,,,18,10,4,root > V:2 > BH:11 > BV:9 > BV:8,selected,1,inf,True,222,120,102,118.0,1.0,1.0,True,True,1,1,0,True,1,1,0,0,True,True,0,1,5,1,5,10,PF_LS_RP,fixed,,,False,0.06666666666666667,0.13763358567502698,0.9333333333333333,0.1,adaptive,,feasible_start_adaptive_spacing,feasible_start_adaptive_spacing,True,7,12,feasible_start_adaptive_spacing,0.5,,True,auto_from_instance,0.75,0.35,,"1,2,4",,,,,,"H[11]|V[1,2,4,8,9]",819b823d42066f1be4d37e503ecee22d07e5a6b0
proposed_nsga2_bs_AT_S_comercial_layout_AW_3_seed_118,proposed_nsga2_bs,AT_S_comercial_layout_AW_3,118,0,auto_from_instance,10,15,3,28,150,,,,,19,10,4,root > V:2 > BH:11 > BH:19 > BV:8,selected,2,inf,True,222,120,102,151.0,1.0,1.0,True,True,1,1,0,True,1,1,0,0,True,True,0,2,4,2,4,10,PF_LS_RP,fixed,,,False,0.06666666666666667,0.13763358567502698,0.9333333333333333,0.1,adaptive,,feasible_start_adaptive_spacing,feasible_start_adaptive_spacing,True,7,12,feasible_start_adaptive_spacing,0.5,,True,auto_from_instance,0.75,0.35,,"1,2,4",,,,,,"H[11,19]|V[1,2,4,8]",8ba645c74da6577ac7820f92db785eac755acc05
proposed_nsga2_bs_AT_S_comercial_layout_AW_3_seed_118,proposed_nsga2_bs,AT_S_comercial_layout_AW_3,118,1,auto_from_instance,10,15,3,28,150,,,,,1,1,4,root > V:2 > BH:11 > BH:18 > BV:8,selected,1,inf,True,222,120,102,118.0,1.0,1.0,True,True,1,1,0,True,1,1,0,0,True,True,0,3,4,3,4,1,PF_LS_RP,fixed,,,False,0.13333333333333333,0.10065306401157034,0.8666666666666667,0.1,adaptive,break_symmetry,offspring,feasible_start_adaptive_spacing,,,,feasible_start_adaptive_spacing,0.5,,True,auto_from_instance,0.75,0.35,"11,16","2,3,9",,,,,,"H[11,16,18]|V[2,3,8,9]",c7821f85912c8e5c3b6ca7ddc3262e68ecac8a29
proposed_nsga2_bs_AT_S_comercial_layout_AW_3_seed_118,proposed_nsga2_bs,AT_S_comercial_layout_AW_3,118,1,auto_from_instance,10,15,3,28,150,,,,,2,1,4,root > V:2 > BH:11 > BV:9 > BV:8,selected,1,inf,True,222,120,102,118.0,1.0,1.0,True,True,1,1,0,True,1,1,0,0,True,True,0,2,4,2,4,1,PF_LS_RP,fixed,,,False,0.13333333333333333,0.10065306401157034,0.8666666666666667,0.1,adaptive,break_symmetry,offspring,feasible_start_adaptive_spacing,,,,feasible_start_adaptive_spacing,0.5,,True,auto_from_instance,0.75,0.35,"11,16","2,3,9",,,,,,"H[11,16]|V[2,3,8,9]",819b823d42066f1be4d37e503ecee22d07e5a6b0
proposed_nsga2_bs_AT_S_comercial_layout_AW_3_seed_118,proposed_nsga2_bs,AT_S_comercial_layout_AW_3,118,1,auto_from_instance,10,15,3,28,150,,,,,3,1,4,root > V:2 > BH:11 > BH:19 > BV:8,selected,2,inf,True,222,120,102,151.0,1.0,1.0,True,True,1,1,0,True,1,1,0,0,True,True,0,3,4,3,4,1,PF_LS_RP,fixed,,,False,0.13333333333333333,0.10065306401157034,0.8666666666666667,0.1,adaptive,break_symmetry,offspring,feasible_start_adaptive_spacing,,,,feasible_start_adaptive_spacing,0.5,,True,auto_from_instance,0.75,0.35,"11,16","2,3,9",,,,,,"H[11,16,19]|V[2,3,8,9]",8ba645c74da6577ac7820f92db785eac755acc05
proposed_nsga2_bs_AT_S_comercial_layout_AW_3_seed_118,proposed_nsga2_bs,AT_S_comercial_layout_AW_3,118,1,auto_from_instance,10,15,3,28,150,,,,,4,3,4,root > H:3 > BH:16 > BH:10 > BH:22,selected,0,inf,True,216,120,96,112.0,1.0,1.0,True,True,4,4,0,False,1,1,0,0,True,True,0,8,3,8,3,3,PF_LS_RP,fixed,,,False,0.13333333333333333,0.11480674220179785,0.8666666666666667,0.1,adaptive,remove_random_aisle,offspring,feasible_start_adaptive_spacing,,,,feasible_start_adaptive_spacing,0.5,,True,auto_from_instance,0.75,0.35,"3,5,11,12,19","5,8,13",,,,,,"H[3,5,10,11,12,16,19,22]|V[5,8,13]",7e8869a25bbd594ea7bf8339e2c84bdde246ab51
proposed_nsga2_bs_AT_S_comercial_layout_AW_3_seed_118,proposed_nsga2_bs,AT_S_comercial_layout_AW_3,118,1,auto_from_instance,10,15,3,28,150,,,,,5,4,4,root > V:3 > BH:11 > BV:10 > BV:9,selected,2,inf,True,225,115,110,149.0,1.0,1.0,True,True,1,1,0,True,1,1,0,0,True,True,0,4,6,4,6,4,PF_LS_RP,fixed,,,False,0.13333333333333333,0.2367312637725585,0.8666666666666667,0.1,adaptive,break_symmetry,offspring,feasible_start_adaptive_spacing,,,,feasible_start_adaptive_spacing,0.5,,True,auto_from_instance,0.75,0.35,"5,12,18","0,3,8,10,13",,,,,,"H[5,11,12,18]|V[0,3,8,9,10,13]",ae825089721f98e0d9805014401719023ff6a664
proposed_nsga2_bs_AT_S_comercial_layout_AW_3_seed_118,proposed_nsga2_bs,AT_S_comercial_layout_AW_3,118,1,auto_from_instance,10,15,3,28,150,,,,,6,4,4,root > V:3 > BH:11 > BV:9 > BV:9,selected,2,inf,True,225,115,110,149.0,1.0,1.0,True,True,1,1,0,True,1,1,0,0,True,True,0,4,6,4,6,4,PF_LS_RP,fixed,,,False,0.13333333333333333,0.2367312637725585,0.8666666666666667,0.1,adaptive,break_symmetry,offspring,feasible_start_adaptive_spacing,,,,feasible_start_adaptive_spacing,0.5,,True,auto_from_instance,0.75,0.35,"5,12,18","0,3,8,10,13",,,,,,"H[5,11,12,18]|V[0,3,8,9,10,13]",0a75f2b327085dc5778e0a33aad21dbd318e0a85
proposed_nsga2_bs_AT_S_comercial_layout_AW_3_seed_118,proposed_nsga2_bs,AT_S_comercial_layout_AW_3,118,1,auto_from_instance,10,15,3,28,150,,,,,7,4,4,root > V:3 > BH:11 > BV:9 > BV:13,selected,3,inf,True,225,93,132,226.0,1.0,1.0,True,True,1,1,0,True,1,1,0,0,True,True,0,4,6,4,6,4,PF_LS_RP,fixed,,,False,0.13333333333333333,0.2367312637725585,0.8666666666666667,0.1,adaptive,break_symmetry,offspring,feasible_start_adaptive_spacing,,,,feasible_start_adaptive_spacing,0.5,,True,auto_from_instance,0.75,0.35,"5,12,18","0,3,8,10,13",,,,,,"H[5,11,12,18]|V[0,3,8,9,10,13]",3fc0967e8cf1acc9db002871d4c6fad00e132dd7
proposed_nsga2_bs_AT_S_comercial_layout_AW_3_seed_118,proposed_nsga2_bs,AT_S_comercial_layout_AW_3,118,1,auto_from_instance,10,15,3,28,150,,,,,8,8,4,root > V:2 > BH:11 > BH:18 > BV:9,selected,0,inf,True,222,115,107,74.0,1.0,1.0,True,True,1,1,0,True,1,1,0,0,True,True,0,5,4,5,4,8,PF_LS_RP,fixed,,,False,0.13333333333333333,0.18153249887469067,0.8666666666666667,0.1,adaptive,break_symmetry,offspring,feasible_start_adaptive_spacing,,,,feasible_start_adaptive_spacing,0.5,,True,auto_from_instance,0.75,0.35,"0,11,15,22","2,3,10",,,,,,"H[0,11,15,18,22]|V[2,3,9,10]",313e3f681b33bc30f90444b0b1b5dd821fed5c79
proposed_nsga2_bs_AT_S_comercial_layout_AW_3_seed_118,proposed_nsga2_bs,AT_S_comercial_layout_AW_3,118,2,auto_from_instance,10,15,3,28,150,,,,,1,1,4,root > V:3 > BH:11 > BV:10 > BV:9,selected,1,inf,True,225,115,110,149.0,1.0,1.0,True,True,1,1,0,True,1,1,0,0,True,True,0,5,6,5,6,1,PF_LS_RP,fixed,,,False,0.2,0.23799203740411048,0.8,0.1,adaptive,spacing_aware_flip,offspring,feasible_start_adaptive_spacing,,,,feasible_start_adaptive_spacing,0.5,,True,auto_from_instance,0.75,0.35,"5,11,12,18,23","0,3,8,9,10,13",,,,,,"H[5,11,12,18,23]|V[0,3,8,9,10,13]",ae825089721f98e0d9805014401719023ff6a664
proposed_nsga2_bs_AT_S_comercial_layout_AW_3_seed_118,proposed_nsga2_bs,AT_S_comercial_layout_AW_3,118,2,auto_from_instance,10,15,3,28,150,,,,,2,1,4,root > V:3 > BH:11 > BV:9 > BV:9,selected,1,inf,True,225,115,110,149.0,1.0,1.0,True,True,1,1,0,True,1,1,0,0,True,True,0,5,6,5,6,1,PF_LS_RP,fixed,,,False,0.2,0.23799203740411048,0.8,0.1,adaptive,spacing_aware_flip,offspring,feasible_start_adaptive_spacing,,,,feasible_start_adaptive_spacing,0.5,,True,auto_from_instance,0.75,0.35,"5,11,12,18,23","0,3,8,9,10,13",,,,,,"H[5,11,12,18,23]|V[0,3,8,9,10,13]",0a75f2b327085dc5778e0a33aad21dbd318e0a85
proposed_nsga2_bs_AT_S_comercial_layout_AW_3_seed_118,proposed_nsga2_bs,AT_S_comercial_layout_AW_3,118,2,auto_from_instance,10,15,3,28,150,,,,,3,1,4,root > V:3 > BH:11 > BV:9 > BV:13,selected,5,inf,True,225,93,132,226.0,1.0,1.0,True,True,1,1,0,True,1,1,0,0,True,True,0,5,6,5,6,1,PF_LS_RP,fixed,,,False,0.2,0.23799203740411048,0.8,0.1,adaptive,spacing_aware_flip,offspring,feasible_start_adaptive_spacing,,,,feasible_start_adaptive_spacing,0.5,,True,auto_from_instance,0.75,0.35,"5,11,12,18,23","0,3,8,9,10,13",,,,,,"H[5,11,12,18,23]|V[0,3,8,9,10,13]",3fc0967e8cf1acc9db002871d4c6fad00e132dd7
proposed_nsga2_bs_AT_S_comercial_layout_AW_3_seed_118,proposed_nsga2_bs,AT_S_comercial_layout_AW_3,118,2,auto_from_instance,10,15,3,28,150,,,,,4,2,4,root > V:2 > BH:11 > BH:18 > BV:8,selected,0,inf,True,222,120,102,118.0,1.0,1.0,True,True,1,1,0,True,1,1,0,0,True,True,0,3,4,3,4,2,PF_LS_RP,fixed,,,False,0.2,0.19959035910732092,0.8,0.1,adaptive,break_symmetry,offspring,feasible_start_adaptive_spacing,,,,feasible_start_adaptive_spacing,0.5,,True,auto_from_instance,0.75,0.35,"11,17,18","2,3,8,9",,,,,,"H[11,17,18]|V[2,3,8,9]",c7821f85912c8e5c3b6ca7ddc3262e68ecac8a29
proposed_nsga2_bs_AT_S_comercial_layout_AW_3_seed_118,proposed_nsga2_bs,AT_S_comercial_layout_AW_3,118,2,auto_from_instance,10,15,3,28,150,,,,,5,2,4,root > V:2 > BH:11 > BV:9 > BV:8,selected,0,inf,True,222,120,102,118.0,1.0,1.0,True,True,1,1,0,True,1,1,0,0,True,True,0,3,4,3,4,2,PF_LS_RP,fixed,,,False,0.2,0.19959035910732092,0.8,0.1,adaptive,break_symmetry,offspring,feasible_start_adaptive_spacing,,,,feasible_start_adaptive_spacing,0.5,,True,auto_from_instance,0.75,0.35,"11,17,18","2,3,8,9",,,,,,"H[11,17,18]|V[2,3,8,9]",819b823d42066f1be4d37e503ecee22d07e5a6b0
proposed_nsga2_bs_AT_S_comercial_layout_AW_3_seed_118,proposed_nsga2_bs,AT_S_comercial_layout_AW_3,118,2,auto_from_instance,10,15,3,28,150,,,,,6,2,4,root > V:2 > BH:11 > BH:19 > BV:8,selected,1,inf,True,222,120,102,151.0,1.0,1.0,True,True,1,1,0,True,1,1,0,0,True,True,0,4,4,4,4,2,PF_LS_RP,fixed,,,False,0.2,0.19959035910732092,0.8,0.1,adaptive,break_symmetry,offspring,feasible_start_adaptive_spacing,,,,feasible_start_adaptive_spacing,0.5,,True,auto_from_instance,0.75,0.35,"11,17,18","2,3,8,9",,,,,,"H[11,17,18,19]|V[2,3,8,9]",8ba645c74da6577ac7820f92db785eac755acc05
proposed_nsga2_bs_AT_S_comercial_layout_AW_3_seed_118,proposed_nsga2_bs,AT_S_comercial_layout_AW_3,118,2,auto_from_instance,10,15,3,28,150,,,,,7,4,5,root > V:8 > BH:11 > BH:19 > BH:12 > BH:3,selected,2,inf,True,234,107,127,184.0,1.0,1.0,True,True,1,1,0,True,1,1,0,0,True,True,0,7,4,7,4,4,PF_LS_RP,fixed,,,False,0.2,0.19711483110133604,0.8,0.1,adaptive,bit_flip,offspring,feasible_start_adaptive_spacing,,,,feasible_start_adaptive_spacing,0.5,,True,auto_from_instance,0.75,0.35,"5,11,12,18,25","0,5,8,13",,,,,,"H[3,5,11,12,18,19,25]|V[0,5,8,13]",b4d3081b418ee664c2e14f6da6fe945949d53470
proposed_nsga2_bs_AT_S_comercial_layout_AW_3_seed_118,proposed_nsga2_bs,AT_S_comercial_layout_AW_3,118,2,auto_from_instance,10,15,3,28,150,,,,,8,4,5,root > V:8 > BH:11 > BH:19 > BH:11 > BH:3,selected,3,inf,True,234,107,127,208.0,1.0,1.0,True,True,1,1,0,True,1,1,0,0,True,True,0,7,4,7,4,4,PF_LS_RP,fixed,,,False,0.2,0.19711483110133604,0.8,0.1,adaptive,bit_flip,offspring,feasible_start_adaptive_spacing,,,,feasible_start_adaptive_spacing,0.5,,True,auto_from_instance,0.75,0.35,"5,11,12,18,25","0,5,8,13",,,,,,"H[3,5,11,12,18,19,25]|V[0,5,8,13]",54bdef4f4c7702d845915598549d44733b90c4d8
proposed_nsga2_bs_AT_S_comercial_layout_AW_3_seed_118,proposed_nsga2_bs,AT_S_comercial_layout_AW_3,118,2,auto_from_instance,10,15,3,28,150,,,,,9,4,5,root > V:8 > BH:11 > BH:19 > BH:13 > BH:4,selected,4,inf,True,234,107,127,224.0,1.0,1.0,True,True,1,1,0,True,1,1,0,0,True,True,0,8,4,8,4,4,PF_LS_RP,fixed,,,False,0.2,0.19711483110133604,0.8,0.1,adaptive,bit_flip,offspring,feasible_start_adaptive_spacing,,,,feasible_start_adaptive_spacing,0.5,,True,auto_from_instance,0.75,0.35,"5,11,12,18,25","0,5,8,13",,,,,,"H[4,5,11,12,13,18,19,25]|V[0,5,8,13]",c1143b846bdf559c06a887439567b47b3f22e2ec
proposed_nsga2_bs_AT_S_comercial_layout_AW_3_seed_118,proposed_nsga2_bs,AT_S_comercial_layout_AW_3,118,3,auto_from_instance,10,15,3,28,150,,,,,1,1,4,root > V:3 > BH:11 > BV:10 > BV:9,selected,1,inf,True,225,115,110,149.0,1.0,1.0,True,True,1,1,0,True,1,1,0,0,True,True,0,4,4,4,4,1,PF_LS_RP,fixed,,,False,0.26666666666666666,0.27177765431452067,0.7333333333333334,0.1,adaptive,remove_random_aisle,offspring,feasible_start_adaptive_spacing,,,,feasible_start_adaptive_spacing,0.5,,True,auto_from_instance,0.75,0.35,"11,17,18,19","3,8,9",,,,,,"H[11,17,18,19]|V[3,8,9,10]",ae825089721f98e0d9805014401719023ff6a664
proposed_nsga2_bs_AT_S_comercial_layout_AW_3_seed_118,proposed_nsga2_bs,AT_S_comercial_layout_AW_3,118,3,auto_from_instance,10,15,3,28,150,,,,,2,1,4,root > V:3 > BH:11 > BV:9 > BV:9,selected,1,inf,True,225,115,110,149.0,1.0,1.0,True,True,1,1,0,True,1,1,0,0,True,True,0,4,3,4,3,1,PF_LS_RP,fixed,,,False,0.26666666666666666,0.27177765431452067,0.7333333333333334,0.1,adaptive,remove_random_aisle,offspring,feasible_start_adaptive_spacing,,,,feasible_start_adaptive_spacing,0.5,,True,auto_from_instance,0.75,0.35,"11,17,18,19","3,8,9",,,,,,"H[11,17,18,19]|V[3,8,9]",0a75f2b327085dc5778e0a33aad21dbd318e0a85
proposed_nsga2_bs_AT_S_comercial_layout_AW_3_seed_118,proposed_nsga2_bs,AT_S_comercial_layout_AW_3,118,3,auto_from_instance,10,15,3,28,150,,,,,3,1,4,root > V:3 > BH:11 > BV:9 > BV:13,selected,5,inf,True,225,93,132,226.0,1.0,1.0,True,True,1,1,0,True,1,1,0,0,True,True,0,4,4,4,4,1,PF_LS_RP,fixed,,,False,0.26666666666666666,0.27177765431452067,0.7333333333333334,0.1,adaptive,remove_random_aisle,offspring,feasible_start_adaptive_spacing,,,,feasible_start_adaptive_spacing,0.5,,True,auto_from_instance,0.75,0.35,"11,17,18,19","3,8,9",,,,,,"H[11,17,18,19]|V[3,8,9,13]",3fc0967e8cf1acc9db002871d4c6fad00e132dd7
proposed_nsga2_bs_AT_S_comercial_layout_AW_3_seed_118,proposed_nsga2_bs,AT_S_comercial_layout_AW_3,118,3,auto_from_instance,10,15,3,28,150,,,,,4,2,4,root > V:2 > BH:11 > BH:18 > BV:8,selected,0,inf,True,222,120,102,118.0,1.0,1.0,True,True,1,1,0,True,1,1,0,0,True,True,0,4,4,4,4,2,PF_LS_RP,fixed,,,False,0.26666666666666666,0.24923590064201845,0.7333333333333334,0.1,adaptive,insert_random_aisle,offspring,feasible_start_adaptive_spacing,,,,feasible_start_adaptive_spacing,0.5,,True,auto_from_instance,0.75,0.35,"11,17,18,24","2,3,8,9",,,,,,"H[11,17,18,24]|V[2,3,8,9]",c7821f85912c8e5c3b6ca7ddc3262e68ecac8a29
proposed_nsga2_bs_AT_S_comercial_layout_AW_3_seed_118,proposed_nsga2_bs,AT_S_comercial_layout_AW_3,118,3,auto_from_instance,10,15,3,28,150,,,,,5,2,4,root > V:2 > BH:11 > BV:9 > BV:8,selected,0,inf,True,222,120,102,118.0,1.0,1.0,True,True,1,1,0,True,1,1,0,0,True,True,0,4,4,4,4,2,PF_LS_RP,fixed,,,False,0.26666666666666666,0.24923590064201845,0.7333333333333334,0.1,adaptive,insert_random_aisle,offspring,feasible_start_adaptive_spacing,,,,feasible_start_adaptive_spacing,0.5,,True,auto_from_instance,0.75,0.35,"11,17,18,24","2,3,8,9",,,,,,"H[11,17,18,24]|V[2,3,8,9]",819b823d42066f1be4d37e503ecee22d07e5a6b0
proposed_nsga2_bs_AT_S_comercial_layout_AW_3_seed_118,proposed_nsga2_bs,AT_S_comercial_layout_AW_3,118,3,auto_from_instance,10,15,3,28,150,,,,,6,2,4,root > V:2 > BH:11 > BH:19 > BV:8,selected,1,inf,True,222,120,102,151.0,1.0,1.0,True,True,1,1,0,True,1,1,0,0,True,True,0,5,4,5,4,2,PF_LS_RP,fixed,,,False,0.26666666666666666,0.24923590064201845,0.7333333333333334,0.1,adaptive,insert_random_aisle,offspring,feasible_start_adaptive_spacing,,,,feasible_start_adaptive_spacing,0.5,,True,auto_from_instance,0.75,0.35,"11,17,18,24","2,3,8,9",,,,,,"H[11,17,18,19,24]|V[2,3,8,9]",8ba645c74da6577ac7820f92db785eac755acc05
proposed_nsga2_bs_AT_S_comercial_layout_AW_3_seed_118,proposed_nsga2_bs,AT_S_comercial_layout_AW_3,118,3,auto_from_instance,10,15,3,28,150,,,,,7,8,5,root > V:8 > BH:11 > BH:19 > BH:12 > BH:3,selected,2,inf,True,234,107,127,184.0,1.0,1.0,True,True,1,1,0,True,1,1,0,0,True,True,0,6,2,6,2,8,PF_LS_RP,fixed,,,False,0.26666666666666666,0.17536714020680944,0.7333333333333334,0.1,adaptive,spacing_aware_flip,offspring,feasible_start_adaptive_spacing,,,,feasible_start_adaptive_spacing,0.5,,True,auto_from_instance,0.75,0.35,"11,12,18,27","5,8",,,,,,"H[3,11,12,18,19,27]|V[5,8]",b4d3081b418ee664c2e14f6da6fe945949d53470
proposed_nsga2_bs_AT_S_comercial_layout_AW_3_seed_118,proposed_nsga2_bs,AT_S_comercial_layout_AW_3,118,3,auto_from_instance,10,15,3,28,150,,,,,8,8,5,root > V:8 > BH:11 > BH:18 > BH:12 > BH:3,selected,2,inf,True,234,107,127,184.0,1.0,1.0,True,True,1,1,0,True,1,1,0,0,True,True,0,5,2,5,2,8,PF_LS_RP,fixed,,,False,0.26666666666666666,0.17536714020680944,0.7333333333333334,0.1,adaptive,spacing_aware_flip,offspring,feasible_start_adaptive_spacing,,,,feasible_start_adaptive_spacing,0.5,,True,auto_from_instance,0.75,0.35,"11,12,18,27","5,8",,,,,,"H[3,11,12,18,27]|V[5,8]",f58db195176e0328e738ab30fdd0d22f3c15ba93
proposed_nsga2_bs_AT_S_comercial_layout_AW_3_seed_118,proposed_nsga2_bs,AT_S_comercial_layout_AW_3,118,3,auto_from_instance,10,15,3,28,150,,,,,9,8,5,root > V:8 > BH:11 > BH:19 > BH:13 > BH:4,selected,4,inf,True,234,107,127,224.0,1.0,1.0,True,True,1,1,0,True,1,1,0,0,True,True,0,7,2,7,2,8,PF_LS_RP,fixed,,,False,0.26666666666666666,0.17536714020680944,0.7333333333333334,0.1,adaptive,spacing_aware_flip,offspring,feasible_start_adaptive_spacing,,,,feasible_start_adaptive_spacing,0.5,,True,auto_from_instance,0.75,0.35,"11,12,18,27","5,8",,,,,,"H[4,11,12,13,18,19,27]|V[5,8]",c1143b846bdf559c06a887439567b47b3f22e2ec
proposed_nsga2_bs_AT_S_comercial_layout_AW_3_seed_118,proposed_nsga2_bs,AT_S_comercial_layout_AW_3,118,3,auto_from_instance,10,15,3,28,150,,,,,10,10,5,root > V:8 > BH:11 > BH:19 > BH:11 > BH:3,selected,3,inf,True,234,107,127,208.0,1.0,1.0,True,True,1,1,0,True,1,1,0,0,True,True,0,7,3,7,3,10,PF_LS_RP,fixed,,,False,0.26666666666666666,0.20123144335643164,0.7333333333333334,0.1,adaptive,remove_random_aisle,offspring,feasible_start_adaptive_spacing,,,,feasible_start_adaptive_spacing,0.5,,True,auto_from_instance,0.75,0.35,"5,11,12,18,23","0,8,9",,,,,,"H[3,5,11,12,18,19,23]|V[0,8,9]",54bdef4f4c7702d845915598549d44733b90c4d8
proposed_nsga2_bs_AT_S_comercial_layout_AW_3_seed_118,proposed_nsga2_bs,AT_S_comercial_layout_AW_3,118,4,auto_from_instance,10,15,3,28,150,,,,,1,1,4,root > V:3 > BH:11 > BV:10 > BV:9,selected,2,inf,True,225,115,110,149.0,1.0,1.0,True,True,1,1,0,True,1,1,0,0,True,True,0,6,5,6,5,1,PF_LS_RP,fixed,,,False,0.3333333333333333,0.34337002037338704,0.6666666666666667,0.1,adaptive,spacing_aware_flip,offspring,feasible_start_adaptive_spacing,,,,feasible_start_adaptive_spacing,0.5,,True,auto_from_instance,0.75,0.35,"3,11,12,18,19,27","3,8,9,14",,,,,,"H[3,11,12,18,19,27]|V[3,8,9,10,14]",ae825089721f98e0d9805014401719023ff6a664
proposed_nsga2_bs_AT_S_comercial_layout_AW_3_seed_118,proposed_nsga2_bs,AT_S_comercial_layout_AW_3,118,4,auto_from_instance,10,15,3,28,150,,,,,2,1,4,root > V:3 > BH:11 > BV:9 > BV:9,selected,2,inf,True,225,115,110,149.0,1.0,1.0,True,True,1,1,0,True,1,1,0,0,True,True,0,6,4,6,4,1,PF_LS_RP,fixed,,,False,0.3333333333333333,0.34337002037338704,0.6666666666666667,0.1,adaptive,spacing_aware_flip,offspring,feasible_start_adaptive_spacing,,,,feasible_start_adaptive_spacing,0.5,,True,auto_from_instance,0.75,0.35,"3,11,12,18,19,27","3,8,9,14",,,,,,"H[3,11,12,18,19,27]|V[3,8,9,14]",0a75f2b327085dc5778e0a33aad21dbd318e0a85
proposed_nsga2_bs_AT_S_comercial_layout_AW_3_seed_118,proposed_nsga2_bs,AT_S_comercial_layout_AW_3,118,4,auto_from_instance,10,15,3,28,150,,,,,3,1,4,root > V:3 > BH:11 > BV:9 > BV:13,selected,3,inf,True,225,93,132,226.0,1.0,1.0,True,True,1,1,0,True,1,1,0,0,True,True,0,6,5,6,5,1,PF_LS_RP,fixed,,,False,0.3333333333333333,0.34337002037338704,0.6666666666666667,0.1,adaptive,spacing_aware_flip,offspring,feasible_start_adaptive_spacing,,,,feasible_start_adaptive_spacing,0.5,,True,auto_from_instance,0.75,0.35,"3,11,12,18,19,27","3,8,9,14",,,,,,"H[3,11,12,18,19,27]|V[3,8,9,13,14]",3fc0967e8cf1acc9db002871d4c6fad00e132dd7
proposed_nsga2_bs_AT_S_comercial_layout_AW_3_seed_118,proposed_nsga2_bs,AT_S_comercial_layout_AW_3,118,4,auto_from_instance,10,15,3,28,150,,,,,4,2,4,root > V:2 > BH:11 > BH:18 > BV:8,selected,1,inf,True,222,120,102,118.0,1.0,1.0,True,True,1,1,0,True,1,1,0,0,True,True,0,6,3,6,3,2,PF_LS_RP,fixed,,,False,0.3333333333333333,0.40113060181058047,0.6666666666666667,0.1,adaptive,insert_random_aisle,offspring,feasible_start_adaptive_spacing,,,,feasible_start_adaptive_spacing,0.5,,True,auto_from_instance,0.75,0.35,"7,11,17,18,19,24","2,5,8",,,,,,"H[7,11,17,18,19,24]|V[2,5,8]",c7821f85912c8e5c3b6ca7ddc3262e68ecac8a29
proposed_nsga2_bs_AT_S_comercial_layout_AW_3_seed_118,proposed_nsga2_bs,AT_S_comercial_layout_AW_3,118,4,auto_from_instance,10,15,3,28,150,,,,,5,2,4,root > V:2 > BH:11 > BV:9 > BV:8,selected,1,inf,True,222,120,102,118.0,1.0,1.0,True,True,1,1,0,True,1,1,0,0,True,True,0,6,4,6,4,2,PF_LS_RP,fixed,,,False,0.3333333333333333,0.40113060181058047,0.6666666666666667,0.1,adaptive,insert_random_aisle,offspring,feasible_start_adaptive_spacing,,,,feasible_start_adaptive_spacing,0.5,,True,auto_from_instance,0.75,0.35,"7,11,17,18,19,24","2,5,8",,,,,,"H[7,11,17,18,19,24]|V[2,5,8,9]",819b823d42066f1be4d37e503ecee22d07e5a6b0
proposed_nsga2_bs_AT_S_comercial_layout_AW_3_seed_118,proposed_nsga2_bs,AT_S_comercial_layout_AW_3,118,4,auto_from_instance,10,15,3,28,150,,,,,6,2,4,root > V:2 > BH:11 > BH:19 > BV:8,selected,2,inf,True,222,120,102,151.0,1.0,1.0,True,True,1,1,0,True,1,1,0,0,True,True,0,6,3,6,3,2,PF_LS_RP,fixed,,,False,0.3333333333333333,0.40113060181058047,0.6666666666666667,0.1,adaptive,insert_random_aisle,offspring,feasible_start_adaptive_spacing,,,,feasible_start_adaptive_spacing,0.5,,True,auto_from_instance,0.75,0.35,"7,11,17,18,19,24","2,5,8",,,,,,"H[7,11,17,18,19,24]|V[2,5,8]",8ba645c74da6577ac7820f92db785eac755acc05
proposed_nsga2_bs_AT_S_comercial_layout_AW_3_seed_118,proposed_nsga2_bs,AT_S_comercial_layout_AW_3,118,4,auto_from_instance,10,15,3,28,150,,,,,7,7,3,root > H:4 > BH:17 > BH:11,selected,0,inf,True,264,124,140,220.0,1.0,1.0,True,True,3,3,0,False,1,1,0,0,True,True,0,6,2,6,2,7,PF_LS_RP,fixed,,,False,0.3333333333333333,0.3166763493558442,0.6666666666666667,0.1,adaptive,break_symmetry,offspring,feasible_start_adaptive_spacing,,,,feasible_start_adaptive_spacing,0.5,,True,auto_from_instance,0.75,0.35,"4,11,17,18,19,27","5,9",,,,,,"H[4,11,17,18,19,27]|V[5,9]",bff1f598ae060a0390c10f5de0cbed5ac1213ca5
proposed_nsga2_bs_AT_S_comercial_layout_AW_3_seed_118,proposed_nsga2_bs,AT_S_comercial_layout_AW_3,118,4,auto_from_instance,10,15,3,28,150,,,,,8,7,3,root > H:4 > BH:17 > BH:10,selected,3,inf,True,264,120,144,220.0,1.0,1.0,True,True,3,3,0,False,1,1,0,0,True,True,0,7,2,7,2,7,PF_LS_RP,fixed,,,False,0.3333333333333333,0.3166763493558442,0.6666666666666667,0.1,adaptive,break_symmetry,offspring,feasible_start_adaptive_spacing,,,,feasible_start_adaptive_spacing,0.5,,True,auto_from_instance,0.75,0.35,"4,11,17,18,19,27","5,9",,,,,,"H[4,10,11,17,18,19,27]|V[5,9]",faf111ea2d7b61d8d8cfd2201424f26ba114409d
proposed_nsga2_bs_AT_S_comercial_layout_AW_3_seed_118,proposed_nsga2_bs,AT_S_comercial_layout_AW_3,118,4,auto_from_instance,10,15,3,28,150,,,,,9,7,3,root > H:4 > BH:15 > BH:22,selected,4,inf,True,264,92,172,284.0,1.0,1.0,True,True,3,3,0,False,1,1,0,0,True,True,0,8,2,8,2,7,PF_LS_RP,fixed,,,False,0.3333333333333333,0.3166763493558442,0.6666666666666667,0.1,adaptive,break_symmetry,offspring,feasible_start_adaptive_spacing,,,,feasible_start_adaptive_spacing,0.5,,True,auto_from_instance,0.75,0.35,"4,11,17,18,19,27","5,9",,,,,,"H[4,11,15,17,18,19,22,27]|V[5,9]",9d4f477c70bbe9725bd3f4830375a1732b6b7df2
proposed_nsga2_bs_AT_S_comercial_layout_AW_3_seed_118,proposed_nsga2_bs,AT_S_comercial_layout_AW_3,118,4,auto_from_instance,10,15,3,28,150,,,,,10,10,4,root > H:3 > BH:16 > BH:10 > BH:22,selected,0,inf,True,216,120,96,112.0,1.0,1.0,True,True,4,4,0,False,1,1,0,0,True,True,0,8,2,8,2,10,PF_LS_RP,fixed,,,False,0.3333333333333333,0.3244199989298051,0.6666666666666667,0.1,adaptive,spacing_aware_flip,offspring,feasible_start_adaptive_spacing,,,,feasible_start_adaptive_spacing,0.5,,True,auto_from_instance,0.75,0.35,"3,8,11,18,27","5,8",,,,,,"H[3,8,10,11,16,18,22,27]|V[5,8]",7e8869a25bbd594ea7bf8339e2c84bdde246ab51
proposed_nsga2_bs_AT_S_comercial_layout_AW_3_seed_118,proposed_nsga2_bs,AT_S_comercial_layout_AW_3,118,5,auto_from_instance,10,15,3,28,150,,,,,1,1,3,root > H:4 > BH:17 > BH:11,selected,0,inf,True,264,124,140,220.0,1.0,1.0,True,True,3,3,0,False,1,1,0,0,True,True,0,7,3,7,3,1,PF_LS_RP,fixed,,,False,0.4,0.4521815469014488,0.6,0.1,adaptive,insert_random_aisle,offspring,feasible_start_adaptive_spacing,,,,feasible_start_adaptive_spacing,0.5,,True,auto_from_instance,0.75,0.35,"4,11,12,18,19,27","3,9,14",,,,,,"H[4,11,12,17,18,19,27]|V[3,9,14]",bff1f598ae060a0390c10f5de0cbed5ac1213ca5
proposed_nsga2_bs_AT_S_comercial_layout_AW_3_seed_118,proposed_nsga2_bs,AT_S_comercial_layout_AW_3,118,5,auto_from_instance,10,15,3,28,150,,,,,2,1,3,root > H:4 > BH:17 > BH:10,selected,2,inf,True,264,120,144,220.0,1.0,1.0,True,True,3,3,0,False,1,1,0,0,True,True,0,8,3,8,3,1,PF_LS_RP,fixed,,,False,0.4,0.4521815469014488,0.6,0.1,adaptive,insert_random_aisle,offspring,feasible_start_adaptive_spacing,,,,feasible_start_adaptive_spacing,0.5,,True,auto_from_instance,0.75,0.35,"4,11,12,18,19,27","3,9,14",,,,,,"H[4,10,11,12,17,18,19,27]|V[3,9,14]",faf111ea2d7b61d8d8cfd2201424f26ba114409d
proposed_nsga2_bs_AT_S_comercial_layout_AW_3_seed_118,proposed_nsga2_bs,AT_S_comercial_layout_AW_3,118,5,auto_from_instance,10,15,3,28,150,,,,,3,1,3,root > H:4 > BH:15 > BH:22,evaluated,5,inf,False,264,92,172,284.0,1.0,1.0,True,True,3,3,0,False,1,1,0,0,True,True,0,8,3,8,3,1,PF_LS_RP,fixed,,,False,0.4,0.4521815469014488,0.6,0.1,adaptive,insert_random_aisle,offspring,feasible_start_adaptive_spacing,,,,feasible_start_adaptive_spacing,0.5,,True,auto_from_instance,0.75,0.35,"4,11,12,18,19,27","3,9,14",,,,,,"H[4,11,12,15,18,19,22,27]|V[3,9,14]",9d4f477c70bbe9725bd3f4830375a1732b6b7df2
proposed_nsga2_bs_AT_S_comercial_layout_AW_3_seed_118,proposed_nsga2_bs,AT_S_comercial_layout_AW_3,118,5,auto_from_instance,10,15,3,28,150,,,,,4,2,5,root > V:8 > BH:11 > BH:19 > BH:12 > BH:3,selected,2,inf,True,234,107,127,184.0,1.0,1.0,True,True,1,1,0,True,1,1,0,0,True,True,0,6,5,6,5,2,PF_LS_RP,fixed,,,False,0.4,0.429464699340417,0.6,0.1,adaptive,remove_random_aisle,offspring,feasible_start_adaptive_spacing,,,,feasible_start_adaptive_spacing,0.5,,True,auto_from_instance,0.75,0.35,"3,11,17,19,27","5,8,9,13,14",,,,,,"H[3,11,12,17,19,27]|V[5,8,9,13,14]",b4d3081b418ee664c2e14f6da6fe945949d53470
proposed_nsga2_bs_AT_S_comercial_layout_AW_3_seed_118,proposed_nsga2_bs,AT_S_comercial_layout_AW_3,118,5,auto_from_instance,10,15,3,28,150,,,,,5,2,5,root > V:8 > BH:11 > BH:18 > BH:12 > BH:3,selected,2,inf,True,234,107,127,184.0,1.0,1.0,True,True,1,1,0,True,1,1,0,0,True,True,0,7,5,7,5,2,PF_LS_RP,fixed,,,False,0.4,0.429464699340417,0.6,0.1,adaptive,remove_random_aisle,offspring,feasible_start_adaptive_spacing,,,,feasible_start_adaptive_spacing,0.5,,True,auto_from_instance,0.75,0.35,"3,11,17,19,27","5,8,9,13,14",,,,,,"H[3,11,12,17,18,19,27]|V[5,8,9,13,14]",f58db195176e0328e738ab30fdd0d22f3c15ba93
proposed_nsga2_bs_AT_S_comercial_layout_AW_3_seed_118,proposed_nsga2_bs,AT_S_comercial_layout_AW_3,118,5,auto_from_instance,10,15,3,28,150,,,,,6,2,5,root > V:8 > BH:11 > BH:19 > BH:13 > BH:4,evaluated,3,inf,False,234,107,127,224.0,1.0,1.0,True,True,1,1,0,True,1,1,0,0,True,True,0,7,5,7,5,2,PF_LS_RP,fixed,,,False,0.4,0.429464699340417,0.6,0.1,adaptive,remove_random_aisle,offspring,feasible_start_adaptive_spacing,,,,feasible_start_adaptive_spacing,0.5,,True,auto_from_instance,0.75,0.35,"3,11,17,19,27","5,8,9,13,14",,,,,,"H[3,4,11,13,17,19,27]|V[5,8,9,13,14]",c1143b846bdf559c06a887439567b47b3f22e2ec
proposed_nsga2_bs_AT_S_comercial_layout_AW_3_seed_118,proposed_nsga2_bs,AT_S_comercial_layout_AW_3,118,5,auto_from_instance,10,15,3,28,150,,,,,7,5,4,root > V:3 > BH:11 > BV:10 > BV:9,selected,1,1.432987012987013,True,225,115,110,149.0,1.0,1.0,True,True,1,1,0,True,1,1,0,0,True,True,0,7,5,7,5,5,PF_LS_RP,fixed,,,False,0.4,0.33736669546926157,0.6,0.1,adaptive,spacing_aware_flip,offspring,feasible_start_adaptive_spacing,,,,feasible_start_adaptive_spacing,0.5,,True,auto_from_instance,0.75,0.35,"3,11,12,15,18,19,27","3,8,9,14",,,,,,"H[3,11,12,15,18,19,27]|V[3,8,9,10,14]",ae825089721f98e0d9805014401719023ff6a664
proposed_nsga2_bs_AT_S_comercial_layout_AW_3_seed_118,proposed_nsga2_bs,AT_S_comercial_layout_AW_3,118,5,auto_from_instance,10,15,3,28,150,,,,,8,5,4,root > V:3 > BH:11 > BV:9 > BV:9,selected,1,1.567012987012987,True,225,115,110,149.0,1.0,1.0,True,True,1,1,0,True,1,1,0,0,True,True,0,7,4,7,4,5,PF_LS_RP,fixed,,,False,0.4,0.33736669546926157,0.6,0.1,adaptive,spacing_aware_flip,offspring,feasible_start_adaptive_spacing,,,,feasible_start_adaptive_spacing,0.5,,True,auto_from_instance,0.75,0.35,"3,11,12,15,18,19,27","3,8,9,14",,,,,,"H[3,11,12,15,18,19,27]|V[3,8,9,14]",0a75f2b327085dc5778e0a33aad21dbd318e0a85
proposed_nsga2_bs_AT_S_comercial_layout_AW_3_seed_118,proposed_nsga2_bs,AT_S_comercial_layout_AW_3,118,5,auto_from_instance,10,15,3,28,150,,,,,9,5,4,root > V:3 > BH:11 > BV:9 > BV:13,evaluated,4,inf,False,225,93,132,226.0,1.0,1.0,True,True,1,1,0,True,1,1,0,0,True,True,0,7,5,7,5,5,PF_LS_RP,fixed,,,False,0.4,0.33736669546926157,0.6,0.1,adaptive,spacing_aware_flip,offspring,feasible_start_adaptive_spacing,,,,feasible_start_adaptive_spacing,0.5,,True,auto_from_instance,0.75,0.35,"3,11,12,15,18,19,27","3,8,9,14",,,,,,"H[3,11,12,15,18,19,27]|V[3,8,9,13,14]",3fc0967e8cf1acc9db002871d4c6fad00e132dd7
proposed_nsga2_bs_AT_S_comercial_layout_AW_3_seed_118,proposed_nsga2_bs,AT_S_comercial_layout_AW_3,118,5,auto_from_instance,10,15,3,28,150,,,,,10,7,4,root > V:2 > BH:11 > BH:18 > BV:8,selected,0,inf,True,222,120,102,118.0,1.0,1.0,True,True,1,1,0,True,1,1,0,0,True,True,0,6,3,6,3,7,PF_LS_RP,fixed,,,False,0.4,0.45053002855742375,0.6,0.1,adaptive,remove_random_aisle,offspring,feasible_start_adaptive_spacing,,,,feasible_start_adaptive_spacing,0.5,,True,auto_from_instance,0.75,0.35,"4,11,17,18,19,27","2,5,8",,,,,,"H[4,11,17,18,19,27]|V[2,5,8]",c7821f85912c8e5c3b6ca7ddc3262e68ecac8a29
proposed_nsga2_bs_AT_S_comercial_layout_AW_3_seed_118,proposed_nsga2_bs,AT_S_comercial_layout_AW_3,118,5,auto_from_instance,10,15,3,28,150,,,,,11,7,4,root > V:2 > BH:11 > BV:9 > BV:8,selected,0,inf,True,222,120,102,118.0,1.0,1.0,True,True,1,1,0,True,1,1,0,0,True,True,0,6,4,6,4,7,PF_LS_RP,fixed,,,False,0.4,0.45053002855742375,0.6,0.1,adaptive,remove_random_aisle,offspring,feasible_start_adaptive_spacing,,,,feasible_start_adaptive_spacing,0.5,,True,auto_from_instance,0.75,0.35,"4,11,17,18,19,27","2,5,8",,,,,,"H[4,11,17,18,19,27]|V[2,5,8,9]",819b823d42066f1be4d37e503ecee22d07e5a6b0
proposed_nsga2_bs_AT_S_comercial_layout_AW_3_seed_118,proposed_nsga2_bs,AT_S_comercial_layout_AW_3,118,5,auto_from_instance,10,15,3,28,150,,,,,12,7,4,root > V:2 > BH:11 > BH:19 > BV:8,selected,1,inf,True,222,120,102,151.0,1.0,1.0,True,True,1,1,0,True,1,1,0,0,True,True,0,6,3,6,3,7,PF_LS_RP,fixed,,,False,0.4,0.45053002855742375,0.6,0.1,adaptive,remove_random_aisle,offspring,feasible_start_adaptive_spacing,,,,feasible_start_adaptive_spacing,0.5,,True,auto_from_instance,0.75,0.35,"4,11,17,18,19,27","2,5,8",,,,,,"H[4,11,17,18,19,27]|V[2,5,8]",8ba645c74da6577ac7820f92db785eac755acc05
proposed_nsga2_bs_AT_S_comercial_layout_AW_3_seed_118,proposed_nsga2_bs,AT_S_comercial_layout_AW_3,118,5,auto_from_instance,10,15,3,28,150,,,,,13,8,6,root > V:5 > BH:11 > BH:19 > BH:13 > BH:7 > BV:13,evaluated,4,inf,False,219,92,127,286.0,1.0,1.0,True,True,1,1,0,True,1,1,0,0,True,True,0,7,4,7,4,8,PF_LS_RP,fixed,,,False,0.4,0.4159788562084748,0.6,0.1,adaptive,bit_flip,offspring,feasible_start_adaptive_spacing,,,,feasible_start_adaptive_spacing,0.5,,True,auto_from_instance,0.75,0.35,"7,11,17,18,19,24","5,9,14",,,,,,"H[7,11,13,17,18,19,24]|V[5,9,13,14]",83db31f9197a36d619843bf3d29485607fd03847
proposed_nsga2_bs_AT_S_comercial_layout_AW_3_seed_118,proposed_nsga2_bs,AT_S_comercial_layout_AW_3,118,5,auto_from_instance,10,15,3,28,150,,,,,14,8,6,root > V:5 > BH:11 > BH:19 > BH:13 > BH:6 > BV:13,evaluated,4,1.4333333333333333,False,219,91,128,270.0,1.0,1.0,True,True,1,1,0,True,1,1,0,0,True,True,0,8,4,8,4,8,PF_LS_RP,fixed,,,False,0.4,0.4159788562084748,0.6,0.1,adaptive,bit_flip,offspring,feasible_start_adaptive_spacing,,,,feasible_start_adaptive_spacing,0.5,,True,auto_from_instance,0.75,0.35,"7,11,17,18,19,24","5,9,14",,,,,,"H[6,7,11,13,17,18,19,24]|V[5,9,13,14]",e1f0e772df9443d724aa36f576d5bb596885ec2d
proposed_nsga2_bs_AT_S_comercial_layout_AW_3_seed_118,proposed_nsga2_bs,AT_S_comercial_layout_AW_3,118,5,auto_from_instance,10,15,3,28,150,,,,,15,8,6,root > V:5 > BH:11 > BH:19 > BH:12 > BH:6 > BV:13,evaluated,4,inf,False,219,91,128,270.0,1.0,1.0,True,True,1,1,0,True,1,1,0,0,True,True,0,8,4,8,4,8,PF_LS_RP,fixed,,,False,0.4,0.4159788562084748,0.6,0.1,adaptive,bit_flip,offspring,feasible_start_adaptive_spacing,,,,feasible_start_adaptive_spacing,0.5,,True,auto_from_instance,0.75,0.35,"7,11,17,18,19,24","5,9,14",,,,,,"H[6,7,11,12,17,18,19,24]|V[5,9,13,14]",6c72f66ef47291931136417cf64cd419a5d3ab85
proposed_nsga2_bs_AT_S_comercial_layout_AW_3_seed_118,proposed_nsga2_bs,AT_S_comercial_layout_AW_3,118,5,auto_from_instance,10,15,3,28,150,,,,,16,10,5,root > H:6 > BH:15 > BV:3 > BV:9 > BH:22,selected,1,inf,True,228,98,130,126.0,1.0,1.0,True,True,3,3,0,False,1,1,0,0,True,True,0,9,5,9,5,10,PF_LS_RP,fixed,,,False,0.4,0.4135746553825225,0.6,0.1,adaptive,spacing_aware_flip,offspring,feasible_start_adaptive_spacing,,,,feasible_start_adaptive_spacing,0.5,,True,auto_from_instance,0.75,0.35,"3,6,10,11,18,19,27","5,9,10,14",,,,,,"H[3,6,10,11,15,18,19,22,27]|V[3,5,9,10,14]",ff831007d2cb19c27f4223a274bf22a7edbbf53e
proposed_nsga2_bs_AT_S_comercial_layout_AW_3_seed_118,proposed_nsga2_bs,AT_S_comercial_layout_AW_3,118,5,auto_from_instance,10,15,3,28,150,,,,,17,10,5,root > H:6 > BH:16 > BV:3 > BV:9 > BH:22,evaluated,3,inf,False,228,98,130,206.0,1.0,1.0,True,True,3,3,0,False,1,1,0,0,True,True,0,9,5,9,5,10,PF_LS_RP,fixed,,,False,0.4,0.4135746553825225,0.6,0.1,adaptive,spacing_aware_flip,offspring,feasible_start_adaptive_spacing,,,,feasible_start_adaptive_spacing,0.5,,True,auto_from_instance,0.75,0.35,"3,6,10,11,18,19,27","5,9,10,14",,,,,,"H[3,6,10,11,16,18,19,22,27]|V[3,5,9,10,14]",3f6c5650382557808c9ce9ea61d9656b41539743
proposed_nsga2_bs_AT_S_comercial_layout_AW_3_seed_118,proposed_nsga2_bs,AT_S_comercial_layout_AW_3,118,6,auto_from_instance,10,15,3,28,150,,,,,1,1,4,root > V:3 > BH:11 > BV:10 > BV:9,selected,2,inf,True,225,115,110,149.0,1.0,1.0,True,True,1,1,0,True,1,1,0,0,True,True,0,7,6,7,6,1,PF_LS_RP,fixed,,,False,0.4666666666666667,0.5359580834227647,0.5333333333333333,0.1,adaptive,spacing_aware_flip,offspring,feasible_start_adaptive_spacing,,,,feasible_start_adaptive_spacing,0.5,,True,auto_from_instance,0.75,0.35,"4,11,12,17,18,19,27","3,5,8,9,17",,,,,,"H[4,11,12,17,18,19,27]|V[3,5,8,9,10,17]",ae825089721f98e0d9805014401719023ff6a664
proposed_nsga2_bs_AT_S_comercial_layout_AW_3_seed_118,proposed_nsga2_bs,AT_S_comercial_layout_AW_3,118,6,auto_from_instance,10,15,3,28,150,,,,,2,1,4,root > V:3 > BH:11 > BV:9 > BV:9,selected,2,inf,True,225,115,110,149.0,1.0,1.0,True,True,1,1,0,True,1,1,0,0,True,True,0,7,5,7,5,1,PF_LS_RP,fixed,,,False,0.4666666666666667,0.5359580834227647,0.5333333333333333,0.1,adaptive,spacing_aware_flip,offspring,feasible_start_adaptive_spacing,,,,feasible_start_adaptive_spacing,0.5,,True,auto_from_instance,0.75,0.35,"4,11,12,17,18,19,27","3,5,8,9,17",,,,,,"H[4,11,12,17,18,19,27]|V[3,5,8,9,17]",0a75f2b327085dc5778e0a33aad21dbd318e0a85
proposed_nsga2_bs_AT_S_comercial_layout_AW_3_seed_118,proposed_nsga2_bs,AT_S_comercial_layout_AW_3,118,6,auto_from_instance,10,15,3,28,150,,,,,3,1,4,root > V:3 > BH:11 > BV:9 > BV:13,selected,3,inf,True,225,93,132,226.0,1.0,1.0,True,True,1,1,0,True,1,1,0,0,True,True,0,7,6,7,6,1,PF_LS_RP,fixed,,,False,0.4666666666666667,0.5359580834227647,0.5333333333333333,0.1,adaptive,spacing_aware_flip,offspring,feasible_start_adaptive_spacing,,,,feasible_start_adaptive_spacing,0.5,,True,auto_from_instance,0.75,0.35,"4,11,12,17,18,19,27","3,5,8,9,17",,,,,,"H[4,11,12,17,18,19,27]|V[3,5,8,9,13,17]",3fc0967e8cf1acc9db002871d4c6fad00e132dd7
proposed_nsga2_bs_AT_S_comercial_layout_AW_3_seed_118,proposed_nsga2_bs,AT_S_comercial_layout_AW_3,118,6,auto_from_instance,10,15,3,28,150,,,,,4,2,3,root > H:4 > BH:17 > BH:11,selected,0,inf,True,264,124,140,220.0,1.0,1.0,True,True,3,3,0,False,1,1,0,0,True,True,0,7,3,7,3,2,PF_LS_RP,fixed,,,False,0.4666666666666667,0.4156676339275167,0.5333333333333333,0.1,adaptive,bit_flip,offspring,feasible_start_adaptive_spacing,,,,feasible_start_adaptive_spacing,0.5,,True,auto_from_instance,0.75,0.35,"4,5,11,17,18,19,27","2,9,14",,,,,,"H[4,5,11,17,18,19,27]|V[2,9,14]",bff1f598ae060a0390c10f5de0cbed5ac1213ca5
proposed_nsga2_bs_AT_S_comercial_layout_AW_3_seed_118,proposed_nsga2_bs,AT_S_comercial_layout_AW_3,118,6,auto_from_instance,10,15,3,28,150,,,,,5,2,3,root > H:4 > BH:17 > BH:10,selected,3,inf,True,264,120,144,220.0,1.0,1.0,True,True,3,3,0,False,1,1,0,0,True,True,0,8,3,8,3,2,PF_LS_RP,fixed,,,False,0.4666666666666667,0.4156676339275167,0.5333333333333333,0.1,adaptive,bit_flip,offspring,feasible_start_adaptive_spacing,,,,feasible_start_adaptive_spacing,0.5,,True,auto_from_instance,0.75,0.35,"4,5,11,17,18,19,27","2,9,14",,,,,,"H[4,5,10,11,17,18,19,27]|V[2,9,14]",faf111ea2d7b61d8d8cfd2201424f26ba114409d
proposed_nsga2_bs_AT_S_comercial_layout_AW_3_seed_118,proposed_nsga2_bs,AT_S_comercial_layout_AW_3,118,6,auto_from_instance,10,15,3,28,150,,,,,6,2,3,root > H:4 > BH:15 > BH:22,selected,4,inf,True,264,92,172,284.0,1.0,1.0,True,True,3,3,0,False,1,1,0,0,True,True,0,9,3,9,3,2,PF_LS_RP,fixed,,,False,0.4666666666666667,0.4156676339275167,0.5333333333333333,0.1,adaptive,bit_flip,offspring,feasible_start_adaptive_spacing,,,,feasible_start_adaptive_spacing,0.5,,True,auto_from_instance,0.75,0.35,"4,5,11,17,18,19,27","2,9,14",,,,,,"H[4,5,11,15,17,18,19,22,27]|V[2,9,14]",9d4f477c70bbe9725bd3f4830375a1732b6b7df2
proposed_nsga2_bs_AT_S_comercial_layout_AW_3_seed_118,proposed_nsga2_bs,AT_S_comercial_layout_AW_3,118,6,auto_from_instance,10,15,3,28,150,,,,,7,3,4,root > V:2 > BH:11 > BH:18 > BV:8,selected,1,inf,True,222,120,102,118.0,1.0,1.0,True,True,1,1,0,True,1,1,0,0,True,True,0,7,3,7,3,3,PF_LS_RP,fixed,,,False,0.4666666666666667,0.5156107092253098,0.5333333333333333,0.1,adaptive,insert_random_aisle,offspring,feasible_start_adaptive_spacing,,,,feasible_start_adaptive_spacing,0.5,,True,auto_from_instance,0.75,0.35,"4,11,16,17,18,19,27","2,5,8",,,,,,"H[4,11,16,17,18,19,27]|V[2,5,8]",c7821f85912c8e5c3b6ca7ddc3262e68ecac8a29
proposed_nsga2_bs_AT_S_comercial_layout_AW_3_seed_118,proposed_nsga2_bs,AT_S_comercial_layout_AW_3,118,6,auto_from_instance,10,15,3,28,150,,,,,8,3,4,root > V:2 > BH:11 > BV:9 > BV:8,selected,1,inf,True,222,120,102,118.0,1.0,1.0,True,True,1,1,0,True,1,1,0,0,True,True,0,7,4,7,4,3,PF_LS_RP,fixed,,,False,0.4666666666666667,0.5156107092253098,0.5333333333333333,0.1,adaptive,insert_random_aisle,offspring,feasible_start_adaptive_spacing,,,,feasible_start_adaptive_spacing,0.5,,True,auto_from_instance,0.75,0.35,"4,11,16,17,18,19,27","2,5,8",,,,,,"H[4,11,16,17,18,19,27]|V[2,5,8,9]",819b823d42066f1be4d37e503ecee22d07e5a6b0
proposed_nsga2_bs_AT_S_comercial_layout_AW_3_seed_118,proposed_nsga2_bs,AT_S_comercial_layout_AW_3,118,6,auto_from_instance,10,15,3,28,150,,,,,9,3,4,root > V:2 > BH:11 > BH:19 > BV:8,selected,2,inf,True,222,120,102,151.0,1.0,1.0,True,True,1,1,0,True,1,1,0,0,True,True,0,7,3,7,3,3,PF_LS_RP,fixed,,,False,0.4666666666666667,0.5156107092253098,0.5333333333333333,0.1,adaptive,insert_random_aisle,offspring,feasible_start_adaptive_spacing,,,,feasible_start_adaptive_spacing,0.5,,True,auto_from_instance,0.75,0.35,"4,11,16,17,18,19,27","2,5,8",,,,,,"H[4,11,16,17,18,19,27]|V[2,5,8]",8ba645c74da6577ac7820f92db785eac755acc05
proposed_nsga2_bs_AT_S_comercial_layout_AW_3_seed_118,proposed_nsga2_bs,AT_S_comercial_layout_AW_3,118,6,auto_from_instance,10,15,3,28,150,,,,,10,5,4,root > H:3 > BH:16 > BH:10 > BH:22,selected,0,inf,True,216,120,96,112.0,1.0,1.0,True,True,4,4,0,False,1,1,0,0,True,True,0,9,2,9,2,5,PF_LS_RP,fixed,,,False,0.4666666666666667,0.4555334736893758,0.5333333333333333,0.1,adaptive,remove_random_aisle,offspring,feasible_start_adaptive_spacing,,,,feasible_start_adaptive_spacing,0.5,,True,auto_from_instance,0.75,0.35,"3,11,17,18,19,27","5,8",,,,,,"H[3,10,11,16,17,18,19,22,27]|V[5,8]",7e8869a25bbd594ea7bf8339e2c84bdde246ab51
proposed_nsga2_bs_AT_S_comercial_layout_AW_3_seed_118,proposed_nsga2_bs,AT_S_comercial_layout_AW_3,118,7,auto_from_instance,10,15,3,28,150,,,,,1,1,3,root > H:4 > BH:17 > BH:11,selected,0,inf,True,264,124,140,220.0,1.0,1.0,True,True,3,3,0,False,1,1,0,0,True,True,0,7,1,7,1,1,PF_LS_RP,fixed,,,False,0.5333333333333333,0.4838932406268763,0.4666666666666667,0.1,adaptive,remove_random_aisle,offspring,feasible_start_adaptive_spacing,,,,feasible_start_adaptive_spacing,0.5,,True,auto_from_instance,0.75,0.35,"4,11,16,17,18,19,27",2,,,,,,"H[4,11,16,17,18,19,27]|V[2]",bff1f598ae060a0390c10f5de0cbed5ac1213ca5
proposed_nsga2_bs_AT_S_comercial_layout_AW_3_seed_118,proposed_nsga2_bs,AT_S_comercial_layout_AW_3,118,7,auto_from_instance,10,15,3,28,150,,,,,2,1,3,root > H:4 > BH:17 > BH:10,selected,2,inf,True,264,120,144,220.0,1.0,1.0,True,True,3,3,0,False,1,1,0,0,True,True,0,8,1,8,1,1,PF_LS_RP,fixed,,,False,0.5333333333333333,0.4838932406268763,0.4666666666666667,0.1,adaptive,remove_random_aisle,offspring,feasible_start_adaptive_spacing,,,,feasible_start_adaptive_spacing,0.5,,True,auto_from_instance,0.75,0.35,"4,11,16,17,18,19,27",2,,,,,,"H[4,10,11,16,17,18,19,27]|V[2]",faf111ea2d7b61d8d8cfd2201424f26ba114409d
proposed_nsga2_bs_AT_S_comercial_layout_AW_3_seed_118,proposed_nsga2_bs,AT_S_comercial_layout_AW_3,118,7,auto_from_instance,10,15,3,28,150,,,,,3,1,3,root > H:4 > BH:15 > BH:22,evaluated,6,inf,False,264,92,172,284.0,1.0,1.0,True,True,3,3,0,False,1,1,0,0,True,True,0,9,1,9,1,1,PF_LS_RP,fixed,,,False,0.5333333333333333,0.4838932406268763,0.4666666666666667,0.1,adaptive,remove_random_aisle,offspring,feasible_start_adaptive_spacing,,,,feasible_start_adaptive_spacing,0.5,,True,auto_from_instance,0.75,0.35,"4,11,16,17,18,19,27",2,,,,,,"H[4,11,15,16,17,18,19,22,27]|V[2]",9d4f477c70bbe9725bd3f4830375a1732b6b7df2
proposed_nsga2_bs_AT_S_comercial_layout_AW_3_seed_118,proposed_nsga2_bs,AT_S_comercial_layout_AW_3,118,7,auto_from_instance,10,15,3,28,150,,,,,4,2,4,root > V:2 > BH:11 > BH:18 > BV:8,selected,0,inf,True,222,120,102,118.0,1.0,1.0,True,True,1,1,0,True,1,1,0,0,True,True,0,7,4,7,4,2,PF_LS_RP,fixed,,,False,0.5333333333333333,0.5038391388291895,0.4666666666666667,0.1,adaptive,remove_random_aisle,offspring,feasible_start_adaptive_spacing,,,,feasible_start_adaptive_spacing,0.5,,True,auto_from_instance,0.75,0.35,"4,5,11,17,19,27","2,5,8,14",,,,,,"H[4,5,11,17,18,19,27]|V[2,5,8,14]",c7821f85912c8e5c3b6ca7ddc3262e68ecac8a29
proposed_nsga2_bs_AT_S_comercial_layout_AW_3_seed_118,proposed_nsga2_bs,AT_S_comercial_layout_AW_3,118,7,auto_from_instance,10,15,3,28,150,,,,,5,2,4,root > V:2 > BH:11 > BV:9 > BV:8,selected,0,inf,True,222,120,102,118.0,1.0,1.0,True,True,1,1,0,True,1,1,0,0,True,True,0,6,5,6,5,2,PF_LS_RP,fixed,,,False,0.5333333333333333,0.5038391388291895,0.4666666666666667,0.1,adaptive,remove_random_aisle,offspring,feasible_start_adaptive_spacing,,,,feasible_start_adaptive_spacing,0.5,,True,auto_from_instance,0.75,0.35,"4,5,11,17,19,27","2,5,8,14",,,,,,"H[4,5,11,17,19,27]|V[2,5,8,9,14]",819b823d42066f1be4d37e503ecee22d07e5a6b0
proposed_nsga2_bs_AT_S_comercial_layout_AW_3_seed_118,proposed_nsga2_bs,AT_S_comercial_layout_AW_3,118,7,auto_from_instance,10,15,3,28,150,,,,,6,2,4,root > V:2 > BH:11 > BH:19 > BV:8,selected,1,inf,True,222,120,102,151.0,1.0,1.0,True,True,1,1,0,True,1,1,0,0,True,True,0,6,4,6,4,2,PF_LS_RP,fixed,,,False,0.5333333333333333,0.5038391388291895,0.4666666666666667,0.1,adaptive,remove_random_aisle,offspring,feasible_start_adaptive_spacing,,,,feasible_start_adaptive_spacing,0.5,,True,auto_from_instance,0.75,0.35,"4,5,11,17,19,27","2,5,8,14",,,,,,"H[4,5,11,17,19,27]|V[2,5,8,14]",8ba645c74da6577ac7820f92db785eac755acc05
proposed_nsga2_bs_AT_S_comercial_layout_AW_3_seed_118,proposed_nsga2_bs,AT_S_comercial_layout_AW_3,118,7,auto_from_instance,10,15,3,28,150,,,,,7,7,4,root > V:3 > BH:11 > BV:10 > BV:9,selected,1,1.432987012987013,True,225,115,110,149.0,1.0,1.0,True,True,1,1,0,True,1,1,0,0,True,True,0,9,6,9,6,7,PF_LS_RP,fixed,,,False,0.5333333333333333,0.5788409980407397,0.4666666666666667,0.1,adaptive,break_symmetry,offspring,feasible_start_adaptive_spacing,,,,feasible_start_adaptive_spacing,0.5,,True,auto_from_instance,0.75,0.35,"3,9,11,16,17,18,19,22,27","3,5,8,9,10,17",,,,,,"H[3,9,11,16,17,18,19,22,27]|V[3,5,8,9,10,17]",ae825089721f98e0d9805014401719023ff6a664
proposed_nsga2_bs_AT_S_comercial_layout_AW_3_seed_118,proposed_nsga2_bs,AT_S_comercial_layout_AW_3,118,7,auto_from_instance,10,15,3,28,150,,,,,8,7,4,root > V:3 > BH:11 > BV:9 > BV:9,selected,1,1.567012987012987,True,225,115,110,149.0,1.0,1.0,True,True,1,1,0,True,1,1,0,0,True,True,0,9,6,9,6,7,PF_LS_RP,fixed,,,False,0.5333333333333333,0.5788409980407397,0.4666666666666667,0.1,adaptive,break_symmetry,offspring,feasible_start_adaptive_spacing,,,,feasible_start_adaptive_spacing,0.5,,True,auto_from_instance,0.75,0.35,"3,9,11,16,17,18,19,22,27","3,5,8,9,10,17",,,,,,"H[3,9,11,16,17,18,19,22,27]|V[3,5,8,9,10,17]",0a75f2b327085dc5778e0a33aad21dbd318e0a85
proposed_nsga2_bs_AT_S_comercial_layout_AW_3_seed_118,proposed_nsga2_bs,AT_S_comercial_layout_AW_3,118,7,auto_from_instance,10,15,3,28,150,,,,,9,7,4,root > V:3 > BH:11 > BV:9 > BV:13,evaluated,5,inf,False,225,93,132,226.0,1.0,1.0,True,True,1,1,0,True,1,1,0,0,True,True,0,9,7,9,7,7,PF_LS_RP,fixed,,,False,0.5333333333333333,0.5788409980407397,0.4666666666666667,0.1,adaptive,break_symmetry,offspring,feasible_start_adaptive_spacing,,,,feasible_start_adaptive_spacing,0.5,,True,auto_from_instance,0.75,0.35,"3,9,11,16,17,18,19,22,27","3,5,8,9,10,17",,,,,,"H[3,9,11,16,17,18,19,22,27]|V[3,5,8,9,10,13,17]",3fc0967e8cf1acc9db002871d4c6fad00e132dd7
proposed_nsga2_bs_AT_S_comercial_layout_AW_3_seed_118,proposed_nsga2_bs,AT_S_comercial_layout_AW_3,118,7,auto_from_instance,10,15,3,28,150,,,,,10,8,5,root > V:8 > BH:11 > BH:19 > BH:12 > BH:3,selected,2,inf,True,234,107,127,184.0,1.0,1.0,True,True,1,1,0,True,1,1,0,0,True,True,0,8,3,8,3,8,PF_LS_RP,fixed,,,False,0.5333333333333333,0.4857313331442802,0.4666666666666667,0.1,adaptive,bit_flip,offspring,feasible_start_adaptive_spacing,,,,feasible_start_adaptive_spacing,0.5,,True,auto_from_instance,0.75,0.35,"4,11,12,17,18,19,27","5,6,8",,,,,,"H[3,4,11,12,17,18,19,27]|V[5,6,8]",b4d3081b418ee664c2e14f6da6fe945949d53470
proposed_nsga2_bs_AT_S_comercial_layout_AW_3_seed_118,proposed_nsga2_bs,AT_S_comercial_layout_AW_3,118,7,auto_from_instance,10,15,3,28,150,,,,,11,8,5,root > V:8 > BH:11 > BH:19 > BH:11 > BH:3,selected,3,inf,True,234,107,127,208.0,1.0,1.0,True,True,1,1,0,True,1,1,0,0,True,True,0,8,3,8,3,8,PF_LS_RP,fixed,,,False,0.5333333333333333,0.4857313331442802,0.4666666666666667,0.1,adaptive,bit_flip,offspring,feasible_start_adaptive_spacing,,,,feasible_start_adaptive_spacing,0.5,,True,auto_from_instance,0.75,0.35,"4,11,12,17,18,19,27","5,6,8",,,,,,"H[3,4,11,12,17,18,19,27]|V[5,6,8]",54bdef4f4c7702d845915598549d44733b90c4d8
proposed_nsga2_bs_AT_S_comercial_layout_AW_3_seed_118,proposed_nsga2_bs,AT_S_comercial_layout_AW_3,118,7,auto_from_instance,10,15,3,28,150,,,,,12,8,5,root > V:8 > BH:11 > BH:19 > BH:13 > BH:4,evaluated,4,inf,False,234,107,127,224.0,1.0,1.0,True,True,1,1,0,True,1,1,0,0,True,True,0,8,3,8,3,8,PF_LS_RP,fixed,,,False,0.5333333333333333,0.4857313331442802,0.4666666666666667,0.1,adaptive,bit_flip,offspring,feasible_start_adaptive_spacing,,,,feasible_start_adaptive_spacing,0.5,,True,auto_from_instance,0.75,0.35,"4,11,12,17,18,19,27","5,6,8",,,,,,"H[4,11,12,13,17,18,19,27]|V[5,6,8]",c1143b846bdf559c06a887439567b47b3f22e2ec
proposed_nsga2_bs_AT_S_comercial_layout_AW_3_seed_118,proposed_nsga2_bs,AT_S_comercial_layout_AW_3,118,7,auto_from_instance,10,15,3,28,150,,,,,13,9,5,root > H:6 > BH:15 > BV:3 > BV:9 > BH:22,selected,1,inf,True,228,98,130,126.0,1.0,1.0,True,True,3,3,0,False,1,1,0,0,True,True,0,11,4,11,4,9,PF_LS_RP,fixed,,,False,0.5333333333333333,0.5707964061571733,0.4666666666666667,0.1,adaptive,insert_random_aisle,offspring,feasible_start_adaptive_spacing,,,,feasible_start_adaptive_spacing,0.5,,True,auto_from_instance,0.75,0.35,"4,6,10,11,16,17,18,19,27","5,8",,,,,,"H[4,6,10,11,15,16,17,18,19,22,27]|V[3,5,8,9]",ff831007d2cb19c27f4223a274bf22a7edbbf53e
proposed_nsga2_bs_AT_S_comercial_layout_AW_3_seed_118,proposed_nsga2_bs,AT_S_comercial_layout_AW_3,118,7,auto_from_instance,10,15,3,28,150,,,,,14,9,5,root > H:6 > BH:16 > BV:3 > BV:9 > BH:22,evaluated,3,inf,False,228,98,130,206.0,1.0,1.0,True,True,3,3,0,False,1,1,0,0,True,True,0,10,4,10,4,9,PF_LS_RP,fixed,,,False,0.5333333333333333,0.5707964061571733,0.4666666666666667,0.1,adaptive,insert_random_aisle,offspring,feasible_start_adaptive_spacing,,,,feasible_start_adaptive_spacing,0.5,,True,auto_from_instance,0.75,0.35,"4,6,10,11,16,17,18,19,27","5,8",,,,,,"H[4,6,10,11,16,17,18,19,22,27]|V[3,5,8,9]",3f6c5650382557808c9ce9ea61d9656b41539743
proposed_nsga2_bs_AT_S_comercial_layout_AW_3_seed_118,proposed_nsga2_bs,AT_S_comercial_layout_AW_3,118,8,auto_from_instance,10,15,3,28,150,,,,,1,1,5,root > V:8 > BH:11 > BH:19 > BH:12 > BH:3,selected,2,inf,True,234,107,127,184.0,1.0,1.0,True,True,1,1,0,True,1,1,0,0,True,True,0,11,4,11,4,1,PF_LS_RP,fixed,,,False,0.6,0.5618602570037217,0.4,0.1,adaptive,break_symmetry,offspring,feasible_start_adaptive_spacing,,,,feasible_start_adaptive_spacing,0.5,,True,auto_from_instance,0.75,0.35,"4,5,11,16,17,18,19,21,27","5,8,9,14",,,,,,"H[3,4,5,11,12,16,17,18,19,21,27]|V[5,8,9,14]",b4d3081b418ee664c2e14f6da6fe945949d53470
proposed_nsga2_bs_AT_S_comercial_layout_AW_3_seed_118,proposed_nsga2_bs,AT_S_comercial_layout_AW_3,118,8,auto_from_instance,10,15,3,28,150,,,,,2,1,5,root > V:8 > BH:11 > BH:18 > BH:12 > BH:3,selected,2,inf,True,234,107,127,184.0,1.0,1.0,True,True,1,1,0,True,1,1,0,0,True,True,0,11,4,11,4,1,PF_LS_RP,fixed,,,False,0.6,0.5618602570037217,0.4,0.1,adaptive,break_symmetry,offspring,feasible_start_adaptive_spacing,,,,feasible_start_adaptive_spacing,0.5,,True,auto_from_instance,0.75,0.35,"4,5,11,16,17,18,19,21,27","5,8,9,14",,,,,,"H[3,4,5,11,12,16,17,18,19,21,27]|V[5,8,9,14]",f58db195176e0328e738ab30fdd0d22f3c15ba93
proposed_nsga2_bs_AT_S_comercial_layout_AW_3_seed_118,proposed_nsga2_bs,AT_S_comercial_layout_AW_3,118,8,auto_from_instance,10,15,3,28,150,,,,,3,1,5,root > V:8 > BH:11 > BH:19 > BH:13 > BH:4,selected,3,inf,True,234,107,127,224.0,1.0,1.0,True,True,1,1,0,True,1,1,0,0,True,True,0,10,4,10,4,1,PF_LS_RP,fixed,,,False,0.6,0.5618602570037217,0.4,0.1,adaptive,break_symmetry,offspring,feasible_start_adaptive_spacing,,,,feasible_start_adaptive_spacing,0.5,,True,auto_from_instance,0.75,0.35,"4,5,11,16,17,18,19,21,27","5,8,9,14",,,,,,"H[4,5,11,13,16,17,18,19,21,27]|V[5,8,9,14]",c1143b846bdf559c06a887439567b47b3f22e2ec
proposed_nsga2_bs_AT_S_comercial_layout_AW_3_seed_118,proposed_nsga2_bs,AT_S_comercial_layout_AW_3,118,8,auto_from_instance,10,15,3,28,150,,,,,4,2,4,root > V:2 > BH:11 > BH:18 > BV:8,selected,0,inf,True,222,120,102,118.0,1.0,1.0,True,True,1,1,0,True,1,1,0,0,True,True,0,7,8,7,8,2,PF_LS_RP,fixed,,,False,0.6,0.5387143349008817,0.4,0.1,adaptive,insert_random_aisle,offspring,feasible_start_adaptive_spacing,,,,feasible_start_adaptive_spacing,0.5,,True,auto_from_instance,0.75,0.35,"3,9,11,17,19,27","2,3,5,8,9,10,14,17",,,,,,"H[3,9,11,17,18,19,27]|V[2,3,5,8,9,10,14,17]",c7821f85912c8e5c3b6ca7ddc3262e68ecac8a29
proposed_nsga2_bs_AT_S_comercial_layout_AW_3_seed_118,proposed_nsga2_bs,AT_S_comercial_layout_AW_3,118,8,auto_from_instance,10,15,3,28,150,,,,,5,2,4,root > V:2 > BH:11 > BV:9 > BV:8,selected,0,inf,True,222,120,102,118.0,1.0,1.0,True,True,1,1,0,True,1,1,0,0,True,True,0,6,8,6,8,2,PF_LS_RP,fixed,,,False,0.6,0.5387143349008817,0.4,0.1,adaptive,insert_random_aisle,offspring,feasible_start_adaptive_spacing,,,,feasible_start_adaptive_spacing,0.5,,True,auto_from_instance,0.75,0.35,"3,9,11,17,19,27","2,3,5,8,9,10,14,17",,,,,,"H[3,9,11,17,19,27]|V[2,3,5,8,9,10,14,17]",819b823d42066f1be4d37e503ecee22d07e5a6b0
proposed_nsga2_bs_AT_S_comercial_layout_AW_3_seed_118,proposed_nsga2_bs,AT_S_comercial_layout_AW_3,118,8,auto_from_instance,10,15,3,28,150,,,,,6,2,4,root > V:2 > BH:11 > BH:19 > BV:8,selected,1,inf,True,222,120,102,151.0,1.0,1.0,True,True,1,1,0,True,1,1,0,0,True,True,0,6,8,6,8,2,PF_LS_RP,fixed,,,False,0.6,0.5387143349008817,0.4,0.1,adaptive,insert_random_aisle,offspring,feasible_start_adaptive_spacing,,,,feasible_start_adaptive_spacing,0.5,,True,auto_from_instance,0.75,0.35,"3,9,11,17,19,27","2,3,5,8,9,10,14,17",,,,,,"H[3,9,11,17,19,27]|V[2,3,5,8,9,10,14,17]",8ba645c74da6577ac7820f92db785eac755acc05
proposed_nsga2_bs_AT_S_comercial_layout_AW_3_seed_118,proposed_nsga2_bs,AT_S_comercial_layout_AW_3,118,8,auto_from_instance,10,15,3,28,150,,,,,7,3,3,root > H:4 > BH:17 > BH:11,selected,0,inf,True,264,124,140,220.0,1.0,1.0,True,True,3,3,0,False,1,1,0,0,True,True,0,7,2,7,2,3,PF_LS_RP,fixed,,,False,0.6,0.5589042069583932,0.4,0.1,adaptive,remove_random_aisle,offspring,feasible_start_adaptive_spacing,,,,feasible_start_adaptive_spacing,0.5,,True,auto_from_instance,0.75,0.35,"4,10,11,16,17,19,27","2,14",,,,,,"H[4,10,11,16,17,19,27]|V[2,14]",bff1f598ae060a0390c10f5de0cbed5ac1213ca5
proposed_nsga2_bs_AT_S_comercial_layout_AW_3_seed_118,proposed_nsga2_bs,AT_S_comercial_layout_AW_3,118,8,auto_from_instance,10,15,3,28,150,,,,,8,3,3,root > H:4 > BH:17 > BH:10,selected,2,inf,True,264,120,144,220.0,1.0,1.0,True,True,3,3,0,False,1,1,0,0,True,True,0,7,2,7,2,3,PF_LS_RP,fixed,,,False,0.6,0.5589042069583932,0.4,0.1,adaptive,remove_random_aisle,offspring,feasible_start_adaptive_spacing,,,,feasible_start_adaptive_spacing,0.5,,True,auto_from_instance,0.75,0.35,"4,10,11,16,17,19,27","2,14",,,,,,"H[4,10,11,16,17,19,27]|V[2,14]",faf111ea2d7b61d8d8cfd2201424f26ba114409d
proposed_nsga2_bs_AT_S_comercial_layout_AW_3_seed_118,proposed_nsga2_bs,AT_S_comercial_layout_AW_3,118,8,auto_from_instance,10,15,3,28,150,,,,,9,3,3,root > H:4 > BH:15 > BH:22,evaluated,5,inf,False,264,92,172,284.0,1.0,1.0,True,True,3,3,0,False,1,1,0,0,True,True,0,9,2,9,2,3,PF_LS_RP,fixed,,,False,0.6,0.5589042069583932,0.4,0.1,adaptive,remove_random_aisle,offspring,feasible_start_adaptive_spacing,,,,feasible_start_adaptive_spacing,0.5,,True,auto_from_instance,0.75,0.35,"4,10,11,16,17,19,27","2,14",,,,,,"H[4,10,11,15,16,17,19,22,27]|V[2,14]",9d4f477c70bbe9725bd3f4830375a1732b6b7df2
proposed_nsga2_bs_AT_S_comercial_layout_AW_3_seed_118,proposed_nsga2_bs,AT_S_comercial_layout_AW_3,118,8,auto_from_instance,10,15,3,28,150,,,,,10,10,4,root > V:3 > BH:11 > BV:10 > BV:9,selected,1,inf,True,225,115,110,149.0,1.0,1.0,True,True,1,1,0,True,1,1,0,0,True,True,0,8,6,8,6,10,PF_LS_RP,fixed,,,False,0.6,0.6094171284670071,0.4,0.1,adaptive,spacing_aware_flip,offspring,feasible_start_adaptive_spacing,,,,feasible_start_adaptive_spacing,0.5,,True,auto_from_instance,0.75,0.35,"4,6,11,16,17,18,19,27","3,5,8,9,20",,,,,,"H[4,6,11,16,17,18,19,27]|V[3,5,8,9,10,20]",ae825089721f98e0d9805014401719023ff6a664
proposed_nsga2_bs_AT_S_comercial_layout_AW_3_seed_118,proposed_nsga2_bs,AT_S_comercial_layout_AW_3,118,8,auto_from_instance,10,15,3,28,150,,,,,11,10,4,root > V:3 > BH:11 > BV:9 > BV:9,selected,1,inf,True,225,115,110,149.0,1.0,1.0,True,True,1,1,0,True,1,1,0,0,True,True,0,8,5,8,5,10,PF_LS_RP,fixed,,,False,0.6,0.6094171284670071,0.4,0.1,adaptive,spacing_aware_flip,offspring,feasible_start_adaptive_spacing,,,,feasible_start_adaptive_spacing,0.5,,True,auto_from_instance,0.75,0.35,"4,6,11,16,17,18,19,27","3,5,8,9,20",,,,,,"H[4,6,11,16,17,18,19,27]|V[3,5,8,9,20]",0a75f2b327085dc5778e0a33aad21dbd318e0a85
proposed_nsga2_bs_AT_S_comercial_layout_AW_3_seed_118,proposed_nsga2_bs,AT_S_comercial_layout_AW_3,118,8,auto_from_instance,10,15,3,28,150,,,,,12,10,4,root > V:3 > BH:11 > BV:9 > BV:13,evaluated,4,inf,False,225,93,132,226.0,1.0,1.0,True,True,1,1,0,True,1,1,0,0,True,True,0,8,6,8,6,10,PF_LS_RP,fixed,,,False,0.6,0.6094171284670071,0.4,0.1,adaptive,spacing_aware_flip,offspring,feasible_start_adaptive_spacing,,,,feasible_start_adaptive_spacing,0.5,,True,auto_from_instance,0.75,0.35,"4,6,11,16,17,18,19,27","3,5,8,9,20",,,,,,"H[4,6,11,16,17,18,19,27]|V[3,5,8,9,13,20]",3fc0967e8cf1acc9db002871d4c6fad00e132dd7
proposed_nsga2_bs_AT_S_comercial_layout_AW_3_seed_118,proposed_nsga2_bs,AT_S_comercial_layout_AW_3,118,9,auto_from_instance,10,15,3,28,150,,,,,1,1,4,root > V:2 > BH:11 > BH:18 > BV:8,selected,1,inf,True,222,120,102,118.0,1.0,1.0,True,True,1,1,0,True,1,1,0,0,True,True,0,7,9,7,9,1,PF_LS_RP,fixed,,,False,0.6666666666666666,0.6717119064399952,0.33333333333333337,0.1,adaptive,spacing_aware_flip,offspring,feasible_start_adaptive_spacing,,,,feasible_start_adaptive_spacing,0.5,,True,auto_from_instance,0.75,0.35,"3,9,11,17,19,27","2,3,5,8,9,10,14,17,20",,,,,,"H[3,9,11,17,18,19,27]|V[2,3,5,8,9,10,14,17,20]",c7821f85912c8e5c3b6ca7ddc3262e68ecac8a29
proposed_nsga2_bs_AT_S_comercial_layout_AW_3_seed_118,proposed_nsga2_bs,AT_S_comercial_layout_AW_3,118,9,auto_from_instance,10,15,3,28,150,,,,,2,1,4,root > V:2 > BH:11 > BV:9 > BV:8,selected,1,inf,True,222,120,102,118.0,1.0,1.0,True,True,1,1,0,True,1,1,0,0,True,True,0,6,9,6,9,1,PF_LS_RP,fixed,,,False,0.6666666666666666,0.6717119064399952,0.33333333333333337,0.1,adaptive,spacing_aware_flip,offspring,feasible_start_adaptive_spacing,,,,feasible_start_adaptive_spacing,0.5,,True,auto_from_instance,0.75,0.35,"3,9,11,17,19,27","2,3,5,8,9,10,14,17,20",,,,,,"H[3,9,11,17,19,27]|V[2,3,5,8,9,10,14,17,20]",819b823d42066f1be4d37e503ecee22d07e5a6b0
proposed_nsga2_bs_AT_S_comercial_layout_AW_3_seed_118,proposed_nsga2_bs,AT_S_comercial_layout_AW_3,118,9,auto_from_instance,10,15,3,28,150,,,,,3,1,4,root > V:2 > BH:11 > BH:19 > BV:8,selected,2,inf,True,222,120,102,151.0,1.0,1.0,True,True,1,1,0,True,1,1,0,0,True,True,0,6,9,6,9,1,PF_LS_RP,fixed,,,False,0.6666666666666666,0.6717119064399952,0.33333333333333337,0.1,adaptive,spacing_aware_flip,offspring,feasible_start_adaptive_spacing,,,,feasible_start_adaptive_spacing,0.5,,True,auto_from_instance,0.75,0.35,"3,9,11,17,19,27","2,3,5,8,9,10,14,17,20",,,,,,"H[3,9,11,17,19,27]|V[2,3,5,8,9,10,14,17,20]",8ba645c74da6577ac7820f92db785eac755acc05
proposed_nsga2_bs_AT_S_comercial_layout_AW_3_seed_118,proposed_nsga2_bs,AT_S_comercial_layout_AW_3,118,9,auto_from_instance,10,15,3,28,150,,,,,4,3,4,root > V:3 > BH:11 > BV:10 > BV:9,selected,2,inf,True,225,115,110,149.0,1.0,1.0,True,True,1,1,0,True,1,1,0,0,True,True,0,8,8,8,8,3,PF_LS_RP,fixed,,,False,0.6666666666666666,0.695811168105258,0.33333333333333337,0.1,adaptive,swap_segments,offspring,feasible_start_adaptive_spacing,,,,feasible_start_adaptive_spacing,0.5,,True,auto_from_instance,0.75,0.35,"4,6,11,16,17,18,19,27","3,5,9,13,14,15,17",,,,,,"H[4,6,11,16,17,18,19,27]|V[3,5,9,10,13,14,15,17]",ae825089721f98e0d9805014401719023ff6a664
proposed_nsga2_bs_AT_S_comercial_layout_AW_3_seed_118,proposed_nsga2_bs,AT_S_comercial_layout_AW_3,118,9,auto_from_instance,10,15,3,28,150,,,,,5,3,4,root > V:3 > BH:11 > BV:9 > BV:9,selected,2,inf,True,225,115,110,149.0,1.0,1.0,True,True,1,1,0,True,1,1,0,0,True,True,0,8,7,8,7,3,PF_LS_RP,fixed,,,False,0.6666666666666666,0.695811168105258,0.33333333333333337,0.1,adaptive,swap_segments,offspring,feasible_start_adaptive_spacing,,,,feasible_start_adaptive_spacing,0.5,,True,auto_from_instance,0.75,0.35,"4,6,11,16,17,18,19,27","3,5,9,13,14,15,17",,,,,,"H[4,6,11,16,17,18,19,27]|V[3,5,9,13,14,15,17]",0a75f2b327085dc5778e0a33aad21dbd318e0a85
proposed_nsga2_bs_AT_S_comercial_layout_AW_3_seed_118,proposed_nsga2_bs,AT_S_comercial_layout_AW_3,118,9,auto_from_instance,10,15,3,28,150,,,,,6,3,4,root > V:3 > BH:11 > BV:9 > BV:13,selected,3,inf,True,225,93,132,226.0,1.0,1.0,True,True,1,1,0,True,1,1,0,0,True,True,0,8,7,8,7,3,PF_LS_RP,fixed,,,False,0.6666666666666666,0.695811168105258,0.33333333333333337,0.1,adaptive,swap_segments,offspring,feasible_start_adaptive_spacing,,,,feasible_start_adaptive_spacing,0.5,,True,auto_from_instance,0.75,0.35,"4,6,11,16,17,18,19,27","3,5,9,13,14,15,17",,,,,,"H[4,6,11,16,17,18,19,27]|V[3,5,9,13,14,15,17]",3fc0967e8cf1acc9db002871d4c6fad00e132dd7
proposed_nsga2_bs_AT_S_comercial_layout_AW_3_seed_118,proposed_nsga2_bs,AT_S_comercial_layout_AW_3,118,9,auto_from_instance,10,15,3,28,150,,,,,7,7,3,root > H:4 > BH:17 > BH:11,selected,0,inf,True,264,124,140,220.0,1.0,1.0,True,True,3,3,0,False,1,1,0,0,True,True,0,7,3,7,3,7,PF_LS_RP,fixed,,,False,0.6666666666666666,0.70913966216011,0.33333333333333337,0.1,adaptive,insert_random_aisle,offspring,feasible_start_adaptive_spacing,,,,feasible_start_adaptive_spacing,0.5,,True,auto_from_instance,0.75,0.35,"4,11,16,17,18,19,27","2,7,14",,,,,,"H[4,11,16,17,18,19,27]|V[2,7,14]",bff1f598ae060a0390c10f5de0cbed5ac1213ca5
proposed_nsga2_bs_AT_S_comercial_layout_AW_3_seed_118,proposed_nsga2_bs,AT_S_comercial_layout_AW_3,118,9,auto_from_instance,10,15,3,28,150,,,,,8,7,3,root > H:4 > BH:17 > BH:10,selected,3,inf,True,264,120,144,220.0,1.0,1.0,True,True,3,3,0,False,1,1,0,0,True,True,0,8,3,8,3,7,PF_LS_RP,fixed,,,False,0.6666666666666666,0.70913966216011,0.33333333333333337,0.1,adaptive,insert_random_aisle,offspring,feasible_start_adaptive_spacing,,,,feasible_start_adaptive_spacing,0.5,,True,auto_from_instance,0.75,0.35,"4,11,16,17,18,19,27","2,7,14",,,,,,"H[4,10,11,16,17,18,19,27]|V[2,7,14]",faf111ea2d7b61d8d8cfd2201424f26ba114409d
proposed_nsga2_bs_AT_S_comercial_layout_AW_3_seed_118,proposed_nsga2_bs,AT_S_comercial_layout_AW_3,118,9,auto_from_instance,10,15,3,28,150,,,,,9,7,3,root > H:4 > BH:15 > BH:22,selected,4,inf,True,264,92,172,284.0,1.0,1.0,True,True,3,3,0,False,1,1,0,0,True,True,0,9,3,9,3,7,PF_LS_RP,fixed,,,False,0.6666666666666666,0.70913966216011,0.33333333333333337,0.1,adaptive,insert_random_aisle,offspring,feasible_start_adaptive_spacing,,,,feasible_start_adaptive_spacing,0.5,,True,auto_from_instance,0.75,0.35,"4,11,16,17,18,19,27","2,7,14",,,,,,"H[4,11,15,16,17,18,19,22,27]|V[2,7,14]",9d4f477c70bbe9725bd3f4830375a1732b6b7df2
proposed_nsga2_bs_AT_S_comercial_layout_AW_3_seed_118,proposed_nsga2_bs,AT_S_comercial_layout_AW_3,118,9,auto_from_instance,10,15,3,28,150,,,,,10,10,4,root > H:3 > BH:16 > BH:10 > BH:22,selected,0,inf,True,216,120,96,112.0,1.0,1.0,True,True,4,4,0,False,1,1,0,0,True,True,0,12,3,12,3,10,PF_LS_RP,fixed,,,False,0.6666666666666666,0.6716727558724945,0.33333333333333337,0.1,adaptive,remove_random_aisle,offspring,feasible_start_adaptive_spacing,,,,feasible_start_adaptive_spacing,0.5,,True,auto_from_instance,0.75,0.35,"3,4,5,11,12,16,17,18,19,27","5,9,20",,,,,,"H[3,4,5,10,11,12,16,17,18,19,22,27]|V[5,9,20]",7e8869a25bbd594ea7bf8339e2c84bdde246ab51
proposed_nsga2_bs_AT_S_comercial_layout_AW_3_seed_118,proposed_nsga2_bs,AT_S_comercial_layout_AW_3,118,10,auto_from_instance,10,15,3,28,150,,,,,1,1,4,root > V:2 > BH:11 > BH:18 > BV:8,selected,0,inf,True,222,120,102,118.0,1.0,1.0,True,True,1,1,0,True,1,1,0,0,True,True,0,8,5,8,5,1,PF_LS_RP,fixed,,,False,0.7333333333333333,0.7573674532240429,0.2666666666666667,0.1,adaptive,insert_random_aisle,offspring,feasible_start_adaptive_spacing,,,,feasible_start_adaptive_spacing,0.5,,True,auto_from_instance,0.75,0.35,"4,5,9,11,17,19,27","2,3,5,8,14",,,,,,"H[4,5,9,11,17,18,19,27]|V[2,3,5,8,14]",c7821f85912c8e5c3b6ca7ddc3262e68ecac8a29
proposed_nsga2_bs_AT_S_comercial_layout_AW_3_seed_118,proposed_nsga2_bs,AT_S_comercial_layout_AW_3,118,10,auto_from_instance,10,15,3,28,150,,,,,2,1,4,root > V:2 > BH:11 > BV:9 > BV:8,selected,0,inf,True,222,120,102,118.0,1.0,1.0,True,True,1,1,0,True,1,1,0,0,True,True,0,7,6,7,6,1,PF_LS_RP,fixed,,,False,0.7333333333333333,0.7573674532240429,0.2666666666666667,0.1,adaptive,insert_random_aisle,offspring,feasible_start_adaptive_spacing,,,,feasible_start_adaptive_spacing,0.5,,True,auto_from_instance,0.75,0.35,"4,5,9,11,17,19,27","2,3,5,8,14",,,,,,"H[4,5,9,11,17,19,27]|V[2,3,5,8,9,14]",819b823d42066f1be4d37e503ecee22d07e5a6b0
proposed_nsga2_bs_AT_S_comercial_layout_AW_3_seed_118,proposed_nsga2_bs,AT_S_comercial_layout_AW_3,118,10,auto_from_instance,10,15,3,28,150,,,,,3,1,4,root > V:2 > BH:11 > BH:19 > BV:8,selected,1,inf,True,222,120,102,151.0,1.0,1.0,True,True,1,1,0,True,1,1,0,0,True,True,0,7,5,7,5,1,PF_LS_RP,fixed,,,False,0.7333333333333333,0.7573674532240429,0.2666666666666667,0.1,adaptive,insert_random_aisle,offspring,feasible_start_adaptive_spacing,,,,feasible_start_adaptive_spacing,0.5,,True,auto_from_instance,0.75,0.35,"4,5,9,11,17,19,27","2,3,5,8,14",,,,,,"H[4,5,9,11,17,19,27]|V[2,3,5,8,14]",8ba645c74da6577ac7820f92db785eac755acc05
proposed_nsga2_bs_AT_S_comercial_layout_AW_3_seed_118,proposed_nsga2_bs,AT_S_comercial_layout_AW_3,118,10,auto_from_instance,10,15,3,28,150,,,,,4,3,5,root > H:6 > BH:15 > BV:3 > BV:9 > BH:22,selected,1,inf,True,228,98,130,126.0,1.0,1.0,True,True,3,3,0,False,1,1,0,0,True,True,0,12,4,12,4,3,PF_LS_RP,fixed,,,False,0.7333333333333333,0.6742632692551643,0.2666666666666667,0.1,adaptive,spacing_aware_flip,offspring,feasible_start_adaptive_spacing,,,,feasible_start_adaptive_spacing,0.5,,True,auto_from_instance,0.75,0.35,"0,4,6,11,12,16,17,18,19,22,27","5,9,20",,,,,,"H[0,4,6,11,12,15,16,17,18,19,22,27]|V[3,5,9,20]",ff831007d2cb19c27f4223a274bf22a7edbbf53e
proposed_nsga2_bs_AT_S_comercial_layout_AW_3_seed_118,proposed_nsga2_bs,AT_S_comercial_layout_AW_3,118,10,auto_from_instance,10,15,3,28,150,,,,,5,3,5,root > H:6 > BH:16 > BV:3 > BV:9 > BH:22,evaluated,3,inf,False,228,98,130,206.0,1.0,1.0,True,True,3,3,0,False,1,1,0,0,True,True,0,11,4,11,4,3,PF_LS_RP,fixed,,,False,0.7333333333333333,0.6742632692551643,0.2666666666666667,0.1,adaptive,spacing_aware_flip,offspring,feasible_start_adaptive_spacing,,,,feasible_start_adaptive_spacing,0.5,,True,auto_from_instance,0.75,0.35,"0,4,6,11,12,16,17,18,19,22,27","5,9,20",,,,,,"H[0,4,6,11,12,16,17,18,19,22,27]|V[3,5,9,20]",3f6c5650382557808c9ce9ea61d9656b41539743
proposed_nsga2_bs_AT_S_comercial_layout_AW_3_seed_118,proposed_nsga2_bs,AT_S_comercial_layout_AW_3,118,10,auto_from_instance,10,15,3,28,150,,,,,6,4,4,root > V:3 > BH:11 > BV:10 > BV:9,selected,1,0.7972727272727274,True,225,115,110,149.0,1.0,1.0,True,True,1,1,0,True,1,1,0,0,True,True,0,9,8,9,8,4,PF_LS_RP,fixed,,,False,0.7333333333333333,0.8072047455108121,0.2666666666666667,0.1,adaptive,bit_flip,offspring,feasible_start_adaptive_spacing,,,,feasible_start_adaptive_spacing,0.5,,True,auto_from_instance,0.75,0.35,"3,4,5,11,16,17,18,19,27","3,5,9,10,13,14,15,17",,,,,,"H[3,4,5,11,16,17,18,19,27]|V[3,5,9,10,13,14,15,17]",ae825089721f98e0d9805014401719023ff6a664
proposed_nsga2_bs_AT_S_comercial_layout_AW_3_seed_118,proposed_nsga2_bs,AT_S_comercial_layout_AW_3,118,10,auto_from_instance,10,15,3,28,150,,,,,7,4,4,root > V:3 > BH:11 > BV:9 > BV:9,selected,1,1.2942857142857143,True,225,115,110,149.0,1.0,1.0,True,True,1,1,0,True,1,1,0,0,True,True,0,9,8,9,8,4,PF_LS_RP,fixed,,,False,0.7333333333333333,0.8072047455108121,0.2666666666666667,0.1,adaptive,bit_flip,offspring,feasible_start_adaptive_spacing,,,,feasible_start_adaptive_spacing,0.5,,True,auto_from_instance,0.75,0.35,"3,4,5,11,16,17,18,19,27","3,5,9,10,13,14,15,17",,,,,,"H[3,4,5,11,16,17,18,19,27]|V[3,5,9,10,13,14,15,17]",0a75f2b327085dc5778e0a33aad21dbd318e0a85
proposed_nsga2_bs_AT_S_comercial_layout_AW_3_seed_118,proposed_nsga2_bs,AT_S_comercial_layout_AW_3,118,10,auto_from_instance,10,15,3,28,150,,,,,8,4,4,root > V:3 > BH:11 > BV:9 > BV:13,evaluated,4,inf,False,225,93,132,226.0,1.0,1.0,True,True,1,1,0,True,1,1,0,0,True,True,0,9,8,9,8,4,PF_LS_RP,fixed,,,False,0.7333333333333333,0.8072047455108121,0.2666666666666667,0.1,adaptive,bit_flip,offspring,feasible_start_adaptive_spacing,,,,feasible_start_adaptive_spacing,0.5,,True,auto_from_instance,0.75,0.35,"3,4,5,11,16,17,18,19,27","3,5,9,10,13,14,15,17",,,,,,"H[3,4,5,11,16,17,18,19,27]|V[3,5,9,10,13,14,15,17]",3fc0967e8cf1acc9db002871d4c6fad00e132dd7
proposed_nsga2_bs_AT_S_comercial_layout_AW_3_seed_118,proposed_nsga2_bs,AT_S_comercial_layout_AW_3,118,10,auto_from_instance,10,15,3,28,150,,,,,9,5,3,root > H:4 > BH:17 > BH:11,selected,0,inf,True,264,124,140,220.0,1.0,1.0,True,True,3,3,0,False,1,1,0,0,True,True,0,11,5,11,5,5,PF_LS_RP,fixed,,,False,0.7333333333333333,0.6961300215582696,0.2666666666666667,0.1,adaptive,spacing_aware_flip,offspring,feasible_start_adaptive_spacing,,,,feasible_start_adaptive_spacing,0.5,,True,auto_from_instance,0.75,0.35,"4,5,10,11,12,16,17,18,19,22,27","5,9,13,17,20",,,,,,"H[4,5,10,11,12,16,17,18,19,22,27]|V[5,9,13,17,20]",bff1f598ae060a0390c10f5de0cbed5ac1213ca5
proposed_nsga2_bs_AT_S_comercial_layout_AW_3_seed_118,proposed_nsga2_bs,AT_S_comercial_layout_AW_3,118,10,auto_from_instance,10,15,3,28,150,,,,,10,5,3,root > H:4 > BH:17 > BH:10,selected,2,inf,True,264,120,144,220.0,1.0,1.0,True,True,3,3,0,False,1,1,0,0,True,True,0,11,5,11,5,5,PF_LS_RP,fixed,,,False,0.7333333333333333,0.6961300215582696,0.2666666666666667,0.1,adaptive,spacing_aware_flip,offspring,feasible_start_adaptive_spacing,,,,feasible_start_adaptive_spacing,0.5,,True,auto_from_instance,0.75,0.35,"4,5,10,11,12,16,17,18,19,22,27","5,9,13,17,20",,,,,,"H[4,5,10,11,12,16,17,18,19,22,27]|V[5,9,13,17,20]",faf111ea2d7b61d8d8cfd2201424f26ba114409d
proposed_nsga2_bs_AT_S_comercial_layout_AW_3_seed_118,proposed_nsga2_bs,AT_S_comercial_layout_AW_3,118,10,auto_from_instance,10,15,3,28,150,,,,,11,5,3,root > H:4 > BH:15 > BH:22,evaluated,5,inf,False,264,92,172,284.0,1.0,1.0,True,True,3,3,0,False,1,1,0,0,True,True,0,12,5,12,5,5,PF_LS_RP,fixed,,,False,0.7333333333333333,0.6961300215582696,0.2666666666666667,0.1,adaptive,spacing_aware_flip,offspring,feasible_start_adaptive_spacing,,,,feasible_start_adaptive_spacing,0.5,,True,auto_from_instance,0.75,0.35,"4,5,10,11,12,16,17,18,19,22,27","5,9,13,17,20",,,,,,"H[4,5,10,11,12,15,16,17,18,19,22,27]|V[5,9,13,17,20]",9d4f477c70bbe9725bd3f4830375a1732b6b7df2
proposed_nsga2_bs_AT_S_comercial_layout_AW_3_seed_118,proposed_nsga2_bs,AT_S_comercial_layout_AW_3,118,10,auto_from_instance,10,15,3,28,150,,,,,12,8,6,root > V:7 > BH:11 > BH:19 > BH:12 > BH:3 > BV:13,selected,1,1.1357142857142857,True,207,104,103,141.0,1.0,1.0,True,True,1,1,0,True,1,1,0,0,True,True,0,8,9,8,9,8,PF_LS_RP,fixed,,,False,0.7333333333333333,0.6816008700545269,0.2666666666666667,0.1,adaptive,break_symmetry,offspring,feasible_start_adaptive_spacing,,,,feasible_start_adaptive_spacing,0.5,,True,auto_from_instance,0.75,0.35,"4,11,17,18,19,27","1,7,8,9,10,14,17,20",,,,,,"H[3,4,11,12,17,18,19,27]|V[1,7,8,9,10,13,14,17,20]",9d3d21d36a6671b620f72af434eb1fd0be3a0f4e
proposed_nsga2_bs_AT_S_comercial_layout_AW_3_seed_118,proposed_nsga2_bs,AT_S_comercial_layout_AW_3,118,10,auto_from_instance,10,15,3,28,150,,,,,13,8,6,root > V:7 > BH:11 > BH:18 > BH:12 > BH:3 > BV:13,selected,1,0.8427272727272728,True,207,104,103,141.0,1.0,1.0,True,True,1,1,0,True,1,1,0,0,True,True,0,8,9,8,9,8,PF_LS_RP,fixed,,,False,0.7333333333333333,0.6816008700545269,0.2666666666666667,0.1,adaptive,break_symmetry,offspring,feasible_start_adaptive_spacing,,,,feasible_start_adaptive_spacing,0.5,,True,auto_from_instance,0.75,0.35,"4,11,17,18,19,27","1,7,8,9,10,14,17,20",,,,,,"H[3,4,11,12,17,18,19,27]|V[1,7,8,9,10,13,14,17,20]",17566a936b0a83eaa90be3aca0f6ae7aafd53551
proposed_nsga2_bs_AT_S_comercial_layout_AW_3_seed_118,proposed_nsga2_bs,AT_S_comercial_layout_AW_3,118,10,auto_from_instance,10,15,3,28,150,,,,,14,8,6,root > V:7 > BH:11 > BH:19 > BH:13 > BH:4 > BV:13,evaluated,2,inf,False,207,104,103,176.0,1.0,1.0,True,True,1,1,0,True,1,1,0,0,True,True,0,7,9,7,9,8,PF_LS_RP,fixed,,,False,0.7333333333333333,0.6816008700545269,0.2666666666666667,0.1,adaptive,break_symmetry,offspring,feasible_start_adaptive_spacing,,,,feasible_start_adaptive_spacing,0.5,,True,auto_from_instance,0.75,0.35,"4,11,17,18,19,27","1,7,8,9,10,14,17,20",,,,,,"H[4,11,13,17,18,19,27]|V[1,7,8,9,10,13,14,17,20]",f03482f4c3e8943fd1d8a7356a54c2341286baac
proposed_nsga2_bs_AT_S_comercial_layout_AW_3_seed_118,proposed_nsga2_bs,AT_S_comercial_layout_AW_3,118,11,auto_from_instance,10,15,3,28,150,,,,,1,1,4,root > V:2 > BH:11 > BH:18 > BV:8,selected,0,inf,True,222,120,102,118.0,1.0,1.0,True,True,1,1,0,True,1,1,0,0,True,True,0,11,6,11,6,1,PF_LS_RP,fixed,,,False,0.8,0.7365146720671368,0.19999999999999996,0.1,adaptive,break_symmetry,offspring,feasible_start_adaptive_spacing,,,,feasible_start_adaptive_spacing,0.5,,True,auto_from_instance,0.75,0.35,"0,4,6,11,12,15,16,17,19,26","2,3,5,8,9,20",,,,,,"H[0,4,6,11,12,15,16,17,18,19,26]|V[2,3,5,8,9,20]",c7821f85912c8e5c3b6ca7ddc3262e68ecac8a29
proposed_nsga2_bs_AT_S_comercial_layout_AW_3_seed_118,proposed_nsga2_bs,AT_S_comercial_layout_AW_3,118,11,auto_from_instance,10,15,3,28,150,,,,,2,1,4,root > V:2 > BH:11 > BV:9 > BV:8,selected,0,inf,True,222,120,102,118.0,1.0,1.0,True,True,1,1,0,True,1,1,0,0,True,True,0,10,6,10,6,1,PF_LS_RP,fixed,,,False,0.8,0.7365146720671368,0.19999999999999996,0.1,adaptive,break_symmetry,offspring,feasible_start_adaptive_spacing,,,,feasible_start_adaptive_spacing,0.5,,True,auto_from_instance,0.75,0.35,"0,4,6,11,12,15,16,17,19,26","2,3,5,8,9,20",,,,,,"H[0,4,6,11,12,15,16,17,19,26]|V[2,3,5,8,9,20]",819b823d42066f1be4d37e503ecee22d07e5a6b0
proposed_nsga2_bs_AT_S_comercial_layout_AW_3_seed_118,proposed_nsga2_bs,AT_S_comercial_layout_AW_3,118,11,auto_from_instance,10,15,3,28,150,,,,,3,1,4,root > V:2 > BH:11 > BH:19 > BV:8,selected,1,inf,True,222,120,102,151.0,1.0,1.0,True,True,1,1,0,True,1,1,0,0,True,True,0,10,6,10,6,1,PF_LS_RP,fixed,,,False,0.8,0.7365146720671368,0.19999999999999996,0.1,adaptive,break_symmetry,offspring,feasible_start_adaptive_spacing,,,,feasible_start_adaptive_spacing,0.5,,True,auto_from_instance,0.75,0.35,"0,4,6,11,12,15,16,17,19,26","2,3,5,8,9,20",,,,,,"H[0,4,6,11,12,15,16,17,19,26]|V[2,3,5,8,9,20]",8ba645c74da6577ac7820f92db785eac755acc05
proposed_nsga2_bs_AT_S_comercial_layout_AW_3_seed_118,proposed_nsga2_bs,AT_S_comercial_layout_AW_3,118,11,auto_from_instance,10,15,3,28,150,,,,,4,2,3,root > H:4 > BH:17 > BH:11,selected,0,inf,True,264,124,140,220.0,1.0,1.0,True,True,3,3,0,False,1,1,0,0,True,True,0,9,3,9,3,2,PF_LS_RP,fixed,,,False,0.8,0.8304375421312342,0.19999999999999996,0.1,adaptive,bit_flip,offspring,feasible_start_adaptive_spacing,,,,feasible_start_adaptive_spacing,0.5,,True,auto_from_instance,0.75,0.35,"4,5,9,11,17,18,19,22,27","5,9,14",,,,,,"H[4,5,9,11,17,18,19,22,27]|V[5,9,14]",bff1f598ae060a0390c10f5de0cbed5ac1213ca5
proposed_nsga2_bs_AT_S_comercial_layout_AW_3_seed_118,proposed_nsga2_bs,AT_S_comercial_layout_AW_3,118,11,auto_from_instance,10,15,3,28,150,,,,,5,2,3,root > H:4 > BH:17 > BH:10,selected,2,inf,True,264,120,144,220.0,1.0,1.0,True,True,3,3,0,False,1,1,0,0,True,True,0,10,3,10,3,2,PF_LS_RP,fixed,,,False,0.8,0.8304375421312342,0.19999999999999996,0.1,adaptive,bit_flip,offspring,feasible_start_adaptive_spacing,,,,feasible_start_adaptive_spacing,0.5,,True,auto_from_instance,0.75,0.35,"4,5,9,11,17,18,19,22,27","5,9,14",,,,,,"H[4,5,9,10,11,17,18,19,22,27]|V[5,9,14]",faf111ea2d7b61d8d8cfd2201424f26ba114409d
proposed_nsga2_bs_AT_S_comercial_layout_AW_3_seed_118,proposed_nsga2_bs,AT_S_comercial_layout_AW_3,118,11,auto_from_instance,10,15,3,28,150,,,,,6,2,3,root > H:4 > BH:15 > BH:22,selected,3,inf,True,264,92,172,284.0,1.0,1.0,True,True,3,3,0,False,1,1,0,0,True,True,0,10,3,10,3,2,PF_LS_RP,fixed,,,False,0.8,0.8304375421312342,0.19999999999999996,0.1,adaptive,bit_flip,offspring,feasible_start_adaptive_spacing,,,,feasible_start_adaptive_spacing,0.5,,True,auto_from_instance,0.75,0.35,"4,5,9,11,17,18,19,22,27","5,9,14",,,,,,"H[4,5,9,11,15,17,18,19,22,27]|V[5,9,14]",9d4f477c70bbe9725bd3f4830375a1732b6b7df2
proposed_nsga2_bs_AT_S_comercial_layout_AW_3_seed_118,proposed_nsga2_bs,AT_S_comercial_layout_AW_3,118,11,auto_from_instance,10,15,3,28,150,,,,,7,8,6,root > V:7 > BH:11 > BH:19 > BH:12 > BH:3 > BV:13,selected,1,inf,True,207,104,103,141.0,1.0,1.0,True,True,1,1,0,True,1,1,0,0,True,True,0,9,6,9,6,8,PF_LS_RP,fixed,,,False,0.8,0.747716111406939,0.19999999999999996,0.1,adaptive,remove_random_aisle,offspring,feasible_start_adaptive_spacing,,,,feasible_start_adaptive_spacing,0.5,,True,auto_from_instance,0.75,0.35,"4,5,11,12,17,18,19,27","1,7,8,9,10,13",,,,,,"H[3,4,5,11,12,17,18,19,27]|V[1,7,8,9,10,13]",9d3d21d36a6671b620f72af434eb1fd0be3a0f4e
proposed_nsga2_bs_AT_S_comercial_layout_AW_3_seed_118,proposed_nsga2_bs,AT_S_comercial_layout_AW_3,118,11,auto_from_instance,10,15,3,28,150,,,,,8,8,6,root > V:7 > BH:11 > BH:18 > BH:12 > BH:3 > BV:13,selected,1,inf,True,207,104,103,141.0,1.0,1.0,True,True,1,1,0,True,1,1,0,0,True,True,0,9,6,9,6,8,PF_LS_RP,fixed,,,False,0.8,0.747716111406939,0.19999999999999996,0.1,adaptive,remove_random_aisle,offspring,feasible_start_adaptive_spacing,,,,feasible_start_adaptive_spacing,0.5,,True,auto_from_instance,0.75,0.35,"4,5,11,12,17,18,19,27","1,7,8,9,10,13",,,,,,"H[3,4,5,11,12,17,18,19,27]|V[1,7,8,9,10,13]",17566a936b0a83eaa90be3aca0f6ae7aafd53551
proposed_nsga2_bs_AT_S_comercial_layout_AW_3_seed_118,proposed_nsga2_bs,AT_S_comercial_layout_AW_3,118,11,auto_from_instance,10,15,3,28,150,,,,,9,8,6,root > V:7 > BH:11 > BH:19 > BH:13 > BH:4 > BV:13,selected,2,inf,True,207,104,103,176.0,1.0,1.0,True,True,1,1,0,True,1,1,0,0,True,True,0,9,6,9,6,8,PF_LS_RP,fixed,,,False,0.8,0.747716111406939,0.19999999999999996,0.1,adaptive,remove_random_aisle,offspring,feasible_start_adaptive_spacing,,,,feasible_start_adaptive_spacing,0.5,,True,auto_from_instance,0.75,0.35,"4,5,11,12,17,18,19,27","1,7,8,9,10,13",,,,,,"H[4,5,11,12,13,17,18,19,27]|V[1,7,8,9,10,13]",f03482f4c3e8943fd1d8a7356a54c2341286baac
proposed_nsga2_bs_AT_S_comercial_layout_AW_3_seed_118,proposed_nsga2_bs,AT_S_comercial_layout_AW_3,118,12,auto_from_instance,10,15,3,28,150,,,,,1,1,4,root > V:2 > BH:11 > BH:18 > BV:8,selected,1,inf,True,222,120,102,118.0,1.0,1.0,True,True,1,1,0,True,1,1,0,0,True,True,0,9,7,9,7,1,PF_LS_RP,fixed,,,False,0.8666666666666667,0.8827686857340535,0.1333333333333333,0.1,adaptive,bit_flip,offspring,feasible_start_adaptive_spacing,,,,feasible_start_adaptive_spacing,0.5,,True,auto_from_instance,0.75,0.35,"0,4,6,9,11,17,18,19,26","2,3,5,9,14,18",,,,,,"H[0,4,6,9,11,17,18,19,26]|V[2,3,5,8,9,14,18]",c7821f85912c8e5c3b6ca7ddc3262e68ecac8a29
proposed_nsga2_bs_AT_S_comercial_layout_AW_3_seed_118,proposed_nsga2_bs,AT_S_comercial_layout_AW_3,118,12,auto_from_instance,10,15,3,28,150,,,,,2,1,4,root > V:2 > BH:11 > BV:9 > BV:8,selected,1,inf,True,222,120,102,118.0,1.0,1.0,True,True,1,1,0,True,1,1,0,0,True,True,0,9,7,9,7,1,PF_LS_RP,fixed,,,False,0.8666666666666667,0.8827686857340535,0.1333333333333333,0.1,adaptive,bit_flip,offspring,feasible_start_adaptive_spacing,,,,feasible_start_adaptive_spacing,0.5,,True,auto_from_instance,0.75,0.35,"0,4,6,9,11,17,18,19,26","2,3,5,9,14,18",,,,,,"H[0,4,6,9,11,17,18,19,26]|V[2,3,5,8,9,14,18]",819b823d42066f1be4d37e503ecee22d07e5a6b0
proposed_nsga2_bs_AT_S_comercial_layout_AW_3_seed_118,proposed_nsga2_bs,AT_S_comercial_layout_AW_3,118,12,auto_from_instance,10,15,3,28,150,,,,,3,1,4,root > V:2 > BH:11 > BH:19 > BV:8,selected,2,inf,True,222,120,102,151.0,1.0,1.0,True,True,1,1,0,True,1,1,0,0,True,True,0,9,7,9,7,1,PF_LS_RP,fixed,,,False,0.8666666666666667,0.8827686857340535,0.1333333333333333,0.1,adaptive,bit_flip,offspring,feasible_start_adaptive_spacing,,,,feasible_start_adaptive_spacing,0.5,,True,auto_from_instance,0.75,0.35,"0,4,6,9,11,17,18,19,26","2,3,5,9,14,18",,,,,,"H[0,4,6,9,11,17,18,19,26]|V[2,3,5,8,9,14,18]",8ba645c74da6577ac7820f92db785eac755acc05
proposed_nsga2_bs_AT_S_comercial_layout_AW_3_seed_118,proposed_nsga2_bs,AT_S_comercial_layout_AW_3,118,12,auto_from_instance,10,15,3,28,150,,,,,4,2,5,root > V:8 > BH:11 > BH:19 > BH:12 > BH:3,selected,3,inf,True,234,107,127,184.0,1.0,1.0,True,True,1,1,0,True,1,1,0,0,True,True,0,12,5,12,5,2,PF_LS_RP,fixed,,,False,0.8666666666666667,0.9271657923099768,0.1333333333333333,0.1,adaptive,spacing_aware_flip,offspring,feasible_start_adaptive_spacing,,,,feasible_start_adaptive_spacing,0.5,,True,auto_from_instance,0.75,0.35,"4,5,11,12,15,16,17,18,19,22,27","5,8,9,13,20",,,,,,"H[3,4,5,11,12,15,16,17,18,19,22,27]|V[5,8,9,13,20]",b4d3081b418ee664c2e14f6da6fe945949d53470
proposed_nsga2_bs_AT_S_comercial_layout_AW_3_seed_118,proposed_nsga2_bs,AT_S_comercial_layout_AW_3,118,12,auto_from_instance,10,15,3,28,150,,,,,5,2,5,root > V:8 > BH:11 > BH:18 > BH:12 > BH:3,evaluated,3,inf,False,234,107,127,184.0,1.0,1.0,True,True,1,1,0,True,1,1,0,0,True,True,0,12,5,12,5,2,PF_LS_RP,fixed,,,False,0.8666666666666667,0.9271657923099768,0.1333333333333333,0.1,adaptive,spacing_aware_flip,offspring,feasible_start_adaptive_spacing,,,,feasible_start_adaptive_spacing,0.5,,True,auto_from_instance,0.75,0.35,"4,5,11,12,15,16,17,18,19,22,27","5,8,9,13,20",,,,,,"H[3,4,5,11,12,15,16,17,18,19,22,27]|V[5,8,9,13,20]",f58db195176e0328e738ab30fdd0d22f3c15ba93
proposed_nsga2_bs_AT_S_comercial_layout_AW_3_seed_118,proposed_nsga2_bs,AT_S_comercial_layout_AW_3,118,12,auto_from_instance,10,15,3,28,150,,,,,6,2,5,root > V:8 > BH:11 > BH:19 > BH:13 > BH:4,evaluated,4,inf,False,234,107,127,224.0,1.0,1.0,True,True,1,1,0,True,1,1,0,0,True,True,0,12,5,12,5,2,PF_LS_RP,fixed,,,False,0.8666666666666667,0.9271657923099768,0.1333333333333333,0.1,adaptive,spacing_aware_flip,offspring,feasible_start_adaptive_spacing,,,,feasible_start_adaptive_spacing,0.5,,True,auto_from_instance,0.75,0.35,"4,5,11,12,15,16,17,18,19,22,27","5,8,9,13,20",,,,,,"H[4,5,11,12,13,15,16,17,18,19,22,27]|V[5,8,9,13,20]",c1143b846bdf559c06a887439567b47b3f22e2ec
proposed_nsga2_bs_AT_S_comercial_layout_AW_3_seed_118,proposed_nsga2_bs,AT_S_comercial_layout_AW_3,118,12,auto_from_instance,10,15,3,28,150,,,,,7,3,5,root > H:6 > BH:15 > BV:3 > BV:9 > BH:22,selected,2,inf,True,228,98,130,126.0,1.0,1.0,True,True,3,3,0,False,1,1,0,0,True,True,0,12,5,12,5,3,PF_LS_RP,fixed,,,False,0.8666666666666667,0.8510314212170756,0.1333333333333333,0.1,adaptive,insert_random_aisle,offspring,feasible_start_adaptive_spacing,,,,feasible_start_adaptive_spacing,0.5,,True,auto_from_instance,0.75,0.35,"0,4,6,10,11,17,18,19,22,25,26","5,9,14,20",,,,,,"H[0,4,6,10,11,15,17,18,19,22,25,26]|V[3,5,9,14,20]",ff831007d2cb19c27f4223a274bf22a7edbbf53e
proposed_nsga2_bs_AT_S_comercial_layout_AW_3_seed_118,proposed_nsga2_bs,AT_S_comercial_layout_AW_3,118,12,auto_from_instance,10,15,3,28,150,,,,,8,3,5,root > H:6 > BH:16 > BV:3 > BV:9 > BH:22,evaluated,4,inf,False,228,98,130,206.0,1.0,1.0,True,True,3,3,0,False,1,1,0,0,True,True,0,12,5,12,5,3,PF_LS_RP,fixed,,,False,0.8666666666666667,0.8510314212170756,0.1333333333333333,0.1,adaptive,insert_random_aisle,offspring,feasible_start_adaptive_spacing,,,,feasible_start_adaptive_spacing,0.5,,True,auto_from_instance,0.75,0.35,"0,4,6,10,11,17,18,19,22,25,26","5,9,14,20",,,,,,"H[0,4,6,10,11,16,17,18,19,22,25,26]|V[3,5,9,14,20]",3f6c5650382557808c9ce9ea61d9656b41539743
proposed_nsga2_bs_AT_S_comercial_layout_AW_3_seed_118,proposed_nsga2_bs,AT_S_comercial_layout_AW_3,118,12,auto_from_instance,10,15,3,28,150,,,,,9,5,4,root > V:3 > BH:11 > BV:10 > BV:9,selected,2,0.7972727272727274,True,225,115,110,149.0,1.0,1.0,True,True,1,1,0,True,1,1,0,0,True,True,0,12,7,12,7,5,PF_LS_RP,fixed,,,False,0.8666666666666667,0.7636257812163847,0.1333333333333333,0.1,adaptive,insert_random_aisle,offspring,feasible_start_adaptive_spacing,,,,feasible_start_adaptive_spacing,0.5,,True,auto_from_instance,0.75,0.35,"0,4,6,8,11,12,15,16,17,18,19,26","1,3,5,8,9,20",,,,,,"H[0,4,6,8,11,12,15,16,17,18,19,26]|V[1,3,5,8,9,10,20]",ae825089721f98e0d9805014401719023ff6a664
proposed_nsga2_bs_AT_S_comercial_layout_AW_3_seed_118,proposed_nsga2_bs,AT_S_comercial_layout_AW_3,118,12,auto_from_instance,10,15,3,28,150,,,,,10,5,4,root > V:3 > BH:11 > BV:9 > BV:9,selected,2,1.2942857142857143,True,225,115,110,149.0,1.0,1.0,True,True,1,1,0,True,1,1,0,0,True,True,0,12,6,12,6,5,PF_LS_RP,fixed,,,False,0.8666666666666667,0.7636257812163847,0.1333333333333333,0.1,adaptive,insert_random_aisle,offspring,feasible_start_adaptive_spacing,,,,feasible_start_adaptive_spacing,0.5,,True,auto_from_instance,0.75,0.35,"0,4,6,8,11,12,15,16,17,18,19,26","1,3,5,8,9,20",,,,,,"H[0,4,6,8,11,12,15,16,17,18,19,26]|V[1,3,5,8,9,20]",0a75f2b327085dc5778e0a33aad21dbd318e0a85
proposed_nsga2_bs_AT_S_comercial_layout_AW_3_seed_118,proposed_nsga2_bs,AT_S_comercial_layout_AW_3,118,12,auto_from_instance,10,15,3,28,150,,,,,11,5,4,root > V:3 > BH:11 > BV:9 > BV:13,evaluated,5,inf,False,225,93,132,226.0,1.0,1.0,True,True,1,1,0,True,1,1,0,0,True,True,0,12,7,12,7,5,PF_LS_RP,fixed,,,False,0.8666666666666667,0.7636257812163847,0.1333333333333333,0.1,adaptive,insert_random_aisle,offspring,feasible_start_adaptive_spacing,,,,feasible_start_adaptive_spacing,0.5,,True,auto_from_instance,0.75,0.35,"0,4,6,8,11,12,15,16,17,18,19,26","1,3,5,8,9,20",,,,,,"H[0,4,6,8,11,12,15,16,17,18,19,26]|V[1,3,5,8,9,13,20]",3fc0967e8cf1acc9db002871d4c6fad00e132dd7
proposed_nsga2_bs_AT_S_comercial_layout_AW_3_seed_118,proposed_nsga2_bs,AT_S_comercial_layout_AW_3,118,12,auto_from_instance,10,15,3,28,150,,,,,12,7,4,root > H:3 > BH:16 > BH:10 > BH:22,selected,0,inf,True,216,120,96,112.0,1.0,1.0,True,True,4,4,0,False,1,1,0,0,True,True,0,13,3,13,3,7,PF_LS_RP,fixed,,,False,0.8666666666666667,0.8649458970366002,0.1333333333333333,0.1,adaptive,insert_random_aisle,offspring,feasible_start_adaptive_spacing,,,,feasible_start_adaptive_spacing,0.5,,True,auto_from_instance,0.75,0.35,"3,4,5,11,12,14,17,18,19,27","1,9,14",,,,,,"H[3,4,5,10,11,12,14,16,17,18,19,22,27]|V[1,9,14]",7e8869a25bbd594ea7bf8339e2c84bdde246ab51
proposed_nsga2_bs_AT_S_comercial_layout_AW_3_seed_118,proposed_nsga2_bs,AT_S_comercial_layout_AW_3,118,12,auto_from_instance,10,15,3,28,150,,,,,13,8,6,root > V:7 > BH:11 > BH:19 > BH:12 > BH:3 > BV:13,selected,2,1.1357142857142857,True,207,104,103,141.0,1.0,1.0,True,True,1,1,0,True,1,1,0,0,True,True,0,12,7,12,7,8,PF_LS_RP,fixed,,,False,0.8666666666666667,0.8563534766760063,0.1333333333333333,0.1,adaptive,spacing_aware_flip,offspring,feasible_start_adaptive_spacing,,,,feasible_start_adaptive_spacing,0.5,,True,auto_from_instance,0.75,0.35,"4,5,9,10,11,17,18,19,22,27","5,7,8,9,10,13,16",,,,,,"H[3,4,5,9,10,11,12,17,18,19,22,27]|V[5,7,8,9,10,13,16]",9d3d21d36a6671b620f72af434eb1fd0be3a0f4e
proposed_nsga2_bs_AT_S_comercial_layout_AW_3_seed_118,proposed_nsga2_bs,AT_S_comercial_layout_AW_3,118,12,auto_from_instance,10,15,3,28,150,,,,,14,8,6,root > V:7 > BH:11 > BH:18 > BH:12 > BH:3 > BV:13,selected,2,0.8427272727272728,True,207,104,103,141.0,1.0,1.0,True,True,1,1,0,True,1,1,0,0,True,True,0,12,7,12,7,8,PF_LS_RP,fixed,,,False,0.8666666666666667,0.8563534766760063,0.1333333333333333,0.1,adaptive,spacing_aware_flip,offspring,feasible_start_adaptive_spacing,,,,feasible_start_adaptive_spacing,0.5,,True,auto_from_instance,0.75,0.35,"4,5,9,10,11,17,18,19,22,27","5,7,8,9,10,13,16",,,,,,"H[3,4,5,9,10,11,12,17,18,19,22,27]|V[5,7,8,9,10,13,16]",17566a936b0a83eaa90be3aca0f6ae7aafd53551
proposed_nsga2_bs_AT_S_comercial_layout_AW_3_seed_118,proposed_nsga2_bs,AT_S_comercial_layout_AW_3,118,12,auto_from_instance,10,15,3,28,150,,,,,15,8,6,root > V:7 > BH:11 > BH:19 > BH:13 > BH:4 > BV:13,evaluated,3,inf,False,207,104,103,176.0,1.0,1.0,True,True,1,1,0,True,1,1,0,0,True,True,0,11,7,11,7,8,PF_LS_RP,fixed,,,False,0.8666666666666667,0.8563534766760063,0.1333333333333333,0.1,adaptive,spacing_aware_flip,offspring,feasible_start_adaptive_spacing,,,,feasible_start_adaptive_spacing,0.5,,True,auto_from_instance,0.75,0.35,"4,5,9,10,11,17,18,19,22,27","5,7,8,9,10,13,16",,,,,,"H[4,5,9,10,11,13,17,18,19,22,27]|V[5,7,8,9,10,13,16]",f03482f4c3e8943fd1d8a7356a54c2341286baac
proposed_nsga2_bs_AT_S_comercial_layout_AW_3_seed_118,proposed_nsga2_bs,AT_S_comercial_layout_AW_3,118,13,auto_from_instance,10,15,3,28,150,,,,,1,1,4,root > V:3 > BH:11 > BV:10 > BV:9,selected,1,1.9875,True,225,115,110,149.0,1.0,1.0,True,True,1,1,0,True,1,1,0,0,True,True,0,11,7,11,7,1,PF_LS_RP,fixed,,,False,0.9333333333333333,0.9684570048180865,0.1,0.1,adaptive,bit_flip,offspring,feasible_start_adaptive_spacing,,,,feasible_start_adaptive_spacing,0.5,,True,auto_from_instance,0.75,0.35,"4,6,8,11,12,15,16,17,18,19,26","3,5,8,9,14,18",,,,,,"H[4,6,8,11,12,15,16,17,18,19,26]|V[3,5,8,9,10,14,18]",ae825089721f98e0d9805014401719023ff6a664
proposed_nsga2_bs_AT_S_comercial_layout_AW_3_seed_118,proposed_nsga2_bs,AT_S_comercial_layout_AW_3,118,13,auto_from_instance,10,15,3,28,150,,,,,2,1,4,root > V:3 > BH:11 > BV:9 > BV:9,selected,1,inf,True,225,115,110,149.0,1.0,1.0,True,True,1,1,0,True,1,1,0,0,True,True,0,11,6,11,6,1,PF_LS_RP,fixed,,,False,0.9333333333333333,0.9684570048180865,0.1,0.1,adaptive,bit_flip,offspring,feasible_start_adaptive_spacing,,,,feasible_start_adaptive_spacing,0.5,,True,auto_from_instance,0.75,0.35,"4,6,8,11,12,15,16,17,18,19,26","3,5,8,9,14,18",,,,,,"H[4,6,8,11,12,15,16,17,18,19,26]|V[3,5,8,9,14,18]",0a75f2b327085dc5778e0a33aad21dbd318e0a85
proposed_nsga2_bs_AT_S_comercial_layout_AW_3_seed_118,proposed_nsga2_bs,AT_S_comercial_layout_AW_3,118,13,auto_from_instance,10,15,3,28,150,,,,,3,1,4,root > V:3 > BH:11 > BV:9 > BV:13,evaluated,4,inf,False,225,93,132,226.0,1.0,1.0,True,True,1,1,0,True,1,1,0,0,True,True,0,11,7,11,7,1,PF_LS_RP,fixed,,,False,0.9333333333333333,0.9684570048180865,0.1,0.1,adaptive,bit_flip,offspring,feasible_start_adaptive_spacing,,,,feasible_start_adaptive_spacing,0.5,,True,auto_from_instance,0.75,0.35,"4,6,8,11,12,15,16,17,18,19,26","3,5,8,9,14,18",,,,,,"H[4,6,8,11,12,15,16,17,18,19,26]|V[3,5,8,9,13,14,18]",3fc0967e8cf1acc9db002871d4c6fad00e132dd7
proposed_nsga2_bs_AT_S_comercial_layout_AW_3_seed_118,proposed_nsga2_bs,AT_S_comercial_layout_AW_3,118,13,auto_from_instance,10,15,3,28,150,,,,,4,3,4,root > V:2 > BH:11 > BH:18 > BV:8,selected,0,inf,True,222,120,102,118.0,1.0,1.0,True,True,1,1,0,True,1,1,0,0,True,True,0,10,6,10,6,3,PF_LS_RP,fixed,,,False,0.9333333333333333,0.9831749921410945,0.1,0.1,adaptive,break_symmetry,offspring,feasible_start_adaptive_spacing,,,,feasible_start_adaptive_spacing,0.5,,True,auto_from_instance,0.75,0.35,"0,4,6,8,11,16,17,18,19,26","2,3,9,14,18",,,,,,"H[0,4,6,8,11,16,17,18,19,26]|V[2,3,8,9,14,18]",c7821f85912c8e5c3b6ca7ddc3262e68ecac8a29
proposed_nsga2_bs_AT_S_comercial_layout_AW_3_seed_118,proposed_nsga2_bs,AT_S_comercial_layout_AW_3,118,13,auto_from_instance,10,15,3,28,150,,,,,5,3,4,root > V:2 > BH:11 > BV:9 > BV:8,selected,0,inf,True,222,120,102,118.0,1.0,1.0,True,True,1,1,0,True,1,1,0,0,True,True,0,10,6,10,6,3,PF_LS_RP,fixed,,,False,0.9333333333333333,0.9831749921410945,0.1,0.1,adaptive,break_symmetry,offspring,feasible_start_adaptive_spacing,,,,feasible_start_adaptive_spacing,0.5,,True,auto_from_instance,0.75,0.35,"0,4,6,8,11,16,17,18,19,26","2,3,9,14,18",,,,,,"H[0,4,6,8,11,16,17,18,19,26]|V[2,3,8,9,14,18]",819b823d42066f1be4d37e503ecee22d07e5a6b0
proposed_nsga2_bs_AT_S_comercial_layout_AW_3_seed_118,proposed_nsga2_bs,AT_S_comercial_layout_AW_3,118,13,auto_from_instance,10,15,3,28,150,,,,,6,3,4,root > V:2 > BH:11 > BH:19 > BV:8,selected,1,inf,True,222,120,102,151.0,1.0,1.0,True,True,1,1,0,True,1,1,0,0,True,True,0,10,6,10,6,3,PF_LS_RP,fixed,,,False,0.9333333333333333,0.9831749921410945,0.1,0.1,adaptive,break_symmetry,offspring,feasible_start_adaptive_spacing,,,,feasible_start_adaptive_spacing,0.5,,True,auto_from_instance,0.75,0.35,"0,4,6,8,11,16,17,18,19,26","2,3,9,14,18",,,,,,"H[0,4,6,8,11,16,17,18,19,26]|V[2,3,8,9,14,18]",8ba645c74da6577ac7820f92db785eac755acc05
proposed_nsga2_bs_AT_S_comercial_layout_AW_3_seed_118,proposed_nsga2_bs,AT_S_comercial_layout_AW_3,118,13,auto_from_instance,10,15,3,28,150,,,,,7,4,5,root > V:8 > BH:11 > BH:19 > BH:12 > BH:3,selected,2,inf,True,234,107,127,184.0,1.0,1.0,True,True,1,1,0,True,1,1,0,0,True,True,0,12,5,12,5,4,PF_LS_RP,fixed,,,False,0.9333333333333333,0.872263474351099,0.1,0.1,adaptive,remove_random_aisle,offspring,feasible_start_adaptive_spacing,,,,feasible_start_adaptive_spacing,0.5,,True,auto_from_instance,0.75,0.35,"3,4,5,10,12,14,17,18,19,22,27","1,5,8,9,14",,,,,,"H[3,4,5,10,11,12,14,17,18,19,22,27]|V[1,5,8,9,14]",b4d3081b418ee664c2e14f6da6fe945949d53470
proposed_nsga2_bs_AT_S_comercial_layout_AW_3_seed_118,proposed_nsga2_bs,AT_S_comercial_layout_AW_3,118,13,auto_from_instance,10,15,3,28,150,,,,,8,4,5,root > V:8 > BH:11 > BH:18 > BH:12 > BH:3,selected,2,inf,True,234,107,127,184.0,1.0,1.0,True,True,1,1,0,True,1,1,0,0,True,True,0,12,5,12,5,4,PF_LS_RP,fixed,,,False,0.9333333333333333,0.872263474351099,0.1,0.1,adaptive,remove_random_aisle,offspring,feasible_start_adaptive_spacing,,,,feasible_start_adaptive_spacing,0.5,,True,auto_from_instance,0.75,0.35,"3,4,5,10,12,14,17,18,19,22,27","1,5,8,9,14",,,,,,"H[3,4,5,10,11,12,14,17,18,19,22,27]|V[1,5,8,9,14]",f58db195176e0328e738ab30fdd0d22f3c15ba93
proposed_nsga2_bs_AT_S_comercial_layout_AW_3_seed_118,proposed_nsga2_bs,AT_S_comercial_layout_AW_3,118,13,auto_from_instance,10,15,3,28,150,,,,,9,4,5,root > V:8 > BH:11 > BH:19 > BH:13 > BH:4,evaluated,3,inf,False,234,107,127,224.0,1.0,1.0,True,True,1,1,0,True,1,1,0,0,True,True,0,13,5,13,5,4,PF_LS_RP,fixed,,,False,0.9333333333333333,0.872263474351099,0.1,0.1,adaptive,remove_random_aisle,offspring,feasible_start_adaptive_spacing,,,,feasible_start_adaptive_spacing,0.5,,True,auto_from_instance,0.75,0.35,"3,4,5,10,12,14,17,18,19,22,27","1,5,8,9,14",,,,,,"H[3,4,5,10,11,12,13,14,17,18,19,22,27]|V[1,5,8,9,14]",c1143b846bdf559c06a887439567b47b3f22e2ec
proposed_nsga2_bs_AT_S_comercial_layout_AW_3_seed_118,proposed_nsga2_bs,AT_S_comercial_layout_AW_3,118,13,auto_from_instance,10,15,3,28,150,,,,,10,5,6,root > V:7 > BH:11 > BH:19 > BH:12 > BH:3 > BV:13,selected,1,inf,True,207,104,103,141.0,1.0,1.0,True,True,1,1,0,True,1,1,0,0,True,True,0,11,8,11,8,5,PF_LS_RP,fixed,,,False,0.9333333333333333,0.9963262031166319,0.1,0.1,adaptive,insert_random_aisle,offspring,feasible_start_adaptive_spacing,,,,feasible_start_adaptive_spacing,0.5,,True,auto_from_instance,0.75,0.35,"3,4,5,10,11,12,17,18,19,22,27","1,6,7,8,9,10,13,16",,,,,,"H[3,4,5,10,11,12,17,18,19,22,27]|V[1,6,7,8,9,10,13,16]",9d3d21d36a6671b620f72af434eb1fd0be3a0f4e
proposed_nsga2_bs_AT_S_comercial_layout_AW_3_seed_118,proposed_nsga2_bs,AT_S_comercial_layout_AW_3,118,13,auto_from_instance,10,15,3,28,150,,,,,11,5,6,root > V:7 > BH:11 > BH:18 > BH:12 > BH:3 > BV:13,selected,1,inf,True,207,104,103,141.0,1.0,1.0,True,True,1,1,0,True,1,1,0,0,True,True,0,11,8,11,8,5,PF_LS_RP,fixed,,,False,0.9333333333333333,0.9963262031166319,0.1,0.1,adaptive,insert_random_aisle,offspring,feasible_start_adaptive_spacing,,,,feasible_start_adaptive_spacing,0.5,,True,auto_from_instance,0.75,0.35,"3,4,5,10,11,12,17,18,19,22,27","1,6,7,8,9,10,13,16",,,,,,"H[3,4,5,10,11,12,17,18,19,22,27]|V[1,6,7,8,9,10,13,16]",17566a936b0a83eaa90be3aca0f6ae7aafd53551
proposed_nsga2_bs_AT_S_comercial_layout_AW_3_seed_118,proposed_nsga2_bs,AT_S_comercial_layout_AW_3,118,13,auto_from_instance,10,15,3,28,150,,,,,12,5,6,root > V:7 > BH:11 > BH:19 > BH:13 > BH:4 > BV:13,evaluated,2,inf,False,207,104,103,176.0,1.0,1.0,True,True,1,1,0,True,1,1,0,0,True,True,0,12,8,12,8,5,PF_LS_RP,fixed,,,False,0.9333333333333333,0.9963262031166319,0.1,0.1,adaptive,insert_random_aisle,offspring,feasible_start_adaptive_spacing,,,,feasible_start_adaptive_spacing,0.5,,True,auto_from_instance,0.75,0.35,"3,4,5,10,11,12,17,18,19,22,27","1,6,7,8,9,10,13,16",,,,,,"H[3,4,5,10,11,12,13,17,18,19,22,27]|V[1,6,7,8,9,10,13,16]",f03482f4c3e8943fd1d8a7356a54c2341286baac
proposed_nsga2_bs_AT_S_comercial_layout_AW_3_seed_118,proposed_nsga2_bs,AT_S_comercial_layout_AW_3,118,13,auto_from_instance,10,15,3,28,150,,,,,13,6,5,root > H:2 > BH:15 > BH:9 > BV:4 > BH:22,selected,0,inf,True,204,110,94,69.0,1.0,1.0,True,True,3,3,0,False,1,1,0,0,True,True,0,15,4,15,4,6,PF_LS_RP,fixed,,,False,0.9333333333333333,0.9824300336300181,0.1,0.1,adaptive,break_symmetry,offspring,feasible_start_adaptive_spacing,,,,feasible_start_adaptive_spacing,0.5,,True,auto_from_instance,0.75,0.35,"2,4,5,9,10,11,12,14,16,17,18,19,22,27","5,9,14",,,,,,"H[2,4,5,9,10,11,12,14,15,16,17,18,19,22,27]|V[4,5,9,14]",11d3ebe88426626fb11b9066022940c913788a88
proposed_nsga2_bs_AT_S_comercial_layout_AW_3_seed_118,proposed_nsga2_bs,AT_S_comercial_layout_AW_3,118,14,auto_from_instance,10,15,3,28,150,,,,,1,1,4,root > V:3 > BH:11 > BV:10 > BV:9,selected,1,inf,True,225,115,110,149.0,1.0,1.0,True,True,1,1,0,True,1,1,0,0,True,True,0,12,7,12,7,1,PF_LS_RP,fixed,,,False,1.0,0.9716115726200727,0.1,0.1,adaptive,bit_flip,offspring,feasible_start_adaptive_spacing,,,,feasible_start_adaptive_spacing,0.5,,True,auto_from_instance,0.75,0.35,"4,6,8,11,12,15,16,17,18,19,22,26","3,5,8,9,10,14,18",,,,,,"H[4,6,8,11,12,15,16,17,18,19,22,26]|V[3,5,8,9,10,14,18]",ae825089721f98e0d9805014401719023ff6a664
proposed_nsga2_bs_AT_S_comercial_layout_AW_3_seed_118,proposed_nsga2_bs,AT_S_comercial_layout_AW_3,118,14,auto_from_instance,10,15,3,28,150,,,,,2,1,4,root > V:3 > BH:11 > BV:9 > BV:9,selected,1,inf,True,225,115,110,149.0,1.0,1.0,True,True,1,1,0,True,1,1,0,0,True,True,0,12,7,12,7,1,PF_LS_RP,fixed,,,False,1.0,0.9716115726200727,0.1,0.1,adaptive,bit_flip,offspring,feasible_start_adaptive_spacing,,,,feasible_start_adaptive_spacing,0.5,,True,auto_from_instance,0.75,0.35,"4,6,8,11,12,15,16,17,18,19,22,26","3,5,8,9,10,14,18",,,,,,"H[4,6,8,11,12,15,16,17,18,19,22,26]|V[3,5,8,9,10,14,18]",0a75f2b327085dc5778e0a33aad21dbd318e0a85
proposed_nsga2_bs_AT_S_comercial_layout_AW_3_seed_118,proposed_nsga2_bs,AT_S_comercial_layout_AW_3,118,14,auto_from_instance,10,15,3,28,150,,,,,3,1,4,root > V:3 > BH:11 > BV:9 > BV:13,selected,4,inf,True,225,93,132,226.0,1.0,1.0,True,True,1,1,0,True,1,1,0,0,True,True,0,12,8,12,8,1,PF_LS_RP,fixed,,,False,1.0,0.9716115726200727,0.1,0.1,adaptive,bit_flip,offspring,feasible_start_adaptive_spacing,,,,feasible_start_adaptive_spacing,0.5,,True,auto_from_instance,0.75,0.35,"4,6,8,11,12,15,16,17,18,19,22,26","3,5,8,9,10,14,18",,,,,,"H[4,6,8,11,12,15,16,17,18,19,22,26]|V[3,5,8,9,10,13,14,18]",3fc0967e8cf1acc9db002871d4c6fad00e132dd7
proposed_nsga2_bs_AT_S_comercial_layout_AW_3_seed_118,proposed_nsga2_bs,AT_S_comercial_layout_AW_3,118,14,auto_from_instance,10,15,3,28,150,,,,,4,2,4,root > V:2 > BH:11 > BH:18 > BV:8,selected,0,inf,True,222,120,102,118.0,1.0,1.0,True,True,1,1,0,True,1,1,0,0,True,True,0,11,6,11,6,2,PF_LS_RP,fixed,,,False,1.0,1.0,0.1,0.1,adaptive,swap_segments,offspring,feasible_start_adaptive_spacing,,,,feasible_start_adaptive_spacing,0.5,,True,auto_from_instance,0.75,0.35,"4,6,8,11,12,15,16,17,18,19,26","2,6,8,9,15,17",,,,,,"H[4,6,8,11,12,15,16,17,18,19,26]|V[2,6,8,9,15,17]",c7821f85912c8e5c3b6ca7ddc3262e68ecac8a29
proposed_nsga2_bs_AT_S_comercial_layout_AW_3_seed_118,proposed_nsga2_bs,AT_S_comercial_layout_AW_3,118,14,auto_from_instance,10,15,3,28,150,,,,,5,2,4,root > V:2 > BH:11 > BV:9 > BV:8,selected,0,inf,True,222,120,102,118.0,1.0,1.0,True,True,1,1,0,True,1,1,0,0,True,True,0,11,6,11,6,2,PF_LS_RP,fixed,,,False,1.0,1.0,0.1,0.1,adaptive,swap_segments,offspring,feasible_start_adaptive_spacing,,,,feasible_start_adaptive_spacing,0.5,,True,auto_from_instance,0.75,0.35,"4,6,8,11,12,15,16,17,18,19,26","2,6,8,9,15,17",,,,,,"H[4,6,8,11,12,15,16,17,18,19,26]|V[2,6,8,9,15,17]",819b823d42066f1be4d37e503ecee22d07e5a6b0
proposed_nsga2_bs_AT_S_comercial_layout_AW_3_seed_118,proposed_nsga2_bs,AT_S_comercial_layout_AW_3,118,14,auto_from_instance,10,15,3,28,150,,,,,6,2,4,root > V:2 > BH:11 > BH:19 > BV:8,selected,1,inf,True,222,120,102,151.0,1.0,1.0,True,True,1,1,0,True,1,1,0,0,True,True,0,11,6,11,6,2,PF_LS_RP,fixed,,,False,1.0,1.0,0.1,0.1,adaptive,swap_segments,offspring,feasible_start_adaptive_spacing,,,,feasible_start_adaptive_spacing,0.5,,True,auto_from_instance,0.75,0.35,"4,6,8,11,12,15,16,17,18,19,26","2,6,8,9,15,17",,,,,,"H[4,6,8,11,12,15,16,17,18,19,26]|V[2,6,8,9,15,17]",8ba645c74da6577ac7820f92db785eac755acc05
proposed_nsga2_bs_AT_S_comercial_layout_AW_3_seed_118,proposed_nsga2_bs,AT_S_comercial_layout_AW_3,118,14,auto_from_instance,10,15,3,28,150,,,,,7,4,5,root > H:2 > BH:15 > BH:9 > BV:4 > BH:22,selected,0,inf,True,204,110,94,69.0,1.0,1.0,True,True,3,3,0,False,1,1,0,0,True,True,0,14,4,14,4,4,PF_LS_RP,fixed,,,False,1.0,0.9856830229560001,0.1,0.1,adaptive,insert_random_aisle,offspring,feasible_start_adaptive_spacing,,,,feasible_start_adaptive_spacing,0.5,,True,auto_from_instance,0.75,0.35,"2,4,5,9,10,11,12,16,17,18,19,22,27","2,9,14",,,,,,"H[2,4,5,9,10,11,12,15,16,17,18,19,22,27]|V[2,4,9,14]",11d3ebe88426626fb11b9066022940c913788a88
proposed_nsga2_bs_AT_S_comercial_layout_AW_3_seed_118,proposed_nsga2_bs,AT_S_comercial_layout_AW_3,118,14,auto_from_instance,10,15,3,28,150,,,,,8,6,5,root > V:8 > BH:11 > BH:19 > BH:12 > BH:3,selected,2,inf,True,234,107,127,184.0,1.0,1.0,True,True,1,1,0,True,1,1,0,0,True,True,0,12,5,12,5,6,PF_LS_RP,fixed,,,False,1.0,0.9950749250838481,0.1,0.1,adaptive,break_symmetry,offspring,feasible_start_adaptive_spacing,,,,feasible_start_adaptive_spacing,0.5,,True,auto_from_instance,0.75,0.35,"3,4,5,11,16,17,18,20,22,27","1,8,9,14,18",,,,,,"H[3,4,5,11,12,16,17,18,19,20,22,27]|V[1,8,9,14,18]",b4d3081b418ee664c2e14f6da6fe945949d53470
proposed_nsga2_bs_AT_S_comercial_layout_AW_3_seed_118,proposed_nsga2_bs,AT_S_comercial_layout_AW_3,118,14,auto_from_instance,10,15,3,28,150,,,,,9,6,5,root > V:8 > BH:11 > BH:18 > BH:12 > BH:3,selected,2,inf,True,234,107,127,184.0,1.0,1.0,True,True,1,1,0,True,1,1,0,0,True,True,0,11,5,11,5,6,PF_LS_RP,fixed,,,False,1.0,0.9950749250838481,0.1,0.1,adaptive,break_symmetry,offspring,feasible_start_adaptive_spacing,,,,feasible_start_adaptive_spacing,0.5,,True,auto_from_instance,0.75,0.35,"3,4,5,11,16,17,18,20,22,27","1,8,9,14,18",,,,,,"H[3,4,5,11,12,16,17,18,20,22,27]|V[1,8,9,14,18]",f58db195176e0328e738ab30fdd0d22f3c15ba93
proposed_nsga2_bs_AT_S_comercial_layout_AW_3_seed_118,proposed_nsga2_bs,AT_S_comercial_layout_AW_3,118,14,auto_from_instance,10,15,3,28,150,,,,,10,6,5,root > V:8 > BH:11 > BH:19 > BH:13 > BH:4,selected,3,inf,True,234,107,127,224.0,1.0,1.0,True,True,1,1,0,True,1,1,0,0,True,True,0,12,5,12,5,6,PF_LS_RP,fixed,,,False,1.0,0.9950749250838481,0.1,0.1,adaptive,break_symmetry,offspring,feasible_start_adaptive_spacing,,,,feasible_start_adaptive_spacing,0.5,,True,auto_from_instance,0.75,0.35,"3,4,5,11,16,17,18,20,22,27","1,8,9,14,18",,,,,,"H[3,4,5,11,13,16,17,18,19,20,22,27]|V[1,8,9,14,18]",c1143b846bdf559c06a887439567b47b3f22e2ec
