run_id,method,instance,seed,generation,budget_policy,auto_population_size,auto_generations,auto_beam_width,auto_max_depth,auto_decode_budget,restart_index,batch_index,within_batch_index,decode_budget,candidate_id,parent_chromosome_id,depth,trace,status,rank,crowding_distance,selected,storage_total,pick_faces,interior_storage,retrieval_penalty,door_connectivity_index,access_anchor_connectivity_index,has_door_connected_aisle,has_access_anchor_connected_aisle,aisle_components,anchor_connected_components,unanchored_aisle_components,single_aisle_component,access_network_components,aisle_access_network_components,unreachable_aisle_components,unreachable_aisle_cells,has_access_anchor_reachable_aisle_network,exact_width_ok,exact_width_violation_count,chromosome_h_active_count,chromosome_v_active_count,active_h_count,active_v_count,chromosome_index,sorting_rule,sorting_rule_mode,bs_rule_policy,bs_weight_policy,uses_scalar_score,rho,beam_w1,beam_w2,beam_lambda,adaptive_weight_mode,mutation_operator,initialization_mode,initialization_spacing_mode,adaptive_spacing_used,feasible_h_start_count,feasible_v_start_count,adaptive_spacing_mode,adaptive_spacing_alpha,adaptive_spacing_bf,auto_params_used,parameter_source,beta_h,beta_v,h_active_starts,v_active_starts,terminal,safety_max_depth_reached,feasible,feasibility_reason,storage_block_count,chromosome_signature,layout_signature
proposed_nsga2_bs_AT_S_comercial_layout_AW_3_seed_111,proposed_nsga2_bs,AT_S_comercial_layout_AW_3,111,0,auto_from_instance,10,15,3,28,150,,,,,1,1,3,root > V:4 > BH:11 > BV:10,selected,1,inf,True,261,102,159,439.0,1.0,1.0,True,True,1,1,0,True,1,1,0,0,True,True,0,2,4,2,4,1,SS_PF_LS,sampled_pool,,,True,0.06666666666666667,0.5,0.5,0.1,fixed,,feasible_start_adaptive_spacing,feasible_start_adaptive_spacing,True,7,12,feasible_start_adaptive_spacing,0.5,,True,auto_from_instance,0.75,0.35,0,"4,6,13",,,,,,"H[0,11]|V[4,6,10,13]",9f743de52d693602543418d64e2fc4d7c070588d
proposed_nsga2_bs_AT_S_comercial_layout_AW_3_seed_111,proposed_nsga2_bs,AT_S_comercial_layout_AW_3,111,0,auto_from_instance,10,15,3,28,150,,,,,2,1,3,root > V:13 > BH:10 > BH:19,evaluated,4,inf,False,270,81,189,289.0,1.0,1.0,True,True,1,1,0,True,1,1,0,0,True,True,0,3,3,3,3,1,SS_PF_LS,sampled_pool,,,True,0.06666666666666667,0.5,0.5,0.1,fixed,,feasible_start_adaptive_spacing,feasible_start_adaptive_spacing,True,7,12,feasible_start_adaptive_spacing,0.5,,True,auto_from_instance,0.75,0.35,0,"4,6,13",,,,,,"H[0,10,19]|V[4,6,13]",0ac4c52159625d6770d3c95cf9cf9e7ad787ea34
proposed_nsga2_bs_AT_S_comercial_layout_AW_3_seed_111,proposed_nsga2_bs,AT_S_comercial_layout_AW_3,111,0,auto_from_instance,10,15,3,28,150,,,,,3,1,3,root > V:13 > BH:10 > BH:18,evaluated,4,0.0,False,270,81,189,289.0,1.0,1.0,True,True,1,1,0,True,1,1,0,0,True,True,0,3,3,3,3,1,SS_PF_LS,sampled_pool,,,True,0.06666666666666667,0.5,0.5,0.1,fixed,,feasible_start_adaptive_spacing,feasible_start_adaptive_spacing,True,7,12,feasible_start_adaptive_spacing,0.5,,True,auto_from_instance,0.75,0.35,0,"4,6,13",,,,,,"H[0,10,18]|V[4,6,13]",0fdd65d05b0d3606e8ffb813119ff3b0f97ba71e
proposed_nsga2_bs_AT_S_comercial_layout_AW_3_seed_111,proposed_nsga2_bs,AT_S_comercial_layout_AW_3,111,0,auto_from_instance,10,15,3,28,150,,,,,4,2,6,root > V:6 > BH:11 > BV:13 > BH:19 > BH:13 > BH:7,selected,1,inf,True,213,98,115,319.0,1.0,1.0,True,True,1,1,0,True,1,1,0,0,True,True,0,5,4,5,4,2,LS,sampled_pool,,,False,0.06666666666666667,0.5,0.5,0.1,fixed,,feasible_start_adaptive_spacing,feasible_start_adaptive_spacing,True,7,12,feasible_start_adaptive_spacing,0.5,,True,auto_from_instance,0.75,0.35,5,"6,9,12",,,,,,"H[5,7,11,13,19]|V[6,9,12,13]",23ef570038b4a2e4003284fcf16d928fbd63ba52
proposed_nsga2_bs_AT_S_comercial_layout_AW_3_seed_111,proposed_nsga2_bs,AT_S_comercial_layout_AW_3,111,0,auto_from_instance,10,15,3,28,150,,,,,5,2,6,root > V:6 > BH:11 > BV:13 > BH:19 > BH:13 > BH:6,evaluated,1,0.14084321475625822,False,213,97,116,294.0,1.0,1.0,True,True,1,1,0,True,1,1,0,0,True,True,0,5,4,5,4,2,LS,sampled_pool,,,False,0.06666666666666667,0.5,0.5,0.1,fixed,,feasible_start_adaptive_spacing,feasible_start_adaptive_spacing,True,7,12,feasible_start_adaptive_spacing,0.5,,True,auto_from_instance,0.75,0.35,5,"6,9,12",,,,,,"H[5,6,11,13,19]|V[6,9,12,13]",3f71d3604ac758ed2fc64782659a5c5b78ec10af
proposed_nsga2_bs_AT_S_comercial_layout_AW_3_seed_111,proposed_nsga2_bs,AT_S_comercial_layout_AW_3,111,0,auto_from_instance,10,15,3,28,150,,,,,6,2,6,root > V:6 > BH:11 > BV:13 > BH:19 > BH:12 > BH:6,selected,1,0.6920289855072463,True,213,97,116,294.0,1.0,1.0,True,True,1,1,0,True,1,1,0,0,True,True,0,5,4,5,4,2,LS,sampled_pool,,,False,0.06666666666666667,0.5,0.5,0.1,fixed,,feasible_start_adaptive_spacing,feasible_start_adaptive_spacing,True,7,12,feasible_start_adaptive_spacing,0.5,,True,auto_from_instance,0.75,0.35,5,"6,9,12",,,,,,"H[5,6,11,12,19]|V[6,9,12,13]",8fd75ce86e637920b9767990b8639d15c3a9c885
proposed_nsga2_bs_AT_S_comercial_layout_AW_3_seed_111,proposed_nsga2_bs,AT_S_comercial_layout_AW_3,111,0,auto_from_instance,10,15,3,28,150,,,,,7,3,6,root > V:5 > BH:11 > BH:19 > BH:13 > BH:7 > BV:13,selected,1,0.5437417654808959,True,219,92,127,286.0,1.0,1.0,True,True,1,1,0,True,1,1,0,0,True,True,0,5,3,5,3,3,PF,sampled_pool,,,False,0.06666666666666667,0.5,0.5,0.1,fixed,,feasible_start_adaptive_spacing,feasible_start_adaptive_spacing,True,7,12,feasible_start_adaptive_spacing,0.5,,True,auto_from_instance,0.75,0.35,1,"1,5,13",,,,,,"H[1,7,11,13,19]|V[1,5,13]",83db31f9197a36d619843bf3d29485607fd03847
proposed_nsga2_bs_AT_S_comercial_layout_AW_3_seed_111,proposed_nsga2_bs,AT_S_comercial_layout_AW_3,111,0,auto_from_instance,10,15,3,28,150,,,,,8,3,6,root > V:5 > BH:11 > BH:19 > BH:13 > BH:6 > BV:13,selected,1,0.29736495388669304,True,219,91,128,270.0,1.0,1.0,True,True,1,1,0,True,1,1,0,0,True,True,0,5,3,5,3,3,PF,sampled_pool,,,False,0.06666666666666667,0.5,0.5,0.1,fixed,,feasible_start_adaptive_spacing,feasible_start_adaptive_spacing,True,7,12,feasible_start_adaptive_spacing,0.5,,True,auto_from_instance,0.75,0.35,1,"1,5,13",,,,,,"H[1,6,11,13,19]|V[1,5,13]",e1f0e772df9443d724aa36f576d5bb596885ec2d
proposed_nsga2_bs_AT_S_comercial_layout_AW_3_seed_111,proposed_nsga2_bs,AT_S_comercial_layout_AW_3,111,0,auto_from_instance,10,15,3,28,150,,,,,9,3,6,root > V:5 > BH:11 > BH:19 > BH:12 > BH:6 > BV:13,selected,1,0.1756258234519104,True,219,91,128,270.0,1.0,1.0,True,True,1,1,0,True,1,1,0,0,True,True,0,5,3,5,3,3,PF,sampled_pool,,,False,0.06666666666666667,0.5,0.5,0.1,fixed,,feasible_start_adaptive_spacing,feasible_start_adaptive_spacing,True,7,12,feasible_start_adaptive_spacing,0.5,,True,auto_from_instance,0.75,0.35,1,"1,5,13",,,,,,"H[1,6,11,12,19]|V[1,5,13]",6c72f66ef47291931136417cf64cd419a5d3ab85
proposed_nsga2_bs_AT_S_comercial_layout_AW_3_seed_111,proposed_nsga2_bs,AT_S_comercial_layout_AW_3,111,0,auto_from_instance,10,15,3,28,150,,,,,10,4,3,root > V:13 > BH:10 > BH:17,evaluated,4,inf,False,270,81,189,289.0,1.0,1.0,True,True,1,1,0,True,1,1,0,0,True,True,0,3,3,3,3,4,RP_LS,sampled_pool,,,False,0.06666666666666667,0.5,0.5,0.1,fixed,,feasible_start_adaptive_spacing,feasible_start_adaptive_spacing,True,7,12,feasible_start_adaptive_spacing,0.5,,True,auto_from_instance,0.75,0.35,0,"2,4,13",,,,,,"H[0,10,17]|V[2,4,13]",0ec686c7a8222217e01ff5ef54febaac373ccd3a
proposed_nsga2_bs_AT_S_comercial_layout_AW_3_seed_111,proposed_nsga2_bs,AT_S_comercial_layout_AW_3,111,0,auto_from_instance,10,15,3,28,150,,,,,11,5,4,root > V:3 > BH:11 > BV:10 > BV:9,selected,0,inf,True,225,115,110,149.0,1.0,1.0,True,True,1,1,0,True,1,1,0,0,True,True,0,2,5,2,5,5,PF_RP,sampled_pool,,,False,0.06666666666666667,0.5,0.5,0.1,fixed,,feasible_start_adaptive_spacing,feasible_start_adaptive_spacing,True,7,12,feasible_start_adaptive_spacing,0.5,,True,auto_from_instance,0.75,0.35,4,"1,3,12",,,,,,"H[4,11]|V[1,3,9,10,12]",ae825089721f98e0d9805014401719023ff6a664
proposed_nsga2_bs_AT_S_comercial_layout_AW_3_seed_111,proposed_nsga2_bs,AT_S_comercial_layout_AW_3,111,0,auto_from_instance,10,15,3,28,150,,,,,12,5,4,root > V:3 > BH:11 > BV:9 > BV:9,selected,0,inf,True,225,115,110,149.0,1.0,1.0,True,True,1,1,0,True,1,1,0,0,True,True,0,2,4,2,4,5,PF_RP,sampled_pool,,,False,0.06666666666666667,0.5,0.5,0.1,fixed,,feasible_start_adaptive_spacing,feasible_start_adaptive_spacing,True,7,12,feasible_start_adaptive_spacing,0.5,,True,auto_from_instance,0.75,0.35,4,"1,3,12",,,,,,"H[4,11]|V[1,3,9,12]",0a75f2b327085dc5778e0a33aad21dbd318e0a85
proposed_nsga2_bs_AT_S_comercial_layout_AW_3_seed_111,proposed_nsga2_bs,AT_S_comercial_layout_AW_3,111,0,auto_from_instance,10,15,3,28,150,,,,,13,5,4,root > V:3 > BH:11 > BV:9 > BV:13,selected,1,1.3637022397891962,True,225,93,132,226.0,1.0,1.0,True,True,1,1,0,True,1,1,0,0,True,True,0,2,5,2,5,5,PF_RP,sampled_pool,,,False,0.06666666666666667,0.5,0.5,0.1,fixed,,feasible_start_adaptive_spacing,feasible_start_adaptive_spacing,True,7,12,feasible_start_adaptive_spacing,0.5,,True,auto_from_instance,0.75,0.35,4,"1,3,12",,,,,,"H[4,11]|V[1,3,9,12,13]",3fc0967e8cf1acc9db002871d4c6fad00e132dd7
proposed_nsga2_bs_AT_S_comercial_layout_AW_3_seed_111,proposed_nsga2_bs,AT_S_comercial_layout_AW_3,111,0,auto_from_instance,10,15,3,28,150,,,,,14,6,3,root > H:2 > BH:19 > BH:13,infeasible,,,False,264,124,140,204.0,0.6666666666666666,0.6666666666666666,True,True,3,2,1,False,2,2,1,36,False,True,0,3,2,3,2,6,PF_LS,sampled_pool,,,False,0.06666666666666667,0.5,0.5,0.1,fixed,,feasible_start_adaptive_spacing,feasible_start_adaptive_spacing,True,7,12,feasible_start_adaptive_spacing,0.5,,True,auto_from_instance,0.75,0.35,2,"2,8",,,,,,"H[2,13,19]|V[2,8]",2bd3e9cd006bf53b4ab55e36cd3a2c4ac7f102f1
proposed_nsga2_bs_AT_S_comercial_layout_AW_3_seed_111,proposed_nsga2_bs,AT_S_comercial_layout_AW_3,111,0,auto_from_instance,10,15,3,28,150,,,,,15,6,3,root > H:2 > BH:19 > BH:12,infeasible,,,False,264,124,140,204.0,0.6666666666666666,0.6666666666666666,True,True,3,2,1,False,2,2,1,36,False,True,0,3,2,3,2,6,PF_LS,sampled_pool,,,False,0.06666666666666667,0.5,0.5,0.1,fixed,,feasible_start_adaptive_spacing,feasible_start_adaptive_spacing,True,7,12,feasible_start_adaptive_spacing,0.5,,True,auto_from_instance,0.75,0.35,2,"2,8",,,,,,"H[2,12,19]|V[2,8]",7526c3a647f1a94ee3bfd1eb502f549460aaa19b
proposed_nsga2_bs_AT_S_comercial_layout_AW_3_seed_111,proposed_nsga2_bs,AT_S_comercial_layout_AW_3,111,0,auto_from_instance,10,15,3,28,150,,,,,16,6,3,root > H:2 > BH:18 > BH:12,infeasible,,,False,264,124,140,204.0,0.6666666666666666,0.6666666666666666,True,True,3,2,1,False,2,2,1,36,False,True,0,3,2,3,2,6,PF_LS,sampled_pool,,,False,0.06666666666666667,0.5,0.5,0.1,fixed,,feasible_start_adaptive_spacing,feasible_start_adaptive_spacing,True,7,12,feasible_start_adaptive_spacing,0.5,,True,auto_from_instance,0.75,0.35,2,"2,8",,,,,,"H[2,12,18]|V[2,8]",699e32fdd66e4e66693f13ee6e9b9576a4e6dcf3
proposed_nsga2_bs_AT_S_comercial_layout_AW_3_seed_111,proposed_nsga2_bs,AT_S_comercial_layout_AW_3,111,0,auto_from_instance,10,15,3,28,150,,,,,17,7,3,root > V:4 > BH:11 > BV:13,evaluated,6,inf,False,261,80,181,461.0,1.0,1.0,True,True,1,1,0,True,1,1,0,0,True,True,0,2,3,2,3,7,LS_RP,sampled_pool,,,False,0.06666666666666667,0.5,0.5,0.1,fixed,,feasible_start_adaptive_spacing,feasible_start_adaptive_spacing,True,7,12,feasible_start_adaptive_spacing,0.5,,True,auto_from_instance,0.75,0.35,2,"4,7,13",,,,,,"H[2,11]|V[4,7,13]",8bfb9435a515ea468961cbb09b0436e70bfb53b3
proposed_nsga2_bs_AT_S_comercial_layout_AW_3_seed_111,proposed_nsga2_bs,AT_S_comercial_layout_AW_3,111,0,auto_from_instance,10,15,3,28,150,,,,,18,7,3,root > V:13 > BH:12 > BH:19,evaluated,5,inf,False,270,82,188,367.0,1.0,1.0,True,True,1,1,0,True,1,1,0,0,True,True,0,3,3,3,3,7,LS_RP,sampled_pool,,,False,0.06666666666666667,0.5,0.5,0.1,fixed,,feasible_start_adaptive_spacing,feasible_start_adaptive_spacing,True,7,12,feasible_start_adaptive_spacing,0.5,,True,auto_from_instance,0.75,0.35,2,"4,7,13",,,,,,"H[2,12,19]|V[4,7,13]",4966da0ed6211d05f7118b5ba9431c53521924b7
proposed_nsga2_bs_AT_S_comercial_layout_AW_3_seed_111,proposed_nsga2_bs,AT_S_comercial_layout_AW_3,111,0,auto_from_instance,10,15,3,28,150,,,,,19,8,6,root > V:5 > BH:11 > BH:18 > BH:11 > BH:3 > BV:13,selected,1,inf,True,219,90,129,209.0,1.0,1.0,True,True,1,1,0,True,1,1,0,0,True,True,0,3,4,3,4,8,SS,sampled_pool,,,True,0.06666666666666667,0.5,0.5,0.1,fixed,,feasible_start_adaptive_spacing,feasible_start_adaptive_spacing,True,7,12,feasible_start_adaptive_spacing,0.5,,True,auto_from_instance,0.75,0.35,,"1,5,8",,,,,,"H[3,11,18]|V[1,5,8,13]",cbba08a07531cc6542f27ca98621791bd35cab77
proposed_nsga2_bs_AT_S_comercial_layout_AW_3_seed_111,proposed_nsga2_bs,AT_S_comercial_layout_AW_3,111,0,auto_from_instance,10,15,3,28,150,,,,,20,8,6,root > V:5 > BH:11 > BH:18 > BH:11 > BH:4 > BV:13,evaluated,2,inf,False,219,90,129,219.0,1.0,1.0,True,True,1,1,0,True,1,1,0,0,True,True,0,3,4,3,4,8,SS,sampled_pool,,,True,0.06666666666666667,0.5,0.5,0.1,fixed,,feasible_start_adaptive_spacing,feasible_start_adaptive_spacing,True,7,12,feasible_start_adaptive_spacing,0.5,,True,auto_from_instance,0.75,0.35,,"1,5,8",,,,,,"H[4,11,18]|V[1,5,8,13]",921a2f686e289ae60d0982a91fa50f82c81b2441
proposed_nsga2_bs_AT_S_comercial_layout_AW_3_seed_111,proposed_nsga2_bs,AT_S_comercial_layout_AW_3,111,0,auto_from_instance,10,15,3,28,150,,,,,21,8,6,root > V:5 > BH:11 > BH:19 > BH:12 > BH:4 > BV:13,evaluated,3,inf,False,219,90,129,234.0,1.0,1.0,True,True,1,1,0,True,1,1,0,0,True,True,0,4,4,4,4,8,SS,sampled_pool,,,True,0.06666666666666667,0.5,0.5,0.1,fixed,,feasible_start_adaptive_spacing,feasible_start_adaptive_spacing,True,7,12,feasible_start_adaptive_spacing,0.5,,True,auto_from_instance,0.75,0.35,,"1,5,8",,,,,,"H[4,11,12,19]|V[1,5,8,13]",57428aa232f932ac2cf2f979b5ac4d7a8b3dfc81
proposed_nsga2_bs_AT_S_comercial_layout_AW_3_seed_111,proposed_nsga2_bs,AT_S_comercial_layout_AW_3,111,0,auto_from_instance,10,15,3,28,150,,,,,22,9,3,root > V:0 > BH:11 > BH:18,evaluated,4,inf,False,243,85,158,367.0,1.0,1.0,True,True,1,1,0,True,1,1,0,0,True,True,0,4,3,4,3,9,RP,sampled_pool,,,False,0.06666666666666667,0.5,0.5,0.1,fixed,,feasible_start_adaptive_spacing,feasible_start_adaptive_spacing,True,7,12,feasible_start_adaptive_spacing,0.5,,True,auto_from_instance,0.75,0.35,"2,6","0,6,7",,,,,,"H[2,6,11,18]|V[0,6,7]",a06173efc61694b475ed0bb967fdbf0bc28bf0a8
proposed_nsga2_bs_AT_S_comercial_layout_AW_3_seed_111,proposed_nsga2_bs,AT_S_comercial_layout_AW_3,111,0,auto_from_instance,10,15,3,28,150,,,,,23,9,3,root > V:0 > BH:11 > BH:19,evaluated,5,inf,False,243,85,158,406.0,1.0,1.0,True,True,1,1,0,True,1,1,0,0,True,True,0,4,3,4,3,9,RP,sampled_pool,,,False,0.06666666666666667,0.5,0.5,0.1,fixed,,feasible_start_adaptive_spacing,feasible_start_adaptive_spacing,True,7,12,feasible_start_adaptive_spacing,0.5,,True,auto_from_instance,0.75,0.35,"2,6","0,6,7",,,,,,"H[2,6,11,19]|V[0,6,7]",c6dfc27680cf9ab70f12f2c8285c75455967f8c9
proposed_nsga2_bs_AT_S_comercial_layout_AW_3_seed_111,proposed_nsga2_bs,AT_S_comercial_layout_AW_3,111,0,auto_from_instance,10,15,3,28,150,,,,,24,9,3,root > V:0 > BH:11 > BH:17,evaluated,5,inf,False,243,85,158,406.0,1.0,1.0,True,True,1,1,0,True,1,1,0,0,True,True,0,4,3,4,3,9,RP,sampled_pool,,,False,0.06666666666666667,0.5,0.5,0.1,fixed,,feasible_start_adaptive_spacing,feasible_start_adaptive_spacing,True,7,12,feasible_start_adaptive_spacing,0.5,,True,auto_from_instance,0.75,0.35,"2,6","0,6,7",,,,,,"H[2,6,11,17]|V[0,6,7]",3ea2b2cb9290c5d666984c69b16bc63ae932c183
proposed_nsga2_bs_AT_S_comercial_layout_AW_3_seed_111,proposed_nsga2_bs,AT_S_comercial_layout_AW_3,111,1,auto_from_instance,10,15,3,28,150,,,,,1,1,4,root > V:3 > BH:11 > BV:10 > BV:9,selected,0,inf,True,225,115,110,149.0,1.0,1.0,True,True,1,1,0,True,1,1,0,0,True,True,0,6,6,6,6,1,SS_PF_LS,sampled_pool,,,True,0.13333333333333333,0.5,0.5,0.1,fixed,bit_flip,offspring,feasible_start_adaptive_spacing,,,,feasible_start_adaptive_spacing,0.5,,True,auto_from_instance,0.75,0.35,"5,7,11,12,13,19","1,3,9,12,13",,,,,,"H[5,7,11,12,13,19]|V[1,3,9,10,12,13]",ae825089721f98e0d9805014401719023ff6a664
proposed_nsga2_bs_AT_S_comercial_layout_AW_3_seed_111,proposed_nsga2_bs,AT_S_comercial_layout_AW_3,111,1,auto_from_instance,10,15,3,28,150,,,,,2,1,4,root > V:3 > BH:11 > BV:9 > BV:9,selected,0,inf,True,225,115,110,149.0,1.0,1.0,True,True,1,1,0,True,1,1,0,0,True,True,0,6,5,6,5,1,SS_PF_LS,sampled_pool,,,True,0.13333333333333333,0.5,0.5,0.1,fixed,bit_flip,offspring,feasible_start_adaptive_spacing,,,,feasible_start_adaptive_spacing,0.5,,True,auto_from_instance,0.75,0.35,"5,7,11,12,13,19","1,3,9,12,13",,,,,,"H[5,7,11,12,13,19]|V[1,3,9,12,13]",0a75f2b327085dc5778e0a33aad21dbd318e0a85
proposed_nsga2_bs_AT_S_comercial_layout_AW_3_seed_111,proposed_nsga2_bs,AT_S_comercial_layout_AW_3,111,1,auto_from_instance,10,15,3,28,150,,,,,3,1,4,root > V:3 > BH:11 > BV:9 > BV:13,evaluated,2,inf,False,225,93,132,226.0,1.0,1.0,True,True,1,1,0,True,1,1,0,0,True,True,0,6,5,6,5,1,SS_PF_LS,sampled_pool,,,True,0.13333333333333333,0.5,0.5,0.1,fixed,bit_flip,offspring,feasible_start_adaptive_spacing,,,,feasible_start_adaptive_spacing,0.5,,True,auto_from_instance,0.75,0.35,"5,7,11,12,13,19","1,3,9,12,13",,,,,,"H[5,7,11,12,13,19]|V[1,3,9,12,13]",3fc0967e8cf1acc9db002871d4c6fad00e132dd7
proposed_nsga2_bs_AT_S_comercial_layout_AW_3_seed_111,proposed_nsga2_bs,AT_S_comercial_layout_AW_3,111,1,auto_from_instance,10,15,3,28,150,,,,,4,2,6,root > V:6 > BH:11 > BH:19 > BH:13 > BH:7 > BV:13,selected,1,inf,True,213,98,115,319.0,1.0,1.0,True,True,1,1,0,True,1,1,0,0,True,True,0,5,4,5,4,2,PF_LS,sampled_pool,,,False,0.13333333333333333,0.5,0.5,0.1,fixed,remove_random_aisle,offspring,feasible_start_adaptive_spacing,,,,feasible_start_adaptive_spacing,0.5,,True,auto_from_instance,0.75,0.35,4,"6,9,12",,,,,,"H[4,7,11,13,19]|V[6,9,12,13]",23ef570038b4a2e4003284fcf16d928fbd63ba52
proposed_nsga2_bs_AT_S_comercial_layout_AW_3_seed_111,proposed_nsga2_bs,AT_S_comercial_layout_AW_3,111,1,auto_from_instance,10,15,3,28,150,,,,,5,2,6,root > V:6 > BH:11 > BH:19 > BH:13 > BH:6 > BV:13,evaluated,2,inf,False,213,97,116,294.0,1.0,1.0,True,True,1,1,0,True,1,1,0,0,True,True,0,5,4,5,4,2,PF_LS,sampled_pool,,,False,0.13333333333333333,0.5,0.5,0.1,fixed,remove_random_aisle,offspring,feasible_start_adaptive_spacing,,,,feasible_start_adaptive_spacing,0.5,,True,auto_from_instance,0.75,0.35,4,"6,9,12",,,,,,"H[4,6,11,13,19]|V[6,9,12,13]",3f71d3604ac758ed2fc64782659a5c5b78ec10af
proposed_nsga2_bs_AT_S_comercial_layout_AW_3_seed_111,proposed_nsga2_bs,AT_S_comercial_layout_AW_3,111,1,auto_from_instance,10,15,3,28,150,,,,,6,2,6,root > V:6 > BH:11 > BH:19 > BH:12 > BH:6 > BV:13,evaluated,2,inf,False,213,97,116,294.0,1.0,1.0,True,True,1,1,0,True,1,1,0,0,True,True,0,5,4,5,4,2,PF_LS,sampled_pool,,,False,0.13333333333333333,0.5,0.5,0.1,fixed,remove_random_aisle,offspring,feasible_start_adaptive_spacing,,,,feasible_start_adaptive_spacing,0.5,,True,auto_from_instance,0.75,0.35,4,"6,9,12",,,,,,"H[4,6,11,12,19]|V[6,9,12,13]",8fd75ce86e637920b9767990b8639d15c3a9c885
proposed_nsga2_bs_AT_S_comercial_layout_AW_3_seed_111,proposed_nsga2_bs,AT_S_comercial_layout_AW_3,111,1,auto_from_instance,10,15,3,28,150,,,,,7,3,6,root > V:6 > BH:11 > BH:19 > BH:12 > BH:3 > BV:13,selected,1,inf,True,213,97,116,186.0,1.0,1.0,True,True,1,1,0,True,1,1,0,0,True,True,0,4,5,4,5,3,PF_RP,sampled_pool,,,False,0.13333333333333333,0.5,0.5,0.1,fixed,break_symmetry,offspring,feasible_start_adaptive_spacing,,,,feasible_start_adaptive_spacing,0.5,,True,auto_from_instance,0.75,0.35,"3,11,19","1,6,9,12,13",,,,,,"H[3,11,12,19]|V[1,6,9,12,13]",b4012e63027e98af1c9b903c6073f2c7d839fa07
proposed_nsga2_bs_AT_S_comercial_layout_AW_3_seed_111,proposed_nsga2_bs,AT_S_comercial_layout_AW_3,111,1,auto_from_instance,10,15,3,28,150,,,,,8,3,6,root > V:6 > BH:11 > BH:18 > BH:12 > BH:3 > BV:13,selected,1,inf,True,213,97,116,186.0,1.0,1.0,True,True,1,1,0,True,1,1,0,0,True,True,0,5,5,5,5,3,PF_RP,sampled_pool,,,False,0.13333333333333333,0.5,0.5,0.1,fixed,break_symmetry,offspring,feasible_start_adaptive_spacing,,,,feasible_start_adaptive_spacing,0.5,,True,auto_from_instance,0.75,0.35,"3,11,19","1,6,9,12,13",,,,,,"H[3,11,12,18,19]|V[1,6,9,12,13]",5d31a8ee0a0514c37e90291823b55cfda5397753
proposed_nsga2_bs_AT_S_comercial_layout_AW_3_seed_111,proposed_nsga2_bs,AT_S_comercial_layout_AW_3,111,1,auto_from_instance,10,15,3,28,150,,,,,9,4,4,root > H:5 > BH:19 > BH:13 > BV:6,evaluated,1,inf,False,249,123,126,228.0,1.0,1.0,True,True,3,3,0,False,1,1,0,0,True,True,0,5,5,5,5,4,LS_PF,sampled_pool,,,False,0.13333333333333333,0.5,0.5,0.1,fixed,swap_segments,offspring,feasible_start_adaptive_spacing,,,,feasible_start_adaptive_spacing,0.5,,True,auto_from_instance,0.75,0.35,"5,7,11,13","3,9,10,16",,,,,,"H[5,7,11,13,19]|V[3,6,9,10,16]",527782c0f63e2d23e929468edf419ace24e96a7b
proposed_nsga2_bs_AT_S_comercial_layout_AW_3_seed_111,proposed_nsga2_bs,AT_S_comercial_layout_AW_3,111,1,auto_from_instance,10,15,3,28,150,,,,,10,4,4,root > H:5 > BH:19 > BH:12 > BV:6,selected,0,0.9491197183098592,True,249,123,126,180.0,1.0,1.0,True,True,3,3,0,False,1,1,0,0,True,True,0,6,5,6,5,4,LS_PF,sampled_pool,,,False,0.13333333333333333,0.5,0.5,0.1,fixed,swap_segments,offspring,feasible_start_adaptive_spacing,,,,feasible_start_adaptive_spacing,0.5,,True,auto_from_instance,0.75,0.35,"5,7,11,13","3,9,10,16",,,,,,"H[5,7,11,12,13,19]|V[3,6,9,10,16]",e0d925e4dda12dce5bdacd005384655ca7744b80
proposed_nsga2_bs_AT_S_comercial_layout_AW_3_seed_111,proposed_nsga2_bs,AT_S_comercial_layout_AW_3,111,1,auto_from_instance,10,15,3,28,150,,,,,11,4,4,root > H:5 > BH:18 > BH:12 > BV:6,selected,0,inf,True,249,123,126,180.0,1.0,1.0,True,True,3,3,0,False,1,1,0,0,True,True,0,6,5,6,5,4,LS_PF,sampled_pool,,,False,0.13333333333333333,0.5,0.5,0.1,fixed,swap_segments,offspring,feasible_start_adaptive_spacing,,,,feasible_start_adaptive_spacing,0.5,,True,auto_from_instance,0.75,0.35,"5,7,11,13","3,9,10,16",,,,,,"H[5,7,11,12,13,18]|V[3,6,9,10,16]",5746b08b3776422e0780d272b1aa6262f068f19d
proposed_nsga2_bs_AT_S_comercial_layout_AW_3_seed_111,proposed_nsga2_bs,AT_S_comercial_layout_AW_3,111,1,auto_from_instance,10,15,3,28,150,,,,,12,5,3,root > H:0 > BH:13 > BH:19,infeasible,,,False,264,112,152,304.0,0.6666666666666666,0.6666666666666666,True,True,3,2,1,False,2,2,1,36,False,True,0,4,4,4,4,5,LS_SS,sampled_pool,,,True,0.13333333333333333,0.5,0.5,0.1,fixed,spacing_aware_flip,offspring,feasible_start_adaptive_spacing,,,,feasible_start_adaptive_spacing,0.5,,True,auto_from_instance,0.75,0.35,"0,11","9,10,13,20",,,,,,"H[0,11,13,19]|V[9,10,13,20]",950ee75e18a7324d716f07fc5f40d204163730e2
proposed_nsga2_bs_AT_S_comercial_layout_AW_3_seed_111,proposed_nsga2_bs,AT_S_comercial_layout_AW_3,111,1,auto_from_instance,10,15,3,28,150,,,,,13,5,3,root > H:0 > BH:12 > BH:19,infeasible,,,False,264,112,152,304.0,0.6666666666666666,0.6666666666666666,True,True,3,2,1,False,2,2,1,36,False,True,0,4,4,4,4,5,LS_SS,sampled_pool,,,True,0.13333333333333333,0.5,0.5,0.1,fixed,spacing_aware_flip,offspring,feasible_start_adaptive_spacing,,,,feasible_start_adaptive_spacing,0.5,,True,auto_from_instance,0.75,0.35,"0,11","9,10,13,20",,,,,,"H[0,11,12,19]|V[9,10,13,20]",11d27c2a7f5e4ebc3a795bed39ed686103500a2a
proposed_nsga2_bs_AT_S_comercial_layout_AW_3_seed_111,proposed_nsga2_bs,AT_S_comercial_layout_AW_3,111,1,auto_from_instance,10,15,3,28,150,,,,,14,5,3,root > H:0 > BH:12 > BH:18,infeasible,,,False,264,112,152,304.0,0.6666666666666666,0.6666666666666666,True,True,3,2,1,False,2,2,1,36,False,True,0,4,4,4,4,5,LS_SS,sampled_pool,,,True,0.13333333333333333,0.5,0.5,0.1,fixed,spacing_aware_flip,offspring,feasible_start_adaptive_spacing,,,,feasible_start_adaptive_spacing,0.5,,True,auto_from_instance,0.75,0.35,"0,11","9,10,13,20",,,,,,"H[0,11,12,18]|V[9,10,13,20]",15fe48c766a363142b69a391a2606455e2086298
proposed_nsga2_bs_AT_S_comercial_layout_AW_3_seed_111,proposed_nsga2_bs,AT_S_comercial_layout_AW_3,111,1,auto_from_instance,10,15,3,28,150,,,,,15,10,4,root > H:6 > BH:19 > BH:13 > BV:6,selected,0,inf,True,246,125,121,220.0,1.0,1.0,True,True,3,3,0,False,1,1,0,0,True,True,0,6,3,6,3,10,PF,sampled_pool,,,False,0.13333333333333333,0.5,0.5,0.1,fixed,remove_random_aisle,offspring,feasible_start_adaptive_spacing,,,,feasible_start_adaptive_spacing,0.5,,True,auto_from_instance,0.75,0.35,"5,6,11,12","12,13",,,,,,"H[5,6,11,12,13,19]|V[6,12,13]",b7b547cb4691e62927f5ec7084cd7b1a79656bde
proposed_nsga2_bs_AT_S_comercial_layout_AW_3_seed_111,proposed_nsga2_bs,AT_S_comercial_layout_AW_3,111,1,auto_from_instance,10,15,3,28,150,,,,,16,10,4,root > H:6 > BH:19 > BH:12 > BV:6,selected,0,0.0,True,246,125,121,220.0,1.0,1.0,True,True,3,3,0,False,1,1,0,0,True,True,0,5,3,5,3,10,PF,sampled_pool,,,False,0.13333333333333333,0.5,0.5,0.1,fixed,remove_random_aisle,offspring,feasible_start_adaptive_spacing,,,,feasible_start_adaptive_spacing,0.5,,True,auto_from_instance,0.75,0.35,"5,6,11,12","12,13",,,,,,"H[5,6,11,12,19]|V[6,12,13]",8fa87276d2b14fc4f92952c7fc191729e3f9d77e
proposed_nsga2_bs_AT_S_comercial_layout_AW_3_seed_111,proposed_nsga2_bs,AT_S_comercial_layout_AW_3,111,1,auto_from_instance,10,15,3,28,150,,,,,17,10,4,root > H:6 > BH:18 > BH:12 > BV:6,selected,0,inf,True,246,125,121,220.0,1.0,1.0,True,True,3,3,0,False,1,1,0,0,True,True,0,5,3,5,3,10,PF,sampled_pool,,,False,0.13333333333333333,0.5,0.5,0.1,fixed,remove_random_aisle,offspring,feasible_start_adaptive_spacing,,,,feasible_start_adaptive_spacing,0.5,,True,auto_from_instance,0.75,0.35,"5,6,11,12","12,13",,,,,,"H[5,6,11,12,18]|V[6,12,13]",e0fad9e658853185297715315da7e4e7f9350fec
proposed_nsga2_bs_AT_S_comercial_layout_AW_3_seed_111,proposed_nsga2_bs,AT_S_comercial_layout_AW_3,111,2,auto_from_instance,10,15,3,28,150,,,,,1,1,5,root > H:6 > BH:15 > BV:3 > BH:22 > BV:9,selected,1,inf,True,228,98,130,126.0,1.0,1.0,True,True,3,3,0,False,1,1,0,0,True,True,0,7,4,7,4,1,RP_LS,sampled_pool,,,False,0.2,0.5,0.5,0.1,fixed,remove_random_aisle,offspring,feasible_start_adaptive_spacing,,,,feasible_start_adaptive_spacing,0.5,,True,auto_from_instance,0.75,0.35,"5,6,11,12,18","6,13",,,,,,"H[5,6,11,12,15,18,22]|V[3,6,9,13]",ff831007d2cb19c27f4223a274bf22a7edbbf53e
proposed_nsga2_bs_AT_S_comercial_layout_AW_3_seed_111,proposed_nsga2_bs,AT_S_comercial_layout_AW_3,111,2,auto_from_instance,10,15,3,28,150,,,,,2,1,5,root > H:6 > BH:16 > BV:3 > BH:22 > BV:9,evaluated,2,2.1786020607073238,False,228,98,130,206.0,1.0,1.0,True,True,3,3,0,False,1,1,0,0,True,True,0,7,4,7,4,1,RP_LS,sampled_pool,,,False,0.2,0.5,0.5,0.1,fixed,remove_random_aisle,offspring,feasible_start_adaptive_spacing,,,,feasible_start_adaptive_spacing,0.5,,True,auto_from_instance,0.75,0.35,"5,6,11,12,18","6,13",,,,,,"H[5,6,11,12,16,18,22]|V[3,6,9,13]",3f6c5650382557808c9ce9ea61d9656b41539743
proposed_nsga2_bs_AT_S_comercial_layout_AW_3_seed_111,proposed_nsga2_bs,AT_S_comercial_layout_AW_3,111,2,auto_from_instance,10,15,3,28,150,,,,,3,2,4,root > H:6 > BH:19 > BH:13 > BV:6,selected,1,inf,True,246,125,121,220.0,1.0,1.0,True,True,3,3,0,False,1,1,0,0,True,True,0,5,3,5,3,2,LS,sampled_pool,,,False,0.2,0.5,0.5,0.1,fixed,remove_random_aisle,offspring,feasible_start_adaptive_spacing,,,,feasible_start_adaptive_spacing,0.5,,True,auto_from_instance,0.75,0.35,"6,11,12,13,19","6,12,13",,,,,,"H[6,11,12,13,19]|V[6,12,13]",b7b547cb4691e62927f5ec7084cd7b1a79656bde
proposed_nsga2_bs_AT_S_comercial_layout_AW_3_seed_111,proposed_nsga2_bs,AT_S_comercial_layout_AW_3,111,2,auto_from_instance,10,15,3,28,150,,,,,4,2,4,root > H:6 > BH:19 > BH:12 > BV:6,selected,1,0.0,True,246,125,121,220.0,1.0,1.0,True,True,3,3,0,False,1,1,0,0,True,True,0,5,3,5,3,2,LS,sampled_pool,,,False,0.2,0.5,0.5,0.1,fixed,remove_random_aisle,offspring,feasible_start_adaptive_spacing,,,,feasible_start_adaptive_spacing,0.5,,True,auto_from_instance,0.75,0.35,"6,11,12,13,19","6,12,13",,,,,,"H[6,11,12,13,19]|V[6,12,13]",8fa87276d2b14fc4f92952c7fc191729e3f9d77e
proposed_nsga2_bs_AT_S_comercial_layout_AW_3_seed_111,proposed_nsga2_bs,AT_S_comercial_layout_AW_3,111,2,auto_from_instance,10,15,3,28,150,,,,,5,2,4,root > H:6 > BH:18 > BH:12 > BV:6,selected,1,inf,True,246,125,121,220.0,1.0,1.0,True,True,3,3,0,False,1,1,0,0,True,True,0,6,3,6,3,2,LS,sampled_pool,,,False,0.2,0.5,0.5,0.1,fixed,remove_random_aisle,offspring,feasible_start_adaptive_spacing,,,,feasible_start_adaptive_spacing,0.5,,True,auto_from_instance,0.75,0.35,"6,11,12,13,19","6,12,13",,,,,,"H[6,11,12,13,18,19]|V[6,12,13]",e0fad9e658853185297715315da7e4e7f9350fec
proposed_nsga2_bs_AT_S_comercial_layout_AW_3_seed_111,proposed_nsga2_bs,AT_S_comercial_layout_AW_3,111,2,auto_from_instance,10,15,3,28,150,,,,,6,3,4,root > V:3 > BH:11 > BV:10 > BV:9,selected,1,inf,True,225,115,110,149.0,1.0,1.0,True,True,1,1,0,True,1,1,0,0,True,True,0,6,7,6,7,3,LS_RP,sampled_pool,,,False,0.2,0.5,0.5,0.1,fixed,insert_random_aisle,offspring,feasible_start_adaptive_spacing,,,,feasible_start_adaptive_spacing,0.5,,True,auto_from_instance,0.75,0.35,"5,7,11,12,13,19","1,3,12,13,20",,,,,,"H[5,7,11,12,13,19]|V[1,3,9,10,12,13,20]",ae825089721f98e0d9805014401719023ff6a664
proposed_nsga2_bs_AT_S_comercial_layout_AW_3_seed_111,proposed_nsga2_bs,AT_S_comercial_layout_AW_3,111,2,auto_from_instance,10,15,3,28,150,,,,,7,3,4,root > V:3 > BH:11 > BV:9 > BV:9,selected,1,1.9349487785658002,True,225,115,110,149.0,1.0,1.0,True,True,1,1,0,True,1,1,0,0,True,True,0,6,6,6,6,3,LS_RP,sampled_pool,,,False,0.2,0.5,0.5,0.1,fixed,insert_random_aisle,offspring,feasible_start_adaptive_spacing,,,,feasible_start_adaptive_spacing,0.5,,True,auto_from_instance,0.75,0.35,"5,7,11,12,13,19","1,3,12,13,20",,,,,,"H[5,7,11,12,13,19]|V[1,3,9,12,13,20]",0a75f2b327085dc5778e0a33aad21dbd318e0a85
proposed_nsga2_bs_AT_S_comercial_layout_AW_3_seed_111,proposed_nsga2_bs,AT_S_comercial_layout_AW_3,111,2,auto_from_instance,10,15,3,28,150,,,,,8,3,4,root > V:3 > BH:11 > BV:9 > BV:13,evaluated,3,inf,False,225,93,132,226.0,1.0,1.0,True,True,1,1,0,True,1,1,0,0,True,True,0,6,6,6,6,3,LS_RP,sampled_pool,,,False,0.2,0.5,0.5,0.1,fixed,insert_random_aisle,offspring,feasible_start_adaptive_spacing,,,,feasible_start_adaptive_spacing,0.5,,True,auto_from_instance,0.75,0.35,"5,7,11,12,13,19","1,3,12,13,20",,,,,,"H[5,7,11,12,13,19]|V[1,3,9,12,13,20]",3fc0967e8cf1acc9db002871d4c6fad00e132dd7
proposed_nsga2_bs_AT_S_comercial_layout_AW_3_seed_111,proposed_nsga2_bs,AT_S_comercial_layout_AW_3,111,2,auto_from_instance,10,15,3,28,150,,,,,9,6,5,root > H:5 > BH:18 > BH:12 > BV:3 > BV:9,selected,0,inf,True,234,127,107,89.0,1.0,1.0,True,True,3,3,0,False,1,1,0,0,True,True,0,8,6,8,6,6,PF_SS_RP,sampled_pool,,,True,0.2,0.5,0.5,0.1,fixed,bit_flip,offspring,feasible_start_adaptive_spacing,,,,feasible_start_adaptive_spacing,0.5,,True,auto_from_instance,0.75,0.35,"5,7,10,11,12,13,19","6,12,13,16",,,,,,"H[5,7,10,11,12,13,18,19]|V[3,6,9,12,13,16]",02eb0b54c6dd00fb01351bf57377ea9aaccaed72
proposed_nsga2_bs_AT_S_comercial_layout_AW_3_seed_111,proposed_nsga2_bs,AT_S_comercial_layout_AW_3,111,2,auto_from_instance,10,15,3,28,150,,,,,10,9,3,root > H:4 > BH:19 > BH:13,selected,2,inf,True,264,124,140,220.0,1.0,1.0,True,True,3,3,0,False,1,1,0,0,True,True,0,4,3,4,3,9,PF_LS,sampled_pool,,,False,0.2,0.5,0.5,0.1,fixed,remove_random_aisle,offspring,feasible_start_adaptive_spacing,,,,feasible_start_adaptive_spacing,0.5,,True,auto_from_instance,0.75,0.35,"4,7,13,19","6,12,13",,,,,,"H[4,7,13,19]|V[6,12,13]",97e98cf5a19137e4615722da1bdb4778bc57cbe3
proposed_nsga2_bs_AT_S_comercial_layout_AW_3_seed_111,proposed_nsga2_bs,AT_S_comercial_layout_AW_3,111,2,auto_from_instance,10,15,3,28,150,,,,,11,9,3,root > H:4 > BH:19 > BH:12,evaluated,2,0.0,False,264,124,140,220.0,1.0,1.0,True,True,3,3,0,False,1,1,0,0,True,True,0,5,3,5,3,9,PF_LS,sampled_pool,,,False,0.2,0.5,0.5,0.1,fixed,remove_random_aisle,offspring,feasible_start_adaptive_spacing,,,,feasible_start_adaptive_spacing,0.5,,True,auto_from_instance,0.75,0.35,"4,7,13,19","6,12,13",,,,,,"H[4,7,12,13,19]|V[6,12,13]",6ae8b1bd832fc740d0dfbc7e61143b8d5f7b71ea
proposed_nsga2_bs_AT_S_comercial_layout_AW_3_seed_111,proposed_nsga2_bs,AT_S_comercial_layout_AW_3,111,2,auto_from_instance,10,15,3,28,150,,,,,12,9,3,root > H:4 > BH:18 > BH:12,selected,2,inf,True,264,124,140,220.0,1.0,1.0,True,True,3,3,0,False,1,1,0,0,True,True,0,6,3,6,3,9,PF_LS,sampled_pool,,,False,0.2,0.5,0.5,0.1,fixed,remove_random_aisle,offspring,feasible_start_adaptive_spacing,,,,feasible_start_adaptive_spacing,0.5,,True,auto_from_instance,0.75,0.35,"4,7,13,19","6,12,13",,,,,,"H[4,7,12,13,18,19]|V[6,12,13]",cd1e51a231a34a7a16e55f52340d009aaca24055
proposed_nsga2_bs_AT_S_comercial_layout_AW_3_seed_111,proposed_nsga2_bs,AT_S_comercial_layout_AW_3,111,2,auto_from_instance,10,15,3,28,150,,,,,13,10,6,root > V:6 > BH:11 > BV:13 > BH:19 > BH:13 > BH:7,selected,2,inf,True,213,98,115,319.0,1.0,1.0,True,True,1,1,0,True,1,1,0,0,True,True,0,6,4,6,4,10,LS_SS,sampled_pool,,,True,0.2,0.5,0.5,0.1,fixed,break_symmetry,offspring,feasible_start_adaptive_spacing,,,,feasible_start_adaptive_spacing,0.5,,True,auto_from_instance,0.75,0.35,"5,6,11,13,19","6,9,12,13",,,,,,"H[5,6,7,11,13,19]|V[6,9,12,13]",23ef570038b4a2e4003284fcf16d928fbd63ba52
proposed_nsga2_bs_AT_S_comercial_layout_AW_3_seed_111,proposed_nsga2_bs,AT_S_comercial_layout_AW_3,111,2,auto_from_instance,10,15,3,28,150,,,,,14,10,6,root > V:6 > BH:11 > BV:13 > BH:19 > BH:12 > BH:3,evaluated,2,inf,False,213,97,116,186.0,1.0,1.0,True,True,1,1,0,True,1,1,0,0,True,True,0,7,4,7,4,10,LS_SS,sampled_pool,,,True,0.2,0.5,0.5,0.1,fixed,break_symmetry,offspring,feasible_start_adaptive_spacing,,,,feasible_start_adaptive_spacing,0.5,,True,auto_from_instance,0.75,0.35,"5,6,11,13,19","6,9,12,13",,,,,,"H[3,5,6,11,12,13,19]|V[6,9,12,13]",b4012e63027e98af1c9b903c6073f2c7d839fa07
proposed_nsga2_bs_AT_S_comercial_layout_AW_3_seed_111,proposed_nsga2_bs,AT_S_comercial_layout_AW_3,111,2,auto_from_instance,10,15,3,28,150,,,,,15,10,6,root > V:6 > BH:11 > BV:13 > BH:18 > BH:12 > BH:3,evaluated,2,inf,False,213,97,116,186.0,1.0,1.0,True,True,1,1,0,True,1,1,0,0,True,True,0,8,4,8,4,10,LS_SS,sampled_pool,,,True,0.2,0.5,0.5,0.1,fixed,break_symmetry,offspring,feasible_start_adaptive_spacing,,,,feasible_start_adaptive_spacing,0.5,,True,auto_from_instance,0.75,0.35,"5,6,11,13,19","6,9,12,13",,,,,,"H[3,5,6,11,12,13,18,19]|V[6,9,12,13]",5d31a8ee0a0514c37e90291823b55cfda5397753
proposed_nsga2_bs_AT_S_comercial_layout_AW_3_seed_111,proposed_nsga2_bs,AT_S_comercial_layout_AW_3,111,3,auto_from_instance,10,15,3,28,150,,,,,1,1,5,root > H:6 > BH:15 > BV:3 > BV:9 > BH:22,selected,0,inf,True,228,98,130,126.0,1.0,1.0,True,True,3,3,0,False,1,1,0,0,True,True,0,9,5,9,5,1,PF_SS_RP,sampled_pool,,,True,0.26666666666666666,0.5,0.5,0.1,fixed,swap_segments,offspring,feasible_start_adaptive_spacing,,,,feasible_start_adaptive_spacing,0.5,,True,auto_from_instance,0.75,0.35,"5,6,7,11,19,20,21","9,10,12,13",,,,,,"H[5,6,7,11,15,19,20,21,22]|V[3,9,10,12,13]",ff831007d2cb19c27f4223a274bf22a7edbbf53e
proposed_nsga2_bs_AT_S_comercial_layout_AW_3_seed_111,proposed_nsga2_bs,AT_S_comercial_layout_AW_3,111,3,auto_from_instance,10,15,3,28,150,,,,,2,1,5,root > H:6 > BH:16 > BV:3 > BV:9 > BH:22,selected,1,inf,True,228,98,130,206.0,1.0,1.0,True,True,3,3,0,False,1,1,0,0,True,True,0,9,5,9,5,1,PF_SS_RP,sampled_pool,,,True,0.26666666666666666,0.5,0.5,0.1,fixed,swap_segments,offspring,feasible_start_adaptive_spacing,,,,feasible_start_adaptive_spacing,0.5,,True,auto_from_instance,0.75,0.35,"5,6,7,11,19,20,21","9,10,12,13",,,,,,"H[5,6,7,11,16,19,20,21,22]|V[3,9,10,12,13]",3f6c5650382557808c9ce9ea61d9656b41539743
proposed_nsga2_bs_AT_S_comercial_layout_AW_3_seed_111,proposed_nsga2_bs,AT_S_comercial_layout_AW_3,111,3,auto_from_instance,10,15,3,28,150,,,,,3,2,4,root > V:3 > BH:11 > BV:10 > BV:9,selected,0,inf,True,225,115,110,149.0,1.0,1.0,True,True,1,1,0,True,1,1,0,0,True,True,0,6,8,6,8,2,PF_SS,sampled_pool,,,True,0.26666666666666666,0.5,0.5,0.1,fixed,bit_flip,offspring,feasible_start_adaptive_spacing,,,,feasible_start_adaptive_spacing,0.5,,True,auto_from_instance,0.75,0.35,"5,7,11,13,19,25","1,3,6,9,12,13,20",,,,,,"H[5,7,11,13,19,25]|V[1,3,6,9,10,12,13,20]",ae825089721f98e0d9805014401719023ff6a664
proposed_nsga2_bs_AT_S_comercial_layout_AW_3_seed_111,proposed_nsga2_bs,AT_S_comercial_layout_AW_3,111,3,auto_from_instance,10,15,3,28,150,,,,,4,2,4,root > V:3 > BH:11 > BV:9 > BV:9,selected,0,inf,True,225,115,110,149.0,1.0,1.0,True,True,1,1,0,True,1,1,0,0,True,True,0,6,7,6,7,2,PF_SS,sampled_pool,,,True,0.26666666666666666,0.5,0.5,0.1,fixed,bit_flip,offspring,feasible_start_adaptive_spacing,,,,feasible_start_adaptive_spacing,0.5,,True,auto_from_instance,0.75,0.35,"5,7,11,13,19,25","1,3,6,9,12,13,20",,,,,,"H[5,7,11,13,19,25]|V[1,3,6,9,12,13,20]",0a75f2b327085dc5778e0a33aad21dbd318e0a85
proposed_nsga2_bs_AT_S_comercial_layout_AW_3_seed_111,proposed_nsga2_bs,AT_S_comercial_layout_AW_3,111,3,auto_from_instance,10,15,3,28,150,,,,,5,2,4,root > V:3 > BH:11 > BV:9 > BV:13,selected,2,inf,True,225,93,132,226.0,1.0,1.0,True,True,1,1,0,True,1,1,0,0,True,True,0,6,7,6,7,2,PF_SS,sampled_pool,,,True,0.26666666666666666,0.5,0.5,0.1,fixed,bit_flip,offspring,feasible_start_adaptive_spacing,,,,feasible_start_adaptive_spacing,0.5,,True,auto_from_instance,0.75,0.35,"5,7,11,13,19,25","1,3,6,9,12,13,20",,,,,,"H[5,7,11,13,19,25]|V[1,3,6,9,12,13,20]",3fc0967e8cf1acc9db002871d4c6fad00e132dd7
proposed_nsga2_bs_AT_S_comercial_layout_AW_3_seed_111,proposed_nsga2_bs,AT_S_comercial_layout_AW_3,111,3,auto_from_instance,10,15,3,28,150,,,,,6,4,6,root > V:6 > BH:11 > BH:19 > BH:13 > BH:7 > BV:13,selected,1,inf,True,213,98,115,319.0,1.0,1.0,True,True,1,1,0,True,1,1,0,0,True,True,0,6,5,6,5,4,PF_SS,sampled_pool,,,True,0.26666666666666666,0.5,0.5,0.1,fixed,bit_flip,offspring,feasible_start_adaptive_spacing,,,,feasible_start_adaptive_spacing,0.5,,True,auto_from_instance,0.75,0.35,"5,11,12,13,19","5,6,12,13,20",,,,,,"H[5,7,11,12,13,19]|V[5,6,12,13,20]",23ef570038b4a2e4003284fcf16d928fbd63ba52
proposed_nsga2_bs_AT_S_comercial_layout_AW_3_seed_111,proposed_nsga2_bs,AT_S_comercial_layout_AW_3,111,3,auto_from_instance,10,15,3,28,150,,,,,7,4,6,root > V:6 > BH:11 > BH:19 > BH:12 > BH:3 > BV:13,selected,1,inf,True,213,97,116,186.0,1.0,1.0,True,True,1,1,0,True,1,1,0,0,True,True,0,6,5,6,5,4,PF_SS,sampled_pool,,,True,0.26666666666666666,0.5,0.5,0.1,fixed,bit_flip,offspring,feasible_start_adaptive_spacing,,,,feasible_start_adaptive_spacing,0.5,,True,auto_from_instance,0.75,0.35,"5,11,12,13,19","5,6,12,13,20",,,,,,"H[3,5,11,12,13,19]|V[5,6,12,13,20]",b4012e63027e98af1c9b903c6073f2c7d839fa07
proposed_nsga2_bs_AT_S_comercial_layout_AW_3_seed_111,proposed_nsga2_bs,AT_S_comercial_layout_AW_3,111,3,auto_from_instance,10,15,3,28,150,,,,,8,4,6,root > V:6 > BH:11 > BH:18 > BH:12 > BH:3 > BV:13,selected,1,inf,True,213,97,116,186.0,1.0,1.0,True,True,1,1,0,True,1,1,0,0,True,True,0,7,5,7,5,4,PF_SS,sampled_pool,,,True,0.26666666666666666,0.5,0.5,0.1,fixed,bit_flip,offspring,feasible_start_adaptive_spacing,,,,feasible_start_adaptive_spacing,0.5,,True,auto_from_instance,0.75,0.35,"5,11,12,13,19","5,6,12,13,20",,,,,,"H[3,5,11,12,13,18,19]|V[5,6,12,13,20]",5d31a8ee0a0514c37e90291823b55cfda5397753
proposed_nsga2_bs_AT_S_comercial_layout_AW_3_seed_111,proposed_nsga2_bs,AT_S_comercial_layout_AW_3,111,4,auto_from_instance,10,15,3,28,150,,,,,1,1,6,root > V:6 > BH:11 > BV:13 > BH:19 > BH:13 > BH:7,selected,1,inf,True,213,98,115,319.0,1.0,1.0,True,True,1,1,0,True,1,1,0,0,True,True,0,6,7,6,7,1,LS,sampled_pool,,,False,0.3333333333333333,0.5,0.5,0.1,fixed,spacing_aware_flip,offspring,feasible_start_adaptive_spacing,,,,feasible_start_adaptive_spacing,0.5,,True,auto_from_instance,0.75,0.35,"1,5,7,11,13,19","1,5,6,9,12,13,20",,,,,,"H[1,5,7,11,13,19]|V[1,5,6,9,12,13,20]",23ef570038b4a2e4003284fcf16d928fbd63ba52
proposed_nsga2_bs_AT_S_comercial_layout_AW_3_seed_111,proposed_nsga2_bs,AT_S_comercial_layout_AW_3,111,4,auto_from_instance,10,15,3,28,150,,,,,2,1,6,root > V:6 > BH:11 > BV:13 > BH:19 > BH:13 > BH:6,selected,2,inf,True,213,97,116,294.0,1.0,1.0,True,True,1,1,0,True,1,1,0,0,True,True,0,7,7,7,7,1,LS,sampled_pool,,,False,0.3333333333333333,0.5,0.5,0.1,fixed,spacing_aware_flip,offspring,feasible_start_adaptive_spacing,,,,feasible_start_adaptive_spacing,0.5,,True,auto_from_instance,0.75,0.35,"1,5,7,11,13,19","1,5,6,9,12,13,20",,,,,,"H[1,5,6,7,11,13,19]|V[1,5,6,9,12,13,20]",3f71d3604ac758ed2fc64782659a5c5b78ec10af
proposed_nsga2_bs_AT_S_comercial_layout_AW_3_seed_111,proposed_nsga2_bs,AT_S_comercial_layout_AW_3,111,4,auto_from_instance,10,15,3,28,150,,,,,3,1,6,root > V:6 > BH:11 > BV:13 > BH:19 > BH:12 > BH:6,selected,2,inf,True,213,97,116,294.0,1.0,1.0,True,True,1,1,0,True,1,1,0,0,True,True,0,8,7,8,7,1,LS,sampled_pool,,,False,0.3333333333333333,0.5,0.5,0.1,fixed,spacing_aware_flip,offspring,feasible_start_adaptive_spacing,,,,feasible_start_adaptive_spacing,0.5,,True,auto_from_instance,0.75,0.35,"1,5,7,11,13,19","1,5,6,9,12,13,20",,,,,,"H[1,5,6,7,11,12,13,19]|V[1,5,6,9,12,13,20]",8fd75ce86e637920b9767990b8639d15c3a9c885
proposed_nsga2_bs_AT_S_comercial_layout_AW_3_seed_111,proposed_nsga2_bs,AT_S_comercial_layout_AW_3,111,4,auto_from_instance,10,15,3,28,150,,,,,4,2,4,root > V:3 > BH:11 > BV:10 > BV:9,selected,0,1.432987012987013,True,225,115,110,149.0,1.0,1.0,True,True,1,1,0,True,1,1,0,0,True,True,0,8,7,8,7,2,PF_SS_RP,sampled_pool,,,True,0.3333333333333333,0.5,0.5,0.1,fixed,bit_flip,offspring,feasible_start_adaptive_spacing,,,,feasible_start_adaptive_spacing,0.5,,True,auto_from_instance,0.75,0.35,"2,3,5,11,12,13,19,25","3,6,12,13,20",,,,,,"H[2,3,5,11,12,13,19,25]|V[3,6,9,10,12,13,20]",ae825089721f98e0d9805014401719023ff6a664
proposed_nsga2_bs_AT_S_comercial_layout_AW_3_seed_111,proposed_nsga2_bs,AT_S_comercial_layout_AW_3,111,4,auto_from_instance,10,15,3,28,150,,,,,5,2,4,root > V:3 > BH:11 > BV:9 > BV:9,selected,0,1.567012987012987,True,225,115,110,149.0,1.0,1.0,True,True,1,1,0,True,1,1,0,0,True,True,0,8,6,8,6,2,PF_SS_RP,sampled_pool,,,True,0.3333333333333333,0.5,0.5,0.1,fixed,bit_flip,offspring,feasible_start_adaptive_spacing,,,,feasible_start_adaptive_spacing,0.5,,True,auto_from_instance,0.75,0.35,"2,3,5,11,12,13,19,25","3,6,12,13,20",,,,,,"H[2,3,5,11,12,13,19,25]|V[3,6,9,12,13,20]",0a75f2b327085dc5778e0a33aad21dbd318e0a85
proposed_nsga2_bs_AT_S_comercial_layout_AW_3_seed_111,proposed_nsga2_bs,AT_S_comercial_layout_AW_3,111,4,auto_from_instance,10,15,3,28,150,,,,,6,2,4,root > V:3 > BH:11 > BV:9 > BV:13,evaluated,2,inf,False,225,93,132,226.0,1.0,1.0,True,True,1,1,0,True,1,1,0,0,True,True,0,8,6,8,6,2,PF_SS_RP,sampled_pool,,,True,0.3333333333333333,0.5,0.5,0.1,fixed,bit_flip,offspring,feasible_start_adaptive_spacing,,,,feasible_start_adaptive_spacing,0.5,,True,auto_from_instance,0.75,0.35,"2,3,5,11,12,13,19,25","3,6,12,13,20",,,,,,"H[2,3,5,11,12,13,19,25]|V[3,6,9,12,13,20]",3fc0967e8cf1acc9db002871d4c6fad00e132dd7
proposed_nsga2_bs_AT_S_comercial_layout_AW_3_seed_111,proposed_nsga2_bs,AT_S_comercial_layout_AW_3,111,4,auto_from_instance,10,15,3,28,150,,,,,7,3,6,root > V:6 > BH:11 > BH:19 > BH:12 > BH:3 > BV:13,selected,1,inf,True,213,97,116,186.0,1.0,1.0,True,True,1,1,0,True,1,1,0,0,True,True,0,8,6,8,6,3,PF_SS,sampled_pool,,,True,0.3333333333333333,0.5,0.5,0.1,fixed,bit_flip,offspring,feasible_start_adaptive_spacing,,,,feasible_start_adaptive_spacing,0.5,,True,auto_from_instance,0.75,0.35,"3,5,7,11,13,17,19","5,6,9,12,13,20",,,,,,"H[3,5,7,11,12,13,17,19]|V[5,6,9,12,13,20]",b4012e63027e98af1c9b903c6073f2c7d839fa07
proposed_nsga2_bs_AT_S_comercial_layout_AW_3_seed_111,proposed_nsga2_bs,AT_S_comercial_layout_AW_3,111,4,auto_from_instance,10,15,3,28,150,,,,,8,3,6,root > V:6 > BH:11 > BH:18 > BH:12 > BH:3 > BV:13,selected,1,inf,True,213,97,116,186.0,1.0,1.0,True,True,1,1,0,True,1,1,0,0,True,True,0,9,6,9,6,3,PF_SS,sampled_pool,,,True,0.3333333333333333,0.5,0.5,0.1,fixed,bit_flip,offspring,feasible_start_adaptive_spacing,,,,feasible_start_adaptive_spacing,0.5,,True,auto_from_instance,0.75,0.35,"3,5,7,11,13,17,19","5,6,9,12,13,20",,,,,,"H[3,5,7,11,12,13,17,18,19]|V[5,6,9,12,13,20]",5d31a8ee0a0514c37e90291823b55cfda5397753
proposed_nsga2_bs_AT_S_comercial_layout_AW_3_seed_111,proposed_nsga2_bs,AT_S_comercial_layout_AW_3,111,4,auto_from_instance,10,15,3,28,150,,,,,9,4,4,root > V:2 > BH:11 > BH:19 > BV:8,selected,0,inf,True,222,120,102,151.0,1.0,1.0,True,True,1,1,0,True,1,1,0,0,True,True,0,6,7,6,7,4,PF,sampled_pool,,,False,0.3333333333333333,0.5,0.5,0.1,fixed,break_symmetry,offspring,feasible_start_adaptive_spacing,,,,feasible_start_adaptive_spacing,0.5,,True,auto_from_instance,0.75,0.35,"5,11,12,13,19,25","2,3,6,12,13,20",,,,,,"H[5,11,12,13,19,25]|V[2,3,6,8,12,13,20]",8ba645c74da6577ac7820f92db785eac755acc05
proposed_nsga2_bs_AT_S_comercial_layout_AW_3_seed_111,proposed_nsga2_bs,AT_S_comercial_layout_AW_3,111,4,auto_from_instance,10,15,3,28,150,,,,,10,7,5,root > H:6 > BH:15 > BV:3 > BV:9 > BH:22,selected,0,inf,True,228,98,130,126.0,1.0,1.0,True,True,3,3,0,False,1,1,0,0,True,True,0,9,9,9,9,7,SS,sampled_pool,,,True,0.3333333333333333,0.5,0.5,0.1,fixed,break_symmetry,offspring,feasible_start_adaptive_spacing,,,,feasible_start_adaptive_spacing,0.5,,True,auto_from_instance,0.75,0.35,"5,6,7,11,15,19,20,25","1,3,6,8,10,12,13,20",,,,,,"H[5,6,7,11,15,19,20,22,25]|V[1,3,6,8,9,10,12,13,20]",ff831007d2cb19c27f4223a274bf22a7edbbf53e
proposed_nsga2_bs_AT_S_comercial_layout_AW_3_seed_111,proposed_nsga2_bs,AT_S_comercial_layout_AW_3,111,4,auto_from_instance,10,15,3,28,150,,,,,11,7,5,root > H:6 > BH:16 > BV:3 > BV:9 > BH:22,selected,1,inf,True,228,98,130,206.0,1.0,1.0,True,True,3,3,0,False,1,1,0,0,True,True,0,10,9,10,9,7,SS,sampled_pool,,,True,0.3333333333333333,0.5,0.5,0.1,fixed,break_symmetry,offspring,feasible_start_adaptive_spacing,,,,feasible_start_adaptive_spacing,0.5,,True,auto_from_instance,0.75,0.35,"5,6,7,11,15,19,20,25","1,3,6,8,10,12,13,20",,,,,,"H[5,6,7,11,15,16,19,20,22,25]|V[1,3,6,8,9,10,12,13,20]",3f6c5650382557808c9ce9ea61d9656b41539743
proposed_nsga2_bs_AT_S_comercial_layout_AW_3_seed_111,proposed_nsga2_bs,AT_S_comercial_layout_AW_3,111,5,auto_from_instance,10,15,3,28,150,,,,,1,1,4,root > V:3 > BH:11 > BV:9 > BV:10,selected,1,inf,True,225,115,110,149.0,1.0,1.0,True,True,1,1,0,True,1,1,0,0,True,True,0,7,8,7,8,1,RP,sampled_pool,,,False,0.4,0.5,0.5,0.1,fixed,spacing_aware_flip,offspring,feasible_start_adaptive_spacing,,,,feasible_start_adaptive_spacing,0.5,,True,auto_from_instance,0.75,0.35,"1,5,11,12,13,19,25","2,3,6,9,10,12,13,20",,,,,,"H[1,5,11,12,13,19,25]|V[2,3,6,9,10,12,13,20]",ae825089721f98e0d9805014401719023ff6a664
proposed_nsga2_bs_AT_S_comercial_layout_AW_3_seed_111,proposed_nsga2_bs,AT_S_comercial_layout_AW_3,111,5,auto_from_instance,10,15,3,28,150,,,,,2,1,4,root > V:3 > BH:11 > BV:9 > BV:9,selected,1,inf,True,225,115,110,149.0,1.0,1.0,True,True,1,1,0,True,1,1,0,0,True,True,0,7,8,7,8,1,RP,sampled_pool,,,False,0.4,0.5,0.5,0.1,fixed,spacing_aware_flip,offspring,feasible_start_adaptive_spacing,,,,feasible_start_adaptive_spacing,0.5,,True,auto_from_instance,0.75,0.35,"1,5,11,12,13,19,25","2,3,6,9,10,12,13,20",,,,,,"H[1,5,11,12,13,19,25]|V[2,3,6,9,10,12,13,20]",0a75f2b327085dc5778e0a33aad21dbd318e0a85
proposed_nsga2_bs_AT_S_comercial_layout_AW_3_seed_111,proposed_nsga2_bs,AT_S_comercial_layout_AW_3,111,5,auto_from_instance,10,15,3,28,150,,,,,3,1,4,root > V:3 > BH:11 > BV:9 > BV:13,selected,3,inf,True,225,93,132,226.0,1.0,1.0,True,True,1,1,0,True,1,1,0,0,True,True,0,7,8,7,8,1,RP,sampled_pool,,,False,0.4,0.5,0.5,0.1,fixed,spacing_aware_flip,offspring,feasible_start_adaptive_spacing,,,,feasible_start_adaptive_spacing,0.5,,True,auto_from_instance,0.75,0.35,"1,5,11,12,13,19,25","2,3,6,9,10,12,13,20",,,,,,"H[1,5,11,12,13,19,25]|V[2,3,6,9,10,12,13,20]",3fc0967e8cf1acc9db002871d4c6fad00e132dd7
proposed_nsga2_bs_AT_S_comercial_layout_AW_3_seed_111,proposed_nsga2_bs,AT_S_comercial_layout_AW_3,111,5,auto_from_instance,10,15,3,28,150,,,,,4,4,6,root > V:5 > BH:11 > BH:18 > BH:11 > BH:3 > BV:13,selected,3,inf,True,219,90,129,209.0,1.0,1.0,True,True,1,1,0,True,1,1,0,0,True,True,0,10,6,10,6,4,SS_PF_LS,sampled_pool,,,True,0.4,0.5,0.5,0.1,fixed,remove_random_aisle,offspring,feasible_start_adaptive_spacing,,,,feasible_start_adaptive_spacing,0.5,,True,auto_from_instance,0.75,0.35,"3,7,11,12,13,17,19,20,22","5,6,9,12,13,20",,,,,,"H[3,7,11,12,13,17,18,19,20,22]|V[5,6,9,12,13,20]",cbba08a07531cc6542f27ca98621791bd35cab77
proposed_nsga2_bs_AT_S_comercial_layout_AW_3_seed_111,proposed_nsga2_bs,AT_S_comercial_layout_AW_3,111,5,auto_from_instance,10,15,3,28,150,,,,,5,4,6,root > V:5 > BH:11 > BH:18 > BH:11 > BH:4 > BV:13,evaluated,4,inf,False,219,90,129,219.0,1.0,1.0,True,True,1,1,0,True,1,1,0,0,True,True,0,11,6,11,6,4,SS_PF_LS,sampled_pool,,,True,0.4,0.5,0.5,0.1,fixed,remove_random_aisle,offspring,feasible_start_adaptive_spacing,,,,feasible_start_adaptive_spacing,0.5,,True,auto_from_instance,0.75,0.35,"3,7,11,12,13,17,19,20,22","5,6,9,12,13,20",,,,,,"H[3,4,7,11,12,13,17,18,19,20,22]|V[5,6,9,12,13,20]",921a2f686e289ae60d0982a91fa50f82c81b2441
proposed_nsga2_bs_AT_S_comercial_layout_AW_3_seed_111,proposed_nsga2_bs,AT_S_comercial_layout_AW_3,111,5,auto_from_instance,10,15,3,28,150,,,,,6,4,6,root > V:5 > BH:11 > BH:19 > BH:12 > BH:4 > BV:13,evaluated,5,inf,False,219,90,129,234.0,1.0,1.0,True,True,1,1,0,True,1,1,0,0,True,True,0,10,6,10,6,4,SS_PF_LS,sampled_pool,,,True,0.4,0.5,0.5,0.1,fixed,remove_random_aisle,offspring,feasible_start_adaptive_spacing,,,,feasible_start_adaptive_spacing,0.5,,True,auto_from_instance,0.75,0.35,"3,7,11,12,13,17,19,20,22","5,6,9,12,13,20",,,,,,"H[3,4,7,11,12,13,17,19,20,22]|V[5,6,9,12,13,20]",57428aa232f932ac2cf2f979b5ac4d7a8b3dfc81
proposed_nsga2_bs_AT_S_comercial_layout_AW_3_seed_111,proposed_nsga2_bs,AT_S_comercial_layout_AW_3,111,5,auto_from_instance,10,15,3,28,150,,,,,7,6,6,root > V:6 > BH:11 > BH:19 > BH:13 > BH:7 > BV:13,selected,2,inf,True,213,98,115,319.0,1.0,1.0,True,True,1,1,0,True,1,1,0,0,True,True,0,8,7,8,7,6,PF_LS_RP,sampled_pool,,,False,0.4,0.5,0.5,0.1,fixed,break_symmetry,offspring,feasible_start_adaptive_spacing,,,,feasible_start_adaptive_spacing,0.5,,True,auto_from_instance,0.75,0.35,"3,5,8,11,12,13,19","5,6,9,10,12,13,20",,,,,,"H[3,5,7,8,11,12,13,19]|V[5,6,9,10,12,13,20]",23ef570038b4a2e4003284fcf16d928fbd63ba52
proposed_nsga2_bs_AT_S_comercial_layout_AW_3_seed_111,proposed_nsga2_bs,AT_S_comercial_layout_AW_3,111,5,auto_from_instance,10,15,3,28,150,,,,,8,6,6,root > V:6 > BH:11 > BH:19 > BH:12 > BH:3 > BV:13,selected,2,inf,True,213,97,116,186.0,1.0,1.0,True,True,1,1,0,True,1,1,0,0,True,True,0,7,7,7,7,6,PF_LS_RP,sampled_pool,,,False,0.4,0.5,0.5,0.1,fixed,break_symmetry,offspring,feasible_start_adaptive_spacing,,,,feasible_start_adaptive_spacing,0.5,,True,auto_from_instance,0.75,0.35,"3,5,8,11,12,13,19","5,6,9,10,12,13,20",,,,,,"H[3,5,8,11,12,13,19]|V[5,6,9,10,12,13,20]",b4012e63027e98af1c9b903c6073f2c7d839fa07
proposed_nsga2_bs_AT_S_comercial_layout_AW_3_seed_111,proposed_nsga2_bs,AT_S_comercial_layout_AW_3,111,5,auto_from_instance,10,15,3,28,150,,,,,9,6,6,root > V:6 > BH:11 > BH:18 > BH:12 > BH:3 > BV:13,selected,2,inf,True,213,97,116,186.0,1.0,1.0,True,True,1,1,0,True,1,1,0,0,True,True,0,8,7,8,7,6,PF_LS_RP,sampled_pool,,,False,0.4,0.5,0.5,0.1,fixed,break_symmetry,offspring,feasible_start_adaptive_spacing,,,,feasible_start_adaptive_spacing,0.5,,True,auto_from_instance,0.75,0.35,"3,5,8,11,12,13,19","5,6,9,10,12,13,20",,,,,,"H[3,5,8,11,12,13,18,19]|V[5,6,9,10,12,13,20]",5d31a8ee0a0514c37e90291823b55cfda5397753
proposed_nsga2_bs_AT_S_comercial_layout_AW_3_seed_111,proposed_nsga2_bs,AT_S_comercial_layout_AW_3,111,5,auto_from_instance,10,15,3,28,150,,,,,10,7,6,root > V:6 > BH:11 > BH:16 > BH:7 > BV:13 > BH:22,evaluated,4,inf,False,213,86,127,331.0,1.0,1.0,True,True,1,1,0,True,1,1,0,0,True,True,0,8,5,8,5,7,RP,sampled_pool,,,False,0.4,0.5,0.5,0.1,fixed,remove_random_aisle,offspring,feasible_start_adaptive_spacing,,,,feasible_start_adaptive_spacing,0.5,,True,auto_from_instance,0.75,0.35,"3,5,7,11,13,19","6,9,12,13,20",,,,,,"H[3,5,7,11,13,16,19,22]|V[6,9,12,13,20]",7d2a05b26a3a26d04b0d06b34c01e28fcd1f6884
proposed_nsga2_bs_AT_S_comercial_layout_AW_3_seed_111,proposed_nsga2_bs,AT_S_comercial_layout_AW_3,111,5,auto_from_instance,10,15,3,28,150,,,,,11,7,6,root > V:6 > BH:11 > BH:16 > BH:8 > BV:13 > BH:22,evaluated,4,inf,False,213,87,126,356.0,1.0,1.0,True,True,1,1,0,True,1,1,0,0,True,True,0,9,5,9,5,7,RP,sampled_pool,,,False,0.4,0.5,0.5,0.1,fixed,remove_random_aisle,offspring,feasible_start_adaptive_spacing,,,,feasible_start_adaptive_spacing,0.5,,True,auto_from_instance,0.75,0.35,"3,5,7,11,13,19","6,9,12,13,20",,,,,,"H[3,5,7,8,11,13,16,19,22]|V[6,9,12,13,20]",5a296b5ca82cea0bed164f598c6c0f340d4e5eb9
proposed_nsga2_bs_AT_S_comercial_layout_AW_3_seed_111,proposed_nsga2_bs,AT_S_comercial_layout_AW_3,111,5,auto_from_instance,10,15,3,28,150,,,,,12,8,6,root > V:6 > BH:11 > BH:19 > BH:13 > BH:6 > BV:13,selected,3,inf,True,213,97,116,294.0,1.0,1.0,True,True,1,1,0,True,1,1,0,0,True,True,0,9,7,9,7,8,PF_LS,sampled_pool,,,False,0.4,0.5,0.5,0.1,fixed,remove_random_aisle,offspring,feasible_start_adaptive_spacing,,,,feasible_start_adaptive_spacing,0.5,,True,auto_from_instance,0.75,0.35,"1,5,11,12,13,17,18,19","1,5,6,9,12,13,20",,,,,,"H[1,5,6,11,12,13,17,18,19]|V[1,5,6,9,12,13,20]",3f71d3604ac758ed2fc64782659a5c5b78ec10af
proposed_nsga2_bs_AT_S_comercial_layout_AW_3_seed_111,proposed_nsga2_bs,AT_S_comercial_layout_AW_3,111,5,auto_from_instance,10,15,3,28,150,,,,,13,8,6,root > V:6 > BH:11 > BH:19 > BH:12 > BH:6 > BV:13,evaluated,3,inf,False,213,97,116,294.0,1.0,1.0,True,True,1,1,0,True,1,1,0,0,True,True,0,9,7,9,7,8,PF_LS,sampled_pool,,,False,0.4,0.5,0.5,0.1,fixed,remove_random_aisle,offspring,feasible_start_adaptive_spacing,,,,feasible_start_adaptive_spacing,0.5,,True,auto_from_instance,0.75,0.35,"1,5,11,12,13,17,18,19","1,5,6,9,12,13,20",,,,,,"H[1,5,6,11,12,13,17,18,19]|V[1,5,6,9,12,13,20]",8fd75ce86e637920b9767990b8639d15c3a9c885
proposed_nsga2_bs_AT_S_comercial_layout_AW_3_seed_111,proposed_nsga2_bs,AT_S_comercial_layout_AW_3,111,5,auto_from_instance,10,15,3,28,150,,,,,14,10,4,root > V:2 > BH:11 > BH:18 > BV:8,selected,0,inf,True,222,120,102,118.0,1.0,1.0,True,True,1,1,0,True,1,1,0,0,True,True,0,7,6,7,6,10,SS_PF_LS,sampled_pool,,,True,0.4,0.5,0.5,0.1,fixed,bit_flip,offspring,feasible_start_adaptive_spacing,,,,feasible_start_adaptive_spacing,0.5,,True,auto_from_instance,0.75,0.35,"5,11,12,13,19,25","2,3,8,12,13,20",,,,,,"H[5,11,12,13,18,19,25]|V[2,3,8,12,13,20]",c7821f85912c8e5c3b6ca7ddc3262e68ecac8a29
proposed_nsga2_bs_AT_S_comercial_layout_AW_3_seed_111,proposed_nsga2_bs,AT_S_comercial_layout_AW_3,111,5,auto_from_instance,10,15,3,28,150,,,,,15,10,4,root > V:2 > BH:11 > BH:18 > BV:9,selected,0,inf,True,222,115,107,74.0,1.0,1.0,True,True,1,1,0,True,1,1,0,0,True,True,0,7,7,7,7,10,SS_PF_LS,sampled_pool,,,True,0.4,0.5,0.5,0.1,fixed,bit_flip,offspring,feasible_start_adaptive_spacing,,,,feasible_start_adaptive_spacing,0.5,,True,auto_from_instance,0.75,0.35,"5,11,12,13,19,25","2,3,8,12,13,20",,,,,,"H[5,11,12,13,18,19,25]|V[2,3,8,9,12,13,20]",313e3f681b33bc30f90444b0b1b5dd821fed5c79
proposed_nsga2_bs_AT_S_comercial_layout_AW_3_seed_111,proposed_nsga2_bs,AT_S_comercial_layout_AW_3,111,6,auto_from_instance,10,15,3,28,150,,,,,1,1,6,root > V:6 > BH:11 > BH:19 > BH:13 > BH:7 > BV:13,selected,2,inf,True,213,98,115,319.0,1.0,1.0,True,True,1,1,0,True,1,1,0,0,True,True,0,7,7,7,7,1,PF_LS_RP,sampled_pool,,,False,0.4666666666666667,0.5,0.5,0.1,fixed,bit_flip,offspring,feasible_start_adaptive_spacing,,,,feasible_start_adaptive_spacing,0.5,,True,auto_from_instance,0.75,0.35,"1,5,11,12,13,19","0,6,9,10,12,13,20",,,,,,"H[1,5,7,11,12,13,19]|V[0,6,9,10,12,13,20]",23ef570038b4a2e4003284fcf16d928fbd63ba52
proposed_nsga2_bs_AT_S_comercial_layout_AW_3_seed_111,proposed_nsga2_bs,AT_S_comercial_layout_AW_3,111,6,auto_from_instance,10,15,3,28,150,,,,,2,1,6,root > V:6 > BH:11 > BH:19 > BH:12 > BH:3 > BV:13,selected,2,inf,True,213,97,116,186.0,1.0,1.0,True,True,1,1,0,True,1,1,0,0,True,True,0,7,7,7,7,1,PF_LS_RP,sampled_pool,,,False,0.4666666666666667,0.5,0.5,0.1,fixed,bit_flip,offspring,feasible_start_adaptive_spacing,,,,feasible_start_adaptive_spacing,0.5,,True,auto_from_instance,0.75,0.35,"1,5,11,12,13,19","0,6,9,10,12,13,20",,,,,,"H[1,3,5,11,12,13,19]|V[0,6,9,10,12,13,20]",b4012e63027e98af1c9b903c6073f2c7d839fa07
proposed_nsga2_bs_AT_S_comercial_layout_AW_3_seed_111,proposed_nsga2_bs,AT_S_comercial_layout_AW_3,111,6,auto_from_instance,10,15,3,28,150,,,,,3,1,6,root > V:6 > BH:11 > BH:19 > BH:11 > BH:3 > BV:13,selected,3,inf,True,213,97,116,204.0,1.0,1.0,True,True,1,1,0,True,1,1,0,0,True,True,0,7,7,7,7,1,PF_LS_RP,sampled_pool,,,False,0.4666666666666667,0.5,0.5,0.1,fixed,bit_flip,offspring,feasible_start_adaptive_spacing,,,,feasible_start_adaptive_spacing,0.5,,True,auto_from_instance,0.75,0.35,"1,5,11,12,13,19","0,6,9,10,12,13,20",,,,,,"H[1,3,5,11,12,13,19]|V[0,6,9,10,12,13,20]",5a01955122f14f0fae94fb694fab0e7fb7408f43
proposed_nsga2_bs_AT_S_comercial_layout_AW_3_seed_111,proposed_nsga2_bs,AT_S_comercial_layout_AW_3,111,6,auto_from_instance,10,15,3,28,150,,,,,4,2,4,root > V:2 > BH:11 > BH:18 > BV:8,selected,0,inf,True,222,120,102,118.0,1.0,1.0,True,True,1,1,0,True,1,1,0,0,True,True,0,9,9,9,9,2,PF_SS_RP,sampled_pool,,,True,0.4666666666666667,0.5,0.5,0.1,fixed,bit_flip,offspring,feasible_start_adaptive_spacing,,,,feasible_start_adaptive_spacing,0.5,,True,auto_from_instance,0.75,0.35,"3,5,8,11,12,13,18,19,25","2,5,6,9,10,12,13,20",,,,,,"H[3,5,8,11,12,13,18,19,25]|V[2,5,6,8,9,10,12,13,20]",c7821f85912c8e5c3b6ca7ddc3262e68ecac8a29
proposed_nsga2_bs_AT_S_comercial_layout_AW_3_seed_111,proposed_nsga2_bs,AT_S_comercial_layout_AW_3,111,6,auto_from_instance,10,15,3,28,150,,,,,5,2,4,root > V:2 > BH:11 > BV:9 > BV:8,selected,0,inf,True,222,120,102,118.0,1.0,1.0,True,True,1,1,0,True,1,1,0,0,True,True,0,9,9,9,9,2,PF_SS_RP,sampled_pool,,,True,0.4666666666666667,0.5,0.5,0.1,fixed,bit_flip,offspring,feasible_start_adaptive_spacing,,,,feasible_start_adaptive_spacing,0.5,,True,auto_from_instance,0.75,0.35,"3,5,8,11,12,13,18,19,25","2,5,6,9,10,12,13,20",,,,,,"H[3,5,8,11,12,13,18,19,25]|V[2,5,6,8,9,10,12,13,20]",819b823d42066f1be4d37e503ecee22d07e5a6b0
proposed_nsga2_bs_AT_S_comercial_layout_AW_3_seed_111,proposed_nsga2_bs,AT_S_comercial_layout_AW_3,111,6,auto_from_instance,10,15,3,28,150,,,,,6,2,4,root > V:2 > BH:11 > BH:19 > BV:8,selected,1,inf,True,222,120,102,151.0,1.0,1.0,True,True,1,1,0,True,1,1,0,0,True,True,0,9,9,9,9,2,PF_SS_RP,sampled_pool,,,True,0.4666666666666667,0.5,0.5,0.1,fixed,bit_flip,offspring,feasible_start_adaptive_spacing,,,,feasible_start_adaptive_spacing,0.5,,True,auto_from_instance,0.75,0.35,"3,5,8,11,12,13,18,19,25","2,5,6,9,10,12,13,20",,,,,,"H[3,5,8,11,12,13,18,19,25]|V[2,5,6,8,9,10,12,13,20]",8ba645c74da6577ac7820f92db785eac755acc05
proposed_nsga2_bs_AT_S_comercial_layout_AW_3_seed_111,proposed_nsga2_bs,AT_S_comercial_layout_AW_3,111,6,auto_from_instance,10,15,3,28,150,,,,,7,3,4,root > V:2 > BH:11 > BH:18 > BV:9,selected,0,inf,True,222,115,107,74.0,1.0,1.0,True,True,1,1,0,True,1,1,0,0,True,True,0,7,8,7,8,3,PF_RP,sampled_pool,,,False,0.4666666666666667,0.5,0.5,0.1,fixed,insert_random_aisle,offspring,feasible_start_adaptive_spacing,,,,feasible_start_adaptive_spacing,0.5,,True,auto_from_instance,0.75,0.35,"5,11,12,13,18,19,25","2,3,6,8,12,13,20",,,,,,"H[5,11,12,13,18,19,25]|V[2,3,6,8,9,12,13,20]",313e3f681b33bc30f90444b0b1b5dd821fed5c79
proposed_nsga2_bs_AT_S_comercial_layout_AW_3_seed_111,proposed_nsga2_bs,AT_S_comercial_layout_AW_3,111,6,auto_from_instance,10,15,3,28,150,,,,,8,3,4,root > V:3 > BH:11 > BV:10 > BV:9,selected,1,inf,True,225,115,110,149.0,1.0,1.0,True,True,1,1,0,True,1,1,0,0,True,True,0,7,9,7,9,3,PF_RP,sampled_pool,,,False,0.4666666666666667,0.5,0.5,0.1,fixed,insert_random_aisle,offspring,feasible_start_adaptive_spacing,,,,feasible_start_adaptive_spacing,0.5,,True,auto_from_instance,0.75,0.35,"5,11,12,13,18,19,25","2,3,6,8,12,13,20",,,,,,"H[5,11,12,13,18,19,25]|V[2,3,6,8,9,10,12,13,20]",ae825089721f98e0d9805014401719023ff6a664
proposed_nsga2_bs_AT_S_comercial_layout_AW_3_seed_111,proposed_nsga2_bs,AT_S_comercial_layout_AW_3,111,6,auto_from_instance,10,15,3,28,150,,,,,9,6,4,root > V:2 > BH:11 > BH:17 > BV:8,selected,1,inf,True,222,120,102,151.0,1.0,1.0,True,True,1,1,0,True,1,1,0,0,True,True,0,8,7,8,7,6,LS_PF,sampled_pool,,,False,0.4666666666666667,0.5,0.5,0.1,fixed,remove_random_aisle,offspring,feasible_start_adaptive_spacing,,,,feasible_start_adaptive_spacing,0.5,,True,auto_from_instance,0.75,0.35,"5,11,12,13,18,19,25","2,3,6,9,12,13",,,,,,"H[5,11,12,13,17,18,19,25]|V[2,3,6,8,9,12,13]",2035ca093874466b8e7b1e9f7aa71b738528a47d
proposed_nsga2_bs_AT_S_comercial_layout_AW_3_seed_111,proposed_nsga2_bs,AT_S_comercial_layout_AW_3,111,6,auto_from_instance,10,15,3,28,150,,,,,10,7,6,root > V:6 > BH:11 > BH:19 > BH:13 > BH:6 > BV:13,evaluated,4,inf,False,213,97,116,294.0,1.0,1.0,True,True,1,1,0,True,1,1,0,0,True,True,0,7,6,7,6,7,PF,sampled_pool,,,False,0.4666666666666667,0.5,0.5,0.1,fixed,remove_random_aisle,offspring,feasible_start_adaptive_spacing,,,,feasible_start_adaptive_spacing,0.5,,True,auto_from_instance,0.75,0.35,"3,5,8,11,13,19","5,6,9,12,13,20",,,,,,"H[3,5,6,8,11,13,19]|V[5,6,9,12,13,20]",3f71d3604ac758ed2fc64782659a5c5b78ec10af
proposed_nsga2_bs_AT_S_comercial_layout_AW_3_seed_111,proposed_nsga2_bs,AT_S_comercial_layout_AW_3,111,6,auto_from_instance,10,15,3,28,150,,,,,11,7,6,root > V:6 > BH:11 > BH:19 > BH:12 > BH:6 > BV:13,evaluated,4,inf,False,213,97,116,294.0,1.0,1.0,True,True,1,1,0,True,1,1,0,0,True,True,0,8,6,8,6,7,PF,sampled_pool,,,False,0.4666666666666667,0.5,0.5,0.1,fixed,remove_random_aisle,offspring,feasible_start_adaptive_spacing,,,,feasible_start_adaptive_spacing,0.5,,True,auto_from_instance,0.75,0.35,"3,5,8,11,13,19","5,6,9,12,13,20",,,,,,"H[3,5,6,8,11,12,13,19]|V[5,6,9,12,13,20]",8fd75ce86e637920b9767990b8639d15c3a9c885
proposed_nsga2_bs_AT_S_comercial_layout_AW_3_seed_111,proposed_nsga2_bs,AT_S_comercial_layout_AW_3,111,6,auto_from_instance,10,15,3,28,150,,,,,12,8,4,root > V:3 > BH:11 > BV:9 > BV:9,selected,1,inf,True,225,115,110,149.0,1.0,1.0,True,True,1,1,0,True,1,1,0,0,True,True,0,7,8,7,8,8,RP_LS,sampled_pool,,,False,0.4666666666666667,0.5,0.5,0.1,fixed,remove_random_aisle,offspring,feasible_start_adaptive_spacing,,,,feasible_start_adaptive_spacing,0.5,,True,auto_from_instance,0.75,0.35,"5,11,12,13,18,19,25","2,3,8,10,12,13,20",,,,,,"H[5,11,12,13,18,19,25]|V[2,3,8,9,10,12,13,20]",0a75f2b327085dc5778e0a33aad21dbd318e0a85
proposed_nsga2_bs_AT_S_comercial_layout_AW_3_seed_111,proposed_nsga2_bs,AT_S_comercial_layout_AW_3,111,6,auto_from_instance,10,15,3,28,150,,,,,13,8,4,root > V:3 > BH:11 > BV:9 > BV:13,evaluated,4,inf,False,225,93,132,226.0,1.0,1.0,True,True,1,1,0,True,1,1,0,0,True,True,0,7,8,7,8,8,RP_LS,sampled_pool,,,False,0.4666666666666667,0.5,0.5,0.1,fixed,remove_random_aisle,offspring,feasible_start_adaptive_spacing,,,,feasible_start_adaptive_spacing,0.5,,True,auto_from_instance,0.75,0.35,"5,11,12,13,18,19,25","2,3,8,10,12,13,20",,,,,,"H[5,11,12,13,18,19,25]|V[2,3,8,9,10,12,13,20]",3fc0967e8cf1acc9db002871d4c6fad00e132dd7
proposed_nsga2_bs_AT_S_comercial_layout_AW_3_seed_111,proposed_nsga2_bs,AT_S_comercial_layout_AW_3,111,7,auto_from_instance,10,15,3,28,150,,,,,1,1,4,root > V:2 > BH:11 > BH:19 > BV:8,selected,1,inf,True,222,120,102,151.0,1.0,1.0,True,True,1,1,0,True,1,1,0,0,True,True,0,7,8,7,8,1,PF_LS,sampled_pool,,,False,0.5333333333333333,0.5,0.5,0.1,fixed,break_symmetry,offspring,feasible_start_adaptive_spacing,,,,feasible_start_adaptive_spacing,0.5,,True,auto_from_instance,0.75,0.35,"5,11,12,13,18,19,26","2,3,8,9,10,12,13,20",,,,,,"H[5,11,12,13,18,19,26]|V[2,3,8,9,10,12,13,20]",8ba645c74da6577ac7820f92db785eac755acc05
proposed_nsga2_bs_AT_S_comercial_layout_AW_3_seed_111,proposed_nsga2_bs,AT_S_comercial_layout_AW_3,111,7,auto_from_instance,10,15,3,28,150,,,,,2,1,4,root > V:2 > BH:11 > BH:18 > BV:8,selected,0,inf,True,222,120,102,118.0,1.0,1.0,True,True,1,1,0,True,1,1,0,0,True,True,0,7,8,7,8,1,PF_LS,sampled_pool,,,False,0.5333333333333333,0.5,0.5,0.1,fixed,break_symmetry,offspring,feasible_start_adaptive_spacing,,,,feasible_start_adaptive_spacing,0.5,,True,auto_from_instance,0.75,0.35,"5,11,12,13,18,19,26","2,3,8,9,10,12,13,20",,,,,,"H[5,11,12,13,18,19,26]|V[2,3,8,9,10,12,13,20]",c7821f85912c8e5c3b6ca7ddc3262e68ecac8a29
proposed_nsga2_bs_AT_S_comercial_layout_AW_3_seed_111,proposed_nsga2_bs,AT_S_comercial_layout_AW_3,111,7,auto_from_instance,10,15,3,28,150,,,,,3,1,4,root > V:2 > BH:11 > BH:17 > BV:8,selected,1,inf,True,222,120,102,151.0,1.0,1.0,True,True,1,1,0,True,1,1,0,0,True,True,0,8,8,8,8,1,PF_LS,sampled_pool,,,False,0.5333333333333333,0.5,0.5,0.1,fixed,break_symmetry,offspring,feasible_start_adaptive_spacing,,,,feasible_start_adaptive_spacing,0.5,,True,auto_from_instance,0.75,0.35,"5,11,12,13,18,19,26","2,3,8,9,10,12,13,20",,,,,,"H[5,11,12,13,17,18,19,26]|V[2,3,8,9,10,12,13,20]",2035ca093874466b8e7b1e9f7aa71b738528a47d
proposed_nsga2_bs_AT_S_comercial_layout_AW_3_seed_111,proposed_nsga2_bs,AT_S_comercial_layout_AW_3,111,7,auto_from_instance,10,15,3,28,150,,,,,4,2,4,root > V:2 > BH:11 > BV:9 > BH:18,selected,0,inf,True,222,115,107,74.0,1.0,1.0,True,True,1,1,0,True,1,1,0,0,True,True,0,9,8,9,8,2,RP,sampled_pool,,,False,0.5333333333333333,0.5,0.5,0.1,fixed,remove_random_aisle,offspring,feasible_start_adaptive_spacing,,,,feasible_start_adaptive_spacing,0.5,,True,auto_from_instance,0.75,0.35,"3,5,8,11,12,13,18,19,25","2,6,8,9,10,12,13,20",,,,,,"H[3,5,8,11,12,13,18,19,25]|V[2,6,8,9,10,12,13,20]",313e3f681b33bc30f90444b0b1b5dd821fed5c79
proposed_nsga2_bs_AT_S_comercial_layout_AW_3_seed_111,proposed_nsga2_bs,AT_S_comercial_layout_AW_3,111,7,auto_from_instance,10,15,3,28,150,,,,,5,2,4,root > V:2 > BH:11 > BV:9 > BV:9,selected,0,inf,True,222,115,107,74.0,1.0,1.0,True,True,1,1,0,True,1,1,0,0,True,True,0,9,8,9,8,2,RP,sampled_pool,,,False,0.5333333333333333,0.5,0.5,0.1,fixed,remove_random_aisle,offspring,feasible_start_adaptive_spacing,,,,feasible_start_adaptive_spacing,0.5,,True,auto_from_instance,0.75,0.35,"3,5,8,11,12,13,18,19,25","2,6,8,9,10,12,13,20",,,,,,"H[3,5,8,11,12,13,18,19,25]|V[2,6,8,9,10,12,13,20]",b41b2678f47c3e9bfe9aa6316c7790f5ace7089f
proposed_nsga2_bs_AT_S_comercial_layout_AW_3_seed_111,proposed_nsga2_bs,AT_S_comercial_layout_AW_3,111,7,auto_from_instance,10,15,3,28,150,,,,,6,2,4,root > V:2 > BH:11 > BV:9 > BH:19,selected,1,inf,True,222,115,107,107.0,1.0,1.0,True,True,1,1,0,True,1,1,0,0,True,True,0,9,8,9,8,2,RP,sampled_pool,,,False,0.5333333333333333,0.5,0.5,0.1,fixed,remove_random_aisle,offspring,feasible_start_adaptive_spacing,,,,feasible_start_adaptive_spacing,0.5,,True,auto_from_instance,0.75,0.35,"3,5,8,11,12,13,18,19,25","2,6,8,9,10,12,13,20",,,,,,"H[3,5,8,11,12,13,18,19,25]|V[2,6,8,9,10,12,13,20]",a13494f6aa090e10b6ffeff3cbd3e8aae05c5505
proposed_nsga2_bs_AT_S_comercial_layout_AW_3_seed_111,proposed_nsga2_bs,AT_S_comercial_layout_AW_3,111,7,auto_from_instance,10,15,3,28,150,,,,,7,4,4,root > V:3 > BH:11 > BV:9 > BV:10,selected,2,inf,True,225,115,110,149.0,1.0,1.0,True,True,1,1,0,True,1,1,0,0,True,True,0,8,8,8,8,4,RP_LS,sampled_pool,,,False,0.5333333333333333,0.5,0.5,0.1,fixed,spacing_aware_flip,offspring,feasible_start_adaptive_spacing,,,,feasible_start_adaptive_spacing,0.5,,True,auto_from_instance,0.75,0.35,"5,11,12,13,18,19,22,25","2,3,8,9,10,12,13,20",,,,,,"H[5,11,12,13,18,19,22,25]|V[2,3,8,9,10,12,13,20]",ae825089721f98e0d9805014401719023ff6a664
proposed_nsga2_bs_AT_S_comercial_layout_AW_3_seed_111,proposed_nsga2_bs,AT_S_comercial_layout_AW_3,111,7,auto_from_instance,10,15,3,28,150,,,,,8,4,4,root > V:3 > BH:11 > BV:9 > BV:9,selected,2,inf,True,225,115,110,149.0,1.0,1.0,True,True,1,1,0,True,1,1,0,0,True,True,0,8,8,8,8,4,RP_LS,sampled_pool,,,False,0.5333333333333333,0.5,0.5,0.1,fixed,spacing_aware_flip,offspring,feasible_start_adaptive_spacing,,,,feasible_start_adaptive_spacing,0.5,,True,auto_from_instance,0.75,0.35,"5,11,12,13,18,19,22,25","2,3,8,9,10,12,13,20",,,,,,"H[5,11,12,13,18,19,22,25]|V[2,3,8,9,10,12,13,20]",0a75f2b327085dc5778e0a33aad21dbd318e0a85
proposed_nsga2_bs_AT_S_comercial_layout_AW_3_seed_111,proposed_nsga2_bs,AT_S_comercial_layout_AW_3,111,7,auto_from_instance,10,15,3,28,150,,,,,9,4,4,root > V:3 > BH:11 > BV:9 > BV:13,selected,3,inf,True,225,93,132,226.0,1.0,1.0,True,True,1,1,0,True,1,1,0,0,True,True,0,8,8,8,8,4,RP_LS,sampled_pool,,,False,0.5333333333333333,0.5,0.5,0.1,fixed,spacing_aware_flip,offspring,feasible_start_adaptive_spacing,,,,feasible_start_adaptive_spacing,0.5,,True,auto_from_instance,0.75,0.35,"5,11,12,13,18,19,22,25","2,3,8,9,10,12,13,20",,,,,,"H[5,11,12,13,18,19,22,25]|V[2,3,8,9,10,12,13,20]",3fc0967e8cf1acc9db002871d4c6fad00e132dd7
proposed_nsga2_bs_AT_S_comercial_layout_AW_3_seed_111,proposed_nsga2_bs,AT_S_comercial_layout_AW_3,111,7,auto_from_instance,10,15,3,28,150,,,,,10,8,4,root > V:2 > BH:11 > BV:9 > BV:8,selected,0,inf,True,222,120,102,118.0,1.0,1.0,True,True,1,1,0,True,1,1,0,0,True,True,0,8,9,8,9,8,LS_SS,sampled_pool,,,True,0.5333333333333333,0.5,0.5,0.1,fixed,bit_flip,offspring,feasible_start_adaptive_spacing,,,,feasible_start_adaptive_spacing,0.5,,True,auto_from_instance,0.75,0.35,"5,9,11,12,13,18,19,25","2,5,6,8,9,10,12,13,20",,,,,,"H[5,9,11,12,13,18,19,25]|V[2,5,6,8,9,10,12,13,20]",819b823d42066f1be4d37e503ecee22d07e5a6b0
proposed_nsga2_bs_AT_S_comercial_layout_AW_3_seed_111,proposed_nsga2_bs,AT_S_comercial_layout_AW_3,111,8,auto_from_instance,10,15,3,28,150,,,,,1,1,4,root > V:2 > BH:11 > BH:18 > BV:8,selected,0,inf,True,222,120,102,118.0,1.0,1.0,True,True,1,1,0,True,1,1,0,0,True,True,0,8,8,8,8,1,PF_RP,sampled_pool,,,False,0.6,0.5,0.5,0.1,fixed,insert_random_aisle,offspring,feasible_start_adaptive_spacing,,,,feasible_start_adaptive_spacing,0.5,,True,auto_from_instance,0.75,0.35,"5,11,12,13,14,18,19,25","2,6,8,9,10,12,13,20",,,,,,"H[5,11,12,13,14,18,19,25]|V[2,6,8,9,10,12,13,20]",c7821f85912c8e5c3b6ca7ddc3262e68ecac8a29
proposed_nsga2_bs_AT_S_comercial_layout_AW_3_seed_111,proposed_nsga2_bs,AT_S_comercial_layout_AW_3,111,8,auto_from_instance,10,15,3,28,150,,,,,2,1,4,root > V:2 > BH:11 > BV:9 > BV:8,selected,0,inf,True,222,120,102,118.0,1.0,1.0,True,True,1,1,0,True,1,1,0,0,True,True,0,8,8,8,8,1,PF_RP,sampled_pool,,,False,0.6,0.5,0.5,0.1,fixed,insert_random_aisle,offspring,feasible_start_adaptive_spacing,,,,feasible_start_adaptive_spacing,0.5,,True,auto_from_instance,0.75,0.35,"5,11,12,13,14,18,19,25","2,6,8,9,10,12,13,20",,,,,,"H[5,11,12,13,14,18,19,25]|V[2,6,8,9,10,12,13,20]",819b823d42066f1be4d37e503ecee22d07e5a6b0
proposed_nsga2_bs_AT_S_comercial_layout_AW_3_seed_111,proposed_nsga2_bs,AT_S_comercial_layout_AW_3,111,8,auto_from_instance,10,15,3,28,150,,,,,3,1,4,root > V:2 > BH:11 > BH:19 > BV:8,selected,1,inf,True,222,120,102,151.0,1.0,1.0,True,True,1,1,0,True,1,1,0,0,True,True,0,8,8,8,8,1,PF_RP,sampled_pool,,,False,0.6,0.5,0.5,0.1,fixed,insert_random_aisle,offspring,feasible_start_adaptive_spacing,,,,feasible_start_adaptive_spacing,0.5,,True,auto_from_instance,0.75,0.35,"5,11,12,13,14,18,19,25","2,6,8,9,10,12,13,20",,,,,,"H[5,11,12,13,14,18,19,25]|V[2,6,8,9,10,12,13,20]",8ba645c74da6577ac7820f92db785eac755acc05
proposed_nsga2_bs_AT_S_comercial_layout_AW_3_seed_111,proposed_nsga2_bs,AT_S_comercial_layout_AW_3,111,8,auto_from_instance,10,15,3,28,150,,,,,4,3,4,root > V:2 > BH:11 > BV:9 > BH:18,selected,0,inf,True,222,115,107,74.0,1.0,1.0,True,True,1,1,0,True,1,1,0,0,True,True,0,10,9,10,9,3,RP_LS,sampled_pool,,,False,0.6,0.5,0.5,0.1,fixed,spacing_aware_flip,offspring,feasible_start_adaptive_spacing,,,,feasible_start_adaptive_spacing,0.5,,True,auto_from_instance,0.75,0.35,"3,5,8,11,12,13,18,19,22,25","2,5,6,8,9,10,12,13,20",,,,,,"H[3,5,8,11,12,13,18,19,22,25]|V[2,5,6,8,9,10,12,13,20]",313e3f681b33bc30f90444b0b1b5dd821fed5c79
proposed_nsga2_bs_AT_S_comercial_layout_AW_3_seed_111,proposed_nsga2_bs,AT_S_comercial_layout_AW_3,111,8,auto_from_instance,10,15,3,28,150,,,,,5,3,4,root > V:2 > BH:11 > BV:9 > BV:9,selected,0,inf,True,222,115,107,74.0,1.0,1.0,True,True,1,1,0,True,1,1,0,0,True,True,0,10,9,10,9,3,RP_LS,sampled_pool,,,False,0.6,0.5,0.5,0.1,fixed,spacing_aware_flip,offspring,feasible_start_adaptive_spacing,,,,feasible_start_adaptive_spacing,0.5,,True,auto_from_instance,0.75,0.35,"3,5,8,11,12,13,18,19,22,25","2,5,6,8,9,10,12,13,20",,,,,,"H[3,5,8,11,12,13,18,19,22,25]|V[2,5,6,8,9,10,12,13,20]",b41b2678f47c3e9bfe9aa6316c7790f5ace7089f
proposed_nsga2_bs_AT_S_comercial_layout_AW_3_seed_111,proposed_nsga2_bs,AT_S_comercial_layout_AW_3,111,8,auto_from_instance,10,15,3,28,150,,,,,6,3,4,root > V:2 > BH:11 > BV:9 > BH:19,selected,1,inf,True,222,115,107,107.0,1.0,1.0,True,True,1,1,0,True,1,1,0,0,True,True,0,10,9,10,9,3,RP_LS,sampled_pool,,,False,0.6,0.5,0.5,0.1,fixed,spacing_aware_flip,offspring,feasible_start_adaptive_spacing,,,,feasible_start_adaptive_spacing,0.5,,True,auto_from_instance,0.75,0.35,"3,5,8,11,12,13,18,19,22,25","2,5,6,8,9,10,12,13,20",,,,,,"H[3,5,8,11,12,13,18,19,22,25]|V[2,5,6,8,9,10,12,13,20]",a13494f6aa090e10b6ffeff3cbd3e8aae05c5505
proposed_nsga2_bs_AT_S_comercial_layout_AW_3_seed_111,proposed_nsga2_bs,AT_S_comercial_layout_AW_3,111,8,auto_from_instance,10,15,3,28,150,,,,,7,6,4,root > V:2 > BH:11 > BH:17 > BV:8,selected,1,inf,True,222,120,102,151.0,1.0,1.0,True,True,1,1,0,True,1,1,0,0,True,True,0,9,8,9,8,6,PF_LS,sampled_pool,,,False,0.6,0.5,0.5,0.1,fixed,bit_flip,offspring,feasible_start_adaptive_spacing,,,,feasible_start_adaptive_spacing,0.5,,True,auto_from_instance,0.75,0.35,"3,5,11,12,13,17,18,19,25","2,3,8,9,10,12,13,20",,,,,,"H[3,5,11,12,13,17,18,19,25]|V[2,3,8,9,10,12,13,20]",2035ca093874466b8e7b1e9f7aa71b738528a47d
proposed_nsga2_bs_AT_S_comercial_layout_AW_3_seed_111,proposed_nsga2_bs,AT_S_comercial_layout_AW_3,111,8,auto_from_instance,10,15,3,28,150,,,,,8,8,4,root > V:3 > BH:11 > BV:10 > BV:9,selected,2,inf,True,225,115,110,149.0,1.0,1.0,True,True,1,1,0,True,1,1,0,0,True,True,0,8,8,8,8,8,SS_PF_LS,sampled_pool,,,True,0.6,0.5,0.5,0.1,fixed,insert_random_aisle,offspring,feasible_start_adaptive_spacing,,,,feasible_start_adaptive_spacing,0.5,,True,auto_from_instance,0.75,0.35,"5,11,12,13,18,19,22,25","2,3,8,9,10,12,13,20",,,,,,"H[5,11,12,13,18,19,22,25]|V[2,3,8,9,10,12,13,20]",ae825089721f98e0d9805014401719023ff6a664
proposed_nsga2_bs_AT_S_comercial_layout_AW_3_seed_111,proposed_nsga2_bs,AT_S_comercial_layout_AW_3,111,9,auto_from_instance,10,15,3,28,150,,,,,1,1,4,root > V:2 > BH:11 > BH:18 > BV:8,selected,0,inf,True,222,120,102,118.0,1.0,1.0,True,True,1,1,0,True,1,1,0,0,True,True,0,9,10,9,10,1,SS_LS_PF,sampled_pool,,,True,0.6666666666666666,0.5,0.5,0.1,fixed,bit_flip,offspring,feasible_start_adaptive_spacing,,,,feasible_start_adaptive_spacing,0.5,,True,auto_from_instance,0.75,0.35,"3,5,8,11,12,13,18,19,25","2,5,6,8,9,10,12,13,17,20",,,,,,"H[3,5,8,11,12,13,18,19,25]|V[2,5,6,8,9,10,12,13,17,20]",c7821f85912c8e5c3b6ca7ddc3262e68ecac8a29
proposed_nsga2_bs_AT_S_comercial_layout_AW_3_seed_111,proposed_nsga2_bs,AT_S_comercial_layout_AW_3,111,9,auto_from_instance,10,15,3,28,150,,,,,2,1,4,root > V:2 > BH:11 > BV:9 > BV:8,selected,0,inf,True,222,120,102,118.0,1.0,1.0,True,True,1,1,0,True,1,1,0,0,True,True,0,9,10,9,10,1,SS_LS_PF,sampled_pool,,,True,0.6666666666666666,0.5,0.5,0.1,fixed,bit_flip,offspring,feasible_start_adaptive_spacing,,,,feasible_start_adaptive_spacing,0.5,,True,auto_from_instance,0.75,0.35,"3,5,8,11,12,13,18,19,25","2,5,6,8,9,10,12,13,17,20",,,,,,"H[3,5,8,11,12,13,18,19,25]|V[2,5,6,8,9,10,12,13,17,20]",819b823d42066f1be4d37e503ecee22d07e5a6b0
proposed_nsga2_bs_AT_S_comercial_layout_AW_3_seed_111,proposed_nsga2_bs,AT_S_comercial_layout_AW_3,111,9,auto_from_instance,10,15,3,28,150,,,,,3,1,4,root > V:2 > BH:11 > BH:19 > BV:8,selected,1,inf,True,222,120,102,151.0,1.0,1.0,True,True,1,1,0,True,1,1,0,0,True,True,0,9,10,9,10,1,SS_LS_PF,sampled_pool,,,True,0.6666666666666666,0.5,0.5,0.1,fixed,bit_flip,offspring,feasible_start_adaptive_spacing,,,,feasible_start_adaptive_spacing,0.5,,True,auto_from_instance,0.75,0.35,"3,5,8,11,12,13,18,19,25","2,5,6,8,9,10,12,13,17,20",,,,,,"H[3,5,8,11,12,13,18,19,25]|V[2,5,6,8,9,10,12,13,17,20]",8ba645c74da6577ac7820f92db785eac755acc05
proposed_nsga2_bs_AT_S_comercial_layout_AW_3_seed_111,proposed_nsga2_bs,AT_S_comercial_layout_AW_3,111,9,auto_from_instance,10,15,3,28,150,,,,,4,2,4,root > V:2 > BH:11 > BH:17 > BV:8,selected,1,inf,True,222,120,102,151.0,1.0,1.0,True,True,1,1,0,True,1,1,0,0,True,True,0,10,8,10,8,2,PF_LS,sampled_pool,,,False,0.6666666666666666,0.5,0.5,0.1,fixed,bit_flip,offspring,feasible_start_adaptive_spacing,,,,feasible_start_adaptive_spacing,0.5,,True,auto_from_instance,0.75,0.35,"5,12,13,14,18,19,22,25","2,6,8,9,10,12,13,20",,,,,,"H[5,11,12,13,14,17,18,19,22,25]|V[2,6,8,9,10,12,13,20]",2035ca093874466b8e7b1e9f7aa71b738528a47d
proposed_nsga2_bs_AT_S_comercial_layout_AW_3_seed_111,proposed_nsga2_bs,AT_S_comercial_layout_AW_3,111,9,auto_from_instance,10,15,3,28,150,,,,,5,4,4,root > V:2 > BH:11 > BV:9 > BH:18,selected,0,inf,True,222,115,107,74.0,1.0,1.0,True,True,1,1,0,True,1,1,0,0,True,True,0,8,9,8,9,4,RP,sampled_pool,,,False,0.6666666666666666,0.5,0.5,0.1,fixed,spacing_aware_flip,offspring,feasible_start_adaptive_spacing,,,,feasible_start_adaptive_spacing,0.5,,True,auto_from_instance,0.75,0.35,"5,8,11,12,13,18,19,25","2,6,8,9,10,12,13,17,20",,,,,,"H[5,8,11,12,13,18,19,25]|V[2,6,8,9,10,12,13,17,20]",313e3f681b33bc30f90444b0b1b5dd821fed5c79
proposed_nsga2_bs_AT_S_comercial_layout_AW_3_seed_111,proposed_nsga2_bs,AT_S_comercial_layout_AW_3,111,9,auto_from_instance,10,15,3,28,150,,,,,6,4,4,root > V:2 > BH:11 > BV:9 > BV:9,selected,0,inf,True,222,115,107,74.0,1.0,1.0,True,True,1,1,0,True,1,1,0,0,True,True,0,8,9,8,9,4,RP,sampled_pool,,,False,0.6666666666666666,0.5,0.5,0.1,fixed,spacing_aware_flip,offspring,feasible_start_adaptive_spacing,,,,feasible_start_adaptive_spacing,0.5,,True,auto_from_instance,0.75,0.35,"5,8,11,12,13,18,19,25","2,6,8,9,10,12,13,17,20",,,,,,"H[5,8,11,12,13,18,19,25]|V[2,6,8,9,10,12,13,17,20]",b41b2678f47c3e9bfe9aa6316c7790f5ace7089f
proposed_nsga2_bs_AT_S_comercial_layout_AW_3_seed_111,proposed_nsga2_bs,AT_S_comercial_layout_AW_3,111,9,auto_from_instance,10,15,3,28,150,,,,,7,4,4,root > V:2 > BH:11 > BV:9 > BH:19,selected,1,inf,True,222,115,107,107.0,1.0,1.0,True,True,1,1,0,True,1,1,0,0,True,True,0,8,9,8,9,4,RP,sampled_pool,,,False,0.6666666666666666,0.5,0.5,0.1,fixed,spacing_aware_flip,offspring,feasible_start_adaptive_spacing,,,,feasible_start_adaptive_spacing,0.5,,True,auto_from_instance,0.75,0.35,"5,8,11,12,13,18,19,25","2,6,8,9,10,12,13,17,20",,,,,,"H[5,8,11,12,13,18,19,25]|V[2,6,8,9,10,12,13,17,20]",a13494f6aa090e10b6ffeff3cbd3e8aae05c5505
proposed_nsga2_bs_AT_S_comercial_layout_AW_3_seed_111,proposed_nsga2_bs,AT_S_comercial_layout_AW_3,111,10,auto_from_instance,10,15,3,28,150,,,,,1,1,4,root > V:2 > BH:11 > BH:18 > BV:8,selected,0,inf,True,222,120,102,118.0,1.0,1.0,True,True,1,1,0,True,1,1,0,0,True,True,0,8,9,8,9,1,SS_LS_PF,sampled_pool,,,True,0.7333333333333333,0.5,0.5,0.1,fixed,remove_random_aisle,offspring,feasible_start_adaptive_spacing,,,,feasible_start_adaptive_spacing,0.5,,True,auto_from_instance,0.75,0.35,"3,8,11,12,13,18,19,25","2,6,8,9,10,12,13,17,20",,,,,,"H[3,8,11,12,13,18,19,25]|V[2,6,8,9,10,12,13,17,20]",c7821f85912c8e5c3b6ca7ddc3262e68ecac8a29
proposed_nsga2_bs_AT_S_comercial_layout_AW_3_seed_111,proposed_nsga2_bs,AT_S_comercial_layout_AW_3,111,10,auto_from_instance,10,15,3,28,150,,,,,2,1,4,root > V:2 > BH:11 > BV:9 > BV:8,selected,0,inf,True,222,120,102,118.0,1.0,1.0,True,True,1,1,0,True,1,1,0,0,True,True,0,8,9,8,9,1,SS_LS_PF,sampled_pool,,,True,0.7333333333333333,0.5,0.5,0.1,fixed,remove_random_aisle,offspring,feasible_start_adaptive_spacing,,,,feasible_start_adaptive_spacing,0.5,,True,auto_from_instance,0.75,0.35,"3,8,11,12,13,18,19,25","2,6,8,9,10,12,13,17,20",,,,,,"H[3,8,11,12,13,18,19,25]|V[2,6,8,9,10,12,13,17,20]",819b823d42066f1be4d37e503ecee22d07e5a6b0
proposed_nsga2_bs_AT_S_comercial_layout_AW_3_seed_111,proposed_nsga2_bs,AT_S_comercial_layout_AW_3,111,10,auto_from_instance,10,15,3,28,150,,,,,3,1,4,root > V:2 > BH:11 > BH:19 > BV:8,selected,1,inf,True,222,120,102,151.0,1.0,1.0,True,True,1,1,0,True,1,1,0,0,True,True,0,8,9,8,9,1,SS_LS_PF,sampled_pool,,,True,0.7333333333333333,0.5,0.5,0.1,fixed,remove_random_aisle,offspring,feasible_start_adaptive_spacing,,,,feasible_start_adaptive_spacing,0.5,,True,auto_from_instance,0.75,0.35,"3,8,11,12,13,18,19,25","2,6,8,9,10,12,13,17,20",,,,,,"H[3,8,11,12,13,18,19,25]|V[2,6,8,9,10,12,13,17,20]",8ba645c74da6577ac7820f92db785eac755acc05
proposed_nsga2_bs_AT_S_comercial_layout_AW_3_seed_111,proposed_nsga2_bs,AT_S_comercial_layout_AW_3,111,10,auto_from_instance,10,15,3,28,150,,,,,4,2,4,root > V:2 > BH:11 > BH:18 > BV:9,selected,0,inf,True,222,115,107,74.0,1.0,1.0,True,True,1,1,0,True,1,1,0,0,True,True,0,8,11,8,11,2,PF_SS_RP,sampled_pool,,,True,0.7333333333333333,0.5,0.5,0.1,fixed,insert_random_aisle,offspring,feasible_start_adaptive_spacing,,,,feasible_start_adaptive_spacing,0.5,,True,auto_from_instance,0.75,0.35,"5,8,11,12,13,18,19,25","2,3,5,6,8,9,10,12,13,17,20",,,,,,"H[5,8,11,12,13,18,19,25]|V[2,3,5,6,8,9,10,12,13,17,20]",313e3f681b33bc30f90444b0b1b5dd821fed5c79
proposed_nsga2_bs_AT_S_comercial_layout_AW_3_seed_111,proposed_nsga2_bs,AT_S_comercial_layout_AW_3,111,10,auto_from_instance,10,15,3,28,150,,,,,5,2,4,root > V:3 > BH:11 > BV:10 > BV:9,selected,1,inf,True,225,115,110,149.0,1.0,1.0,True,True,1,1,0,True,1,1,0,0,True,True,0,8,11,8,11,2,PF_SS_RP,sampled_pool,,,True,0.7333333333333333,0.5,0.5,0.1,fixed,insert_random_aisle,offspring,feasible_start_adaptive_spacing,,,,feasible_start_adaptive_spacing,0.5,,True,auto_from_instance,0.75,0.35,"5,8,11,12,13,18,19,25","2,3,5,6,8,9,10,12,13,17,20",,,,,,"H[5,8,11,12,13,18,19,25]|V[2,3,5,6,8,9,10,12,13,17,20]",ae825089721f98e0d9805014401719023ff6a664
proposed_nsga2_bs_AT_S_comercial_layout_AW_3_seed_111,proposed_nsga2_bs,AT_S_comercial_layout_AW_3,111,10,auto_from_instance,10,15,3,28,150,,,,,6,10,4,root > V:2 > BH:11 > BH:17 > BV:8,selected,1,inf,True,222,120,102,151.0,1.0,1.0,True,True,1,1,0,True,1,1,0,0,True,True,0,9,9,9,9,10,PF,sampled_pool,,,False,0.7333333333333333,0.5,0.5,0.1,fixed,remove_random_aisle,offspring,feasible_start_adaptive_spacing,,,,feasible_start_adaptive_spacing,0.5,,True,auto_from_instance,0.75,0.35,"5,8,11,12,13,18,19,25","2,5,6,8,9,10,13,17,20",,,,,,"H[5,8,11,12,13,17,18,19,25]|V[2,5,6,8,9,10,13,17,20]",2035ca093874466b8e7b1e9f7aa71b738528a47d
proposed_nsga2_bs_AT_S_comercial_layout_AW_3_seed_111,proposed_nsga2_bs,AT_S_comercial_layout_AW_3,111,11,auto_from_instance,10,15,3,28,150,,,,,1,1,4,root > V:2 > BH:11 > BH:18 > BV:8,selected,0,inf,True,222,120,102,118.0,1.0,1.0,True,True,1,1,0,True,1,1,0,0,True,True,0,9,10,9,10,1,SS_PF_LS,sampled_pool,,,True,0.8,0.5,0.5,0.1,fixed,break_symmetry,offspring,feasible_start_adaptive_spacing,,,,feasible_start_adaptive_spacing,0.5,,True,auto_from_instance,0.75,0.35,"3,8,11,12,13,17,18,19,25","2,5,6,8,9,10,12,13,17,19",,,,,,"H[3,8,11,12,13,17,18,19,25]|V[2,5,6,8,9,10,12,13,17,19]",c7821f85912c8e5c3b6ca7ddc3262e68ecac8a29
proposed_nsga2_bs_AT_S_comercial_layout_AW_3_seed_111,proposed_nsga2_bs,AT_S_comercial_layout_AW_3,111,11,auto_from_instance,10,15,3,28,150,,,,,2,1,4,root > V:2 > BH:11 > BV:9 > BV:8,selected,0,inf,True,222,120,102,118.0,1.0,1.0,True,True,1,1,0,True,1,1,0,0,True,True,0,9,10,9,10,1,SS_PF_LS,sampled_pool,,,True,0.8,0.5,0.5,0.1,fixed,break_symmetry,offspring,feasible_start_adaptive_spacing,,,,feasible_start_adaptive_spacing,0.5,,True,auto_from_instance,0.75,0.35,"3,8,11,12,13,17,18,19,25","2,5,6,8,9,10,12,13,17,19",,,,,,"H[3,8,11,12,13,17,18,19,25]|V[2,5,6,8,9,10,12,13,17,19]",819b823d42066f1be4d37e503ecee22d07e5a6b0
proposed_nsga2_bs_AT_S_comercial_layout_AW_3_seed_111,proposed_nsga2_bs,AT_S_comercial_layout_AW_3,111,11,auto_from_instance,10,15,3,28,150,,,,,3,1,4,root > V:2 > BH:11 > BH:19 > BV:8,selected,1,inf,True,222,120,102,151.0,1.0,1.0,True,True,1,1,0,True,1,1,0,0,True,True,0,9,10,9,10,1,SS_PF_LS,sampled_pool,,,True,0.8,0.5,0.5,0.1,fixed,break_symmetry,offspring,feasible_start_adaptive_spacing,,,,feasible_start_adaptive_spacing,0.5,,True,auto_from_instance,0.75,0.35,"3,8,11,12,13,17,18,19,25","2,5,6,8,9,10,12,13,17,19",,,,,,"H[3,8,11,12,13,17,18,19,25]|V[2,5,6,8,9,10,12,13,17,19]",8ba645c74da6577ac7820f92db785eac755acc05
proposed_nsga2_bs_AT_S_comercial_layout_AW_3_seed_111,proposed_nsga2_bs,AT_S_comercial_layout_AW_3,111,11,auto_from_instance,10,15,3,28,150,,,,,4,2,4,root > V:2 > BH:11 > BV:9 > BH:18,selected,0,inf,True,222,115,107,74.0,1.0,1.0,True,True,1,1,0,True,1,1,0,0,True,True,0,9,8,9,8,2,RP,sampled_pool,,,False,0.8,0.5,0.5,0.1,fixed,insert_random_aisle,offspring,feasible_start_adaptive_spacing,,,,feasible_start_adaptive_spacing,0.5,,True,auto_from_instance,0.75,0.35,"5,8,11,12,13,18,19,22,25","2,6,8,9,10,13,17,20",,,,,,"H[5,8,11,12,13,18,19,22,25]|V[2,6,8,9,10,13,17,20]",313e3f681b33bc30f90444b0b1b5dd821fed5c79
proposed_nsga2_bs_AT_S_comercial_layout_AW_3_seed_111,proposed_nsga2_bs,AT_S_comercial_layout_AW_3,111,11,auto_from_instance,10,15,3,28,150,,,,,5,2,4,root > V:2 > BH:11 > BV:9 > BV:9,selected,0,inf,True,222,115,107,74.0,1.0,1.0,True,True,1,1,0,True,1,1,0,0,True,True,0,9,8,9,8,2,RP,sampled_pool,,,False,0.8,0.5,0.5,0.1,fixed,insert_random_aisle,offspring,feasible_start_adaptive_spacing,,,,feasible_start_adaptive_spacing,0.5,,True,auto_from_instance,0.75,0.35,"5,8,11,12,13,18,19,22,25","2,6,8,9,10,13,17,20",,,,,,"H[5,8,11,12,13,18,19,22,25]|V[2,6,8,9,10,13,17,20]",b41b2678f47c3e9bfe9aa6316c7790f5ace7089f
proposed_nsga2_bs_AT_S_comercial_layout_AW_3_seed_111,proposed_nsga2_bs,AT_S_comercial_layout_AW_3,111,11,auto_from_instance,10,15,3,28,150,,,,,6,2,4,root > V:2 > BH:11 > BV:9 > BH:19,selected,1,inf,True,222,115,107,107.0,1.0,1.0,True,True,1,1,0,True,1,1,0,0,True,True,0,9,8,9,8,2,RP,sampled_pool,,,False,0.8,0.5,0.5,0.1,fixed,insert_random_aisle,offspring,feasible_start_adaptive_spacing,,,,feasible_start_adaptive_spacing,0.5,,True,auto_from_instance,0.75,0.35,"5,8,11,12,13,18,19,22,25","2,6,8,9,10,13,17,20",,,,,,"H[5,8,11,12,13,18,19,22,25]|V[2,6,8,9,10,13,17,20]",a13494f6aa090e10b6ffeff3cbd3e8aae05c5505
proposed_nsga2_bs_AT_S_comercial_layout_AW_3_seed_111,proposed_nsga2_bs,AT_S_comercial_layout_AW_3,111,11,auto_from_instance,10,15,3,28,150,,,,,7,3,4,root > V:3 > BH:11 > BV:10 > BV:9,selected,2,inf,True,225,115,110,149.0,1.0,1.0,True,True,1,1,0,True,1,1,0,0,True,True,0,8,12,8,12,3,SS_PF_LS,sampled_pool,,,True,0.8,0.5,0.5,0.1,fixed,insert_random_aisle,offspring,feasible_start_adaptive_spacing,,,,feasible_start_adaptive_spacing,0.5,,True,auto_from_instance,0.75,0.35,"5,8,11,12,13,18,19,25","2,3,5,6,8,9,10,12,13,16,17,20",,,,,,"H[5,8,11,12,13,18,19,25]|V[2,3,5,6,8,9,10,12,13,16,17,20]",ae825089721f98e0d9805014401719023ff6a664
proposed_nsga2_bs_AT_S_comercial_layout_AW_3_seed_111,proposed_nsga2_bs,AT_S_comercial_layout_AW_3,111,11,auto_from_instance,10,15,3,28,150,,,,,8,4,4,root > V:2 > BH:11 > BH:17 > BV:8,selected,1,inf,True,222,120,102,151.0,1.0,1.0,True,True,1,1,0,True,1,1,0,0,True,True,0,10,9,10,9,4,PF,sampled_pool,,,False,0.8,0.5,0.5,0.1,fixed,spacing_aware_flip,offspring,feasible_start_adaptive_spacing,,,,feasible_start_adaptive_spacing,0.5,,True,auto_from_instance,0.75,0.35,"3,8,11,12,13,18,19,22,25","2,6,8,9,10,12,13,17,20",,,,,,"H[3,8,11,12,13,17,18,19,22,25]|V[2,6,8,9,10,12,13,17,20]",2035ca093874466b8e7b1e9f7aa71b738528a47d
proposed_nsga2_bs_AT_S_comercial_layout_AW_3_seed_111,proposed_nsga2_bs,AT_S_comercial_layout_AW_3,111,11,auto_from_instance,10,15,3,28,150,,,,,9,8,6,root > V:5 > BH:11 > BH:18 > BH:11 > BH:3 > BV:13,selected,3,inf,True,219,90,129,209.0,1.0,1.0,True,True,1,1,0,True,1,1,0,0,True,True,0,9,10,9,10,8,SS_PF_LS,sampled_pool,,,True,0.8,0.5,0.5,0.1,fixed,remove_random_aisle,offspring,feasible_start_adaptive_spacing,,,,feasible_start_adaptive_spacing,0.5,,True,auto_from_instance,0.75,0.35,"5,8,11,12,13,18,19,25","3,5,6,8,9,10,12,13,17,20",,,,,,"H[3,5,8,11,12,13,18,19,25]|V[3,5,6,8,9,10,12,13,17,20]",cbba08a07531cc6542f27ca98621791bd35cab77
proposed_nsga2_bs_AT_S_comercial_layout_AW_3_seed_111,proposed_nsga2_bs,AT_S_comercial_layout_AW_3,111,11,auto_from_instance,10,15,3,28,150,,,,,10,8,6,root > V:5 > BH:11 > BH:18 > BH:11 > BH:4 > BV:13,selected,4,inf,True,219,90,129,219.0,1.0,1.0,True,True,1,1,0,True,1,1,0,0,True,True,0,9,10,9,10,8,SS_PF_LS,sampled_pool,,,True,0.8,0.5,0.5,0.1,fixed,remove_random_aisle,offspring,feasible_start_adaptive_spacing,,,,feasible_start_adaptive_spacing,0.5,,True,auto_from_instance,0.75,0.35,"5,8,11,12,13,18,19,25","3,5,6,8,9,10,12,13,17,20",,,,,,"H[4,5,8,11,12,13,18,19,25]|V[3,5,6,8,9,10,12,13,17,20]",921a2f686e289ae60d0982a91fa50f82c81b2441
proposed_nsga2_bs_AT_S_comercial_layout_AW_3_seed_111,proposed_nsga2_bs,AT_S_comercial_layout_AW_3,111,11,auto_from_instance,10,15,3,28,150,,,,,11,8,6,root > V:5 > BH:11 > BH:18 > BH:11 > BH:5 > BV:13,evaluated,5,inf,False,219,90,129,254.0,1.0,1.0,True,True,1,1,0,True,1,1,0,0,True,True,0,8,10,8,10,8,SS_PF_LS,sampled_pool,,,True,0.8,0.5,0.5,0.1,fixed,remove_random_aisle,offspring,feasible_start_adaptive_spacing,,,,feasible_start_adaptive_spacing,0.5,,True,auto_from_instance,0.75,0.35,"5,8,11,12,13,18,19,25","3,5,6,8,9,10,12,13,17,20",,,,,,"H[5,8,11,12,13,18,19,25]|V[3,5,6,8,9,10,12,13,17,20]",060f40d7e3b1d8dcf073f901d7594b238da2f125
proposed_nsga2_bs_AT_S_comercial_layout_AW_3_seed_111,proposed_nsga2_bs,AT_S_comercial_layout_AW_3,111,12,auto_from_instance,10,15,3,28,150,,,,,1,1,4,root > V:2 > BH:11 > BV:9 > BH:18,selected,0,inf,True,222,115,107,74.0,1.0,1.0,True,True,1,1,0,True,1,1,0,0,True,True,0,8,7,8,7,1,RP,sampled_pool,,,False,0.8666666666666667,0.5,0.5,0.1,fixed,remove_random_aisle,offspring,feasible_start_adaptive_spacing,,,,feasible_start_adaptive_spacing,0.5,,True,auto_from_instance,0.75,0.35,"5,8,11,12,13,17,18,25","2,6,8,9,10,13,17",,,,,,"H[5,8,11,12,13,17,18,25]|V[2,6,8,9,10,13,17]",313e3f681b33bc30f90444b0b1b5dd821fed5c79
proposed_nsga2_bs_AT_S_comercial_layout_AW_3_seed_111,proposed_nsga2_bs,AT_S_comercial_layout_AW_3,111,12,auto_from_instance,10,15,3,28,150,,,,,2,1,4,root > V:2 > BH:11 > BV:9 > BV:9,selected,0,inf,True,222,115,107,74.0,1.0,1.0,True,True,1,1,0,True,1,1,0,0,True,True,0,8,7,8,7,1,RP,sampled_pool,,,False,0.8666666666666667,0.5,0.5,0.1,fixed,remove_random_aisle,offspring,feasible_start_adaptive_spacing,,,,feasible_start_adaptive_spacing,0.5,,True,auto_from_instance,0.75,0.35,"5,8,11,12,13,17,18,25","2,6,8,9,10,13,17",,,,,,"H[5,8,11,12,13,17,18,25]|V[2,6,8,9,10,13,17]",b41b2678f47c3e9bfe9aa6316c7790f5ace7089f
proposed_nsga2_bs_AT_S_comercial_layout_AW_3_seed_111,proposed_nsga2_bs,AT_S_comercial_layout_AW_3,111,12,auto_from_instance,10,15,3,28,150,,,,,3,1,4,root > V:2 > BH:11 > BV:9 > BH:19,selected,1,inf,True,222,115,107,107.0,1.0,1.0,True,True,1,1,0,True,1,1,0,0,True,True,0,9,7,9,7,1,RP,sampled_pool,,,False,0.8666666666666667,0.5,0.5,0.1,fixed,remove_random_aisle,offspring,feasible_start_adaptive_spacing,,,,feasible_start_adaptive_spacing,0.5,,True,auto_from_instance,0.75,0.35,"5,8,11,12,13,17,18,25","2,6,8,9,10,13,17",,,,,,"H[5,8,11,12,13,17,18,19,25]|V[2,6,8,9,10,13,17]",a13494f6aa090e10b6ffeff3cbd3e8aae05c5505
proposed_nsga2_bs_AT_S_comercial_layout_AW_3_seed_111,proposed_nsga2_bs,AT_S_comercial_layout_AW_3,111,12,auto_from_instance,10,15,3,28,150,,,,,4,2,4,root > V:2 > BH:11 > BH:18 > BV:8,selected,0,inf,True,222,120,102,118.0,1.0,1.0,True,True,1,1,0,True,1,1,0,0,True,True,0,9,11,9,11,2,LS_SS,sampled_pool,,,True,0.8666666666666667,0.5,0.5,0.1,fixed,break_symmetry,offspring,feasible_start_adaptive_spacing,,,,feasible_start_adaptive_spacing,0.5,,True,auto_from_instance,0.75,0.35,"3,8,11,12,13,18,19,22,25","2,5,6,8,9,10,11,13,17,19,20",,,,,,"H[3,8,11,12,13,18,19,22,25]|V[2,5,6,8,9,10,11,13,17,19,20]",c7821f85912c8e5c3b6ca7ddc3262e68ecac8a29
proposed_nsga2_bs_AT_S_comercial_layout_AW_3_seed_111,proposed_nsga2_bs,AT_S_comercial_layout_AW_3,111,12,auto_from_instance,10,15,3,28,150,,,,,5,2,4,root > V:2 > BH:11 > BV:9 > BV:8,selected,0,inf,True,222,120,102,118.0,1.0,1.0,True,True,1,1,0,True,1,1,0,0,True,True,0,9,11,9,11,2,LS_SS,sampled_pool,,,True,0.8666666666666667,0.5,0.5,0.1,fixed,break_symmetry,offspring,feasible_start_adaptive_spacing,,,,feasible_start_adaptive_spacing,0.5,,True,auto_from_instance,0.75,0.35,"3,8,11,12,13,18,19,22,25","2,5,6,8,9,10,11,13,17,19,20",,,,,,"H[3,8,11,12,13,18,19,22,25]|V[2,5,6,8,9,10,11,13,17,19,20]",819b823d42066f1be4d37e503ecee22d07e5a6b0
proposed_nsga2_bs_AT_S_comercial_layout_AW_3_seed_111,proposed_nsga2_bs,AT_S_comercial_layout_AW_3,111,12,auto_from_instance,10,15,3,28,150,,,,,6,2,4,root > V:2 > BH:11 > BH:19 > BV:8,selected,1,inf,True,222,120,102,151.0,1.0,1.0,True,True,1,1,0,True,1,1,0,0,True,True,0,9,11,9,11,2,LS_SS,sampled_pool,,,True,0.8666666666666667,0.5,0.5,0.1,fixed,break_symmetry,offspring,feasible_start_adaptive_spacing,,,,feasible_start_adaptive_spacing,0.5,,True,auto_from_instance,0.75,0.35,"3,8,11,12,13,18,19,22,25","2,5,6,8,9,10,11,13,17,19,20",,,,,,"H[3,8,11,12,13,18,19,22,25]|V[2,5,6,8,9,10,11,13,17,19,20]",8ba645c74da6577ac7820f92db785eac755acc05
proposed_nsga2_bs_AT_S_comercial_layout_AW_3_seed_111,proposed_nsga2_bs,AT_S_comercial_layout_AW_3,111,12,auto_from_instance,10,15,3,28,150,,,,,7,10,5,root > V:8 > BH:11 > BH:19 > BH:13 > BH:7,selected,3,inf,True,234,107,127,416.0,1.0,1.0,True,True,1,1,0,True,1,1,0,0,True,True,0,11,8,11,8,10,LS,sampled_pool,,,False,0.8666666666666667,0.5,0.5,0.1,fixed,bit_flip,offspring,feasible_start_adaptive_spacing,,,,feasible_start_adaptive_spacing,0.5,,True,auto_from_instance,0.75,0.35,"3,5,8,11,12,13,18,19,22,25","5,6,8,9,10,13,17,19",,,,,,"H[3,5,7,8,11,12,13,18,19,22,25]|V[5,6,8,9,10,13,17,19]",0f0d1a058f65b8a0746d488ccb697df709729c97
proposed_nsga2_bs_AT_S_comercial_layout_AW_3_seed_111,proposed_nsga2_bs,AT_S_comercial_layout_AW_3,111,12,auto_from_instance,10,15,3,28,150,,,,,8,10,5,root > V:8 > BH:11 > BH:19 > BH:13 > BH:6,selected,2,inf,True,234,107,127,328.0,1.0,1.0,True,True,1,1,0,True,1,1,0,0,True,True,0,11,8,11,8,10,LS,sampled_pool,,,False,0.8666666666666667,0.5,0.5,0.1,fixed,bit_flip,offspring,feasible_start_adaptive_spacing,,,,feasible_start_adaptive_spacing,0.5,,True,auto_from_instance,0.75,0.35,"3,5,8,11,12,13,18,19,22,25","5,6,8,9,10,13,17,19",,,,,,"H[3,5,6,8,11,12,13,18,19,22,25]|V[5,6,8,9,10,13,17,19]",50c17a0a01e40dc419bb628a97be61bf9b69f85b
proposed_nsga2_bs_AT_S_comercial_layout_AW_3_seed_111,proposed_nsga2_bs,AT_S_comercial_layout_AW_3,111,12,auto_from_instance,10,15,3,28,150,,,,,9,10,5,root > V:8 > BH:11 > BH:19 > BH:12 > BH:6,selected,2,inf,True,234,107,127,328.0,1.0,1.0,True,True,1,1,0,True,1,1,0,0,True,True,0,11,8,11,8,10,LS,sampled_pool,,,False,0.8666666666666667,0.5,0.5,0.1,fixed,bit_flip,offspring,feasible_start_adaptive_spacing,,,,feasible_start_adaptive_spacing,0.5,,True,auto_from_instance,0.75,0.35,"3,5,8,11,12,13,18,19,22,25","5,6,8,9,10,13,17,19",,,,,,"H[3,5,6,8,11,12,13,18,19,22,25]|V[5,6,8,9,10,13,17,19]",7b644daa2547201c5d08b35842ad945cbb28b5e9
proposed_nsga2_bs_AT_S_comercial_layout_AW_3_seed_111,proposed_nsga2_bs,AT_S_comercial_layout_AW_3,111,13,auto_from_instance,10,15,3,28,150,,,,,1,1,4,root > V:2 > BH:11 > BH:18 > BV:8,selected,0,inf,True,222,120,102,118.0,1.0,1.0,True,True,1,1,0,True,1,1,0,0,True,True,0,9,10,9,10,1,LS_RP,sampled_pool,,,False,0.9333333333333333,0.5,0.5,0.1,fixed,spacing_aware_flip,offspring,feasible_start_adaptive_spacing,,,,feasible_start_adaptive_spacing,0.5,,True,auto_from_instance,0.75,0.35,"0,3,8,11,12,13,18,19,25","2,6,8,9,10,11,13,17,19,20",,,,,,"H[0,3,8,11,12,13,18,19,25]|V[2,6,8,9,10,11,13,17,19,20]",c7821f85912c8e5c3b6ca7ddc3262e68ecac8a29
proposed_nsga2_bs_AT_S_comercial_layout_AW_3_seed_111,proposed_nsga2_bs,AT_S_comercial_layout_AW_3,111,13,auto_from_instance,10,15,3,28,150,,,,,2,1,4,root > V:2 > BH:11 > BV:9 > BV:8,selected,0,inf,True,222,120,102,118.0,1.0,1.0,True,True,1,1,0,True,1,1,0,0,True,True,0,9,10,9,10,1,LS_RP,sampled_pool,,,False,0.9333333333333333,0.5,0.5,0.1,fixed,spacing_aware_flip,offspring,feasible_start_adaptive_spacing,,,,feasible_start_adaptive_spacing,0.5,,True,auto_from_instance,0.75,0.35,"0,3,8,11,12,13,18,19,25","2,6,8,9,10,11,13,17,19,20",,,,,,"H[0,3,8,11,12,13,18,19,25]|V[2,6,8,9,10,11,13,17,19,20]",819b823d42066f1be4d37e503ecee22d07e5a6b0
proposed_nsga2_bs_AT_S_comercial_layout_AW_3_seed_111,proposed_nsga2_bs,AT_S_comercial_layout_AW_3,111,13,auto_from_instance,10,15,3,28,150,,,,,3,1,4,root > V:2 > BH:11 > BH:19 > BV:8,selected,1,inf,True,222,120,102,151.0,1.0,1.0,True,True,1,1,0,True,1,1,0,0,True,True,0,9,10,9,10,1,LS_RP,sampled_pool,,,False,0.9333333333333333,0.5,0.5,0.1,fixed,spacing_aware_flip,offspring,feasible_start_adaptive_spacing,,,,feasible_start_adaptive_spacing,0.5,,True,auto_from_instance,0.75,0.35,"0,3,8,11,12,13,18,19,25","2,6,8,9,10,11,13,17,19,20",,,,,,"H[0,3,8,11,12,13,18,19,25]|V[2,6,8,9,10,11,13,17,19,20]",8ba645c74da6577ac7820f92db785eac755acc05
proposed_nsga2_bs_AT_S_comercial_layout_AW_3_seed_111,proposed_nsga2_bs,AT_S_comercial_layout_AW_3,111,13,auto_from_instance,10,15,3,28,150,,,,,4,2,4,root > V:2 > BH:11 > BH:17 > BV:8,selected,1,inf,True,222,120,102,151.0,1.0,1.0,True,True,1,1,0,True,1,1,0,0,True,True,0,10,9,10,9,2,PF_LS,sampled_pool,,,False,0.9333333333333333,0.5,0.5,0.1,fixed,swap_segments,offspring,feasible_start_adaptive_spacing,,,,feasible_start_adaptive_spacing,0.5,,True,auto_from_instance,0.75,0.35,"5,8,11,12,13,17,18,19,22,25","2,5,9,13,14,16,17,18",,,,,,"H[5,8,11,12,13,17,18,19,22,25]|V[2,5,8,9,13,14,16,17,18]",2035ca093874466b8e7b1e9f7aa71b738528a47d
proposed_nsga2_bs_AT_S_comercial_layout_AW_3_seed_111,proposed_nsga2_bs,AT_S_comercial_layout_AW_3,111,13,auto_from_instance,10,15,3,28,150,,,,,5,5,6,root > V:5 > BH:11 > BH:18 > BH:10 > BH:3 > BV:13,selected,2,inf,True,219,90,129,209.0,1.0,1.0,True,True,1,1,0,True,1,1,0,0,True,True,0,10,9,10,9,5,RP,sampled_pool,,,False,0.9333333333333333,0.5,0.5,0.1,fixed,break_symmetry,offspring,feasible_start_adaptive_spacing,,,,feasible_start_adaptive_spacing,0.5,,True,auto_from_instance,0.75,0.35,"3,8,11,12,13,18,19,22,25","5,6,8,9,11,13,17,19,20",,,,,,"H[3,8,10,11,12,13,18,19,22,25]|V[5,6,8,9,11,13,17,19,20]",2458f933cf3f19aa1aa8c5e73507b947572b0492
proposed_nsga2_bs_AT_S_comercial_layout_AW_3_seed_111,proposed_nsga2_bs,AT_S_comercial_layout_AW_3,111,13,auto_from_instance,10,15,3,28,150,,,,,6,5,6,root > V:5 > BH:11 > BH:17 > BH:10 > BH:3 > BV:13,selected,2,inf,True,219,90,129,209.0,1.0,1.0,True,True,1,1,0,True,1,1,0,0,True,True,0,11,9,11,9,5,RP,sampled_pool,,,False,0.9333333333333333,0.5,0.5,0.1,fixed,break_symmetry,offspring,feasible_start_adaptive_spacing,,,,feasible_start_adaptive_spacing,0.5,,True,auto_from_instance,0.75,0.35,"3,8,11,12,13,18,19,22,25","5,6,8,9,11,13,17,19,20",,,,,,"H[3,8,10,11,12,13,17,18,19,22,25]|V[5,6,8,9,11,13,17,19,20]",81b1e6bcefd16da3e5a22253c0b2f45172bd94b7
proposed_nsga2_bs_AT_S_comercial_layout_AW_3_seed_111,proposed_nsga2_bs,AT_S_comercial_layout_AW_3,111,13,auto_from_instance,10,15,3,28,150,,,,,7,5,6,root > V:5 > BH:11 > BH:17 > BH:9 > BH:3 > BV:13,selected,3,inf,True,219,90,129,224.0,1.0,1.0,True,True,1,1,0,True,1,1,0,0,True,True,0,11,9,11,9,5,RP,sampled_pool,,,False,0.9333333333333333,0.5,0.5,0.1,fixed,break_symmetry,offspring,feasible_start_adaptive_spacing,,,,feasible_start_adaptive_spacing,0.5,,True,auto_from_instance,0.75,0.35,"3,8,11,12,13,18,19,22,25","5,6,8,9,11,13,17,19,20",,,,,,"H[3,8,9,11,12,13,17,18,19,22,25]|V[5,6,8,9,11,13,17,19,20]",615fde053a77b6cb57ca1196457210da6905a983
proposed_nsga2_bs_AT_S_comercial_layout_AW_3_seed_111,proposed_nsga2_bs,AT_S_comercial_layout_AW_3,111,14,auto_from_instance,10,15,3,28,150,,,,,1,1,4,root > V:2 > BH:11 > BH:18 > BV:8,selected,0,inf,True,222,120,102,118.0,1.0,1.0,True,True,1,1,0,True,1,1,0,0,True,True,0,9,9,9,9,1,LS_SS,sampled_pool,,,True,1.0,0.5,0.5,0.1,fixed,remove_random_aisle,offspring,feasible_start_adaptive_spacing,,,,feasible_start_adaptive_spacing,0.5,,True,auto_from_instance,0.75,0.35,"0,3,8,11,12,13,18,19,25","2,6,8,9,11,13,17,19,20",,,,,,"H[0,3,8,11,12,13,18,19,25]|V[2,6,8,9,11,13,17,19,20]",c7821f85912c8e5c3b6ca7ddc3262e68ecac8a29
proposed_nsga2_bs_AT_S_comercial_layout_AW_3_seed_111,proposed_nsga2_bs,AT_S_comercial_layout_AW_3,111,14,auto_from_instance,10,15,3,28,150,,,,,2,1,4,root > V:2 > BH:11 > BV:9 > BV:8,selected,0,inf,True,222,120,102,118.0,1.0,1.0,True,True,1,1,0,True,1,1,0,0,True,True,0,9,9,9,9,1,LS_SS,sampled_pool,,,True,1.0,0.5,0.5,0.1,fixed,remove_random_aisle,offspring,feasible_start_adaptive_spacing,,,,feasible_start_adaptive_spacing,0.5,,True,auto_from_instance,0.75,0.35,"0,3,8,11,12,13,18,19,25","2,6,8,9,11,13,17,19,20",,,,,,"H[0,3,8,11,12,13,18,19,25]|V[2,6,8,9,11,13,17,19,20]",819b823d42066f1be4d37e503ecee22d07e5a6b0
proposed_nsga2_bs_AT_S_comercial_layout_AW_3_seed_111,proposed_nsga2_bs,AT_S_comercial_layout_AW_3,111,14,auto_from_instance,10,15,3,28,150,,,,,3,1,4,root > V:2 > BH:11 > BH:19 > BV:8,selected,1,inf,True,222,120,102,151.0,1.0,1.0,True,True,1,1,0,True,1,1,0,0,True,True,0,9,9,9,9,1,LS_SS,sampled_pool,,,True,1.0,0.5,0.5,0.1,fixed,remove_random_aisle,offspring,feasible_start_adaptive_spacing,,,,feasible_start_adaptive_spacing,0.5,,True,auto_from_instance,0.75,0.35,"0,3,8,11,12,13,18,19,25","2,6,8,9,11,13,17,19,20",,,,,,"H[0,3,8,11,12,13,18,19,25]|V[2,6,8,9,11,13,17,19,20]",8ba645c74da6577ac7820f92db785eac755acc05
proposed_nsga2_bs_AT_S_comercial_layout_AW_3_seed_111,proposed_nsga2_bs,AT_S_comercial_layout_AW_3,111,14,auto_from_instance,10,15,3,28,150,,,,,4,2,5,root > V:8 > BH:11 > BH:19 > BH:13 > BH:7,evaluated,6,inf,False,234,107,127,416.0,1.0,1.0,True,True,1,1,0,True,1,1,0,0,True,True,0,12,10,12,10,2,LS,sampled_pool,,,False,1.0,0.5,0.5,0.1,fixed,spacing_aware_flip,offspring,feasible_start_adaptive_spacing,,,,feasible_start_adaptive_spacing,0.5,,True,auto_from_instance,0.75,0.35,"0,3,8,10,11,12,13,17,18,19,25","5,6,8,9,10,11,13,17,19,20",,,,,,"H[0,3,7,8,10,11,12,13,17,18,19,25]|V[5,6,8,9,10,11,13,17,19,20]",0f0d1a058f65b8a0746d488ccb697df709729c97
proposed_nsga2_bs_AT_S_comercial_layout_AW_3_seed_111,proposed_nsga2_bs,AT_S_comercial_layout_AW_3,111,14,auto_from_instance,10,15,3,28,150,,,,,5,2,5,root > V:8 > BH:11 > BH:19 > BH:13 > BH:6,selected,5,inf,True,234,107,127,328.0,1.0,1.0,True,True,1,1,0,True,1,1,0,0,True,True,0,12,10,12,10,2,LS,sampled_pool,,,False,1.0,0.5,0.5,0.1,fixed,spacing_aware_flip,offspring,feasible_start_adaptive_spacing,,,,feasible_start_adaptive_spacing,0.5,,True,auto_from_instance,0.75,0.35,"0,3,8,10,11,12,13,17,18,19,25","5,6,8,9,10,11,13,17,19,20",,,,,,"H[0,3,6,8,10,11,12,13,17,18,19,25]|V[5,6,8,9,10,11,13,17,19,20]",50c17a0a01e40dc419bb628a97be61bf9b69f85b
proposed_nsga2_bs_AT_S_comercial_layout_AW_3_seed_111,proposed_nsga2_bs,AT_S_comercial_layout_AW_3,111,14,auto_from_instance,10,15,3,28,150,,,,,6,2,5,root > V:8 > BH:11 > BH:19 > BH:12 > BH:6,selected,5,inf,True,234,107,127,328.0,1.0,1.0,True,True,1,1,0,True,1,1,0,0,True,True,0,12,10,12,10,2,LS,sampled_pool,,,False,1.0,0.5,0.5,0.1,fixed,spacing_aware_flip,offspring,feasible_start_adaptive_spacing,,,,feasible_start_adaptive_spacing,0.5,,True,auto_from_instance,0.75,0.35,"0,3,8,10,11,12,13,17,18,19,25","5,6,8,9,10,11,13,17,19,20",,,,,,"H[0,3,6,8,10,11,12,13,17,18,19,25]|V[5,6,8,9,10,11,13,17,19,20]",7b644daa2547201c5d08b35842ad945cbb28b5e9
proposed_nsga2_bs_AT_S_comercial_layout_AW_3_seed_111,proposed_nsga2_bs,AT_S_comercial_layout_AW_3,111,14,auto_from_instance,10,15,3,28,150,,,,,7,3,4,root > V:2 > BH:11 > BH:17 > BV:8,selected,1,inf,True,222,120,102,151.0,1.0,1.0,True,True,1,1,0,True,1,1,0,0,True,True,0,11,9,11,9,3,PF,sampled_pool,,,False,1.0,0.5,0.5,0.1,fixed,spacing_aware_flip,offspring,feasible_start_adaptive_spacing,,,,feasible_start_adaptive_spacing,0.5,,True,auto_from_instance,0.75,0.35,"1,5,8,11,12,13,18,19,22,25","2,5,8,9,13,14,16,17,18",,,,,,"H[1,5,8,11,12,13,17,18,19,22,25]|V[2,5,8,9,13,14,16,17,18]",2035ca093874466b8e7b1e9f7aa71b738528a47d
proposed_nsga2_bs_AT_S_comercial_layout_AW_3_seed_111,proposed_nsga2_bs,AT_S_comercial_layout_AW_3,111,14,auto_from_instance,10,15,3,28,150,,,,,8,6,5,root > V:8 > BH:11 > BH:19 > BH:12 > BH:3,selected,2,inf,True,234,107,127,184.0,1.0,1.0,True,True,1,1,0,True,1,1,0,0,True,True,0,9,9,9,9,6,PF_LS_RP,sampled_pool,,,False,1.0,0.5,0.5,0.1,fixed,break_symmetry,offspring,feasible_start_adaptive_spacing,,,,feasible_start_adaptive_spacing,0.5,,True,auto_from_instance,0.75,0.35,"0,3,8,11,12,13,18,19,25","1,6,8,9,10,11,13,17,18",,,,,,"H[0,3,8,11,12,13,18,19,25]|V[1,6,8,9,10,11,13,17,18]",b4d3081b418ee664c2e14f6da6fe945949d53470
proposed_nsga2_bs_AT_S_comercial_layout_AW_3_seed_111,proposed_nsga2_bs,AT_S_comercial_layout_AW_3,111,14,auto_from_instance,10,15,3,28,150,,,,,9,6,5,root > V:8 > BH:11 > BH:19 > BH:11 > BH:3,selected,3,inf,True,234,107,127,208.0,1.0,1.0,True,True,1,1,0,True,1,1,0,0,True,True,0,9,9,9,9,6,PF_LS_RP,sampled_pool,,,False,1.0,0.5,0.5,0.1,fixed,break_symmetry,offspring,feasible_start_adaptive_spacing,,,,feasible_start_adaptive_spacing,0.5,,True,auto_from_instance,0.75,0.35,"0,3,8,11,12,13,18,19,25","1,6,8,9,10,11,13,17,18",,,,,,"H[0,3,8,11,12,13,18,19,25]|V[1,6,8,9,10,11,13,17,18]",54bdef4f4c7702d845915598549d44733b90c4d8
proposed_nsga2_bs_AT_S_comercial_layout_AW_3_seed_111,proposed_nsga2_bs,AT_S_comercial_layout_AW_3,111,14,auto_from_instance,10,15,3,28,150,,,,,10,6,5,root > V:8 > BH:11 > BH:19 > BH:13 > BH:4,selected,4,inf,True,234,107,127,224.0,1.0,1.0,True,True,1,1,0,True,1,1,0,0,True,True,0,10,9,10,9,6,PF_LS_RP,sampled_pool,,,False,1.0,0.5,0.5,0.1,fixed,break_symmetry,offspring,feasible_start_adaptive_spacing,,,,feasible_start_adaptive_spacing,0.5,,True,auto_from_instance,0.75,0.35,"0,3,8,11,12,13,18,19,25","1,6,8,9,10,11,13,17,18",,,,,,"H[0,3,4,8,11,12,13,18,19,25]|V[1,6,8,9,10,11,13,17,18]",c1143b846bdf559c06a887439567b47b3f22e2ec
proposed_nsga2_bs_AT_S_comercial_layout_AW_3_seed_111,proposed_nsga2_bs,AT_S_comercial_layout_AW_3,111,14,auto_from_instance,10,15,3,28,150,,,,,11,9,6,root > V:5 > BH:11 > BH:17 > BH:10 > BH:3 > BV:13,selected,4,inf,True,219,90,129,209.0,1.0,1.0,True,True,1,1,0,True,1,1,0,0,True,True,0,12,11,12,11,9,RP,sampled_pool,,,False,1.0,0.5,0.5,0.1,fixed,swap_segments,offspring,feasible_start_adaptive_spacing,,,,feasible_start_adaptive_spacing,0.5,,True,auto_from_instance,0.75,0.35,"0,3,8,11,12,13,17,18,19,22,25","1,2,4,5,6,8,9,14,19,20",,,,,,"H[0,3,8,10,11,12,13,17,18,19,22,25]|V[1,2,4,5,6,8,9,13,14,19,20]",81b1e6bcefd16da3e5a22253c0b2f45172bd94b7
proposed_nsga2_bs_AT_S_comercial_layout_AW_3_seed_111,proposed_nsga2_bs,AT_S_comercial_layout_AW_3,111,14,auto_from_instance,10,15,3,28,150,,,,,12,9,6,root > V:5 > BH:11 > BH:17 > BH:11 > BH:3 > BV:13,evaluated,5,inf,False,219,90,129,224.0,1.0,1.0,True,True,1,1,0,True,1,1,0,0,True,True,0,11,11,11,11,9,RP,sampled_pool,,,False,1.0,0.5,0.5,0.1,fixed,swap_segments,offspring,feasible_start_adaptive_spacing,,,,feasible_start_adaptive_spacing,0.5,,True,auto_from_instance,0.75,0.35,"0,3,8,11,12,13,17,18,19,22,25","1,2,4,5,6,8,9,14,19,20",,,,,,"H[0,3,8,11,12,13,17,18,19,22,25]|V[1,2,4,5,6,8,9,13,14,19,20]",db669505819150077714bc3c1524f1b138ecab16
proposed_nsga2_bs_AT_S_comercial_layout_AW_3_seed_111,proposed_nsga2_bs,AT_S_comercial_layout_AW_3,111,14,auto_from_instance,10,15,3,28,150,,,,,13,9,6,root > V:5 > BH:11 > BH:17 > BH:9 > BH:3 > BV:13,evaluated,5,inf,False,219,90,129,224.0,1.0,1.0,True,True,1,1,0,True,1,1,0,0,True,True,0,12,11,12,11,9,RP,sampled_pool,,,False,1.0,0.5,0.5,0.1,fixed,swap_segments,offspring,feasible_start_adaptive_spacing,,,,feasible_start_adaptive_spacing,0.5,,True,auto_from_instance,0.75,0.35,"0,3,8,11,12,13,17,18,19,22,25","1,2,4,5,6,8,9,14,19,20",,,,,,"H[0,3,8,9,11,12,13,17,18,19,22,25]|V[1,2,4,5,6,8,9,13,14,19,20]",615fde053a77b6cb57ca1196457210da6905a983
