run_id,method,instance,seed,generation,budget_policy,auto_population_size,auto_generations,auto_beam_width,auto_max_depth,auto_decode_budget,restart_index,batch_index,within_batch_index,decode_budget,candidate_id,parent_chromosome_id,depth,trace,status,rank,crowding_distance,selected,storage_total,pick_faces,interior_storage,retrieval_penalty,door_connectivity_index,access_anchor_connectivity_index,has_door_connected_aisle,has_access_anchor_connected_aisle,aisle_components,anchor_connected_components,unanchored_aisle_components,single_aisle_component,access_network_components,aisle_access_network_components,unreachable_aisle_components,unreachable_aisle_cells,has_access_anchor_reachable_aisle_network,exact_width_ok,exact_width_violation_count,chromosome_h_active_count,chromosome_v_active_count,active_h_count,active_v_count,chromosome_index,sorting_rule,sorting_rule_mode,bs_rule_policy,bs_weight_policy,uses_scalar_score,rho,beam_w1,beam_w2,beam_lambda,adaptive_weight_mode,mutation_operator,initialization_mode,initialization_spacing_mode,adaptive_spacing_used,feasible_h_start_count,feasible_v_start_count,adaptive_spacing_mode,adaptive_spacing_alpha,adaptive_spacing_bf,auto_params_used,parameter_source,beta_h,beta_v,h_active_starts,v_active_starts,terminal,safety_max_depth_reached,feasible,feasibility_reason,storage_block_count,chromosome_signature,layout_signature
proposed_nsga2_bs_demo_layout_door_left_AW_2_seed_128,proposed_nsga2_bs,demo_layout_door_left_AW_2,128,0,auto_from_instance,10,15,3,28,150,,,,,1,1,10,root > V:11 > BH:13 > BV:5 > BV:7 > BV:3 > BH:23 > BH:19 > BH:15 > BH:11 > BH:3,selected,2,inf,True,278,186,92,66.0,1.0,1.0,True,True,1,1,0,True,3,1,0,0,True,True,0,9,6,9,6,1,SS,sampled_pool,,,True,0.06666666666666667,0.1,0.9333333333333333,0.1,adaptive,,feasible_start_adaptive_spacing,feasible_start_adaptive_spacing,True,21,16,feasible_start_adaptive_spacing,0.5,,True,auto_from_instance,0.75,0.35,"5,12,22","2,11,17",,,,,,"H[3,5,11,12,13,15,19,22,23]|V[2,3,5,7,11,17]",4d1f091fbd349bd0b51a9e0a19f81183b9b8a443
proposed_nsga2_bs_demo_layout_door_left_AW_2_seed_128,proposed_nsga2_bs,demo_layout_door_left_AW_2,128,0,auto_from_instance,10,15,3,28,150,,,,,2,1,10,root > V:11 > BH:13 > BV:5 > BV:7 > BV:3 > BH:3 > BH:7 > BH:11 > BH:15 > BH:23,evaluated,2,0.0,False,278,186,92,66.0,1.0,1.0,True,True,1,1,0,True,3,1,0,0,True,True,0,9,6,9,6,1,SS,sampled_pool,,,True,0.06666666666666667,0.1,0.9333333333333333,0.1,adaptive,,feasible_start_adaptive_spacing,feasible_start_adaptive_spacing,True,21,16,feasible_start_adaptive_spacing,0.5,,True,auto_from_instance,0.75,0.35,"5,12,22","2,11,17",,,,,,"H[3,5,7,11,12,13,15,22,23]|V[2,3,5,7,11,17]",3861d5347ec77e5c62973551b6ff4d27022e2494
proposed_nsga2_bs_demo_layout_door_left_AW_2_seed_128,proposed_nsga2_bs,demo_layout_door_left_AW_2,128,0,auto_from_instance,10,15,3,28,150,,,,,3,1,10,root > V:11 > BH:13 > BV:5 > BV:7 > BV:3 > BH:23 > BH:19 > BH:15 > BH:11 > BH:3,selected,2,inf,True,278,186,92,66.0,1.0,1.0,True,True,1,1,0,True,3,1,0,0,True,True,0,9,6,9,6,1,SS,sampled_pool,,,True,0.06666666666666667,0.1,0.9333333333333333,0.1,adaptive,,feasible_start_adaptive_spacing,feasible_start_adaptive_spacing,True,21,16,feasible_start_adaptive_spacing,0.5,,True,auto_from_instance,0.75,0.35,"5,12,22","2,11,17",,,,,,"H[3,5,11,12,13,15,19,22,23]|V[2,3,5,7,11,17]",8e3a10ede711af9fcf4348c35310c7a3eb169dbd
proposed_nsga2_bs_demo_layout_door_left_AW_2_seed_128,proposed_nsga2_bs,demo_layout_door_left_AW_2,128,0,auto_from_instance,10,15,3,28,150,,,,,4,2,9,root > H:15 > BV:15 > BV:7 > BV:3 > BV:11 > BV:4 > BV:16 > BV:12 > BV:8,selected,1,inf,True,262,212,50,76.0,1.0,1.0,True,True,1,1,0,True,3,1,0,0,True,True,0,2,9,2,9,2,SS_LS_PF,sampled_pool,,,True,0.06666666666666667,0.10764336689494068,0.9333333333333333,0.1,adaptive,,feasible_start_adaptive_spacing,feasible_start_adaptive_spacing,True,21,16,feasible_start_adaptive_spacing,0.5,,True,auto_from_instance,0.75,0.35,"2,15","2,4,7",,,,,,"H[2,15]|V[2,3,4,7,8,11,12,15,16]",6e2ff0e029ee17d5265e9df9772e850ea072b018
proposed_nsga2_bs_demo_layout_door_left_AW_2_seed_128,proposed_nsga2_bs,demo_layout_door_left_AW_2,128,0,auto_from_instance,10,15,3,28,150,,,,,5,2,9,root > H:15 > BV:15 > BV:7 > BV:3 > BV:11 > BV:3 > BV:15 > BV:7 > BV:11,selected,2,inf,True,262,212,50,96.0,1.0,1.0,True,True,1,1,0,True,3,1,0,0,True,True,0,2,6,2,6,2,SS_LS_PF,sampled_pool,,,True,0.06666666666666667,0.10764336689494068,0.9333333333333333,0.1,adaptive,,feasible_start_adaptive_spacing,feasible_start_adaptive_spacing,True,21,16,feasible_start_adaptive_spacing,0.5,,True,auto_from_instance,0.75,0.35,"2,15","2,4,7",,,,,,"H[2,15]|V[2,3,4,7,11,15]",d9c7cd46720f8a882411c2ac86d1ebb137055261
proposed_nsga2_bs_demo_layout_door_left_AW_2_seed_128,proposed_nsga2_bs,demo_layout_door_left_AW_2,128,0,auto_from_instance,10,15,3,28,150,,,,,6,3,10,root > V:8 > BH:13 > BV:4 > BV:4 > BH:23 > BH:19 > BH:15 > BH:3 > BH:11 > BH:7,selected,0,inf,True,258,212,46,44.0,1.0,1.0,True,True,1,1,0,True,3,1,0,0,True,True,0,8,4,8,4,3,PF_SS_RP,sampled_pool,,,True,0.06666666666666667,0.11397968031433098,0.9333333333333333,0.1,adaptive,,feasible_start_adaptive_spacing,feasible_start_adaptive_spacing,True,21,16,feasible_start_adaptive_spacing,0.5,,True,auto_from_instance,0.75,0.35,"2,7,13","5,8,17",,,,,,"H[2,3,7,11,13,15,19,23]|V[4,5,8,17]",5382aab920c5539fcb39e25aec6e49624d707d86
proposed_nsga2_bs_demo_layout_door_left_AW_2_seed_128,proposed_nsga2_bs,demo_layout_door_left_AW_2,128,0,auto_from_instance,10,15,3,28,150,,,,,7,3,10,root > V:8 > BH:13 > BV:3 > BV:4 > BH:23 > BH:19 > BH:15 > BH:3 > BH:11 > BH:7,selected,0,inf,True,258,212,46,44.0,1.0,1.0,True,True,1,1,0,True,3,1,0,0,True,True,0,8,5,8,5,3,PF_SS_RP,sampled_pool,,,True,0.06666666666666667,0.11397968031433098,0.9333333333333333,0.1,adaptive,,feasible_start_adaptive_spacing,feasible_start_adaptive_spacing,True,21,16,feasible_start_adaptive_spacing,0.5,,True,auto_from_instance,0.75,0.35,"2,7,13","5,8,17",,,,,,"H[2,3,7,11,13,15,19,23]|V[3,4,5,8,17]",55857005a9af903814d61724086d6cd14ef01745
proposed_nsga2_bs_demo_layout_door_left_AW_2_seed_128,proposed_nsga2_bs,demo_layout_door_left_AW_2,128,0,auto_from_instance,10,15,3,28,150,,,,,8,4,10,root > V:13 > BH:13 > BV:7 > BV:7 > BH:4 > BH:11 > BH:18 > BH:23 > BV:3 > BV:3,evaluated,4,inf,False,280,182,98,94.0,1.0,1.0,True,True,1,1,0,True,3,1,0,0,True,True,0,8,5,8,5,4,RP,sampled_pool,,,False,0.06666666666666667,0.1,0.9333333333333333,0.1,adaptive,,feasible_start_adaptive_spacing,feasible_start_adaptive_spacing,True,21,16,feasible_start_adaptive_spacing,0.5,,True,auto_from_instance,0.75,0.35,"3,14,24","2,5,13",,,,,,"H[3,4,11,13,14,18,23,24]|V[2,3,5,7,13]",e9f9a3c40564ffd715f0072f7f4dae2de8121c73
proposed_nsga2_bs_demo_layout_door_left_AW_2_seed_128,proposed_nsga2_bs,demo_layout_door_left_AW_2,128,0,auto_from_instance,10,15,3,28,150,,,,,9,4,10,root > V:13 > BH:13 > BV:7 > BV:7 > BH:22 > BH:15 > BH:8 > BH:3 > BV:3 > BV:3,evaluated,4,inf,False,280,182,98,94.0,1.0,1.0,True,True,1,1,0,True,3,1,0,0,True,True,0,7,5,7,5,4,RP,sampled_pool,,,False,0.06666666666666667,0.1,0.9333333333333333,0.1,adaptive,,feasible_start_adaptive_spacing,feasible_start_adaptive_spacing,True,21,16,feasible_start_adaptive_spacing,0.5,,True,auto_from_instance,0.75,0.35,"3,14,24","2,5,13",,,,,,"H[3,8,13,14,15,22,24]|V[2,3,5,7,13]",a7dd4598531100c59cc956fd17363b730e91aab7
proposed_nsga2_bs_demo_layout_door_left_AW_2_seed_128,proposed_nsga2_bs,demo_layout_door_left_AW_2,128,0,auto_from_instance,10,15,3,28,150,,,,,10,4,10,root > V:13 > BH:13 > BV:7 > BV:7 > BH:4 > BH:11 > BH:18 > BH:23 > BV:3 > BV:18,evaluated,5,inf,False,294,158,136,127.0,1.0,1.0,True,True,1,1,0,True,3,1,0,0,True,True,0,8,6,8,6,4,RP,sampled_pool,,,False,0.06666666666666667,0.1,0.9333333333333333,0.1,adaptive,,feasible_start_adaptive_spacing,feasible_start_adaptive_spacing,True,21,16,feasible_start_adaptive_spacing,0.5,,True,auto_from_instance,0.75,0.35,"3,14,24","2,5,13",,,,,,"H[3,4,11,13,14,18,23,24]|V[2,3,5,7,13,18]",3fc190159d15e18425c2020252999b0a3b8f8c3f
proposed_nsga2_bs_demo_layout_door_left_AW_2_seed_128,proposed_nsga2_bs,demo_layout_door_left_AW_2,128,0,auto_from_instance,10,15,3,28,150,,,,,11,5,10,root > V:13 > BH:13 > BV:7 > BV:7 > BV:3 > BV:3 > BH:23 > BH:19 > BH:15 > BH:11,evaluated,4,inf,False,280,187,93,189.0,1.0,1.0,True,True,1,1,0,True,3,1,0,0,True,True,0,7,5,7,5,5,SS_LS_PF,sampled_pool,,,True,0.06666666666666667,0.10210700340342993,0.9333333333333333,0.1,adaptive,,feasible_start_adaptive_spacing,feasible_start_adaptive_spacing,True,21,16,feasible_start_adaptive_spacing,0.5,,True,auto_from_instance,0.75,0.35,"2,10,19","12,13,14",,,,,,"H[2,10,11,13,15,19,23]|V[3,7,12,13,14]",cf8dc985e03ad0af540eafa816c991b5e198e01b
proposed_nsga2_bs_demo_layout_door_left_AW_2_seed_128,proposed_nsga2_bs,demo_layout_door_left_AW_2,128,0,auto_from_instance,10,15,3,28,150,,,,,12,5,10,root > V:13 > BH:13 > BV:7 > BV:7 > BV:3 > BV:3 > BH:3 > BH:7 > BH:11 > BH:15,evaluated,4,inf,False,280,187,93,189.0,1.0,1.0,True,True,1,1,0,True,3,1,0,0,True,True,0,8,5,8,5,5,SS_LS_PF,sampled_pool,,,True,0.06666666666666667,0.10210700340342993,0.9333333333333333,0.1,adaptive,,feasible_start_adaptive_spacing,feasible_start_adaptive_spacing,True,21,16,feasible_start_adaptive_spacing,0.5,,True,auto_from_instance,0.75,0.35,"2,10,19","12,13,14",,,,,,"H[2,3,7,10,11,13,15,19]|V[3,7,12,13,14]",781f3c7db86671b66d11561010e6da241635a741
proposed_nsga2_bs_demo_layout_door_left_AW_2_seed_128,proposed_nsga2_bs,demo_layout_door_left_AW_2,128,0,auto_from_instance,10,15,3,28,150,,,,,13,5,10,root > V:13 > BH:13 > BV:7 > BV:7 > BV:3 > BV:3 > BH:23 > BH:19 > BH:15 > BH:10,evaluated,4,3.0,False,280,186,94,178.0,1.0,1.0,True,True,1,1,0,True,3,1,0,0,True,True,0,6,5,6,5,5,SS_LS_PF,sampled_pool,,,True,0.06666666666666667,0.10210700340342993,0.9333333333333333,0.1,adaptive,,feasible_start_adaptive_spacing,feasible_start_adaptive_spacing,True,21,16,feasible_start_adaptive_spacing,0.5,,True,auto_from_instance,0.75,0.35,"2,10,19","12,13,14",,,,,,"H[2,10,13,15,19,23]|V[3,7,12,13,14]",f57b8901bd1c6d5d6bd4b77a941dc8ee5bc83d4a
proposed_nsga2_bs_demo_layout_door_left_AW_2_seed_128,proposed_nsga2_bs,demo_layout_door_left_AW_2,128,0,auto_from_instance,10,15,3,28,150,,,,,14,6,10,root > V:8 > BH:13 > BH:20 > BH:10 > BV:16 > BV:15 > BV:4 > BV:4 > BH:16 > BV:12,evaluated,3,inf,False,272,192,80,83.0,1.0,1.0,True,True,1,1,0,True,3,1,0,0,True,True,0,5,7,5,7,6,RP,sampled_pool,,,False,0.06666666666666667,0.1,0.9333333333333333,0.1,adaptive,,feasible_start_adaptive_spacing,feasible_start_adaptive_spacing,True,21,16,feasible_start_adaptive_spacing,0.5,,True,auto_from_instance,0.75,0.35,"13,22","7,8,17",,,,,,"H[10,13,16,20,22]|V[4,7,8,12,15,16,17]",f972608f837bb97e58655a260574285832c9dc39
proposed_nsga2_bs_demo_layout_door_left_AW_2_seed_128,proposed_nsga2_bs,demo_layout_door_left_AW_2,128,0,auto_from_instance,10,15,3,28,150,,,,,15,6,10,root > V:8 > BH:13 > BH:20 > BH:10 > BV:16 > BV:15 > BV:3 > BV:4 > BH:16 > BV:12,evaluated,3,inf,False,272,192,80,83.0,1.0,1.0,True,True,1,1,0,True,3,1,0,0,True,True,0,5,8,5,8,6,RP,sampled_pool,,,False,0.06666666666666667,0.1,0.9333333333333333,0.1,adaptive,,feasible_start_adaptive_spacing,feasible_start_adaptive_spacing,True,21,16,feasible_start_adaptive_spacing,0.5,,True,auto_from_instance,0.75,0.35,"13,22","7,8,17",,,,,,"H[10,13,16,20,22]|V[3,4,7,8,12,15,16,17]",ae1ca15f51f4e19332c6a4a4cbba8fb5e05975cf
proposed_nsga2_bs_demo_layout_door_left_AW_2_seed_128,proposed_nsga2_bs,demo_layout_door_left_AW_2,128,0,auto_from_instance,10,15,3,28,150,,,,,16,6,10,root > V:8 > BH:13 > BH:20 > BH:10 > BV:16 > BV:15 > BV:4 > BV:4 > BH:14 > BV:12,evaluated,2,3.0,False,272,193,79,83.0,1.0,1.0,True,True,1,1,0,True,3,1,0,0,True,True,0,5,7,5,7,6,RP,sampled_pool,,,False,0.06666666666666667,0.1,0.9333333333333333,0.1,adaptive,,feasible_start_adaptive_spacing,feasible_start_adaptive_spacing,True,21,16,feasible_start_adaptive_spacing,0.5,,True,auto_from_instance,0.75,0.35,"13,22","7,8,17",,,,,,"H[10,13,14,20,22]|V[4,7,8,12,15,16,17]",7ead02766c6267d0675f42b719e65671dbede5c8
proposed_nsga2_bs_demo_layout_door_left_AW_2_seed_128,proposed_nsga2_bs,demo_layout_door_left_AW_2,128,0,auto_from_instance,10,15,3,28,150,,,,,17,7,8,root > V:15 > BH:13 > BV:7 > BV:7 > BV:3 > BV:3 > BV:11 > BV:11,selected,0,inf,True,268,214,54,104.0,1.0,1.0,True,True,1,1,0,True,3,1,0,0,True,True,0,4,5,4,5,7,PF_LS_RP,sampled_pool,,,False,0.06666666666666667,0.1,0.9333333333333333,0.1,adaptive,,feasible_start_adaptive_spacing,feasible_start_adaptive_spacing,True,21,16,feasible_start_adaptive_spacing,0.5,,True,auto_from_instance,0.75,0.35,"2,7,19","3,15,17",,,,,,"H[2,7,13,19]|V[3,7,11,15,17]",81347b9f72276c28618e0af7b5d4aafe7ae7ee4f
proposed_nsga2_bs_demo_layout_door_left_AW_2_seed_128,proposed_nsga2_bs,demo_layout_door_left_AW_2,128,0,auto_from_instance,10,15,3,28,150,,,,,18,9,10,root > V:8 > BH:13 > BV:4 > BV:4 > BH:3 > BH:7 > BH:19 > BH:13 > BV:16 > BV:12,selected,1,inf,True,274,192,82,60.0,1.0,1.0,True,True,1,1,0,True,3,1,0,0,True,True,0,7,6,7,6,9,SS_PF_LS,sampled_pool,,,True,0.06666666666666667,0.10265426576211409,0.9333333333333333,0.1,adaptive,,feasible_start_adaptive_spacing,feasible_start_adaptive_spacing,True,21,16,feasible_start_adaptive_spacing,0.5,,True,auto_from_instance,0.75,0.35,"1,6,21","3,8,15",,,,,,"H[1,3,6,7,13,19,21]|V[3,4,8,12,15,16]",6a01812b73ef508b8ec6e2c33c41cb0345f36877
proposed_nsga2_bs_demo_layout_door_left_AW_2_seed_128,proposed_nsga2_bs,demo_layout_door_left_AW_2,128,0,auto_from_instance,10,15,3,28,150,,,,,19,9,10,root > V:8 > BH:13 > BV:4 > BV:4 > BH:23 > BH:19 > BH:7 > BH:13 > BV:16 > BV:12,selected,1,0.0,True,274,192,82,60.0,1.0,1.0,True,True,1,1,0,True,3,1,0,0,True,True,0,7,6,7,6,9,SS_PF_LS,sampled_pool,,,True,0.06666666666666667,0.10265426576211409,0.9333333333333333,0.1,adaptive,,feasible_start_adaptive_spacing,feasible_start_adaptive_spacing,True,21,16,feasible_start_adaptive_spacing,0.5,,True,auto_from_instance,0.75,0.35,"1,6,21","3,8,15",,,,,,"H[1,6,7,13,19,21,23]|V[3,4,8,12,15,16]",3c0b250ef90477a0b366de9fc5310d0e839facc9
proposed_nsga2_bs_demo_layout_door_left_AW_2_seed_128,proposed_nsga2_bs,demo_layout_door_left_AW_2,128,0,auto_from_instance,10,15,3,28,150,,,,,20,9,10,root > V:8 > BH:13 > BV:3 > BV:4 > BH:23 > BH:19 > BH:7 > BH:13 > BV:16 > BV:12,selected,1,inf,True,274,192,82,60.0,1.0,1.0,True,True,1,1,0,True,3,1,0,0,True,True,0,7,6,7,6,9,SS_PF_LS,sampled_pool,,,True,0.06666666666666667,0.10265426576211409,0.9333333333333333,0.1,adaptive,,feasible_start_adaptive_spacing,feasible_start_adaptive_spacing,True,21,16,feasible_start_adaptive_spacing,0.5,,True,auto_from_instance,0.75,0.35,"1,6,21","3,8,15",,,,,,"H[1,6,7,13,19,21,23]|V[3,4,8,12,15,16]",561e89bd121ced08dcd6bac0012f7a615325f706
proposed_nsga2_bs_demo_layout_door_left_AW_2_seed_128,proposed_nsga2_bs,demo_layout_door_left_AW_2,128,0,auto_from_instance,10,15,3,28,150,,,,,21,10,10,root > V:12 > BH:13 > BV:7 > BV:7 > BV:3 > BV:3 > BH:23 > BH:19 > BH:15 > BH:11,evaluated,3,inf,False,274,194,80,280.0,1.0,1.0,True,True,1,1,0,True,3,1,0,0,True,True,0,8,5,8,5,10,SS_LS_PF,sampled_pool,,,True,0.06666666666666667,0.1,0.9333333333333333,0.1,adaptive,,feasible_start_adaptive_spacing,feasible_start_adaptive_spacing,True,21,16,feasible_start_adaptive_spacing,0.5,,True,auto_from_instance,0.75,0.35,"12,16,25","2,12,17",,,,,,"H[11,12,13,15,16,19,23,25]|V[2,3,7,12,17]",bdfca70a8c818bb19067e89832a1fa058704500a
proposed_nsga2_bs_demo_layout_door_left_AW_2_seed_128,proposed_nsga2_bs,demo_layout_door_left_AW_2,128,0,auto_from_instance,10,15,3,28,150,,,,,22,10,10,root > V:12 > BH:13 > BV:7 > BV:7 > BV:3 > BV:3 > BH:3 > BH:7 > BH:11 > BH:15,evaluated,3,inf,False,274,194,80,280.0,1.0,1.0,True,True,1,1,0,True,3,1,0,0,True,True,0,8,5,8,5,10,SS_LS_PF,sampled_pool,,,True,0.06666666666666667,0.1,0.9333333333333333,0.1,adaptive,,feasible_start_adaptive_spacing,feasible_start_adaptive_spacing,True,21,16,feasible_start_adaptive_spacing,0.5,,True,auto_from_instance,0.75,0.35,"12,16,25","2,12,17",,,,,,"H[3,7,11,12,13,15,16,25]|V[2,3,7,12,17]",292e4a0811453f298c64fb7dbcde651097d2db94
proposed_nsga2_bs_demo_layout_door_left_AW_2_seed_128,proposed_nsga2_bs,demo_layout_door_left_AW_2,128,0,auto_from_instance,10,15,3,28,150,,,,,23,10,10,root > V:12 > BH:13 > BV:7 > BV:7 > BV:3 > BV:3 > BH:23 > BH:19 > BH:15 > BH:10,evaluated,3,inf,False,274,193,81,261.0,1.0,1.0,True,True,1,1,0,True,3,1,0,0,True,True,0,8,5,8,5,10,SS_LS_PF,sampled_pool,,,True,0.06666666666666667,0.1,0.9333333333333333,0.1,adaptive,,feasible_start_adaptive_spacing,feasible_start_adaptive_spacing,True,21,16,feasible_start_adaptive_spacing,0.5,,True,auto_from_instance,0.75,0.35,"12,16,25","2,12,17",,,,,,"H[10,12,13,15,16,19,23,25]|V[2,3,7,12,17]",2d45a8cf9f4b3046e1a6b7ef68e4854df3ece1d8
proposed_nsga2_bs_demo_layout_door_left_AW_2_seed_128,proposed_nsga2_bs,demo_layout_door_left_AW_2,128,1,auto_from_instance,10,15,3,28,150,,,,,1,1,8,root > V:16 > BH:13 > BV:12 > BV:12 > BV:7 > BV:3 > BV:7 > BV:3,selected,0,inf,True,266,216,50,50.0,1.0,1.0,True,True,1,1,0,True,3,1,0,0,True,True,0,8,8,8,8,1,LS,sampled_pool,,,False,0.13333333333333333,0.10685854730964173,0.8666666666666667,0.1,adaptive,break_symmetry,offspring,feasible_start_adaptive_spacing,,,,feasible_start_adaptive_spacing,0.5,,True,auto_from_instance,0.75,0.35,"1,3,6,7,13,19,21,23","3,4,8,11,15,16",,,,,,"H[1,3,6,7,13,19,21,23]|V[3,4,7,8,11,12,15,16]",63c9c1384eb0d63f6756e5f6c6567bc893aa1bf9
proposed_nsga2_bs_demo_layout_door_left_AW_2_seed_128,proposed_nsga2_bs,demo_layout_door_left_AW_2,128,1,auto_from_instance,10,15,3,28,150,,,,,2,2,10,root > V:12 > BH:13 > BV:7 > BV:7 > BV:3 > BV:3 > BH:23 > BH:19 > BH:15 > BH:11,selected,2,inf,True,274,194,80,280.0,1.0,1.0,True,True,1,1,0,True,3,1,0,0,True,True,0,9,6,9,6,2,LS_SS,sampled_pool,,,True,0.13333333333333333,0.20101515125685754,0.8666666666666667,0.1,adaptive,remove_random_aisle,offspring,feasible_start_adaptive_spacing,,,,feasible_start_adaptive_spacing,0.5,,True,auto_from_instance,0.75,0.35,"1,6,7,13,19,21","3,4,12,15,16",,,,,,"H[1,6,7,11,13,15,19,21,23]|V[3,4,7,12,15,16]",bdfca70a8c818bb19067e89832a1fa058704500a
proposed_nsga2_bs_demo_layout_door_left_AW_2_seed_128,proposed_nsga2_bs,demo_layout_door_left_AW_2,128,1,auto_from_instance,10,15,3,28,150,,,,,3,2,10,root > V:12 > BH:13 > BV:7 > BV:7 > BV:3 > BV:3 > BH:3 > BH:7 > BH:11 > BH:15,selected,2,inf,True,274,194,80,280.0,1.0,1.0,True,True,1,1,0,True,3,1,0,0,True,True,0,9,6,9,6,2,LS_SS,sampled_pool,,,True,0.13333333333333333,0.20101515125685754,0.8666666666666667,0.1,adaptive,remove_random_aisle,offspring,feasible_start_adaptive_spacing,,,,feasible_start_adaptive_spacing,0.5,,True,auto_from_instance,0.75,0.35,"1,6,7,13,19,21","3,4,12,15,16",,,,,,"H[1,3,6,7,11,13,15,19,21]|V[3,4,7,12,15,16]",292e4a0811453f298c64fb7dbcde651097d2db94
proposed_nsga2_bs_demo_layout_door_left_AW_2_seed_128,proposed_nsga2_bs,demo_layout_door_left_AW_2,128,1,auto_from_instance,10,15,3,28,150,,,,,4,2,10,root > V:12 > BH:13 > BV:7 > BV:7 > BV:3 > BV:3 > BH:23 > BH:19 > BH:15 > BH:10,selected,2,1.420466058763931,True,274,193,81,261.0,1.0,1.0,True,True,1,1,0,True,3,1,0,0,True,True,0,9,6,9,6,2,LS_SS,sampled_pool,,,True,0.13333333333333333,0.20101515125685754,0.8666666666666667,0.1,adaptive,remove_random_aisle,offspring,feasible_start_adaptive_spacing,,,,feasible_start_adaptive_spacing,0.5,,True,auto_from_instance,0.75,0.35,"1,6,7,13,19,21","3,4,12,15,16",,,,,,"H[1,6,7,10,13,15,19,21,23]|V[3,4,7,12,15,16]",2d45a8cf9f4b3046e1a6b7ef68e4854df3ece1d8
proposed_nsga2_bs_demo_layout_door_left_AW_2_seed_128,proposed_nsga2_bs,demo_layout_door_left_AW_2,128,1,auto_from_instance,10,15,3,28,150,,,,,5,3,7,root > V:15 > BH:13 > BV:7 > BV:5 > BV:11 > BV:11 > BV:3,selected,2,0.7536868175166047,True,292,190,102,128.0,1.0,1.0,True,True,1,1,0,True,3,1,0,0,True,True,0,7,9,7,9,3,RP,sampled_pool,,,False,0.13333333333333333,0.15988481510433833,0.8666666666666667,0.1,adaptive,insert_random_aisle,offspring,feasible_start_adaptive_spacing,,,,feasible_start_adaptive_spacing,0.5,,True,auto_from_instance,0.75,0.35,"6,7,11,13,15,19,23","2,4,5,8,15,16",,,,,,"H[6,7,11,13,15,19,23]|V[2,3,4,5,7,8,11,15,16]",33486d296fa513a0e67a344ef0adfe93ff71bff4
proposed_nsga2_bs_demo_layout_door_left_AW_2_seed_128,proposed_nsga2_bs,demo_layout_door_left_AW_2,128,1,auto_from_instance,10,15,3,28,150,,,,,6,3,7,root > V:15 > BH:13 > BV:7 > BV:5 > BV:11 > BV:11 > BV:3,selected,2,2.087470449172577,True,292,190,102,128.0,1.0,1.0,True,True,1,1,0,True,3,1,0,0,True,True,0,7,9,7,9,3,RP,sampled_pool,,,False,0.13333333333333333,0.15988481510433833,0.8666666666666667,0.1,adaptive,insert_random_aisle,offspring,feasible_start_adaptive_spacing,,,,feasible_start_adaptive_spacing,0.5,,True,auto_from_instance,0.75,0.35,"6,7,11,13,15,19,23","2,4,5,8,15,16",,,,,,"H[6,7,11,13,15,19,23]|V[2,3,4,5,7,8,11,15,16]",40f61919c4da879ac8a409d310000f13e7665a7c
proposed_nsga2_bs_demo_layout_door_left_AW_2_seed_128,proposed_nsga2_bs,demo_layout_door_left_AW_2,128,1,auto_from_instance,10,15,3,28,150,,,,,7,5,10,root > V:11 > BH:13 > BH:21 > BH:13 > BH:4 > BV:5 > BV:5 > BH:9 > BV:16 > BH:17,selected,2,inf,True,294,167,127,91.0,1.0,1.0,True,True,1,1,0,True,3,1,0,0,True,True,0,10,6,10,6,5,RP_LS,sampled_pool,,,False,0.13333333333333333,0.16113820264493728,0.8666666666666667,0.1,adaptive,break_symmetry,offspring,feasible_start_adaptive_spacing,,,,feasible_start_adaptive_spacing,0.5,,True,auto_from_instance,0.75,0.35,"2,3,7,13,20,23","7,11,15,17",,,,,,"H[2,3,4,7,9,13,17,20,21,23]|V[5,7,11,15,16,17]",53e907e296b4a6435bb0a13d25b5428dd6c1091c
proposed_nsga2_bs_demo_layout_door_left_AW_2_seed_128,proposed_nsga2_bs,demo_layout_door_left_AW_2,128,1,auto_from_instance,10,15,3,28,150,,,,,8,5,10,root > V:11 > BH:13 > BH:21 > BH:12 > BH:4 > BV:5 > BV:5 > BH:17 > BV:16 > BH:8,selected,2,0.0,True,294,167,127,91.0,1.0,1.0,True,True,1,1,0,True,3,1,0,0,True,True,0,11,6,11,6,5,RP_LS,sampled_pool,,,False,0.13333333333333333,0.16113820264493728,0.8666666666666667,0.1,adaptive,break_symmetry,offspring,feasible_start_adaptive_spacing,,,,feasible_start_adaptive_spacing,0.5,,True,auto_from_instance,0.75,0.35,"2,3,7,13,20,23","7,11,15,17",,,,,,"H[2,3,4,7,8,12,13,17,20,21,23]|V[5,7,11,15,16,17]",ab767ca204049e346f27e33687b12fdd813d0da4
proposed_nsga2_bs_demo_layout_door_left_AW_2_seed_128,proposed_nsga2_bs,demo_layout_door_left_AW_2,128,1,auto_from_instance,10,15,3,28,150,,,,,9,5,10,root > V:11 > BH:13 > BH:21 > BH:12 > BH:4 > BV:5 > BV:5 > BH:16 > BV:16 > BH:8,selected,2,inf,True,294,167,127,91.0,1.0,1.0,True,True,1,1,0,True,3,1,0,0,True,True,0,11,6,11,6,5,RP_LS,sampled_pool,,,False,0.13333333333333333,0.16113820264493728,0.8666666666666667,0.1,adaptive,break_symmetry,offspring,feasible_start_adaptive_spacing,,,,feasible_start_adaptive_spacing,0.5,,True,auto_from_instance,0.75,0.35,"2,3,7,13,20,23","7,11,15,17",,,,,,"H[2,3,4,7,8,12,13,16,20,21,23]|V[5,7,11,15,16,17]",bcebc9844c2da699dc65904066b6259890ca5930
proposed_nsga2_bs_demo_layout_door_left_AW_2_seed_128,proposed_nsga2_bs,demo_layout_door_left_AW_2,128,1,auto_from_instance,10,15,3,28,150,,,,,10,6,8,root > V:4 > BH:13 > BH:23 > BH:19 > BH:3 > BH:11 > BH:15 > BH:7,selected,1,inf,True,266,212,54,52.0,1.0,1.0,True,True,1,1,0,True,3,1,0,0,True,True,0,8,6,8,6,6,PF_RP,sampled_pool,,,False,0.13333333333333333,0.10473204969582799,0.8666666666666667,0.1,adaptive,bit_flip,offspring,feasible_start_adaptive_spacing,,,,feasible_start_adaptive_spacing,0.5,,True,auto_from_instance,0.75,0.35,"2,7,11,13,15,19","2,3,4,5,8,17",,,,,,"H[2,3,7,11,13,15,19,23]|V[2,3,4,5,8,17]",dfa1ca2652ca4695aff0f5e5d5de500a3db60a66
proposed_nsga2_bs_demo_layout_door_left_AW_2_seed_128,proposed_nsga2_bs,demo_layout_door_left_AW_2,128,2,auto_from_instance,10,15,3,28,150,,,,,1,1,10,root > V:12 > BH:13 > BV:7 > BV:3 > BV:7 > BV:3 > BH:23 > BH:19 > BH:15 > BH:11,selected,2,inf,True,274,194,80,280.0,1.0,1.0,True,True,1,1,0,True,3,1,0,0,True,True,0,11,6,11,6,1,PF_LS,sampled_pool,,,False,0.2,0.13998247962448018,0.8,0.1,adaptive,bit_flip,offspring,feasible_start_adaptive_spacing,,,,feasible_start_adaptive_spacing,0.5,,True,auto_from_instance,0.75,0.35,"1,3,6,7,13,19,21,22","3,4,7,12,15,16",,,,,,"H[1,3,6,7,11,13,15,19,21,22,23]|V[3,4,7,12,15,16]",bdfca70a8c818bb19067e89832a1fa058704500a
proposed_nsga2_bs_demo_layout_door_left_AW_2_seed_128,proposed_nsga2_bs,demo_layout_door_left_AW_2,128,2,auto_from_instance,10,15,3,28,150,,,,,2,1,10,root > V:12 > BH:13 > BV:7 > BV:3 > BV:7 > BV:3 > BH:3 > BH:7 > BH:11 > BH:15,selected,2,inf,True,274,194,80,280.0,1.0,1.0,True,True,1,1,0,True,3,1,0,0,True,True,0,10,6,10,6,1,PF_LS,sampled_pool,,,False,0.2,0.13998247962448018,0.8,0.1,adaptive,bit_flip,offspring,feasible_start_adaptive_spacing,,,,feasible_start_adaptive_spacing,0.5,,True,auto_from_instance,0.75,0.35,"1,3,6,7,13,19,21,22","3,4,7,12,15,16",,,,,,"H[1,3,6,7,11,13,15,19,21,22]|V[3,4,7,12,15,16]",292e4a0811453f298c64fb7dbcde651097d2db94
proposed_nsga2_bs_demo_layout_door_left_AW_2_seed_128,proposed_nsga2_bs,demo_layout_door_left_AW_2,128,2,auto_from_instance,10,15,3,28,150,,,,,3,1,10,root > V:12 > BH:13 > BV:7 > BV:3 > BV:7 > BV:3 > BH:23 > BH:19 > BH:15 > BH:10,selected,2,inf,True,274,193,81,261.0,1.0,1.0,True,True,1,1,0,True,3,1,0,0,True,True,0,11,6,11,6,1,PF_LS,sampled_pool,,,False,0.2,0.13998247962448018,0.8,0.1,adaptive,bit_flip,offspring,feasible_start_adaptive_spacing,,,,feasible_start_adaptive_spacing,0.5,,True,auto_from_instance,0.75,0.35,"1,3,6,7,13,19,21,22","3,4,7,12,15,16",,,,,,"H[1,3,6,7,10,13,15,19,21,22,23]|V[3,4,7,12,15,16]",2d45a8cf9f4b3046e1a6b7ef68e4854df3ece1d8
proposed_nsga2_bs_demo_layout_door_left_AW_2_seed_128,proposed_nsga2_bs,demo_layout_door_left_AW_2,128,2,auto_from_instance,10,15,3,28,150,,,,,4,8,8,root > V:4 > BH:13 > BH:23 > BH:19 > BH:3 > BH:11 > BH:15 > BH:7,selected,1,inf,True,266,212,54,52.0,1.0,1.0,True,True,1,1,0,True,3,1,0,0,True,True,0,10,3,10,3,8,PF_SS,sampled_pool,,,True,0.2,0.16949297247512615,0.8,0.1,adaptive,remove_random_aisle,offspring,feasible_start_adaptive_spacing,,,,feasible_start_adaptive_spacing,0.5,,True,auto_from_instance,0.75,0.35,"1,6,7,11,13,15,19,21,23","4,7,17",,,,,,"H[1,3,6,7,11,13,15,19,21,23]|V[4,7,17]",dfa1ca2652ca4695aff0f5e5d5de500a3db60a66
proposed_nsga2_bs_demo_layout_door_left_AW_2_seed_128,proposed_nsga2_bs,demo_layout_door_left_AW_2,128,2,auto_from_instance,10,15,3,28,150,,,,,5,10,8,root > V:16 > BH:13 > BV:12 > BV:12 > BV:7 > BV:3 > BV:7 > BV:3,selected,0,inf,True,266,216,50,50.0,1.0,1.0,True,True,1,1,0,True,3,1,0,0,True,True,0,10,8,10,8,10,LS_PF,sampled_pool,,,False,0.2,0.30268444551365503,0.8,0.1,adaptive,spacing_aware_flip,offspring,feasible_start_adaptive_spacing,,,,feasible_start_adaptive_spacing,0.5,,True,auto_from_instance,0.75,0.35,"1,3,6,7,11,13,15,20,21,23","1,3,4,7,11,15,16",,,,,,"H[1,3,6,7,11,13,15,20,21,23]|V[1,3,4,7,11,12,15,16]",63c9c1384eb0d63f6756e5f6c6567bc893aa1bf9
proposed_nsga2_bs_demo_layout_door_left_AW_2_seed_128,proposed_nsga2_bs,demo_layout_door_left_AW_2,128,3,auto_from_instance,10,15,3,28,150,,,,,1,1,8,root > V:15 > BH:13 > BV:7 > BV:7 > BV:3 > BV:3 > BV:11 > BV:11,selected,1,inf,True,268,214,54,104.0,1.0,1.0,True,True,1,1,0,True,3,1,0,0,True,True,0,9,6,9,6,1,PF_LS,sampled_pool,,,False,0.26666666666666666,0.2975553479306016,0.7333333333333334,0.1,adaptive,insert_random_aisle,offspring,feasible_start_adaptive_spacing,,,,feasible_start_adaptive_spacing,0.5,,True,auto_from_instance,0.75,0.35,"1,3,6,7,11,13,15,21,23","1,3,4,7,11,15",,,,,,"H[1,3,6,7,11,13,15,21,23]|V[1,3,4,7,11,15]",81347b9f72276c28618e0af7b5d4aafe7ae7ee4f
proposed_nsga2_bs_demo_layout_door_left_AW_2_seed_128,proposed_nsga2_bs,demo_layout_door_left_AW_2,128,3,auto_from_instance,10,15,3,28,150,,,,,2,2,8,root > V:16 > BH:13 > BV:12 > BV:12 > BV:7 > BV:3 > BV:7 > BV:3,selected,0,inf,True,266,216,50,50.0,1.0,1.0,True,True,1,1,0,True,3,1,0,0,True,True,0,11,7,11,7,2,PF,sampled_pool,,,False,0.26666666666666666,0.3347264188874496,0.7333333333333334,0.1,adaptive,swap_segments,offspring,feasible_start_adaptive_spacing,,,,feasible_start_adaptive_spacing,0.5,,True,auto_from_instance,0.75,0.35,"1,3,6,7,8,10,13,15,19,20,24","4,7,12,15,16,17",,,,,,"H[1,3,6,7,8,10,13,15,19,20,24]|V[3,4,7,12,15,16,17]",63c9c1384eb0d63f6756e5f6c6567bc893aa1bf9
proposed_nsga2_bs_demo_layout_door_left_AW_2_seed_128,proposed_nsga2_bs,demo_layout_door_left_AW_2,128,3,auto_from_instance,10,15,3,28,150,,,,,3,3,10,root > V:12 > BH:13 > BV:7 > BV:7 > BV:3 > BV:3 > BH:23 > BH:19 > BH:15 > BH:11,selected,3,inf,True,274,194,80,280.0,1.0,1.0,True,True,1,1,0,True,3,1,0,0,True,True,0,10,9,10,9,3,PF_RP,sampled_pool,,,False,0.26666666666666666,0.1659344922878988,0.7333333333333334,0.1,adaptive,spacing_aware_flip,offspring,feasible_start_adaptive_spacing,,,,feasible_start_adaptive_spacing,0.5,,True,auto_from_instance,0.75,0.35,"1,3,6,7,11,13,15,19,21,23","1,3,4,7,11,12,15,16,18",,,,,,"H[1,3,6,7,11,13,15,19,21,23]|V[1,3,4,7,11,12,15,16,18]",bdfca70a8c818bb19067e89832a1fa058704500a
proposed_nsga2_bs_demo_layout_door_left_AW_2_seed_128,proposed_nsga2_bs,demo_layout_door_left_AW_2,128,3,auto_from_instance,10,15,3,28,150,,,,,4,3,10,root > V:12 > BH:13 > BV:7 > BV:7 > BV:3 > BV:3 > BH:3 > BH:7 > BH:11 > BH:15,selected,3,inf,True,274,194,80,280.0,1.0,1.0,True,True,1,1,0,True,3,1,0,0,True,True,0,10,9,10,9,3,PF_RP,sampled_pool,,,False,0.26666666666666666,0.1659344922878988,0.7333333333333334,0.1,adaptive,spacing_aware_flip,offspring,feasible_start_adaptive_spacing,,,,feasible_start_adaptive_spacing,0.5,,True,auto_from_instance,0.75,0.35,"1,3,6,7,11,13,15,19,21,23","1,3,4,7,11,12,15,16,18",,,,,,"H[1,3,6,7,11,13,15,19,21,23]|V[1,3,4,7,11,12,15,16,18]",292e4a0811453f298c64fb7dbcde651097d2db94
proposed_nsga2_bs_demo_layout_door_left_AW_2_seed_128,proposed_nsga2_bs,demo_layout_door_left_AW_2,128,3,auto_from_instance,10,15,3,28,150,,,,,5,3,10,root > V:12 > BH:13 > BV:7 > BV:7 > BV:3 > BV:3 > BH:23 > BH:19 > BH:15 > BH:10,evaluated,3,inf,False,274,193,81,261.0,1.0,1.0,True,True,1,1,0,True,3,1,0,0,True,True,0,11,9,11,9,3,PF_RP,sampled_pool,,,False,0.26666666666666666,0.1659344922878988,0.7333333333333334,0.1,adaptive,spacing_aware_flip,offspring,feasible_start_adaptive_spacing,,,,feasible_start_adaptive_spacing,0.5,,True,auto_from_instance,0.75,0.35,"1,3,6,7,11,13,15,19,21,23","1,3,4,7,11,12,15,16,18",,,,,,"H[1,3,6,7,10,11,13,15,19,21,23]|V[1,3,4,7,11,12,15,16,18]",2d45a8cf9f4b3046e1a6b7ef68e4854df3ece1d8
proposed_nsga2_bs_demo_layout_door_left_AW_2_seed_128,proposed_nsga2_bs,demo_layout_door_left_AW_2,128,3,auto_from_instance,10,15,3,28,150,,,,,6,4,9,root > V:7 > BH:13 > BH:22 > BH:11 > BV:15 > BH:15 > BV:3 > BV:3 > BV:11,selected,2,inf,True,274,198,76,128.0,1.0,1.0,True,True,1,1,0,True,3,1,0,0,True,True,0,12,6,12,6,4,SS_PF_LS,sampled_pool,,,True,0.26666666666666666,0.17311631085556936,0.7333333333333334,0.1,adaptive,insert_random_aisle,offspring,feasible_start_adaptive_spacing,,,,feasible_start_adaptive_spacing,0.5,,True,auto_from_instance,0.75,0.35,"1,3,6,7,11,13,15,16,20,21,23","4,7,17",,,,,,"H[1,3,6,7,11,13,15,16,20,21,22,23]|V[3,4,7,11,15,17]",21d386f11dec3d90d53cd24ea00eb6d769a753f0
proposed_nsga2_bs_demo_layout_door_left_AW_2_seed_128,proposed_nsga2_bs,demo_layout_door_left_AW_2,128,3,auto_from_instance,10,15,3,28,150,,,,,7,4,9,root > V:7 > BH:13 > BH:22 > BH:11 > BV:15 > BV:3 > BV:3 > BH:16 > BV:11,selected,2,inf,True,274,197,77,106.0,1.0,1.0,True,True,1,1,0,True,3,1,0,0,True,True,0,12,6,12,6,4,SS_PF_LS,sampled_pool,,,True,0.26666666666666666,0.17311631085556936,0.7333333333333334,0.1,adaptive,insert_random_aisle,offspring,feasible_start_adaptive_spacing,,,,feasible_start_adaptive_spacing,0.5,,True,auto_from_instance,0.75,0.35,"1,3,6,7,11,13,15,16,20,21,23","4,7,17",,,,,,"H[1,3,6,7,11,13,15,16,20,21,22,23]|V[3,4,7,11,15,17]",3addaa23b5bede6c5c7815e8f387719fdf85f041
proposed_nsga2_bs_demo_layout_door_left_AW_2_seed_128,proposed_nsga2_bs,demo_layout_door_left_AW_2,128,3,auto_from_instance,10,15,3,28,150,,,,,8,5,8,root > V:4 > BH:13 > BH:23 > BH:19 > BH:3 > BH:11 > BH:15 > BH:7,selected,1,inf,True,266,212,54,52.0,1.0,1.0,True,True,1,1,0,True,3,1,0,0,True,True,0,11,3,11,3,5,PF_LS_RP,sampled_pool,,,False,0.26666666666666666,0.2669305730498443,0.7333333333333334,0.1,adaptive,break_symmetry,offspring,feasible_start_adaptive_spacing,,,,feasible_start_adaptive_spacing,0.5,,True,auto_from_instance,0.75,0.35,"1,2,6,7,11,13,15,19,21,23","4,7,17",,,,,,"H[1,2,3,6,7,11,13,15,19,21,23]|V[4,7,17]",dfa1ca2652ca4695aff0f5e5d5de500a3db60a66
proposed_nsga2_bs_demo_layout_door_left_AW_2_seed_128,proposed_nsga2_bs,demo_layout_door_left_AW_2,128,3,auto_from_instance,10,15,3,28,150,,,,,9,9,10,root > V:3 > BH:13 > BH:23 > BH:6 > BH:15 > BH:11 > BH:19 > BV:8 > BV:12 > BV:16,selected,0,inf,True,256,215,41,40.0,1.0,1.0,True,True,1,1,0,True,3,1,0,0,True,True,0,11,7,11,7,9,PF_LS_RP,sampled_pool,,,False,0.26666666666666666,0.2653240913806956,0.7333333333333334,0.1,adaptive,insert_random_aisle,offspring,feasible_start_adaptive_spacing,,,,feasible_start_adaptive_spacing,0.5,,True,auto_from_instance,0.75,0.35,"1,3,4,6,7,11,13,15,19,21,23","1,3,4,7",,,,,,"H[1,3,4,6,7,11,13,15,19,21,23]|V[1,3,4,7,8,12,16]",f81c0bcd2d23d9cdec9367c08ebb6c4b07b0217d
proposed_nsga2_bs_demo_layout_door_left_AW_2_seed_128,proposed_nsga2_bs,demo_layout_door_left_AW_2,128,3,auto_from_instance,10,15,3,28,150,,,,,10,9,10,root > V:3 > BH:13 > BH:23 > BH:6 > BH:15 > BH:11 > BH:19 > BV:7 > BV:12 > BV:16,selected,0,0.0,True,256,215,41,40.0,1.0,1.0,True,True,1,1,0,True,3,1,0,0,True,True,0,11,6,11,6,9,PF_LS_RP,sampled_pool,,,False,0.26666666666666666,0.2653240913806956,0.7333333333333334,0.1,adaptive,insert_random_aisle,offspring,feasible_start_adaptive_spacing,,,,feasible_start_adaptive_spacing,0.5,,True,auto_from_instance,0.75,0.35,"1,3,4,6,7,11,13,15,19,21,23","1,3,4,7",,,,,,"H[1,3,4,6,7,11,13,15,19,21,23]|V[1,3,4,7,12,16]",c46bedb2e1bdfc9295f44c899bf6d2ce2cde854f
proposed_nsga2_bs_demo_layout_door_left_AW_2_seed_128,proposed_nsga2_bs,demo_layout_door_left_AW_2,128,3,auto_from_instance,10,15,3,28,150,,,,,11,9,10,root > V:3 > BH:13 > BH:23 > BH:6 > BH:15 > BH:11 > BH:19 > BV:7 > BV:11 > BV:16,selected,0,inf,True,256,215,41,40.0,1.0,1.0,True,True,1,1,0,True,3,1,0,0,True,True,0,11,6,11,6,9,PF_LS_RP,sampled_pool,,,False,0.26666666666666666,0.2653240913806956,0.7333333333333334,0.1,adaptive,insert_random_aisle,offspring,feasible_start_adaptive_spacing,,,,feasible_start_adaptive_spacing,0.5,,True,auto_from_instance,0.75,0.35,"1,3,4,6,7,11,13,15,19,21,23","1,3,4,7",,,,,,"H[1,3,4,6,7,11,13,15,19,21,23]|V[1,3,4,7,11,16]",7b8a281934c99659d4b2d568a45eb359b32b2b07
proposed_nsga2_bs_demo_layout_door_left_AW_2_seed_128,proposed_nsga2_bs,demo_layout_door_left_AW_2,128,4,auto_from_instance,10,15,3,28,150,,,,,1,1,8,root > V:15 > BH:13 > BV:7 > BV:7 > BV:3 > BV:3 > BV:11 > BV:11,selected,0,inf,True,268,214,54,104.0,1.0,1.0,True,True,1,1,0,True,3,1,0,0,True,True,0,10,8,10,8,1,SS_PF_LS,sampled_pool,,,True,0.3333333333333333,0.3948293668132135,0.6666666666666667,0.1,adaptive,remove_random_aisle,offspring,feasible_start_adaptive_spacing,,,,feasible_start_adaptive_spacing,0.5,,True,auto_from_instance,0.75,0.35,"1,3,6,7,11,13,15,19,21,23","3,4,12,15,16,17",,,,,,"H[1,3,6,7,11,13,15,19,21,23]|V[3,4,7,11,12,15,16,17]",81347b9f72276c28618e0af7b5d4aafe7ae7ee4f
proposed_nsga2_bs_demo_layout_door_left_AW_2_seed_128,proposed_nsga2_bs,demo_layout_door_left_AW_2,128,4,auto_from_instance,10,15,3,28,150,,,,,2,2,10,root > V:11 > BH:13 > BV:5 > BV:7 > BV:3 > BH:23 > BH:15 > BH:6 > BH:11 > BH:19,evaluated,2,inf,False,278,186,92,150.0,1.0,1.0,True,True,1,1,0,True,3,1,0,0,True,True,0,14,7,14,7,2,SS_PF_LS,sampled_pool,,,True,0.3333333333333333,0.4215879292446443,0.6666666666666667,0.1,adaptive,swap_segments,offspring,feasible_start_adaptive_spacing,,,,feasible_start_adaptive_spacing,0.5,,True,auto_from_instance,0.75,0.35,"1,3,4,6,7,8,11,12,13,15,18,24","1,3,4,7,11,16",,,,,,"H[1,3,4,6,7,8,11,12,13,15,18,19,23,24]|V[1,3,4,5,7,11,16]",6fd66cae71494a3d7a5d6ec7b0103f91489fa1b1
proposed_nsga2_bs_demo_layout_door_left_AW_2_seed_128,proposed_nsga2_bs,demo_layout_door_left_AW_2,128,4,auto_from_instance,10,15,3,28,150,,,,,3,2,10,root > V:11 > BH:13 > BV:5 > BV:7 > BV:3 > BH:23 > BH:15 > BH:6 > BH:10 > BH:19,evaluated,2,0.0,False,278,186,92,150.0,1.0,1.0,True,True,1,1,0,True,3,1,0,0,True,True,0,15,7,15,7,2,SS_PF_LS,sampled_pool,,,True,0.3333333333333333,0.4215879292446443,0.6666666666666667,0.1,adaptive,swap_segments,offspring,feasible_start_adaptive_spacing,,,,feasible_start_adaptive_spacing,0.5,,True,auto_from_instance,0.75,0.35,"1,3,4,6,7,8,11,12,13,15,18,24","1,3,4,7,11,16",,,,,,"H[1,3,4,6,7,8,10,11,12,13,15,18,19,23,24]|V[1,3,4,5,7,11,16]",888c5af3ff2fce1c7ddf6df53e3944479771bd38
proposed_nsga2_bs_demo_layout_door_left_AW_2_seed_128,proposed_nsga2_bs,demo_layout_door_left_AW_2,128,4,auto_from_instance,10,15,3,28,150,,,,,4,2,10,root > V:11 > BH:13 > BV:5 > BV:7 > BV:3 > BH:3 > BH:11 > BH:20 > BH:16 > BH:7,evaluated,2,inf,False,278,186,92,150.0,1.0,1.0,True,True,1,1,0,True,3,1,0,0,True,True,0,14,7,14,7,2,SS_PF_LS,sampled_pool,,,True,0.3333333333333333,0.4215879292446443,0.6666666666666667,0.1,adaptive,swap_segments,offspring,feasible_start_adaptive_spacing,,,,feasible_start_adaptive_spacing,0.5,,True,auto_from_instance,0.75,0.35,"1,3,4,6,7,8,11,12,13,15,18,24","1,3,4,7,11,16",,,,,,"H[1,3,4,6,7,8,11,12,13,15,16,18,20,24]|V[1,3,4,5,7,11,16]",1421438e113e9d46b1ae43cfc94228a850cdc741
proposed_nsga2_bs_demo_layout_door_left_AW_2_seed_128,proposed_nsga2_bs,demo_layout_door_left_AW_2,128,4,auto_from_instance,10,15,3,28,150,,,,,5,3,10,root > H:13 > BV:13 > BV:13 > BV:7 > BV:7 > BH:20 > BH:7 > BH:3 > BH:25 > BV:3,evaluated,2,inf,False,294,163,131,107.0,1.0,1.0,True,True,1,1,0,True,3,1,0,0,True,True,0,13,4,13,4,3,RP_LS,sampled_pool,,,False,0.3333333333333333,0.3931273412824048,0.6666666666666667,0.1,adaptive,break_symmetry,offspring,feasible_start_adaptive_spacing,,,,feasible_start_adaptive_spacing,0.5,,True,auto_from_instance,0.75,0.35,"1,2,3,5,7,11,13,15,19,21,23","4,7",,,,,,"H[1,2,3,5,7,11,13,15,19,20,21,23,25]|V[3,4,7,13]",b83a089331d7663a6fd973356818e27f8c6513d9
proposed_nsga2_bs_demo_layout_door_left_AW_2_seed_128,proposed_nsga2_bs,demo_layout_door_left_AW_2,128,4,auto_from_instance,10,15,3,28,150,,,,,6,3,10,root > H:13 > BV:13 > BV:13 > BV:7 > BV:7 > BH:20 > BH:7 > BH:3 > BV:18 > BV:3,evaluated,2,0.0,False,294,163,131,107.0,1.0,1.0,True,True,1,1,0,True,3,1,0,0,True,True,0,12,5,12,5,3,RP_LS,sampled_pool,,,False,0.3333333333333333,0.3931273412824048,0.6666666666666667,0.1,adaptive,break_symmetry,offspring,feasible_start_adaptive_spacing,,,,feasible_start_adaptive_spacing,0.5,,True,auto_from_instance,0.75,0.35,"1,2,3,5,7,11,13,15,19,21,23","4,7",,,,,,"H[1,2,3,5,7,11,13,15,19,20,21,23]|V[3,4,7,13,18]",01243321ab61cafd2fa21069e1451ec7a29c0baf
proposed_nsga2_bs_demo_layout_door_left_AW_2_seed_128,proposed_nsga2_bs,demo_layout_door_left_AW_2,128,4,auto_from_instance,10,15,3,28,150,,,,,7,3,10,root > H:13 > BV:13 > BV:13 > BV:7 > BV:7 > BH:20 > BH:7 > BH:3 > BH:25 > BV:3,evaluated,2,inf,False,294,163,131,107.0,1.0,1.0,True,True,1,1,0,True,3,1,0,0,True,True,0,13,4,13,4,3,RP_LS,sampled_pool,,,False,0.3333333333333333,0.3931273412824048,0.6666666666666667,0.1,adaptive,break_symmetry,offspring,feasible_start_adaptive_spacing,,,,feasible_start_adaptive_spacing,0.5,,True,auto_from_instance,0.75,0.35,"1,2,3,5,7,11,13,15,19,21,23","4,7",,,,,,"H[1,2,3,5,7,11,13,15,19,20,21,23,25]|V[3,4,7,13]",fbce9935a230cfcae38639769be40fb4cee218ff
proposed_nsga2_bs_demo_layout_door_left_AW_2_seed_128,proposed_nsga2_bs,demo_layout_door_left_AW_2,128,4,auto_from_instance,10,15,3,28,150,,,,,8,4,7,root > V:15 > BH:13 > BV:7 > BV:5 > BV:11 > BV:3 > BV:11,evaluated,2,inf,False,292,190,102,128.0,1.0,1.0,True,True,1,1,0,True,3,1,0,0,True,True,0,10,12,10,12,4,RP_LS,sampled_pool,,,False,0.3333333333333333,0.33450531055226884,0.6666666666666667,0.1,adaptive,spacing_aware_flip,offspring,feasible_start_adaptive_spacing,,,,feasible_start_adaptive_spacing,0.5,,True,auto_from_instance,0.75,0.35,"1,3,6,7,11,13,15,19,21,23","1,3,4,7,11,12,15,16,17,18,20",,,,,,"H[1,3,6,7,11,13,15,19,21,23]|V[1,3,4,5,7,11,12,15,16,17,18,20]",33486d296fa513a0e67a344ef0adfe93ff71bff4
proposed_nsga2_bs_demo_layout_door_left_AW_2_seed_128,proposed_nsga2_bs,demo_layout_door_left_AW_2,128,4,auto_from_instance,10,15,3,28,150,,,,,9,4,7,root > V:15 > BH:13 > BV:7 > BV:5 > BV:11 > BV:3 > BV:11,evaluated,2,1.403365798714636,False,292,190,102,128.0,1.0,1.0,True,True,1,1,0,True,3,1,0,0,True,True,0,10,12,10,12,4,RP_LS,sampled_pool,,,False,0.3333333333333333,0.33450531055226884,0.6666666666666667,0.1,adaptive,spacing_aware_flip,offspring,feasible_start_adaptive_spacing,,,,feasible_start_adaptive_spacing,0.5,,True,auto_from_instance,0.75,0.35,"1,3,6,7,11,13,15,19,21,23","1,3,4,7,11,12,15,16,17,18,20",,,,,,"H[1,3,6,7,11,13,15,19,21,23]|V[1,3,4,5,7,11,12,15,16,17,18,20]",40f61919c4da879ac8a409d310000f13e7665a7c
proposed_nsga2_bs_demo_layout_door_left_AW_2_seed_128,proposed_nsga2_bs,demo_layout_door_left_AW_2,128,4,auto_from_instance,10,15,3,28,150,,,,,10,5,10,root > V:12 > BH:13 > BV:7 > BV:3 > BV:7 > BV:3 > BH:23 > BH:19 > BH:15 > BH:11,selected,1,inf,True,274,194,80,280.0,1.0,1.0,True,True,1,1,0,True,3,1,0,0,True,True,0,12,6,12,6,5,PF,sampled_pool,,,False,0.3333333333333333,0.36027762150870785,0.6666666666666667,0.1,adaptive,spacing_aware_flip,offspring,feasible_start_adaptive_spacing,,,,feasible_start_adaptive_spacing,0.5,,True,auto_from_instance,0.75,0.35,"1,3,4,6,7,11,13,15,19,21,23,25","1,3,4,7,12,16",,,,,,"H[1,3,4,6,7,11,13,15,19,21,23,25]|V[1,3,4,7,12,16]",bdfca70a8c818bb19067e89832a1fa058704500a
proposed_nsga2_bs_demo_layout_door_left_AW_2_seed_128,proposed_nsga2_bs,demo_layout_door_left_AW_2,128,4,auto_from_instance,10,15,3,28,150,,,,,11,5,10,root > V:12 > BH:13 > BV:7 > BV:3 > BV:7 > BV:3 > BH:3 > BH:7 > BH:11 > BH:15,selected,1,inf,True,274,194,80,280.0,1.0,1.0,True,True,1,1,0,True,3,1,0,0,True,True,0,12,6,12,6,5,PF,sampled_pool,,,False,0.3333333333333333,0.36027762150870785,0.6666666666666667,0.1,adaptive,spacing_aware_flip,offspring,feasible_start_adaptive_spacing,,,,feasible_start_adaptive_spacing,0.5,,True,auto_from_instance,0.75,0.35,"1,3,4,6,7,11,13,15,19,21,23,25","1,3,4,7,12,16",,,,,,"H[1,3,4,6,7,11,13,15,19,21,23,25]|V[1,3,4,7,12,16]",292e4a0811453f298c64fb7dbcde651097d2db94
proposed_nsga2_bs_demo_layout_door_left_AW_2_seed_128,proposed_nsga2_bs,demo_layout_door_left_AW_2,128,4,auto_from_instance,10,15,3,28,150,,,,,12,5,10,root > V:12 > BH:13 > BV:7 > BV:3 > BV:7 > BV:3 > BH:23 > BH:19 > BH:15 > BH:10,selected,1,3.0,True,274,193,81,261.0,1.0,1.0,True,True,1,1,0,True,3,1,0,0,True,True,0,13,6,13,6,5,PF,sampled_pool,,,False,0.3333333333333333,0.36027762150870785,0.6666666666666667,0.1,adaptive,spacing_aware_flip,offspring,feasible_start_adaptive_spacing,,,,feasible_start_adaptive_spacing,0.5,,True,auto_from_instance,0.75,0.35,"1,3,4,6,7,11,13,15,19,21,23,25","1,3,4,7,12,16",,,,,,"H[1,3,4,6,7,10,11,13,15,19,21,23,25]|V[1,3,4,7,12,16]",2d45a8cf9f4b3046e1a6b7ef68e4854df3ece1d8
proposed_nsga2_bs_demo_layout_door_left_AW_2_seed_128,proposed_nsga2_bs,demo_layout_door_left_AW_2,128,4,auto_from_instance,10,15,3,28,150,,,,,13,8,10,root > V:8 > BH:13 > BV:4 > BV:4 > BH:5 > BH:16 > BV:16 > BH:11 > BV:12 > BV:12,selected,1,inf,True,274,192,82,107.0,1.0,1.0,True,True,1,1,0,True,3,1,0,0,True,True,0,13,7,13,7,8,SS_LS_PF,sampled_pool,,,True,0.3333333333333333,0.42525850939303905,0.6666666666666667,0.1,adaptive,bit_flip,offspring,feasible_start_adaptive_spacing,,,,feasible_start_adaptive_spacing,0.5,,True,auto_from_instance,0.75,0.35,"1,3,4,6,7,11,13,15,19,21,23","1,3,4,7,8,16",,,,,,"H[1,3,4,5,6,7,11,13,15,16,19,21,23]|V[1,3,4,7,8,12,16]",e52f3e985a1f1a2939d0be7db9ca09a2aa457a43
proposed_nsga2_bs_demo_layout_door_left_AW_2_seed_128,proposed_nsga2_bs,demo_layout_door_left_AW_2,128,4,auto_from_instance,10,15,3,28,150,,,,,14,8,10,root > V:8 > BH:13 > BV:4 > BV:4 > BH:21 > BH:10 > BV:16 > BH:15 > BV:12 > BV:12,selected,1,0.0,True,274,192,82,107.0,1.0,1.0,True,True,1,1,0,True,3,1,0,0,True,True,0,12,7,12,7,8,SS_LS_PF,sampled_pool,,,True,0.3333333333333333,0.42525850939303905,0.6666666666666667,0.1,adaptive,bit_flip,offspring,feasible_start_adaptive_spacing,,,,feasible_start_adaptive_spacing,0.5,,True,auto_from_instance,0.75,0.35,"1,3,4,6,7,11,13,15,19,21,23","1,3,4,7,8,16",,,,,,"H[1,3,4,6,7,10,11,13,15,19,21,23]|V[1,3,4,7,8,12,16]",8900217ba7197eb8cbeac5d4629f8bafa3c3c730
proposed_nsga2_bs_demo_layout_door_left_AW_2_seed_128,proposed_nsga2_bs,demo_layout_door_left_AW_2,128,4,auto_from_instance,10,15,3,28,150,,,,,15,8,10,root > V:8 > BH:13 > BV:3 > BV:4 > BH:21 > BH:10 > BV:16 > BH:15 > BV:12 > BV:12,selected,1,inf,True,274,192,82,107.0,1.0,1.0,True,True,1,1,0,True,3,1,0,0,True,True,0,12,7,12,7,8,SS_LS_PF,sampled_pool,,,True,0.3333333333333333,0.42525850939303905,0.6666666666666667,0.1,adaptive,bit_flip,offspring,feasible_start_adaptive_spacing,,,,feasible_start_adaptive_spacing,0.5,,True,auto_from_instance,0.75,0.35,"1,3,4,6,7,11,13,15,19,21,23","1,3,4,7,8,16",,,,,,"H[1,3,4,6,7,10,11,13,15,19,21,23]|V[1,3,4,7,8,12,16]",5503f2f3d4f35df21dc0ef72463198b3c6a3c13d
proposed_nsga2_bs_demo_layout_door_left_AW_2_seed_128,proposed_nsga2_bs,demo_layout_door_left_AW_2,128,4,auto_from_instance,10,15,3,28,150,,,,,16,10,10,root > V:11 > BH:13 > BH:21 > BH:13 > BH:4 > BV:5 > BV:5 > BH:9 > BV:16 > BH:17,selected,0,inf,True,294,167,127,91.0,1.0,1.0,True,True,1,1,0,True,3,1,0,0,True,True,0,12,8,12,8,10,RP,sampled_pool,,,False,0.3333333333333333,0.3058619172722438,0.6666666666666667,0.1,adaptive,break_symmetry,offspring,feasible_start_adaptive_spacing,,,,feasible_start_adaptive_spacing,0.5,,True,auto_from_instance,0.75,0.35,"1,3,4,6,7,11,13,15,21,23","1,3,4,6,11,15",,,,,,"H[1,3,4,6,7,9,11,13,15,17,21,23]|V[1,3,4,5,6,11,15,16]",53e907e296b4a6435bb0a13d25b5428dd6c1091c
proposed_nsga2_bs_demo_layout_door_left_AW_2_seed_128,proposed_nsga2_bs,demo_layout_door_left_AW_2,128,4,auto_from_instance,10,15,3,28,150,,,,,17,10,10,root > V:11 > BH:13 > BH:21 > BH:12 > BH:4 > BV:5 > BV:5 > BH:17 > BV:16 > BH:8,selected,0,0.0,True,294,167,127,91.0,1.0,1.0,True,True,1,1,0,True,3,1,0,0,True,True,0,13,8,13,8,10,RP,sampled_pool,,,False,0.3333333333333333,0.3058619172722438,0.6666666666666667,0.1,adaptive,break_symmetry,offspring,feasible_start_adaptive_spacing,,,,feasible_start_adaptive_spacing,0.5,,True,auto_from_instance,0.75,0.35,"1,3,4,6,7,11,13,15,21,23","1,3,4,6,11,15",,,,,,"H[1,3,4,6,7,8,11,12,13,15,17,21,23]|V[1,3,4,5,6,11,15,16]",ab767ca204049e346f27e33687b12fdd813d0da4
proposed_nsga2_bs_demo_layout_door_left_AW_2_seed_128,proposed_nsga2_bs,demo_layout_door_left_AW_2,128,4,auto_from_instance,10,15,3,28,150,,,,,18,10,10,root > V:11 > BH:13 > BH:21 > BH:12 > BH:4 > BV:5 > BV:5 > BH:16 > BV:16 > BH:8,selected,0,inf,True,294,167,127,91.0,1.0,1.0,True,True,1,1,0,True,3,1,0,0,True,True,0,13,8,13,8,10,RP,sampled_pool,,,False,0.3333333333333333,0.3058619172722438,0.6666666666666667,0.1,adaptive,break_symmetry,offspring,feasible_start_adaptive_spacing,,,,feasible_start_adaptive_spacing,0.5,,True,auto_from_instance,0.75,0.35,"1,3,4,6,7,11,13,15,21,23","1,3,4,6,11,15",,,,,,"H[1,3,4,6,7,8,11,12,13,15,16,21,23]|V[1,3,4,5,6,11,15,16]",bcebc9844c2da699dc65904066b6259890ca5930
proposed_nsga2_bs_demo_layout_door_left_AW_2_seed_128,proposed_nsga2_bs,demo_layout_door_left_AW_2,128,5,auto_from_instance,10,15,3,28,150,,,,,1,1,10,root > V:12 > BH:13 > BV:7 > BV:3 > BV:7 > BV:3 > BH:23 > BH:19 > BH:15 > BH:11,selected,2,inf,True,274,194,80,280.0,1.0,1.0,True,True,1,1,0,True,3,1,0,0,True,True,0,11,5,11,5,1,LS_PF,sampled_pool,,,False,0.4,0.30494987535836404,0.6,0.1,adaptive,break_symmetry,offspring,feasible_start_adaptive_spacing,,,,feasible_start_adaptive_spacing,0.5,,True,auto_from_instance,0.75,0.35,"1,3,6,7,10,11,13,15,19,21,23","3,5,7,12,16",,,,,,"H[1,3,6,7,10,11,13,15,19,21,23]|V[3,5,7,12,16]",bdfca70a8c818bb19067e89832a1fa058704500a
proposed_nsga2_bs_demo_layout_door_left_AW_2_seed_128,proposed_nsga2_bs,demo_layout_door_left_AW_2,128,5,auto_from_instance,10,15,3,28,150,,,,,2,1,10,root > V:12 > BH:13 > BV:7 > BV:3 > BV:7 > BV:3 > BH:3 > BH:7 > BH:11 > BH:15,selected,2,inf,True,274,194,80,280.0,1.0,1.0,True,True,1,1,0,True,3,1,0,0,True,True,0,11,5,11,5,1,LS_PF,sampled_pool,,,False,0.4,0.30494987535836404,0.6,0.1,adaptive,break_symmetry,offspring,feasible_start_adaptive_spacing,,,,feasible_start_adaptive_spacing,0.5,,True,auto_from_instance,0.75,0.35,"1,3,6,7,10,11,13,15,19,21,23","3,5,7,12,16",,,,,,"H[1,3,6,7,10,11,13,15,19,21,23]|V[3,5,7,12,16]",292e4a0811453f298c64fb7dbcde651097d2db94
proposed_nsga2_bs_demo_layout_door_left_AW_2_seed_128,proposed_nsga2_bs,demo_layout_door_left_AW_2,128,5,auto_from_instance,10,15,3,28,150,,,,,3,1,10,root > V:12 > BH:13 > BV:7 > BV:3 > BV:7 > BV:3 > BH:23 > BH:19 > BH:15 > BH:10,evaluated,2,1.0719298245614035,False,274,193,81,261.0,1.0,1.0,True,True,1,1,0,True,3,1,0,0,True,True,0,11,5,11,5,1,LS_PF,sampled_pool,,,False,0.4,0.30494987535836404,0.6,0.1,adaptive,break_symmetry,offspring,feasible_start_adaptive_spacing,,,,feasible_start_adaptive_spacing,0.5,,True,auto_from_instance,0.75,0.35,"1,3,6,7,10,11,13,15,19,21,23","3,5,7,12,16",,,,,,"H[1,3,6,7,10,11,13,15,19,21,23]|V[3,5,7,12,16]",2d45a8cf9f4b3046e1a6b7ef68e4854df3ece1d8
proposed_nsga2_bs_demo_layout_door_left_AW_2_seed_128,proposed_nsga2_bs,demo_layout_door_left_AW_2,128,5,auto_from_instance,10,15,3,28,150,,,,,4,2,8,root > V:15 > BH:13 > BV:7 > BV:7 > BV:3 > BV:3 > BV:11 > BV:11,selected,1,inf,True,268,214,54,104.0,1.0,1.0,True,True,1,1,0,True,3,1,0,0,True,True,0,12,10,12,10,2,PF_RP,sampled_pool,,,False,0.4,0.4499532928686312,0.6,0.1,adaptive,insert_random_aisle,offspring,feasible_start_adaptive_spacing,,,,feasible_start_adaptive_spacing,0.5,,True,auto_from_instance,0.75,0.35,"1,3,4,6,7,11,13,15,19,21,23,25","1,3,4,7,11,12,14,15,16,17",,,,,,"H[1,3,4,6,7,11,13,15,19,21,23,25]|V[1,3,4,7,11,12,14,15,16,17]",81347b9f72276c28618e0af7b5d4aafe7ae7ee4f
proposed_nsga2_bs_demo_layout_door_left_AW_2_seed_128,proposed_nsga2_bs,demo_layout_door_left_AW_2,128,5,auto_from_instance,10,15,3,28,150,,,,,5,3,8,root > V:16 > BH:13 > BV:12 > BV:12 > BV:7 > BV:3 > BV:7 > BV:3,selected,0,inf,True,266,216,50,50.0,1.0,1.0,True,True,1,1,0,True,3,1,0,0,True,True,0,13,8,13,8,3,PF,sampled_pool,,,False,0.4,0.34025507138056044,0.6,0.1,adaptive,spacing_aware_flip,offspring,feasible_start_adaptive_spacing,,,,feasible_start_adaptive_spacing,0.5,,True,auto_from_instance,0.75,0.35,"1,3,4,6,7,9,11,13,15,17,21,23,26","1,3,4,7,11,15,16",,,,,,"H[1,3,4,6,7,9,11,13,15,17,21,23,26]|V[1,3,4,7,11,12,15,16]",63c9c1384eb0d63f6756e5f6c6567bc893aa1bf9
proposed_nsga2_bs_demo_layout_door_left_AW_2_seed_128,proposed_nsga2_bs,demo_layout_door_left_AW_2,128,5,auto_from_instance,10,15,3,28,150,,,,,6,4,10,root > V:12 > BH:13 > BV:7 > BV:7 > BV:3 > BV:3 > BH:23 > BH:19 > BH:14 > BH:6,evaluated,2,2.809436898698359,False,274,190,84,156.0,1.0,1.0,True,True,1,1,0,True,3,1,0,0,True,True,0,13,8,13,8,4,SS_PF_LS,sampled_pool,,,True,0.4,0.35925923715882063,0.6,0.1,adaptive,break_symmetry,offspring,feasible_start_adaptive_spacing,,,,feasible_start_adaptive_spacing,0.5,,True,auto_from_instance,0.75,0.35,"1,3,4,6,7,11,14,15,19,21,23,25","1,3,4,5,6,12,16",,,,,,"H[1,3,4,6,7,11,13,14,15,19,21,23,25]|V[1,3,4,5,6,7,12,16]",d97542661d321832cf8729e0742d05c9fae457dc
proposed_nsga2_bs_demo_layout_door_left_AW_2_seed_128,proposed_nsga2_bs,demo_layout_door_left_AW_2,128,5,auto_from_instance,10,15,3,28,150,,,,,7,5,10,root > V:12 > BH:13 > BV:7 > BV:7 > BH:22 > BH:14 > BH:6 > BV:18 > BV:3 > BV:3,selected,1,3.0,True,276,182,94,101.0,1.0,1.0,True,True,1,1,0,True,3,1,0,0,True,True,0,15,8,15,8,5,RP,sampled_pool,,,False,0.4,0.4936368872338504,0.6,0.1,adaptive,swap_segments,offspring,feasible_start_adaptive_spacing,,,,feasible_start_adaptive_spacing,0.5,,True,auto_from_instance,0.75,0.35,"1,3,4,6,7,8,11,12,13,15,16,21,23","1,3,4,7,8,12,16",,,,,,"H[1,3,4,6,7,8,11,12,13,14,15,16,21,22,23]|V[1,3,4,7,8,12,16,18]",fe08640d69585d94eea9e066a931c0fc7c782527
proposed_nsga2_bs_demo_layout_door_left_AW_2_seed_128,proposed_nsga2_bs,demo_layout_door_left_AW_2,128,5,auto_from_instance,10,15,3,28,150,,,,,8,5,10,root > V:12 > BH:13 > BV:7 > BV:7 > BH:22 > BH:14 > BH:6 > BV:18 > BV:3 > BH:18,selected,2,inf,True,288,170,118,125.0,1.0,1.0,True,True,1,1,0,True,3,1,0,0,True,True,0,16,8,16,8,5,RP,sampled_pool,,,False,0.4,0.4936368872338504,0.6,0.1,adaptive,swap_segments,offspring,feasible_start_adaptive_spacing,,,,feasible_start_adaptive_spacing,0.5,,True,auto_from_instance,0.75,0.35,"1,3,4,6,7,8,11,12,13,15,16,21,23","1,3,4,7,8,12,16",,,,,,"H[1,3,4,6,7,8,11,12,13,14,15,16,18,21,22,23]|V[1,3,4,7,8,12,16,18]",9e20420f997f6dd916da6ef7f092c976b7f01d9e
proposed_nsga2_bs_demo_layout_door_left_AW_2_seed_128,proposed_nsga2_bs,demo_layout_door_left_AW_2,128,5,auto_from_instance,10,15,3,28,150,,,,,9,5,10,root > V:12 > BH:13 > BV:7 > BV:7 > BH:22 > BH:14 > BH:6 > BV:18 > BV:3 > BH:10,selected,2,inf,True,288,170,118,125.0,1.0,1.0,True,True,1,1,0,True,3,1,0,0,True,True,0,16,8,16,8,5,RP,sampled_pool,,,False,0.4,0.4936368872338504,0.6,0.1,adaptive,swap_segments,offspring,feasible_start_adaptive_spacing,,,,feasible_start_adaptive_spacing,0.5,,True,auto_from_instance,0.75,0.35,"1,3,4,6,7,8,11,12,13,15,16,21,23","1,3,4,7,8,12,16",,,,,,"H[1,3,4,6,7,8,10,11,12,13,14,15,16,21,22,23]|V[1,3,4,7,8,12,16,18]",e08793ecc92621c0dca40d653247b92390eb03af
proposed_nsga2_bs_demo_layout_door_left_AW_2_seed_128,proposed_nsga2_bs,demo_layout_door_left_AW_2,128,5,auto_from_instance,10,15,3,28,150,,,,,10,6,10,root > V:11 > BH:13 > BV:5 > BV:5 > BH:23 > BH:14 > BH:5 > BH:19 > BH:10 > BV:16,selected,1,inf,True,294,167,127,77.0,1.0,1.0,True,True,1,1,0,True,3,1,0,0,True,True,0,14,8,14,8,6,SS_PF_LS,sampled_pool,,,True,0.4,0.4824095238214369,0.6,0.1,adaptive,break_symmetry,offspring,feasible_start_adaptive_spacing,,,,feasible_start_adaptive_spacing,0.5,,True,auto_from_instance,0.75,0.35,"1,3,4,6,7,10,11,13,15,19,21,23","1,3,4,5,6,11,14,16",,,,,,"H[1,3,4,5,6,7,10,11,13,14,15,19,21,23]|V[1,3,4,5,6,11,14,16]",818684e74381d8c1c9a87885321cdb4d792713f0
proposed_nsga2_bs_demo_layout_door_left_AW_2_seed_128,proposed_nsga2_bs,demo_layout_door_left_AW_2,128,5,auto_from_instance,10,15,3,28,150,,,,,11,6,10,root > V:11 > BH:13 > BV:5 > BV:5 > BH:23 > BH:14 > BH:5 > BH:18 > BH:10 > BV:16,selected,1,0.0,True,294,167,127,77.0,1.0,1.0,True,True,1,1,0,True,3,1,0,0,True,True,0,15,8,15,8,6,SS_PF_LS,sampled_pool,,,True,0.4,0.4824095238214369,0.6,0.1,adaptive,break_symmetry,offspring,feasible_start_adaptive_spacing,,,,feasible_start_adaptive_spacing,0.5,,True,auto_from_instance,0.75,0.35,"1,3,4,6,7,10,11,13,15,19,21,23","1,3,4,5,6,11,14,16",,,,,,"H[1,3,4,5,6,7,10,11,13,14,15,18,19,21,23]|V[1,3,4,5,6,11,14,16]",e44fe3efc3f9960c4319ac4828cd0911b65b0d33
proposed_nsga2_bs_demo_layout_door_left_AW_2_seed_128,proposed_nsga2_bs,demo_layout_door_left_AW_2,128,5,auto_from_instance,10,15,3,28,150,,,,,12,6,10,root > V:11 > BH:13 > BV:5 > BV:5 > BH:23 > BH:14 > BH:5 > BH:19 > BH:9 > BV:16,selected,1,inf,True,294,167,127,77.0,1.0,1.0,True,True,1,1,0,True,3,1,0,0,True,True,0,15,8,15,8,6,SS_PF_LS,sampled_pool,,,True,0.4,0.4824095238214369,0.6,0.1,adaptive,break_symmetry,offspring,feasible_start_adaptive_spacing,,,,feasible_start_adaptive_spacing,0.5,,True,auto_from_instance,0.75,0.35,"1,3,4,6,7,10,11,13,15,19,21,23","1,3,4,5,6,11,14,16",,,,,,"H[1,3,4,5,6,7,9,10,11,13,14,15,19,21,23]|V[1,3,4,5,6,11,14,16]",8e0973e20412c51bf688336cd1d40d40a8a34d32
proposed_nsga2_bs_demo_layout_door_left_AW_2_seed_128,proposed_nsga2_bs,demo_layout_door_left_AW_2,128,6,auto_from_instance,10,15,3,28,150,,,,,1,1,10,root > V:12 > BH:13 > BV:7 > BV:7 > BV:3 > BV:3 > BH:23 > BH:19 > BH:15 > BH:11,selected,2,inf,True,274,194,80,280.0,1.0,1.0,True,True,1,1,0,True,3,1,0,0,True,True,0,12,10,12,10,1,PF_SS,sampled_pool,,,True,0.4666666666666667,0.5165349040656517,0.5333333333333333,0.1,adaptive,swap_segments,offspring,feasible_start_adaptive_spacing,,,,feasible_start_adaptive_spacing,0.5,,True,auto_from_instance,0.75,0.35,"1,3,4,6,7,11,13,15,19,21,23,25","1,3,4,6,7,8,11,12,15,17",,,,,,"H[1,3,4,6,7,11,13,15,19,21,23,25]|V[1,3,4,6,7,8,11,12,15,17]",bdfca70a8c818bb19067e89832a1fa058704500a
proposed_nsga2_bs_demo_layout_door_left_AW_2_seed_128,proposed_nsga2_bs,demo_layout_door_left_AW_2,128,6,auto_from_instance,10,15,3,28,150,,,,,2,1,10,root > V:12 > BH:13 > BV:7 > BV:7 > BV:3 > BV:3 > BH:3 > BH:7 > BH:11 > BH:15,selected,2,inf,True,274,194,80,280.0,1.0,1.0,True,True,1,1,0,True,3,1,0,0,True,True,0,12,10,12,10,1,PF_SS,sampled_pool,,,True,0.4666666666666667,0.5165349040656517,0.5333333333333333,0.1,adaptive,swap_segments,offspring,feasible_start_adaptive_spacing,,,,feasible_start_adaptive_spacing,0.5,,True,auto_from_instance,0.75,0.35,"1,3,4,6,7,11,13,15,19,21,23,25","1,3,4,6,7,8,11,12,15,17",,,,,,"H[1,3,4,6,7,11,13,15,19,21,23,25]|V[1,3,4,6,7,8,11,12,15,17]",292e4a0811453f298c64fb7dbcde651097d2db94
proposed_nsga2_bs_demo_layout_door_left_AW_2_seed_128,proposed_nsga2_bs,demo_layout_door_left_AW_2,128,6,auto_from_instance,10,15,3,28,150,,,,,3,1,10,root > V:12 > BH:13 > BV:7 > BV:7 > BV:3 > BV:3 > BH:23 > BH:19 > BH:15 > BH:10,selected,2,1.1692151222598763,True,274,193,81,261.0,1.0,1.0,True,True,1,1,0,True,3,1,0,0,True,True,0,13,10,13,10,1,PF_SS,sampled_pool,,,True,0.4666666666666667,0.5165349040656517,0.5333333333333333,0.1,adaptive,swap_segments,offspring,feasible_start_adaptive_spacing,,,,feasible_start_adaptive_spacing,0.5,,True,auto_from_instance,0.75,0.35,"1,3,4,6,7,11,13,15,19,21,23,25","1,3,4,6,7,8,11,12,15,17",,,,,,"H[1,3,4,6,7,10,11,13,15,19,21,23,25]|V[1,3,4,6,7,8,11,12,15,17]",2d45a8cf9f4b3046e1a6b7ef68e4854df3ece1d8
proposed_nsga2_bs_demo_layout_door_left_AW_2_seed_128,proposed_nsga2_bs,demo_layout_door_left_AW_2,128,6,auto_from_instance,10,15,3,28,150,,,,,4,2,10,root > V:12 > BH:13 > BV:7 > BV:7 > BV:3 > BV:3 > BH:23 > BH:17 > BH:11 > BH:3,selected,1,inf,True,274,190,84,72.0,1.0,1.0,True,True,1,1,0,True,3,1,0,0,True,True,0,13,9,13,9,2,SS_LS_PF,sampled_pool,,,True,0.4666666666666667,0.41849750047749834,0.5333333333333333,0.1,adaptive,insert_random_aisle,offspring,feasible_start_adaptive_spacing,,,,feasible_start_adaptive_spacing,0.5,,True,auto_from_instance,0.75,0.35,"1,3,4,6,7,9,11,13,15,17,21,23,26","1,3,4,7,11,12,15,16,20",,,,,,"H[1,3,4,6,7,9,11,13,15,17,21,23,26]|V[1,3,4,7,11,12,15,16,20]",8750b3bc29a30de27abd833d74949276f45e38f1
proposed_nsga2_bs_demo_layout_door_left_AW_2_seed_128,proposed_nsga2_bs,demo_layout_door_left_AW_2,128,6,auto_from_instance,10,15,3,28,150,,,,,5,2,10,root > V:12 > BH:13 > BV:7 > BV:7 > BV:3 > BV:3 > BH:3 > BH:9 > BH:15 > BH:23,selected,1,inf,True,274,190,84,72.0,1.0,1.0,True,True,1,1,0,True,3,1,0,0,True,True,0,13,9,13,9,2,SS_LS_PF,sampled_pool,,,True,0.4666666666666667,0.41849750047749834,0.5333333333333333,0.1,adaptive,insert_random_aisle,offspring,feasible_start_adaptive_spacing,,,,feasible_start_adaptive_spacing,0.5,,True,auto_from_instance,0.75,0.35,"1,3,4,6,7,9,11,13,15,17,21,23,26","1,3,4,7,11,12,15,16,20",,,,,,"H[1,3,4,6,7,9,11,13,15,17,21,23,26]|V[1,3,4,7,11,12,15,16,20]",1a4a05f08e4f8559d62e4fcb7f39660a002c95ab
proposed_nsga2_bs_demo_layout_door_left_AW_2_seed_128,proposed_nsga2_bs,demo_layout_door_left_AW_2,128,6,auto_from_instance,10,15,3,28,150,,,,,6,2,10,root > V:12 > BH:13 > BV:7 > BV:7 > BV:3 > BV:3 > BH:23 > BH:17 > BH:11 > BH:4,selected,2,2.8480903081049815,True,274,190,84,90.0,1.0,1.0,True,True,1,1,0,True,3,1,0,0,True,True,0,13,9,13,9,2,SS_LS_PF,sampled_pool,,,True,0.4666666666666667,0.41849750047749834,0.5333333333333333,0.1,adaptive,insert_random_aisle,offspring,feasible_start_adaptive_spacing,,,,feasible_start_adaptive_spacing,0.5,,True,auto_from_instance,0.75,0.35,"1,3,4,6,7,9,11,13,15,17,21,23,26","1,3,4,7,11,12,15,16,20",,,,,,"H[1,3,4,6,7,9,11,13,15,17,21,23,26]|V[1,3,4,7,11,12,15,16,20]",5addb33d6b501a57b489c91e9313ebeab49fa417
proposed_nsga2_bs_demo_layout_door_left_AW_2_seed_128,proposed_nsga2_bs,demo_layout_door_left_AW_2,128,6,auto_from_instance,10,15,3,28,150,,,,,7,3,10,root > V:13 > BH:13 > BV:7 > BV:7 > BV:3 > BV:3 > BH:23 > BH:19 > BH:15 > BH:11,evaluated,3,inf,False,280,187,93,189.0,1.0,1.0,True,True,1,1,0,True,3,1,0,0,True,True,0,13,8,13,8,3,PF_SS_RP,sampled_pool,,,True,0.4666666666666667,0.4395195775203879,0.5333333333333333,0.1,adaptive,break_symmetry,offspring,feasible_start_adaptive_spacing,,,,feasible_start_adaptive_spacing,0.5,,True,auto_from_instance,0.75,0.35,"1,3,4,6,7,11,13,15,17,21,23,26","1,3,4,7,11,13,15,16",,,,,,"H[1,3,4,6,7,11,13,15,17,19,21,23,26]|V[1,3,4,7,11,13,15,16]",cf8dc985e03ad0af540eafa816c991b5e198e01b
proposed_nsga2_bs_demo_layout_door_left_AW_2_seed_128,proposed_nsga2_bs,demo_layout_door_left_AW_2,128,6,auto_from_instance,10,15,3,28,150,,,,,8,3,10,root > V:13 > BH:13 > BV:7 > BV:7 > BV:3 > BV:3 > BH:3 > BH:7 > BH:11 > BH:15,evaluated,3,inf,False,280,187,93,189.0,1.0,1.0,True,True,1,1,0,True,3,1,0,0,True,True,0,12,8,12,8,3,PF_SS_RP,sampled_pool,,,True,0.4666666666666667,0.4395195775203879,0.5333333333333333,0.1,adaptive,break_symmetry,offspring,feasible_start_adaptive_spacing,,,,feasible_start_adaptive_spacing,0.5,,True,auto_from_instance,0.75,0.35,"1,3,4,6,7,11,13,15,17,21,23,26","1,3,4,7,11,13,15,16",,,,,,"H[1,3,4,6,7,11,13,15,17,21,23,26]|V[1,3,4,7,11,13,15,16]",781f3c7db86671b66d11561010e6da241635a741
proposed_nsga2_bs_demo_layout_door_left_AW_2_seed_128,proposed_nsga2_bs,demo_layout_door_left_AW_2,128,6,auto_from_instance,10,15,3,28,150,,,,,9,3,10,root > V:13 > BH:13 > BV:7 > BV:7 > BV:3 > BV:3 > BH:23 > BH:19 > BH:15 > BH:10,evaluated,3,1.3664465786314526,False,280,186,94,178.0,1.0,1.0,True,True,1,1,0,True,3,1,0,0,True,True,0,14,8,14,8,3,PF_SS_RP,sampled_pool,,,True,0.4666666666666667,0.4395195775203879,0.5333333333333333,0.1,adaptive,break_symmetry,offspring,feasible_start_adaptive_spacing,,,,feasible_start_adaptive_spacing,0.5,,True,auto_from_instance,0.75,0.35,"1,3,4,6,7,11,13,15,17,21,23,26","1,3,4,7,11,13,15,16",,,,,,"H[1,3,4,6,7,10,11,13,15,17,19,21,23,26]|V[1,3,4,7,11,13,15,16]",f57b8901bd1c6d5d6bd4b77a941dc8ee5bc83d4a
proposed_nsga2_bs_demo_layout_door_left_AW_2_seed_128,proposed_nsga2_bs,demo_layout_door_left_AW_2,128,6,auto_from_instance,10,15,3,28,150,,,,,10,4,8,root > V:15 > BH:13 > BV:7 > BV:7 > BV:3 > BV:3 > BV:11 > BV:11,selected,1,inf,True,268,214,54,104.0,1.0,1.0,True,True,1,1,0,True,3,1,0,0,True,True,0,12,10,12,10,4,LS_RP,sampled_pool,,,False,0.4666666666666667,0.46405120048486104,0.5333333333333333,0.1,adaptive,remove_random_aisle,offspring,feasible_start_adaptive_spacing,,,,feasible_start_adaptive_spacing,0.5,,True,auto_from_instance,0.75,0.35,"1,3,4,6,7,9,11,13,19,21,23,25","1,3,4,7,11,12,14,15,16,17",,,,,,"H[1,3,4,6,7,9,11,13,19,21,23,25]|V[1,3,4,7,11,12,14,15,16,17]",81347b9f72276c28618e0af7b5d4aafe7ae7ee4f
proposed_nsga2_bs_demo_layout_door_left_AW_2_seed_128,proposed_nsga2_bs,demo_layout_door_left_AW_2,128,6,auto_from_instance,10,15,3,28,150,,,,,11,5,8,root > V:16 > BH:13 > BV:7 > BV:7 > BV:12 > BV:12 > BV:3 > BV:3,selected,0,inf,True,266,216,50,50.0,1.0,1.0,True,True,1,1,0,True,3,1,0,0,True,True,0,15,11,15,11,5,PF_SS,sampled_pool,,,True,0.4666666666666667,0.44073413384816224,0.5333333333333333,0.1,adaptive,insert_random_aisle,offspring,feasible_start_adaptive_spacing,,,,feasible_start_adaptive_spacing,0.5,,True,auto_from_instance,0.75,0.35,"1,3,4,5,6,7,9,10,11,13,14,15,17,21,23","1,3,4,5,6,10,11,15,16",,,,,,"H[1,3,4,5,6,7,9,10,11,13,14,15,17,21,23]|V[1,3,4,5,6,7,10,11,12,15,16]",63c9c1384eb0d63f6756e5f6c6567bc893aa1bf9
proposed_nsga2_bs_demo_layout_door_left_AW_2_seed_128,proposed_nsga2_bs,demo_layout_door_left_AW_2,128,6,auto_from_instance,10,15,3,28,150,,,,,12,6,10,root > V:13 > BH:13 > BV:7 > BV:7 > BH:4 > BH:11 > BH:18 > BH:23 > BV:3 > BV:3,evaluated,3,0.3482593037214886,False,280,182,98,94.0,1.0,1.0,True,True,1,1,0,True,3,1,0,0,True,True,0,14,9,14,9,6,RP_LS,sampled_pool,,,False,0.4666666666666667,0.4540907242350287,0.5333333333333333,0.1,adaptive,swap_segments,offspring,feasible_start_adaptive_spacing,,,,feasible_start_adaptive_spacing,0.5,,True,auto_from_instance,0.75,0.35,"1,3,4,6,7,9,11,13,15,19,21,23,26","2,4,7,11,12,13,15,16",,,,,,"H[1,3,4,6,7,9,11,13,15,18,19,21,23,26]|V[2,3,4,7,11,12,13,15,16]",e9f9a3c40564ffd715f0072f7f4dae2de8121c73
proposed_nsga2_bs_demo_layout_door_left_AW_2_seed_128,proposed_nsga2_bs,demo_layout_door_left_AW_2,128,6,auto_from_instance,10,15,3,28,150,,,,,13,6,10,root > V:13 > BH:13 > BV:7 > BV:7 > BH:22 > BH:15 > BH:8 > BH:3 > BV:3 > BV:3,evaluated,3,2.4600840336134455,False,280,182,98,94.0,1.0,1.0,True,True,1,1,0,True,3,1,0,0,True,True,0,15,9,15,9,6,RP_LS,sampled_pool,,,False,0.4666666666666667,0.4540907242350287,0.5333333333333333,0.1,adaptive,swap_segments,offspring,feasible_start_adaptive_spacing,,,,feasible_start_adaptive_spacing,0.5,,True,auto_from_instance,0.75,0.35,"1,3,4,6,7,9,11,13,15,19,21,23,26","2,4,7,11,12,13,15,16",,,,,,"H[1,3,4,6,7,8,9,11,13,15,19,21,22,23,26]|V[2,3,4,7,11,12,13,15,16]",a7dd4598531100c59cc956fd17363b730e91aab7
proposed_nsga2_bs_demo_layout_door_left_AW_2_seed_128,proposed_nsga2_bs,demo_layout_door_left_AW_2,128,6,auto_from_instance,10,15,3,28,150,,,,,14,6,10,root > V:13 > BH:13 > BV:7 > BV:7 > BH:4 > BH:11 > BH:18 > BH:23 > BV:3 > BV:18,evaluated,4,inf,False,294,158,136,127.0,1.0,1.0,True,True,1,1,0,True,3,1,0,0,True,True,0,14,10,14,10,6,RP_LS,sampled_pool,,,False,0.4666666666666667,0.4540907242350287,0.5333333333333333,0.1,adaptive,swap_segments,offspring,feasible_start_adaptive_spacing,,,,feasible_start_adaptive_spacing,0.5,,True,auto_from_instance,0.75,0.35,"1,3,4,6,7,9,11,13,15,19,21,23,26","2,4,7,11,12,13,15,16",,,,,,"H[1,3,4,6,7,9,11,13,15,18,19,21,23,26]|V[2,3,4,7,11,12,13,15,16,18]",3fc190159d15e18425c2020252999b0a3b8f8c3f
proposed_nsga2_bs_demo_layout_door_left_AW_2_seed_128,proposed_nsga2_bs,demo_layout_door_left_AW_2,128,6,auto_from_instance,10,15,3,28,150,,,,,15,7,10,root > V:11 > BH:13 > BV:5 > BV:5 > BH:22 > BH:14 > BH:5 > BH:10 > BH:18 > BV:16,evaluated,3,inf,False,294,167,127,91.0,1.0,1.0,True,True,1,1,0,True,3,1,0,0,True,True,0,17,8,17,8,7,SS,sampled_pool,,,True,0.4666666666666667,0.5641718574502083,0.5333333333333333,0.1,adaptive,break_symmetry,offspring,feasible_start_adaptive_spacing,,,,feasible_start_adaptive_spacing,0.5,,True,auto_from_instance,0.75,0.35,"1,3,4,5,6,7,9,10,11,13,14,15,19,21,24","1,3,4,5,6,11,14,16",,,,,,"H[1,3,4,5,6,7,9,10,11,13,14,15,18,19,21,22,24]|V[1,3,4,5,6,11,14,16]",57a34fd8947d6fe9f4b48efa686d979ecdb1280d
proposed_nsga2_bs_demo_layout_door_left_AW_2_seed_128,proposed_nsga2_bs,demo_layout_door_left_AW_2,128,6,auto_from_instance,10,15,3,28,150,,,,,16,7,10,root > V:11 > BH:13 > BV:5 > BV:5 > BH:22 > BH:13 > BH:5 > BH:18 > BH:9 > BV:16,evaluated,3,0.0,False,294,167,127,91.0,1.0,1.0,True,True,1,1,0,True,3,1,0,0,True,True,0,17,8,17,8,7,SS,sampled_pool,,,True,0.4666666666666667,0.5641718574502083,0.5333333333333333,0.1,adaptive,break_symmetry,offspring,feasible_start_adaptive_spacing,,,,feasible_start_adaptive_spacing,0.5,,True,auto_from_instance,0.75,0.35,"1,3,4,5,6,7,9,10,11,13,14,15,19,21,24","1,3,4,5,6,11,14,16",,,,,,"H[1,3,4,5,6,7,9,10,11,13,14,15,18,19,21,22,24]|V[1,3,4,5,6,11,14,16]",d4829d7f54b6ab3fbbdcfb2cc9c753af6bc4519f
proposed_nsga2_bs_demo_layout_door_left_AW_2_seed_128,proposed_nsga2_bs,demo_layout_door_left_AW_2,128,6,auto_from_instance,10,15,3,28,150,,,,,17,7,10,root > V:11 > BH:13 > BV:5 > BV:5 > BH:22 > BH:13 > BH:5 > BH:17 > BH:9 > BV:16,evaluated,3,inf,False,294,167,127,91.0,1.0,1.0,True,True,1,1,0,True,3,1,0,0,True,True,0,17,8,17,8,7,SS,sampled_pool,,,True,0.4666666666666667,0.5641718574502083,0.5333333333333333,0.1,adaptive,break_symmetry,offspring,feasible_start_adaptive_spacing,,,,feasible_start_adaptive_spacing,0.5,,True,auto_from_instance,0.75,0.35,"1,3,4,5,6,7,9,10,11,13,14,15,19,21,24","1,3,4,5,6,11,14,16",,,,,,"H[1,3,4,5,6,7,9,10,11,13,14,15,17,19,21,22,24]|V[1,3,4,5,6,11,14,16]",e69ffa61eb0514ae25176e253684619ed8177e06
proposed_nsga2_bs_demo_layout_door_left_AW_2_seed_128,proposed_nsga2_bs,demo_layout_door_left_AW_2,128,6,auto_from_instance,10,15,3,28,150,,,,,18,8,10,root > V:11 > BH:13 > BV:5 > BV:5 > BH:23 > BH:14 > BH:5 > BH:19 > BH:10 > BV:16,selected,2,inf,True,294,167,127,77.0,1.0,1.0,True,True,1,1,0,True,3,1,0,0,True,True,0,15,8,15,8,8,SS_PF_LS,sampled_pool,,,True,0.4666666666666667,0.4483768843644946,0.5333333333333333,0.1,adaptive,break_symmetry,offspring,feasible_start_adaptive_spacing,,,,feasible_start_adaptive_spacing,0.5,,True,auto_from_instance,0.75,0.35,"1,3,4,5,6,8,10,11,13,14,15,18,19,21,23","1,3,4,5,6,11,14,16",,,,,,"H[1,3,4,5,6,8,10,11,13,14,15,18,19,21,23]|V[1,3,4,5,6,11,14,16]",818684e74381d8c1c9a87885321cdb4d792713f0
proposed_nsga2_bs_demo_layout_door_left_AW_2_seed_128,proposed_nsga2_bs,demo_layout_door_left_AW_2,128,6,auto_from_instance,10,15,3,28,150,,,,,19,8,10,root > V:11 > BH:13 > BV:5 > BV:5 > BH:23 > BH:14 > BH:5 > BH:18 > BH:10 > BV:16,evaluated,2,0.0,False,294,167,127,77.0,1.0,1.0,True,True,1,1,0,True,3,1,0,0,True,True,0,15,8,15,8,8,SS_PF_LS,sampled_pool,,,True,0.4666666666666667,0.4483768843644946,0.5333333333333333,0.1,adaptive,break_symmetry,offspring,feasible_start_adaptive_spacing,,,,feasible_start_adaptive_spacing,0.5,,True,auto_from_instance,0.75,0.35,"1,3,4,5,6,8,10,11,13,14,15,18,19,21,23","1,3,4,5,6,11,14,16",,,,,,"H[1,3,4,5,6,8,10,11,13,14,15,18,19,21,23]|V[1,3,4,5,6,11,14,16]",e44fe3efc3f9960c4319ac4828cd0911b65b0d33
proposed_nsga2_bs_demo_layout_door_left_AW_2_seed_128,proposed_nsga2_bs,demo_layout_door_left_AW_2,128,6,auto_from_instance,10,15,3,28,150,,,,,20,8,10,root > V:11 > BH:13 > BV:5 > BV:5 > BH:23 > BH:14 > BH:5 > BH:19 > BH:9 > BV:16,selected,2,inf,True,294,167,127,77.0,1.0,1.0,True,True,1,1,0,True,3,1,0,0,True,True,0,16,8,16,8,8,SS_PF_LS,sampled_pool,,,True,0.4666666666666667,0.4483768843644946,0.5333333333333333,0.1,adaptive,break_symmetry,offspring,feasible_start_adaptive_spacing,,,,feasible_start_adaptive_spacing,0.5,,True,auto_from_instance,0.75,0.35,"1,3,4,5,6,8,10,11,13,14,15,18,19,21,23","1,3,4,5,6,11,14,16",,,,,,"H[1,3,4,5,6,8,9,10,11,13,14,15,18,19,21,23]|V[1,3,4,5,6,11,14,16]",8e0973e20412c51bf688336cd1d40d40a8a34d32
proposed_nsga2_bs_demo_layout_door_left_AW_2_seed_128,proposed_nsga2_bs,demo_layout_door_left_AW_2,128,7,auto_from_instance,10,15,3,28,150,,,,,1,1,10,root > V:12 > BH:13 > BV:7 > BV:7 > BV:3 > BV:3 > BH:23 > BH:19 > BH:15 > BH:11,selected,1,inf,True,274,194,80,280.0,1.0,1.0,True,True,1,1,0,True,3,1,0,0,True,True,0,15,10,15,10,1,PF_RP,sampled_pool,,,False,0.5333333333333333,0.5609968756010282,0.4666666666666667,0.1,adaptive,break_symmetry,offspring,feasible_start_adaptive_spacing,,,,feasible_start_adaptive_spacing,0.5,,True,auto_from_instance,0.75,0.35,"1,3,4,5,6,7,9,11,13,14,15,17,21,23","1,3,4,5,6,7,11,12,15,17",,,,,,"H[1,3,4,5,6,7,9,11,13,14,15,17,19,21,23]|V[1,3,4,5,6,7,11,12,15,17]",bdfca70a8c818bb19067e89832a1fa058704500a
proposed_nsga2_bs_demo_layout_door_left_AW_2_seed_128,proposed_nsga2_bs,demo_layout_door_left_AW_2,128,7,auto_from_instance,10,15,3,28,150,,,,,2,1,10,root > V:12 > BH:13 > BV:7 > BV:7 > BV:3 > BV:3 > BH:3 > BH:7 > BH:11 > BH:15,selected,1,inf,True,274,194,80,280.0,1.0,1.0,True,True,1,1,0,True,3,1,0,0,True,True,0,14,10,14,10,1,PF_RP,sampled_pool,,,False,0.5333333333333333,0.5609968756010282,0.4666666666666667,0.1,adaptive,break_symmetry,offspring,feasible_start_adaptive_spacing,,,,feasible_start_adaptive_spacing,0.5,,True,auto_from_instance,0.75,0.35,"1,3,4,5,6,7,9,11,13,14,15,17,21,23","1,3,4,5,6,7,11,12,15,17",,,,,,"H[1,3,4,5,6,7,9,11,13,14,15,17,21,23]|V[1,3,4,5,6,7,11,12,15,17]",292e4a0811453f298c64fb7dbcde651097d2db94
proposed_nsga2_bs_demo_layout_door_left_AW_2_seed_128,proposed_nsga2_bs,demo_layout_door_left_AW_2,128,7,auto_from_instance,10,15,3,28,150,,,,,3,1,10,root > V:12 > BH:13 > BV:7 > BV:7 > BV:3 > BV:3 > BH:23 > BH:19 > BH:15 > BH:10,selected,1,3.0,True,274,193,81,261.0,1.0,1.0,True,True,1,1,0,True,3,1,0,0,True,True,0,16,10,16,10,1,PF_RP,sampled_pool,,,False,0.5333333333333333,0.5609968756010282,0.4666666666666667,0.1,adaptive,break_symmetry,offspring,feasible_start_adaptive_spacing,,,,feasible_start_adaptive_spacing,0.5,,True,auto_from_instance,0.75,0.35,"1,3,4,5,6,7,9,11,13,14,15,17,21,23","1,3,4,5,6,7,11,12,15,17",,,,,,"H[1,3,4,5,6,7,9,10,11,13,14,15,17,19,21,23]|V[1,3,4,5,6,7,11,12,15,17]",2d45a8cf9f4b3046e1a6b7ef68e4854df3ece1d8
proposed_nsga2_bs_demo_layout_door_left_AW_2_seed_128,proposed_nsga2_bs,demo_layout_door_left_AW_2,128,7,auto_from_instance,10,15,3,28,150,,,,,4,2,10,root > V:12 > BH:13 > BV:7 > BV:7 > BV:3 > BH:3 > BH:11 > BH:19 > BH:23 > BV:3,selected,2,inf,True,274,190,84,84.0,1.0,1.0,True,True,1,1,0,True,3,1,0,0,True,True,0,15,11,15,11,2,SS,sampled_pool,,,True,0.5333333333333333,0.6479385539351397,0.4666666666666667,0.1,adaptive,bit_flip,offspring,feasible_start_adaptive_spacing,,,,feasible_start_adaptive_spacing,0.5,,True,auto_from_instance,0.75,0.35,"1,3,4,6,7,9,10,11,13,15,17,21,23,26","1,2,3,4,7,10,11,12,15,16,20",,,,,,"H[1,3,4,6,7,9,10,11,13,15,17,19,21,23,26]|V[1,2,3,4,7,10,11,12,15,16,20]",fe34af464b94b6eeb877801f6987224a9fdb2c58
proposed_nsga2_bs_demo_layout_door_left_AW_2_seed_128,proposed_nsga2_bs,demo_layout_door_left_AW_2,128,7,auto_from_instance,10,15,3,28,150,,,,,5,2,10,root > V:12 > BH:13 > BV:7 > BV:7 > BV:3 > BH:3 > BH:11 > BH:19 > BV:16 > BV:3,selected,2,0.0,True,274,190,84,84.0,1.0,1.0,True,True,1,1,0,True,3,1,0,0,True,True,0,15,11,15,11,2,SS,sampled_pool,,,True,0.5333333333333333,0.6479385539351397,0.4666666666666667,0.1,adaptive,bit_flip,offspring,feasible_start_adaptive_spacing,,,,feasible_start_adaptive_spacing,0.5,,True,auto_from_instance,0.75,0.35,"1,3,4,6,7,9,10,11,13,15,17,21,23,26","1,2,3,4,7,10,11,12,15,16,20",,,,,,"H[1,3,4,6,7,9,10,11,13,15,17,19,21,23,26]|V[1,2,3,4,7,10,11,12,15,16,20]",fc5fbe7471b89ec604b94acbce8f3e3ea5eec918
proposed_nsga2_bs_demo_layout_door_left_AW_2_seed_128,proposed_nsga2_bs,demo_layout_door_left_AW_2,128,7,auto_from_instance,10,15,3,28,150,,,,,6,2,10,root > V:12 > BH:13 > BV:7 > BV:7 > BV:3 > BH:23 > BH:15 > BH:7 > BH:3 > BV:3,selected,2,inf,True,274,190,84,84.0,1.0,1.0,True,True,1,1,0,True,3,1,0,0,True,True,0,14,11,14,11,2,SS,sampled_pool,,,True,0.5333333333333333,0.6479385539351397,0.4666666666666667,0.1,adaptive,bit_flip,offspring,feasible_start_adaptive_spacing,,,,feasible_start_adaptive_spacing,0.5,,True,auto_from_instance,0.75,0.35,"1,3,4,6,7,9,10,11,13,15,17,21,23,26","1,2,3,4,7,10,11,12,15,16,20",,,,,,"H[1,3,4,6,7,9,10,11,13,15,17,21,23,26]|V[1,2,3,4,7,10,11,12,15,16,20]",c66307ed8e2b4bdfb2f95b0fd9008c90d1b24954
proposed_nsga2_bs_demo_layout_door_left_AW_2_seed_128,proposed_nsga2_bs,demo_layout_door_left_AW_2,128,7,auto_from_instance,10,15,3,28,150,,,,,7,3,8,root > V:16 > BH:13 > BV:12 > BV:12 > BV:7 > BV:3 > BV:7 > BV:3,selected,0,inf,True,266,216,50,50.0,1.0,1.0,True,True,1,1,0,True,3,1,0,0,True,True,0,11,10,11,10,3,PF,sampled_pool,,,False,0.5333333333333333,0.46924043964643736,0.4666666666666667,0.1,adaptive,remove_random_aisle,offspring,feasible_start_adaptive_spacing,,,,feasible_start_adaptive_spacing,0.5,,True,auto_from_instance,0.75,0.35,"1,3,4,6,9,11,13,15,17,21,23","1,3,4,5,6,7,11,14,16",,,,,,"H[1,3,4,6,9,11,13,15,17,21,23]|V[1,3,4,5,6,7,11,12,14,16]",63c9c1384eb0d63f6756e5f6c6567bc893aa1bf9
proposed_nsga2_bs_demo_layout_door_left_AW_2_seed_128,proposed_nsga2_bs,demo_layout_door_left_AW_2,128,7,auto_from_instance,10,15,3,28,150,,,,,8,6,10,root > V:12 > BH:13 > BV:7 > BV:7 > BV:3 > BV:3 > BH:23 > BH:17 > BH:11 > BH:3,selected,1,inf,True,274,190,84,72.0,1.0,1.0,True,True,1,1,0,True,3,1,0,0,True,True,0,14,12,14,12,6,SS_LS_PF,sampled_pool,,,True,0.5333333333333333,0.4989550779004143,0.4666666666666667,0.1,adaptive,bit_flip,offspring,feasible_start_adaptive_spacing,,,,feasible_start_adaptive_spacing,0.5,,True,auto_from_instance,0.75,0.35,"1,3,4,6,7,9,11,13,15,19,21,23,25","1,3,4,5,6,7,8,11,12,15,17,20",,,,,,"H[1,3,4,6,7,9,11,13,15,17,19,21,23,25]|V[1,3,4,5,6,7,8,11,12,15,17,20]",8750b3bc29a30de27abd833d74949276f45e38f1
proposed_nsga2_bs_demo_layout_door_left_AW_2_seed_128,proposed_nsga2_bs,demo_layout_door_left_AW_2,128,7,auto_from_instance,10,15,3,28,150,,,,,9,6,10,root > V:12 > BH:13 > BV:7 > BV:7 > BV:3 > BV:3 > BH:23 > BH:17 > BH:9 > BH:3,selected,1,0.0,True,274,190,84,72.0,1.0,1.0,True,True,1,1,0,True,3,1,0,0,True,True,0,14,12,14,12,6,SS_LS_PF,sampled_pool,,,True,0.5333333333333333,0.4989550779004143,0.4666666666666667,0.1,adaptive,bit_flip,offspring,feasible_start_adaptive_spacing,,,,feasible_start_adaptive_spacing,0.5,,True,auto_from_instance,0.75,0.35,"1,3,4,6,7,9,11,13,15,19,21,23,25","1,3,4,5,6,7,8,11,12,15,17,20",,,,,,"H[1,3,4,6,7,9,11,13,15,17,19,21,23,25]|V[1,3,4,5,6,7,8,11,12,15,17,20]",f7f8586c59236ce36ce83191867c80d0f614a6ff
proposed_nsga2_bs_demo_layout_door_left_AW_2_seed_128,proposed_nsga2_bs,demo_layout_door_left_AW_2,128,7,auto_from_instance,10,15,3,28,150,,,,,10,6,10,root > V:12 > BH:13 > BV:7 > BV:7 > BV:3 > BV:3 > BH:23 > BH:15 > BH:9 > BH:3,selected,1,inf,True,274,190,84,72.0,1.0,1.0,True,True,1,1,0,True,3,1,0,0,True,True,0,13,12,13,12,6,SS_LS_PF,sampled_pool,,,True,0.5333333333333333,0.4989550779004143,0.4666666666666667,0.1,adaptive,bit_flip,offspring,feasible_start_adaptive_spacing,,,,feasible_start_adaptive_spacing,0.5,,True,auto_from_instance,0.75,0.35,"1,3,4,6,7,9,11,13,15,19,21,23,25","1,3,4,5,6,7,8,11,12,15,17,20",,,,,,"H[1,3,4,6,7,9,11,13,15,19,21,23,25]|V[1,3,4,5,6,7,8,11,12,15,17,20]",1a4a05f08e4f8559d62e4fcb7f39660a002c95ab
proposed_nsga2_bs_demo_layout_door_left_AW_2_seed_128,proposed_nsga2_bs,demo_layout_door_left_AW_2,128,8,auto_from_instance,10,15,3,28,150,,,,,1,1,10,root > V:12 > BH:13 > BV:7 > BV:3 > BV:7 > BV:3 > BH:23 > BH:19 > BH:15 > BH:11,selected,1,inf,True,274,194,80,280.0,1.0,1.0,True,True,1,1,0,True,3,1,0,0,True,True,0,15,12,15,12,1,LS_PF,sampled_pool,,,False,0.6,0.5408069011339234,0.4,0.1,adaptive,spacing_aware_flip,offspring,feasible_start_adaptive_spacing,,,,feasible_start_adaptive_spacing,0.5,,True,auto_from_instance,0.75,0.35,"1,3,4,6,7,9,11,13,15,17,19,21,23,25,27","1,3,4,5,6,7,8,11,12,15,17,20",,,,,,"H[1,3,4,6,7,9,11,13,15,17,19,21,23,25,27]|V[1,3,4,5,6,7,8,11,12,15,17,20]",bdfca70a8c818bb19067e89832a1fa058704500a
proposed_nsga2_bs_demo_layout_door_left_AW_2_seed_128,proposed_nsga2_bs,demo_layout_door_left_AW_2,128,8,auto_from_instance,10,15,3,28,150,,,,,2,1,10,root > V:12 > BH:13 > BV:7 > BV:3 > BV:7 > BV:3 > BH:3 > BH:7 > BH:11 > BH:15,selected,1,inf,True,274,194,80,280.0,1.0,1.0,True,True,1,1,0,True,3,1,0,0,True,True,0,15,12,15,12,1,LS_PF,sampled_pool,,,False,0.6,0.5408069011339234,0.4,0.1,adaptive,spacing_aware_flip,offspring,feasible_start_adaptive_spacing,,,,feasible_start_adaptive_spacing,0.5,,True,auto_from_instance,0.75,0.35,"1,3,4,6,7,9,11,13,15,17,19,21,23,25,27","1,3,4,5,6,7,8,11,12,15,17,20",,,,,,"H[1,3,4,6,7,9,11,13,15,17,19,21,23,25,27]|V[1,3,4,5,6,7,8,11,12,15,17,20]",292e4a0811453f298c64fb7dbcde651097d2db94
proposed_nsga2_bs_demo_layout_door_left_AW_2_seed_128,proposed_nsga2_bs,demo_layout_door_left_AW_2,128,8,auto_from_instance,10,15,3,28,150,,,,,3,1,10,root > V:12 > BH:13 > BV:7 > BV:3 > BV:7 > BV:3 > BH:23 > BH:19 > BH:15 > BH:10,selected,1,3.0,True,274,193,81,261.0,1.0,1.0,True,True,1,1,0,True,3,1,0,0,True,True,0,16,12,16,12,1,LS_PF,sampled_pool,,,False,0.6,0.5408069011339234,0.4,0.1,adaptive,spacing_aware_flip,offspring,feasible_start_adaptive_spacing,,,,feasible_start_adaptive_spacing,0.5,,True,auto_from_instance,0.75,0.35,"1,3,4,6,7,9,11,13,15,17,19,21,23,25,27","1,3,4,5,6,7,8,11,12,15,17,20",,,,,,"H[1,3,4,6,7,9,10,11,13,15,17,19,21,23,25,27]|V[1,3,4,5,6,7,8,11,12,15,17,20]",2d45a8cf9f4b3046e1a6b7ef68e4854df3ece1d8
proposed_nsga2_bs_demo_layout_door_left_AW_2_seed_128,proposed_nsga2_bs,demo_layout_door_left_AW_2,128,8,auto_from_instance,10,15,3,28,150,,,,,4,5,10,root > V:12 > BH:13 > BV:7 > BV:7 > BV:3 > BH:23 > BH:17 > BH:9 > BH:3 > BV:3,selected,1,inf,True,274,190,84,72.0,1.0,1.0,True,True,1,1,0,True,3,1,0,0,True,True,0,14,10,14,10,5,SS_LS_PF,sampled_pool,,,True,0.6,0.5949097141829884,0.4,0.1,adaptive,remove_random_aisle,offspring,feasible_start_adaptive_spacing,,,,feasible_start_adaptive_spacing,0.5,,True,auto_from_instance,0.75,0.35,"1,3,4,5,6,7,9,11,13,15,17,19,21,23","1,3,4,5,6,11,12,15,17",,,,,,"H[1,3,4,5,6,7,9,11,13,15,17,19,21,23]|V[1,3,4,5,6,7,11,12,15,17]",f7f8586c59236ce36ce83191867c80d0f614a6ff
proposed_nsga2_bs_demo_layout_door_left_AW_2_seed_128,proposed_nsga2_bs,demo_layout_door_left_AW_2,128,8,auto_from_instance,10,15,3,28,150,,,,,5,5,10,root > V:12 > BH:13 > BV:7 > BV:7 > BV:3 > BH:3 > BH:11 > BH:19 > BH:23 > BV:3,selected,2,inf,True,274,190,84,84.0,1.0,1.0,True,True,1,1,0,True,3,1,0,0,True,True,0,14,10,14,10,5,SS_LS_PF,sampled_pool,,,True,0.6,0.5949097141829884,0.4,0.1,adaptive,remove_random_aisle,offspring,feasible_start_adaptive_spacing,,,,feasible_start_adaptive_spacing,0.5,,True,auto_from_instance,0.75,0.35,"1,3,4,5,6,7,9,11,13,15,17,19,21,23","1,3,4,5,6,11,12,15,17",,,,,,"H[1,3,4,5,6,7,9,11,13,15,17,19,21,23]|V[1,3,4,5,6,7,11,12,15,17]",fe34af464b94b6eeb877801f6987224a9fdb2c58
proposed_nsga2_bs_demo_layout_door_left_AW_2_seed_128,proposed_nsga2_bs,demo_layout_door_left_AW_2,128,8,auto_from_instance,10,15,3,28,150,,,,,6,5,10,root > V:12 > BH:13 > BV:7 > BV:7 > BV:3 > BH:3 > BH:11 > BH:19 > BV:16 > BV:3,selected,2,inf,True,274,190,84,84.0,1.0,1.0,True,True,1,1,0,True,3,1,0,0,True,True,0,14,11,14,11,5,SS_LS_PF,sampled_pool,,,True,0.6,0.5949097141829884,0.4,0.1,adaptive,remove_random_aisle,offspring,feasible_start_adaptive_spacing,,,,feasible_start_adaptive_spacing,0.5,,True,auto_from_instance,0.75,0.35,"1,3,4,5,6,7,9,11,13,15,17,19,21,23","1,3,4,5,6,11,12,15,17",,,,,,"H[1,3,4,5,6,7,9,11,13,15,17,19,21,23]|V[1,3,4,5,6,7,11,12,15,16,17]",fc5fbe7471b89ec604b94acbce8f3e3ea5eec918
proposed_nsga2_bs_demo_layout_door_left_AW_2_seed_128,proposed_nsga2_bs,demo_layout_door_left_AW_2,128,8,auto_from_instance,10,15,3,28,150,,,,,7,6,8,root > V:16 > BH:13 > BV:12 > BV:12 > BV:7 > BV:3 > BV:7 > BV:3,selected,0,inf,True,266,216,50,50.0,1.0,1.0,True,True,1,1,0,True,3,1,0,0,True,True,0,15,12,15,12,6,LS,sampled_pool,,,False,0.6,0.5944810901696602,0.4,0.1,adaptive,spacing_aware_flip,offspring,feasible_start_adaptive_spacing,,,,feasible_start_adaptive_spacing,0.5,,True,auto_from_instance,0.75,0.35,"1,3,4,6,7,9,10,11,13,14,15,17,21,23,26","1,2,3,4,7,10,11,12,15,16,18,20",,,,,,"H[1,3,4,6,7,9,10,11,13,14,15,17,21,23,26]|V[1,2,3,4,7,10,11,12,15,16,18,20]",63c9c1384eb0d63f6756e5f6c6567bc893aa1bf9
proposed_nsga2_bs_demo_layout_door_left_AW_2_seed_128,proposed_nsga2_bs,demo_layout_door_left_AW_2,128,8,auto_from_instance,10,15,3,28,150,,,,,8,7,10,root > V:11 > BH:13 > BV:5 > BV:5 > BH:22 > BH:14 > BH:6 > BV:16 > BH:18 > BH:10,selected,3,inf,True,292,170,122,86.0,1.0,1.0,True,True,1,1,0,True,3,1,0,0,True,True,0,17,11,17,11,7,SS_PF_LS,sampled_pool,,,True,0.6,0.5807477771077765,0.4,0.1,adaptive,remove_random_aisle,offspring,feasible_start_adaptive_spacing,,,,feasible_start_adaptive_spacing,0.5,,True,auto_from_instance,0.75,0.35,"1,3,4,5,6,7,9,11,13,15,17,21,23","1,3,4,5,6,7,8,11,15,17",,,,,,"H[1,3,4,5,6,7,9,10,11,13,14,15,17,18,21,22,23]|V[1,3,4,5,6,7,8,11,15,16,17]",3fb89dc0430cbc1011a1be7295f2f79b51eac9a0
proposed_nsga2_bs_demo_layout_door_left_AW_2_seed_128,proposed_nsga2_bs,demo_layout_door_left_AW_2,128,8,auto_from_instance,10,15,3,28,150,,,,,9,7,10,root > V:11 > BH:13 > BV:5 > BV:5 > BH:22 > BH:14 > BH:6 > BV:15 > BH:18 > BH:10,selected,4,inf,True,292,170,122,96.0,1.0,1.0,True,True,1,1,0,True,3,1,0,0,True,True,0,17,10,17,10,7,SS_PF_LS,sampled_pool,,,True,0.6,0.5807477771077765,0.4,0.1,adaptive,remove_random_aisle,offspring,feasible_start_adaptive_spacing,,,,feasible_start_adaptive_spacing,0.5,,True,auto_from_instance,0.75,0.35,"1,3,4,5,6,7,9,11,13,15,17,21,23","1,3,4,5,6,7,8,11,15,17",,,,,,"H[1,3,4,5,6,7,9,10,11,13,14,15,17,18,21,22,23]|V[1,3,4,5,6,7,8,11,15,17]",3782e81a27eab87c3c1c214e30820cc70343e7fe
proposed_nsga2_bs_demo_layout_door_left_AW_2_seed_128,proposed_nsga2_bs,demo_layout_door_left_AW_2,128,8,auto_from_instance,10,15,3,28,150,,,,,10,8,10,root > V:12 > BH:13 > BV:7 > BV:7 > BH:22 > BH:14 > BH:6 > BV:18 > BV:3 > BV:3,selected,3,inf,True,276,182,94,101.0,1.0,1.0,True,True,1,1,0,True,3,1,0,0,True,True,0,14,12,14,12,8,RP,sampled_pool,,,False,0.6,0.5986184060361124,0.4,0.1,adaptive,remove_random_aisle,offspring,feasible_start_adaptive_spacing,,,,feasible_start_adaptive_spacing,0.5,,True,auto_from_instance,0.75,0.35,"1,3,6,7,9,11,13,14,15,19,21,23,25","1,3,4,5,6,7,11,12,15,17,20",,,,,,"H[1,3,6,7,9,11,13,14,15,19,21,22,23,25]|V[1,3,4,5,6,7,11,12,15,17,18,20]",fe08640d69585d94eea9e066a931c0fc7c782527
proposed_nsga2_bs_demo_layout_door_left_AW_2_seed_128,proposed_nsga2_bs,demo_layout_door_left_AW_2,128,8,auto_from_instance,10,15,3,28,150,,,,,11,8,10,root > V:12 > BH:13 > BV:7 > BV:7 > BH:22 > BH:14 > BH:6 > BV:18 > BV:3 > BH:18,evaluated,4,inf,False,288,170,118,125.0,1.0,1.0,True,True,1,1,0,True,3,1,0,0,True,True,0,15,12,15,12,8,RP,sampled_pool,,,False,0.6,0.5986184060361124,0.4,0.1,adaptive,remove_random_aisle,offspring,feasible_start_adaptive_spacing,,,,feasible_start_adaptive_spacing,0.5,,True,auto_from_instance,0.75,0.35,"1,3,6,7,9,11,13,14,15,19,21,23,25","1,3,4,5,6,7,11,12,15,17,20",,,,,,"H[1,3,6,7,9,11,13,14,15,18,19,21,22,23,25]|V[1,3,4,5,6,7,11,12,15,17,18,20]",9e20420f997f6dd916da6ef7f092c976b7f01d9e
proposed_nsga2_bs_demo_layout_door_left_AW_2_seed_128,proposed_nsga2_bs,demo_layout_door_left_AW_2,128,8,auto_from_instance,10,15,3,28,150,,,,,12,8,10,root > V:12 > BH:13 > BV:7 > BV:7 > BH:22 > BH:14 > BH:6 > BV:18 > BV:3 > BH:10,evaluated,4,inf,False,288,170,118,125.0,1.0,1.0,True,True,1,1,0,True,3,1,0,0,True,True,0,15,12,15,12,8,RP,sampled_pool,,,False,0.6,0.5986184060361124,0.4,0.1,adaptive,remove_random_aisle,offspring,feasible_start_adaptive_spacing,,,,feasible_start_adaptive_spacing,0.5,,True,auto_from_instance,0.75,0.35,"1,3,6,7,9,11,13,14,15,19,21,23,25","1,3,4,5,6,7,11,12,15,17,20",,,,,,"H[1,3,6,7,9,10,11,13,14,15,19,21,22,23,25]|V[1,3,4,5,6,7,11,12,15,17,18,20]",e08793ecc92621c0dca40d653247b92390eb03af
proposed_nsga2_bs_demo_layout_door_left_AW_2_seed_128,proposed_nsga2_bs,demo_layout_door_left_AW_2,128,9,auto_from_instance,10,15,3,28,150,,,,,1,1,10,root > V:12 > BH:13 > BV:7 > BV:7 > BH:22 > BH:14 > BH:6 > BV:16 > BH:18 > BV:3,selected,1,inf,True,288,175,113,125.0,1.0,1.0,True,True,1,1,0,True,3,1,0,0,True,True,0,19,12,19,12,1,SS_PF_LS,sampled_pool,,,True,0.6666666666666666,0.6900922893966429,0.33333333333333337,0.1,adaptive,break_symmetry,offspring,feasible_start_adaptive_spacing,,,,feasible_start_adaptive_spacing,0.5,,True,auto_from_instance,0.75,0.35,"1,3,4,6,7,9,10,11,13,15,17,19,21,23,25,27","1,3,4,5,6,7,8,11,12,15,16,20",,,,,,"H[1,3,4,6,7,9,10,11,13,14,15,17,18,19,21,22,23,25,27]|V[1,3,4,5,6,7,8,11,12,15,16,20]",1647d89a1005ff3dd8c622d58b01fa251417ca23
proposed_nsga2_bs_demo_layout_door_left_AW_2_seed_128,proposed_nsga2_bs,demo_layout_door_left_AW_2,128,9,auto_from_instance,10,15,3,28,150,,,,,2,1,10,root > V:12 > BH:13 > BV:7 > BV:7 > BH:22 > BH:14 > BH:6 > BV:16 > BH:18 > BV:3,evaluated,1,0.0,False,288,175,113,125.0,1.0,1.0,True,True,1,1,0,True,3,1,0,0,True,True,0,19,12,19,12,1,SS_PF_LS,sampled_pool,,,True,0.6666666666666666,0.6900922893966429,0.33333333333333337,0.1,adaptive,break_symmetry,offspring,feasible_start_adaptive_spacing,,,,feasible_start_adaptive_spacing,0.5,,True,auto_from_instance,0.75,0.35,"1,3,4,6,7,9,10,11,13,15,17,19,21,23,25,27","1,3,4,5,6,7,8,11,12,15,16,20",,,,,,"H[1,3,4,6,7,9,10,11,13,14,15,17,18,19,21,22,23,25,27]|V[1,3,4,5,6,7,8,11,12,15,16,20]",64292f81529798904b20a75ccc4f08d237032440
proposed_nsga2_bs_demo_layout_door_left_AW_2_seed_128,proposed_nsga2_bs,demo_layout_door_left_AW_2,128,9,auto_from_instance,10,15,3,28,150,,,,,3,1,10,root > V:12 > BH:13 > BV:6 > BV:7 > BH:22 > BH:14 > BH:6 > BV:16 > BH:18 > BV:3,selected,1,inf,True,288,175,113,125.0,1.0,1.0,True,True,1,1,0,True,3,1,0,0,True,True,0,19,12,19,12,1,SS_PF_LS,sampled_pool,,,True,0.6666666666666666,0.6900922893966429,0.33333333333333337,0.1,adaptive,break_symmetry,offspring,feasible_start_adaptive_spacing,,,,feasible_start_adaptive_spacing,0.5,,True,auto_from_instance,0.75,0.35,"1,3,4,6,7,9,10,11,13,15,17,19,21,23,25,27","1,3,4,5,6,7,8,11,12,15,16,20",,,,,,"H[1,3,4,6,7,9,10,11,13,14,15,17,18,19,21,22,23,25,27]|V[1,3,4,5,6,7,8,11,12,15,16,20]",0217a0415c95d24b31bd94c6f0cbdf8047007f60
proposed_nsga2_bs_demo_layout_door_left_AW_2_seed_128,proposed_nsga2_bs,demo_layout_door_left_AW_2,128,9,auto_from_instance,10,15,3,28,150,,,,,4,2,10,root > V:12 > BH:13 > BV:7 > BV:3 > BV:7 > BV:3 > BH:23 > BH:19 > BH:15 > BH:11,selected,0,inf,True,274,194,80,280.0,1.0,1.0,True,True,1,1,0,True,3,1,0,0,True,True,0,15,13,15,13,2,PF,sampled_pool,,,False,0.6666666666666666,0.7193015582777983,0.33333333333333337,0.1,adaptive,bit_flip,offspring,feasible_start_adaptive_spacing,,,,feasible_start_adaptive_spacing,0.5,,True,auto_from_instance,0.75,0.35,"1,3,4,6,7,9,11,13,15,17,19,21,23,25,27","1,2,3,4,5,6,7,8,11,12,15,17,20",,,,,,"H[1,3,4,6,7,9,11,13,15,17,19,21,23,25,27]|V[1,2,3,4,5,6,7,8,11,12,15,17,20]",bdfca70a8c818bb19067e89832a1fa058704500a
proposed_nsga2_bs_demo_layout_door_left_AW_2_seed_128,proposed_nsga2_bs,demo_layout_door_left_AW_2,128,9,auto_from_instance,10,15,3,28,150,,,,,5,2,10,root > V:12 > BH:13 > BV:7 > BV:3 > BV:7 > BV:3 > BH:3 > BH:7 > BH:11 > BH:15,selected,0,inf,True,274,194,80,280.0,1.0,1.0,True,True,1,1,0,True,3,1,0,0,True,True,0,15,13,15,13,2,PF,sampled_pool,,,False,0.6666666666666666,0.7193015582777983,0.33333333333333337,0.1,adaptive,bit_flip,offspring,feasible_start_adaptive_spacing,,,,feasible_start_adaptive_spacing,0.5,,True,auto_from_instance,0.75,0.35,"1,3,4,6,7,9,11,13,15,17,19,21,23,25,27","1,2,3,4,5,6,7,8,11,12,15,17,20",,,,,,"H[1,3,4,6,7,9,11,13,15,17,19,21,23,25,27]|V[1,2,3,4,5,6,7,8,11,12,15,17,20]",292e4a0811453f298c64fb7dbcde651097d2db94
proposed_nsga2_bs_demo_layout_door_left_AW_2_seed_128,proposed_nsga2_bs,demo_layout_door_left_AW_2,128,9,auto_from_instance,10,15,3,28,150,,,,,6,2,10,root > V:12 > BH:13 > BV:7 > BV:3 > BV:7 > BV:3 > BH:23 > BH:19 > BH:15 > BH:10,selected,0,1.919435215946844,True,274,193,81,261.0,1.0,1.0,True,True,1,1,0,True,3,1,0,0,True,True,0,16,13,16,13,2,PF,sampled_pool,,,False,0.6666666666666666,0.7193015582777983,0.33333333333333337,0.1,adaptive,bit_flip,offspring,feasible_start_adaptive_spacing,,,,feasible_start_adaptive_spacing,0.5,,True,auto_from_instance,0.75,0.35,"1,3,4,6,7,9,11,13,15,17,19,21,23,25,27","1,2,3,4,5,6,7,8,11,12,15,17,20",,,,,,"H[1,3,4,6,7,9,10,11,13,15,17,19,21,23,25,27]|V[1,2,3,4,5,6,7,8,11,12,15,17,20]",2d45a8cf9f4b3046e1a6b7ef68e4854df3ece1d8
proposed_nsga2_bs_demo_layout_door_left_AW_2_seed_128,proposed_nsga2_bs,demo_layout_door_left_AW_2,128,9,auto_from_instance,10,15,3,28,150,,,,,7,3,10,root > V:12 > BH:13 > BV:7 > BV:7 > BH:23 > BH:15 > BH:7 > BH:3 > BH:19 > BV:3,selected,0,inf,True,286,178,108,108.0,1.0,1.0,True,True,1,1,0,True,3,1,0,0,True,True,0,14,10,14,10,3,SS_LS_PF,sampled_pool,,,True,0.6666666666666666,0.5894333596424599,0.33333333333333337,0.1,adaptive,bit_flip,offspring,feasible_start_adaptive_spacing,,,,feasible_start_adaptive_spacing,0.5,,True,auto_from_instance,0.75,0.35,"1,3,4,5,6,7,9,11,13,15,17,19,21,23","1,3,4,5,6,7,11,12,15,17",,,,,,"H[1,3,4,5,6,7,9,11,13,15,17,19,21,23]|V[1,3,4,5,6,7,11,12,15,17]",87d7e0065475bf5505bd7d1f4d60f2f59c6063ed
proposed_nsga2_bs_demo_layout_door_left_AW_2_seed_128,proposed_nsga2_bs,demo_layout_door_left_AW_2,128,9,auto_from_instance,10,15,3,28,150,,,,,8,3,10,root > V:12 > BH:13 > BV:7 > BV:7 > BH:23 > BH:15 > BH:7 > BH:3 > BH:19 > BV:3,selected,0,0.0,True,286,178,108,108.0,1.0,1.0,True,True,1,1,0,True,3,1,0,0,True,True,0,14,10,14,10,3,SS_LS_PF,sampled_pool,,,True,0.6666666666666666,0.5894333596424599,0.33333333333333337,0.1,adaptive,bit_flip,offspring,feasible_start_adaptive_spacing,,,,feasible_start_adaptive_spacing,0.5,,True,auto_from_instance,0.75,0.35,"1,3,4,5,6,7,9,11,13,15,17,19,21,23","1,3,4,5,6,7,11,12,15,17",,,,,,"H[1,3,4,5,6,7,9,11,13,15,17,19,21,23]|V[1,3,4,5,6,7,11,12,15,17]",bc70f82fc073e97b84f0025322ce821c9aa756ea
proposed_nsga2_bs_demo_layout_door_left_AW_2_seed_128,proposed_nsga2_bs,demo_layout_door_left_AW_2,128,9,auto_from_instance,10,15,3,28,150,,,,,9,3,10,root > V:12 > BH:13 > BV:6 > BV:7 > BH:23 > BH:15 > BH:7 > BH:3 > BH:19 > BV:3,selected,0,inf,True,286,178,108,108.0,1.0,1.0,True,True,1,1,0,True,3,1,0,0,True,True,0,14,10,14,10,3,SS_LS_PF,sampled_pool,,,True,0.6666666666666666,0.5894333596424599,0.33333333333333337,0.1,adaptive,bit_flip,offspring,feasible_start_adaptive_spacing,,,,feasible_start_adaptive_spacing,0.5,,True,auto_from_instance,0.75,0.35,"1,3,4,5,6,7,9,11,13,15,17,19,21,23","1,3,4,5,6,7,11,12,15,17",,,,,,"H[1,3,4,5,6,7,9,11,13,15,17,19,21,23]|V[1,3,4,5,6,7,11,12,15,17]",ab4c6ff7ad32d336e1b62bdcfeab733f9b9ff0a7
proposed_nsga2_bs_demo_layout_door_left_AW_2_seed_128,proposed_nsga2_bs,demo_layout_door_left_AW_2,128,9,auto_from_instance,10,15,3,28,150,,,,,10,6,7,root > V:15 > BH:13 > BV:7 > BV:5 > BV:11 > BV:11 > BV:3,selected,0,1.0537790697674418,True,292,190,102,128.0,1.0,1.0,True,True,1,1,0,True,3,1,0,0,True,True,0,17,11,17,11,6,RP,sampled_pool,,,False,0.6666666666666666,0.7095067257525565,0.33333333333333337,0.1,adaptive,insert_random_aisle,offspring,feasible_start_adaptive_spacing,,,,feasible_start_adaptive_spacing,0.5,,True,auto_from_instance,0.75,0.35,"0,1,3,4,5,6,7,9,10,11,13,15,17,19,21,23,25","1,3,4,5,6,7,11,12,15,16,17",,,,,,"H[0,1,3,4,5,6,7,9,10,11,13,15,17,19,21,23,25]|V[1,3,4,5,6,7,11,12,15,16,17]",33486d296fa513a0e67a344ef0adfe93ff71bff4
proposed_nsga2_bs_demo_layout_door_left_AW_2_seed_128,proposed_nsga2_bs,demo_layout_door_left_AW_2,128,9,auto_from_instance,10,15,3,28,150,,,,,11,6,7,root > V:15 > BH:13 > BV:7 > BV:5 > BV:11 > BV:11 > BV:3,selected,0,1.7375415282392028,True,292,190,102,128.0,1.0,1.0,True,True,1,1,0,True,3,1,0,0,True,True,0,17,11,17,11,6,RP,sampled_pool,,,False,0.6666666666666666,0.7095067257525565,0.33333333333333337,0.1,adaptive,insert_random_aisle,offspring,feasible_start_adaptive_spacing,,,,feasible_start_adaptive_spacing,0.5,,True,auto_from_instance,0.75,0.35,"0,1,3,4,5,6,7,9,10,11,13,15,17,19,21,23,25","1,3,4,5,6,7,11,12,15,16,17",,,,,,"H[0,1,3,4,5,6,7,9,10,11,13,15,17,19,21,23,25]|V[1,3,4,5,6,7,11,12,15,16,17]",40f61919c4da879ac8a409d310000f13e7665a7c
proposed_nsga2_bs_demo_layout_door_left_AW_2_seed_128,proposed_nsga2_bs,demo_layout_door_left_AW_2,128,10,auto_from_instance,10,15,3,28,150,,,,,1,1,10,root > V:12 > BH:13 > BV:7 > BV:7 > BH:22 > BH:14 > BH:6 > BV:16 > BH:18 > BH:10,selected,2,inf,True,300,163,137,149.0,1.0,1.0,True,True,1,1,0,True,3,1,0,0,True,True,0,19,14,19,14,1,SS_PF_LS,sampled_pool,,,True,0.7333333333333333,0.8138313370593488,0.2666666666666667,0.1,adaptive,insert_random_aisle,offspring,feasible_start_adaptive_spacing,,,,feasible_start_adaptive_spacing,0.5,,True,auto_from_instance,0.75,0.35,"1,3,4,6,7,9,11,13,15,17,19,21,23,25,27","1,2,3,4,5,6,7,9,11,12,15,17,20",,,,,,"H[1,3,4,6,7,9,10,11,13,14,15,17,18,19,21,22,23,25,27]|V[1,2,3,4,5,6,7,9,11,12,15,16,17,20]",6c0b458949fe32ef49de766671bb27332171a5e6
proposed_nsga2_bs_demo_layout_door_left_AW_2_seed_128,proposed_nsga2_bs,demo_layout_door_left_AW_2,128,10,auto_from_instance,10,15,3,28,150,,,,,2,1,10,root > V:12 > BH:13 > BV:6 > BV:7 > BH:22 > BH:14 > BH:6 > BV:16 > BH:18 > BH:10,evaluated,2,0.0,False,300,163,137,149.0,1.0,1.0,True,True,1,1,0,True,3,1,0,0,True,True,0,19,14,19,14,1,SS_PF_LS,sampled_pool,,,True,0.7333333333333333,0.8138313370593488,0.2666666666666667,0.1,adaptive,insert_random_aisle,offspring,feasible_start_adaptive_spacing,,,,feasible_start_adaptive_spacing,0.5,,True,auto_from_instance,0.75,0.35,"1,3,4,6,7,9,11,13,15,17,19,21,23,25,27","1,2,3,4,5,6,7,9,11,12,15,17,20",,,,,,"H[1,3,4,6,7,9,10,11,13,14,15,17,18,19,21,22,23,25,27]|V[1,2,3,4,5,6,7,9,11,12,15,16,17,20]",6513867545607ad370669d57c493a381f10a2747
proposed_nsga2_bs_demo_layout_door_left_AW_2_seed_128,proposed_nsga2_bs,demo_layout_door_left_AW_2,128,10,auto_from_instance,10,15,3,28,150,,,,,3,1,10,root > V:12 > BH:13 > BV:5 > BV:7 > BH:22 > BH:14 > BH:6 > BV:16 > BH:18 > BH:10,selected,2,inf,True,300,163,137,149.0,1.0,1.0,True,True,1,1,0,True,3,1,0,0,True,True,0,19,14,19,14,1,SS_PF_LS,sampled_pool,,,True,0.7333333333333333,0.8138313370593488,0.2666666666666667,0.1,adaptive,insert_random_aisle,offspring,feasible_start_adaptive_spacing,,,,feasible_start_adaptive_spacing,0.5,,True,auto_from_instance,0.75,0.35,"1,3,4,6,7,9,11,13,15,17,19,21,23,25,27","1,2,3,4,5,6,7,9,11,12,15,17,20",,,,,,"H[1,3,4,6,7,9,10,11,13,14,15,17,18,19,21,22,23,25,27]|V[1,2,3,4,5,6,7,9,11,12,15,16,17,20]",1311e7d0b42c27d70f2f76130ef041f28d417646
proposed_nsga2_bs_demo_layout_door_left_AW_2_seed_128,proposed_nsga2_bs,demo_layout_door_left_AW_2,128,10,auto_from_instance,10,15,3,28,150,,,,,4,4,10,root > V:12 > BH:13 > BV:7 > BV:7 > BH:22 > BH:14 > BH:6 > BV:18 > BV:3 > BV:3,selected,0,inf,True,276,182,94,101.0,1.0,1.0,True,True,1,1,0,True,3,1,0,0,True,True,0,16,10,16,10,4,RP,sampled_pool,,,False,0.7333333333333333,0.7227964713453251,0.2666666666666667,0.1,adaptive,remove_random_aisle,offspring,feasible_start_adaptive_spacing,,,,feasible_start_adaptive_spacing,0.5,,True,auto_from_instance,0.75,0.35,"1,3,4,5,6,7,9,11,13,15,17,19,21,23","1,3,4,5,7,11,12,15,17",,,,,,"H[1,3,4,5,6,7,9,11,13,14,15,17,19,21,22,23]|V[1,3,4,5,7,11,12,15,17,18]",fe08640d69585d94eea9e066a931c0fc7c782527
proposed_nsga2_bs_demo_layout_door_left_AW_2_seed_128,proposed_nsga2_bs,demo_layout_door_left_AW_2,128,10,auto_from_instance,10,15,3,28,150,,,,,5,4,10,root > V:12 > BH:13 > BV:7 > BV:7 > BH:22 > BH:14 > BH:6 > BV:18 > BV:3 > BH:18,selected,1,inf,True,288,170,118,125.0,1.0,1.0,True,True,1,1,0,True,3,1,0,0,True,True,0,17,10,17,10,4,RP,sampled_pool,,,False,0.7333333333333333,0.7227964713453251,0.2666666666666667,0.1,adaptive,remove_random_aisle,offspring,feasible_start_adaptive_spacing,,,,feasible_start_adaptive_spacing,0.5,,True,auto_from_instance,0.75,0.35,"1,3,4,5,6,7,9,11,13,15,17,19,21,23","1,3,4,5,7,11,12,15,17",,,,,,"H[1,3,4,5,6,7,9,11,13,14,15,17,18,19,21,22,23]|V[1,3,4,5,7,11,12,15,17,18]",9e20420f997f6dd916da6ef7f092c976b7f01d9e
proposed_nsga2_bs_demo_layout_door_left_AW_2_seed_128,proposed_nsga2_bs,demo_layout_door_left_AW_2,128,10,auto_from_instance,10,15,3,28,150,,,,,6,4,10,root > V:12 > BH:13 > BV:7 > BV:7 > BH:22 > BH:14 > BH:6 > BV:18 > BV:3 > BH:10,selected,1,inf,True,288,170,118,125.0,1.0,1.0,True,True,1,1,0,True,3,1,0,0,True,True,0,17,10,17,10,4,RP,sampled_pool,,,False,0.7333333333333333,0.7227964713453251,0.2666666666666667,0.1,adaptive,remove_random_aisle,offspring,feasible_start_adaptive_spacing,,,,feasible_start_adaptive_spacing,0.5,,True,auto_from_instance,0.75,0.35,"1,3,4,5,6,7,9,11,13,15,17,19,21,23","1,3,4,5,7,11,12,15,17",,,,,,"H[1,3,4,5,6,7,9,10,11,13,14,15,17,19,21,22,23]|V[1,3,4,5,7,11,12,15,17,18]",e08793ecc92621c0dca40d653247b92390eb03af
proposed_nsga2_bs_demo_layout_door_left_AW_2_seed_128,proposed_nsga2_bs,demo_layout_door_left_AW_2,128,10,auto_from_instance,10,15,3,28,150,,,,,7,5,10,root > V:12 > BH:13 > BV:7 > BV:7 > BV:3 > BV:3 > BH:23 > BH:19 > BH:15 > BH:11,selected,0,inf,True,274,194,80,280.0,1.0,1.0,True,True,1,1,0,True,3,1,0,0,True,True,0,15,9,15,9,5,PF_RP,sampled_pool,,,False,0.7333333333333333,0.7213371089758278,0.2666666666666667,0.1,adaptive,remove_random_aisle,offspring,feasible_start_adaptive_spacing,,,,feasible_start_adaptive_spacing,0.5,,True,auto_from_instance,0.75,0.35,"1,3,4,5,6,7,9,10,11,13,15,17,19,21,23","1,3,4,5,6,7,11,12,15",,,,,,"H[1,3,4,5,6,7,9,10,11,13,15,17,19,21,23]|V[1,3,4,5,6,7,11,12,15]",bdfca70a8c818bb19067e89832a1fa058704500a
proposed_nsga2_bs_demo_layout_door_left_AW_2_seed_128,proposed_nsga2_bs,demo_layout_door_left_AW_2,128,10,auto_from_instance,10,15,3,28,150,,,,,8,5,10,root > V:12 > BH:13 > BV:7 > BV:7 > BV:3 > BV:3 > BH:3 > BH:7 > BH:11 > BH:15,selected,0,inf,True,274,194,80,280.0,1.0,1.0,True,True,1,1,0,True,3,1,0,0,True,True,0,15,9,15,9,5,PF_RP,sampled_pool,,,False,0.7333333333333333,0.7213371089758278,0.2666666666666667,0.1,adaptive,remove_random_aisle,offspring,feasible_start_adaptive_spacing,,,,feasible_start_adaptive_spacing,0.5,,True,auto_from_instance,0.75,0.35,"1,3,4,5,6,7,9,10,11,13,15,17,19,21,23","1,3,4,5,6,7,11,12,15",,,,,,"H[1,3,4,5,6,7,9,10,11,13,15,17,19,21,23]|V[1,3,4,5,6,7,11,12,15]",292e4a0811453f298c64fb7dbcde651097d2db94
proposed_nsga2_bs_demo_layout_door_left_AW_2_seed_128,proposed_nsga2_bs,demo_layout_door_left_AW_2,128,10,auto_from_instance,10,15,3,28,150,,,,,9,5,10,root > V:12 > BH:13 > BV:7 > BV:7 > BV:3 > BV:3 > BH:23 > BH:19 > BH:15 > BH:10,selected,0,1.8188589808701539,True,274,193,81,261.0,1.0,1.0,True,True,1,1,0,True,3,1,0,0,True,True,0,15,9,15,9,5,PF_RP,sampled_pool,,,False,0.7333333333333333,0.7213371089758278,0.2666666666666667,0.1,adaptive,remove_random_aisle,offspring,feasible_start_adaptive_spacing,,,,feasible_start_adaptive_spacing,0.5,,True,auto_from_instance,0.75,0.35,"1,3,4,5,6,7,9,10,11,13,15,17,19,21,23","1,3,4,5,6,7,11,12,15",,,,,,"H[1,3,4,5,6,7,9,10,11,13,15,17,19,21,23]|V[1,3,4,5,6,7,11,12,15]",2d45a8cf9f4b3046e1a6b7ef68e4854df3ece1d8
proposed_nsga2_bs_demo_layout_door_left_AW_2_seed_128,proposed_nsga2_bs,demo_layout_door_left_AW_2,128,10,auto_from_instance,10,15,3,28,150,,,,,10,6,7,root > V:15 > BH:13 > BV:7 > BV:5 > BV:11 > BV:3 > BV:11,selected,0,0.7644743524631793,True,292,190,102,128.0,1.0,1.0,True,True,1,1,0,True,3,1,0,0,True,True,0,16,12,16,12,6,SS,sampled_pool,,,True,0.7333333333333333,0.7946636568198233,0.2666666666666667,0.1,adaptive,insert_random_aisle,offspring,feasible_start_adaptive_spacing,,,,feasible_start_adaptive_spacing,0.5,,True,auto_from_instance,0.75,0.35,"0,1,3,4,5,6,7,9,11,13,15,17,19,21,23,25","1,3,4,5,6,7,11,12,15,16,17,20",,,,,,"H[0,1,3,4,5,6,7,9,11,13,15,17,19,21,23,25]|V[1,3,4,5,6,7,11,12,15,16,17,20]",33486d296fa513a0e67a344ef0adfe93ff71bff4
proposed_nsga2_bs_demo_layout_door_left_AW_2_seed_128,proposed_nsga2_bs,demo_layout_door_left_AW_2,128,10,auto_from_instance,10,15,3,28,150,,,,,11,6,7,root > V:15 > BH:13 > BV:7 > BV:5 > BV:11 > BV:3 > BV:11,selected,0,inf,True,292,190,102,128.0,1.0,1.0,True,True,1,1,0,True,3,1,0,0,True,True,0,16,12,16,12,6,SS,sampled_pool,,,True,0.7333333333333333,0.7946636568198233,0.2666666666666667,0.1,adaptive,insert_random_aisle,offspring,feasible_start_adaptive_spacing,,,,feasible_start_adaptive_spacing,0.5,,True,auto_from_instance,0.75,0.35,"0,1,3,4,5,6,7,9,11,13,15,17,19,21,23,25","1,3,4,5,6,7,11,12,15,16,17,20",,,,,,"H[0,1,3,4,5,6,7,9,11,13,15,17,19,21,23,25]|V[1,3,4,5,6,7,11,12,15,16,17,20]",40f61919c4da879ac8a409d310000f13e7665a7c
proposed_nsga2_bs_demo_layout_door_left_AW_2_seed_128,proposed_nsga2_bs,demo_layout_door_left_AW_2,128,11,auto_from_instance,10,15,3,28,150,,,,,1,1,8,root > V:16 > BH:13 > BV:12 > BV:12 > BV:7 > BV:3 > BV:7 > BV:3,selected,0,inf,True,266,216,50,50.0,1.0,1.0,True,True,1,1,0,True,3,1,0,0,True,True,0,16,10,16,10,1,LS_PF,sampled_pool,,,False,0.8,0.775495652729024,0.19999999999999996,0.1,adaptive,insert_random_aisle,offspring,feasible_start_adaptive_spacing,,,,feasible_start_adaptive_spacing,0.5,,True,auto_from_instance,0.75,0.35,"1,3,4,5,6,7,9,10,11,13,14,15,17,19,21,23","1,3,4,5,7,11,12,15,16,17",,,,,,"H[1,3,4,5,6,7,9,10,11,13,14,15,17,19,21,23]|V[1,3,4,5,7,11,12,15,16,17]",63c9c1384eb0d63f6756e5f6c6567bc893aa1bf9
proposed_nsga2_bs_demo_layout_door_left_AW_2_seed_128,proposed_nsga2_bs,demo_layout_door_left_AW_2,128,11,auto_from_instance,10,15,3,28,150,,,,,2,2,10,root > V:12 > BH:13 > BV:7 > BV:7 > BH:22 > BH:14 > BH:6 > BV:18 > BV:3 > BV:3,selected,1,inf,True,276,182,94,101.0,1.0,1.0,True,True,1,1,0,True,3,1,0,0,True,True,0,17,11,17,11,2,RP,sampled_pool,,,False,0.8,0.8233505831795197,0.19999999999999996,0.1,adaptive,insert_random_aisle,offspring,feasible_start_adaptive_spacing,,,,feasible_start_adaptive_spacing,0.5,,True,auto_from_instance,0.75,0.35,"1,3,4,5,6,7,9,10,11,13,15,17,19,21,22,23","1,3,4,5,6,7,11,12,15,16,18",,,,,,"H[1,3,4,5,6,7,9,10,11,13,14,15,17,19,21,22,23]|V[1,3,4,5,6,7,11,12,15,16,18]",fe08640d69585d94eea9e066a931c0fc7c782527
proposed_nsga2_bs_demo_layout_door_left_AW_2_seed_128,proposed_nsga2_bs,demo_layout_door_left_AW_2,128,11,auto_from_instance,10,15,3,28,150,,,,,3,2,10,root > V:12 > BH:13 > BV:7 > BV:7 > BH:22 > BH:14 > BH:6 > BV:18 > BV:3 > BH:18,selected,2,inf,True,288,170,118,125.0,1.0,1.0,True,True,1,1,0,True,3,1,0,0,True,True,0,18,11,18,11,2,RP,sampled_pool,,,False,0.8,0.8233505831795197,0.19999999999999996,0.1,adaptive,insert_random_aisle,offspring,feasible_start_adaptive_spacing,,,,feasible_start_adaptive_spacing,0.5,,True,auto_from_instance,0.75,0.35,"1,3,4,5,6,7,9,10,11,13,15,17,19,21,22,23","1,3,4,5,6,7,11,12,15,16,18",,,,,,"H[1,3,4,5,6,7,9,10,11,13,14,15,17,18,19,21,22,23]|V[1,3,4,5,6,7,11,12,15,16,18]",9e20420f997f6dd916da6ef7f092c976b7f01d9e
proposed_nsga2_bs_demo_layout_door_left_AW_2_seed_128,proposed_nsga2_bs,demo_layout_door_left_AW_2,128,11,auto_from_instance,10,15,3,28,150,,,,,4,2,10,root > V:12 > BH:13 > BV:7 > BV:7 > BH:22 > BH:14 > BH:6 > BV:18 > BV:3 > BH:10,selected,2,inf,True,288,170,118,125.0,1.0,1.0,True,True,1,1,0,True,3,1,0,0,True,True,0,17,11,17,11,2,RP,sampled_pool,,,False,0.8,0.8233505831795197,0.19999999999999996,0.1,adaptive,insert_random_aisle,offspring,feasible_start_adaptive_spacing,,,,feasible_start_adaptive_spacing,0.5,,True,auto_from_instance,0.75,0.35,"1,3,4,5,6,7,9,10,11,13,15,17,19,21,22,23","1,3,4,5,6,7,11,12,15,16,18",,,,,,"H[1,3,4,5,6,7,9,10,11,13,14,15,17,19,21,22,23]|V[1,3,4,5,6,7,11,12,15,16,18]",e08793ecc92621c0dca40d653247b92390eb03af
proposed_nsga2_bs_demo_layout_door_left_AW_2_seed_128,proposed_nsga2_bs,demo_layout_door_left_AW_2,128,11,auto_from_instance,10,15,3,28,150,,,,,5,3,10,root > V:13 > BH:13 > BV:7 > BV:7 > BV:3 > BV:3 > BH:23 > BH:19 > BH:15 > BH:11,selected,1,1.4185953711093375,True,280,187,93,189.0,1.0,1.0,True,True,1,1,0,True,3,1,0,0,True,True,0,16,10,16,10,3,PF_SS,sampled_pool,,,True,0.8,0.8604950225964114,0.19999999999999996,0.1,adaptive,break_symmetry,offspring,feasible_start_adaptive_spacing,,,,feasible_start_adaptive_spacing,0.5,,True,auto_from_instance,0.75,0.35,"1,3,4,5,6,7,9,11,13,14,15,17,19,21,22,23","1,3,4,5,7,11,13,15,17,18",,,,,,"H[1,3,4,5,6,7,9,11,13,14,15,17,19,21,22,23]|V[1,3,4,5,7,11,13,15,17,18]",cf8dc985e03ad0af540eafa816c991b5e198e01b
proposed_nsga2_bs_demo_layout_door_left_AW_2_seed_128,proposed_nsga2_bs,demo_layout_door_left_AW_2,128,11,auto_from_instance,10,15,3,28,150,,,,,6,3,10,root > V:13 > BH:13 > BV:7 > BV:7 > BV:3 > BV:3 > BH:3 > BH:7 > BH:11 > BH:15,selected,1,0.5569965416334132,True,280,187,93,189.0,1.0,1.0,True,True,1,1,0,True,3,1,0,0,True,True,0,16,10,16,10,3,PF_SS,sampled_pool,,,True,0.8,0.8604950225964114,0.19999999999999996,0.1,adaptive,break_symmetry,offspring,feasible_start_adaptive_spacing,,,,feasible_start_adaptive_spacing,0.5,,True,auto_from_instance,0.75,0.35,"1,3,4,5,6,7,9,11,13,14,15,17,19,21,22,23","1,3,4,5,7,11,13,15,17,18",,,,,,"H[1,3,4,5,6,7,9,11,13,14,15,17,19,21,22,23]|V[1,3,4,5,7,11,13,15,17,18]",781f3c7db86671b66d11561010e6da241635a741
proposed_nsga2_bs_demo_layout_door_left_AW_2_seed_128,proposed_nsga2_bs,demo_layout_door_left_AW_2,128,11,auto_from_instance,10,15,3,28,150,,,,,7,3,10,root > V:13 > BH:13 > BV:7 > BV:7 > BV:3 > BV:3 > BH:23 > BH:19 > BH:15 > BH:10,selected,1,inf,True,280,186,94,178.0,1.0,1.0,True,True,1,1,0,True,3,1,0,0,True,True,0,17,10,17,10,3,PF_SS,sampled_pool,,,True,0.8,0.8604950225964114,0.19999999999999996,0.1,adaptive,break_symmetry,offspring,feasible_start_adaptive_spacing,,,,feasible_start_adaptive_spacing,0.5,,True,auto_from_instance,0.75,0.35,"1,3,4,5,6,7,9,11,13,14,15,17,19,21,22,23","1,3,4,5,7,11,13,15,17,18",,,,,,"H[1,3,4,5,6,7,9,10,11,13,14,15,17,19,21,22,23]|V[1,3,4,5,7,11,13,15,17,18]",f57b8901bd1c6d5d6bd4b77a941dc8ee5bc83d4a
proposed_nsga2_bs_demo_layout_door_left_AW_2_seed_128,proposed_nsga2_bs,demo_layout_door_left_AW_2,128,11,auto_from_instance,10,15,3,28,150,,,,,8,4,10,root > V:12 > BH:13 > BV:7 > BV:7 > BV:3 > BV:3 > BH:23 > BH:19 > BH:15 > BH:11,selected,1,inf,True,274,194,80,280.0,1.0,1.0,True,True,1,1,0,True,3,1,0,0,True,True,0,16,9,16,9,4,PF_SS,sampled_pool,,,True,0.8,0.7003272736089612,0.19999999999999996,0.1,adaptive,insert_random_aisle,offspring,feasible_start_adaptive_spacing,,,,feasible_start_adaptive_spacing,0.5,,True,auto_from_instance,0.75,0.35,"1,3,4,5,6,7,9,10,11,13,15,17,19,21,22,23","1,3,4,5,6,7,11,12,15",,,,,,"H[1,3,4,5,6,7,9,10,11,13,15,17,19,21,22,23]|V[1,3,4,5,6,7,11,12,15]",bdfca70a8c818bb19067e89832a1fa058704500a
proposed_nsga2_bs_demo_layout_door_left_AW_2_seed_128,proposed_nsga2_bs,demo_layout_door_left_AW_2,128,11,auto_from_instance,10,15,3,28,150,,,,,9,4,10,root > V:12 > BH:13 > BV:7 > BV:7 > BV:3 > BV:3 > BH:3 > BH:7 > BH:11 > BH:15,selected,1,inf,True,274,194,80,280.0,1.0,1.0,True,True,1,1,0,True,3,1,0,0,True,True,0,16,9,16,9,4,PF_SS,sampled_pool,,,True,0.8,0.7003272736089612,0.19999999999999996,0.1,adaptive,insert_random_aisle,offspring,feasible_start_adaptive_spacing,,,,feasible_start_adaptive_spacing,0.5,,True,auto_from_instance,0.75,0.35,"1,3,4,5,6,7,9,10,11,13,15,17,19,21,22,23","1,3,4,5,6,7,11,12,15",,,,,,"H[1,3,4,5,6,7,9,10,11,13,15,17,19,21,22,23]|V[1,3,4,5,6,7,11,12,15]",292e4a0811453f298c64fb7dbcde651097d2db94
proposed_nsga2_bs_demo_layout_door_left_AW_2_seed_128,proposed_nsga2_bs,demo_layout_door_left_AW_2,128,11,auto_from_instance,10,15,3,28,150,,,,,10,4,10,root > V:12 > BH:13 > BV:7 > BV:7 > BV:3 > BV:3 > BH:23 > BH:19 > BH:15 > BH:10,selected,1,2.0202846501729184,True,274,193,81,261.0,1.0,1.0,True,True,1,1,0,True,3,1,0,0,True,True,0,16,9,16,9,4,PF_SS,sampled_pool,,,True,0.8,0.7003272736089612,0.19999999999999996,0.1,adaptive,insert_random_aisle,offspring,feasible_start_adaptive_spacing,,,,feasible_start_adaptive_spacing,0.5,,True,auto_from_instance,0.75,0.35,"1,3,4,5,6,7,9,10,11,13,15,17,19,21,22,23","1,3,4,5,6,7,11,12,15",,,,,,"H[1,3,4,5,6,7,9,10,11,13,15,17,19,21,22,23]|V[1,3,4,5,6,7,11,12,15]",2d45a8cf9f4b3046e1a6b7ef68e4854df3ece1d8
proposed_nsga2_bs_demo_layout_door_left_AW_2_seed_128,proposed_nsga2_bs,demo_layout_door_left_AW_2,128,11,auto_from_instance,10,15,3,28,150,,,,,11,7,10,root > V:12 > BH:13 > BV:7 > BV:7 > BH:22 > BH:14 > BH:6 > BV:16 > BH:18 > BH:10,evaluated,3,inf,False,300,163,137,149.0,1.0,1.0,True,True,1,1,0,True,3,1,0,0,True,True,0,18,8,18,8,7,SS,sampled_pool,,,True,0.8,0.8467742281231307,0.19999999999999996,0.1,adaptive,swap_segments,offspring,feasible_start_adaptive_spacing,,,,feasible_start_adaptive_spacing,0.5,,True,auto_from_instance,0.75,0.35,"1,3,4,5,6,7,9,10,11,13,15,17,19,21,22,23","1,3,4,5,7,10,12,16",,,,,,"H[1,3,4,5,6,7,9,10,11,13,14,15,17,18,19,21,22,23]|V[1,3,4,5,7,10,12,16]",6c0b458949fe32ef49de766671bb27332171a5e6
proposed_nsga2_bs_demo_layout_door_left_AW_2_seed_128,proposed_nsga2_bs,demo_layout_door_left_AW_2,128,11,auto_from_instance,10,15,3,28,150,,,,,12,7,10,root > V:12 > BH:13 > BV:6 > BV:7 > BH:22 > BH:14 > BH:6 > BV:16 > BH:18 > BH:10,evaluated,3,0.0,False,300,163,137,149.0,1.0,1.0,True,True,1,1,0,True,3,1,0,0,True,True,0,18,9,18,9,7,SS,sampled_pool,,,True,0.8,0.8467742281231307,0.19999999999999996,0.1,adaptive,swap_segments,offspring,feasible_start_adaptive_spacing,,,,feasible_start_adaptive_spacing,0.5,,True,auto_from_instance,0.75,0.35,"1,3,4,5,6,7,9,10,11,13,15,17,19,21,22,23","1,3,4,5,7,10,12,16",,,,,,"H[1,3,4,5,6,7,9,10,11,13,14,15,17,18,19,21,22,23]|V[1,3,4,5,6,7,10,12,16]",6513867545607ad370669d57c493a381f10a2747
proposed_nsga2_bs_demo_layout_door_left_AW_2_seed_128,proposed_nsga2_bs,demo_layout_door_left_AW_2,128,11,auto_from_instance,10,15,3,28,150,,,,,13,7,10,root > V:12 > BH:13 > BV:5 > BV:7 > BH:22 > BH:14 > BH:6 > BV:16 > BH:18 > BH:10,evaluated,3,inf,False,300,163,137,149.0,1.0,1.0,True,True,1,1,0,True,3,1,0,0,True,True,0,18,8,18,8,7,SS,sampled_pool,,,True,0.8,0.8467742281231307,0.19999999999999996,0.1,adaptive,swap_segments,offspring,feasible_start_adaptive_spacing,,,,feasible_start_adaptive_spacing,0.5,,True,auto_from_instance,0.75,0.35,"1,3,4,5,6,7,9,10,11,13,15,17,19,21,22,23","1,3,4,5,7,10,12,16",,,,,,"H[1,3,4,5,6,7,9,10,11,13,14,15,17,18,19,21,22,23]|V[1,3,4,5,7,10,12,16]",1311e7d0b42c27d70f2f76130ef041f28d417646
proposed_nsga2_bs_demo_layout_door_left_AW_2_seed_128,proposed_nsga2_bs,demo_layout_door_left_AW_2,128,12,auto_from_instance,10,15,3,28,150,,,,,1,1,8,root > V:16 > BH:13 > BV:7 > BV:7 > BV:12 > BV:12 > BV:3 > BV:3,selected,0,inf,True,266,216,50,50.0,1.0,1.0,True,True,1,1,0,True,3,1,0,0,True,True,0,18,11,18,11,1,LS_SS,sampled_pool,,,True,0.8666666666666667,0.8889853778092952,0.1333333333333333,0.1,adaptive,insert_random_aisle,offspring,feasible_start_adaptive_spacing,,,,feasible_start_adaptive_spacing,0.5,,True,auto_from_instance,0.75,0.35,"1,3,4,5,6,7,9,10,11,13,14,15,16,17,19,21,22,23","1,3,4,5,6,7,11,12,15,16,17",,,,,,"H[1,3,4,5,6,7,9,10,11,13,14,15,16,17,19,21,22,23]|V[1,3,4,5,6,7,11,12,15,16,17]",63c9c1384eb0d63f6756e5f6c6567bc893aa1bf9
proposed_nsga2_bs_demo_layout_door_left_AW_2_seed_128,proposed_nsga2_bs,demo_layout_door_left_AW_2,128,12,auto_from_instance,10,15,3,28,150,,,,,2,2,10,root > V:12 > BH:13 > BV:7 > BV:7 > BH:22 > BH:14 > BH:6 > BV:16 > BH:18 > BH:10,evaluated,2,inf,False,300,163,137,149.0,1.0,1.0,True,True,1,1,0,True,3,1,0,0,True,True,0,19,10,19,10,2,SS_PF_LS,sampled_pool,,,True,0.8666666666666667,0.9242278631804458,0.1333333333333333,0.1,adaptive,bit_flip,offspring,feasible_start_adaptive_spacing,,,,feasible_start_adaptive_spacing,0.5,,True,auto_from_instance,0.75,0.35,"1,3,4,5,6,7,8,9,10,11,13,14,15,17,19,21,23","1,3,4,5,7,11,12,15,16,18",,,,,,"H[1,3,4,5,6,7,8,9,10,11,13,14,15,17,18,19,21,22,23]|V[1,3,4,5,7,11,12,15,16,18]",6c0b458949fe32ef49de766671bb27332171a5e6
proposed_nsga2_bs_demo_layout_door_left_AW_2_seed_128,proposed_nsga2_bs,demo_layout_door_left_AW_2,128,12,auto_from_instance,10,15,3,28,150,,,,,3,2,10,root > V:12 > BH:13 > BV:6 > BV:7 > BH:22 > BH:14 > BH:6 > BV:16 > BH:18 > BH:10,evaluated,2,0.0,False,300,163,137,149.0,1.0,1.0,True,True,1,1,0,True,3,1,0,0,True,True,0,19,11,19,11,2,SS_PF_LS,sampled_pool,,,True,0.8666666666666667,0.9242278631804458,0.1333333333333333,0.1,adaptive,bit_flip,offspring,feasible_start_adaptive_spacing,,,,feasible_start_adaptive_spacing,0.5,,True,auto_from_instance,0.75,0.35,"1,3,4,5,6,7,8,9,10,11,13,14,15,17,19,21,23","1,3,4,5,7,11,12,15,16,18",,,,,,"H[1,3,4,5,6,7,8,9,10,11,13,14,15,17,18,19,21,22,23]|V[1,3,4,5,6,7,11,12,15,16,18]",6513867545607ad370669d57c493a381f10a2747
proposed_nsga2_bs_demo_layout_door_left_AW_2_seed_128,proposed_nsga2_bs,demo_layout_door_left_AW_2,128,12,auto_from_instance,10,15,3,28,150,,,,,4,2,10,root > V:12 > BH:13 > BV:5 > BV:7 > BH:22 > BH:14 > BH:6 > BV:16 > BH:18 > BH:10,evaluated,2,inf,False,300,163,137,149.0,1.0,1.0,True,True,1,1,0,True,3,1,0,0,True,True,0,19,10,19,10,2,SS_PF_LS,sampled_pool,,,True,0.8666666666666667,0.9242278631804458,0.1333333333333333,0.1,adaptive,bit_flip,offspring,feasible_start_adaptive_spacing,,,,feasible_start_adaptive_spacing,0.5,,True,auto_from_instance,0.75,0.35,"1,3,4,5,6,7,8,9,10,11,13,14,15,17,19,21,23","1,3,4,5,7,11,12,15,16,18",,,,,,"H[1,3,4,5,6,7,8,9,10,11,13,14,15,17,18,19,21,22,23]|V[1,3,4,5,7,11,12,15,16,18]",1311e7d0b42c27d70f2f76130ef041f28d417646
proposed_nsga2_bs_demo_layout_door_left_AW_2_seed_128,proposed_nsga2_bs,demo_layout_door_left_AW_2,128,12,auto_from_instance,10,15,3,28,150,,,,,5,3,10,root > V:12 > BH:13 > BV:7 > BV:7 > BV:3 > BV:3 > BH:23 > BH:19 > BH:15 > BH:11,selected,1,inf,True,274,194,80,280.0,1.0,1.0,True,True,1,1,0,True,3,1,0,0,True,True,0,16,9,16,9,3,PF_RP,sampled_pool,,,False,0.8666666666666667,0.9002506233055421,0.1333333333333333,0.1,adaptive,swap_segments,offspring,feasible_start_adaptive_spacing,,,,feasible_start_adaptive_spacing,0.5,,True,auto_from_instance,0.75,0.35,"1,3,4,5,6,7,9,10,11,13,14,15,17,19,21,23","1,3,4,5,6,7,11,12,15",,,,,,"H[1,3,4,5,6,7,9,10,11,13,14,15,17,19,21,23]|V[1,3,4,5,6,7,11,12,15]",bdfca70a8c818bb19067e89832a1fa058704500a
proposed_nsga2_bs_demo_layout_door_left_AW_2_seed_128,proposed_nsga2_bs,demo_layout_door_left_AW_2,128,12,auto_from_instance,10,15,3,28,150,,,,,6,3,10,root > V:12 > BH:13 > BV:7 > BV:7 > BV:3 > BV:3 > BH:3 > BH:7 > BH:11 > BH:15,selected,1,inf,True,274,194,80,280.0,1.0,1.0,True,True,1,1,0,True,3,1,0,0,True,True,0,16,9,16,9,3,PF_RP,sampled_pool,,,False,0.8666666666666667,0.9002506233055421,0.1333333333333333,0.1,adaptive,swap_segments,offspring,feasible_start_adaptive_spacing,,,,feasible_start_adaptive_spacing,0.5,,True,auto_from_instance,0.75,0.35,"1,3,4,5,6,7,9,10,11,13,14,15,17,19,21,23","1,3,4,5,6,7,11,12,15",,,,,,"H[1,3,4,5,6,7,9,10,11,13,14,15,17,19,21,23]|V[1,3,4,5,6,7,11,12,15]",292e4a0811453f298c64fb7dbcde651097d2db94
proposed_nsga2_bs_demo_layout_door_left_AW_2_seed_128,proposed_nsga2_bs,demo_layout_door_left_AW_2,128,12,auto_from_instance,10,15,3,28,150,,,,,7,3,10,root > V:12 > BH:13 > BV:7 > BV:7 > BV:3 > BV:3 > BH:23 > BH:19 > BH:15 > BH:10,selected,1,0.8849206349206349,True,274,193,81,261.0,1.0,1.0,True,True,1,1,0,True,3,1,0,0,True,True,0,16,9,16,9,3,PF_RP,sampled_pool,,,False,0.8666666666666667,0.9002506233055421,0.1333333333333333,0.1,adaptive,swap_segments,offspring,feasible_start_adaptive_spacing,,,,feasible_start_adaptive_spacing,0.5,,True,auto_from_instance,0.75,0.35,"1,3,4,5,6,7,9,10,11,13,14,15,17,19,21,23","1,3,4,5,6,7,11,12,15",,,,,,"H[1,3,4,5,6,7,9,10,11,13,14,15,17,19,21,23]|V[1,3,4,5,6,7,11,12,15]",2d45a8cf9f4b3046e1a6b7ef68e4854df3ece1d8
proposed_nsga2_bs_demo_layout_door_left_AW_2_seed_128,proposed_nsga2_bs,demo_layout_door_left_AW_2,128,12,auto_from_instance,10,15,3,28,150,,,,,8,5,10,root > V:13 > BH:13 > BV:7 > BV:3 > BV:7 > BV:3 > BH:23 > BH:19 > BH:15 > BH:11,selected,1,0.3630952380952381,True,280,187,93,189.0,1.0,1.0,True,True,1,1,0,True,3,1,0,0,True,True,0,17,10,17,10,5,PF,sampled_pool,,,False,0.8666666666666667,0.7589238125243372,0.1333333333333333,0.1,adaptive,bit_flip,offspring,feasible_start_adaptive_spacing,,,,feasible_start_adaptive_spacing,0.5,,True,auto_from_instance,0.75,0.35,"1,3,4,5,6,7,9,10,11,13,14,15,17,19,21,22,23","1,3,4,5,11,13,15,17,18",,,,,,"H[1,3,4,5,6,7,9,10,11,13,14,15,17,19,21,22,23]|V[1,3,4,5,7,11,13,15,17,18]",cf8dc985e03ad0af540eafa816c991b5e198e01b
proposed_nsga2_bs_demo_layout_door_left_AW_2_seed_128,proposed_nsga2_bs,demo_layout_door_left_AW_2,128,12,auto_from_instance,10,15,3,28,150,,,,,9,5,10,root > V:13 > BH:13 > BV:7 > BV:3 > BV:7 > BV:3 > BH:3 > BH:7 > BH:11 > BH:15,selected,1,0.4742063492063492,True,280,187,93,189.0,1.0,1.0,True,True,1,1,0,True,3,1,0,0,True,True,0,17,10,17,10,5,PF,sampled_pool,,,False,0.8666666666666667,0.7589238125243372,0.1333333333333333,0.1,adaptive,bit_flip,offspring,feasible_start_adaptive_spacing,,,,feasible_start_adaptive_spacing,0.5,,True,auto_from_instance,0.75,0.35,"1,3,4,5,6,7,9,10,11,13,14,15,17,19,21,22,23","1,3,4,5,11,13,15,17,18",,,,,,"H[1,3,4,5,6,7,9,10,11,13,14,15,17,19,21,22,23]|V[1,3,4,5,7,11,13,15,17,18]",781f3c7db86671b66d11561010e6da241635a741
proposed_nsga2_bs_demo_layout_door_left_AW_2_seed_128,proposed_nsga2_bs,demo_layout_door_left_AW_2,128,12,auto_from_instance,10,15,3,28,150,,,,,10,5,10,root > V:13 > BH:13 > BV:7 > BV:3 > BV:7 > BV:3 > BH:23 > BH:19 > BH:15 > BH:10,selected,1,1.3293650793650795,True,280,186,94,178.0,1.0,1.0,True,True,1,1,0,True,3,1,0,0,True,True,0,17,10,17,10,5,PF,sampled_pool,,,False,0.8666666666666667,0.7589238125243372,0.1333333333333333,0.1,adaptive,bit_flip,offspring,feasible_start_adaptive_spacing,,,,feasible_start_adaptive_spacing,0.5,,True,auto_from_instance,0.75,0.35,"1,3,4,5,6,7,9,10,11,13,14,15,17,19,21,22,23","1,3,4,5,11,13,15,17,18",,,,,,"H[1,3,4,5,6,7,9,10,11,13,14,15,17,19,21,22,23]|V[1,3,4,5,7,11,13,15,17,18]",f57b8901bd1c6d5d6bd4b77a941dc8ee5bc83d4a
proposed_nsga2_bs_demo_layout_door_left_AW_2_seed_128,proposed_nsga2_bs,demo_layout_door_left_AW_2,128,12,auto_from_instance,10,15,3,28,150,,,,,11,9,7,root > V:15 > BH:13 > BV:7 > BV:5 > BV:11 > BV:11 > BV:3,evaluated,1,0.3214285714285714,False,292,190,102,128.0,1.0,1.0,True,True,1,1,0,True,3,1,0,0,True,True,0,17,11,17,11,9,RP,sampled_pool,,,False,0.8666666666666667,0.9328931789396453,0.1333333333333333,0.1,adaptive,break_symmetry,offspring,feasible_start_adaptive_spacing,,,,feasible_start_adaptive_spacing,0.5,,True,auto_from_instance,0.75,0.35,"1,2,4,5,6,7,9,10,11,13,14,15,17,19,21,22,23","1,3,4,5,7,11,12,15,16,17,18",,,,,,"H[1,2,4,5,6,7,9,10,11,13,14,15,17,19,21,22,23]|V[1,3,4,5,7,11,12,15,16,17,18]",33486d296fa513a0e67a344ef0adfe93ff71bff4
proposed_nsga2_bs_demo_layout_door_left_AW_2_seed_128,proposed_nsga2_bs,demo_layout_door_left_AW_2,128,12,auto_from_instance,10,15,3,28,150,,,,,12,9,7,root > V:15 > BH:13 > BV:7 > BV:5 > BV:11 > BV:11 > BV:3,selected,1,0.988095238095238,True,292,190,102,128.0,1.0,1.0,True,True,1,1,0,True,3,1,0,0,True,True,0,17,11,17,11,9,RP,sampled_pool,,,False,0.8666666666666667,0.9328931789396453,0.1333333333333333,0.1,adaptive,break_symmetry,offspring,feasible_start_adaptive_spacing,,,,feasible_start_adaptive_spacing,0.5,,True,auto_from_instance,0.75,0.35,"1,2,4,5,6,7,9,10,11,13,14,15,17,19,21,22,23","1,3,4,5,7,11,12,15,16,17,18",,,,,,"H[1,2,4,5,6,7,9,10,11,13,14,15,17,19,21,22,23]|V[1,3,4,5,7,11,12,15,16,17,18]",40f61919c4da879ac8a409d310000f13e7665a7c
proposed_nsga2_bs_demo_layout_door_left_AW_2_seed_128,proposed_nsga2_bs,demo_layout_door_left_AW_2,128,12,auto_from_instance,10,15,3,28,150,,,,,13,10,10,root > V:13 > BH:13 > BV:7 > BV:7 > BH:23 > BH:17 > BH:11 > BH:4 > BV:18 > BV:3,selected,1,inf,True,294,158,136,112.0,1.0,1.0,True,True,1,1,0,True,3,1,0,0,True,True,0,17,10,17,10,10,SS,sampled_pool,,,True,0.8666666666666667,0.9376277184583576,0.1333333333333333,0.1,adaptive,spacing_aware_flip,offspring,feasible_start_adaptive_spacing,,,,feasible_start_adaptive_spacing,0.5,,True,auto_from_instance,0.75,0.35,"1,3,4,5,6,7,9,10,11,13,14,15,17,19,21,23,25","1,3,4,5,7,11,13,15,17",,,,,,"H[1,3,4,5,6,7,9,10,11,13,14,15,17,19,21,23,25]|V[1,3,4,5,7,11,13,15,17,18]",90063e679d988256aaddfe8920c70576d0cb7afb
proposed_nsga2_bs_demo_layout_door_left_AW_2_seed_128,proposed_nsga2_bs,demo_layout_door_left_AW_2,128,12,auto_from_instance,10,15,3,28,150,,,,,14,10,10,root > V:13 > BH:13 > BV:7 > BV:7 > BH:3 > BH:9 > BH:15 > BH:22 > BV:18 > BV:3,evaluated,1,0.0,False,294,158,136,112.0,1.0,1.0,True,True,1,1,0,True,3,1,0,0,True,True,0,18,10,18,10,10,SS,sampled_pool,,,True,0.8666666666666667,0.9376277184583576,0.1333333333333333,0.1,adaptive,spacing_aware_flip,offspring,feasible_start_adaptive_spacing,,,,feasible_start_adaptive_spacing,0.5,,True,auto_from_instance,0.75,0.35,"1,3,4,5,6,7,9,10,11,13,14,15,17,19,21,23,25","1,3,4,5,7,11,13,15,17",,,,,,"H[1,3,4,5,6,7,9,10,11,13,14,15,17,19,21,22,23,25]|V[1,3,4,5,7,11,13,15,17,18]",4edfabf7688cde7a8659a246332f5263ba76814b
proposed_nsga2_bs_demo_layout_door_left_AW_2_seed_128,proposed_nsga2_bs,demo_layout_door_left_AW_2,128,12,auto_from_instance,10,15,3,28,150,,,,,15,10,10,root > V:13 > BH:13 > BV:7 > BV:7 > BH:23 > BH:17 > BH:11 > BH:4 > BV:18 > BV:3,selected,1,inf,True,294,158,136,112.0,1.0,1.0,True,True,1,1,0,True,3,1,0,0,True,True,0,17,10,17,10,10,SS,sampled_pool,,,True,0.8666666666666667,0.9376277184583576,0.1333333333333333,0.1,adaptive,spacing_aware_flip,offspring,feasible_start_adaptive_spacing,,,,feasible_start_adaptive_spacing,0.5,,True,auto_from_instance,0.75,0.35,"1,3,4,5,6,7,9,10,11,13,14,15,17,19,21,23,25","1,3,4,5,7,11,13,15,17",,,,,,"H[1,3,4,5,6,7,9,10,11,13,14,15,17,19,21,23,25]|V[1,3,4,5,7,11,13,15,17,18]",8ecb9842cf6005fed10807989cafb7db63c6ec08
proposed_nsga2_bs_demo_layout_door_left_AW_2_seed_128,proposed_nsga2_bs,demo_layout_door_left_AW_2,128,13,auto_from_instance,10,15,3,28,150,,,,,1,1,10,root > V:13 > BH:13 > BV:7 > BV:7 > BH:4 > BH:11 > BH:18 > BH:23 > BV:3 > BV:3,selected,1,inf,True,280,182,98,94.0,1.0,1.0,True,True,1,1,0,True,3,1,0,0,True,True,0,17,12,17,12,1,RP_LS,sampled_pool,,,False,0.9333333333333333,0.9006823762645803,0.1,0.1,adaptive,bit_flip,offspring,feasible_start_adaptive_spacing,,,,feasible_start_adaptive_spacing,0.5,,True,auto_from_instance,0.75,0.35,"1,3,4,5,6,7,9,10,11,13,14,15,17,19,21,23","1,3,4,5,6,7,11,13,15,17,18,19",,,,,,"H[1,3,4,5,6,7,9,10,11,13,14,15,17,18,19,21,23]|V[1,3,4,5,6,7,11,13,15,17,18,19]",e9f9a3c40564ffd715f0072f7f4dae2de8121c73
proposed_nsga2_bs_demo_layout_door_left_AW_2_seed_128,proposed_nsga2_bs,demo_layout_door_left_AW_2,128,13,auto_from_instance,10,15,3,28,150,,,,,2,1,10,root > V:13 > BH:13 > BV:7 > BV:7 > BH:22 > BH:15 > BH:8 > BH:3 > BV:3 > BV:3,selected,1,inf,True,280,182,98,94.0,1.0,1.0,True,True,1,1,0,True,3,1,0,0,True,True,0,18,12,18,12,1,RP_LS,sampled_pool,,,False,0.9333333333333333,0.9006823762645803,0.1,0.1,adaptive,bit_flip,offspring,feasible_start_adaptive_spacing,,,,feasible_start_adaptive_spacing,0.5,,True,auto_from_instance,0.75,0.35,"1,3,4,5,6,7,9,10,11,13,14,15,17,19,21,23","1,3,4,5,6,7,11,13,15,17,18,19",,,,,,"H[1,3,4,5,6,7,8,9,10,11,13,14,15,17,19,21,22,23]|V[1,3,4,5,6,7,11,13,15,17,18,19]",a7dd4598531100c59cc956fd17363b730e91aab7
proposed_nsga2_bs_demo_layout_door_left_AW_2_seed_128,proposed_nsga2_bs,demo_layout_door_left_AW_2,128,13,auto_from_instance,10,15,3,28,150,,,,,3,1,10,root > V:13 > BH:13 > BV:7 > BV:7 > BH:4 > BH:11 > BH:18 > BH:23 > BV:3 > BV:18,evaluated,2,inf,False,294,158,136,127.0,1.0,1.0,True,True,1,1,0,True,3,1,0,0,True,True,0,17,12,17,12,1,RP_LS,sampled_pool,,,False,0.9333333333333333,0.9006823762645803,0.1,0.1,adaptive,bit_flip,offspring,feasible_start_adaptive_spacing,,,,feasible_start_adaptive_spacing,0.5,,True,auto_from_instance,0.75,0.35,"1,3,4,5,6,7,9,10,11,13,14,15,17,19,21,23","1,3,4,5,6,7,11,13,15,17,18,19",,,,,,"H[1,3,4,5,6,7,9,10,11,13,14,15,17,18,19,21,23]|V[1,3,4,5,6,7,11,13,15,17,18,19]",3fc190159d15e18425c2020252999b0a3b8f8c3f
proposed_nsga2_bs_demo_layout_door_left_AW_2_seed_128,proposed_nsga2_bs,demo_layout_door_left_AW_2,128,13,auto_from_instance,10,15,3,28,150,,,,,4,2,10,root > V:12 > BH:13 > BV:7 > BV:7 > BV:3 > BV:3 > BH:23 > BH:19 > BH:15 > BH:11,selected,1,inf,True,274,194,80,280.0,1.0,1.0,True,True,1,1,0,True,3,1,0,0,True,True,0,16,8,16,8,2,PF_SS,sampled_pool,,,True,0.9333333333333333,0.8872955646940425,0.1,0.1,adaptive,remove_random_aisle,offspring,feasible_start_adaptive_spacing,,,,feasible_start_adaptive_spacing,0.5,,True,auto_from_instance,0.75,0.35,"1,3,4,5,6,7,9,10,11,13,14,15,17,19,23,25","1,3,4,5,7,11,12,15",,,,,,"H[1,3,4,5,6,7,9,10,11,13,14,15,17,19,23,25]|V[1,3,4,5,7,11,12,15]",bdfca70a8c818bb19067e89832a1fa058704500a
proposed_nsga2_bs_demo_layout_door_left_AW_2_seed_128,proposed_nsga2_bs,demo_layout_door_left_AW_2,128,13,auto_from_instance,10,15,3,28,150,,,,,5,2,10,root > V:12 > BH:13 > BV:7 > BV:7 > BV:3 > BV:3 > BH:3 > BH:7 > BH:11 > BH:15,selected,1,inf,True,274,194,80,280.0,1.0,1.0,True,True,1,1,0,True,3,1,0,0,True,True,0,16,8,16,8,2,PF_SS,sampled_pool,,,True,0.9333333333333333,0.8872955646940425,0.1,0.1,adaptive,remove_random_aisle,offspring,feasible_start_adaptive_spacing,,,,feasible_start_adaptive_spacing,0.5,,True,auto_from_instance,0.75,0.35,"1,3,4,5,6,7,9,10,11,13,14,15,17,19,23,25","1,3,4,5,7,11,12,15",,,,,,"H[1,3,4,5,6,7,9,10,11,13,14,15,17,19,23,25]|V[1,3,4,5,7,11,12,15]",292e4a0811453f298c64fb7dbcde651097d2db94
proposed_nsga2_bs_demo_layout_door_left_AW_2_seed_128,proposed_nsga2_bs,demo_layout_door_left_AW_2,128,13,auto_from_instance,10,15,3,28,150,,,,,6,2,10,root > V:12 > BH:13 > BV:7 > BV:7 > BV:3 > BV:3 > BH:23 > BH:19 > BH:15 > BH:10,selected,1,1.413489736070381,True,274,193,81,261.0,1.0,1.0,True,True,1,1,0,True,3,1,0,0,True,True,0,16,8,16,8,2,PF_SS,sampled_pool,,,True,0.9333333333333333,0.8872955646940425,0.1,0.1,adaptive,remove_random_aisle,offspring,feasible_start_adaptive_spacing,,,,feasible_start_adaptive_spacing,0.5,,True,auto_from_instance,0.75,0.35,"1,3,4,5,6,7,9,10,11,13,14,15,17,19,23,25","1,3,4,5,7,11,12,15",,,,,,"H[1,3,4,5,6,7,9,10,11,13,14,15,17,19,23,25]|V[1,3,4,5,7,11,12,15]",2d45a8cf9f4b3046e1a6b7ef68e4854df3ece1d8
proposed_nsga2_bs_demo_layout_door_left_AW_2_seed_128,proposed_nsga2_bs,demo_layout_door_left_AW_2,128,13,auto_from_instance,10,15,3,28,150,,,,,7,3,10,root > V:13 > BH:13 > BV:7 > BV:7 > BV:3 > BV:3 > BH:23 > BH:19 > BH:15 > BH:11,selected,1,0.8545943304007819,True,280,187,93,189.0,1.0,1.0,True,True,1,1,0,True,3,1,0,0,True,True,0,17,10,17,10,3,PF_RP,sampled_pool,,,False,0.9333333333333333,0.9135958703078493,0.1,0.1,adaptive,break_symmetry,offspring,feasible_start_adaptive_spacing,,,,feasible_start_adaptive_spacing,0.5,,True,auto_from_instance,0.75,0.35,"1,3,4,5,6,7,9,10,11,13,14,15,17,19,21,22,23","1,3,4,5,7,11,13,15,17,19",,,,,,"H[1,3,4,5,6,7,9,10,11,13,14,15,17,19,21,22,23]|V[1,3,4,5,7,11,13,15,17,19]",cf8dc985e03ad0af540eafa816c991b5e198e01b
proposed_nsga2_bs_demo_layout_door_left_AW_2_seed_128,proposed_nsga2_bs,demo_layout_door_left_AW_2,128,13,auto_from_instance,10,15,3,28,150,,,,,8,3,10,root > V:13 > BH:13 > BV:7 > BV:7 > BV:3 > BV:3 > BH:3 > BH:7 > BH:11 > BH:15,evaluated,1,0.5158846529814272,False,280,187,93,189.0,1.0,1.0,True,True,1,1,0,True,3,1,0,0,True,True,0,17,10,17,10,3,PF_RP,sampled_pool,,,False,0.9333333333333333,0.9135958703078493,0.1,0.1,adaptive,break_symmetry,offspring,feasible_start_adaptive_spacing,,,,feasible_start_adaptive_spacing,0.5,,True,auto_from_instance,0.75,0.35,"1,3,4,5,6,7,9,10,11,13,14,15,17,19,21,22,23","1,3,4,5,7,11,13,15,17,19",,,,,,"H[1,3,4,5,6,7,9,10,11,13,14,15,17,19,21,22,23]|V[1,3,4,5,7,11,13,15,17,19]",781f3c7db86671b66d11561010e6da241635a741
proposed_nsga2_bs_demo_layout_door_left_AW_2_seed_128,proposed_nsga2_bs,demo_layout_door_left_AW_2,128,13,auto_from_instance,10,15,3,28,150,,,,,9,3,10,root > V:13 > BH:13 > BV:7 > BV:7 > BV:3 > BV:3 > BH:23 > BH:19 > BH:15 > BH:10,selected,1,0.9718963831867058,True,280,186,94,178.0,1.0,1.0,True,True,1,1,0,True,3,1,0,0,True,True,0,17,10,17,10,3,PF_RP,sampled_pool,,,False,0.9333333333333333,0.9135958703078493,0.1,0.1,adaptive,break_symmetry,offspring,feasible_start_adaptive_spacing,,,,feasible_start_adaptive_spacing,0.5,,True,auto_from_instance,0.75,0.35,"1,3,4,5,6,7,9,10,11,13,14,15,17,19,21,22,23","1,3,4,5,7,11,13,15,17,19",,,,,,"H[1,3,4,5,6,7,9,10,11,13,14,15,17,19,21,22,23]|V[1,3,4,5,7,11,13,15,17,19]",f57b8901bd1c6d5d6bd4b77a941dc8ee5bc83d4a
proposed_nsga2_bs_demo_layout_door_left_AW_2_seed_128,proposed_nsga2_bs,demo_layout_door_left_AW_2,128,13,auto_from_instance,10,15,3,28,150,,,,,10,5,8,root > V:16 > BH:13 > BV:12 > BV:12 > BV:7 > BV:3 > BV:7 > BV:3,selected,0,inf,True,266,216,50,50.0,1.0,1.0,True,True,1,1,0,True,3,1,0,0,True,True,0,17,11,17,11,5,LS_PF,sampled_pool,,,False,0.9333333333333333,1.0,0.1,0.1,adaptive,break_symmetry,offspring,feasible_start_adaptive_spacing,,,,feasible_start_adaptive_spacing,0.5,,True,auto_from_instance,0.75,0.35,"1,2,4,5,6,7,9,10,11,13,14,16,17,19,21,22,23","1,3,4,5,7,11,12,15,16,17,18",,,,,,"H[1,2,4,5,6,7,9,10,11,13,14,16,17,19,21,22,23]|V[1,3,4,5,7,11,12,15,16,17,18]",63c9c1384eb0d63f6756e5f6c6567bc893aa1bf9
proposed_nsga2_bs_demo_layout_door_left_AW_2_seed_128,proposed_nsga2_bs,demo_layout_door_left_AW_2,128,13,auto_from_instance,10,15,3,28,150,,,,,11,6,7,root > V:15 > BH:13 > BV:7 > BV:5 > BV:11 > BV:3 > BV:11,selected,1,0.614613880742913,True,292,190,102,128.0,1.0,1.0,True,True,1,1,0,True,3,1,0,0,True,True,0,17,10,17,10,6,RP_LS,sampled_pool,,,False,0.9333333333333333,0.9881267086784388,0.1,0.1,adaptive,break_symmetry,offspring,feasible_start_adaptive_spacing,,,,feasible_start_adaptive_spacing,0.5,,True,auto_from_instance,0.75,0.35,"1,3,4,5,6,7,9,10,11,13,14,15,17,19,21,23,25","1,3,4,5,7,11,14,15,17,18",,,,,,"H[1,3,4,5,6,7,9,10,11,13,14,15,17,19,21,23,25]|V[1,3,4,5,7,11,14,15,17,18]",33486d296fa513a0e67a344ef0adfe93ff71bff4
proposed_nsga2_bs_demo_layout_door_left_AW_2_seed_128,proposed_nsga2_bs,demo_layout_door_left_AW_2,128,13,auto_from_instance,10,15,3,28,150,,,,,12,6,7,root > V:15 > BH:13 > BV:7 > BV:5 > BV:11 > BV:3 > BV:11,selected,1,inf,True,292,190,102,128.0,1.0,1.0,True,True,1,1,0,True,3,1,0,0,True,True,0,17,10,17,10,6,RP_LS,sampled_pool,,,False,0.9333333333333333,0.9881267086784388,0.1,0.1,adaptive,break_symmetry,offspring,feasible_start_adaptive_spacing,,,,feasible_start_adaptive_spacing,0.5,,True,auto_from_instance,0.75,0.35,"1,3,4,5,6,7,9,10,11,13,14,15,17,19,21,23,25","1,3,4,5,7,11,14,15,17,18",,,,,,"H[1,3,4,5,6,7,9,10,11,13,14,15,17,19,21,23,25]|V[1,3,4,5,7,11,14,15,17,18]",40f61919c4da879ac8a409d310000f13e7665a7c
proposed_nsga2_bs_demo_layout_door_left_AW_2_seed_128,proposed_nsga2_bs,demo_layout_door_left_AW_2,128,13,auto_from_instance,10,15,3,28,150,,,,,13,10,10,root > V:12 > BH:13 > BV:7 > BV:7 > BH:22 > BH:14 > BH:6 > BV:16 > BH:18 > BH:10,evaluated,2,inf,False,300,163,137,149.0,1.0,1.0,True,True,1,1,0,True,3,1,0,0,True,True,0,19,10,19,10,10,SS_PF_LS,sampled_pool,,,True,0.9333333333333333,0.985451852810352,0.1,0.1,adaptive,break_symmetry,offspring,feasible_start_adaptive_spacing,,,,feasible_start_adaptive_spacing,0.5,,True,auto_from_instance,0.75,0.35,"1,3,4,5,6,7,9,10,11,13,14,15,17,19,21,23,25","1,3,4,5,6,7,10,12,15",,,,,,"H[1,3,4,5,6,7,9,10,11,13,14,15,17,18,19,21,22,23,25]|V[1,3,4,5,6,7,10,12,15,16]",6c0b458949fe32ef49de766671bb27332171a5e6
proposed_nsga2_bs_demo_layout_door_left_AW_2_seed_128,proposed_nsga2_bs,demo_layout_door_left_AW_2,128,13,auto_from_instance,10,15,3,28,150,,,,,14,10,10,root > V:12 > BH:13 > BV:6 > BV:7 > BH:22 > BH:14 > BH:6 > BV:16 > BH:18 > BH:10,evaluated,2,0.0,False,300,163,137,149.0,1.0,1.0,True,True,1,1,0,True,3,1,0,0,True,True,0,19,10,19,10,10,SS_PF_LS,sampled_pool,,,True,0.9333333333333333,0.985451852810352,0.1,0.1,adaptive,break_symmetry,offspring,feasible_start_adaptive_spacing,,,,feasible_start_adaptive_spacing,0.5,,True,auto_from_instance,0.75,0.35,"1,3,4,5,6,7,9,10,11,13,14,15,17,19,21,23,25","1,3,4,5,6,7,10,12,15",,,,,,"H[1,3,4,5,6,7,9,10,11,13,14,15,17,18,19,21,22,23,25]|V[1,3,4,5,6,7,10,12,15,16]",6513867545607ad370669d57c493a381f10a2747
proposed_nsga2_bs_demo_layout_door_left_AW_2_seed_128,proposed_nsga2_bs,demo_layout_door_left_AW_2,128,13,auto_from_instance,10,15,3,28,150,,,,,15,10,10,root > V:12 > BH:13 > BV:5 > BV:7 > BH:22 > BH:14 > BH:6 > BV:16 > BH:18 > BH:10,evaluated,2,inf,False,300,163,137,149.0,1.0,1.0,True,True,1,1,0,True,3,1,0,0,True,True,0,19,10,19,10,10,SS_PF_LS,sampled_pool,,,True,0.9333333333333333,0.985451852810352,0.1,0.1,adaptive,break_symmetry,offspring,feasible_start_adaptive_spacing,,,,feasible_start_adaptive_spacing,0.5,,True,auto_from_instance,0.75,0.35,"1,3,4,5,6,7,9,10,11,13,14,15,17,19,21,23,25","1,3,4,5,6,7,10,12,15",,,,,,"H[1,3,4,5,6,7,9,10,11,13,14,15,17,18,19,21,22,23,25]|V[1,3,4,5,6,7,10,12,15,16]",1311e7d0b42c27d70f2f76130ef041f28d417646
proposed_nsga2_bs_demo_layout_door_left_AW_2_seed_128,proposed_nsga2_bs,demo_layout_door_left_AW_2,128,14,auto_from_instance,10,15,3,28,150,,,,,1,1,10,root > V:12 > BH:13 > BV:7 > BV:7 > BH:22 > BH:14 > BH:6 > BV:16 > BH:18 > BH:10,evaluated,3,inf,False,300,163,137,149.0,1.0,1.0,True,True,1,1,0,True,3,1,0,0,True,True,0,18,10,18,10,1,SS_LS_PF,sampled_pool,,,True,1.0,0.993180218814369,0.1,0.1,adaptive,bit_flip,offspring,feasible_start_adaptive_spacing,,,,feasible_start_adaptive_spacing,0.5,,True,auto_from_instance,0.75,0.35,"1,2,4,5,6,7,9,10,11,13,14,16,17,19,23,25","1,3,4,5,6,7,11,12,15",,,,,,"H[1,2,4,5,6,7,9,10,11,13,14,16,17,18,19,22,23,25]|V[1,3,4,5,6,7,11,12,15,16]",6c0b458949fe32ef49de766671bb27332171a5e6
proposed_nsga2_bs_demo_layout_door_left_AW_2_seed_128,proposed_nsga2_bs,demo_layout_door_left_AW_2,128,14,auto_from_instance,10,15,3,28,150,,,,,2,1,10,root > V:12 > BH:13 > BV:6 > BV:7 > BH:22 > BH:14 > BH:6 > BV:16 > BH:18 > BH:10,evaluated,3,0.0,False,300,163,137,149.0,1.0,1.0,True,True,1,1,0,True,3,1,0,0,True,True,0,18,10,18,10,1,SS_LS_PF,sampled_pool,,,True,1.0,0.993180218814369,0.1,0.1,adaptive,bit_flip,offspring,feasible_start_adaptive_spacing,,,,feasible_start_adaptive_spacing,0.5,,True,auto_from_instance,0.75,0.35,"1,2,4,5,6,7,9,10,11,13,14,16,17,19,23,25","1,3,4,5,6,7,11,12,15",,,,,,"H[1,2,4,5,6,7,9,10,11,13,14,16,17,18,19,22,23,25]|V[1,3,4,5,6,7,11,12,15,16]",6513867545607ad370669d57c493a381f10a2747
proposed_nsga2_bs_demo_layout_door_left_AW_2_seed_128,proposed_nsga2_bs,demo_layout_door_left_AW_2,128,14,auto_from_instance,10,15,3,28,150,,,,,3,1,10,root > V:12 > BH:13 > BV:5 > BV:7 > BH:22 > BH:14 > BH:6 > BV:16 > BH:18 > BH:10,evaluated,3,inf,False,300,163,137,149.0,1.0,1.0,True,True,1,1,0,True,3,1,0,0,True,True,0,18,10,18,10,1,SS_LS_PF,sampled_pool,,,True,1.0,0.993180218814369,0.1,0.1,adaptive,bit_flip,offspring,feasible_start_adaptive_spacing,,,,feasible_start_adaptive_spacing,0.5,,True,auto_from_instance,0.75,0.35,"1,2,4,5,6,7,9,10,11,13,14,16,17,19,23,25","1,3,4,5,6,7,11,12,15",,,,,,"H[1,2,4,5,6,7,9,10,11,13,14,16,17,18,19,22,23,25]|V[1,3,4,5,6,7,11,12,15,16]",1311e7d0b42c27d70f2f76130ef041f28d417646
proposed_nsga2_bs_demo_layout_door_left_AW_2_seed_128,proposed_nsga2_bs,demo_layout_door_left_AW_2,128,14,auto_from_instance,10,15,3,28,150,,,,,4,2,7,root > V:15 > BH:13 > BV:7 > BV:5 > BV:11 > BV:3 > BV:11,evaluated,2,0.4196738179760251,False,292,190,102,128.0,1.0,1.0,True,True,1,1,0,True,3,1,0,0,True,True,0,18,11,18,11,2,SS_PF_LS,sampled_pool,,,True,1.0,0.9766168904352165,0.1,0.1,adaptive,insert_random_aisle,offspring,feasible_start_adaptive_spacing,,,,feasible_start_adaptive_spacing,0.5,,True,auto_from_instance,0.75,0.35,"1,3,4,5,6,7,9,10,11,13,14,15,17,19,20,21,22,23","1,3,4,5,7,11,12,15,16,17,18",,,,,,"H[1,3,4,5,6,7,9,10,11,13,14,15,17,19,20,21,22,23]|V[1,3,4,5,7,11,12,15,16,17,18]",33486d296fa513a0e67a344ef0adfe93ff71bff4
proposed_nsga2_bs_demo_layout_door_left_AW_2_seed_128,proposed_nsga2_bs,demo_layout_door_left_AW_2,128,14,auto_from_instance,10,15,3,28,150,,,,,5,2,7,root > V:15 > BH:13 > BV:7 > BV:5 > BV:11 > BV:3 > BV:11,selected,2,0.8138087153367288,True,292,190,102,128.0,1.0,1.0,True,True,1,1,0,True,3,1,0,0,True,True,0,18,11,18,11,2,SS_PF_LS,sampled_pool,,,True,1.0,0.9766168904352165,0.1,0.1,adaptive,insert_random_aisle,offspring,feasible_start_adaptive_spacing,,,,feasible_start_adaptive_spacing,0.5,,True,auto_from_instance,0.75,0.35,"1,3,4,5,6,7,9,10,11,13,14,15,17,19,20,21,22,23","1,3,4,5,7,11,12,15,16,17,18",,,,,,"H[1,3,4,5,6,7,9,10,11,13,14,15,17,19,20,21,22,23]|V[1,3,4,5,7,11,12,15,16,17,18]",40f61919c4da879ac8a409d310000f13e7665a7c
proposed_nsga2_bs_demo_layout_door_left_AW_2_seed_128,proposed_nsga2_bs,demo_layout_door_left_AW_2,128,14,auto_from_instance,10,15,3,28,150,,,,,6,3,8,root > V:15 > BH:13 > BV:7 > BV:7 > BV:3 > BV:3 > BV:11 > BV:11,selected,1,inf,True,268,214,54,104.0,1.0,1.0,True,True,1,1,0,True,3,1,0,0,True,True,0,16,8,16,8,3,LS,sampled_pool,,,False,1.0,0.9360104667226901,0.1,0.1,adaptive,bit_flip,offspring,feasible_start_adaptive_spacing,,,,feasible_start_adaptive_spacing,0.5,,True,auto_from_instance,0.75,0.35,"1,3,4,5,6,7,9,10,13,14,15,17,19,21,23,25","1,3,4,5,7,11,14,15",,,,,,"H[1,3,4,5,6,7,9,10,13,14,15,17,19,21,23,25]|V[1,3,4,5,7,11,14,15]",81347b9f72276c28618e0af7b5d4aafe7ae7ee4f
proposed_nsga2_bs_demo_layout_door_left_AW_2_seed_128,proposed_nsga2_bs,demo_layout_door_left_AW_2,128,14,auto_from_instance,10,15,3,28,150,,,,,7,4,10,root > V:12 > BH:13 > BV:7 > BV:7 > BH:22 > BH:14 > BH:6 > BV:16 > BV:3 > BV:3,selected,1,inf,True,276,187,89,101.0,1.0,1.0,True,True,1,1,0,True,3,1,0,0,True,True,0,17,10,17,10,4,RP_LS,sampled_pool,,,False,1.0,0.9658086371197946,0.1,0.1,adaptive,remove_random_aisle,offspring,feasible_start_adaptive_spacing,,,,feasible_start_adaptive_spacing,0.5,,True,auto_from_instance,0.75,0.35,"1,3,4,5,6,7,9,10,11,13,14,15,17,19,23,25","1,3,4,5,7,11,12,15,17",,,,,,"H[1,3,4,5,6,7,9,10,11,13,14,15,17,19,22,23,25]|V[1,3,4,5,7,11,12,15,16,17]",a94c6f4f154b2aebed1171b5075e0645c15491ce
proposed_nsga2_bs_demo_layout_door_left_AW_2_seed_128,proposed_nsga2_bs,demo_layout_door_left_AW_2,128,14,auto_from_instance,10,15,3,28,150,,,,,8,4,10,root > V:12 > BH:13 > BV:7 > BV:7 > BH:22 > BH:14 > BH:6 > BV:16 > BV:3 > BH:18,selected,2,inf,True,288,175,113,125.0,1.0,1.0,True,True,1,1,0,True,3,1,0,0,True,True,0,18,10,18,10,4,RP_LS,sampled_pool,,,False,1.0,0.9658086371197946,0.1,0.1,adaptive,remove_random_aisle,offspring,feasible_start_adaptive_spacing,,,,feasible_start_adaptive_spacing,0.5,,True,auto_from_instance,0.75,0.35,"1,3,4,5,6,7,9,10,11,13,14,15,17,19,23,25","1,3,4,5,7,11,12,15,17",,,,,,"H[1,3,4,5,6,7,9,10,11,13,14,15,17,18,19,22,23,25]|V[1,3,4,5,7,11,12,15,16,17]",1647d89a1005ff3dd8c622d58b01fa251417ca23
proposed_nsga2_bs_demo_layout_door_left_AW_2_seed_128,proposed_nsga2_bs,demo_layout_door_left_AW_2,128,14,auto_from_instance,10,15,3,28,150,,,,,9,4,10,root > V:12 > BH:13 > BV:7 > BV:7 > BH:22 > BH:14 > BH:6 > BV:16 > BV:3 > BH:10,selected,2,inf,True,288,175,113,125.0,1.0,1.0,True,True,1,1,0,True,3,1,0,0,True,True,0,17,10,17,10,4,RP_LS,sampled_pool,,,False,1.0,0.9658086371197946,0.1,0.1,adaptive,remove_random_aisle,offspring,feasible_start_adaptive_spacing,,,,feasible_start_adaptive_spacing,0.5,,True,auto_from_instance,0.75,0.35,"1,3,4,5,6,7,9,10,11,13,14,15,17,19,23,25","1,3,4,5,7,11,12,15,17",,,,,,"H[1,3,4,5,6,7,9,10,11,13,14,15,17,19,22,23,25]|V[1,3,4,5,7,11,12,15,16,17]",ad9f693d0cb7a9b32d4267a593e9fc61742b13c4
proposed_nsga2_bs_demo_layout_door_left_AW_2_seed_128,proposed_nsga2_bs,demo_layout_door_left_AW_2,128,14,auto_from_instance,10,15,3,28,150,,,,,10,5,10,root > V:13 > BH:13 > BV:7 > BV:7 > BV:3 > BV:3 > BH:23 > BH:19 > BH:15 > BH:11,evaluated,2,0.5924988424139528,False,280,187,93,189.0,1.0,1.0,True,True,1,1,0,True,3,1,0,0,True,True,0,16,10,16,10,5,PF_SS_RP,sampled_pool,,,True,1.0,1.0,0.1,0.1,adaptive,remove_random_aisle,offspring,feasible_start_adaptive_spacing,,,,feasible_start_adaptive_spacing,0.5,,True,auto_from_instance,0.75,0.35,"1,3,4,5,6,7,9,11,13,14,15,17,19,21,22,23","1,3,4,5,7,11,13,15,17,19",,,,,,"H[1,3,4,5,6,7,9,11,13,14,15,17,19,21,22,23]|V[1,3,4,5,7,11,13,15,17,19]",cf8dc985e03ad0af540eafa816c991b5e198e01b
proposed_nsga2_bs_demo_layout_door_left_AW_2_seed_128,proposed_nsga2_bs,demo_layout_door_left_AW_2,128,14,auto_from_instance,10,15,3,28,150,,,,,11,5,10,root > V:13 > BH:13 > BV:7 > BV:7 > BV:3 > BV:3 > BH:3 > BH:7 > BH:11 > BH:15,evaluated,2,0.5474507382826568,False,280,187,93,189.0,1.0,1.0,True,True,1,1,0,True,3,1,0,0,True,True,0,16,10,16,10,5,PF_SS_RP,sampled_pool,,,True,1.0,1.0,0.1,0.1,adaptive,remove_random_aisle,offspring,feasible_start_adaptive_spacing,,,,feasible_start_adaptive_spacing,0.5,,True,auto_from_instance,0.75,0.35,"1,3,4,5,6,7,9,11,13,14,15,17,19,21,22,23","1,3,4,5,7,11,13,15,17,19",,,,,,"H[1,3,4,5,6,7,9,11,13,14,15,17,19,21,22,23]|V[1,3,4,5,7,11,13,15,17,19]",781f3c7db86671b66d11561010e6da241635a741
proposed_nsga2_bs_demo_layout_door_left_AW_2_seed_128,proposed_nsga2_bs,demo_layout_door_left_AW_2,128,14,auto_from_instance,10,15,3,28,150,,,,,12,5,10,root > V:13 > BH:13 > BV:7 > BV:7 > BV:3 > BV:3 > BH:23 > BH:19 > BH:15 > BH:10,selected,2,1.297854607192468,True,280,186,94,178.0,1.0,1.0,True,True,1,1,0,True,3,1,0,0,True,True,0,17,10,17,10,5,PF_SS_RP,sampled_pool,,,True,1.0,1.0,0.1,0.1,adaptive,remove_random_aisle,offspring,feasible_start_adaptive_spacing,,,,feasible_start_adaptive_spacing,0.5,,True,auto_from_instance,0.75,0.35,"1,3,4,5,6,7,9,11,13,14,15,17,19,21,22,23","1,3,4,5,7,11,13,15,17,19",,,,,,"H[1,3,4,5,6,7,9,10,11,13,14,15,17,19,21,22,23]|V[1,3,4,5,7,11,13,15,17,19]",f57b8901bd1c6d5d6bd4b77a941dc8ee5bc83d4a
proposed_nsga2_bs_demo_layout_door_left_AW_2_seed_128,proposed_nsga2_bs,demo_layout_door_left_AW_2,128,14,auto_from_instance,10,15,3,28,150,,,,,13,8,8,root > V:16 > BH:13 > BV:7 > BV:7 > BV:12 > BV:12 > BV:3 > BV:3,selected,0,inf,True,266,216,50,50.0,1.0,1.0,True,True,1,1,0,True,3,1,0,0,True,True,0,19,11,19,11,8,LS_RP,sampled_pool,,,False,1.0,0.9983070261538181,0.1,0.1,adaptive,insert_random_aisle,offspring,feasible_start_adaptive_spacing,,,,feasible_start_adaptive_spacing,0.5,,True,auto_from_instance,0.75,0.35,"1,2,4,5,6,7,9,10,11,13,14,15,16,17,19,21,22,23,27","1,3,4,5,7,11,12,15,16,17,18",,,,,,"H[1,2,4,5,6,7,9,10,11,13,14,15,16,17,19,21,22,23,27]|V[1,3,4,5,7,11,12,15,16,17,18]",63c9c1384eb0d63f6756e5f6c6567bc893aa1bf9
proposed_nsga2_bs_demo_layout_door_left_AW_2_seed_128,proposed_nsga2_bs,demo_layout_door_left_AW_2,128,14,auto_from_instance,10,15,3,28,150,,,,,14,10,10,root > V:12 > BH:13 > BV:7 > BV:7 > BV:3 > BV:3 > BH:23 > BH:19 > BH:15 > BH:11,selected,2,inf,True,274,194,80,280.0,1.0,1.0,True,True,1,1,0,True,3,1,0,0,True,True,0,17,10,17,10,10,LS_SS,sampled_pool,,,True,1.0,0.9916491807291089,0.1,0.1,adaptive,insert_random_aisle,offspring,feasible_start_adaptive_spacing,,,,feasible_start_adaptive_spacing,0.5,,True,auto_from_instance,0.75,0.35,"1,3,4,5,6,7,9,10,11,13,14,15,17,18,19,23,25","1,3,4,5,6,7,11,12,15,18",,,,,,"H[1,3,4,5,6,7,9,10,11,13,14,15,17,18,19,23,25]|V[1,3,4,5,6,7,11,12,15,18]",bdfca70a8c818bb19067e89832a1fa058704500a
proposed_nsga2_bs_demo_layout_door_left_AW_2_seed_128,proposed_nsga2_bs,demo_layout_door_left_AW_2,128,14,auto_from_instance,10,15,3,28,150,,,,,15,10,10,root > V:12 > BH:13 > BV:7 > BV:7 > BV:3 > BV:3 > BH:3 > BH:7 > BH:11 > BH:15,selected,2,inf,True,274,194,80,280.0,1.0,1.0,True,True,1,1,0,True,3,1,0,0,True,True,0,17,10,17,10,10,LS_SS,sampled_pool,,,True,1.0,0.9916491807291089,0.1,0.1,adaptive,insert_random_aisle,offspring,feasible_start_adaptive_spacing,,,,feasible_start_adaptive_spacing,0.5,,True,auto_from_instance,0.75,0.35,"1,3,4,5,6,7,9,10,11,13,14,15,17,18,19,23,25","1,3,4,5,6,7,11,12,15,18",,,,,,"H[1,3,4,5,6,7,9,10,11,13,14,15,17,18,19,23,25]|V[1,3,4,5,6,7,11,12,15,18]",292e4a0811453f298c64fb7dbcde651097d2db94
proposed_nsga2_bs_demo_layout_door_left_AW_2_seed_128,proposed_nsga2_bs,demo_layout_door_left_AW_2,128,14,auto_from_instance,10,15,3,28,150,,,,,16,10,10,root > V:12 > BH:13 > BV:7 > BV:7 > BV:3 > BV:3 > BH:23 > BH:19 > BH:15 > BH:10,selected,2,1.191562483922416,True,274,193,81,261.0,1.0,1.0,True,True,1,1,0,True,3,1,0,0,True,True,0,17,10,17,10,10,LS_SS,sampled_pool,,,True,1.0,0.9916491807291089,0.1,0.1,adaptive,insert_random_aisle,offspring,feasible_start_adaptive_spacing,,,,feasible_start_adaptive_spacing,0.5,,True,auto_from_instance,0.75,0.35,"1,3,4,5,6,7,9,10,11,13,14,15,17,18,19,23,25","1,3,4,5,6,7,11,12,15,18",,,,,,"H[1,3,4,5,6,7,9,10,11,13,14,15,17,18,19,23,25]|V[1,3,4,5,6,7,11,12,15,18]",2d45a8cf9f4b3046e1a6b7ef68e4854df3ece1d8
