run_id,method,instance,seed,generation,budget_policy,auto_population_size,auto_generations,auto_beam_width,auto_max_depth,auto_decode_budget,restart_index,batch_index,within_batch_index,decode_budget,candidate_id,parent_chromosome_id,depth,trace,status,rank,crowding_distance,selected,storage_total,pick_faces,interior_storage,retrieval_penalty,door_connectivity_index,access_anchor_connectivity_index,has_door_connected_aisle,has_access_anchor_connected_aisle,aisle_components,anchor_connected_components,unanchored_aisle_components,single_aisle_component,access_network_components,aisle_access_network_components,unreachable_aisle_components,unreachable_aisle_cells,has_access_anchor_reachable_aisle_network,exact_width_ok,exact_width_violation_count,chromosome_h_active_count,chromosome_v_active_count,active_h_count,active_v_count,chromosome_index,sorting_rule,sorting_rule_mode,bs_rule_policy,bs_weight_policy,uses_scalar_score,rho,beam_w1,beam_w2,beam_lambda,adaptive_weight_mode,mutation_operator,initialization_mode,initialization_spacing_mode,adaptive_spacing_used,feasible_h_start_count,feasible_v_start_count,adaptive_spacing_mode,adaptive_spacing_alpha,adaptive_spacing_bf,auto_params_used,parameter_source,beta_h,beta_v,h_active_starts,v_active_starts,terminal,safety_max_depth_reached,feasible,feasibility_reason,storage_block_count,chromosome_signature,layout_signature
proposed_nsga2_bs_Gyorgy-KOVACS_WH_Narrow_AW_4_seed_102,proposed_nsga2_bs,Gyorgy-KOVACS_WH_Narrow_AW_4,102,0,auto_from_instance,12,18,4,30,216,,,,,1,1,8,root > V:16 > BH:27 > BH:5 > BH:15 > BH:25 > BH:37 > BH:47 > BV:26,selected,0,inf,True,632,246,386,550.0,1.0,1.0,True,True,1,1,0,True,1,1,0,0,True,True,0,7,3,7,3,1,PF_LS_RP,sampled_pool,,,False,0.05555555555555555,0.14700240929313652,0.9444444444444444,0.1,adaptive,,random_feasible_start_no_adaptive_spacing,random_feasible_start_no_adaptive_spacing,False,45,14,feasible_start_adaptive_spacing,0.5,,True,auto_from_instance,0.75,0.35,8,"16,20",,,,,,"H[5,8,15,25,27,37,47]|V[16,20,26]",08ee812bc396556b6550be0bd82f9266dcd2fe55
proposed_nsga2_bs_Gyorgy-KOVACS_WH_Narrow_AW_4_seed_102,proposed_nsga2_bs,Gyorgy-KOVACS_WH_Narrow_AW_4,102,0,auto_from_instance,12,18,4,30,216,,,,,2,1,8,root > V:16 > BH:27 > BH:49 > BH:39 > BH:29 > BH:17 > BH:7 > BV:26,selected,0,1.7742551566080977,True,632,246,386,550.0,1.0,1.0,True,True,1,1,0,True,1,1,0,0,True,True,0,7,3,7,3,1,PF_LS_RP,sampled_pool,,,False,0.05555555555555555,0.14700240929313652,0.9444444444444444,0.1,adaptive,,random_feasible_start_no_adaptive_spacing,random_feasible_start_no_adaptive_spacing,False,45,14,feasible_start_adaptive_spacing,0.5,,True,auto_from_instance,0.75,0.35,8,"16,20",,,,,,"H[7,8,17,27,29,39,49]|V[16,20,26]",660d9dab711cc8220a7c4152b9d81284ad744a59
proposed_nsga2_bs_Gyorgy-KOVACS_WH_Narrow_AW_4_seed_102,proposed_nsga2_bs,Gyorgy-KOVACS_WH_Narrow_AW_4,102,0,auto_from_instance,12,18,4,30,216,,,,,3,1,8,root > V:16 > BH:27 > BH:5 > BH:15 > BH:25 > BH:37 > BH:47 > BV:24,selected,1,inf,True,632,246,386,628.0,1.0,1.0,True,True,1,1,0,True,1,1,0,0,True,True,0,7,3,7,3,1,PF_LS_RP,sampled_pool,,,False,0.05555555555555555,0.14700240929313652,0.9444444444444444,0.1,adaptive,,random_feasible_start_no_adaptive_spacing,random_feasible_start_no_adaptive_spacing,False,45,14,feasible_start_adaptive_spacing,0.5,,True,auto_from_instance,0.75,0.35,8,"16,20",,,,,,"H[5,8,15,25,27,37,47]|V[16,20,24]",fe71932ea9ef92cbca4e0b578f20f6e88be50370
proposed_nsga2_bs_Gyorgy-KOVACS_WH_Narrow_AW_4_seed_102,proposed_nsga2_bs,Gyorgy-KOVACS_WH_Narrow_AW_4,102,0,auto_from_instance,12,18,4,30,216,,,,,4,1,8,root > V:16 > BH:27 > BH:49 > BH:39 > BH:29 > BH:17 > BH:7 > BV:24,selected,1,inf,True,632,246,386,628.0,1.0,1.0,True,True,1,1,0,True,1,1,0,0,True,True,0,7,3,7,3,1,PF_LS_RP,sampled_pool,,,False,0.05555555555555555,0.14700240929313652,0.9444444444444444,0.1,adaptive,,random_feasible_start_no_adaptive_spacing,random_feasible_start_no_adaptive_spacing,False,45,14,feasible_start_adaptive_spacing,0.5,,True,auto_from_instance,0.75,0.35,8,"16,20",,,,,,"H[7,8,17,27,29,39,49]|V[16,20,24]",9696e3fb0a981a3c866440c46c54987a8cf3ab94
proposed_nsga2_bs_Gyorgy-KOVACS_WH_Narrow_AW_4_seed_102,proposed_nsga2_bs,Gyorgy-KOVACS_WH_Narrow_AW_4,102,0,auto_from_instance,12,18,4,30,216,,,,,5,2,6,root > H:14 > BH:28 > BH:50 > BH:42 > BV:25 > BV:17,evaluated,3,inf,False,732,212,520,1011.0,1.0,1.0,True,True,1,1,0,True,1,1,0,0,True,True,0,4,2,4,2,2,LS,sampled_pool,,,False,0.05555555555555555,0.1,0.9444444444444444,0.1,adaptive,,random_feasible_start_no_adaptive_spacing,random_feasible_start_no_adaptive_spacing,False,45,14,feasible_start_adaptive_spacing,0.5,,True,auto_from_instance,0.75,0.35,14,,,,,,,"H[14,28,42,50]|V[17,25]",3ad873b8dc2690d303ac4ecb56ae7bdb43a25f4d
proposed_nsga2_bs_Gyorgy-KOVACS_WH_Narrow_AW_4_seed_102,proposed_nsga2_bs,Gyorgy-KOVACS_WH_Narrow_AW_4,102,0,auto_from_instance,12,18,4,30,216,,,,,6,2,6,root > H:14 > BH:28 > BH:50 > BH:40 > BV:25 > BV:17,selected,2,inf,True,732,212,520,927.0,1.0,1.0,True,True,1,1,0,True,1,1,0,0,True,True,0,4,2,4,2,2,LS,sampled_pool,,,False,0.05555555555555555,0.1,0.9444444444444444,0.1,adaptive,,random_feasible_start_no_adaptive_spacing,random_feasible_start_no_adaptive_spacing,False,45,14,feasible_start_adaptive_spacing,0.5,,True,auto_from_instance,0.75,0.35,14,,,,,,,"H[14,28,40,50]|V[17,25]",7babb2087b689aa65051bdfd39b268266189b0fa
proposed_nsga2_bs_Gyorgy-KOVACS_WH_Narrow_AW_4_seed_102,proposed_nsga2_bs,Gyorgy-KOVACS_WH_Narrow_AW_4,102,0,auto_from_instance,12,18,4,30,216,,,,,7,2,6,root > H:14 > BH:28 > BH:48 > BH:40 > BV:25 > BV:17,evaluated,4,inf,False,732,212,520,1116.0,1.0,1.0,True,True,1,1,0,True,1,1,0,0,True,True,0,4,2,4,2,2,LS,sampled_pool,,,False,0.05555555555555555,0.1,0.9444444444444444,0.1,adaptive,,random_feasible_start_no_adaptive_spacing,random_feasible_start_no_adaptive_spacing,False,45,14,feasible_start_adaptive_spacing,0.5,,True,auto_from_instance,0.75,0.35,14,,,,,,,"H[14,28,40,48]|V[17,25]",d9386907e192dd4eb411aa42d3ba3c91a79284db
proposed_nsga2_bs_Gyorgy-KOVACS_WH_Narrow_AW_4_seed_102,proposed_nsga2_bs,Gyorgy-KOVACS_WH_Narrow_AW_4,102,0,auto_from_instance,12,18,4,30,216,,,,,8,2,6,root > H:14 > BH:28 > BH:50 > BH:38 > BV:25 > BV:17,selected,2,inf,True,732,212,520,927.0,1.0,1.0,True,True,1,1,0,True,1,1,0,0,True,True,0,4,2,4,2,2,LS,sampled_pool,,,False,0.05555555555555555,0.1,0.9444444444444444,0.1,adaptive,,random_feasible_start_no_adaptive_spacing,random_feasible_start_no_adaptive_spacing,False,45,14,feasible_start_adaptive_spacing,0.5,,True,auto_from_instance,0.75,0.35,14,,,,,,,"H[14,28,38,50]|V[17,25]",6cb287f978e4a2b6cef1bd5ddf35de0102845f04
proposed_nsga2_bs_Gyorgy-KOVACS_WH_Narrow_AW_4_seed_102,proposed_nsga2_bs,Gyorgy-KOVACS_WH_Narrow_AW_4,102,0,auto_from_instance,12,18,4,30,216,,,,,9,3,8,root > V:20 > BH:27 > BH:49 > BH:41 > BH:29 > BH:17 > BH:9 > BV:30,evaluated,3,inf,False,688,208,480,790.0,1.0,1.0,True,True,1,1,0,True,1,1,0,0,True,True,0,8,4,8,4,3,LS,sampled_pool,,,False,0.05555555555555555,0.1,0.9444444444444444,0.1,adaptive,,random_feasible_start_no_adaptive_spacing,random_feasible_start_no_adaptive_spacing,False,45,14,feasible_start_adaptive_spacing,0.5,,True,auto_from_instance,0.75,0.35,"25,37","20,21,22",,,,,,"H[9,17,25,27,29,37,41,49]|V[20,21,22,30]",911746e777de99c0c10fefe3e371441fd839dbe5
proposed_nsga2_bs_Gyorgy-KOVACS_WH_Narrow_AW_4_seed_102,proposed_nsga2_bs,Gyorgy-KOVACS_WH_Narrow_AW_4,102,0,auto_from_instance,12,18,4,30,216,,,,,10,3,8,root > V:20 > BH:27 > BH:49 > BH:39 > BH:29 > BH:17 > BH:9 > BV:30,evaluated,2,2.1142447752848255,False,688,208,480,770.0,1.0,1.0,True,True,1,1,0,True,1,1,0,0,True,True,0,8,4,8,4,3,LS,sampled_pool,,,False,0.05555555555555555,0.1,0.9444444444444444,0.1,adaptive,,random_feasible_start_no_adaptive_spacing,random_feasible_start_no_adaptive_spacing,False,45,14,feasible_start_adaptive_spacing,0.5,,True,auto_from_instance,0.75,0.35,"25,37","20,21,22",,,,,,"H[9,17,25,27,29,37,39,49]|V[20,21,22,30]",43f54e4cd28613ec5db109b68a13f87db8c90a4b
proposed_nsga2_bs_Gyorgy-KOVACS_WH_Narrow_AW_4_seed_102,proposed_nsga2_bs,Gyorgy-KOVACS_WH_Narrow_AW_4,102,0,auto_from_instance,12,18,4,30,216,,,,,11,3,8,root > V:20 > BH:27 > BH:49 > BH:41 > BH:29 > BH:17 > BH:7 > BV:30,evaluated,5,inf,False,696,204,492,812.0,1.0,1.0,True,True,1,1,0,True,1,1,0,0,True,True,0,8,4,8,4,3,LS,sampled_pool,,,False,0.05555555555555555,0.1,0.9444444444444444,0.1,adaptive,,random_feasible_start_no_adaptive_spacing,random_feasible_start_no_adaptive_spacing,False,45,14,feasible_start_adaptive_spacing,0.5,,True,auto_from_instance,0.75,0.35,"25,37","20,21,22",,,,,,"H[7,17,25,27,29,37,41,49]|V[20,21,22,30]",7159adc94c07aa26ecc084f4de86ebc420fb309e
proposed_nsga2_bs_Gyorgy-KOVACS_WH_Narrow_AW_4_seed_102,proposed_nsga2_bs,Gyorgy-KOVACS_WH_Narrow_AW_4,102,0,auto_from_instance,12,18,4,30,216,,,,,12,3,8,root > V:20 > BH:27 > BH:49 > BH:39 > BH:29 > BH:17 > BH:7 > BV:30,evaluated,4,inf,False,696,204,492,792.0,1.0,1.0,True,True,1,1,0,True,1,1,0,0,True,True,0,8,4,8,4,3,LS,sampled_pool,,,False,0.05555555555555555,0.1,0.9444444444444444,0.1,adaptive,,random_feasible_start_no_adaptive_spacing,random_feasible_start_no_adaptive_spacing,False,45,14,feasible_start_adaptive_spacing,0.5,,True,auto_from_instance,0.75,0.35,"25,37","20,21,22",,,,,,"H[7,17,25,27,29,37,39,49]|V[20,21,22,30]",ade8bf5b17d0e3be4ed8c80ad68f822f40ea6f89
proposed_nsga2_bs_Gyorgy-KOVACS_WH_Narrow_AW_4_seed_102,proposed_nsga2_bs,Gyorgy-KOVACS_WH_Narrow_AW_4,102,0,auto_from_instance,12,18,4,30,216,,,,,13,4,1,root > V:14,infeasible,,,False,948,110,838,12600.0,0.5,0.5,True,True,2,1,1,False,2,2,1,224,False,True,0,0,1,0,1,4,PF_SS,sampled_pool,,,True,0.05555555555555555,0.1,0.9444444444444444,0.1,adaptive,,random_feasible_start_no_adaptive_spacing,random_feasible_start_no_adaptive_spacing,False,45,14,feasible_start_adaptive_spacing,0.5,,True,auto_from_instance,0.75,0.35,,14,,,,,,H[]|V[14],99b108669d6a8bb89864dca64bbb07771d98ae94
proposed_nsga2_bs_Gyorgy-KOVACS_WH_Narrow_AW_4_seed_102,proposed_nsga2_bs,Gyorgy-KOVACS_WH_Narrow_AW_4,102,0,auto_from_instance,12,18,4,30,216,,,,,14,5,8,root > V:20 > BH:27 > BH:5 > BH:15 > BH:25 > BH:37 > BH:47 > BV:30,evaluated,4,inf,False,696,204,492,792.0,1.0,1.0,True,True,1,1,0,True,1,1,0,0,True,True,0,7,4,7,4,5,PF_LS_RP,sampled_pool,,,False,0.05555555555555555,0.1,0.9444444444444444,0.1,adaptive,,random_feasible_start_no_adaptive_spacing,random_feasible_start_no_adaptive_spacing,False,45,14,feasible_start_adaptive_spacing,0.5,,True,auto_from_instance,0.75,0.35,16,"20,22,29",,,,,,"H[5,15,16,25,27,37,47]|V[20,22,29,30]",be0f2c567ee00b2b6753d425863bc90592c9704d
proposed_nsga2_bs_Gyorgy-KOVACS_WH_Narrow_AW_4_seed_102,proposed_nsga2_bs,Gyorgy-KOVACS_WH_Narrow_AW_4,102,0,auto_from_instance,12,18,4,30,216,,,,,15,6,6,root > H:30 > BH:5 > BH:50 > BH:15 > BH:40 > BH:23,selected,0,inf,True,668,248,420,567.0,1.0,1.0,True,True,1,1,0,True,1,1,0,0,True,True,0,7,0,7,0,6,SS,sampled_pool,,,True,0.05555555555555555,0.1,0.9444444444444444,0.1,adaptive,,random_feasible_start_no_adaptive_spacing,random_feasible_start_no_adaptive_spacing,False,45,14,feasible_start_adaptive_spacing,0.5,,True,auto_from_instance,0.75,0.35,"30,52",,,,,,,"H[5,15,23,30,40,50,52]|V[]",f973834c2b2cb5f4cca5ee85a57b593b829f732f
proposed_nsga2_bs_Gyorgy-KOVACS_WH_Narrow_AW_4_seed_102,proposed_nsga2_bs,Gyorgy-KOVACS_WH_Narrow_AW_4,102,0,auto_from_instance,12,18,4,30,216,,,,,16,7,4,root > V:30 > BH:27 > BV:21 > BV:21,selected,2,inf,True,672,206,466,676.0,1.0,1.0,True,True,1,1,0,True,1,1,0,0,True,True,0,1,3,1,3,7,RP,sampled_pool,,,False,0.05555555555555555,0.1,0.9444444444444444,0.1,adaptive,,random_feasible_start_no_adaptive_spacing,random_feasible_start_no_adaptive_spacing,False,45,14,feasible_start_adaptive_spacing,0.5,,True,auto_from_instance,0.75,0.35,,"20,30",,,,,,"H[27]|V[20,21,30]",5dff680449ea54ef73abf8585de0c2ba440a4835
proposed_nsga2_bs_Gyorgy-KOVACS_WH_Narrow_AW_4_seed_102,proposed_nsga2_bs,Gyorgy-KOVACS_WH_Narrow_AW_4,102,0,auto_from_instance,12,18,4,30,216,,,,,17,7,4,root > V:30 > BH:27 > BV:19 > BV:21,evaluated,2,0.0,False,672,206,466,676.0,1.0,1.0,True,True,1,1,0,True,1,1,0,0,True,True,0,1,4,1,4,7,RP,sampled_pool,,,False,0.05555555555555555,0.1,0.9444444444444444,0.1,adaptive,,random_feasible_start_no_adaptive_spacing,random_feasible_start_no_adaptive_spacing,False,45,14,feasible_start_adaptive_spacing,0.5,,True,auto_from_instance,0.75,0.35,,"20,30",,,,,,"H[27]|V[19,20,21,30]",8bd280773c3be24cfc914a42e887aea361f9570c
proposed_nsga2_bs_Gyorgy-KOVACS_WH_Narrow_AW_4_seed_102,proposed_nsga2_bs,Gyorgy-KOVACS_WH_Narrow_AW_4,102,0,auto_from_instance,12,18,4,30,216,,,,,18,7,4,root > V:30 > BH:27 > BV:21 > BV:19,evaluated,2,0.0,False,672,206,466,676.0,1.0,1.0,True,True,1,1,0,True,1,1,0,0,True,True,0,1,4,1,4,7,RP,sampled_pool,,,False,0.05555555555555555,0.1,0.9444444444444444,0.1,adaptive,,random_feasible_start_no_adaptive_spacing,random_feasible_start_no_adaptive_spacing,False,45,14,feasible_start_adaptive_spacing,0.5,,True,auto_from_instance,0.75,0.35,,"20,30",,,,,,"H[27]|V[19,20,21,30]",0ed2b993601a455ad3c48ac7828910fea4b1be83
proposed_nsga2_bs_Gyorgy-KOVACS_WH_Narrow_AW_4_seed_102,proposed_nsga2_bs,Gyorgy-KOVACS_WH_Narrow_AW_4,102,0,auto_from_instance,12,18,4,30,216,,,,,19,7,4,root > V:30 > BH:27 > BV:19 > BV:19,evaluated,2,inf,False,672,206,466,676.0,1.0,1.0,True,True,1,1,0,True,1,1,0,0,True,True,0,1,3,1,3,7,RP,sampled_pool,,,False,0.05555555555555555,0.1,0.9444444444444444,0.1,adaptive,,random_feasible_start_no_adaptive_spacing,random_feasible_start_no_adaptive_spacing,False,45,14,feasible_start_adaptive_spacing,0.5,,True,auto_from_instance,0.75,0.35,,"20,30",,,,,,"H[27]|V[19,20,30]",1d86290022dd5e2c97367644c31a54117380bf1c
proposed_nsga2_bs_Gyorgy-KOVACS_WH_Narrow_AW_4_seed_102,proposed_nsga2_bs,Gyorgy-KOVACS_WH_Narrow_AW_4,102,0,auto_from_instance,12,18,4,30,216,,,,,20,8,5,root > H:50 > BH:29 > BH:5 > BH:17 > BH:41,evaluated,4,1.0974074074074074,False,752,210,542,924.0,1.0,1.0,True,True,1,1,0,True,1,1,0,0,True,True,0,5,2,5,2,8,SS_PF_LS,sampled_pool,,,True,0.05555555555555555,0.1,0.9444444444444444,0.1,adaptive,,random_feasible_start_no_adaptive_spacing,random_feasible_start_no_adaptive_spacing,False,45,14,feasible_start_adaptive_spacing,0.5,,True,auto_from_instance,0.75,0.35,50,"14,17",,,,,,"H[5,17,29,41,50]|V[14,17]",e1672bd56512b7b48331c44b72b14be62c74d97a
proposed_nsga2_bs_Gyorgy-KOVACS_WH_Narrow_AW_4_seed_102,proposed_nsga2_bs,Gyorgy-KOVACS_WH_Narrow_AW_4,102,0,auto_from_instance,12,18,4,30,216,,,,,21,8,5,root > H:50 > BH:29 > BH:5 > BH:17 > BH:39,evaluated,4,0.0,False,752,210,542,924.0,1.0,1.0,True,True,1,1,0,True,1,1,0,0,True,True,0,5,2,5,2,8,SS_PF_LS,sampled_pool,,,True,0.05555555555555555,0.1,0.9444444444444444,0.1,adaptive,,random_feasible_start_no_adaptive_spacing,random_feasible_start_no_adaptive_spacing,False,45,14,feasible_start_adaptive_spacing,0.5,,True,auto_from_instance,0.75,0.35,50,"14,17",,,,,,"H[5,17,29,39,50]|V[14,17]",998ac9d594e27e25ed2f65e189df3354d1eb64ec
proposed_nsga2_bs_Gyorgy-KOVACS_WH_Narrow_AW_4_seed_102,proposed_nsga2_bs,Gyorgy-KOVACS_WH_Narrow_AW_4,102,0,auto_from_instance,12,18,4,30,216,,,,,22,8,5,root > H:50 > BH:27 > BH:5 > BH:39 > BH:17,evaluated,4,0.0,False,752,210,542,924.0,1.0,1.0,True,True,1,1,0,True,1,1,0,0,True,True,0,5,2,5,2,8,SS_PF_LS,sampled_pool,,,True,0.05555555555555555,0.1,0.9444444444444444,0.1,adaptive,,random_feasible_start_no_adaptive_spacing,random_feasible_start_no_adaptive_spacing,False,45,14,feasible_start_adaptive_spacing,0.5,,True,auto_from_instance,0.75,0.35,50,"14,17",,,,,,"H[5,17,27,39,50]|V[14,17]",d979c02e67f2088745ea33ff4e75a3605b11cd86
proposed_nsga2_bs_Gyorgy-KOVACS_WH_Narrow_AW_4_seed_102,proposed_nsga2_bs,Gyorgy-KOVACS_WH_Narrow_AW_4,102,0,auto_from_instance,12,18,4,30,216,,,,,23,8,5,root > H:50 > BH:27 > BH:5 > BH:39 > BH:15,evaluated,4,inf,False,752,210,542,924.0,1.0,1.0,True,True,1,1,0,True,1,1,0,0,True,True,0,5,2,5,2,8,SS_PF_LS,sampled_pool,,,True,0.05555555555555555,0.1,0.9444444444444444,0.1,adaptive,,random_feasible_start_no_adaptive_spacing,random_feasible_start_no_adaptive_spacing,False,45,14,feasible_start_adaptive_spacing,0.5,,True,auto_from_instance,0.75,0.35,50,"14,17",,,,,,"H[5,15,27,39,50]|V[14,17]",fed1431fb68a544422debe2a560199655c290867
proposed_nsga2_bs_Gyorgy-KOVACS_WH_Narrow_AW_4_seed_102,proposed_nsga2_bs,Gyorgy-KOVACS_WH_Narrow_AW_4,102,0,auto_from_instance,12,18,4,30,216,,,,,24,9,5,root > H:3 > BH:27 > BH:49 > BH:15 > BH:39,evaluated,2,0.9853568183406725,False,752,210,542,861.0,1.0,1.0,True,True,1,1,0,True,1,1,0,0,True,True,0,7,1,7,1,9,SS_LS_PF,sampled_pool,,,True,0.05555555555555555,0.1,0.9444444444444444,0.1,adaptive,,random_feasible_start_no_adaptive_spacing,random_feasible_start_no_adaptive_spacing,False,45,14,feasible_start_adaptive_spacing,0.5,,True,auto_from_instance,0.75,0.35,"3,14,42",14,,,,,,"H[3,14,15,27,39,42,49]|V[14]",f4295cb2238466c06f331973b173702f5d2bd0be
proposed_nsga2_bs_Gyorgy-KOVACS_WH_Narrow_AW_4_seed_102,proposed_nsga2_bs,Gyorgy-KOVACS_WH_Narrow_AW_4,102,0,auto_from_instance,12,18,4,30,216,,,,,25,9,5,root > H:3 > BH:27 > BH:49 > BH:15 > BH:37,evaluated,2,inf,False,752,210,542,861.0,1.0,1.0,True,True,1,1,0,True,1,1,0,0,True,True,0,7,1,7,1,9,SS_LS_PF,sampled_pool,,,True,0.05555555555555555,0.1,0.9444444444444444,0.1,adaptive,,random_feasible_start_no_adaptive_spacing,random_feasible_start_no_adaptive_spacing,False,45,14,feasible_start_adaptive_spacing,0.5,,True,auto_from_instance,0.75,0.35,"3,14,42",14,,,,,,"H[3,14,15,27,37,42,49]|V[14]",db644d70eadfc0765c9bb2b19563c4f1ad395662
proposed_nsga2_bs_Gyorgy-KOVACS_WH_Narrow_AW_4_seed_102,proposed_nsga2_bs,Gyorgy-KOVACS_WH_Narrow_AW_4,102,0,auto_from_instance,12,18,4,30,216,,,,,26,9,5,root > H:3 > BH:27 > BH:49 > BH:17 > BH:39,evaluated,3,1.3661509268719896,False,752,210,542,903.0,1.0,1.0,True,True,1,1,0,True,1,1,0,0,True,True,0,7,1,7,1,9,SS_LS_PF,sampled_pool,,,True,0.05555555555555555,0.1,0.9444444444444444,0.1,adaptive,,random_feasible_start_no_adaptive_spacing,random_feasible_start_no_adaptive_spacing,False,45,14,feasible_start_adaptive_spacing,0.5,,True,auto_from_instance,0.75,0.35,"3,14,42",14,,,,,,"H[3,14,17,27,39,42,49]|V[14]",04efc766112da0761d4751d860375183e724537b
proposed_nsga2_bs_Gyorgy-KOVACS_WH_Narrow_AW_4_seed_102,proposed_nsga2_bs,Gyorgy-KOVACS_WH_Narrow_AW_4,102,0,auto_from_instance,12,18,4,30,216,,,,,27,9,5,root > H:3 > BH:27 > BH:49 > BH:17 > BH:37,evaluated,3,inf,False,752,210,542,903.0,1.0,1.0,True,True,1,1,0,True,1,1,0,0,True,True,0,7,1,7,1,9,SS_LS_PF,sampled_pool,,,True,0.05555555555555555,0.1,0.9444444444444444,0.1,adaptive,,random_feasible_start_no_adaptive_spacing,random_feasible_start_no_adaptive_spacing,False,45,14,feasible_start_adaptive_spacing,0.5,,True,auto_from_instance,0.75,0.35,"3,14,42",14,,,,,,"H[3,14,17,27,37,42,49]|V[14]",e8d88ef9d70df35ecd7b84bfa4d7ae31714b3683
proposed_nsga2_bs_Gyorgy-KOVACS_WH_Narrow_AW_4_seed_102,proposed_nsga2_bs,Gyorgy-KOVACS_WH_Narrow_AW_4,102,0,auto_from_instance,12,18,4,30,216,,,,,28,11,8,root > V:17 > BH:27 > BH:5 > BH:15 > BH:25 > BH:37 > BH:47 > BV:27,selected,0,inf,True,648,237,411,490.0,1.0,1.0,True,True,1,1,0,True,1,1,0,0,True,True,0,9,4,9,4,11,SS_LS_PF,sampled_pool,,,True,0.05555555555555555,0.1,0.9444444444444444,0.1,adaptive,,random_feasible_start_no_adaptive_spacing,random_feasible_start_no_adaptive_spacing,False,45,14,feasible_start_adaptive_spacing,0.5,,True,auto_from_instance,0.75,0.35,"13,51,53","9,16,17",,,,,,"H[5,13,15,25,27,37,47,51,53]|V[9,16,17,27]",3ab80a1d8e68880e815ad780c83cfc2449e7f93f
proposed_nsga2_bs_Gyorgy-KOVACS_WH_Narrow_AW_4_seed_102,proposed_nsga2_bs,Gyorgy-KOVACS_WH_Narrow_AW_4,102,0,auto_from_instance,12,18,4,30,216,,,,,29,11,8,root > V:17 > BH:27 > BH:49 > BH:39 > BH:29 > BH:17 > BH:7 > BV:27,selected,0,inf,True,648,237,411,490.0,1.0,1.0,True,True,1,1,0,True,1,1,0,0,True,True,0,9,4,9,4,11,SS_LS_PF,sampled_pool,,,True,0.05555555555555555,0.1,0.9444444444444444,0.1,adaptive,,random_feasible_start_no_adaptive_spacing,random_feasible_start_no_adaptive_spacing,False,45,14,feasible_start_adaptive_spacing,0.5,,True,auto_from_instance,0.75,0.35,"13,51,53","9,16,17",,,,,,"H[7,13,17,27,29,39,49,51,53]|V[9,16,17,27]",451b31cd7494c0e29ac39737991e84853f054397
proposed_nsga2_bs_Gyorgy-KOVACS_WH_Narrow_AW_4_seed_102,proposed_nsga2_bs,Gyorgy-KOVACS_WH_Narrow_AW_4,102,0,auto_from_instance,12,18,4,30,216,,,,,30,11,8,root > V:17 > BH:27 > BH:5 > BH:15 > BH:25 > BH:37 > BH:47 > BV:25,selected,1,inf,True,648,237,411,544.0,1.0,1.0,True,True,1,1,0,True,1,1,0,0,True,True,0,9,4,9,4,11,SS_LS_PF,sampled_pool,,,True,0.05555555555555555,0.1,0.9444444444444444,0.1,adaptive,,random_feasible_start_no_adaptive_spacing,random_feasible_start_no_adaptive_spacing,False,45,14,feasible_start_adaptive_spacing,0.5,,True,auto_from_instance,0.75,0.35,"13,51,53","9,16,17",,,,,,"H[5,13,15,25,27,37,47,51,53]|V[9,16,17,25]",24e93b3467ee5334276be59c5b6e878bb2e06a66
proposed_nsga2_bs_Gyorgy-KOVACS_WH_Narrow_AW_4_seed_102,proposed_nsga2_bs,Gyorgy-KOVACS_WH_Narrow_AW_4,102,0,auto_from_instance,12,18,4,30,216,,,,,31,11,8,root > V:17 > BH:27 > BH:49 > BH:39 > BH:29 > BH:17 > BH:7 > BV:25,selected,1,inf,True,648,237,411,544.0,1.0,1.0,True,True,1,1,0,True,1,1,0,0,True,True,0,9,4,9,4,11,SS_LS_PF,sampled_pool,,,True,0.05555555555555555,0.1,0.9444444444444444,0.1,adaptive,,random_feasible_start_no_adaptive_spacing,random_feasible_start_no_adaptive_spacing,False,45,14,feasible_start_adaptive_spacing,0.5,,True,auto_from_instance,0.75,0.35,"13,51,53","9,16,17",,,,,,"H[7,13,17,27,29,39,49,51,53]|V[9,16,17,25]",19631d63ec0204b55a5a6d539d26aaf84a80581d
proposed_nsga2_bs_Gyorgy-KOVACS_WH_Narrow_AW_4_seed_102,proposed_nsga2_bs,Gyorgy-KOVACS_WH_Narrow_AW_4,102,0,auto_from_instance,12,18,4,30,216,,,,,32,12,9,root > V:22 > BH:27 > BH:5 > BH:15 > BH:25 > BH:37 > BH:47 > BV:30 > BV:30,evaluated,6,inf,False,696,185,511,1014.0,1.0,1.0,True,True,1,1,0,True,1,1,0,0,True,True,0,8,4,8,4,12,SS_LS_PF,sampled_pool,,,True,0.05555555555555555,0.1,0.9444444444444444,0.1,adaptive,,random_feasible_start_no_adaptive_spacing,random_feasible_start_no_adaptive_spacing,False,45,14,feasible_start_adaptive_spacing,0.5,,True,auto_from_instance,0.75,0.35,"12,53","20,22,29",,,,,,"H[5,12,15,25,27,37,47,53]|V[20,22,29,30]",60edeba64b9b38658950b5e2d3e98bad703a8e24
proposed_nsga2_bs_Gyorgy-KOVACS_WH_Narrow_AW_4_seed_102,proposed_nsga2_bs,Gyorgy-KOVACS_WH_Narrow_AW_4,102,0,auto_from_instance,12,18,4,30,216,,,,,33,12,9,root > V:22 > BH:27 > BH:49 > BH:39 > BH:29 > BH:17 > BH:7 > BV:30 > BV:30,evaluated,6,inf,False,696,185,511,1014.0,1.0,1.0,True,True,1,1,0,True,1,1,0,0,True,True,0,8,4,8,4,12,SS_LS_PF,sampled_pool,,,True,0.05555555555555555,0.1,0.9444444444444444,0.1,adaptive,,random_feasible_start_no_adaptive_spacing,random_feasible_start_no_adaptive_spacing,False,45,14,feasible_start_adaptive_spacing,0.5,,True,auto_from_instance,0.75,0.35,"12,53","20,22,29",,,,,,"H[7,12,17,27,29,39,49,53]|V[20,22,29,30]",6aae77ddcbefa75db61b0d6e207c4601ffa7ffba
proposed_nsga2_bs_Gyorgy-KOVACS_WH_Narrow_AW_4_seed_102,proposed_nsga2_bs,Gyorgy-KOVACS_WH_Narrow_AW_4,102,0,auto_from_instance,12,18,4,30,216,,,,,34,12,9,root > V:22 > BH:27 > BH:5 > BH:15 > BH:25 > BH:37 > BH:49 > BV:30 > BV:30,evaluated,6,inf,False,688,181,507,1056.0,1.0,1.0,True,True,1,1,0,True,1,1,0,0,True,True,0,8,4,8,4,12,SS_LS_PF,sampled_pool,,,True,0.05555555555555555,0.1,0.9444444444444444,0.1,adaptive,,random_feasible_start_no_adaptive_spacing,random_feasible_start_no_adaptive_spacing,False,45,14,feasible_start_adaptive_spacing,0.5,,True,auto_from_instance,0.75,0.35,"12,53","20,22,29",,,,,,"H[5,12,15,25,27,37,49,53]|V[20,22,29,30]",f52b228c91dbed2cb97633d6cb939bee69c44c5d
proposed_nsga2_bs_Gyorgy-KOVACS_WH_Narrow_AW_4_seed_102,proposed_nsga2_bs,Gyorgy-KOVACS_WH_Narrow_AW_4,102,0,auto_from_instance,12,18,4,30,216,,,,,35,12,9,root > V:22 > BH:27 > BH:49 > BH:39 > BH:29 > BH:17 > BH:5 > BV:30 > BV:30,evaluated,6,inf,False,688,181,507,1056.0,1.0,1.0,True,True,1,1,0,True,1,1,0,0,True,True,0,8,4,8,4,12,SS_LS_PF,sampled_pool,,,True,0.05555555555555555,0.1,0.9444444444444444,0.1,adaptive,,random_feasible_start_no_adaptive_spacing,random_feasible_start_no_adaptive_spacing,False,45,14,feasible_start_adaptive_spacing,0.5,,True,auto_from_instance,0.75,0.35,"12,53","20,22,29",,,,,,"H[5,12,17,27,29,39,49,53]|V[20,22,29,30]",49c0b68629711ea6955102834984c2e0e33c7032
proposed_nsga2_bs_Gyorgy-KOVACS_WH_Narrow_AW_4_seed_102,proposed_nsga2_bs,Gyorgy-KOVACS_WH_Narrow_AW_4,102,1,auto_from_instance,12,18,4,30,216,,,,,1,1,4,root > V:27 > BH:27 > BV:19 > BV:19,selected,2,inf,True,684,260,424,484.0,1.0,1.0,True,True,1,1,0,True,1,1,0,0,True,True,0,8,6,8,6,1,PF_SS_RP,sampled_pool,,,True,0.1111111111111111,0.1,0.8888888888888888,0.1,adaptive,insert_random_aisle,offspring,random_feasible_start_no_adaptive_spacing,,,,feasible_start_adaptive_spacing,0.5,,True,auto_from_instance,0.75,0.35,"5,15,23,30,49,51,53","9,16,17,27,34",,,,,,"H[5,15,23,27,30,49,51,53]|V[9,16,17,19,27,34]",9baad5a6d6d08df213ec54891109e23b1069a9a5
proposed_nsga2_bs_Gyorgy-KOVACS_WH_Narrow_AW_4_seed_102,proposed_nsga2_bs,Gyorgy-KOVACS_WH_Narrow_AW_4,102,1,auto_from_instance,12,18,4,30,216,,,,,2,1,4,root > V:27 > BH:27 > BV:17 > BV:19,evaluated,2,0.0,False,684,260,424,484.0,1.0,1.0,True,True,1,1,0,True,1,1,0,0,True,True,0,8,6,8,6,1,PF_SS_RP,sampled_pool,,,True,0.1111111111111111,0.1,0.8888888888888888,0.1,adaptive,insert_random_aisle,offspring,random_feasible_start_no_adaptive_spacing,,,,feasible_start_adaptive_spacing,0.5,,True,auto_from_instance,0.75,0.35,"5,15,23,30,49,51,53","9,16,17,27,34",,,,,,"H[5,15,23,27,30,49,51,53]|V[9,16,17,19,27,34]",7ea492661f4a7d780540a41c5bfc758906148e19
proposed_nsga2_bs_Gyorgy-KOVACS_WH_Narrow_AW_4_seed_102,proposed_nsga2_bs,Gyorgy-KOVACS_WH_Narrow_AW_4,102,1,auto_from_instance,12,18,4,30,216,,,,,3,1,4,root > V:27 > BH:27 > BV:19 > BV:17,evaluated,2,0.0,False,684,260,424,484.0,1.0,1.0,True,True,1,1,0,True,1,1,0,0,True,True,0,8,6,8,6,1,PF_SS_RP,sampled_pool,,,True,0.1111111111111111,0.1,0.8888888888888888,0.1,adaptive,insert_random_aisle,offspring,random_feasible_start_no_adaptive_spacing,,,,feasible_start_adaptive_spacing,0.5,,True,auto_from_instance,0.75,0.35,"5,15,23,30,49,51,53","9,16,17,27,34",,,,,,"H[5,15,23,27,30,49,51,53]|V[9,16,17,19,27,34]",59c55a28d53f47701301421f850890ad1de7d63b
proposed_nsga2_bs_Gyorgy-KOVACS_WH_Narrow_AW_4_seed_102,proposed_nsga2_bs,Gyorgy-KOVACS_WH_Narrow_AW_4,102,1,auto_from_instance,12,18,4,30,216,,,,,4,1,4,root > V:27 > BH:27 > BV:17 > BV:17,selected,2,inf,True,684,260,424,484.0,1.0,1.0,True,True,1,1,0,True,1,1,0,0,True,True,0,8,5,8,5,1,PF_SS_RP,sampled_pool,,,True,0.1111111111111111,0.1,0.8888888888888888,0.1,adaptive,insert_random_aisle,offspring,random_feasible_start_no_adaptive_spacing,,,,feasible_start_adaptive_spacing,0.5,,True,auto_from_instance,0.75,0.35,"5,15,23,30,49,51,53","9,16,17,27,34",,,,,,"H[5,15,23,27,30,49,51,53]|V[9,16,17,27,34]",6732d5258a9313035bead181283e041def90bbb2
proposed_nsga2_bs_Gyorgy-KOVACS_WH_Narrow_AW_4_seed_102,proposed_nsga2_bs,Gyorgy-KOVACS_WH_Narrow_AW_4,102,1,auto_from_instance,12,18,4,30,216,,,,,5,2,7,root > H:50 > BH:43 > BH:35 > BH:27 > BH:17 > BV:27 > BV:19,selected,0,inf,True,624,267,357,375.0,1.0,1.0,True,True,1,1,0,True,1,1,0,0,True,True,0,12,2,12,2,2,PF_LS,sampled_pool,,,False,0.1111111111111111,0.1,0.8888888888888888,0.1,adaptive,spacing_aware_flip,offspring,random_feasible_start_no_adaptive_spacing,,,,feasible_start_adaptive_spacing,0.5,,True,auto_from_instance,0.75,0.35,"1,7,13,17,27,29,39,40,50,52",,,,,,,"H[1,7,13,17,27,29,35,39,40,43,50,52]|V[19,27]",23847e410bbc57607bd1c5114ef99e0226250087
proposed_nsga2_bs_Gyorgy-KOVACS_WH_Narrow_AW_4_seed_102,proposed_nsga2_bs,Gyorgy-KOVACS_WH_Narrow_AW_4,102,1,auto_from_instance,12,18,4,30,216,,,,,6,2,7,root > H:50 > BH:43 > BH:35 > BH:25 > BH:17 > BV:27 > BV:19,selected,0,0.0,True,624,267,357,375.0,1.0,1.0,True,True,1,1,0,True,1,1,0,0,True,True,0,13,2,13,2,2,PF_LS,sampled_pool,,,False,0.1111111111111111,0.1,0.8888888888888888,0.1,adaptive,spacing_aware_flip,offspring,random_feasible_start_no_adaptive_spacing,,,,feasible_start_adaptive_spacing,0.5,,True,auto_from_instance,0.75,0.35,"1,7,13,17,27,29,39,40,50,52",,,,,,,"H[1,7,13,17,25,27,29,35,39,40,43,50,52]|V[19,27]",7646756ba1280d36399c05037d1604ccc84fd50c
proposed_nsga2_bs_Gyorgy-KOVACS_WH_Narrow_AW_4_seed_102,proposed_nsga2_bs,Gyorgy-KOVACS_WH_Narrow_AW_4,102,1,auto_from_instance,12,18,4,30,216,,,,,7,2,7,root > H:50 > BH:43 > BH:35 > BH:27 > BH:17 > BV:27 > BV:17,selected,0,0.0,True,624,267,357,375.0,1.0,1.0,True,True,1,1,0,True,1,1,0,0,True,True,0,12,2,12,2,2,PF_LS,sampled_pool,,,False,0.1111111111111111,0.1,0.8888888888888888,0.1,adaptive,spacing_aware_flip,offspring,random_feasible_start_no_adaptive_spacing,,,,feasible_start_adaptive_spacing,0.5,,True,auto_from_instance,0.75,0.35,"1,7,13,17,27,29,39,40,50,52",,,,,,,"H[1,7,13,17,27,29,35,39,40,43,50,52]|V[17,27]",e220dac1dc58494967f5df7b518554c5b3080e82
proposed_nsga2_bs_Gyorgy-KOVACS_WH_Narrow_AW_4_seed_102,proposed_nsga2_bs,Gyorgy-KOVACS_WH_Narrow_AW_4,102,1,auto_from_instance,12,18,4,30,216,,,,,8,2,7,root > H:50 > BH:43 > BH:35 > BH:25 > BH:17 > BV:27 > BV:17,selected,0,inf,True,624,267,357,375.0,1.0,1.0,True,True,1,1,0,True,1,1,0,0,True,True,0,13,2,13,2,2,PF_LS,sampled_pool,,,False,0.1111111111111111,0.1,0.8888888888888888,0.1,adaptive,spacing_aware_flip,offspring,random_feasible_start_no_adaptive_spacing,,,,feasible_start_adaptive_spacing,0.5,,True,auto_from_instance,0.75,0.35,"1,7,13,17,27,29,39,40,50,52",,,,,,,"H[1,7,13,17,25,27,29,35,39,40,43,50,52]|V[17,27]",8325b97c3208daa1a64e98130ba00c538bc7c6f7
proposed_nsga2_bs_Gyorgy-KOVACS_WH_Narrow_AW_4_seed_102,proposed_nsga2_bs,Gyorgy-KOVACS_WH_Narrow_AW_4,102,1,auto_from_instance,12,18,4,30,216,,,,,9,3,7,root > H:13 > BH:37 > BV:27 > BV:25 > BH:25 > BV:19 > BV:17,evaluated,4,inf,False,696,224,472,738.0,1.0,1.0,True,True,1,1,0,True,1,1,0,0,True,True,0,11,7,11,7,3,RP,sampled_pool,,,False,0.1111111111111111,0.12462457008792882,0.8888888888888888,0.1,adaptive,insert_random_aisle,offspring,random_feasible_start_no_adaptive_spacing,,,,feasible_start_adaptive_spacing,0.5,,True,auto_from_instance,0.75,0.35,"7,13,17,27,29,39,49,51,53","9,16,17,25,26",,,,,,"H[7,13,17,25,27,29,37,39,49,51,53]|V[9,16,17,19,25,26,27]",1c5823d4396f041601f0ee84d88cab8d698843d0
proposed_nsga2_bs_Gyorgy-KOVACS_WH_Narrow_AW_4_seed_102,proposed_nsga2_bs,Gyorgy-KOVACS_WH_Narrow_AW_4,102,1,auto_from_instance,12,18,4,30,216,,,,,10,3,7,root > H:13 > BH:37 > BV:27 > BV:25 > BH:25 > BV:17 > BV:17,evaluated,4,inf,False,696,224,472,738.0,1.0,1.0,True,True,1,1,0,True,1,1,0,0,True,True,0,11,6,11,6,3,RP,sampled_pool,,,False,0.1111111111111111,0.12462457008792882,0.8888888888888888,0.1,adaptive,insert_random_aisle,offspring,random_feasible_start_no_adaptive_spacing,,,,feasible_start_adaptive_spacing,0.5,,True,auto_from_instance,0.75,0.35,"7,13,17,27,29,39,49,51,53","9,16,17,25,26",,,,,,"H[7,13,17,25,27,29,37,39,49,51,53]|V[9,16,17,25,26,27]",22002f01649d71d4e9b5e6281fd6ba80a3932773
proposed_nsga2_bs_Gyorgy-KOVACS_WH_Narrow_AW_4_seed_102,proposed_nsga2_bs,Gyorgy-KOVACS_WH_Narrow_AW_4,102,1,auto_from_instance,12,18,4,30,216,,,,,11,3,7,root > H:13 > BH:37 > BV:27 > BV:25 > BH:27 > BV:19 > BV:17,evaluated,5,inf,False,696,224,472,780.0,1.0,1.0,True,True,1,1,0,True,1,1,0,0,True,True,0,10,7,10,7,3,RP,sampled_pool,,,False,0.1111111111111111,0.12462457008792882,0.8888888888888888,0.1,adaptive,insert_random_aisle,offspring,random_feasible_start_no_adaptive_spacing,,,,feasible_start_adaptive_spacing,0.5,,True,auto_from_instance,0.75,0.35,"7,13,17,27,29,39,49,51,53","9,16,17,25,26",,,,,,"H[7,13,17,27,29,37,39,49,51,53]|V[9,16,17,19,25,26,27]",a5dfb56107bab06e47f8a2b3ddcc22a9c653bc04
proposed_nsga2_bs_Gyorgy-KOVACS_WH_Narrow_AW_4_seed_102,proposed_nsga2_bs,Gyorgy-KOVACS_WH_Narrow_AW_4,102,1,auto_from_instance,12,18,4,30,216,,,,,12,3,7,root > H:13 > BH:37 > BV:27 > BV:25 > BH:27 > BV:17 > BV:17,evaluated,5,inf,False,696,224,472,780.0,1.0,1.0,True,True,1,1,0,True,1,1,0,0,True,True,0,10,6,10,6,3,RP,sampled_pool,,,False,0.1111111111111111,0.12462457008792882,0.8888888888888888,0.1,adaptive,insert_random_aisle,offspring,random_feasible_start_no_adaptive_spacing,,,,feasible_start_adaptive_spacing,0.5,,True,auto_from_instance,0.75,0.35,"7,13,17,27,29,39,49,51,53","9,16,17,25,26",,,,,,"H[7,13,17,27,29,37,39,49,51,53]|V[9,16,17,25,26,27]",46a9f165919c5e81cab97b66959c648185da696a
proposed_nsga2_bs_Gyorgy-KOVACS_WH_Narrow_AW_4_seed_102,proposed_nsga2_bs,Gyorgy-KOVACS_WH_Narrow_AW_4,102,1,auto_from_instance,12,18,4,30,216,,,,,13,5,4,root > V:28 > BH:27 > BV:19 > BV:19,selected,1,inf,True,680,262,418,472.0,1.0,1.0,True,True,1,1,0,True,1,1,0,0,True,True,0,9,4,9,4,5,PF_SS_RP,sampled_pool,,,True,0.1111111111111111,0.1,0.8888888888888888,0.1,adaptive,break_symmetry,offspring,random_feasible_start_no_adaptive_spacing,,,,feasible_start_adaptive_spacing,0.5,,True,auto_from_instance,0.75,0.35,"5,7,8,25,27,37,47,51,53","9,16,28",,,,,,"H[5,7,8,25,27,37,47,51,53]|V[9,16,19,28]",fc4825140fa5e2560776b4b932f5ef46c1588f36
proposed_nsga2_bs_Gyorgy-KOVACS_WH_Narrow_AW_4_seed_102,proposed_nsga2_bs,Gyorgy-KOVACS_WH_Narrow_AW_4,102,1,auto_from_instance,12,18,4,30,216,,,,,14,5,4,root > V:28 > BH:27 > BV:19 > BV:21,selected,2,inf,True,680,262,418,524.0,1.0,1.0,True,True,1,1,0,True,1,1,0,0,True,True,0,9,5,9,5,5,PF_SS_RP,sampled_pool,,,True,0.1111111111111111,0.1,0.8888888888888888,0.1,adaptive,break_symmetry,offspring,random_feasible_start_no_adaptive_spacing,,,,feasible_start_adaptive_spacing,0.5,,True,auto_from_instance,0.75,0.35,"5,7,8,25,27,37,47,51,53","9,16,28",,,,,,"H[5,7,8,25,27,37,47,51,53]|V[9,16,19,21,28]",334779b46d5c288ee3031362a71af20db7b63dd5
proposed_nsga2_bs_Gyorgy-KOVACS_WH_Narrow_AW_4_seed_102,proposed_nsga2_bs,Gyorgy-KOVACS_WH_Narrow_AW_4,102,1,auto_from_instance,12,18,4,30,216,,,,,15,5,4,root > V:28 > BH:27 > BV:19 > BV:21,evaluated,2,0.0,False,680,262,418,524.0,1.0,1.0,True,True,1,1,0,True,1,1,0,0,True,True,0,9,5,9,5,5,PF_SS_RP,sampled_pool,,,True,0.1111111111111111,0.1,0.8888888888888888,0.1,adaptive,break_symmetry,offspring,random_feasible_start_no_adaptive_spacing,,,,feasible_start_adaptive_spacing,0.5,,True,auto_from_instance,0.75,0.35,"5,7,8,25,27,37,47,51,53","9,16,28",,,,,,"H[5,7,8,25,27,37,47,51,53]|V[9,16,19,21,28]",8f2926ac3d427dac9f2e22e7dbb4782d03fe71f9
proposed_nsga2_bs_Gyorgy-KOVACS_WH_Narrow_AW_4_seed_102,proposed_nsga2_bs,Gyorgy-KOVACS_WH_Narrow_AW_4,102,1,auto_from_instance,12,18,4,30,216,,,,,16,5,4,root > V:28 > BH:27 > BV:19 > BV:17,evaluated,2,0.4053030303030303,False,680,262,418,524.0,1.0,1.0,True,True,1,1,0,True,1,1,0,0,True,True,0,9,5,9,5,5,PF_SS_RP,sampled_pool,,,True,0.1111111111111111,0.1,0.8888888888888888,0.1,adaptive,break_symmetry,offspring,random_feasible_start_no_adaptive_spacing,,,,feasible_start_adaptive_spacing,0.5,,True,auto_from_instance,0.75,0.35,"5,7,8,25,27,37,47,51,53","9,16,28",,,,,,"H[5,7,8,25,27,37,47,51,53]|V[9,16,17,19,28]",c3a8d798cccc0ae6137f5d1801f12286f82d75a7
proposed_nsga2_bs_Gyorgy-KOVACS_WH_Narrow_AW_4_seed_102,proposed_nsga2_bs,Gyorgy-KOVACS_WH_Narrow_AW_4,102,1,auto_from_instance,12,18,4,30,216,,,,,17,6,8,root > V:16 > BH:27 > BH:5 > BH:15 > BH:25 > BH:37 > BH:47 > BV:26,evaluated,2,0.7941919191919191,False,632,246,386,550.0,1.0,1.0,True,True,1,1,0,True,1,1,0,0,True,True,0,12,5,12,5,6,PF_RP,sampled_pool,,,False,0.1111111111111111,0.1,0.8888888888888888,0.1,adaptive,spacing_aware_flip,offspring,random_feasible_start_no_adaptive_spacing,,,,feasible_start_adaptive_spacing,0.5,,True,auto_from_instance,0.75,0.35,"13,15,17,22,27,29,39,49","16,17,20,24",,,,,,"H[5,13,15,17,22,25,27,29,37,39,47,49]|V[16,17,20,24,26]",08ee812bc396556b6550be0bd82f9266dcd2fe55
proposed_nsga2_bs_Gyorgy-KOVACS_WH_Narrow_AW_4_seed_102,proposed_nsga2_bs,Gyorgy-KOVACS_WH_Narrow_AW_4,102,1,auto_from_instance,12,18,4,30,216,,,,,18,6,8,root > V:16 > BH:27 > BH:49 > BH:39 > BH:29 > BH:17 > BH:7 > BV:26,selected,2,inf,True,632,246,386,550.0,1.0,1.0,True,True,1,1,0,True,1,1,0,0,True,True,0,9,5,9,5,6,PF_RP,sampled_pool,,,False,0.1111111111111111,0.1,0.8888888888888888,0.1,adaptive,spacing_aware_flip,offspring,random_feasible_start_no_adaptive_spacing,,,,feasible_start_adaptive_spacing,0.5,,True,auto_from_instance,0.75,0.35,"13,15,17,22,27,29,39,49","16,17,20,24",,,,,,"H[7,13,15,17,22,27,29,39,49]|V[16,17,20,24,26]",660d9dab711cc8220a7c4152b9d81284ad744a59
proposed_nsga2_bs_Gyorgy-KOVACS_WH_Narrow_AW_4_seed_102,proposed_nsga2_bs,Gyorgy-KOVACS_WH_Narrow_AW_4,102,1,auto_from_instance,12,18,4,30,216,,,,,19,6,8,root > V:16 > BH:27 > BH:5 > BH:15 > BH:25 > BH:37 > BH:47 > BV:24,evaluated,3,inf,False,632,246,386,628.0,1.0,1.0,True,True,1,1,0,True,1,1,0,0,True,True,0,12,4,12,4,6,PF_RP,sampled_pool,,,False,0.1111111111111111,0.1,0.8888888888888888,0.1,adaptive,spacing_aware_flip,offspring,random_feasible_start_no_adaptive_spacing,,,,feasible_start_adaptive_spacing,0.5,,True,auto_from_instance,0.75,0.35,"13,15,17,22,27,29,39,49","16,17,20,24",,,,,,"H[5,13,15,17,22,25,27,29,37,39,47,49]|V[16,17,20,24]",fe71932ea9ef92cbca4e0b578f20f6e88be50370
proposed_nsga2_bs_Gyorgy-KOVACS_WH_Narrow_AW_4_seed_102,proposed_nsga2_bs,Gyorgy-KOVACS_WH_Narrow_AW_4,102,1,auto_from_instance,12,18,4,30,216,,,,,20,6,8,root > V:16 > BH:27 > BH:49 > BH:39 > BH:29 > BH:17 > BH:7 > BV:24,evaluated,3,inf,False,632,246,386,628.0,1.0,1.0,True,True,1,1,0,True,1,1,0,0,True,True,0,9,4,9,4,6,PF_RP,sampled_pool,,,False,0.1111111111111111,0.1,0.8888888888888888,0.1,adaptive,spacing_aware_flip,offspring,random_feasible_start_no_adaptive_spacing,,,,feasible_start_adaptive_spacing,0.5,,True,auto_from_instance,0.75,0.35,"13,15,17,22,27,29,39,49","16,17,20,24",,,,,,"H[7,13,15,17,22,27,29,39,49]|V[16,17,20,24]",9696e3fb0a981a3c866440c46c54987a8cf3ab94
proposed_nsga2_bs_Gyorgy-KOVACS_WH_Narrow_AW_4_seed_102,proposed_nsga2_bs,Gyorgy-KOVACS_WH_Narrow_AW_4,102,1,auto_from_instance,12,18,4,30,216,,,,,21,7,9,root > V:16 > BH:27 > BH:47 > BH:39 > BH:29 > BH:17 > BH:9 > BV:26 > BV:26,selected,0,inf,True,600,256,344,444.0,1.0,1.0,True,True,1,1,0,True,1,1,0,0,True,True,0,8,4,8,4,7,LS_PF,sampled_pool,,,False,0.1111111111111111,0.1,0.8888888888888888,0.1,adaptive,spacing_aware_flip,offspring,random_feasible_start_no_adaptive_spacing,,,,feasible_start_adaptive_spacing,0.5,,True,auto_from_instance,0.75,0.35,"7,17,27,29,39,49","6,16,20,26",,,,,,"H[7,9,17,27,29,39,47,49]|V[6,16,20,26]",31618e0fa9e7ba38a349d70c4dff96d8a35cbd09
proposed_nsga2_bs_Gyorgy-KOVACS_WH_Narrow_AW_4_seed_102,proposed_nsga2_bs,Gyorgy-KOVACS_WH_Narrow_AW_4,102,1,auto_from_instance,12,18,4,30,216,,,,,22,7,9,root > V:16 > BH:27 > BH:47 > BH:39 > BH:29 > BH:17 > BH:9 > BV:26 > BV:24,selected,1,inf,True,600,256,344,522.0,1.0,1.0,True,True,1,1,0,True,1,1,0,0,True,True,0,8,5,8,5,7,LS_PF,sampled_pool,,,False,0.1111111111111111,0.1,0.8888888888888888,0.1,adaptive,spacing_aware_flip,offspring,random_feasible_start_no_adaptive_spacing,,,,feasible_start_adaptive_spacing,0.5,,True,auto_from_instance,0.75,0.35,"7,17,27,29,39,49","6,16,20,26",,,,,,"H[7,9,17,27,29,39,47,49]|V[6,16,20,24,26]",fa8b3ae6d34a080b7f0477f81e4f7a7c987ebe2e
proposed_nsga2_bs_Gyorgy-KOVACS_WH_Narrow_AW_4_seed_102,proposed_nsga2_bs,Gyorgy-KOVACS_WH_Narrow_AW_4,102,1,auto_from_instance,12,18,4,30,216,,,,,23,7,9,root > V:16 > BH:27 > BH:47 > BH:39 > BH:29 > BH:17 > BH:9 > BV:26 > BV:30,selected,2,inf,True,600,248,352,616.0,1.0,1.0,True,True,1,1,0,True,1,1,0,0,True,True,0,8,5,8,5,7,LS_PF,sampled_pool,,,False,0.1111111111111111,0.1,0.8888888888888888,0.1,adaptive,spacing_aware_flip,offspring,random_feasible_start_no_adaptive_spacing,,,,feasible_start_adaptive_spacing,0.5,,True,auto_from_instance,0.75,0.35,"7,17,27,29,39,49","6,16,20,26",,,,,,"H[7,9,17,27,29,39,47,49]|V[6,16,20,26,30]",1806574f87db50fbd619950bace22c101eef624b
proposed_nsga2_bs_Gyorgy-KOVACS_WH_Narrow_AW_4_seed_102,proposed_nsga2_bs,Gyorgy-KOVACS_WH_Narrow_AW_4,102,1,auto_from_instance,12,18,4,30,216,,,,,24,12,5,root > H:5 > BH:15 > BH:25 > BH:49 > BH:37,evaluated,6,inf,False,752,210,542,924.0,1.0,1.0,True,True,1,1,0,True,1,1,0,0,True,True,0,8,1,8,1,12,LS_SS,sampled_pool,,,True,0.1111111111111111,0.1,0.8888888888888888,0.1,adaptive,break_symmetry,offspring,random_feasible_start_no_adaptive_spacing,,,,feasible_start_adaptive_spacing,0.5,,True,auto_from_instance,0.75,0.35,"5,8,15,25,27,37,47",0,,,,,,"H[5,8,15,25,27,37,47,49]|V[0]",c7444116d4043e990a37993f59a7444e13983a9c
proposed_nsga2_bs_Gyorgy-KOVACS_WH_Narrow_AW_4_seed_102,proposed_nsga2_bs,Gyorgy-KOVACS_WH_Narrow_AW_4,102,1,auto_from_instance,12,18,4,30,216,,,,,25,12,5,root > H:5 > BH:15 > BH:25 > BH:49 > BH:39,evaluated,7,inf,False,752,210,542,966.0,1.0,1.0,True,True,1,1,0,True,1,1,0,0,True,True,0,9,1,9,1,12,LS_SS,sampled_pool,,,True,0.1111111111111111,0.1,0.8888888888888888,0.1,adaptive,break_symmetry,offspring,random_feasible_start_no_adaptive_spacing,,,,feasible_start_adaptive_spacing,0.5,,True,auto_from_instance,0.75,0.35,"5,8,15,25,27,37,47",0,,,,,,"H[5,8,15,25,27,37,39,47,49]|V[0]",4caf263f7583f3c2336da2d04f8a3bfea2496e08
proposed_nsga2_bs_Gyorgy-KOVACS_WH_Narrow_AW_4_seed_102,proposed_nsga2_bs,Gyorgy-KOVACS_WH_Narrow_AW_4,102,1,auto_from_instance,12,18,4,30,216,,,,,26,12,5,root > H:5 > BH:13 > BH:25 > BH:49 > BH:37,evaluated,7,inf,False,752,210,542,966.0,1.0,1.0,True,True,1,1,0,True,1,1,0,0,True,True,0,9,1,9,1,12,LS_SS,sampled_pool,,,True,0.1111111111111111,0.1,0.8888888888888888,0.1,adaptive,break_symmetry,offspring,random_feasible_start_no_adaptive_spacing,,,,feasible_start_adaptive_spacing,0.5,,True,auto_from_instance,0.75,0.35,"5,8,15,25,27,37,47",0,,,,,,"H[5,8,13,15,25,27,37,47,49]|V[0]",43684171356211167e8ce4b173d9f40d93e3e5f8
proposed_nsga2_bs_Gyorgy-KOVACS_WH_Narrow_AW_4_seed_102,proposed_nsga2_bs,Gyorgy-KOVACS_WH_Narrow_AW_4,102,1,auto_from_instance,12,18,4,30,216,,,,,27,12,5,root > H:5 > BH:13 > BH:25 > BH:49 > BH:39,evaluated,8,inf,False,752,210,542,1008.0,1.0,1.0,True,True,1,1,0,True,1,1,0,0,True,True,0,10,1,10,1,12,LS_SS,sampled_pool,,,True,0.1111111111111111,0.1,0.8888888888888888,0.1,adaptive,break_symmetry,offspring,random_feasible_start_no_adaptive_spacing,,,,feasible_start_adaptive_spacing,0.5,,True,auto_from_instance,0.75,0.35,"5,8,15,25,27,37,47",0,,,,,,"H[5,8,13,15,25,27,37,39,47,49]|V[0]",bf41b8cc2a97a923c6e79847df2175bebbe81f61
proposed_nsga2_bs_Gyorgy-KOVACS_WH_Narrow_AW_4_seed_102,proposed_nsga2_bs,Gyorgy-KOVACS_WH_Narrow_AW_4,102,2,auto_from_instance,12,18,4,30,216,,,,,1,1,8,root > V:16 > BH:27 > BH:5 > BH:15 > BH:25 > BH:37 > BH:47 > BV:26,evaluated,2,0.6784848484848485,False,632,246,386,550.0,1.0,1.0,True,True,1,1,0,True,1,1,0,0,True,True,0,10,5,10,5,1,LS_RP,sampled_pool,,,False,0.16666666666666666,0.18075002440472698,0.8333333333333334,0.1,adaptive,bit_flip,offspring,random_feasible_start_no_adaptive_spacing,,,,feasible_start_adaptive_spacing,0.5,,True,auto_from_instance,0.75,0.35,"5,7,8,25,27,37,47,51,53","9,16,19,21",,,,,,"H[5,7,8,15,25,27,37,47,51,53]|V[9,16,19,21,26]",08ee812bc396556b6550be0bd82f9266dcd2fe55
proposed_nsga2_bs_Gyorgy-KOVACS_WH_Narrow_AW_4_seed_102,proposed_nsga2_bs,Gyorgy-KOVACS_WH_Narrow_AW_4,102,2,auto_from_instance,12,18,4,30,216,,,,,2,1,8,root > V:16 > BH:27 > BH:49 > BH:39 > BH:29 > BH:17 > BH:7 > BV:26,evaluated,2,1.09989898989899,False,632,246,386,550.0,1.0,1.0,True,True,1,1,0,True,1,1,0,0,True,True,0,13,5,13,5,1,LS_RP,sampled_pool,,,False,0.16666666666666666,0.18075002440472698,0.8333333333333334,0.1,adaptive,bit_flip,offspring,random_feasible_start_no_adaptive_spacing,,,,feasible_start_adaptive_spacing,0.5,,True,auto_from_instance,0.75,0.35,"5,7,8,25,27,37,47,51,53","9,16,19,21",,,,,,"H[5,7,8,17,25,27,29,37,39,47,49,51,53]|V[9,16,19,21,26]",660d9dab711cc8220a7c4152b9d81284ad744a59
proposed_nsga2_bs_Gyorgy-KOVACS_WH_Narrow_AW_4_seed_102,proposed_nsga2_bs,Gyorgy-KOVACS_WH_Narrow_AW_4,102,2,auto_from_instance,12,18,4,30,216,,,,,3,1,8,root > V:16 > BH:27 > BH:5 > BH:15 > BH:25 > BH:37 > BH:47 > BV:24,evaluated,3,inf,False,632,246,386,628.0,1.0,1.0,True,True,1,1,0,True,1,1,0,0,True,True,0,10,5,10,5,1,LS_RP,sampled_pool,,,False,0.16666666666666666,0.18075002440472698,0.8333333333333334,0.1,adaptive,bit_flip,offspring,random_feasible_start_no_adaptive_spacing,,,,feasible_start_adaptive_spacing,0.5,,True,auto_from_instance,0.75,0.35,"5,7,8,25,27,37,47,51,53","9,16,19,21",,,,,,"H[5,7,8,15,25,27,37,47,51,53]|V[9,16,19,21,24]",fe71932ea9ef92cbca4e0b578f20f6e88be50370
proposed_nsga2_bs_Gyorgy-KOVACS_WH_Narrow_AW_4_seed_102,proposed_nsga2_bs,Gyorgy-KOVACS_WH_Narrow_AW_4,102,2,auto_from_instance,12,18,4,30,216,,,,,4,1,8,root > V:16 > BH:27 > BH:49 > BH:39 > BH:29 > BH:17 > BH:7 > BV:24,evaluated,3,inf,False,632,246,386,628.0,1.0,1.0,True,True,1,1,0,True,1,1,0,0,True,True,0,13,5,13,5,1,LS_RP,sampled_pool,,,False,0.16666666666666666,0.18075002440472698,0.8333333333333334,0.1,adaptive,bit_flip,offspring,random_feasible_start_no_adaptive_spacing,,,,feasible_start_adaptive_spacing,0.5,,True,auto_from_instance,0.75,0.35,"5,7,8,25,27,37,47,51,53","9,16,19,21",,,,,,"H[5,7,8,17,25,27,29,37,39,47,49,51,53]|V[9,16,19,21,24]",9696e3fb0a981a3c866440c46c54987a8cf3ab94
proposed_nsga2_bs_Gyorgy-KOVACS_WH_Narrow_AW_4_seed_102,proposed_nsga2_bs,Gyorgy-KOVACS_WH_Narrow_AW_4,102,2,auto_from_instance,12,18,4,30,216,,,,,5,2,4,root > V:28 > BH:27 > BV:21 > BV:21,evaluated,2,inf,False,680,262,418,576.0,1.0,1.0,True,True,1,1,0,True,1,1,0,0,True,True,0,9,6,9,6,2,PF_LS,sampled_pool,,,False,0.16666666666666666,0.12650324590731643,0.8333333333333334,0.1,adaptive,spacing_aware_flip,offspring,random_feasible_start_no_adaptive_spacing,,,,feasible_start_adaptive_spacing,0.5,,True,auto_from_instance,0.75,0.35,"5,7,8,25,27,37,47,51,53","9,16,19,23,28",,,,,,"H[5,7,8,25,27,37,47,51,53]|V[9,16,19,21,23,28]",67a6f4f8f954f77d80a9f7aeff15d9041dc361bd
proposed_nsga2_bs_Gyorgy-KOVACS_WH_Narrow_AW_4_seed_102,proposed_nsga2_bs,Gyorgy-KOVACS_WH_Narrow_AW_4,102,2,auto_from_instance,12,18,4,30,216,,,,,6,2,4,root > V:28 > BH:27 > BV:19 > BV:21,selected,1,inf,True,680,262,418,524.0,1.0,1.0,True,True,1,1,0,True,1,1,0,0,True,True,0,9,6,9,6,2,PF_LS,sampled_pool,,,False,0.16666666666666666,0.12650324590731643,0.8333333333333334,0.1,adaptive,spacing_aware_flip,offspring,random_feasible_start_no_adaptive_spacing,,,,feasible_start_adaptive_spacing,0.5,,True,auto_from_instance,0.75,0.35,"5,7,8,25,27,37,47,51,53","9,16,19,23,28",,,,,,"H[5,7,8,25,27,37,47,51,53]|V[9,16,19,21,23,28]",334779b46d5c288ee3031362a71af20db7b63dd5
proposed_nsga2_bs_Gyorgy-KOVACS_WH_Narrow_AW_4_seed_102,proposed_nsga2_bs,Gyorgy-KOVACS_WH_Narrow_AW_4,102,2,auto_from_instance,12,18,4,30,216,,,,,7,2,4,root > V:28 > BH:27 > BV:17 > BV:21,evaluated,2,inf,False,680,262,418,576.0,1.0,1.0,True,True,1,1,0,True,1,1,0,0,True,True,0,9,7,9,7,2,PF_LS,sampled_pool,,,False,0.16666666666666666,0.12650324590731643,0.8333333333333334,0.1,adaptive,spacing_aware_flip,offspring,random_feasible_start_no_adaptive_spacing,,,,feasible_start_adaptive_spacing,0.5,,True,auto_from_instance,0.75,0.35,"5,7,8,25,27,37,47,51,53","9,16,19,23,28",,,,,,"H[5,7,8,25,27,37,47,51,53]|V[9,16,17,19,21,23,28]",0cf129bcce89e5f8a26de7d155210a53886c00dc
proposed_nsga2_bs_Gyorgy-KOVACS_WH_Narrow_AW_4_seed_102,proposed_nsga2_bs,Gyorgy-KOVACS_WH_Narrow_AW_4,102,2,auto_from_instance,12,18,4,30,216,,,,,8,2,4,root > V:28 > BH:27 > BV:21 > BV:19,selected,1,0.0,True,680,262,418,524.0,1.0,1.0,True,True,1,1,0,True,1,1,0,0,True,True,0,9,6,9,6,2,PF_LS,sampled_pool,,,False,0.16666666666666666,0.12650324590731643,0.8333333333333334,0.1,adaptive,spacing_aware_flip,offspring,random_feasible_start_no_adaptive_spacing,,,,feasible_start_adaptive_spacing,0.5,,True,auto_from_instance,0.75,0.35,"5,7,8,25,27,37,47,51,53","9,16,19,23,28",,,,,,"H[5,7,8,25,27,37,47,51,53]|V[9,16,19,21,23,28]",8f2926ac3d427dac9f2e22e7dbb4782d03fe71f9
proposed_nsga2_bs_Gyorgy-KOVACS_WH_Narrow_AW_4_seed_102,proposed_nsga2_bs,Gyorgy-KOVACS_WH_Narrow_AW_4,102,2,auto_from_instance,12,18,4,30,216,,,,,9,4,4,root > V:27 > BH:27 > BV:19 > BV:19,selected,1,inf,True,684,260,424,484.0,1.0,1.0,True,True,1,1,0,True,1,1,0,0,True,True,0,9,4,9,4,4,PF_SS_RP,sampled_pool,,,True,0.16666666666666666,0.1568369162552164,0.8333333333333334,0.1,adaptive,bit_flip,offspring,random_feasible_start_no_adaptive_spacing,,,,feasible_start_adaptive_spacing,0.5,,True,auto_from_instance,0.75,0.35,"7,13,17,24,27,29,39,47,49","6,17,27",,,,,,"H[7,13,17,24,27,29,39,47,49]|V[6,17,19,27]",9baad5a6d6d08df213ec54891109e23b1069a9a5
proposed_nsga2_bs_Gyorgy-KOVACS_WH_Narrow_AW_4_seed_102,proposed_nsga2_bs,Gyorgy-KOVACS_WH_Narrow_AW_4,102,2,auto_from_instance,12,18,4,30,216,,,,,10,4,4,root > V:27 > BH:27 > BV:17 > BV:19,selected,1,0.0,True,684,260,424,484.0,1.0,1.0,True,True,1,1,0,True,1,1,0,0,True,True,0,9,4,9,4,4,PF_SS_RP,sampled_pool,,,True,0.16666666666666666,0.1568369162552164,0.8333333333333334,0.1,adaptive,bit_flip,offspring,random_feasible_start_no_adaptive_spacing,,,,feasible_start_adaptive_spacing,0.5,,True,auto_from_instance,0.75,0.35,"7,13,17,24,27,29,39,47,49","6,17,27",,,,,,"H[7,13,17,24,27,29,39,47,49]|V[6,17,19,27]",7ea492661f4a7d780540a41c5bfc758906148e19
proposed_nsga2_bs_Gyorgy-KOVACS_WH_Narrow_AW_4_seed_102,proposed_nsga2_bs,Gyorgy-KOVACS_WH_Narrow_AW_4,102,2,auto_from_instance,12,18,4,30,216,,,,,11,4,4,root > V:27 > BH:27 > BV:19 > BV:17,selected,1,0.0,True,684,260,424,484.0,1.0,1.0,True,True,1,1,0,True,1,1,0,0,True,True,0,9,4,9,4,4,PF_SS_RP,sampled_pool,,,True,0.16666666666666666,0.1568369162552164,0.8333333333333334,0.1,adaptive,bit_flip,offspring,random_feasible_start_no_adaptive_spacing,,,,feasible_start_adaptive_spacing,0.5,,True,auto_from_instance,0.75,0.35,"7,13,17,24,27,29,39,47,49","6,17,27",,,,,,"H[7,13,17,24,27,29,39,47,49]|V[6,17,19,27]",59c55a28d53f47701301421f850890ad1de7d63b
proposed_nsga2_bs_Gyorgy-KOVACS_WH_Narrow_AW_4_seed_102,proposed_nsga2_bs,Gyorgy-KOVACS_WH_Narrow_AW_4,102,2,auto_from_instance,12,18,4,30,216,,,,,12,4,4,root > V:27 > BH:27 > BV:17 > BV:17,selected,1,inf,True,684,260,424,484.0,1.0,1.0,True,True,1,1,0,True,1,1,0,0,True,True,0,9,3,9,3,4,PF_SS_RP,sampled_pool,,,True,0.16666666666666666,0.1568369162552164,0.8333333333333334,0.1,adaptive,bit_flip,offspring,random_feasible_start_no_adaptive_spacing,,,,feasible_start_adaptive_spacing,0.5,,True,auto_from_instance,0.75,0.35,"7,13,17,24,27,29,39,47,49","6,17,27",,,,,,"H[7,13,17,24,27,29,39,47,49]|V[6,17,27]",6732d5258a9313035bead181283e041def90bbb2
proposed_nsga2_bs_Gyorgy-KOVACS_WH_Narrow_AW_4_seed_102,proposed_nsga2_bs,Gyorgy-KOVACS_WH_Narrow_AW_4,102,2,auto_from_instance,12,18,4,30,216,,,,,13,6,8,root > V:17 > BH:27 > BH:5 > BH:15 > BH:25 > BH:37 > BH:47 > BV:27,selected,1,1.7475,True,648,237,411,490.0,1.0,1.0,True,True,1,1,0,True,1,1,0,0,True,True,0,11,3,11,3,6,PF_SS_RP,sampled_pool,,,True,0.16666666666666666,0.20822068292573243,0.8333333333333334,0.1,adaptive,swap_segments,offspring,random_feasible_start_no_adaptive_spacing,,,,feasible_start_adaptive_spacing,0.5,,True,auto_from_instance,0.75,0.35,"7,17,27,29,39,47,49","6,17",,,,,,"H[5,7,15,17,25,27,29,37,39,47,49]|V[6,17,27]",3ab80a1d8e68880e815ad780c83cfc2449e7f93f
proposed_nsga2_bs_Gyorgy-KOVACS_WH_Narrow_AW_4_seed_102,proposed_nsga2_bs,Gyorgy-KOVACS_WH_Narrow_AW_4,102,2,auto_from_instance,12,18,4,30,216,,,,,14,6,8,root > V:17 > BH:27 > BH:49 > BH:39 > BH:29 > BH:17 > BH:7 > BV:27,selected,1,inf,True,648,237,411,490.0,1.0,1.0,True,True,1,1,0,True,1,1,0,0,True,True,0,7,3,7,3,6,PF_SS_RP,sampled_pool,,,True,0.16666666666666666,0.20822068292573243,0.8333333333333334,0.1,adaptive,swap_segments,offspring,random_feasible_start_no_adaptive_spacing,,,,feasible_start_adaptive_spacing,0.5,,True,auto_from_instance,0.75,0.35,"7,17,27,29,39,47,49","6,17",,,,,,"H[7,17,27,29,39,47,49]|V[6,17,27]",451b31cd7494c0e29ac39737991e84853f054397
proposed_nsga2_bs_Gyorgy-KOVACS_WH_Narrow_AW_4_seed_102,proposed_nsga2_bs,Gyorgy-KOVACS_WH_Narrow_AW_4,102,2,auto_from_instance,12,18,4,30,216,,,,,15,6,8,root > V:17 > BH:27 > BH:5 > BH:15 > BH:25 > BH:37 > BH:47 > BV:25,evaluated,2,inf,False,648,237,411,544.0,1.0,1.0,True,True,1,1,0,True,1,1,0,0,True,True,0,11,3,11,3,6,PF_SS_RP,sampled_pool,,,True,0.16666666666666666,0.20822068292573243,0.8333333333333334,0.1,adaptive,swap_segments,offspring,random_feasible_start_no_adaptive_spacing,,,,feasible_start_adaptive_spacing,0.5,,True,auto_from_instance,0.75,0.35,"7,17,27,29,39,47,49","6,17",,,,,,"H[5,7,15,17,25,27,29,37,39,47,49]|V[6,17,25]",24e93b3467ee5334276be59c5b6e878bb2e06a66
proposed_nsga2_bs_Gyorgy-KOVACS_WH_Narrow_AW_4_seed_102,proposed_nsga2_bs,Gyorgy-KOVACS_WH_Narrow_AW_4,102,2,auto_from_instance,12,18,4,30,216,,,,,16,6,8,root > V:17 > BH:27 > BH:49 > BH:39 > BH:29 > BH:17 > BH:7 > BV:25,evaluated,2,inf,False,648,237,411,544.0,1.0,1.0,True,True,1,1,0,True,1,1,0,0,True,True,0,7,3,7,3,6,PF_SS_RP,sampled_pool,,,True,0.16666666666666666,0.20822068292573243,0.8333333333333334,0.1,adaptive,swap_segments,offspring,random_feasible_start_no_adaptive_spacing,,,,feasible_start_adaptive_spacing,0.5,,True,auto_from_instance,0.75,0.35,"7,17,27,29,39,47,49","6,17",,,,,,"H[7,17,27,29,39,47,49]|V[6,17,25]",19631d63ec0204b55a5a6d539d26aaf84a80581d
proposed_nsga2_bs_Gyorgy-KOVACS_WH_Narrow_AW_4_seed_102,proposed_nsga2_bs,Gyorgy-KOVACS_WH_Narrow_AW_4,102,2,auto_from_instance,12,18,4,30,216,,,,,17,7,9,root > V:16 > BH:27 > BH:47 > BH:39 > BH:29 > BH:17 > BH:9 > BV:26 > BV:26,selected,0,inf,True,600,256,344,444.0,1.0,1.0,True,True,1,1,0,True,1,1,0,0,True,True,0,13,3,13,3,7,PF_LS,sampled_pool,,,False,0.16666666666666666,0.20360148622107518,0.8333333333333334,0.1,adaptive,bit_flip,offspring,random_feasible_start_no_adaptive_spacing,,,,feasible_start_adaptive_spacing,0.5,,True,auto_from_instance,0.75,0.35,"1,7,13,17,27,29,35,39,47,49,50,52","16,20,26",,,,,,"H[1,7,9,13,17,27,29,35,39,47,49,50,52]|V[16,20,26]",31618e0fa9e7ba38a349d70c4dff96d8a35cbd09
proposed_nsga2_bs_Gyorgy-KOVACS_WH_Narrow_AW_4_seed_102,proposed_nsga2_bs,Gyorgy-KOVACS_WH_Narrow_AW_4,102,2,auto_from_instance,12,18,4,30,216,,,,,18,7,9,root > V:16 > BH:27 > BH:47 > BH:39 > BH:29 > BH:17 > BH:9 > BV:26 > BV:24,selected,1,inf,True,600,256,344,522.0,1.0,1.0,True,True,1,1,0,True,1,1,0,0,True,True,0,13,4,13,4,7,PF_LS,sampled_pool,,,False,0.16666666666666666,0.20360148622107518,0.8333333333333334,0.1,adaptive,bit_flip,offspring,random_feasible_start_no_adaptive_spacing,,,,feasible_start_adaptive_spacing,0.5,,True,auto_from_instance,0.75,0.35,"1,7,13,17,27,29,35,39,47,49,50,52","16,20,26",,,,,,"H[1,7,9,13,17,27,29,35,39,47,49,50,52]|V[16,20,24,26]",fa8b3ae6d34a080b7f0477f81e4f7a7c987ebe2e
proposed_nsga2_bs_Gyorgy-KOVACS_WH_Narrow_AW_4_seed_102,proposed_nsga2_bs,Gyorgy-KOVACS_WH_Narrow_AW_4,102,2,auto_from_instance,12,18,4,30,216,,,,,19,7,9,root > V:16 > BH:27 > BH:47 > BH:39 > BH:29 > BH:17 > BH:9 > BV:26 > BV:30,evaluated,2,inf,False,600,248,352,616.0,1.0,1.0,True,True,1,1,0,True,1,1,0,0,True,True,0,13,4,13,4,7,PF_LS,sampled_pool,,,False,0.16666666666666666,0.20360148622107518,0.8333333333333334,0.1,adaptive,bit_flip,offspring,random_feasible_start_no_adaptive_spacing,,,,feasible_start_adaptive_spacing,0.5,,True,auto_from_instance,0.75,0.35,"1,7,13,17,27,29,35,39,47,49,50,52","16,20,26",,,,,,"H[1,7,9,13,17,27,29,35,39,47,49,50,52]|V[16,20,26,30]",1806574f87db50fbd619950bace22c101eef624b
proposed_nsga2_bs_Gyorgy-KOVACS_WH_Narrow_AW_4_seed_102,proposed_nsga2_bs,Gyorgy-KOVACS_WH_Narrow_AW_4,102,2,auto_from_instance,12,18,4,30,216,,,,,20,9,4,root > V:28 > BH:27 > BV:19 > BV:19,selected,0,inf,True,680,262,418,472.0,1.0,1.0,True,True,1,1,0,True,1,1,0,0,True,True,0,11,4,11,4,9,PF_SS,sampled_pool,,,True,0.16666666666666666,0.154592858958842,0.8333333333333334,0.1,adaptive,spacing_aware_flip,offspring,random_feasible_start_no_adaptive_spacing,,,,feasible_start_adaptive_spacing,0.5,,True,auto_from_instance,0.75,0.35,"5,7,8,25,27,35,39,40,43,50,52","4,16,19,28",,,,,,"H[5,7,8,25,27,35,39,40,43,50,52]|V[4,16,19,28]",fc4825140fa5e2560776b4b932f5ef46c1588f36
proposed_nsga2_bs_Gyorgy-KOVACS_WH_Narrow_AW_4_seed_102,proposed_nsga2_bs,Gyorgy-KOVACS_WH_Narrow_AW_4,102,2,auto_from_instance,12,18,4,30,216,,,,,21,9,4,root > V:28 > BH:27 > BV:19 > BV:17,selected,1,inf,True,680,262,418,524.0,1.0,1.0,True,True,1,1,0,True,1,1,0,0,True,True,0,11,5,11,5,9,PF_SS,sampled_pool,,,True,0.16666666666666666,0.154592858958842,0.8333333333333334,0.1,adaptive,spacing_aware_flip,offspring,random_feasible_start_no_adaptive_spacing,,,,feasible_start_adaptive_spacing,0.5,,True,auto_from_instance,0.75,0.35,"5,7,8,25,27,35,39,40,43,50,52","4,16,19,28",,,,,,"H[5,7,8,25,27,35,39,40,43,50,52]|V[4,16,17,19,28]",c3a8d798cccc0ae6137f5d1801f12286f82d75a7
proposed_nsga2_bs_Gyorgy-KOVACS_WH_Narrow_AW_4_seed_102,proposed_nsga2_bs,Gyorgy-KOVACS_WH_Narrow_AW_4,102,2,auto_from_instance,12,18,4,30,216,,,,,22,11,9,root > V:20 > BH:27 > BH:47 > BH:35 > BH:23 > BH:9 > BV:30 > BV:30 > BV:30,evaluated,4,inf,False,664,189,475,744.0,1.0,1.0,True,True,1,1,0,True,1,1,0,0,True,True,0,13,6,13,6,11,RP_LS,sampled_pool,,,False,0.16666666666666666,0.21000513106952814,0.8333333333333334,0.1,adaptive,insert_random_aisle,offspring,random_feasible_start_no_adaptive_spacing,,,,feasible_start_adaptive_spacing,0.5,,True,auto_from_instance,0.75,0.35,"7,9,17,25,27,29,35,39,40,43,47,49","6,7,16,20,26",,,,,,"H[7,9,17,23,25,27,29,35,39,40,43,47,49]|V[6,7,16,20,26,30]",a414288fa2616e137a2dae98db7ec4d9ee4c5642
proposed_nsga2_bs_Gyorgy-KOVACS_WH_Narrow_AW_4_seed_102,proposed_nsga2_bs,Gyorgy-KOVACS_WH_Narrow_AW_4,102,2,auto_from_instance,12,18,4,30,216,,,,,23,11,9,root > V:20 > BH:27 > BH:49 > BH:37 > BH:23 > BH:9 > BV:30 > BV:30 > BV:30,evaluated,4,inf,False,648,188,460,760.0,1.0,1.0,True,True,1,1,0,True,1,1,0,0,True,True,0,14,6,14,6,11,RP_LS,sampled_pool,,,False,0.16666666666666666,0.21000513106952814,0.8333333333333334,0.1,adaptive,insert_random_aisle,offspring,random_feasible_start_no_adaptive_spacing,,,,feasible_start_adaptive_spacing,0.5,,True,auto_from_instance,0.75,0.35,"7,9,17,25,27,29,35,39,40,43,47,49","6,7,16,20,26",,,,,,"H[7,9,17,23,25,27,29,35,37,39,40,43,47,49]|V[6,7,16,20,26,30]",ed5d8e8724e32dfc3bba7b87d4f8c9a6ed701260
proposed_nsga2_bs_Gyorgy-KOVACS_WH_Narrow_AW_4_seed_102,proposed_nsga2_bs,Gyorgy-KOVACS_WH_Narrow_AW_4,102,3,auto_from_instance,12,18,4,30,216,,,,,1,1,4,root > V:28 > BH:27 > BV:21 > BV:21,selected,1,inf,True,680,262,418,576.0,1.0,1.0,True,True,1,1,0,True,1,1,0,0,True,True,0,11,5,11,5,1,PF_LS,sampled_pool,,,False,0.2222222222222222,0.14722535830689798,0.7777777777777778,0.1,adaptive,break_symmetry,offspring,random_feasible_start_no_adaptive_spacing,,,,feasible_start_adaptive_spacing,0.5,,True,auto_from_instance,0.75,0.35,"5,7,8,25,27,35,39,47,49,50,52","3,16,20,28",,,,,,"H[5,7,8,25,27,35,39,47,49,50,52]|V[3,16,20,21,28]",67a6f4f8f954f77d80a9f7aeff15d9041dc361bd
proposed_nsga2_bs_Gyorgy-KOVACS_WH_Narrow_AW_4_seed_102,proposed_nsga2_bs,Gyorgy-KOVACS_WH_Narrow_AW_4,102,3,auto_from_instance,12,18,4,30,216,,,,,2,1,4,root > V:28 > BH:27 > BV:19 > BV:21,selected,0,inf,True,680,262,418,524.0,1.0,1.0,True,True,1,1,0,True,1,1,0,0,True,True,0,11,6,11,6,1,PF_LS,sampled_pool,,,False,0.2222222222222222,0.14722535830689798,0.7777777777777778,0.1,adaptive,break_symmetry,offspring,random_feasible_start_no_adaptive_spacing,,,,feasible_start_adaptive_spacing,0.5,,True,auto_from_instance,0.75,0.35,"5,7,8,25,27,35,39,47,49,50,52","3,16,20,28",,,,,,"H[5,7,8,25,27,35,39,47,49,50,52]|V[3,16,19,20,21,28]",334779b46d5c288ee3031362a71af20db7b63dd5
proposed_nsga2_bs_Gyorgy-KOVACS_WH_Narrow_AW_4_seed_102,proposed_nsga2_bs,Gyorgy-KOVACS_WH_Narrow_AW_4,102,3,auto_from_instance,12,18,4,30,216,,,,,3,1,4,root > V:28 > BH:27 > BV:17 > BV:21,selected,1,inf,True,680,262,418,576.0,1.0,1.0,True,True,1,1,0,True,1,1,0,0,True,True,0,11,6,11,6,1,PF_LS,sampled_pool,,,False,0.2222222222222222,0.14722535830689798,0.7777777777777778,0.1,adaptive,break_symmetry,offspring,random_feasible_start_no_adaptive_spacing,,,,feasible_start_adaptive_spacing,0.5,,True,auto_from_instance,0.75,0.35,"5,7,8,25,27,35,39,47,49,50,52","3,16,20,28",,,,,,"H[5,7,8,25,27,35,39,47,49,50,52]|V[3,16,17,20,21,28]",0cf129bcce89e5f8a26de7d155210a53886c00dc
proposed_nsga2_bs_Gyorgy-KOVACS_WH_Narrow_AW_4_seed_102,proposed_nsga2_bs,Gyorgy-KOVACS_WH_Narrow_AW_4,102,3,auto_from_instance,12,18,4,30,216,,,,,4,1,4,root > V:28 > BH:27 > BV:21 > BV:19,selected,0,0.6318341307814991,True,680,262,418,524.0,1.0,1.0,True,True,1,1,0,True,1,1,0,0,True,True,0,11,6,11,6,1,PF_LS,sampled_pool,,,False,0.2222222222222222,0.14722535830689798,0.7777777777777778,0.1,adaptive,break_symmetry,offspring,random_feasible_start_no_adaptive_spacing,,,,feasible_start_adaptive_spacing,0.5,,True,auto_from_instance,0.75,0.35,"5,7,8,25,27,35,39,47,49,50,52","3,16,20,28",,,,,,"H[5,7,8,25,27,35,39,47,49,50,52]|V[3,16,19,20,21,28]",8f2926ac3d427dac9f2e22e7dbb4782d03fe71f9
proposed_nsga2_bs_Gyorgy-KOVACS_WH_Narrow_AW_4_seed_102,proposed_nsga2_bs,Gyorgy-KOVACS_WH_Narrow_AW_4,102,3,auto_from_instance,12,18,4,30,216,,,,,5,2,8,root > V:16 > BH:27 > BH:5 > BH:15 > BH:25 > BH:37 > BH:47 > BV:26,selected,0,inf,True,632,246,386,550.0,1.0,1.0,True,True,1,1,0,True,1,1,0,0,True,True,0,18,3,18,3,2,LS_SS,sampled_pool,,,True,0.2222222222222222,0.23586840268048712,0.7777777777777778,0.1,adaptive,insert_random_aisle,offspring,random_feasible_start_no_adaptive_spacing,,,,feasible_start_adaptive_spacing,0.5,,True,auto_from_instance,0.75,0.35,"1,7,9,13,17,25,27,29,35,39,40,43,50,52","16,19,26",,,,,,"H[1,5,7,9,13,15,17,25,27,29,35,37,39,40,43,47,50,52]|V[16,19,26]",08ee812bc396556b6550be0bd82f9266dcd2fe55
proposed_nsga2_bs_Gyorgy-KOVACS_WH_Narrow_AW_4_seed_102,proposed_nsga2_bs,Gyorgy-KOVACS_WH_Narrow_AW_4,102,3,auto_from_instance,12,18,4,30,216,,,,,6,2,8,root > V:16 > BH:27 > BH:49 > BH:39 > BH:29 > BH:17 > BH:7 > BV:26,selected,0,inf,True,632,246,386,550.0,1.0,1.0,True,True,1,1,0,True,1,1,0,0,True,True,0,15,3,15,3,2,LS_SS,sampled_pool,,,True,0.2222222222222222,0.23586840268048712,0.7777777777777778,0.1,adaptive,insert_random_aisle,offspring,random_feasible_start_no_adaptive_spacing,,,,feasible_start_adaptive_spacing,0.5,,True,auto_from_instance,0.75,0.35,"1,7,9,13,17,25,27,29,35,39,40,43,50,52","16,19,26",,,,,,"H[1,7,9,13,17,25,27,29,35,39,40,43,49,50,52]|V[16,19,26]",660d9dab711cc8220a7c4152b9d81284ad744a59
proposed_nsga2_bs_Gyorgy-KOVACS_WH_Narrow_AW_4_seed_102,proposed_nsga2_bs,Gyorgy-KOVACS_WH_Narrow_AW_4,102,3,auto_from_instance,12,18,4,30,216,,,,,7,2,8,root > V:16 > BH:27 > BH:5 > BH:15 > BH:25 > BH:37 > BH:47 > BV:24,evaluated,1,inf,False,632,246,386,628.0,1.0,1.0,True,True,1,1,0,True,1,1,0,0,True,True,0,18,4,18,4,2,LS_SS,sampled_pool,,,True,0.2222222222222222,0.23586840268048712,0.7777777777777778,0.1,adaptive,insert_random_aisle,offspring,random_feasible_start_no_adaptive_spacing,,,,feasible_start_adaptive_spacing,0.5,,True,auto_from_instance,0.75,0.35,"1,7,9,13,17,25,27,29,35,39,40,43,50,52","16,19,26",,,,,,"H[1,5,7,9,13,15,17,25,27,29,35,37,39,40,43,47,50,52]|V[16,19,24,26]",fe71932ea9ef92cbca4e0b578f20f6e88be50370
proposed_nsga2_bs_Gyorgy-KOVACS_WH_Narrow_AW_4_seed_102,proposed_nsga2_bs,Gyorgy-KOVACS_WH_Narrow_AW_4,102,3,auto_from_instance,12,18,4,30,216,,,,,8,2,8,root > V:16 > BH:27 > BH:49 > BH:39 > BH:29 > BH:17 > BH:7 > BV:24,evaluated,1,inf,False,632,246,386,628.0,1.0,1.0,True,True,1,1,0,True,1,1,0,0,True,True,0,15,4,15,4,2,LS_SS,sampled_pool,,,True,0.2222222222222222,0.23586840268048712,0.7777777777777778,0.1,adaptive,insert_random_aisle,offspring,random_feasible_start_no_adaptive_spacing,,,,feasible_start_adaptive_spacing,0.5,,True,auto_from_instance,0.75,0.35,"1,7,9,13,17,25,27,29,35,39,40,43,50,52","16,19,26",,,,,,"H[1,7,9,13,17,25,27,29,35,39,40,43,49,50,52]|V[16,19,24,26]",9696e3fb0a981a3c866440c46c54987a8cf3ab94
proposed_nsga2_bs_Gyorgy-KOVACS_WH_Narrow_AW_4_seed_102,proposed_nsga2_bs,Gyorgy-KOVACS_WH_Narrow_AW_4,102,3,auto_from_instance,12,18,4,30,216,,,,,9,3,4,root > V:27 > BH:27 > BV:19 > BV:19,selected,0,inf,True,684,260,424,484.0,1.0,1.0,True,True,1,1,0,True,1,1,0,0,True,True,0,9,6,9,6,3,SS_LS_PF,sampled_pool,,,True,0.2222222222222222,0.23051679246881293,0.7777777777777778,0.1,adaptive,spacing_aware_flip,offspring,random_feasible_start_no_adaptive_spacing,,,,feasible_start_adaptive_spacing,0.5,,True,auto_from_instance,0.75,0.35,"7,13,17,27,29,35,39,47,49","6,17,19,26,27,32",,,,,,"H[7,13,17,27,29,35,39,47,49]|V[6,17,19,26,27,32]",9baad5a6d6d08df213ec54891109e23b1069a9a5
proposed_nsga2_bs_Gyorgy-KOVACS_WH_Narrow_AW_4_seed_102,proposed_nsga2_bs,Gyorgy-KOVACS_WH_Narrow_AW_4,102,3,auto_from_instance,12,18,4,30,216,,,,,10,3,4,root > V:27 > BH:27 > BV:17 > BV:19,selected,0,0.0,True,684,260,424,484.0,1.0,1.0,True,True,1,1,0,True,1,1,0,0,True,True,0,9,6,9,6,3,SS_LS_PF,sampled_pool,,,True,0.2222222222222222,0.23051679246881293,0.7777777777777778,0.1,adaptive,spacing_aware_flip,offspring,random_feasible_start_no_adaptive_spacing,,,,feasible_start_adaptive_spacing,0.5,,True,auto_from_instance,0.75,0.35,"7,13,17,27,29,35,39,47,49","6,17,19,26,27,32",,,,,,"H[7,13,17,27,29,35,39,47,49]|V[6,17,19,26,27,32]",7ea492661f4a7d780540a41c5bfc758906148e19
proposed_nsga2_bs_Gyorgy-KOVACS_WH_Narrow_AW_4_seed_102,proposed_nsga2_bs,Gyorgy-KOVACS_WH_Narrow_AW_4,102,3,auto_from_instance,12,18,4,30,216,,,,,11,3,4,root > V:27 > BH:27 > BV:19 > BV:17,selected,0,0.0,True,684,260,424,484.0,1.0,1.0,True,True,1,1,0,True,1,1,0,0,True,True,0,9,6,9,6,3,SS_LS_PF,sampled_pool,,,True,0.2222222222222222,0.23051679246881293,0.7777777777777778,0.1,adaptive,spacing_aware_flip,offspring,random_feasible_start_no_adaptive_spacing,,,,feasible_start_adaptive_spacing,0.5,,True,auto_from_instance,0.75,0.35,"7,13,17,27,29,35,39,47,49","6,17,19,26,27,32",,,,,,"H[7,13,17,27,29,35,39,47,49]|V[6,17,19,26,27,32]",59c55a28d53f47701301421f850890ad1de7d63b
proposed_nsga2_bs_Gyorgy-KOVACS_WH_Narrow_AW_4_seed_102,proposed_nsga2_bs,Gyorgy-KOVACS_WH_Narrow_AW_4,102,3,auto_from_instance,12,18,4,30,216,,,,,12,3,4,root > V:27 > BH:27 > BV:17 > BV:17,selected,0,inf,True,684,260,424,484.0,1.0,1.0,True,True,1,1,0,True,1,1,0,0,True,True,0,9,6,9,6,3,SS_LS_PF,sampled_pool,,,True,0.2222222222222222,0.23051679246881293,0.7777777777777778,0.1,adaptive,spacing_aware_flip,offspring,random_feasible_start_no_adaptive_spacing,,,,feasible_start_adaptive_spacing,0.5,,True,auto_from_instance,0.75,0.35,"7,13,17,27,29,35,39,47,49","6,17,19,26,27,32",,,,,,"H[7,13,17,27,29,35,39,47,49]|V[6,17,19,26,27,32]",6732d5258a9313035bead181283e041def90bbb2
proposed_nsga2_bs_Gyorgy-KOVACS_WH_Narrow_AW_4_seed_102,proposed_nsga2_bs,Gyorgy-KOVACS_WH_Narrow_AW_4,102,3,auto_from_instance,12,18,4,30,216,,,,,13,4,8,root > V:17 > BH:27 > BH:5 > BH:15 > BH:25 > BH:37 > BH:47 > BV:27,selected,0,1.1088038277511962,True,648,237,411,490.0,1.0,1.0,True,True,1,1,0,True,1,1,0,0,True,True,0,17,3,17,3,4,LS_SS,sampled_pool,,,True,0.2222222222222222,0.28712368632654184,0.7777777777777778,0.1,adaptive,break_symmetry,offspring,random_feasible_start_no_adaptive_spacing,,,,feasible_start_adaptive_spacing,0.5,,True,auto_from_instance,0.75,0.35,"1,7,9,13,17,24,27,29,39,47,49,50,52","17,20",,,,,,"H[1,5,7,9,13,15,17,24,25,27,29,37,39,47,49,50,52]|V[17,20,27]",3ab80a1d8e68880e815ad780c83cfc2449e7f93f
proposed_nsga2_bs_Gyorgy-KOVACS_WH_Narrow_AW_4_seed_102,proposed_nsga2_bs,Gyorgy-KOVACS_WH_Narrow_AW_4,102,3,auto_from_instance,12,18,4,30,216,,,,,14,4,8,root > V:17 > BH:27 > BH:49 > BH:39 > BH:29 > BH:17 > BH:7 > BV:27,selected,0,inf,True,648,237,411,490.0,1.0,1.0,True,True,1,1,0,True,1,1,0,0,True,True,0,13,3,13,3,4,LS_SS,sampled_pool,,,True,0.2222222222222222,0.28712368632654184,0.7777777777777778,0.1,adaptive,break_symmetry,offspring,random_feasible_start_no_adaptive_spacing,,,,feasible_start_adaptive_spacing,0.5,,True,auto_from_instance,0.75,0.35,"1,7,9,13,17,24,27,29,39,47,49,50,52","17,20",,,,,,"H[1,7,9,13,17,24,27,29,39,47,49,50,52]|V[17,20,27]",451b31cd7494c0e29ac39737991e84853f054397
proposed_nsga2_bs_Gyorgy-KOVACS_WH_Narrow_AW_4_seed_102,proposed_nsga2_bs,Gyorgy-KOVACS_WH_Narrow_AW_4,102,3,auto_from_instance,12,18,4,30,216,,,,,15,4,8,root > V:17 > BH:27 > BH:5 > BH:15 > BH:25 > BH:37 > BH:47 > BV:25,evaluated,1,inf,False,648,237,411,544.0,1.0,1.0,True,True,1,1,0,True,1,1,0,0,True,True,0,17,3,17,3,4,LS_SS,sampled_pool,,,True,0.2222222222222222,0.28712368632654184,0.7777777777777778,0.1,adaptive,break_symmetry,offspring,random_feasible_start_no_adaptive_spacing,,,,feasible_start_adaptive_spacing,0.5,,True,auto_from_instance,0.75,0.35,"1,7,9,13,17,24,27,29,39,47,49,50,52","17,20",,,,,,"H[1,5,7,9,13,15,17,24,25,27,29,37,39,47,49,50,52]|V[17,20,25]",24e93b3467ee5334276be59c5b6e878bb2e06a66
proposed_nsga2_bs_Gyorgy-KOVACS_WH_Narrow_AW_4_seed_102,proposed_nsga2_bs,Gyorgy-KOVACS_WH_Narrow_AW_4,102,3,auto_from_instance,12,18,4,30,216,,,,,16,4,8,root > V:17 > BH:27 > BH:49 > BH:39 > BH:29 > BH:17 > BH:7 > BV:25,evaluated,1,inf,False,648,237,411,544.0,1.0,1.0,True,True,1,1,0,True,1,1,0,0,True,True,0,13,3,13,3,4,LS_SS,sampled_pool,,,True,0.2222222222222222,0.28712368632654184,0.7777777777777778,0.1,adaptive,break_symmetry,offspring,random_feasible_start_no_adaptive_spacing,,,,feasible_start_adaptive_spacing,0.5,,True,auto_from_instance,0.75,0.35,"1,7,9,13,17,24,27,29,39,47,49,50,52","17,20",,,,,,"H[1,7,9,13,17,24,27,29,39,47,49,50,52]|V[17,20,25]",19631d63ec0204b55a5a6d539d26aaf84a80581d
proposed_nsga2_bs_Gyorgy-KOVACS_WH_Narrow_AW_4_seed_102,proposed_nsga2_bs,Gyorgy-KOVACS_WH_Narrow_AW_4,102,3,auto_from_instance,12,18,4,30,216,,,,,17,6,7,root > H:9 > BH:29 > BH:49 > BH:39 > BH:17 > BV:19 > BV:27,evaluated,2,inf,False,688,229,459,639.0,1.0,1.0,True,True,1,1,0,True,1,1,0,0,True,True,0,15,7,15,7,6,SS_LS_PF,sampled_pool,,,True,0.2222222222222222,0.2242255453767543,0.7777777777777778,0.1,adaptive,spacing_aware_flip,offspring,random_feasible_start_no_adaptive_spacing,,,,feasible_start_adaptive_spacing,0.5,,True,auto_from_instance,0.75,0.35,"5,7,9,13,25,27,35,39,40,43,50,52","4,16,20,26,33",,,,,,"H[5,7,9,13,17,25,27,29,35,39,40,43,49,50,52]|V[4,16,19,20,26,27,33]",658efa7c7d1393b207418104911d3ddbb956c3d6
proposed_nsga2_bs_Gyorgy-KOVACS_WH_Narrow_AW_4_seed_102,proposed_nsga2_bs,Gyorgy-KOVACS_WH_Narrow_AW_4,102,3,auto_from_instance,12,18,4,30,216,,,,,18,6,7,root > H:9 > BH:29 > BH:49 > BH:39 > BH:17 > BV:17 > BV:27,evaluated,2,inf,False,688,229,459,639.0,1.0,1.0,True,True,1,1,0,True,1,1,0,0,True,True,0,15,7,15,7,6,SS_LS_PF,sampled_pool,,,True,0.2222222222222222,0.2242255453767543,0.7777777777777778,0.1,adaptive,spacing_aware_flip,offspring,random_feasible_start_no_adaptive_spacing,,,,feasible_start_adaptive_spacing,0.5,,True,auto_from_instance,0.75,0.35,"5,7,9,13,25,27,35,39,40,43,50,52","4,16,20,26,33",,,,,,"H[5,7,9,13,17,25,27,29,35,39,40,43,49,50,52]|V[4,16,17,20,26,27,33]",2299f8319051a3fe928c71d2e3508aed6a102583
proposed_nsga2_bs_Gyorgy-KOVACS_WH_Narrow_AW_4_seed_102,proposed_nsga2_bs,Gyorgy-KOVACS_WH_Narrow_AW_4,102,3,auto_from_instance,12,18,4,30,216,,,,,19,6,7,root > H:9 > BH:29 > BH:49 > BH:41 > BH:17 > BV:17 > BV:27,evaluated,3,inf,False,688,229,459,681.0,1.0,1.0,True,True,1,1,0,True,1,1,0,0,True,True,0,16,7,16,7,6,SS_LS_PF,sampled_pool,,,True,0.2222222222222222,0.2242255453767543,0.7777777777777778,0.1,adaptive,spacing_aware_flip,offspring,random_feasible_start_no_adaptive_spacing,,,,feasible_start_adaptive_spacing,0.5,,True,auto_from_instance,0.75,0.35,"5,7,9,13,25,27,35,39,40,43,50,52","4,16,20,26,33",,,,,,"H[5,7,9,13,17,25,27,29,35,39,40,41,43,49,50,52]|V[4,16,17,20,26,27,33]",b5f5699df7537419d743e8d57e7d2233728616ac
proposed_nsga2_bs_Gyorgy-KOVACS_WH_Narrow_AW_4_seed_102,proposed_nsga2_bs,Gyorgy-KOVACS_WH_Narrow_AW_4,102,3,auto_from_instance,12,18,4,30,216,,,,,20,6,7,root > H:9 > BH:29 > BH:49 > BH:37 > BH:17 > BV:17 > BV:27,evaluated,3,inf,False,688,229,459,681.0,1.0,1.0,True,True,1,1,0,True,1,1,0,0,True,True,0,16,7,16,7,6,SS_LS_PF,sampled_pool,,,True,0.2222222222222222,0.2242255453767543,0.7777777777777778,0.1,adaptive,spacing_aware_flip,offspring,random_feasible_start_no_adaptive_spacing,,,,feasible_start_adaptive_spacing,0.5,,True,auto_from_instance,0.75,0.35,"5,7,9,13,25,27,35,39,40,43,50,52","4,16,20,26,33",,,,,,"H[5,7,9,13,17,25,27,29,35,37,39,40,43,49,50,52]|V[4,16,17,20,26,27,33]",3136b23150b88e5061fe839fd83adc245d1ad9f4
proposed_nsga2_bs_Gyorgy-KOVACS_WH_Narrow_AW_4_seed_102,proposed_nsga2_bs,Gyorgy-KOVACS_WH_Narrow_AW_4,102,4,auto_from_instance,12,18,4,30,216,,,,,1,1,4,root > V:28 > BH:27 > BV:19 > BV:19,selected,0,inf,True,680,262,418,472.0,1.0,1.0,True,True,1,1,0,True,1,1,0,0,True,True,0,13,5,13,5,1,RP_LS,sampled_pool,,,False,0.2777777777777778,0.3556045282616845,0.7222222222222222,0.1,adaptive,break_symmetry,offspring,random_feasible_start_no_adaptive_spacing,,,,feasible_start_adaptive_spacing,0.5,,True,auto_from_instance,0.75,0.35,"1,7,9,12,17,24,27,35,39,47,49,50,52","16,20,21,28",,,,,,"H[1,7,9,12,17,24,27,35,39,47,49,50,52]|V[16,19,20,21,28]",fc4825140fa5e2560776b4b932f5ef46c1588f36
proposed_nsga2_bs_Gyorgy-KOVACS_WH_Narrow_AW_4_seed_102,proposed_nsga2_bs,Gyorgy-KOVACS_WH_Narrow_AW_4,102,4,auto_from_instance,12,18,4,30,216,,,,,2,1,4,root > V:28 > BH:27 > BV:19 > BV:21,selected,1,inf,True,680,262,418,524.0,1.0,1.0,True,True,1,1,0,True,1,1,0,0,True,True,0,13,5,13,5,1,RP_LS,sampled_pool,,,False,0.2777777777777778,0.3556045282616845,0.7222222222222222,0.1,adaptive,break_symmetry,offspring,random_feasible_start_no_adaptive_spacing,,,,feasible_start_adaptive_spacing,0.5,,True,auto_from_instance,0.75,0.35,"1,7,9,12,17,24,27,35,39,47,49,50,52","16,20,21,28",,,,,,"H[1,7,9,12,17,24,27,35,39,47,49,50,52]|V[16,19,20,21,28]",334779b46d5c288ee3031362a71af20db7b63dd5
proposed_nsga2_bs_Gyorgy-KOVACS_WH_Narrow_AW_4_seed_102,proposed_nsga2_bs,Gyorgy-KOVACS_WH_Narrow_AW_4,102,4,auto_from_instance,12,18,4,30,216,,,,,3,1,4,root > V:28 > BH:27 > BV:19 > BV:21,selected,1,0.0,True,680,262,418,524.0,1.0,1.0,True,True,1,1,0,True,1,1,0,0,True,True,0,13,5,13,5,1,RP_LS,sampled_pool,,,False,0.2777777777777778,0.3556045282616845,0.7222222222222222,0.1,adaptive,break_symmetry,offspring,random_feasible_start_no_adaptive_spacing,,,,feasible_start_adaptive_spacing,0.5,,True,auto_from_instance,0.75,0.35,"1,7,9,12,17,24,27,35,39,47,49,50,52","16,20,21,28",,,,,,"H[1,7,9,12,17,24,27,35,39,47,49,50,52]|V[16,19,20,21,28]",8f2926ac3d427dac9f2e22e7dbb4782d03fe71f9
proposed_nsga2_bs_Gyorgy-KOVACS_WH_Narrow_AW_4_seed_102,proposed_nsga2_bs,Gyorgy-KOVACS_WH_Narrow_AW_4,102,4,auto_from_instance,12,18,4,30,216,,,,,4,1,4,root > V:28 > BH:27 > BV:19 > BV:17,selected,1,inf,True,680,262,418,524.0,1.0,1.0,True,True,1,1,0,True,1,1,0,0,True,True,0,13,6,13,6,1,RP_LS,sampled_pool,,,False,0.2777777777777778,0.3556045282616845,0.7222222222222222,0.1,adaptive,break_symmetry,offspring,random_feasible_start_no_adaptive_spacing,,,,feasible_start_adaptive_spacing,0.5,,True,auto_from_instance,0.75,0.35,"1,7,9,12,17,24,27,35,39,47,49,50,52","16,20,21,28",,,,,,"H[1,7,9,12,17,24,27,35,39,47,49,50,52]|V[16,17,19,20,21,28]",c3a8d798cccc0ae6137f5d1801f12286f82d75a7
proposed_nsga2_bs_Gyorgy-KOVACS_WH_Narrow_AW_4_seed_102,proposed_nsga2_bs,Gyorgy-KOVACS_WH_Narrow_AW_4,102,4,auto_from_instance,12,18,4,30,216,,,,,5,2,4,root > V:27 > BH:27 > BV:19 > BV:19,selected,1,inf,True,684,260,424,484.0,1.0,1.0,True,True,1,1,0,True,1,1,0,0,True,True,0,11,6,11,6,2,SS_LS_PF,sampled_pool,,,True,0.2777777777777778,0.25546810149197213,0.7222222222222222,0.1,adaptive,bit_flip,offspring,random_feasible_start_no_adaptive_spacing,,,,feasible_start_adaptive_spacing,0.5,,True,auto_from_instance,0.75,0.35,"5,7,8,25,27,29,39,47,49,50,52","3,17,18,20,27",,,,,,"H[5,7,8,25,27,29,39,47,49,50,52]|V[3,17,18,19,20,27]",9baad5a6d6d08df213ec54891109e23b1069a9a5
proposed_nsga2_bs_Gyorgy-KOVACS_WH_Narrow_AW_4_seed_102,proposed_nsga2_bs,Gyorgy-KOVACS_WH_Narrow_AW_4,102,4,auto_from_instance,12,18,4,30,216,,,,,6,2,4,root > V:27 > BH:27 > BV:17 > BV:19,selected,1,0.0,True,684,260,424,484.0,1.0,1.0,True,True,1,1,0,True,1,1,0,0,True,True,0,11,6,11,6,2,SS_LS_PF,sampled_pool,,,True,0.2777777777777778,0.25546810149197213,0.7222222222222222,0.1,adaptive,bit_flip,offspring,random_feasible_start_no_adaptive_spacing,,,,feasible_start_adaptive_spacing,0.5,,True,auto_from_instance,0.75,0.35,"5,7,8,25,27,29,39,47,49,50,52","3,17,18,20,27",,,,,,"H[5,7,8,25,27,29,39,47,49,50,52]|V[3,17,18,19,20,27]",7ea492661f4a7d780540a41c5bfc758906148e19
proposed_nsga2_bs_Gyorgy-KOVACS_WH_Narrow_AW_4_seed_102,proposed_nsga2_bs,Gyorgy-KOVACS_WH_Narrow_AW_4,102,4,auto_from_instance,12,18,4,30,216,,,,,7,2,4,root > V:27 > BH:27 > BV:19 > BV:17,selected,1,0.0,True,684,260,424,484.0,1.0,1.0,True,True,1,1,0,True,1,1,0,0,True,True,0,11,6,11,6,2,SS_LS_PF,sampled_pool,,,True,0.2777777777777778,0.25546810149197213,0.7222222222222222,0.1,adaptive,bit_flip,offspring,random_feasible_start_no_adaptive_spacing,,,,feasible_start_adaptive_spacing,0.5,,True,auto_from_instance,0.75,0.35,"5,7,8,25,27,29,39,47,49,50,52","3,17,18,20,27",,,,,,"H[5,7,8,25,27,29,39,47,49,50,52]|V[3,17,18,19,20,27]",59c55a28d53f47701301421f850890ad1de7d63b
proposed_nsga2_bs_Gyorgy-KOVACS_WH_Narrow_AW_4_seed_102,proposed_nsga2_bs,Gyorgy-KOVACS_WH_Narrow_AW_4,102,4,auto_from_instance,12,18,4,30,216,,,,,8,2,4,root > V:27 > BH:27 > BV:17 > BV:17,selected,1,inf,True,684,260,424,484.0,1.0,1.0,True,True,1,1,0,True,1,1,0,0,True,True,0,11,5,11,5,2,SS_LS_PF,sampled_pool,,,True,0.2777777777777778,0.25546810149197213,0.7222222222222222,0.1,adaptive,bit_flip,offspring,random_feasible_start_no_adaptive_spacing,,,,feasible_start_adaptive_spacing,0.5,,True,auto_from_instance,0.75,0.35,"5,7,8,25,27,29,39,47,49,50,52","3,17,18,20,27",,,,,,"H[5,7,8,25,27,29,39,47,49,50,52]|V[3,17,18,20,27]",6732d5258a9313035bead181283e041def90bbb2
proposed_nsga2_bs_Gyorgy-KOVACS_WH_Narrow_AW_4_seed_102,proposed_nsga2_bs,Gyorgy-KOVACS_WH_Narrow_AW_4,102,4,auto_from_instance,12,18,4,30,216,,,,,9,3,8,root > V:16 > BH:27 > BH:5 > BH:15 > BH:25 > BH:37 > BH:47 > BV:26,evaluated,2,inf,False,632,246,386,550.0,1.0,1.0,True,True,1,1,0,True,1,1,0,0,True,True,0,15,6,15,6,3,LS_SS,sampled_pool,,,True,0.2777777777777778,0.2573277417951083,0.7222222222222222,0.1,adaptive,insert_random_aisle,offspring,random_feasible_start_no_adaptive_spacing,,,,feasible_start_adaptive_spacing,0.5,,True,auto_from_instance,0.75,0.35,"7,13,17,27,29,35,37,39,40,43,47,49","5,6,16,19,26,32",,,,,,"H[5,7,13,15,17,25,27,29,35,37,39,40,43,47,49]|V[5,6,16,19,26,32]",08ee812bc396556b6550be0bd82f9266dcd2fe55
proposed_nsga2_bs_Gyorgy-KOVACS_WH_Narrow_AW_4_seed_102,proposed_nsga2_bs,Gyorgy-KOVACS_WH_Narrow_AW_4,102,4,auto_from_instance,12,18,4,30,216,,,,,10,3,8,root > V:16 > BH:27 > BH:49 > BH:39 > BH:29 > BH:17 > BH:7 > BV:26,evaluated,2,inf,False,632,246,386,550.0,1.0,1.0,True,True,1,1,0,True,1,1,0,0,True,True,0,12,6,12,6,3,LS_SS,sampled_pool,,,True,0.2777777777777778,0.2573277417951083,0.7222222222222222,0.1,adaptive,insert_random_aisle,offspring,random_feasible_start_no_adaptive_spacing,,,,feasible_start_adaptive_spacing,0.5,,True,auto_from_instance,0.75,0.35,"7,13,17,27,29,35,37,39,40,43,47,49","5,6,16,19,26,32",,,,,,"H[7,13,17,27,29,35,37,39,40,43,47,49]|V[5,6,16,19,26,32]",660d9dab711cc8220a7c4152b9d81284ad744a59
proposed_nsga2_bs_Gyorgy-KOVACS_WH_Narrow_AW_4_seed_102,proposed_nsga2_bs,Gyorgy-KOVACS_WH_Narrow_AW_4,102,4,auto_from_instance,12,18,4,30,216,,,,,11,3,8,root > V:16 > BH:27 > BH:5 > BH:15 > BH:25 > BH:37 > BH:47 > BV:24,evaluated,3,inf,False,632,246,386,628.0,1.0,1.0,True,True,1,1,0,True,1,1,0,0,True,True,0,15,7,15,7,3,LS_SS,sampled_pool,,,True,0.2777777777777778,0.2573277417951083,0.7222222222222222,0.1,adaptive,insert_random_aisle,offspring,random_feasible_start_no_adaptive_spacing,,,,feasible_start_adaptive_spacing,0.5,,True,auto_from_instance,0.75,0.35,"7,13,17,27,29,35,37,39,40,43,47,49","5,6,16,19,26,32",,,,,,"H[5,7,13,15,17,25,27,29,35,37,39,40,43,47,49]|V[5,6,16,19,24,26,32]",fe71932ea9ef92cbca4e0b578f20f6e88be50370
proposed_nsga2_bs_Gyorgy-KOVACS_WH_Narrow_AW_4_seed_102,proposed_nsga2_bs,Gyorgy-KOVACS_WH_Narrow_AW_4,102,4,auto_from_instance,12,18,4,30,216,,,,,12,3,8,root > V:16 > BH:27 > BH:49 > BH:39 > BH:29 > BH:17 > BH:7 > BV:24,evaluated,3,inf,False,632,246,386,628.0,1.0,1.0,True,True,1,1,0,True,1,1,0,0,True,True,0,12,7,12,7,3,LS_SS,sampled_pool,,,True,0.2777777777777778,0.2573277417951083,0.7222222222222222,0.1,adaptive,insert_random_aisle,offspring,random_feasible_start_no_adaptive_spacing,,,,feasible_start_adaptive_spacing,0.5,,True,auto_from_instance,0.75,0.35,"7,13,17,27,29,35,37,39,40,43,47,49","5,6,16,19,26,32",,,,,,"H[7,13,17,27,29,35,37,39,40,43,47,49]|V[5,6,16,19,24,26,32]",9696e3fb0a981a3c866440c46c54987a8cf3ab94
proposed_nsga2_bs_Gyorgy-KOVACS_WH_Narrow_AW_4_seed_102,proposed_nsga2_bs,Gyorgy-KOVACS_WH_Narrow_AW_4,102,4,auto_from_instance,12,18,4,30,216,,,,,13,5,4,root > V:28 > BH:27 > BV:21 > BV:21,selected,2,inf,True,680,262,418,576.0,1.0,1.0,True,True,1,1,0,True,1,1,0,0,True,True,0,7,5,7,5,5,PF,sampled_pool,,,False,0.2777777777777778,0.12004401598714731,0.7222222222222222,0.1,adaptive,remove_random_aisle,offspring,random_feasible_start_no_adaptive_spacing,,,,feasible_start_adaptive_spacing,0.5,,True,auto_from_instance,0.75,0.35,"7,8,25,27,39,47,49","6,17,19,28",,,,,,"H[7,8,25,27,39,47,49]|V[6,17,19,21,28]",67a6f4f8f954f77d80a9f7aeff15d9041dc361bd
proposed_nsga2_bs_Gyorgy-KOVACS_WH_Narrow_AW_4_seed_102,proposed_nsga2_bs,Gyorgy-KOVACS_WH_Narrow_AW_4,102,4,auto_from_instance,12,18,4,30,216,,,,,14,5,4,root > V:28 > BH:27 > BV:17 > BV:21,evaluated,2,inf,False,680,262,418,576.0,1.0,1.0,True,True,1,1,0,True,1,1,0,0,True,True,0,7,5,7,5,5,PF,sampled_pool,,,False,0.2777777777777778,0.12004401598714731,0.7222222222222222,0.1,adaptive,remove_random_aisle,offspring,random_feasible_start_no_adaptive_spacing,,,,feasible_start_adaptive_spacing,0.5,,True,auto_from_instance,0.75,0.35,"7,8,25,27,39,47,49","6,17,19,28",,,,,,"H[7,8,25,27,39,47,49]|V[6,17,19,21,28]",0cf129bcce89e5f8a26de7d155210a53886c00dc
proposed_nsga2_bs_Gyorgy-KOVACS_WH_Narrow_AW_4_seed_102,proposed_nsga2_bs,Gyorgy-KOVACS_WH_Narrow_AW_4,102,4,auto_from_instance,12,18,4,30,216,,,,,15,6,9,root > V:16 > BH:27 > BH:47 > BH:39 > BH:29 > BH:17 > BH:9 > BV:26 > BV:26,selected,0,inf,True,600,256,344,444.0,1.0,1.0,True,True,1,1,0,True,1,1,0,0,True,True,0,13,8,13,8,6,PF_LS,sampled_pool,,,False,0.2777777777777778,0.26842113796986616,0.7222222222222222,0.1,adaptive,break_symmetry,offspring,random_feasible_start_no_adaptive_spacing,,,,feasible_start_adaptive_spacing,0.5,,True,auto_from_instance,0.75,0.35,"4,7,13,17,27,29,35,39,47,49,50,52","3,16,19,20,21,26,27,32",,,,,,"H[4,7,9,13,17,27,29,35,39,47,49,50,52]|V[3,16,19,20,21,26,27,32]",31618e0fa9e7ba38a349d70c4dff96d8a35cbd09
proposed_nsga2_bs_Gyorgy-KOVACS_WH_Narrow_AW_4_seed_102,proposed_nsga2_bs,Gyorgy-KOVACS_WH_Narrow_AW_4,102,4,auto_from_instance,12,18,4,30,216,,,,,16,6,9,root > V:16 > BH:27 > BH:47 > BH:39 > BH:29 > BH:17 > BH:9 > BV:26 > BV:24,selected,1,inf,True,600,256,344,522.0,1.0,1.0,True,True,1,1,0,True,1,1,0,0,True,True,0,13,9,13,9,6,PF_LS,sampled_pool,,,False,0.2777777777777778,0.26842113796986616,0.7222222222222222,0.1,adaptive,break_symmetry,offspring,random_feasible_start_no_adaptive_spacing,,,,feasible_start_adaptive_spacing,0.5,,True,auto_from_instance,0.75,0.35,"4,7,13,17,27,29,35,39,47,49,50,52","3,16,19,20,21,26,27,32",,,,,,"H[4,7,9,13,17,27,29,35,39,47,49,50,52]|V[3,16,19,20,21,24,26,27,32]",fa8b3ae6d34a080b7f0477f81e4f7a7c987ebe2e
proposed_nsga2_bs_Gyorgy-KOVACS_WH_Narrow_AW_4_seed_102,proposed_nsga2_bs,Gyorgy-KOVACS_WH_Narrow_AW_4,102,4,auto_from_instance,12,18,4,30,216,,,,,17,6,9,root > V:16 > BH:27 > BH:47 > BH:39 > BH:29 > BH:17 > BH:9 > BV:26 > BV:30,evaluated,2,inf,False,600,248,352,616.0,1.0,1.0,True,True,1,1,0,True,1,1,0,0,True,True,0,13,9,13,9,6,PF_LS,sampled_pool,,,False,0.2777777777777778,0.26842113796986616,0.7222222222222222,0.1,adaptive,break_symmetry,offspring,random_feasible_start_no_adaptive_spacing,,,,feasible_start_adaptive_spacing,0.5,,True,auto_from_instance,0.75,0.35,"4,7,13,17,27,29,35,39,47,49,50,52","3,16,19,20,21,26,27,32",,,,,,"H[4,7,9,13,17,27,29,35,39,47,49,50,52]|V[3,16,19,20,21,26,27,30,32]",1806574f87db50fbd619950bace22c101eef624b
proposed_nsga2_bs_Gyorgy-KOVACS_WH_Narrow_AW_4_seed_102,proposed_nsga2_bs,Gyorgy-KOVACS_WH_Narrow_AW_4,102,4,auto_from_instance,12,18,4,30,216,,,,,18,12,9,root > V:19 > BH:27 > BH:47 > BH:39 > BH:29 > BH:17 > BH:9 > BV:27 > BV:27,selected,0,inf,True,648,232,416,443.0,1.0,1.0,True,True,1,1,0,True,1,1,0,0,True,True,0,13,3,13,3,12,PF,sampled_pool,,,False,0.2777777777777778,0.23573343148713327,0.7222222222222222,0.1,adaptive,remove_random_aisle,offspring,random_feasible_start_no_adaptive_spacing,,,,feasible_start_adaptive_spacing,0.5,,True,auto_from_instance,0.75,0.35,"1,5,7,9,13,17,27,29,35,39,47,50,52","19,26",,,,,,"H[1,5,7,9,13,17,27,29,35,39,47,50,52]|V[19,26,27]",0a34358c5c0e9deafcc5aa5bce9593a6a002f13b
proposed_nsga2_bs_Gyorgy-KOVACS_WH_Narrow_AW_4_seed_102,proposed_nsga2_bs,Gyorgy-KOVACS_WH_Narrow_AW_4,102,5,auto_from_instance,12,18,4,30,216,,,,,1,1,4,root > V:28 > BH:27 > BV:19 > BV:19,selected,0,inf,True,680,262,418,472.0,1.0,1.0,True,True,1,1,0,True,1,1,0,0,True,True,0,13,6,13,6,1,RP_LS,sampled_pool,,,False,0.3333333333333333,0.3208539782790767,0.6666666666666667,0.1,adaptive,break_symmetry,offspring,random_feasible_start_no_adaptive_spacing,,,,feasible_start_adaptive_spacing,0.5,,True,auto_from_instance,0.75,0.35,"4,7,9,13,17,27,29,35,39,47,49,50,52","3,16,19,20,22,28",,,,,,"H[4,7,9,13,17,27,29,35,39,47,49,50,52]|V[3,16,19,20,22,28]",fc4825140fa5e2560776b4b932f5ef46c1588f36
proposed_nsga2_bs_Gyorgy-KOVACS_WH_Narrow_AW_4_seed_102,proposed_nsga2_bs,Gyorgy-KOVACS_WH_Narrow_AW_4,102,5,auto_from_instance,12,18,4,30,216,,,,,2,1,4,root > V:28 > BH:27 > BV:19 > BV:21,selected,1,inf,True,680,262,418,524.0,1.0,1.0,True,True,1,1,0,True,1,1,0,0,True,True,0,13,7,13,7,1,RP_LS,sampled_pool,,,False,0.3333333333333333,0.3208539782790767,0.6666666666666667,0.1,adaptive,break_symmetry,offspring,random_feasible_start_no_adaptive_spacing,,,,feasible_start_adaptive_spacing,0.5,,True,auto_from_instance,0.75,0.35,"4,7,9,13,17,27,29,35,39,47,49,50,52","3,16,19,20,22,28",,,,,,"H[4,7,9,13,17,27,29,35,39,47,49,50,52]|V[3,16,19,20,21,22,28]",334779b46d5c288ee3031362a71af20db7b63dd5
proposed_nsga2_bs_Gyorgy-KOVACS_WH_Narrow_AW_4_seed_102,proposed_nsga2_bs,Gyorgy-KOVACS_WH_Narrow_AW_4,102,5,auto_from_instance,12,18,4,30,216,,,,,3,1,4,root > V:28 > BH:27 > BV:19 > BV:21,selected,1,0.0,True,680,262,418,524.0,1.0,1.0,True,True,1,1,0,True,1,1,0,0,True,True,0,13,7,13,7,1,RP_LS,sampled_pool,,,False,0.3333333333333333,0.3208539782790767,0.6666666666666667,0.1,adaptive,break_symmetry,offspring,random_feasible_start_no_adaptive_spacing,,,,feasible_start_adaptive_spacing,0.5,,True,auto_from_instance,0.75,0.35,"4,7,9,13,17,27,29,35,39,47,49,50,52","3,16,19,20,22,28",,,,,,"H[4,7,9,13,17,27,29,35,39,47,49,50,52]|V[3,16,19,20,21,22,28]",8f2926ac3d427dac9f2e22e7dbb4782d03fe71f9
proposed_nsga2_bs_Gyorgy-KOVACS_WH_Narrow_AW_4_seed_102,proposed_nsga2_bs,Gyorgy-KOVACS_WH_Narrow_AW_4,102,5,auto_from_instance,12,18,4,30,216,,,,,4,1,4,root > V:28 > BH:27 > BV:19 > BV:17,selected,1,inf,True,680,262,418,524.0,1.0,1.0,True,True,1,1,0,True,1,1,0,0,True,True,0,13,7,13,7,1,RP_LS,sampled_pool,,,False,0.3333333333333333,0.3208539782790767,0.6666666666666667,0.1,adaptive,break_symmetry,offspring,random_feasible_start_no_adaptive_spacing,,,,feasible_start_adaptive_spacing,0.5,,True,auto_from_instance,0.75,0.35,"4,7,9,13,17,27,29,35,39,47,49,50,52","3,16,19,20,22,28",,,,,,"H[4,7,9,13,17,27,29,35,39,47,49,50,52]|V[3,16,17,19,20,22,28]",c3a8d798cccc0ae6137f5d1801f12286f82d75a7
proposed_nsga2_bs_Gyorgy-KOVACS_WH_Narrow_AW_4_seed_102,proposed_nsga2_bs,Gyorgy-KOVACS_WH_Narrow_AW_4,102,5,auto_from_instance,12,18,4,30,216,,,,,5,2,9,root > V:16 > BH:27 > BH:47 > BH:39 > BH:29 > BH:17 > BH:9 > BV:26 > BV:26,selected,0,inf,True,600,256,344,444.0,1.0,1.0,True,True,1,1,0,True,1,1,0,0,True,True,0,15,8,15,8,2,LS_PF,sampled_pool,,,False,0.3333333333333333,0.34149634075954194,0.6666666666666667,0.1,adaptive,bit_flip,offspring,random_feasible_start_no_adaptive_spacing,,,,feasible_start_adaptive_spacing,0.5,,True,auto_from_instance,0.75,0.35,"1,7,9,12,17,24,27,35,39,44,47,49,50,52","16,19,20,21,24,26,27,32",,,,,,"H[1,7,9,12,17,24,27,29,35,39,44,47,49,50,52]|V[16,19,20,21,24,26,27,32]",31618e0fa9e7ba38a349d70c4dff96d8a35cbd09
proposed_nsga2_bs_Gyorgy-KOVACS_WH_Narrow_AW_4_seed_102,proposed_nsga2_bs,Gyorgy-KOVACS_WH_Narrow_AW_4,102,5,auto_from_instance,12,18,4,30,216,,,,,6,2,9,root > V:16 > BH:27 > BH:47 > BH:39 > BH:29 > BH:17 > BH:9 > BV:26 > BV:24,selected,1,inf,True,600,256,344,522.0,1.0,1.0,True,True,1,1,0,True,1,1,0,0,True,True,0,15,8,15,8,2,LS_PF,sampled_pool,,,False,0.3333333333333333,0.34149634075954194,0.6666666666666667,0.1,adaptive,bit_flip,offspring,random_feasible_start_no_adaptive_spacing,,,,feasible_start_adaptive_spacing,0.5,,True,auto_from_instance,0.75,0.35,"1,7,9,12,17,24,27,35,39,44,47,49,50,52","16,19,20,21,24,26,27,32",,,,,,"H[1,7,9,12,17,24,27,29,35,39,44,47,49,50,52]|V[16,19,20,21,24,26,27,32]",fa8b3ae6d34a080b7f0477f81e4f7a7c987ebe2e
proposed_nsga2_bs_Gyorgy-KOVACS_WH_Narrow_AW_4_seed_102,proposed_nsga2_bs,Gyorgy-KOVACS_WH_Narrow_AW_4,102,5,auto_from_instance,12,18,4,30,216,,,,,7,2,9,root > V:16 > BH:27 > BH:47 > BH:39 > BH:29 > BH:17 > BH:9 > BV:26 > BV:30,evaluated,2,inf,False,600,248,352,616.0,1.0,1.0,True,True,1,1,0,True,1,1,0,0,True,True,0,15,9,15,9,2,LS_PF,sampled_pool,,,False,0.3333333333333333,0.34149634075954194,0.6666666666666667,0.1,adaptive,bit_flip,offspring,random_feasible_start_no_adaptive_spacing,,,,feasible_start_adaptive_spacing,0.5,,True,auto_from_instance,0.75,0.35,"1,7,9,12,17,24,27,35,39,44,47,49,50,52","16,19,20,21,24,26,27,32",,,,,,"H[1,7,9,12,17,24,27,29,35,39,44,47,49,50,52]|V[16,19,20,21,24,26,27,30,32]",1806574f87db50fbd619950bace22c101eef624b
proposed_nsga2_bs_Gyorgy-KOVACS_WH_Narrow_AW_4_seed_102,proposed_nsga2_bs,Gyorgy-KOVACS_WH_Narrow_AW_4,102,5,auto_from_instance,12,18,4,30,216,,,,,8,3,4,root > V:27 > BH:27 > BV:19 > BV:19,selected,1,inf,True,684,260,424,484.0,1.0,1.0,True,True,1,1,0,True,1,1,0,0,True,True,0,14,4,14,4,3,RP_LS,sampled_pool,,,False,0.3333333333333333,0.36853453116591606,0.6666666666666667,0.1,adaptive,spacing_aware_flip,offspring,random_feasible_start_no_adaptive_spacing,,,,feasible_start_adaptive_spacing,0.5,,True,auto_from_instance,0.75,0.35,"1,7,9,12,17,24,27,35,39,43,47,49,50,52","19,26,27,28",,,,,,"H[1,7,9,12,17,24,27,35,39,43,47,49,50,52]|V[19,26,27,28]",9baad5a6d6d08df213ec54891109e23b1069a9a5
proposed_nsga2_bs_Gyorgy-KOVACS_WH_Narrow_AW_4_seed_102,proposed_nsga2_bs,Gyorgy-KOVACS_WH_Narrow_AW_4,102,5,auto_from_instance,12,18,4,30,216,,,,,9,3,4,root > V:27 > BH:27 > BV:17 > BV:19,selected,1,0.0,True,684,260,424,484.0,1.0,1.0,True,True,1,1,0,True,1,1,0,0,True,True,0,14,5,14,5,3,RP_LS,sampled_pool,,,False,0.3333333333333333,0.36853453116591606,0.6666666666666667,0.1,adaptive,spacing_aware_flip,offspring,random_feasible_start_no_adaptive_spacing,,,,feasible_start_adaptive_spacing,0.5,,True,auto_from_instance,0.75,0.35,"1,7,9,12,17,24,27,35,39,43,47,49,50,52","19,26,27,28",,,,,,"H[1,7,9,12,17,24,27,35,39,43,47,49,50,52]|V[17,19,26,27,28]",7ea492661f4a7d780540a41c5bfc758906148e19
proposed_nsga2_bs_Gyorgy-KOVACS_WH_Narrow_AW_4_seed_102,proposed_nsga2_bs,Gyorgy-KOVACS_WH_Narrow_AW_4,102,5,auto_from_instance,12,18,4,30,216,,,,,10,3,4,root > V:27 > BH:27 > BV:19 > BV:17,selected,1,0.0,True,684,260,424,484.0,1.0,1.0,True,True,1,1,0,True,1,1,0,0,True,True,0,14,5,14,5,3,RP_LS,sampled_pool,,,False,0.3333333333333333,0.36853453116591606,0.6666666666666667,0.1,adaptive,spacing_aware_flip,offspring,random_feasible_start_no_adaptive_spacing,,,,feasible_start_adaptive_spacing,0.5,,True,auto_from_instance,0.75,0.35,"1,7,9,12,17,24,27,35,39,43,47,49,50,52","19,26,27,28",,,,,,"H[1,7,9,12,17,24,27,35,39,43,47,49,50,52]|V[17,19,26,27,28]",59c55a28d53f47701301421f850890ad1de7d63b
proposed_nsga2_bs_Gyorgy-KOVACS_WH_Narrow_AW_4_seed_102,proposed_nsga2_bs,Gyorgy-KOVACS_WH_Narrow_AW_4,102,5,auto_from_instance,12,18,4,30,216,,,,,11,3,4,root > V:27 > BH:27 > BV:17 > BV:17,selected,1,inf,True,684,260,424,484.0,1.0,1.0,True,True,1,1,0,True,1,1,0,0,True,True,0,14,5,14,5,3,RP_LS,sampled_pool,,,False,0.3333333333333333,0.36853453116591606,0.6666666666666667,0.1,adaptive,spacing_aware_flip,offspring,random_feasible_start_no_adaptive_spacing,,,,feasible_start_adaptive_spacing,0.5,,True,auto_from_instance,0.75,0.35,"1,7,9,12,17,24,27,35,39,43,47,49,50,52","19,26,27,28",,,,,,"H[1,7,9,12,17,24,27,35,39,43,47,49,50,52]|V[17,19,26,27,28]",6732d5258a9313035bead181283e041def90bbb2
proposed_nsga2_bs_Gyorgy-KOVACS_WH_Narrow_AW_4_seed_102,proposed_nsga2_bs,Gyorgy-KOVACS_WH_Narrow_AW_4,102,5,auto_from_instance,12,18,4,30,216,,,,,12,4,7,root > V:21 > BH:27 > BH:49 > BH:39 > BH:27 > BH:15 > BH:5,evaluated,3,inf,False,736,192,544,864.0,1.0,1.0,True,True,1,1,0,True,1,1,0,0,True,True,0,15,5,15,5,4,RP,sampled_pool,,,False,0.3333333333333333,0.2778887453833059,0.6666666666666667,0.1,adaptive,bit_flip,offspring,random_feasible_start_no_adaptive_spacing,,,,feasible_start_adaptive_spacing,0.5,,True,auto_from_instance,0.75,0.35,"1,5,7,9,13,17,27,29,35,39,47,50,52","16,19,20,21,24",,,,,,"H[1,5,7,9,13,15,17,27,29,35,39,47,49,50,52]|V[16,19,20,21,24]",358d97cec9c1dd51e5ceb290153a7a054a951743
proposed_nsga2_bs_Gyorgy-KOVACS_WH_Narrow_AW_4_seed_102,proposed_nsga2_bs,Gyorgy-KOVACS_WH_Narrow_AW_4,102,5,auto_from_instance,12,18,4,30,216,,,,,13,4,7,root > V:21 > BH:27 > BH:5 > BH:17 > BH:29 > BH:41 > BH:53,evaluated,4,inf,False,736,183,553,873.0,1.0,1.0,True,True,1,1,0,True,1,1,0,0,True,True,0,15,5,15,5,4,RP,sampled_pool,,,False,0.3333333333333333,0.2778887453833059,0.6666666666666667,0.1,adaptive,bit_flip,offspring,random_feasible_start_no_adaptive_spacing,,,,feasible_start_adaptive_spacing,0.5,,True,auto_from_instance,0.75,0.35,"1,5,7,9,13,17,27,29,35,39,47,50,52","16,19,20,21,24",,,,,,"H[1,5,7,9,13,17,27,29,35,39,41,47,50,52,53]|V[16,19,20,21,24]",d399873411abb3da022c68c5f2cc9d5953e8af18
proposed_nsga2_bs_Gyorgy-KOVACS_WH_Narrow_AW_4_seed_102,proposed_nsga2_bs,Gyorgy-KOVACS_WH_Narrow_AW_4,102,5,auto_from_instance,12,18,4,30,216,,,,,14,4,7,root > V:21 > BH:27 > BH:5 > BH:17 > BH:29 > BH:41 > BH:49,evaluated,4,inf,False,736,192,544,882.0,1.0,1.0,True,True,1,1,0,True,1,1,0,0,True,True,0,15,5,15,5,4,RP,sampled_pool,,,False,0.3333333333333333,0.2778887453833059,0.6666666666666667,0.1,adaptive,bit_flip,offspring,random_feasible_start_no_adaptive_spacing,,,,feasible_start_adaptive_spacing,0.5,,True,auto_from_instance,0.75,0.35,"1,5,7,9,13,17,27,29,35,39,47,50,52","16,19,20,21,24",,,,,,"H[1,5,7,9,13,17,27,29,35,39,41,47,49,50,52]|V[16,19,20,21,24]",505c1342b435c8602ef114e7a954d322db0969f8
proposed_nsga2_bs_Gyorgy-KOVACS_WH_Narrow_AW_4_seed_102,proposed_nsga2_bs,Gyorgy-KOVACS_WH_Narrow_AW_4,102,5,auto_from_instance,12,18,4,30,216,,,,,15,4,7,root > V:21 > BH:27 > BH:49 > BH:37 > BH:25 > BH:13 > BH:5,evaluated,4,inf,False,736,192,544,882.0,1.0,1.0,True,True,1,1,0,True,1,1,0,0,True,True,0,16,5,16,5,4,RP,sampled_pool,,,False,0.3333333333333333,0.2778887453833059,0.6666666666666667,0.1,adaptive,bit_flip,offspring,random_feasible_start_no_adaptive_spacing,,,,feasible_start_adaptive_spacing,0.5,,True,auto_from_instance,0.75,0.35,"1,5,7,9,13,17,27,29,35,39,47,50,52","16,19,20,21,24",,,,,,"H[1,5,7,9,13,17,25,27,29,35,37,39,47,49,50,52]|V[16,19,20,21,24]",b505db3b665156843c976d98ce3a07d032707b26
proposed_nsga2_bs_Gyorgy-KOVACS_WH_Narrow_AW_4_seed_102,proposed_nsga2_bs,Gyorgy-KOVACS_WH_Narrow_AW_4,102,5,auto_from_instance,12,18,4,30,216,,,,,16,7,8,root > V:17 > BH:27 > BH:5 > BH:15 > BH:25 > BH:37 > BH:47 > BV:27,selected,1,1.7475,True,648,237,411,490.0,1.0,1.0,True,True,1,1,0,True,1,1,0,0,True,True,0,16,7,16,7,7,PF_LS_RP,sampled_pool,,,False,0.3333333333333333,0.26388579515563215,0.6666666666666667,0.1,adaptive,break_symmetry,offspring,random_feasible_start_no_adaptive_spacing,,,,feasible_start_adaptive_spacing,0.5,,True,auto_from_instance,0.75,0.35,"1,5,7,9,13,18,24,27,35,39,47,50,52","16,17,19,20,21,26,27",,,,,,"H[1,5,7,9,13,15,18,24,25,27,35,37,39,47,50,52]|V[16,17,19,20,21,26,27]",3ab80a1d8e68880e815ad780c83cfc2449e7f93f
proposed_nsga2_bs_Gyorgy-KOVACS_WH_Narrow_AW_4_seed_102,proposed_nsga2_bs,Gyorgy-KOVACS_WH_Narrow_AW_4,102,5,auto_from_instance,12,18,4,30,216,,,,,17,7,8,root > V:17 > BH:27 > BH:49 > BH:39 > BH:29 > BH:17 > BH:7 > BV:27,selected,1,inf,True,648,237,411,490.0,1.0,1.0,True,True,1,1,0,True,1,1,0,0,True,True,0,16,7,16,7,7,PF_LS_RP,sampled_pool,,,False,0.3333333333333333,0.26388579515563215,0.6666666666666667,0.1,adaptive,break_symmetry,offspring,random_feasible_start_no_adaptive_spacing,,,,feasible_start_adaptive_spacing,0.5,,True,auto_from_instance,0.75,0.35,"1,5,7,9,13,18,24,27,35,39,47,50,52","16,17,19,20,21,26,27",,,,,,"H[1,5,7,9,13,17,18,24,27,29,35,39,47,49,50,52]|V[16,17,19,20,21,26,27]",451b31cd7494c0e29ac39737991e84853f054397
proposed_nsga2_bs_Gyorgy-KOVACS_WH_Narrow_AW_4_seed_102,proposed_nsga2_bs,Gyorgy-KOVACS_WH_Narrow_AW_4,102,5,auto_from_instance,12,18,4,30,216,,,,,18,7,8,root > V:17 > BH:27 > BH:5 > BH:15 > BH:25 > BH:37 > BH:47 > BV:25,evaluated,2,inf,False,648,237,411,544.0,1.0,1.0,True,True,1,1,0,True,1,1,0,0,True,True,0,16,8,16,8,7,PF_LS_RP,sampled_pool,,,False,0.3333333333333333,0.26388579515563215,0.6666666666666667,0.1,adaptive,break_symmetry,offspring,random_feasible_start_no_adaptive_spacing,,,,feasible_start_adaptive_spacing,0.5,,True,auto_from_instance,0.75,0.35,"1,5,7,9,13,18,24,27,35,39,47,50,52","16,17,19,20,21,26,27",,,,,,"H[1,5,7,9,13,15,18,24,25,27,35,37,39,47,50,52]|V[16,17,19,20,21,25,26,27]",24e93b3467ee5334276be59c5b6e878bb2e06a66
proposed_nsga2_bs_Gyorgy-KOVACS_WH_Narrow_AW_4_seed_102,proposed_nsga2_bs,Gyorgy-KOVACS_WH_Narrow_AW_4,102,5,auto_from_instance,12,18,4,30,216,,,,,19,7,8,root > V:17 > BH:27 > BH:49 > BH:39 > BH:29 > BH:17 > BH:7 > BV:25,evaluated,2,inf,False,648,237,411,544.0,1.0,1.0,True,True,1,1,0,True,1,1,0,0,True,True,0,16,8,16,8,7,PF_LS_RP,sampled_pool,,,False,0.3333333333333333,0.26388579515563215,0.6666666666666667,0.1,adaptive,break_symmetry,offspring,random_feasible_start_no_adaptive_spacing,,,,feasible_start_adaptive_spacing,0.5,,True,auto_from_instance,0.75,0.35,"1,5,7,9,13,18,24,27,35,39,47,50,52","16,17,19,20,21,26,27",,,,,,"H[1,5,7,9,13,17,18,24,27,29,35,39,47,49,50,52]|V[16,17,19,20,21,25,26,27]",19631d63ec0204b55a5a6d539d26aaf84a80581d
proposed_nsga2_bs_Gyorgy-KOVACS_WH_Narrow_AW_4_seed_102,proposed_nsga2_bs,Gyorgy-KOVACS_WH_Narrow_AW_4,102,6,auto_from_instance,12,18,4,30,216,,,,,1,1,9,root > V:16 > BH:27 > BH:47 > BH:39 > BH:29 > BH:17 > BH:9 > BV:26 > BV:26,selected,0,inf,True,600,256,344,444.0,1.0,1.0,True,True,1,1,0,True,1,1,0,0,True,True,0,15,8,15,8,1,LS_PF,sampled_pool,,,False,0.3888888888888889,0.3710971085213374,0.6111111111111112,0.1,adaptive,bit_flip,offspring,random_feasible_start_no_adaptive_spacing,,,,feasible_start_adaptive_spacing,0.5,,True,auto_from_instance,0.75,0.35,"1,7,9,12,17,24,27,29,35,39,44,47,49,50,52","5,16,19,20,21,24,26,27",,,,,,"H[1,7,9,12,17,24,27,29,35,39,44,47,49,50,52]|V[5,16,19,20,21,24,26,27]",31618e0fa9e7ba38a349d70c4dff96d8a35cbd09
proposed_nsga2_bs_Gyorgy-KOVACS_WH_Narrow_AW_4_seed_102,proposed_nsga2_bs,Gyorgy-KOVACS_WH_Narrow_AW_4,102,6,auto_from_instance,12,18,4,30,216,,,,,2,1,9,root > V:16 > BH:27 > BH:47 > BH:39 > BH:29 > BH:17 > BH:9 > BV:26 > BV:24,selected,1,inf,True,600,256,344,522.0,1.0,1.0,True,True,1,1,0,True,1,1,0,0,True,True,0,15,8,15,8,1,LS_PF,sampled_pool,,,False,0.3888888888888889,0.3710971085213374,0.6111111111111112,0.1,adaptive,bit_flip,offspring,random_feasible_start_no_adaptive_spacing,,,,feasible_start_adaptive_spacing,0.5,,True,auto_from_instance,0.75,0.35,"1,7,9,12,17,24,27,29,35,39,44,47,49,50,52","5,16,19,20,21,24,26,27",,,,,,"H[1,7,9,12,17,24,27,29,35,39,44,47,49,50,52]|V[5,16,19,20,21,24,26,27]",fa8b3ae6d34a080b7f0477f81e4f7a7c987ebe2e
proposed_nsga2_bs_Gyorgy-KOVACS_WH_Narrow_AW_4_seed_102,proposed_nsga2_bs,Gyorgy-KOVACS_WH_Narrow_AW_4,102,6,auto_from_instance,12,18,4,30,216,,,,,3,1,9,root > V:16 > BH:27 > BH:47 > BH:39 > BH:29 > BH:17 > BH:9 > BV:26 > BV:30,selected,2,inf,True,600,248,352,616.0,1.0,1.0,True,True,1,1,0,True,1,1,0,0,True,True,0,15,9,15,9,1,LS_PF,sampled_pool,,,False,0.3888888888888889,0.3710971085213374,0.6111111111111112,0.1,adaptive,bit_flip,offspring,random_feasible_start_no_adaptive_spacing,,,,feasible_start_adaptive_spacing,0.5,,True,auto_from_instance,0.75,0.35,"1,7,9,12,17,24,27,29,35,39,44,47,49,50,52","5,16,19,20,21,24,26,27",,,,,,"H[1,7,9,12,17,24,27,29,35,39,44,47,49,50,52]|V[5,16,19,20,21,24,26,27,30]",1806574f87db50fbd619950bace22c101eef624b
proposed_nsga2_bs_Gyorgy-KOVACS_WH_Narrow_AW_4_seed_102,proposed_nsga2_bs,Gyorgy-KOVACS_WH_Narrow_AW_4,102,6,auto_from_instance,12,18,4,30,216,,,,,4,2,4,root > V:27 > BH:27 > BV:19 > BV:19,selected,1,0.47850877192982455,True,684,260,424,484.0,1.0,1.0,True,True,1,1,0,True,1,1,0,0,True,True,0,14,5,14,5,2,SS,sampled_pool,,,True,0.3888888888888889,0.2701255105034721,0.6111111111111112,0.1,adaptive,remove_random_aisle,offspring,random_feasible_start_no_adaptive_spacing,,,,feasible_start_adaptive_spacing,0.5,,True,auto_from_instance,0.75,0.35,"1,7,9,12,17,24,27,35,39,43,47,49,50,52","17,19,27,28,32",,,,,,"H[1,7,9,12,17,24,27,35,39,43,47,49,50,52]|V[17,19,27,28,32]",9baad5a6d6d08df213ec54891109e23b1069a9a5
proposed_nsga2_bs_Gyorgy-KOVACS_WH_Narrow_AW_4_seed_102,proposed_nsga2_bs,Gyorgy-KOVACS_WH_Narrow_AW_4,102,6,auto_from_instance,12,18,4,30,216,,,,,5,2,4,root > V:27 > BH:27 > BV:17 > BV:19,selected,1,0.0,True,684,260,424,484.0,1.0,1.0,True,True,1,1,0,True,1,1,0,0,True,True,0,14,5,14,5,2,SS,sampled_pool,,,True,0.3888888888888889,0.2701255105034721,0.6111111111111112,0.1,adaptive,remove_random_aisle,offspring,random_feasible_start_no_adaptive_spacing,,,,feasible_start_adaptive_spacing,0.5,,True,auto_from_instance,0.75,0.35,"1,7,9,12,17,24,27,35,39,43,47,49,50,52","17,19,27,28,32",,,,,,"H[1,7,9,12,17,24,27,35,39,43,47,49,50,52]|V[17,19,27,28,32]",7ea492661f4a7d780540a41c5bfc758906148e19
proposed_nsga2_bs_Gyorgy-KOVACS_WH_Narrow_AW_4_seed_102,proposed_nsga2_bs,Gyorgy-KOVACS_WH_Narrow_AW_4,102,6,auto_from_instance,12,18,4,30,216,,,,,6,2,4,root > V:27 > BH:27 > BV:19 > BV:17,selected,1,0.0,True,684,260,424,484.0,1.0,1.0,True,True,1,1,0,True,1,1,0,0,True,True,0,14,5,14,5,2,SS,sampled_pool,,,True,0.3888888888888889,0.2701255105034721,0.6111111111111112,0.1,adaptive,remove_random_aisle,offspring,random_feasible_start_no_adaptive_spacing,,,,feasible_start_adaptive_spacing,0.5,,True,auto_from_instance,0.75,0.35,"1,7,9,12,17,24,27,35,39,43,47,49,50,52","17,19,27,28,32",,,,,,"H[1,7,9,12,17,24,27,35,39,43,47,49,50,52]|V[17,19,27,28,32]",59c55a28d53f47701301421f850890ad1de7d63b
proposed_nsga2_bs_Gyorgy-KOVACS_WH_Narrow_AW_4_seed_102,proposed_nsga2_bs,Gyorgy-KOVACS_WH_Narrow_AW_4,102,6,auto_from_instance,12,18,4,30,216,,,,,7,2,4,root > V:27 > BH:27 > BV:17 > BV:17,selected,1,inf,True,684,260,424,484.0,1.0,1.0,True,True,1,1,0,True,1,1,0,0,True,True,0,14,5,14,5,2,SS,sampled_pool,,,True,0.3888888888888889,0.2701255105034721,0.6111111111111112,0.1,adaptive,remove_random_aisle,offspring,random_feasible_start_no_adaptive_spacing,,,,feasible_start_adaptive_spacing,0.5,,True,auto_from_instance,0.75,0.35,"1,7,9,12,17,24,27,35,39,43,47,49,50,52","17,19,27,28,32",,,,,,"H[1,7,9,12,17,24,27,35,39,43,47,49,50,52]|V[17,19,27,28,32]",6732d5258a9313035bead181283e041def90bbb2
proposed_nsga2_bs_Gyorgy-KOVACS_WH_Narrow_AW_4_seed_102,proposed_nsga2_bs,Gyorgy-KOVACS_WH_Narrow_AW_4,102,6,auto_from_instance,12,18,4,30,216,,,,,8,3,4,root > V:28 > BH:27 > BV:21 > BV:21,evaluated,2,inf,False,680,262,418,576.0,1.0,1.0,True,True,1,1,0,True,1,1,0,0,True,True,0,12,7,12,7,3,LS,sampled_pool,,,False,0.3888888888888889,0.3419837738336444,0.6111111111111112,0.1,adaptive,bit_flip,offspring,random_feasible_start_no_adaptive_spacing,,,,feasible_start_adaptive_spacing,0.5,,True,auto_from_instance,0.75,0.35,"7,9,12,17,27,29,35,39,47,49,50,52","13,16,19,20,22,28",,,,,,"H[7,9,12,17,27,29,35,39,47,49,50,52]|V[13,16,19,20,21,22,28]",67a6f4f8f954f77d80a9f7aeff15d9041dc361bd
proposed_nsga2_bs_Gyorgy-KOVACS_WH_Narrow_AW_4_seed_102,proposed_nsga2_bs,Gyorgy-KOVACS_WH_Narrow_AW_4,102,6,auto_from_instance,12,18,4,30,216,,,,,9,3,4,root > V:28 > BH:27 > BV:19 > BV:21,selected,1,inf,True,680,262,418,524.0,1.0,1.0,True,True,1,1,0,True,1,1,0,0,True,True,0,12,7,12,7,3,LS,sampled_pool,,,False,0.3888888888888889,0.3419837738336444,0.6111111111111112,0.1,adaptive,bit_flip,offspring,random_feasible_start_no_adaptive_spacing,,,,feasible_start_adaptive_spacing,0.5,,True,auto_from_instance,0.75,0.35,"7,9,12,17,27,29,35,39,47,49,50,52","13,16,19,20,22,28",,,,,,"H[7,9,12,17,27,29,35,39,47,49,50,52]|V[13,16,19,20,21,22,28]",334779b46d5c288ee3031362a71af20db7b63dd5
proposed_nsga2_bs_Gyorgy-KOVACS_WH_Narrow_AW_4_seed_102,proposed_nsga2_bs,Gyorgy-KOVACS_WH_Narrow_AW_4,102,6,auto_from_instance,12,18,4,30,216,,,,,10,3,4,root > V:28 > BH:27 > BV:17 > BV:21,evaluated,2,inf,False,680,262,418,576.0,1.0,1.0,True,True,1,1,0,True,1,1,0,0,True,True,0,12,8,12,8,3,LS,sampled_pool,,,False,0.3888888888888889,0.3419837738336444,0.6111111111111112,0.1,adaptive,bit_flip,offspring,random_feasible_start_no_adaptive_spacing,,,,feasible_start_adaptive_spacing,0.5,,True,auto_from_instance,0.75,0.35,"7,9,12,17,27,29,35,39,47,49,50,52","13,16,19,20,22,28",,,,,,"H[7,9,12,17,27,29,35,39,47,49,50,52]|V[13,16,17,19,20,21,22,28]",0cf129bcce89e5f8a26de7d155210a53886c00dc
proposed_nsga2_bs_Gyorgy-KOVACS_WH_Narrow_AW_4_seed_102,proposed_nsga2_bs,Gyorgy-KOVACS_WH_Narrow_AW_4,102,6,auto_from_instance,12,18,4,30,216,,,,,11,3,4,root > V:28 > BH:27 > BV:21 > BV:19,selected,1,0.0,True,680,262,418,524.0,1.0,1.0,True,True,1,1,0,True,1,1,0,0,True,True,0,12,7,12,7,3,LS,sampled_pool,,,False,0.3888888888888889,0.3419837738336444,0.6111111111111112,0.1,adaptive,bit_flip,offspring,random_feasible_start_no_adaptive_spacing,,,,feasible_start_adaptive_spacing,0.5,,True,auto_from_instance,0.75,0.35,"7,9,12,17,27,29,35,39,47,49,50,52","13,16,19,20,22,28",,,,,,"H[7,9,12,17,27,29,35,39,47,49,50,52]|V[13,16,19,20,21,22,28]",8f2926ac3d427dac9f2e22e7dbb4782d03fe71f9
proposed_nsga2_bs_Gyorgy-KOVACS_WH_Narrow_AW_4_seed_102,proposed_nsga2_bs,Gyorgy-KOVACS_WH_Narrow_AW_4,102,6,auto_from_instance,12,18,4,30,216,,,,,12,4,8,root > V:17 > BH:27 > BH:5 > BH:15 > BH:25 > BH:37 > BH:47 > BV:27,evaluated,2,inf,False,648,237,411,490.0,1.0,1.0,True,True,1,1,0,True,1,1,0,0,True,True,0,20,11,20,11,4,LS_RP,sampled_pool,,,False,0.3888888888888889,0.4450415934078343,0.6111111111111112,0.1,adaptive,insert_random_aisle,offspring,random_feasible_start_no_adaptive_spacing,,,,feasible_start_adaptive_spacing,0.5,,True,auto_from_instance,0.75,0.35,"1,4,7,9,13,17,24,27,29,35,39,44,47,49,50,52","3,16,17,19,20,21,24,26,27,30,32",,,,,,"H[1,4,5,7,9,13,15,17,24,25,27,29,35,37,39,44,47,49,50,52]|V[3,16,17,19,20,21,24,26,27,30,32]",3ab80a1d8e68880e815ad780c83cfc2449e7f93f
proposed_nsga2_bs_Gyorgy-KOVACS_WH_Narrow_AW_4_seed_102,proposed_nsga2_bs,Gyorgy-KOVACS_WH_Narrow_AW_4,102,6,auto_from_instance,12,18,4,30,216,,,,,13,4,8,root > V:17 > BH:27 > BH:49 > BH:39 > BH:29 > BH:17 > BH:7 > BV:27,evaluated,2,inf,False,648,237,411,490.0,1.0,1.0,True,True,1,1,0,True,1,1,0,0,True,True,0,16,11,16,11,4,LS_RP,sampled_pool,,,False,0.3888888888888889,0.4450415934078343,0.6111111111111112,0.1,adaptive,insert_random_aisle,offspring,random_feasible_start_no_adaptive_spacing,,,,feasible_start_adaptive_spacing,0.5,,True,auto_from_instance,0.75,0.35,"1,4,7,9,13,17,24,27,29,35,39,44,47,49,50,52","3,16,17,19,20,21,24,26,27,30,32",,,,,,"H[1,4,7,9,13,17,24,27,29,35,39,44,47,49,50,52]|V[3,16,17,19,20,21,24,26,27,30,32]",451b31cd7494c0e29ac39737991e84853f054397
proposed_nsga2_bs_Gyorgy-KOVACS_WH_Narrow_AW_4_seed_102,proposed_nsga2_bs,Gyorgy-KOVACS_WH_Narrow_AW_4,102,6,auto_from_instance,12,18,4,30,216,,,,,14,4,8,root > V:17 > BH:27 > BH:5 > BH:15 > BH:25 > BH:37 > BH:47 > BV:25,evaluated,4,inf,False,648,237,411,544.0,1.0,1.0,True,True,1,1,0,True,1,1,0,0,True,True,0,20,12,20,12,4,LS_RP,sampled_pool,,,False,0.3888888888888889,0.4450415934078343,0.6111111111111112,0.1,adaptive,insert_random_aisle,offspring,random_feasible_start_no_adaptive_spacing,,,,feasible_start_adaptive_spacing,0.5,,True,auto_from_instance,0.75,0.35,"1,4,7,9,13,17,24,27,29,35,39,44,47,49,50,52","3,16,17,19,20,21,24,26,27,30,32",,,,,,"H[1,4,5,7,9,13,15,17,24,25,27,29,35,37,39,44,47,49,50,52]|V[3,16,17,19,20,21,24,25,26,27,30,32]",24e93b3467ee5334276be59c5b6e878bb2e06a66
proposed_nsga2_bs_Gyorgy-KOVACS_WH_Narrow_AW_4_seed_102,proposed_nsga2_bs,Gyorgy-KOVACS_WH_Narrow_AW_4,102,6,auto_from_instance,12,18,4,30,216,,,,,15,4,8,root > V:17 > BH:27 > BH:49 > BH:39 > BH:29 > BH:17 > BH:7 > BV:25,evaluated,4,inf,False,648,237,411,544.0,1.0,1.0,True,True,1,1,0,True,1,1,0,0,True,True,0,16,12,16,12,4,LS_RP,sampled_pool,,,False,0.3888888888888889,0.4450415934078343,0.6111111111111112,0.1,adaptive,insert_random_aisle,offspring,random_feasible_start_no_adaptive_spacing,,,,feasible_start_adaptive_spacing,0.5,,True,auto_from_instance,0.75,0.35,"1,4,7,9,13,17,24,27,29,35,39,44,47,49,50,52","3,16,17,19,20,21,24,26,27,30,32",,,,,,"H[1,4,7,9,13,17,24,27,29,35,39,44,47,49,50,52]|V[3,16,17,19,20,21,24,25,26,27,30,32]",19631d63ec0204b55a5a6d539d26aaf84a80581d
proposed_nsga2_bs_Gyorgy-KOVACS_WH_Narrow_AW_4_seed_102,proposed_nsga2_bs,Gyorgy-KOVACS_WH_Narrow_AW_4,102,6,auto_from_instance,12,18,4,30,216,,,,,16,5,8,root > V:17 > BH:27 > BH:49 > BH:41 > BH:29 > BH:17 > BH:9 > BV:27,evaluated,2,1.214978354978355,False,640,243,397,493.0,1.0,1.0,True,True,1,1,0,True,1,1,0,0,True,True,0,17,9,17,9,5,PF_LS,sampled_pool,,,False,0.3888888888888889,0.43791957908598655,0.6111111111111112,0.1,adaptive,insert_random_aisle,offspring,random_feasible_start_no_adaptive_spacing,,,,feasible_start_adaptive_spacing,0.5,,True,auto_from_instance,0.75,0.35,"1,5,7,9,12,17,24,27,29,35,37,39,47,50,52","16,17,19,20,21,24,26,27,32",,,,,,"H[1,5,7,9,12,17,24,27,29,35,37,39,41,47,49,50,52]|V[16,17,19,20,21,24,26,27,32]",6b741b69cafdf845076912c9118d6404ec3124cc
proposed_nsga2_bs_Gyorgy-KOVACS_WH_Narrow_AW_4_seed_102,proposed_nsga2_bs,Gyorgy-KOVACS_WH_Narrow_AW_4,102,6,auto_from_instance,12,18,4,30,216,,,,,17,5,8,root > V:17 > BH:27 > BH:49 > BH:39 > BH:29 > BH:17 > BH:9 > BV:27,selected,1,inf,True,640,243,397,467.0,1.0,1.0,True,True,1,1,0,True,1,1,0,0,True,True,0,16,9,16,9,5,PF_LS,sampled_pool,,,False,0.3888888888888889,0.43791957908598655,0.6111111111111112,0.1,adaptive,insert_random_aisle,offspring,random_feasible_start_no_adaptive_spacing,,,,feasible_start_adaptive_spacing,0.5,,True,auto_from_instance,0.75,0.35,"1,5,7,9,12,17,24,27,29,35,37,39,47,50,52","16,17,19,20,21,24,26,27,32",,,,,,"H[1,5,7,9,12,17,24,27,29,35,37,39,47,49,50,52]|V[16,17,19,20,21,24,26,27,32]",c31e5af53b1ab973249c91c35b02a53fe27d43b5
proposed_nsga2_bs_Gyorgy-KOVACS_WH_Narrow_AW_4_seed_102,proposed_nsga2_bs,Gyorgy-KOVACS_WH_Narrow_AW_4,102,6,auto_from_instance,12,18,4,30,216,,,,,18,5,8,root > V:17 > BH:27 > BH:49 > BH:41 > BH:29 > BH:17 > BH:9 > BV:25,evaluated,4,inf,False,640,243,397,565.0,1.0,1.0,True,True,1,1,0,True,1,1,0,0,True,True,0,17,10,17,10,5,PF_LS,sampled_pool,,,False,0.3888888888888889,0.43791957908598655,0.6111111111111112,0.1,adaptive,insert_random_aisle,offspring,random_feasible_start_no_adaptive_spacing,,,,feasible_start_adaptive_spacing,0.5,,True,auto_from_instance,0.75,0.35,"1,5,7,9,12,17,24,27,29,35,37,39,47,50,52","16,17,19,20,21,24,26,27,32",,,,,,"H[1,5,7,9,12,17,24,27,29,35,37,39,41,47,49,50,52]|V[16,17,19,20,21,24,25,26,27,32]",39a901559adc49da187861c456901969a94fbc3c
proposed_nsga2_bs_Gyorgy-KOVACS_WH_Narrow_AW_4_seed_102,proposed_nsga2_bs,Gyorgy-KOVACS_WH_Narrow_AW_4,102,6,auto_from_instance,12,18,4,30,216,,,,,19,5,8,root > V:17 > BH:27 > BH:49 > BH:39 > BH:29 > BH:17 > BH:9 > BV:25,evaluated,3,inf,False,640,243,397,539.0,1.0,1.0,True,True,1,1,0,True,1,1,0,0,True,True,0,16,10,16,10,5,PF_LS,sampled_pool,,,False,0.3888888888888889,0.43791957908598655,0.6111111111111112,0.1,adaptive,insert_random_aisle,offspring,random_feasible_start_no_adaptive_spacing,,,,feasible_start_adaptive_spacing,0.5,,True,auto_from_instance,0.75,0.35,"1,5,7,9,12,17,24,27,29,35,37,39,47,50,52","16,17,19,20,21,24,26,27,32",,,,,,"H[1,5,7,9,12,17,24,27,29,35,37,39,47,49,50,52]|V[16,17,19,20,21,24,25,26,27,32]",4fcb480805af1c3aff3bd464c714a0dc9bc119e4
proposed_nsga2_bs_Gyorgy-KOVACS_WH_Narrow_AW_4_seed_102,proposed_nsga2_bs,Gyorgy-KOVACS_WH_Narrow_AW_4,102,6,auto_from_instance,12,18,4,30,216,,,,,20,6,8,root > V:16 > BH:27 > BH:5 > BH:15 > BH:25 > BH:37 > BH:47 > BV:26,evaluated,2,1.0475324675324675,False,632,246,386,550.0,1.0,1.0,True,True,1,1,0,True,1,1,0,0,True,True,0,19,7,19,7,6,PF_SS_RP,sampled_pool,,,True,0.3888888888888889,0.40994484471541814,0.6111111111111112,0.1,adaptive,spacing_aware_flip,offspring,random_feasible_start_no_adaptive_spacing,,,,feasible_start_adaptive_spacing,0.5,,True,auto_from_instance,0.75,0.35,"1,7,9,13,15,18,24,25,27,31,35,39,44,47,49,50,52","16,19,20,21,26,27,32",,,,,,"H[1,5,7,9,13,15,18,24,25,27,31,35,37,39,44,47,49,50,52]|V[16,19,20,21,26,27,32]",08ee812bc396556b6550be0bd82f9266dcd2fe55
proposed_nsga2_bs_Gyorgy-KOVACS_WH_Narrow_AW_4_seed_102,proposed_nsga2_bs,Gyorgy-KOVACS_WH_Narrow_AW_4,102,6,auto_from_instance,12,18,4,30,216,,,,,21,6,8,root > V:16 > BH:27 > BH:49 > BH:39 > BH:29 > BH:17 > BH:7 > BV:26,evaluated,2,0.493015873015873,False,632,246,386,550.0,1.0,1.0,True,True,1,1,0,True,1,1,0,0,True,True,0,19,7,19,7,6,PF_SS_RP,sampled_pool,,,True,0.3888888888888889,0.40994484471541814,0.6111111111111112,0.1,adaptive,spacing_aware_flip,offspring,random_feasible_start_no_adaptive_spacing,,,,feasible_start_adaptive_spacing,0.5,,True,auto_from_instance,0.75,0.35,"1,7,9,13,15,18,24,25,27,31,35,39,44,47,49,50,52","16,19,20,21,26,27,32",,,,,,"H[1,7,9,13,15,17,18,24,25,27,29,31,35,39,44,47,49,50,52]|V[16,19,20,21,26,27,32]",660d9dab711cc8220a7c4152b9d81284ad744a59
proposed_nsga2_bs_Gyorgy-KOVACS_WH_Narrow_AW_4_seed_102,proposed_nsga2_bs,Gyorgy-KOVACS_WH_Narrow_AW_4,102,6,auto_from_instance,12,18,4,30,216,,,,,22,6,8,root > V:16 > BH:27 > BH:5 > BH:15 > BH:25 > BH:37 > BH:47 > BV:24,evaluated,3,inf,False,632,246,386,628.0,1.0,1.0,True,True,1,1,0,True,1,1,0,0,True,True,0,19,8,19,8,6,PF_SS_RP,sampled_pool,,,True,0.3888888888888889,0.40994484471541814,0.6111111111111112,0.1,adaptive,spacing_aware_flip,offspring,random_feasible_start_no_adaptive_spacing,,,,feasible_start_adaptive_spacing,0.5,,True,auto_from_instance,0.75,0.35,"1,7,9,13,15,18,24,25,27,31,35,39,44,47,49,50,52","16,19,20,21,26,27,32",,,,,,"H[1,5,7,9,13,15,18,24,25,27,31,35,37,39,44,47,49,50,52]|V[16,19,20,21,24,26,27,32]",fe71932ea9ef92cbca4e0b578f20f6e88be50370
proposed_nsga2_bs_Gyorgy-KOVACS_WH_Narrow_AW_4_seed_102,proposed_nsga2_bs,Gyorgy-KOVACS_WH_Narrow_AW_4,102,6,auto_from_instance,12,18,4,30,216,,,,,23,6,8,root > V:16 > BH:27 > BH:49 > BH:39 > BH:29 > BH:17 > BH:7 > BV:24,evaluated,3,inf,False,632,246,386,628.0,1.0,1.0,True,True,1,1,0,True,1,1,0,0,True,True,0,19,8,19,8,6,PF_SS_RP,sampled_pool,,,True,0.3888888888888889,0.40994484471541814,0.6111111111111112,0.1,adaptive,spacing_aware_flip,offspring,random_feasible_start_no_adaptive_spacing,,,,feasible_start_adaptive_spacing,0.5,,True,auto_from_instance,0.75,0.35,"1,7,9,13,15,18,24,25,27,31,35,39,44,47,49,50,52","16,19,20,21,26,27,32",,,,,,"H[1,7,9,13,15,17,18,24,25,27,29,31,35,39,44,47,49,50,52]|V[16,19,20,21,24,26,27,32]",9696e3fb0a981a3c866440c46c54987a8cf3ab94
proposed_nsga2_bs_Gyorgy-KOVACS_WH_Narrow_AW_4_seed_102,proposed_nsga2_bs,Gyorgy-KOVACS_WH_Narrow_AW_4,102,6,auto_from_instance,12,18,4,30,216,,,,,24,7,4,root > V:28 > BH:27 > BV:19 > BV:19,selected,0,inf,True,680,262,418,472.0,1.0,1.0,True,True,1,1,0,True,1,1,0,0,True,True,0,14,3,14,3,7,PF_RP,sampled_pool,,,False,0.3888888888888889,0.3918064517799388,0.6111111111111112,0.1,adaptive,bit_flip,offspring,random_feasible_start_no_adaptive_spacing,,,,feasible_start_adaptive_spacing,0.5,,True,auto_from_instance,0.75,0.35,"1,7,9,13,17,24,27,35,39,43,47,49,50,52","19,27,28",,,,,,"H[1,7,9,13,17,24,27,35,39,43,47,49,50,52]|V[19,27,28]",fc4825140fa5e2560776b4b932f5ef46c1588f36
proposed_nsga2_bs_Gyorgy-KOVACS_WH_Narrow_AW_4_seed_102,proposed_nsga2_bs,Gyorgy-KOVACS_WH_Narrow_AW_4,102,6,auto_from_instance,12,18,4,30,216,,,,,25,7,4,root > V:28 > BH:27 > BV:19 > BV:17,selected,1,inf,True,680,262,418,524.0,1.0,1.0,True,True,1,1,0,True,1,1,0,0,True,True,0,14,4,14,4,7,PF_RP,sampled_pool,,,False,0.3888888888888889,0.3918064517799388,0.6111111111111112,0.1,adaptive,bit_flip,offspring,random_feasible_start_no_adaptive_spacing,,,,feasible_start_adaptive_spacing,0.5,,True,auto_from_instance,0.75,0.35,"1,7,9,13,17,24,27,35,39,43,47,49,50,52","19,27,28",,,,,,"H[1,7,9,13,17,24,27,35,39,43,47,49,50,52]|V[17,19,27,28]",c3a8d798cccc0ae6137f5d1801f12286f82d75a7
proposed_nsga2_bs_Gyorgy-KOVACS_WH_Narrow_AW_4_seed_102,proposed_nsga2_bs,Gyorgy-KOVACS_WH_Narrow_AW_4,102,7,auto_from_instance,12,18,4,30,216,,,,,1,1,4,root > V:28 > BH:27 > BV:19 > BV:19,selected,0,inf,True,680,262,418,472.0,1.0,1.0,True,True,1,1,0,True,1,1,0,0,True,True,0,15,7,15,7,1,LS_RP,sampled_pool,,,False,0.4444444444444444,0.48629520822897143,0.5555555555555556,0.1,adaptive,break_symmetry,offspring,random_feasible_start_no_adaptive_spacing,,,,feasible_start_adaptive_spacing,0.5,,True,auto_from_instance,0.75,0.35,"1,5,7,9,12,17,27,29,35,37,39,47,49,50,52","16,17,19,20,22,24,28",,,,,,"H[1,5,7,9,12,17,27,29,35,37,39,47,49,50,52]|V[16,17,19,20,22,24,28]",fc4825140fa5e2560776b4b932f5ef46c1588f36
proposed_nsga2_bs_Gyorgy-KOVACS_WH_Narrow_AW_4_seed_102,proposed_nsga2_bs,Gyorgy-KOVACS_WH_Narrow_AW_4,102,7,auto_from_instance,12,18,4,30,216,,,,,2,1,4,root > V:28 > BH:27 > BV:19 > BV:21,selected,1,inf,True,680,262,418,524.0,1.0,1.0,True,True,1,1,0,True,1,1,0,0,True,True,0,15,8,15,8,1,LS_RP,sampled_pool,,,False,0.4444444444444444,0.48629520822897143,0.5555555555555556,0.1,adaptive,break_symmetry,offspring,random_feasible_start_no_adaptive_spacing,,,,feasible_start_adaptive_spacing,0.5,,True,auto_from_instance,0.75,0.35,"1,5,7,9,12,17,27,29,35,37,39,47,49,50,52","16,17,19,20,22,24,28",,,,,,"H[1,5,7,9,12,17,27,29,35,37,39,47,49,50,52]|V[16,17,19,20,21,22,24,28]",334779b46d5c288ee3031362a71af20db7b63dd5
proposed_nsga2_bs_Gyorgy-KOVACS_WH_Narrow_AW_4_seed_102,proposed_nsga2_bs,Gyorgy-KOVACS_WH_Narrow_AW_4,102,7,auto_from_instance,12,18,4,30,216,,,,,3,1,4,root > V:28 > BH:27 > BV:19 > BV:21,selected,1,0.0,True,680,262,418,524.0,1.0,1.0,True,True,1,1,0,True,1,1,0,0,True,True,0,15,8,15,8,1,LS_RP,sampled_pool,,,False,0.4444444444444444,0.48629520822897143,0.5555555555555556,0.1,adaptive,break_symmetry,offspring,random_feasible_start_no_adaptive_spacing,,,,feasible_start_adaptive_spacing,0.5,,True,auto_from_instance,0.75,0.35,"1,5,7,9,12,17,27,29,35,37,39,47,49,50,52","16,17,19,20,22,24,28",,,,,,"H[1,5,7,9,12,17,27,29,35,37,39,47,49,50,52]|V[16,17,19,20,21,22,24,28]",8f2926ac3d427dac9f2e22e7dbb4782d03fe71f9
proposed_nsga2_bs_Gyorgy-KOVACS_WH_Narrow_AW_4_seed_102,proposed_nsga2_bs,Gyorgy-KOVACS_WH_Narrow_AW_4,102,7,auto_from_instance,12,18,4,30,216,,,,,4,1,4,root > V:28 > BH:27 > BV:19 > BV:17,selected,1,inf,True,680,262,418,524.0,1.0,1.0,True,True,1,1,0,True,1,1,0,0,True,True,0,15,7,15,7,1,LS_RP,sampled_pool,,,False,0.4444444444444444,0.48629520822897143,0.5555555555555556,0.1,adaptive,break_symmetry,offspring,random_feasible_start_no_adaptive_spacing,,,,feasible_start_adaptive_spacing,0.5,,True,auto_from_instance,0.75,0.35,"1,5,7,9,12,17,27,29,35,37,39,47,49,50,52","16,17,19,20,22,24,28",,,,,,"H[1,5,7,9,12,17,27,29,35,37,39,47,49,50,52]|V[16,17,19,20,22,24,28]",c3a8d798cccc0ae6137f5d1801f12286f82d75a7
proposed_nsga2_bs_Gyorgy-KOVACS_WH_Narrow_AW_4_seed_102,proposed_nsga2_bs,Gyorgy-KOVACS_WH_Narrow_AW_4,102,7,auto_from_instance,12,18,4,30,216,,,,,5,2,4,root > V:27 > BH:27 > BV:19 > BV:19,selected,1,inf,True,684,260,424,484.0,1.0,1.0,True,True,1,1,0,True,1,1,0,0,True,True,0,12,9,12,9,2,RP,sampled_pool,,,False,0.4444444444444444,0.4498701280322133,0.5555555555555556,0.1,adaptive,remove_random_aisle,offspring,random_feasible_start_no_adaptive_spacing,,,,feasible_start_adaptive_spacing,0.5,,True,auto_from_instance,0.75,0.35,"7,9,12,17,27,29,35,39,47,49,50,52","13,16,19,20,21,22,26,27,32",,,,,,"H[7,9,12,17,27,29,35,39,47,49,50,52]|V[13,16,19,20,21,22,26,27,32]",9baad5a6d6d08df213ec54891109e23b1069a9a5
proposed_nsga2_bs_Gyorgy-KOVACS_WH_Narrow_AW_4_seed_102,proposed_nsga2_bs,Gyorgy-KOVACS_WH_Narrow_AW_4,102,7,auto_from_instance,12,18,4,30,216,,,,,6,2,4,root > V:27 > BH:27 > BV:17 > BV:19,selected,1,0.0,True,684,260,424,484.0,1.0,1.0,True,True,1,1,0,True,1,1,0,0,True,True,0,12,10,12,10,2,RP,sampled_pool,,,False,0.4444444444444444,0.4498701280322133,0.5555555555555556,0.1,adaptive,remove_random_aisle,offspring,random_feasible_start_no_adaptive_spacing,,,,feasible_start_adaptive_spacing,0.5,,True,auto_from_instance,0.75,0.35,"7,9,12,17,27,29,35,39,47,49,50,52","13,16,19,20,21,22,26,27,32",,,,,,"H[7,9,12,17,27,29,35,39,47,49,50,52]|V[13,16,17,19,20,21,22,26,27,32]",7ea492661f4a7d780540a41c5bfc758906148e19
proposed_nsga2_bs_Gyorgy-KOVACS_WH_Narrow_AW_4_seed_102,proposed_nsga2_bs,Gyorgy-KOVACS_WH_Narrow_AW_4,102,7,auto_from_instance,12,18,4,30,216,,,,,7,2,4,root > V:27 > BH:27 > BV:19 > BV:17,selected,1,0.0,True,684,260,424,484.0,1.0,1.0,True,True,1,1,0,True,1,1,0,0,True,True,0,12,10,12,10,2,RP,sampled_pool,,,False,0.4444444444444444,0.4498701280322133,0.5555555555555556,0.1,adaptive,remove_random_aisle,offspring,random_feasible_start_no_adaptive_spacing,,,,feasible_start_adaptive_spacing,0.5,,True,auto_from_instance,0.75,0.35,"7,9,12,17,27,29,35,39,47,49,50,52","13,16,19,20,21,22,26,27,32",,,,,,"H[7,9,12,17,27,29,35,39,47,49,50,52]|V[13,16,17,19,20,21,22,26,27,32]",59c55a28d53f47701301421f850890ad1de7d63b
proposed_nsga2_bs_Gyorgy-KOVACS_WH_Narrow_AW_4_seed_102,proposed_nsga2_bs,Gyorgy-KOVACS_WH_Narrow_AW_4,102,7,auto_from_instance,12,18,4,30,216,,,,,8,2,4,root > V:27 > BH:27 > BV:17 > BV:17,selected,1,inf,True,684,260,424,484.0,1.0,1.0,True,True,1,1,0,True,1,1,0,0,True,True,0,12,10,12,10,2,RP,sampled_pool,,,False,0.4444444444444444,0.4498701280322133,0.5555555555555556,0.1,adaptive,remove_random_aisle,offspring,random_feasible_start_no_adaptive_spacing,,,,feasible_start_adaptive_spacing,0.5,,True,auto_from_instance,0.75,0.35,"7,9,12,17,27,29,35,39,47,49,50,52","13,16,19,20,21,22,26,27,32",,,,,,"H[7,9,12,17,27,29,35,39,47,49,50,52]|V[13,16,17,19,20,21,22,26,27,32]",6732d5258a9313035bead181283e041def90bbb2
proposed_nsga2_bs_Gyorgy-KOVACS_WH_Narrow_AW_4_seed_102,proposed_nsga2_bs,Gyorgy-KOVACS_WH_Narrow_AW_4,102,7,auto_from_instance,12,18,4,30,216,,,,,9,3,9,root > V:16 > BH:27 > BH:47 > BH:39 > BH:29 > BH:17 > BH:9 > BV:26 > BV:26,selected,0,inf,True,600,256,344,444.0,1.0,1.0,True,True,1,1,0,True,1,1,0,0,True,True,0,16,8,16,8,3,LS_PF,sampled_pool,,,False,0.4444444444444444,0.5228835683030345,0.5555555555555556,0.1,adaptive,break_symmetry,offspring,random_feasible_start_no_adaptive_spacing,,,,feasible_start_adaptive_spacing,0.5,,True,auto_from_instance,0.75,0.35,"1,7,9,12,17,24,27,29,35,37,39,44,47,49,50,52","4,16,19,20,21,24,26,27",,,,,,"H[1,7,9,12,17,24,27,29,35,37,39,44,47,49,50,52]|V[4,16,19,20,21,24,26,27]",31618e0fa9e7ba38a349d70c4dff96d8a35cbd09
proposed_nsga2_bs_Gyorgy-KOVACS_WH_Narrow_AW_4_seed_102,proposed_nsga2_bs,Gyorgy-KOVACS_WH_Narrow_AW_4,102,7,auto_from_instance,12,18,4,30,216,,,,,10,3,9,root > V:16 > BH:27 > BH:47 > BH:39 > BH:29 > BH:17 > BH:9 > BV:26 > BV:24,selected,1,inf,True,600,256,344,522.0,1.0,1.0,True,True,1,1,0,True,1,1,0,0,True,True,0,16,8,16,8,3,LS_PF,sampled_pool,,,False,0.4444444444444444,0.5228835683030345,0.5555555555555556,0.1,adaptive,break_symmetry,offspring,random_feasible_start_no_adaptive_spacing,,,,feasible_start_adaptive_spacing,0.5,,True,auto_from_instance,0.75,0.35,"1,7,9,12,17,24,27,29,35,37,39,44,47,49,50,52","4,16,19,20,21,24,26,27",,,,,,"H[1,7,9,12,17,24,27,29,35,37,39,44,47,49,50,52]|V[4,16,19,20,21,24,26,27]",fa8b3ae6d34a080b7f0477f81e4f7a7c987ebe2e
proposed_nsga2_bs_Gyorgy-KOVACS_WH_Narrow_AW_4_seed_102,proposed_nsga2_bs,Gyorgy-KOVACS_WH_Narrow_AW_4,102,7,auto_from_instance,12,18,4,30,216,,,,,11,3,9,root > V:16 > BH:27 > BH:47 > BH:39 > BH:29 > BH:17 > BH:9 > BV:26 > BV:30,evaluated,2,inf,False,600,248,352,616.0,1.0,1.0,True,True,1,1,0,True,1,1,0,0,True,True,0,16,9,16,9,3,LS_PF,sampled_pool,,,False,0.4444444444444444,0.5228835683030345,0.5555555555555556,0.1,adaptive,break_symmetry,offspring,random_feasible_start_no_adaptive_spacing,,,,feasible_start_adaptive_spacing,0.5,,True,auto_from_instance,0.75,0.35,"1,7,9,12,17,24,27,29,35,37,39,44,47,49,50,52","4,16,19,20,21,24,26,27",,,,,,"H[1,7,9,12,17,24,27,29,35,37,39,44,47,49,50,52]|V[4,16,19,20,21,24,26,27,30]",1806574f87db50fbd619950bace22c101eef624b
proposed_nsga2_bs_Gyorgy-KOVACS_WH_Narrow_AW_4_seed_102,proposed_nsga2_bs,Gyorgy-KOVACS_WH_Narrow_AW_4,102,7,auto_from_instance,12,18,4,30,216,,,,,12,8,4,root > V:28 > BH:27 > BV:21 > BV:21,selected,2,inf,True,680,262,418,576.0,1.0,1.0,True,True,1,1,0,True,1,1,0,0,True,True,0,16,6,16,6,8,LS_PF,sampled_pool,,,False,0.4444444444444444,0.3917198550394071,0.5555555555555556,0.1,adaptive,bit_flip,offspring,random_feasible_start_no_adaptive_spacing,,,,feasible_start_adaptive_spacing,0.5,,True,auto_from_instance,0.75,0.35,"1,5,7,9,12,17,24,27,29,35,37,39,47,49,50,52","16,19,20,21,22,28",,,,,,"H[1,5,7,9,12,17,24,27,29,35,37,39,47,49,50,52]|V[16,19,20,21,22,28]",67a6f4f8f954f77d80a9f7aeff15d9041dc361bd
proposed_nsga2_bs_Gyorgy-KOVACS_WH_Narrow_AW_4_seed_102,proposed_nsga2_bs,Gyorgy-KOVACS_WH_Narrow_AW_4,102,7,auto_from_instance,12,18,4,30,216,,,,,13,8,4,root > V:28 > BH:27 > BV:17 > BV:21,selected,2,inf,True,680,262,418,576.0,1.0,1.0,True,True,1,1,0,True,1,1,0,0,True,True,0,16,7,16,7,8,LS_PF,sampled_pool,,,False,0.4444444444444444,0.3917198550394071,0.5555555555555556,0.1,adaptive,bit_flip,offspring,random_feasible_start_no_adaptive_spacing,,,,feasible_start_adaptive_spacing,0.5,,True,auto_from_instance,0.75,0.35,"1,5,7,9,12,17,24,27,29,35,37,39,47,49,50,52","16,19,20,21,22,28",,,,,,"H[1,5,7,9,12,17,24,27,29,35,37,39,47,49,50,52]|V[16,17,19,20,21,22,28]",0cf129bcce89e5f8a26de7d155210a53886c00dc
proposed_nsga2_bs_Gyorgy-KOVACS_WH_Narrow_AW_4_seed_102,proposed_nsga2_bs,Gyorgy-KOVACS_WH_Narrow_AW_4,102,8,auto_from_instance,12,18,4,30,216,,,,,1,1,4,root > V:28 > BH:27 > BV:19 > BV:19,selected,0,inf,True,680,262,418,472.0,1.0,1.0,True,True,1,1,0,True,1,1,0,0,True,True,0,15,8,15,8,1,LS_RP,sampled_pool,,,False,0.5,0.4461552673885423,0.5,0.1,adaptive,insert_random_aisle,offspring,random_feasible_start_no_adaptive_spacing,,,,feasible_start_adaptive_spacing,0.5,,True,auto_from_instance,0.75,0.35,"1,5,7,9,12,17,27,29,35,37,39,47,49,50,52","16,19,20,21,22,24,28,33",,,,,,"H[1,5,7,9,12,17,27,29,35,37,39,47,49,50,52]|V[16,19,20,21,22,24,28,33]",fc4825140fa5e2560776b4b932f5ef46c1588f36
proposed_nsga2_bs_Gyorgy-KOVACS_WH_Narrow_AW_4_seed_102,proposed_nsga2_bs,Gyorgy-KOVACS_WH_Narrow_AW_4,102,8,auto_from_instance,12,18,4,30,216,,,,,2,1,4,root > V:28 > BH:27 > BV:19 > BV:21,selected,1,inf,True,680,262,418,524.0,1.0,1.0,True,True,1,1,0,True,1,1,0,0,True,True,0,15,8,15,8,1,LS_RP,sampled_pool,,,False,0.5,0.4461552673885423,0.5,0.1,adaptive,insert_random_aisle,offspring,random_feasible_start_no_adaptive_spacing,,,,feasible_start_adaptive_spacing,0.5,,True,auto_from_instance,0.75,0.35,"1,5,7,9,12,17,27,29,35,37,39,47,49,50,52","16,19,20,21,22,24,28,33",,,,,,"H[1,5,7,9,12,17,27,29,35,37,39,47,49,50,52]|V[16,19,20,21,22,24,28,33]",334779b46d5c288ee3031362a71af20db7b63dd5
proposed_nsga2_bs_Gyorgy-KOVACS_WH_Narrow_AW_4_seed_102,proposed_nsga2_bs,Gyorgy-KOVACS_WH_Narrow_AW_4,102,8,auto_from_instance,12,18,4,30,216,,,,,3,1,4,root > V:28 > BH:27 > BV:19 > BV:21,selected,1,0.0,True,680,262,418,524.0,1.0,1.0,True,True,1,1,0,True,1,1,0,0,True,True,0,15,8,15,8,1,LS_RP,sampled_pool,,,False,0.5,0.4461552673885423,0.5,0.1,adaptive,insert_random_aisle,offspring,random_feasible_start_no_adaptive_spacing,,,,feasible_start_adaptive_spacing,0.5,,True,auto_from_instance,0.75,0.35,"1,5,7,9,12,17,27,29,35,37,39,47,49,50,52","16,19,20,21,22,24,28,33",,,,,,"H[1,5,7,9,12,17,27,29,35,37,39,47,49,50,52]|V[16,19,20,21,22,24,28,33]",8f2926ac3d427dac9f2e22e7dbb4782d03fe71f9
proposed_nsga2_bs_Gyorgy-KOVACS_WH_Narrow_AW_4_seed_102,proposed_nsga2_bs,Gyorgy-KOVACS_WH_Narrow_AW_4,102,8,auto_from_instance,12,18,4,30,216,,,,,4,1,4,root > V:28 > BH:27 > BV:19 > BV:17,selected,1,inf,True,680,262,418,524.0,1.0,1.0,True,True,1,1,0,True,1,1,0,0,True,True,0,15,9,15,9,1,LS_RP,sampled_pool,,,False,0.5,0.4461552673885423,0.5,0.1,adaptive,insert_random_aisle,offspring,random_feasible_start_no_adaptive_spacing,,,,feasible_start_adaptive_spacing,0.5,,True,auto_from_instance,0.75,0.35,"1,5,7,9,12,17,27,29,35,37,39,47,49,50,52","16,19,20,21,22,24,28,33",,,,,,"H[1,5,7,9,12,17,27,29,35,37,39,47,49,50,52]|V[16,17,19,20,21,22,24,28,33]",c3a8d798cccc0ae6137f5d1801f12286f82d75a7
proposed_nsga2_bs_Gyorgy-KOVACS_WH_Narrow_AW_4_seed_102,proposed_nsga2_bs,Gyorgy-KOVACS_WH_Narrow_AW_4,102,8,auto_from_instance,12,18,4,30,216,,,,,5,2,4,root > V:27 > BH:27 > BV:19 > BV:19,selected,1,inf,True,684,260,424,484.0,1.0,1.0,True,True,1,1,0,True,1,1,0,0,True,True,0,16,9,16,9,2,RP,sampled_pool,,,False,0.5,0.49532215343572755,0.5,0.1,adaptive,spacing_aware_flip,offspring,random_feasible_start_no_adaptive_spacing,,,,feasible_start_adaptive_spacing,0.5,,True,auto_from_instance,0.75,0.35,"1,7,9,12,17,24,27,29,35,37,39,44,47,49,50,52","4,12,16,17,19,20,24,26,27",,,,,,"H[1,7,9,12,17,24,27,29,35,37,39,44,47,49,50,52]|V[4,12,16,17,19,20,24,26,27]",9baad5a6d6d08df213ec54891109e23b1069a9a5
proposed_nsga2_bs_Gyorgy-KOVACS_WH_Narrow_AW_4_seed_102,proposed_nsga2_bs,Gyorgy-KOVACS_WH_Narrow_AW_4,102,8,auto_from_instance,12,18,4,30,216,,,,,6,2,4,root > V:27 > BH:27 > BV:17 > BV:19,selected,1,0.0,True,684,260,424,484.0,1.0,1.0,True,True,1,1,0,True,1,1,0,0,True,True,0,16,9,16,9,2,RP,sampled_pool,,,False,0.5,0.49532215343572755,0.5,0.1,adaptive,spacing_aware_flip,offspring,random_feasible_start_no_adaptive_spacing,,,,feasible_start_adaptive_spacing,0.5,,True,auto_from_instance,0.75,0.35,"1,7,9,12,17,24,27,29,35,37,39,44,47,49,50,52","4,12,16,17,19,20,24,26,27",,,,,,"H[1,7,9,12,17,24,27,29,35,37,39,44,47,49,50,52]|V[4,12,16,17,19,20,24,26,27]",7ea492661f4a7d780540a41c5bfc758906148e19
proposed_nsga2_bs_Gyorgy-KOVACS_WH_Narrow_AW_4_seed_102,proposed_nsga2_bs,Gyorgy-KOVACS_WH_Narrow_AW_4,102,8,auto_from_instance,12,18,4,30,216,,,,,7,2,4,root > V:27 > BH:27 > BV:19 > BV:17,selected,1,0.0,True,684,260,424,484.0,1.0,1.0,True,True,1,1,0,True,1,1,0,0,True,True,0,16,9,16,9,2,RP,sampled_pool,,,False,0.5,0.49532215343572755,0.5,0.1,adaptive,spacing_aware_flip,offspring,random_feasible_start_no_adaptive_spacing,,,,feasible_start_adaptive_spacing,0.5,,True,auto_from_instance,0.75,0.35,"1,7,9,12,17,24,27,29,35,37,39,44,47,49,50,52","4,12,16,17,19,20,24,26,27",,,,,,"H[1,7,9,12,17,24,27,29,35,37,39,44,47,49,50,52]|V[4,12,16,17,19,20,24,26,27]",59c55a28d53f47701301421f850890ad1de7d63b
proposed_nsga2_bs_Gyorgy-KOVACS_WH_Narrow_AW_4_seed_102,proposed_nsga2_bs,Gyorgy-KOVACS_WH_Narrow_AW_4,102,8,auto_from_instance,12,18,4,30,216,,,,,8,2,4,root > V:27 > BH:27 > BV:17 > BV:17,selected,1,inf,True,684,260,424,484.0,1.0,1.0,True,True,1,1,0,True,1,1,0,0,True,True,0,16,9,16,9,2,RP,sampled_pool,,,False,0.5,0.49532215343572755,0.5,0.1,adaptive,spacing_aware_flip,offspring,random_feasible_start_no_adaptive_spacing,,,,feasible_start_adaptive_spacing,0.5,,True,auto_from_instance,0.75,0.35,"1,7,9,12,17,24,27,29,35,37,39,44,47,49,50,52","4,12,16,17,19,20,24,26,27",,,,,,"H[1,7,9,12,17,24,27,29,35,37,39,44,47,49,50,52]|V[4,12,16,17,19,20,24,26,27]",6732d5258a9313035bead181283e041def90bbb2
proposed_nsga2_bs_Gyorgy-KOVACS_WH_Narrow_AW_4_seed_102,proposed_nsga2_bs,Gyorgy-KOVACS_WH_Narrow_AW_4,102,8,auto_from_instance,12,18,4,30,216,,,,,9,3,4,root > V:28 > BH:27 > BV:21 > BV:21,evaluated,2,inf,False,680,262,418,576.0,1.0,1.0,True,True,1,1,0,True,1,1,0,0,True,True,0,15,6,15,6,3,PF_LS,sampled_pool,,,False,0.5,0.4578628303600414,0.5,0.1,adaptive,remove_random_aisle,offspring,random_feasible_start_no_adaptive_spacing,,,,feasible_start_adaptive_spacing,0.5,,True,auto_from_instance,0.75,0.35,"1,5,7,9,12,17,27,29,35,37,39,47,49,50,52","16,17,19,21,22,28",,,,,,"H[1,5,7,9,12,17,27,29,35,37,39,47,49,50,52]|V[16,17,19,21,22,28]",67a6f4f8f954f77d80a9f7aeff15d9041dc361bd
proposed_nsga2_bs_Gyorgy-KOVACS_WH_Narrow_AW_4_seed_102,proposed_nsga2_bs,Gyorgy-KOVACS_WH_Narrow_AW_4,102,8,auto_from_instance,12,18,4,30,216,,,,,10,3,4,root > V:28 > BH:27 > BV:17 > BV:21,evaluated,2,inf,False,680,262,418,576.0,1.0,1.0,True,True,1,1,0,True,1,1,0,0,True,True,0,15,6,15,6,3,PF_LS,sampled_pool,,,False,0.5,0.4578628303600414,0.5,0.1,adaptive,remove_random_aisle,offspring,random_feasible_start_no_adaptive_spacing,,,,feasible_start_adaptive_spacing,0.5,,True,auto_from_instance,0.75,0.35,"1,5,7,9,12,17,27,29,35,37,39,47,49,50,52","16,17,19,21,22,28",,,,,,"H[1,5,7,9,12,17,27,29,35,37,39,47,49,50,52]|V[16,17,19,21,22,28]",0cf129bcce89e5f8a26de7d155210a53886c00dc
proposed_nsga2_bs_Gyorgy-KOVACS_WH_Narrow_AW_4_seed_102,proposed_nsga2_bs,Gyorgy-KOVACS_WH_Narrow_AW_4,102,8,auto_from_instance,12,18,4,30,216,,,,,11,7,8,root > V:17 > BH:27 > BH:5 > BH:15 > BH:25 > BH:37 > BH:47 > BV:27,selected,1,1.7475,True,648,237,411,490.0,1.0,1.0,True,True,1,1,0,True,1,1,0,0,True,True,0,16,10,16,10,7,PF_SS,sampled_pool,,,True,0.5,0.5045393863489512,0.5,0.1,adaptive,remove_random_aisle,offspring,random_feasible_start_no_adaptive_spacing,,,,feasible_start_adaptive_spacing,0.5,,True,auto_from_instance,0.75,0.35,"1,7,9,12,17,27,29,35,39,47,50,52","4,13,16,17,19,20,21,24,26,27",,,,,,"H[1,5,7,9,12,15,17,25,27,29,35,37,39,47,50,52]|V[4,13,16,17,19,20,21,24,26,27]",3ab80a1d8e68880e815ad780c83cfc2449e7f93f
proposed_nsga2_bs_Gyorgy-KOVACS_WH_Narrow_AW_4_seed_102,proposed_nsga2_bs,Gyorgy-KOVACS_WH_Narrow_AW_4,102,8,auto_from_instance,12,18,4,30,216,,,,,12,7,8,root > V:17 > BH:27 > BH:49 > BH:39 > BH:29 > BH:17 > BH:7 > BV:27,selected,1,inf,True,648,237,411,490.0,1.0,1.0,True,True,1,1,0,True,1,1,0,0,True,True,0,13,10,13,10,7,PF_SS,sampled_pool,,,True,0.5,0.5045393863489512,0.5,0.1,adaptive,remove_random_aisle,offspring,random_feasible_start_no_adaptive_spacing,,,,feasible_start_adaptive_spacing,0.5,,True,auto_from_instance,0.75,0.35,"1,7,9,12,17,27,29,35,39,47,50,52","4,13,16,17,19,20,21,24,26,27",,,,,,"H[1,7,9,12,17,27,29,35,39,47,49,50,52]|V[4,13,16,17,19,20,21,24,26,27]",451b31cd7494c0e29ac39737991e84853f054397
proposed_nsga2_bs_Gyorgy-KOVACS_WH_Narrow_AW_4_seed_102,proposed_nsga2_bs,Gyorgy-KOVACS_WH_Narrow_AW_4,102,8,auto_from_instance,12,18,4,30,216,,,,,13,7,8,root > V:17 > BH:27 > BH:5 > BH:15 > BH:25 > BH:37 > BH:47 > BV:25,evaluated,2,inf,False,648,237,411,544.0,1.0,1.0,True,True,1,1,0,True,1,1,0,0,True,True,0,16,11,16,11,7,PF_SS,sampled_pool,,,True,0.5,0.5045393863489512,0.5,0.1,adaptive,remove_random_aisle,offspring,random_feasible_start_no_adaptive_spacing,,,,feasible_start_adaptive_spacing,0.5,,True,auto_from_instance,0.75,0.35,"1,7,9,12,17,27,29,35,39,47,50,52","4,13,16,17,19,20,21,24,26,27",,,,,,"H[1,5,7,9,12,15,17,25,27,29,35,37,39,47,50,52]|V[4,13,16,17,19,20,21,24,25,26,27]",24e93b3467ee5334276be59c5b6e878bb2e06a66
proposed_nsga2_bs_Gyorgy-KOVACS_WH_Narrow_AW_4_seed_102,proposed_nsga2_bs,Gyorgy-KOVACS_WH_Narrow_AW_4,102,8,auto_from_instance,12,18,4,30,216,,,,,14,7,8,root > V:17 > BH:27 > BH:49 > BH:39 > BH:29 > BH:17 > BH:7 > BV:25,evaluated,2,inf,False,648,237,411,544.0,1.0,1.0,True,True,1,1,0,True,1,1,0,0,True,True,0,13,11,13,11,7,PF_SS,sampled_pool,,,True,0.5,0.5045393863489512,0.5,0.1,adaptive,remove_random_aisle,offspring,random_feasible_start_no_adaptive_spacing,,,,feasible_start_adaptive_spacing,0.5,,True,auto_from_instance,0.75,0.35,"1,7,9,12,17,27,29,35,39,47,50,52","4,13,16,17,19,20,21,24,26,27",,,,,,"H[1,7,9,12,17,27,29,35,39,47,49,50,52]|V[4,13,16,17,19,20,21,24,25,26,27]",19631d63ec0204b55a5a6d539d26aaf84a80581d
proposed_nsga2_bs_Gyorgy-KOVACS_WH_Narrow_AW_4_seed_102,proposed_nsga2_bs,Gyorgy-KOVACS_WH_Narrow_AW_4,102,8,auto_from_instance,12,18,4,30,216,,,,,15,8,9,root > V:16 > BH:27 > BH:47 > BH:39 > BH:29 > BH:17 > BH:9 > BV:26 > BV:26,selected,0,inf,True,600,256,344,444.0,1.0,1.0,True,True,1,1,0,True,1,1,0,0,True,True,0,15,8,15,8,8,LS_PF,sampled_pool,,,False,0.5,0.46856100599133443,0.5,0.1,adaptive,break_symmetry,offspring,random_feasible_start_no_adaptive_spacing,,,,feasible_start_adaptive_spacing,0.5,,True,auto_from_instance,0.75,0.35,"7,9,12,17,24,27,29,35,36,39,44,47,49,50,52","16,19,20,21,22,26,27,32",,,,,,"H[7,9,12,17,24,27,29,35,36,39,44,47,49,50,52]|V[16,19,20,21,22,26,27,32]",31618e0fa9e7ba38a349d70c4dff96d8a35cbd09
proposed_nsga2_bs_Gyorgy-KOVACS_WH_Narrow_AW_4_seed_102,proposed_nsga2_bs,Gyorgy-KOVACS_WH_Narrow_AW_4,102,8,auto_from_instance,12,18,4,30,216,,,,,16,8,9,root > V:16 > BH:27 > BH:47 > BH:39 > BH:29 > BH:17 > BH:9 > BV:26 > BV:24,selected,1,inf,True,600,256,344,522.0,1.0,1.0,True,True,1,1,0,True,1,1,0,0,True,True,0,15,9,15,9,8,LS_PF,sampled_pool,,,False,0.5,0.46856100599133443,0.5,0.1,adaptive,break_symmetry,offspring,random_feasible_start_no_adaptive_spacing,,,,feasible_start_adaptive_spacing,0.5,,True,auto_from_instance,0.75,0.35,"7,9,12,17,24,27,29,35,36,39,44,47,49,50,52","16,19,20,21,22,26,27,32",,,,,,"H[7,9,12,17,24,27,29,35,36,39,44,47,49,50,52]|V[16,19,20,21,22,24,26,27,32]",fa8b3ae6d34a080b7f0477f81e4f7a7c987ebe2e
proposed_nsga2_bs_Gyorgy-KOVACS_WH_Narrow_AW_4_seed_102,proposed_nsga2_bs,Gyorgy-KOVACS_WH_Narrow_AW_4,102,8,auto_from_instance,12,18,4,30,216,,,,,17,8,9,root > V:16 > BH:27 > BH:47 > BH:39 > BH:29 > BH:17 > BH:9 > BV:26 > BV:30,evaluated,2,inf,False,600,248,352,616.0,1.0,1.0,True,True,1,1,0,True,1,1,0,0,True,True,0,15,9,15,9,8,LS_PF,sampled_pool,,,False,0.5,0.46856100599133443,0.5,0.1,adaptive,break_symmetry,offspring,random_feasible_start_no_adaptive_spacing,,,,feasible_start_adaptive_spacing,0.5,,True,auto_from_instance,0.75,0.35,"7,9,12,17,24,27,29,35,36,39,44,47,49,50,52","16,19,20,21,22,26,27,32",,,,,,"H[7,9,12,17,24,27,29,35,36,39,44,47,49,50,52]|V[16,19,20,21,22,26,27,30,32]",1806574f87db50fbd619950bace22c101eef624b
proposed_nsga2_bs_Gyorgy-KOVACS_WH_Narrow_AW_4_seed_102,proposed_nsga2_bs,Gyorgy-KOVACS_WH_Narrow_AW_4,102,8,auto_from_instance,12,18,4,30,216,,,,,18,12,8,root > V:16 > BH:27 > BH:5 > BH:15 > BH:25 > BH:37 > BH:47 > BV:26,evaluated,2,0.6784848484848485,False,632,246,386,550.0,1.0,1.0,True,True,1,1,0,True,1,1,0,0,True,True,0,19,7,19,7,12,PF_LS_RP,sampled_pool,,,False,0.5,0.5786855593171149,0.5,0.1,adaptive,bit_flip,offspring,random_feasible_start_no_adaptive_spacing,,,,feasible_start_adaptive_spacing,0.5,,True,auto_from_instance,0.75,0.35,"1,4,5,7,9,12,17,24,27,29,35,37,39,47,49,50,52","16,19,20,21,24,26,27",,,,,,"H[1,4,5,7,9,12,15,17,24,25,27,29,35,37,39,47,49,50,52]|V[16,19,20,21,24,26,27]",08ee812bc396556b6550be0bd82f9266dcd2fe55
proposed_nsga2_bs_Gyorgy-KOVACS_WH_Narrow_AW_4_seed_102,proposed_nsga2_bs,Gyorgy-KOVACS_WH_Narrow_AW_4,102,8,auto_from_instance,12,18,4,30,216,,,,,19,12,8,root > V:16 > BH:27 > BH:49 > BH:39 > BH:29 > BH:17 > BH:7 > BV:26,evaluated,2,1.09989898989899,False,632,246,386,550.0,1.0,1.0,True,True,1,1,0,True,1,1,0,0,True,True,0,17,7,17,7,12,PF_LS_RP,sampled_pool,,,False,0.5,0.5786855593171149,0.5,0.1,adaptive,bit_flip,offspring,random_feasible_start_no_adaptive_spacing,,,,feasible_start_adaptive_spacing,0.5,,True,auto_from_instance,0.75,0.35,"1,4,5,7,9,12,17,24,27,29,35,37,39,47,49,50,52","16,19,20,21,24,26,27",,,,,,"H[1,4,5,7,9,12,17,24,27,29,35,37,39,47,49,50,52]|V[16,19,20,21,24,26,27]",660d9dab711cc8220a7c4152b9d81284ad744a59
proposed_nsga2_bs_Gyorgy-KOVACS_WH_Narrow_AW_4_seed_102,proposed_nsga2_bs,Gyorgy-KOVACS_WH_Narrow_AW_4,102,8,auto_from_instance,12,18,4,30,216,,,,,20,12,8,root > V:16 > BH:27 > BH:5 > BH:15 > BH:25 > BH:37 > BH:47 > BV:24,evaluated,3,inf,False,632,246,386,628.0,1.0,1.0,True,True,1,1,0,True,1,1,0,0,True,True,0,19,7,19,7,12,PF_LS_RP,sampled_pool,,,False,0.5,0.5786855593171149,0.5,0.1,adaptive,bit_flip,offspring,random_feasible_start_no_adaptive_spacing,,,,feasible_start_adaptive_spacing,0.5,,True,auto_from_instance,0.75,0.35,"1,4,5,7,9,12,17,24,27,29,35,37,39,47,49,50,52","16,19,20,21,24,26,27",,,,,,"H[1,4,5,7,9,12,15,17,24,25,27,29,35,37,39,47,49,50,52]|V[16,19,20,21,24,26,27]",fe71932ea9ef92cbca4e0b578f20f6e88be50370
proposed_nsga2_bs_Gyorgy-KOVACS_WH_Narrow_AW_4_seed_102,proposed_nsga2_bs,Gyorgy-KOVACS_WH_Narrow_AW_4,102,8,auto_from_instance,12,18,4,30,216,,,,,21,12,8,root > V:16 > BH:27 > BH:49 > BH:39 > BH:29 > BH:17 > BH:7 > BV:24,evaluated,3,inf,False,632,246,386,628.0,1.0,1.0,True,True,1,1,0,True,1,1,0,0,True,True,0,17,7,17,7,12,PF_LS_RP,sampled_pool,,,False,0.5,0.5786855593171149,0.5,0.1,adaptive,bit_flip,offspring,random_feasible_start_no_adaptive_spacing,,,,feasible_start_adaptive_spacing,0.5,,True,auto_from_instance,0.75,0.35,"1,4,5,7,9,12,17,24,27,29,35,37,39,47,49,50,52","16,19,20,21,24,26,27",,,,,,"H[1,4,5,7,9,12,17,24,27,29,35,37,39,47,49,50,52]|V[16,19,20,21,24,26,27]",9696e3fb0a981a3c866440c46c54987a8cf3ab94
proposed_nsga2_bs_Gyorgy-KOVACS_WH_Narrow_AW_4_seed_102,proposed_nsga2_bs,Gyorgy-KOVACS_WH_Narrow_AW_4,102,9,auto_from_instance,12,18,4,30,216,,,,,1,1,4,root > V:28 > BH:27 > BV:19 > BV:19,selected,0,inf,True,680,262,418,472.0,1.0,1.0,True,True,1,1,0,True,1,1,0,0,True,True,0,14,8,14,8,1,SS,sampled_pool,,,True,0.5555555555555556,0.550619491537879,0.4444444444444444,0.1,adaptive,swap_segments,offspring,random_feasible_start_no_adaptive_spacing,,,,feasible_start_adaptive_spacing,0.5,,True,auto_from_instance,0.75,0.35,"5,12,19,21,27,29,35,37,39,44,47,49,50,52","16,19,20,21,22,24,28,32",,,,,,"H[5,12,19,21,27,29,35,37,39,44,47,49,50,52]|V[16,19,20,21,22,24,28,32]",fc4825140fa5e2560776b4b932f5ef46c1588f36
proposed_nsga2_bs_Gyorgy-KOVACS_WH_Narrow_AW_4_seed_102,proposed_nsga2_bs,Gyorgy-KOVACS_WH_Narrow_AW_4,102,9,auto_from_instance,12,18,4,30,216,,,,,2,1,4,root > V:28 > BH:27 > BV:19 > BV:21,selected,1,inf,True,680,262,418,524.0,1.0,1.0,True,True,1,1,0,True,1,1,0,0,True,True,0,14,8,14,8,1,SS,sampled_pool,,,True,0.5555555555555556,0.550619491537879,0.4444444444444444,0.1,adaptive,swap_segments,offspring,random_feasible_start_no_adaptive_spacing,,,,feasible_start_adaptive_spacing,0.5,,True,auto_from_instance,0.75,0.35,"5,12,19,21,27,29,35,37,39,44,47,49,50,52","16,19,20,21,22,24,28,32",,,,,,"H[5,12,19,21,27,29,35,37,39,44,47,49,50,52]|V[16,19,20,21,22,24,28,32]",334779b46d5c288ee3031362a71af20db7b63dd5
proposed_nsga2_bs_Gyorgy-KOVACS_WH_Narrow_AW_4_seed_102,proposed_nsga2_bs,Gyorgy-KOVACS_WH_Narrow_AW_4,102,9,auto_from_instance,12,18,4,30,216,,,,,3,1,4,root > V:28 > BH:27 > BV:19 > BV:21,selected,1,0.0,True,680,262,418,524.0,1.0,1.0,True,True,1,1,0,True,1,1,0,0,True,True,0,14,8,14,8,1,SS,sampled_pool,,,True,0.5555555555555556,0.550619491537879,0.4444444444444444,0.1,adaptive,swap_segments,offspring,random_feasible_start_no_adaptive_spacing,,,,feasible_start_adaptive_spacing,0.5,,True,auto_from_instance,0.75,0.35,"5,12,19,21,27,29,35,37,39,44,47,49,50,52","16,19,20,21,22,24,28,32",,,,,,"H[5,12,19,21,27,29,35,37,39,44,47,49,50,52]|V[16,19,20,21,22,24,28,32]",8f2926ac3d427dac9f2e22e7dbb4782d03fe71f9
proposed_nsga2_bs_Gyorgy-KOVACS_WH_Narrow_AW_4_seed_102,proposed_nsga2_bs,Gyorgy-KOVACS_WH_Narrow_AW_4,102,9,auto_from_instance,12,18,4,30,216,,,,,4,1,4,root > V:28 > BH:27 > BV:19 > BV:17,selected,1,inf,True,680,262,418,524.0,1.0,1.0,True,True,1,1,0,True,1,1,0,0,True,True,0,14,9,14,9,1,SS,sampled_pool,,,True,0.5555555555555556,0.550619491537879,0.4444444444444444,0.1,adaptive,swap_segments,offspring,random_feasible_start_no_adaptive_spacing,,,,feasible_start_adaptive_spacing,0.5,,True,auto_from_instance,0.75,0.35,"5,12,19,21,27,29,35,37,39,44,47,49,50,52","16,19,20,21,22,24,28,32",,,,,,"H[5,12,19,21,27,29,35,37,39,44,47,49,50,52]|V[16,17,19,20,21,22,24,28,32]",c3a8d798cccc0ae6137f5d1801f12286f82d75a7
proposed_nsga2_bs_Gyorgy-KOVACS_WH_Narrow_AW_4_seed_102,proposed_nsga2_bs,Gyorgy-KOVACS_WH_Narrow_AW_4,102,9,auto_from_instance,12,18,4,30,216,,,,,5,2,8,root > V:16 > BH:27 > BH:5 > BH:15 > BH:25 > BH:37 > BH:47 > BV:26,evaluated,3,1.7049275362318839,False,632,246,386,550.0,1.0,1.0,True,True,1,1,0,True,1,1,0,0,True,True,0,20,9,20,9,2,LS_RP,sampled_pool,,,False,0.5555555555555556,0.5186063611395326,0.4444444444444444,0.1,adaptive,spacing_aware_flip,offspring,random_feasible_start_no_adaptive_spacing,,,,feasible_start_adaptive_spacing,0.5,,True,auto_from_instance,0.75,0.35,"1,5,7,9,12,17,24,27,29,35,36,39,47,49,50,52,57","16,19,20,21,22,24,26,27,33",,,,,,"H[1,5,7,9,12,15,17,24,25,27,29,35,36,37,39,47,49,50,52,57]|V[16,19,20,21,22,24,26,27,33]",08ee812bc396556b6550be0bd82f9266dcd2fe55
proposed_nsga2_bs_Gyorgy-KOVACS_WH_Narrow_AW_4_seed_102,proposed_nsga2_bs,Gyorgy-KOVACS_WH_Narrow_AW_4,102,9,auto_from_instance,12,18,4,30,216,,,,,6,2,8,root > V:16 > BH:27 > BH:49 > BH:39 > BH:29 > BH:17 > BH:7 > BV:26,evaluated,3,1.295072463768116,False,632,246,386,550.0,1.0,1.0,True,True,1,1,0,True,1,1,0,0,True,True,0,17,9,17,9,2,LS_RP,sampled_pool,,,False,0.5555555555555556,0.5186063611395326,0.4444444444444444,0.1,adaptive,spacing_aware_flip,offspring,random_feasible_start_no_adaptive_spacing,,,,feasible_start_adaptive_spacing,0.5,,True,auto_from_instance,0.75,0.35,"1,5,7,9,12,17,24,27,29,35,36,39,47,49,50,52,57","16,19,20,21,22,24,26,27,33",,,,,,"H[1,5,7,9,12,17,24,27,29,35,36,39,47,49,50,52,57]|V[16,19,20,21,22,24,26,27,33]",660d9dab711cc8220a7c4152b9d81284ad744a59
proposed_nsga2_bs_Gyorgy-KOVACS_WH_Narrow_AW_4_seed_102,proposed_nsga2_bs,Gyorgy-KOVACS_WH_Narrow_AW_4,102,9,auto_from_instance,12,18,4,30,216,,,,,7,2,8,root > V:16 > BH:27 > BH:5 > BH:15 > BH:25 > BH:37 > BH:47 > BV:24,evaluated,4,2.0896803652968035,False,632,246,386,628.0,1.0,1.0,True,True,1,1,0,True,1,1,0,0,True,True,0,20,9,20,9,2,LS_RP,sampled_pool,,,False,0.5555555555555556,0.5186063611395326,0.4444444444444444,0.1,adaptive,spacing_aware_flip,offspring,random_feasible_start_no_adaptive_spacing,,,,feasible_start_adaptive_spacing,0.5,,True,auto_from_instance,0.75,0.35,"1,5,7,9,12,17,24,27,29,35,36,39,47,49,50,52,57","16,19,20,21,22,24,26,27,33",,,,,,"H[1,5,7,9,12,15,17,24,25,27,29,35,36,37,39,47,49,50,52,57]|V[16,19,20,21,22,24,26,27,33]",fe71932ea9ef92cbca4e0b578f20f6e88be50370
proposed_nsga2_bs_Gyorgy-KOVACS_WH_Narrow_AW_4_seed_102,proposed_nsga2_bs,Gyorgy-KOVACS_WH_Narrow_AW_4,102,9,auto_from_instance,12,18,4,30,216,,,,,8,2,8,root > V:16 > BH:27 > BH:49 > BH:39 > BH:29 > BH:17 > BH:7 > BV:24,evaluated,4,0.9103196347031963,False,632,246,386,628.0,1.0,1.0,True,True,1,1,0,True,1,1,0,0,True,True,0,17,9,17,9,2,LS_RP,sampled_pool,,,False,0.5555555555555556,0.5186063611395326,0.4444444444444444,0.1,adaptive,spacing_aware_flip,offspring,random_feasible_start_no_adaptive_spacing,,,,feasible_start_adaptive_spacing,0.5,,True,auto_from_instance,0.75,0.35,"1,5,7,9,12,17,24,27,29,35,36,39,47,49,50,52,57","16,19,20,21,22,24,26,27,33",,,,,,"H[1,5,7,9,12,17,24,27,29,35,36,39,47,49,50,52,57]|V[16,19,20,21,22,24,26,27,33]",9696e3fb0a981a3c866440c46c54987a8cf3ab94
proposed_nsga2_bs_Gyorgy-KOVACS_WH_Narrow_AW_4_seed_102,proposed_nsga2_bs,Gyorgy-KOVACS_WH_Narrow_AW_4,102,9,auto_from_instance,12,18,4,30,216,,,,,9,3,4,root > V:28 > BH:27 > BV:21 > BV:21,selected,2,inf,True,680,262,418,576.0,1.0,1.0,True,True,1,1,0,True,1,1,0,0,True,True,0,14,10,14,10,3,PF,sampled_pool,,,False,0.5555555555555556,0.6165391928946847,0.4444444444444444,0.1,adaptive,remove_random_aisle,offspring,random_feasible_start_no_adaptive_spacing,,,,feasible_start_adaptive_spacing,0.5,,True,auto_from_instance,0.75,0.35,"1,7,9,12,17,27,29,35,37,39,47,49,50,52","4,13,16,17,19,20,21,22,28,33",,,,,,"H[1,7,9,12,17,27,29,35,37,39,47,49,50,52]|V[4,13,16,17,19,20,21,22,28,33]",67a6f4f8f954f77d80a9f7aeff15d9041dc361bd
proposed_nsga2_bs_Gyorgy-KOVACS_WH_Narrow_AW_4_seed_102,proposed_nsga2_bs,Gyorgy-KOVACS_WH_Narrow_AW_4,102,9,auto_from_instance,12,18,4,30,216,,,,,10,3,4,root > V:28 > BH:27 > BV:17 > BV:21,evaluated,2,inf,False,680,262,418,576.0,1.0,1.0,True,True,1,1,0,True,1,1,0,0,True,True,0,14,10,14,10,3,PF,sampled_pool,,,False,0.5555555555555556,0.6165391928946847,0.4444444444444444,0.1,adaptive,remove_random_aisle,offspring,random_feasible_start_no_adaptive_spacing,,,,feasible_start_adaptive_spacing,0.5,,True,auto_from_instance,0.75,0.35,"1,7,9,12,17,27,29,35,37,39,47,49,50,52","4,13,16,17,19,20,21,22,28,33",,,,,,"H[1,7,9,12,17,27,29,35,37,39,47,49,50,52]|V[4,13,16,17,19,20,21,22,28,33]",0cf129bcce89e5f8a26de7d155210a53886c00dc
proposed_nsga2_bs_Gyorgy-KOVACS_WH_Narrow_AW_4_seed_102,proposed_nsga2_bs,Gyorgy-KOVACS_WH_Narrow_AW_4,102,9,auto_from_instance,12,18,4,30,216,,,,,11,4,4,root > V:27 > BH:27 > BV:19 > BV:19,selected,1,0.47850877192982455,True,684,260,424,484.0,1.0,1.0,True,True,1,1,0,True,1,1,0,0,True,True,0,14,9,14,9,4,RP,sampled_pool,,,False,0.5555555555555556,0.5545626884286831,0.4444444444444444,0.1,adaptive,insert_random_aisle,offspring,random_feasible_start_no_adaptive_spacing,,,,feasible_start_adaptive_spacing,0.5,,True,auto_from_instance,0.75,0.35,"1,5,7,9,12,17,27,29,35,39,47,49,50,52","16,17,19,20,21,23,24,26,27",,,,,,"H[1,5,7,9,12,17,27,29,35,39,47,49,50,52]|V[16,17,19,20,21,23,24,26,27]",9baad5a6d6d08df213ec54891109e23b1069a9a5
proposed_nsga2_bs_Gyorgy-KOVACS_WH_Narrow_AW_4_seed_102,proposed_nsga2_bs,Gyorgy-KOVACS_WH_Narrow_AW_4,102,9,auto_from_instance,12,18,4,30,216,,,,,12,4,4,root > V:27 > BH:27 > BV:17 > BV:19,selected,1,0.0,True,684,260,424,484.0,1.0,1.0,True,True,1,1,0,True,1,1,0,0,True,True,0,14,9,14,9,4,RP,sampled_pool,,,False,0.5555555555555556,0.5545626884286831,0.4444444444444444,0.1,adaptive,insert_random_aisle,offspring,random_feasible_start_no_adaptive_spacing,,,,feasible_start_adaptive_spacing,0.5,,True,auto_from_instance,0.75,0.35,"1,5,7,9,12,17,27,29,35,39,47,49,50,52","16,17,19,20,21,23,24,26,27",,,,,,"H[1,5,7,9,12,17,27,29,35,39,47,49,50,52]|V[16,17,19,20,21,23,24,26,27]",7ea492661f4a7d780540a41c5bfc758906148e19
proposed_nsga2_bs_Gyorgy-KOVACS_WH_Narrow_AW_4_seed_102,proposed_nsga2_bs,Gyorgy-KOVACS_WH_Narrow_AW_4,102,9,auto_from_instance,12,18,4,30,216,,,,,13,4,4,root > V:27 > BH:27 > BV:19 > BV:17,selected,1,0.0,True,684,260,424,484.0,1.0,1.0,True,True,1,1,0,True,1,1,0,0,True,True,0,14,9,14,9,4,RP,sampled_pool,,,False,0.5555555555555556,0.5545626884286831,0.4444444444444444,0.1,adaptive,insert_random_aisle,offspring,random_feasible_start_no_adaptive_spacing,,,,feasible_start_adaptive_spacing,0.5,,True,auto_from_instance,0.75,0.35,"1,5,7,9,12,17,27,29,35,39,47,49,50,52","16,17,19,20,21,23,24,26,27",,,,,,"H[1,5,7,9,12,17,27,29,35,39,47,49,50,52]|V[16,17,19,20,21,23,24,26,27]",59c55a28d53f47701301421f850890ad1de7d63b
proposed_nsga2_bs_Gyorgy-KOVACS_WH_Narrow_AW_4_seed_102,proposed_nsga2_bs,Gyorgy-KOVACS_WH_Narrow_AW_4,102,9,auto_from_instance,12,18,4,30,216,,,,,14,4,4,root > V:27 > BH:27 > BV:17 > BV:17,selected,1,inf,True,684,260,424,484.0,1.0,1.0,True,True,1,1,0,True,1,1,0,0,True,True,0,14,9,14,9,4,RP,sampled_pool,,,False,0.5555555555555556,0.5545626884286831,0.4444444444444444,0.1,adaptive,insert_random_aisle,offspring,random_feasible_start_no_adaptive_spacing,,,,feasible_start_adaptive_spacing,0.5,,True,auto_from_instance,0.75,0.35,"1,5,7,9,12,17,27,29,35,39,47,49,50,52","16,17,19,20,21,23,24,26,27",,,,,,"H[1,5,7,9,12,17,27,29,35,39,47,49,50,52]|V[16,17,19,20,21,23,24,26,27]",6732d5258a9313035bead181283e041def90bbb2
proposed_nsga2_bs_Gyorgy-KOVACS_WH_Narrow_AW_4_seed_102,proposed_nsga2_bs,Gyorgy-KOVACS_WH_Narrow_AW_4,102,9,auto_from_instance,12,18,4,30,216,,,,,15,10,9,root > V:16 > BH:27 > BH:47 > BH:39 > BH:29 > BH:17 > BH:9 > BV:26 > BV:26,selected,0,inf,True,600,256,344,444.0,1.0,1.0,True,True,1,1,0,True,1,1,0,0,True,True,0,13,9,13,9,10,PF_LS,sampled_pool,,,False,0.5555555555555556,0.5319109154829056,0.4444444444444444,0.1,adaptive,bit_flip,offspring,random_feasible_start_no_adaptive_spacing,,,,feasible_start_adaptive_spacing,0.5,,True,auto_from_instance,0.75,0.35,"1,7,9,12,17,27,29,35,39,47,49,50,52","4,14,16,19,20,21,22,26,27",,,,,,"H[1,7,9,12,17,27,29,35,39,47,49,50,52]|V[4,14,16,19,20,21,22,26,27]",31618e0fa9e7ba38a349d70c4dff96d8a35cbd09
proposed_nsga2_bs_Gyorgy-KOVACS_WH_Narrow_AW_4_seed_102,proposed_nsga2_bs,Gyorgy-KOVACS_WH_Narrow_AW_4,102,9,auto_from_instance,12,18,4,30,216,,,,,16,10,9,root > V:16 > BH:27 > BH:47 > BH:39 > BH:29 > BH:17 > BH:9 > BV:26 > BV:24,selected,1,inf,True,600,256,344,522.0,1.0,1.0,True,True,1,1,0,True,1,1,0,0,True,True,0,13,10,13,10,10,PF_LS,sampled_pool,,,False,0.5555555555555556,0.5319109154829056,0.4444444444444444,0.1,adaptive,bit_flip,offspring,random_feasible_start_no_adaptive_spacing,,,,feasible_start_adaptive_spacing,0.5,,True,auto_from_instance,0.75,0.35,"1,7,9,12,17,27,29,35,39,47,49,50,52","4,14,16,19,20,21,22,26,27",,,,,,"H[1,7,9,12,17,27,29,35,39,47,49,50,52]|V[4,14,16,19,20,21,22,24,26,27]",fa8b3ae6d34a080b7f0477f81e4f7a7c987ebe2e
proposed_nsga2_bs_Gyorgy-KOVACS_WH_Narrow_AW_4_seed_102,proposed_nsga2_bs,Gyorgy-KOVACS_WH_Narrow_AW_4,102,9,auto_from_instance,12,18,4,30,216,,,,,17,10,9,root > V:16 > BH:27 > BH:47 > BH:39 > BH:29 > BH:17 > BH:9 > BV:26 > BV:30,evaluated,2,inf,False,600,248,352,616.0,1.0,1.0,True,True,1,1,0,True,1,1,0,0,True,True,0,13,10,13,10,10,PF_LS,sampled_pool,,,False,0.5555555555555556,0.5319109154829056,0.4444444444444444,0.1,adaptive,bit_flip,offspring,random_feasible_start_no_adaptive_spacing,,,,feasible_start_adaptive_spacing,0.5,,True,auto_from_instance,0.75,0.35,"1,7,9,12,17,27,29,35,39,47,49,50,52","4,14,16,19,20,21,22,26,27",,,,,,"H[1,7,9,12,17,27,29,35,39,47,49,50,52]|V[4,14,16,19,20,21,22,26,27,30]",1806574f87db50fbd619950bace22c101eef624b
proposed_nsga2_bs_Gyorgy-KOVACS_WH_Narrow_AW_4_seed_102,proposed_nsga2_bs,Gyorgy-KOVACS_WH_Narrow_AW_4,102,9,auto_from_instance,12,18,4,30,216,,,,,18,11,8,root > V:16 > BH:27 > BH:49 > BH:41 > BH:29 > BH:17 > BH:9 > BV:26,evaluated,3,inf,False,624,252,372,562.0,1.0,1.0,True,True,1,1,0,True,1,1,0,0,True,True,0,18,8,18,8,11,PF_LS,sampled_pool,,,False,0.5555555555555556,0.504487162457993,0.4444444444444444,0.1,adaptive,spacing_aware_flip,offspring,random_feasible_start_no_adaptive_spacing,,,,feasible_start_adaptive_spacing,0.5,,True,auto_from_instance,0.75,0.35,"1,7,9,12,17,24,27,29,35,37,39,44,47,50,52,56","4,16,17,19,20,24,26,27",,,,,,"H[1,7,9,12,17,24,27,29,35,37,39,41,44,47,49,50,52,56]|V[4,16,17,19,20,24,26,27]",8498d8f1059034f9f144b058e7e18d5585555d05
proposed_nsga2_bs_Gyorgy-KOVACS_WH_Narrow_AW_4_seed_102,proposed_nsga2_bs,Gyorgy-KOVACS_WH_Narrow_AW_4,102,9,auto_from_instance,12,18,4,30,216,,,,,19,11,8,root > V:16 > BH:27 > BH:49 > BH:39 > BH:29 > BH:17 > BH:9 > BV:26,evaluated,2,2.0934570350488193,False,624,252,372,534.0,1.0,1.0,True,True,1,1,0,True,1,1,0,0,True,True,0,17,8,17,8,11,PF_LS,sampled_pool,,,False,0.5555555555555556,0.504487162457993,0.4444444444444444,0.1,adaptive,spacing_aware_flip,offspring,random_feasible_start_no_adaptive_spacing,,,,feasible_start_adaptive_spacing,0.5,,True,auto_from_instance,0.75,0.35,"1,7,9,12,17,24,27,29,35,37,39,44,47,50,52,56","4,16,17,19,20,24,26,27",,,,,,"H[1,7,9,12,17,24,27,29,35,37,39,44,47,49,50,52,56]|V[4,16,17,19,20,24,26,27]",04b9835ae17dcf7a9c8af907330db39e1d2fb2b9
proposed_nsga2_bs_Gyorgy-KOVACS_WH_Narrow_AW_4_seed_102,proposed_nsga2_bs,Gyorgy-KOVACS_WH_Narrow_AW_4,102,9,auto_from_instance,12,18,4,30,216,,,,,20,11,8,root > V:16 > BH:27 > BH:49 > BH:41 > BH:29 > BH:17 > BH:9 > BV:24,evaluated,5,inf,False,624,252,372,666.0,1.0,1.0,True,True,1,1,0,True,1,1,0,0,True,True,0,18,8,18,8,11,PF_LS,sampled_pool,,,False,0.5555555555555556,0.504487162457993,0.4444444444444444,0.1,adaptive,spacing_aware_flip,offspring,random_feasible_start_no_adaptive_spacing,,,,feasible_start_adaptive_spacing,0.5,,True,auto_from_instance,0.75,0.35,"1,7,9,12,17,24,27,29,35,37,39,44,47,50,52,56","4,16,17,19,20,24,26,27",,,,,,"H[1,7,9,12,17,24,27,29,35,37,39,41,44,47,49,50,52,56]|V[4,16,17,19,20,24,26,27]",b03a188135e15721b5fdacc1e2599f0e913cdfd0
proposed_nsga2_bs_Gyorgy-KOVACS_WH_Narrow_AW_4_seed_102,proposed_nsga2_bs,Gyorgy-KOVACS_WH_Narrow_AW_4,102,9,auto_from_instance,12,18,4,30,216,,,,,21,11,8,root > V:16 > BH:27 > BH:49 > BH:39 > BH:29 > BH:17 > BH:9 > BV:24,evaluated,4,inf,False,624,252,372,638.0,1.0,1.0,True,True,1,1,0,True,1,1,0,0,True,True,0,17,8,17,8,11,PF_LS,sampled_pool,,,False,0.5555555555555556,0.504487162457993,0.4444444444444444,0.1,adaptive,spacing_aware_flip,offspring,random_feasible_start_no_adaptive_spacing,,,,feasible_start_adaptive_spacing,0.5,,True,auto_from_instance,0.75,0.35,"1,7,9,12,17,24,27,29,35,37,39,44,47,50,52,56","4,16,17,19,20,24,26,27",,,,,,"H[1,7,9,12,17,24,27,29,35,37,39,44,47,49,50,52,56]|V[4,16,17,19,20,24,26,27]",98cd3db7ad48726674c476a63fd54b9db772e099
proposed_nsga2_bs_Gyorgy-KOVACS_WH_Narrow_AW_4_seed_102,proposed_nsga2_bs,Gyorgy-KOVACS_WH_Narrow_AW_4,102,9,auto_from_instance,12,18,4,30,216,,,,,22,12,8,root > V:17 > BH:27 > BH:49 > BH:41 > BH:29 > BH:17 > BH:9 > BV:27,evaluated,2,inf,False,640,243,397,493.0,1.0,1.0,True,True,1,1,0,True,1,1,0,0,True,True,0,20,11,20,11,12,LS,sampled_pool,,,False,0.5555555555555556,0.550685471534349,0.4444444444444444,0.1,adaptive,swap_segments,offspring,random_feasible_start_no_adaptive_spacing,,,,feasible_start_adaptive_spacing,0.5,,True,auto_from_instance,0.75,0.35,"1,5,12,14,15,17,25,27,29,35,37,39,42,44,47,50,52","4,12,13,16,17,19,20,21,24,26,27",,,,,,"H[1,5,9,12,14,15,17,25,27,29,35,37,39,41,42,44,47,49,50,52]|V[4,12,13,16,17,19,20,21,24,26,27]",6b741b69cafdf845076912c9118d6404ec3124cc
proposed_nsga2_bs_Gyorgy-KOVACS_WH_Narrow_AW_4_seed_102,proposed_nsga2_bs,Gyorgy-KOVACS_WH_Narrow_AW_4,102,9,auto_from_instance,12,18,4,30,216,,,,,23,12,8,root > V:17 > BH:27 > BH:49 > BH:39 > BH:29 > BH:17 > BH:9 > BV:27,selected,1,inf,True,640,243,397,467.0,1.0,1.0,True,True,1,1,0,True,1,1,0,0,True,True,0,19,11,19,11,12,LS,sampled_pool,,,False,0.5555555555555556,0.550685471534349,0.4444444444444444,0.1,adaptive,swap_segments,offspring,random_feasible_start_no_adaptive_spacing,,,,feasible_start_adaptive_spacing,0.5,,True,auto_from_instance,0.75,0.35,"1,5,12,14,15,17,25,27,29,35,37,39,42,44,47,50,52","4,12,13,16,17,19,20,21,24,26,27",,,,,,"H[1,5,9,12,14,15,17,25,27,29,35,37,39,42,44,47,49,50,52]|V[4,12,13,16,17,19,20,21,24,26,27]",c31e5af53b1ab973249c91c35b02a53fe27d43b5
proposed_nsga2_bs_Gyorgy-KOVACS_WH_Narrow_AW_4_seed_102,proposed_nsga2_bs,Gyorgy-KOVACS_WH_Narrow_AW_4,102,9,auto_from_instance,12,18,4,30,216,,,,,24,12,8,root > V:17 > BH:27 > BH:49 > BH:41 > BH:29 > BH:17 > BH:9 > BV:25,evaluated,4,inf,False,640,243,397,565.0,1.0,1.0,True,True,1,1,0,True,1,1,0,0,True,True,0,20,12,20,12,12,LS,sampled_pool,,,False,0.5555555555555556,0.550685471534349,0.4444444444444444,0.1,adaptive,swap_segments,offspring,random_feasible_start_no_adaptive_spacing,,,,feasible_start_adaptive_spacing,0.5,,True,auto_from_instance,0.75,0.35,"1,5,12,14,15,17,25,27,29,35,37,39,42,44,47,50,52","4,12,13,16,17,19,20,21,24,26,27",,,,,,"H[1,5,9,12,14,15,17,25,27,29,35,37,39,41,42,44,47,49,50,52]|V[4,12,13,16,17,19,20,21,24,25,26,27]",39a901559adc49da187861c456901969a94fbc3c
proposed_nsga2_bs_Gyorgy-KOVACS_WH_Narrow_AW_4_seed_102,proposed_nsga2_bs,Gyorgy-KOVACS_WH_Narrow_AW_4,102,9,auto_from_instance,12,18,4,30,216,,,,,25,12,8,root > V:17 > BH:27 > BH:49 > BH:39 > BH:29 > BH:17 > BH:9 > BV:25,evaluated,3,inf,False,640,243,397,539.0,1.0,1.0,True,True,1,1,0,True,1,1,0,0,True,True,0,19,12,19,12,12,LS,sampled_pool,,,False,0.5555555555555556,0.550685471534349,0.4444444444444444,0.1,adaptive,swap_segments,offspring,random_feasible_start_no_adaptive_spacing,,,,feasible_start_adaptive_spacing,0.5,,True,auto_from_instance,0.75,0.35,"1,5,12,14,15,17,25,27,29,35,37,39,42,44,47,50,52","4,12,13,16,17,19,20,21,24,26,27",,,,,,"H[1,5,9,12,14,15,17,25,27,29,35,37,39,42,44,47,49,50,52]|V[4,12,13,16,17,19,20,21,24,25,26,27]",4fcb480805af1c3aff3bd464c714a0dc9bc119e4
proposed_nsga2_bs_Gyorgy-KOVACS_WH_Narrow_AW_4_seed_102,proposed_nsga2_bs,Gyorgy-KOVACS_WH_Narrow_AW_4,102,10,auto_from_instance,12,18,4,30,216,,,,,1,1,8,root > V:16 > BH:27 > BH:5 > BH:15 > BH:25 > BH:37 > BH:47 > BV:26,evaluated,2,1.2104703206398122,False,632,246,386,550.0,1.0,1.0,True,True,1,1,0,True,1,1,0,0,True,True,0,17,7,17,7,1,PF_RP,sampled_pool,,,False,0.6111111111111112,0.6005108764172788,0.38888888888888884,0.1,adaptive,bit_flip,offspring,random_feasible_start_no_adaptive_spacing,,,,feasible_start_adaptive_spacing,0.5,,True,auto_from_instance,0.75,0.35,"1,5,7,9,12,17,27,29,35,39,47,49,50,52","16,17,19,21,22,24",,,,,,"H[1,5,7,9,12,15,17,25,27,29,35,37,39,47,49,50,52]|V[16,17,19,21,22,24,26]",08ee812bc396556b6550be0bd82f9266dcd2fe55
proposed_nsga2_bs_Gyorgy-KOVACS_WH_Narrow_AW_4_seed_102,proposed_nsga2_bs,Gyorgy-KOVACS_WH_Narrow_AW_4,102,10,auto_from_instance,12,18,4,30,216,,,,,2,1,8,root > V:16 > BH:27 > BH:49 > BH:39 > BH:29 > BH:17 > BH:7 > BV:26,evaluated,2,0.9829774745028983,False,632,246,386,550.0,1.0,1.0,True,True,1,1,0,True,1,1,0,0,True,True,0,14,7,14,7,1,PF_RP,sampled_pool,,,False,0.6111111111111112,0.6005108764172788,0.38888888888888884,0.1,adaptive,bit_flip,offspring,random_feasible_start_no_adaptive_spacing,,,,feasible_start_adaptive_spacing,0.5,,True,auto_from_instance,0.75,0.35,"1,5,7,9,12,17,27,29,35,39,47,49,50,52","16,17,19,21,22,24",,,,,,"H[1,5,7,9,12,17,27,29,35,39,47,49,50,52]|V[16,17,19,21,22,24,26]",660d9dab711cc8220a7c4152b9d81284ad744a59
proposed_nsga2_bs_Gyorgy-KOVACS_WH_Narrow_AW_4_seed_102,proposed_nsga2_bs,Gyorgy-KOVACS_WH_Narrow_AW_4,102,10,auto_from_instance,12,18,4,30,216,,,,,3,1,8,root > V:16 > BH:27 > BH:5 > BH:15 > BH:25 > BH:37 > BH:47 > BV:24,evaluated,3,inf,False,632,246,386,628.0,1.0,1.0,True,True,1,1,0,True,1,1,0,0,True,True,0,17,6,17,6,1,PF_RP,sampled_pool,,,False,0.6111111111111112,0.6005108764172788,0.38888888888888884,0.1,adaptive,bit_flip,offspring,random_feasible_start_no_adaptive_spacing,,,,feasible_start_adaptive_spacing,0.5,,True,auto_from_instance,0.75,0.35,"1,5,7,9,12,17,27,29,35,39,47,49,50,52","16,17,19,21,22,24",,,,,,"H[1,5,7,9,12,15,17,25,27,29,35,37,39,47,49,50,52]|V[16,17,19,21,22,24]",fe71932ea9ef92cbca4e0b578f20f6e88be50370
proposed_nsga2_bs_Gyorgy-KOVACS_WH_Narrow_AW_4_seed_102,proposed_nsga2_bs,Gyorgy-KOVACS_WH_Narrow_AW_4,102,10,auto_from_instance,12,18,4,30,216,,,,,4,1,8,root > V:16 > BH:27 > BH:49 > BH:39 > BH:29 > BH:17 > BH:7 > BV:24,evaluated,3,inf,False,632,246,386,628.0,1.0,1.0,True,True,1,1,0,True,1,1,0,0,True,True,0,14,6,14,6,1,PF_RP,sampled_pool,,,False,0.6111111111111112,0.6005108764172788,0.38888888888888884,0.1,adaptive,bit_flip,offspring,random_feasible_start_no_adaptive_spacing,,,,feasible_start_adaptive_spacing,0.5,,True,auto_from_instance,0.75,0.35,"1,5,7,9,12,17,27,29,35,39,47,49,50,52","16,17,19,21,22,24",,,,,,"H[1,5,7,9,12,17,27,29,35,39,47,49,50,52]|V[16,17,19,21,22,24]",9696e3fb0a981a3c866440c46c54987a8cf3ab94
proposed_nsga2_bs_Gyorgy-KOVACS_WH_Narrow_AW_4_seed_102,proposed_nsga2_bs,Gyorgy-KOVACS_WH_Narrow_AW_4,102,10,auto_from_instance,12,18,4,30,216,,,,,5,2,4,root > V:27 > BH:27 > BV:19 > BV:19,selected,1,0.47850877192982455,True,684,260,424,484.0,1.0,1.0,True,True,1,1,0,True,1,1,0,0,True,True,0,15,11,15,11,2,SS,sampled_pool,,,True,0.6111111111111112,0.49991014458745714,0.38888888888888884,0.1,adaptive,insert_random_aisle,offspring,random_feasible_start_no_adaptive_spacing,,,,feasible_start_adaptive_spacing,0.5,,True,auto_from_instance,0.75,0.35,"5,12,19,21,27,29,35,37,39,44,45,47,49,50,52","16,17,19,20,21,23,24,26,27,28,32",,,,,,"H[5,12,19,21,27,29,35,37,39,44,45,47,49,50,52]|V[16,17,19,20,21,23,24,26,27,28,32]",9baad5a6d6d08df213ec54891109e23b1069a9a5
proposed_nsga2_bs_Gyorgy-KOVACS_WH_Narrow_AW_4_seed_102,proposed_nsga2_bs,Gyorgy-KOVACS_WH_Narrow_AW_4,102,10,auto_from_instance,12,18,4,30,216,,,,,6,2,4,root > V:27 > BH:27 > BV:17 > BV:19,selected,1,0.0,True,684,260,424,484.0,1.0,1.0,True,True,1,1,0,True,1,1,0,0,True,True,0,15,11,15,11,2,SS,sampled_pool,,,True,0.6111111111111112,0.49991014458745714,0.38888888888888884,0.1,adaptive,insert_random_aisle,offspring,random_feasible_start_no_adaptive_spacing,,,,feasible_start_adaptive_spacing,0.5,,True,auto_from_instance,0.75,0.35,"5,12,19,21,27,29,35,37,39,44,45,47,49,50,52","16,17,19,20,21,23,24,26,27,28,32",,,,,,"H[5,12,19,21,27,29,35,37,39,44,45,47,49,50,52]|V[16,17,19,20,21,23,24,26,27,28,32]",7ea492661f4a7d780540a41c5bfc758906148e19
proposed_nsga2_bs_Gyorgy-KOVACS_WH_Narrow_AW_4_seed_102,proposed_nsga2_bs,Gyorgy-KOVACS_WH_Narrow_AW_4,102,10,auto_from_instance,12,18,4,30,216,,,,,7,2,4,root > V:27 > BH:27 > BV:19 > BV:17,selected,1,0.0,True,684,260,424,484.0,1.0,1.0,True,True,1,1,0,True,1,1,0,0,True,True,0,15,11,15,11,2,SS,sampled_pool,,,True,0.6111111111111112,0.49991014458745714,0.38888888888888884,0.1,adaptive,insert_random_aisle,offspring,random_feasible_start_no_adaptive_spacing,,,,feasible_start_adaptive_spacing,0.5,,True,auto_from_instance,0.75,0.35,"5,12,19,21,27,29,35,37,39,44,45,47,49,50,52","16,17,19,20,21,23,24,26,27,28,32",,,,,,"H[5,12,19,21,27,29,35,37,39,44,45,47,49,50,52]|V[16,17,19,20,21,23,24,26,27,28,32]",59c55a28d53f47701301421f850890ad1de7d63b
proposed_nsga2_bs_Gyorgy-KOVACS_WH_Narrow_AW_4_seed_102,proposed_nsga2_bs,Gyorgy-KOVACS_WH_Narrow_AW_4,102,10,auto_from_instance,12,18,4,30,216,,,,,8,2,4,root > V:27 > BH:27 > BV:17 > BV:17,selected,1,inf,True,684,260,424,484.0,1.0,1.0,True,True,1,1,0,True,1,1,0,0,True,True,0,15,11,15,11,2,SS,sampled_pool,,,True,0.6111111111111112,0.49991014458745714,0.38888888888888884,0.1,adaptive,insert_random_aisle,offspring,random_feasible_start_no_adaptive_spacing,,,,feasible_start_adaptive_spacing,0.5,,True,auto_from_instance,0.75,0.35,"5,12,19,21,27,29,35,37,39,44,45,47,49,50,52","16,17,19,20,21,23,24,26,27,28,32",,,,,,"H[5,12,19,21,27,29,35,37,39,44,45,47,49,50,52]|V[16,17,19,20,21,23,24,26,27,28,32]",6732d5258a9313035bead181283e041def90bbb2
proposed_nsga2_bs_Gyorgy-KOVACS_WH_Narrow_AW_4_seed_102,proposed_nsga2_bs,Gyorgy-KOVACS_WH_Narrow_AW_4,102,10,auto_from_instance,12,18,4,30,216,,,,,9,3,4,root > V:28 > BH:27 > BV:19 > BV:19,selected,0,inf,True,680,262,418,472.0,1.0,1.0,True,True,1,1,0,True,1,1,0,0,True,True,0,13,9,13,9,3,PF_LS_RP,sampled_pool,,,False,0.6111111111111112,0.6071919041342766,0.38888888888888884,0.1,adaptive,break_symmetry,offspring,random_feasible_start_no_adaptive_spacing,,,,feasible_start_adaptive_spacing,0.5,,True,auto_from_instance,0.75,0.35,"1,5,12,19,21,27,29,35,39,47,49,50,52","16,17,19,20,21,23,24,28,32",,,,,,"H[1,5,12,19,21,27,29,35,39,47,49,50,52]|V[16,17,19,20,21,23,24,28,32]",fc4825140fa5e2560776b4b932f5ef46c1588f36
proposed_nsga2_bs_Gyorgy-KOVACS_WH_Narrow_AW_4_seed_102,proposed_nsga2_bs,Gyorgy-KOVACS_WH_Narrow_AW_4,102,10,auto_from_instance,12,18,4,30,216,,,,,10,3,4,root > V:28 > BH:27 > BV:19 > BV:21,selected,1,inf,True,680,262,418,524.0,1.0,1.0,True,True,1,1,0,True,1,1,0,0,True,True,0,13,9,13,9,3,PF_LS_RP,sampled_pool,,,False,0.6111111111111112,0.6071919041342766,0.38888888888888884,0.1,adaptive,break_symmetry,offspring,random_feasible_start_no_adaptive_spacing,,,,feasible_start_adaptive_spacing,0.5,,True,auto_from_instance,0.75,0.35,"1,5,12,19,21,27,29,35,39,47,49,50,52","16,17,19,20,21,23,24,28,32",,,,,,"H[1,5,12,19,21,27,29,35,39,47,49,50,52]|V[16,17,19,20,21,23,24,28,32]",334779b46d5c288ee3031362a71af20db7b63dd5
proposed_nsga2_bs_Gyorgy-KOVACS_WH_Narrow_AW_4_seed_102,proposed_nsga2_bs,Gyorgy-KOVACS_WH_Narrow_AW_4,102,10,auto_from_instance,12,18,4,30,216,,,,,11,3,4,root > V:28 > BH:27 > BV:19 > BV:21,selected,1,0.0,True,680,262,418,524.0,1.0,1.0,True,True,1,1,0,True,1,1,0,0,True,True,0,13,9,13,9,3,PF_LS_RP,sampled_pool,,,False,0.6111111111111112,0.6071919041342766,0.38888888888888884,0.1,adaptive,break_symmetry,offspring,random_feasible_start_no_adaptive_spacing,,,,feasible_start_adaptive_spacing,0.5,,True,auto_from_instance,0.75,0.35,"1,5,12,19,21,27,29,35,39,47,49,50,52","16,17,19,20,21,23,24,28,32",,,,,,"H[1,5,12,19,21,27,29,35,39,47,49,50,52]|V[16,17,19,20,21,23,24,28,32]",8f2926ac3d427dac9f2e22e7dbb4782d03fe71f9
proposed_nsga2_bs_Gyorgy-KOVACS_WH_Narrow_AW_4_seed_102,proposed_nsga2_bs,Gyorgy-KOVACS_WH_Narrow_AW_4,102,10,auto_from_instance,12,18,4,30,216,,,,,12,3,4,root > V:28 > BH:27 > BV:19 > BV:17,selected,1,inf,True,680,262,418,524.0,1.0,1.0,True,True,1,1,0,True,1,1,0,0,True,True,0,13,9,13,9,3,PF_LS_RP,sampled_pool,,,False,0.6111111111111112,0.6071919041342766,0.38888888888888884,0.1,adaptive,break_symmetry,offspring,random_feasible_start_no_adaptive_spacing,,,,feasible_start_adaptive_spacing,0.5,,True,auto_from_instance,0.75,0.35,"1,5,12,19,21,27,29,35,39,47,49,50,52","16,17,19,20,21,23,24,28,32",,,,,,"H[1,5,12,19,21,27,29,35,39,47,49,50,52]|V[16,17,19,20,21,23,24,28,32]",c3a8d798cccc0ae6137f5d1801f12286f82d75a7
proposed_nsga2_bs_Gyorgy-KOVACS_WH_Narrow_AW_4_seed_102,proposed_nsga2_bs,Gyorgy-KOVACS_WH_Narrow_AW_4,102,10,auto_from_instance,12,18,4,30,216,,,,,13,5,8,root > V:17 > BH:27 > BH:49 > BH:41 > BH:29 > BH:17 > BH:9 > BV:27,evaluated,2,1.7181011079316164,False,640,243,397,493.0,1.0,1.0,True,True,1,1,0,True,1,1,0,0,True,True,0,16,10,16,10,5,PF,sampled_pool,,,False,0.6111111111111112,0.6741957341290522,0.38888888888888884,0.1,adaptive,remove_random_aisle,offspring,random_feasible_start_no_adaptive_spacing,,,,feasible_start_adaptive_spacing,0.5,,True,auto_from_instance,0.75,0.35,"1,7,9,12,17,27,29,35,39,42,44,47,49,50,52","4,13,16,17,19,20,21,24,26,27",,,,,,"H[1,7,9,12,17,27,29,35,39,41,42,44,47,49,50,52]|V[4,13,16,17,19,20,21,24,26,27]",6b741b69cafdf845076912c9118d6404ec3124cc
proposed_nsga2_bs_Gyorgy-KOVACS_WH_Narrow_AW_4_seed_102,proposed_nsga2_bs,Gyorgy-KOVACS_WH_Narrow_AW_4,102,10,auto_from_instance,12,18,4,30,216,,,,,14,5,8,root > V:17 > BH:27 > BH:49 > BH:39 > BH:29 > BH:17 > BH:9 > BV:27,selected,1,inf,True,640,243,397,467.0,1.0,1.0,True,True,1,1,0,True,1,1,0,0,True,True,0,15,10,15,10,5,PF,sampled_pool,,,False,0.6111111111111112,0.6741957341290522,0.38888888888888884,0.1,adaptive,remove_random_aisle,offspring,random_feasible_start_no_adaptive_spacing,,,,feasible_start_adaptive_spacing,0.5,,True,auto_from_instance,0.75,0.35,"1,7,9,12,17,27,29,35,39,42,44,47,49,50,52","4,13,16,17,19,20,21,24,26,27",,,,,,"H[1,7,9,12,17,27,29,35,39,42,44,47,49,50,52]|V[4,13,16,17,19,20,21,24,26,27]",c31e5af53b1ab973249c91c35b02a53fe27d43b5
proposed_nsga2_bs_Gyorgy-KOVACS_WH_Narrow_AW_4_seed_102,proposed_nsga2_bs,Gyorgy-KOVACS_WH_Narrow_AW_4,102,10,auto_from_instance,12,18,4,30,216,,,,,15,5,8,root > V:17 > BH:27 > BH:49 > BH:41 > BH:29 > BH:17 > BH:9 > BV:25,evaluated,4,inf,False,640,243,397,565.0,1.0,1.0,True,True,1,1,0,True,1,1,0,0,True,True,0,16,11,16,11,5,PF,sampled_pool,,,False,0.6111111111111112,0.6741957341290522,0.38888888888888884,0.1,adaptive,remove_random_aisle,offspring,random_feasible_start_no_adaptive_spacing,,,,feasible_start_adaptive_spacing,0.5,,True,auto_from_instance,0.75,0.35,"1,7,9,12,17,27,29,35,39,42,44,47,49,50,52","4,13,16,17,19,20,21,24,26,27",,,,,,"H[1,7,9,12,17,27,29,35,39,41,42,44,47,49,50,52]|V[4,13,16,17,19,20,21,24,25,26,27]",39a901559adc49da187861c456901969a94fbc3c
proposed_nsga2_bs_Gyorgy-KOVACS_WH_Narrow_AW_4_seed_102,proposed_nsga2_bs,Gyorgy-KOVACS_WH_Narrow_AW_4,102,10,auto_from_instance,12,18,4,30,216,,,,,16,5,8,root > V:17 > BH:27 > BH:49 > BH:39 > BH:29 > BH:17 > BH:9 > BV:25,evaluated,3,inf,False,640,243,397,539.0,1.0,1.0,True,True,1,1,0,True,1,1,0,0,True,True,0,15,11,15,11,5,PF,sampled_pool,,,False,0.6111111111111112,0.6741957341290522,0.38888888888888884,0.1,adaptive,remove_random_aisle,offspring,random_feasible_start_no_adaptive_spacing,,,,feasible_start_adaptive_spacing,0.5,,True,auto_from_instance,0.75,0.35,"1,7,9,12,17,27,29,35,39,42,44,47,49,50,52","4,13,16,17,19,20,21,24,26,27",,,,,,"H[1,7,9,12,17,27,29,35,39,42,44,47,49,50,52]|V[4,13,16,17,19,20,21,24,25,26,27]",4fcb480805af1c3aff3bd464c714a0dc9bc119e4
proposed_nsga2_bs_Gyorgy-KOVACS_WH_Narrow_AW_4_seed_102,proposed_nsga2_bs,Gyorgy-KOVACS_WH_Narrow_AW_4,102,10,auto_from_instance,12,18,4,30,216,,,,,17,7,8,root > V:17 > BH:27 > BH:5 > BH:15 > BH:25 > BH:37 > BH:47 > BV:27,selected,2,inf,True,648,237,411,490.0,1.0,1.0,True,True,1,1,0,True,1,1,0,0,True,True,0,17,9,17,9,7,PF_SS,sampled_pool,,,True,0.6111111111111112,0.591490157831525,0.38888888888888884,0.1,adaptive,remove_random_aisle,offspring,random_feasible_start_no_adaptive_spacing,,,,feasible_start_adaptive_spacing,0.5,,True,auto_from_instance,0.75,0.35,"1,7,9,12,17,27,29,35,39,44,47,49,50","4,16,17,19,20,21,22,24",,,,,,"H[1,5,7,9,12,15,17,25,27,29,35,37,39,44,47,49,50]|V[4,16,17,19,20,21,22,24,27]",3ab80a1d8e68880e815ad780c83cfc2449e7f93f
proposed_nsga2_bs_Gyorgy-KOVACS_WH_Narrow_AW_4_seed_102,proposed_nsga2_bs,Gyorgy-KOVACS_WH_Narrow_AW_4,102,10,auto_from_instance,12,18,4,30,216,,,,,18,7,8,root > V:17 > BH:27 > BH:49 > BH:39 > BH:29 > BH:17 > BH:7 > BV:27,evaluated,2,inf,False,648,237,411,490.0,1.0,1.0,True,True,1,1,0,True,1,1,0,0,True,True,0,13,9,13,9,7,PF_SS,sampled_pool,,,True,0.6111111111111112,0.591490157831525,0.38888888888888884,0.1,adaptive,remove_random_aisle,offspring,random_feasible_start_no_adaptive_spacing,,,,feasible_start_adaptive_spacing,0.5,,True,auto_from_instance,0.75,0.35,"1,7,9,12,17,27,29,35,39,44,47,49,50","4,16,17,19,20,21,22,24",,,,,,"H[1,7,9,12,17,27,29,35,39,44,47,49,50]|V[4,16,17,19,20,21,22,24,27]",451b31cd7494c0e29ac39737991e84853f054397
proposed_nsga2_bs_Gyorgy-KOVACS_WH_Narrow_AW_4_seed_102,proposed_nsga2_bs,Gyorgy-KOVACS_WH_Narrow_AW_4,102,10,auto_from_instance,12,18,4,30,216,,,,,19,7,8,root > V:17 > BH:27 > BH:5 > BH:15 > BH:25 > BH:37 > BH:47 > BV:25,evaluated,4,inf,False,648,237,411,544.0,1.0,1.0,True,True,1,1,0,True,1,1,0,0,True,True,0,17,9,17,9,7,PF_SS,sampled_pool,,,True,0.6111111111111112,0.591490157831525,0.38888888888888884,0.1,adaptive,remove_random_aisle,offspring,random_feasible_start_no_adaptive_spacing,,,,feasible_start_adaptive_spacing,0.5,,True,auto_from_instance,0.75,0.35,"1,7,9,12,17,27,29,35,39,44,47,49,50","4,16,17,19,20,21,22,24",,,,,,"H[1,5,7,9,12,15,17,25,27,29,35,37,39,44,47,49,50]|V[4,16,17,19,20,21,22,24,25]",24e93b3467ee5334276be59c5b6e878bb2e06a66
proposed_nsga2_bs_Gyorgy-KOVACS_WH_Narrow_AW_4_seed_102,proposed_nsga2_bs,Gyorgy-KOVACS_WH_Narrow_AW_4,102,10,auto_from_instance,12,18,4,30,216,,,,,20,7,8,root > V:17 > BH:27 > BH:49 > BH:39 > BH:29 > BH:17 > BH:7 > BV:25,evaluated,4,inf,False,648,237,411,544.0,1.0,1.0,True,True,1,1,0,True,1,1,0,0,True,True,0,13,9,13,9,7,PF_SS,sampled_pool,,,True,0.6111111111111112,0.591490157831525,0.38888888888888884,0.1,adaptive,remove_random_aisle,offspring,random_feasible_start_no_adaptive_spacing,,,,feasible_start_adaptive_spacing,0.5,,True,auto_from_instance,0.75,0.35,"1,7,9,12,17,27,29,35,39,44,47,49,50","4,16,17,19,20,21,22,24",,,,,,"H[1,7,9,12,17,27,29,35,39,44,47,49,50]|V[4,16,17,19,20,21,22,24,25]",19631d63ec0204b55a5a6d539d26aaf84a80581d
proposed_nsga2_bs_Gyorgy-KOVACS_WH_Narrow_AW_4_seed_102,proposed_nsga2_bs,Gyorgy-KOVACS_WH_Narrow_AW_4,102,10,auto_from_instance,12,18,4,30,216,,,,,21,11,9,root > V:16 > BH:27 > BH:47 > BH:39 > BH:29 > BH:17 > BH:9 > BV:26 > BV:26,selected,0,inf,True,600,256,344,444.0,1.0,1.0,True,True,1,1,0,True,1,1,0,0,True,True,0,18,8,18,8,11,LS,sampled_pool,,,False,0.6111111111111112,0.5554649804408414,0.38888888888888884,0.1,adaptive,remove_random_aisle,offspring,random_feasible_start_no_adaptive_spacing,,,,feasible_start_adaptive_spacing,0.5,,True,auto_from_instance,0.75,0.35,"1,5,9,12,19,21,27,35,37,39,42,44,47,49,50,52","16,19,20,21,22,24,26,27",,,,,,"H[1,5,9,12,17,19,21,27,29,35,37,39,42,44,47,49,50,52]|V[16,19,20,21,22,24,26,27]",31618e0fa9e7ba38a349d70c4dff96d8a35cbd09
proposed_nsga2_bs_Gyorgy-KOVACS_WH_Narrow_AW_4_seed_102,proposed_nsga2_bs,Gyorgy-KOVACS_WH_Narrow_AW_4,102,10,auto_from_instance,12,18,4,30,216,,,,,22,11,9,root > V:16 > BH:27 > BH:47 > BH:39 > BH:29 > BH:17 > BH:9 > BV:26 > BV:24,selected,1,inf,True,600,256,344,522.0,1.0,1.0,True,True,1,1,0,True,1,1,0,0,True,True,0,18,8,18,8,11,LS,sampled_pool,,,False,0.6111111111111112,0.5554649804408414,0.38888888888888884,0.1,adaptive,remove_random_aisle,offspring,random_feasible_start_no_adaptive_spacing,,,,feasible_start_adaptive_spacing,0.5,,True,auto_from_instance,0.75,0.35,"1,5,9,12,19,21,27,35,37,39,42,44,47,49,50,52","16,19,20,21,22,24,26,27",,,,,,"H[1,5,9,12,17,19,21,27,29,35,37,39,42,44,47,49,50,52]|V[16,19,20,21,22,24,26,27]",fa8b3ae6d34a080b7f0477f81e4f7a7c987ebe2e
proposed_nsga2_bs_Gyorgy-KOVACS_WH_Narrow_AW_4_seed_102,proposed_nsga2_bs,Gyorgy-KOVACS_WH_Narrow_AW_4,102,10,auto_from_instance,12,18,4,30,216,,,,,23,11,9,root > V:16 > BH:27 > BH:47 > BH:39 > BH:29 > BH:17 > BH:9 > BV:26 > BV:30,evaluated,2,inf,False,600,248,352,616.0,1.0,1.0,True,True,1,1,0,True,1,1,0,0,True,True,0,18,9,18,9,11,LS,sampled_pool,,,False,0.6111111111111112,0.5554649804408414,0.38888888888888884,0.1,adaptive,remove_random_aisle,offspring,random_feasible_start_no_adaptive_spacing,,,,feasible_start_adaptive_spacing,0.5,,True,auto_from_instance,0.75,0.35,"1,5,9,12,19,21,27,35,37,39,42,44,47,49,50,52","16,19,20,21,22,24,26,27",,,,,,"H[1,5,9,12,17,19,21,27,29,35,37,39,42,44,47,49,50,52]|V[16,19,20,21,22,24,26,27,30]",1806574f87db50fbd619950bace22c101eef624b
proposed_nsga2_bs_Gyorgy-KOVACS_WH_Narrow_AW_4_seed_102,proposed_nsga2_bs,Gyorgy-KOVACS_WH_Narrow_AW_4,102,11,auto_from_instance,12,18,4,30,216,,,,,1,1,4,root > V:27 > BH:27 > BV:19 > BV:19,selected,1,inf,True,684,260,424,484.0,1.0,1.0,True,True,1,1,0,True,1,1,0,0,True,True,0,14,11,14,11,1,SS_PF_LS,sampled_pool,,,True,0.6666666666666666,0.6852019031265292,0.33333333333333337,0.1,adaptive,remove_random_aisle,offspring,random_feasible_start_no_adaptive_spacing,,,,feasible_start_adaptive_spacing,0.5,,True,auto_from_instance,0.75,0.35,"5,19,21,27,29,35,37,39,44,45,47,49,50,52","16,17,19,20,21,23,24,26,27,28,32",,,,,,"H[5,19,21,27,29,35,37,39,44,45,47,49,50,52]|V[16,17,19,20,21,23,24,26,27,28,32]",9baad5a6d6d08df213ec54891109e23b1069a9a5
proposed_nsga2_bs_Gyorgy-KOVACS_WH_Narrow_AW_4_seed_102,proposed_nsga2_bs,Gyorgy-KOVACS_WH_Narrow_AW_4,102,11,auto_from_instance,12,18,4,30,216,,,,,2,1,4,root > V:27 > BH:27 > BV:17 > BV:19,selected,1,0.0,True,684,260,424,484.0,1.0,1.0,True,True,1,1,0,True,1,1,0,0,True,True,0,14,11,14,11,1,SS_PF_LS,sampled_pool,,,True,0.6666666666666666,0.6852019031265292,0.33333333333333337,0.1,adaptive,remove_random_aisle,offspring,random_feasible_start_no_adaptive_spacing,,,,feasible_start_adaptive_spacing,0.5,,True,auto_from_instance,0.75,0.35,"5,19,21,27,29,35,37,39,44,45,47,49,50,52","16,17,19,20,21,23,24,26,27,28,32",,,,,,"H[5,19,21,27,29,35,37,39,44,45,47,49,50,52]|V[16,17,19,20,21,23,24,26,27,28,32]",7ea492661f4a7d780540a41c5bfc758906148e19
proposed_nsga2_bs_Gyorgy-KOVACS_WH_Narrow_AW_4_seed_102,proposed_nsga2_bs,Gyorgy-KOVACS_WH_Narrow_AW_4,102,11,auto_from_instance,12,18,4,30,216,,,,,3,1,4,root > V:27 > BH:27 > BV:19 > BV:17,selected,1,0.0,True,684,260,424,484.0,1.0,1.0,True,True,1,1,0,True,1,1,0,0,True,True,0,14,11,14,11,1,SS_PF_LS,sampled_pool,,,True,0.6666666666666666,0.6852019031265292,0.33333333333333337,0.1,adaptive,remove_random_aisle,offspring,random_feasible_start_no_adaptive_spacing,,,,feasible_start_adaptive_spacing,0.5,,True,auto_from_instance,0.75,0.35,"5,19,21,27,29,35,37,39,44,45,47,49,50,52","16,17,19,20,21,23,24,26,27,28,32",,,,,,"H[5,19,21,27,29,35,37,39,44,45,47,49,50,52]|V[16,17,19,20,21,23,24,26,27,28,32]",59c55a28d53f47701301421f850890ad1de7d63b
proposed_nsga2_bs_Gyorgy-KOVACS_WH_Narrow_AW_4_seed_102,proposed_nsga2_bs,Gyorgy-KOVACS_WH_Narrow_AW_4,102,11,auto_from_instance,12,18,4,30,216,,,,,4,1,4,root > V:27 > BH:27 > BV:17 > BV:17,selected,1,inf,True,684,260,424,484.0,1.0,1.0,True,True,1,1,0,True,1,1,0,0,True,True,0,14,11,14,11,1,SS_PF_LS,sampled_pool,,,True,0.6666666666666666,0.6852019031265292,0.33333333333333337,0.1,adaptive,remove_random_aisle,offspring,random_feasible_start_no_adaptive_spacing,,,,feasible_start_adaptive_spacing,0.5,,True,auto_from_instance,0.75,0.35,"5,19,21,27,29,35,37,39,44,45,47,49,50,52","16,17,19,20,21,23,24,26,27,28,32",,,,,,"H[5,19,21,27,29,35,37,39,44,45,47,49,50,52]|V[16,17,19,20,21,23,24,26,27,28,32]",6732d5258a9313035bead181283e041def90bbb2
proposed_nsga2_bs_Gyorgy-KOVACS_WH_Narrow_AW_4_seed_102,proposed_nsga2_bs,Gyorgy-KOVACS_WH_Narrow_AW_4,102,11,auto_from_instance,12,18,4,30,216,,,,,5,2,9,root > V:16 > BH:27 > BH:47 > BH:39 > BH:29 > BH:17 > BH:9 > BV:26 > BV:26,selected,0,inf,True,600,256,344,444.0,1.0,1.0,True,True,1,1,0,True,1,1,0,0,True,True,0,18,9,18,9,2,LS_PF,sampled_pool,,,False,0.6666666666666666,0.6378180419528843,0.33333333333333337,0.1,adaptive,spacing_aware_flip,offspring,random_feasible_start_no_adaptive_spacing,,,,feasible_start_adaptive_spacing,0.5,,True,auto_from_instance,0.75,0.35,"1,5,9,12,17,19,21,27,29,35,37,39,42,44,47,49,50,52","5,16,19,20,21,22,24,26,27",,,,,,"H[1,5,9,12,17,19,21,27,29,35,37,39,42,44,47,49,50,52]|V[5,16,19,20,21,22,24,26,27]",31618e0fa9e7ba38a349d70c4dff96d8a35cbd09
proposed_nsga2_bs_Gyorgy-KOVACS_WH_Narrow_AW_4_seed_102,proposed_nsga2_bs,Gyorgy-KOVACS_WH_Narrow_AW_4,102,11,auto_from_instance,12,18,4,30,216,,,,,6,2,9,root > V:16 > BH:27 > BH:47 > BH:39 > BH:29 > BH:17 > BH:9 > BV:26 > BV:24,selected,1,inf,True,600,256,344,522.0,1.0,1.0,True,True,1,1,0,True,1,1,0,0,True,True,0,18,9,18,9,2,LS_PF,sampled_pool,,,False,0.6666666666666666,0.6378180419528843,0.33333333333333337,0.1,adaptive,spacing_aware_flip,offspring,random_feasible_start_no_adaptive_spacing,,,,feasible_start_adaptive_spacing,0.5,,True,auto_from_instance,0.75,0.35,"1,5,9,12,17,19,21,27,29,35,37,39,42,44,47,49,50,52","5,16,19,20,21,22,24,26,27",,,,,,"H[1,5,9,12,17,19,21,27,29,35,37,39,42,44,47,49,50,52]|V[5,16,19,20,21,22,24,26,27]",fa8b3ae6d34a080b7f0477f81e4f7a7c987ebe2e
proposed_nsga2_bs_Gyorgy-KOVACS_WH_Narrow_AW_4_seed_102,proposed_nsga2_bs,Gyorgy-KOVACS_WH_Narrow_AW_4,102,11,auto_from_instance,12,18,4,30,216,,,,,7,2,9,root > V:16 > BH:27 > BH:47 > BH:39 > BH:29 > BH:17 > BH:9 > BV:26 > BV:30,evaluated,2,inf,False,600,248,352,616.0,1.0,1.0,True,True,1,1,0,True,1,1,0,0,True,True,0,18,10,18,10,2,LS_PF,sampled_pool,,,False,0.6666666666666666,0.6378180419528843,0.33333333333333337,0.1,adaptive,spacing_aware_flip,offspring,random_feasible_start_no_adaptive_spacing,,,,feasible_start_adaptive_spacing,0.5,,True,auto_from_instance,0.75,0.35,"1,5,9,12,17,19,21,27,29,35,37,39,42,44,47,49,50,52","5,16,19,20,21,22,24,26,27",,,,,,"H[1,5,9,12,17,19,21,27,29,35,37,39,42,44,47,49,50,52]|V[5,16,19,20,21,22,24,26,27,30]",1806574f87db50fbd619950bace22c101eef624b
proposed_nsga2_bs_Gyorgy-KOVACS_WH_Narrow_AW_4_seed_102,proposed_nsga2_bs,Gyorgy-KOVACS_WH_Narrow_AW_4,102,11,auto_from_instance,12,18,4,30,216,,,,,8,3,4,root > V:28 > BH:27 > BV:21 > BV:21,evaluated,2,inf,False,680,262,418,576.0,1.0,1.0,True,True,1,1,0,True,1,1,0,0,True,True,0,15,11,15,11,3,PF_LS,sampled_pool,,,False,0.6666666666666666,0.6975147358018358,0.33333333333333337,0.1,adaptive,bit_flip,offspring,random_feasible_start_no_adaptive_spacing,,,,feasible_start_adaptive_spacing,0.5,,True,auto_from_instance,0.75,0.35,"5,12,19,21,27,29,35,37,39,44,45,47,49,50,52","16,17,19,20,21,23,24,26,27,28,32",,,,,,"H[5,12,19,21,27,29,35,37,39,44,45,47,49,50,52]|V[16,17,19,20,21,23,24,26,27,28,32]",67a6f4f8f954f77d80a9f7aeff15d9041dc361bd
proposed_nsga2_bs_Gyorgy-KOVACS_WH_Narrow_AW_4_seed_102,proposed_nsga2_bs,Gyorgy-KOVACS_WH_Narrow_AW_4,102,11,auto_from_instance,12,18,4,30,216,,,,,9,3,4,root > V:28 > BH:27 > BV:19 > BV:21,selected,1,inf,True,680,262,418,524.0,1.0,1.0,True,True,1,1,0,True,1,1,0,0,True,True,0,15,11,15,11,3,PF_LS,sampled_pool,,,False,0.6666666666666666,0.6975147358018358,0.33333333333333337,0.1,adaptive,bit_flip,offspring,random_feasible_start_no_adaptive_spacing,,,,feasible_start_adaptive_spacing,0.5,,True,auto_from_instance,0.75,0.35,"5,12,19,21,27,29,35,37,39,44,45,47,49,50,52","16,17,19,20,21,23,24,26,27,28,32",,,,,,"H[5,12,19,21,27,29,35,37,39,44,45,47,49,50,52]|V[16,17,19,20,21,23,24,26,27,28,32]",334779b46d5c288ee3031362a71af20db7b63dd5
proposed_nsga2_bs_Gyorgy-KOVACS_WH_Narrow_AW_4_seed_102,proposed_nsga2_bs,Gyorgy-KOVACS_WH_Narrow_AW_4,102,11,auto_from_instance,12,18,4,30,216,,,,,10,3,4,root > V:28 > BH:27 > BV:17 > BV:21,evaluated,2,inf,False,680,262,418,576.0,1.0,1.0,True,True,1,1,0,True,1,1,0,0,True,True,0,15,11,15,11,3,PF_LS,sampled_pool,,,False,0.6666666666666666,0.6975147358018358,0.33333333333333337,0.1,adaptive,bit_flip,offspring,random_feasible_start_no_adaptive_spacing,,,,feasible_start_adaptive_spacing,0.5,,True,auto_from_instance,0.75,0.35,"5,12,19,21,27,29,35,37,39,44,45,47,49,50,52","16,17,19,20,21,23,24,26,27,28,32",,,,,,"H[5,12,19,21,27,29,35,37,39,44,45,47,49,50,52]|V[16,17,19,20,21,23,24,26,27,28,32]",0cf129bcce89e5f8a26de7d155210a53886c00dc
proposed_nsga2_bs_Gyorgy-KOVACS_WH_Narrow_AW_4_seed_102,proposed_nsga2_bs,Gyorgy-KOVACS_WH_Narrow_AW_4,102,11,auto_from_instance,12,18,4,30,216,,,,,11,3,4,root > V:28 > BH:27 > BV:21 > BV:19,selected,1,0.0,True,680,262,418,524.0,1.0,1.0,True,True,1,1,0,True,1,1,0,0,True,True,0,15,11,15,11,3,PF_LS,sampled_pool,,,False,0.6666666666666666,0.6975147358018358,0.33333333333333337,0.1,adaptive,bit_flip,offspring,random_feasible_start_no_adaptive_spacing,,,,feasible_start_adaptive_spacing,0.5,,True,auto_from_instance,0.75,0.35,"5,12,19,21,27,29,35,37,39,44,45,47,49,50,52","16,17,19,20,21,23,24,26,27,28,32",,,,,,"H[5,12,19,21,27,29,35,37,39,44,45,47,49,50,52]|V[16,17,19,20,21,23,24,26,27,28,32]",8f2926ac3d427dac9f2e22e7dbb4782d03fe71f9
proposed_nsga2_bs_Gyorgy-KOVACS_WH_Narrow_AW_4_seed_102,proposed_nsga2_bs,Gyorgy-KOVACS_WH_Narrow_AW_4,102,11,auto_from_instance,12,18,4,30,216,,,,,12,6,4,root > V:28 > BH:27 > BV:19 > BV:19,selected,0,inf,True,680,262,418,472.0,1.0,1.0,True,True,1,1,0,True,1,1,0,0,True,True,0,14,11,14,11,6,PF_SS_RP,sampled_pool,,,True,0.6666666666666666,0.5677158874259618,0.33333333333333337,0.1,adaptive,bit_flip,offspring,random_feasible_start_no_adaptive_spacing,,,,feasible_start_adaptive_spacing,0.5,,True,auto_from_instance,0.75,0.35,"1,5,12,17,19,21,27,29,35,39,47,49,50,52","12,16,17,19,20,21,23,24,26,28,32",,,,,,"H[1,5,12,17,19,21,27,29,35,39,47,49,50,52]|V[12,16,17,19,20,21,23,24,26,28,32]",fc4825140fa5e2560776b4b932f5ef46c1588f36
proposed_nsga2_bs_Gyorgy-KOVACS_WH_Narrow_AW_4_seed_102,proposed_nsga2_bs,Gyorgy-KOVACS_WH_Narrow_AW_4,102,11,auto_from_instance,12,18,4,30,216,,,,,13,6,4,root > V:28 > BH:27 > BV:19 > BV:17,selected,1,inf,True,680,262,418,524.0,1.0,1.0,True,True,1,1,0,True,1,1,0,0,True,True,0,14,11,14,11,6,PF_SS_RP,sampled_pool,,,True,0.6666666666666666,0.5677158874259618,0.33333333333333337,0.1,adaptive,bit_flip,offspring,random_feasible_start_no_adaptive_spacing,,,,feasible_start_adaptive_spacing,0.5,,True,auto_from_instance,0.75,0.35,"1,5,12,17,19,21,27,29,35,39,47,49,50,52","12,16,17,19,20,21,23,24,26,28,32",,,,,,"H[1,5,12,17,19,21,27,29,35,39,47,49,50,52]|V[12,16,17,19,20,21,23,24,26,28,32]",c3a8d798cccc0ae6137f5d1801f12286f82d75a7
proposed_nsga2_bs_Gyorgy-KOVACS_WH_Narrow_AW_4_seed_102,proposed_nsga2_bs,Gyorgy-KOVACS_WH_Narrow_AW_4,102,11,auto_from_instance,12,18,4,30,216,,,,,14,7,8,root > V:19 > BH:27 > BH:49 > BH:41 > BH:29 > BH:17 > BH:9 > BV:27,evaluated,4,inf,False,672,225,447,567.0,1.0,1.0,True,True,1,1,0,True,1,1,0,0,True,True,0,14,10,14,10,7,PF,sampled_pool,,,False,0.6666666666666666,0.6410111150277978,0.33333333333333337,0.1,adaptive,break_symmetry,offspring,random_feasible_start_no_adaptive_spacing,,,,feasible_start_adaptive_spacing,0.5,,True,auto_from_instance,0.75,0.35,"1,5,12,17,27,29,35,39,47,49,50,52","16,17,19,20,21,24,26,29,32",,,,,,"H[1,5,9,12,17,27,29,35,39,41,47,49,50,52]|V[16,17,19,20,21,24,26,27,29,32]",9e0b0eb9409162b1e05dadbd09ec49006f3878d6
proposed_nsga2_bs_Gyorgy-KOVACS_WH_Narrow_AW_4_seed_102,proposed_nsga2_bs,Gyorgy-KOVACS_WH_Narrow_AW_4,102,11,auto_from_instance,12,18,4,30,216,,,,,15,7,8,root > V:19 > BH:27 > BH:49 > BH:39 > BH:29 > BH:17 > BH:9 > BV:27,evaluated,3,inf,False,672,225,447,545.0,1.0,1.0,True,True,1,1,0,True,1,1,0,0,True,True,0,13,10,13,10,7,PF,sampled_pool,,,False,0.6666666666666666,0.6410111150277978,0.33333333333333337,0.1,adaptive,break_symmetry,offspring,random_feasible_start_no_adaptive_spacing,,,,feasible_start_adaptive_spacing,0.5,,True,auto_from_instance,0.75,0.35,"1,5,12,17,27,29,35,39,47,49,50,52","16,17,19,20,21,24,26,29,32",,,,,,"H[1,5,9,12,17,27,29,35,39,47,49,50,52]|V[16,17,19,20,21,24,26,27,29,32]",38ed06179feab7527070fae54bbde28203baf25b
proposed_nsga2_bs_Gyorgy-KOVACS_WH_Narrow_AW_4_seed_102,proposed_nsga2_bs,Gyorgy-KOVACS_WH_Narrow_AW_4,102,11,auto_from_instance,12,18,4,30,216,,,,,16,7,8,root > V:19 > BH:27 > BH:49 > BH:41 > BH:29 > BH:17 > BH:7 > BV:27,evaluated,6,inf,False,680,219,461,590.0,1.0,1.0,True,True,1,1,0,True,1,1,0,0,True,True,0,14,10,14,10,7,PF,sampled_pool,,,False,0.6666666666666666,0.6410111150277978,0.33333333333333337,0.1,adaptive,break_symmetry,offspring,random_feasible_start_no_adaptive_spacing,,,,feasible_start_adaptive_spacing,0.5,,True,auto_from_instance,0.75,0.35,"1,5,12,17,27,29,35,39,47,49,50,52","16,17,19,20,21,24,26,29,32",,,,,,"H[1,5,7,12,17,27,29,35,39,41,47,49,50,52]|V[16,17,19,20,21,24,26,27,29,32]",6a4bebc41c8972fb17e34f5b3619713b07948536
proposed_nsga2_bs_Gyorgy-KOVACS_WH_Narrow_AW_4_seed_102,proposed_nsga2_bs,Gyorgy-KOVACS_WH_Narrow_AW_4,102,11,auto_from_instance,12,18,4,30,216,,,,,17,7,8,root > V:19 > BH:27 > BH:49 > BH:39 > BH:29 > BH:17 > BH:7 > BV:27,evaluated,5,inf,False,680,219,461,568.0,1.0,1.0,True,True,1,1,0,True,1,1,0,0,True,True,0,13,10,13,10,7,PF,sampled_pool,,,False,0.6666666666666666,0.6410111150277978,0.33333333333333337,0.1,adaptive,break_symmetry,offspring,random_feasible_start_no_adaptive_spacing,,,,feasible_start_adaptive_spacing,0.5,,True,auto_from_instance,0.75,0.35,"1,5,12,17,27,29,35,39,47,49,50,52","16,17,19,20,21,24,26,29,32",,,,,,"H[1,5,7,12,17,27,29,35,39,47,49,50,52]|V[16,17,19,20,21,24,26,27,29,32]",e804ee8e40d619c35bd933154a145af1f8bb0e46
proposed_nsga2_bs_Gyorgy-KOVACS_WH_Narrow_AW_4_seed_102,proposed_nsga2_bs,Gyorgy-KOVACS_WH_Narrow_AW_4,102,11,auto_from_instance,12,18,4,30,216,,,,,18,9,8,root > V:17 > BH:27 > BH:5 > BH:15 > BH:25 > BH:37 > BH:47 > BV:27,selected,1,1.7475,True,648,237,411,490.0,1.0,1.0,True,True,1,1,0,True,1,1,0,0,True,True,0,18,10,18,10,9,PF_RP,sampled_pool,,,False,0.6666666666666666,0.6461291905133931,0.33333333333333337,0.1,adaptive,bit_flip,offspring,random_feasible_start_no_adaptive_spacing,,,,feasible_start_adaptive_spacing,0.5,,True,auto_from_instance,0.75,0.35,"1,5,12,19,21,27,29,35,37,39,44,45,47,49,50,52","16,17,19,20,21,22,24,26,27,34",,,,,,"H[1,5,12,15,19,21,25,27,29,35,37,39,44,45,47,49,50,52]|V[16,17,19,20,21,22,24,26,27,34]",3ab80a1d8e68880e815ad780c83cfc2449e7f93f
proposed_nsga2_bs_Gyorgy-KOVACS_WH_Narrow_AW_4_seed_102,proposed_nsga2_bs,Gyorgy-KOVACS_WH_Narrow_AW_4,102,11,auto_from_instance,12,18,4,30,216,,,,,19,9,8,root > V:17 > BH:27 > BH:49 > BH:39 > BH:29 > BH:17 > BH:7 > BV:27,selected,1,inf,True,648,237,411,490.0,1.0,1.0,True,True,1,1,0,True,1,1,0,0,True,True,0,18,10,18,10,9,PF_RP,sampled_pool,,,False,0.6666666666666666,0.6461291905133931,0.33333333333333337,0.1,adaptive,bit_flip,offspring,random_feasible_start_no_adaptive_spacing,,,,feasible_start_adaptive_spacing,0.5,,True,auto_from_instance,0.75,0.35,"1,5,12,19,21,27,29,35,37,39,44,45,47,49,50,52","16,17,19,20,21,22,24,26,27,34",,,,,,"H[1,5,7,12,17,19,21,27,29,35,37,39,44,45,47,49,50,52]|V[16,17,19,20,21,22,24,26,27,34]",451b31cd7494c0e29ac39737991e84853f054397
proposed_nsga2_bs_Gyorgy-KOVACS_WH_Narrow_AW_4_seed_102,proposed_nsga2_bs,Gyorgy-KOVACS_WH_Narrow_AW_4,102,11,auto_from_instance,12,18,4,30,216,,,,,20,9,8,root > V:17 > BH:27 > BH:5 > BH:15 > BH:25 > BH:37 > BH:47 > BV:25,evaluated,2,inf,False,648,237,411,544.0,1.0,1.0,True,True,1,1,0,True,1,1,0,0,True,True,0,18,11,18,11,9,PF_RP,sampled_pool,,,False,0.6666666666666666,0.6461291905133931,0.33333333333333337,0.1,adaptive,bit_flip,offspring,random_feasible_start_no_adaptive_spacing,,,,feasible_start_adaptive_spacing,0.5,,True,auto_from_instance,0.75,0.35,"1,5,12,19,21,27,29,35,37,39,44,45,47,49,50,52","16,17,19,20,21,22,24,26,27,34",,,,,,"H[1,5,12,15,19,21,25,27,29,35,37,39,44,45,47,49,50,52]|V[16,17,19,20,21,22,24,25,26,27,34]",24e93b3467ee5334276be59c5b6e878bb2e06a66
proposed_nsga2_bs_Gyorgy-KOVACS_WH_Narrow_AW_4_seed_102,proposed_nsga2_bs,Gyorgy-KOVACS_WH_Narrow_AW_4,102,11,auto_from_instance,12,18,4,30,216,,,,,21,9,8,root > V:17 > BH:27 > BH:49 > BH:39 > BH:29 > BH:17 > BH:7 > BV:25,evaluated,2,inf,False,648,237,411,544.0,1.0,1.0,True,True,1,1,0,True,1,1,0,0,True,True,0,18,11,18,11,9,PF_RP,sampled_pool,,,False,0.6666666666666666,0.6461291905133931,0.33333333333333337,0.1,adaptive,bit_flip,offspring,random_feasible_start_no_adaptive_spacing,,,,feasible_start_adaptive_spacing,0.5,,True,auto_from_instance,0.75,0.35,"1,5,12,19,21,27,29,35,37,39,44,45,47,49,50,52","16,17,19,20,21,22,24,26,27,34",,,,,,"H[1,5,7,12,17,19,21,27,29,35,37,39,44,45,47,49,50,52]|V[16,17,19,20,21,22,24,25,26,27,34]",19631d63ec0204b55a5a6d539d26aaf84a80581d
proposed_nsga2_bs_Gyorgy-KOVACS_WH_Narrow_AW_4_seed_102,proposed_nsga2_bs,Gyorgy-KOVACS_WH_Narrow_AW_4,102,12,auto_from_instance,12,18,4,30,216,,,,,1,1,4,root > V:28 > BH:27 > BV:21 > BV:21,evaluated,2,inf,False,680,262,418,576.0,1.0,1.0,True,True,1,1,0,True,1,1,0,0,True,True,0,14,11,14,11,1,LS,sampled_pool,,,False,0.7222222222222222,0.6740555737042073,0.2777777777777778,0.1,adaptive,insert_random_aisle,offspring,random_feasible_start_no_adaptive_spacing,,,,feasible_start_adaptive_spacing,0.5,,True,auto_from_instance,0.75,0.35,"1,5,12,17,19,21,27,29,35,39,47,49,50,52","16,17,18,19,20,21,23,24,26,28,32",,,,,,"H[1,5,12,17,19,21,27,29,35,39,47,49,50,52]|V[16,17,18,19,20,21,23,24,26,28,32]",67a6f4f8f954f77d80a9f7aeff15d9041dc361bd
proposed_nsga2_bs_Gyorgy-KOVACS_WH_Narrow_AW_4_seed_102,proposed_nsga2_bs,Gyorgy-KOVACS_WH_Narrow_AW_4,102,12,auto_from_instance,12,18,4,30,216,,,,,2,1,4,root > V:28 > BH:27 > BV:19 > BV:21,selected,1,inf,True,680,262,418,524.0,1.0,1.0,True,True,1,1,0,True,1,1,0,0,True,True,0,14,11,14,11,1,LS,sampled_pool,,,False,0.7222222222222222,0.6740555737042073,0.2777777777777778,0.1,adaptive,insert_random_aisle,offspring,random_feasible_start_no_adaptive_spacing,,,,feasible_start_adaptive_spacing,0.5,,True,auto_from_instance,0.75,0.35,"1,5,12,17,19,21,27,29,35,39,47,49,50,52","16,17,18,19,20,21,23,24,26,28,32",,,,,,"H[1,5,12,17,19,21,27,29,35,39,47,49,50,52]|V[16,17,18,19,20,21,23,24,26,28,32]",334779b46d5c288ee3031362a71af20db7b63dd5
proposed_nsga2_bs_Gyorgy-KOVACS_WH_Narrow_AW_4_seed_102,proposed_nsga2_bs,Gyorgy-KOVACS_WH_Narrow_AW_4,102,12,auto_from_instance,12,18,4,30,216,,,,,3,1,4,root > V:28 > BH:27 > BV:17 > BV:21,evaluated,2,inf,False,680,262,418,576.0,1.0,1.0,True,True,1,1,0,True,1,1,0,0,True,True,0,14,11,14,11,1,LS,sampled_pool,,,False,0.7222222222222222,0.6740555737042073,0.2777777777777778,0.1,adaptive,insert_random_aisle,offspring,random_feasible_start_no_adaptive_spacing,,,,feasible_start_adaptive_spacing,0.5,,True,auto_from_instance,0.75,0.35,"1,5,12,17,19,21,27,29,35,39,47,49,50,52","16,17,18,19,20,21,23,24,26,28,32",,,,,,"H[1,5,12,17,19,21,27,29,35,39,47,49,50,52]|V[16,17,18,19,20,21,23,24,26,28,32]",0cf129bcce89e5f8a26de7d155210a53886c00dc
proposed_nsga2_bs_Gyorgy-KOVACS_WH_Narrow_AW_4_seed_102,proposed_nsga2_bs,Gyorgy-KOVACS_WH_Narrow_AW_4,102,12,auto_from_instance,12,18,4,30,216,,,,,4,1,4,root > V:28 > BH:27 > BV:21 > BV:19,evaluated,1,0.0,False,680,262,418,524.0,1.0,1.0,True,True,1,1,0,True,1,1,0,0,True,True,0,14,11,14,11,1,LS,sampled_pool,,,False,0.7222222222222222,0.6740555737042073,0.2777777777777778,0.1,adaptive,insert_random_aisle,offspring,random_feasible_start_no_adaptive_spacing,,,,feasible_start_adaptive_spacing,0.5,,True,auto_from_instance,0.75,0.35,"1,5,12,17,19,21,27,29,35,39,47,49,50,52","16,17,18,19,20,21,23,24,26,28,32",,,,,,"H[1,5,12,17,19,21,27,29,35,39,47,49,50,52]|V[16,17,18,19,20,21,23,24,26,28,32]",8f2926ac3d427dac9f2e22e7dbb4782d03fe71f9
proposed_nsga2_bs_Gyorgy-KOVACS_WH_Narrow_AW_4_seed_102,proposed_nsga2_bs,Gyorgy-KOVACS_WH_Narrow_AW_4,102,12,auto_from_instance,12,18,4,30,216,,,,,5,2,4,root > V:27 > BH:27 > BV:19 > BV:19,selected,1,inf,True,684,260,424,484.0,1.0,1.0,True,True,1,1,0,True,1,1,0,0,True,True,0,14,11,14,11,2,SS,sampled_pool,,,True,0.7222222222222222,0.7861867005316385,0.2777777777777778,0.1,adaptive,bit_flip,offspring,random_feasible_start_no_adaptive_spacing,,,,feasible_start_adaptive_spacing,0.5,,True,auto_from_instance,0.75,0.35,"5,19,21,27,29,35,37,39,44,45,47,49,50,52","12,17,19,20,21,23,24,26,27,28,32",,,,,,"H[5,19,21,27,29,35,37,39,44,45,47,49,50,52]|V[12,17,19,20,21,23,24,26,27,28,32]",9baad5a6d6d08df213ec54891109e23b1069a9a5
proposed_nsga2_bs_Gyorgy-KOVACS_WH_Narrow_AW_4_seed_102,proposed_nsga2_bs,Gyorgy-KOVACS_WH_Narrow_AW_4,102,12,auto_from_instance,12,18,4,30,216,,,,,6,2,4,root > V:27 > BH:27 > BV:17 > BV:19,evaluated,1,0.0,False,684,260,424,484.0,1.0,1.0,True,True,1,1,0,True,1,1,0,0,True,True,0,14,11,14,11,2,SS,sampled_pool,,,True,0.7222222222222222,0.7861867005316385,0.2777777777777778,0.1,adaptive,bit_flip,offspring,random_feasible_start_no_adaptive_spacing,,,,feasible_start_adaptive_spacing,0.5,,True,auto_from_instance,0.75,0.35,"5,19,21,27,29,35,37,39,44,45,47,49,50,52","12,17,19,20,21,23,24,26,27,28,32",,,,,,"H[5,19,21,27,29,35,37,39,44,45,47,49,50,52]|V[12,17,19,20,21,23,24,26,27,28,32]",7ea492661f4a7d780540a41c5bfc758906148e19
proposed_nsga2_bs_Gyorgy-KOVACS_WH_Narrow_AW_4_seed_102,proposed_nsga2_bs,Gyorgy-KOVACS_WH_Narrow_AW_4,102,12,auto_from_instance,12,18,4,30,216,,,,,7,2,4,root > V:27 > BH:27 > BV:19 > BV:17,evaluated,1,0.0,False,684,260,424,484.0,1.0,1.0,True,True,1,1,0,True,1,1,0,0,True,True,0,14,11,14,11,2,SS,sampled_pool,,,True,0.7222222222222222,0.7861867005316385,0.2777777777777778,0.1,adaptive,bit_flip,offspring,random_feasible_start_no_adaptive_spacing,,,,feasible_start_adaptive_spacing,0.5,,True,auto_from_instance,0.75,0.35,"5,19,21,27,29,35,37,39,44,45,47,49,50,52","12,17,19,20,21,23,24,26,27,28,32",,,,,,"H[5,19,21,27,29,35,37,39,44,45,47,49,50,52]|V[12,17,19,20,21,23,24,26,27,28,32]",59c55a28d53f47701301421f850890ad1de7d63b
proposed_nsga2_bs_Gyorgy-KOVACS_WH_Narrow_AW_4_seed_102,proposed_nsga2_bs,Gyorgy-KOVACS_WH_Narrow_AW_4,102,12,auto_from_instance,12,18,4,30,216,,,,,8,2,4,root > V:27 > BH:27 > BV:17 > BV:17,selected,1,inf,True,684,260,424,484.0,1.0,1.0,True,True,1,1,0,True,1,1,0,0,True,True,0,14,11,14,11,2,SS,sampled_pool,,,True,0.7222222222222222,0.7861867005316385,0.2777777777777778,0.1,adaptive,bit_flip,offspring,random_feasible_start_no_adaptive_spacing,,,,feasible_start_adaptive_spacing,0.5,,True,auto_from_instance,0.75,0.35,"5,19,21,27,29,35,37,39,44,45,47,49,50,52","12,17,19,20,21,23,24,26,27,28,32",,,,,,"H[5,19,21,27,29,35,37,39,44,45,47,49,50,52]|V[12,17,19,20,21,23,24,26,27,28,32]",6732d5258a9313035bead181283e041def90bbb2
proposed_nsga2_bs_Gyorgy-KOVACS_WH_Narrow_AW_4_seed_102,proposed_nsga2_bs,Gyorgy-KOVACS_WH_Narrow_AW_4,102,12,auto_from_instance,12,18,4,30,216,,,,,9,3,8,root > V:16 > BH:27 > BH:5 > BH:15 > BH:25 > BH:37 > BH:47 > BV:26,selected,0,inf,True,632,246,386,550.0,1.0,1.0,True,True,1,1,0,True,1,1,0,0,True,True,0,20,10,20,10,3,PF_LS_RP,sampled_pool,,,False,0.7222222222222222,0.7447340596628389,0.2777777777777778,0.1,adaptive,spacing_aware_flip,offspring,random_feasible_start_no_adaptive_spacing,,,,feasible_start_adaptive_spacing,0.5,,True,auto_from_instance,0.75,0.35,"1,5,9,12,17,19,21,27,29,35,37,39,42,44,47,49,50,52","5,16,19,20,21,22,24,26,27,32",,,,,,"H[1,5,9,12,15,17,19,21,25,27,29,35,37,39,42,44,47,49,50,52]|V[5,16,19,20,21,22,24,26,27,32]",08ee812bc396556b6550be0bd82f9266dcd2fe55
proposed_nsga2_bs_Gyorgy-KOVACS_WH_Narrow_AW_4_seed_102,proposed_nsga2_bs,Gyorgy-KOVACS_WH_Narrow_AW_4,102,12,auto_from_instance,12,18,4,30,216,,,,,10,3,8,root > V:16 > BH:27 > BH:49 > BH:39 > BH:29 > BH:17 > BH:7 > BV:26,selected,0,inf,True,632,246,386,550.0,1.0,1.0,True,True,1,1,0,True,1,1,0,0,True,True,0,19,10,19,10,3,PF_LS_RP,sampled_pool,,,False,0.7222222222222222,0.7447340596628389,0.2777777777777778,0.1,adaptive,spacing_aware_flip,offspring,random_feasible_start_no_adaptive_spacing,,,,feasible_start_adaptive_spacing,0.5,,True,auto_from_instance,0.75,0.35,"1,5,9,12,17,19,21,27,29,35,37,39,42,44,47,49,50,52","5,16,19,20,21,22,24,26,27,32",,,,,,"H[1,5,7,9,12,17,19,21,27,29,35,37,39,42,44,47,49,50,52]|V[5,16,19,20,21,22,24,26,27,32]",660d9dab711cc8220a7c4152b9d81284ad744a59
proposed_nsga2_bs_Gyorgy-KOVACS_WH_Narrow_AW_4_seed_102,proposed_nsga2_bs,Gyorgy-KOVACS_WH_Narrow_AW_4,102,12,auto_from_instance,12,18,4,30,216,,,,,11,3,8,root > V:16 > BH:27 > BH:5 > BH:15 > BH:25 > BH:37 > BH:47 > BV:24,selected,1,inf,True,632,246,386,628.0,1.0,1.0,True,True,1,1,0,True,1,1,0,0,True,True,0,20,10,20,10,3,PF_LS_RP,sampled_pool,,,False,0.7222222222222222,0.7447340596628389,0.2777777777777778,0.1,adaptive,spacing_aware_flip,offspring,random_feasible_start_no_adaptive_spacing,,,,feasible_start_adaptive_spacing,0.5,,True,auto_from_instance,0.75,0.35,"1,5,9,12,17,19,21,27,29,35,37,39,42,44,47,49,50,52","5,16,19,20,21,22,24,26,27,32",,,,,,"H[1,5,9,12,15,17,19,21,25,27,29,35,37,39,42,44,47,49,50,52]|V[5,16,19,20,21,22,24,26,27,32]",fe71932ea9ef92cbca4e0b578f20f6e88be50370
proposed_nsga2_bs_Gyorgy-KOVACS_WH_Narrow_AW_4_seed_102,proposed_nsga2_bs,Gyorgy-KOVACS_WH_Narrow_AW_4,102,12,auto_from_instance,12,18,4,30,216,,,,,12,3,8,root > V:16 > BH:27 > BH:49 > BH:39 > BH:29 > BH:17 > BH:7 > BV:24,selected,1,inf,True,632,246,386,628.0,1.0,1.0,True,True,1,1,0,True,1,1,0,0,True,True,0,19,10,19,10,3,PF_LS_RP,sampled_pool,,,False,0.7222222222222222,0.7447340596628389,0.2777777777777778,0.1,adaptive,spacing_aware_flip,offspring,random_feasible_start_no_adaptive_spacing,,,,feasible_start_adaptive_spacing,0.5,,True,auto_from_instance,0.75,0.35,"1,5,9,12,17,19,21,27,29,35,37,39,42,44,47,49,50,52","5,16,19,20,21,22,24,26,27,32",,,,,,"H[1,5,7,9,12,17,19,21,27,29,35,37,39,42,44,47,49,50,52]|V[5,16,19,20,21,22,24,26,27,32]",9696e3fb0a981a3c866440c46c54987a8cf3ab94
proposed_nsga2_bs_Gyorgy-KOVACS_WH_Narrow_AW_4_seed_102,proposed_nsga2_bs,Gyorgy-KOVACS_WH_Narrow_AW_4,102,12,auto_from_instance,12,18,4,30,216,,,,,13,4,4,root > V:28 > BH:27 > BV:19 > BV:19,selected,0,inf,True,680,262,418,472.0,1.0,1.0,True,True,1,1,0,True,1,1,0,0,True,True,0,14,10,14,10,4,PF_RP,sampled_pool,,,False,0.7222222222222222,0.7737707615641141,0.2777777777777778,0.1,adaptive,remove_random_aisle,offspring,random_feasible_start_no_adaptive_spacing,,,,feasible_start_adaptive_spacing,0.5,,True,auto_from_instance,0.75,0.35,"1,5,12,17,19,21,27,29,35,39,47,49,50,52","12,16,17,19,20,21,23,24,26,28",,,,,,"H[1,5,12,17,19,21,27,29,35,39,47,49,50,52]|V[12,16,17,19,20,21,23,24,26,28]",fc4825140fa5e2560776b4b932f5ef46c1588f36
proposed_nsga2_bs_Gyorgy-KOVACS_WH_Narrow_AW_4_seed_102,proposed_nsga2_bs,Gyorgy-KOVACS_WH_Narrow_AW_4,102,12,auto_from_instance,12,18,4,30,216,,,,,14,4,4,root > V:28 > BH:27 > BV:19 > BV:17,evaluated,1,0.37678362573099416,False,680,262,418,524.0,1.0,1.0,True,True,1,1,0,True,1,1,0,0,True,True,0,14,10,14,10,4,PF_RP,sampled_pool,,,False,0.7222222222222222,0.7737707615641141,0.2777777777777778,0.1,adaptive,remove_random_aisle,offspring,random_feasible_start_no_adaptive_spacing,,,,feasible_start_adaptive_spacing,0.5,,True,auto_from_instance,0.75,0.35,"1,5,12,17,19,21,27,29,35,39,47,49,50,52","12,16,17,19,20,21,23,24,26,28",,,,,,"H[1,5,12,17,19,21,27,29,35,39,47,49,50,52]|V[12,16,17,19,20,21,23,24,26,28]",c3a8d798cccc0ae6137f5d1801f12286f82d75a7
proposed_nsga2_bs_Gyorgy-KOVACS_WH_Narrow_AW_4_seed_102,proposed_nsga2_bs,Gyorgy-KOVACS_WH_Narrow_AW_4,102,12,auto_from_instance,12,18,4,30,216,,,,,15,7,8,root > V:17 > BH:27 > BH:5 > BH:15 > BH:25 > BH:37 > BH:47 > BV:27,selected,0,1.3720192307692307,True,648,237,411,490.0,1.0,1.0,True,True,1,1,0,True,1,1,0,0,True,True,0,20,11,20,11,7,LS_SS,sampled_pool,,,True,0.7222222222222222,0.745681640936226,0.2777777777777778,0.1,adaptive,break_symmetry,offspring,random_feasible_start_no_adaptive_spacing,,,,feasible_start_adaptive_spacing,0.5,,True,auto_from_instance,0.75,0.35,"1,5,9,12,17,19,21,27,29,35,37,39,42,44,47,49,50,52","5,12,16,17,19,20,21,23,24,25",,,,,,"H[1,5,9,12,15,17,19,21,25,27,29,35,37,39,42,44,47,49,50,52]|V[5,12,16,17,19,20,21,23,24,25,27]",3ab80a1d8e68880e815ad780c83cfc2449e7f93f
proposed_nsga2_bs_Gyorgy-KOVACS_WH_Narrow_AW_4_seed_102,proposed_nsga2_bs,Gyorgy-KOVACS_WH_Narrow_AW_4,102,12,auto_from_instance,12,18,4,30,216,,,,,16,7,8,root > V:17 > BH:27 > BH:49 > BH:39 > BH:29 > BH:17 > BH:7 > BV:27,selected,0,inf,True,648,237,411,490.0,1.0,1.0,True,True,1,1,0,True,1,1,0,0,True,True,0,19,11,19,11,7,LS_SS,sampled_pool,,,True,0.7222222222222222,0.745681640936226,0.2777777777777778,0.1,adaptive,break_symmetry,offspring,random_feasible_start_no_adaptive_spacing,,,,feasible_start_adaptive_spacing,0.5,,True,auto_from_instance,0.75,0.35,"1,5,9,12,17,19,21,27,29,35,37,39,42,44,47,49,50,52","5,12,16,17,19,20,21,23,24,25",,,,,,"H[1,5,7,9,12,17,19,21,27,29,35,37,39,42,44,47,49,50,52]|V[5,12,16,17,19,20,21,23,24,25,27]",451b31cd7494c0e29ac39737991e84853f054397
proposed_nsga2_bs_Gyorgy-KOVACS_WH_Narrow_AW_4_seed_102,proposed_nsga2_bs,Gyorgy-KOVACS_WH_Narrow_AW_4,102,12,auto_from_instance,12,18,4,30,216,,,,,17,7,8,root > V:17 > BH:27 > BH:5 > BH:15 > BH:25 > BH:37 > BH:47 > BV:25,selected,1,1.156783625730994,True,648,237,411,544.0,1.0,1.0,True,True,1,1,0,True,1,1,0,0,True,True,0,20,10,20,10,7,LS_SS,sampled_pool,,,True,0.7222222222222222,0.745681640936226,0.2777777777777778,0.1,adaptive,break_symmetry,offspring,random_feasible_start_no_adaptive_spacing,,,,feasible_start_adaptive_spacing,0.5,,True,auto_from_instance,0.75,0.35,"1,5,9,12,17,19,21,27,29,35,37,39,42,44,47,49,50,52","5,12,16,17,19,20,21,23,24,25",,,,,,"H[1,5,9,12,15,17,19,21,25,27,29,35,37,39,42,44,47,49,50,52]|V[5,12,16,17,19,20,21,23,24,25]",24e93b3467ee5334276be59c5b6e878bb2e06a66
proposed_nsga2_bs_Gyorgy-KOVACS_WH_Narrow_AW_4_seed_102,proposed_nsga2_bs,Gyorgy-KOVACS_WH_Narrow_AW_4,102,12,auto_from_instance,12,18,4,30,216,,,,,18,7,8,root > V:17 > BH:27 > BH:49 > BH:39 > BH:29 > BH:17 > BH:7 > BV:25,selected,1,inf,True,648,237,411,544.0,1.0,1.0,True,True,1,1,0,True,1,1,0,0,True,True,0,19,10,19,10,7,LS_SS,sampled_pool,,,True,0.7222222222222222,0.745681640936226,0.2777777777777778,0.1,adaptive,break_symmetry,offspring,random_feasible_start_no_adaptive_spacing,,,,feasible_start_adaptive_spacing,0.5,,True,auto_from_instance,0.75,0.35,"1,5,9,12,17,19,21,27,29,35,37,39,42,44,47,49,50,52","5,12,16,17,19,20,21,23,24,25",,,,,,"H[1,5,7,9,12,17,19,21,27,29,35,37,39,42,44,47,49,50,52]|V[5,12,16,17,19,20,21,23,24,25]",19631d63ec0204b55a5a6d539d26aaf84a80581d
proposed_nsga2_bs_Gyorgy-KOVACS_WH_Narrow_AW_4_seed_102,proposed_nsga2_bs,Gyorgy-KOVACS_WH_Narrow_AW_4,102,12,auto_from_instance,12,18,4,30,216,,,,,19,12,11,root > V:22 > BH:27 > BH:5 > BH:17 > BH:29 > BH:41 > BH:53 > BV:30 > BV:30 > BV:30 > BV:30,evaluated,3,inf,False,624,172,452,936.0,1.0,1.0,True,True,1,1,0,True,1,1,0,0,True,True,0,19,12,19,12,12,RP_LS,sampled_pool,,,False,0.7222222222222222,0.8181137592754406,0.2777777777777778,0.1,adaptive,swap_segments,offspring,random_feasible_start_no_adaptive_spacing,,,,feasible_start_adaptive_spacing,0.5,,True,auto_from_instance,0.75,0.35,"1,5,12,17,19,21,27,29,35,37,39,42,44,47,49,50,52","5,13,14,15,19,21,22,24,29,32,33",,,,,,"H[1,5,12,17,19,21,27,29,35,37,39,41,42,44,47,49,50,52,53]|V[5,13,14,15,19,21,22,24,29,30,32,33]",1959127c2c0e6b4eb5a186eddda75cf8277c0cd9
proposed_nsga2_bs_Gyorgy-KOVACS_WH_Narrow_AW_4_seed_102,proposed_nsga2_bs,Gyorgy-KOVACS_WH_Narrow_AW_4,102,13,auto_from_instance,12,18,4,30,216,,,,,1,1,8,root > V:17 > BH:27 > BH:5 > BH:15 > BH:25 > BH:37 > BH:47 > BV:27,evaluated,1,0.6500877192982456,False,648,237,411,490.0,1.0,1.0,True,True,1,1,0,True,1,1,0,0,True,True,0,17,10,17,10,1,LS_SS,sampled_pool,,,True,0.7777777777777778,0.7424053862060453,0.2222222222222222,0.1,adaptive,swap_segments,offspring,random_feasible_start_no_adaptive_spacing,,,,feasible_start_adaptive_spacing,0.5,,True,auto_from_instance,0.75,0.35,"1,5,12,16,19,21,27,29,36,39,47,49,50,52","12,16,17,19,20,21,23,24,26",,,,,,"H[1,5,12,15,16,19,21,25,27,29,36,37,39,47,49,50,52]|V[12,16,17,19,20,21,23,24,26,27]",3ab80a1d8e68880e815ad780c83cfc2449e7f93f
proposed_nsga2_bs_Gyorgy-KOVACS_WH_Narrow_AW_4_seed_102,proposed_nsga2_bs,Gyorgy-KOVACS_WH_Narrow_AW_4,102,13,auto_from_instance,12,18,4,30,216,,,,,2,1,8,root > V:17 > BH:27 > BH:49 > BH:39 > BH:29 > BH:17 > BH:7 > BV:27,selected,1,inf,True,648,237,411,490.0,1.0,1.0,True,True,1,1,0,True,1,1,0,0,True,True,0,16,10,16,10,1,LS_SS,sampled_pool,,,True,0.7777777777777778,0.7424053862060453,0.2222222222222222,0.1,adaptive,swap_segments,offspring,random_feasible_start_no_adaptive_spacing,,,,feasible_start_adaptive_spacing,0.5,,True,auto_from_instance,0.75,0.35,"1,5,12,16,19,21,27,29,36,39,47,49,50,52","12,16,17,19,20,21,23,24,26",,,,,,"H[1,5,7,12,16,17,19,21,27,29,36,39,47,49,50,52]|V[12,16,17,19,20,21,23,24,26,27]",451b31cd7494c0e29ac39737991e84853f054397
proposed_nsga2_bs_Gyorgy-KOVACS_WH_Narrow_AW_4_seed_102,proposed_nsga2_bs,Gyorgy-KOVACS_WH_Narrow_AW_4,102,13,auto_from_instance,12,18,4,30,216,,,,,3,1,8,root > V:17 > BH:27 > BH:5 > BH:15 > BH:25 > BH:37 > BH:47 > BV:25,evaluated,3,inf,False,648,237,411,544.0,1.0,1.0,True,True,1,1,0,True,1,1,0,0,True,True,0,17,10,17,10,1,LS_SS,sampled_pool,,,True,0.7777777777777778,0.7424053862060453,0.2222222222222222,0.1,adaptive,swap_segments,offspring,random_feasible_start_no_adaptive_spacing,,,,feasible_start_adaptive_spacing,0.5,,True,auto_from_instance,0.75,0.35,"1,5,12,16,19,21,27,29,36,39,47,49,50,52","12,16,17,19,20,21,23,24,26",,,,,,"H[1,5,12,15,16,19,21,25,27,29,36,37,39,47,49,50,52]|V[12,16,17,19,20,21,23,24,25,26]",24e93b3467ee5334276be59c5b6e878bb2e06a66
proposed_nsga2_bs_Gyorgy-KOVACS_WH_Narrow_AW_4_seed_102,proposed_nsga2_bs,Gyorgy-KOVACS_WH_Narrow_AW_4,102,13,auto_from_instance,12,18,4,30,216,,,,,4,1,8,root > V:17 > BH:27 > BH:49 > BH:39 > BH:29 > BH:17 > BH:7 > BV:25,evaluated,3,inf,False,648,237,411,544.0,1.0,1.0,True,True,1,1,0,True,1,1,0,0,True,True,0,16,10,16,10,1,LS_SS,sampled_pool,,,True,0.7777777777777778,0.7424053862060453,0.2222222222222222,0.1,adaptive,swap_segments,offspring,random_feasible_start_no_adaptive_spacing,,,,feasible_start_adaptive_spacing,0.5,,True,auto_from_instance,0.75,0.35,"1,5,12,16,19,21,27,29,36,39,47,49,50,52","12,16,17,19,20,21,23,24,26",,,,,,"H[1,5,7,12,16,17,19,21,27,29,36,39,47,49,50,52]|V[12,16,17,19,20,21,23,24,25,26]",19631d63ec0204b55a5a6d539d26aaf84a80581d
proposed_nsga2_bs_Gyorgy-KOVACS_WH_Narrow_AW_4_seed_102,proposed_nsga2_bs,Gyorgy-KOVACS_WH_Narrow_AW_4,102,13,auto_from_instance,12,18,4,30,216,,,,,5,2,4,root > V:28 > BH:27 > BV:19 > BV:19,selected,0,inf,True,680,262,418,472.0,1.0,1.0,True,True,1,1,0,True,1,1,0,0,True,True,0,19,11,19,11,2,PF_SS_RP,sampled_pool,,,True,0.7777777777777778,0.7594123700903176,0.2222222222222222,0.1,adaptive,break_symmetry,offspring,random_feasible_start_no_adaptive_spacing,,,,feasible_start_adaptive_spacing,0.5,,True,auto_from_instance,0.75,0.35,"1,5,7,9,12,17,19,21,27,29,35,37,39,42,44,47,49,50,52","5,12,16,17,19,20,22,23,24,25,28",,,,,,"H[1,5,7,9,12,17,19,21,27,29,35,37,39,42,44,47,49,50,52]|V[5,12,16,17,19,20,22,23,24,25,28]",fc4825140fa5e2560776b4b932f5ef46c1588f36
proposed_nsga2_bs_Gyorgy-KOVACS_WH_Narrow_AW_4_seed_102,proposed_nsga2_bs,Gyorgy-KOVACS_WH_Narrow_AW_4,102,13,auto_from_instance,12,18,4,30,216,,,,,6,2,4,root > V:28 > BH:27 > BV:19 > BV:21,selected,1,inf,True,680,262,418,524.0,1.0,1.0,True,True,1,1,0,True,1,1,0,0,True,True,0,19,12,19,12,2,PF_SS_RP,sampled_pool,,,True,0.7777777777777778,0.7594123700903176,0.2222222222222222,0.1,adaptive,break_symmetry,offspring,random_feasible_start_no_adaptive_spacing,,,,feasible_start_adaptive_spacing,0.5,,True,auto_from_instance,0.75,0.35,"1,5,7,9,12,17,19,21,27,29,35,37,39,42,44,47,49,50,52","5,12,16,17,19,20,22,23,24,25,28",,,,,,"H[1,5,7,9,12,17,19,21,27,29,35,37,39,42,44,47,49,50,52]|V[5,12,16,17,19,20,21,22,23,24,25,28]",334779b46d5c288ee3031362a71af20db7b63dd5
proposed_nsga2_bs_Gyorgy-KOVACS_WH_Narrow_AW_4_seed_102,proposed_nsga2_bs,Gyorgy-KOVACS_WH_Narrow_AW_4,102,13,auto_from_instance,12,18,4,30,216,,,,,7,2,4,root > V:28 > BH:27 > BV:19 > BV:21,evaluated,1,0.0,False,680,262,418,524.0,1.0,1.0,True,True,1,1,0,True,1,1,0,0,True,True,0,19,12,19,12,2,PF_SS_RP,sampled_pool,,,True,0.7777777777777778,0.7594123700903176,0.2222222222222222,0.1,adaptive,break_symmetry,offspring,random_feasible_start_no_adaptive_spacing,,,,feasible_start_adaptive_spacing,0.5,,True,auto_from_instance,0.75,0.35,"1,5,7,9,12,17,19,21,27,29,35,37,39,42,44,47,49,50,52","5,12,16,17,19,20,22,23,24,25,28",,,,,,"H[1,5,7,9,12,17,19,21,27,29,35,37,39,42,44,47,49,50,52]|V[5,12,16,17,19,20,21,22,23,24,25,28]",8f2926ac3d427dac9f2e22e7dbb4782d03fe71f9
proposed_nsga2_bs_Gyorgy-KOVACS_WH_Narrow_AW_4_seed_102,proposed_nsga2_bs,Gyorgy-KOVACS_WH_Narrow_AW_4,102,13,auto_from_instance,12,18,4,30,216,,,,,8,2,4,root > V:28 > BH:27 > BV:19 > BV:17,selected,1,0.9601169590643274,True,680,262,418,524.0,1.0,1.0,True,True,1,1,0,True,1,1,0,0,True,True,0,19,11,19,11,2,PF_SS_RP,sampled_pool,,,True,0.7777777777777778,0.7594123700903176,0.2222222222222222,0.1,adaptive,break_symmetry,offspring,random_feasible_start_no_adaptive_spacing,,,,feasible_start_adaptive_spacing,0.5,,True,auto_from_instance,0.75,0.35,"1,5,7,9,12,17,19,21,27,29,35,37,39,42,44,47,49,50,52","5,12,16,17,19,20,22,23,24,25,28",,,,,,"H[1,5,7,9,12,17,19,21,27,29,35,37,39,42,44,47,49,50,52]|V[5,12,16,17,19,20,22,23,24,25,28]",c3a8d798cccc0ae6137f5d1801f12286f82d75a7
proposed_nsga2_bs_Gyorgy-KOVACS_WH_Narrow_AW_4_seed_102,proposed_nsga2_bs,Gyorgy-KOVACS_WH_Narrow_AW_4,102,13,auto_from_instance,12,18,4,30,216,,,,,9,3,8,root > V:16 > BH:27 > BH:5 > BH:15 > BH:25 > BH:37 > BH:47 > BV:26,selected,0,inf,True,632,246,386,550.0,1.0,1.0,True,True,1,1,0,True,1,1,0,0,True,True,0,21,9,21,9,3,LS_SS,sampled_pool,,,True,0.7777777777777778,0.79247109448586,0.2222222222222222,0.1,adaptive,spacing_aware_flip,offspring,random_feasible_start_no_adaptive_spacing,,,,feasible_start_adaptive_spacing,0.5,,True,auto_from_instance,0.75,0.35,"1,5,7,9,12,17,19,21,27,29,35,37,39,44,47,49,50,52,56","16,19,20,21,22,24,26,27,32",,,,,,"H[1,5,7,9,12,15,17,19,21,25,27,29,35,37,39,44,47,49,50,52,56]|V[16,19,20,21,22,24,26,27,32]",08ee812bc396556b6550be0bd82f9266dcd2fe55
proposed_nsga2_bs_Gyorgy-KOVACS_WH_Narrow_AW_4_seed_102,proposed_nsga2_bs,Gyorgy-KOVACS_WH_Narrow_AW_4,102,13,auto_from_instance,12,18,4,30,216,,,,,10,3,8,root > V:16 > BH:27 > BH:49 > BH:39 > BH:29 > BH:17 > BH:7 > BV:26,selected,0,inf,True,632,246,386,550.0,1.0,1.0,True,True,1,1,0,True,1,1,0,0,True,True,0,19,9,19,9,3,LS_SS,sampled_pool,,,True,0.7777777777777778,0.79247109448586,0.2222222222222222,0.1,adaptive,spacing_aware_flip,offspring,random_feasible_start_no_adaptive_spacing,,,,feasible_start_adaptive_spacing,0.5,,True,auto_from_instance,0.75,0.35,"1,5,7,9,12,17,19,21,27,29,35,37,39,44,47,49,50,52,56","16,19,20,21,22,24,26,27,32",,,,,,"H[1,5,7,9,12,17,19,21,27,29,35,37,39,44,47,49,50,52,56]|V[16,19,20,21,22,24,26,27,32]",660d9dab711cc8220a7c4152b9d81284ad744a59
proposed_nsga2_bs_Gyorgy-KOVACS_WH_Narrow_AW_4_seed_102,proposed_nsga2_bs,Gyorgy-KOVACS_WH_Narrow_AW_4,102,13,auto_from_instance,12,18,4,30,216,,,,,11,3,8,root > V:16 > BH:27 > BH:5 > BH:15 > BH:25 > BH:37 > BH:47 > BV:24,selected,1,inf,True,632,246,386,628.0,1.0,1.0,True,True,1,1,0,True,1,1,0,0,True,True,0,21,9,21,9,3,LS_SS,sampled_pool,,,True,0.7777777777777778,0.79247109448586,0.2222222222222222,0.1,adaptive,spacing_aware_flip,offspring,random_feasible_start_no_adaptive_spacing,,,,feasible_start_adaptive_spacing,0.5,,True,auto_from_instance,0.75,0.35,"1,5,7,9,12,17,19,21,27,29,35,37,39,44,47,49,50,52,56","16,19,20,21,22,24,26,27,32",,,,,,"H[1,5,7,9,12,15,17,19,21,25,27,29,35,37,39,44,47,49,50,52,56]|V[16,19,20,21,22,24,26,27,32]",fe71932ea9ef92cbca4e0b578f20f6e88be50370
proposed_nsga2_bs_Gyorgy-KOVACS_WH_Narrow_AW_4_seed_102,proposed_nsga2_bs,Gyorgy-KOVACS_WH_Narrow_AW_4,102,13,auto_from_instance,12,18,4,30,216,,,,,12,3,8,root > V:16 > BH:27 > BH:49 > BH:39 > BH:29 > BH:17 > BH:7 > BV:24,selected,1,inf,True,632,246,386,628.0,1.0,1.0,True,True,1,1,0,True,1,1,0,0,True,True,0,19,9,19,9,3,LS_SS,sampled_pool,,,True,0.7777777777777778,0.79247109448586,0.2222222222222222,0.1,adaptive,spacing_aware_flip,offspring,random_feasible_start_no_adaptive_spacing,,,,feasible_start_adaptive_spacing,0.5,,True,auto_from_instance,0.75,0.35,"1,5,7,9,12,17,19,21,27,29,35,37,39,44,47,49,50,52,56","16,19,20,21,22,24,26,27,32",,,,,,"H[1,5,7,9,12,17,19,21,27,29,35,37,39,44,47,49,50,52,56]|V[16,19,20,21,22,24,26,27,32]",9696e3fb0a981a3c866440c46c54987a8cf3ab94
proposed_nsga2_bs_Gyorgy-KOVACS_WH_Narrow_AW_4_seed_102,proposed_nsga2_bs,Gyorgy-KOVACS_WH_Narrow_AW_4,102,13,auto_from_instance,12,18,4,30,216,,,,,13,4,4,root > V:28 > BH:27 > BV:21 > BV:21,evaluated,2,inf,False,680,262,418,576.0,1.0,1.0,True,True,1,1,0,True,1,1,0,0,True,True,0,16,12,16,12,4,PF,sampled_pool,,,False,0.7777777777777778,0.7599794524867026,0.2222222222222222,0.1,adaptive,insert_random_aisle,offspring,random_feasible_start_no_adaptive_spacing,,,,feasible_start_adaptive_spacing,0.5,,True,auto_from_instance,0.75,0.35,"5,19,21,27,29,34,35,37,39,42,44,45,47,49,50,52","5,12,17,19,20,21,23,24,26,27,28,32",,,,,,"H[5,19,21,27,29,34,35,37,39,42,44,45,47,49,50,52]|V[5,12,17,19,20,21,23,24,26,27,28,32]",67a6f4f8f954f77d80a9f7aeff15d9041dc361bd
proposed_nsga2_bs_Gyorgy-KOVACS_WH_Narrow_AW_4_seed_102,proposed_nsga2_bs,Gyorgy-KOVACS_WH_Narrow_AW_4,102,13,auto_from_instance,12,18,4,30,216,,,,,14,4,4,root > V:28 > BH:27 > BV:17 > BV:21,evaluated,2,inf,False,680,262,418,576.0,1.0,1.0,True,True,1,1,0,True,1,1,0,0,True,True,0,16,12,16,12,4,PF,sampled_pool,,,False,0.7777777777777778,0.7599794524867026,0.2222222222222222,0.1,adaptive,insert_random_aisle,offspring,random_feasible_start_no_adaptive_spacing,,,,feasible_start_adaptive_spacing,0.5,,True,auto_from_instance,0.75,0.35,"5,19,21,27,29,34,35,37,39,42,44,45,47,49,50,52","5,12,17,19,20,21,23,24,26,27,28,32",,,,,,"H[5,19,21,27,29,34,35,37,39,42,44,45,47,49,50,52]|V[5,12,17,19,20,21,23,24,26,27,28,32]",0cf129bcce89e5f8a26de7d155210a53886c00dc
proposed_nsga2_bs_Gyorgy-KOVACS_WH_Narrow_AW_4_seed_102,proposed_nsga2_bs,Gyorgy-KOVACS_WH_Narrow_AW_4,102,13,auto_from_instance,12,18,4,30,216,,,,,15,5,4,root > V:27 > BH:27 > BV:19 > BV:19,selected,1,inf,True,684,260,424,484.0,1.0,1.0,True,True,1,1,0,True,1,1,0,0,True,True,0,19,8,19,8,5,PF_SS_RP,sampled_pool,,,True,0.7777777777777778,0.7096851258840252,0.2222222222222222,0.1,adaptive,remove_random_aisle,offspring,random_feasible_start_no_adaptive_spacing,,,,feasible_start_adaptive_spacing,0.5,,True,auto_from_instance,0.75,0.35,"1,5,7,9,12,17,19,21,27,29,35,37,39,42,44,47,49,50,52","16,19,21,22,24,26,27,32",,,,,,"H[1,5,7,9,12,17,19,21,27,29,35,37,39,42,44,47,49,50,52]|V[16,19,21,22,24,26,27,32]",9baad5a6d6d08df213ec54891109e23b1069a9a5
proposed_nsga2_bs_Gyorgy-KOVACS_WH_Narrow_AW_4_seed_102,proposed_nsga2_bs,Gyorgy-KOVACS_WH_Narrow_AW_4,102,13,auto_from_instance,12,18,4,30,216,,,,,16,5,4,root > V:27 > BH:27 > BV:17 > BV:19,evaluated,1,0.0,False,684,260,424,484.0,1.0,1.0,True,True,1,1,0,True,1,1,0,0,True,True,0,19,9,19,9,5,PF_SS_RP,sampled_pool,,,True,0.7777777777777778,0.7096851258840252,0.2222222222222222,0.1,adaptive,remove_random_aisle,offspring,random_feasible_start_no_adaptive_spacing,,,,feasible_start_adaptive_spacing,0.5,,True,auto_from_instance,0.75,0.35,"1,5,7,9,12,17,19,21,27,29,35,37,39,42,44,47,49,50,52","16,19,21,22,24,26,27,32",,,,,,"H[1,5,7,9,12,17,19,21,27,29,35,37,39,42,44,47,49,50,52]|V[16,17,19,21,22,24,26,27,32]",7ea492661f4a7d780540a41c5bfc758906148e19
proposed_nsga2_bs_Gyorgy-KOVACS_WH_Narrow_AW_4_seed_102,proposed_nsga2_bs,Gyorgy-KOVACS_WH_Narrow_AW_4,102,13,auto_from_instance,12,18,4,30,216,,,,,17,5,4,root > V:27 > BH:27 > BV:19 > BV:17,evaluated,1,0.0,False,684,260,424,484.0,1.0,1.0,True,True,1,1,0,True,1,1,0,0,True,True,0,19,9,19,9,5,PF_SS_RP,sampled_pool,,,True,0.7777777777777778,0.7096851258840252,0.2222222222222222,0.1,adaptive,remove_random_aisle,offspring,random_feasible_start_no_adaptive_spacing,,,,feasible_start_adaptive_spacing,0.5,,True,auto_from_instance,0.75,0.35,"1,5,7,9,12,17,19,21,27,29,35,37,39,42,44,47,49,50,52","16,19,21,22,24,26,27,32",,,,,,"H[1,5,7,9,12,17,19,21,27,29,35,37,39,42,44,47,49,50,52]|V[16,17,19,21,22,24,26,27,32]",59c55a28d53f47701301421f850890ad1de7d63b
proposed_nsga2_bs_Gyorgy-KOVACS_WH_Narrow_AW_4_seed_102,proposed_nsga2_bs,Gyorgy-KOVACS_WH_Narrow_AW_4,102,13,auto_from_instance,12,18,4,30,216,,,,,18,5,4,root > V:27 > BH:27 > BV:17 > BV:17,selected,1,inf,True,684,260,424,484.0,1.0,1.0,True,True,1,1,0,True,1,1,0,0,True,True,0,19,9,19,9,5,PF_SS_RP,sampled_pool,,,True,0.7777777777777778,0.7096851258840252,0.2222222222222222,0.1,adaptive,remove_random_aisle,offspring,random_feasible_start_no_adaptive_spacing,,,,feasible_start_adaptive_spacing,0.5,,True,auto_from_instance,0.75,0.35,"1,5,7,9,12,17,19,21,27,29,35,37,39,42,44,47,49,50,52","16,19,21,22,24,26,27,32",,,,,,"H[1,5,7,9,12,17,19,21,27,29,35,37,39,42,44,47,49,50,52]|V[16,17,19,21,22,24,26,27,32]",6732d5258a9313035bead181283e041def90bbb2
proposed_nsga2_bs_Gyorgy-KOVACS_WH_Narrow_AW_4_seed_102,proposed_nsga2_bs,Gyorgy-KOVACS_WH_Narrow_AW_4,102,13,auto_from_instance,12,18,4,30,216,,,,,19,9,8,root > V:17 > BH:27 > BH:49 > BH:41 > BH:29 > BH:17 > BH:9 > BV:27,selected,1,1.2540058479532163,True,640,243,397,493.0,1.0,1.0,True,True,1,1,0,True,1,1,0,0,True,True,0,17,10,17,10,9,LS_PF,sampled_pool,,,False,0.7777777777777778,0.6720423980469771,0.2222222222222222,0.1,adaptive,break_symmetry,offspring,random_feasible_start_no_adaptive_spacing,,,,feasible_start_adaptive_spacing,0.5,,True,auto_from_instance,0.75,0.35,"5,19,21,27,29,35,37,38,44,45,47,49,50,52","12,16,17,19,20,21,23,24,25",,,,,,"H[5,9,17,19,21,27,29,35,37,38,41,44,45,47,49,50,52]|V[12,16,17,19,20,21,23,24,25,27]",6b741b69cafdf845076912c9118d6404ec3124cc
proposed_nsga2_bs_Gyorgy-KOVACS_WH_Narrow_AW_4_seed_102,proposed_nsga2_bs,Gyorgy-KOVACS_WH_Narrow_AW_4,102,13,auto_from_instance,12,18,4,30,216,,,,,20,9,8,root > V:17 > BH:27 > BH:49 > BH:39 > BH:29 > BH:17 > BH:9 > BV:27,selected,0,inf,True,640,243,397,467.0,1.0,1.0,True,True,1,1,0,True,1,1,0,0,True,True,0,17,10,17,10,9,LS_PF,sampled_pool,,,False,0.7777777777777778,0.6720423980469771,0.2222222222222222,0.1,adaptive,break_symmetry,offspring,random_feasible_start_no_adaptive_spacing,,,,feasible_start_adaptive_spacing,0.5,,True,auto_from_instance,0.75,0.35,"5,19,21,27,29,35,37,38,44,45,47,49,50,52","12,16,17,19,20,21,23,24,25",,,,,,"H[5,9,17,19,21,27,29,35,37,38,39,44,45,47,49,50,52]|V[12,16,17,19,20,21,23,24,25,27]",c31e5af53b1ab973249c91c35b02a53fe27d43b5
proposed_nsga2_bs_Gyorgy-KOVACS_WH_Narrow_AW_4_seed_102,proposed_nsga2_bs,Gyorgy-KOVACS_WH_Narrow_AW_4,102,13,auto_from_instance,12,18,4,30,216,,,,,21,9,8,root > V:17 > BH:27 > BH:49 > BH:41 > BH:29 > BH:17 > BH:9 > BV:25,evaluated,3,inf,False,640,243,397,565.0,1.0,1.0,True,True,1,1,0,True,1,1,0,0,True,True,0,17,9,17,9,9,LS_PF,sampled_pool,,,False,0.7777777777777778,0.6720423980469771,0.2222222222222222,0.1,adaptive,break_symmetry,offspring,random_feasible_start_no_adaptive_spacing,,,,feasible_start_adaptive_spacing,0.5,,True,auto_from_instance,0.75,0.35,"5,19,21,27,29,35,37,38,44,45,47,49,50,52","12,16,17,19,20,21,23,24,25",,,,,,"H[5,9,17,19,21,27,29,35,37,38,41,44,45,47,49,50,52]|V[12,16,17,19,20,21,23,24,25]",39a901559adc49da187861c456901969a94fbc3c
proposed_nsga2_bs_Gyorgy-KOVACS_WH_Narrow_AW_4_seed_102,proposed_nsga2_bs,Gyorgy-KOVACS_WH_Narrow_AW_4,102,13,auto_from_instance,12,18,4,30,216,,,,,22,9,8,root > V:17 > BH:27 > BH:49 > BH:39 > BH:29 > BH:17 > BH:9 > BV:25,evaluated,2,inf,False,640,243,397,539.0,1.0,1.0,True,True,1,1,0,True,1,1,0,0,True,True,0,17,9,17,9,9,LS_PF,sampled_pool,,,False,0.7777777777777778,0.6720423980469771,0.2222222222222222,0.1,adaptive,break_symmetry,offspring,random_feasible_start_no_adaptive_spacing,,,,feasible_start_adaptive_spacing,0.5,,True,auto_from_instance,0.75,0.35,"5,19,21,27,29,35,37,38,44,45,47,49,50,52","12,16,17,19,20,21,23,24,25",,,,,,"H[5,9,17,19,21,27,29,35,37,38,39,44,45,47,49,50,52]|V[12,16,17,19,20,21,23,24,25]",4fcb480805af1c3aff3bd464c714a0dc9bc119e4
proposed_nsga2_bs_Gyorgy-KOVACS_WH_Narrow_AW_4_seed_102,proposed_nsga2_bs,Gyorgy-KOVACS_WH_Narrow_AW_4,102,14,auto_from_instance,12,18,4,30,216,,,,,1,1,4,root > V:27 > BH:27 > BV:19 > BV:19,selected,1,0.47850877192982455,True,684,260,424,484.0,1.0,1.0,True,True,1,1,0,True,1,1,0,0,True,True,0,19,11,19,11,1,RP_LS,sampled_pool,,,False,0.8333333333333334,0.8866097588953015,0.16666666666666663,0.1,adaptive,spacing_aware_flip,offspring,random_feasible_start_no_adaptive_spacing,,,,feasible_start_adaptive_spacing,0.5,,True,auto_from_instance,0.75,0.35,"1,5,7,9,12,17,19,21,27,29,35,37,39,44,47,49,50,52,56","2,12,16,19,20,21,22,24,26,27,32",,,,,,"H[1,5,7,9,12,17,19,21,27,29,35,37,39,44,47,49,50,52,56]|V[2,12,16,19,20,21,22,24,26,27,32]",9baad5a6d6d08df213ec54891109e23b1069a9a5
proposed_nsga2_bs_Gyorgy-KOVACS_WH_Narrow_AW_4_seed_102,proposed_nsga2_bs,Gyorgy-KOVACS_WH_Narrow_AW_4,102,14,auto_from_instance,12,18,4,30,216,,,,,2,1,4,root > V:27 > BH:27 > BV:17 > BV:19,selected,1,0.0,True,684,260,424,484.0,1.0,1.0,True,True,1,1,0,True,1,1,0,0,True,True,0,19,12,19,12,1,RP_LS,sampled_pool,,,False,0.8333333333333334,0.8866097588953015,0.16666666666666663,0.1,adaptive,spacing_aware_flip,offspring,random_feasible_start_no_adaptive_spacing,,,,feasible_start_adaptive_spacing,0.5,,True,auto_from_instance,0.75,0.35,"1,5,7,9,12,17,19,21,27,29,35,37,39,44,47,49,50,52,56","2,12,16,19,20,21,22,24,26,27,32",,,,,,"H[1,5,7,9,12,17,19,21,27,29,35,37,39,44,47,49,50,52,56]|V[2,12,16,17,19,20,21,22,24,26,27,32]",7ea492661f4a7d780540a41c5bfc758906148e19
proposed_nsga2_bs_Gyorgy-KOVACS_WH_Narrow_AW_4_seed_102,proposed_nsga2_bs,Gyorgy-KOVACS_WH_Narrow_AW_4,102,14,auto_from_instance,12,18,4,30,216,,,,,3,1,4,root > V:27 > BH:27 > BV:19 > BV:17,selected,1,0.0,True,684,260,424,484.0,1.0,1.0,True,True,1,1,0,True,1,1,0,0,True,True,0,19,12,19,12,1,RP_LS,sampled_pool,,,False,0.8333333333333334,0.8866097588953015,0.16666666666666663,0.1,adaptive,spacing_aware_flip,offspring,random_feasible_start_no_adaptive_spacing,,,,feasible_start_adaptive_spacing,0.5,,True,auto_from_instance,0.75,0.35,"1,5,7,9,12,17,19,21,27,29,35,37,39,44,47,49,50,52,56","2,12,16,19,20,21,22,24,26,27,32",,,,,,"H[1,5,7,9,12,17,19,21,27,29,35,37,39,44,47,49,50,52,56]|V[2,12,16,17,19,20,21,22,24,26,27,32]",59c55a28d53f47701301421f850890ad1de7d63b
proposed_nsga2_bs_Gyorgy-KOVACS_WH_Narrow_AW_4_seed_102,proposed_nsga2_bs,Gyorgy-KOVACS_WH_Narrow_AW_4,102,14,auto_from_instance,12,18,4,30,216,,,,,4,1,4,root > V:27 > BH:27 > BV:17 > BV:17,selected,1,inf,True,684,260,424,484.0,1.0,1.0,True,True,1,1,0,True,1,1,0,0,True,True,0,19,12,19,12,1,RP_LS,sampled_pool,,,False,0.8333333333333334,0.8866097588953015,0.16666666666666663,0.1,adaptive,spacing_aware_flip,offspring,random_feasible_start_no_adaptive_spacing,,,,feasible_start_adaptive_spacing,0.5,,True,auto_from_instance,0.75,0.35,"1,5,7,9,12,17,19,21,27,29,35,37,39,44,47,49,50,52,56","2,12,16,19,20,21,22,24,26,27,32",,,,,,"H[1,5,7,9,12,17,19,21,27,29,35,37,39,44,47,49,50,52,56]|V[2,12,16,17,19,20,21,22,24,26,27,32]",6732d5258a9313035bead181283e041def90bbb2
proposed_nsga2_bs_Gyorgy-KOVACS_WH_Narrow_AW_4_seed_102,proposed_nsga2_bs,Gyorgy-KOVACS_WH_Narrow_AW_4,102,14,auto_from_instance,12,18,4,30,216,,,,,5,3,8,root > V:16 > BH:27 > BH:5 > BH:15 > BH:25 > BH:37 > BH:47 > BV:26,evaluated,2,1.2104703206398122,False,632,246,386,550.0,1.0,1.0,True,True,1,1,0,True,1,1,0,0,True,True,0,23,9,23,9,3,LS_SS,sampled_pool,,,True,0.8333333333333334,0.8088229395151173,0.16666666666666663,0.1,adaptive,insert_random_aisle,offspring,random_feasible_start_no_adaptive_spacing,,,,feasible_start_adaptive_spacing,0.5,,True,auto_from_instance,0.75,0.35,"1,5,7,9,12,17,19,21,27,29,35,37,38,39,44,45,47,49,50,52,56","16,17,19,21,22,24,26,27,32",,,,,,"H[1,5,7,9,12,15,17,19,21,25,27,29,35,37,38,39,44,45,47,49,50,52,56]|V[16,17,19,21,22,24,26,27,32]",08ee812bc396556b6550be0bd82f9266dcd2fe55
proposed_nsga2_bs_Gyorgy-KOVACS_WH_Narrow_AW_4_seed_102,proposed_nsga2_bs,Gyorgy-KOVACS_WH_Narrow_AW_4,102,14,auto_from_instance,12,18,4,30,216,,,,,6,3,8,root > V:16 > BH:27 > BH:49 > BH:39 > BH:29 > BH:17 > BH:7 > BV:26,evaluated,2,0.9829774745028983,False,632,246,386,550.0,1.0,1.0,True,True,1,1,0,True,1,1,0,0,True,True,0,21,9,21,9,3,LS_SS,sampled_pool,,,True,0.8333333333333334,0.8088229395151173,0.16666666666666663,0.1,adaptive,insert_random_aisle,offspring,random_feasible_start_no_adaptive_spacing,,,,feasible_start_adaptive_spacing,0.5,,True,auto_from_instance,0.75,0.35,"1,5,7,9,12,17,19,21,27,29,35,37,38,39,44,45,47,49,50,52,56","16,17,19,21,22,24,26,27,32",,,,,,"H[1,5,7,9,12,17,19,21,27,29,35,37,38,39,44,45,47,49,50,52,56]|V[16,17,19,21,22,24,26,27,32]",660d9dab711cc8220a7c4152b9d81284ad744a59
proposed_nsga2_bs_Gyorgy-KOVACS_WH_Narrow_AW_4_seed_102,proposed_nsga2_bs,Gyorgy-KOVACS_WH_Narrow_AW_4,102,14,auto_from_instance,12,18,4,30,216,,,,,7,3,8,root > V:16 > BH:27 > BH:5 > BH:15 > BH:25 > BH:37 > BH:47 > BV:24,evaluated,3,inf,False,632,246,386,628.0,1.0,1.0,True,True,1,1,0,True,1,1,0,0,True,True,0,23,9,23,9,3,LS_SS,sampled_pool,,,True,0.8333333333333334,0.8088229395151173,0.16666666666666663,0.1,adaptive,insert_random_aisle,offspring,random_feasible_start_no_adaptive_spacing,,,,feasible_start_adaptive_spacing,0.5,,True,auto_from_instance,0.75,0.35,"1,5,7,9,12,17,19,21,27,29,35,37,38,39,44,45,47,49,50,52,56","16,17,19,21,22,24,26,27,32",,,,,,"H[1,5,7,9,12,15,17,19,21,25,27,29,35,37,38,39,44,45,47,49,50,52,56]|V[16,17,19,21,22,24,26,27,32]",fe71932ea9ef92cbca4e0b578f20f6e88be50370
proposed_nsga2_bs_Gyorgy-KOVACS_WH_Narrow_AW_4_seed_102,proposed_nsga2_bs,Gyorgy-KOVACS_WH_Narrow_AW_4,102,14,auto_from_instance,12,18,4,30,216,,,,,8,3,8,root > V:16 > BH:27 > BH:49 > BH:39 > BH:29 > BH:17 > BH:7 > BV:24,evaluated,3,inf,False,632,246,386,628.0,1.0,1.0,True,True,1,1,0,True,1,1,0,0,True,True,0,21,9,21,9,3,LS_SS,sampled_pool,,,True,0.8333333333333334,0.8088229395151173,0.16666666666666663,0.1,adaptive,insert_random_aisle,offspring,random_feasible_start_no_adaptive_spacing,,,,feasible_start_adaptive_spacing,0.5,,True,auto_from_instance,0.75,0.35,"1,5,7,9,12,17,19,21,27,29,35,37,38,39,44,45,47,49,50,52,56","16,17,19,21,22,24,26,27,32",,,,,,"H[1,5,7,9,12,17,19,21,27,29,35,37,38,39,44,45,47,49,50,52,56]|V[16,17,19,21,22,24,26,27,32]",9696e3fb0a981a3c866440c46c54987a8cf3ab94
proposed_nsga2_bs_Gyorgy-KOVACS_WH_Narrow_AW_4_seed_102,proposed_nsga2_bs,Gyorgy-KOVACS_WH_Narrow_AW_4,102,14,auto_from_instance,12,18,4,30,216,,,,,9,4,8,root > V:17 > BH:27 > BH:5 > BH:15 > BH:25 > BH:37 > BH:47 > BV:27,selected,2,inf,True,648,237,411,490.0,1.0,1.0,True,True,1,1,0,True,1,1,0,0,True,True,0,19,10,19,10,4,PF_LS_RP,sampled_pool,,,False,0.8333333333333334,0.8623615042813616,0.16666666666666663,0.1,adaptive,spacing_aware_flip,offspring,random_feasible_start_no_adaptive_spacing,,,,feasible_start_adaptive_spacing,0.5,,True,auto_from_instance,0.75,0.35,"5,9,13,17,19,21,27,29,35,37,39,42,44,47,49,50,52","12,16,17,19,20,21,23,24,25,27",,,,,,"H[5,9,13,15,17,19,21,25,27,29,35,37,39,42,44,47,49,50,52]|V[12,16,17,19,20,21,23,24,25,27]",3ab80a1d8e68880e815ad780c83cfc2449e7f93f
proposed_nsga2_bs_Gyorgy-KOVACS_WH_Narrow_AW_4_seed_102,proposed_nsga2_bs,Gyorgy-KOVACS_WH_Narrow_AW_4,102,14,auto_from_instance,12,18,4,30,216,,,,,10,4,8,root > V:17 > BH:27 > BH:49 > BH:39 > BH:29 > BH:17 > BH:7 > BV:27,evaluated,2,inf,False,648,237,411,490.0,1.0,1.0,True,True,1,1,0,True,1,1,0,0,True,True,0,18,10,18,10,4,PF_LS_RP,sampled_pool,,,False,0.8333333333333334,0.8623615042813616,0.16666666666666663,0.1,adaptive,spacing_aware_flip,offspring,random_feasible_start_no_adaptive_spacing,,,,feasible_start_adaptive_spacing,0.5,,True,auto_from_instance,0.75,0.35,"5,9,13,17,19,21,27,29,35,37,39,42,44,47,49,50,52","12,16,17,19,20,21,23,24,25,27",,,,,,"H[5,7,9,13,17,19,21,27,29,35,37,39,42,44,47,49,50,52]|V[12,16,17,19,20,21,23,24,25,27]",451b31cd7494c0e29ac39737991e84853f054397
proposed_nsga2_bs_Gyorgy-KOVACS_WH_Narrow_AW_4_seed_102,proposed_nsga2_bs,Gyorgy-KOVACS_WH_Narrow_AW_4,102,14,auto_from_instance,12,18,4,30,216,,,,,11,4,8,root > V:17 > BH:27 > BH:5 > BH:15 > BH:25 > BH:37 > BH:47 > BV:25,evaluated,4,inf,False,648,237,411,544.0,1.0,1.0,True,True,1,1,0,True,1,1,0,0,True,True,0,19,10,19,10,4,PF_LS_RP,sampled_pool,,,False,0.8333333333333334,0.8623615042813616,0.16666666666666663,0.1,adaptive,spacing_aware_flip,offspring,random_feasible_start_no_adaptive_spacing,,,,feasible_start_adaptive_spacing,0.5,,True,auto_from_instance,0.75,0.35,"5,9,13,17,19,21,27,29,35,37,39,42,44,47,49,50,52","12,16,17,19,20,21,23,24,25,27",,,,,,"H[5,9,13,15,17,19,21,25,27,29,35,37,39,42,44,47,49,50,52]|V[12,16,17,19,20,21,23,24,25,27]",24e93b3467ee5334276be59c5b6e878bb2e06a66
proposed_nsga2_bs_Gyorgy-KOVACS_WH_Narrow_AW_4_seed_102,proposed_nsga2_bs,Gyorgy-KOVACS_WH_Narrow_AW_4,102,14,auto_from_instance,12,18,4,30,216,,,,,12,4,8,root > V:17 > BH:27 > BH:49 > BH:39 > BH:29 > BH:17 > BH:7 > BV:25,evaluated,4,inf,False,648,237,411,544.0,1.0,1.0,True,True,1,1,0,True,1,1,0,0,True,True,0,18,10,18,10,4,PF_LS_RP,sampled_pool,,,False,0.8333333333333334,0.8623615042813616,0.16666666666666663,0.1,adaptive,spacing_aware_flip,offspring,random_feasible_start_no_adaptive_spacing,,,,feasible_start_adaptive_spacing,0.5,,True,auto_from_instance,0.75,0.35,"5,9,13,17,19,21,27,29,35,37,39,42,44,47,49,50,52","12,16,17,19,20,21,23,24,25,27",,,,,,"H[5,7,9,13,17,19,21,27,29,35,37,39,42,44,47,49,50,52]|V[12,16,17,19,20,21,23,24,25,27]",19631d63ec0204b55a5a6d539d26aaf84a80581d
proposed_nsga2_bs_Gyorgy-KOVACS_WH_Narrow_AW_4_seed_102,proposed_nsga2_bs,Gyorgy-KOVACS_WH_Narrow_AW_4,102,14,auto_from_instance,12,18,4,30,216,,,,,13,5,4,root > V:28 > BH:27 > BV:19 > BV:19,selected,0,inf,True,680,262,418,472.0,1.0,1.0,True,True,1,1,0,True,1,1,0,0,True,True,0,19,12,19,12,5,PF_RP,sampled_pool,,,False,0.8333333333333334,0.754362969000459,0.16666666666666663,0.1,adaptive,bit_flip,offspring,random_feasible_start_no_adaptive_spacing,,,,feasible_start_adaptive_spacing,0.5,,True,auto_from_instance,0.75,0.35,"1,5,7,9,12,17,19,21,27,29,35,37,39,42,44,47,49,50,52","5,12,15,16,17,19,20,22,23,24,25,28",,,,,,"H[1,5,7,9,12,17,19,21,27,29,35,37,39,42,44,47,49,50,52]|V[5,12,15,16,17,19,20,22,23,24,25,28]",fc4825140fa5e2560776b4b932f5ef46c1588f36
proposed_nsga2_bs_Gyorgy-KOVACS_WH_Narrow_AW_4_seed_102,proposed_nsga2_bs,Gyorgy-KOVACS_WH_Narrow_AW_4,102,14,auto_from_instance,12,18,4,30,216,,,,,14,5,4,root > V:28 > BH:27 > BV:19 > BV:21,selected,1,inf,True,680,262,418,524.0,1.0,1.0,True,True,1,1,0,True,1,1,0,0,True,True,0,19,13,19,13,5,PF_RP,sampled_pool,,,False,0.8333333333333334,0.754362969000459,0.16666666666666663,0.1,adaptive,bit_flip,offspring,random_feasible_start_no_adaptive_spacing,,,,feasible_start_adaptive_spacing,0.5,,True,auto_from_instance,0.75,0.35,"1,5,7,9,12,17,19,21,27,29,35,37,39,42,44,47,49,50,52","5,12,15,16,17,19,20,22,23,24,25,28",,,,,,"H[1,5,7,9,12,17,19,21,27,29,35,37,39,42,44,47,49,50,52]|V[5,12,15,16,17,19,20,21,22,23,24,25,28]",334779b46d5c288ee3031362a71af20db7b63dd5
proposed_nsga2_bs_Gyorgy-KOVACS_WH_Narrow_AW_4_seed_102,proposed_nsga2_bs,Gyorgy-KOVACS_WH_Narrow_AW_4,102,14,auto_from_instance,12,18,4,30,216,,,,,15,5,4,root > V:28 > BH:27 > BV:19 > BV:21,selected,1,0.0,True,680,262,418,524.0,1.0,1.0,True,True,1,1,0,True,1,1,0,0,True,True,0,19,13,19,13,5,PF_RP,sampled_pool,,,False,0.8333333333333334,0.754362969000459,0.16666666666666663,0.1,adaptive,bit_flip,offspring,random_feasible_start_no_adaptive_spacing,,,,feasible_start_adaptive_spacing,0.5,,True,auto_from_instance,0.75,0.35,"1,5,7,9,12,17,19,21,27,29,35,37,39,42,44,47,49,50,52","5,12,15,16,17,19,20,22,23,24,25,28",,,,,,"H[1,5,7,9,12,17,19,21,27,29,35,37,39,42,44,47,49,50,52]|V[5,12,15,16,17,19,20,21,22,23,24,25,28]",8f2926ac3d427dac9f2e22e7dbb4782d03fe71f9
proposed_nsga2_bs_Gyorgy-KOVACS_WH_Narrow_AW_4_seed_102,proposed_nsga2_bs,Gyorgy-KOVACS_WH_Narrow_AW_4,102,14,auto_from_instance,12,18,4,30,216,,,,,16,5,4,root > V:28 > BH:27 > BV:19 > BV:17,selected,1,inf,True,680,262,418,524.0,1.0,1.0,True,True,1,1,0,True,1,1,0,0,True,True,0,19,12,19,12,5,PF_RP,sampled_pool,,,False,0.8333333333333334,0.754362969000459,0.16666666666666663,0.1,adaptive,bit_flip,offspring,random_feasible_start_no_adaptive_spacing,,,,feasible_start_adaptive_spacing,0.5,,True,auto_from_instance,0.75,0.35,"1,5,7,9,12,17,19,21,27,29,35,37,39,42,44,47,49,50,52","5,12,15,16,17,19,20,22,23,24,25,28",,,,,,"H[1,5,7,9,12,17,19,21,27,29,35,37,39,42,44,47,49,50,52]|V[5,12,15,16,17,19,20,22,23,24,25,28]",c3a8d798cccc0ae6137f5d1801f12286f82d75a7
proposed_nsga2_bs_Gyorgy-KOVACS_WH_Narrow_AW_4_seed_102,proposed_nsga2_bs,Gyorgy-KOVACS_WH_Narrow_AW_4,102,14,auto_from_instance,12,18,4,30,216,,,,,17,8,8,root > V:17 > BH:27 > BH:49 > BH:41 > BH:29 > BH:17 > BH:9 > BV:27,evaluated,2,1.7181011079316164,False,640,243,397,493.0,1.0,1.0,True,True,1,1,0,True,1,1,0,0,True,True,0,20,11,20,11,8,LS_PF,sampled_pool,,,False,0.8333333333333334,0.8027823916588189,0.16666666666666663,0.1,adaptive,bit_flip,offspring,random_feasible_start_no_adaptive_spacing,,,,feasible_start_adaptive_spacing,0.5,,True,auto_from_instance,0.75,0.35,"1,2,5,7,9,12,17,19,21,27,29,35,37,39,44,47,49,50,52","5,12,16,17,19,20,21,22,24,26,27",,,,,,"H[1,2,5,7,9,12,17,19,21,27,29,35,37,39,41,44,47,49,50,52]|V[5,12,16,17,19,20,21,22,24,26,27]",6b741b69cafdf845076912c9118d6404ec3124cc
proposed_nsga2_bs_Gyorgy-KOVACS_WH_Narrow_AW_4_seed_102,proposed_nsga2_bs,Gyorgy-KOVACS_WH_Narrow_AW_4,102,14,auto_from_instance,12,18,4,30,216,,,,,18,8,8,root > V:17 > BH:27 > BH:49 > BH:39 > BH:29 > BH:17 > BH:9 > BV:27,selected,1,inf,True,640,243,397,467.0,1.0,1.0,True,True,1,1,0,True,1,1,0,0,True,True,0,19,11,19,11,8,LS_PF,sampled_pool,,,False,0.8333333333333334,0.8027823916588189,0.16666666666666663,0.1,adaptive,bit_flip,offspring,random_feasible_start_no_adaptive_spacing,,,,feasible_start_adaptive_spacing,0.5,,True,auto_from_instance,0.75,0.35,"1,2,5,7,9,12,17,19,21,27,29,35,37,39,44,47,49,50,52","5,12,16,17,19,20,21,22,24,26,27",,,,,,"H[1,2,5,7,9,12,17,19,21,27,29,35,37,39,44,47,49,50,52]|V[5,12,16,17,19,20,21,22,24,26,27]",c31e5af53b1ab973249c91c35b02a53fe27d43b5
proposed_nsga2_bs_Gyorgy-KOVACS_WH_Narrow_AW_4_seed_102,proposed_nsga2_bs,Gyorgy-KOVACS_WH_Narrow_AW_4,102,14,auto_from_instance,12,18,4,30,216,,,,,19,8,8,root > V:17 > BH:27 > BH:49 > BH:41 > BH:29 > BH:17 > BH:9 > BV:25,evaluated,4,inf,False,640,243,397,565.0,1.0,1.0,True,True,1,1,0,True,1,1,0,0,True,True,0,20,12,20,12,8,LS_PF,sampled_pool,,,False,0.8333333333333334,0.8027823916588189,0.16666666666666663,0.1,adaptive,bit_flip,offspring,random_feasible_start_no_adaptive_spacing,,,,feasible_start_adaptive_spacing,0.5,,True,auto_from_instance,0.75,0.35,"1,2,5,7,9,12,17,19,21,27,29,35,37,39,44,47,49,50,52","5,12,16,17,19,20,21,22,24,26,27",,,,,,"H[1,2,5,7,9,12,17,19,21,27,29,35,37,39,41,44,47,49,50,52]|V[5,12,16,17,19,20,21,22,24,25,26,27]",39a901559adc49da187861c456901969a94fbc3c
proposed_nsga2_bs_Gyorgy-KOVACS_WH_Narrow_AW_4_seed_102,proposed_nsga2_bs,Gyorgy-KOVACS_WH_Narrow_AW_4,102,14,auto_from_instance,12,18,4,30,216,,,,,20,8,8,root > V:17 > BH:27 > BH:49 > BH:39 > BH:29 > BH:17 > BH:9 > BV:25,evaluated,3,inf,False,640,243,397,539.0,1.0,1.0,True,True,1,1,0,True,1,1,0,0,True,True,0,19,12,19,12,8,LS_PF,sampled_pool,,,False,0.8333333333333334,0.8027823916588189,0.16666666666666663,0.1,adaptive,bit_flip,offspring,random_feasible_start_no_adaptive_spacing,,,,feasible_start_adaptive_spacing,0.5,,True,auto_from_instance,0.75,0.35,"1,2,5,7,9,12,17,19,21,27,29,35,37,39,44,47,49,50,52","5,12,16,17,19,20,21,22,24,26,27",,,,,,"H[1,2,5,7,9,12,17,19,21,27,29,35,37,39,44,47,49,50,52]|V[5,12,16,17,19,20,21,22,24,25,26,27]",4fcb480805af1c3aff3bd464c714a0dc9bc119e4
proposed_nsga2_bs_Gyorgy-KOVACS_WH_Narrow_AW_4_seed_102,proposed_nsga2_bs,Gyorgy-KOVACS_WH_Narrow_AW_4,102,14,auto_from_instance,12,18,4,30,216,,,,,21,10,9,root > V:16 > BH:27 > BH:47 > BH:39 > BH:29 > BH:17 > BH:9 > BV:26 > BV:26,selected,0,inf,True,600,256,344,444.0,1.0,1.0,True,True,1,1,0,True,1,1,0,0,True,True,0,20,11,20,11,10,LS_PF,sampled_pool,,,False,0.8333333333333334,0.877349999503251,0.16666666666666663,0.1,adaptive,bit_flip,offspring,random_feasible_start_no_adaptive_spacing,,,,feasible_start_adaptive_spacing,0.5,,True,auto_from_instance,0.75,0.35,"1,5,7,9,12,15,17,19,21,27,29,35,37,39,44,47,49,50,52,56","2,12,16,19,20,21,22,24,26,27,32",,,,,,"H[1,5,7,9,12,15,17,19,21,27,29,35,37,39,44,47,49,50,52,56]|V[2,12,16,19,20,21,22,24,26,27,32]",31618e0fa9e7ba38a349d70c4dff96d8a35cbd09
proposed_nsga2_bs_Gyorgy-KOVACS_WH_Narrow_AW_4_seed_102,proposed_nsga2_bs,Gyorgy-KOVACS_WH_Narrow_AW_4,102,14,auto_from_instance,12,18,4,30,216,,,,,22,10,9,root > V:16 > BH:27 > BH:47 > BH:39 > BH:29 > BH:17 > BH:9 > BV:26 > BV:24,selected,1,inf,True,600,256,344,522.0,1.0,1.0,True,True,1,1,0,True,1,1,0,0,True,True,0,20,11,20,11,10,LS_PF,sampled_pool,,,False,0.8333333333333334,0.877349999503251,0.16666666666666663,0.1,adaptive,bit_flip,offspring,random_feasible_start_no_adaptive_spacing,,,,feasible_start_adaptive_spacing,0.5,,True,auto_from_instance,0.75,0.35,"1,5,7,9,12,15,17,19,21,27,29,35,37,39,44,47,49,50,52,56","2,12,16,19,20,21,22,24,26,27,32",,,,,,"H[1,5,7,9,12,15,17,19,21,27,29,35,37,39,44,47,49,50,52,56]|V[2,12,16,19,20,21,22,24,26,27,32]",fa8b3ae6d34a080b7f0477f81e4f7a7c987ebe2e
proposed_nsga2_bs_Gyorgy-KOVACS_WH_Narrow_AW_4_seed_102,proposed_nsga2_bs,Gyorgy-KOVACS_WH_Narrow_AW_4,102,14,auto_from_instance,12,18,4,30,216,,,,,23,10,9,root > V:16 > BH:27 > BH:47 > BH:39 > BH:29 > BH:17 > BH:9 > BV:26 > BV:30,evaluated,2,inf,False,600,248,352,616.0,1.0,1.0,True,True,1,1,0,True,1,1,0,0,True,True,0,20,12,20,12,10,LS_PF,sampled_pool,,,False,0.8333333333333334,0.877349999503251,0.16666666666666663,0.1,adaptive,bit_flip,offspring,random_feasible_start_no_adaptive_spacing,,,,feasible_start_adaptive_spacing,0.5,,True,auto_from_instance,0.75,0.35,"1,5,7,9,12,15,17,19,21,27,29,35,37,39,44,47,49,50,52,56","2,12,16,19,20,21,22,24,26,27,32",,,,,,"H[1,5,7,9,12,15,17,19,21,27,29,35,37,39,44,47,49,50,52,56]|V[2,12,16,19,20,21,22,24,26,27,30,32]",1806574f87db50fbd619950bace22c101eef624b
proposed_nsga2_bs_Gyorgy-KOVACS_WH_Narrow_AW_4_seed_102,proposed_nsga2_bs,Gyorgy-KOVACS_WH_Narrow_AW_4,102,15,auto_from_instance,12,18,4,30,216,,,,,1,1,4,root > V:27 > BH:27 > BV:19 > BV:19,selected,1,inf,True,684,260,424,484.0,1.0,1.0,True,True,1,1,0,True,1,1,0,0,True,True,0,18,12,18,12,1,RP,sampled_pool,,,False,0.8888888888888888,0.8456510653349689,0.11111111111111116,0.1,adaptive,break_symmetry,offspring,random_feasible_start_no_adaptive_spacing,,,,feasible_start_adaptive_spacing,0.5,,True,auto_from_instance,0.75,0.35,"1,5,7,9,12,17,19,21,27,29,35,37,39,44,47,49,50,52","5,11,15,16,17,19,20,21,22,24,26,27",,,,,,"H[1,5,7,9,12,17,19,21,27,29,35,37,39,44,47,49,50,52]|V[5,11,15,16,17,19,20,21,22,24,26,27]",9baad5a6d6d08df213ec54891109e23b1069a9a5
proposed_nsga2_bs_Gyorgy-KOVACS_WH_Narrow_AW_4_seed_102,proposed_nsga2_bs,Gyorgy-KOVACS_WH_Narrow_AW_4,102,15,auto_from_instance,12,18,4,30,216,,,,,2,1,4,root > V:27 > BH:27 > BV:17 > BV:19,evaluated,1,0.0,False,684,260,424,484.0,1.0,1.0,True,True,1,1,0,True,1,1,0,0,True,True,0,18,12,18,12,1,RP,sampled_pool,,,False,0.8888888888888888,0.8456510653349689,0.11111111111111116,0.1,adaptive,break_symmetry,offspring,random_feasible_start_no_adaptive_spacing,,,,feasible_start_adaptive_spacing,0.5,,True,auto_from_instance,0.75,0.35,"1,5,7,9,12,17,19,21,27,29,35,37,39,44,47,49,50,52","5,11,15,16,17,19,20,21,22,24,26,27",,,,,,"H[1,5,7,9,12,17,19,21,27,29,35,37,39,44,47,49,50,52]|V[5,11,15,16,17,19,20,21,22,24,26,27]",7ea492661f4a7d780540a41c5bfc758906148e19
proposed_nsga2_bs_Gyorgy-KOVACS_WH_Narrow_AW_4_seed_102,proposed_nsga2_bs,Gyorgy-KOVACS_WH_Narrow_AW_4,102,15,auto_from_instance,12,18,4,30,216,,,,,3,1,4,root > V:27 > BH:27 > BV:19 > BV:17,evaluated,1,0.0,False,684,260,424,484.0,1.0,1.0,True,True,1,1,0,True,1,1,0,0,True,True,0,18,12,18,12,1,RP,sampled_pool,,,False,0.8888888888888888,0.8456510653349689,0.11111111111111116,0.1,adaptive,break_symmetry,offspring,random_feasible_start_no_adaptive_spacing,,,,feasible_start_adaptive_spacing,0.5,,True,auto_from_instance,0.75,0.35,"1,5,7,9,12,17,19,21,27,29,35,37,39,44,47,49,50,52","5,11,15,16,17,19,20,21,22,24,26,27",,,,,,"H[1,5,7,9,12,17,19,21,27,29,35,37,39,44,47,49,50,52]|V[5,11,15,16,17,19,20,21,22,24,26,27]",59c55a28d53f47701301421f850890ad1de7d63b
proposed_nsga2_bs_Gyorgy-KOVACS_WH_Narrow_AW_4_seed_102,proposed_nsga2_bs,Gyorgy-KOVACS_WH_Narrow_AW_4,102,15,auto_from_instance,12,18,4,30,216,,,,,4,1,4,root > V:27 > BH:27 > BV:17 > BV:17,selected,1,inf,True,684,260,424,484.0,1.0,1.0,True,True,1,1,0,True,1,1,0,0,True,True,0,18,12,18,12,1,RP,sampled_pool,,,False,0.8888888888888888,0.8456510653349689,0.11111111111111116,0.1,adaptive,break_symmetry,offspring,random_feasible_start_no_adaptive_spacing,,,,feasible_start_adaptive_spacing,0.5,,True,auto_from_instance,0.75,0.35,"1,5,7,9,12,17,19,21,27,29,35,37,39,44,47,49,50,52","5,11,15,16,17,19,20,21,22,24,26,27",,,,,,"H[1,5,7,9,12,17,19,21,27,29,35,37,39,44,47,49,50,52]|V[5,11,15,16,17,19,20,21,22,24,26,27]",6732d5258a9313035bead181283e041def90bbb2
proposed_nsga2_bs_Gyorgy-KOVACS_WH_Narrow_AW_4_seed_102,proposed_nsga2_bs,Gyorgy-KOVACS_WH_Narrow_AW_4,102,15,auto_from_instance,12,18,4,30,216,,,,,5,2,4,root > V:28 > BH:27 > BV:19 > BV:19,selected,0,inf,True,680,262,418,472.0,1.0,1.0,True,True,1,1,0,True,1,1,0,0,True,True,0,19,12,19,12,2,RP,sampled_pool,,,False,0.8888888888888888,0.9041943702626154,0.11111111111111116,0.1,adaptive,remove_random_aisle,offspring,random_feasible_start_no_adaptive_spacing,,,,feasible_start_adaptive_spacing,0.5,,True,auto_from_instance,0.75,0.35,"1,5,7,9,12,19,21,27,29,35,37,39,42,44,47,49,50,52,56","2,12,16,17,19,20,22,23,24,25,28,32",,,,,,"H[1,5,7,9,12,19,21,27,29,35,37,39,42,44,47,49,50,52,56]|V[2,12,16,17,19,20,22,23,24,25,28,32]",fc4825140fa5e2560776b4b932f5ef46c1588f36
proposed_nsga2_bs_Gyorgy-KOVACS_WH_Narrow_AW_4_seed_102,proposed_nsga2_bs,Gyorgy-KOVACS_WH_Narrow_AW_4,102,15,auto_from_instance,12,18,4,30,216,,,,,6,2,4,root > V:28 > BH:27 > BV:19 > BV:21,selected,1,inf,True,680,262,418,524.0,1.0,1.0,True,True,1,1,0,True,1,1,0,0,True,True,0,19,13,19,13,2,RP,sampled_pool,,,False,0.8888888888888888,0.9041943702626154,0.11111111111111116,0.1,adaptive,remove_random_aisle,offspring,random_feasible_start_no_adaptive_spacing,,,,feasible_start_adaptive_spacing,0.5,,True,auto_from_instance,0.75,0.35,"1,5,7,9,12,19,21,27,29,35,37,39,42,44,47,49,50,52,56","2,12,16,17,19,20,22,23,24,25,28,32",,,,,,"H[1,5,7,9,12,19,21,27,29,35,37,39,42,44,47,49,50,52,56]|V[2,12,16,17,19,20,21,22,23,24,25,28,32]",334779b46d5c288ee3031362a71af20db7b63dd5
proposed_nsga2_bs_Gyorgy-KOVACS_WH_Narrow_AW_4_seed_102,proposed_nsga2_bs,Gyorgy-KOVACS_WH_Narrow_AW_4,102,15,auto_from_instance,12,18,4,30,216,,,,,7,2,4,root > V:28 > BH:27 > BV:19 > BV:21,evaluated,1,0.0,False,680,262,418,524.0,1.0,1.0,True,True,1,1,0,True,1,1,0,0,True,True,0,19,13,19,13,2,RP,sampled_pool,,,False,0.8888888888888888,0.9041943702626154,0.11111111111111116,0.1,adaptive,remove_random_aisle,offspring,random_feasible_start_no_adaptive_spacing,,,,feasible_start_adaptive_spacing,0.5,,True,auto_from_instance,0.75,0.35,"1,5,7,9,12,19,21,27,29,35,37,39,42,44,47,49,50,52,56","2,12,16,17,19,20,22,23,24,25,28,32",,,,,,"H[1,5,7,9,12,19,21,27,29,35,37,39,42,44,47,49,50,52,56]|V[2,12,16,17,19,20,21,22,23,24,25,28,32]",8f2926ac3d427dac9f2e22e7dbb4782d03fe71f9
proposed_nsga2_bs_Gyorgy-KOVACS_WH_Narrow_AW_4_seed_102,proposed_nsga2_bs,Gyorgy-KOVACS_WH_Narrow_AW_4,102,15,auto_from_instance,12,18,4,30,216,,,,,8,2,4,root > V:28 > BH:27 > BV:19 > BV:17,evaluated,1,0.37678362573099416,False,680,262,418,524.0,1.0,1.0,True,True,1,1,0,True,1,1,0,0,True,True,0,19,12,19,12,2,RP,sampled_pool,,,False,0.8888888888888888,0.9041943702626154,0.11111111111111116,0.1,adaptive,remove_random_aisle,offspring,random_feasible_start_no_adaptive_spacing,,,,feasible_start_adaptive_spacing,0.5,,True,auto_from_instance,0.75,0.35,"1,5,7,9,12,19,21,27,29,35,37,39,42,44,47,49,50,52,56","2,12,16,17,19,20,22,23,24,25,28,32",,,,,,"H[1,5,7,9,12,19,21,27,29,35,37,39,42,44,47,49,50,52,56]|V[2,12,16,17,19,20,22,23,24,25,28,32]",c3a8d798cccc0ae6137f5d1801f12286f82d75a7
proposed_nsga2_bs_Gyorgy-KOVACS_WH_Narrow_AW_4_seed_102,proposed_nsga2_bs,Gyorgy-KOVACS_WH_Narrow_AW_4,102,15,auto_from_instance,12,18,4,30,216,,,,,9,5,8,root > V:17 > BH:27 > BH:5 > BH:15 > BH:25 > BH:37 > BH:47 > BV:27,selected,0,1.3720192307692307,True,648,237,411,490.0,1.0,1.0,True,True,1,1,0,True,1,1,0,0,True,True,0,21,13,21,13,5,LS_SS,sampled_pool,,,True,0.8888888888888888,0.9484068406851938,0.11111111111111116,0.1,adaptive,break_symmetry,offspring,random_feasible_start_no_adaptive_spacing,,,,feasible_start_adaptive_spacing,0.5,,True,auto_from_instance,0.75,0.35,"1,5,7,9,12,17,19,21,27,29,35,37,39,42,44,47,49,50,52","5,12,15,16,17,18,20,21,22,24,26,27,32",,,,,,"H[1,5,7,9,12,15,17,19,21,25,27,29,35,37,39,42,44,47,49,50,52]|V[5,12,15,16,17,18,20,21,22,24,26,27,32]",3ab80a1d8e68880e815ad780c83cfc2449e7f93f
proposed_nsga2_bs_Gyorgy-KOVACS_WH_Narrow_AW_4_seed_102,proposed_nsga2_bs,Gyorgy-KOVACS_WH_Narrow_AW_4,102,15,auto_from_instance,12,18,4,30,216,,,,,10,5,8,root > V:17 > BH:27 > BH:49 > BH:39 > BH:29 > BH:17 > BH:7 > BV:27,selected,0,inf,True,648,237,411,490.0,1.0,1.0,True,True,1,1,0,True,1,1,0,0,True,True,0,19,13,19,13,5,LS_SS,sampled_pool,,,True,0.8888888888888888,0.9484068406851938,0.11111111111111116,0.1,adaptive,break_symmetry,offspring,random_feasible_start_no_adaptive_spacing,,,,feasible_start_adaptive_spacing,0.5,,True,auto_from_instance,0.75,0.35,"1,5,7,9,12,17,19,21,27,29,35,37,39,42,44,47,49,50,52","5,12,15,16,17,18,20,21,22,24,26,27,32",,,,,,"H[1,5,7,9,12,17,19,21,27,29,35,37,39,42,44,47,49,50,52]|V[5,12,15,16,17,18,20,21,22,24,26,27,32]",451b31cd7494c0e29ac39737991e84853f054397
proposed_nsga2_bs_Gyorgy-KOVACS_WH_Narrow_AW_4_seed_102,proposed_nsga2_bs,Gyorgy-KOVACS_WH_Narrow_AW_4,102,15,auto_from_instance,12,18,4,30,216,,,,,11,5,8,root > V:17 > BH:27 > BH:5 > BH:15 > BH:25 > BH:37 > BH:47 > BV:25,selected,1,1.156783625730994,True,648,237,411,544.0,1.0,1.0,True,True,1,1,0,True,1,1,0,0,True,True,0,21,14,21,14,5,LS_SS,sampled_pool,,,True,0.8888888888888888,0.9484068406851938,0.11111111111111116,0.1,adaptive,break_symmetry,offspring,random_feasible_start_no_adaptive_spacing,,,,feasible_start_adaptive_spacing,0.5,,True,auto_from_instance,0.75,0.35,"1,5,7,9,12,17,19,21,27,29,35,37,39,42,44,47,49,50,52","5,12,15,16,17,18,20,21,22,24,26,27,32",,,,,,"H[1,5,7,9,12,15,17,19,21,25,27,29,35,37,39,42,44,47,49,50,52]|V[5,12,15,16,17,18,20,21,22,24,25,26,27,32]",24e93b3467ee5334276be59c5b6e878bb2e06a66
proposed_nsga2_bs_Gyorgy-KOVACS_WH_Narrow_AW_4_seed_102,proposed_nsga2_bs,Gyorgy-KOVACS_WH_Narrow_AW_4,102,15,auto_from_instance,12,18,4,30,216,,,,,12,5,8,root > V:17 > BH:27 > BH:49 > BH:39 > BH:29 > BH:17 > BH:7 > BV:25,selected,1,inf,True,648,237,411,544.0,1.0,1.0,True,True,1,1,0,True,1,1,0,0,True,True,0,19,14,19,14,5,LS_SS,sampled_pool,,,True,0.8888888888888888,0.9484068406851938,0.11111111111111116,0.1,adaptive,break_symmetry,offspring,random_feasible_start_no_adaptive_spacing,,,,feasible_start_adaptive_spacing,0.5,,True,auto_from_instance,0.75,0.35,"1,5,7,9,12,17,19,21,27,29,35,37,39,42,44,47,49,50,52","5,12,15,16,17,18,20,21,22,24,26,27,32",,,,,,"H[1,5,7,9,12,17,19,21,27,29,35,37,39,42,44,47,49,50,52]|V[5,12,15,16,17,18,20,21,22,24,25,26,27,32]",19631d63ec0204b55a5a6d539d26aaf84a80581d
proposed_nsga2_bs_Gyorgy-KOVACS_WH_Narrow_AW_4_seed_102,proposed_nsga2_bs,Gyorgy-KOVACS_WH_Narrow_AW_4,102,15,auto_from_instance,12,18,4,30,216,,,,,13,7,8,root > V:16 > BH:27 > BH:5 > BH:15 > BH:25 > BH:37 > BH:47 > BV:26,selected,0,inf,True,632,246,386,550.0,1.0,1.0,True,True,1,1,0,True,1,1,0,0,True,True,0,21,13,21,13,7,LS_SS,sampled_pool,,,True,0.8888888888888888,0.933274698377118,0.11111111111111116,0.1,adaptive,break_symmetry,offspring,random_feasible_start_no_adaptive_spacing,,,,feasible_start_adaptive_spacing,0.5,,True,auto_from_instance,0.75,0.35,"1,5,7,9,12,17,19,21,27,29,35,37,39,44,47,49,50,52,56","2,12,15,16,17,19,21,22,23,24,26,27,32",,,,,,"H[1,5,7,9,12,15,17,19,21,25,27,29,35,37,39,44,47,49,50,52,56]|V[2,12,15,16,17,19,21,22,23,24,26,27,32]",08ee812bc396556b6550be0bd82f9266dcd2fe55
proposed_nsga2_bs_Gyorgy-KOVACS_WH_Narrow_AW_4_seed_102,proposed_nsga2_bs,Gyorgy-KOVACS_WH_Narrow_AW_4,102,15,auto_from_instance,12,18,4,30,216,,,,,14,7,8,root > V:16 > BH:27 > BH:49 > BH:39 > BH:29 > BH:17 > BH:7 > BV:26,selected,0,inf,True,632,246,386,550.0,1.0,1.0,True,True,1,1,0,True,1,1,0,0,True,True,0,19,13,19,13,7,LS_SS,sampled_pool,,,True,0.8888888888888888,0.933274698377118,0.11111111111111116,0.1,adaptive,break_symmetry,offspring,random_feasible_start_no_adaptive_spacing,,,,feasible_start_adaptive_spacing,0.5,,True,auto_from_instance,0.75,0.35,"1,5,7,9,12,17,19,21,27,29,35,37,39,44,47,49,50,52,56","2,12,15,16,17,19,21,22,23,24,26,27,32",,,,,,"H[1,5,7,9,12,17,19,21,27,29,35,37,39,44,47,49,50,52,56]|V[2,12,15,16,17,19,21,22,23,24,26,27,32]",660d9dab711cc8220a7c4152b9d81284ad744a59
proposed_nsga2_bs_Gyorgy-KOVACS_WH_Narrow_AW_4_seed_102,proposed_nsga2_bs,Gyorgy-KOVACS_WH_Narrow_AW_4,102,15,auto_from_instance,12,18,4,30,216,,,,,15,7,8,root > V:16 > BH:27 > BH:5 > BH:15 > BH:25 > BH:37 > BH:47 > BV:24,selected,1,inf,True,632,246,386,628.0,1.0,1.0,True,True,1,1,0,True,1,1,0,0,True,True,0,21,13,21,13,7,LS_SS,sampled_pool,,,True,0.8888888888888888,0.933274698377118,0.11111111111111116,0.1,adaptive,break_symmetry,offspring,random_feasible_start_no_adaptive_spacing,,,,feasible_start_adaptive_spacing,0.5,,True,auto_from_instance,0.75,0.35,"1,5,7,9,12,17,19,21,27,29,35,37,39,44,47,49,50,52,56","2,12,15,16,17,19,21,22,23,24,26,27,32",,,,,,"H[1,5,7,9,12,15,17,19,21,25,27,29,35,37,39,44,47,49,50,52,56]|V[2,12,15,16,17,19,21,22,23,24,26,27,32]",fe71932ea9ef92cbca4e0b578f20f6e88be50370
proposed_nsga2_bs_Gyorgy-KOVACS_WH_Narrow_AW_4_seed_102,proposed_nsga2_bs,Gyorgy-KOVACS_WH_Narrow_AW_4,102,15,auto_from_instance,12,18,4,30,216,,,,,16,7,8,root > V:16 > BH:27 > BH:49 > BH:39 > BH:29 > BH:17 > BH:7 > BV:24,selected,1,inf,True,632,246,386,628.0,1.0,1.0,True,True,1,1,0,True,1,1,0,0,True,True,0,19,13,19,13,7,LS_SS,sampled_pool,,,True,0.8888888888888888,0.933274698377118,0.11111111111111116,0.1,adaptive,break_symmetry,offspring,random_feasible_start_no_adaptive_spacing,,,,feasible_start_adaptive_spacing,0.5,,True,auto_from_instance,0.75,0.35,"1,5,7,9,12,17,19,21,27,29,35,37,39,44,47,49,50,52,56","2,12,15,16,17,19,21,22,23,24,26,27,32",,,,,,"H[1,5,7,9,12,17,19,21,27,29,35,37,39,44,47,49,50,52,56]|V[2,12,15,16,17,19,21,22,23,24,26,27,32]",9696e3fb0a981a3c866440c46c54987a8cf3ab94
proposed_nsga2_bs_Gyorgy-KOVACS_WH_Narrow_AW_4_seed_102,proposed_nsga2_bs,Gyorgy-KOVACS_WH_Narrow_AW_4,102,15,auto_from_instance,12,18,4,30,216,,,,,17,8,11,root > V:22 > BH:27 > BH:5 > BH:17 > BH:29 > BH:41 > BH:53 > BV:30 > BV:30 > BV:30 > BV:30,evaluated,3,inf,False,624,172,452,936.0,1.0,1.0,True,True,1,1,0,True,1,1,0,0,True,True,0,21,12,21,12,8,RP_LS,sampled_pool,,,False,0.8888888888888888,0.8972683690867015,0.11111111111111116,0.1,adaptive,break_symmetry,offspring,random_feasible_start_no_adaptive_spacing,,,,feasible_start_adaptive_spacing,0.5,,True,auto_from_instance,0.75,0.35,"1,5,7,9,12,17,19,21,27,29,35,37,39,42,44,47,49,50,52","5,12,16,17,19,20,21,22,24,25,29",,,,,,"H[1,5,7,9,12,17,19,21,27,29,35,37,39,41,42,44,47,49,50,52,53]|V[5,12,16,17,19,20,21,22,24,25,29,30]",1959127c2c0e6b4eb5a186eddda75cf8277c0cd9
proposed_nsga2_bs_Gyorgy-KOVACS_WH_Narrow_AW_4_seed_102,proposed_nsga2_bs,Gyorgy-KOVACS_WH_Narrow_AW_4,102,15,auto_from_instance,12,18,4,30,216,,,,,18,11,4,root > V:28 > BH:27 > BV:21 > BV:21,evaluated,2,inf,False,680,262,418,576.0,1.0,1.0,True,True,1,1,0,True,1,1,0,0,True,True,0,19,12,19,12,11,LS,sampled_pool,,,False,0.8888888888888888,0.7964536863177312,0.11111111111111116,0.1,adaptive,remove_random_aisle,offspring,random_feasible_start_no_adaptive_spacing,,,,feasible_start_adaptive_spacing,0.5,,True,auto_from_instance,0.75,0.35,"1,5,7,9,12,17,19,21,27,29,35,37,39,42,44,47,49,50,52","5,12,15,16,17,20,21,22,23,24,25,28",,,,,,"H[1,5,7,9,12,17,19,21,27,29,35,37,39,42,44,47,49,50,52]|V[5,12,15,16,17,20,21,22,23,24,25,28]",67a6f4f8f954f77d80a9f7aeff15d9041dc361bd
proposed_nsga2_bs_Gyorgy-KOVACS_WH_Narrow_AW_4_seed_102,proposed_nsga2_bs,Gyorgy-KOVACS_WH_Narrow_AW_4,102,15,auto_from_instance,12,18,4,30,216,,,,,19,11,4,root > V:28 > BH:27 > BV:17 > BV:21,evaluated,2,inf,False,680,262,418,576.0,1.0,1.0,True,True,1,1,0,True,1,1,0,0,True,True,0,19,12,19,12,11,LS,sampled_pool,,,False,0.8888888888888888,0.7964536863177312,0.11111111111111116,0.1,adaptive,remove_random_aisle,offspring,random_feasible_start_no_adaptive_spacing,,,,feasible_start_adaptive_spacing,0.5,,True,auto_from_instance,0.75,0.35,"1,5,7,9,12,17,19,21,27,29,35,37,39,42,44,47,49,50,52","5,12,15,16,17,20,21,22,23,24,25,28",,,,,,"H[1,5,7,9,12,17,19,21,27,29,35,37,39,42,44,47,49,50,52]|V[5,12,15,16,17,20,21,22,23,24,25,28]",0cf129bcce89e5f8a26de7d155210a53886c00dc
proposed_nsga2_bs_Gyorgy-KOVACS_WH_Narrow_AW_4_seed_102,proposed_nsga2_bs,Gyorgy-KOVACS_WH_Narrow_AW_4,102,16,auto_from_instance,12,18,4,30,216,,,,,1,1,4,root > V:28 > BH:27 > BV:19 > BV:19,selected,0,inf,True,680,262,418,472.0,1.0,1.0,True,True,1,1,0,True,1,1,0,0,True,True,0,18,11,18,11,1,PF_RP,sampled_pool,,,False,0.9444444444444444,0.9843250848828383,0.1,0.1,adaptive,bit_flip,offspring,random_feasible_start_no_adaptive_spacing,,,,feasible_start_adaptive_spacing,0.5,,True,auto_from_instance,0.75,0.35,"1,5,7,9,12,19,21,27,29,35,37,39,44,47,49,50,52,56","2,12,16,17,19,22,23,24,25,28,32",,,,,,"H[1,5,7,9,12,19,21,27,29,35,37,39,44,47,49,50,52,56]|V[2,12,16,17,19,22,23,24,25,28,32]",fc4825140fa5e2560776b4b932f5ef46c1588f36
proposed_nsga2_bs_Gyorgy-KOVACS_WH_Narrow_AW_4_seed_102,proposed_nsga2_bs,Gyorgy-KOVACS_WH_Narrow_AW_4,102,16,auto_from_instance,12,18,4,30,216,,,,,2,1,4,root > V:28 > BH:27 > BV:19 > BV:21,selected,1,inf,True,680,262,418,524.0,1.0,1.0,True,True,1,1,0,True,1,1,0,0,True,True,0,18,12,18,12,1,PF_RP,sampled_pool,,,False,0.9444444444444444,0.9843250848828383,0.1,0.1,adaptive,bit_flip,offspring,random_feasible_start_no_adaptive_spacing,,,,feasible_start_adaptive_spacing,0.5,,True,auto_from_instance,0.75,0.35,"1,5,7,9,12,19,21,27,29,35,37,39,44,47,49,50,52,56","2,12,16,17,19,22,23,24,25,28,32",,,,,,"H[1,5,7,9,12,19,21,27,29,35,37,39,44,47,49,50,52,56]|V[2,12,16,17,19,21,22,23,24,25,28,32]",334779b46d5c288ee3031362a71af20db7b63dd5
proposed_nsga2_bs_Gyorgy-KOVACS_WH_Narrow_AW_4_seed_102,proposed_nsga2_bs,Gyorgy-KOVACS_WH_Narrow_AW_4,102,16,auto_from_instance,12,18,4,30,216,,,,,3,1,4,root > V:28 > BH:27 > BV:19 > BV:21,selected,1,0.0,True,680,262,418,524.0,1.0,1.0,True,True,1,1,0,True,1,1,0,0,True,True,0,18,12,18,12,1,PF_RP,sampled_pool,,,False,0.9444444444444444,0.9843250848828383,0.1,0.1,adaptive,bit_flip,offspring,random_feasible_start_no_adaptive_spacing,,,,feasible_start_adaptive_spacing,0.5,,True,auto_from_instance,0.75,0.35,"1,5,7,9,12,19,21,27,29,35,37,39,44,47,49,50,52,56","2,12,16,17,19,22,23,24,25,28,32",,,,,,"H[1,5,7,9,12,19,21,27,29,35,37,39,44,47,49,50,52,56]|V[2,12,16,17,19,21,22,23,24,25,28,32]",8f2926ac3d427dac9f2e22e7dbb4782d03fe71f9
proposed_nsga2_bs_Gyorgy-KOVACS_WH_Narrow_AW_4_seed_102,proposed_nsga2_bs,Gyorgy-KOVACS_WH_Narrow_AW_4,102,16,auto_from_instance,12,18,4,30,216,,,,,4,1,4,root > V:28 > BH:27 > BV:19 > BV:17,selected,1,0.8506493506493507,True,680,262,418,524.0,1.0,1.0,True,True,1,1,0,True,1,1,0,0,True,True,0,18,11,18,11,1,PF_RP,sampled_pool,,,False,0.9444444444444444,0.9843250848828383,0.1,0.1,adaptive,bit_flip,offspring,random_feasible_start_no_adaptive_spacing,,,,feasible_start_adaptive_spacing,0.5,,True,auto_from_instance,0.75,0.35,"1,5,7,9,12,19,21,27,29,35,37,39,44,47,49,50,52,56","2,12,16,17,19,22,23,24,25,28,32",,,,,,"H[1,5,7,9,12,19,21,27,29,35,37,39,44,47,49,50,52,56]|V[2,12,16,17,19,22,23,24,25,28,32]",c3a8d798cccc0ae6137f5d1801f12286f82d75a7
proposed_nsga2_bs_Gyorgy-KOVACS_WH_Narrow_AW_4_seed_102,proposed_nsga2_bs,Gyorgy-KOVACS_WH_Narrow_AW_4,102,16,auto_from_instance,12,18,4,30,216,,,,,5,2,8,root > V:17 > BH:27 > BH:5 > BH:15 > BH:25 > BH:37 > BH:47 > BV:27,selected,0,2.347894937190712,True,648,237,411,490.0,1.0,1.0,True,True,1,1,0,True,1,1,0,0,True,True,0,22,13,22,13,2,PF_LS_RP,sampled_pool,,,False,0.9444444444444444,0.791041295831704,0.1,0.1,adaptive,break_symmetry,offspring,random_feasible_start_no_adaptive_spacing,,,,feasible_start_adaptive_spacing,0.5,,True,auto_from_instance,0.75,0.35,"1,5,7,9,12,17,19,21,27,29,35,37,39,42,44,47,49,50,51,56","2,12,16,17,19,20,21,22,23,24,26,27,32",,,,,,"H[1,5,7,9,12,15,17,19,21,25,27,29,35,37,39,42,44,47,49,50,51,56]|V[2,12,16,17,19,20,21,22,23,24,26,27,32]",3ab80a1d8e68880e815ad780c83cfc2449e7f93f
proposed_nsga2_bs_Gyorgy-KOVACS_WH_Narrow_AW_4_seed_102,proposed_nsga2_bs,Gyorgy-KOVACS_WH_Narrow_AW_4,102,16,auto_from_instance,12,18,4,30,216,,,,,6,2,8,root > V:17 > BH:27 > BH:49 > BH:39 > BH:29 > BH:17 > BH:7 > BV:27,selected,0,inf,True,648,237,411,490.0,1.0,1.0,True,True,1,1,0,True,1,1,0,0,True,True,0,20,13,20,13,2,PF_LS_RP,sampled_pool,,,False,0.9444444444444444,0.791041295831704,0.1,0.1,adaptive,break_symmetry,offspring,random_feasible_start_no_adaptive_spacing,,,,feasible_start_adaptive_spacing,0.5,,True,auto_from_instance,0.75,0.35,"1,5,7,9,12,17,19,21,27,29,35,37,39,42,44,47,49,50,51,56","2,12,16,17,19,20,21,22,23,24,26,27,32",,,,,,"H[1,5,7,9,12,17,19,21,27,29,35,37,39,42,44,47,49,50,51,56]|V[2,12,16,17,19,20,21,22,23,24,26,27,32]",451b31cd7494c0e29ac39737991e84853f054397
proposed_nsga2_bs_Gyorgy-KOVACS_WH_Narrow_AW_4_seed_102,proposed_nsga2_bs,Gyorgy-KOVACS_WH_Narrow_AW_4,102,16,auto_from_instance,12,18,4,30,216,,,,,7,2,8,root > V:17 > BH:27 > BH:5 > BH:15 > BH:25 > BH:37 > BH:47 > BV:25,evaluated,2,inf,False,648,237,411,544.0,1.0,1.0,True,True,1,1,0,True,1,1,0,0,True,True,0,22,14,22,14,2,PF_LS_RP,sampled_pool,,,False,0.9444444444444444,0.791041295831704,0.1,0.1,adaptive,break_symmetry,offspring,random_feasible_start_no_adaptive_spacing,,,,feasible_start_adaptive_spacing,0.5,,True,auto_from_instance,0.75,0.35,"1,5,7,9,12,17,19,21,27,29,35,37,39,42,44,47,49,50,51,56","2,12,16,17,19,20,21,22,23,24,26,27,32",,,,,,"H[1,5,7,9,12,15,17,19,21,25,27,29,35,37,39,42,44,47,49,50,51,56]|V[2,12,16,17,19,20,21,22,23,24,25,26,27,32]",24e93b3467ee5334276be59c5b6e878bb2e06a66
proposed_nsga2_bs_Gyorgy-KOVACS_WH_Narrow_AW_4_seed_102,proposed_nsga2_bs,Gyorgy-KOVACS_WH_Narrow_AW_4,102,16,auto_from_instance,12,18,4,30,216,,,,,8,2,8,root > V:17 > BH:27 > BH:49 > BH:39 > BH:29 > BH:17 > BH:7 > BV:25,evaluated,2,inf,False,648,237,411,544.0,1.0,1.0,True,True,1,1,0,True,1,1,0,0,True,True,0,20,14,20,14,2,PF_LS_RP,sampled_pool,,,False,0.9444444444444444,0.791041295831704,0.1,0.1,adaptive,break_symmetry,offspring,random_feasible_start_no_adaptive_spacing,,,,feasible_start_adaptive_spacing,0.5,,True,auto_from_instance,0.75,0.35,"1,5,7,9,12,17,19,21,27,29,35,37,39,42,44,47,49,50,51,56","2,12,16,17,19,20,21,22,23,24,26,27,32",,,,,,"H[1,5,7,9,12,17,19,21,27,29,35,37,39,42,44,47,49,50,51,56]|V[2,12,16,17,19,20,21,22,23,24,25,26,27,32]",19631d63ec0204b55a5a6d539d26aaf84a80581d
proposed_nsga2_bs_Gyorgy-KOVACS_WH_Narrow_AW_4_seed_102,proposed_nsga2_bs,Gyorgy-KOVACS_WH_Narrow_AW_4,102,16,auto_from_instance,12,18,4,30,216,,,,,9,3,4,root > V:27 > BH:27 > BV:19 > BV:19,selected,1,inf,True,684,260,424,484.0,1.0,1.0,True,True,1,1,0,True,1,1,0,0,True,True,0,19,11,19,11,3,SS_PF_LS,sampled_pool,,,True,0.9444444444444444,0.9019423176771816,0.1,0.1,adaptive,insert_random_aisle,offspring,random_feasible_start_no_adaptive_spacing,,,,feasible_start_adaptive_spacing,0.5,,True,auto_from_instance,0.75,0.35,"1,5,7,9,12,17,19,21,27,29,35,37,39,44,47,49,50,52,56","2,6,12,16,17,19,20,22,24,26,27",,,,,,"H[1,5,7,9,12,17,19,21,27,29,35,37,39,44,47,49,50,52,56]|V[2,6,12,16,17,19,20,22,24,26,27]",9baad5a6d6d08df213ec54891109e23b1069a9a5
proposed_nsga2_bs_Gyorgy-KOVACS_WH_Narrow_AW_4_seed_102,proposed_nsga2_bs,Gyorgy-KOVACS_WH_Narrow_AW_4,102,16,auto_from_instance,12,18,4,30,216,,,,,10,3,4,root > V:27 > BH:27 > BV:17 > BV:19,selected,1,0.0,True,684,260,424,484.0,1.0,1.0,True,True,1,1,0,True,1,1,0,0,True,True,0,19,11,19,11,3,SS_PF_LS,sampled_pool,,,True,0.9444444444444444,0.9019423176771816,0.1,0.1,adaptive,insert_random_aisle,offspring,random_feasible_start_no_adaptive_spacing,,,,feasible_start_adaptive_spacing,0.5,,True,auto_from_instance,0.75,0.35,"1,5,7,9,12,17,19,21,27,29,35,37,39,44,47,49,50,52,56","2,6,12,16,17,19,20,22,24,26,27",,,,,,"H[1,5,7,9,12,17,19,21,27,29,35,37,39,44,47,49,50,52,56]|V[2,6,12,16,17,19,20,22,24,26,27]",7ea492661f4a7d780540a41c5bfc758906148e19
proposed_nsga2_bs_Gyorgy-KOVACS_WH_Narrow_AW_4_seed_102,proposed_nsga2_bs,Gyorgy-KOVACS_WH_Narrow_AW_4,102,16,auto_from_instance,12,18,4,30,216,,,,,11,3,4,root > V:27 > BH:27 > BV:19 > BV:17,selected,1,0.0,True,684,260,424,484.0,1.0,1.0,True,True,1,1,0,True,1,1,0,0,True,True,0,19,11,19,11,3,SS_PF_LS,sampled_pool,,,True,0.9444444444444444,0.9019423176771816,0.1,0.1,adaptive,insert_random_aisle,offspring,random_feasible_start_no_adaptive_spacing,,,,feasible_start_adaptive_spacing,0.5,,True,auto_from_instance,0.75,0.35,"1,5,7,9,12,17,19,21,27,29,35,37,39,44,47,49,50,52,56","2,6,12,16,17,19,20,22,24,26,27",,,,,,"H[1,5,7,9,12,17,19,21,27,29,35,37,39,44,47,49,50,52,56]|V[2,6,12,16,17,19,20,22,24,26,27]",59c55a28d53f47701301421f850890ad1de7d63b
proposed_nsga2_bs_Gyorgy-KOVACS_WH_Narrow_AW_4_seed_102,proposed_nsga2_bs,Gyorgy-KOVACS_WH_Narrow_AW_4,102,16,auto_from_instance,12,18,4,30,216,,,,,12,3,4,root > V:27 > BH:27 > BV:17 > BV:17,selected,1,inf,True,684,260,424,484.0,1.0,1.0,True,True,1,1,0,True,1,1,0,0,True,True,0,19,11,19,11,3,SS_PF_LS,sampled_pool,,,True,0.9444444444444444,0.9019423176771816,0.1,0.1,adaptive,insert_random_aisle,offspring,random_feasible_start_no_adaptive_spacing,,,,feasible_start_adaptive_spacing,0.5,,True,auto_from_instance,0.75,0.35,"1,5,7,9,12,17,19,21,27,29,35,37,39,44,47,49,50,52,56","2,6,12,16,17,19,20,22,24,26,27",,,,,,"H[1,5,7,9,12,17,19,21,27,29,35,37,39,44,47,49,50,52,56]|V[2,6,12,16,17,19,20,22,24,26,27]",6732d5258a9313035bead181283e041def90bbb2
proposed_nsga2_bs_Gyorgy-KOVACS_WH_Narrow_AW_4_seed_102,proposed_nsga2_bs,Gyorgy-KOVACS_WH_Narrow_AW_4,102,16,auto_from_instance,12,18,4,30,216,,,,,13,4,4,root > V:28 > BH:27 > BV:21 > BV:21,evaluated,2,inf,False,680,262,418,576.0,1.0,1.0,True,True,1,1,0,True,1,1,0,0,True,True,0,18,15,18,15,4,PF_LS,sampled_pool,,,False,0.9444444444444444,0.9413330973406522,0.1,0.1,adaptive,insert_random_aisle,offspring,random_feasible_start_no_adaptive_spacing,,,,feasible_start_adaptive_spacing,0.5,,True,auto_from_instance,0.75,0.35,"1,5,7,9,12,19,21,27,29,35,37,39,42,44,47,49,50,52","5,11,15,16,17,19,20,21,22,23,24,25,28,29,32",,,,,,"H[1,5,7,9,12,19,21,27,29,35,37,39,42,44,47,49,50,52]|V[5,11,15,16,17,19,20,21,22,23,24,25,28,29,32]",67a6f4f8f954f77d80a9f7aeff15d9041dc361bd
proposed_nsga2_bs_Gyorgy-KOVACS_WH_Narrow_AW_4_seed_102,proposed_nsga2_bs,Gyorgy-KOVACS_WH_Narrow_AW_4,102,16,auto_from_instance,12,18,4,30,216,,,,,14,4,4,root > V:28 > BH:27 > BV:17 > BV:21,evaluated,2,inf,False,680,262,418,576.0,1.0,1.0,True,True,1,1,0,True,1,1,0,0,True,True,0,18,15,18,15,4,PF_LS,sampled_pool,,,False,0.9444444444444444,0.9413330973406522,0.1,0.1,adaptive,insert_random_aisle,offspring,random_feasible_start_no_adaptive_spacing,,,,feasible_start_adaptive_spacing,0.5,,True,auto_from_instance,0.75,0.35,"1,5,7,9,12,19,21,27,29,35,37,39,42,44,47,49,50,52","5,11,15,16,17,19,20,21,22,23,24,25,28,29,32",,,,,,"H[1,5,7,9,12,19,21,27,29,35,37,39,42,44,47,49,50,52]|V[5,11,15,16,17,19,20,21,22,23,24,25,28,29,32]",0cf129bcce89e5f8a26de7d155210a53886c00dc
proposed_nsga2_bs_Gyorgy-KOVACS_WH_Narrow_AW_4_seed_102,proposed_nsga2_bs,Gyorgy-KOVACS_WH_Narrow_AW_4,102,16,auto_from_instance,12,18,4,30,216,,,,,15,5,8,root > V:16 > BH:27 > BH:5 > BH:15 > BH:25 > BH:37 > BH:47 > BV:26,evaluated,2,1.3367957746478873,False,632,246,386,550.0,1.0,1.0,True,True,1,1,0,True,1,1,0,0,True,True,0,22,13,22,13,5,PF_LS_RP,sampled_pool,,,False,0.9444444444444444,0.8951827940091105,0.1,0.1,adaptive,insert_random_aisle,offspring,random_feasible_start_no_adaptive_spacing,,,,feasible_start_adaptive_spacing,0.5,,True,auto_from_instance,0.75,0.35,"1,5,7,9,12,17,19,21,26,27,29,35,37,39,44,47,49,50,52,56","2,12,15,16,17,19,21,22,23,24,26,27,32",,,,,,"H[1,5,7,9,12,15,17,19,21,25,26,27,29,35,37,39,44,47,49,50,52,56]|V[2,12,15,16,17,19,21,22,23,24,26,27,32]",08ee812bc396556b6550be0bd82f9266dcd2fe55
proposed_nsga2_bs_Gyorgy-KOVACS_WH_Narrow_AW_4_seed_102,proposed_nsga2_bs,Gyorgy-KOVACS_WH_Narrow_AW_4,102,16,auto_from_instance,12,18,4,30,216,,,,,16,5,8,root > V:16 > BH:27 > BH:49 > BH:39 > BH:29 > BH:17 > BH:7 > BV:26,evaluated,2,1.1808626760563379,False,632,246,386,550.0,1.0,1.0,True,True,1,1,0,True,1,1,0,0,True,True,0,20,13,20,13,5,PF_LS_RP,sampled_pool,,,False,0.9444444444444444,0.8951827940091105,0.1,0.1,adaptive,insert_random_aisle,offspring,random_feasible_start_no_adaptive_spacing,,,,feasible_start_adaptive_spacing,0.5,,True,auto_from_instance,0.75,0.35,"1,5,7,9,12,17,19,21,26,27,29,35,37,39,44,47,49,50,52,56","2,12,15,16,17,19,21,22,23,24,26,27,32",,,,,,"H[1,5,7,9,12,17,19,21,26,27,29,35,37,39,44,47,49,50,52,56]|V[2,12,15,16,17,19,21,22,23,24,26,27,32]",660d9dab711cc8220a7c4152b9d81284ad744a59
proposed_nsga2_bs_Gyorgy-KOVACS_WH_Narrow_AW_4_seed_102,proposed_nsga2_bs,Gyorgy-KOVACS_WH_Narrow_AW_4,102,16,auto_from_instance,12,18,4,30,216,,,,,17,5,8,root > V:16 > BH:27 > BH:5 > BH:15 > BH:25 > BH:37 > BH:47 > BV:24,evaluated,4,inf,False,632,246,386,628.0,1.0,1.0,True,True,1,1,0,True,1,1,0,0,True,True,0,22,13,22,13,5,PF_LS_RP,sampled_pool,,,False,0.9444444444444444,0.8951827940091105,0.1,0.1,adaptive,insert_random_aisle,offspring,random_feasible_start_no_adaptive_spacing,,,,feasible_start_adaptive_spacing,0.5,,True,auto_from_instance,0.75,0.35,"1,5,7,9,12,17,19,21,26,27,29,35,37,39,44,47,49,50,52,56","2,12,15,16,17,19,21,22,23,24,26,27,32",,,,,,"H[1,5,7,9,12,15,17,19,21,25,26,27,29,35,37,39,44,47,49,50,52,56]|V[2,12,15,16,17,19,21,22,23,24,26,27,32]",fe71932ea9ef92cbca4e0b578f20f6e88be50370
proposed_nsga2_bs_Gyorgy-KOVACS_WH_Narrow_AW_4_seed_102,proposed_nsga2_bs,Gyorgy-KOVACS_WH_Narrow_AW_4,102,16,auto_from_instance,12,18,4,30,216,,,,,18,5,8,root > V:16 > BH:27 > BH:49 > BH:39 > BH:29 > BH:17 > BH:7 > BV:24,evaluated,4,inf,False,632,246,386,628.0,1.0,1.0,True,True,1,1,0,True,1,1,0,0,True,True,0,20,13,20,13,5,PF_LS_RP,sampled_pool,,,False,0.9444444444444444,0.8951827940091105,0.1,0.1,adaptive,insert_random_aisle,offspring,random_feasible_start_no_adaptive_spacing,,,,feasible_start_adaptive_spacing,0.5,,True,auto_from_instance,0.75,0.35,"1,5,7,9,12,17,19,21,26,27,29,35,37,39,44,47,49,50,52,56","2,12,15,16,17,19,21,22,23,24,26,27,32",,,,,,"H[1,5,7,9,12,17,19,21,26,27,29,35,37,39,44,47,49,50,52,56]|V[2,12,15,16,17,19,21,22,23,24,26,27,32]",9696e3fb0a981a3c866440c46c54987a8cf3ab94
proposed_nsga2_bs_Gyorgy-KOVACS_WH_Narrow_AW_4_seed_102,proposed_nsga2_bs,Gyorgy-KOVACS_WH_Narrow_AW_4,102,16,auto_from_instance,12,18,4,30,216,,,,,19,11,8,root > V:15 > BH:27 > BH:49 > BH:41 > BH:29 > BH:17 > BH:9 > BV:27,selected,1,inf,True,608,261,347,539.0,1.0,1.0,True,True,1,1,0,True,1,1,0,0,True,True,0,19,12,19,12,11,LS_PF,sampled_pool,,,False,0.9444444444444444,0.967338078400806,0.1,0.1,adaptive,remove_random_aisle,offspring,random_feasible_start_no_adaptive_spacing,,,,feasible_start_adaptive_spacing,0.5,,True,auto_from_instance,0.75,0.35,"1,5,7,9,12,17,19,21,27,29,35,37,39,44,47,49,50,52","5,12,15,17,19,21,22,23,24,26,27,32",,,,,,"H[1,5,7,9,12,17,19,21,27,29,35,37,39,41,44,47,49,50,52]|V[5,12,15,17,19,21,22,23,24,26,27,32]",5855b7a2ce0f7102686a835ce8b745d34e7270fe
proposed_nsga2_bs_Gyorgy-KOVACS_WH_Narrow_AW_4_seed_102,proposed_nsga2_bs,Gyorgy-KOVACS_WH_Narrow_AW_4,102,16,auto_from_instance,12,18,4,30,216,,,,,20,11,8,root > V:15 > BH:27 > BH:49 > BH:39 > BH:29 > BH:17 > BH:9 > BV:27,selected,0,inf,True,608,261,347,509.0,1.0,1.0,True,True,1,1,0,True,1,1,0,0,True,True,0,18,12,18,12,11,LS_PF,sampled_pool,,,False,0.9444444444444444,0.967338078400806,0.1,0.1,adaptive,remove_random_aisle,offspring,random_feasible_start_no_adaptive_spacing,,,,feasible_start_adaptive_spacing,0.5,,True,auto_from_instance,0.75,0.35,"1,5,7,9,12,17,19,21,27,29,35,37,39,44,47,49,50,52","5,12,15,17,19,21,22,23,24,26,27,32",,,,,,"H[1,5,7,9,12,17,19,21,27,29,35,37,39,44,47,49,50,52]|V[5,12,15,17,19,21,22,23,24,26,27,32]",fc0563743447995c195c8e655d4713bfa38a660a
proposed_nsga2_bs_Gyorgy-KOVACS_WH_Narrow_AW_4_seed_102,proposed_nsga2_bs,Gyorgy-KOVACS_WH_Narrow_AW_4,102,16,auto_from_instance,12,18,4,30,216,,,,,21,11,8,root > V:15 > BH:27 > BH:49 > BH:41 > BH:29 > BH:17 > BH:9 > BV:25,evaluated,3,inf,False,608,261,347,595.0,1.0,1.0,True,True,1,1,0,True,1,1,0,0,True,True,0,19,13,19,13,11,LS_PF,sampled_pool,,,False,0.9444444444444444,0.967338078400806,0.1,0.1,adaptive,remove_random_aisle,offspring,random_feasible_start_no_adaptive_spacing,,,,feasible_start_adaptive_spacing,0.5,,True,auto_from_instance,0.75,0.35,"1,5,7,9,12,17,19,21,27,29,35,37,39,44,47,49,50,52","5,12,15,17,19,21,22,23,24,26,27,32",,,,,,"H[1,5,7,9,12,17,19,21,27,29,35,37,39,41,44,47,49,50,52]|V[5,12,15,17,19,21,22,23,24,25,26,27,32]",08dfdb08ca75b8739e2c3ffebea5b42db822e898
proposed_nsga2_bs_Gyorgy-KOVACS_WH_Narrow_AW_4_seed_102,proposed_nsga2_bs,Gyorgy-KOVACS_WH_Narrow_AW_4,102,16,auto_from_instance,12,18,4,30,216,,,,,22,11,8,root > V:15 > BH:27 > BH:49 > BH:39 > BH:29 > BH:17 > BH:9 > BV:25,evaluated,2,inf,False,608,261,347,565.0,1.0,1.0,True,True,1,1,0,True,1,1,0,0,True,True,0,18,13,18,13,11,LS_PF,sampled_pool,,,False,0.9444444444444444,0.967338078400806,0.1,0.1,adaptive,remove_random_aisle,offspring,random_feasible_start_no_adaptive_spacing,,,,feasible_start_adaptive_spacing,0.5,,True,auto_from_instance,0.75,0.35,"1,5,7,9,12,17,19,21,27,29,35,37,39,44,47,49,50,52","5,12,15,17,19,21,22,23,24,26,27,32",,,,,,"H[1,5,7,9,12,17,19,21,27,29,35,37,39,44,47,49,50,52]|V[5,12,15,17,19,21,22,23,24,25,26,27,32]",57debfbcb33569e7a9d11cf7896db530f119ad92
proposed_nsga2_bs_Gyorgy-KOVACS_WH_Narrow_AW_4_seed_102,proposed_nsga2_bs,Gyorgy-KOVACS_WH_Narrow_AW_4,102,17,auto_from_instance,12,18,4,30,216,,,,,1,1,4,root > V:28 > BH:27 > BV:19 > BV:19,selected,0,inf,True,680,262,418,472.0,1.0,1.0,True,True,1,1,0,True,1,1,0,0,True,True,0,18,12,18,12,1,SS,sampled_pool,,,True,1.0,1.0,0.1,0.1,adaptive,insert_random_aisle,offspring,random_feasible_start_no_adaptive_spacing,,,,feasible_start_adaptive_spacing,0.5,,True,auto_from_instance,0.75,0.35,"1,5,7,9,12,19,21,27,29,35,37,39,44,47,49,50,52,56","0,2,12,16,17,19,22,23,24,25,28,32",,,,,,"H[1,5,7,9,12,19,21,27,29,35,37,39,44,47,49,50,52,56]|V[0,2,12,16,17,19,22,23,24,25,28,32]",fc4825140fa5e2560776b4b932f5ef46c1588f36
proposed_nsga2_bs_Gyorgy-KOVACS_WH_Narrow_AW_4_seed_102,proposed_nsga2_bs,Gyorgy-KOVACS_WH_Narrow_AW_4,102,17,auto_from_instance,12,18,4,30,216,,,,,2,1,4,root > V:28 > BH:27 > BV:19 > BV:21,selected,1,inf,True,680,262,418,524.0,1.0,1.0,True,True,1,1,0,True,1,1,0,0,True,True,0,18,13,18,13,1,SS,sampled_pool,,,True,1.0,1.0,0.1,0.1,adaptive,insert_random_aisle,offspring,random_feasible_start_no_adaptive_spacing,,,,feasible_start_adaptive_spacing,0.5,,True,auto_from_instance,0.75,0.35,"1,5,7,9,12,19,21,27,29,35,37,39,44,47,49,50,52,56","0,2,12,16,17,19,22,23,24,25,28,32",,,,,,"H[1,5,7,9,12,19,21,27,29,35,37,39,44,47,49,50,52,56]|V[0,2,12,16,17,19,21,22,23,24,25,28,32]",334779b46d5c288ee3031362a71af20db7b63dd5
proposed_nsga2_bs_Gyorgy-KOVACS_WH_Narrow_AW_4_seed_102,proposed_nsga2_bs,Gyorgy-KOVACS_WH_Narrow_AW_4,102,17,auto_from_instance,12,18,4,30,216,,,,,3,1,4,root > V:28 > BH:27 > BV:19 > BV:21,selected,1,0.0,True,680,262,418,524.0,1.0,1.0,True,True,1,1,0,True,1,1,0,0,True,True,0,18,13,18,13,1,SS,sampled_pool,,,True,1.0,1.0,0.1,0.1,adaptive,insert_random_aisle,offspring,random_feasible_start_no_adaptive_spacing,,,,feasible_start_adaptive_spacing,0.5,,True,auto_from_instance,0.75,0.35,"1,5,7,9,12,19,21,27,29,35,37,39,44,47,49,50,52,56","0,2,12,16,17,19,22,23,24,25,28,32",,,,,,"H[1,5,7,9,12,19,21,27,29,35,37,39,44,47,49,50,52,56]|V[0,2,12,16,17,19,21,22,23,24,25,28,32]",8f2926ac3d427dac9f2e22e7dbb4782d03fe71f9
proposed_nsga2_bs_Gyorgy-KOVACS_WH_Narrow_AW_4_seed_102,proposed_nsga2_bs,Gyorgy-KOVACS_WH_Narrow_AW_4,102,17,auto_from_instance,12,18,4,30,216,,,,,4,1,4,root > V:28 > BH:27 > BV:19 > BV:17,selected,1,inf,True,680,262,418,524.0,1.0,1.0,True,True,1,1,0,True,1,1,0,0,True,True,0,18,12,18,12,1,SS,sampled_pool,,,True,1.0,1.0,0.1,0.1,adaptive,insert_random_aisle,offspring,random_feasible_start_no_adaptive_spacing,,,,feasible_start_adaptive_spacing,0.5,,True,auto_from_instance,0.75,0.35,"1,5,7,9,12,19,21,27,29,35,37,39,44,47,49,50,52,56","0,2,12,16,17,19,22,23,24,25,28,32",,,,,,"H[1,5,7,9,12,19,21,27,29,35,37,39,44,47,49,50,52,56]|V[0,2,12,16,17,19,22,23,24,25,28,32]",c3a8d798cccc0ae6137f5d1801f12286f82d75a7
proposed_nsga2_bs_Gyorgy-KOVACS_WH_Narrow_AW_4_seed_102,proposed_nsga2_bs,Gyorgy-KOVACS_WH_Narrow_AW_4,102,17,auto_from_instance,12,18,4,30,216,,,,,5,3,9,root > V:15 > BH:27 > BH:5 > BH:15 > BH:25 > BH:37 > BH:47 > BV:23 > BV:30,selected,0,inf,True,592,261,331,462.0,1.0,1.0,True,True,1,1,0,True,1,1,0,0,True,True,0,22,14,22,14,3,PF_LS_RP,sampled_pool,,,False,1.0,1.0,0.1,0.1,adaptive,spacing_aware_flip,offspring,random_feasible_start_no_adaptive_spacing,,,,feasible_start_adaptive_spacing,0.5,,True,auto_from_instance,0.75,0.35,"1,5,7,9,12,17,19,21,27,29,35,37,39,42,44,47,49,50,51,56","2,6,12,15,17,19,21,22,23,24,26,27,32",,,,,,"H[1,5,7,9,12,15,17,19,21,25,27,29,35,37,39,42,44,47,49,50,51,56]|V[2,6,12,15,17,19,21,22,23,24,26,27,30,32]",9ee2190bb5e677e5dd6004d3c767bf39ff3449fb
proposed_nsga2_bs_Gyorgy-KOVACS_WH_Narrow_AW_4_seed_102,proposed_nsga2_bs,Gyorgy-KOVACS_WH_Narrow_AW_4,102,17,auto_from_instance,12,18,4,30,216,,,,,6,3,9,root > V:15 > BH:27 > BH:49 > BH:39 > BH:29 > BH:17 > BH:7 > BV:23 > BV:30,selected,0,inf,True,592,261,331,462.0,1.0,1.0,True,True,1,1,0,True,1,1,0,0,True,True,0,20,14,20,14,3,PF_LS_RP,sampled_pool,,,False,1.0,1.0,0.1,0.1,adaptive,spacing_aware_flip,offspring,random_feasible_start_no_adaptive_spacing,,,,feasible_start_adaptive_spacing,0.5,,True,auto_from_instance,0.75,0.35,"1,5,7,9,12,17,19,21,27,29,35,37,39,42,44,47,49,50,51,56","2,6,12,15,17,19,21,22,23,24,26,27,32",,,,,,"H[1,5,7,9,12,17,19,21,27,29,35,37,39,42,44,47,49,50,51,56]|V[2,6,12,15,17,19,21,22,23,24,26,27,30,32]",eef866e48d563b788dc6683537da31dffdbde584
proposed_nsga2_bs_Gyorgy-KOVACS_WH_Narrow_AW_4_seed_102,proposed_nsga2_bs,Gyorgy-KOVACS_WH_Narrow_AW_4,102,17,auto_from_instance,12,18,4,30,216,,,,,7,4,4,root > V:27 > BH:27 > BV:19 > BV:19,selected,1,inf,True,684,260,424,484.0,1.0,1.0,True,True,1,1,0,True,1,1,0,0,True,True,0,18,13,18,13,4,SS_LS_PF,sampled_pool,,,True,1.0,0.9525488950241422,0.1,0.1,adaptive,swap_segments,offspring,random_feasible_start_no_adaptive_spacing,,,,feasible_start_adaptive_spacing,0.5,,True,auto_from_instance,0.75,0.35,"1,5,7,9,12,13,17,19,21,27,35,37,39,44,47,49,50,52","5,12,16,17,19,20,21,22,23,24,26,27,32",,,,,,"H[1,5,7,9,12,13,17,19,21,27,35,37,39,44,47,49,50,52]|V[5,12,16,17,19,20,21,22,23,24,26,27,32]",9baad5a6d6d08df213ec54891109e23b1069a9a5
proposed_nsga2_bs_Gyorgy-KOVACS_WH_Narrow_AW_4_seed_102,proposed_nsga2_bs,Gyorgy-KOVACS_WH_Narrow_AW_4,102,17,auto_from_instance,12,18,4,30,216,,,,,8,4,4,root > V:27 > BH:27 > BV:17 > BV:19,selected,1,0.0,True,684,260,424,484.0,1.0,1.0,True,True,1,1,0,True,1,1,0,0,True,True,0,18,13,18,13,4,SS_LS_PF,sampled_pool,,,True,1.0,0.9525488950241422,0.1,0.1,adaptive,swap_segments,offspring,random_feasible_start_no_adaptive_spacing,,,,feasible_start_adaptive_spacing,0.5,,True,auto_from_instance,0.75,0.35,"1,5,7,9,12,13,17,19,21,27,35,37,39,44,47,49,50,52","5,12,16,17,19,20,21,22,23,24,26,27,32",,,,,,"H[1,5,7,9,12,13,17,19,21,27,35,37,39,44,47,49,50,52]|V[5,12,16,17,19,20,21,22,23,24,26,27,32]",7ea492661f4a7d780540a41c5bfc758906148e19
proposed_nsga2_bs_Gyorgy-KOVACS_WH_Narrow_AW_4_seed_102,proposed_nsga2_bs,Gyorgy-KOVACS_WH_Narrow_AW_4,102,17,auto_from_instance,12,18,4,30,216,,,,,9,4,4,root > V:27 > BH:27 > BV:19 > BV:17,selected,1,0.0,True,684,260,424,484.0,1.0,1.0,True,True,1,1,0,True,1,1,0,0,True,True,0,18,13,18,13,4,SS_LS_PF,sampled_pool,,,True,1.0,0.9525488950241422,0.1,0.1,adaptive,swap_segments,offspring,random_feasible_start_no_adaptive_spacing,,,,feasible_start_adaptive_spacing,0.5,,True,auto_from_instance,0.75,0.35,"1,5,7,9,12,13,17,19,21,27,35,37,39,44,47,49,50,52","5,12,16,17,19,20,21,22,23,24,26,27,32",,,,,,"H[1,5,7,9,12,13,17,19,21,27,35,37,39,44,47,49,50,52]|V[5,12,16,17,19,20,21,22,23,24,26,27,32]",59c55a28d53f47701301421f850890ad1de7d63b
proposed_nsga2_bs_Gyorgy-KOVACS_WH_Narrow_AW_4_seed_102,proposed_nsga2_bs,Gyorgy-KOVACS_WH_Narrow_AW_4,102,17,auto_from_instance,12,18,4,30,216,,,,,10,4,4,root > V:27 > BH:27 > BV:17 > BV:17,selected,1,inf,True,684,260,424,484.0,1.0,1.0,True,True,1,1,0,True,1,1,0,0,True,True,0,18,13,18,13,4,SS_LS_PF,sampled_pool,,,True,1.0,0.9525488950241422,0.1,0.1,adaptive,swap_segments,offspring,random_feasible_start_no_adaptive_spacing,,,,feasible_start_adaptive_spacing,0.5,,True,auto_from_instance,0.75,0.35,"1,5,7,9,12,13,17,19,21,27,35,37,39,44,47,49,50,52","5,12,16,17,19,20,21,22,23,24,26,27,32",,,,,,"H[1,5,7,9,12,13,17,19,21,27,35,37,39,44,47,49,50,52]|V[5,12,16,17,19,20,21,22,23,24,26,27,32]",6732d5258a9313035bead181283e041def90bbb2
proposed_nsga2_bs_Gyorgy-KOVACS_WH_Narrow_AW_4_seed_102,proposed_nsga2_bs,Gyorgy-KOVACS_WH_Narrow_AW_4,102,17,auto_from_instance,12,18,4,30,216,,,,,11,5,8,root > V:15 > BH:27 > BH:49 > BH:41 > BH:29 > BH:17 > BH:9 > BV:27,evaluated,2,inf,False,608,261,347,539.0,1.0,1.0,True,True,1,1,0,True,1,1,0,0,True,True,0,21,13,21,13,5,PF,sampled_pool,,,False,1.0,0.9355801814358893,0.1,0.1,adaptive,spacing_aware_flip,offspring,random_feasible_start_no_adaptive_spacing,,,,feasible_start_adaptive_spacing,0.5,,True,auto_from_instance,0.75,0.35,"1,5,7,9,12,17,19,21,27,29,35,37,39,42,44,47,49,50,51,55","2,5,12,15,17,19,21,22,23,24,26,27,32",,,,,,"H[1,5,7,9,12,17,19,21,27,29,35,37,39,41,42,44,47,49,50,51,55]|V[2,5,12,15,17,19,21,22,23,24,26,27,32]",5855b7a2ce0f7102686a835ce8b745d34e7270fe
proposed_nsga2_bs_Gyorgy-KOVACS_WH_Narrow_AW_4_seed_102,proposed_nsga2_bs,Gyorgy-KOVACS_WH_Narrow_AW_4,102,17,auto_from_instance,12,18,4,30,216,,,,,12,5,8,root > V:15 > BH:27 > BH:49 > BH:39 > BH:29 > BH:17 > BH:9 > BV:27,selected,1,inf,True,608,261,347,509.0,1.0,1.0,True,True,1,1,0,True,1,1,0,0,True,True,0,20,13,20,13,5,PF,sampled_pool,,,False,1.0,0.9355801814358893,0.1,0.1,adaptive,spacing_aware_flip,offspring,random_feasible_start_no_adaptive_spacing,,,,feasible_start_adaptive_spacing,0.5,,True,auto_from_instance,0.75,0.35,"1,5,7,9,12,17,19,21,27,29,35,37,39,42,44,47,49,50,51,55","2,5,12,15,17,19,21,22,23,24,26,27,32",,,,,,"H[1,5,7,9,12,17,19,21,27,29,35,37,39,42,44,47,49,50,51,55]|V[2,5,12,15,17,19,21,22,23,24,26,27,32]",fc0563743447995c195c8e655d4713bfa38a660a
proposed_nsga2_bs_Gyorgy-KOVACS_WH_Narrow_AW_4_seed_102,proposed_nsga2_bs,Gyorgy-KOVACS_WH_Narrow_AW_4,102,17,auto_from_instance,12,18,4,30,216,,,,,13,5,8,root > V:15 > BH:27 > BH:49 > BH:41 > BH:29 > BH:17 > BH:9 > BV:25,evaluated,4,inf,False,608,261,347,595.0,1.0,1.0,True,True,1,1,0,True,1,1,0,0,True,True,0,21,14,21,14,5,PF,sampled_pool,,,False,1.0,0.9355801814358893,0.1,0.1,adaptive,spacing_aware_flip,offspring,random_feasible_start_no_adaptive_spacing,,,,feasible_start_adaptive_spacing,0.5,,True,auto_from_instance,0.75,0.35,"1,5,7,9,12,17,19,21,27,29,35,37,39,42,44,47,49,50,51,55","2,5,12,15,17,19,21,22,23,24,26,27,32",,,,,,"H[1,5,7,9,12,17,19,21,27,29,35,37,39,41,42,44,47,49,50,51,55]|V[2,5,12,15,17,19,21,22,23,24,25,26,27,32]",08dfdb08ca75b8739e2c3ffebea5b42db822e898
proposed_nsga2_bs_Gyorgy-KOVACS_WH_Narrow_AW_4_seed_102,proposed_nsga2_bs,Gyorgy-KOVACS_WH_Narrow_AW_4,102,17,auto_from_instance,12,18,4,30,216,,,,,14,5,8,root > V:15 > BH:27 > BH:49 > BH:39 > BH:29 > BH:17 > BH:9 > BV:25,evaluated,3,inf,False,608,261,347,565.0,1.0,1.0,True,True,1,1,0,True,1,1,0,0,True,True,0,20,14,20,14,5,PF,sampled_pool,,,False,1.0,0.9355801814358893,0.1,0.1,adaptive,spacing_aware_flip,offspring,random_feasible_start_no_adaptive_spacing,,,,feasible_start_adaptive_spacing,0.5,,True,auto_from_instance,0.75,0.35,"1,5,7,9,12,17,19,21,27,29,35,37,39,42,44,47,49,50,51,55","2,5,12,15,17,19,21,22,23,24,26,27,32",,,,,,"H[1,5,7,9,12,17,19,21,27,29,35,37,39,42,44,47,49,50,51,55]|V[2,5,12,15,17,19,21,22,23,24,25,26,27,32]",57debfbcb33569e7a9d11cf7896db530f119ad92
proposed_nsga2_bs_Gyorgy-KOVACS_WH_Narrow_AW_4_seed_102,proposed_nsga2_bs,Gyorgy-KOVACS_WH_Narrow_AW_4,102,17,auto_from_instance,12,18,4,30,216,,,,,15,7,4,root > V:28 > BH:27 > BV:21 > BV:21,selected,2,inf,True,680,262,418,576.0,1.0,1.0,True,True,1,1,0,True,1,1,0,0,True,True,0,19,13,19,13,7,PF_LS,sampled_pool,,,False,1.0,1.0,0.1,0.1,adaptive,break_symmetry,offspring,random_feasible_start_no_adaptive_spacing,,,,feasible_start_adaptive_spacing,0.5,,True,auto_from_instance,0.75,0.35,"1,5,7,9,12,19,21,27,29,35,37,39,42,44,47,49,50,51,56","2,12,16,17,19,20,21,22,23,24,25,28,33",,,,,,"H[1,5,7,9,12,19,21,27,29,35,37,39,42,44,47,49,50,51,56]|V[2,12,16,17,19,20,21,22,23,24,25,28,33]",67a6f4f8f954f77d80a9f7aeff15d9041dc361bd
proposed_nsga2_bs_Gyorgy-KOVACS_WH_Narrow_AW_4_seed_102,proposed_nsga2_bs,Gyorgy-KOVACS_WH_Narrow_AW_4,102,17,auto_from_instance,12,18,4,30,216,,,,,16,7,4,root > V:28 > BH:27 > BV:17 > BV:21,evaluated,2,inf,False,680,262,418,576.0,1.0,1.0,True,True,1,1,0,True,1,1,0,0,True,True,0,19,13,19,13,7,PF_LS,sampled_pool,,,False,1.0,1.0,0.1,0.1,adaptive,break_symmetry,offspring,random_feasible_start_no_adaptive_spacing,,,,feasible_start_adaptive_spacing,0.5,,True,auto_from_instance,0.75,0.35,"1,5,7,9,12,19,21,27,29,35,37,39,42,44,47,49,50,51,56","2,12,16,17,19,20,21,22,23,24,25,28,33",,,,,,"H[1,5,7,9,12,19,21,27,29,35,37,39,42,44,47,49,50,51,56]|V[2,12,16,17,19,20,21,22,23,24,25,28,33]",0cf129bcce89e5f8a26de7d155210a53886c00dc
